id,freq,e_f,e_m,type
18817261,0.0604,0.000938126,-0.0460848,m1
18957757,0.0082,-0.090703,-0.0526754,m1
18943443,0.0402,0.0299331,0.0138482,m1
5490354,1.0,-0.03382,-0.0295434,m1
18999407,0.0019,0.146853,0.146552,m1
19000337,0.0004,-0.019096,-0.0342579,m1
19000920,0.0005,0.00390123,-0.0169153,m1
9943,1.0,-0.00123077,-0.0315988,m1
18894225,0.0291,-0.0105457,-0.00638351,m1
13984411,1.0,0.0349909,0.0438154,m1
18949054,0.0276,-0.0207091,-0.0345192,m1
4565090,1.0,-0.0103801,-0.0486693,m1
18990764,0.0168,-0.0484946,-0.0261481,m1
18996945,0.0007,0.0311963,-0.00857592,m1
1943737,1.0,-0.0165715,0.00457365,m1
17630903,0.7905,-0.0150136,-0.0185725,m1
19001081,0.0001,-0.0216683,-0.0244531,m1
11194192,1.0,0.0537636,0.0178808,m1
18342840,0.0002,0.0170859,0.0502924,m1
18999578,0.0012,-0.0182005,-0.00925145,m1
7056627,1.0,0.00174695,-0.00746369,m1
7883446,1.0,-0.0795213,-0.107945,m1
11343689,1.0,0.0141766,0.012562,m1
17391193,1.0,-0.0105052,-0.0375047,m1
12673024,1.0,0.00783805,-0.00131864,m1
10567035,1.0,0.087555,0.0584487,m1
18996164,0.0027,0.0190404,0.00282421,m1
7923854,1.0,0.0545575,0.0552616,m1
19001071,0.0001,-0.0181405,-0.0212716,m1
3102989,1.0,-0.0198703,-0.00508951,m1
1159755,1.0,-0.0316648,-0.0674692,m1
18547285,0.6271,0.0416524,0.0018738,m1
9610841,1.0,-0.0264234,-0.00758218,m1
1717295,1.0,-0.0144934,-0.0218,m1
14196217,1.0,0.0363935,0.0395989,m1
18943963,0.0012,0.0835261,0.0609306,m1
1066235,1.0,-0.098881,-0.0781465,m1
9242161,1.0,0.0302604,0.0556881,m1
18996142,0.0067,-0.0249235,0.00726304,m1
18999376,0.0033,0.148989,0.0907847,m1
18994591,0.0012,0.00636355,-0.019915,m1
17923667,0.2093,0.0200839,0.0129965,m1
18824709,0.0002,0.0454121,0.0434457,m1
18872052,0.17,0.0100938,-0.0268639,m1
18917183,0.0127,-0.04796,-0.0523033,m1
18937248,0.0379,0.0210505,0.0216513,m1
8458543,1.0,0.00124995,0.0121347,m1
18998600,0.0004,-0.0220966,-0.0299001,m1
13695597,1.0,0.0150526,0.0399897,m1
19000693,0.0005,0.03878,0.0172297,m1
18992459,0.0035,0.0753059,0.0664294,m1
10865761,1.0,0.0280747,0.0135852,m1
18949770,0.0205,0.0185343,0.0502508,m1
9963454,1.0,-0.0203546,-0.0258703,m1
19000849,0.0005,0.102161,0.0755053,m1
16365573,1.0,0.00268586,-0.0178232,m1
15597416,1.0,0.0412427,0.0444411,m1
18092600,0.0002,0.00452133,0.0128262,m1
19001031,0.0001,-0.0549443,-0.04549,m1
18952419,0.0252,0.049898,0.0211334,m1
15461677,1.0,-0.00203332,0.01741,m1
19001029,0.0001,-0.00845829,-0.00840459,m1
8264032,1.0,-0.0543749,-0.05056,m1
10854041,1.0,-0.0916139,-0.076031,m1
17589541,0.7905,-0.0106574,0.0226856,m1
18964139,0.0179,-0.102587,-0.123088,m1
18271183,0.7905,0.0253472,0.0503036,m1
19000447,0.0005,-0.00758594,0.00546892,m1
18897350,0.0349,0.0197028,0.0335704,m1
9888657,1.0,0.108095,0.0892342,m1
18987739,0.0005,0.0213292,0.013827,m1
18996497,0.0018,0.0243112,0.00979258,m1
6812612,1.0,-0.000310927,-0.0127323,m1
17759745,0.7905,0.025401,0.0488588,m1
9200379,1.0,-0.012286,0.0250468,m1
7983552,1.0,0.0310936,0.0209306,m1
19000648,0.0004,0.0031179,-0.0189617,m1
8883597,1.0,0.0322682,0.0327378,m1
5296304,1.0,0.0393638,0.0593038,m1
18785278,0.1489,-0.00303907,-0.0176694,m1
15516009,1.0,0.0891845,0.0562389,m1
15851949,1.0,-0.0128874,-0.0129173,m1
12608375,1.0,-0.00433542,-0.0280805,m1
19000816,0.0002,0.0553301,0.0255026,m1
18994529,0.0014,0.00484832,0.00149131,m1
14926023,1.0,0.00239635,0.011417,m1
19000812,0.0003,0.0342088,0.0444611,m1
18653214,0.6271,0.0146561,0.0127773,m1
19001000,0.0001,-0.00503404,-0.0233529,m1
17948896,0.0002,0.000321001,-0.0309204,m1
18949907,0.0127,0.1029,0.0973576,m1
18735002,0.1634,0.0299021,0.0290239,m1
18749198,0.1489,0.0122073,0.0316217,m1
19000633,0.0003,-0.017877,-0.0158085,m1
10682237,1.0,-0.0526606,-0.0345299,m1
18879452,0.0238,0.0341186,0.0111294,m1
18885895,0.025,0.00209161,0.0237764,m1
5256594,1.0,0.0130659,0.0603966,m1
18936990,0.0349,-0.0939432,-0.112165,m1
13701056,1.0,-0.0713892,-0.0487092,m1
19000989,0.0001,-0.0754866,-0.0878935,m1
16526912,1.0,-0.0323423,-0.0398017,m1
18985438,0.0091,-0.0144707,0.0222992,m1
18993954,0.0016,-0.0252347,0.00825192,m1
18996465,0.0001,0.0566195,0.0594618,m1
16761591,1.0,-0.00216281,-0.0122572,m1
19000980,0.0001,-0.0610542,-0.0465199,m1
5437945,1.0,0.0663479,0.0500895,m1
18598118,0.6271,0.00614473,-0.0048122,m1
18985834,0.0128,-0.0337344,-0.0203345,m1
10122623,1.0,0.0442263,0.0260591,m1
18850384,0.0951,-0.00438921,-3.01247e-05,m1
18978372,0.0114,0.0335942,0.0330055,m1
3542873,1.0,-0.00864705,0.00658099,m1
4004055,1.0,-0.00553374,0.0317507,m1
3710141,1.0,0.0962032,0.0881945,m1
10641648,1.0,0.0424846,0.0428527,m1
12887820,1.0,-0.0173688,-0.0029135,m1
17854979,0.7905,-0.0169827,-0.00279126,m1
19000610,0.0004,0.0274054,0.0258006,m1
3740801,1.0,-0.0676303,-0.114315,m1
1121077,1.0,0.107705,0.0889253,m1
16462053,1.0,-0.00619667,0.00188871,m1
14453958,1.0,-0.0121283,-0.0445887,m1
9885314,1.0,-0.122416,-0.118013,m1
18773111,0.2651,-0.00608021,-0.0078508,m1
15486476,1.0,-0.0840112,-0.0853968,m1
17176001,1.0,0.00443381,-0.000462353,m1
16069283,1.0,0.00545082,0.0385665,m1
8138023,1.0,0.0803329,0.0666913,m1
10236922,1.0,-0.046086,-0.0498238,m1
12917303,1.0,-0.0243213,-0.0363337,m1
19000587,0.0002,-0.0473195,-0.0561462,m1
19000583,0.0001,0.0485549,0.0306748,m1
19000932,0.0001,-0.053448,-0.0674986,m1
18929201,0.008,-0.00191849,-0.0142174,m2
18967740,0.00135,-0.0321004,-0.0342193,m2
18999997,0.00015,-0.0558983,-0.0392115,m2
916177,1.0,0.00302783,0.0159206,m2
18939366,0.0062,-0.00243469,0.00937648,m2
10952263,1.0,-0.00295709,-0.00545935,m2
18798825,0.0585,-0.00410936,0.00602646,m2
18999043,0.00025,-0.00930414,-0.0307206,m2
18784027,0.02835,-0.00172496,0.00465785,m2
18988842,0.0015,0.0221246,0.0244165,m2
18814023,0.03795,-0.000800565,-0.00136942,m2
18857788,0.00665,0.0266094,-0.00435396,m2
19001104,5.0e-05,0.0301742,0.0454839,m2
18509635,0.0056,0.0320903,-0.0121423,m2
18980552,0.0044,0.0183422,0.0278262,m2
19001103,5.0e-05,-0.0716462,-0.0566537,m2
18977588,0.0049,0.0200007,0.0467156,m2
19000553,5.0e-05,0.046194,0.0605363,m2
18999254,0.0003,0.0758079,0.0657726,m2
18996196,0.00025,-0.0154605,-0.0525341,m2
18948115,0.0013,-0.0493327,-0.0512579,m2
18779602,0.0426,-0.021296,-0.0189756,m2
18950804,0.00385,0.0805638,0.0750234,m2
18994445,0.0005,-0.0158928,-0.0342361,m2
18995418,5.0e-05,-0.0313309,-0.023437,m2
18242286,0.0645,0.00625252,-0.000129895,m2
18997880,0.00075,0.0686328,0.080156,m2
16195479,0.36655,0.00643897,-0.0326863,m2
19001102,5.0e-05,-0.083275,-0.0843816,m2
15257051,0.57745,0.00734574,0.000796761,m2
18974611,0.0038,-0.0121161,-0.00766512,m2
19000925,5.0e-05,-0.0810395,-0.0642421,m2
18914373,0.00535,0.0137439,-0.0212688,m2
18701727,0.01225,-0.0944552,-0.0649635,m2
18899192,0.0342,0.00462442,-0.0142263,m2
14928844,0.18935,0.0213964,0.0221931,m2
17437011,0.1367,-0.00176084,0.0138807,m2
19000739,5.0e-05,0.0042116,0.0557332,m2
18998064,0.00015,0.0577008,0.0456511,m2
18965378,0.00165,0.0211709,0.0374245,m2
18989039,0.0021,0.0224587,0.0482586,m2
18939740,0.0181,-0.0463148,-0.0719988,m2
18998063,0.0003,0.0455467,0.0645737,m2
18996773,0.0011,0.095241,0.0861266,m2
18999252,0.0001,-0.00420088,-0.00368726,m2
18998664,0.00065,-0.00805836,-0.0145255,m2
18998842,5.0e-05,-0.0141285,0.00385866,m2
18998265,0.00015,0.135542,0.12543,m2
18996192,0.0011,-0.0310202,-0.0267728,m2
18999995,0.0002,0.0511197,0.0251232,m2
18613935,0.0689,0.00943451,-0.025217,m2
18669569,0.04315,0.00362436,-0.0263366,m2
18999414,0.00025,-0.0328553,-0.0245708,m2
18746716,0.02625,0.00847642,0.0368007,m2
18625987,0.01,0.0133252,-0.0340632,m2
2898320,1.0,0.00149342,-0.00537782,m2
18964041,0.0018,-0.0398761,-0.0151279,m2
19000552,0.00015,0.000340281,-0.0122729,m2
18999993,0.0003,0.0317915,0.0568471,m2
18949236,0.00245,-0.0125053,0.0358756,m2
18997696,5.0e-05,-0.0733274,-0.0710616,m2
19001101,5.0e-05,-0.0153852,-0.00207172,m2
18970543,0.0138,0.00899407,0.019072,m2
18933712,0.0081,-0.0556314,-0.0288352,m2
18999411,0.0003,-0.0917893,-0.0916382,m2
18996016,0.00095,0.0591262,0.028165,m2
18985180,0.0061,-0.0123531,-0.000645804,m2
18999792,0.00025,0.0433984,0.0281999,m2
18996401,0.0016,0.0395469,0.0614306,m2
19001100,5.0e-05,-0.0424527,-0.0104899,m2
18873908,0.0098,-0.0119752,-0.0374896,m2
19001099,5.0e-05,-0.0391759,-0.0234591,m2
18983253,0.00465,-0.0805698,-0.0988463,m2
18999791,0.0002,-0.0633492,-0.0222963,m2
15881976,0.1878,0.00794876,-0.00990236,m2
18994252,0.00035,-0.035067,-0.0256461,m2
18838420,0.00035,-0.0369123,-0.0382725,m2
18961907,0.01165,0.0181229,0.0116295,m2
18797818,0.02875,0.00531792,0.0560131,m2
18996400,0.0034,-0.052492,-0.00680932,m2
18972062,0.00305,-0.0536587,-0.0533468,m2
18002862,0.0265,0.013226,0.0415493,m2
19001098,5.0e-05,0.0119909,-0.0090713,m2
19000152,5.0e-05,-0.0715531,-0.0404898,m2
19000738,0.0001,0.0482626,0.0482329,m2
18272210,0.05265,0.00522669,-0.0013844,m2
19000923,5.0e-05,0.026937,0.0416163,m2
18980131,0.0011,-0.0648542,-0.0709446,m2
18489694,0.00155,0.0705712,0.072583,m2
18970933,0.0069,0.00634943,0.0320465,m2
18710988,0.01485,-0.0273811,-0.00580451,m2
17121663,0.0149,0.0035252,-0.0204156,m2
18991156,0.00235,-0.0661549,-0.0395991,m2
18998457,0.0001,-0.0966895,-0.099992,m2
19000737,0.0001,0.100497,0.0786181,m2
19001097,5.0e-05,0.000735318,-0.0131956,m2
18998838,0.0001,0.110871,0.119134,m2
19001096,5.0e-05,0.019388,0.0506944,m2
18997131,0.00035,0.108795,0.104439,m2
18988238,0.00065,0.0124931,-0.0444856,m2
18993316,0.0002,-0.0320951,-0.0135406,m2
16276744,0.06685,0.0247384,0.0188685,m2
18920046,0.00675,-0.0663044,-0.0691479,m2
18985956,0.00055,-0.0374631,-0.0505692,m2
18963469,0.0007,-0.0424154,0.0202471,m2
18838418,0.00095,-0.0109272,-0.0228884,m2
19001095,5.0e-05,0.0216626,0.034407,m2
18876312,0.013,-0.0960445,-0.0728306,m2
18989215,0.0002,-0.00301314,-0.0479412,m2
18949422,0.00295,-0.0173052,0.0136107,m2
18998837,0.0001,0.0143776,0.0200224,m2
18696608,0.012,-0.0581452,-0.042772,m2
18414609,0.0715,0.0259724,0.0222488,m2
18995412,0.00335,-0.0840181,-0.0587698,m2
18999988,0.00045,0.10047,0.110658,m2
18846324,0.0168,-0.0351697,-0.0512794,m2
18999987,0.00025,0.00129755,0.0235907,m2
3213177,1.0,0.0169869,0.004248,m2
18998658,0.0003,-0.042858,-0.0548554,m2
18214460,0.15125,0.00639682,-0.00710252,m2
18820324,0.00595,0.00305189,0.00889431,m2
19000735,0.0001,-0.020758,0.00347661,m2
18982483,0.0021,0.0610575,0.0671728,m2
19000921,0.0001,0.0591927,0.0368073,m2
18985953,0.00155,-0.0201798,0.0188644,m2
18961534,0.0013,0.000471294,-0.0181778,m2
19000734,0.0002,-0.0521149,-0.037506,m2
18987636,0.001,-0.0165256,-0.023079,m2
18144185,0.04515,-0.011258,-0.0197526,m2
5718543,1.0,0.00972608,0.00329567,m2
16252219,0.5201,-0.0118616,-0.00549478,m2
18201143,0.07215,0.00533547,-0.00753082,m2
18983063,0.0007,-0.0285442,-0.0674241,m2
18913189,0.00895,-0.0101369,0.0077654,m2
18981331,0.00055,-0.020308,-0.00577504,m2
17236186,0.03705,-0.0230579,-0.0152674,m2
18247357,0.2199,0.0217785,0.0170798,m2
19000546,0.0001,0.00909262,0.0082154,m2
17005504,0.0178,0.014797,0.0192946,m2
18938973,0.007,-0.0438005,-0.0425361,m2
18879170,0.0053,-0.0315759,-0.0618083,m2
18383219,0.07775,0.019247,0.0337805,m2
18831599,0.02735,0.00787284,0.0131308,m2
6142377,1.0,0.00665054,0.0122761,m2
18907606,0.016,-0.0494229,-0.0650077,m2
18793117,0.00905,-0.00820352,-0.016259,m2
18998835,0.0005,0.0639337,0.0229182,m2
19001094,5.0e-05,0.00148691,-0.021929,m2
18998453,0.0005,-0.0137124,-0.012784,m2
19000733,5.0e-05,0.0173275,0.0379549,m2
19000919,5.0e-05,0.0326427,0.0103765,m2
18258218,0.0538,0.0323178,-0.00487006,m2
18725998,0.013,-0.0136847,0.00405145,m2
18995617,0.00095,0.0376531,0.0246758,m2
5155479,1.0,-0.00433188,0.0258824,m2
19000331,0.0001,-0.0396822,-0.0237537,m2
18413703,0.14275,-0.0266853,-0.0132982,m2
18972660,0.0021,0.0118699,0.0204596,m2
18543334,0.00615,-0.0250709,-0.00859086,m2
18573836,0.0627,-0.00862085,-0.000936608,m2
19000918,0.00015,-0.0701681,-0.065205,m2
19001093,5.0e-05,-0.100183,-0.0630675,m2
18984589,0.003,0.00153316,-0.00791004,m2
19000916,5.0e-05,0.00411615,0.021898,m2
18994629,0.00195,0.0308161,0.0350737,m2
19001092,5.0e-05,0.0204344,0.0326651,m2
19000915,5.0e-05,0.0754446,0.0543923,m2
18903389,0.0016,-0.00382305,0.00547792,m2
17079191,0.37665,-0.00682868,-0.0105731,m2
18999588,0.00035,-0.00677839,0.0147632,m2
10389011,1.0,-0.0116348,-0.0126204,m2
18990380,0.0007,0.0373231,0.00465979,m2
18997127,0.0004,0.00597071,-0.00309655,m2
18963460,0.0012,-0.0088167,-0.022055,m2
18993695,0.00185,0.0088072,-0.0247099,m2
19001091,5.0e-05,-0.00129222,0.0228735,m2
18950421,0.008,0.00372032,0.00169804,m2
17505180,0.08535,0.001949,-0.00610194,m2
19000146,0.00015,-0.0135208,-0.0353641,m2
19001090,5.0e-05,0.0822683,0.0904169,m2
18997872,5.0e-05,-0.0337506,-0.0534199,m2
18965162,0.00025,0.03293,0.0412723,m2
18995615,0.0007,0.0259046,-0.0156563,m2
18998654,5.0e-05,-0.0114425,0.0381396,m2
18998449,0.00085,-0.0325809,-0.0113805,m2
12799883,0.8994,-0.00136975,-0.00588711,m2
19000144,0.00065,0.0414591,0.0296544,m2
18880871,0.03495,-0.0461445,-0.048625,m2
18975322,0.0021,0.0254157,-0.00865349,m2
18810778,0.00815,-0.0721878,-0.0718904,m2
18984394,0.00405,0.0814969,0.0671185,m2
18699008,0.0124,0.0090713,0.04777,m2
18568049,0.2189,-0.00267953,0.00208828,m2
18975903,0.00725,-0.0739194,-0.0681936,m2
18977211,0.00075,0.0294104,0.0356915,m2
19001089,5.0e-05,-0.0426849,-0.0488558,m2
18682649,0.0663,-0.0321492,-0.00923428,m2
18946602,0.00155,-0.0126409,-0.00810009,m2
19000913,5.0e-05,-0.030277,-0.0300513,m2
19000912,5.0e-05,-0.0441043,-0.0302824,m2
18981100,0.0011,0.0304632,0.0363031,m2
17037165,0.041,-0.0180964,-0.0111573,m2
17740606,0.02235,-0.0117663,-0.0122424,m2
18999585,0.0001,-0.1016,-0.132875,m2
16969610,0.0193,-0.00374737,0.000615157,m2
15318219,0.44175,-0.00832417,-0.00759417,m2
18968834,0.00555,-0.0352839,-0.0334926,m2
19001088,5.0e-05,-0.0470024,-0.00416064,m2
18998256,5.0e-05,8.00247e-05,-0.0395049,m2
19001087,5.0e-05,-0.0559288,-0.0405012,m2
18501089,0.036,0.0100417,0.0172311,m2
18990379,0.00165,0.00529707,0.00492292,m2
19000329,0.0002,-0.0147184,-0.0397976,m2
16924185,0.03785,-0.0446554,-0.0373023,m2
18845195,0.0262,-0.0080516,0.0161509,m2
7934758,1.0,0.0194655,-0.000273851,m2
18672905,0.0725,0.024493,0.00969286,m2
9415918,1.0,0.01299,0.0111338,m2
18975517,0.0059,0.0136049,0.0410409,m2
18836735,0.00465,0.0402661,0.065375,m2
19000730,0.00015,0.0927421,0.0891787,m2
18640685,0.01225,0.000998165,0.0296359,m2
18991335,0.00065,-0.0506665,-0.0516761,m2
18974418,0.00675,-0.0237508,-0.0356475,m2
18959094,0.00405,-0.0431611,-0.0423147,m2
18996181,0.00045,0.0489383,0.0053266,m2
18530028,0.05165,-0.0260836,-0.052458,m2
18031336,0.1776,0.010796,-0.022924,m2
18997123,0.00075,-0.10626,-0.0936173,m2
19000729,0.0001,0.0165798,0.0414544,m2
18993310,0.00045,0.00349057,-0.00310978,m2
18992092,0.00105,-0.0616774,-0.0203485,m2
18941862,0.00255,-0.00263189,-0.0303025,m2
18454865,0.01485,-0.0537516,-0.0606776,m2
18999241,0.0003,0.0443595,0.0391717,m2
18998046,5.0e-05,0.00430034,-0.0131339,m2
6736049,1.0,-0.00843283,0.00222277,m2
18996585,5.0e-05,-0.0569015,-0.053206,m2
19000911,0.0001,0.0603252,0.0952619,m2
18999980,0.0001,0.0540216,0.0726558,m2
18720656,0.0154,0.0120371,0.0289953,m2
453588,1.0,-0.022246,-0.0126917,m2
18996386,0.00025,0.00114435,0.00568762,m2
18826761,0.04215,0.0133893,0.0293175,m2
19000910,0.0001,0.00855765,0.00896066,m2
19000909,5.0e-05,0.0344372,0.0255544,m2
18779766,0.048,0.00563795,-0.00248661,m2
18997492,0.0006,0.0175495,0.0132195,m2
18995998,0.00035,-0.0368016,-0.0345143,m2
18996951,0.00025,0.0173726,0.0189543,m2
18999779,0.0002,0.00399705,-0.00018753,m2
17981887,0.00935,0.0086062,0.00039177,m2
18964396,0.0015,-0.0206447,-0.0126039,m2
18835361,0.0513,-0.0548994,-0.0437961,m2
18975515,0.00075,-0.0575028,-0.0676115,m2
18996753,0.00105,0.104621,0.110227,m2
18998651,0.0007,-0.125824,-0.161294,m2
18994434,0.0017,0.0394467,0.0240738,m2
19001086,5.0e-05,-0.0409645,0.00499644,m2
18883502,0.003,-0.0269855,-0.0290012,m2
19000908,0.0001,-0.00881024,0.0168372,m2
19001085,5.0e-05,0.00370588,-0.000409682,m2
18997867,0.0004,0.00905355,0.0305429,m2
18258798,0.14275,0.0112209,0.00486427,m2
18614128,0.04625,0.0322035,0.0157589,m2
18222757,0.1687,0.00394237,0.0358874,m2
17034443,0.0471,0.0349039,0.00789655,m2
4381608,1.0,0.00404192,0.0205316,m2
18978854,0.0009,-0.0562882,-0.0439024,m2
18996177,0.00055,0.06483,0.0699668,m2
18674867,0.015,0.018601,0.0117346,m2
19000906,5.0e-05,-0.0631401,-0.0955487,m2
19001084,5.0e-05,0.0159191,0.0273086,m2
16650624,0.1115,0.0190697,0.0166655,m2
18999976,0.0001,-0.0582103,-0.0966297,m2
18998446,5.0e-05,-0.0122973,0.00401638,m2
18979745,0.00195,0.00663608,-0.0232385,m2
18964022,0.00385,0.0330114,0.0224321,m2
18996383,0.0003,-0.0182952,-0.0318498,m2
18997304,0.0006,-0.0250861,-0.0381055,m2
19001083,5.0e-05,0.0372616,0.026634,m2
19000724,5.0e-05,-0.0174222,-0.00135519,m2
18989808,0.0003,0.0115473,0.0103921,m2
18866177,0.00165,-0.0287398,-0.0214237,m2
18979742,0.0053,-0.071981,-0.0854255,m2
19001082,5.0e-05,-0.0839061,-0.0777001,m2
19000535,0.00025,0.0371608,0.0140388,m2
18959821,0.00235,-0.0126584,-0.00971194,m2
18975900,0.0008,0.0207121,-0.000717406,m2
18991507,0.00065,0.063979,0.056725,m2
18999973,0.00035,0.0784851,0.0916539,m2
18206037,0.0029,-0.00773068,-0.00846672,m2
18991684,0.0003,-0.0467341,-0.0273784,m2
18979389,0.0012,0.0590285,0.0425588,m2
18958889,0.00325,0.0150674,-0.00571134,m2
18996381,0.0001,0.0369109,0.0251663,m2
18967123,0.0077,0.0389262,0.034094,m2
18947734,0.00365,0.0175243,-0.0162725,m2
18800519,0.01455,-0.0603692,-0.0339794,m2
18998647,0.0007,0.0394122,0.058175,m2
18998042,0.00035,-0.00654331,-0.0221402,m2
18991682,5.0e-05,0.0327158,0.0135113,m2
18999236,0.0003,0.0483724,0.0396643,m2
18695881,0.04505,0.00993924,-0.0411857,m2
18975899,0.01265,-0.0274485,-0.00800189,m2
18999396,0.0002,-0.0206044,0.0288363,m2
18938386,0.01215,0.0381335,0.0398464,m2
18961325,0.0014,-0.000854141,0.0350159,m2
16914344,0.6753,0.00720864,-0.000357219,m2
18986324,0.0003,0.0159556,0.00157077,m2
18999972,0.00015,0.064923,0.0851396,m2
19000534,5.0e-05,-0.076766,-0.0604573,m2
14741893,1.0,-0.0172354,-0.0223377,m2
19000904,5.0e-05,0.020742,0.0357626,m2
804655,1.0,-0.00218004,0.00160259,m2
19000903,5.0e-05,-0.0827151,-0.076064,m2
18908738,0.01325,-0.0629935,-0.0939411,m2
18984576,0.00185,-0.0577991,-0.0665533,m2
19000902,5.0e-05,0.0730252,0.0433066,m2
18887689,0.01095,-0.00215792,-0.00826784,m2
18272942,0.09725,0.000815542,-0.00671799,m2
18664141,0.02075,0.0307054,-0.00396289,m2
18845377,0.00215,0.00969242,0.0159217,m2
18993687,0.00105,-0.0823931,-0.07126,m2
18996578,0.00155,-0.0300196,-0.0131528,m2
18983051,0.003,-0.0301103,-0.0345952,m2
19001080,5.0e-05,-0.00092042,0.00915752,m2
19000901,5.0e-05,-0.0409758,-0.0286692,m2
18995202,0.0007,-0.0648316,-0.0642245,m2
18978115,0.00075,-0.0563999,-0.038687,m2
18998645,0.0001,-0.0484519,-0.0623917,m2
18975122,0.00025,-0.000745531,0.0097728,m2
19000135,0.0004,0.00636593,0.00263929,m2
18963642,0.0119,-0.0223944,-0.0344335,m2
18995602,0.0003,-0.0573783,-0.0378255,m2
18999235,0.0001,0.0822199,0.0485327,m2
18924410,0.00015,-0.0352414,-0.0192688,m2
19000900,5.0e-05,0.0293338,0.041361,m2
18964593,0.00505,0.0759797,0.0870761,m2
19000134,5.0e-05,-0.0379967,-0.0448431,m2
15179568,0.17475,0.0120601,0.0168461,m2
19000530,0.0002,-0.0152284,-0.024439,m2
18958507,0.0008,0.00383441,-0.0490763,m2
18998440,0.0002,0.0255034,0.0156238,m2
18998036,0.00105,-0.0163606,-0.0169954,m2
18995200,0.00095,-0.0103744,-0.0201646,m2
18989201,0.0008,0.000433906,0.041288,m2
6907238,1.0,-0.0183339,-0.0228705,m2
18823949,0.0369,0.000626732,0.012639,m2
18999969,0.00025,0.0337114,-0.0124099,m2
18998642,0.0004,-0.039188,-0.0386335,m2
18989804,0.0006,0.0538619,0.0606689,m2
19000529,0.0002,0.0542583,0.0569957,m2
18972047,0.0013,0.0652434,0.0474634,m2
18859504,0.00385,-0.0555696,-0.0378567,m2
18524075,0.0161,0.00108363,-0.0108065,m2
18985158,0.00225,0.0542968,0.0722335,m2
18818222,0.001,-0.0264756,-0.0295415,m2
18322782,0.1107,-0.0307877,-0.00451531,m2
18997296,0.0006,-0.0218874,-0.00934559,m2
18966519,0.0016,-0.0141273,-0.0653602,m2
16922343,0.10395,0.0244997,0.019777,m2
19000319,5.0e-05,0.085705,0.117388,m2
18999575,0.0002,-0.0181317,-0.00766529,m2
18980320,0.0003,-0.0429128,-0.0456514,m2
18999574,0.00015,-0.0868955,-0.0731726,m2
19000899,0.0001,0.100093,0.105207,m2
18996939,0.0002,-0.0118325,-0.0277962,m2
17360990,0.0483,-0.0312839,-0.0264982,m2
18948857,0.0043,0.0595881,0.0563549,m2
18936340,0.0025,-0.00948856,-0.0299204,m2
18859879,0.00185,-0.0347388,-0.00963457,m2
18995598,0.00015,0.0283924,0.0452657,m2
18997490,0.0014,0.0103779,-0.021922,m2
18945656,0.0027,0.048857,0.0249576,m2
18195849,0.2835,-0.00381547,0.00548794,m2
18640863,0.01755,-0.0110032,0.0409701,m2
19000527,0.00055,0.0129043,0.0336089,m2
18998244,0.00015,0.0293291,0.0344905,m2
18949041,0.00675,0.0152396,0.0558352,m2
18869983,0.01815,-0.0444388,-0.0677842,m2
19000317,5.0e-05,0.000977496,-0.00330946,m2
18972043,0.008,0.0737179,0.070945,m2
19000898,5.0e-05,0.0251207,0.0415316,m2
18966308,0.0001,0.000777938,0.0139256,m2
18999230,0.0001,0.0818366,0.0594099,m2
19001079,5.0e-05,-0.0649309,-0.0519421,m2
18973999,0.00395,0.0441358,0.0583019,m2
19001078,5.0e-05,-0.0136347,-0.0162522,m2
18921352,0.0057,-0.0145201,0.00477255,m2
19001077,5.0e-05,0.00604798,0.0091184,m2
18986519,0.0014,-0.0460048,-0.0311892,m2
18884280,0.0141,0.0481068,0.0606164,m2
19000314,0.00015,0.0873232,0.105472,m2
18991319,0.00095,-0.0500941,-0.078721,m2
19000526,0.0001,-0.0178351,-0.0107687,m2
19000719,5.0e-05,0.00864156,-0.00742188,m2
6867458,1.0,-0.0222776,-0.000223695,m2
18660210,0.0017,0.0588462,0.033598,m2
19001076,5.0e-05,0.0212924,-0.00435153,m2
18994783,0.0002,0.00292849,-0.0495783,m2
18778570,0.02875,0.00489676,0.00211299,m2
19000313,0.00025,0.00927821,0.0466791,m2
19000127,0.0003,-0.0547224,-0.0749702,m2
18960948,0.01345,-0.0601182,-0.0277167,m2
18999226,0.0003,0.00272865,0.015558,m2
18977196,0.00505,-0.0545138,-0.0311741,m2
7140966,1.0,0.0235439,0.00181898,m2
16369956,0.2864,-0.022771,-0.00290013,m2
18213082,0.0408,-0.00173175,-0.0640263,m2
18955152,0.0074,0.0769616,0.0268261,m2
14451179,0.42095,-0.00557001,-0.0101825,m2
4644043,0.2752,-0.000514166,-0.00902636,m2
18999570,0.00035,-0.0589937,-0.0544504,m2
18959634,0.0071,0.0134103,0.0446039,m2
19000718,0.0002,-0.054469,-0.0801914,m2
18929555,0.0012,0.0620002,0.0744916,m2
18994981,0.0002,0.020587,0.0274327,m2
7704121,1.0,-0.0121894,0.0086688,m2
1635682,0.1137,0.0135802,0.0162915,m2
18153054,0.038,0.0336554,0.0452665,m2
19000312,5.0e-05,-0.012403,-0.0282475,m2
18253525,0.119,-0.0133458,-0.0257275,m2
18999388,0.0001,0.00963367,0.0297482,m2
18178055,0.02965,-0.00802126,-0.0304389,m2
18998029,0.0002,-0.138018,-0.123533,m2
18983971,0.00045,-0.0578645,-0.0752824,m2
18995982,0.0003,-0.0653357,-0.0615804,m2
18846296,0.00485,0.0154544,0.00462812,m2
18688693,0.0965,-0.0184865,-0.0572176,m2
18512990,0.21215,-0.0193399,-0.00517857,m2
17956507,0.0016,-0.0108187,-0.0247397,m2
18992703,0.00145,-0.0478196,-0.0294348,m2
18866554,0.01195,0.0595559,0.0564154,m2
18927611,0.00175,0.0155685,0.0715625,m2
17917129,0.078,0.0207601,0.0333187,m2
18954006,0.00105,0.0789836,0.0772645,m2
18999765,0.0002,-0.0103996,0.00655145,m2
18995981,0.00055,-0.0344939,-0.0183833,m2
18990742,0.0016,0.0596056,0.0687066,m2
19001075,5.0e-05,0.0791366,0.0557096,m2
18997678,0.00095,0.0739287,0.0608835,m2
19001074,5.0e-05,-0.071354,-0.024152,m2
18967506,0.00525,-0.0795138,-0.0539742,m2
18339344,0.01425,0.0107839,0.00532902,m2
18999016,0.0001,0.0162841,-0.0145003,m2
18994424,0.0001,0.0372051,0.0585477,m2
19000126,5.0e-05,-0.0395588,-0.0437662,m2
19000897,0.0002,-0.0750439,-0.0697506,m2
18986727,0.00025,0.0328064,0.0428158,m2
18981493,0.00925,-0.00744132,-0.0559723,m2
18966303,0.0101,0.00159821,0.00642504,m2
17140824,0.51905,-0.0101712,-0.0256113,m2
18765359,0.02715,0.00320259,0.0235735,m2
18628027,0.03465,-0.0387786,-0.0413196,m2
15005741,0.63965,0.0133416,0.0134826,m2
18932894,0.00905,-0.0367761,-0.0564043,m2
18028479,0.15395,0.00434494,0.000645905,m2
18992080,0.00155,-0.0441835,-0.0783788,m2
15195758,0.6255,0.00814226,0.000928377,m2
18992700,0.0002,0.00466718,-0.029125,m2
18573027,0.0245,0.0463816,0.0352491,m2
18999763,0.00135,-0.0846565,-0.0512391,m2
19001073,5.0e-05,-0.028742,-4.38686e-05,m2
19000525,0.00035,0.0698284,0.0280277,m2
18999567,0.0003,0.0422771,0.0139657,m2
18999222,0.00015,0.00295448,-0.0157095,m2
18954930,0.0044,-0.0466616,0.0114819,m2
19000125,5.0e-05,0.0170789,0.0158698,m2
18987451,0.00245,0.0161162,0.0402192,m2
14929182,0.0537,-0.00325939,-0.0228898,m2
18817032,0.0146,-0.0338025,-0.0245936,m2
18958880,0.00845,-0.0191441,-0.0141716,m2
18983618,0.00035,-0.0229685,0.00138107,m2
18977732,0.0029,0.0932946,0.110687,m2
18896655,0.00795,0.039066,0.0789668,m2
18975887,0.001,-0.0495543,-0.0451001,m2
18999962,0.00035,0.0196341,0.0311015,m2
16140065,0.1563,-0.0160836,0.00178168,m2
18942247,0.0036,0.0396722,0.0505231,m2
18988212,5.0e-05,0.00333521,-0.0300259,m2
18995190,0.0007,0.0597271,0.0495173,m2
19000895,0.0001,-0.00578029,-0.00469837,m2
18947547,0.00825,0.0158194,0.0108743,m2
15127184,0.6211,-0.0380102,-0.0285932,m2
19000523,5.0e-05,0.0610404,0.0549876,m2
18973990,0.002,-0.0186045,-0.00938384,m2
18988211,0.0052,-0.0243113,-0.00710902,m2
18956783,0.00325,-0.00293431,0.0320203,m2
19000716,5.0e-05,-0.0437864,-0.0694926,m2
18838761,0.02915,-0.0158887,-0.0312529,m2
19000522,5.0e-05,0.0269625,-0.0102777,m2
18999758,0.00045,-0.0236113,-0.019653,m2
18998818,0.0005,-0.030321,-0.0364501,m2
18995788,0.00015,-0.021701,0.0320456,m2
19000715,0.00015,-0.0273151,-0.0305863,m2
19000520,0.00035,0.0487488,0.0574556,m2
18998816,0.0003,0.0406298,0.0374215,m2
18417199,0.0084,-0.0245989,-0.0109132,m2
18947361,0.0058,0.0332128,0.0368159,m2
18891072,0.021,0.0154713,0.0165219,m2
18917745,0.00225,-0.0432329,-0.0248821,m2
19001072,5.0e-05,-0.0539659,-0.021262,m2
18996163,0.00315,0.0111179,0.00988723,m2
18999563,5.0e-05,-0.00390564,0.012226,m2
2666590,1.0,-0.020171,-0.02115,m2
18985354,0.001,-0.0629611,-0.0516117,m2
18970722,0.00255,0.00722445,-0.0308179,m2
18996929,0.001,-0.0293716,-0.0586262,m2
18980310,0.00425,0.0489673,0.0479161,m2
18923066,0.03765,-0.000418662,0.0226487,m2
18952098,0.0006,0.0519014,0.0654941,m2
19000124,0.00015,0.070201,0.070271,m2
19000893,0.0001,-0.0249522,-0.0270104,m2
18968084,0.0017,-0.00833933,-0.00292154,m2
19000123,5.0e-05,-0.0386197,-0.0949747,m2
19001070,5.0e-05,0.0564786,0.0743864,m2
18969587,0.00035,0.0653313,0.0429547,m2
18975883,0.00815,-0.0099294,0.00696017,m2
18508868,0.0853,-0.0265074,-0.0259939,m2
18997672,0.00065,-0.0282179,-0.0476091,m2
18967310,0.0006,-0.0065051,-0.0028519,m2
18966293,0.018,0.0844727,0.0593205,m2
18860801,0.03005,-0.0147846,-0.00697304,m2
18630652,0.0508,-0.0343125,-0.00395976,m2
18998236,0.0001,0.057108,0.0574853,m2
18998629,0.00055,-0.0857066,-0.0745322,m2
18968083,0.0021,0.0161213,0.0350182,m2
18948433,0.01895,-0.00784232,0.0194649,m2
18970321,0.0101,0.00837124,0.0246732,m2
19000892,0.0001,-0.0325644,-0.0458535,m2
18999959,0.0001,-0.0197165,0.000158992,m2
17325248,0.09525,0.0210522,-0.00350458,m2
19000122,0.0004,-0.0317277,-0.0311888,m2
18981074,0.00295,-0.065046,-0.110023,m2
18997847,5.0e-05,0.103387,0.0874112,m2
18892780,0.0049,0.00414179,-0.0112308,m2
18937076,0.02285,0.0405137,0.0532542,m2
18960938,0.00645,0.016947,0.017078,m2
18980309,0.00015,-0.0394383,-0.0159591,m2
18996363,0.00055,0.00732276,-0.0115373,m2
18272923,0.0078,-0.0282018,-0.0322005,m2
18911835,0.0101,-0.0291372,-0.0188832,m2
18921548,0.02585,7.25628e-05,-0.0427732,m2
18999560,5.0e-05,0.0454762,0.0623923,m2
18811892,0.01285,-0.044712,-0.0675873,m2
18940449,0.01485,-0.0232326,-0.00104319,m2
18996157,5.0e-05,0.0222855,0.030938,m2
18928998,0.01245,-0.0134437,-0.052244,m2
18993672,0.0007,0.0212665,0.0388561,m2
18996156,0.0001,0.00600311,-0.0187831,m2
19000891,0.00015,-0.0276863,-0.0648012,m2
18883877,0.0239,-0.0111764,0.00391752,m2
19000890,5.0e-05,0.0499544,0.0676979,m2
19000889,0.0001,-0.113936,-0.0999361,m2
12051005,0.04135,-0.0166358,-0.00276533,m2
18999007,5.0e-05,-0.0199546,-0.024762,m2
19000711,0.0001,-0.0674113,-0.0386091,m2
18999559,0.0004,-0.062252,-0.0954721,m2
19000121,0.0001,0.00129751,0.00265923,m2
19000308,5.0e-05,-0.0655654,-0.0323797,m2
18937272,0.02855,0.0232225,0.00909635,m2
18967703,0.00245,0.0427714,0.0287672,m2
19000307,5.0e-05,-0.0460388,-0.0700044,m2
18967912,0.00275,0.00713523,-0.0229452,m2
18998021,0.00035,-0.00153268,-0.0299937,m2
18800158,0.0477,-0.0175348,-0.0145425,m2
19001069,5.0e-05,0.0405712,0.0737445,m2
18990733,0.0002,0.0394215,0.0461286,m2
15226064,0.0962,-0.00426098,0.0160674,m2
18306331,0.1396,-0.00949537,-0.0151558,m2
18997667,0.00025,0.00857354,-0.0145953,m2
19000709,5.0e-05,0.0463855,0.0349556,m2
19000117,0.0001,0.0339515,0.0222482,m2
18397876,0.06665,0.0139195,0.0240149,m2
18817638,0.00575,-0.0371176,-0.0320944,m2
18995389,0.001,0.0235923,0.0125902,m2
18765158,0.034,0.041409,0.070609,m2
18982446,0.00135,0.0204194,-0.0291056,m2
18913758,0.00135,0.0267384,0.0111066,m2
18573017,0.00195,0.00160036,-0.00730158,m2
18973793,0.00435,-0.0130679,-0.0230389,m2
18642191,0.0061,0.0127956,0.0359214,m2
18623912,0.00315,-0.0310496,-0.0101067,m2
15303852,0.04385,-0.0138851,-0.0180005,m2
18790832,0.0421,-0.00243435,-0.0170633,m2
19000116,0.00065,0.0359763,0.0169248,m2
18430885,0.0738,0.0180256,-0.00210906,m2
19000513,0.0007,-0.0268498,0.027088,m2
18946773,0.011,-0.0399684,-0.0717469,m2
18997282,0.0003,0.0153681,0.00612773,m2
19001068,5.0e-05,-0.0039105,-0.0171401,m2
18414579,0.14515,0.0266246,0.00253972,m2
18999954,0.0004,-0.0501235,-0.0636024,m2
18931763,0.0011,0.0831822,0.0948448,m2
16824213,0.3516,-0.0101041,-0.0189798,m2
18670897,0.0569,-0.0066041,-0.018866,m2
17428981,0.0743,-0.0153253,-0.0211977,m2
18175044,0.11435,-0.000525929,0.0142053,m2
19000888,5.0e-05,-0.0428365,-0.058925,m2
18982660,0.001,0.0104951,0.036652,m2
18867701,0.00475,-0.00769215,-0.0224049,m2
18991309,0.00025,0.0323581,0.0224474,m2
18990728,0.0006,-0.0005066,0.0123269,m2
19000887,0.0001,-0.0673587,-0.0337855,m2
18746299,0.09885,-0.0104895,0.00189906,m2
806917,1.0,0.0190189,0.018428,m2
18997846,0.0007,-0.060019,-0.0537338,m2
18999749,5.0e-05,0.0797901,0.0625401,m2
18998423,0.00015,0.0470867,0.0198798,m2
19000886,5.0e-05,0.00127249,0.0291836,m2
19001067,5.0e-05,-0.00208727,-0.0288242,m2
18444081,0.139,0.0142429,-0.00795465,m2
19001066,5.0e-05,-0.00690627,-0.060808,m2
18999552,0.00095,0.0592261,0.0103591,m2
19000705,0.00015,-0.00390197,-0.019159,m2
18366130,0.03155,-0.00831834,-0.0352443,m2
19000511,0.0001,-0.00511942,0.016233,m2
19000114,0.0004,0.0465548,0.09134,m2
18992285,0.00055,0.0099485,-0.00756321,m2
18814560,0.0369,0.0136622,0.0249163,m2
19001065,5.0e-05,0.0429007,0.0526573,m2
19001064,5.0e-05,0.0150962,0.012104,m2
18927598,0.01405,0.0135271,0.0400319,m2
18975707,0.0047,-0.0133957,0.00896646,m2
18989006,0.002,0.00599463,0.0389432,m2
18904551,0.0031,-0.0199166,-0.0480713,m2
18996352,0.00045,-0.0107421,0.00306807,m2
18995772,0.00045,-0.0779809,-0.0763884,m2
18686269,0.161,0.0284687,0.0531626,m2
19000884,5.0e-05,0.0895622,0.0249511,m2
18125527,0.00015,-0.000750458,-0.0259284,m2
18153240,0.0057,0.0148443,0.0168836,m2
19000510,5.0e-05,-0.0668847,-0.0295351,m2
19000883,5.0e-05,0.0327367,0.0153041,m2
18997663,5.0e-05,-0.0611547,-0.0503681,m2
19000508,5.0e-05,0.0560442,0.0347691,m2
18180874,0.02885,0.00695208,-0.0104058,m2
18996553,0.0011,0.047903,0.0634541,m2
16515686,0.0001,0.00622946,0.00142957,m2
18970890,0.00255,-0.0326614,-0.0278797,m2
16899886,0.2069,-0.011294,0.0126579,m2
19001063,5.0e-05,-0.0340361,-0.0428815,m2
18849879,0.0075,0.0468384,0.0655984,m2
19001062,5.0e-05,0.00713919,0.0202993,m2
18976074,0.003,-0.0499031,-0.0631027,m2
18948264,0.0151,0.0384375,0.0368341,m2
18617194,0.0033,0.00233782,0.00515192,m2
18991303,0.00075,0.00272466,-0.00875784,m2
18973977,0.00035,-0.000336003,0.00646534,m2
15625965,0.04775,0.00886569,-0.0136729,m2
19000882,5.0e-05,-0.00626246,0.00526476,m2
18956946,0.00285,-0.026742,-0.0378065,m2
19001061,5.0e-05,0.032868,0.0810882,m2
5437673,1.0,0.0063228,-0.0244087,m2
19000505,0.0001,0.00209494,0.00586449,m2
18992072,0.00235,0.0440848,0.020836,m2
18998804,0.0001,0.0592483,0.104378,m2
16055144,0.33965,-0.00214995,-0.0111604,m2
18998223,0.0003,-0.0403753,-0.068048,m2
18991656,0.0009,0.063326,0.0518239,m2
18996730,0.00095,0.0122802,0.0062295,m2
18985141,0.0033,0.0425859,0.0484458,m2
18995959,0.00015,0.0297904,0.0256387,m2
18935918,0.0186,-0.0189195,-0.0106383,m2
18988196,0.0008,-0.00756409,0.0194174,m2
18965339,0.00215,-0.0325295,-0.00598995,m2
18998011,0.00065,-0.0530101,-0.0809361,m2
18987086,0.00195,-0.0390721,0.0306611,m2
18991302,0.00185,-0.00522,-0.0524358,m2
18996551,0.00085,0.0387873,0.052518,m2
19000702,0.0001,-0.131693,-0.110989,m2
18961291,0.0042,0.0181367,-0.0151651,m2
18994762,0.0006,0.00219505,-0.0216379,m2
18996350,0.0004,-0.0194698,0.0414238,m2
18956368,0.006,-0.0692056,-0.0715096,m2
18322004,0.11695,-0.0223765,0.0196307,m2
18895898,0.01025,-0.0063713,0.00281538,m2
18998622,0.00015,-0.086879,-0.0578012,m2
2422689,1.0,0.01823,0.011936,m2
18997278,0.00045,0.0605779,0.0732772,m2
18998010,0.00055,-0.0488252,-0.0638566,m2
19000880,5.0e-05,0.017045,0.041931,m2
19000112,0.00015,-0.0431538,-0.0642375,m2
19001060,5.0e-05,-0.0649183,-0.04938,m2
17852410,0.14975,0.00992556,-0.00802103,m2
17964053,0.08995,-0.0186427,0.00509721,m2
19001059,5.0e-05,0.0287007,0.0438317,m2
19001058,5.0e-05,0.0557281,0.0458816,m2
18954161,0.01115,-0.010906,-0.0294037,m2
18995171,0.0008,0.000534337,-0.0103699,m2
17742906,0.0143,-0.0437397,-0.0510231,m2
18991112,0.0029,-0.00725357,-0.0284228,m2
18899534,0.0205,0.0309977,0.00041303,m2
18842159,0.01195,-0.0689539,-0.0408493,m2
18129317,0.0614,0.0262294,0.0267656,m2
18988795,0.001,-0.0743623,-0.0560391,m2
18998620,0.0006,0.0609809,0.0426062,m2
18418111,0.00345,-0.016314,-0.00552425,m2
12189815,0.9858,-0.00951532,-0.0304103,m2
19000878,0.00015,-0.0129141,0.00434702,m2
18999546,0.0006,-0.020476,-0.043449,m2
19000877,5.0e-05,0.0174411,0.0065672,m2
19000304,0.00015,0.0438551,0.0734286,m2
18943397,0.00135,-0.0321414,-0.0298283,m2
18942873,0.00685,0.0269058,0.0318007,m2
18997473,0.0006,0.00986913,0.0137012,m2
16607307,0.00825,-0.00649244,-0.00426675,m2
18993474,0.00095,0.0296109,0.0544334,m2
18958483,0.00465,0.00452546,-0.00332057,m2
18994755,0.00155,0.0101429,-0.0224759,m2
18814379,0.01375,0.0297077,0.0335014,m2
18998007,0.00125,-0.0224788,-0.00899188,m2
18785340,0.01745,-0.00186675,0.0226272,m2
18901664,0.00395,0.0486436,0.0486686,m2
18821629,0.0097,0.0305111,0.0253281,m2
18947708,0.0104,0.0260506,0.0454266,m2
19000500,5.0e-05,0.0579846,0.0636941,m2
18406604,0.0403,-0.0128066,-0.0167855,m2
17937474,0.4097,0.0102341,-0.00288691,m2
18998617,0.0001,-0.061934,-0.0801152,m2
18998417,0.0006,0.0500994,0.0109926,m2
18905445,0.00785,0.0166844,0.00259885,m2
18998217,0.0005,0.0659509,0.024431,m2
18744392,0.05215,-0.00941633,-0.0371059,m2
10586360,1.0,-0.00755126,0.0150541,m2
18802207,0.0322,0.0182276,-0.017317,m2
18995761,0.00035,-0.110828,-0.104496,m2
5683308,1.0,-0.0253163,-0.0207957,m2
19000876,5.0e-05,0.00499101,0.0155126,m2
18729961,0.0161,-0.00758624,-0.0106579,m2
18960923,0.0103,-0.0216268,-0.00732012,m2
18970886,0.0031,0.0449446,0.0303036,m2
18995167,0.00035,0.0351356,0.0105217,m2
18999544,0.0001,-0.0104998,0.0178821,m2
18220621,0.1062,0.0447568,0.00486476,m2
18996724,0.00155,0.0589147,0.0546691,m2
18994955,0.0023,0.0565172,0.0521397,m2
18465381,0.0918,-0.00196544,-0.00982645,m2
18999202,0.0008,-0.0123482,-0.0447069,m2
18969169,0.0016,-0.0261923,0.000183262,m2
18674629,0.00475,0.0382787,0.0129827,m2
19000499,0.0001,-0.0421964,-0.04224,m2
13550494,0.31105,-0.0126517,-0.0194222,m2
18990718,0.00175,-0.000618448,-0.00200914,m2
19001057,5.0e-05,0.0332811,0.0567788,m2
19000701,0.0001,-0.0345201,-0.0203928,m2
19001056,5.0e-05,-0.0126526,0.0373611,m2
18997470,0.00055,0.0258332,0.0694632,m2
18954546,0.00075,0.0353486,-0.00313374,m2
17485545,0.0296,0.000289291,0.0072513,m2
18999201,0.00025,-0.0243122,-0.0271023,m2
18997089,5.0e-05,-0.0756349,-0.0733097,m2
18992272,0.00015,-0.0116429,-0.00412738,m2
19000497,0.00015,0.0516727,0.0258952,m2
3615004,1.0,-0.0109201,-0.00429322,m2
18976447,0.02195,-0.0536156,-0.0430487,m2
19000874,5.0e-05,0.0221954,0.0203998,m2
18999540,5.0e-05,-0.0317157,0.000173277,m2
18999741,5.0e-05,-0.0676181,-0.054989,m2
19000495,0.00015,0.0503509,0.0373238,m2
19000873,5.0e-05,-0.000671739,0.0254317,m2
18965124,0.0008,0.103947,0.0993232,m2
18943790,0.001,-0.0377695,-0.00832577,m2
18874587,0.0378,0.0411478,-0.00919746,m2
19000300,0.00045,-0.0103295,-0.0467944,m2
19000494,5.0e-05,-0.0391519,-0.0104939,m2
18999538,0.00025,0.0435494,0.048745,m2
18627446,0.007,0.0121121,0.000985544,m2
18988790,0.00225,0.00576269,0.00669605,m2
19001055,5.0e-05,0.0418723,0.019156,m2
18794796,0.0048,-0.0240537,0.0113024,m2
18993834,0.00015,0.013283,0.0120893,m2
18999369,0.00025,-0.0427914,-0.0466759,m2
18710736,0.0843,-0.0205383,-0.00724041,m2
13145225,0.08975,0.00509564,0.00567074,m2
18998407,0.00015,-5.07177e-05,-0.0280092,m2
18992879,0.0008,0.0344551,-0.00326821,m2
18997830,5.0e-05,0.0423799,-0.00923773,m2
18993833,0.00095,-0.0576655,-0.0370869,m2
11760996,0.04945,-0.00581137,0.0129552,m2
18905444,0.0058,0.017859,0.032872,m2
18999195,0.00015,-0.0304155,-0.0562222,m2
18997466,0.00065,-0.0288872,-0.029372,m2
18975693,0.0018,0.0865322,0.0555166,m2
18957913,0.00245,0.0437057,0.0597597,m2
19000699,5.0e-05,0.0484581,0.0530794,m2
18886321,0.00345,-0.00978619,-0.00849183,m2
18994402,0.0002,-0.0793856,-0.106257,m2
18848347,0.03185,0.00171586,0.0382134,m2
19000493,0.0002,0.100721,0.112789,m2
16092057,0.2508,-0.0135168,-0.00733228,m2
19000872,5.0e-05,-0.0245561,-0.0308898,m2
18658629,0.0198,0.0123303,-0.00603697,m2
18275764,0.05665,0.0530238,0.0357446,m2
19000492,0.0003,0.0435553,0.037271,m2
18560835,0.01705,-0.0292807,0.00204036,m2
19000871,0.0001,-0.038906,-0.0194278,m2
18980493,0.0098,-0.00794841,0.00571893,m2
12339883,0.10595,-0.012792,-0.00416219,m2
18986084,0.001,-0.111457,-0.0720114,m2
18951315,0.0024,-0.0271676,0.00720978,m2
18990890,0.0009,-0.00698585,-0.0207554,m2
18969755,0.0001,-0.0282587,-0.029255,m2
18976445,0.00305,-0.0363553,-0.0637781,m2
7268765,1.0,0.00327833,-0.00854384,m2
18996338,0.00045,-0.0251326,-0.00301118,m2
10133902,0.21415,-0.0107306,-0.00322066,m2
18928978,0.00205,-0.00807693,0.0057283,m2
652317,1.0,0.0229968,0.0201396,m2
18996541,5.0e-05,0.123023,0.119087,m2
18860225,0.0176,-0.0134729,0.00570132,m2
18991465,0.00095,0.0443624,0.0541247,m2
19000490,0.00015,-0.0273514,-0.0438333,m2
18950749,0.00245,-0.011001,0.00118747,m2
17801218,0.02155,0.0125749,0.0119063,m2
18994749,0.00025,0.0541636,0.070358,m2
18727284,0.0175,-0.0153376,-0.0328442,m2
18513755,0.02695,0.0300343,0.0311512,m2
18813792,0.00935,0.00190759,0.00107364,m2
18998611,0.00045,-0.0685799,-0.078895,m2
18399895,0.0093,0.0146466,0.02187,m2
18975689,0.00075,0.0549173,0.0382655,m2
19000294,5.0e-05,-0.00518617,0.0224695,m2
18996337,5.0e-05,-0.00397387,-0.0185955,m2
18962451,0.0015,-0.0472884,-0.00714835,m2
18989157,0.0036,-0.0335994,-0.0340598,m2
18121515,0.12565,-0.0115283,-0.0558441,m2
18994033,0.0001,-0.0841084,-0.0705614,m2
19000293,5.0e-05,-0.0201612,-0.00831364,m2
18991643,0.00455,-0.0566015,-0.0594155,m2
18998791,0.00015,0.00325052,0.0200855,m2
18998404,0.00025,0.0563825,0.0748411,m2
18971461,0.00465,-0.0886944,-0.101452,m2
17371423,0.0957,0.0081937,-0.0152514,m2
18999535,0.0002,-0.0463858,-0.0275265,m2
18989965,0.0027,0.0383924,0.0438842,m2
18761060,0.0011,0.0472596,0.0671008,m2
18994747,0.00195,-0.0576979,-0.0891471,m2
18886319,0.00255,-0.0421421,0.00988409,m2
18978612,0.0005,0.108436,0.0508115,m2
13008594,1.0,-0.00409578,0.0184453,m2
18947340,0.00025,0.0941374,0.129604,m2
18504275,0.03165,0.0243876,0.0185322,m2
18956186,0.0006,0.0204659,0.000124882,m2
18997651,0.0002,-0.00164518,-0.0152188,m2
18967082,0.001,-0.0208715,-0.0298094,m2
18980285,0.0009,0.0143612,0.0183773,m2
18999944,5.0e-05,0.0470812,0.0846374,m2
18988992,0.00065,-0.00699243,-0.00242208,m2
18934749,0.0082,-0.0217317,-0.0600715,m2
19000292,5.0e-05,0.0634496,0.0360568,m2
18943940,0.0003,0.000690766,0.0172843,m2
18916810,0.00905,0.0290533,0.0181358,m2
18998209,0.0004,0.109339,0.0869237,m2
3426441,1.0,-0.0227353,-0.00822471,m2
18270471,0.10015,-0.00350419,0.0122618,m2
18989588,0.00115,0.0166831,0.0151748,m2
18934551,0.0142,-0.084565,-0.0688836,m2
16676298,0.09075,-0.0167786,-0.00473047,m2
18945622,0.0056,-0.0407144,-0.0430422,m2
18858696,0.0067,-0.0287128,-0.0335684,m2
18445985,0.05475,0.0164579,-0.012393,m2
18986276,0.0069,0.0332504,0.0377551,m2
18984536,0.0002,-0.0147123,0.019193,m2
19000489,0.00015,-0.033399,-0.00966567,m2
18452068,0.1295,0.0024362,-0.00311815,m2
5452570,1.0,-0.00938732,0.00136336,m2
18978244,0.0041,-0.00773115,-0.0119877,m2
18992471,0.00035,-0.0196214,-0.0114644,m2
18824128,0.03525,0.0122854,-0.015365,m2
18954733,0.0029,0.0395719,0.0485168,m2
18999943,0.0004,-0.0846664,-0.0853762,m2
18997826,0.00035,0.00411266,0.0257753,m2
18984535,0.00015,0.0149323,0.035839,m2
18992263,0.0003,-0.0193773,0.00161246,m2
19000488,0.0001,0.0810145,0.0337331,m2
18941608,0.0216,0.0105625,-0.00135625,m2
18921114,0.00585,0.0113277,0.0341918,m2
18720819,0.0385,-0.0266257,-0.0225909,m2
18999942,0.0002,0.0431754,0.0812089,m2
18641545,0.1622,-0.0133771,-0.0414322,m2
18834006,0.00855,0.0870168,0.0754603,m2
793354,1.0,0.00244128,-0.00392593,m2
18855074,0.0217,0.031053,0.0173456,m2
18944312,0.0018,0.0698251,0.0239091,m2
18897583,0.01775,0.0311305,0.0771943,m2
18942221,0.00975,-0.057256,-0.0725636,m2
13852897,0.7388,0.00907009,0.0170919,m2
19000870,0.0001,-0.0304851,-0.0518031,m2
18947339,0.00375,-0.0279508,-0.0232819,m2
8747282,1.0,-0.00608323,0.0249762,m2
18505757,0.01655,-0.0355616,-0.0282686,m2
18999532,5.0e-05,-0.0696542,-0.0327,m2
18977343,0.00085,0.0400908,0.0272609,m2
18995753,0.00055,-0.0138153,-0.0122847,m2
18285059,0.0468,0.0486065,0.0311531,m2
18998606,0.00025,0.00180278,0.0162507,m2
18983594,0.0011,0.00101302,-0.0230523,m2
18988781,0.00485,-0.0372545,-0.0467112,m2
18996537,0.0005,-0.0687208,-0.0357636,m2
14643720,0.0694,-0.00365345,-0.0106339,m2
19001054,5.0e-05,-0.0405116,-0.0438143,m2
18989961,0.0033,-0.040675,-0.0452996,m2
19000868,5.0e-05,0.0736663,0.0731032,m2
18998402,0.0009,-0.0278342,-0.0593381,m2
18746086,0.09045,0.00789788,0.040481,m2
18999188,5.0e-05,0.0414539,0.0366917,m2
18994397,0.0011,-0.00539142,0.00205741,m2
18999941,0.00025,-0.0462323,-0.0613078,m2
11071072,0.0805,-0.00791607,-0.0138249,m2
18918486,0.01115,-0.00765767,-0.0125498,m2
18989774,0.0001,-0.0116392,0.00867282,m2
19000289,5.0e-05,-0.0380691,-0.033704,m2
18992051,0.0028,-0.101018,-0.0820645,m2
18508840,0.04285,-0.0558871,-0.0609731,m2
15977212,0.1984,-0.000639057,-0.00887352,m2
18996716,0.00035,-0.00799601,-0.0164364,m2
18966263,0.0053,-0.0667793,-0.0306368,m2
18995374,0.0014,-0.0168472,-0.0177171,m2
18858290,0.00385,0.0624892,0.0571619,m2
18986076,0.0012,-0.00013535,0.0093755,m2
18998785,0.001,-0.106555,-0.124835,m2
19000867,5.0e-05,0.0241088,0.055937,m2
18984711,0.00155,-0.0737013,-0.0581529,m2
18969153,0.00705,0.0465533,0.0270065,m2
18997824,0.0001,-0.0231409,-0.0076897,m2
18994200,0.00155,-0.0172371,-0.00758979,m2
19000102,0.00015,-0.0170301,-0.023839,m2
18999530,0.0004,-0.0118803,-0.00985894,m2
19000484,0.00035,0.00629717,-0.0209251,m2
19000288,5.0e-05,-0.0382,-0.00939986,m2
18953789,0.0005,-0.0364781,-0.0397071,m2
13838766,1.0,-0.00318178,-0.00184289,m2
18955847,0.0062,0.0694944,0.0729438,m2
18560827,0.091,-0.016517,-0.0151839,m2
18507289,0.01875,0.0191537,-0.0114245,m2
18792877,0.03575,-0.0306836,0.00183628,m2
18992663,0.00075,-0.0277765,-0.0174252,m2
18999736,0.00025,-0.0603689,0.00129409,m2
18998984,0.00175,0.00406688,-0.014192,m2
16448744,0.29425,0.00174926,-0.0206907,m2
18955498,0.0025,-0.038186,-0.00976392,m2
18955658,0.0013,-0.0350901,-0.00588192,m2
18985901,0.00275,0.0290943,0.0335154,m2
18956540,0.01205,0.0198256,0.00121453,m2
18937047,0.00535,0.0700916,0.0474198,m2
18992866,0.0001,-0.042868,-0.0303794,m2
18991101,0.00045,0.025201,0.00884421,m2
18977888,0.0005,-0.0242821,-0.0269274,m2
18362905,0.1631,0.0229114,0.0205956,m2
18667431,0.0144,0.0674742,0.0641831,m2
18928206,0.0076,-0.0268251,-0.0288191,m2
18995158,0.00065,-0.0399622,-0.0697997,m2
19000866,5.0e-05,-0.0450905,-0.0390215,m2
18998783,5.0e-05,0.0661074,0.0207047,m2
11297946,1.0,0.0223397,0.0159528,m2
18998983,0.0001,0.130501,0.145808,m2
19000865,0.0001,-0.000109288,-0.014017,m2
18998781,0.0001,-0.0255794,-0.0284614,m2
16555177,0.18875,-0.00560136,-0.0279366,m2
18966867,0.0002,-0.0538418,-0.0657032,m2
18987984,0.0017,0.0447343,0.0518065,m2
18998197,0.0002,-0.00920514,-0.0364272,m2
18993261,0.0007,0.00929841,-0.00709189,m2
18989951,0.0012,-0.0316639,-0.0674815,m2
17532018,0.0518,-0.00337897,0.00509708,m2
18934195,0.00885,0.0117603,0.0256511,m2
18995552,0.0005,-0.0638627,-0.080109,m2
18884811,0.02115,0.0469377,0.0567459,m2
19000694,0.0001,-0.00152916,0.00545099,m2
18978979,0.0062,-5.15428e-05,-0.0311345,m2
19001053,5.0e-05,0.0107249,0.00446719,m2
18998981,5.0e-05,-0.0236494,-0.0195474,m2
18920921,0.0004,0.0146261,-0.0165681,m2
18999529,0.0001,-0.0132645,0.018954,m2
18824862,0.0042,-0.0438674,-0.0248888,m2
18988377,0.00295,-0.0226484,-0.0237091,m2
18994942,0.00085,-0.027849,-0.00605728,m2
18993646,0.00135,-0.0812513,-0.0999193,m2
18992863,0.0003,-0.0372475,-0.00952071,m2
18492956,0.02455,-0.0167171,-0.00788052,m2
18999183,0.00065,-0.0455427,-0.051982,m2
18997991,0.00085,0.0260363,0.0323306,m2
19001052,5.0e-05,0.0420083,-0.00711277,m2
18992657,0.00075,0.0679861,0.0521309,m2
18842886,0.00885,0.00626563,0.0386803,m2
18530895,0.0526,-0.00708881,-0.00910719,m2
18999936,5.0e-05,-0.00268417,-0.0256829,m2
18978437,0.0023,-0.105967,-0.1062,m2
18983585,0.0033,-0.00539463,0.0188905,m2
19000692,5.0e-05,-0.0432411,-0.0204194,m2
18668207,0.1765,-0.00751621,0.0157991,m2
17698551,0.0529,0.0233859,0.0161162,m2
18963391,0.0002,-0.0142674,-0.0357109,m2
18802189,0.0233,0.00415303,0.0235277,m2
18997817,0.00015,-0.0919816,-0.109677,m2
18999527,0.00035,-0.000275857,-0.00576118,m2
19001051,5.0e-05,0.0377856,0.0290317,m2
19000691,0.0001,0.0423191,0.0323827,m2
18847213,0.01515,0.0133648,-0.00711597,m2
18999526,5.0e-05,0.061435,0.0646833,m2
14386524,0.0801,-0.00729153,0.00350296,m2
18996905,0.00025,0.0126337,-0.0105073,m2
16458313,0.1843,-0.0276084,-0.0124099,m2
18594409,0.0039,0.0505363,0.0135403,m2
14190974,0.95055,-0.0192486,-0.00403885,m2
18872765,0.0337,0.0214639,0.0518964,m2
18975677,0.0021,-0.0781293,-0.08265,m2
19001050,5.0e-05,-0.0990772,-0.0677565,m2
15096600,0.0095,0.000990683,0.030621,m2
18997252,5.0e-05,-0.0946061,-0.0990068,m2
18689843,0.01295,-0.0214376,-0.0362053,m2
19001049,5.0e-05,0.025293,0.00135496,m2
19000284,0.00015,-0.0357025,-0.0188907,m2
17825711,0.1058,-0.00338999,-0.00724817,m2
19000478,5.0e-05,0.0246021,0.0580537,m2
18996708,5.0e-05,0.0400407,0.0612474,m2
18966257,5.0e-05,0.0220794,0.000269552,m2
18989574,0.00115,0.0403096,0.0327452,m2
17913186,0.25705,0.00598263,-0.0073894,m2
18608737,0.06895,-0.0120247,-0.0122657,m2
18844970,0.06385,-0.0380578,-0.051038,m2
18492253,0.00785,-0.0470015,-0.0470214,m2
18908140,0.0139,0.0173278,0.0590208,m2
18983009,0.00325,0.0763197,0.0737649,m2
18200291,0.01135,0.0324745,0.0462002,m2
18994734,0.00055,0.0433361,0.0376163,m2
5860340,1.0,-0.0235158,-0.010677,m2
19000689,0.0001,0.0697825,0.0600389,m2
19001048,5.0e-05,0.0573118,0.0853728,m2
19000282,5.0e-05,0.0143597,0.020407,m2
18996707,0.0003,-0.00234124,-0.00713978,m2
18999522,0.0001,-0.0237675,-0.0151804,m2
18942655,0.00035,-0.0405607,-0.0288232,m2
18781460,0.04415,0.00886457,0.0143993,m2
18988767,0.0008,-0.0968315,-0.0975785,m2
18998193,0.00045,0.0234065,0.0336469,m2
18930125,0.0363,-0.0268116,0.0415088,m2
17484763,0.00355,0.0132336,0.0360389,m2
18994021,0.00095,0.097912,0.0781891,m2
13405380,0.5695,-0.014088,-0.00215476,m2
18999933,5.0e-05,0.0730043,0.0797091,m2
19001047,5.0e-05,-0.0835265,-0.0177636,m2
18997986,0.00015,-0.0431958,-0.0571872,m2
19000861,5.0e-05,0.0137903,0.00941898,m2
18941388,0.01425,0.0420979,0.0152806,m2
18997447,0.00085,0.0678157,0.0600296,m2
17737024,0.0923,-0.00359791,-0.0161739,m2
19001046,5.0e-05,0.00864179,0.0254343,m2
11474349,1.0,0.00397147,-0.0153313,m2
19000686,5.0e-05,0.0529921,0.0416099,m2
18995937,0.00025,-0.0299331,0.0115026,m2
18994567,0.00335,0.00813244,-0.00960889,m2
18999357,0.0003,0.0237515,0.0551993,m2
17070102,0.02565,-0.0127926,0.00477884,m2
18997983,0.00015,-0.00841624,0.00218204,m2
18639057,0.0053,0.00162899,0.00423335,m2
18987242,5.0e-05,0.0284295,0.0305513,m2
18997982,0.00205,-0.0481137,-0.051184,m2
18987241,0.0019,0.0649956,0.0432075,m2
19001045,5.0e-05,0.0120589,0.0310191,m2
19000860,0.0001,-0.0154704,-0.0370682,m2
18039164,0.00195,-0.0320431,-0.0248599,m2
19000859,5.0e-05,-0.0562297,-0.0476228,m2
18997981,0.00025,0.0873689,0.0884269,m2
18621678,0.08115,-0.00494363,0.00633483,m2
18997980,0.00055,-0.0413919,-0.0436952,m2
18946364,0.0059,-0.0297754,-0.00791694,m2
18983578,0.00395,0.0940034,0.0658861,m2
18998593,0.00025,-0.0336243,-0.0337286,m2
18999176,0.0007,-0.0588646,-0.0111924,m2
18898507,0.0052,-0.0249582,-0.00433026,m2
18995149,0.0008,0.037522,0.0494873,m2
19000095,0.0003,0.00404761,0.011418,m2
18994566,0.00025,0.0122246,-0.0378019,m2
18986262,0.00285,-0.00963944,-0.0453067,m2
18999520,0.00035,0.00330429,0.00562938,m2
18491842,0.0129,0.00243959,-0.0258744,m2
18833228,0.00355,-0.00581446,0.00345405,m2
18975071,0.0011,0.0606351,0.0689011,m2
18924723,0.01655,-0.0498956,-0.0620463,m2
19000474,5.0e-05,0.00047752,0.00723227,m2
18781454,0.0214,-0.0373606,-0.0457518,m2
18973363,0.0011,-0.0331416,-0.0486504,m2
18618696,0.01625,0.0270181,0.0118456,m2
18556388,0.06155,0.0154709,-0.0142859,m2
18989142,0.00225,-0.0677262,-0.0570857,m2
19001044,5.0e-05,-0.0183389,-0.00827421,m2
19001043,5.0e-05,-0.105519,-0.0721867,m2
18993813,0.00025,-0.0107951,0.0132158,m2
19000280,0.0002,-0.0592048,-0.040563,m2
18795529,0.0302,-0.000892625,-0.0210073,m2
19001042,5.0e-05,-0.0560319,-0.0703491,m2
18923981,0.0088,-0.0557915,-0.0227222,m2
18033033,0.1233,0.00501456,-0.0262782,m2
18987416,0.00415,0.0231864,0.00761379,m2
18968233,0.0002,-0.00728754,0.00531998,m2
17928508,0.3579,-0.0283285,0.0212213,m2
18996322,0.0004,-0.0621706,-0.0536883,m2
18956917,0.00785,-0.0026888,0.0116519,m2
18997443,0.00015,-0.0654901,-0.0555666,m2
18975068,0.00645,-0.058024,-0.0439684,m2
18999174,5.0e-05,0.013664,0.0401965,m2
18649230,0.025,-0.010283,0.0270317,m2
19000683,5.0e-05,0.00838785,-0.001355,m2
18938148,0.00375,-0.0297263,-0.0142257,m2
18675586,0.0536,-0.0284134,-0.00703442,m2
18970114,0.00125,-0.0342868,-0.052286,m2
18999931,0.00015,-0.0239879,-0.0209945,m2
19001041,5.0e-05,0.0700514,0.0483632,m2
18982808,0.00845,-0.01515,-0.0451295,m2
19000857,0.0002,-0.0449478,-0.025154,m2
19000856,5.0e-05,-0.036174,-0.0155181,m2
18754592,0.02535,0.000607572,-0.0141785,m2
19001040,5.0e-05,-0.0837262,-0.050831,m2
18179536,0.119,0.00288829,-0.00899226,m2
18979334,0.0028,-0.0114818,0.00836314,m2
18076921,0.10785,-0.0366957,-1.97719e-05,m2
18918466,0.0042,0.00079238,-0.0194399,m2
18983747,0.0038,0.00138048,0.031331,m2
18980687,0.009,0.0345737,0.0070836,m2
19000854,5.0e-05,0.00448808,0.0034437,m2
19001039,5.0e-05,-0.110343,-0.0824335,m2
18346107,0.00115,0.0491411,0.0337021,m2
16439373,0.3298,0.00672611,-0.000796548,m2
18950577,0.02725,-0.0432831,-0.0133154,m2
18995364,0.00045,-0.036027,-0.00135828,m2
18965096,0.01495,-0.0171171,-0.0551985,m2
17356247,0.0978,0.0202666,0.0239301,m2
19000853,0.00015,-0.0964948,-0.123496,m2
18721588,0.0127,-0.00333879,-0.038441,m2
2294783,1.0,0.0263742,0.0156946,m2
18999728,0.0005,-0.0235696,-0.0538229,m2
19000277,0.0002,0.0512837,0.0501049,m2
18944290,0.00015,-0.0569831,-0.0506262,m2
18861633,0.01855,0.013188,-0.00647959,m2
18833040,0.00455,0.0497813,0.0408211,m2
18699920,0.045,0.0170539,-0.00437741,m2
19000852,0.0001,0.0466953,0.0468302,m2
18979698,0.0022,0.0490274,0.0219421,m2
19000468,0.0002,-0.0261808,0.00423024,m2
16177040,0.01115,-0.0120973,-0.0383693,m2
19000851,5.0e-05,-0.0121271,0.0119635,m2
19001038,5.0e-05,0.0387788,0.0436439,m2
18999169,0.00065,0.0810015,0.0575376,m2
18997059,0.00275,0.0307086,0.0312342,m2
18876047,0.00395,-0.0173873,0.0165517,m2
19001037,5.0e-05,-0.0636519,-0.0213629,m2
18996699,0.00335,-0.0472137,-0.0527569,m2
19000848,0.0001,-0.0524813,-0.0822059,m2
18993635,0.00035,-0.010624,0.0158182,m2
1403231,1.0,0.0107219,0.0219214,m2
18985678,0.00175,0.0982109,0.114765,m2
18993634,0.0011,0.0786146,0.0577056,m2
18994728,0.0016,-0.0604056,-0.0471914,m2
18982995,0.0001,-0.0508993,-0.026724,m2
19001036,5.0e-05,-0.0384024,-0.0314186,m2
19001035,5.0e-05,-0.0591935,-0.0356295,m2
18993442,0.0014,-0.0853302,-0.0454075,m2
18998185,5.0e-05,-0.0399996,-0.0230517,m2
18953948,0.00035,0.0275921,-0.0112017,m2
18988361,0.00235,0.00390945,-0.00253752,m2
18859467,0.0103,-0.0143487,-0.00710815,m2
18617772,0.11005,0.0240498,-0.00943946,m2
18994928,0.00135,-0.015459,-0.00315508,m2
19001034,5.0e-05,-0.0343202,-0.0203801,m2
19000678,5.0e-05,0.0955607,0.104745,m2
10462440,0.18705,-0.000973105,-0.0181926,m2
18974714,0.00105,0.0672256,0.0665617,m2
18999168,5.0e-05,-0.09604,-0.0697528,m2
13818677,0.83775,-0.00570141,-0.00291763,m2
18997805,0.00065,-0.0359513,-0.0588486,m2
19000677,0.0001,0.0590283,0.0329988,m2
14206589,0.29295,0.00493416,-0.013734,m2
18989340,0.00065,-0.0172873,-0.0240065,m2
18477568,0.19275,0.021992,0.0069154,m2
18796643,0.0029,-0.0711578,-0.0681905,m2
18909190,0.0001,0.04535,0.0320385,m2
19001033,5.0e-05,0.0204721,-0.0233708,m2
18996105,0.0005,-0.0826262,-0.102699,m2
18917907,0.02035,-0.015578,0.0156063,m2
18954893,0.01235,0.0279364,0.04748,m2
18413437,0.02835,-0.00271469,-0.000762729,m2
18891192,0.0041,0.0315601,0.0674359,m2
18974544,0.00135,0.0327235,0.0165321,m2
18059078,0.315,0.0114341,0.0134074,m2
18995140,0.00045,0.0172647,-0.0125939,m2
18997239,0.0003,0.0201906,0.0355722,m2
17548896,0.0694,0.0043554,0.00259485,m2
18237939,0.0384,-0.00363599,-0.00159132,m2
18987410,0.0004,0.098211,0.0809374,m2
19000676,0.0001,-0.0146749,0.0181095,m2
18987554,0.0001,0.00784286,0.0559971,m2
18995733,0.0024,0.0415436,0.0542245,m2
18996697,0.00015,0.0547095,0.0158866,m2
18987761,0.00065,-0.0109484,-0.000692361,m2
18935147,0.00145,-0.052443,-0.0496334,m2
19000271,0.00025,0.0595997,0.0439507,m2
19001032,5.0e-05,0.0390147,0.0235651,m2
19000466,5.0e-05,-0.0272225,-0.0325775,m2
18985670,0.0046,0.0726053,0.0851554,m2
17420474,0.0243,0.0112206,-0.0113499,m2
18922829,0.0022,-0.0289517,-0.00554878,m2
19000465,5.0e-05,0.0607835,0.0443523,m2
18983908,0.00115,-0.0355482,-0.0575056,m2
19000844,0.0001,-0.073694,-0.0694286,m2
16901898,0.10145,-0.033511,-0.0272841,m2
18926454,0.01115,-0.0463866,-0.0447165,m2
19000843,5.0e-05,0.0560014,0.0268418,m2
18991608,0.0019,0.0288155,0.0115179,m2
19000464,5.0e-05,-0.0443327,-0.0116966,m2
18885571,0.00665,0.0799271,0.0565265,m2
18976214,0.0029,0.050242,0.0821197,m2
18892740,0.00315,-0.0364224,-0.0247153,m2
18943047,0.00095,0.0997054,0.0791248,m2
18991834,0.0031,-0.0240295,-0.0763938,m2
18992448,0.00315,-0.0544101,-0.0110173,m2
18906775,0.0117,-0.0407849,-0.014763,m2
18532352,0.15495,0.0168013,0.00403046,m2
18979687,0.0003,-0.0678322,-0.0609949,m2
16437253,0.49465,0.0258499,0.020724,m2
19001030,5.0e-05,-0.105214,-0.112469,m2
18957304,0.00235,-0.041582,-0.0413102,m2
18979509,0.0015,-0.0369344,-0.0268807,m2
19000463,0.0001,0.0112161,0.00611505,m2
18978957,0.00245,-0.0457513,-0.0623637,m2
18998380,0.00055,0.0166309,0.0402115,m2
18964894,0.00355,-0.0198492,-0.0640964,m2
17811674,0.0309,-0.00300893,-0.0159355,m2
18999344,0.0006,0.0764365,0.0922136,m2
18753602,0.00475,0.012487,0.0265418,m2
19001028,5.0e-05,-0.00563303,-0.0227725,m2
18941583,0.00075,-0.0689347,-0.0235737,m2
18743777,0.04595,-0.0477163,-0.048087,m2
18993435,0.0002,-0.091693,-0.097759,m2
19001027,5.0e-05,-0.0832031,-0.110519,m2
18153594,0.0968,-0.0195254,0.00147697,m2
18215311,0.0615,-0.00373309,0.00458464,m2
9739747,1.0,0.0212254,0.0148045,m2
18781274,0.01045,0.0592789,0.0796128,m2
18971985,0.00645,0.0218125,0.0126492,m2
18963964,0.0008,0.0451854,0.0486603,m2
19000461,5.0e-05,-0.0478258,-0.0592189,m2
18955100,0.0161,-0.0161759,-0.0424696,m2
18992024,0.0012,-0.0376152,-0.0619574,m2
18846996,0.00215,-0.0225542,0.00224481,m2
19000671,0.0001,-0.0513863,-0.0348777,m2
18998952,0.00035,-0.00890209,0.0216595,m2
18827425,0.00595,0.0484803,0.0342376,m2
18997438,0.0003,-0.121261,-0.143523,m2
18998951,0.0005,-0.00144065,0.000308205,m2
18979325,0.00135,0.00381969,0.0368946,m2
18999161,0.00015,0.0198944,0.0340152,m2
19000081,0.00025,-0.020953,-0.0129173,m2
18995729,0.00075,0.0607729,0.0730095,m2
19000840,5.0e-05,-0.0501733,-0.055251,m2
18985666,0.00055,0.0194708,-0.0211299,m2
18973150,0.0054,-0.0522758,-0.0433892,m2
18959405,0.005,-0.0378837,-0.0362555,m2
18952415,0.00205,-0.0243819,-0.039556,m2
19001026,5.0e-05,0.100066,0.109957,m2
18975665,0.0126,0.0900496,0.108119,m2
18899305,0.01135,-0.010232,0.0429165,m2
18999508,0.00025,-0.0468213,-0.0627078,m2
19000458,5.0e-05,-0.0402683,-0.0412171,m2
18959026,0.0098,0.0469856,0.0325297,m2
19000078,0.00035,-0.0374055,-0.0492283,m2
18937774,0.0081,0.00971383,0.0109134,m2
19001025,5.0e-05,0.00262836,-0.00812392,m2
18993626,0.0026,0.00722596,0.0308,m2
19000457,0.0001,-0.0131026,0.0121557,m2
18962414,0.0001,-0.0487933,-0.075317,m2
18953167,0.00105,-0.0076975,0.0396127,m2
19000076,0.00015,-0.00274245,0.0082994,m2
18631182,0.02195,-0.0071388,-0.0262094,m2
19000669,0.0003,-0.041149,-0.0447667,m2
19001024,5.0e-05,-0.0169676,-0.01315,m2
19001023,5.0e-05,0.0065044,-0.0304953,m2
2480305,1.0,-0.0133972,0.0130892,m2
18927182,0.0063,0.0304354,0.0425258,m2
18986053,0.0012,-0.0128476,0.0149567,m2
19000668,0.0004,0.0421873,0.015249,m2
17405329,0.0251,-0.0163289,-0.0273587,m2
18358511,0.13995,-0.0258693,-0.0349524,m2
19000073,0.00025,0.0743903,0.0867047,m2
18979682,0.0006,0.0547826,0.0548703,m2
18924152,0.00895,-0.0890093,-0.0905155,m2
18950566,0.0034,0.0247951,0.0328959,m2
18571861,0.0057,-0.0441282,-0.0304484,m2
18905777,0.00155,0.0107405,-0.000160785,m2
8487879,1.0,0.000721323,0.00633882,m2
18967648,0.01015,0.00734957,0.022073,m2
18964716,0.00215,-0.0023403,-0.0179906,m2
18982795,0.0029,0.0285056,0.0300869,m2
19001022,5.0e-05,-0.0222844,-0.0166754,m2
18999913,5.0e-05,0.0010745,-0.0518221,m2
19001021,5.0e-05,0.095409,0.108165,m2
18990317,0.00035,0.132427,0.0953723,m2
18727997,0.0202,-0.0344344,-0.0225418,m2
18807872,0.00645,-0.00776433,-0.0168813,m2
18739840,0.05775,-0.0219357,-0.0336033,m2
18998946,0.0002,-0.0498273,-0.0186007,m2
18993624,0.0005,-0.0264382,-0.0349627,m2
19000072,0.0003,-0.00585111,0.00434336,m2
19000454,5.0e-05,0.00869274,-0.0276009,m2
18408465,0.0487,0.000441234,-0.00398648,m2
18918063,0.00185,0.00969883,0.00510041,m2
18777160,0.0159,-0.0429708,-0.0408782,m2
18531977,0.03095,0.0311722,0.0111449,m2
18944120,0.00465,0.0455057,0.0152223,m2
18992840,0.00025,-0.0447898,-0.0137568,m2
18354523,0.1012,0.0181343,0.0307754,m2
18998945,0.0002,0.0168955,0.00259661,m2
18995533,0.00095,-0.0243876,-0.0235243,m2
18305922,0.0285,-0.00889098,0.0125519,m2
18993622,0.0002,0.0243553,-0.0117396,m2
19000666,5.0e-05,0.0091238,-0.0242974,m2
18997964,0.00095,0.048088,-0.00697769,m2
18838543,0.03895,0.0189075,0.0346185,m2
18981438,0.00635,-0.0271621,-0.00754464,m2
19000835,5.0e-05,0.0658295,0.0717912,m2
18556373,0.01605,0.0493838,0.0182487,m2
3915878,1.0,0.0260618,0.00641933,m2
18999336,0.0003,-0.0532459,-0.0545291,m2
18997796,0.0001,0.0272236,-0.000983679,m2
19000452,5.0e-05,0.0352195,0.0315956,m2
12638509,1.0,-0.0158977,0.0196602,m2
19000071,0.0001,0.0483003,0.0683653,m2
18422750,0.062,-0.0205693,-0.00968454,m2
18206682,0.1273,-0.0188192,0.0194089,m2
18992235,0.00205,-0.00960577,-0.0352674,m2
7657761,1.0,-0.000130583,-0.00640262,m2
19000664,0.0001,0.00520459,-0.0293419,m2
19000834,5.0e-05,0.0576834,0.0188128,m2
18186178,0.119,0.0247907,0.0178909,m2
18985088,0.0022,0.00725395,-0.0102233,m2
8884413,0.5265,0.00639561,0.00178494,m2
18984501,0.00295,0.0504128,0.0722139,m2
19000663,0.0001,-0.0483507,-0.0541163,m2
18987039,0.0019,-0.0276143,-0.0267841,m2
18606872,0.0288,-0.00569296,0.0129967,m2
7107019,1.0,-0.0125195,-0.0146367,m2
18997794,0.0005,-0.10883,-0.111143,m2
18988551,0.00125,0.00236812,0.0254501,m2
15050798,0.19625,0.00800756,-0.00265075,m2
19001020,5.0e-05,0.0183952,0.0513122,m2
18996689,0.0003,-0.0408323,-0.0381342,m2
19000833,5.0e-05,-0.00514083,-0.0147018,m2
18993026,0.00045,-0.0727326,-0.0208934,m2
18968581,0.0004,-0.0547716,-0.0373535,m2
18999333,0.0003,-0.0282108,-0.0254852,m2
18192874,0.0034,0.0355735,0.0254919,m2
18990114,0.0037,-0.0113147,-0.0213246,m2
18995130,0.00115,-0.000976705,-0.0407651,m2
18998745,5.0e-05,-0.0251399,-0.00594043,m2
18953008,0.0002,-0.146065,-0.100446,m2
18987542,0.00015,-0.00881153,-0.0186986,m2
18997430,0.0004,-0.00895939,-0.0128894,m2
18996882,0.0003,0.0166744,0.0169896,m2
10969534,1.0,-0.00205622,-0.0176355,m2
18871260,0.00965,0.000708995,0.0106645,m2
18988343,0.00375,-0.00587825,7.20468e-05,m2
19000832,5.0e-05,-0.0212799,0.0110122,m2
19001019,5.0e-05,-0.0370082,-0.0320474,m2
18991417,0.0004,-0.0308165,-0.042029,m2
18987394,0.004,-0.0183455,-0.0654067,m2
18999331,0.00035,0.0314726,0.038908,m2
18999147,0.0005,0.0399375,0.0417696,m2
18997427,0.0003,-0.0456318,-0.0248334,m2
19001018,5.0e-05,-0.028415,-0.0128685,m2
18971975,0.00095,-0.0630687,-0.0532183,m2
18738886,0.01675,-0.0452601,-0.020869,m2
18853100,0.01465,-0.00849969,-0.0277079,m2
18999498,0.0009,-0.00679806,0.00406581,m2
19000830,5.0e-05,-0.0319574,-0.0272423,m2
18995529,0.0004,-0.0434528,-0.0252774,m2
19000829,0.0001,0.043366,0.015127,m2
19000448,5.0e-05,0.0214825,0.0310041,m2
19001017,5.0e-05,0.00506123,-0.0334809,m2
19000658,5.0e-05,-0.0380257,0.0078721,m2
18978788,0.0002,0.0143355,0.0125483,m2
18994368,0.0004,0.0401734,0.0151249,m2
5698080,1.0,0.0151771,0.0269487,m2
18953157,0.0137,-0.0198329,-0.0170528,m2
18973735,0.0025,-0.0105326,0.0175955,m2
18913708,0.005,0.0510223,0.0295555,m2
18999146,0.0002,0.0359733,0.0211205,m2
18999704,0.0007,-0.0406864,-0.0196606,m2
18997225,0.0021,0.00130855,0.00257347,m2
19001016,5.0e-05,0.00399463,0.0134331,m2
18963951,0.0011,0.0542728,0.0422412,m2
18969335,0.0035,-0.0139305,-0.0204925,m2
19000826,5.0e-05,-0.0217969,0.0169733,m2
18751271,0.01255,-0.0180213,-0.0569897,m2
18979498,0.0067,-0.0863609,-0.0824622,m2
18999143,0.0001,0.0185318,0.0150829,m2
18893760,0.01075,-0.0572314,-0.0567893,m2
18904868,0.01575,-0.00803616,0.0112293,m2
19000444,5.0e-05,0.0469954,0.0550654,m2
18983887,0.00115,-0.021058,-0.030819,m2
19001015,5.0e-05,-0.0907391,-0.0656842,m2
19000067,5.0e-05,-0.00621247,0.00177884,m2
18977854,0.00285,-0.020012,0.0132661,m2
19000825,5.0e-05,0.0347527,0.0405348,m2
18987951,0.0005,-0.0178938,0.0433293,m2
18562964,0.0181,0.00177809,-0.016942,m2
18949747,0.0026,0.0427947,0.0481736,m2
18971777,0.0025,-0.0424818,-0.0318643,m2
18993418,0.00115,0.0330117,0.0164531,m2
18993018,5.0e-05,0.0526528,0.0679739,m2
18977853,0.0133,-0.0864596,-0.0773546,m2
18994161,0.00495,0.0016378,-0.0150535,m2
11124171,0.33895,-0.00458469,-0.00925741,m2
18998940,0.0009,0.0163206,0.0402895,m2
16386969,0.28175,0.00253909,-0.00447113,m2
19000656,0.0002,0.0260566,0.0360496,m2
18889838,0.01715,0.0227718,-0.0238046,m2
19000655,0.0001,0.0475651,-0.00397199,m2
18924504,0.00925,-0.00306917,-0.00211414,m2
18996299,0.0001,-0.0143251,0.00582031,m2
18957083,0.00265,-0.0952535,-0.104643,m2
18988946,0.00155,0.00338201,-0.00472925,m2
19000254,0.00035,-0.0198868,0.0031273,m2
18987028,0.00645,0.0269076,0.0484957,m2
18997044,0.00065,0.011448,0.0392552,m2
19001014,5.0e-05,-0.0776397,-0.0934272,m2
18991592,5.0e-05,0.0566877,0.0630934,m2
18995525,0.00035,0.144504,0.131923,m2
19000654,0.00015,-0.0890756,-0.044914,m2
18962403,0.0031,-0.00487064,-0.00998376,m2
19000441,5.0e-05,-0.0455011,-0.0341929,m2
19000653,0.0001,-0.0114069,-0.0538643,m2
18998564,0.00055,-0.0485996,-0.0247336,m2
18966224,0.00135,-0.00887717,-0.00609902,m2
14903157,1.0,0.00742551,0.000943853,m2
18999491,0.0005,0.0900931,0.061405,m2
15011865,0.2715,0.01237,0.0187928,m2
18991411,0.00115,0.0184519,-0.00925852,m2
18865901,0.001,-0.0223545,0.0143648,m2
18971217,0.00635,0.0171844,0.00352223,m2
18983724,0.00255,-0.0687026,-0.0571201,m2
18963167,0.0019,-0.0166355,-0.0170982,m2
18544740,0.0387,0.00322708,0.0308362,m2
18995522,5.0e-05,-0.0450353,-0.0392666,m2
18970258,0.00875,0.00954714,0.00661083,m2
18991064,0.00085,0.0688022,0.0647471,m2
18984487,0.00435,-0.0301019,-0.030973,m2
18377822,0.02805,-0.0516215,-0.0319925,m2
18993015,0.00155,-0.0581861,-0.0384508,m2
12172293,1.0,0.0320885,0.0268335,m2
19000440,5.0e-05,0.074531,0.048678,m2
18888160,0.0321,0.034649,0.0414338,m2
18864824,0.0056,0.0612244,0.104202,m2
15784178,0.03895,0.00496203,0.0184028,m2
4572175,0.50695,0.00634452,0.00156836,m2
18964870,0.0098,-0.00873949,-0.0141037,m2
18989540,0.00015,0.0134123,-0.0160926,m2
18991588,0.00275,0.00480041,-0.016648,m2
18999901,5.0e-05,-0.0075796,0.000825819,m2
18767110,0.0596,0.00749535,0.00483481,m2
18187679,0.00195,-0.0337469,0.010983,m2
18998739,0.0001,-0.0442502,-0.016218,m2
18954299,0.01285,-0.00126927,0.0378217,m2
18947463,0.0002,-0.00515681,0.0156023,m2
18835270,0.0056,0.0125892,-0.00744646,m2
13546290,0.09075,-0.00244798,0.00553187,m2
18978941,0.0019,-0.026687,-0.0459509,m2
18838130,0.00095,0.0040324,0.0167937,m2
18484170,0.08525,-0.00514609,0.0159301,m2
19000652,0.0002,0.0129404,0.034895,m2
18973726,0.01155,0.119749,0.0747909,m2
18993415,0.0001,-0.0603951,-0.0379024,m2
19000251,0.00015,-0.0348733,-0.0221519,m2
18994543,0.00015,0.0101034,0.00319277,m2
18967836,0.00565,-0.0179326,-0.0294607,m2
17587538,0.3196,-0.0153027,-0.00456075,m2
18930281,0.02855,-0.00513283,-0.0142317,m2
18742095,0.0059,-0.0148873,-0.0171649,m2
17064274,0.62305,-0.010646,0.00598118,m2
18503670,0.0622,0.0224335,-0.000203256,m2
18834920,0.01265,0.0162473,0.040371,m2
19001013,5.0e-05,0.0667567,0.0696336,m2
18965491,0.0015,0.010166,0.0101519,m2
18895844,0.00285,0.0301241,0.0260612,m2
19001012,5.0e-05,-0.0342202,-0.00404344,m2
18510491,0.05055,0.00946901,0.0119484,m2
18984096,0.0019,-0.0140082,-0.0184468,m2
18982601,0.0047,0.00335701,-0.00336184,m2
18999899,0.0002,0.0291269,-0.023042,m2
18991816,0.00035,-0.0667319,-0.068445,m2
11881777,1.0,0.0228998,0.0191945,m2
19000438,0.0001,0.00505646,0.0228942,m2
18998936,0.0001,-0.0858717,-0.0780165,m2
18996295,0.001,-0.0734236,-0.0940231,m2
19000824,5.0e-05,-0.0486032,-0.0485166,m2
18985274,0.00385,0.00569765,0.0276888,m2
19000062,0.00025,-0.0461954,-0.071571,m2
18961233,0.0014,0.123219,0.0867044,m2
18985273,0.00045,-0.00948106,0.0292535,m2
18100787,0.09105,0.0188561,0.0246265,m2
18946714,0.00475,0.0312893,0.00342826,m2
16437597,0.3523,-0.0249781,-0.0155585,m2
18656255,0.02075,0.0309406,0.0362964,m2
18997782,0.0009,0.0343906,0.0026049,m2
18998361,0.00045,-0.109179,-0.0936287,m2
17788301,0.41525,0.00958484,0.0119087,m2
18991586,0.0025,-0.0036829,0.031142,m2
19000437,5.0e-05,0.000982693,0.0115495,m2
18999325,5.0e-05,0.0334426,0.0428877,m2
18130205,0.19525,0.0191818,-0.0141746,m2
18991408,0.0005,-0.0400377,-0.0632265,m2
18994899,0.0002,0.0226607,-0.00990524,m2
18482973,0.0601,-0.0124701,-0.0313752,m2
18873096,0.0364,0.0102574,0.0167419,m2
18938112,0.00275,0.0471167,0.0477358,m2
19001011,5.0e-05,0.00684169,0.025589,m2
18993409,0.00025,-0.0564718,-0.0533343,m2
19000249,0.00025,0.0282632,-0.00724407,m2
18978937,0.0014,0.00643411,0.0195315,m2
19000061,0.00025,-0.0139649,0.0134235,m2
18964865,0.00305,0.00566052,0.0305526,m2
18942391,0.0038,0.0289342,0.0268423,m2
18790065,0.013,0.00480535,0.0162347,m2
19000248,5.0e-05,0.0656153,0.0717074,m2
19000059,0.0001,0.0234731,0.0453841,m2
19001010,5.0e-05,0.0520146,0.0539406,m2
18998733,0.00035,0.0309792,0.0429398,m2
18986834,0.00055,0.0527045,0.0432936,m2
18999698,0.0002,-0.0919344,-0.0987529,m2
18980841,0.00045,-0.0690451,-0.00295041,m2
18917142,0.00235,0.00315272,-0.000603904,m2
19000247,0.0001,-0.0109869,-0.0142661,m2
19000649,0.00015,0.0588088,0.0301598,m2
19000245,0.0005,-0.04256,-0.0174384,m2
18954491,0.0061,-0.0158156,-0.00136334,m2
18992824,0.0009,-0.0300555,-0.033202,m2
18381203,0.0162,0.0557566,0.0608687,m2
19000821,5.0e-05,0.0709797,0.0502481,m2
18996290,0.00135,0.0096228,0.0379846,m2
18993983,0.00055,-0.0786193,-0.0677874,m2
18986230,0.0002,0.0781598,0.0978853,m2
15510183,0.9038,-0.0067022,0.0119276,m2
18957075,0.0024,0.0500123,0.060416,m2
18595465,0.17195,0.0158904,0.0119718,m2
18993982,0.00145,0.0109648,0.00755029,m2
18987205,0.00125,-0.00553697,0.037178,m2
19000243,0.00025,-0.0766862,-0.0821726,m2
18998930,0.0001,-0.00886314,-0.00639899,m2
19000647,0.0002,-0.0365584,-0.015938,m2
18915394,0.0064,-0.0186977,0.00185389,m2
19001009,5.0e-05,-0.0420036,-0.0406195,m2
18489593,0.1061,-0.00885336,0.0462194,m2
18996083,0.0003,-0.105651,-0.0928913,m2
19000820,5.0e-05,0.0702169,0.0717228,m2
18737287,0.0122,0.0175038,0.0626385,m2
18953139,0.01105,0.0188911,0.0167344,m2
18996867,5.0e-05,-0.0295726,-0.0289772,m2
11688244,0.2679,-0.0251011,-0.00245445,m2
18974517,0.0013,0.00803587,0.0199051,m2
18854047,0.03375,-0.00199988,-0.00619095,m2
18955612,0.00145,0.03472,0.0419522,m2
18861809,0.0019,-0.0146409,-0.00261807,m2
14395503,1.0,0.02022,0.00901464,m2
18998165,0.00065,0.0283934,0.0627698,m2
18994896,0.0002,-0.0535394,-0.062251,m2
18999133,5.0e-05,-0.0394769,-0.0170126,m2
19001008,5.0e-05,0.0688333,0.0762274,m2
18965861,0.012,-0.00893834,-0.000194364,m2
15325746,0.86255,-0.0175232,-0.000327905,m2
18996080,0.00015,-0.0442975,-0.0626008,m2
19000818,5.0e-05,0.032026,0.0322794,m2
18554211,0.07225,0.0340232,0.0440635,m2
18961798,0.0068,0.0205408,0.0385976,m2
18998555,5.0e-05,0.0437261,0.0298174,m2
18890010,0.0064,-0.00757554,-0.0236226,m2
18997036,0.001,-0.0898375,-0.0848649,m2
19001007,5.0e-05,-0.00598131,-0.0170914,m2
18688801,0.01355,-0.0416975,-0.0470297,m2
18992218,0.0009,-0.0588844,-0.0402247,m2
18995329,0.00175,0.0222335,-0.0176261,m2
18467582,0.0138,0.0108809,-0.00773151,m2
18992216,5.0e-05,-0.0674201,-0.0920647,m2
18974328,0.00225,0.030792,0.0134282,m2
18971584,0.0077,-0.00729016,4.64452e-06,m2
18660143,0.02875,0.0278506,0.0284421,m2
18727043,0.0048,-0.0659245,-0.0627598,m2
19000055,0.0001,0.0689369,0.0295943,m2
18944267,0.00355,-0.00130841,-0.0342508,m2
18994895,0.00045,-0.0608509,-0.0385033,m2
18099462,0.1609,0.0123457,0.0151019,m2
18980021,0.0042,-0.00290029,-0.0254673,m2
16845771,0.1296,0.0117021,0.00256716,m2
3594124,1.0,-0.0154644,-0.0163975,m2
18902345,0.0067,-0.0482007,-0.0659452,m2
18994535,0.00055,-0.00257706,-0.0220031,m2
15633804,0.6531,-0.00135968,-0.018964,m2
18992819,0.00165,-0.0747186,-0.0645673,m2
18903700,0.012,-0.0270717,-0.0391464,m2
18450697,0.02195,0.0020944,0.00239688,m2
19000431,0.00035,-0.0246381,0.0183591,m2
18952012,0.0076,0.0237674,0.0037685,m2
19000242,0.0002,-0.0147792,-0.0461824,m2
18470859,0.04215,0.0144449,0.00868299,m2
18995904,5.0e-05,-0.0456193,-0.0298127,m2
18565996,0.01735,-0.0174192,-0.0354856,m2
18997035,0.00035,0.00352672,-0.00372402,m2
18999318,0.0007,-0.023221,0.00151213,m2
18873087,0.00225,0.00111222,-0.0126362,m2
17521760,0.3956,0.001045,0.0248263,m2
18994145,5.0e-05,-0.0677968,-0.0771793,m2
19000430,0.0002,0.00227922,-0.00309774,m2
18999891,0.0007,-0.0363785,-0.0656796,m2
18880781,0.00675,0.0679272,0.076803,m2
18923170,0.0006,0.0340391,0.0596861,m2
18999692,0.00015,0.0109482,0.0107453,m2
18997771,5.0e-05,0.0315592,0.0413259,m2
14169422,0.2268,0.0217858,0.00726088,m2
5160914,1.0,-0.0236698,-0.0264524,m2
18998162,0.0006,-0.113661,-0.0767154,m2
18997033,0.0009,0.010932,-0.0121622,m2
18975222,0.0039,-0.0233166,-0.0406585,m2
18697264,0.01045,0.0503887,0.03468,m2
18993401,0.00035,-0.0941824,-0.063636,m2
18995327,0.0008,0.0251984,-0.0127358,m2
19000429,0.0001,0.11287,0.103584,m2
17754837,0.29785,-0.00759748,-0.0120695,m2
19000240,0.00025,-0.0343777,-0.00885668,m2
18986424,0.00105,-0.0696108,-0.0730769,m2
18772067,0.01735,0.0290369,0.00361309,m2
18830269,0.02315,0.0331193,0.0115459,m2
18997610,0.00095,-0.00650288,-0.0368942,m2
5816735,1.0,-0.0262101,-0.0165179,m2
18987373,0.0064,0.0281806,0.0244601,m2
18995713,0.0003,-0.0066706,-0.00545191,m2
18998725,0.00025,0.00621755,-0.00180157,m2
18952010,0.01075,0.0252637,0.0626765,m2
18855183,0.0022,0.0515836,0.050451,m2
18771319,0.05925,0.0239633,0.0258877,m2
18986018,0.00015,0.0141952,0.00703672,m2
18536529,0.02325,0.0364385,0.0338189,m2
19000644,0.0003,-0.0213676,-0.00806053,m2
19000817,5.0e-05,0.0283347,0.00140896,m2
18964290,0.00515,-0.0309274,-0.0554841,m2
376006,1.0,0.00251326,-0.00150039,m2
19001006,5.0e-05,0.0468293,0.054061,m2
19000052,0.0001,0.0917897,0.11912,m2
9754882,1.0,-0.000414352,-0.013663,m2
18565082,0.02705,-0.0112447,0.00327661,m2
695222,1.0,0.0333847,0.0309985,m2
18975638,0.0036,0.133635,0.124067,m2
917913,1.0,0.0148001,-0.0119166,m2
19000051,0.0001,-0.00520319,-0.0459884,m2
18984853,0.0007,0.0169075,0.0140635,m2
18953319,0.0022,-0.0450106,-0.0505407,m2
18853078,0.0063,0.0208354,0.0450046,m2
18998551,0.0002,-0.0556099,-0.042166,m2
18962948,0.00305,0.0320744,0.00517221,m2
18928528,0.01,0.0976383,0.059735,m2
19000050,0.00035,0.0228482,0.0305965,m2
18999886,5.0e-05,-0.0905948,-0.111337,m2
18989524,0.00145,0.0252155,0.0412345,m2
18996668,0.00015,-0.0361842,-0.0188948,m2
18991804,0.0055,0.0615685,0.056538,m2
19001005,5.0e-05,0.0872428,0.101593,m2
18998550,5.0e-05,-0.0150285,-0.0129123,m2
18911574,0.0088,0.0552714,0.045815,m2
18998924,0.0003,0.0415155,0.0323977,m2
18899865,0.01965,0.0177607,0.0467241,m2
18997766,0.0009,-0.0977785,-0.129031,m2
18996860,0.00125,-0.00252012,-0.00388,m2
18999478,0.0001,-0.0291852,-0.0759362,m2
18996483,0.0001,0.00159796,0.0152342,m2
19001004,5.0e-05,0.00959538,0.030592,m2
18917470,0.0063,-0.0100042,-0.0149697,m2
18973913,0.00635,0.0132943,0.0460368,m2
19000427,0.00015,-0.0700839,-0.0661415,m2
17966574,0.8264,-0.0103654,-7.63044e-05,m2
18858063,0.0026,0.017773,0.0304269,m2
19000643,5.0e-05,-0.0674192,-0.0718027,m2
18547766,0.00375,0.0117592,0.00851156,m2
18995102,0.0015,0.131211,0.147768,m2
19001003,5.0e-05,0.0195101,0.0127387,m2
18825577,0.01245,0.0125358,-0.0129843,m2
18999883,0.00015,0.0242749,0.0143279,m2
18974859,0.00015,-0.0555195,-0.0239558,m2
19000641,5.0e-05,0.00970377,0.0200312,m2
18964693,0.0087,-0.0261296,-0.00865215,m2
18484148,0.03935,-0.0635794,-0.0385498,m2
18999313,0.00025,0.00885823,0.012238,m2
19000049,5.0e-05,0.0762145,0.0645874,m2
15321360,0.1111,-0.0140949,0.00315726,m2
18996074,5.0e-05,0.0136479,-0.0166047,m2
18996282,0.00095,-0.0285635,-0.0179692,m2
19001002,5.0e-05,0.00845552,0.0221142,m2
18756443,0.02755,-0.0187962,-0.0373301,m2
5397356,1.0,-0.0128182,-0.000931281,m2
18991799,0.0002,0.0204293,0.0011815,m2
12775949,0.9195,-0.0149294,-0.017484,m2
18909696,0.0001,-0.00415273,-0.00568394,m2
18886063,0.0012,-0.0145799,-0.0418241,m2
19001001,5.0e-05,0.0313074,0.0220028,m2
19000639,0.00015,0.035746,0.0524439,m2
18880399,0.01075,-0.0269663,-0.0200481,m2
19000814,5.0e-05,0.0276751,0.0360439,m2
18891151,0.035,-0.0236975,-0.0509168,m2
18924125,0.0077,0.00144701,-0.0266827,m2
18995504,0.00145,0.0852224,0.0688049,m2
18998160,0.0005,-0.00244433,0.0432148,m2
18955057,0.00105,0.0332621,0.0441512,m2
19000637,5.0e-05,-0.0257212,-0.0328553,m2
18968190,0.0074,0.0274619,0.018765,m2
18933773,0.0004,0.0659405,0.076799,m2
19000813,5.0e-05,0.124427,0.09849,m2
17558428,0.02465,0.0125395,-0.0120432,m2
19000235,0.00015,0.0264743,0.0459463,m2
18966202,0.01555,0.0272328,0.0537403,m2
17948682,0.29415,0.0282435,0.0184196,m2
18995894,0.00075,0.0316134,-0.0219735,m2
18985455,0.00125,0.020625,-0.00420677,m2
17888293,0.0765,0.00699318,-0.0131504,m2
18976016,0.00545,-0.0365993,-0.0642328,m2
18568440,0.00525,0.00691419,-0.0143179,m2
18998920,0.0003,0.0203293,0.0203959,m2
18893330,0.0379,-0.0286248,-0.0193002,m2
18789478,0.03235,-0.01442,-0.00679483,m2
18529323,0.1001,0.0456408,0.00175256,m2
18983133,0.00345,0.0159183,0.04278,m2
18908638,0.0035,0.0722042,0.0580246,m2
11793718,1.0,0.00736752,0.0204587,m2
18998346,5.0e-05,0.0243421,0.011613,m2
16357867,0.23815,0.00813385,0.0185922,m2
18838683,0.0067,-0.0333722,-0.0342088,m2
19000636,0.00015,-0.0238049,-0.00722885,m2
18997031,0.00095,-0.000342251,0.0238268,m2
18852652,0.0085,-0.00991003,0.0098438,m2
19000811,5.0e-05,0.0742074,0.0570731,m2
18981417,0.0075,-0.050177,-0.0472231,m2
9872039,1.0,-0.00430712,0.0163756,m2
19000419,5.0e-05,0.0115973,0.00638512,m2
18993971,0.0019,-0.090345,-0.0705919,m2
18961413,0.00295,-0.00867893,-0.0387452,m2
19000999,5.0e-05,-0.0394837,-0.0125809,m2
18985856,0.00105,-0.0918295,-0.04466,m2
11320253,1.0,-0.0148646,-0.00836951,m2
18791701,0.0051,0.0453894,0.00760338,m2
18999877,5.0e-05,-0.0221198,-0.0121721,m2
18999473,0.00015,-0.00877412,-0.0094018,m2
19000998,5.0e-05,0.165513,0.156135,m2
19000418,0.0001,0.0360295,0.0111392,m2
18975213,0.00015,0.00814678,0.030422,m2
19000997,5.0e-05,0.0235747,0.045559,m2
18720375,0.0204,-0.0288166,-0.00913264,m2
18963146,0.002,0.00747248,-0.00412111,m2
18998156,0.0005,0.0307761,-0.00328782,m2
19000044,0.00015,0.0408029,0.000591892,m2
18999307,0.0002,0.03019,0.00636233,m2
19000808,0.0001,0.102426,0.0860263,m2
18998915,5.0e-05,0.0159438,-0.0217353,m2
18695218,0.04555,-0.0371507,0.0291377,m2
18504793,0.05995,-0.041234,-0.0226721,m2
18973473,0.0034,-0.019896,-0.0374406,m2
18713009,0.06565,-0.0387652,-0.015541,m2
18960858,0.00195,0.0228774,-0.0145705,m2
18999676,0.00015,-0.00371747,0.0125151,m2
18991983,0.0005,0.076818,0.0573606,m2
18933771,0.00075,0.0480282,0.0751761,m2
18988522,0.0004,0.0379539,0.0302667,m2
18997597,0.0011,0.0413349,0.0411318,m2
18961783,0.0058,0.0218562,0.0463792,m2
18981595,0.0015,0.00346908,0.0289806,m2
18993199,0.00015,0.0322395,0.0106706,m2
19000043,0.0002,0.0455683,0.0479954,m2
18923369,0.0002,0.0132388,0.00343445,m2
18985854,0.0001,0.0152418,0.0190818,m2
12851826,1.0,0.0195739,0.0175812,m2
19000996,5.0e-05,0.0246964,0.00458816,m2
17477873,0.0529,0.00289522,0.00362882,m2
18910994,0.00045,0.0505507,0.0121897,m2
18996852,0.0007,-0.00163419,-0.00322764,m2
19000995,5.0e-05,-0.0231083,-0.0690818,m2
18989889,0.0005,0.0148001,-0.0157952,m2
18991793,0.0016,-0.0862943,-0.0724531,m2
18380502,0.0263,-0.0407315,-0.0641567,m2
19000805,0.00015,-0.000826862,0.0379555,m2
16582716,0.0815,0.00521455,-0.000254863,m2
18758574,0.00085,-0.0601728,-0.0906086,m2
18983299,0.0051,0.0506737,0.0909907,m2
18984083,0.00085,0.0623431,0.0415776,m2
18994132,0.0005,0.0132973,0.00547463,m2
19000994,5.0e-05,-0.0696889,-0.0655347,m2
17792033,0.063,0.0156089,0.00218942,m2
19000993,5.0e-05,0.0473788,0.0625155,m2
18786655,0.00295,0.0246087,0.012287,m2
18984082,0.00565,-0.0574567,-0.0348707,m2
18994131,0.0004,-0.014196,-0.0155583,m2
17496915,0.0421,-0.0263888,-0.0134241,m2
18989292,0.00075,-0.00425437,-0.041438,m2
18311494,0.00275,0.0227469,0.00265484,m2
18991388,0.00185,0.0361166,0.042497,m2
18987362,0.00165,0.0313469,0.00456498,m2
18981590,0.00015,-0.0516607,-0.061437,m2
19000804,5.0e-05,0.0515897,0.040209,m2
19000416,0.00025,0.0419041,-0.0153818,m2
18990083,0.0012,-0.038372,-0.0418159,m2
18997592,0.0004,-0.0561851,-0.0309132,m2
18983296,0.00645,-0.000439215,-0.00643127,m2
18999122,0.0002,0.0520691,0.0797013,m2
19000992,5.0e-05,0.0819624,0.0637433,m2
18875293,0.00315,0.0424075,0.0115828,m2
18998910,0.00015,0.00739112,-0.00610752,m2
18994517,0.00335,0.0342479,0.0189591,m2
19000991,5.0e-05,0.0169638,0.0296589,m2
18993779,0.00065,-0.0726184,-0.0587488,m2
18997591,0.00015,0.0230248,0.021566,m2
16026940,0.81775,-0.00519378,-0.0125753,m2
18998152,0.0003,0.0266565,0.0228687,m2
18999469,0.0002,0.021073,0.0282785,m2
18995494,0.00085,0.0230905,0.0267902,m2
19000630,0.0001,0.0295935,0.0446984,m2
18851494,0.01495,0.0232477,0.0216517,m2
19000990,5.0e-05,-0.0288284,-0.0501454,m2
18026054,0.06705,-0.00811524,-0.0323659,m2
18573902,0.0122,0.0292377,-0.0082507,m2
19000803,5.0e-05,0.089267,0.0858995,m2
19000040,0.00015,0.00444745,0.0377966,m2
18997020,0.00015,0.00243846,0.0320402,m2
18998539,0.00035,0.0642309,0.0658609,m2
18993775,0.0014,0.0128525,0.00459637,m2
19000413,0.00015,0.0419501,0.0369295,m2
18992195,0.00035,-0.0555019,-0.0668296,m2
18996651,0.00055,0.0216924,-0.0145836,m2
18990650,0.0016,-0.0168603,-0.0356757,m2
18135757,0.0015,-0.00441904,-0.0108046,m2
18999467,0.0007,-0.00937385,-0.0158467,m2
18914991,0.02145,0.0525161,0.0481551,m2
18892112,0.00895,0.0415928,0.0223665,m2
18910804,0.00365,0.0343765,0.0154728,m2
18991042,0.0027,-0.0196411,-0.0314162,m2
18995307,0.0011,0.0716794,0.0742783,m2
18910610,0.03575,0.0135827,0.00225773,m2
18994680,0.00175,0.0195716,0.020366,m2
18540137,0.002,-0.0367139,-0.0254526,m2
18997920,0.00065,0.0683888,0.121364,m2
18980988,0.01115,-0.00103564,0.0237806,m2
18978912,0.0063,0.0669743,0.0515933,m2
18039501,0.02925,-0.0398771,-0.0354325,m2
18998715,5.0e-05,0.044643,0.0625322,m2
18976710,0.00585,0.0415892,0.0562851,m2
18997017,0.0001,0.0339274,0.0526714,m2
18976538,0.00295,-0.0652788,-0.047355,m2
18964851,0.00275,-0.069528,-0.0185881,m2
11774004,1.0,-0.00931754,-0.000551959,m2
18914056,0.00545,-0.0082122,0.0127575,m2
18007255,0.0052,-0.0180961,-0.0392504,m2
18940352,0.00355,0.00332516,0.00994017,m2
18991041,0.0001,0.0468359,0.0457647,m2
18970812,0.0028,-0.00322135,-0.0140799,m2
18512892,0.0026,-0.0157109,-0.00540216,m2
19000039,0.0001,-0.0137025,-0.0200468,m2
18839988,0.00845,-0.00214799,-0.0032389,m2
18865874,0.0026,-0.0907195,-0.0911211,m2
18983122,0.0094,-0.069629,-0.0329321,m2
18926565,0.0007,-0.0206016,-0.0164316,m2
18979281,0.00085,-0.0103021,-0.00413566,m2
18994333,0.0014,-0.0529169,-0.0557335,m2
18898916,0.00715,-0.0507131,-0.0417068,m2
18938277,0.0006,0.0478703,0.0582119,m2
18376424,0.0213,0.0490218,0.0292115,m2
18945379,0.00775,-0.0428192,-0.0285407,m2
9444410,1.0,-0.013654,-0.0190499,m2
18962929,0.00065,0.0701425,0.0726691,m2
18948354,0.00535,-0.0801475,-0.0312996,m2
1201334,1.0,-0.0181414,0.0122347,m2
18970998,0.0008,-0.0279149,-0.0295992,m2
19000038,0.0003,0.00214311,0.0236272,m2
18980824,0.00245,0.0743959,0.0685425,m2
19000801,5.0e-05,0.0254877,-0.00821279,m2
9902415,0.6969,-0.000159602,0.00510282,m2
18579042,0.01035,-0.0509193,-0.0452676,m2
18813525,0.00605,-0.0705185,-0.0466425,m2
19000988,5.0e-05,-0.0139483,-0.0355403,m2
18997399,0.00065,0.0764031,0.0777275,m2
18996841,0.0008,-0.0425679,-0.0188578,m2
18995695,0.00145,-0.0739535,-0.059087,m2
18872160,0.00765,0.015063,0.0235374,m2
19000037,0.00015,-0.0185196,-0.0578561,m2
164205,1.0,0.0190456,-0.0114518,m2
18068765,0.1233,-0.013166,-0.0101886,m2
18970639,0.0031,-0.0230227,-0.00269797,m2
19000987,5.0e-05,0.0304177,0.0745755,m2
19000223,0.0001,0.0803115,0.0833642,m2
19000222,0.0002,-0.0861577,-0.103037,m2
8359788,1.0,0.0136189,0.00811325,m2
16521882,0.55495,0.00759347,-0.000316599,m2
15965529,0.4395,0.0102778,0.00389999,m2
18988512,0.00055,0.0967615,0.059244,m2
18909886,0.0013,0.0230841,0.0234016,m2
19000799,0.0001,-0.062026,-0.0386318,m2
19000986,5.0e-05,0.0204693,0.0576343,m2
18995082,0.0002,0.0346868,0.0117675,m2
19000220,5.0e-05,0.000129527,0.00608426,m2
19000409,0.0004,-0.0321626,-0.0083132,m2
18953717,0.00125,-0.121551,-0.0968342,m2
18987172,5.0e-05,-0.00146803,0.017495,m2
19000985,5.0e-05,0.0483053,0.0546551,m2
18993955,0.00145,0.0176848,0.00138847,m2
18967983,0.00815,0.0453382,0.0299626,m2
17514520,0.14805,0.00421073,-0.0167471,m2
18964487,0.00335,-0.00715814,-0.00813744,m2
19000217,0.0001,0.0275089,0.0173284,m2
18986209,0.0112,-0.00538359,0.00922689,m2
18208009,0.10765,-0.0103221,-0.0306898,m2
18988301,0.00175,0.0360367,0.0256053,m2
11896444,1.0,0.0351084,0.0147054,m2
18999465,0.0001,0.00966084,-0.0204653,m2
18984637,0.00145,-0.0366752,-0.0451096,m2
867137,1.0,0.0132471,0.0286423,m2
19000627,5.0e-05,-0.0673047,-0.0825136,m2
18985042,0.0043,0.09413,0.129162,m2
18984635,0.0013,-0.035669,-0.0537346,m2
19000406,0.00015,0.0330121,0.0311087,m2
6291374,1.0,-0.00695974,0.00572554,m2
19000984,5.0e-05,0.0135755,0.0319811,m2
14574684,0.4648,-0.00104518,-0.00607174,m2
19000983,5.0e-05,-0.0951462,-0.0910992,m2
18997916,0.00025,-0.0478972,-0.0415083,m2
12136092,0.2137,0.00995616,0.00821704,m2
19000797,0.00015,0.0400136,0.0496437,m2
18993768,5.0e-05,0.0386727,0.0504329,m2
18932618,0.0383,0.00236902,0.0037065,m2
1970674,1.0,-0.00195851,0.00811786,m2
18999110,0.0005,-0.104293,-0.0824879,m2
18982148,0.0007,-0.0149187,0.00599412,m2
18997914,0.00025,0.0490898,0.014132,m2
19000982,5.0e-05,0.0620071,0.0383372,m2
18800072,0.02625,0.0411186,0.0543607,m2
18843201,0.01125,0.0243316,0.0417477,m2
18982745,0.00115,0.0390226,0.0592279,m2
18419087,0.0003,-0.00251685,0.012934,m2
18997576,0.00065,-0.022617,-0.0120386,m2
18793211,0.0162,-0.0631375,-0.0679516,m2
18999298,0.0002,0.0112895,0.00938496,m2
19000030,5.0e-05,-0.0769563,-0.0521952,m2
18951995,0.00055,-0.0177339,-0.0453743,m2
19000215,0.0001,0.0696971,0.0701875,m2
18995297,0.00225,0.0307244,0.0364238,m2
18999297,5.0e-05,0.00410152,-0.00793998,m2
19000981,5.0e-05,0.0942206,0.0994262,m2
5901060,0.5521,-0.0127661,0.00283316,m2
19000028,0.0001,0.00966601,-0.0240478,m2
17282890,0.0621,-0.0250854,-0.0219203,m2
18801886,0.0297,0.0504458,0.0527623,m2
18985599,0.00015,-0.0938151,-0.0698538,m2
19000027,0.00055,-0.0322521,0.000993124,m2
18997194,0.00075,0.0333706,0.048648,m2
18999665,0.00045,-0.06619,-0.0949437,m2
18894476,0.0096,-0.0201052,-0.0471613,m2
19000796,5.0e-05,0.0100109,-0.0175792,m2
18657017,0.0251,-0.0120221,-0.0282698,m2
19000795,0.0001,-0.0129459,0.00905405,m2
18998707,0.00015,-0.0513231,-0.0184435,m2
18999294,0.00055,-0.0536032,-0.0195805,m2
19000979,5.0e-05,-0.0501119,-0.0394944,m2
18986990,0.0009,0.0427547,0.0419126,m2
19000025,5.0e-05,0.066753,0.0330402,m2
18996259,0.0014,0.0606992,0.0407731,m2
18999664,0.0004,-0.0588337,-0.060269,m2
18995075,5.0e-05,-0.0707455,-0.0609939,m2
18999105,0.00015,0.0203912,0.0310468,m2
18995475,0.00035,0.00413912,-0.0032115,m2
19000978,5.0e-05,-0.00920666,0.0212296,m2
17352158,0.12565,0.00974826,0.0022669,m2
19000977,5.0e-05,-0.0243854,-0.027756,m2
18999855,5.0e-05,-0.0387533,-0.0618971,m2
18657231,0.00315,-0.000834615,0.0200688,m2
18988689,0.0001,-0.0759204,-0.0401533,m2
18996834,0.00095,-0.00652915,0.00213412,m2
18893875,0.0015,0.061168,0.0224067,m2
18982740,0.00015,0.0751825,0.0657911,m2
18515925,0.01165,-0.0306558,-0.047351,m2
18686179,0.07895,0.0163348,0.030947,m2
18931468,0.0014,0.046817,0.0529652,m2
18998330,0.0008,-0.0111577,-0.00990647,m2
18999661,0.0002,-0.0543866,-0.0582109,m2
18889426,0.00805,-0.00931985,-0.0127332,m2
18995687,0.0014,0.0274319,0.0322715,m2
18830248,0.0137,0.0382917,0.0509063,m2
18991551,0.0004,-0.0804489,-0.0707198,m2
18938271,0.02225,0.016303,0.0196048,m2
18995287,0.0011,0.0105605,0.0555214,m2
3556359,1.0,0.00449384,-0.034059,m2
18606445,0.00195,-0.0345465,-0.0323648,m2
18946471,0.0015,-0.016496,-0.0363266,m2
18409354,0.01825,-0.0114853,0.00800882,m2
18992576,0.00505,-0.0159197,-0.0202332,m2
19000793,5.0e-05,0.0160849,-0.010225,m2
18996458,0.0013,0.0745526,0.0353988,m2
18996054,0.002,0.0704319,0.0491856,m2
18999460,0.0002,-0.0442104,-0.0631183,m2
18999854,0.0001,-0.0512399,-0.0376418,m2
18978158,0.0011,-0.0224565,-0.00946723,m2
16127943,0.15515,0.010631,-0.036198,m2
19000976,5.0e-05,-0.0109682,0.0160913,m2
18674541,0.0167,0.0296699,0.00879468,m2
19000975,5.0e-05,-0.0430199,-0.0350875,m2
18980409,0.00125,-0.0386498,-0.00362366,m2
18994504,0.0005,0.06891,0.0723237,m2
18658560,0.0214,-0.00594308,0.0103946,m2
18901193,0.00035,0.065498,0.0884237,m2
18877525,0.0065,0.000755661,-0.0420203,m2
10278333,0.7666,0.005456,-0.0131317,m2
19000974,5.0e-05,-0.115136,-0.0755312,m2
17632967,0.4361,0.0286094,0.0161625,m2
18981784,0.0036,0.00751912,-0.021791,m2
15688132,0.45085,-0.0156886,-0.0201467,m2
16041568,0.17685,-0.00629591,0.013797,m2
18997003,0.0004,0.00456689,0.010141,m2
18997571,0.0001,0.0581368,-0.00883626,m2
18999851,0.0007,-0.0774875,-0.00718775,m2
18982737,0.0017,0.00498986,-0.00125453,m2
18999850,0.0003,-0.00252198,-0.013441,m2
18999285,0.00055,0.0123889,0.0210129,m2
19000790,5.0e-05,0.00202908,0.00841477,m2
18842816,0.0036,-0.0613862,-0.0311869,m2
19000973,5.0e-05,-0.044861,-0.0420443,m2
18885699,0.0122,0.0503643,0.022102,m2
19000788,5.0e-05,0.0231249,0.0242982,m2
18920632,0.00315,-0.0526041,-0.0146731,m2
18677813,0.0247,-0.0256251,-0.00139697,m2
18935819,0.00185,0.0227269,0.021918,m2
19000397,0.0001,-0.0503559,-0.00620403,m2
18477895,0.0011,-0.021468,-0.023388,m2
17331726,0.01705,-0.00106227,0.0181437,m2
19000396,0.00025,-0.0500251,-0.0649058,m2
19000620,0.0001,0.0234028,0.0189382,m2
18999849,0.0004,-0.0964894,-0.0798403,m2
18995684,0.0007,-0.0644964,-0.0919108,m2
18955229,0.0115,-0.017348,-0.0414482,m2
18951603,0.0011,-0.104879,-0.0579604,m2
19000394,5.0e-05,0.00134263,0.000737632,m2
19000972,5.0e-05,0.0804532,0.0911332,m2
18997181,0.00025,-0.0467678,-0.0718883,m2
18437113,0.0783,-0.0109381,-0.0232339,m2
18998696,0.00065,0.0155082,0.0126775,m2
18999655,0.00025,-0.0118694,-0.0269327,m2
18952746,0.0018,-0.0299223,-0.080501,m2
18968169,0.00265,0.0012452,0.0151789,m2
19000392,5.0e-05,0.0278562,0.0135737,m2
2775487,0.39965,0.00329805,-0.0135083,m2
18993178,0.0018,-0.0381502,-0.00729633,m2
19000619,5.0e-05,-0.00744797,-0.000807022,m2
18948341,0.01675,0.011026,-0.0139936,m2
19000391,0.00025,-0.00910713,-0.041397,m2
18990804,0.00025,0.00294263,-0.00334675,m2
18960092,0.0041,-0.0347663,-0.0145907,m2
18994317,0.00095,-0.0265757,-0.0254824,m2
18998134,0.00015,0.012651,0.0414367,m2
18998133,0.0001,0.0150797,0.0101916,m2
18999097,0.0002,-0.0722343,-0.065492,m2
18799994,0.00575,0.013896,0.0237549,m2
17452851,0.0627,0.010757,0.0042516,m2
19000786,5.0e-05,-0.093389,-0.0709175,m2
18985419,0.0021,0.0287403,0.00573998,m2
19000019,0.0002,0.036084,0.0142092,m2
9345216,1.0,0.00910917,-0.00931367,m2
18959703,0.0068,-0.00139998,-0.0301583,m2
18921604,0.01325,0.0482614,0.00863699,m2
10571416,1.0,-0.000439478,0.00538316,m2
18983276,0.0035,-0.0459046,-0.0397065,m2
19000390,5.0e-05,0.0107232,0.0411712,m2
18987902,0.00275,0.00654564,0.0385764,m2
18984804,0.0019,0.00484231,-0.00343032,m2
18995862,5.0e-05,0.0394398,0.0261632,m2
18446669,0.0816,-0.00848528,-0.0348316,m2
19000618,5.0e-05,0.0578672,0.0262959,m2
16136144,0.07925,-0.0241301,-0.0174063,m2
19000017,5.0e-05,-0.0118041,0.0409558,m2
18424278,0.00315,-0.0170369,-0.0360215,m2
18924861,0.00175,-0.0673965,-0.0404136,m2
18505670,0.03035,-0.0404552,-0.0390052,m2
18999280,0.00015,0.0356788,0.0606657,m2
18967783,0.01115,-0.0239153,-0.0183612,m2
14036467,0.4235,0.00201194,0.000985933,m2
18971915,0.002,0.0217563,0.044631,m2
18991190,0.00035,0.0408808,0.0150819,m2
19000971,5.0e-05,-0.020296,0.00131406,m2
19000207,0.0003,-0.00403937,-0.0249745,m2
16825960,0.10015,-0.00184657,-0.00995502,m2
18999094,0.00035,-0.0525178,-0.0521726,m2
18986365,0.0028,0.0339328,0.0337734,m2
10607186,0.33995,0.0122753,0.00996227,m2
19000206,5.0e-05,0.00293639,0.0145383,m2
18944996,0.00485,-0.00903904,-0.0371754,m2
16831303,0.10145,0.0306939,0.0248277,m2
19000970,5.0e-05,-0.0644862,-0.0552804,m2
19000784,5.0e-05,0.0982077,0.0914012,m2
18992975,0.00045,0.0866943,0.0859004,m2
18958771,0.00185,0.00147221,-0.00425981,m2
18996993,0.00025,0.0100169,0.0508308,m2
15034196,0.5622,0.011366,-0.0137375,m2
18881129,0.0014,0.0107855,0.0149478,m2
18861771,0.00155,0.0212851,0.0210853,m2
18986981,0.00055,0.00521745,0.00514206,m2
19000389,0.0001,0.021234,0.0122615,m2
19000969,5.0e-05,-0.0531561,-0.0623677,m2
18449164,0.0207,0.0343026,0.0387717,m2
18454704,0.04615,0.0274893,0.0404287,m2
18968164,0.0023,0.0191909,0.0432081,m2
16844618,0.01605,-0.0295877,-0.0244602,m2
18998688,5.0e-05,0.00900406,-0.0047757,m2
18979257,0.0005,0.0557403,0.0667326,m2
18990256,0.0024,0.0449055,0.0653198,m2
19000968,5.0e-05,0.038465,0.0101004,m2
18982924,0.0019,0.0115512,0.0237681,m2
18983101,0.00385,-0.0135721,-0.0247959,m2
3486438,1.0,0.00872717,0.00391704,m2
18886028,0.0036,-0.0483839,-0.0422816,m2
18966392,0.00285,-0.0047279,-0.033882,m2
18837352,0.02705,0.0213984,0.0148263,m2
19000388,0.0001,0.084234,0.0550282,m2
18997727,0.00075,-0.027621,-0.0646353,m2
4483333,1.0,-0.0165225,-0.0163835,m2
18814440,0.02735,-0.013368,-0.0109225,m2
18743174,0.0438,-0.0147157,-0.0168241,m2
18997563,0.0002,-0.0762569,-0.0792248,m2
19000967,5.0e-05,0.00787205,0.023945,m2
18985193,0.0013,0.0278976,0.069333,m2
18762266,0.0022,0.0166842,0.00173127,m2
18828731,0.0031,0.031066,0.00704883,m2
1502995,1.0,-0.00769807,0.00313137,m2
18995680,0.00035,-0.0325278,-0.0515702,m2
18968163,0.00075,0.0123029,-0.00413907,m2
18976690,0.0003,0.044925,0.0509735,m2
18993561,0.00115,0.0356478,-0.0160311,m2
18999276,0.0002,0.0316861,0.0489344,m2
18997897,5.0e-05,-0.0267568,0.00243657,m2
17271428,0.17905,-0.0130061,0.0059744,m2
18792974,0.0379,0.00223242,0.0265203,m2
17968892,0.0379,-0.00326748,-0.0132588,m2
19000615,0.0001,0.0528902,0.0696462,m2
18985408,0.00015,0.0473722,0.0431225,m2
18998886,0.00045,0.00100686,0.0175671,m2
18999452,0.0002,-0.0344857,0.00439721,m2
18998884,0.0001,0.0108059,-0.00919774,m2
18845071,0.01645,0.0220624,0.0066804,m2
18250746,0.0151,-0.014116,-0.0166035,m2
14936493,0.7341,-0.0102659,0.00947358,m2
19000614,5.0e-05,-0.00517607,0.0104666,m2
18929639,0.0028,-0.00374194,-0.0297052,m2
18995464,0.00185,0.00521978,-0.0180283,m2
18799859,0.0394,-0.00552856,0.0294053,m2
18699096,0.01435,-0.0323083,-0.0386899,m2
18646767,0.0434,0.0503719,0.0242144,m2
18971537,0.00175,0.0321188,0.0712911,m2
19000966,5.0e-05,0.00625053,0.0183989,m2
19000010,0.00045,-0.0859442,-0.100458,m2
18996616,0.00035,-0.036443,-0.0202072,m2
18969283,0.0025,0.0608322,0.0487988,m2
18999089,0.0001,0.0283537,0.0672852,m2
18998509,0.0011,-0.0425348,-0.0351553,m2
19000613,5.0e-05,-0.00627397,-0.0282336,m2
18992168,0.0002,-0.0785784,-0.0812577,m2
13875408,0.3206,0.00433712,-0.00401716,m2
19000782,0.0001,0.0235299,0.037066,m2
18996447,0.00025,0.00024125,0.00380251,m2
18980398,0.0009,0.0450602,0.0799466,m2
10427423,1.0,-0.00643353,-0.00567008,m2
19000965,5.0e-05,-0.0249786,-0.0610069,m2
18989866,0.0063,0.0685978,0.0446869,m2
19000009,0.0001,-0.047551,-0.0439975,m2
19000385,5.0e-05,0.0319044,0.0203994,m2
19000964,5.0e-05,0.0498455,0.0608258,m2
18914198,0.0015,-0.0318612,-0.0373955,m2
18995459,0.0012,0.000957203,0.00161515,m2
18997374,0.00135,0.0149315,0.0278468,m2
17210120,0.0786,-0.0114134,-0.0421131,m2
18984617,0.0034,-0.00247475,-0.0141633,m2
18999086,0.0003,-0.12218,-0.142841,m2
17767513,0.002,0.0191628,0.0246349,m2
18902678,0.00175,0.126437,0.124217,m2
18988887,0.00355,0.0073773,-0.0401437,m2
18971536,0.00035,-0.0451828,-0.0432542,m2
18907479,0.01635,0.00673748,-0.0112331,m2
19000963,5.0e-05,-0.0543179,-0.0655421,m2
18943471,0.00305,-0.00493609,0.00791852,m2
18701159,0.0562,-0.0123137,-0.00266973,m2
1420105,1.0,-0.0302055,-0.0161696,m2
18990427,0.00075,-0.0106147,-0.0165979,m2
13909128,0.74555,0.0180309,0.0175608,m2
18697224,0.0157,0.0371562,0.0150607,m2
19000780,0.0001,0.0248117,-0.0211021,m2
19000384,5.0e-05,-0.0416548,-0.0146316,m2
14982245,0.1761,-0.00390351,-0.024148,m2
18644897,0.00175,0.0119682,-0.0148245,m2
19000962,5.0e-05,-0.00358906,0.00895534,m2
15084657,0.291,-0.00761623,-0.00929228,m2
18972893,0.0091,0.0114749,-0.00447373,m2
18789982,0.02205,0.0472825,0.0285518,m2
4964083,1.0,-0.00843766,-0.0181852,m2
18999648,0.0005,-0.021124,-0.0330933,m2
18629781,0.04585,0.00789817,0.0491148,m2
19000961,5.0e-05,-0.0901582,-0.118678,m2
18999083,0.0004,0.00166145,0.0165735,m2
18942348,0.0004,0.0131681,0.0206797,m2
19000007,0.0002,0.0616591,0.0399328,m2
18652458,0.0225,-0.00773088,-0.00472139,m2
18998302,0.0002,-0.02701,-0.0272927,m2
1037863,1.0,-0.0391736,-0.0174227,m2
18999647,0.0002,-0.00630197,-0.0255488,m2
18979619,0.0057,-0.00270872,-0.0335091,m2
18998681,0.0001,0.0141058,0.0413985,m2
18540683,0.1087,0.0132404,-0.00380708,m2
19000779,5.0e-05,-0.0481464,0.00436142,m2
18959697,0.00195,0.0366735,0.0686751,m2
18649917,0.0041,-0.002129,-0.0294301,m2
18969849,0.0002,-0.102372,-0.10076,m2
18750481,0.01145,0.0497989,0.0450035,m2
18992368,0.0021,-0.0175997,-0.0141825,m2
18845067,0.0153,0.0184396,0.0237858,m2
18999646,0.0001,-0.0709787,-0.0606007,m2
14319018,0.25895,-0.0158103,-0.0326631,m2
18957234,0.00225,0.0193338,0.0497803,m2
19000381,5.0e-05,-0.00402436,-0.0120911,m2
19000960,5.0e-05,-0.0208217,0.000219289,m2
18998123,0.00035,-0.132586,-0.130804,m2
18970196,0.0033,0.0795438,0.035828,m2
18993358,0.00045,-0.0549966,-0.0619518,m2
19000959,5.0e-05,-0.0126691,-0.0165831,m2
18229994,0.0168,-0.0224294,-0.0107239,m2
18921021,0.01185,-0.10355,-0.0660613,m2
19000776,5.0e-05,0.0293771,0.0170224,m2
18992780,0.0005,-0.00221211,-0.0212398,m2
18969276,0.00015,-0.0160489,-0.0170517,m2
18999446,5.0e-05,-0.0753377,-0.0713678,m2
18999081,0.00015,-0.047978,-0.0414997,m2
18773492,0.00125,0.00592526,-0.0256272,m2
18999080,0.0008,0.0738944,0.0310468,m2
18994660,0.00125,0.0647069,0.0719605,m2
12023977,0.87565,0.00533767,0.00565394,m2
14836085,0.1055,-0.00841207,-0.0179568,m2
18978365,0.002,0.0250842,0.0205498,m2
19000958,5.0e-05,-0.00121408,-0.00627009,m2
19000608,5.0e-05,0.0470712,0.0407181,m2
19000607,0.00015,-0.0116813,0.0501278,m2
18969075,0.0021,-0.0597489,-0.0961067,m2
18974462,0.00095,-0.086495,-0.0543753,m2
19000606,0.0001,0.0320244,-0.00869425,m2
18996608,0.00165,-0.0298936,-0.0209527,m2
18959151,0.00125,-0.00229781,0.0158604,m2
5097609,1.0,-0.00761521,0.0128381,m2
18936811,0.00975,0.024046,-0.00712502,m2
16327631,0.05665,0.0267841,0.0126466,m2
19000605,0.0002,-0.0490264,-4.82736e-05,m2
18926537,0.0084,0.0160962,-0.0123156,m2
19000957,5.0e-05,-0.0979869,-0.0626767,m2
19000377,5.0e-05,-0.0689655,-0.0499161,m2
18989270,0.00045,-0.0110917,0.0135107,m2
16824450,0.00805,0.0328648,0.00650101,m2
18980180,0.0027,0.0609816,0.0332471,m2
19000956,5.0e-05,0.0789719,0.0790111,m2
18870772,0.02095,0.0069775,-0.00222855,m2
18862476,0.0526,-0.00298464,0.00515752,m2
18917262,0.00595,0.0193315,0.00805568,m2
18259368,0.0723,0.00160687,0.00332926,m2
19000376,5.0e-05,-0.0152423,-0.0351103,m2
18171106,0.2226,-0.0135325,0.011213,m2
19000774,5.0e-05,0.0450155,0.063708,m2
19000191,0.0001,0.0556672,0.0475644,m2
18995270,0.0009,-0.0298028,-0.0108921,m2
19000002,0.00035,-0.0095683,-0.0172565,m2
18675277,0.08775,0.035976,-0.0108885,m2
18691464,0.0168,-0.0135416,0.00180992,m2
13018870,1.0,0.0107195,0.0185092,m2
18984614,0.0008,0.0769252,0.0632671,m2
18975933,0.00365,-0.0116499,0.022202,m2
18999268,0.0001,0.0536306,0.0364883,m2
13489679,1.0,0.000247377,0.0202749,m2
18972322,0.0001,0.0701768,0.0873622,m2
18981380,0.00045,-0.0623343,-0.068774,m2
19000601,5.0e-05,0.0551091,0.0698649,m2
18995453,0.00155,0.0442603,0.0588231,m2
18999441,0.00015,-0.0503458,-0.0527961,m2
18971900,0.0006,0.038611,0.0833477,m2
19000773,0.0001,0.0229893,0.0440151,m2
18889191,0.0194,-0.0032433,-0.0199251,m2
18948536,0.0085,0.0648932,0.0288397,m2
18911511,0.03615,-0.00117391,-0.0300047,m2
18223208,0.0341,0.0199557,0.0217889,m2
18999830,5.0e-05,-0.0311038,-0.00890753,m2
18995269,0.0012,-0.0542593,-0.0122393,m2
18998500,0.0003,0.00540312,-0.0215537,m2
19000599,5.0e-05,0.00647437,0.015252,m2
17014332,0.10065,-0.0104332,0.0196422,m2
14472391,0.18695,0.0104017,0.0123214,m2
18933117,0.00565,0.0191195,-0.0465385,m2
7558352,0.2448,-0.0174749,-0.00310556,m2
17080595,0.1794,0.00878966,-0.0274612,m2
18998498,0.00115,0.0173024,0.0190537,m2
18989051,0.0009,0.0192334,0.0351889,m2
4096306,1.0,-0.00402549,-0.0214576,m2
18995840,0.0001,-0.0359189,-0.0266932,m2
19000955,5.0e-05,0.142955,0.137887,m2
19000373,0.00015,0.0288635,0.0500759,m2
18745992,0.05935,0.000869677,0.0141633,m2
18999438,5.0e-05,-0.0762205,-0.0441867,m2
18639575,0.02975,-0.0508193,-0.0651804,m2
18323396,0.05385,-0.0100115,-0.0486321,m2
19000190,0.0001,-0.0243886,-0.0435598,m2
18928271,0.0044,0.0161582,-0.0315297,m2
18998878,0.0003,0.0573309,0.0716131,m2
19000372,0.00015,-0.0497309,-0.026432,m2
19000598,0.0001,0.0132355,0.0149176,m2
18985010,0.00085,0.03191,0.0454875,m2
18972676,0.0014,-0.0815613,-0.0580591,m2
18994095,0.0002,-0.0337921,-0.0704446,m2
18655825,0.002,0.0361613,0.075367,m2
3465705,1.0,0.0201904,0.0212133,m2
18990615,0.00145,0.00108237,0.0023902,m2
18852825,0.0525,0.0528538,0.0388849,m2
18997884,0.0005,-0.0240883,-0.0296871,m2
18992547,0.00075,-0.0034546,0.0251148,m2
15773239,0.29005,-0.00890521,0.0178483,m2
18887188,0.0005,0.101574,0.101239,m2
19000954,5.0e-05,-0.128047,-0.162431,m2
12568985,1.0,-0.00831813,-0.0378689,m2
18995267,0.0008,-0.00156878,0.00994827,m2
18996033,0.0009,0.0304256,0.0774094,m2
18999826,0.0002,0.0239705,0.00963489,m2
18783450,0.04215,0.0258118,-0.00132774,m2
19000953,5.0e-05,-0.0384161,-0.0589057,m2
8613191,1.0,-0.0105401,-0.014849,m2
18972100,0.0026,0.0203352,0.0145969,m2
18983430,0.0024,-0.0578671,-0.0607225,m2
18996804,0.00165,0.0733298,0.0735971,m2
17238422,0.12375,-0.00955778,-0.0265852,m2
18996238,0.0034,0.0127202,-0.0129476,m2
18997550,0.0011,-0.0157798,-0.0356921,m2
18842753,0.02665,0.0285678,-0.0126891,m2
19000369,5.0e-05,-0.0158314,-0.0350174,m2
18996974,0.0004,-0.0954506,-0.0950974,m2
18997549,0.0003,0.0325048,0.0244665,m2
18926534,0.0039,0.0234794,0.00465719,m2
18957584,0.00235,-0.0201647,-0.0244862,m2
18866802,0.0116,-0.071499,-0.0706285,m2
18993550,0.00185,-0.0597647,-0.0407656,m2
19000952,5.0e-05,0.066148,0.028858,m2
18964634,0.00135,0.0163642,-0.0207306,m2
18999999,0.0002,0.0102315,0.07627,m2
18027763,0.03335,0.0252264,0.0285938,m2
18983458,0.0008,-0.063215,-0.0321609,m2
18986597,0.00165,0.0680738,0.00849083,m2
18973277,0.0093,-0.0178523,-0.012628,m2
18985397,0.00415,0.0474761,0.046403,m2
19000770,0.0001,-0.0119895,-0.0208955,m2
18978878,0.0001,0.0336741,0.0111495,m2
16279189,0.31215,0.0299138,-5.26638e-05,m2
18999073,0.00055,0.0511617,0.0302981,m2
18996431,0.00025,-0.0265112,-0.0267453,m2
18951966,0.00775,-0.0124557,-0.0318462,m2
18965997,0.00705,-0.0193587,0.0142296,m2
18793905,0.001,-0.1071,-0.0547073,m2
19000951,5.0e-05,-0.0041778,-0.0202637,m2
18997547,0.0005,0.0147653,-0.00786787,m2
19000950,5.0e-05,-0.0152563,-0.0423193,m2
18780808,0.0351,-0.00846617,-0.00242209,m2
18995050,0.0007,-0.0685234,-0.100147,m2
18863435,0.00015,0.016586,0.020278,m2
18999638,5.0e-05,-0.0800902,-0.0555492,m2
18999823,0.00035,0.0465787,0.00391518,m2
18957762,0.0059,0.0701767,0.0539613,m2
16879413,0.2245,-0.00100631,0.00830726,m2
18399974,0.0325,-0.0436401,-0.0525365,m2
19000949,5.0e-05,-0.0391481,-0.0458027,m2
18366198,0.0052,-0.00432942,-0.0188691,m2
19000594,5.0e-05,0.00736226,-0.0491046,m2
18897665,5.0e-05,-0.0374433,-0.0321002,m2
18998674,0.00015,-0.0138117,-0.00361975,m2
18994845,0.0014,-0.00309155,-0.00580616,m2
18999822,0.0001,0.0695729,0.0776155,m2
19000366,5.0e-05,0.0205359,0.0121274,m2
18970030,0.00245,-0.00258262,-0.0556136,m2
18891298,0.03395,0.0475069,0.0576721,m2
18993154,0.00025,0.0678915,0.0694919,m2
18998673,0.00015,-0.0284014,-0.0221585,m2
18623405,0.01145,0.00109474,0.0183512,m2
18838983,0.01715,0.0227721,0.0346952,m2
7196889,1.0,0.00415188,-0.00962323,m2
19000187,0.0001,0.04794,0.0617872,m2
18483882,0.15355,-0.00979113,-0.0047506,m2
19000948,5.0e-05,-0.0279186,-0.0293664,m2
18797473,0.0547,0.0237811,0.0436066,m2
18955007,0.00235,-0.0730687,-0.0777894,m2
18960426,0.01145,-0.0127056,-0.0291244,m2
18947408,0.0063,-0.0686245,-0.06656,m2
18984232,0.00235,-0.0419824,-0.041537,m2
18984414,0.00155,0.0161447,0.077167,m2
19000593,0.00015,0.0402235,0.0277181,m2
18958759,0.00085,0.0546985,0.0371134,m2
18861728,0.0601,0.0441898,0.0645508,m2
18941896,0.00445,0.00738894,-0.00654682,m2
18942311,0.0005,-0.000566623,-0.0460379,m2
18996796,0.0002,0.0973334,0.118768,m2
18998874,0.0002,0.0866126,0.0792333,m2
18992354,0.00065,-0.00959903,0.0104366,m2
19000768,0.00025,-0.00954287,-0.000650497,m2
18995045,0.00075,-0.0332921,-0.0654907,m2
19000767,0.0001,0.00219781,-0.00595598,m2
13440612,0.98435,0.00297062,-0.0153341,m2
17082471,0.17685,-0.0187027,-0.0346686,m2
12581302,1.0,0.0181146,0.0197531,m2
19000947,5.0e-05,0.0174023,0.0324014,m2
18915517,0.0198,-0.000318715,-0.00858906,m2
18990970,0.00285,0.059994,0.0518356,m2
19000362,0.0001,0.0405319,0.062912,m2
18839158,0.0226,-0.0708091,-0.0587487,m2
19000591,5.0e-05,-0.0269133,0.00908849,m2
18994291,0.0006,-0.0279233,-0.061447,m2
18969462,0.007,0.0310913,0.0198319,m2
18854903,0.0017,0.0180264,-0.0151178,m2
19000590,0.0001,-0.00222184,0.0159533,m2
18609737,0.01865,0.0188766,-0.00263066,m2
18978704,0.00685,0.0217076,-0.0173586,m2
18998284,0.0003,0.119976,0.076173,m2
19000765,0.0002,-0.0157696,-0.0116835,m2
18977782,0.00525,-0.0309,-0.0636484,m2
18830647,0.00425,0.0115897,0.0135697,m2
17317087,0.6673,-0.0262499,0.00462979,m2
18980787,0.00195,-0.0237885,-0.0035532,m2
18981184,0.0011,-0.0510114,-0.0611104,m2
18927642,0.0124,0.00955803,0.0453278,m2
18853370,0.03155,-0.0112472,-0.0152926,m2
18992952,0.0025,-0.00674737,-0.0340487,m2
18982519,0.00525,0.0193979,0.00941157,m2
17484643,0.1559,0.0342966,0.0179304,m2
14913194,1.0,-0.0149191,-0.0164632,m2
18921980,0.0019,0.0385908,0.0444884,m2
17471636,0.12385,-0.00212365,0.0183086,m2
18781361,0.0146,0.0181392,0.02642,m2
17148084,0.28865,-0.00936973,0.0163046,m2
13048672,0.8342,0.000952842,0.0100022,m2
18999818,0.00015,-0.0361497,-0.0444252,m2
18939946,0.01685,0.0044551,0.0331361,m2
18334377,0.0603,-0.0107343,-0.0109559,m2
18751933,0.00665,-0.0547051,-0.0441701,m2
18835601,0.01305,-0.0373208,-0.0426085,m2
18763158,0.0595,0.0328149,-0.00591609,m2
18947769,0.01155,0.0314764,0.035925,m2
18998671,0.00025,-0.0693798,-0.0284991,m2
18966980,0.0002,0.0105614,-0.01567,m2
18999616,0.0005,0.00589464,-0.0202669,m2
18913023,0.01535,0.012688,0.00767297,m2
18990408,0.00075,-0.019936,-0.0377442,m2
19000361,0.00025,0.0230007,0.0345695,m2
18992535,0.00095,0.00459211,0.0371557,m2
18962320,0.00485,-0.0419718,-0.0691337,m2
18880329,0.0002,0.0395538,0.0307207,m2
18377375,0.0869,0.0418765,0.0171572,m2
18997709,0.0008,-0.0132268,-0.0538692,m2
18961939,0.00085,-0.0559556,-0.0347297,m2
18516084,0.03305,-0.0157422,-0.0119574,m2
18268804,0.00515,0.0121198,-0.0143121,m2
16703076,0.3541,-0.0270897,-0.0292012,m2
18727149,0.04295,-0.00404295,-0.0274542,m2
18998669,0.0001,-0.0492522,-0.0602745,m2
18678524,0.0119,0.00815719,0.0048999,m2
11863155,1.0,0.00581815,0.0260938,m2
18966979,0.00195,0.0374157,0.0391648,m2
18981740,0.0044,-0.0628414,-0.0316412,m2
18995257,0.0027,-0.00806546,-0.0214573,m2
18607876,0.0248,0.00685417,0.000471322,m2
19000946,5.0e-05,0.0648762,0.0493527,m2
18915889,0.01765,-0.0913643,-0.0964075,m2
18998870,0.0002,0.0452015,0.0542309,m2
18999068,0.00025,0.0701394,0.0637681,m2
19000945,5.0e-05,-0.0231589,-0.00823383,m2
18998281,5.0e-05,-0.0558512,-0.0757385,m2
18555739,0.0052,0.00832024,0.0200835,m2
18548628,0.085,0.0170085,-0.00199403,m2
19000589,5.0e-05,-0.0997154,-0.135569,m2
18931439,0.01055,0.0675975,0.0505917,m2
18969031,0.0145,-0.0254881,-0.0375636,m2
18874091,0.04735,-0.0410404,-0.027229,m2
18411076,0.0017,-0.0500222,-0.0188687,m2
19000944,5.0e-05,-0.00824914,0.0222643,m2
16447156,0.007,-0.0219696,0.00728634,m2
18996228,0.00095,-0.0197243,-0.0164342,m2
18999796,0.0002,-0.0284256,-0.0310954,m2
19000943,5.0e-05,0.0073057,0.0335011,m2
18011252,0.00325,-0.0562362,-0.0324552,m2
17236393,0.22755,0.00563248,0.0166866,m2
18694929,0.04805,-0.0398311,-0.0365994,m2
19000360,0.0002,0.0138078,0.00992663,m2
18950824,0.0005,0.046138,0.0612646,m2
18027951,0.0115,-0.0326589,-0.00849127,m2
19000762,0.0001,-0.0377781,-0.0016245,m2
18999259,0.00015,0.0258631,-0.0187215,m2
18977967,0.0025,-0.00490677,-0.0675296,m2
18992150,0.0001,0.00392059,0.00329609,m2
18831227,0.00745,0.0501158,0.0708325,m2
19000181,0.00025,0.0306083,0.0309483,m2
18999797,0.0003,0.0467983,0.0555921,m2
19000942,5.0e-05,-0.0427022,-0.0440177,m2
18999609,0.00015,-0.00651505,0.00582248,m2
18059752,0.03065,-0.00665607,-0.000149514,m2
18896501,0.0049,-0.0835987,-0.0858982,m2
18853574,0.02195,0.0290916,-0.0204288,m2
18986961,0.00075,0.0364898,0.0208377,m2
18999431,5.0e-05,-0.0988232,-0.0702238,m2
18847090,0.0038,-0.0112785,0.0135382,m2
18531005,0.18485,-0.0385889,-0.0104374,m2
18999813,0.00035,0.0224237,-0.0109899,m2
18701566,0.0329,0.0374277,-0.0039601,m2
18999429,0.0002,0.0159679,0.0102672,m2
17718064,0.0029,0.0220613,0.00247257,m2
15604590,0.0095,0.0224944,-0.00802818,m2
18990593,0.0014,0.0165887,-0.0155003,m2
18990995,0.00105,0.00478698,-0.0129281,m2
18779974,0.0274,-0.00340423,-0.0432718,m2
19000941,5.0e-05,-0.0394931,-0.0153896,m2
18829421,0.00815,-0.0792279,-0.0811841,m2
18999631,0.0001,-0.0550631,-0.0780265,m2
18552782,0.0018,-0.0256401,0.0148011,m2
18999048,0.0008,-0.0348979,-0.0619508,m2
18992314,0.00315,-0.00335303,0.00138213,m2
18898388,0.01605,-0.0322728,-0.0474975,m2
17961220,0.0326,0.0223901,0.0428005,m2
18896516,0.00315,-0.000461941,-0.0322367,m2
18875773,0.00245,-0.0539153,-0.0572477,m2
18988653,0.0002,0.0360295,0.0454872,m2
18926893,0.0017,-0.00300863,0.00283832,m2
19000940,5.0e-05,0.079652,0.0675671,m2
16709658,0.4374,0.0168774,0.00223357,m2
18980554,0.00145,0.0263746,0.0294172,m2
18998484,0.00045,0.024207,0.0129848,m2
18990601,0.00125,0.0683852,0.071129,m2
18999065,0.0002,0.0571726,0.0497189,m2
18919666,0.0118,-0.0236872,-0.0191237,m2
18875017,0.0018,-0.0253979,-0.0130286,m2
19000178,5.0e-05,0.016219,0.0204792,m2
18992318,0.00025,-0.0496626,-0.00844409,m2
18992313,0.00065,0.044939,0.0572939,m2
18990395,0.0006,-0.0450434,-0.040912,m2
18101252,0.1042,-0.00632133,-0.00255784,m2
18999606,5.0e-05,0.0615223,0.0771263,m2
18900012,0.0008,0.00708416,0.0511698,m2
18961567,0.01205,0.0626637,0.00598128,m2
18336965,0.04645,-0.00806609,0.0159139,m2
18980589,0.00015,-0.00319588,0.0378965,m2
18437310,0.0204,0.00579013,0.00742114,m2
18928275,0.02505,0.0126217,0.0274115,m2
18064277,0.0708,-0.00897569,-0.000829398,m2
16243177,0.02445,0.0108443,0.016974,m2
18978688,0.0054,-0.0054784,0.01031,m2
18231902,0.11845,2.1058e-05,0.00332047,m2
18307067,0.0282,-0.0112467,-0.0188474,m2
19000939,5.0e-05,-0.000713708,-0.0184862,m2
18973656,0.0004,-0.00650794,-0.00307517,m2
18988053,0.0029,-0.0308432,-0.0272007,m2
18916303,0.0024,0.013334,-0.0323707,m2
18989849,0.0054,0.0523825,0.0402966,m2
18800014,0.01605,-0.066558,-0.0441659,m2
19000938,5.0e-05,-0.00511624,-0.0293646,m2
18968304,0.00455,0.0393924,0.0383026,m2
18984409,0.0042,0.0248817,0.0254549,m2
18910405,0.00485,-0.0331955,-0.02694,m2
18990977,5.0e-05,-0.0186029,-0.00505295,m2
18851294,0.0128,0.00524109,-0.0287211,m2
18997529,0.0002,-0.0645365,-0.0963081,m2
18999630,0.00015,0.026345,0.0728529,m2
18999798,0.0001,-0.0587949,-0.0829955,m2
18943661,0.0048,0.0384891,0.0106216,m2
19000177,0.0003,-0.0732716,-0.119512,m2
18998864,5.0e-05,0.0464887,0.00497864,m2
18988252,0.0005,0.00214779,0.0537941,m2
18993730,0.00185,-0.0203822,-0.0325064,m2
18970764,0.00755,0.0156424,0.0223546,m2
18940691,0.00025,0.0157458,0.00446018,m2
18774407,0.0072,0.00412335,0.0179636,m2
18934089,0.0079,-0.00105949,-0.0210565,m2
18595035,0.12405,-0.0108578,-0.0187032,m2
18998863,0.0002,0.00887247,0.0324454,m2
18612993,0.0351,-0.0110234,-0.0110931,m2
18723201,0.05735,0.0293733,0.0277219,m2
19000759,0.0001,0.0222581,0.0047377,m2
18805903,0.03415,-0.0196093,-0.0223065,m2
18994081,0.001,-0.0546637,-0.0425204,m2
18941888,0.0067,0.0169342,0.0482768,m2
18936199,0.0003,-0.0138481,-0.0254002,m2
18999806,0.0004,0.0784422,0.117977,m2
18799830,0.00265,-0.0247402,-0.0114995,m2
19000937,5.0e-05,-0.0177031,-0.00579492,m2
18620269,0.0171,0.00385784,0.00406181,m2
18993528,0.0003,0.00605512,-0.00144615,m2
18988465,0.00035,-0.039982,-0.0060884,m2
18999804,0.00025,0.0310642,0.0235581,m2
18959497,0.0099,0.0477952,0.0566316,m2
18785218,0.01945,0.00842908,0.0317276,m2
18992317,0.0024,0.0363282,0.0134383,m2
18959118,0.00175,-0.0437708,-0.0453108,m2
18972480,0.0052,0.0538787,0.0468232,m2
18970552,0.00045,-0.0257212,-0.0013708,m2
18989663,0.0026,0.0256385,0.00702766,m2
18999062,0.0005,0.103508,0.0824812,m2
19000936,5.0e-05,0.00515388,0.0194806,m2
18948720,0.0059,0.049496,0.0343634,m2
18981921,0.0026,-0.0113562,0.00181799,m2
18952147,0.003,0.0583287,0.079854,m2
18966346,0.00865,0.0799561,0.0619218,m2
18993727,0.00035,-0.0138495,-0.0285488,m2
18997339,0.0005,0.0565555,0.0386806,m2
18951564,0.01965,-0.0338838,-0.014217,m2
18888276,0.0308,0.00366959,-0.0117027,m2
18995428,0.0005,0.0972892,0.0899753,m2
18989229,0.00075,-0.0646929,-0.0350561,m2
18953454,0.00395,-0.015567,-0.00518173,m2
18931414,0.0038,-0.0214873,-0.0249099,m2
19000355,0.00015,0.0211706,0.0438772,m2
18997523,0.0002,-0.0464226,-0.0399735,m2
18852598,0.00495,-0.00739531,-0.0639895,m2
18917243,0.00425,0.013928,0.00164252,m2
18998855,0.00035,-0.00900053,-0.0132916,m2
18992320,0.00085,-0.0270791,-0.0277619,m2
18980779,0.0017,0.0323041,0.0426178,m2
18998854,5.0e-05,-0.029461,-0.0323886,m2
18993713,0.0021,-0.00900186,-0.0180466,m2
18999604,0.0005,0.0380282,0.0782636,m2
18992146,0.00075,-0.0118696,-0.00221388,m2
19000935,5.0e-05,-0.0264136,-0.00282286,m2
18992937,0.0005,-0.0118404,-0.025623,m2
18990986,0.0004,0.00259337,-0.0081622,m2
18989464,0.0037,0.00187221,-0.00534437,m2
18993331,0.0016,0.0193291,0.0121659,m2
18992332,0.0004,0.0557846,0.0299338,m2
19000934,5.0e-05,0.0181886,0.0503304,m2
18995032,0.00025,-0.00579736,0.0495442,m2
19000933,5.0e-05,0.0104827,0.00666385,m2
19000758,0.0001,-0.0926645,-0.0723274,m2
18990219,0.00025,-0.0536464,-0.0111703,m2
18998102,0.0002,0.0272848,0.0373177,m2
18988059,0.00175,-0.0777053,-0.0520614,m2
18993524,0.0003,0.0454291,0.0228867,m2
18995631,0.00015,0.0357217,0.0270725,m2
18992758,0.00415,-0.0329264,-0.046636,m2
18993324,0.002,0.0252849,0.0251778,m2
18998101,0.00275,0.0193289,0.038722,m2
18999603,0.0009,-0.0170435,0.0135994,m2
18989659,0.00065,-0.00560715,0.00347819,m2
18993323,0.00115,-0.0169412,0.00761982,m2
19000582,0.0001,-0.0393854,-0.0298304,m2
18998268,0.00015,-0.000676278,-0.0258138,m2
18998468,0.00015,-0.0441411,-0.0408794,m2
19000174,0.0003,0.0331376,0.0476119,m2
19000354,0.00025,-0.0447055,-0.0612242,m2
19000757,5.0e-05,-0.0269602,-0.0124393,m2
18998465,0.0002,0.0445261,0.067873,m2
19000756,5.0e-05,-0.0389349,0.00394519,m2
19000755,5.0e-05,-0.089982,-0.0819655,m2
19000353,0.0003,-0.0177295,0.0134342,m2
18998097,0.0007,0.0231512,-0.00765975,m2
19000931,5.0e-05,-0.05247,-0.0315464,m2
18998095,0.0001,0.073362,0.0490125,m2
19000930,5.0e-05,0.0279296,0.0310133,m2
19000351,0.0002,0.00950049,-0.0515988,m2
18998081,5.0e-05,0.00128854,0.00677357,m2
18998082,0.0003,-0.0218183,-0.0437861,m2
18999059,0.0005,-0.0618856,-0.0739477,m2
19000171,0.00015,0.0237366,0.0215184,m2
18998846,0.00035,0.00686538,0.00517148,m2
18999424,0.00035,0.01479,0.013096,m2
19000350,0.00015,-0.0142301,-0.0432943,m2
19000929,5.0e-05,-0.0339063,-0.0576518,m2
19000752,0.0001,0.040182,0.0501242,m2
19000577,0.00015,-0.0237287,0.000829822,m2
19000751,5.0e-05,-0.00689425,0.00178063,m2
18999801,0.0003,-0.018443,-0.0540184,m2
19000750,5.0e-05,0.087539,0.0618307,m2
18999422,0.0001,0.0500062,0.041056,m2
19000347,5.0e-05,-0.0208599,0.0163587,m2
19000749,5.0e-05,0.0423252,0.0623536,m2
19000156,0.0001,-0.00211008,0.0387298,m2
19000928,5.0e-05,-0.0220243,0.00155287,m2
19000158,0.0001,0.0342217,0.0279624,m2
19000576,0.00015,0.0221823,-0.00472521,m2
19000748,0.0001,0.0202266,0.0369194,m2
19000161,0.00015,0.0188518,0.0364393,m2
19000344,5.0e-05,-0.0376155,-0.0070387,m2
19000575,5.0e-05,0.0294107,-0.00977217,m2
19000164,5.0e-05,-0.156243,-0.120978,m2
19000571,5.0e-05,0.050061,0.0344211,m2
19000574,5.0e-05,0.0625077,0.0461387,m2
19000572,0.0001,-0.0518799,-0.0612469,m2
19000168,0.00015,0.0111105,-0.0100606,m2
19000742,5.0e-05,0.0996473,0.0743046,m2
19000566,5.0e-05,0.0442868,0.0291247,m2
19000343,0.00015,-0.0167949,-0.00649288,m2
19000555,0.0001,-0.0563491,-0.0479777,m2
19000565,0.00015,0.0635104,0.0505084,m2
19000557,5.0e-05,-0.0353724,-0.0248355,m2
19000558,5.0e-05,0.0649936,0.0931192,m2
19000559,5.0e-05,-0.0158419,-0.0227547,m2
19000560,0.0001,-0.0148809,-0.0165345,m2
19000746,0.0001,0.0204463,0.0420767,m2
19000743,5.0e-05,-0.0702253,-0.0582197,m2
