id,freq,e_f,e_m,type
18972732,0.0842,-0.0216782,-0.0117806,m1
18996592,0.0001,0.0470362,0.0550191,m1
18995152,0.0007,0.0886035,0.0783295,m1
18991652,0.0086,-0.04704,-0.0442393,m1
4772895,1.0,0.0236365,0.0460005,m1
18973127,0.0232,-0.00175814,-0.00387533,m1
18995320,0.001,-0.013597,0.00549086,m1
18960607,0.0037,-0.0186679,-0.00958254,m1
18990274,0.0016,0.0498217,0.0423489,m1
18966053,0.0086,-0.0752903,-0.0619693,m1
18996020,0.0005,-0.0532555,-0.0255166,m1
18981864,0.0009,0.0375986,0.00332216,m1
18995495,0.0006,0.0488716,0.059533,m1
18995639,0.0004,-0.00158347,-0.0150104,m1
13256234,1.0,-0.0144468,-0.027925,m1
5197879,1.0,0.0270364,0.0307392,m1
18637802,0.1204,-0.0025554,0.00942868,m1
9033617,1.0,0.0240169,-0.00300954,m1
18907280,0.0767,-0.00587494,0.0112363,m1
18994168,0.0015,0.0852422,0.0870102,m1
18935287,0.0193,-0.0202202,-0.0577498,m1
18868294,0.1526,0.0130675,0.0365485,m1
18051335,0.4597,-0.0628374,-0.0484428,m1
18668845,0.2729,-0.00480155,-0.013337,m1
18933635,0.0327,0.034359,0.00728518,m1
6350713,1.0,0.00896866,-0.0120189,m1
255211,1.0,-0.00910472,0.0241383,m1
18975355,0.0044,-0.0642595,-0.0868389,m1
18942894,0.0767,0.0168847,0.00365203,m1
18457417,0.1204,0.0259506,0.0142485,m1
16034070,1.0,0.0225319,0.0123048,m1
18987924,0.0165,-0.090352,-0.0786625,m1
7891596,1.0,0.025894,0.00178318,m1
12205798,1.0,-0.0284759,0.0178264,m1
18992400,0.0004,-0.092119,-0.0475612,m1
18883038,0.021,-0.00679615,-0.0540852,m1
18911692,0.0419,-0.0253563,-0.0483905,m1
11212178,1.0,0.00146584,0.0137945,m1
11795202,1.0,0.026773,0.0250932,m1
18994146,0.0021,0.0172286,0.0237003,m1
18993937,0.0018,0.0744328,0.0558709,m1
7409678,1.0,0.0500922,0.0698379,m1
18996548,0.0001,0.0876961,0.0808731,m1
18996547,0.0001,-0.079669,-0.0472667,m1
18972293,0.001,-0.0660922,-0.0533772,m1
18994546,0.0011,0.0588229,0.0453569,m1
8694424,1.0,-0.0398266,-0.0339206,m1
18976275,0.0176,0.0448789,0.0542876,m1
6880826,1.0,0.0132009,0.00172301,m1
18994717,0.0008,0.00437589,0.0368382,m1
18992587,0.001,-0.0341955,-0.01129,m1
17854920,0.8796,0.0189951,0.0288099,m1
12444890,1.0,0.0564676,0.0506112,m1
1783189,1.0,0.00128139,0.0242412,m1
18154930,0.4597,-0.00446561,-0.0165032,m1
6459196,1.0,-0.0792169,-0.0475519,m1
7167949,1.0,-0.0320752,0.0251114,m1
16944831,1.0,0.0066569,-0.00216918,m1
13534598,1.0,0.0667985,0.0778481,m1
18596792,0.1868,-0.00671547,-0.0174734,m1
2244565,1.0,0.0169802,0.0272259,m1
18992955,0.0013,-0.0286029,-0.00334134,m1
11540258,1.0,0.0225214,0.000859751,m1
6102858,1.0,-0.0659489,-0.0434744,m1
11494877,1.0,0.0348616,0.0316599,m1
9287673,1.0,0.0050914,0.0148784,m1
18994912,0.0003,-0.0868424,-0.0894302,m1
18949906,0.0093,-0.0501628,-0.0507354,m1
18992939,0.0042,-0.0418728,-0.0539664,m1
18992567,0.0024,-0.0279416,-0.0613985,m1
18834218,0.0522,0.0521848,0.0822764,m1
18907783,0.0022,-0.0135151,0.0029665,m1
18995258,0.0004,0.00241097,-0.0110284,m1
18864079,0.0976,-0.0018588,-0.0119942,m1
18996521,0.0001,0.0600083,0.0555654,m1
15263012,1.0,-0.0222079,-0.0113138,m1
18995066,0.0009,0.0431859,0.0471088,m1
18992557,0.0032,0.0380435,-0.00391685,m1
18983649,0.0033,0.0312451,0.0309956,m1
5382344,1.0,-0.0165251,-0.0341068,m1
3377391,1.0,0.0304134,0.0327713,m1
18948001,0.0767,0.0130415,-0.00448964,m1
18846508,0.2729,-0.00655621,-0.0462573,m1
16710440,1.0,-0.00682127,-0.0304553,m1
18984781,0.0022,0.104115,0.0889752,m1
6857171,1.0,0.0621023,0.0526029,m1
10700087,1.0,0.00110324,-0.0109291,m1
18991746,0.0003,-0.00673404,-0.0618425,m1
15662710,1.0,0.02888,0.0181197,m1
11445439,1.0,-0.0774865,-0.0462791,m1
18994270,0.0003,-0.0621988,-0.0615382,m1
16239050,1.0,-0.0238997,-0.0101936,m1
18978863,0.0146,-0.00239267,0.0556356,m1
8640527,1.0,-0.00422897,0.00296863,m1
18996500,0.0001,0.0373635,0.0498654,m1
18996104,0.0003,-0.0437981,-0.0749506,m1
4947944,1.0,-0.0375345,-0.0108051,m1
877209,1.0,0.0284997,0.040628,m1
2816129,1.0,-0.0590876,-0.0518706,m1
18961112,0.0326,0.0358436,0.0638075,m1
18995537,0.0015,-0.0669647,-0.0553822,m1
18996093,0.0001,-0.0746835,-0.0567653,m1
18952109,0.0023,-0.0136576,0.0103253,m1
18165053,0.4199,-0.0276231,-0.0110626,m1
18996481,0.0001,0.0862316,0.0819585,m1
18996085,0.0002,0.0928802,0.0831231,m1
18996473,0.0001,0.00846393,-0.00951434,m1
8783896,1.0,-0.0172292,-0.0560551,m1
13158626,1.0,0.000110651,0.0337841,m1
1275694,1.0,-0.00703637,-0.0020128,m1
18996078,0.0002,-0.0260383,-0.0124095,m1
16212380,1.0,-0.0171774,-0.0201541,m1
18977532,0.0006,0.000890779,0.0153192,m1
18970278,0.0058,0.00104252,0.0169105,m1
18996464,0.0001,-0.0407713,-0.00686339,m1
17371739,0.8796,-0.0184277,-0.0232675,m1
6007794,1.0,0.0778812,0.112192,m1
11449493,1.0,0.0726069,0.0406454,m1
15410322,1.0,-0.0306608,-0.0408576,m1
18994998,0.0004,0.0573188,0.0658453,m1
18934459,0.0066,-0.044417,-0.0407189,m1
18994215,0.0018,-0.01058,-0.0122996,m1
12532743,1.0,-0.0476258,-0.0292014,m1
15633068,1.0,-0.022477,0.00043456,m1
18786974,0.0976,0.0408865,0.0320302,m1
17735219,0.1204,-0.0379369,-0.0522075,m1
7465063,1.0,-0.0328127,0.000704447,m1
13386390,1.0,-0.00558632,0.00719171,m1
18991297,0.0003,0.0860243,0.114156,m1
5536856,1.0,0.0477968,0.0328066,m1
18996252,0.0005,0.00579961,-0.0291633,m1
18993431,0.001,-0.0717657,-0.051682,m1
5526862,1.0,-0.0177058,-0.0264502,m1
18991855,0.0017,-0.017195,-0.0369358,m1
18996060,0.0001,0.110931,0.11163,m1
8095922,1.0,-0.0406197,-0.0265858,m1
10046307,1.0,-0.0145627,-0.00764037,m1
16922422,1.0,-0.0211416,-0.0153105,m1
18970219,0.0023,-0.0242168,-0.0390912,m1
18971210,0.0011,0.00823332,0.034403,m1
18959153,0.0011,0.029514,-0.0267213,m1
10482392,1.0,-0.0634112,-0.0470456,m1
18983203,0.0066,-0.00922101,0.00838629,m1
18994195,0.0018,0.00477558,0.0132552,m1
18993016,0.0062,0.0470263,0.0236569,m1
18996435,0.0001,0.0717589,0.104025,m1
18996412,0.0001,0.00844879,0.0171894,m1
18986228,0.0001,0.0861782,0.0957355,m2
18995867,0.00055,0.0406055,0.0437132,m2
18810411,0.0335,-0.030795,-0.0362957,m2
18952801,0.0006,0.0530854,0.0391699,m2
18757319,0.01495,0.0214552,0.00385232,m2
17980520,0.128,0.00853496,0.0256135,m2
18677892,0.01595,0.0529397,0.0613851,m2
10482199,1.0,0.00552455,-0.00789698,m2
18990090,0.00035,0.0102352,-0.00985278,m2
18797290,0.0195,-0.0155402,0.0164285,m2
18958705,0.0016,-0.0258846,0.00574366,m2
18994605,0.0011,-0.0275469,-0.0427801,m2
18995325,0.0002,0.0227504,0.0191372,m2
18961424,0.00345,-0.0137434,-0.014516,m2
18995653,0.0004,-0.0249576,0.00721536,m2
18991476,0.0009,0.0239381,0.0037175,m2
18994975,0.0004,0.0213706,0.0450617,m2
18992640,0.0002,0.0607912,0.0212487,m2
18996591,5.0e-05,-0.0136388,-0.0290373,m2
18753955,0.0232,0.0117579,0.0388595,m2
18727155,0.01685,-0.0293885,-0.00601043,m2
18991852,0.00035,0.00214868,0.0365395,m2
18844627,0.0328,-0.0367148,-0.0171056,m2
18974289,0.00135,-0.00789579,-0.0180425,m2
18994774,0.0002,0.033289,0.0261526,m2
18996033,5.0e-05,0.152757,0.162362,m2
18996214,5.0e-05,-0.00714452,-0.00213617,m2
18988360,0.00115,0.0740881,0.0639596,m2
18995866,5.0e-05,0.00320546,-0.0383613,m2
18968686,0.00175,0.0281315,0.00287754,m2
17526589,0.28355,-0.0133972,-0.000619519,m2
18994974,0.0002,0.0223616,0.00553647,m2
18986408,0.00025,-0.00105543,-0.0174368,m2
18994601,0.0004,0.0558464,0.0736831,m2
18973305,0.00275,-0.00222274,0.00408641,m2
18996032,0.0002,-0.0521497,-0.0520753,m2
18983373,0.0005,-0.00464948,0.0120743,m2
17571204,0.13455,-0.021342,0.0243439,m2
18857585,0.00075,-0.0206527,0.0111458,m2
18994772,0.00025,-0.0291352,0.0058923,m2
18996590,5.0e-05,-0.0698024,-0.0664411,m2
18994187,0.0002,-0.0109897,0.00113898,m2
18990088,0.00195,-0.0359425,-0.0647153,m2
18986220,0.00165,0.00410349,-0.013225,m2
16876982,0.6745,-0.00594682,-0.0273625,m2
18995322,0.00055,-0.0631548,-0.0807527,m2
18994599,0.0001,-0.00559895,-0.00462742,m2
18987955,5.0e-05,-0.0814674,-0.08997,m2
18996213,5.0e-05,0.00900682,-0.0288846,m2
18894680,0.0064,0.0436044,0.0421625,m2
18995321,0.0005,-0.0539378,-0.0383771,m2
18993583,0.0003,-0.0473442,-0.056151,m2
18988954,0.0005,0.0545519,0.0783697,m2
18989712,5.0e-05,-0.0176684,-0.0177872,m2
18996589,5.0e-05,0.0478604,0.0217254,m2
18996400,0.0001,-0.0509723,-0.0757296,m2
18821146,0.00755,0.0584939,0.0616886,m2
18964212,0.0024,-0.0161252,-0.0193996,m2
18661727,0.019,0.00376593,-0.0272855,m2
18980403,0.00225,0.0333107,0.00858118,m2
18990289,0.00025,0.0157939,0.0069028,m2
18993004,0.0004,0.0223571,0.0088893,m2
18979404,0.0044,0.014836,-0.0494289,m2
18898332,0.008,0.00912308,0.0166819,m2
18980757,0.0019,0.0562534,0.0608473,m2
18878537,0.00285,0.103917,0.116662,m2
18994771,0.0005,0.0113767,0.0211119,m2
18976124,0.005,-0.0357848,-0.0461774,m2
18993582,0.0009,0.0131229,-0.00965692,m2
18996399,5.0e-05,-0.0681728,-0.0670571,m2
18975571,0.00815,-0.0221703,-0.0313654,m2
18993792,0.00035,0.0277537,-0.012591,m2
18838069,0.0281,-0.00296451,-0.037117,m2
18996030,5.0e-05,0.0193872,0.0350144,m2
18888613,0.0652,0.0208847,0.015209,m2
18905412,0.02145,-0.0204227,-0.0249455,m2
18183420,0.1348,0.0208548,0.0149384,m2
18992633,0.0007,0.0666737,0.0461668,m2
18996588,5.0e-05,0.0550988,0.0308698,m2
18923491,0.00435,0.0375064,0.0348377,m2
18996587,5.0e-05,0.0247636,0.0133481,m2
18955462,0.0011,0.0703377,0.0461981,m2
18988547,0.00245,-0.0990139,-0.0963803,m2
18283642,0.011,0.0362421,0.0361663,m2
18868831,0.0331,0.0680763,0.0426333,m2
18992813,0.00015,0.0658759,0.042133,m2
18922774,0.0063,0.00597603,0.0174364,m2
18993789,0.0003,-0.0521383,-0.0230049,m2
18968306,0.0007,0.0161903,0.0152104,m2
18960615,0.01245,-0.0209447,-0.0224553,m2
18991050,0.0006,0.0479823,0.029214,m2
18993788,0.0003,0.00802677,0.0745867,m2
18996397,5.0e-05,0.0788644,0.0417824,m2
18982629,0.0126,0.0474239,0.0354744,m2
16439521,0.1094,-0.011812,-0.00431151,m2
18994382,0.00075,-0.106822,-0.109091,m2
18994972,0.0002,0.034494,0.0224482,m2
18996586,5.0e-05,0.0335759,-0.0060897,m2
14086976,0.4907,0.00661993,0.0118258,m2
18993002,0.00045,-0.00827751,-0.0493764,m2
18016118,0.04135,-0.00328095,-0.000628086,m2
18996585,5.0e-05,-0.0388092,0.00512494,m2
18928866,0.00045,-0.0550978,-0.0276419,m2
18995507,0.0001,-0.00995442,-0.0087172,m2
2379139,1.0,-0.0252761,-0.0181707,m2
18962798,0.00075,0.0837418,0.0871083,m2
18992223,0.00015,0.00842357,0.00415803,m2
17378266,0.19295,0.024245,0.0199038,m2
18659386,0.0205,-0.00479558,0.00118025,m2
18988948,0.0004,-0.0186296,-0.0522955,m2
18978212,0.00125,0.0217044,0.0165395,m2
18995506,0.0006,-0.0481251,-0.0337193,m2
18968491,0.00115,-0.0593337,-0.0552833,m2
18054536,0.0402,0.0548319,0.0257852,m2
18737839,0.01245,-0.00607098,0.0117996,m2
18996028,0.00015,-0.118513,-0.102521,m2
18992435,0.00065,0.0523209,0.07335,m2
18995860,0.0003,0.0123961,0.0167996,m2
18975567,0.0008,0.0609134,0.0442788,m2
18993378,0.00085,0.0177808,0.00924357,m2
7941795,1.0,-0.0150224,-0.00507579,m2
18991469,0.00315,0.0058649,0.0269012,m2
18752674,0.0365,-0.0182294,-0.0337846,m2
18996395,5.0e-05,-0.036012,-0.0277247,m2
18981494,0.0016,-0.00778578,-0.0129982,m2
18994380,0.0001,0.0109939,0.041581,m2
17554494,0.23945,-0.0219646,-0.00424338,m2
18969470,0.016,0.0307998,0.0216878,m2
18996209,0.0002,0.0106779,0.00250212,m2
18992220,0.0001,0.0586077,0.0957627,m2
18675642,0.0307,0.0118669,0.00610442,m2
17702360,0.05965,0.0377232,0.00527621,m2
18994765,0.0002,0.0255787,0.0442508,m2
18969281,0.00475,-0.0131626,-0.0400294,m2
18995316,0.0002,-0.0721494,-0.0666055,m2
13706136,0.15355,-0.00987375,-0.01849,m2
18987372,0.00065,-0.0298783,-0.0249167,m2
18994597,0.0002,0.0482043,0.0522324,m2
18783688,0.08155,0.0229815,0.0191397,m2
18996584,5.0e-05,-0.000868511,-0.0701243,m2
18987165,0.00175,-0.0321656,-0.04625,m2
18881025,0.0034,0.0124538,-0.0127658,m2
18981870,0.0003,0.0352692,0.0434442,m2
18965873,0.002,-0.0216854,-0.0272267,m2
18986399,0.00335,-0.0113521,-0.0533285,m2
18996583,5.0e-05,-0.0418167,-0.0398859,m2
18971972,0.00185,-0.0758709,-0.0186556,m2
7499561,1.0,-0.0117613,0.013552,m2
18771893,0.05305,-0.0052524,0.0155002,m2
18996393,0.0001,0.00948124,-0.0100052,m2
12459634,1.0,0.0230494,-0.0253056,m2
18972346,0.00125,-0.0383966,-0.0688076,m2
18995144,0.0004,0.0263,-0.0106323,m2
18985815,0.00665,-0.0120835,0.00514365,m2
18423499,0.0361,-0.0362525,-0.0133963,m2
18996582,5.0e-05,-0.0369332,-0.0483166,m2
18981667,0.00835,0.022327,0.0560098,m2
18990487,0.0003,0.0492952,0.0462691,m2
18534813,0.0529,-0.02536,-0.0218139,m2
18823801,0.01605,0.0202877,0.0355056,m2
18992019,0.0008,-0.0481735,-0.0647563,m2
18474806,0.0384,0.0125606,0.0495844,m2
18063887,0.21665,0.00695398,0.00487578,m2
18351756,0.0198,0.0382389,0.00947253,m2
17711693,0.01645,0.0110145,0.0275427,m2
18996392,5.0e-05,-0.0439631,-0.041903,m2
18829988,0.0162,0.0541607,0.02963,m2
18995503,0.00025,-0.0411171,-0.0367908,m2
18995315,0.00025,0.0553673,0.0634975,m2
18994596,0.0004,-0.11503,-0.152305,m2
16882378,0.1659,0.00360071,0.0200591,m2
16695698,0.2819,-0.014184,-0.00218879,m2
18995647,0.0002,-0.0047443,-0.000556783,m2
18849711,0.0017,0.0107625,0.0134977,m2
18996206,0.00015,0.045106,0.0147818,m2
18863204,0.00715,0.0197389,-0.0101248,m2
18951836,5.0e-05,0.0374277,0.0183818,m2
18992808,0.0009,0.0899079,0.0491466,m2
16373420,0.4318,0.0260493,0.00460003,m2
18664302,0.1407,-0.0200801,0.000689434,m2
18969465,0.00055,-0.0467346,-0.0446419,m2
7113929,1.0,0.00807921,-0.0175914,m2
18996391,0.0001,-0.000471431,-0.015153,m2
18915134,0.00325,0.00119985,0.0180899,m2
16702546,0.07335,0.0284708,0.0189437,m2
18994374,0.00025,-0.0184682,-0.0360721,m2
18985246,0.0004,0.0477431,0.0560401,m2
18964387,0.0002,0.0922043,0.0872049,m2
18992216,0.0001,-0.013194,0.00471008,m2
18974058,0.00695,0.00974217,0.0264163,m2
18980573,0.00075,0.0675263,0.0671933,m2
18995646,0.0001,-0.0782617,-0.0571201,m2
18989876,0.0003,0.0163212,-0.00186313,m2
18975033,0.00175,0.0119934,-0.0198239,m2
18544557,0.01985,-0.0454683,-0.0309656,m2
18971561,5.0e-05,0.0330077,0.00819167,m2
18876077,0.0711,0.0454037,-7.59773e-05,m2
18996581,5.0e-05,-0.0742425,-0.082595,m2
18987369,0.0002,0.0536333,0.032484,m2
18993374,0.00095,-0.00103985,0.00644258,m2
18991465,0.0017,0.0849851,0.0676155,m2
18996390,0.0001,-0.078091,-0.0500839,m2
18995858,0.00015,0.00129548,0.0105437,m2
18742347,0.00805,0.0026426,-0.011711,m2
18975378,0.0075,-0.0230639,-0.0287936,m2
18975031,0.00215,-0.0113447,1.38291e-05,m2
18996024,0.0001,0.0132071,0.0500098,m2
18996389,0.0001,0.0632099,0.0567494,m2
18996388,5.0e-05,-0.0797229,-0.0534032,m2
18996580,5.0e-05,-0.0449956,-0.0336786,m2
18881212,0.0244,-0.0902159,-0.0964676,m2
18487180,0.10045,0.0143493,0.00284869,m2
18995313,0.00065,0.0264454,0.0310058,m2
18993975,0.0006,0.0911184,0.0640733,m2
18996579,5.0e-05,-0.0700043,-0.0584405,m2
18996578,5.0e-05,0.0916244,0.0605126,m2
18992211,0.0007,-0.0732083,-0.0853239,m2
18841648,0.0282,0.0138622,0.0374922,m2
18996022,5.0e-05,0.0106351,0.0449428,m2
18828248,0.00835,-0.0492197,-0.0595899,m2
18993974,0.00035,-0.106345,-0.106381,m2
18990275,0.0004,0.00246613,-0.0106929,m2
18995644,0.0003,0.0238843,0.0033178,m2
18996577,5.0e-05,-0.055098,-0.0344067,m2
18906411,0.0079,-0.00603756,-0.0198722,m2
18986968,0.0034,0.100348,0.100429,m2
18552457,0.0282,0.0111729,0.0159678,m2
18996021,5.0e-05,-0.0322286,-0.0440192,m2
18988535,0.0012,-0.0240772,-0.019538,m2
15242753,0.1497,-0.0269939,0.0186864,m2
18995853,0.0002,-0.019615,-0.0182664,m2
18959303,0.0013,0.0641331,0.0864227,m2
18995641,5.0e-05,0.0298253,0.0171599,m2
18630603,0.02575,-0.00215211,-0.0161376,m2
18946948,0.00045,-0.0174878,-0.0112747,m2
18991043,0.00025,0.0255205,0.00751221,m2
18753390,0.00375,0.0369481,0.0522897,m2
18819252,0.01165,-0.00823774,0.00381593,m2
18780124,0.03395,0.000963844,-0.00125348,m2
18996019,0.0004,0.0428409,0.0119167,m2
18933292,0.00175,0.0755966,0.076069,m2
18996576,5.0e-05,0.0718701,0.0812471,m2
18256892,0.0782,0.00653786,0.0117301,m2
18993778,0.00095,0.00198152,0.00114222,m2
18981863,0.00065,-0.0178001,-0.026412,m2
18642279,0.0022,-0.0144451,-0.0134658,m2
18696247,0.0011,0.0127188,0.0359586,m2
18994957,0.0001,-0.0296784,-0.0337188,m2
18996202,0.0002,-0.0285456,-0.0416927,m2
18746886,0.0244,-0.0166771,-0.00738237,m2
18996384,5.0e-05,0.0213744,-0.00251569,m2
18994758,0.0004,-0.0834126,-0.0678539,m2
18621732,0.0929,0.0127774,-0.0231942,m2
18978944,0.0018,0.0382023,0.0471718,m2
18975733,0.0006,-0.0122586,0.0329062,m2
18994587,0.00015,0.0309111,0.0122996,m2
18989133,0.0004,-0.0900206,-0.0688014,m2
18900304,0.0066,-0.0103523,0.0200531,m2
18974270,0.0002,0.0388604,0.0388658,m2
18996575,5.0e-05,-0.0270586,-0.0333275,m2
14846626,0.12745,0.00467125,-0.0125312,m2
18941197,0.0222,0.00521089,0.00694572,m2
18978371,0.00035,0.00681821,0.00215108,m2
18976306,0.0009,0.0170221,0.0395362,m2
18742341,0.00145,-0.0303558,-0.0337106,m2
15905135,0.0577,0.00199185,-0.00549244,m2
18877401,0.00605,0.00392595,0.0118104,m2
17114413,0.0286,-0.00990945,-0.0170845,m2
2786436,1.0,0.00486992,0.0302633,m2
18985057,0.0027,0.0403308,0.0246528,m2
18994756,0.00225,-0.0231231,-0.0317984,m2
18978742,0.0003,0.0484221,0.0671031,m2
18990068,5.0e-05,0.0462283,0.0485711,m2
18952397,0.0134,-0.0344141,-0.0192103,m2
18993568,0.00125,-0.0370059,-0.0460159,m2
18996200,0.0002,-0.0667471,-0.0456123,m2
18414581,0.01175,0.0456603,0.0702224,m2
18996574,5.0e-05,-0.0102513,0.00310786,m2
18996573,5.0e-05,-0.0184093,-0.00324633,m2
18878139,0.02685,-0.0250732,-0.0245314,m2
18960034,0.0156,-0.0312339,-0.0392192,m2
18726158,0.00915,0.0305366,-0.026221,m2
18946946,0.0035,-0.0117077,-0.0668719,m2
18994755,5.0e-05,-0.0144713,0.00872821,m2
18995309,0.00015,0.021351,-0.0326285,m2
18992421,5.0e-05,0.112485,0.14492,m2
18982235,0.0007,0.0311289,0.0389205,m2
1382870,1.0,0.0318245,0.0073354,m2
18929856,0.0015,-0.00162909,-0.00247731,m2
18996198,5.0e-05,-0.0149313,-0.00535521,m2
18981656,0.00065,-0.0294727,-0.00185576,m2
18978010,0.00155,0.0102578,0.00609424,m2
18701919,0.0015,0.014286,0.00766723,m2
17056925,0.38605,-0.032094,-0.00906611,m2
18995308,5.0e-05,0.0163747,0.00301449,m2
18985238,0.0009,-0.0428673,-0.0108137,m2
13605927,0.2487,-0.0110048,0.0036131,m2
18971550,0.00025,-0.0650952,-0.0442361,m2
18996197,5.0e-05,0.030164,0.0272328,m2
18996572,5.0e-05,0.0482875,0.00451526,m2
18990667,0.00065,0.0257894,0.0243366,m2
18991039,0.00015,-0.0574047,-0.0621329,m2
18940219,0.0238,0.00105191,-0.00419471,m2
18991236,0.00085,-0.0358994,-0.0550145,m2
18996381,5.0e-05,0.00472988,0.0198915,m2
18972527,0.00275,0.0365314,0.0291279,m2
18996195,5.0e-05,-0.029126,-0.0459084,m2
18858875,0.0007,-0.00103906,-0.00788181,m2
18984305,0.0016,-0.0205066,-0.0066004,m2
18995490,0.00035,-0.109665,-0.103994,m2
18873599,0.0108,0.0688013,0.0535835,m2
18996571,5.0e-05,0.0448935,0.0478604,m2
17226434,0.065,-0.0412842,-0.00436207,m2
18952781,0.00305,0.0461619,0.0332533,m2
18764754,0.00945,0.0524892,0.0548322,m2
18861761,0.01065,0.0343169,0.00282876,m2
18993965,0.0001,0.0345547,0.0232891,m2
18937405,0.0172,0.0629479,-0.00271368,m2
18979182,0.0023,0.0135099,0.0431998,m2
18982612,0.00205,-0.0277208,-0.0397617,m2
18985801,0.0007,-0.0458602,-0.0378093,m2
2812056,1.0,0.0049592,-0.00819923,m2
11339825,0.85225,-0.00174537,0.00581642,m2
18989690,0.00015,-0.0219916,-0.0115768,m2
18922938,0.0025,-0.0967081,-0.0363928,m2
18996570,5.0e-05,-0.0997757,-0.123186,m2
18986586,0.00165,0.0315178,0.0804253,m2
18994750,0.00065,-0.0592653,-0.0744857,m2
18988529,5.0e-05,0.00965145,0.0198065,m2
18771885,0.03665,0.0245885,0.0225191,m2
18996379,0.00015,-0.0663977,-0.0698564,m2
18996378,0.0001,0.0541927,0.0369018,m2
18996569,5.0e-05,-0.0415036,-0.0565359,m2
18993171,0.00015,0.0204457,0.028662,m2
18955797,0.016,0.0125489,0.00549902,m2
18995132,0.0005,0.036424,0.0415374,m2
18995131,0.0002,0.057197,0.0267432,m2
18993961,0.0003,-0.0399041,-0.0284246,m2
18990268,0.0004,-0.0267566,-0.0338769,m2
18995848,5.0e-05,0.000170901,-0.00728429,m2
18416590,0.07915,0.0153303,0.0237755,m2
18994952,0.0001,-0.0661735,-0.0645346,m2
18995635,0.0001,0.0144083,-0.0302438,m2
18898135,0.0052,0.0293079,0.0689938,m2
18991453,0.00055,-0.0162219,-0.0090041,m2
18996377,5.0e-05,-0.0605036,-0.0330701,m2
18943273,0.00275,0.0596232,0.0520994,m2
18933641,0.00415,-0.0152588,-0.00200532,m2
11783219,0.04965,0.0019474,-0.022251,m2
18994583,5.0e-05,-0.00911256,-0.0143636,m2
18957930,0.0024,0.0702191,0.05954,m2
18872832,0.0093,-0.0130314,-0.0256497,m2
18985416,0.00175,-0.00545401,0.0209833,m2
18328774,0.0158,0.0452506,0.00983619,m2
18996568,5.0e-05,-0.0488088,-0.0559313,m2
18944360,0.01765,-0.0903129,-0.0662737,m2
18973280,0.00465,0.0140975,-0.0080826,m2
18992798,0.0008,0.0202602,0.0486752,m2
18989861,0.0002,0.0350914,-0.00745798,m2
18986583,0.00025,0.0908504,0.107283,m2
18982775,0.0026,0.0418658,0.0515983,m2
18985988,0.00045,-0.0731626,-0.062537,m2
18987935,0.0031,0.0325389,0.0304917,m2
18996567,5.0e-05,0.00802542,0.0217579,m2
18911913,0.00945,0.0643714,0.0583847,m2
18938180,0.00095,-0.0617006,-0.0606381,m2
18984086,0.0007,-0.0329198,-0.0355134,m2
18475947,0.0217,-0.0206983,0.00297502,m2
18974642,0.00075,-0.0451156,-0.0116291,m2
18996566,5.0e-05,-0.0489034,-0.0433435,m2
18986765,0.00105,0.0809909,0.100206,m2
18996373,0.0001,-0.0224395,-0.00245622,m2
18985987,0.0041,-0.0381167,-0.0083502,m2
18976917,0.00045,-0.00143267,-0.0118387,m2
18992204,5.0e-05,-0.00908095,-0.0132955,m2
18974823,0.00015,0.0416654,0.0264743,m2
18991451,0.0002,-0.0619149,-0.060815,m2
18996372,0.0001,0.0121293,0.0156313,m2
18996565,5.0e-05,-0.0769346,-0.0388319,m2
18996191,0.0001,-0.0567271,-0.0535349,m2
18980178,0.0019,0.0476546,0.0344493,m2
18996371,5.0e-05,0.0534611,0.0616039,m2
18682203,0.014,0.0417297,0.0446901,m2
7649269,1.0,-0.0104672,0.00163499,m2
18967370,0.0067,-0.00369042,0.0184173,m2
18531801,0.00235,0.0212438,0.0190909,m2
18994579,0.00035,-0.0656704,-0.072472,m2
18996564,5.0e-05,0.000336399,-0.00396444,m2
18984672,0.00045,-0.0822176,-0.0732396,m2
6288568,1.0,0.00904798,0.0133772,m2
18977463,0.00815,-0.0337258,-0.0182651,m2
18984294,0.00015,0.0221842,0.0376811,m2
18406150,0.01985,-0.0587837,-0.0460576,m2
18969819,0.0015,-0.0161063,-0.0301697,m2
18989327,0.00075,0.00361922,0.0113288,m2
18962352,0.0019,0.0213223,-0.00599035,m2
18987540,0.00205,0.0470707,0.0767465,m2
18991829,0.0018,0.00837615,-0.00159767,m2
18996189,5.0e-05,-0.0255146,-0.00767226,m2
18995633,0.0002,0.0619335,0.0510509,m2
18996011,5.0e-05,-0.0285315,-0.0175088,m2
18994577,0.0002,-0.0419876,-0.0492321,m2
18996369,0.0001,0.0357759,0.0413294,m2
18862480,0.07125,-0.04847,-0.0411245,m2
18767764,0.0058,-0.0699182,-0.0779575,m2
18977287,0.0057,0.0370132,0.0435395,m2
18793263,0.0094,0.070515,0.0618548,m2
18996368,5.0e-05,-0.0296499,-0.0501893,m2
18996010,0.0002,0.00461406,-0.0101074,m2
18830137,0.00285,0.103015,0.0619263,m2
18534272,0.0342,0.0279277,0.0432183,m2
18996367,5.0e-05,-0.0562871,-0.0184945,m2
18931947,0.00235,0.0109009,0.0111204,m2
18996187,5.0e-05,0.0288167,0.0483985,m2
18815699,0.0008,-0.0276012,-0.0387168,m2
18995631,0.0001,0.0689464,0.0254957,m2
18853154,0.0041,-0.0518505,-0.0155124,m2
18994160,0.0004,0.0195185,0.00472602,m2
18993558,0.00025,0.014029,-0.0116874,m2
18805458,0.01,-0.0497323,-0.0384126,m2
18702288,0.02145,0.00795998,0.0437026,m2
18501065,0.03405,-0.00830406,0.000590712,m2
18992202,0.0004,-0.0199451,-0.0628337,m2
18978731,5.0e-05,0.0394962,0.0584937,m2
18985982,0.0001,-0.0324417,-0.0131991,m2
18991827,0.00075,-0.0505598,-0.0262397,m2
18971941,0.004,0.0375801,0.0400164,m2
18995484,5.0e-05,-0.0491363,-0.0240822,m2
18830696,0.00555,-0.0618244,-0.0731083,m2
18993360,0.00025,-0.0671694,-0.0407786,m2
18974635,0.00605,0.0650851,0.0937036,m2
18985047,0.00075,0.0471252,-0.0207618,m2
18134129,0.41095,0.0225715,0.0018453,m2
18727123,0.0271,-0.0353119,-0.033989,m2
18395696,0.0076,0.0449929,0.00142001,m2
18866236,0.01175,-0.0496413,-0.0211364,m2
18991826,0.0006,0.0295402,0.0425954,m2
18984473,0.00255,-0.0231332,-0.0539191,m2
18712548,0.01535,-0.0621028,-0.0474325,m2
18992796,0.00115,0.022062,0.0434473,m2
18996008,0.0001,0.0461005,0.049944,m2
18994742,0.0001,0.0100252,0.0485429,m2
18996186,0.0001,0.00380155,0.00718713,m2
18954301,0.001,0.0831013,0.0632381,m2
10291373,1.0,0.00319386,-0.00719959,m2
18908556,0.001,-0.00935762,0.000766474,m2
18995843,0.0003,0.0836167,0.0403853,m2
18846762,0.03725,-0.00762226,0.00509888,m2
18990844,0.00055,-0.0361243,-0.00179442,m2
18973098,0.0045,-0.104708,-0.12582,m2
18996563,5.0e-05,-0.00766261,-0.0210115,m2
18927049,0.017,-0.0266504,-0.0461712,m2
4157978,1.0,0.0100034,0.00305145,m2
18996184,0.0001,-0.0542021,-0.0501637,m2
18996005,0.0002,0.0768922,0.0333948,m2
17625007,0.434,-0.0102245,-0.0140751,m2
18981846,0.00145,0.090732,0.0879783,m2
17187078,0.54645,0.00432899,-0.0253603,m2
18992613,0.0011,-0.0214011,-0.0205718,m2
18980554,0.0051,0.028414,0.0446221,m2
18989510,0.00105,0.00121474,-0.0144493,m2
18974254,0.00025,0.0111537,0.00598712,m2
18727120,0.035,-0.000958699,0.0046626,m2
18794390,0.0037,-0.0509978,-0.02633,m2
18965655,0.00475,0.0118947,0.0223509,m2
18954126,0.01595,-0.0420786,-0.0228391,m2
18996366,0.00015,-0.0948495,-0.0892468,m2
18740143,0.059,0.0080246,-0.0053416,m2
18995483,0.00025,0.0247346,0.0460781,m2
18979762,0.00165,0.0506457,0.0339847,m2
18904968,0.00155,0.0543455,0.0493035,m2
18282412,0.17095,0.0179442,-0.0195989,m2
18995482,0.00045,0.0224867,0.0234528,m2
18435346,0.01445,-0.0251258,-0.0415631,m2
18984668,0.00245,0.00676312,-0.0109184,m2
18994352,0.00015,-0.0264788,0.00182965,m2
18966224,0.0004,-0.0212646,-0.0319468,m2
2674557,1.0,0.0125586,0.00319513,m2
18995119,0.00035,0.000628643,-0.000486788,m2
18996562,5.0e-05,-0.0384341,-0.0505851,m2
8958640,0.1836,-0.0157077,-0.00971624,m2
18995298,0.00065,0.0273468,0.00946668,m2
18990840,0.0033,-0.0783613,-0.0965025,m2
18994351,0.0001,0.0138036,0.0165089,m2
18651648,0.0194,0.0261531,0.0230064,m2
18996183,5.0e-05,0.076326,0.056411,m2
18984666,0.00075,-0.0325822,-0.00144625,m2
18927047,0.00535,0.0111166,0.0272208,m2
18994941,0.00035,0.0467232,-0.00160339,m2
18996182,0.0001,0.0285571,0.0104842,m2
6014949,1.0,0.00305939,0.0243468,m2
12711473,1.0,0.00452796,-0.0105818,m2
18850615,0.00015,0.00355419,-0.0260467,m2
18990656,5.0e-05,0.0106799,0.0294297,m2
18994568,0.0002,0.0903066,0.0604714,m2
18996003,0.0001,0.0074767,0.0112405,m2
13263065,1.0,0.030461,0.0108733,m2
18995627,0.0004,-0.188669,-0.186682,m2
18986946,0.00085,0.0380817,0.052437,m2
18811352,0.00035,-0.0429543,-0.044154,m2
18991621,0.00015,0.0331933,0.0654743,m2
18996181,0.00015,0.00891961,-0.0255398,m2
18984469,0.00035,0.039785,0.0107963,m2
17548792,0.0698,0.0182006,-0.001685,m2
18967718,0.00135,-0.00269868,-0.0481567,m2
18995296,5.0e-05,-0.0904475,-0.0723249,m2
18837884,0.0241,0.0141676,-0.00401404,m2
18995112,5.0e-05,0.00280684,0.027456,m2
18968864,0.00605,0.0279531,0.0326205,m2
18986573,0.00165,-0.0584302,-0.0443094,m2
18834635,0.00895,-0.0516488,-0.0234323,m2
18949748,0.00585,0.0498785,0.0501065,m2
18842745,0.0186,0.0306168,0.0283085,m2
18996001,0.0002,0.0352794,0.0345676,m2
18996000,0.00065,-0.00635709,-0.00745663,m2
18996561,5.0e-05,-0.0145592,0.00140057,m2
18766662,0.00015,-0.0687376,-0.0685501,m2
18960220,0.0074,-0.0053378,-0.01336,m2
18990457,0.0008,0.00321536,-0.00828207,m2
18964920,0.0009,-0.0292957,-0.010268,m2
18913595,5.0e-05,-0.0343226,-0.0384575,m2
18996560,5.0e-05,0.133977,0.133467,m2
17101411,0.73945,-0.0114626,-0.056197,m2
17086353,0.6097,-0.0104803,0.0133545,m2
18977454,0.0001,0.0100348,0.00670262,m2
18815502,0.01225,0.010094,-0.00188502,m2
18598909,0.00845,0.0258383,0.00410314,m2
18982764,0.00175,0.0903204,0.0554862,m2
18974248,0.00165,-0.002447,-0.0183871,m2
16320913,0.1094,-0.0080154,0.000412773,m2
16846973,0.0477,0.023086,-0.00930916,m2
18995838,5.0e-05,-0.0744727,-0.068833,m2
18192131,0.02925,-0.0375315,-0.040014,m2
18983707,0.0008,-0.0402888,-0.0549276,m2
18996559,5.0e-05,-0.0532538,-0.0110291,m2
18996558,5.0e-05,-0.0168781,-0.0113011,m2
18990838,0.0005,0.0579523,0.0462854,m2
18710906,0.0314,-0.0129234,0.0175416,m2
18982762,0.0004,-0.0428694,-0.0707908,m2
18995111,0.0004,0.0419402,0.0550756,m2
18739945,0.0635,-0.013347,-0.0422722,m2
18990259,0.00025,-0.0087393,-0.00234667,m2
18989850,0.00015,-0.00854665,-0.0436856,m2
18739144,0.0128,-0.00301756,0.0124734,m2
18944163,0.0007,0.0343684,0.0643175,m2
18994937,0.00025,0.110909,0.131027,m2
18990258,0.00125,-0.0463415,-0.0313628,m2
18991220,0.00055,-0.0332029,-0.0162169,m2
18875864,0.0367,-0.00251553,0.0287383,m2
18995837,0.00035,-0.0365081,-0.0507856,m2
17739340,0.02555,-0.00235256,0.0108314,m2
18995110,0.0001,-0.0419416,-0.0477134,m2
15270456,0.7281,0.0249658,-0.0046214,m2
18976662,0.0001,-0.0336161,-0.0220461,m2
18954119,0.0037,0.0131549,0.0115596,m2
18918001,0.00335,0.00266252,-0.0092838,m2
18955977,0.0041,0.011182,0.0496369,m2
18931938,0.00405,-0.0204464,-0.0674353,m2
18992790,0.0002,0.0129472,-0.00676833,m2
18996557,5.0e-05,0.0056038,-0.0172872,m2
15523059,0.341,0.0102278,-0.00801228,m2
18774684,0.01735,-0.0152994,-0.00978449,m2
18995998,0.0002,0.0184887,-0.00664235,m2
18991986,0.0004,0.0555769,0.0653022,m2
18928638,0.02645,-0.0130245,-0.0191947,m2
18979952,0.0033,-0.0469614,-0.0489497,m2
16550555,0.268,0.00773319,-0.00869457,m2
18952764,0.00215,0.0040306,0.0339099,m2
18987925,0.00015,-0.0356954,-0.0170106,m2
18987347,0.0004,0.025095,-0.0115863,m2
18982961,5.0e-05,-0.0689845,-0.0952695,m2
18996363,0.00015,0.00358804,-0.0504634,m2
14487688,0.11235,0.0140441,0.00107353,m2
18995996,5.0e-05,0.0118365,0.00992139,m2
18990038,0.00045,0.00174945,-0.00402582,m2
18996178,5.0e-05,-0.0902286,-0.047338,m2
16383961,0.6182,7.27519e-05,-0.0331901,m2
18977096,0.00075,0.0043486,0.0345096,m2
18992402,0.00015,0.00384911,-0.0142724,m2
18906193,0.01765,0.0033154,-0.000639374,m2
18800626,0.0043,-0.0225037,-0.0222666,m2
18492035,0.0097,0.0171134,0.0192965,m2
18962150,0.00065,-0.0225355,0.0078043,m2
17310451,0.004,0.014977,0.000473991,m2
18906935,0.00305,0.0315717,0.0305776,m2
18993163,0.0013,-0.0185934,-0.0212763,m2
18782712,0.05055,-0.0267458,-0.0571038,m2
18799256,0.018,0.0125439,-0.0383236,m2
18961392,0.0072,0.0102286,0.00600505,m2
18996362,5.0e-05,-0.0480009,-0.072579,m2
18936791,0.03395,-0.014208,0.00294622,m2
18427927,0.02215,-0.0756093,-0.0365656,m2
18995995,0.0002,0.0585095,0.0271669,m2
18734272,0.00655,0.0319654,0.0307631,m2
18989312,0.0007,0.0523448,0.0668231,m2
18993943,5.0e-05,-0.0466702,-0.0431038,m2
18991615,0.00065,-0.041607,-0.0569878,m2
18965648,0.0029,-0.0359358,-0.0281474,m2
18226641,0.0936,0.0170644,0.0202411,m2
18128112,0.0263,-0.0364995,-0.0511208,m2
18958486,0.0024,-0.0544802,-0.0381614,m2
18976473,0.00115,0.0229835,0.0512406,m2
18995620,0.0003,0.00690243,0.0178422,m2
18761901,0.0209,-0.0214442,0.00721258,m2
18995619,0.0005,0.00542614,0.0275847,m2
6768364,1.0,0.0231477,0.0197732,m2
18994933,0.00035,-0.00185722,0.013243,m2
18995106,0.0003,-0.0448292,-0.0184428,m2
15203499,0.116,0.029696,0.0129582,m2
18995293,5.0e-05,0.0321829,0.0101686,m2
18995292,0.00025,-0.0166198,-0.0309424,m2
5118299,1.0,0.0125122,0.0182518,m2
18971341,0.00535,-0.0133148,-0.00911917,m2
18995472,5.0e-05,0.0922685,0.0915662,m2
18995471,0.00015,0.0411278,0.0581335,m2
18988511,0.0009,-0.0853737,-0.115928,m2
18996556,5.0e-05,-0.0763799,-0.0498281,m2
18950876,0.0006,-0.0336354,-0.0291325,m2
18917999,0.0219,0.0165937,0.0298756,m2
18995994,0.0001,0.0194819,0.0288375,m2
18991020,0.00025,0.0255764,0.017575,m2
18976286,0.0005,-0.0280904,-0.011866,m2
18995618,0.00015,-0.0605274,-0.0657793,m2
18194999,0.1453,0.0288557,0.0380706,m2
18472488,0.0139,-0.0775027,-0.0201098,m2
18942318,0.00285,-0.0548672,-0.0480979,m2
18444660,0.13315,0.0190544,-0.00318135,m2
18817070,0.01345,-0.0148233,-0.0117407,m2
18950874,0.0068,0.00152398,0.0112815,m2
18992190,0.0001,0.0989839,0.0882254,m2
1950722,0.622,-0.0122787,-0.00307824,m2
18996555,5.0e-05,0.0757788,0.0671132,m2
18984062,0.00225,-0.0491574,-0.0544071,m2
18935627,0.0079,-0.036328,-0.0254709,m2
18991214,0.00065,-0.0367181,-0.0455271,m2
18933258,0.0103,0.0333126,0.02183,m2
18987128,0.00215,0.0751358,0.0801046,m2
18926076,0.01035,-0.0172529,-0.0316251,m2
18977265,0.0068,0.103649,0.0840876,m2
18974809,0.0023,-0.012838,-0.0147991,m2
18996361,5.0e-05,0.0313066,0.0366348,m2
18995102,0.0003,0.0710428,0.0674787,m2
18974022,0.0002,0.02614,0.00909678,m2
16326442,0.0372,-0.0351283,-0.0109565,m2
18996554,5.0e-05,0.01992,0.000782842,m2
18996553,5.0e-05,-0.00421212,0.00648487,m2
18993541,0.00015,0.0285106,0.0280651,m2
18994726,0.00025,-0.000981453,0.0154624,m2
18996360,5.0e-05,-0.0276309,-0.00736071,m2
18996552,5.0e-05,-0.0133406,-0.0735881,m2
18969435,0.00615,-0.0740458,-0.0115693,m2
18996175,0.0001,-0.0511602,-0.0385441,m2
18992975,0.00115,0.0344872,0.0431118,m2
17166507,0.09665,0.0173779,0.00866561,m2
18994337,0.0005,-0.0195433,-0.0174724,m2
18937566,0.00285,0.0359349,0.00342349,m2
18970911,0.00265,0.0415632,0.024144,m2
18975340,0.00375,0.0711922,0.0802289,m2
18994724,0.00035,0.0147059,-0.0175821,m2
7401975,0.1836,0.00411987,0.0104604,m2
18931589,0.0037,0.00117602,0.00979123,m2
18944337,0.00205,0.0637493,0.0730226,m2
18872220,0.01455,-0.0455452,-0.0274259,m2
18654286,0.0204,-0.0338707,-0.0509822,m2
18995832,0.0001,-0.0748218,-0.086408,m2
18915299,0.0054,0.0140489,-0.0147856,m2
18991979,0.0014,-0.0443169,-0.041577,m2
18995831,0.00035,0.0438323,0.0214853,m2
17973443,0.06755,0.00205209,-0.0151435,m2
18994550,0.0011,-0.0067034,-0.00349035,m2
18218763,0.12305,0.00445166,0.0171111,m2
18995467,0.0001,0.121701,0.122455,m2
18989303,0.001,-0.0486041,-0.0360773,m2
18980362,0.0037,-0.0897092,-0.0753041,m2
18996551,5.0e-05,-0.0119576,-0.000282827,m2
18996550,5.0e-05,0.0388849,0.0275515,m2
15573320,0.0775,0.00500221,0.00128706,m2
17954954,0.12745,0.0216821,-0.0248866,m2
18988508,0.0005,0.0464772,0.0443123,m2
15800647,0.23645,-0.0186952,-0.020284,m2
18992971,0.00065,-0.0127042,-0.0100272,m2
18991208,0.00035,0.0197407,-0.0293452,m2
18995465,5.0e-05,0.0158725,0.0118587,m2
18860174,0.0024,-0.00381133,-0.0161527,m2
18996549,5.0e-05,-0.0321466,-0.00765829,m2
18995992,0.00015,-0.0516602,-0.0379578,m2
18987724,0.00155,-0.00523778,-0.0127659,m2
18560155,0.03105,0.0191073,0.00411908,m2
18996174,5.0e-05,-0.00350516,0.0140111,m2
18996356,5.0e-05,-0.0179882,-0.0106582,m2
15518445,0.1626,-0.0140446,-0.0179666,m2
18985969,0.0001,0.0575598,0.0772539,m2
18802163,0.0036,0.0153297,0.0036934,m2
18961753,0.00465,-0.0206214,-0.00268181,m2
18565744,0.00015,-0.0374166,-0.0258031,m2
17336136,0.00685,-0.0154934,-0.0160232,m2
18677459,0.053,0.0325411,0.00319766,m2
18866954,0.01765,0.0111844,0.00839324,m2
18847501,0.0398,-0.0321376,-0.0176475,m2
18986936,0.0033,-0.0382725,-0.0359257,m2
18970166,0.0004,-0.0369981,-0.0331871,m2
15015659,0.17755,-0.0193944,-0.0290511,m2
18991807,5.0e-05,0.0420251,0.0424015,m2
18861128,0.0355,0.0178339,-0.0103061,m2
18993149,0.0001,0.0807601,0.0827211,m2
18925896,0.01275,0.00390878,0.0441438,m2
18996355,5.0e-05,-0.040213,-0.0431513,m2
18992186,0.00065,0.0093643,-0.00113659,m2
18994927,0.00025,0.021315,0.0426072,m2
16625284,0.25425,0.00473713,0.0130443,m2
18962325,0.00735,-0.0529406,-0.0385105,m2
18993340,0.00315,-0.00813087,0.00346748,m2
18924952,0.0253,0.0374324,0.0456968,m2
6644936,0.20255,0.00258084,-0.0133139,m2
18976469,0.00235,0.0266034,0.0209633,m2
18986739,0.00085,0.0257667,0.0128041,m2
18995826,0.00015,0.035173,0.00805152,m2
18950298,0.00605,0.0238476,0.0198922,m2
18203029,0.02135,0.0207855,-0.00637244,m2
18993535,0.0002,0.0234161,-0.00122348,m2
18896363,0.00185,-0.0520643,0.00504928,m2
18994925,0.0002,-0.0149283,0.0205576,m2
18995825,0.00015,-0.0649945,-0.0649526,m2
18952368,0.0011,-0.0411341,-0.0147551,m2
18897122,0.03455,0.0434028,0.0181706,m2
18717104,0.041,-0.0129516,-0.0130489,m2
18980154,0.0002,0.0292332,0.0179678,m2
18996172,0.00015,0.011463,0.0414986,m2
18953699,0.0026,-0.0434626,-0.0408028,m2
18996353,0.00015,0.0470938,0.0570823,m2
18977261,0.00135,0.0482842,0.0611187,m2
18934882,0.0051,-0.0554745,-0.0677841,m2
18975530,0.00235,0.00678114,0.00729743,m2
18993751,0.00085,0.0110837,0.0408038,m2
18698125,0.09505,-0.0092609,-0.0244426,m2
18994923,0.00025,0.0428346,0.0258889,m2
18990639,0.00125,0.00302461,0.0174081,m2
18976649,0.00165,-0.029679,-0.0306542,m2
18991973,0.0001,-0.0814024,-0.0385712,m2
18991599,0.0016,-0.000136483,0.00694478,m2
18994329,0.0001,-0.00578255,0.00204481,m2
18976466,0.0031,-0.0493748,-0.0418279,m2
18938690,0.00885,-0.0178207,-0.00077058,m2
18990242,0.0004,0.0299116,0.00244766,m2
18948275,0.0019,-0.0201407,-0.0348235,m2
18996546,5.0e-05,-0.0239356,0.00155036,m2
18360325,0.03555,-0.0370193,-0.0452634,m2
18988506,0.0007,-0.0141683,-0.0304898,m2
18679317,0.0297,0.00687284,0.0222133,m2
18982948,0.00225,-0.01479,0.0378053,m2
18947693,0.00025,-0.0841055,-0.0571386,m2
18995989,0.0003,-0.0704405,-0.0980794,m2
18984836,0.00215,0.0212107,0.0484932,m2
18994718,0.0001,0.11013,0.0722729,m2
18996352,5.0e-05,0.0665488,0.0488735,m2
18994542,0.00025,0.0188817,0.0249796,m2
17928201,0.10855,-0.00336467,0.000856581,m2
18995095,0.00045,0.00137566,0.0411706,m2
18763982,0.0076,0.00697671,0.0104153,m2
18904554,0.00445,-0.00583842,0.0135991,m2
18839968,0.00195,-0.0236447,-0.0141495,m2
18996171,0.00015,-0.0247332,-0.0545612,m2
4619489,1.0,0.00387057,-0.0106064,m2
18956532,0.00275,0.0730491,0.0902886,m2
18320164,0.02215,0.0836662,0.0321346,m2
18979150,0.001,0.0164417,-0.015159,m2
18441403,0.09145,-0.00670243,-0.00383772,m2
18991597,0.00305,-0.0549667,-0.0331436,m2
18438535,0.078,-0.0212017,-0.00580176,m2
18996545,5.0e-05,-0.0263947,-0.0221406,m2
18987118,0.00075,0.00773507,-0.00104672,m2
6264062,1.0,-0.0129252,-0.0102571,m2
18459256,0.00215,0.042807,0.0321151,m2
18939224,0.02425,-0.00935801,0.0254232,m2
18984278,0.0032,0.0573304,0.0287907,m2
18982744,0.0002,0.100287,0.0867272,m2
18191367,0.09355,-0.0165733,-0.0326557,m2
18996544,5.0e-05,0.017457,0.000198604,m2
18996543,5.0e-05,-0.0526853,-0.000194137,m2
18994324,0.00055,0.0976554,0.0669164,m2
18995821,5.0e-05,0.0553476,0.0702772,m2
18992385,0.0004,-0.0809527,-0.0446554,m2
18996350,5.0e-05,-0.0200151,0.00239766,m2
11379077,0.884,0.00653862,0.0148696,m2
18979937,0.0007,0.0673557,0.0610024,m2
18171586,0.1466,-0.0177959,-0.0265843,m2
18949731,0.0047,-0.036278,-0.0512877,m2
18995612,5.0e-05,0.117512,0.0798247,m2
17637139,0.3415,-0.000841474,-0.0139031,m2
18661496,0.02935,-0.00934621,-0.0263337,m2
18996542,5.0e-05,-0.0303767,-0.0479057,m2
16699842,0.8602,0.00916202,0.021774,m2
18949544,0.00515,-0.072463,-0.043909,m2
18995459,0.00025,-0.0529613,-0.0564217,m2
18992382,0.0005,-0.0242055,-0.0155605,m2
18834245,0.00165,0.0274122,0.0300631,m2
18725122,0.0062,0.0643031,0.0603593,m2
18935614,0.0002,-0.0209497,-0.00718625,m2
18988702,0.00055,0.132978,0.101292,m2
18991006,0.0001,-0.00799778,-0.0142954,m2
18995986,0.0001,-0.0526139,-0.0997338,m2
18991798,0.0002,-0.00155263,0.00421383,m2
18982202,0.0009,-0.0618891,-0.048856,m2
18996168,0.0001,-0.134698,-0.134203,m2
8694418,1.0,-0.000987129,-0.0251795,m2
18648402,0.00365,0.00883153,-0.0252559,m2
181347,1.0,0.0177152,-0.00493569,m2
18987905,0.00075,-0.0676138,-0.0924158,m2
18995610,0.0002,-0.0613793,-0.0777679,m2
18996349,5.0e-05,-0.0416508,-0.0176597,m2
18996348,5.0e-05,-0.0406153,-0.0542327,m2
12378864,0.0143,0.0276629,0.00680549,m2
18981814,0.0022,0.0257725,0.0273279,m2
18985959,0.00015,-0.028356,-0.0406387,m2
18965435,0.00945,0.0274836,0.0259773,m2
18992379,0.00015,0.0167742,0.0536644,m2
18948805,0.0037,0.01774,0.0186389,m2
18995818,0.0001,-0.0319707,0.000821074,m2
18993928,0.00035,0.123625,0.100278,m2
18700766,0.0091,-0.0161713,-0.0417931,m2
18834044,0.0187,-0.00499479,0.00845514,m2
18971327,0.0017,-0.0132572,0.0253891,m2
18990824,0.0024,-0.0129954,-0.0286442,m2
18961942,0.00465,0.00834036,-0.00299956,m2
18996166,0.0001,-0.0822252,-0.0432939,m2
18860162,0.00195,-0.00447812,-0.0667939,m2
12106058,0.5009,0.00826829,-0.00558404,m2
18191573,0.20695,-0.0084092,-0.00928017,m2
18747211,0.1003,0.0202099,0.00140209,m2
18870909,0.0146,0.0095724,0.00254832,m2
18750165,0.0259,0.0394274,0.0481179,m2
18996347,5.0e-05,0.00169586,-0.0120314,m2
18995609,5.0e-05,-0.0839248,-0.0890542,m2
5048195,0.51875,-0.00254967,-0.00204923,m2
13895762,0.0964,0.0188185,0.0153585,m2
18996346,0.00015,0.0490109,0.0752147,m2
18984046,0.0007,-0.0161615,-0.0109431,m2
18995093,5.0e-05,-0.0269489,-0.0347555,m2
215463,1.0,-3.23879e-05,-0.00263658,m2
18996164,0.00025,-0.0192716,-0.0289804,m2
18992963,0.0002,-0.00401348,0.0260126,m2
18542293,0.02595,0.0231217,0.0229829,m2
18872392,0.0099,0.0125414,0.00799044,m2
18990235,0.0007,-0.00920982,-0.0268356,m2
18559234,0.1556,-0.00515154,-0.0050585,m2
18994125,0.0001,-0.0858123,-0.0851862,m2
17760562,0.0559,0.00390734,0.00582073,m2
18825383,0.00625,-0.0353941,0.00270083,m2
18983877,0.0004,0.060542,0.0873619,m2
18948999,0.00835,-0.0547823,-0.0770636,m2
18996541,5.0e-05,-0.0310558,-0.00331953,m2
18869961,0.01365,0.0391918,0.0429205,m2
18996540,5.0e-05,0.000245934,-0.00629536,m2
18995278,0.00015,-0.02486,-0.0491654,m2
18963750,0.00135,0.0316723,0.0427549,m2
18993738,0.00015,-0.0171682,0.0106867,m2
1080374,1.0,-0.0204428,-0.0169055,m2
18995456,0.0002,0.0393136,0.0301687,m2
18708544,0.02725,-0.0416343,-0.0309029,m2
18776801,0.03225,-0.0339586,-0.011016,m2
18983498,0.00185,-0.0300157,-0.0323577,m2
18969604,0.0007,-0.0537268,-0.0582308,m2
18994537,0.0001,-0.00967934,-0.0172065,m2
18996162,0.0001,-0.0127044,-0.0262329,m2
18970529,0.0025,0.00602076,-0.0505711,m2
18974794,0.00035,0.00252719,0.00745025,m2
18984268,0.00145,-0.0210983,0.0325515,m2
18958648,0.006,0.0220595,0.0635366,m2
18992375,0.00045,0.0422159,0.045344,m2
18996161,0.00025,-0.0476195,-0.035473,m2
14209662,0.6841,0.00115291,0.00304623,m2
18994122,0.0006,-0.0327324,-0.0203996,m2
18325654,0.0066,-0.0127948,-0.0305175,m2
18969222,0.00475,-0.0358922,-0.0358348,m2
18994712,5.0e-05,-0.0320876,-0.00854851,m2
18996344,0.0001,0.08918,0.0582535,m2
18980524,0.0013,-0.0239325,-0.0247807,m2
6371403,1.0,0.0200389,-0.00902798,m2
18937360,0.0008,-0.0140231,-0.0186204,m2
8565997,1.0,-0.0112645,-0.00153762,m2
18993924,0.0001,-0.0422548,-0.0484637,m2
18711951,0.0444,0.000770717,0.00723167,m2
4388121,1.0,-0.0186077,-0.0182386,m2
18761324,0.0466,-0.0272285,-0.0266804,m2
18913384,0.0049,0.033761,0.0362844,m2
18893324,0.00225,0.0223753,0.0277656,m2
18563819,0.0147,0.0208848,0.0112431,m2
18979737,0.0018,-0.0653175,-0.0810125,m2
18970896,0.00075,0.0768946,0.0859018,m2
18851932,0.00155,0.0230689,-0.0015529,m2
18955950,0.0006,0.0648614,0.0430217,m2
18992961,5.0e-05,-0.00596276,0.0106244,m2
193419,1.0,-0.011378,0.0122799,m2
8196401,1.0,0.0258048,-0.00753597,m2
18960197,0.01,-0.0690039,-0.0757108,m2
18995815,5.0e-05,-0.0652248,-0.0355566,m2
18993326,0.0001,0.052749,0.0647579,m2
18971324,0.0021,0.029685,0.0497511,m2
18996539,5.0e-05,0.020074,0.0637895,m2
18973243,0.0041,0.0390779,0.00810016,m2
18979535,0.0008,-0.0832517,-0.0992712,m2
18945705,0.00355,0.0499742,0.0566103,m2
18996538,5.0e-05,0.00986636,-0.0212365,m2
18979534,0.0002,0.0299831,-0.0168662,m2
18996537,5.0e-05,0.00603571,0.0265381,m2
18852928,0.02225,-0.0149761,0.00333154,m2
16760789,0.5568,-0.0186216,0.00069238,m2
18996536,5.0e-05,0.0824302,0.0767182,m2
18996535,5.0e-05,0.106859,0.106615,m2
18995277,0.0003,0.0672711,0.0467726,m2
18992372,0.0004,-0.0311205,-0.0472173,m2
18995978,5.0e-05,-0.0934565,-0.0748124,m2
18996157,5.0e-05,0.00763978,-0.0267043,m2
18921298,0.01735,0.0257587,0.0165187,m2
18959422,0.0037,-0.0348229,-0.0456093,m2
18995276,0.00025,0.0235074,0.0308335,m2
18958461,0.0138,-0.0115398,-0.0250812,m2
18996534,5.0e-05,0.0720188,0.0494421,m2
18025315,0.037,-0.00130393,-0.0104216,m2
18958641,0.0095,-0.00680745,-0.0172098,m2
18985956,0.00245,0.0324159,0.0130493,m2
18803552,0.03495,-0.0762936,-0.0310199,m2
18990627,0.00025,-0.0372841,-0.0213508,m2
9211634,0.57855,-0.00694097,-0.00045334,m2
18229452,0.0594,-0.00466416,-0.0109668,m2
18994313,0.0009,0.00578196,0.0133188,m2
18996155,0.0001,0.0468588,0.00820915,m2
18962555,0.0033,-0.0278775,-0.0266088,m2
18995976,0.00015,-0.0701063,-0.0413408,m2
18992769,0.0005,-0.0180993,-0.0262446,m2
18880964,0.01655,0.0123302,0.0118755,m2
18715990,0.00135,-0.0123195,-0.0034964,m2
18996533,5.0e-05,-0.021449,-0.0354172,m2
11418487,1.0,0.013912,0.00026546,m2
18995975,0.0001,-0.0540701,-0.0363932,m2
18864887,0.02985,0.00809519,0.0253047,m2
18987105,0.0015,0.00868479,-0.00479668,m2
18996532,5.0e-05,0.0145161,0.00100011,m2
18994705,0.00045,0.0576617,0.0192182,m2
17977734,0.1082,0.0514999,-0.00203475,m2
18960372,0.0049,0.0494842,0.0728719,m2
18954629,0.0012,0.0323437,0.0512378,m2
5377746,1.0,0.00884288,-0.000316932,m2
18996153,5.0e-05,0.0388243,0.0281927,m2
18840700,0.00325,-0.00168053,-0.00903959,m2
18996342,5.0e-05,-0.0242955,-0.00443777,m2
18233464,0.1197,-0.00859115,0.0191349,m2
18994704,0.0002,-0.0994922,-0.0837027,m2
18696999,0.0163,0.0484039,0.0532005,m2
18719909,0.03425,-0.0611255,-0.0735992,m2
18982561,0.009,-0.0238268,-0.0390451,m2
11726102,0.2017,-0.00687059,-0.0107937,m2
17657105,0.0693,0.00971323,-0.0130148,m2
18966779,0.00095,-0.0263836,0.0132276,m2
18933776,0.01625,-0.0377395,-0.0187494,m2
18994310,0.00015,-0.0708853,-0.0202869,m2
18996152,5.0e-05,0.0235213,0.0492955,m2
1572542,1.0,0.0266946,-0.000902254,m2
18993512,5.0e-05,-0.0934316,-0.0790254,m2
18987102,0.0009,0.018849,-0.0310633,m2
18859761,0.01685,0.0023985,0.0157083,m2
18972472,0.00355,-0.0689644,-0.0555332,m2
18936941,0.0018,-0.109318,-0.114776,m2
18996531,5.0e-05,-0.027256,-0.0163124,m2
18992163,0.00105,-0.0251688,-0.0229046,m2
18996151,5.0e-05,-0.0258241,-0.0147785,m2
18979923,0.00175,0.0943443,0.0750885,m2
18973059,0.0045,0.0555824,0.0447982,m2
17721597,0.46975,0.0262245,-0.0155434,m2
18993511,0.00085,0.0949988,0.127582,m2
18993921,0.00025,0.102812,0.0773456,m2
18691636,0.06875,0.0269468,0.0204782,m2
18995272,5.0e-05,-0.0707116,-0.0243498,m2
18985565,0.00245,0.0132286,0.0298723,m2
18994703,0.00035,-0.0603246,-0.063522,m2
18880414,0.01755,-0.0495912,-0.0704969,m2
18992366,5.0e-05,-0.0183336,-0.00700398,m2
18977958,0.0035,0.076071,0.0704277,m2
18992950,0.00035,-0.0163796,-0.0317863,m2
3944497,1.0,-0.0322467,-0.00800698,m2
18987100,0.00345,-0.0268324,-0.0436342,m2
15760444,0.42095,-0.00259277,-0.00128243,m2
18982195,0.00175,0.0562203,0.0137039,m2
18963741,0.0013,-0.0392103,-0.0414577,m2
18993724,0.00055,0.0362759,0.0133665,m2
18909976,0.0042,-0.0397397,-0.0628809,m2
13727857,0.49255,0.0262708,-0.00411101,m2
18940342,0.00505,0.0563151,0.0286173,m2
18995084,0.00025,0.0175646,0.0318921,m2
18991954,0.0013,0.0906384,0.115517,m2
18724730,0.12085,0.00681806,0.0126544,m2
18996150,0.0001,-0.0352261,-0.0173259,m2
18996149,5.0e-05,0.0784434,0.0116786,m2
18995600,5.0e-05,0.0525832,0.0709938,m2
16269783,1.0,-0.0218124,-0.0219323,m2
18978899,0.0022,-0.0487203,-0.0455748,m2
18995974,0.0002,0.0133067,0.0132455,m2
16746932,0.42325,-0.00286539,-0.0198873,m2
18996148,0.0001,-0.0876984,-0.0597634,m2
18387170,0.0473,-0.014473,0.00122407,m2
18996341,0.0001,-0.0290049,-0.0528661,m2
18995448,5.0e-05,-0.0292219,0.0200981,m2
11415319,0.52775,-0.00525184,-0.00959919,m2
18914692,0.01765,0.0212165,0.0479979,m2
15434223,0.0866,-0.0299479,-0.00549833,m2
18901168,0.00915,-0.0322002,0.00458102,m2
18996340,5.0e-05,0.0249074,0.0249293,m2
18994114,0.0009,-0.0751895,-0.0674087,m2
17115547,0.45445,-0.00381114,0.0277699,m2
18992158,0.00025,0.0233631,0.00315815,m2
18892536,0.01185,0.0349944,0.0438804,m2
16367741,0.4987,-0.00659776,0.0154907,m2
18987096,0.0022,0.0777093,0.0923652,m2
18941706,0.00265,0.0660946,0.0431906,m2
18611359,0.0152,0.0327889,-0.00996594,m2
18583696,0.0299,0.0568826,0.0201168,m2
18991190,0.00085,-0.03176,-0.0450126,m2
18724728,0.00945,-0.0534224,-0.0626532,m2
18996146,0.0001,-0.0114395,0.00848368,m2
18752030,0.00725,-0.0500182,-0.0359028,m2
18984263,0.00395,-0.0345885,-0.0228578,m2
18985741,0.0007,0.0442045,0.0698413,m2
18975313,0.00085,-0.0277643,-0.0099413,m2
18993126,0.0001,0.104088,0.0983622,m2
10764670,0.4604,0.0162551,-0.00265677,m2
18959245,0.00115,0.0410653,0.000623133,m2
18946686,0.00775,-0.0583291,-0.0911801,m2
18993719,0.00055,0.017372,0.0165188,m2
18995083,0.0001,0.0168986,0.0145616,m2
18993505,0.00085,-0.000736597,-0.0181462,m2
18934865,0.0018,0.0585761,0.0448172,m2
18830094,0.03675,0.0155787,0.0382527,m2
18969779,0.0042,-0.0127822,0.00341824,m2
18994527,0.0006,-0.036685,-0.0422376,m2
18939423,0.0201,-0.0494979,-0.0130788,m2
9288621,0.3018,0.0045126,-0.000846386,m2
18995973,5.0e-05,0.0456531,0.0828075,m2
18849652,0.02515,-0.00753598,0.0169577,m2
17409481,0.0279,0.0247373,0.0500216,m2
18857913,0.04925,-0.0182821,-0.00462158,m2
18948245,0.0014,0.0010964,-0.0155072,m2
18995972,0.0001,0.095395,0.071842,m2
18973053,0.00215,-0.00841858,0.00763531,m2
18161085,0.02955,-0.0174481,0.00739606,m2
18989640,0.0032,0.0151012,-0.0278398,m2
18996339,0.0001,0.0537921,0.0257207,m2
18964149,0.0023,0.0185587,0.0420856,m2
14898420,0.4168,-0.0133616,0.000581828,m2
18992570,5.0e-05,-0.0551257,-0.0312627,m2
18793024,0.00345,-0.0195104,0.0207352,m2
18996338,0.00015,-0.0382995,-0.0415702,m2
18991945,0.0003,-0.000543526,-0.00168783,m2
18990611,0.00015,0.0193737,0.008194,m2
18781191,0.01235,0.0258925,0.0181898,m2
18996337,0.00015,0.0122714,0.0342358,m2
18955749,0.0036,-0.0311361,-0.00334256,m2
18996336,0.0001,0.0527288,0.0789908,m2
18760560,0.02625,-0.00758431,0.0159478,m2
18992941,0.00135,-0.0648264,-0.0300562,m2
18610406,0.0057,0.0455506,0.0434895,m2
18774424,0.01785,-0.0115691,0.00841426,m2
18536866,0.01275,-0.0522236,-0.0383732,m2
18981601,0.00255,-0.00583576,-0.00761055,m2
18987900,0.00105,-0.0113053,0.00614044,m2
4450639,1.0,0.0154757,-0.0198268,m2
18792255,0.01325,0.0229836,0.0514354,m2
18989083,0.00025,0.039611,0.0508357,m2
18996335,0.0001,-0.0757206,-0.0678848,m2
18996334,5.0e-05,-0.0735155,-0.0787911,m2
17732216,0.06115,0.0104794,0.0112977,m2
18996530,5.0e-05,0.0206825,-0.0395207,m2
18960960,0.00075,0.0608869,0.0357114,m2
18995264,0.0001,-0.0107383,-0.0290584,m2
18950272,0.00725,-0.0403527,-0.0384401,m2
18989275,0.004,0.0481292,0.0490527,m2
18995969,0.00015,0.0373703,0.0132746,m2
18967141,0.004,0.0449226,0.031295,m2
17079858,0.0365,-0.0131643,0.0139441,m2
18989636,0.00105,-0.0220774,-0.0084206,m2
18995082,0.0001,-0.0343061,-0.0495774,m2
18986528,0.00035,-0.0634861,-0.0676665,m2
18996529,5.0e-05,-0.0271783,-0.0367248,m2
18989997,0.00085,-0.00862585,-0.0234372,m2
18842879,0.09025,-0.0371204,-0.0181155,m2
18733462,0.02675,-0.00269316,0.0199287,m2
18985375,0.00325,-0.0825423,-0.0723269,m2
18996528,5.0e-05,-0.0657956,-0.0417772,m2
18995446,0.00035,0.0178188,0.0365666,m2
18995081,0.0002,-0.0376402,-0.00046152,m2
18994301,0.00075,0.0429011,0.0232036,m2
18996333,0.00015,0.0770818,0.0814327,m2
18996527,5.0e-05,0.0504791,0.0246099,m2
18995260,0.0001,0.0371015,0.0418709,m2
18982726,0.0003,0.03434,0.0748568,m2
18995259,0.00025,-0.0393682,-0.0414485,m2
18964325,0.00325,0.0154269,-0.0114356,m2
18991771,0.0002,-0.0379174,-0.0463944,m2
18996526,5.0e-05,-0.000306551,-0.0190092,m2
18821058,0.00995,0.0312401,0.0592998,m2
18995801,5.0e-05,0.0312632,0.0418673,m2
18996525,5.0e-05,0.0740216,0.0386879,m2
18996524,5.0e-05,0.0580912,0.074793,m2
18992565,0.00085,-0.0359144,-0.0376404,m2
18929573,0.0042,0.0582142,0.0658431,m2
6539278,1.0,-0.011668,0.010028,m2
6449025,1.0,-0.00799112,-0.000680435,m2
18996523,5.0e-05,0.0549622,0.0293026,m2
18973048,0.00495,0.0246474,0.0226437,m2
18992935,0.00015,-0.0244505,-0.0439112,m2
17467996,0.05515,-0.00212314,-0.0227536,m2
18993120,0.00165,0.0279372,0.0425187,m2
18988677,0.0003,-0.00863297,0.000400799,m2
18995076,0.00015,-0.00079075,-0.0199475,m2
18957080,0.00335,0.0815626,0.0766964,m2
14397824,0.76425,-0.00135959,0.0196506,m2
14379383,0.0638,0.0110202,-0.0128861,m2
18807264,0.0365,0.0129915,-0.00560297,m2
6644547,1.0,0.0357752,0.0152411,m2
18992356,0.0001,-0.00355243,0.00631986,m2
18908834,0.00545,-0.00505471,-0.010544,m2
18987497,0.0006,0.0583548,0.0594214,m2
18817033,0.0248,0.0293711,0.0188891,m2
18963731,0.0113,-0.0338631,-0.0389146,m2
18996522,5.0e-05,-0.0438689,-0.0483221,m2
18959239,0.0033,0.0775018,0.0594888,m2
18990806,0.00015,-0.028618,-0.0310118,m2
18713637,0.04195,0.0640084,0.0415045,m2
18995966,0.0004,-0.0823042,-0.0812918,m2
18995255,0.00035,-0.0454772,0.0133011,m2
8500466,1.0,-0.00699242,0.00814739,m2
3271872,1.0,-0.0224926,-0.014262,m2
18856384,0.02695,0.00798152,0.00953436,m2
18992354,0.0007,0.0170901,0.0619619,m2
18813055,0.01865,0.0233918,0.0290698,m2
18943404,0.00385,0.0101573,0.0148198,m2
14165685,0.4186,0.00859382,-0.00243489,m2
15155438,0.3135,-0.0011689,0.0299135,m2
18956681,0.00945,-0.0350473,-0.0183415,m2
18507340,0.04155,-0.004307,0.00918292,m2
17961098,0.1742,0.0278657,0.0139584,m2
18826092,0.0059,0.00634074,-0.00539175,m2
18996137,5.0e-05,-0.000313457,-0.00196536,m2
18988081,0.00055,0.0441951,0.0563538,m2
18888737,0.01595,0.00238513,0.0243095,m2
18968240,0.0023,-0.00338814,0.00973657,m2
18995444,5.0e-05,-0.118844,-0.128328,m2
18987694,0.0031,0.0571366,0.0487688,m2
14929047,0.03045,-0.0267897,-0.0186625,m2
18893823,0.00235,-0.0142475,-0.00203776,m2
18994902,0.0005,0.0160633,-0.0172632,m2
18996330,5.0e-05,0.0242259,0.0442049,m2
18987082,0.00015,-0.0637266,-0.0520952,m2
18733661,0.02335,0.00863036,0.00551332,m2
17612891,0.06185,0.0273077,0.0153495,m2
18952153,0.00205,-0.00513507,-0.0148163,m2
18986332,0.0065,0.0196515,0.0124549,m2
18992756,0.0005,-0.00658085,0.0484436,m2
18995253,0.0003,0.0369761,0.0226736,m2
18995442,5.0e-05,0.0581489,0.0793027,m2
18990983,0.00055,-0.0270962,0.0122268,m2
18971889,0.00295,0.0255829,-0.00957366,m2
18996136,0.0003,-0.00537164,-0.0633693,m2
18526606,0.13405,-0.00785146,0.000916831,m2
18767520,0.02055,0.044395,0.0214405,m2
18231363,0.04345,-0.0278647,-0.0300274,m2
18794917,0.03755,-0.0153203,-0.0150051,m2
11021404,0.9571,0.000697911,0.00460309,m2
18984250,0.0001,-0.0581296,-0.0694229,m2
18994695,0.00015,0.0294253,0.0298487,m2
18696001,0.01115,-0.0218542,-0.0415396,m2
18988077,0.00245,0.0828001,0.023569,m2
18996329,0.0001,0.0545936,0.0542599,m2
18982719,0.00935,-0.0213755,-0.0121092,m2
18993907,0.0007,-0.0298369,-0.0427577,m2
18976439,0.00315,0.065631,0.0145612,m2
18991173,0.00065,0.0676027,0.044214,m2
18977594,0.0009,0.0257432,0.0264247,m2
18996328,5.0e-05,0.014797,0.00178678,m2
18981419,0.0029,-0.00652935,-0.0199499,m2
18994104,0.0001,0.0240785,0.0124633,m2
18995072,0.0001,0.0358931,0.0389569,m2
18994693,0.0001,-0.0215707,-0.0766369,m2
18995252,0.00085,-0.0380612,-0.0446539,m2
10687920,0.99205,0.0158852,0.0173594,m2
18991935,0.0002,-0.0796316,-0.0765121,m2
18996520,5.0e-05,-0.00210227,0.0175506,m2
10796597,0.3505,-0.00666413,0.00881904,m2
18996519,5.0e-05,-0.0303408,-0.0234867,m2
13628996,1.0,-0.00861599,-0.00076304,m2
7637709,1.0,0.0278199,0.0191139,m2
18426063,0.02965,0.0177496,-0.00706886,m2
18833054,0.0129,0.0542497,0.0342206,m2
8400387,1.0,-0.0102804,0.0174196,m2
18842351,0.0151,0.0502642,0.0403497,m2
17989822,0.0992,-0.020155,0.0144069,m2
18877925,0.0114,-0.0566417,-0.059912,m2
18815270,0.0143,0.0210844,0.0188676,m2
18993905,0.00015,0.0613072,0.0306902,m2
18995965,0.00015,0.0180639,-0.00601625,m2
18900067,0.0084,-0.0192239,-0.0475,m2
18993904,0.00115,-0.00829128,-0.0309999,m2
18995593,0.0001,0.00537058,0.0440577,m2
18941133,0.0072,-0.0354665,-0.00104961,m2
18996327,5.0e-05,-0.0279799,-0.0481544,m2
18992930,0.0002,0.0338075,0.0440415,m2
18965226,0.00285,0.000799216,0.0400934,m2
18980511,0.00065,-0.0221054,-0.00545876,m2
18980698,0.0048,0.0386905,-0.0141962,m2
18995250,0.00025,-0.0236174,-0.0466389,m2
18959045,0.00485,-0.0514085,-0.0415233,m2
18980334,0.00075,-0.0976016,-0.103525,m2
18995070,0.0001,0.0193199,0.00297092,m2
18515197,0.0819,-0.00980341,-0.0569862,m2
18996133,0.00015,-0.0739,-0.0906834,m2
18976234,0.00085,0.00447436,0.0337619,m2
18994102,0.0001,-0.0194448,0.0366077,m2
18977401,0.00085,-0.0636234,-0.0255195,m2
18995963,0.0001,0.0972455,0.0752786,m2
18420058,0.2628,0.0163589,0.0200284,m2
18989987,0.0001,0.0457926,0.0757861,m2
18996518,5.0e-05,0.0995069,0.066731,m2
18953311,0.00195,0.0244271,0.0421349,m2
18949892,0.00235,0.0117243,-0.0488355,m2
18984020,5.0e-05,0.00727393,-0.0233212,m2
18789712,0.05,-0.0224167,-0.0198539,m2
18996517,5.0e-05,0.0290061,0.00200227,m2
18965993,0.0013,0.0219163,0.0514207,m2
18996516,5.0e-05,0.0153911,0.0208874,m2
18989260,0.0025,0.0802886,0.118922,m2
18994295,0.00035,0.0419545,0.000378333,m2
18986327,0.00305,0.0580846,0.03236,m2
3805484,1.0,0.00238666,0.0291326,m2
18996515,5.0e-05,-0.0356495,-0.0182406,m2
18993497,0.0002,0.0347741,0.0055391,m2
18229058,0.20465,-0.0273392,-0.0331463,m2
18995246,0.00025,-0.023159,-0.0529997,m2
18753859,0.00125,0.00816012,-0.026786,m2
18979513,0.0045,-0.00567864,-0.0231433,m2
18995793,0.0001,0.0143894,0.0209316,m2
18992559,0.00015,-0.0592457,-0.0145984,m2
18995440,0.0003,0.0811008,0.0616914,m2
10977638,0.96125,0.0116819,0.00544678,m2
18996326,5.0e-05,0.0444113,0.0432719,m2
18993113,0.0001,-0.040437,-0.0395118,m2
18987891,0.00095,-0.0987708,-0.107192,m2
18993707,0.00035,-0.0174903,-0.00161444,m2
18995438,0.0002,-0.0505942,-0.0644041,m2
18796668,0.0017,-0.0249468,-0.00752849,m2
8267164,1.0,0.00514967,0.0247131,m2
18695256,0.03195,-0.0136388,-0.00892361,m2
18982542,0.0074,0.0553677,0.0941544,m2
18896685,0.01575,-0.0358178,-0.0512761,m2
18724896,0.0128,-0.0319716,-0.048174,m2
18995792,0.0001,0.0593406,0.0107426,m2
18913895,0.00145,0.00707893,0.0160602,m2
18995589,0.00025,0.0191722,0.0101393,m2
18963719,0.00155,-0.0695493,-0.0361392,m2
18317001,0.0091,-0.0269562,-0.0255837,m2
18993705,0.0002,0.0306145,0.0451734,m2
18994510,0.00015,-0.0296213,-0.0398145,m2
18875815,0.01,-0.0198663,0.00705387,m2
18964506,0.0046,0.00612867,0.0174647,m2
18995959,0.0001,-0.03348,-0.0471844,m2
18995958,0.00055,-0.0313652,-0.00334897,m2
18983852,0.00095,0.0384267,-0.00270041,m2
18996514,5.0e-05,-0.101819,-0.12354,m2
18944113,0.0044,-0.0347561,-0.000319909,m2
18995790,0.00015,0.0390795,0.0537409,m2
16129059,0.1379,0.00928626,-0.0175573,m2
16063981,0.11515,-0.00937078,-0.0124311,m2
18994685,5.0e-05,0.0892257,0.0686528,m2
18994891,0.0002,0.0351425,0.0232821,m2
18995956,0.0001,-0.0516335,-0.0918867,m2
18995789,0.0003,-0.0166201,-0.0295794,m2
18991555,0.00075,-0.0621739,-0.091684,m2
18977394,0.0002,-0.000179938,0.0054915,m2
18996325,0.0001,-0.0304577,-0.0258535,m2
18971878,0.00275,-0.0381381,-0.0593029,m2
18948007,0.00475,-0.0685824,-0.0395847,m2
18984403,0.00385,0.00360633,0.0186752,m2
18994509,0.00025,-0.109242,-0.100309,m2
18995436,5.0e-05,-0.0683024,-0.051327,m2
18951431,0.00555,0.00770614,0.0054857,m2
18823873,0.01005,-0.015645,-0.0309691,m2
18439608,0.02105,0.0247279,0.0182533,m2
18995955,5.0e-05,-0.0366302,-0.011553,m2
18996513,5.0e-05,0.0110186,-0.0185647,m2
18990201,0.0007,-0.0555436,-0.0417755,m2
18010695,0.05775,0.02387,0.0138392,m2
18993896,0.0005,-0.0170757,0.00489297,m2
18995788,0.0001,0.0811599,0.0978355,m2
18996324,5.0e-05,-0.0854899,-0.0818657,m2
18820115,0.00355,0.0390749,0.0582169,m2
18771820,0.0145,0.0141373,0.00258235,m2
18991552,0.0017,-0.113981,-0.101639,m2
18977764,0.00115,-0.02487,-0.0271084,m2
18983850,0.004,0.0351537,0.0173894,m2
18925479,0.00825,-0.0351417,-0.00284512,m2
18950087,0.0004,0.0320669,0.0408613,m2
18718200,0.00045,-0.0336283,0.0158632,m2
18993702,0.0004,-0.149921,-0.159383,m2
18994095,0.00015,0.00571312,0.0481574,m2
18989624,0.00045,0.00915991,0.0178409,m2
16077929,0.08165,0.000145244,0.00169217,m2
18996323,0.0001,0.0361612,0.00221183,m2
18994682,0.00015,-0.0643583,-0.0852262,m2
18995786,0.0002,-0.0768247,-0.065034,m2
18995583,5.0e-05,-0.0173839,-0.0317003,m2
18952329,0.0006,0.0774347,0.0701127,m2
18977041,0.0004,0.0401047,0.0357078,m2
18996512,5.0e-05,-0.0533247,-0.0268447,m2
18942451,0.0256,-0.00654176,-0.0144832,m2
18317772,0.0272,-0.00151427,0.0215552,m2
18989065,0.0012,0.0510569,0.0302996,m2
18899494,0.0021,0.0795628,0.0711778,m2
18995240,0.0001,0.0392219,0.0457059,m2
18982896,0.00165,-0.0482761,-0.0354953,m2
18995952,0.00025,-0.00666725,0.0310764,m2
18985921,0.00045,-0.0576332,-0.0624556,m2
18995951,5.0e-05,-0.0021093,0.0275694,m2
13672346,0.60325,0.0129991,0.00719436,m2
18051447,0.1782,-0.000227471,-0.00464834,m2
18994505,0.0006,0.0286887,0.0342275,m2
18995061,0.0002,-0.0153512,0.00720615,m2
18994888,0.0006,0.0116584,0.000150221,m2
18954415,0.0007,-0.0362861,0.00129693,m2
18977931,0.0045,0.022146,0.0170739,m2
18959392,0.0048,0.0598609,0.0141107,m2
18996321,5.0e-05,0.0136713,-0.00576367,m2
18995949,0.00025,0.0152738,-0.0248909,m2
18958857,0.00645,-0.0855071,-0.0777842,m2
168399,1.0,-0.0208369,-0.0118351,m2
18996320,5.0e-05,-0.0571803,-0.0528546,m2
18989788,5.0e-05,-0.0158865,-0.00684816,m2
18909238,0.00975,0.0336662,0.0179579,m2
18955905,0.0064,-0.0696112,-0.0332528,m2
18596011,0.13565,-0.00613943,0.00543911,m2
18996511,5.0e-05,-0.0245047,-0.00822112,m2
18143620,0.1025,0.0247666,0.0133443,m2
18996120,5.0e-05,-0.0369608,-0.0822479,m2
18969385,0.0012,0.0957888,0.110998,m2
18987290,0.00015,-0.0360423,-0.0093225,m2
18985171,0.00075,-0.00196881,-0.00230662,m2
18971465,0.00105,0.0765072,0.0795981,m2
18995947,0.00015,-0.0177797,-0.033019,m2
18985719,0.00045,0.02455,0.0537883,m2
18985718,0.00155,-0.0673536,-0.0416145,m2
18994501,0.00025,0.0606371,0.0249115,m2
7326316,1.0,-0.000867091,-0.0276172,m2
18756300,0.0092,-0.0110176,-0.00318984,m2
18917946,0.00025,0.00871681,0.0388996,m2
18995431,5.0e-05,-0.0466202,-0.00784727,m2
18995579,0.00015,0.00894142,0.00508901,m2
16790600,0.2832,-0.0282153,-0.00977204,m2
6242105,1.0,0.0140715,0.00208694,m2
18994499,5.0e-05,0.0550153,0.0374701,m2
18959033,0.006,-0.0914008,-0.0933384,m2
18800179,0.00825,0.0627411,0.0413153,m2
18982336,0.0014,-0.0409302,0.00938033,m2
18993104,0.0011,-0.000297556,0.0577899,m2
18988270,0.00095,-0.0151128,-0.0355973,m2
13786596,0.6273,0.00168951,0.0178707,m2
18994885,0.0002,0.0139024,0.0257264,m2
18810915,0.0176,-0.00124425,0.0122522,m2
18923993,0.0086,-0.0423761,-0.0529993,m2
18996510,5.0e-05,-0.0121737,-0.0168872,m2
18990970,0.0005,0.00677466,0.0093828,m2
18775209,0.00335,0.0614643,-0.00637315,m2
17552713,0.09155,-0.00540765,-0.00191584,m2
10987454,0.05155,0.000595151,0.00206358,m2
18994678,0.0003,0.0450054,0.0462733,m2
18996509,5.0e-05,-0.0154751,0.0121979,m2
18984393,0.0022,-0.0344131,-0.0461666,m2
18996318,5.0e-05,0.00293002,-0.00838929,m2
18996118,5.0e-05,-0.0457124,-0.0863079,m2
18996317,5.0e-05,-0.0317066,0.0275916,m2
18980886,0.0013,0.0320644,0.00689973,m2
18995945,5.0e-05,0.0305537,0.0438882,m2
18255465,0.0287,-0.0270413,-0.011717,m2
18979705,0.0034,0.0264319,0.0397426,m2
5266647,0.66245,-0.00480067,-0.00184771,m2
18995576,0.0001,-0.0617062,-0.0214629,m2
18995575,0.00015,-0.00411501,0.0186651,m2
17565832,0.0494,0.0145323,-0.00708059,m2
18931885,0.0093,-0.0333888,-0.029985,m2
18792068,0.02895,-0.0200604,-0.0122654,m2
18995781,0.0001,0.00242078,0.0150431,m2
18996508,5.0e-05,-0.0346557,-0.086576,m2
18549497,0.04205,0.0121816,0.00297533,m2
18965802,0.00115,-0.0289377,-0.0397567,m2
18996507,5.0e-05,-0.0217593,-0.0533775,m2
18994282,0.0009,0.0678971,0.0594446,m2
18986320,0.00025,0.0632849,0.0578776,m2
18748892,0.0198,-0.00320944,-0.00134377,m2
16725888,0.0561,0.000867594,0.0226809,m2
18988061,0.00125,0.0203801,0.0262275,m2
18986501,0.0012,0.0788558,0.100114,m2
18990787,0.00105,-0.0656033,-0.0533291,m2
18994281,0.0001,0.0430221,0.0391761,m2
18995780,0.0001,-0.00326598,-0.0192208,m2
18697855,0.03335,0.0314806,-0.0275366,m2
18967301,0.0008,0.00862068,0.0399079,m2
18904504,0.0057,0.00323765,0.0438155,m2
18993294,0.0003,0.0174626,0.0573153,m2
18995573,5.0e-05,0.0426645,0.0254537,m2
18980113,0.00465,0.0181422,-0.00409935,m2
2042750,1.0,-0.00727762,-0.0156565,m2
18993886,0.0003,-0.0271853,-0.00231314,m2
18813762,0.0217,-0.0451443,-0.0369546,m2
18995429,0.0005,-0.016353,0.0311677,m2
18996316,0.0001,0.0794562,0.0647208,m2
18719300,0.0072,-0.0398338,-0.00946152,m2
17896920,0.1789,-0.018772,0.0100068,m2
18994084,0.0002,0.0257197,-0.00108797,m2
18996115,5.0e-05,-0.0227959,-0.0183997,m2
18991924,0.00245,-0.0258024,0.00978906,m2
18995943,0.0001,-0.0223611,-0.0198724,m2
18995571,0.00015,0.00370955,0.0246095,m2
18995779,5.0e-05,0.0598319,0.0459795,m2
18810713,0.0093,-0.0168679,-0.00452088,m2
18912021,0.0199,-0.0218549,-0.00873033,m2
18986124,0.00275,-0.0109119,-0.0248358,m2
18995054,0.00025,0.0780141,0.0648165,m2
18986876,0.00205,0.00414315,0.00784528,m2
18909947,0.0021,0.00756001,0.0150652,m2
18996315,5.0e-05,0.00633306,0.0306023,m2
18980495,0.00175,-0.0421699,-0.0475643,m2
18985348,0.0009,0.000860263,-0.00165797,m2
18979101,0.00545,-0.0734263,-0.0457346,m2
18490565,0.0346,-0.012887,-0.0307817,m2
7585068,1.0,-0.00240783,-0.0206546,m2
18993097,0.0002,-0.0108574,-0.00027093,m2
18995777,0.00015,0.0240937,0.00263744,m2
18996114,5.0e-05,-0.0341892,-0.0252728,m2
13209165,1.0,0.000355736,-0.00450227,m2
18976220,0.0034,0.0134173,0.00935045,m2
18982694,0.00285,-0.0451667,-0.0524,m2
18978869,0.00325,-0.00821337,-0.0490672,m2
18992918,0.0003,-0.0299283,-0.0368139,m2
18876364,0.0156,-0.00763119,-0.0142042,m2
18996314,5.0e-05,0.0122679,0.0312883,m2
18943019,0.00105,0.0379659,0.00230266,m2
18995776,5.0e-05,-0.00163106,0.0174039,m2
15910079,0.21185,-0.00364312,-0.0238666,m2
18930562,0.01805,0.0120722,-0.00150258,m2
5193493,1.0,-0.00935816,-0.00828284,m2
18993883,0.0001,-0.0464015,-0.0444383,m2
5690684,1.0,0.0101898,0.0100647,m2
18996313,5.0e-05,0.0176293,0.038632,m2
18973589,0.00125,-0.012226,-0.043975,m2
18950246,0.00955,-0.0604615,-0.08264,m2
18994490,0.0003,0.00554395,0.0227197,m2
18987473,0.00135,-0.0104035,-0.00977228,m2
18702207,0.20635,0.0257303,0.0131765,m2
18987277,0.00085,0.00502115,0.0358679,m2
14572587,1.0,-0.0187306,-0.00604587,m2
18929547,0.0153,-0.0142217,0.0119433,m2
16507058,0.10195,-0.0143609,0.0131157,m2
18401363,0.03295,-0.0404245,-0.0101452,m2
18996113,0.0001,0.000959738,-0.00800197,m2
18959778,0.0009,-0.0233995,-0.0192221,m2
18919494,0.00105,-0.00534391,-0.00446783,m2
18995233,0.0003,0.0197252,0.0591486,m2
18996312,0.0001,-0.000487542,0.0127104,m2
18987062,0.00065,-0.0223092,0.00673772,m2
18996506,5.0e-05,-0.0392502,-0.0241316,m2
14390366,0.75765,0.0106491,0.00751086,m2
18981573,5.0e-05,0.0307332,0.0110803,m2
18996311,5.0e-05,0.130664,0.10736,m2
18912767,0.00235,0.0172051,0.035396,m2
18995566,5.0e-05,0.00267484,-0.0505744,m2
18962280,0.00735,-0.00862448,-0.00426312,m2
18963111,0.00035,-0.0140064,-0.0227435,m2
18821976,0.0327,-0.00157015,0.0308064,m2
18995050,0.00025,-0.0144689,0.00635633,m2
18687465,0.01485,0.00499889,-0.0222026,m2
18504471,0.0926,0.0282677,0.025519,m2
18996505,5.0e-05,0.0740884,0.0514759,m2
18995564,0.0002,-0.0750763,-0.0841227,m2
18995422,5.0e-05,0.0333803,0.0304082,m2
18922045,0.0177,-0.0145319,-0.00392583,m2
18362762,0.00695,-0.0399754,-0.0221486,m2
18870091,0.0004,0.0227336,0.0570397,m2
18994488,0.0011,0.0501157,0.0872653,m2
18956282,0.0004,-0.0593959,-0.0591792,m2
18978661,0.0006,-0.0505476,-0.0488877,m2
18638088,0.0035,-0.0229465,-0.00479215,m2
18827249,0.007,0.0186483,0.0381003,m2
18915048,0.01525,-0.00125984,0.00661742,m2
18993483,0.0002,-0.0482224,-0.0411128,m2
18995230,0.00055,-0.0387173,-0.0319663,m2
18991921,5.0e-05,0.0408858,0.0407814,m2
18673324,0.0558,-0.0302128,0.00688974,m2
18995771,0.0002,-0.0854778,-0.089466,m2
18936542,0.00925,-0.0465832,-0.0541792,m2
18764111,0.0111,-0.00705358,0.0372014,m2
18996310,5.0e-05,0.0422561,0.0113326,m2
18898590,0.02395,-0.00144252,0.0140711,m2
18994487,0.0002,0.0468376,0.0104212,m2
18918135,0.0024,-0.000351688,-0.0431974,m2
18995562,0.00035,0.00699702,-0.0114509,m2
18983455,0.0001,-0.0389697,-0.047095,m2
18995561,0.00015,0.11261,0.103515,m2
9059386,1.0,0.018259,-0.0256324,m2
18991918,0.0002,-0.0241971,0.00940608,m2
18992914,0.0001,-0.0388577,-0.0324698,m2
18995769,5.0e-05,0.0631772,0.083636,m2
18995420,0.00075,0.0746172,0.0525602,m2
18996109,0.00015,-0.0826395,-0.0786168,m2
18882258,0.01,-0.0113356,0.0183118,m2
18996504,5.0e-05,-0.00249199,-0.0172499,m2
18983629,0.0008,-0.00627763,-0.00560872,m2
18960716,0.0008,0.0689539,0.0710914,m2
18995939,0.00025,0.109233,0.11685,m2
14746447,0.48945,-0.00958887,-0.00361707,m2
18995938,5.0e-05,0.0782177,0.0420793,m2
18996308,5.0e-05,0.0214074,-0.0149707,m2
18996503,5.0e-05,0.059705,0.100224,m2
18996502,5.0e-05,0.0468759,0.0650248,m2
17316679,0.10265,0.0166859,-0.00873102,m2
18995766,0.00015,-0.0214077,0.0121123,m2
12281511,1.0,-0.0247283,-0.0124016,m2
18988262,0.00215,-0.00570057,-0.0186654,m2
18996107,5.0e-05,0.0307193,-0.00134453,m2
18693900,0.04065,0.0324721,0.0442233,m2
18851513,0.00765,-0.0324045,-0.0274223,m2
18897833,0.0029,0.0655878,0.0456727,m2
18905929,0.00805,0.0137756,-0.0276866,m2
18996306,0.00015,-0.135019,-0.138875,m2
18993481,0.0001,-0.0349138,-0.0659311,m2
18299944,0.03365,-0.0107856,-0.016837,m2
18987666,0.0003,0.0896629,0.10487,m2
18556925,0.02135,-0.0121154,0.0239811,m2
18985699,0.00015,0.0366003,0.0335508,m2
18936360,0.0037,-0.0144535,0.013194,m2
18981762,0.0018,-0.0873042,-0.0980684,m2
18995935,0.00015,-0.0431871,-0.0413046,m2
18993480,0.00015,-0.0373087,-0.0527562,m2
18965021,0.0014,0.0632198,0.0466401,m2
18995556,0.00015,0.0228626,0.0488364,m2
18975645,0.001,-0.0359556,-0.0271807,m2
18977368,0.00275,0.0660684,0.0551452,m2
18842129,0.00175,0.00923631,-0.00439579,m2
8801227,1.0,-0.0104244,-0.0234962,m2
18560089,0.0182,0.0410293,0.0190398,m2
16231806,0.10565,-0.00970749,-0.00345598,m2
18996501,5.0e-05,-0.0556754,-0.0792429,m2
18991149,0.00065,-0.0436391,-0.0718248,m2
18983627,0.00185,0.0477134,0.0694966,m2
18996305,5.0e-05,-0.0381567,-0.0375353,m2
18893283,0.0045,-0.0224687,-0.0458982,m2
18977566,0.00555,-0.0433322,-0.0336784,m2
18983997,0.0008,0.0265596,0.0682523,m2
18987664,0.00195,-0.0333178,-0.074642,m2
18995411,5.0e-05,-0.0624538,-0.0559993,m2
18993874,0.00145,0.00230888,-0.0203883,m2
18909390,0.0026,-0.00819118,0.0467649,m2
18894580,0.00325,-0.0864845,-0.0942678,m2
18992538,0.0009,-0.0127604,0.00218286,m2
18996304,0.00015,-0.00678738,-0.0100775,m2
18994070,0.00075,-0.0250576,-0.036637,m2
18875795,0.00165,0.058783,0.060414,m2
18994665,0.0001,0.0553878,0.0479377,m2
18996303,5.0e-05,-0.0750622,-0.0612401,m2
15098889,0.42095,-0.000502344,-0.00286282,m2
13238520,0.9414,0.000798989,0.00419024,m2
18989047,0.00115,0.0621629,0.0333547,m2
18885324,0.00135,0.00896265,0.0346425,m2
18909562,0.0171,-0.0291472,-0.0578849,m2
18845924,0.00015,-0.05472,-0.000469846,m2
10856638,0.30155,0.0287836,0.00251521,m2
11311766,1.0,-0.015051,-0.0137081,m2
18933939,0.00385,0.0194783,-0.00273297,m2
18995553,0.0005,-0.0570083,-0.0360199,m2
18794112,0.00675,-0.0024061,-0.0128516,m2
18585766,0.0495,-0.00290686,0.0124821,m2
18990382,0.00185,0.00545513,0.0404245,m2
18373763,0.1719,0.0117897,-0.00426506,m2
18780742,0.0394,0.0249129,0.0284708,m2
18995934,0.0001,0.0096967,0.0361224,m2
18970838,0.00865,0.0267923,0.0436498,m2
18982873,0.0003,0.0671513,0.0541409,m2
18634889,0.04895,-0.0221314,-0.0209606,m2
17436021,0.09515,0.00416225,-0.0120255,m2
17304777,0.3822,0.00116833,-0.00879541,m2
18995761,0.0001,-0.0154297,-0.0114802,m2
18996302,0.0002,-0.0339383,-0.0616373,m2
18605883,0.00245,-0.0405002,-0.0242922,m2
18990380,0.0011,-0.0568885,-0.0425515,m2
18985334,5.0e-05,-0.0447337,-0.0325644,m2
18979879,0.00055,-0.0826277,-0.0897727,m2
16358988,0.5146,0.0020364,-0.00100786,m2
18923979,0.0052,0.0588532,0.0360393,m2
18914444,0.00575,-0.014012,-0.00389003,m2
6906024,1.0,-0.00991381,0.000536771,m2
18996499,5.0e-05,0.0221216,0.013506,m2
18992908,0.00175,0.0236707,0.00964152,m2
15139969,0.747,0.0135546,0.00965458,m2
4230117,1.0,0.0129493,0.0223792,m2
18947423,0.00055,-0.00068676,-0.00200705,m2
18994068,5.0e-05,-0.0484086,-0.0693027,m2
18899656,0.0079,-0.0709625,-0.059418,m2
18994864,5.0e-05,0.0438292,0.0561092,m2
18900959,0.01335,0.0409704,0.0443499,m2
18995405,0.00035,0.00192618,-0.0033832,m2
18898941,0.00075,-0.0305029,-0.059735,m2
18867833,0.0099,-0.017129,-0.00764645,m2
17921097,0.105,-0.0104247,-0.00326578,m2
18994862,0.00025,-0.0521802,-0.0300242,m2
18989237,0.0015,0.0778898,0.0866313,m2
18727946,0.0282,0.027692,0.00699128,m2
18961121,0.0024,0.0509781,0.0588217,m2
5111039,1.0,0.0170723,-0.00984723,m2
18995549,0.0001,0.00585689,0.00543887,m2
9823050,0.43555,0.00233698,0.00769839,m2
18725057,0.03915,-0.0155254,-0.0257144,m2
18959949,0.0003,0.00204924,0.0372354,m2
18992325,0.0002,0.100493,0.0549491,m2
18996498,5.0e-05,0.0428125,0.0344222,m2
18501170,0.02565,0.019349,0.0275644,m2
18994066,0.00105,-0.0734564,-0.0556668,m2
18993476,5.0e-05,-0.0381428,-0.0315262,m2
18101693,0.014,0.0320289,0.0341665,m2
18993093,0.00095,-0.0377446,-0.0303202,m2
18966153,0.0022,0.0549241,0.0447689,m2
18985142,0.00225,-0.0306054,-0.0383855,m2
18994261,0.0003,0.0610707,0.0437761,m2
18982514,0.0008,0.0478597,0.0697717,m2
18996103,5.0e-05,-0.00792336,-0.00456208,m2
18357820,0.0721,0.0268389,0.0420168,m2
18817970,0.04865,-0.0264181,-0.0209316,m2
10104451,0.30175,-0.00582759,-0.0195662,m2
18996497,5.0e-05,0.00399867,0.0109911,m2
18748461,0.01885,-0.0461616,-0.00333804,m2
18917300,0.00265,-0.0376168,-0.0598157,m2
18994861,0.0007,-0.0187877,-0.00804439,m2
18984961,0.0015,0.0463853,0.0650382,m2
18996496,5.0e-05,0.00531722,0.0121405,m2
18669484,0.0123,-0.0126532,-0.011525,m2
17511562,0.3582,-0.0115611,0.0332172,m2
18996495,5.0e-05,-0.0743004,-0.0663062,m2
18977191,0.0009,0.0521072,0.0478681,m2
18995931,0.00025,-0.0891254,-0.115802,m2
18978468,0.00685,0.00875495,-0.00760936,m2
18975475,0.00595,-0.0183545,-0.0234886,m2
18960920,0.00095,-0.0482785,-0.0131281,m2
18841008,0.00625,0.0363862,0.00154789,m2
18970832,0.00055,0.00301954,0.0454824,m2
18981932,0.0034,-0.0213537,-0.0280624,m2
15671848,0.3976,0.00529768,-0.0202098,m2
18976201,0.00605,-0.00303954,-0.0175783,m2
18936536,0.01965,-0.00681333,-0.000414507,m2
18955889,0.00215,-0.0376992,-0.0152898,m2
18980664,0.0006,0.0230985,0.00156846,m2
18869331,0.002,-0.035859,-0.00607548,m2
18389561,0.01965,0.0157464,0.017423,m2
18858946,0.0062,-0.00693577,0.00359922,m2
18969728,0.00255,0.14104,0.140111,m2
18986860,0.00105,0.0324667,0.0691628,m2
18968383,0.00655,0.00944587,-0.0138904,m2
18984369,0.00015,0.0439851,0.0223749,m2
18991140,0.0011,0.00390674,-0.0404999,m2
18995402,0.0006,0.0352376,0.0292832,m2
18994258,0.0013,-0.0127125,-0.0110111,m2
18994657,0.0003,0.0198863,0.00879973,m2
18538779,0.0312,-0.0460589,-0.0354141,m2
18703159,0.0702,-0.0327749,0.00670281,m2
18163692,0.1125,0.013321,0.0236465,m2
18915036,0.00445,-0.0448614,-0.0546044,m2
18995216,0.0001,-0.0125966,-0.003338,m2
14307887,0.13775,-0.0085099,0.00498839,m2
18985330,0.00365,-0.010381,-0.0257423,m2
18954738,0.0108,-0.00838631,0.00816746,m2
18992904,0.00075,0.0403322,0.034656,m2
18733411,0.0064,-0.0322234,-0.0116811,m2
18996299,5.0e-05,0.0545923,0.0510348,m2
18991353,0.00105,-0.0819829,-0.0414115,m2
18846673,0.01165,0.00892052,0.0285264,m2
18979479,0.0012,0.0494373,0.0522228,m2
18289368,0.02065,-0.0153336,0.00799993,m2
18992320,0.00025,0.0402528,0.0604438,m2
17563660,0.4888,-0.0189015,0.0149916,m2
18993863,0.00085,-0.0231494,-0.027982,m2
18743383,0.1307,-0.00781115,0.0211953,m2
18995757,0.00015,-0.0225852,-0.00919401,m2
18996494,5.0e-05,-0.0817363,-0.0821569,m2
18968776,0.0005,0.0664911,0.0489404,m2
18981386,0.0016,0.070773,0.0438725,m2
18987266,0.0028,0.00510028,0.0115096,m2
18996493,5.0e-05,0.144274,0.137619,m2
18996492,5.0e-05,-0.0280587,-0.0318008,m2
18996491,5.0e-05,0.0520739,0.059851,m2
18996100,5.0e-05,-0.0179266,0.00439928,m2
18883349,0.03815,-0.00949606,-0.00979089,m2
18879194,0.0093,-0.0137349,-0.0122263,m2
18996099,0.0001,-0.0081723,-0.0383167,m2
18977355,0.0012,0.0464654,0.0817582,m2
18993474,5.0e-05,0.042202,0.0463294,m2
16647187,0.07115,0.00944489,0.0283362,m2
18494526,0.03345,-0.0362695,-0.0459369,m2
18995398,5.0e-05,-0.0238754,-0.0152996,m2
18558607,0.00505,0.0231333,0.0400526,m2
18971654,0.0046,-0.0254022,-0.0704651,m2
18652303,0.16485,0.00963941,0.0270072,m2
18980475,0.0024,0.0586874,0.0555935,m2
18996098,0.0001,-0.0878627,-0.0736326,m2
18915439,0.0054,0.0674535,0.0403622,m2
18769686,0.00265,-0.0647612,0.0033039,m2
18903413,0.0009,-0.000208619,0.0135579,m2
18991348,0.00045,-0.0493023,-0.0354369,m2
18911832,0.00125,0.0447381,0.058072,m2
18996097,5.0e-05,0.00256366,-0.00824705,m2
18949310,0.0032,0.0495802,0.0370475,m2
18784887,0.09155,-0.0175486,0.0274733,m2
18994057,0.0003,-0.0346835,-0.0137196,m2
18996298,0.00015,0.00788256,-0.00990924,m2
18945648,0.0021,-0.0165094,-0.0190402,m2
13647963,0.0261,-0.0161843,-0.0254269,m2
18958838,0.02575,-0.0340615,-0.0305579,m2
17531745,0.1697,-0.00632795,0.0013744,m2
18976200,0.0028,-0.0367432,-0.043134,m2
18983259,0.0004,-0.0187322,-0.0261043,m2
18996490,5.0e-05,0.0434592,0.0544607,m2
18989233,0.0009,-0.0580612,-0.0544784,m2
18780022,0.04125,-0.0100375,0.0192626,m2
18819340,0.019,-0.0460286,-0.0210376,m2
18993086,5.0e-05,0.0112388,0.00342135,m2
18937092,0.0502,-0.0161858,-0.0137455,m2
18995396,0.0001,0.00610129,-0.0121133,m2
18995928,0.00015,0.134847,0.122252,m2
18996489,5.0e-05,0.0664453,0.0571721,m2
18992102,0.00175,0.0329139,0.0224984,m2
15760774,0.6547,0.000522816,-0.00294632,m2
18996488,5.0e-05,-0.00302041,-0.00521553,m2
18990754,0.00045,0.014099,0.0294708,m2
18949122,0.00105,0.0553082,0.0145747,m2
18995926,0.00015,0.0368231,0.0654405,m2
18973009,0.00305,0.00391902,0.012178,m2
18995751,0.0001,-0.0318115,-0.0133086,m2
18996295,0.00015,-0.0223094,-0.0399931,m2
18996294,5.0e-05,0.0785482,0.0702067,m2
18986094,0.0001,0.007072,-0.0256157,m2
18062668,0.0034,-0.026577,-0.0163208,m2
18946862,0.00345,0.00212049,-0.0115255,m2
18977553,5.0e-05,0.00648927,-0.0152276,m2
18969362,0.00295,-0.0353386,-0.0740908,m2
18994651,5.0e-05,-0.052145,-0.074951,m2
18980470,0.0001,-0.0237187,-0.0110152,m2
15319682,0.5322,-0.0127235,0.00367643,m2
18897040,0.0084,-0.0715632,-0.0931907,m2
18812256,0.0311,-0.0599046,-0.0387841,m2
18959763,0.0056,0.0172219,0.0350298,m2
18992715,0.00015,-0.0703579,-0.0856998,m2
18996293,5.0e-05,0.03759,0.0191942,m2
18975823,0.0066,-0.0228845,-0.0325658,m2
18830041,0.00705,-0.00238755,0.0113775,m2
18922226,0.0022,0.0458391,0.0274534,m2
18140868,0.11645,-0.0128599,-0.0495687,m2
18907545,0.0103,0.110504,0.0930092,m2
18995540,0.0004,0.003115,0.0141076,m2
18820079,0.04785,-0.0424941,-0.0505284,m2
18716486,0.04165,-0.0547372,-0.0284567,m2
18983439,0.00145,0.029404,0.0402551,m2
18996095,5.0e-05,0.0510254,0.0477199,m2
18923967,0.00715,-0.0047334,-0.0055853,m2
18819730,0.00065,-0.0284363,0.00165356,m2
18995922,0.0003,-0.0208032,-0.0272402,m2
18636623,0.1552,-0.00853699,0.00225551,m2
18978649,0.00835,0.0310095,0.0496783,m2
18965371,0.0021,0.0269692,0.0475469,m2
17561417,0.0393,-0.00566322,0.00822879,m2
18979082,0.00065,-0.0434945,-0.026165,m2
18996292,0.0001,-0.0182702,-0.0169412,m2
18993467,0.0006,0.0440061,0.0180803,m2
1461353,1.0,0.00438017,-0.00901831,m2
12599533,1.0,-0.00202514,0.00656608,m2
18965576,0.00055,-0.0191572,-0.00155395,m2
18991341,0.0002,0.0823648,0.0877883,m2
18594615,0.02155,0.0302976,0.0357047,m2
18996092,0.0001,-0.0276488,-0.0546036,m2
18813947,0.00125,-0.056483,-0.053591,m2
18036902,0.18845,0.00942899,0.00580325,m2
18172656,0.0215,0.000653751,-0.0132185,m2
18193219,0.0588,0.0163143,0.0165084,m2
18996487,5.0e-05,0.0455747,0.0314952,m2
18942604,0.0016,-0.00073587,0.0259238,m2
18996486,5.0e-05,0.0359086,0.0158904,m2
18994247,0.0001,0.0373201,0.0222436,m2
18994246,0.0003,0.065345,0.0467505,m2
18975085,0.0057,0.0863507,0.0652518,m2
17853667,0.06755,-0.0199273,-0.00478687,m2
18994851,0.00015,0.0732828,0.0398398,m2
18963502,0.0023,0.00531847,0.0233539,m2
18968766,0.00205,-0.0656286,-0.083382,m2
18996485,5.0e-05,0.104218,0.103877,m2
18995745,0.00045,0.0579524,0.040645,m2
18977183,0.00345,-0.0405796,-0.0343392,m2
18993079,0.00015,-0.047228,-0.0341211,m2
14913815,0.88805,-0.0020749,0.0131181,m2
18982860,0.0019,-0.0282685,-0.0225518,m2
16914250,0.1447,-0.0129862,0.00246861,m2
18995920,0.0002,-0.0323667,-0.0286123,m2
18994048,0.0002,0.0385364,0.0432033,m2
18992894,0.00215,0.0529184,0.0679404,m2
18985678,0.00045,-0.0962163,-0.0951145,m2
18993859,0.0002,0.0418217,0.0527299,m2
18993268,0.0007,-0.00768201,-0.0333602,m2
18918708,0.0084,0.0519781,0.0813789,m2
18819334,0.0726,0.0421623,0.0067806,m2
18963085,0.00195,0.0481844,0.0483243,m2
18986088,0.0028,0.0181255,0.042715,m2
18981923,0.0024,0.0508757,0.0256829,m2
18950218,0.00045,0.0280361,0.00751407,m2
18996091,0.0001,0.01578,-0.027376,m2
18825651,0.0298,0.021446,0.0665904,m2
18969523,0.00565,-0.0118321,-0.0217101,m2
18288957,0.0448,-0.0131405,-0.0336145,m2
18832476,0.02545,-0.0183563,-0.0649537,m2
18984571,0.0012,-0.0279408,-0.0487137,m2
11095507,1.0,0.0010401,-0.0227763,m2
18994467,0.00035,-0.0579444,-0.0257185,m2
18996289,5.0e-05,-0.0229585,-0.0132941,m2
18996484,5.0e-05,0.0262938,0.0529108,m2
18792043,0.05475,0.0262334,0.0274053,m2
18977549,0.0001,0.0318171,-0.00802601,m2
18995391,0.0001,0.00111963,-0.0309487,m2
18992711,0.0006,0.0354826,-0.00160426,m2
18832615,0.00725,0.0053662,-0.0351753,m2
18996483,5.0e-05,-0.0513464,-0.0907169,m2
18833016,0.02365,0.0259248,0.0153662,m2
18983984,0.00135,-0.00968627,-0.0121976,m2
18996482,5.0e-05,-0.0693947,-0.0645576,m2
18915029,0.00135,-0.016257,-0.00200793,m2
18613723,0.0048,0.00946853,-0.00205593,m2
18995918,0.00045,-0.0556764,-0.0358505,m2
18992308,0.0005,-0.018202,-0.0492779,m2
18793540,0.003,-0.0486862,-0.0445751,m2
18941291,0.00655,0.02539,0.0593719,m2
18759937,0.0239,0.0191078,0.00252791,m2
18995742,0.00015,-0.0270011,-0.0449728,m2
18995917,5.0e-05,-0.0233584,-0.0627556,m2
18993664,0.00015,-0.0371337,-0.0305665,m2
18976570,0.001,0.0201287,0.0807755,m2
17762014,0.04,-0.022158,0.0145139,m2
17190245,0.0982,-0.0256343,-0.0113995,m2
14672984,1.0,-0.00966955,-4.10406e-05,m2
18995203,0.0001,-0.0179154,-0.0281824,m2
18868902,0.0049,0.0409207,0.0281418,m2
18995741,0.00025,-0.00597526,0.00699433,m2
4070485,1.0,-0.00141386,0.0179865,m2
18993070,0.00025,-0.0216183,-0.0666932,m2
18867816,0.0062,-0.0353917,-0.0318539,m2
18996089,5.0e-05,-0.0169433,-0.00831359,m2
18995916,5.0e-05,0.029469,0.0222478,m2
18996287,5.0e-05,-0.0770687,-0.0674096,m2
18416645,0.20485,0.0135802,0.00865948,m2
18985499,0.00125,-0.039481,-0.0625765,m2
18991122,0.00025,0.0217381,0.0295096,m2
18996480,5.0e-05,0.0065563,-0.0337147,m2
18996479,5.0e-05,-0.0278471,-0.0313692,m2
18993856,0.00035,-0.0171271,-0.0493029,m2
18996285,5.0e-05,0.0788435,0.0864009,m2
18996284,0.0001,-0.0120073,-0.00422633,m2
283773,1.0,0.0211393,-0.00175084,m2
18994849,0.0003,0.0451818,0.0306266,m2
18996478,5.0e-05,0.00423647,-0.010655,m2
18644393,0.01135,-0.016023,-0.0270673,m2
18978452,0.0008,0.0569066,0.0745124,m2
12484846,0.9029,0.00791612,0.0101757,m2
18995529,5.0e-05,-0.0662187,-0.0654991,m2
18980646,0.002,0.0271979,0.0353765,m2
18985675,0.0051,-0.0173347,-0.0126653,m2
18992513,0.00025,0.0394841,0.0211506,m2
18995738,5.0e-05,0.0229758,0.0187301,m2
18978641,0.00215,-0.0885337,-0.0794838,m2
18960902,0.0121,-0.0306588,-0.0352368,m2
18727924,0.05915,0.0234917,0.0218009,m2
18986850,0.0005,-0.0621152,-0.0871138,m2
17531568,0.0171,0.0054921,-0.00183907,m2
18664331,0.05465,0.0616568,0.0735178,m2
18995383,0.0001,0.0249304,0.0274807,m2
18983809,0.00785,-0.0563468,-0.0208115,m2
18985120,0.0006,-0.0206145,0.00295461,m2
18991710,0.00025,-0.0225142,-0.00146527,m2
18492273,0.00885,-0.0579907,-0.00120409,m2
18962686,0.0004,-0.0473848,-0.0560977,m2
18996283,0.0001,-0.0388554,-0.0152236,m2
18857284,0.00085,0.0379797,0.0189913,m2
18952100,0.00235,0.0622415,0.0766737,m2
18987248,0.0006,0.0501648,0.0670925,m2
14735409,0.6389,0.0182229,-0.00545555,m2
18680330,0.0383,-0.0402773,-0.0347832,m2
1100667,1.0,0.00732619,0.0228259,m2
18955168,0.007,-0.0845875,-0.0399884,m2
18929171,0.0018,0.0259794,0.0233117,m2
18942983,0.0025,0.0625714,0.0320461,m2
18927288,0.0087,-0.0158496,-0.0213747,m2
18996477,5.0e-05,0.0146,0.0107244,m2
18995527,0.0002,-0.0667746,-0.0423715,m2
18996476,5.0e-05,-0.0202587,0.0151479,m2
18994236,5.0e-05,-0.00933531,-0.0500595,m2
18571631,0.00425,-0.00350358,-0.047577,m2
18988435,0.0011,-0.0153609,-0.0287125,m2
18966918,0.0053,0.0776331,0.0469181,m2
18966716,0.00265,-0.026892,-0.00233439,m2
18828712,0.00985,-0.112083,-0.102989,m2
141094,1.0,-0.0159595,-0.010748,m2
18995525,0.00015,0.06938,0.0837539,m2
18985309,0.0001,-0.0429114,-0.118092,m2
18991505,0.0001,-0.0128155,-0.0417059,m2
17564458,0.03375,-0.0205772,-0.0240378,m2
18972053,0.00115,-0.101725,-0.0644886,m2
18994847,0.0002,-0.0320895,-0.00992115,m2
18967622,0.0005,-0.0183943,-0.0235894,m2
18881070,0.008,0.0204969,0.00318215,m2
16427686,0.01495,-0.0112337,-0.0159173,m2
18928548,0.0097,-0.0245081,0.0131483,m2
18995913,0.00015,0.0132202,-0.00525322,m2
18403412,0.0354,0.0199562,0.0089613,m2
17646405,0.3741,0.00201374,-0.00364861,m2
18588032,0.0523,0.0159812,0.00620644,m2
18989934,0.0003,-0.000139685,0.00224998,m2
18994846,0.0005,-0.0885962,-0.105454,m2
18505970,0.01735,-0.0290187,-0.0133981,m2
18995196,0.0002,-0.10464,-0.10959,m2
18996280,0.0001,0.0327712,0.0473992,m2
18441329,0.2711,-0.0312672,-0.0123863,m2
1108824,1.0,-0.0106617,-0.00730827,m2
18991113,0.00115,-0.0284844,-0.045719,m2
18255414,0.0917,0.0181894,0.0426577,m2
18996475,5.0e-05,-0.00604717,0.0104291,m2
18989758,0.0029,0.03428,0.0151013,m2
18995382,0.00025,-0.0363353,-0.0380548,m2
18995523,0.0001,0.0225947,0.0130081,m2
18996474,5.0e-05,0.0165839,-0.0124016,m2
18938974,0.0007,0.00315192,0.0132797,m2
18994038,0.0001,0.00272515,0.0238038,m2
18949643,0.00315,-0.0131001,-0.0430192,m2
18987642,0.0012,0.0175039,0.00920801,m2
18873267,0.02265,0.00255792,-0.00568343,m2
17654930,0.01335,-0.00947058,-0.00664334,m2
18580218,0.02285,0.0455105,0.0367581,m2
18995379,0.00065,-0.0242416,-0.0151266,m2
18915221,0.00545,0.010674,-0.020572,m2
18990743,0.0005,0.0490271,0.0188678,m2
18958992,0.00295,-0.0293273,-0.0221729,m2
18993658,0.0001,-0.0866148,-0.0321173,m2
18921220,0.0007,0.0602002,0.0389553,m2
18926192,0.00475,0.0262862,0.0288783,m2
18994843,0.0002,0.0174818,0.00737104,m2
13038226,1.0,0.00822747,0.0132731,m2
18991501,0.00165,-0.01688,-0.00164604,m2
18992089,0.00055,0.0567742,0.0507258,m2
4314960,1.0,0.0123143,0.00845377,m2
18622194,0.11665,0.0216057,-0.00127301,m2
18993453,0.0006,-0.0621468,-0.055147,m2
18988836,0.00035,-0.0317598,-0.0134708,m2
18987034,0.00045,0.0844493,0.0609332,m2
18369654,0.1807,-0.0223585,-0.0178492,m2
18996276,5.0e-05,0.00660036,0.00424234,m2
18994036,5.0e-05,-0.0178793,-0.0205641,m2
18984558,0.0009,0.0452479,0.0405801,m2
16873638,0.3976,-0.000359571,0.0198012,m2
18996472,5.0e-05,0.0557008,0.0353388,m2
18650413,0.05345,-0.000487037,-0.00993853,m2
18995521,0.0004,-0.0158857,-0.00477559,m2
18989220,0.0007,0.0506583,0.0598774,m2
18603573,0.0503,0.0110617,0.00380999,m2
18996274,5.0e-05,-0.0018603,-0.0348913,m2
18938063,0.0219,-0.023884,-0.0168552,m2
18989218,0.0028,-0.031202,-0.0253764,m2
18094794,0.02895,-0.0344834,0.000319386,m2
18959930,0.0137,-0.0269939,-0.0477696,m2
18794851,0.00145,-0.0565621,-0.0576372,m2
18939897,0.0037,-0.0161822,-0.0589794,m2
18971421,0.00125,0.0537822,0.074026,m2
18588606,0.0165,-0.00687001,0.0100116,m2
18991321,0.0004,0.0689572,0.0515597,m2
18989929,0.00165,0.0696367,0.0702183,m2
18996273,0.0001,0.0265405,0.0284771,m2
18956819,0.0054,0.0490451,0.0505597,m2
18996471,5.0e-05,-0.0843625,-0.0650314,m2
18995191,0.00055,0.0398243,0.0528113,m2
18996272,5.0e-05,-0.0216957,-0.0388006,m2
18996470,5.0e-05,0.00310758,0.00814882,m2
18986272,0.00275,-0.057689,-0.0915172,m2
14948662,0.2021,-0.00706751,0.0128017,m2
18916680,0.00915,-0.105197,-0.118562,m2
18989581,0.0016,0.0956961,0.0937393,m2
18991498,0.0003,0.0487805,0.103293,m2
18919629,0.01135,-0.00108917,0.0206228,m2
18966528,0.00435,-0.0296578,-0.014868,m2
796615,1.0,-0.0168838,-0.0120051,m2
18994637,0.0002,-0.0875136,-0.0618842,m2
18937868,5.0e-05,0.0186761,0.0191912,m2
18992507,0.00025,0.089575,0.0842585,m2
18893975,0.0132,0.0193631,0.0432059,m2
18441731,0.0935,-0.0327455,-0.0135926,m2
17883341,0.73945,0.0354696,0.0427011,m2
18996469,5.0e-05,-0.03197,-0.0534294,m2
18882936,0.012,0.0189888,-0.0102789,m2
18993654,0.00065,0.0038103,0.00629011,m2
18990736,0.0021,0.0276505,0.0127708,m2
18975615,0.0015,0.040459,0.0573835,m2
18995518,0.0002,0.0954323,0.110411,m2
18923363,0.01385,0.0438915,0.0357745,m2
18992884,0.00015,-0.0349405,-0.0391531,m2
18995732,5.0e-05,0.0158561,0.0201487,m2
18996468,5.0e-05,0.0370733,-0.000322652,m2
18995730,0.0002,0.0920656,0.0503836,m2
4505091,1.0,0.0165911,0.00358452,m2
18989578,0.0002,0.0169202,0.0194589,m2
2564510,1.0,-0.00307775,-0.0199988,m2
18995904,5.0e-05,0.0398578,0.0519387,m2
18924677,0.0059,0.0245453,0.0544899,m2
18987843,0.00075,-0.0070112,-0.006341,m2
18963864,0.00355,0.0120581,-0.0226203,m2
7989093,1.0,-0.00488086,0.0146836,m2
18292018,0.045,0.0161328,0.00565827,m2
18996270,0.0001,0.0919666,0.0865912,m2
18970285,0.00525,-0.0201109,0.012781,m2
18986640,0.00185,-0.0181182,0.0354229,m2
18383305,0.01305,0.0213719,0.0191099,m2
18984922,0.0006,0.000436602,-0.0079529,m2
18391861,0.0702,0.00182969,-0.00652591,m2
17529755,0.2062,-0.00760789,-0.00420256,m2
18992699,0.00015,0.0436025,0.0289309,m2
18930919,0.0014,-0.0619318,-0.0244131,m2
18970284,0.00025,0.0369441,0.0239656,m2
18995005,0.00025,0.044404,0.0622516,m2
18988420,0.0014,-0.0175304,-0.00261727,m2
9424216,1.0,0.00246787,-0.0138255,m2
18975611,0.00185,0.0826795,0.0721668,m2
15314632,0.65225,-0.0201239,-0.00823725,m2
18996269,5.0e-05,-0.0370997,-0.0178523,m2
18986073,0.0017,-0.00400428,-0.0121933,m2
18948374,0.00115,-0.00786569,-0.000149424,m2
17800016,0.06755,0.0121724,0.0317144,m2
18924123,0.0033,0.00146163,0.0288961,m2
18994634,0.0001,-0.0328163,-0.0271522,m2
18444567,0.03575,0.0216661,0.0413249,m2
18995727,0.0002,0.0189925,0.0396067,m2
18544827,0.0104,-0.0541911,-0.0418689,m2
18995726,0.0001,0.0281201,0.00516753,m2
17656452,0.06645,0.0156927,-0.0272338,m2
18970282,0.00535,-0.0476095,-0.0290478,m2
18995902,5.0e-05,-0.0148039,-0.0360142,m2
18962500,0.0049,0.00285616,0.00453192,m2
18995724,0.0001,-0.0256219,-0.025191,m2
18995723,0.0001,0.0455106,0.0882299,m2
18996268,0.0001,0.0634482,0.0698583,m2
18833545,0.01175,-0.0360235,-0.00193961,m2
18957627,0.00295,0.029771,0.0623295,m2
2757193,1.0,0.0222896,-0.0315821,m2
18120094,0.05515,-0.0206096,-0.0346917,m2
7270497,1.0,-0.00462527,-0.0125963,m2
14928289,0.5331,-0.00263745,0.0067067,m2
15363499,0.2398,0.00258401,0.00329951,m2
18995901,0.0001,-0.0420211,-0.0451461,m2
18993843,0.00095,-0.0167484,0.0153728,m2
4986835,1.0,0.0155845,0.00916212,m2
18994803,0.0004,0.0457413,0.0224677,m2
18990730,5.0e-05,0.0449953,0.0105459,m2
18996467,5.0e-05,-0.00310118,-0.0330834,m2
18995186,0.0003,-0.0959937,-0.126841,m2
18969703,0.00845,-0.00536701,-0.0259394,m2
18995899,5.0e-05,-0.00415201,-0.00780389,m2
18916268,0.0049,0.0376646,0.0229106,m2
16438032,0.58165,0.0277448,0.0170004,m2
18993250,0.00045,0.0593683,0.0667459,m2
18996267,0.0001,-0.00908701,0.00405445,m2
18996466,5.0e-05,0.024937,0.0160408,m2
18996265,0.0002,-0.00550025,-0.00563892,m2
13407442,0.2579,-0.00705406,0.00850966,m2
18891518,0.00425,0.0293586,0.033111,m2
18994447,0.0004,0.0502129,0.0384379,m2
18980635,0.0031,0.0450976,0.0408028,m2
18996465,5.0e-05,-0.0116756,-0.0282939,m2
18992499,5.0e-05,-0.00800743,-0.0181775,m2
18994799,0.00055,-0.0166299,-0.0147162,m2
18996073,5.0e-05,0.0571886,0.0420848,m2
18983028,0.00155,-0.0389475,-0.0523854,m2
18989206,0.0044,-0.0160725,-0.00677436,m2
18985095,0.00025,0.0278211,-0.0240132,m2
18992830,0.00045,0.0155311,0.0242143,m2
18881060,0.0101,0.00707678,-0.0220875,m2
18992498,0.00095,-0.0230371,-0.0250981,m2
4832037,1.0,-0.0176022,-0.0136241,m2
18975443,0.00095,-0.0123854,-0.0129051,m2
18993447,0.0006,0.118657,0.134788,m2
18898369,0.0198,-0.0458615,-0.0371235,m2
18936498,0.01065,-0.00241838,0.0265813,m2
18995371,0.00025,0.0431279,0.0370805,m2
18995370,0.00025,-0.0347065,-0.00118068,m2
18954008,0.0006,0.0416046,0.065183,m2
18830765,0.01055,0.0139603,-0.00790633,m2
18981901,0.0003,0.0485804,0.0464429,m2
18504981,0.0886,-0.000580688,-0.00628834,m2
18994026,0.0001,0.0115047,0.0191753,m2
18995896,5.0e-05,0.0301784,0.0576607,m2
18994629,0.0001,-0.0196252,-0.032466,m2
18866503,0.0042,-0.020027,-0.0172638,m2
18756097,0.0125,-0.0323016,-0.0151798,m2
18996463,5.0e-05,-0.0292452,-0.0176123,m2
18964812,0.0026,0.0580571,0.0677853,m2
18988414,0.00145,-0.0201937,-0.0119722,m2
18237477,0.00055,-0.0169092,-0.00521141,m2
18243635,0.022,-0.00403807,-0.012298,m2
17662743,0.28785,-0.0367871,-0.0309159,m2
18996462,5.0e-05,-0.118269,-0.0909399,m2
18996461,5.0e-05,0.0326683,0.0143729,m2
18995369,0.0005,-0.00497371,-0.0150592,m2
18996261,5.0e-05,0.00413814,3.73938e-05,m2
18996460,5.0e-05,-0.0212041,-0.0189781,m2
18992257,0.0003,0.0365266,0.0228582,m2
18993644,0.0002,-0.00866716,-0.0247365,m2
18992293,0.0003,0.0613333,0.0640776,m2
18996260,5.0e-05,0.00978598,0.0142178,m2
18996459,5.0e-05,0.0645592,0.0884595,m2
18994798,0.00025,-0.0302799,0.0178655,m2
18995002,0.0001,0.00601804,0.0012653,m2
18409347,0.04785,-0.0324394,0.00226603,m2
18996458,5.0e-05,0.0214094,0.0275751,m2
18995891,5.0e-05,-0.00475012,-0.0144492,m2
18950559,0.01355,0.0148996,0.000839185,m2
18991309,0.0003,-0.00172139,-0.0126335,m2
18792951,0.0187,0.0201324,0.0206057,m2
18996258,0.0001,0.087207,0.0797943,m2
18782412,0.00875,-0.0290443,-0.0260125,m2
18966906,0.0092,-0.0359117,-0.0351019,m2
18864442,0.0208,-0.0266177,-0.0419973,m2
18304407,0.16535,0.000182994,0.0249698,m2
18995180,0.00035,0.012862,0.00434772,m2
18992450,0.0001,0.047043,0.0466346,m2
18993641,0.00015,0.0380775,0.0285168,m2
18995000,5.0e-05,0.0345456,0.0247001,m2
18993242,0.00105,0.0248713,0.0211106,m2
18995179,0.00045,-0.00463243,0.00702626,m2
18993838,0.00025,0.039114,0.0341167,m2
3796667,1.0,-0.0184368,0.00931898,m2
18963065,0.00095,-0.0328913,-0.0379899,m2
18994442,0.0007,0.0030581,0.0181636,m2
12414992,0.7954,-0.00837132,-0.0107984,m2
18490521,0.02035,0.0336157,0.0103221,m2
18996068,0.0001,0.00252188,-0.0114182,m2
18964078,0.0132,-0.00171946,-0.0072177,m2
18912541,0.0264,0.0173976,-0.00494458,m2
18891514,0.00535,-0.0906457,-0.092017,m2
18157515,0.01695,0.00828835,-0.0055849,m2
18869652,0.01175,-0.0475314,-0.0625473,m2
1535179,1.0,0.0189562,0.0138188,m2
18939683,0.00745,-0.0867157,-0.0958884,m2
18993442,0.0002,-0.0398826,-0.0338951,m2
18990534,0.0018,-0.0216291,-0.0655867,m2
18912540,0.00755,0.0189763,0.0372511,m2
18993639,0.0001,-0.0605276,-0.0695976,m2
18977153,0.0028,-0.0488412,-0.0292845,m2
18984909,0.0016,0.021526,-0.00723435,m2
18631766,0.0302,0.0303672,0.00639818,m2
18945622,0.0038,0.02446,0.0482352,m2
9966931,1.0,-0.0117425,-0.00602529,m2
18990340,0.0002,0.0301929,0.0087892,m2
17376763,0.13435,-0.028724,-0.0204986,m2
18994622,0.0002,-0.0431714,-0.0593446,m2
18993606,0.0004,-0.0121258,0.0170917,m2
18972035,0.00085,-0.0635123,-0.0974932,m2
10673777,0.1059,-0.000621116,0.00194636,m2
18996257,0.0001,-0.104081,-0.0595525,m2
18991483,0.00085,0.00242446,0.00404147,m2
18492258,0.09845,0.0227483,0.011507,m2
18995717,0.0002,-0.0472508,-0.0273577,m2
18995889,0.00015,0.0227903,0.0109431,m2
18974903,0.001,-0.00828798,-0.0146763,m2
18993045,0.00075,-0.0325221,-0.0448685,m2
18695938,0.00735,0.000651985,0.00177723,m2
18994440,0.0007,-0.0592621,-0.0759099,m2
18980059,0.0033,-0.114759,-0.0917317,m2
18423551,0.17345,-0.00542946,0.0299883,m2
18959921,0.0014,-0.0458758,-0.053459,m2
18964629,0.00125,0.0127214,0.0182982,m2
18994439,0.00015,-0.0138168,-0.0369958,m2
18991690,0.00055,-0.0406404,-0.0403481,m2
18964438,0.00345,0.0247847,0.0166392,m2
18996457,5.0e-05,0.0455627,0.0846342,m2
18992829,0.0002,-0.0309592,-0.0294118,m2
18993633,0.00075,0.0785974,0.0786732,m2
18956231,0.00095,0.0356672,0.0133205,m2
18994997,0.00035,-0.0353663,-0.0352922,m2
18162335,0.09185,0.0233016,0.00289237,m2
18975240,0.0006,-0.00898689,-0.00492653,m2
17455274,0.0148,0.028525,-0.0174155,m2
18536367,0.05405,0.0276134,0.0159015,m2
3630518,1.0,-0.0257917,-0.0377941,m2
18022785,0.00785,-0.0164275,-0.0345683,m2
18934246,0.0041,-0.0426041,-0.0249927,m2
18992489,0.0005,0.065006,0.0918386,m2
18990335,0.00035,-0.0199623,-0.0216681,m2
18993437,0.0001,0.0236355,-0.00117777,m2
18833353,0.00905,0.015492,0.0318525,m2
5781264,1.0,0.0161129,0.0242647,m2
18986256,0.0005,0.103233,0.0910529,m2
18995177,0.00015,-0.022421,-0.0246599,m2
18993205,0.00015,-0.0283769,-0.0174798,m2
18976356,0.0001,0.0638877,0.0331277,m2
17732132,0.0732,-0.00301682,0.0210059,m2
18983223,0.00145,0.0245787,-0.0444533,m2
18993404,5.0e-05,-0.00733057,0.000984019,m2
18994996,0.00015,0.0285731,0.0441486,m2
16490266,0.0746,0.0108056,0.0143802,m2
18993630,0.00045,0.00832886,0.0117278,m2
18996456,5.0e-05,0.0379351,0.00888073,m2
18996455,5.0e-05,-0.00714103,-0.00517695,m2
18967434,0.0015,-0.00305357,-0.0241472,m2
18993594,0.00035,0.0349596,0.00230452,m2
4159375,1.0,0.000963276,0.016131,m2
18995176,0.0004,0.00793875,-0.023021,m2
18996066,0.0001,-0.110249,-0.106161,m2
18993627,0.00045,-0.0321113,-0.0329068,m2
18924661,0.0029,-0.0312247,-0.0360856,m2
18991092,0.0002,-0.0432186,-0.0201781,m2
18725990,0.06855,0.0103294,0.0190712,m2
18892478,0.01415,5.44125e-05,0.0039269,m2
18996255,5.0e-05,-0.00476023,0.0210991,m2
18996065,0.00025,-0.0853314,-0.0767783,m2
18503687,0.05245,0.017799,-0.0242187,m2
18973528,0.0043,-0.0118667,-0.018217,m2
18995359,5.0e-05,-0.0992407,-0.0780352,m2
18385958,0.10555,0.0145795,0.00924341,m2
18995888,0.00015,-0.0105934,-0.0334781,m2
18995887,0.00015,-0.0288235,0.0126144,m2
18994784,0.00075,-0.0572707,-0.0387901,m2
18984904,0.0003,-0.036421,-0.0592403,m2
18994435,0.0001,0.00744897,-0.0152986,m2
18991258,0.0013,0.0267332,0.0252519,m2
4930117,1.0,-0.00575814,0.0148334,m2
18984122,0.00015,-0.0389313,0.0105362,m2
18984120,0.0022,0.014426,0.0498616,m2
18996454,5.0e-05,0.00140032,-0.00175163,m2
18717760,0.01295,0.00291825,-0.0127195,m2
18564261,0.04875,-0.0129052,0.0125246,m2
18996453,5.0e-05,-0.00333423,-0.035446,m2
1897528,1.0,-0.0179921,-0.00340965,m2
18937453,0.0136,0.0196897,0.0162028,m2
17606109,0.0145,0.00994805,0.0207957,m2
18937046,0.00405,-0.0523245,-0.0681901,m2
18965536,0.00125,-0.0154395,-0.00743054,m2
18996253,5.0e-05,-0.0277969,-0.0504891,m2
18994209,0.00035,0.0184277,0.0178363,m2
18996064,0.0001,-0.0202248,-0.0306297,m2
18995886,0.0001,0.0422396,0.0172389,m2
18985277,0.0026,-0.059862,-0.0260093,m2
18987214,0.00135,-0.0143315,0.0133817,m2
18979262,0.00085,-0.0614276,-0.0318644,m2
18487229,0.0141,0.0271578,0.0312861,m2
18995172,0.0005,-0.0486655,-0.0552885,m2
7491130,1.0,-0.0203902,0.0059944,m2
18996452,5.0e-05,0.011027,-0.00383926,m2
18989402,0.0007,0.0191424,0.0184544,m2
18993202,5.0e-05,-0.0571695,-0.0444244,m2
18979833,0.0001,-0.0786475,-0.0898959,m2
18990717,0.0003,0.0280308,0.00710814,m2
18902810,0.00865,0.0697282,0.0597197,m2
18440140,0.02495,0.00830027,0.009811,m2
18993036,0.0011,0.0174964,0.0663515,m2
18926168,0.00015,-0.00726443,-0.00470233,m2
12729083,1.0,-0.0138478,0.0116529,m2
18994206,0.00025,0.0791875,0.0842857,m2
18869462,0.00535,-0.0314541,-0.0481209,m2
3851976,1.0,-0.0187497,-0.0135329,m2
18993406,0.00015,0.0647658,0.0505551,m2
18993433,5.0e-05,0.020725,0.013869,m2
18991874,0.0003,-0.0183114,-0.000397523,m2
18994989,0.0002,0.0420291,0.0246949,m2
18945617,0.01335,-0.0421789,-0.01926,m2
18969326,0.0058,-0.0722223,-0.0178148,m2
18924107,0.01445,-0.0244471,-0.00726945,m2
18927260,0.00165,0.0417616,0.0407099,m2
18991086,0.0011,0.0223248,0.0238968,m2
18916467,0.00165,-0.0224056,0.0115873,m2
18996251,5.0e-05,-0.00425875,-0.0168495,m2
18995356,0.0002,-0.0129083,0.0162441,m2
18996063,5.0e-05,0.0307973,0.0275728,m2
18918261,0.0091,0.0193104,0.0116479,m2
18991872,0.00155,-0.0220374,-0.00158826,m2
18979616,0.00295,-0.0125844,0.0186255,m2
18816961,0.01535,0.0274021,0.00571174,m2
15617303,0.2046,-0.00297127,0.00305997,m2
18992677,0.0001,0.057304,0.00504359,m2
18914037,0.01015,0.020975,-0.00435888,m2
18971233,0.0029,0.0380659,0.0491413,m2
18965733,0.00065,0.00311285,0.0146297,m2
18992865,0.0002,-0.0283555,-0.016393,m2
17701655,0.58705,-0.0120185,0.0248664,m2
9483281,1.0,0.00564077,-0.00536804,m2
18628031,0.01035,0.0105353,0.0543236,m2
18994204,0.00035,-0.0192227,-0.0095393,m2
18948163,0.0042,0.0222573,0.012686,m2
18964026,0.0035,-0.00417165,-0.00223133,m2
18990504,0.00035,0.0363688,0.00468765,m2
18720543,0.01695,-0.0733114,-0.0574329,m2
18940096,0.01015,-0.0941107,-0.093172,m2
18959161,0.00365,-0.102741,-0.0968041,m2
18996062,5.0e-05,0.049898,0.0456917,m2
18987209,0.001,0.0516572,0.0537275,m2
18996061,5.0e-05,-0.074673,-0.062927,m2
18836421,0.01775,0.00737903,0.0209374,m2
18782822,0.03885,-0.0185171,-0.014334,m2
18991870,0.00035,-0.006258,0.0158568,m2
18976737,0.0021,-0.0780338,-0.057964,m2
18985274,0.0036,-0.0485128,-0.0219825,m2
18909698,0.00505,0.0588041,0.0122102,m2
15061991,0.09235,0.00632936,0.0108942,m2
18996059,0.00015,0.0387565,0.0638297,m2
18962820,0.007,-0.00799967,-0.0131061,m2
18497611,0.01395,0.00653466,-0.0101439,m2
18976966,0.00335,-0.0609383,-0.0630594,m2
18305336,0.12305,-0.0308189,0.00633331,m2
18520882,0.046,-0.01413,0.00607419,m2
18947374,0.0029,0.0413926,0.0205721,m2
18996451,5.0e-05,0.0565584,0.0580838,m2
18815933,0.00355,0.00113422,0.0428346,m2
18975963,0.0002,-0.00953753,-0.00231548,m2
18959910,0.00035,-0.0404424,-0.0606804,m2
18981513,0.0012,-0.0665549,-0.0712447,m2
18996450,5.0e-05,-0.0473877,-0.043095,m2
18990523,0.00045,0.00499971,-0.0130398,m2
17808109,0.18335,0.00696667,0.00296833,m2
18092499,0.0599,-0.0188775,0.0072146,m2
18994201,0.00015,0.04796,0.000802925,m2
18990095,0.00455,0.0167548,-0.00815176,m2
18684111,0.0012,-0.0261133,-0.0263412,m2
18931830,0.00405,0.0494429,0.0372897,m2
18983391,0.0002,0.0411586,0.0385026,m2
11527903,1.0,0.00793105,0.00279144,m2
18951874,0.0003,-0.0214519,-0.0127827,m2
18988813,0.0017,-0.0750779,-0.0327297,m2
18871902,0.0287,-0.0233121,-0.0274844,m2
18960448,0.00135,-0.0382846,-0.0266092,m2
18990906,0.00015,0.0492968,0.00991464,m2
18990701,0.00035,-0.0848479,-0.0436221,m2
18968735,0.0009,-0.0617385,-0.0620071,m2
18996449,5.0e-05,0.0737077,0.0530974,m2
18976748,0.0018,0.00785756,0.0329253,m2
18992848,0.0014,-0.0100755,-0.0523421,m2
18992458,0.00045,0.109185,0.0733984,m2
18990521,5.0e-05,0.0248344,-0.0185414,m2
18967602,0.0009,-0.0174012,-0.01989,m2
18754512,0.013,0.00994803,0.00129444,m2
18899996,0.00205,-0.0195744,-0.049986,m2
18981511,0.00045,0.0414106,0.0214895,m2
18995881,0.0001,0.0255737,0.0305568,m2
18986618,0.00075,0.036448,0.0186378,m2
18996247,5.0e-05,-0.029226,0.00572004,m2
18994609,0.0003,-0.0173163,-0.00927038,m2
18948334,0.00165,-0.0745211,-0.0763949,m2
18686181,0.0769,0.014554,0.0410042,m2
18791457,0.04075,0.0264891,0.0255937,m2
18970048,0.00445,-0.0346645,-0.0550316,m2
18804775,0.01785,0.000723713,-0.0130085,m2
18986047,0.0004,0.0231446,0.0386133,m2
18337565,0.06865,0.0246887,0.0189956,m2
18634432,0.04655,-0.0256438,0.00255069,m2
18911586,0.007,-0.0754223,-0.026311,m2
18996448,5.0e-05,-0.00492014,-0.0233968,m2
18981508,0.0043,-0.020726,-0.0240318,m2
18978605,0.01095,-0.0448948,-0.0436277,m2
18994426,0.00015,-0.00943418,-0.0248479,m2
18992477,0.00125,0.0131113,0.0236897,m2
18334287,0.01245,0.00996773,-0.0062174,m2
18994821,0.0002,-0.11318,-0.10039,m2
18975772,0.00025,0.0403542,0.0624684,m2
11266545,0.1029,-0.0302866,0.00327718,m2
18653230,0.0242,0.0336157,0.0253714,m2
18990322,0.00145,-0.0769085,-0.055003,m2
5227164,1.0,0.00711764,-0.0229003,m2
18996245,5.0e-05,0.080539,0.0719162,m2
18969864,0.0089,-0.0621854,-0.056727,m2
18947173,0.00325,0.0690986,0.11522,m2
18918241,0.0122,0.0175343,0.0385181,m2
18983195,0.00015,-0.0212866,-0.0367264,m2
10191899,1.0,0.0182573,0.00529456,m2
18966683,0.00305,-0.0104463,-0.0457081,m2
18995708,0.0001,0.0731991,0.0497471,m2
18979249,0.00055,-0.0337439,-0.0222041,m2
18785214,0.0032,-0.00322495,-0.024712,m2
17301997,0.18465,-0.039862,-0.00495191,m2
18125096,0.2911,-0.0098101,0.0167903,m2
18726986,0.0022,0.0150573,0.0387983,m2
18992278,0.00105,0.0801549,0.0811452,m2
18664498,0.00665,0.0681329,0.0549362,m2
18988585,0.00165,0.0652877,0.042844,m2
16988181,0.0941,0.0219951,0.0193261,m2
18980595,0.00145,-0.144252,-0.103021,m2
18989181,0.0006,0.0127644,0.00322346,m2
18965340,0.00265,-0.0349761,-0.0224941,m2
18927425,0.0322,0.0429009,0.000182863,m2
14609345,0.3203,-0.00704054,0.00907774,m2
18981506,0.0028,-0.0747711,-0.0610902,m2
18993027,0.00055,-0.116967,-0.0959452,m2
18994606,0.00015,-0.00650108,0.0255412,m2
18032477,0.0274,0.0105102,0.0112817,m2
18991293,0.0004,0.0824535,0.0662934,m2
18943138,0.0046,0.0106135,-0.00379879,m2
18927794,0.01265,-0.0189981,-0.021788,m2
18861186,0.02095,0.00525677,-0.00848916,m2
18592242,0.00555,-0.0216836,-0.0241372,m2
12030477,1.0,-0.0104563,-0.00190403,m2
18979247,0.00155,0.0378042,0.0539821,m2
18996244,0.0001,0.0408417,0.00638963,m2
18789255,0.0148,0.0289471,0.0237023,m2
18996447,5.0e-05,-0.0866953,-0.0771215,m2
18993424,0.00015,-0.0706252,-0.0448546,m2
18996243,0.0001,-0.0206389,-0.0392425,m2
18975957,0.00115,-0.0233966,-0.0196909,m2
18976527,0.00105,-0.01177,-0.000206294,m2
18510688,0.00835,0.0175252,-0.00440103,m2
18953043,0.00205,-0.0131252,-0.0214042,m2
18922182,0.02125,-0.0183409,-0.0394401,m2
18968515,0.00705,-0.029784,-0.0207084,m2
18944799,0.00155,-0.0344366,-0.0154718,m2
18954870,0.0059,0.0535036,0.0304926,m2
17926708,0.3103,0.0178926,0.0325573,m2
15424930,0.0971,-0.0177791,-0.000853247,m2
18312163,0.0468,-0.0163227,-0.01472,m2
18995706,0.0002,-0.0109089,-0.00302533,m2
18985845,0.00015,-0.0148973,-0.00957762,m2
18664677,0.0159,-0.0379829,-0.0485485,m2
18991672,0.00045,0.0223843,0.0386007,m2
18947781,0.0043,0.0130354,0.0241507,m2
17408998,0.15085,-0.0158214,-0.00963792,m2
18985269,0.0009,0.036973,0.0272572,m2
18768346,0.0229,0.029807,0.0492207,m2
18958540,0.0015,-0.0567655,-0.0582562,m2
18526693,0.01455,-0.0526797,-0.0664511,m2
18983206,0.01095,0.0285901,-0.00987267,m2
18962462,0.00475,-0.0609608,-0.0810221,m2
18996446,5.0e-05,-0.0247953,-0.0163806,m2
18928138,0.00245,-0.0427506,-0.0628007,m2
17734072,0.0781,-0.0105256,-0.0228121,m2
18332400,0.03065,0.020582,0.00700638,m2
18726426,0.03785,0.0315342,0.0133459,m2
18995705,0.0003,0.00360182,0.00634635,m2
18869623,0.0027,-0.0162199,-0.0456137,m2
18960845,0.00915,-0.00631504,0.00369802,m2
18827960,0.0015,-0.0406584,-0.0391423,m2
18525103,0.00475,-0.0148321,0.0296501,m2
18945823,0.0043,0.0759719,0.0666457,m2
18988365,5.0e-05,-0.0236012,-0.0356197,m2
18996445,5.0e-05,0.0321996,0.0488029,m2
18992667,0.00035,0.0195649,0.0305792,m2
18906798,0.00115,0.0137817,-0.00599674,m2
18995877,0.0001,-0.0101746,0.0267271,m2
18875735,0.0157,-0.0141109,-0.0365603,m2
18964018,0.0005,-0.0356343,-0.0486303,m2
18936468,0.0132,-0.0697192,-0.0304034,m2
18996052,0.0002,-0.0665588,-0.0563727,m2
18982257,0.0011,0.0949354,0.0938095,m2
18948901,0.007,-0.0905988,-0.0489161,m2
18994197,5.0e-05,0.0464147,0.0742471,m2
18996444,5.0e-05,-0.00553956,0.0131435,m2
18978399,0.0055,0.0266666,0.0237113,m2
18957389,0.0009,0.0562086,0.0650546,m2
18996051,0.0001,0.0764588,0.0468468,m2
18980990,0.00255,0.0165209,0.00899308,m2
18988987,0.00235,0.0376235,0.0458041,m2
18952248,0.00185,-0.0197682,0.0159159,m2
14944948,0.2888,-0.000913799,-0.00826535,m2
12261602,1.0,-0.0200692,-0.0022997,m2
18963634,0.0008,0.0286814,0.00563513,m2
18995702,0.00015,0.0204307,0.025757,m2
18987780,0.00055,0.0458842,0.0580647,m2
18995876,0.0002,-0.133542,-0.119211,m2
18969295,0.0024,-0.0600012,-0.0369887,m2
18832427,0.00575,0.0348257,0.0398181,m2
18973315,0.00325,-0.0309907,-0.0275355,m2
18996443,5.0e-05,0.0416871,0.0294826,m2
18961227,0.0024,0.0182105,0.000766848,m2
18887728,0.007,0.00610521,0.0493357,m2
18965156,0.00155,-0.00166365,-0.00724389,m2
18996240,0.00015,0.0536926,0.0551552,m2
18539135,0.04535,-0.0219446,-0.0220985,m2
18226509,0.011,-0.0252983,-0.0145437,m2
18996442,5.0e-05,0.0815074,0.0691155,m2
18757121,0.00485,-0.011825,-0.0439928,m2
18303396,0.01835,0.00273496,0.0262938,m2
18750255,0.0247,0.0187962,0.00543396,m2
18993022,0.0004,0.0625902,0.10188,m2
18957790,0.00405,0.0366278,0.034951,m2
18216539,0.0076,-0.0070071,-0.032937,m2
18880098,0.0466,0.0105975,0.0257369,m2
18348903,0.0383,-0.0314421,-0.0133619,m2
18987204,0.00165,-0.0492619,-0.0415664,m2
18985443,0.00045,-0.036856,-0.0890764,m2
18996049,0.00015,-0.0336048,-0.0556969,m2
17148428,0.0479,0.00473394,-0.000589751,m2
18949981,0.00495,0.0213132,0.0540709,m2
18980253,0.0013,-0.0257018,-0.0372204,m2
18951152,0.0112,-0.00165201,0.00952291,m2
18764615,0.01225,-0.0044706,-0.0492011,m2
18996441,5.0e-05,0.0155506,-0.0245094,m2
18936659,0.00185,0.0316467,0.047092,m2
18879535,0.0168,0.0495982,0.0629301,m2
18991666,0.00035,0.0281413,0.0300962,m2
18989177,0.0026,0.0436358,0.0417026,m2
18812027,0.0084,0.00658495,0.00808034,m2
18995875,0.0001,0.023076,0.034433,m2
18991864,0.0008,0.000966105,-0.00106233,m2
18988959,0.0009,0.0529483,0.035029,m2
18784468,0.0224,-0.0356397,-0.0237143,m2
18996237,0.0001,0.0906131,0.0628995,m2
18910437,0.00595,0.0571767,0.025895,m2
18757118,0.00785,-0.0281095,-0.0458238,m2
18993613,0.00045,0.0615557,0.0641128,m2
18965717,0.00505,-0.0145715,0.0338748,m2
18965320,0.00235,-0.0313316,-0.0158149,m2
18949077,0.0003,-0.0931593,-0.0468477,m2
18996048,0.00035,-0.00228322,0.00808511,m2
18864952,0.0004,-0.0744972,-0.0757933,m2
18925576,0.00035,0.0188644,-0.0414462,m2
18843327,0.0036,0.0191282,0.025279,m2
18972935,0.01275,-0.00680705,0.0254515,m2
18993417,0.001,0.00160771,0.00890373,m2
18996440,5.0e-05,-0.00455276,0.00106025,m2
18978987,0.0016,-0.0245341,-0.0442315,m2
18692829,0.22625,0.0182444,-0.00558844,m2
18929688,0.00445,0.0615096,0.064824,m2
18941036,0.00315,-0.0342359,-0.016977,m2
18993602,0.0003,0.0158374,-0.0255562,m2
18438039,0.02825,-0.000446088,0.0335591,m2
18369057,0.13575,0.00286806,-0.0358626,m2
18996235,5.0e-05,0.0485597,0.0297437,m2
18980810,0.0011,0.0752839,0.0325168,m2
18996234,5.0e-05,0.102774,0.0985463,m2
18984521,0.0008,0.028897,0.0305065,m2
18896234,0.0185,0.0126465,0.00766955,m2
18968328,0.00035,-0.0462661,-0.061453,m2
17859650,0.08115,0.00575318,-0.00839082,m2
17610158,0.0138,0.0150175,-0.00328993,m2
18818087,0.00705,-0.037232,-0.0323166,m2
18996047,0.0001,-0.0228838,-0.00129789,m2
18980241,0.00935,0.00417953,0.0211107,m2
18464119,0.04335,0.0109353,0.0234654,m2
18968907,0.0003,0.0158969,0.0439514,m2
18655856,0.03365,-0.0501418,-0.0202572,m2
18996439,5.0e-05,-0.0787833,-0.0634426,m2
18924252,0.01665,0.0612308,0.0436237,m2
18881794,0.0032,-0.0061953,-0.0320251,m2
18847186,0.0049,0.0431995,0.0644061,m2
18996232,0.0001,0.0128846,0.0538185,m2
18971592,0.00025,-0.0279798,-0.0280281,m2
18972954,0.00015,-0.0575099,-0.0793905,m2
18989361,0.00185,0.0853756,0.0512795,m2
18958358,0.0056,0.0386882,0.0254704,m2
18965318,0.00085,0.0186519,0.0160135,m2
18996438,5.0e-05,0.0491152,0.0264205,m2
18996437,5.0e-05,0.0189063,0.0169248,m2
18945379,0.00495,-0.000578475,0.0411189,m2
18942197,0.00275,0.00365325,-0.0187756,m2
18996231,0.0001,-0.0321007,-0.00947498,m2
18991286,0.00035,0.000685644,0.0351147,m2
18848342,0.0038,0.0660363,0.0549586,m2
18967040,0.00325,-0.0355973,-0.0412255,m2
18990899,0.00015,0.020726,0.0360581,m2
18945190,0.00265,-0.0525774,-0.0279364,m2
18987386,0.0056,0.00627597,-0.00618212,m2
18979420,0.0034,-0.0608723,-0.026423,m2
18979601,0.001,-0.0334933,-0.0423507,m2
18902256,0.00955,-0.00842597,-0.051893,m2
18996230,0.0001,0.0092541,0.0334054,m2
18699514,0.02635,-0.00783022,-0.00518558,m2
18993817,5.0e-05,-0.00611255,0.0058627,m2
18944817,0.0025,0.00344153,0.0645614,m2
18995342,0.0002,0.0653902,0.0577627,m2
18974506,0.0021,-0.121252,-0.0911235,m2
18799133,0.0058,-0.0449247,-0.0560185,m2
18995154,0.00015,0.0298027,0.0133686,m2
18962446,0.00225,0.0215879,0.0218241,m2
18996436,5.0e-05,-0.0476572,-0.0325648,m2
18957598,0.0149,-0.0337792,0.00803001,m2
18947743,0.0011,0.0152995,0.0158734,m2
18994395,0.0001,-0.0190728,-0.0258519,m2
18992274,0.0003,0.0105566,-0.00109911,m2
18992273,0.0001,0.082408,0.0396362,m2
18986235,0.00225,0.0273378,0.051187,m2
18979236,0.00115,0.0756367,0.0397611,m2
18995341,5.0e-05,-0.100053,-0.0304925,m2
18884254,0.00475,0.0502835,0.0506445,m2
18993815,0.0023,-0.00192502,-0.00980832,m2
18764806,0.00885,-0.0302369,-0.0101122,m2
18995687,0.00015,-0.0433516,0.00786713,m2
18946354,0.00055,0.0507391,0.107443,m2
18996434,5.0e-05,-0.0111244,0.00540913,m2
18956404,0.0061,-0.0584598,-0.0540861,m2
18917463,0.00825,0.012178,0.00874907,m2
18988373,0.00095,-0.0576188,-0.0400425,m2
18948339,0.00455,-0.054073,-0.0266572,m2
18960844,0.02125,0.0419008,0.035874,m2
18910264,0.0029,-0.0153705,-0.00285821,m2
18987982,0.0004,-0.0632616,-0.069776,m2
18972372,0.00155,-0.0251734,0.00145352,m2
18900508,0.0037,0.0186708,-0.0119193,m2
18976952,0.0019,-0.0592424,-0.0916328,m2
18974677,0.004,-0.0317218,-0.0354715,m2
18832960,0.0056,-0.0151776,0.00749184,m2
18989896,0.0012,-0.0600332,-0.0662152,m2
18833515,0.0121,-0.00130923,0.0165389,m2
18996228,0.0002,-0.0526891,-0.0616251,m2
18966269,0.0006,-0.0148226,-0.042596,m2
18920170,0.00945,-0.0114381,0.0235911,m2
18996433,5.0e-05,-0.0352356,-0.044969,m2
18994794,5.0e-05,0.0503209,0.0294803,m2
18995693,0.0002,0.0119982,-0.0317771,m2
18994193,0.00025,-0.0231675,-0.0393588,m2
18994417,5.0e-05,0.010546,0.008127,m2
18993217,0.0008,0.0540815,0.0321094,m2
18996432,5.0e-05,-0.0220825,-0.0316915,m2
18994405,0.00045,-0.0123378,0.00273997,m2
18988573,0.0008,-0.0825115,-0.0836267,m2
18993216,0.00065,0.0444116,0.0454891,m2
18996226,0.00015,-0.11021,-0.0990345,m2
18995338,0.00015,0.00111865,-0.0420416,m2
18987760,0.00095,-0.0270299,-0.0537747,m2
18994790,5.0e-05,0.0671927,0.0739877,m2
18996225,0.00015,-0.00738771,0.00931277,m2
18987799,0.00015,-0.0359692,-0.0219005,m2
18996431,5.0e-05,0.123854,0.117538,m2
18988187,0.00045,0.038862,0.0506957,m2
18993998,0.0012,0.0726627,0.0463936,m2
18992657,0.0004,-0.0533872,-0.000901394,m2
18987591,0.00035,-0.000642431,-0.0165365,m2
18987400,0.00105,0.0483198,0.0491196,m2
18996042,0.00025,-0.00333238,-0.0353834,m2
18996430,5.0e-05,0.0306427,0.0135402,m2
18995691,0.0003,0.127172,0.16154,m2
18991277,0.00025,0.0155652,-0.000630858,m2
18988196,0.00065,-0.034738,-0.0280038,m2
18990116,0.00025,0.00747972,0.000140503,m2
18987588,0.0005,0.0389749,0.00500603,m2
18995683,0.0002,-0.0619177,-0.0789185,m2
18995682,5.0e-05,0.0181237,0.0691297,m2
18991276,0.0001,-0.0182234,0.0202207,m2
18989540,0.00015,0.0781212,0.0476253,m2
18987587,0.00245,0.0850622,0.0710801,m2
18989165,0.0005,-0.0361423,-0.0434799,m2
18989164,0.00035,-0.0383702,-0.0816974,m2
18990307,0.0004,-0.0122633,0.0410238,m2
18988193,0.00045,0.0477657,0.0644457,m2
18995688,0.0002,0.0397692,0.0492616,m2
18995680,0.00015,-0.000124732,0.00840112,m2
18996429,5.0e-05,-0.0508828,-0.030527,m2
18995657,0.0003,-0.0160486,0.00821529,m2
18995658,0.0002,0.0551073,0.0580138,m2
18996223,0.0001,-0.0230991,-0.0389236,m2
18996428,5.0e-05,-0.0436162,-0.0464823,m2
18995661,0.0002,-0.121354,-0.115196,m2
18996427,5.0e-05,0.0368605,0.0731832,m2
18995678,0.0004,-0.0305173,-0.0290467,m2
18995664,0.0001,0.0311563,0.00368614,m2
18996426,5.0e-05,0.0433831,0.0284838,m2
18996425,5.0e-05,-0.0606723,-0.0391277,m2
18995667,5.0e-05,-0.0340399,-0.0700586,m2
18995668,0.0002,-0.0407691,-0.000689873,m2
18996039,0.0001,-0.0072553,0.0051008,m2
18995673,0.0004,0.0677778,0.0508342,m2
18996218,5.0e-05,0.047776,0.0696041,m2
18996424,5.0e-05,0.00332241,0.0157444,m2
18996216,0.0001,0.00817939,0.0142426,m2
18996402,5.0e-05,0.0256991,0.015694,m2
18996403,5.0e-05,-0.0466213,-0.0635446,m2
18996404,5.0e-05,-0.0176436,-0.0215677,m2
18996405,5.0e-05,-0.012423,0.00975369,m2
18996406,5.0e-05,-0.0378907,-0.0391617,m2
18996407,5.0e-05,0.0742945,0.0976109,m2
18996408,5.0e-05,-0.086202,-0.0805661,m2
18996409,5.0e-05,-0.0538092,-0.0526219,m2
18996410,5.0e-05,0.0908158,0.111969,m2
18996411,5.0e-05,-0.0116973,-0.0369841,m2
18996413,5.0e-05,0.0359605,0.0464615,m2
18996414,5.0e-05,-0.0604131,-0.0291755,m2
18996415,5.0e-05,-0.0152017,0.0172761,m2
18996416,5.0e-05,-0.0361412,-0.014184,m2
18996417,5.0e-05,0.0401003,0.076805,m2
18996418,5.0e-05,0.0615397,0.0420556,m2
18996419,5.0e-05,-0.0468272,-0.0701284,m2
18996420,5.0e-05,-0.0656532,-0.0343126,m2
18996421,5.0e-05,0.012988,-0.0279644,m2
18996422,5.0e-05,0.0283614,0.0515016,m2
18996423,5.0e-05,-0.00190521,-0.00349407,m2
