id,freq,e_f,e_m,type
6362946,1.0,-0.0180481,-0.0168902,m1
18998031,0.0001,0.0709137,0.0556139,m1
18997849,0.0001,-0.074374,-0.0863109,m1
18964811,0.0307,0.0787026,0.122438,m1
18998027,0.0001,-0.0271583,-0.034291,m1
18977199,0.0028,-0.114401,-0.113638,m1
2472375,1.0,-0.0418431,-0.0316074,m1
18997153,0.0006,-0.00263486,-0.045425,m1
15363813,1.0,0.0174926,0.00512896,m1
18973437,0.0021,-0.00782403,-0.0678667,m1
18996990,0.0003,0.0613949,0.0633458,m1
18995912,0.0003,0.000345291,0.0333288,m1
17769114,0.7344,0.0258543,0.0490986,m1
18996250,0.0006,0.00870402,-0.0353936,m1
18995310,0.0007,-0.0454058,-0.0364292,m1
18908974,0.011,-0.0305291,-0.0327911,m1
18968066,0.0026,-0.0159217,0.0281053,m1
18846286,0.0411,0.00566025,0.00528907,m1
8224398,1.0,-0.02228,0.00115697,m1
18997658,0.0004,0.0219506,-0.00954405,m1
18997655,0.0004,-0.0292758,-0.0568663,m1
18929954,0.0214,-0.0463393,-0.0429083,m1
18988084,0.0047,0.0454219,-0.00962369,m1
18991764,0.0074,0.0450217,0.0652668,m1
12542247,1.0,0.0311375,-0.0017932,m1
1258811,1.0,0.0373997,0.0582032,m1
6258259,1.0,-0.011809,-0.0441776,m1
18986137,0.0042,-0.0999805,-0.101555,m1
8726765,1.0,0.0201558,-0.0192537,m1
9475468,1.0,0.0029818,-0.022738,m1
18997318,0.0009,-0.131141,-0.118947,m1
18919254,0.011,0.064344,0.0653603,m1
6067039,1.0,0.0517597,0.0366908,m1
18865228,0.1482,0.0173534,0.0192207,m1
12106086,1.0,-0.0445578,-0.0546206,m1
3812497,1.0,0.00132038,0.0162103,m1
18797103,0.0386,0.0136448,-0.0305839,m1
18866714,0.1063,-0.0296768,-0.021511,m1
18982502,0.0017,-0.0484896,-0.0592918,m1
4996155,1.0,0.0284674,0.0482657,m1
18996790,0.0014,0.0703273,0.116742,m1
18989788,0.0015,0.052531,0.060458,m1
12797339,1.0,0.0079364,0.0494166,m1
8159965,1.0,0.00435278,0.000116897,m1
15609514,1.0,-0.0478841,-0.00854711,m1
18986519,0.0019,0.0379086,0.0934539,m1
18946934,0.0085,0.0462955,0.0736442,m1
2914826,1.0,0.0506366,0.00846753,m1
18997983,0.0001,-0.0171841,0.0119143,m1
15951725,1.0,0.0141451,0.00849725,m1
18796513,0.0527,0.0176368,0.00235009,m1
18951127,0.036,-0.00644968,0.02905,m1
649839,1.0,-0.0300269,-0.0245925,m1
3335557,1.0,-0.0503828,-0.0338576,m1
8022471,1.0,0.049647,0.0472124,m1
2860146,1.0,-0.0212168,-0.00177825,m1
609466,1.0,-0.0264568,-0.0685988,m1
18997623,0.0004,-0.0248639,-0.0287092,m1
18994336,0.0013,0.00706825,0.00239877,m1
15594389,1.0,0.0322068,0.0400507,m1
18997965,0.0001,-0.0648267,-0.0314605,m1
18997774,0.0001,0.0981099,0.0415448,m1
5539523,1.0,-0.0594771,-0.0513644,m1
2576992,1.0,0.0604853,0.0679331,m1
18995433,0.0082,-0.0475841,-0.0220791,m1
16019874,1.0,0.0167433,-0.0076294,m1
18988048,0.0005,-0.0274372,-0.00244012,m1
15981149,1.0,-0.0159708,0.0112208,m1
6482581,1.0,-0.0354113,0.0160385,m1
18996378,0.0021,-0.0526651,-0.107428,m1
18210967,0.1963,0.029733,0.0248297,m1
18938890,0.0445,0.00264895,0.00909598,m1
6693394,1.0,0.00617402,0.0287588,m1
2492337,1.0,0.0343429,0.0401298,m1
8612258,1.0,0.0150582,0.0234638,m1
7460865,1.0,-0.0180767,-0.030112,m1
18993363,0.004,-0.012631,-0.00463713,m1
18912500,0.0289,0.0540282,0.026151,m1
18997941,0.0001,0.0307359,0.0522216,m1
2212974,1.0,-0.00310543,0.00667416,m1
18987420,0.0013,-0.0759891,-0.0989053,m1
18997936,0.0001,0.054582,0.0684078,m1
13267019,1.0,-0.0479187,-0.0642926,m1
18789468,0.0026,-0.0227667,-0.0174351,m1
17237331,1.0,-0.0391007,-0.0647974,m1
3447279,1.0,0.0458825,0.0680695,m1
18878970,0.0386,0.00582936,-0.0181134,m1
18997740,0.0007,-0.0392905,-0.000461368,m1
9457100,1.0,0.00130051,0.0284042,m1
3597091,1.0,0.0355604,0.00290025,m1
8066499,1.0,-0.00959864,-0.0236769,m1
18997729,0.0002,0.0454296,0.0227662,m1
8267514,1.0,-0.00640351,0.00317793,m1
18819846,0.0394,-0.0136386,-0.0204784,m1
11556118,1.0,-0.00113726,0.00773238,m1
17848009,0.7344,-0.0503419,-0.0328448,m1
1436787,1.0,-0.00424422,-0.0144942,m1
18960298,0.0085,0.0374092,0.024246,m1
1773495,1.0,0.0125154,0.0503658,m1
18993152,0.0066,-0.0543684,-0.00478274,m1
3707799,1.0,-0.0580157,-0.0543151,m1
15830703,1.0,-0.00722652,0.0316801,m1
18326474,0.7344,-0.0460917,-0.0442148,m1
18539558,0.0693,0.00371051,-0.0320619,m1
16650884,1.0,-0.0435439,0.0101435,m1
18994484,0.0051,-0.00263982,0.0111958,m1
992654,1.0,0.0505691,0.0704786,m1
6489471,1.0,0.00758437,0.0255015,m1
10470173,1.0,0.0387847,0.0781362,m1
7497352,1.0,0.000470235,0.0181811,m1
14636930,1.0,-0.0122729,-0.0134087,m1
18996706,0.0031,0.0245865,0.0302865,m1
18997699,0.0004,0.0718717,0.0879525,m1
18824076,0.0476,-0.00780669,-0.0272254,m1
8749759,1.0,-0.0243867,-0.0371592,m1
303887,1.0,0.0333892,0.026692,m1
18996846,0.0011,0.0611525,0.0552662,m1
4834552,1.0,0.0369267,0.0207518,m1
6445686,1.0,-0.0206027,-0.0288494,m1
12024551,1.0,-0.0478888,-0.0674364,m1
18974640,0.0021,0.0504406,0.0614058,m1
6613225,1.0,0.0299309,-0.00658566,m1
13300706,1.0,-0.0157739,-0.0126102,m1
15192099,1.0,-0.0242806,-0.0043034,m1
16733400,1.0,-0.00931294,-0.0298151,m1
18996844,0.0006,0.064124,0.0589686,m1
11938574,1.0,0.0104934,-0.0226624,m1
18997892,0.0001,-0.0589706,-0.0795656,m1
17881744,0.0693,-0.0275226,-0.0410661,m1
13183318,1.0,0.0142443,-0.00446251,m1
18302327,0.7344,0.0506803,0.0537359,m1
9784206,1.0,-0.0187073,-0.0251264,m1
18992157,0.0071,-0.0327893,-0.007035,m1
18967350,0.0178,-0.0309502,-0.0254241,m1
18993469,0.0104,0.00240472,-0.0159045,m1
18914133,0.0092,0.0679736,0.00988092,m1
2689723,1.0,-0.0915368,-0.0795804,m1
18991629,0.0091,-0.0181571,-0.0223739,m1
17847360,0.1963,-0.0429182,-0.0514402,m1
4384185,1.0,-0.0278903,-0.044966,m1
15886303,1.0,0.0295986,0.0392283,m1
18806438,0.1584,0.00351081,-0.00432631,m1
13247646,1.0,0.0516105,0.04624,m1
18997884,0.0001,0.011373,-0.0206457,m1
18817551,0.0527,-0.0106233,-0.0248095,m1
18972134,0.0215,-0.0789877,-0.0725757,m1
18957614,0.0445,-0.0277809,-0.0102791,m1
18995336,0.0014,-0.0350236,-0.0597159,m1
14514223,1.0,0.0190831,-0.00557373,m1
18668347,0.0693,-0.0383772,-0.024351,m1
15087000,1.0,-0.00533836,0.00451663,m1
18992332,0.0104,0.0176098,0.00655696,m1
18948372,0.0092,0.0180295,0.01788,m1
18993277,0.0024,0.0326467,0.0211698,m1
18928057,0.00185,0.0160425,0.0275692,m2
18996462,0.0004,-0.016977,-0.0067555,m2
18994602,0.0001,0.00113747,0.0459363,m2
12108263,0.93625,0.0118557,-0.00514314,m2
18997346,0.00065,-0.0791448,-0.0796803,m2
18983835,0.0005,-0.000585171,0.0254834,m2
18993098,0.0001,-0.00781858,-0.0105133,m2
18757965,0.0043,-0.0498673,-0.0607275,m2
18969197,0.0071,0.0627572,0.0937267,m2
18997852,5.0e-05,0.0236789,0.0102968,m2
18997851,0.00015,-0.0321559,-0.0337853,m2
18692262,0.0604,0.02116,0.00453918,m2
18997850,0.0001,-0.076878,-0.0516164,m2
18996086,0.0001,0.0862533,0.0539479,m2
18997848,5.0e-05,-0.0490356,-0.0435286,m2
18938984,0.00015,-0.097561,-0.0548418,m2
18987164,0.0025,-0.00691013,0.0219873,m2
18892900,0.001,-0.0472626,-0.066857,m2
18997847,5.0e-05,-0.00444216,0.00898675,m2
18994599,0.0002,0.0585048,0.0592703,m2
18790908,0.0285,0.00548985,-0.000457249,m2
18995328,0.00015,0.0158979,0.020353,m2
18967689,0.00365,0.0350634,0.0637169,m2
18998030,5.0e-05,0.0202819,0.0275559,m2
18986367,0.0043,-0.0462579,-0.0432669,m2
2645052,1.0,0.0250113,0.00736757,m2
8204020,1.0,-0.00573826,-0.0047904,m2
18996085,0.0003,0.0183904,0.0205601,m2
14094521,0.80685,0.00340281,-0.00673421,m2
18956263,0.0029,-0.0194463,0.0121359,m2
18734711,0.01735,0.0191359,0.0610346,m2
18997845,5.0e-05,0.00971279,0.0304765,m2
18809887,0.00625,-0.00163839,0.0281419,m2
18202344,0.0534,0.0206799,0.0324693,m2
18998029,5.0e-05,-0.00452608,-0.0236535,m2
18992325,0.00045,-0.0262195,-0.00881292,m2
18996834,0.00025,0.00725278,0.0437871,m2
18985955,0.0027,0.00848201,0.0262637,m2
18997680,5.0e-05,0.0158305,-0.000644322,m2
18992151,0.0005,0.0431381,0.0401624,m2
18869884,0.04475,-0.013688,0.0165068,m2
2365977,1.0,-0.00749885,-0.0069452,m2
18996833,0.0004,0.0151993,0.0126781,m2
18995919,0.0003,0.0363093,0.0471715,m2
11859433,1.0,0.0349498,0.0143483,m2
18993459,0.0005,-0.0418186,-0.0747928,m2
18959657,0.0025,0.0107623,-0.00924993,m2
18988110,0.0011,-0.0153422,-0.0127516,m2
18853076,0.01435,-0.0125881,-0.0240816,m2
7114661,1.0,0.00636349,0.0172266,m2
18894770,0.01685,0.0222305,-0.0100647,m2
18995506,0.00015,-0.0569088,-0.0439027,m2
18831273,0.0179,-0.003712,-0.0234926,m2
18971881,0.00555,0.104497,0.130181,m2
18996460,0.0001,0.0576369,0.0361052,m2
18993095,0.00155,0.079826,0.0845191,m2
18871206,0.0049,-0.0616237,-0.0548359,m2
18994796,0.0009,0.0215975,0.0382242,m2
18997679,5.0e-05,-0.0279218,0.016952,m2
18866940,0.0055,0.070656,0.0949668,m2
18873692,0.00515,-0.0539926,-0.0822135,m2
18997159,0.00015,-0.0635867,-0.065726,m2
18988107,0.0007,-0.0320626,-0.0431783,m2
18992708,0.00025,-0.0856925,-0.0467915,m2
18435287,0.1581,0.0089464,-0.0180862,m2
18978867,0.0002,-0.0725764,-0.076489,m2
18990249,0.0001,0.019808,0.00135619,m2
18987333,0.00075,0.0362232,0.0344961,m2
18994795,0.00075,0.0193844,0.0292543,m2
18997678,5.0e-05,-0.0093562,-0.0470814,m2
18991021,0.0026,-0.0130408,0.00970468,m2
18998028,5.0e-05,0.0931542,0.117173,m2
18978667,0.0026,-0.0143571,-0.0276061,m2
18459299,0.0233,0.000953727,-0.00562403,m2
18997520,0.0001,-0.0502656,-0.0679822,m2
18899889,0.0204,0.00152325,0.0116005,m2
18997677,5.0e-05,-0.106805,-0.0696661,m2
18444205,0.06285,-0.00232075,-0.0312924,m2
18997156,5.0e-05,0.0669279,0.0943092,m2
18996999,0.0001,-0.0342359,-0.0309347,m2
18722497,0.02035,-0.0654753,-0.0857822,m2
18998026,5.0e-05,-0.0645196,-0.0569748,m2
18995502,5.0e-05,-0.0627374,-0.0700762,m2
18987156,0.00175,0.0213918,0.000526938,m2
18950413,0.00825,0.0317245,0.0398269,m2
18354511,0.02685,0.0140617,0.0183907,m2
18988503,5.0e-05,0.0544544,0.0611877,m2
18973850,0.0083,-0.00304274,-0.00482633,m2
18965753,0.005,-0.0449597,-0.0346161,m2
18995501,0.00035,-0.0760455,-0.0777912,m2
18992320,0.00065,-0.0661925,-0.0576522,m2
18957412,0.0023,0.0255213,-0.000364812,m2
18997675,5.0e-05,0.0230979,0.0532755,m2
18967112,0.00335,0.0194979,0.0124046,m2
18952960,0.0024,-0.0480407,-0.0739316,m2
18995322,0.0003,0.0114149,0.00540472,m2
18647541,0.0472,0.022273,0.0397681,m2
18949659,0.0015,-0.0337132,-0.0383593,m2
18693890,0.02975,0.000724364,0.0177716,m2
18992511,0.00075,0.0260136,0.00597088,m2
18574411,0.01735,0.05066,0.0339356,m2
18971876,0.00015,-0.00406476,0.0255031,m2
18998025,5.0e-05,0.0311769,0.00736218,m2
18835378,0.015,0.0126735,-0.0013828,m2
18886015,0.00015,0.0166966,0.00299051,m2
18952747,0.0038,0.0258643,0.0549444,m2
18825371,0.02065,0.00370909,-0.0206543,m2
18997842,5.0e-05,-0.0430775,-0.0396386,m2
18996082,5.0e-05,0.024149,0.0417136,m2
18970003,0.0024,0.0366144,0.0374942,m2
18998024,5.0e-05,0.122186,0.0996893,m2
18835744,0.03035,-0.0546337,-0.0123216,m2
18988295,0.0006,-0.0316315,-0.0376673,m2
17418470,0.0744,0.0172815,0.00487848,m2
18993663,0.001,0.0392514,0.0082704,m2
18996830,0.0002,0.0665586,0.0558743,m2
18973039,0.0015,0.00229391,-0.0088748,m2
18992703,0.0013,0.0433439,0.0490356,m2
18912958,0.0081,0.0168595,0.0340359,m2
18989078,0.0037,-0.0160878,-0.0248507,m2
18994217,0.0007,0.0133723,0.00900568,m2
18997840,5.0e-05,0.00469968,-0.0143432,m2
18997517,5.0e-05,0.0505555,0.049582,m2
18991416,0.0001,0.0310537,0.0339019,m2
18966532,0.0005,0.0121514,0.0324302,m2
18978304,0.00225,-0.00197889,-0.00288501,m2
7375546,1.0,-0.0274762,-0.0109485,m2
18894958,0.03455,0.0175571,0.0316983,m2
18767712,0.01495,-0.0339029,-0.00101075,m2
18957973,0.0122,0.00860871,0.0349325,m2
18998023,5.0e-05,-0.023765,-0.00911752,m2
18898945,0.0004,-0.0434695,-0.053939,m2
18962257,0.0051,0.010585,0.00745246,m2
18997515,5.0e-05,-0.0306324,-0.0645048,m2
18997151,0.0001,-0.00674741,-0.0329885,m2
18994593,0.00045,0.0429345,0.0458274,m2
18971871,0.0024,-0.0397667,-0.0109469,m2
18941447,0.01035,-0.0341476,-0.0274351,m2
18997514,0.0001,0.0843005,0.0703606,m2
18995500,0.00015,-0.0081353,0.0240506,m2
18925323,0.0003,0.0769347,0.0771658,m2
18997513,0.0002,-0.0619995,-0.0428919,m2
18997839,5.0e-05,-0.0164036,-0.0193186,m2
16359275,0.1404,0.00335037,-0.00569432,m2
18998022,5.0e-05,0.00937556,-0.0225081,m2
18997147,0.0001,0.0295673,0.0263199,m2
18998021,5.0e-05,0.0493683,0.0776531,m2
18991013,0.00115,0.0302828,0.0325735,m2
17406139,0.58755,0.00529591,-0.0119039,m2
3317785,1.0,0.00462294,0.0225406,m2
18508437,0.0133,-0.0123426,-0.0241391,m2
18979235,0.00155,0.00275858,0.00990314,m2
18997511,0.00015,0.032861,0.0642322,m2
18674724,0.0147,0.0210534,0.0184619,m2
18998020,5.0e-05,0.0902159,0.0946684,m2
18997671,5.0e-05,-0.0596888,-0.0530329,m2
18992138,0.0004,-0.021956,-0.0179248,m2
18965379,0.01875,-0.00602355,-0.0263928,m2
18812165,0.00125,-0.0415298,-0.0303658,m2
18967106,0.0048,-0.0458659,-0.0411366,m2
18998019,5.0e-05,0.00327251,0.0177257,m2
18997836,0.00015,-0.0357434,0.0126451,m2
18875878,0.0518,-0.0141351,0.026785,m2
18959084,0.001,-0.0578976,-0.0368639,m2
18992315,0.0008,-0.00468503,-0.022416,m2
18795992,0.0039,0.0206441,0.0617982,m2
18967485,5.0e-05,0.0958169,0.0677752,m2
18997835,5.0e-05,0.0568797,0.0567667,m2
18989663,0.00035,-0.0061704,-0.0192806,m2
18998018,5.0e-05,0.0405548,-0.0108338,m2
18991212,0.00035,-0.0793456,-0.0552785,m2
18996983,0.00025,-0.0580545,-0.0105773,m2
15777209,0.80105,-0.00856505,-0.0184203,m2
25683,1.0,0.0125161,0.00438015,m2
18995910,0.00015,0.00598798,0.0304225,m2
18964606,0.00125,-0.0428501,-0.0574454,m2
18979046,0.00045,0.0174633,-0.0143533,m2
18691459,0.04525,-0.00108432,-0.0513843,m2
18991411,0.0009,-0.0957256,-0.12902,m2
18103289,0.12895,-0.00592868,-0.0198781,m2
18997833,5.0e-05,0.00266506,0.0242058,m2
18787975,0.0504,0.00770289,-0.00948975,m2
18884098,0.015,-0.0172406,-0.0325309,m2
18996077,0.0001,-0.00566767,-0.0230369,m2
18998017,5.0e-05,-0.0114864,0.00549918,m2
16816334,0.6295,-0.018852,-0.0181272,m2
18991211,0.00065,-0.0732664,-0.0145069,m2
18998016,5.0e-05,-0.0469722,0.00735981,m2
18970985,0.0059,-0.0492139,-0.0501255,m2
18997832,5.0e-05,-0.00237131,-0.0144616,m2
18993262,5.0e-05,-0.0631679,-0.0663261,m2
18997506,0.00025,-0.0531,-0.0473427,m2
18725332,0.0707,0.00732507,0.0129026,m2
18996252,0.00075,0.0200389,-0.0242496,m2
18996821,0.0001,-0.0458511,-0.0370038,m2
18997505,0.0001,-0.0204188,0.00147652,m2
18954259,0.00865,0.0391268,0.0145929,m2
18993660,0.00035,-0.0201972,-0.0465517,m2
18858373,0.01195,0.0139869,0.036905,m2
18997666,0.00015,-0.0423882,-0.0200463,m2
14255246,0.15175,-0.0189327,-0.013924,m2
12371113,1.0,0.00635256,0.0128813,m2
14891773,0.3542,-0.014877,0.00266746,m2
18807002,0.00495,0.0368165,0.0376121,m2
18945032,0.01,0.0584949,0.048562,m2
18998015,5.0e-05,-0.0238745,-0.0296126,m2
18994209,0.00025,-0.123639,-0.0956866,m2
18986150,0.00175,-0.0613112,-0.0300382,m2
18987887,0.00215,-0.0541953,-0.0452114,m2
18997339,0.00015,-0.00303258,0.0202661,m2
18842099,0.0098,0.0160601,-0.00983243,m2
18938238,0.0035,-0.0492022,-0.0297972,m2
18997831,5.0e-05,-0.0136137,0.0111614,m2
18979041,0.00385,-0.0425287,-0.0716709,m2
18974023,0.0001,-0.1187,-0.118099,m2
18994042,0.00025,-0.00044704,0.000698023,m2
18996819,0.0002,0.0287649,0.0136536,m2
18997144,5.0e-05,-0.0678982,-0.0601575,m2
18966320,0.00485,0.060378,0.0786823,m2
18940883,0.01045,0.0277033,0.0378907,m2
18997338,0.0002,-0.142171,-0.102111,m2
1505596,1.0,-0.0305792,-0.0269344,m2
18914110,0.00995,-0.0486142,-0.0614896,m2
18990810,5.0e-05,-0.0162709,0.0318081,m2
18756436,0.0053,0.0192651,0.0018195,m2
18996446,0.0009,-0.0146139,-0.00042742,m2
18965940,0.0045,-0.00499724,-0.000143362,m2
8100662,1.0,0.00534035,0.00904263,m2
18996978,5.0e-05,-0.0115571,-0.0149261,m2
18395827,0.09585,-0.00983964,-0.0365132,m2
1831071,1.0,0.0215541,0.0130883,m2
18996248,0.00025,-0.129823,-0.124661,m2
18993258,0.00015,-0.0201698,0.0116757,m2
18246560,0.1064,-0.0170684,-0.00520528,m2
18998014,5.0e-05,0.0123157,0.0478284,m2
18994782,0.00015,-0.0878507,-0.0956307,m2
16703754,0.02075,0.0252558,0.00627517,m2
18997665,5.0e-05,0.00729095,0.0201151,m2
14450273,1.0,0.00161001,-0.00620741,m2
18995132,0.00025,-0.0537838,-0.0848671,m2
17895363,0.20175,-0.00176886,-0.0101287,m2
18966525,0.0027,-0.0124925,-0.0274316,m2
18528757,0.01515,0.0320813,0.0291167,m2
18998013,5.0e-05,-0.00832392,-0.00875001,m2
18989825,0.00375,0.000402728,0.0366367,m2
18921033,0.0038,-0.00813373,-0.0023753,m2
18994586,0.00025,0.109263,0.130002,m2
18984011,0.00185,0.0436462,0.0250762,m2
15001508,0.3376,0.00528118,-0.0301475,m2
18981211,0.00355,0.0202677,0.0112408,m2
14148855,0.0728,-0.0236877,-0.00823539,m2
18936529,0.00365,0.0250256,-0.00528713,m2
18996976,0.0001,-0.0422911,-0.0525629,m2
18918489,0.0022,-0.0380209,-0.0425942,m2
18990808,0.00065,-0.0474122,-0.0171934,m2
18994963,0.00175,0.0115879,-0.0147736,m2
16949092,0.06725,-0.00441338,0.00360162,m2
18996817,0.0002,-0.0683665,-0.0518298,m2
18933701,0.0098,-0.0539034,-0.02338,m2
18998012,5.0e-05,-0.00164478,0.0196238,m2
18958914,0.0012,0.099794,0.0463667,m2
18997828,5.0e-05,0.0423836,0.035181,m2
18979841,0.0006,0.0660732,0.0689207,m2
18997827,5.0e-05,-0.028668,-0.0525962,m2
18946591,0.0131,0.0460726,0.0274215,m2
18750826,0.0014,0.00291868,0.0357024,m2
18634423,0.00265,0.0129836,0.0499693,m2
18996624,0.00015,-0.00845317,-0.0021119,m2
18924191,0.01465,0.040428,0.02477,m2
18997662,0.0001,-0.0230891,-0.029487,m2
16222002,0.04815,0.0277692,0.00543631,m2
18991007,0.001,0.0780111,0.103651,m2
6779818,1.0,0.00740278,-5.09008e-05,m2
18920424,0.00595,0.0502827,0.0240871,m2
18994039,0.00195,0.0592524,0.0207226,m2
18825722,0.0206,-0.0216018,-0.0202244,m2
18990611,0.00125,0.00708345,-0.00750474,m2
18996068,0.0004,-0.120281,-0.0834168,m2
18996816,0.0001,0.0456361,0.0486006,m2
18997826,0.0001,0.0302227,-0.0124296,m2
18793337,0.0347,0.00537405,0.0285362,m2
18612219,0.0141,0.032076,0.0546877,m2
18997661,5.0e-05,0.0428758,0.0394366,m2
18996974,5.0e-05,-0.0365653,-0.0126738,m2
18998011,5.0e-05,0.0352054,0.0451445,m2
18995307,0.0011,-0.0351393,-0.0218768,m2
18991405,0.0005,-0.0521582,-0.0802595,m2
18996973,0.00025,-0.0408801,-0.0530721,m2
17635952,0.133,-0.0145559,-0.0137781,m2
18997824,0.0001,0.0347377,0.0250925,m2
18975698,0.00835,-0.0690386,-0.0585949,m2
18997659,0.0001,-0.0717658,-0.0647638,m2
18996621,0.0007,-0.0173385,-0.00576773,m2
13870930,0.05465,0.070742,0.0367163,m2
18984784,0.00145,0.023907,0.0363735,m2
18938424,0.00165,0.0280604,0.0454376,m2
18996972,0.00045,-0.0609429,-0.0522167,m2
18950013,0.0004,0.0316453,0.032074,m2
647588,1.0,0.0194078,-0.00338887,m2
18992888,5.0e-05,-0.0689034,-0.10096,m2
18987702,0.00095,0.0227556,8.14039e-05,m2
18643836,0.0007,0.0270881,0.0290152,m2
13727732,1.0,-0.00625541,0.00569861,m2
15960085,0.12525,0.0222609,0.0294273,m2
18948102,0.0047,-0.022683,-0.0333752,m2
18952141,0.00365,0.0373914,0.0720752,m2
18994201,0.0001,-0.0288528,-0.049991,m2
18916800,0.004,0.0341389,0.0453644,m2
18996620,0.00035,0.00458867,-0.0127673,m2
18947143,0.003,-0.0191099,-0.043911,m2
18966316,0.00465,-0.0012838,0.00504876,m2
18996971,0.0001,-0.0133528,-0.0302877,m2
18998010,5.0e-05,-0.00873866,-0.0388833,m2
18996618,0.0004,-0.0234751,-0.0436183,m2
18940325,0.0189,0.0192396,0.0584452,m2
4752234,1.0,0.00897312,0.0163877,m2
18943346,0.0042,-0.0345181,-0.00558255,m2
18967857,0.01475,0.0158193,0.0199484,m2
17583648,0.5567,-0.0259246,0.00305521,m2
18997139,0.0001,-0.0532732,-0.0614743,m2
18991563,0.00405,0.0228306,-0.0111351,m2
17209063,0.72655,-0.0106261,-0.0420879,m2
18996616,5.0e-05,0.0219733,-0.00171868,m2
18989064,0.001,-0.0921141,-0.110201,m2
18993075,0.00095,0.021587,0.028206,m2
18994379,0.00065,-0.0285575,-0.058439,m2
18995708,0.00105,0.00448109,0.0055304,m2
18988873,0.0008,-0.000638106,0.0122306,m2
18969986,0.0018,0.00564945,0.028688,m2
18384963,0.181,-0.00866268,0.00968741,m2
18998009,5.0e-05,0.0169387,0.0415205,m2
18996064,0.00085,-0.00311347,-0.0107846,m2
18992126,0.00045,0.00742176,0.0239216,m2
18995302,0.0005,0.0337969,0.0413643,m2
18991399,0.00165,0.0187095,-0.00658506,m2
18998008,5.0e-05,-0.0233445,0.0109196,m2
18989459,0.00065,0.0125073,0.0191438,m2
18317210,0.03555,-0.00940144,0.0062905,m2
18997497,0.0001,0.104033,0.0847993,m2
18969166,0.0026,-0.00710571,0.00809857,m2
18998007,5.0e-05,0.0414928,0.0206719,m2
18991934,0.00035,-0.0120425,0.0362983,m2
18974762,0.00325,-0.0585912,-0.0692171,m2
18997657,0.0001,-0.000223568,0.0154679,m2
18628682,0.005,0.0297764,-0.0121122,m2
18960560,0.00335,0.0201665,-0.00413276,m2
18917722,0.00025,-0.0529223,-0.0282299,m2
18995300,0.00025,0.07144,0.0760101,m2
18987142,0.00105,0.0569099,0.0520908,m2
18909561,0.00415,0.00597227,0.000331728,m2
17836060,0.00815,0.00566862,-0.0218914,m2
9188834,1.0,-0.00402912,0.011045,m2
18898191,0.0008,-0.0891968,-0.0711391,m2
18996435,5.0e-05,-0.00897459,0.00834827,m2
4193830,0.68695,0.000914739,-0.00734858,m2
18970392,0.00155,-0.00216314,0.00254809,m2
18997822,5.0e-05,0.0003132,-0.0110701,m2
18933886,0.0201,0.0103844,0.00333215,m2
18825549,0.0323,0.0321661,0.0358826,m2
18940705,0.0045,-0.014815,0.0170206,m2
18996060,0.00025,0.0778613,0.0606689,m2
18810864,0.06745,0.00671034,-0.0241693,m2
18996059,0.0001,-0.0211596,-0.0138264,m2
18997331,0.00015,-0.0576756,-0.0719998,m2
18916796,0.0129,0.00325564,-0.0140147,m2
18994957,0.0007,-0.0384342,-0.0284247,m2
18746403,0.0546,0.0455428,0.00906666,m2
18997495,5.0e-05,0.0364874,0.0487459,m2
18996058,0.0005,0.00552399,-0.0177492,m2
18954061,0.00165,-0.0161162,-0.00942317,m2
18997821,5.0e-05,0.000743153,0.0263877,m2
9649774,1.0,0.00261717,0.0165544,m2
18990997,0.0003,0.0130718,0.0546254,m2
18968057,0.00315,-0.0607147,-0.0756444,m2
18997656,0.00025,0.0181265,0.0293859,m2
18785852,0.00655,-0.00631811,0.000459848,m2
18936716,0.00085,0.0460083,0.0224417,m2
18880213,0.00745,-0.0167571,-0.0444082,m2
18576898,0.0326,-0.0061063,-0.00561105,m2
18986742,0.0013,0.0108527,0.0215805,m2
16592478,0.1354,-0.00990424,-0.0111499,m2
18809682,0.02585,0.0360429,0.0487271,m2
18904543,0.0049,-0.000802107,-0.00421461,m2
6425145,1.0,-0.0165944,-0.00101309,m2
18998006,5.0e-05,0.00536279,0.00428556,m2
18994373,0.00035,-0.0510019,-0.0274729,m2
18995125,0.00045,0.0674276,0.0884036,m2
18883906,0.024,0.0122697,-0.0136159,m2
18951733,0.0027,0.000288525,-0.00893844,m2
18417085,0.01175,0.00257918,0.0198461,m2
18987307,0.00135,0.0057737,0.0167182,m2
18963818,0.0025,0.03209,0.0179297,m2
18993436,0.00145,0.0472517,0.0600622,m2
18984590,0.0013,-0.0447838,-0.00982283,m2
18961463,0.00405,-0.0693688,-0.0310128,m2
18981564,0.0002,-0.0288438,-0.0362987,m2
18988486,0.00625,0.0162112,-0.00220063,m2
18994955,0.0002,0.113596,0.074627,m2
18550315,0.11995,-0.0121336,-0.0215061,m2
18994954,0.0004,0.0498538,0.0125062,m2
18996614,5.0e-05,0.0198294,-0.031234,m2
18655498,0.0012,0.0212758,-0.00886487,m2
18998005,5.0e-05,-0.022552,-0.0196378,m2
18967290,0.00335,0.124632,0.102411,m2
18838879,0.00845,0.00781136,-0.00836412,m2
18984964,0.00425,-0.0274286,-0.0444494,m2
18868069,0.0045,0.000235339,-0.00737093,m2
18993068,0.0008,-0.0212647,-0.0279403,m2
18997493,0.00025,-0.030741,0.013452,m2
18928954,0.01195,-0.0275189,-0.0114441,m2
18942201,0.00205,0.0323632,-0.00904069,m2
5470517,1.0,-0.0142392,-0.00585783,m2
18982159,0.0014,0.0350835,0.0216643,m2
18996964,0.00025,-0.00898298,0.0108442,m2
18995296,0.0001,-0.0628115,-0.0552275,m2
18989056,0.00055,-0.0381457,-0.0192518,m2
18991392,0.0004,0.0243339,0.0239881,m2
1913463,1.0,-0.0227966,-0.0109348,m2
18998004,5.0e-05,-0.0501672,-0.0355321,m2
18434194,0.0518,-0.0130099,-0.0125551,m2
18981963,0.0041,-0.0450996,-0.0700296,m2
18981563,0.00235,-0.0881225,-0.073874,m2
18656287,0.0453,-0.00492673,0.00025198,m2
18997819,0.0001,0.0288413,-0.000935965,m2
18474931,0.01625,0.0236621,0.00497064,m2
18990408,0.002,0.0120223,0.0169123,m2
18978838,0.00045,0.062495,0.0369381,m2
6023729,0.14695,0.000449997,0.00470293,m2
18997133,0.0003,0.0214892,0.0275199,m2
18849712,0.01705,0.0195704,-0.00419696,m2
18997818,0.0001,-0.0299689,0.00156341,m2
18989647,0.0001,-0.0208532,-0.000550007,m2
18992486,0.002,-0.0276656,0.0214531,m2
18998003,5.0e-05,0.0437907,0.0484058,m2
18996812,0.0004,-0.0702368,-0.0744957,m2
18819377,0.037,0.00934536,0.07024,m2
18436580,0.09505,-0.0363141,-0.0561552,m2
18966304,0.0003,-0.0153595,-0.001624,m2
18994193,0.00025,0.0180817,0.0347149,m2
18478990,0.00135,-0.0165924,-0.0339526,m2
5241382,0.50765,0.0139005,-0.00909442,m2
18997326,5.0e-05,0.0166353,0.0140141,m2
18998002,5.0e-05,-0.0773966,-0.0394229,m2
18965554,0.00265,0.0438755,0.0353511,m2
18997325,5.0e-05,0.0502363,0.0303391,m2
18990792,0.00045,-0.073938,-0.0636012,m2
18735407,0.0198,0.00903446,0.0103857,m2
18995122,5.0e-05,-0.0137269,-0.0325262,m2
18986738,0.0036,-0.0415328,-0.0456208,m2
8060749,1.0,-0.0222446,0.000840188,m2
18997816,5.0e-05,-0.0246275,-0.0336381,m2
4481664,1.0,0.00730095,-0.00902157,m2
18993433,0.0003,0.00989991,0.0133252,m2
18846095,0.0289,-0.051652,-0.0241733,m2
18991191,0.00065,0.0169553,0.0363432,m2
15317417,0.29685,0.0129664,0.0369706,m2
18965917,0.0055,-0.0321845,0.0038203,m2
18997490,0.0002,-0.0307568,-0.0301411,m2
18982716,0.0001,0.166872,0.153485,m2
18804063,0.0319,0.0237154,0.0239316,m2
18998001,5.0e-05,-0.0811319,-0.0886919,m2
18980192,0.00375,-0.0376031,0.0190795,m2
18995891,0.00015,0.00140865,-0.0285221,m2
18996809,0.0002,-0.0916328,-0.0949118,m2
18950951,0.0161,0.0162641,-0.0224334,m2
18992877,0.0001,0.0251597,0.00987509,m2
10952261,1.0,0.0242144,-0.0236642,m2
18982714,0.0022,-0.0329924,-0.00272641,m2
18278350,0.03435,0.0174689,-0.0226372,m2
18978835,0.00265,0.0955595,0.0938037,m2
18969338,0.00575,-0.0303278,-0.047794,m2
18770736,0.0536,-0.00654045,-0.00199966,m2
18997489,0.00015,-0.028588,-0.031367,m2
18964177,0.00385,-0.11825,-0.101679,m2
5890382,1.0,-0.0032169,-0.010958,m2
18998000,5.0e-05,0.0682629,0.0586666,m2
17658099,0.04305,-0.0159582,-0.0165778,m2
18993245,0.00025,0.0282203,0.0529825,m2
14081906,0.5732,0.00737463,-0.024394,m2
18988481,0.00105,-0.0435275,0.000873564,m2
18773448,0.0085,0.0139914,0.0564949,m2
18883312,0.1191,-0.0217301,-0.028097,m2
18986924,0.0007,0.0682183,0.0633787,m2
12989335,0.8804,0.0117882,0.0198696,m2
18992484,0.00155,0.0844781,0.126683,m2
18997488,5.0e-05,0.0357658,-0.00314319,m2
18875122,0.0074,-0.044906,-0.0360726,m2
18631217,0.02205,0.0101122,-0.0535039,m2
18994192,0.00015,-0.0128143,0.0058418,m2
18997651,0.0002,-0.0113828,-0.0153922,m2
18997128,0.0001,0.0447331,0.0446336,m2
18991761,0.0005,-0.00980587,0.0167697,m2
18995889,0.0001,0.0924735,0.0612638,m2
18997323,0.0002,-0.0105288,0.00623612,m2
18967848,0.00105,0.0386438,0.0330332,m2
18996958,0.0002,-0.0642517,-0.0959605,m2
18972048,0.00175,0.0164679,0.0124317,m2
18995288,0.00155,0.0549368,0.032794,m2
18795800,0.0064,-0.0146627,-0.00196346,m2
18601745,0.04435,0.0203144,-0.00177198,m2
14003330,0.09765,-0.00446389,0.00251011,m2
18486881,0.00125,0.0252184,0.0513044,m2
18997126,0.0001,0.0256046,0.00782051,m2
18995887,0.00025,0.00329083,-0.0257367,m2
18773035,0.00455,-0.0250024,-0.018977,m2
18966127,0.00195,-3.00693e-05,-0.0136372,m2
18996957,0.0002,-0.0450201,-0.0234578,m2
18635400,0.053,0.00117839,0.00595502,m2
18985354,0.00175,-0.0641673,-0.0400321,m2
5379836,1.0,-0.0192473,6.12761e-05,m2
18997125,5.0e-05,-0.0345708,-0.00690671,m2
18738548,0.00325,-0.0224682,-0.0538795,m2
18996430,0.0003,-0.0244908,0.000673988,m2
18983794,0.0034,0.0022204,-0.0243201,m2
18997814,5.0e-05,0.0518156,0.0398514,m2
18995470,0.0006,-0.0691919,0.00963898,m2
18957578,0.0051,-0.000823547,-0.0596205,m2
18996429,0.0003,-0.0268187,-0.00948418,m2
13603502,0.16175,-0.014557,0.00853827,m2
18997487,0.0001,-0.0871902,-0.119308,m2
18995884,0.00115,-0.0405294,-0.0275193,m2
18996050,0.0002,-0.0118344,0.0212589,m2
18997999,5.0e-05,0.0183255,0.039268,m2
16036163,0.69255,0.000883351,-0.017248,m2
18997320,0.0001,0.118421,0.0893995,m2
18997649,0.0001,-0.029243,-0.0319158,m2
18958541,0.00415,-0.0661801,-0.0685936,m2
18997813,0.0001,0.0413779,0.0255077,m2
18995284,0.0004,-0.00345727,-0.0192986,m2
18993641,0.0001,-0.125112,-0.133433,m2
18996226,0.00125,-0.0149159,-0.0191324,m2
18995467,0.0002,0.047088,0.0487986,m2
18995698,0.00015,0.0811587,0.110216,m2
18954442,0.01125,-0.0454587,-0.0379491,m2
18994183,0.0003,-0.0116356,-0.0219118,m2
17198820,0.66895,0.00519311,0.0200146,m2
18247973,0.0728,0.00654414,0.0237358,m2
18997812,0.0001,-0.0275669,-0.0428118,m2
18997811,5.0e-05,0.00817258,0.00482601,m2
18997810,0.00015,0.140868,0.140958,m2
3092207,1.0,-0.0306591,-0.0319154,m2
18997317,0.00015,-0.0118734,-0.0391055,m2
18992104,0.00015,0.0127514,-0.000667697,m2
18994938,5.0e-05,-0.0016958,-0.0191649,m2
18994759,0.0004,-0.0186387,-0.0152528,m2
18786622,0.02605,-0.0144958,0.0114455,m2
18994359,0.00025,-0.0162408,-0.0649413,m2
18987676,0.00145,0.022049,-0.0159907,m2
18997998,5.0e-05,-0.0261157,-0.0190014,m2
2082311,1.0,0.00179646,0.00131625,m2
18884078,0.01185,0.0393814,0.0249242,m2
18996422,0.00015,-0.0149024,0.000864888,m2
18870039,0.0106,0.0503017,0.0512596,m2
18991383,0.0015,-0.00406927,0.0068845,m2
18798841,0.0069,-0.0309758,-0.00653091,m2
18997808,5.0e-05,0.0281348,0.0358993,m2
18997807,5.0e-05,0.0164819,0.0242689,m2
18997481,0.00015,0.0445701,0.0420376,m2
18831444,0.01125,0.0236444,-0.0207066,m2
18997316,0.00055,-0.0485563,-0.0767348,m2
18939907,0.00465,-0.0447325,-0.0254337,m2
18968217,0.001,-0.0702406,-0.0458846,m2
18711363,0.0259,0.053233,0.0439869,m2
18955616,0.0022,0.0888,0.0824644,m2
18338438,0.01375,0.050996,0.0237102,m2
18997315,5.0e-05,0.022098,0.0136834,m2
18973996,0.00365,-0.0390906,-0.0117248,m2
18970967,0.00735,0.04983,0.0194899,m2
18997647,0.00015,0.0818327,0.063707,m2
18996044,0.00015,-0.0443013,-0.0396322,m2
18908020,0.0057,0.031496,0.0308411,m2
18914440,0.0013,0.0676076,0.0620802,m2
18975305,0.00675,-0.0267715,-0.0535047,m2
18046963,0.05465,0.00795562,0.0102045,m2
18970572,0.01595,0.0362333,0.0206252,m2
18982329,0.006,0.0598896,0.0477048,m2
17569200,0.09525,0.0228663,0.00104951,m2
18934278,0.0004,-0.0530811,-0.0219878,m2
18916782,0.00715,0.0342819,-0.00947987,m2
18788346,0.0125,-0.0267069,-0.0171374,m2
18997997,5.0e-05,-0.0322004,-0.0189325,m2
18966886,0.0096,0.0691179,0.0313093,m2
18830075,0.00255,-0.0306349,-0.0461566,m2
18974547,0.00405,-0.0385197,-0.034956,m2
18997313,0.00015,-0.0778177,-0.0637046,m2
18995879,0.00035,0.0163299,0.0220555,m2
18991753,0.00115,-0.0166445,0.00740799,m2
18997646,5.0e-05,0.0944254,0.0876868,m2
18990013,0.0009,0.00406503,0.00413892,m2
18997996,5.0e-05,-0.0766536,-0.0860783,m2
18997806,5.0e-05,0.0241001,0.031876,m2
17509262,0.28415,-0.0211159,-0.00608495,m2
18994934,0.00095,0.00127101,0.0167838,m2
18857017,0.0492,-0.00861446,0.00498372,m2
18997805,5.0e-05,-0.00839526,-0.0142346,m2
18991379,0.00125,0.02312,0.00935502,m2
18954043,0.00405,0.0523457,0.0838739,m2
18631619,0.00235,-0.00795236,-0.0129806,m2
18959055,0.00715,-0.0421503,-0.0450909,m2
18997645,0.0001,0.0226314,-0.00068171,m2
18993061,0.0011,0.0465844,0.0311752,m2
18997804,5.0e-05,0.0257968,0.0454571,m2
18997643,0.0001,0.0631768,0.0649258,m2
18995692,0.0003,-0.0586735,-0.0289297,m2
2608819,1.0,0.00592386,-0.0251534,m2
18964781,0.00255,-0.00285186,-0.00746092,m2
18997995,5.0e-05,-0.0558534,-0.0346679,m2
18963403,0.00415,-0.0397299,-0.0179591,m2
18987670,0.001,0.00411112,0.0148952,m2
18443950,0.05215,-0.0411654,-0.0234128,m2
18979018,0.00515,-0.0371157,-0.0361613,m2
18974169,0.002,-0.0152407,-0.034003,m2
18989036,0.00055,-0.107986,-0.109029,m2
18972649,0.0054,-0.0272964,-0.00980592,m2
18994356,0.0002,-0.00637903,-0.0180396,m2
18778155,0.04935,-0.0168051,-0.0378027,m2
18997994,5.0e-05,0.0629972,0.0498834,m2
18990214,0.0008,-0.0810942,-0.0996293,m2
18888994,0.0079,-0.0877277,-0.0378407,m2
18997310,0.00025,-0.0612809,-0.0490721,m2
18997993,5.0e-05,0.0270647,0.0292969,m2
18995461,0.0001,0.0314254,-0.00449733,m2
18970380,0.00405,0.0817788,0.0850831,m2
18992473,0.00035,0.0892015,0.07466,m2
18992280,0.0001,-0.0108678,0.00384063,m2
18967272,0.00465,0.00299987,0.0161295,m2
18997117,0.00015,0.00441707,-0.0119141,m2
18997640,5.0e-05,0.0106118,0.0300187,m2
18920806,0.0185,0.0190857,0.0258768,m2
18997639,0.00015,0.0360929,0.0104035,m2
18027034,0.03445,0.0134581,0.00176729,m2
17946025,0.0149,0.0345964,0.0130635,m2
18818224,0.00025,0.0592722,0.0662564,m2
18910829,0.0108,-0.00609518,0.0409959,m2
18557415,0.02455,0.0506813,0.050933,m2
18997475,5.0e-05,0.101328,0.103215,m2
18969551,0.00025,-0.0149781,-0.0496267,m2
15381997,0.8364,0.0111366,0.0125995,m2
18997992,5.0e-05,0.0711102,0.0958641,m2
18990394,0.00075,-0.0411474,-0.0342427,m2
17356351,0.4034,-0.0250929,-0.0213808,m2
17979557,0.03335,0.0239213,0.0347289,m2
18989792,0.0022,0.044196,0.0803249,m2
18971661,0.00145,0.0493097,0.0630605,m2
18953854,0.00185,0.00936696,-0.0171701,m2
18805196,0.08515,0.0144662,0.0371426,m2
18951335,0.01235,0.0275975,-0.0225371,m2
18805995,0.04675,0.010562,-0.0196402,m2
18961077,0.00655,0.0112353,0.0167552,m2
18953130,0.00325,0.00673419,-0.0260349,m2
18854031,0.0081,0.020652,0.0324892,m2
18340662,0.0346,0.0608345,0.051253,m2
18964775,0.00035,-0.037781,-0.0850678,m2
18956799,0.0103,0.0974889,0.0763371,m2
18923796,0.0023,0.0340298,0.0045333,m2
18997115,0.00025,-0.0929709,-0.0721939,m2
18990211,0.00185,0.0287501,-0.0117028,m2
18997474,0.00025,0.040427,0.00121558,m2
18997638,0.00015,0.0188789,0.00479322,m2
18996600,0.0001,-0.1218,-0.138103,m2
16039767,0.73345,0.0226167,0.0141588,m2
18871928,0.0338,-0.0121425,-0.077876,m2
18921764,0.0098,0.00497301,-0.0151558,m2
18832779,0.0101,-0.0186849,-0.0382678,m2
18997637,0.0001,-0.0540609,-0.0764334,m2
18997991,5.0e-05,-0.055773,-0.0640142,m2
11451482,0.45805,-0.00305321,0.0076791,m2
18984366,0.0019,0.0178598,0.0412024,m2
15833282,0.08805,0.0104243,0.00392831,m2
18997113,0.00045,-0.00112812,-0.00608837,m2
18956797,0.0019,-0.0477055,-0.0537055,m2
18992669,0.00065,-0.0418978,-0.00743052,m2
18534846,0.05785,-0.0186445,0.0284673,m2
18644745,0.0492,0.022425,-0.00916629,m2
18931939,0.0164,-0.023523,0.00717157,m2
18891795,0.0123,-0.0216692,-0.0265325,m2
18997990,5.0e-05,0.0138647,-0.0145143,m2
18996945,0.00015,0.0356345,0.0162396,m2
18994747,0.0008,-0.0455698,-0.0517969,m2
18593444,0.054,-0.0340228,-0.0111812,m2
18996944,0.00015,-0.0370068,-0.0414856,m2
13658226,0.92965,-0.0202072,-0.00487406,m2
18943143,0.00125,-0.0525744,-0.0509067,m2
18259330,0.0024,0.0544191,0.0390569,m2
18449770,0.0193,0.00173927,-0.0291258,m2
18989630,0.00125,-0.0275769,-0.0174039,m2
14561206,0.83895,0.0171641,-0.000540207,m2
18997305,0.0001,-0.0228423,-0.0116033,m2
18997472,0.00015,0.0271073,0.00461678,m2
18977684,0.0012,0.0111107,0.00451807,m2
18995266,0.00075,-0.0640402,-0.0804866,m2
18997800,5.0e-05,-0.0367911,-0.0290093,m2
18907085,0.0032,0.00688753,-0.0225127,m2
18988463,0.0002,0.0407832,0.020987,m2
18976603,0.00025,-0.0291897,-0.0323957,m2
18996038,0.00055,0.0531494,0.030935,m2
18902613,0.0035,0.00699758,-0.00529248,m2
18997989,5.0e-05,0.0561484,0.0577559,m2
18997799,5.0e-05,-0.0197739,-0.0245182,m2
18977884,0.00785,-0.0267945,-0.000509937,m2
13867911,0.9909,-0.00340636,-0.0270816,m2
18956986,0.0006,-0.0485899,-0.0659229,m2
18997988,5.0e-05,0.0102002,-0.0485916,m2
18995263,0.0012,-0.021086,-0.020368,m2
16349168,0.75035,-0.00305516,0.0101575,m2
18941763,0.00295,-0.0159901,-0.0198399,m2
18997302,5.0e-05,-0.0493843,-0.0841667,m2
18997797,0.0001,-0.0162578,-0.070857,m2
18761917,0.01355,0.0410807,0.0646786,m2
18996595,0.0003,0.0419333,0.025624,m2
12990624,1.0,-0.0208416,-0.0171395,m2
18993051,0.00055,-0.0492013,-0.0229894,m2
18642101,0.03565,-0.00185482,-0.0476578,m2
18997796,5.0e-05,-0.100902,-0.117505,m2
18633654,0.03655,-0.0115296,-0.0166976,m2
18993232,0.0002,-0.0702986,-0.0514602,m2
18994353,0.0004,0.0148552,0.013375,m2
18997469,5.0e-05,-0.0716113,-0.0753094,m2
17680771,0.16785,-0.0248576,-0.00335175,m2
18736293,0.06025,-0.0401957,-0.0127189,m2
18874255,0.0205,0.0225127,-0.0189252,m2
18997795,0.0001,-0.0342921,-0.0201173,m2
18997987,5.0e-05,-0.0319939,-0.0223555,m2
7477205,1.0,-0.00683306,0.00861869,m2
18593645,0.0196,0.0194613,0.0273713,m2
18996415,0.00025,0.0802947,0.0420677,m2
18935727,0.0049,0.0897763,0.0575175,m2
18997986,5.0e-05,-0.00438256,0.0282494,m2
17778862,0.03125,0.0164989,0.00888903,m2
18994743,0.00165,0.0151275,0.0226419,m2
18996414,0.00015,-0.0236701,-0.0266771,m2
18925274,0.02045,-0.0885583,-0.0463099,m2
18882928,0.00275,-0.0376233,-0.0440856,m2
18653209,0.0102,0.0269481,0.0150925,m2
18984940,0.00245,0.00124072,0.019157,m2
18978435,0.00195,0.0287927,0.0647759,m2
18996594,0.0003,0.0607226,0.0519729,m2
18938392,0.00425,-0.0430384,-0.0319388,m2
18997633,0.00025,0.00168672,0.0203761,m2
18871357,0.00885,0.00301817,0.00586148,m2
18996787,0.0001,-0.0153239,-0.0531126,m2
18993048,0.0004,-0.0155237,-0.0056998,m2
18986904,0.00145,0.0479066,0.0497415,m2
18953471,0.01565,-0.0385735,-0.0571833,m2
18983407,0.00315,0.0875736,0.077921,m2
17804608,0.1986,0.0192759,0.00870147,m2
12274269,1.0,0.0117903,0.00774112,m2
18712682,0.0158,-0.0408055,-0.0642839,m2
18945554,0.00425,-0.00392256,-0.00673505,m2
4399359,1.0,0.0239247,-0.0123712,m2
18997985,5.0e-05,-0.105348,-0.0771868,m2
18994009,0.0006,0.00821374,-0.0358622,m2
18823580,0.0008,0.0292663,0.000202492,m2
18771675,0.01235,0.0178971,0.04201,m2
18996410,5.0e-05,-0.0533967,-0.0758627,m2
18994169,0.00045,-0.00730151,-0.0146581,m2
16719507,0.23345,0.0147493,-0.0106956,m2
18915616,0.0302,-0.0641566,-0.0136891,m2
18993628,0.00025,-0.0443542,-0.0133338,m2
18997466,0.0001,-0.0114479,-0.035872,m2
18972810,0.0025,0.0039418,-0.0178222,m2
18996211,0.00015,-0.0166831,0.0214956,m2
18995862,0.0001,-0.0750892,-0.114316,m2
18920002,0.0127,-0.0121342,-0.010986,m2
14979218,1.0,-0.0243063,-0.0153908,m2
18997793,5.0e-05,-0.0050359,-0.00169401,m2
18996785,0.00055,0.0321978,0.0413319,m2
18705061,0.079,0.00290751,0.000334638,m2
18661448,0.0386,-0.0282138,-0.0168612,m2
18966876,0.00345,-0.00051254,-0.0296771,m2
18996210,0.0002,0.0188247,0.0414764,m2
18996209,0.00035,-0.0389914,-0.0346925,m2
18789326,0.00905,0.0177933,0.0319763,m2
18994737,0.0006,-0.0500219,-0.0486043,m2
18993046,0.0002,-0.0539435,-0.0169262,m2
18982314,0.0066,-0.0443773,-0.0245923,m2
18969797,0.00195,0.047528,0.0317494,m2
10772546,1.0,0.00162382,0.0322592,m2
18981934,0.00245,-0.00607837,-0.00600165,m2
18995257,0.00015,-0.0432861,-0.0683815,m2
18994007,0.0002,-0.0272147,-0.0392765,m2
18957367,0.0052,0.0335498,0.0171515,m2
18994554,0.00185,0.00217645,-0.013255,m2
18997105,0.0002,0.0775693,0.090065,m2
18990206,0.0007,0.0124864,0.0403673,m2
18994165,0.00015,0.08508,0.0446031,m2
18997984,5.0e-05,0.0525808,0.080608,m2
18997792,5.0e-05,-0.0580439,-0.0737936,m2
18996784,5.0e-05,0.0201411,0.0570617,m2
18974934,0.00245,0.0340506,0.0669006,m2
18978425,0.0012,0.033656,0.050962,m2
18884616,0.00235,0.0381413,0.0415717,m2
18989214,0.0006,0.00693608,0.00878194,m2
18989023,0.00185,-0.020659,-0.00198704,m2
18997631,5.0e-05,-0.00175739,-0.0207507,m2
18997982,5.0e-05,-0.0330323,-0.0577273,m2
18993044,0.0001,0.0629616,0.080007,m2
17994832,0.079,0.0254494,0.0125819,m2
18990005,0.00015,0.0227387,0.0619093,m2
18976949,0.0087,0.0147636,-0.0100571,m2
18989021,0.0041,-0.0400656,-0.0408458,m2
17821778,0.0054,0.0220677,-0.0124508,m2
18949798,0.0001,-0.0435114,-0.020682,m2
18997103,0.00015,0.00577007,0.0047711,m2
18996590,0.0001,-0.0213842,0.00225688,m2
16269987,0.3369,0.0031046,0.0136119,m2
18996027,0.0005,0.0118139,0.00588416,m2
18945359,0.00105,-0.0362597,-0.0289954,m2
18997464,0.0001,-0.0891043,-0.0434662,m2
17658812,0.10925,-0.00201017,-0.0036814,m2
18953266,0.00845,-0.025897,-0.0171053,m2
11583369,1.0,-0.023888,-0.00488198,m2
18990381,0.0009,-0.0345028,-0.0649301,m2
18997981,5.0e-05,0.081385,0.0393919,m2
18984566,0.0014,-0.0548691,-0.0409534,m2
18997980,5.0e-05,0.0300273,0.0307998,m2
18812501,0.0338,-0.00536749,0.00821112,m2
18897242,0.02725,0.0287969,0.00978206,m2
18897053,0.0122,-0.0277739,-0.042634,m2
18969791,0.0031,0.0346027,-0.00470966,m2
18997297,0.00025,-0.0828131,-0.0596826,m2
18941755,0.0015,0.00345167,0.000355435,m2
17112024,0.64035,0.0160243,0.0243627,m2
18983069,0.00235,0.0277515,0.011496,m2
18986104,0.00035,0.0558149,0.0532599,m2
18910086,0.0131,0.0454624,0.0406757,m2
18990968,0.0003,0.00548603,0.00195391,m2
18992092,0.0003,-0.116063,-0.148537,m2
18989782,0.0047,-0.0147494,0.00661773,m2
18997296,5.0e-05,0.0811681,0.109263,m2
18567770,0.00375,-0.0474331,-0.0274695,m2
18782029,0.0289,0.0310764,0.0391884,m2
18995447,0.0003,0.00264416,-0.0359995,m2
18975664,0.00085,0.0111919,-0.0150707,m2
18997979,5.0e-05,0.0735937,0.0570738,m2
18991366,0.00695,-0.0148651,-0.0217224,m2
18997295,0.0003,-0.0370747,-0.0258767,m2
18997978,5.0e-05,-0.0706689,-0.0593722,m2
18290252,0.05245,-0.0328315,-0.0131716,m2
17074406,0.34655,0.0381749,0.0181321,m2
18930336,0.0034,-0.00475076,-0.0316461,m2
18977139,0.0042,0.00951748,0.00545968,m2
18963971,0.0016,0.016091,0.0264318,m2
18974930,0.00735,0.0823343,0.0967379,m2
16574318,0.0445,0.0228963,0.0108424,m2
18562170,0.0264,-0.0421606,-0.00749803,m2
18981925,0.0001,0.0454465,0.063058,m2
6398340,1.0,-0.0099755,0.00921411,m2
18968769,0.00845,0.0419732,0.0314776,m2
18965697,0.0003,0.0501603,0.0256333,m2
18996205,0.00035,-0.0564334,-0.074556,m2
18972413,0.00025,0.0287198,0.0355197,m2
18996782,0.0001,-0.0228764,-0.0210379,m2
18983067,0.0002,-0.021239,-0.0302184,m2
18996934,0.00035,0.107017,0.100624,m2
16940918,0.10205,0.00289064,-0.00120078,m2
18997294,0.00015,0.00849203,0.00312407,m2
18997788,5.0e-05,0.0448962,0.0314005,m2
18969313,5.0e-05,-0.0055215,0.0329552,m2
12384010,0.14355,-0.0278363,-0.0107265,m2
18990966,0.00075,-0.0120334,-0.00334701,m2
18992456,0.00065,-0.047683,-0.0590493,m2
18996933,0.0002,-0.0440906,-0.0516653,m2
18967635,0.00745,-0.0454301,-0.0661417,m2
18975662,0.0053,0.0200088,0.0394142,m2
18983967,0.0012,-0.0166401,-0.0440133,m2
18990965,0.00295,-0.0134681,-0.00346567,m2
18884049,0.01055,-0.0654326,-0.0391505,m2
18981923,0.0011,0.0608986,0.0703804,m2
17246194,0.0225,-0.0121105,0.00210904,m2
18421224,0.0245,0.00749534,0.0152751,m2
485805,1.0,0.0288907,-0.00489628,m2
18087437,0.10585,0.0015271,-0.00431776,m2
18997977,5.0e-05,0.0194335,0.0142374,m2
18997976,5.0e-05,-0.0107554,-0.0398542,m2
18889360,5.0e-05,0.0257693,0.00712416,m2
18996588,0.0003,0.00382879,0.0412727,m2
18509912,0.14535,-0.0142894,0.00717064,m2
17140518,0.164,-0.0184816,-0.00767221,m2
18829330,0.0204,-0.0200263,-0.011586,m2
18997786,5.0e-05,-0.0560843,-0.0751379,m2
18997627,0.0001,0.0424492,0.0341702,m2
18994729,0.00025,-0.0669765,-0.0512947,m2
18798614,0.0172,-0.00261898,-0.00301396,m2
18913670,0.0119,-0.0310729,-0.0428758,m2
18997459,5.0e-05,-0.0073832,-0.0176486,m2
18115639,0.01215,0.0141262,0.00837539,m2
18938538,0.01035,0.026434,0.0457346,m2
18996932,0.00015,0.00919467,0.00785886,m2
18993037,0.0004,0.0424963,0.00898264,m2
16725771,0.0436,-0.0166038,0.00970518,m2
18997626,5.0e-05,0.027209,0.0260236,m2
18955012,0.00655,-0.0760389,-0.0396942,m2
18996778,0.00015,-0.0499914,-0.0638602,m2
18995252,0.0006,-0.00592278,0.0174815,m2
18997975,5.0e-05,0.0938567,0.0701426,m2
18900984,0.01225,0.0466772,0.0135585,m2
18996930,5.0e-05,0.0187602,0.0401996,m2
18981922,5.0e-05,-0.0240551,0.0147915,m2
18997974,5.0e-05,-0.0227956,-0.0348797,m2
18980387,0.00185,0.0139503,-0.0198993,m2
880384,1.0,0.00678912,0.00532151,m2
12226865,1.0,-0.0166735,0.000711812,m2
18997456,0.0001,-0.0215643,-0.00298934,m2
18997097,5.0e-05,-0.0707628,-0.0639703,m2
18997288,0.00015,0.0223319,0.0294365,m2
18996777,0.0001,-0.0139569,-0.0377326,m2
18996400,0.0005,0.0406783,0.0410163,m2
18990193,0.00095,-0.017616,0.0178865,m2
18811383,0.0309,0.00811448,0.0287543,m2
18906493,0.00815,-0.00105167,-0.015798,m2
5347366,1.0,0.0147412,0.00146341,m2
126012,1.0,0.00966795,-0.0283727,m2
18924534,0.0065,-0.03448,-0.00703805,m2
18991527,0.0004,0.0323783,0.0273624,m2
18997973,5.0e-05,0.0301571,0.0529074,m2
18997972,5.0e-05,0.0415595,0.0609752,m2
18997622,5.0e-05,-0.0264855,-0.0584972,m2
18970546,0.00075,0.103622,0.073852,m2
18997971,5.0e-05,0.00194578,-0.00190159,m2
18993802,0.0007,0.00304972,-0.0107892,m2
18997093,0.0002,0.102455,0.0951741,m2
18947100,0.00975,-0.0139506,-0.0074461,m2
18997784,0.0001,-0.0140948,-0.0437538,m2
18997970,5.0e-05,0.0234442,0.00586527,m2
18997287,0.0001,-0.0590848,-0.037588,m2
18997452,5.0e-05,-0.0091377,-0.00126107,m2
18997969,5.0e-05,0.0319773,0.050042,m2
18601166,0.0007,0.041913,0.015921,m2
18704122,0.0017,0.0551499,0.0609543,m2
18900059,0.00835,-0.0166959,-0.0328508,m2
18997782,0.0002,-0.0299606,-0.0433705,m2
18883850,0.0013,-7.63695e-05,-0.0178948,m2
18971645,0.0002,-0.0197945,-0.045078,m2
18927220,0.015,-0.06895,-0.0226713,m2
16894468,0.4537,0.00311669,0.0157191,m2
18997968,5.0e-05,-0.0575608,-0.0634552,m2
18961620,0.0011,0.0131552,-0.00962431,m2
18997619,0.0001,0.0412737,0.0447874,m2
18983389,0.00025,0.00456374,-0.0178918,m2
18881373,0.0002,0.0330552,0.00103075,m2
18995668,0.00015,-0.00727781,-0.00799342,m2
18849493,0.043,-0.0528678,-0.0402433,m2
18985541,0.00155,-0.00635292,0.025177,m2
18997781,5.0e-05,-0.025114,-0.0144518,m2
18931698,0.0013,0.0754587,0.062331,m2
18986293,0.00065,0.0284457,0.0592846,m2
18996928,5.0e-05,-0.0125255,0.000886129,m2
18607543,0.0814,0.00190504,0.0254904,m2
18997780,5.0e-05,-0.0389306,-0.0350932,m2
18324386,0.02335,-0.027007,-0.0172376,m2
18994335,0.0004,0.0106933,0.038403,m2
18811947,0.03325,0.0135686,0.0023834,m2
18987099,0.0006,0.0266387,0.0148233,m2
15794012,0.2705,-0.0145858,-0.00056404,m2
18972626,0.0091,-0.0226841,-0.0141813,m2
1909095,1.0,0.00737281,0.00942104,m2
18987642,0.0024,0.0270805,0.0151338,m2
18902769,0.01785,0.051335,0.0591732,m2
18997449,0.0002,0.000109581,0.0276227,m2
18930715,0.01555,0.00229391,0.0149023,m2
4749012,1.0,0.014149,0.0149518,m2
18803483,0.00935,-0.0187424,-0.0223436,m2
18997779,5.0e-05,-0.039499,-0.0684101,m2
18984924,0.00255,-0.0386557,-0.0608804,m2
18992255,0.00095,0.00559005,-0.0149699,m2
16193938,0.1038,-0.0159615,0.00894641,m2
13563471,0.05465,-0.00268092,0.0229821,m2
18993031,0.0021,0.108632,0.130823,m2
18997778,5.0e-05,0.0780137,0.0904162,m2
18992447,0.00055,-0.105629,-0.104253,m2
18996583,0.00045,-0.0636142,-0.0248395,m2
18988831,0.0015,-0.0321188,-0.057637,m2
18371244,0.07695,-0.0464989,-0.0145241,m2
18997777,5.0e-05,0.0846361,0.0874759,m2
18962223,0.00255,0.00213564,0.0494019,m2
18014156,0.2007,0.00712764,0.00206732,m2
18994909,0.0002,0.0505859,0.0324699,m2
18645294,0.0048,-0.0222117,-0.0199025,m2
18997776,5.0e-05,0.100351,0.0721904,m2
18992642,0.0006,0.0235021,0.027166,m2
18997616,0.0001,0.0118663,0.0402673,m2
18019471,0.44065,0.0252775,0.0292037,m2
18996582,0.0004,-0.0237406,-0.0579953,m2
18417043,0.00275,-0.0188424,-0.0234755,m2
18993400,0.0001,0.0838843,0.0973815,m2
18997448,0.00015,0.035801,-0.0173019,m2
18948473,0.00035,-0.0822015,-0.097095,m2
18971113,0.00265,-0.0315389,-0.0227192,m2
18980974,0.0002,0.028168,0.0601756,m2
18997615,0.0001,0.00664544,0.0247012,m2
18982291,0.00365,0.0128414,-0.00293971,m2
18996394,5.0e-05,0.0364658,0.0564216,m2
18997967,5.0e-05,-0.0228722,0.00191231,m2
18826058,0.0091,0.0604965,0.0667447,m2
18996393,0.0004,0.00031554,-0.0173066,m2
18996926,0.0001,0.0747747,0.0714837,m2
18990952,0.00025,0.0144623,-0.00247231,m2
18982289,0.00035,0.0114947,-0.041673,m2
18997087,0.00025,-0.00500031,0.0463744,m2
18940823,0.0004,-0.0177458,-0.0160569,m2
18947485,0.0014,0.0289771,0.00831284,m2
18997966,5.0e-05,0.0350277,0.00178375,m2
18992442,0.0014,-0.025199,-0.0193583,m2
16913202,0.00105,-0.022279,-0.0176128,m2
18976399,0.0053,-0.0343512,-0.0232128,m2
16522674,0.5495,-0.00650192,-0.00652209,m2
18997613,5.0e-05,-0.0284841,-0.00482508,m2
18593007,0.01495,0.036944,0.0347382,m2
18996191,0.00025,0.00879148,0.0156939,m2
18987454,0.00055,-0.0544055,-0.0653276,m2
18997773,5.0e-05,0.0287722,0.0631319,m2
18984919,0.0012,-0.11611,-0.153418,m2
18979592,0.00235,0.00165956,-0.00474286,m2
18997964,5.0e-05,0.0107576,0.0033634,m2
16773133,0.0323,0.0079063,0.011618,m2
18997084,5.0e-05,-0.0309946,-0.0674713,m2
18997083,0.0001,-0.130764,-0.116837,m2
18984737,0.0016,0.0240029,0.0151075,m2
18914611,0.00195,0.0799161,0.0416811,m2
18842832,0.0166,0.0426559,0.0160218,m2
18993205,5.0e-05,-0.0218721,-0.00988414,m2
18990556,0.0001,-0.0231118,-0.0104409,m2
18997963,5.0e-05,0.104342,0.103611,m2
18626177,0.05785,-0.00975839,-0.0152968,m2
18916752,0.01225,-0.0227056,-0.0433078,m2
18996189,0.00045,-0.0227649,-0.0405495,m2
18996771,0.0002,-0.00394162,-0.00328659,m2
18578945,0.1588,0.0181155,0.0404642,m2
18867664,0.00925,0.0112383,0.00436366,m2
18997771,5.0e-05,-0.000829541,-0.0533262,m2
18948876,0.00385,-0.0406412,-0.00289314,m2
18989002,0.00025,-0.0106774,-0.00749149,m2
7299447,1.0,-0.0105128,-0.00356399,m2
18995241,0.0002,-0.0129069,0.0148283,m2
18880565,0.0048,-0.0532222,-0.0668979,m2
18992636,0.0007,-0.0487861,-0.072066,m2
18892834,0.0001,0.0138563,-0.00549528,m2
18997443,5.0e-05,0.0371588,0.0195654,m2
18770520,0.0012,-0.0116346,0.0132278,m2
18933264,0.00065,0.0312305,0.0371244,m2
18985535,0.0012,-0.0296558,-0.0156565,m2
18886335,0.0042,0.0156764,0.0173397,m2
18992251,0.001,0.0193097,0.016336,m2
18970338,0.005,-0.0670783,-0.0447406,m2
18995435,0.00025,0.072091,0.063946,m2
18997962,5.0e-05,0.00936361,-0.0319617,m2
18997961,5.0e-05,0.0166657,0.00535756,m2
18856381,0.00605,0.0738722,0.0722667,m2
18801260,0.00775,-0.00419051,-0.00031767,m2
18876579,0.01415,0.00823383,-0.00106852,m2
18986695,0.00295,-0.0631038,-0.0637348,m2
18319823,0.02415,0.00798786,-0.00162676,m2
18943690,0.00075,0.0642696,0.0816165,m2
18976758,0.0012,-0.0523477,-0.0389934,m2
17354611,0.09645,0.0147915,0.015274,m2
18921741,0.0114,0.00468624,-0.00767885,m2
18990364,0.00215,-0.0344233,-0.052662,m2
5597752,1.0,0.0106123,0.00771967,m2
18997960,5.0e-05,-0.0448293,-0.0409891,m2
18836218,0.0328,-0.0230873,-0.0143923,m2
18995237,0.0001,3.50021e-05,-0.0296064,m2
18688124,0.027,-0.0250735,-0.0375758,m2
18983050,0.0045,-0.0502942,-0.0355345,m2
18983742,0.00285,-0.0143463,-0.0135979,m2
18997442,5.0e-05,0.0901519,0.069898,m2
18875251,0.03405,-0.026808,0.000916935,m2
18997959,5.0e-05,0.00625418,0.0243403,m2
18870001,0.04425,-0.00647131,-0.0335261,m2
18994325,0.00025,0.0464503,0.0614252,m2
18997608,5.0e-05,0.0547421,0.0573069,m2
7963790,1.0,0.0319611,0.000203665,m2
18997280,0.0002,-0.0662169,-0.0531459,m2
18920974,0.0007,0.00538252,0.00285099,m2
18997769,0.0001,-0.0404877,-0.0648095,m2
18997607,5.0e-05,-0.0797145,-0.0714957,m2
18996387,0.0004,0.0294784,0.0123808,m2
17064546,0.01395,0.0136054,0.0461402,m2
18996017,0.00015,-0.0329942,-0.0324609,m2
18996572,0.0001,-0.0572567,-0.04362,m2
18971634,0.00245,0.0722756,0.0564423,m2
18967434,0.00335,-0.0952759,-0.0730844,m2
9666149,1.0,0.0189653,0.0213096,m2
18997441,5.0e-05,0.0199191,-0.00789392,m2
18903372,0.00225,0.00559002,-0.0237689,m2
18749438,0.01515,0.00278297,-6.64879e-05,m2
18995430,0.00085,-0.0119074,0.0168186,m2
18954801,0.0005,0.0293056,0.0251896,m2
18963366,0.00265,-0.0069919,-0.0381787,m2
18973959,0.0013,0.0460823,0.0331076,m2
18997606,0.00015,-0.0117573,0.00903956,m2
12448404,0.0967,-0.0181915,0.00589456,m2
18984913,0.0011,-0.00217844,0.00274403,m2
18975443,0.0008,0.154214,0.142962,m2
18996184,0.0004,-0.0196212,-0.0269096,m2
18995077,0.0004,-0.0213853,-0.0176335,m2
8018805,0.5266,-0.0195549,-0.0058142,m2
18997605,0.0002,0.0289535,0.0354956,m2
18978408,0.00725,0.0234451,0.0193431,m2
18937230,0.00405,0.0382162,0.0672617,m2
18997958,5.0e-05,0.0713913,0.0624251,m2
18830816,0.00185,0.0207856,-0.00706936,m2
18961608,0.0065,-0.0061627,0.0199916,m2
18961607,0.0004,0.0543409,0.0629529,m2
18983241,0.0006,0.0176283,0.0285976,m2
18771471,0.0089,-0.00163522,-0.0159837,m2
18960853,0.00225,-0.00656789,-0.0319285,m2
18997768,5.0e-05,0.0314913,-0.00563991,m2
18986080,0.0003,-0.0526046,-0.0525131,m2
18997767,0.00015,0.0375719,0.0428916,m2
9112867,1.0,0.00509957,-0.00142196,m2
18997957,5.0e-05,0.0500747,-0.00585535,m2
18804377,0.01945,-0.0118381,-0.00540261,m2
18995075,0.0003,-0.0281782,-0.0142694,m2
17960540,0.0822,-0.0199546,-0.0382407,m2
18997766,5.0e-05,0.0144706,0.0217575,m2
18602084,0.1342,0.0595554,0.0165518,m2
18997956,5.0e-05,-0.0345383,-0.0664058,m2
18992068,0.0012,0.00911104,0.00399972,m2
18993987,0.00155,-0.0799914,-0.0532274,m2
18987252,0.00275,-0.0874993,-0.0897792,m2
18997277,5.0e-05,-0.0510827,0.0135153,m2
18971631,0.00085,0.00395838,-0.0117083,m2
18997276,0.0001,0.0463496,0.0804076,m2
17709871,0.24915,-0.0202606,-0.00626092,m2
18996382,0.00065,0.108115,0.0834578,m2
18996571,0.00015,-0.0291571,-0.0255599,m2
18670165,0.0307,-0.0272495,-0.0197633,m2
18996918,5.0e-05,-0.0123729,-0.0132329,m2
18997076,5.0e-05,-0.0461182,-0.0176214,m2
18975800,0.0068,0.0609474,0.0408667,m2
18988822,0.0022,0.0395382,0.0260699,m2
18990749,0.00015,0.0621078,0.053102,m2
18996916,0.0011,-0.078391,-0.0871554,m2
18997765,0.0001,0.0246816,0.0250539,m2
18853590,0.00645,0.000169924,-0.00473884,m2
18858309,0.0033,0.0853109,0.0627534,m2
11124388,0.9958,-0.0110694,0.00316581,m2
18965501,0.00535,0.071244,0.0725598,m2
18016552,0.0153,0.0161486,0.0228279,m2
18996014,0.0003,0.0127856,0.05457,m2
18997274,0.0001,-0.0416548,-0.00787187,m2
18922302,0.00615,0.0150128,0.0103307,m2
18952098,0.00415,-0.0588822,-0.0304098,m2
18994134,0.0005,0.0109649,0.0363902,m2
18922135,0.00165,0.0364729,0.0260082,m2
18996567,0.0001,-0.0341813,-0.0270535,m2
18996762,5.0e-05,0.0115511,0.0331119,m2
18994537,5.0e-05,-0.0109198,0.00294517,m2
18997764,5.0e-05,-0.01408,0.00123704,m2
18996761,0.00015,-0.00819406,-0.0104812,m2
18995226,0.00085,-0.122544,-0.0555347,m2
18921540,0.018,-0.00356252,0.0147167,m2
18991868,0.0017,0.0563659,0.056604,m2
18974320,0.0009,-0.110335,-0.101892,m2
18978598,0.0002,-0.015927,0.00157423,m2
18996379,5.0e-05,-0.00964234,-0.00318667,m2
18505923,0.01055,0.0240534,0.0323056,m2
18994703,0.0014,0.0897477,0.115673,m2
18927964,0.00365,0.0344555,0.0161494,m2
18996178,0.0004,-0.0226138,-0.016268,m2
18997955,5.0e-05,-0.0512695,-0.0261567,m2
18815513,0.0073,0.0355782,0.026254,m2
18997074,5.0e-05,0.00275241,-0.00753893,m2
18997600,0.0001,-0.0773674,-0.0728705,m2
18997272,0.0003,-0.0521658,-0.0485328,m2
18997436,5.0e-05,-0.028994,-0.0114671,m2
18996562,0.00065,-0.045281,-0.0510149,m2
18995069,0.001,-0.0372052,-0.0155889,m2
18963940,0.0004,-0.0415188,-0.0376748,m2
3387159,1.0,0.024064,-0.0078255,m2
18997954,5.0e-05,0.0645029,0.09122,m2
18522281,0.07515,0.0537809,0.0382591,m2
18981901,0.00165,-0.0716838,-0.056908,m2
18996561,0.00035,0.0671629,0.0519504,m2
18997270,0.00015,0.0167467,-0.000578364,m2
6154406,0.77425,-0.0120843,0.0172122,m2
18997071,0.00025,-0.00435479,-0.0150802,m2
18950707,0.0077,-0.0586803,-0.0727198,m2
18997070,0.00015,0.0562102,0.0282843,m2
18997762,5.0e-05,-0.12661,-0.137346,m2
6588708,1.0,0.00824991,-0.00123399,m2
18992829,0.00015,-0.00490041,-0.0364366,m2
18988214,0.0002,0.0948997,0.0957148,m2
9307862,1.0,0.0168031,0.0173722,m2
18996374,0.0008,0.0137537,-0.0262602,m2
18861584,0.0249,-0.0239966,-0.0494242,m2
18891587,0.0023,-0.0276257,-0.0112761,m2
18873826,0.01015,-0.0612787,-0.0634144,m2
18952886,0.0064,0.0489353,0.00595336,m2
18912130,0.0036,-0.0158975,0.00822879,m2
18997597,0.00015,0.0520585,0.0707181,m2
18987079,0.00265,0.0404951,0.0437182,m2
18996373,5.0e-05,0.0573339,0.091001,m2
18996170,0.0002,-0.00309582,-0.0204977,m2
18997269,0.00015,0.0218508,0.0264199,m2
18996005,0.0003,-0.0269026,0.0261147,m2
18968395,0.00425,-0.0107954,-0.0219714,m2
6316974,1.0,0.000175735,0.00797542,m2
18995825,0.0002,0.00579513,0.0355376,m2
18526845,0.055,-0.0107197,0.00078754,m2
18966652,0.01415,0.0329776,0.0350982,m2
18997953,5.0e-05,0.0210384,0.0338522,m2
18997268,0.00015,0.12026,0.106519,m2
18996557,0.0002,0.032615,0.0292931,m2
18997952,5.0e-05,-0.0270153,-0.00898928,m2
18962370,0.0028,-0.0759025,-0.0523415,m2
18960670,0.00265,0.0588342,0.0657307,m2
18995064,0.0006,-0.0571615,-0.0559397,m2
18997761,0.0001,0.0203398,0.0262233,m2
18967996,0.00925,-0.00474316,-0.0376606,m2
18996371,0.0001,0.0386032,0.0293554,m2
18200473,0.20335,0.023045,-0.0014971,m2
18946901,0.0011,0.0258555,0.0657138,m2
18996756,0.0001,0.0250397,0.031239,m2
18993375,0.00035,0.00596989,-0.00374922,m2
18994305,0.0006,-0.0529329,-0.0673637,m2
18997433,5.0e-05,-0.0331038,-0.0328189,m2
18927756,0.00805,0.0239982,0.0394816,m2
18907625,0.01345,-0.00294734,-0.0246749,m2
18025894,0.0237,0.0121849,-0.00360886,m2
18997951,5.0e-05,0.0630176,-0.00689437,m2
18921939,0.00205,0.00129037,-0.00679051,m2
17242301,0.0108,0.00254771,0.00696895,m2
18844920,0.02025,0.00516192,-0.0515861,m2
18965303,0.004,-0.0123023,-0.013096,m2
18983566,0.00305,0.102238,0.0711883,m2
13778914,0.26235,-0.010417,-0.00968933,m2
18961993,0.0007,-0.0188831,-0.0263779,m2
18997432,5.0e-05,0.0257238,0.0300006,m2
18997594,0.0001,-0.00811734,-0.004521,m2
8463127,1.0,-0.00101654,-0.0223327,m2
18993979,5.0e-05,0.0331155,0.0123045,m2
18987238,0.00035,0.0417478,0.0484577,m2
18898681,0.0067,-0.0289699,-0.0310237,m2
18823137,0.09195,-0.00246924,0.0176439,m2
18997760,5.0e-05,-0.0587851,-0.0528553,m2
15116462,1.0,-0.00824006,0.00625824,m2
18995417,0.0002,-0.0155452,0.007002,m2
18978592,0.00275,-0.0435783,-0.0392574,m2
14703239,0.8293,-0.0193867,-0.00431775,m2
6437856,1.0,-0.0239768,-0.00786774,m2
18997264,0.0001,-0.0337287,-0.0280313,m2
18995416,0.00075,0.0387925,0.0329883,m2
18856358,0.001,-0.0245197,-0.0110838,m2
18695234,0.04255,0.0537613,0.0364857,m2
18835287,0.01295,0.0200692,0.0412507,m2
12201359,1.0,0.00643424,0.041094,m2
18994123,0.0008,0.0373891,0.0404882,m2
18685259,0.00585,-0.0306511,-0.0115431,m2
18942333,0.00585,-0.038217,-0.0440656,m2
18986676,0.00125,-0.0154039,0.00672659,m2
17926348,0.00375,-0.0197218,-0.0140252,m2
18984902,0.00055,0.0282853,0.0618928,m2
18788884,0.00095,-0.0165028,-0.00619899,m2
18952473,0.00325,0.022344,0.076846,m2
18963934,0.00145,0.0146896,-0.00210124,m2
18916316,0.00265,0.0259059,0.0340975,m2
18976743,0.00025,0.000399191,0.0420218,m2
18997950,5.0e-05,-0.0442421,-0.0171529,m2
18993374,0.00025,-0.0367691,-0.0528469,m2
18997759,5.0e-05,-0.0307413,-0.0631916,m2
18950908,0.0074,0.0565568,0.00275077,m2
18997430,5.0e-05,-0.000302761,-0.0235527,m2
17474449,0.0008,-0.0243351,-0.00229968,m2
18997066,0.0003,-0.0715401,-0.100968,m2
18997758,5.0e-05,-0.0256398,0.0125796,m2
18989972,0.0009,-0.0735514,-0.0598851,m2
18997949,5.0e-05,0.0256059,0.0140238,m2
18753352,0.03385,0.0462244,0.0457398,m2
18947461,0.00015,-0.0596212,-0.0466786,m2
18983733,0.00265,-0.0351166,0.00979117,m2
18993005,0.00025,-0.0300289,-0.0134745,m2
18997948,5.0e-05,0.0329034,0.0184998,m2
18997757,5.0e-05,-0.107233,-0.0910148,m2
18022861,0.1177,-0.0182182,-0.052939,m2
18938355,0.00065,-0.0899669,-0.0918415,m2
18991334,0.001,-0.0430151,-0.0266009,m2
18948644,0.00585,0.0283396,0.0323919,m2
18675989,0.0002,0.0543648,0.0690938,m2
18992239,0.00115,-0.0408846,-0.0220101,m2
18995061,0.00015,0.018782,-0.0309531,m2
18997947,5.0e-05,-0.080537,-0.054285,m2
18991500,0.0012,-0.0824483,-0.0816098,m2
18960322,0.00615,-0.0275067,-0.0270655,m2
4635288,1.0,0.0111987,0.0198517,m2
18976738,0.0001,0.0585406,0.0106947,m2
18983224,0.0004,0.0184566,-0.025433,m2
18728137,0.0017,0.0147463,0.0102006,m2
18997756,5.0e-05,-0.0210417,0.0382078,m2
18988621,0.00015,-0.00465989,0.0245641,m2
18857348,0.00235,0.0492402,0.0901939,m2
18995414,0.00035,0.0355652,0.00429867,m2
18896435,0.0341,-0.0247204,-0.00975652,m2
18994121,0.00025,0.00907813,0.00930793,m2
18672273,0.0818,0.0191342,-0.00193331,m2
18894128,0.0161,0.0461254,0.0249042,m2
6848084,1.0,-0.023353,-0.0175354,m2
16608224,0.07835,0.0136923,0.00647943,m2
18995823,0.0003,0.0270849,0.0485981,m2
18996553,0.0005,-0.0525199,-0.0781745,m2
18997946,5.0e-05,-0.0613678,-0.0733428,m2
3458506,1.0,0.0389865,0.0234176,m2
18961029,0.0239,0.0279907,0.00445603,m2
18993976,0.0015,-0.0750641,-0.0657435,m2
18996365,0.00025,0.073739,0.0758495,m2
18960128,0.00055,-0.0374611,0.0106146,m2
18997945,5.0e-05,0.0071085,0.0104583,m2
7442539,1.0,-0.00391186,-0.00818334,m2
9879942,1.0,0.00590833,-0.0174968,m2
18896237,0.04545,-0.0504061,-0.0468282,m2
18997261,0.0002,-0.0324869,-0.0609173,m2
18996902,0.0001,-0.0893428,-0.132552,m2
18996901,0.0001,-0.0419012,-0.0582398,m2
18983934,0.00025,-0.0412041,-0.0376854,m2
18941552,0.01795,-0.0165016,-0.00808065,m2
18863298,0.009,-0.00661311,-0.0228028,m2
14290532,0.1136,-0.00615441,0.0149288,m2
15373405,0.3587,-0.0142928,0.00349126,m2
18981889,0.00035,0.026511,0.0309433,m2
11946224,0.31845,-0.0114884,0.0113131,m2
18997755,5.0e-05,-0.00602597,0.00617956,m2
18854620,0.0453,0.0147883,0.00543318,m2
18997944,5.0e-05,0.0302691,0.0428182,m2
18997754,0.0001,0.0232505,-0.00877193,m2
18938353,0.00145,0.0496143,-0.00948504,m2
18978032,0.00985,-0.00785315,0.00428506,m2
18967790,0.0039,-0.0147547,0.0216852,m2
18997062,0.0001,0.00898249,0.0146217,m2
18997943,5.0e-05,-0.044575,-0.0424707,m2
18603034,0.02575,-0.0313407,0.00308034,m2
18997753,0.0001,-0.0887483,-0.0544577,m2
17020487,0.30305,0.0208542,0.0123823,m2
16532074,0.11935,0.0364029,0.0281868,m2
18997060,0.00015,0.0130224,0.00754396,m2
17002239,0.43765,0.0118231,0.00450428,m2
18993000,0.0001,0.0306291,0.0190243,m2
4056539,1.0,-0.00755351,0.0137362,m2
18979369,0.00025,-0.0255528,-0.0115675,m2
17845429,0.256,-0.0270175,-0.0172762,m2
18983356,0.00425,0.0762443,0.0718935,m2
18971803,0.0028,0.0249532,0.0314583,m2
18432788,0.02,0.0104233,0.0154191,m2
18995216,0.0004,-0.0387127,-0.0955088,m2
18995057,0.0002,-0.0446901,-0.0325498,m2
18997585,0.0001,-0.056785,-0.0537703,m2
18981499,0.00015,-0.0884256,-0.0651524,m2
18892607,0.00845,-0.000105094,-0.0428546,m2
16378376,0.47075,-0.0156212,-0.000803082,m2
18931665,0.00085,-0.0726492,-0.0720859,m2
18571101,0.00535,0.0235098,0.0122533,m2
18997942,5.0e-05,-0.0138206,-0.0367431,m2
18993780,0.002,0.0775429,0.0753084,m2
18988202,0.0043,0.0402276,0.0211119,m2
18911396,0.015,0.0232935,0.0352146,m2
16049029,0.06465,-0.0146052,-0.0279867,m2
18997584,0.00025,0.0103903,0.00648304,m2
18962356,0.0017,-0.021499,-0.0257088,m2
18978970,0.00605,0.0271955,0.0239258,m2
18997059,0.00015,-0.0468796,-0.0453991,m2
18935867,0.008,0.0310878,0.0395478,m2
18946705,0.0018,0.0502696,0.067647,m2
18855391,0.0089,-0.0482341,-0.0136184,m2
18995410,0.0005,0.0311517,0.0125741,m2
18986266,0.0001,0.0377271,0.0280602,m2
14530572,1.0,0.00661285,0.0249086,m2
16554470,0.1056,0.0208438,-0.0101035,m2
18997940,5.0e-05,0.0152211,0.0315933,m2
18989743,0.00015,0.0193019,0.0267266,m2
1855344,1.0,-0.00544268,0.00378901,m2
18997752,5.0e-05,-0.110795,-0.0626716,m2
18909321,0.01505,0.00116311,0.0192341,m2
18996743,0.00015,0.00217307,-0.00629766,m2
18991497,0.001,0.0350997,-0.00609626,m2
18996894,0.0006,0.0146372,0.0130528,m2
18995213,5.0e-05,0.015769,0.0246135,m2
18955182,0.0029,-0.0936283,-0.0430543,m2
18965099,0.0085,0.0196306,0.0141244,m2
18997426,0.00025,0.115404,0.100675,m2
18997751,0.0001,-0.0575336,-0.0174491,m2
18995819,5.0e-05,0.0459426,0.0486518,m2
18991856,0.0018,-0.135495,-0.0737553,m2
18666427,0.0548,0.0141886,0.0252122,m2
18948019,0.00995,0.0275254,0.0274297,m2
18972214,0.00015,-0.0244258,-0.0365176,m2
18929493,0.00605,0.110544,0.107014,m2
18687900,0.0235,-0.0179591,-0.00441604,m2
18973760,0.00285,0.0255456,0.00529804,m2
18996893,0.0001,0.0570598,0.00178999,m2
18993176,0.0022,0.114494,0.0988255,m2
18995407,0.00105,0.0243313,0.0330583,m2
18991854,5.0e-05,-0.0363102,-0.0438411,m2
18997058,0.0001,0.0148339,0.0492733,m2
18995406,5.0e-05,0.0429828,0.000743554,m2
18997939,5.0e-05,-0.0376155,-0.0362962,m2
18996542,5.0e-05,0.0672262,0.0736211,m2
18736620,0.01255,-0.0254292,-0.0163925,m2
18903896,0.0367,0.0669738,0.0470862,m2
18952869,0.00035,-0.00465769,-0.0163536,m2
18997938,5.0e-05,-0.0696075,-0.0457296,m2
18897928,0.02845,-0.021886,0.00824436,m2
18995817,0.0003,-0.0363282,-0.0350908,m2
118389,1.0,0.00408013,-0.000737594,m2
13107888,1.0,-0.00754106,-0.0218794,m2
18933623,0.00665,0.0195938,-0.0147931,m2
17914018,0.54235,-0.00364211,0.00323224,m2
18979572,0.00065,0.00455921,-0.00579195,m2
16097068,0.0287,-0.0132717,-0.00142062,m2
18658719,0.00275,-0.0260923,-0.0225663,m2
18995986,0.00105,-0.0268465,-0.0317353,m2
18992610,0.00065,0.0123071,-0.00246562,m2
18498391,0.0441,-0.00744344,0.00769126,m2
18895243,0.0213,-0.0391165,-0.0272373,m2
18958266,0.0042,0.00579919,0.0379524,m2
18997748,0.0001,0.0458174,0.047068,m2
18976726,0.00095,0.032471,0.0325513,m2
18997937,5.0e-05,-0.0366752,-0.0592195,m2
196376,1.0,0.00312182,-0.0145243,m2
18997747,5.0e-05,0.0104741,-0.0424688,m2
18993968,0.00185,-0.0226819,-0.0106941,m2
17336825,0.028,0.00140775,0.0239691,m2
18934411,0.01125,0.0309415,0.0208713,m2
18991692,0.0004,-0.0190554,-0.0405027,m2
18942707,0.0171,-0.0500465,-0.0273346,m2
18362712,0.073,-0.0134995,-0.0195845,m2
18995814,0.0007,-0.0097017,-0.03168,m2
18995985,0.00035,-0.0116561,-0.000546414,m2
18997578,0.0001,-0.0551423,-0.0539085,m2
18981139,0.0006,-0.00168336,-0.0382206,m2
18900766,0.0019,0.0763637,0.0669202,m2
18478579,0.0141,0.0769055,0.0384462,m2
18978964,0.0017,0.050975,0.0543217,m2
18880748,0.00355,-0.0365212,-0.0337309,m2
18985859,0.0037,0.0293931,0.0245244,m2
18939080,0.00575,-0.0363333,-0.00372734,m2
18983216,0.00295,-0.0894819,-0.0592373,m2
18997746,0.0001,0.00317485,-0.0225428,m2
18636553,0.00995,0.0116145,0.0343134,m2
18997935,5.0e-05,-0.0354325,0.00150568,m2
18997054,0.0002,0.0739309,0.0650288,m2
18965095,0.0098,0.0183847,-0.0134349,m2
18996151,0.00015,-0.000820693,-0.0134021,m2
18911210,0.00655,0.0665545,0.0185453,m2
18996738,0.00025,0.010704,0.0371524,m2
18991488,0.0012,0.0355102,0.006474,m2
18997576,0.0001,-0.000585441,-0.0272432,m2
18764606,0.0088,0.0402462,0.0587165,m2
18359418,0.02,0.0106819,-0.0109403,m2
18900561,0.0074,-0.0467787,-0.0207712,m2
18997744,5.0e-05,0.0344421,0.00818963,m2
18707124,0.00605,-0.0120486,-0.0304874,m2
18991847,5.0e-05,0.0476133,0.029109,m2
18161301,0.03435,0.0202077,0.0329303,m2
18955374,0.00735,-0.00229827,0.00342667,m2
2827019,1.0,5.89136e-05,0.022892,m2
18997934,5.0e-05,-0.0370789,0.00619593,m2
18997743,5.0e-05,-0.0304271,-0.029097,m2
18995981,5.0e-05,-0.0101278,0.0521341,m2
18996890,0.0001,0.036754,0.0222861,m2
17952372,0.06555,-0.0172709,-0.0286944,m2
18997416,5.0e-05,-0.0321821,-0.0288564,m2
16895377,0.32325,0.00448622,0.0196845,m2
18997742,0.0001,-0.0712526,-0.0575976,m2
18886711,0.0253,0.00595137,0.0190991,m2
18997253,0.0001,-0.109425,-0.126153,m2
18997573,0.0001,0.0304559,0.0309032,m2
18029350,0.3718,0.0256593,0.0114318,m2
18976539,0.0023,-0.0142173,-0.00867986,m2
18925614,0.0103,0.0235725,0.0256701,m2
18779578,0.0218,0.0736375,0.0276786,m2
18933615,0.00655,-0.0882993,-0.0889952,m2
17639442,0.0471,-0.0213998,-0.00200806,m2
18987604,0.0004,-0.00265763,-0.0260272,m2
17871764,0.0126,0.0255606,0.0235744,m2
18987413,0.00075,-0.0400678,-0.0530281,m2
18828931,0.0209,0.0474757,0.0316039,m2
18974884,0.0005,0.0199574,0.0233142,m2
18964320,0.00045,-0.0883481,-0.0707398,m2
18814340,0.00705,0.0107787,0.00416663,m2
18456192,0.01,0.015937,0.0472908,m2
18997933,5.0e-05,0.0451115,0.025963,m2
18994870,0.00035,-0.0544263,-0.0774809,m2
18990164,0.00205,-0.00606507,-0.0396056,m2
18997415,0.0003,0.0387021,0.0470193,m2
18997741,5.0e-05,0.00715658,0.0349527,m2
18994294,0.00125,0.0336341,0.0333069,m2
17588319,0.8488,-0.00212169,-0.0162961,m2
8132366,1.0,0.0165421,0.00375813,m2
18979567,0.0007,0.0465764,0.0479569,m2
18784621,0.04105,-0.0435612,-0.0401076,m2
18915350,0.02495,0.0314267,0.05344,m2
18983346,0.0004,0.0317987,0.058109,m2
18992603,0.00045,0.0767541,0.0682349,m2
18906842,0.01145,-0.00266688,0.010164,m2
18984508,0.0024,0.0316053,0.0298927,m2
18997739,5.0e-05,0.104801,0.108155,m2
18997932,5.0e-05,0.009337,0.00112631,m2
18997737,0.0001,0.0201314,0.00831346,m2
18997050,0.0002,-0.04003,0.0188442,m2
15505022,0.61035,-0.00571556,-0.000631896,m2
18987602,0.001,0.0334984,0.0392311,m2
18997568,5.0e-05,0.00238678,0.0227479,m2
15372822,0.2288,-0.00349108,0.00841309,m2
18997736,5.0e-05,-0.101096,-0.083783,m2
18843973,0.02085,0.0299659,0.0256757,m2
18997567,0.0002,-0.0503934,-0.0546602,m2
18985853,0.00035,0.0272525,0.0486946,m2
18997931,5.0e-05,-0.048581,-0.0276909,m2
18994685,0.0004,-0.0918261,-0.0989002,m2
10965709,1.0,0.0188471,0.0197038,m2
18981490,0.0008,-0.0438022,-0.0281314,m2
18909312,0.00275,0.0345441,-0.000228887,m2
18997249,5.0e-05,0.0207952,-0.0259696,m2
18992411,0.00065,-0.0263687,-0.0182199,m2
18993774,0.0004,-0.0195623,-0.0102193,m2
18933011,0.0093,0.0126923,0.0192891,m2
18891206,0.01575,-0.0895571,-0.0718382,m2
18997413,0.0001,0.00283259,-0.0249732,m2
18997566,5.0e-05,0.00290298,0.00264567,m2
18988191,0.00075,-0.0924125,-0.0985146,m2
18997049,0.00025,-0.0190724,-0.0354079,m2
18967590,0.0091,0.00991925,-0.00638655,m2
17114205,0.27785,-0.0161524,-0.020737,m2
18939640,0.00355,-0.0202753,0.00131211,m2
18850742,0.0051,0.0487898,0.0565655,m2
18997930,5.0e-05,0.0273084,0.0633562,m2
18992601,0.00045,-0.138516,-0.136495,m2
18962550,0.00205,-0.001325,-0.0312077,m2
18997565,0.00015,-0.00542496,0.0170652,m2
18995805,0.0003,0.0248676,0.0404556,m2
18997929,5.0e-05,-0.0545074,-0.0593785,m2
18980931,0.0027,0.00374936,-0.00547381,m2
18997563,0.0001,0.0269961,0.0310873,m2
18997928,5.0e-05,-0.0327823,-0.0598736,m2
18996884,5.0e-05,0.00718193,-0.0202878,m2
18997046,5.0e-05,0.0302316,0.0791399,m2
18996535,0.00015,-0.0108476,0.0312561,m2
18997927,5.0e-05,-0.00524317,0.0152978,m2
18997926,5.0e-05,-0.0802975,-0.071653,m2
18695207,0.02555,0.00673792,-0.0340103,m2
18573579,0.06555,-0.0142029,-0.0200841,m2
18989166,0.00165,-0.0709698,-0.0825452,m2
18972371,0.00195,-0.0341899,-0.0300893,m2
18996141,0.00025,-0.0504692,-0.0892939,m2
18992985,0.0007,-0.00412468,-0.0130396,m2
18859997,0.0009,-0.0294063,-0.0199564,m2
18966440,0.0034,0.039864,0.0435281,m2
17253527,0.27835,0.0182472,-0.00821573,m2
18997925,5.0e-05,0.0143339,-0.00472567,m2
18990721,0.00215,0.0290773,-0.00546873,m2
18830581,0.01155,-0.0027386,-0.00899527,m2
18857496,0.002,0.0531194,0.0481119,m2
18982444,0.0024,0.00650541,0.0166542,m2
15745851,0.48095,-0.0291766,-0.00858074,m2
18821794,0.01035,-0.0304461,-0.0331121,m2
18798188,0.031,0.0342786,0.0433431,m2
18997560,0.00015,0.0377508,0.0435378,m2
18918565,0.01215,0.0393201,0.0468624,m2
18996533,0.0001,-0.00274688,-0.00970854,m2
18960999,0.00225,0.0284408,0.0111241,m2
5146747,1.0,0.000594963,0.00474271,m2
18997244,0.00025,-0.0976149,-0.0752828,m2
18985656,0.00015,0.0642024,0.0819899,m2
18994679,0.00065,0.00247744,-0.0158575,m2
18940412,0.00065,0.0203064,0.00199934,m2
18975607,0.00395,-0.0298847,-0.0389686,m2
17694960,0.3589,-0.022224,0.0032649,m2
18898095,0.0024,0.0262744,0.0348177,m2
18977626,0.0025,0.0477896,0.0317924,m2
18996881,0.0006,0.0140601,0.0241276,m2
18983203,5.0e-05,0.0255369,0.0267131,m2
18997924,5.0e-05,0.00179085,0.00339568,m2
18997243,0.0003,0.0624031,0.0221612,m2
18586554,0.1248,-0.028906,-0.0359118,m2
18799855,0.00135,-0.0232581,-0.0323208,m2
18997559,0.0002,-0.0311037,-0.0261413,m2
18997242,0.0001,0.0731421,0.0687049,m2
18995617,0.0005,-0.0361143,0.0141479,m2
18997730,5.0e-05,0.00608064,0.0249438,m2
18991679,0.00085,0.01258,0.0532401,m2
18997923,5.0e-05,0.0170844,-0.017653,m2
18791756,0.01035,-0.00460041,-0.0121858,m2
18993355,0.0001,0.0943231,0.0750314,m2
18934974,0.00155,0.0004767,0.013407,m2
18954162,0.00115,0.000531223,-0.0418863,m2
18993569,0.00015,0.026275,-0.0180693,m2
12172726,0.4095,0.0179627,-0.000137175,m2
18995966,0.0005,0.0902232,0.0857527,m2
17485985,0.33345,-0.00607355,-0.0128841,m2
18997728,0.0001,-0.0950459,-0.0573334,m2
18985274,0.0013,-0.0357558,-0.0646247,m2
18997727,5.0e-05,-0.0538301,-0.0453262,m2
18641466,0.0107,0.0359639,0.0385869,m2
18949005,0.00715,-0.010013,-0.00259098,m2
17277888,0.05465,0.00526631,-0.00257145,m2
17707722,0.0716,-0.0175794,-0.0142686,m2
18987788,0.0026,-0.0493777,-0.0565725,m2
886885,1.0,-0.00413072,0.0309172,m2
18973926,0.0054,0.0103834,0.00954411,m2
18996139,0.00015,-0.12659,-0.11711,m2
18997555,0.00015,-0.0160336,0.0172232,m2
18991307,0.00085,0.00325038,0.0171705,m2
18997922,5.0e-05,0.0423885,0.0246701,m2
18997239,0.00025,0.0808114,0.0844034,m2
18996528,0.0003,-0.0115102,0.0178238,m2
18988970,0.00035,0.022729,0.0441014,m2
18958081,0.00115,0.00241381,-0.00111265,m2
18977826,0.0035,0.0326404,0.0244111,m2
18295739,0.0039,0.0245443,0.017013,m2
18995614,0.00035,0.0200251,0.00412941,m2
18997406,5.0e-05,0.087797,0.071882,m2
18853542,0.04045,0.00228098,0.00547017,m2
18997921,5.0e-05,-0.0423358,-0.0511699,m2
18532039,0.1048,-0.00502379,-0.00902227,m2
18943650,0.0139,-0.010008,-0.00178745,m2
18906652,0.0059,-0.0100618,-0.0185199,m2
18989163,0.00345,0.0351265,0.0329367,m2
17423982,0.78515,0.00367526,0.0119186,m2
18833845,0.00495,0.0610691,0.0878695,m2
18996527,0.00125,0.0731584,0.0441642,m2
18745745,0.02005,0.0426415,0.055976,m2
18997554,0.00015,-0.0334876,-0.0486888,m2
18997404,0.0001,0.0276869,0.0773205,m2
18928494,0.0259,0.00021617,0.0102047,m2
18996342,5.0e-05,-0.00531385,-0.0201937,m2
18880736,0.0016,-0.00856798,0.0170627,m2
18997042,0.00015,-0.0399723,-0.0163431,m2
17163313,0.06645,-0.0336126,-0.0181413,m2
18986651,0.0003,0.010634,0.0471086,m2
18997726,0.0001,0.000537082,-0.0200735,m2
18993160,0.0008,-0.0293468,-0.0508769,m2
12836024,1.0,0.0236862,0.00764513,m2
18993956,0.0007,0.0239491,0.0266938,m2
18465310,0.02065,-0.00412004,0.00965904,m2
18910031,0.00765,-0.00232204,0.00625156,m2
18990716,0.00095,-0.00507935,-0.0292619,m2
17715589,0.2626,-0.0247538,-0.0215042,m2
18604346,0.0105,-0.078696,-0.074875,m2
18997920,5.0e-05,0.0318265,0.0286555,m2
18831746,0.02145,0.0257231,0.0198348,m2
18955958,0.003,-0.0400841,-0.0833405,m2
18646445,0.02315,-0.0224276,-0.0489487,m2
18997237,0.0002,-0.0883994,-0.0444007,m2
18669339,0.0304,0.0507191,0.0348363,m2
18978746,0.0008,-0.115832,-0.126025,m2
18982635,0.00075,0.0677681,0.0418691,m2
18786738,0.0072,-0.0478084,-0.0280174,m2
18547322,0.0049,-0.0199622,-0.0532277,m2
18598871,0.01135,0.013322,0.0053539,m2
18804733,0.03225,-0.0202449,-0.0353385,m2
18963501,0.0055,-0.000614149,0.0218555,m2
8399725,0.54165,0.0112607,-0.00671308,m2
18994673,0.00015,0.0936282,0.0662015,m2
18975595,0.0008,-0.00837058,0.0133791,m2
18970892,0.00285,0.00801408,0.0152898,m2
18977445,0.0004,-0.0647232,-0.0735868,m2
18623926,0.012,0.00139652,-0.0185241,m2
18997725,5.0e-05,0.0397495,0.0367536,m2
18997402,0.00025,-0.0496343,-0.0486903,m2
18997401,0.0001,-0.015862,-0.00764031,m2
18997919,5.0e-05,-0.00361768,-0.0120007,m2
18995795,5.0e-05,-0.0316834,-0.0463045,m2
18995191,0.00055,-0.0354079,-0.0362028,m2
18992979,0.0006,-0.0783468,-0.0895137,m2
18994275,0.0011,0.0502286,0.0623566,m2
18991468,0.0003,-0.00819384,0.0170961,m2
18858854,0.025,-0.0278228,-0.0704967,m2
18997724,5.0e-05,0.00752296,0.0398277,m2
9615762,0.63835,-0.00144115,-0.000746552,m2
18941677,0.00655,-0.044216,-0.0451342,m2
18972356,0.0015,0.113737,0.115114,m2
12090699,1.0,-0.00881384,-0.00135309,m2
7103587,1.0,0.00622863,0.0201969,m2
18639291,0.01675,-0.0547414,-0.0214046,m2
18997235,0.00035,-0.00224484,-0.0203684,m2
18924300,0.03575,-0.0111792,-0.0134824,m2
18992403,0.00015,0.0386504,0.0279221,m2
18995387,0.0004,-0.0220498,-0.0227843,m2
18996524,0.001,-0.0413899,-0.0599527,m2
18896768,0.00825,0.0109765,-0.0214022,m2
17647748,0.29475,-0.00780215,0.0068993,m2
10668987,1.0,-0.0122406,-0.0183471,m2
18997038,0.00055,-0.026813,0.001237,m2
18995960,0.0003,-0.0638558,-0.0440217,m2
18494067,0.0478,-0.0264633,0.0189782,m2
18876538,0.0218,0.0433898,0.0512085,m2
18725425,0.0026,-0.0394891,-0.0252175,m2
18997552,5.0e-05,-0.034368,-0.00221174,m2
18997918,5.0e-05,-0.0607865,-0.0314399,m2
18972354,0.0008,-0.07964,-0.0918938,m2
18934390,0.0011,-0.021219,-0.073189,m2
18997723,0.0001,-0.0478636,-0.0406666,m2
17849146,0.0175,-0.0193501,-0.00308938,m2
17805677,0.11395,0.0286042,0.00832677,m2
18944944,0.0269,0.0121057,-0.032037,m2
2887773,0.2906,0.000195248,0.0164785,m2
18995189,0.00025,0.0863172,0.0948642,m2
18967195,0.0038,0.0828989,0.0428555,m2
18997722,5.0e-05,0.0381532,0.0335238,m2
17132277,0.28535,0.00795942,0.0233483,m2
18560759,0.0444,0.0430406,-7.07108e-05,m2
18988790,0.0006,-0.0656827,-0.0477015,m2
7097546,1.0,-0.00631174,-0.0238726,m2
18980328,0.00365,-0.0478766,-0.0143937,m2
18208206,0.01575,0.0404223,0.0113627,m2
18994492,5.0e-05,0.000921311,-0.0240816,m2
18992592,0.0002,-0.0814527,-0.0395244,m2
18997035,0.00015,0.0178104,-0.0298258,m2
18997721,0.0001,-0.00431605,0.00139482,m2
18990511,0.00025,-0.123426,-0.0984219,m2
18992027,0.0005,-0.0718299,-0.0708681,m2
18972573,0.0046,0.0253387,0.0354151,m2
18538599,0.13985,0.00870746,0.0168837,m2
18997233,0.0002,-0.048343,-0.044698,m2
18958068,0.0034,-0.11182,-0.144339,m2
18921690,0.0193,0.00935349,-0.00361718,m2
18997917,5.0e-05,0.0191038,0.0278031,m2
253257,1.0,-0.0169559,0.00596999,m2
18985842,0.0013,-0.0108263,-0.0288135,m2
18875419,0.00135,0.115832,0.100701,m2
18984869,0.00225,0.0259597,-0.00508764,m2
18997916,5.0e-05,0.035317,0.0426869,m2
18762628,0.0336,-0.000745318,-0.0196098,m2
18997719,0.0001,0.0137617,0.00992649,m2
18996870,0.00015,-0.0202835,-0.00670172,m2
18956734,0.0008,-0.0168969,0.00359277,m2
18996126,0.00025,-0.113155,-0.107908,m2
18993562,0.0015,0.0186919,0.00140249,m2
18913621,0.0005,-0.0757033,-0.111845,m2
18791004,0.01065,0.0095075,0.0469955,m2
18997915,5.0e-05,-0.0241741,-0.0289706,m2
18530873,0.0088,0.0174234,0.00964944,m2
18616881,0.02575,0.0567971,0.044994,m2
18997232,0.0003,-0.000534089,-0.0112584,m2
18997396,5.0e-05,0.0198075,0.0497271,m2
18995034,0.0003,0.0132218,0.00847706,m2
18995792,0.0006,0.0254406,0.00595821,m2
11642519,1.0,0.00501564,-0.0117149,m2
18997230,5.0e-05,-0.00136169,-0.0157311,m2
18996868,5.0e-05,0.0547438,0.0627271,m2
18836162,0.00035,-0.0222061,-0.0203002,m2
18920731,0.00995,0.0416852,0.0387971,m2
18997030,0.00015,0.00927293,0.0205808,m2
18991825,0.0002,-0.0560847,-0.0638124,m2
18991460,0.00115,0.0358388,0.0341014,m2
18957303,0.0054,0.0405519,0.0417156,m2
18777876,0.0109,-0.00986728,-0.0253899,m2
18996718,5.0e-05,-0.015057,-0.0362115,m2
18997718,0.00015,-0.029209,-0.0208551,m2
18771970,0.0599,0.0491961,0.00693049,m2
18996519,0.00015,-0.00552869,-0.0110392,m2
18988177,0.0014,0.0510473,0.0569712,m2
18997717,0.0001,0.0195301,0.0387111,m2
18971591,0.0012,-0.0827953,-0.0855227,m2
18950876,0.00375,-0.024072,-0.0105831,m2
18993559,0.0002,-0.0200042,-0.018482,m2
18932824,0.00065,0.00527116,-0.00105813,m2
18997716,0.00015,-0.0239676,-0.00701523,m2
18956540,0.0071,-0.07121,-0.0579648,m2
18992972,0.00035,-0.054397,-0.0589653,m2
18843572,0.0468,-0.0342574,-0.0264732,m2
18981643,0.00075,-0.0189847,0.00987829,m2
18997914,5.0e-05,0.0317373,-0.00625829,m2
15581827,0.9666,-0.00597194,0.0115076,m2
16527089,0.63745,-0.0246689,0.0172251,m2
18994265,0.0001,-0.0242997,-0.00752979,m2
18996717,0.00025,-0.0676606,-0.0255637,m2
18997913,5.0e-05,-0.0845572,-0.069845,m2
18997912,5.0e-05,-0.0456325,-0.0701082,m2
18957110,0.00285,-0.00838189,0.00354423,m2
18969479,0.00065,-0.0742722,-0.091393,m2
18994662,5.0e-05,0.068898,0.0715461,m2
18972726,0.00505,-0.0213356,-0.0138297,m2
18997547,0.0001,0.00538908,0.0215986,m2
18992970,0.0002,-0.026006,-0.0407058,m2
18990139,0.00145,-0.115275,-0.102435,m2
18957853,0.00065,0.008753,-0.0374627,m2
18994264,0.00065,-0.00360309,0.00600636,m2
18978558,0.00265,-0.0123733,-0.0190503,m2
18994848,0.001,-0.0538149,-0.0579974,m2
18989552,0.00175,0.0472293,0.0422986,m2
18863268,0.0256,0.0215626,0.0339822,m2
18611903,0.0377,-0.0226633,-0.000663228,m2
4469337,1.0,0.0108126,0.0134761,m2
18892156,0.01625,-0.00395351,0.0196785,m2
18995950,5.0e-05,0.00884948,0.0334642,m2
18997226,0.00015,-0.0220052,-0.0114088,m2
18988171,0.00105,-0.00148526,-0.0159959,m2
18996330,0.00045,-0.124347,-0.116469,m2
16428693,0.5495,0.0310997,0.0185458,m2
18997225,0.0001,0.0335855,0.0131608,m2
18616697,0.01285,0.0227484,0.0356395,m2
18997911,5.0e-05,-0.0365832,-0.0128987,m2
18975962,0.00255,-0.0488211,-0.0445441,m2
16095522,0.43245,-0.0158929,0.00681193,m2
18996329,0.0002,0.0144667,0.0222491,m2
5934247,1.0,0.00382591,-0.0305926,m2
18997028,0.00025,-0.0464704,-0.0475571,m2
18996516,0.0001,-0.033357,-0.0110505,m2
18995946,0.0007,-0.00351544,0.0130442,m2
14606160,0.19315,-0.00966437,-0.00309917,m2
18982789,0.00125,-0.0917855,-0.0810271,m2
17961310,0.2436,0.0132636,-0.00834894,m2
18994845,0.00035,-0.0166308,-0.0559944,m2
18992198,0.0011,0.0377049,0.0403695,m2
18997713,0.0001,0.0495689,0.0638258,m2
18997910,5.0e-05,0.0680425,0.0622102,m2
17571692,0.229,-0.0100088,-0.0184755,m2
18997711,0.00025,-0.0131902,-0.0169172,m2
18978556,0.00065,-0.00207999,0.00918426,m2
18414224,0.00945,-0.0163893,-0.0100443,m2
18997223,5.0e-05,0.0266027,0.0267697,m2
18997909,5.0e-05,0.0257167,-0.00404725,m2
18991093,0.0009,0.00239829,0.0377098,m2
18996328,0.0002,-0.106006,-0.0587597,m2
18648381,0.05205,0.00210357,-0.00222798,m2
18756906,0.0029,0.0192011,0.0121162,m2
16717386,0.00655,0.00984552,0.0232048,m2
18994842,0.00015,-0.0284503,0.0111641,m2
18997710,5.0e-05,0.024555,-0.00207565,m2
18579464,0.009,0.0203701,0.0419457,m2
18595355,0.0081,0.0290528,0.0273217,m2
18993746,0.00015,-0.0306648,0.00854403,m2
18978555,0.00355,-0.0167201,-0.0240364,m2
18872621,0.0027,0.0288079,0.0362331,m2
18997222,0.00035,0.0544874,0.0643222,m2
18976348,0.004,0.00258607,-0.00549199,m2
18983705,0.0004,-0.0737698,-0.0445456,m2
18986824,0.00395,-0.0308381,-0.0198776,m2
18988168,0.0006,0.00391283,-0.0156494,m2
18997908,5.0e-05,0.045499,0.0820224,m2
18923380,0.001,0.0531025,0.0438905,m2
18997907,5.0e-05,-0.0678356,-0.059321,m2
18996117,0.0001,-0.0221767,0.0104388,m2
18997393,5.0e-05,-0.0169116,-0.0360629,m2
18997709,5.0e-05,-0.0149399,-0.0957204,m2
18997906,5.0e-05,0.0419062,-0.00107353,m2
18997545,5.0e-05,-0.0443922,-0.0350713,m2
18996116,5.0e-05,0.000911,0.00598583,m2
18995603,5.0e-05,-0.00714209,0.00728633,m2
18459865,0.01455,-0.0408791,-0.0272087,m2
18996513,5.0e-05,-0.00255845,0.0149264,m2
18997905,5.0e-05,0.0353535,0.0165219,m2
18995375,0.00085,0.0372415,0.0439673,m2
18854974,0.03655,0.00863208,-0.00135478,m2
18861527,0.0142,0.0100863,0.0291469,m2
18967378,0.00075,0.0931841,0.0622893,m2
18996512,0.00035,-0.048678,-0.0318846,m2
18997221,0.00015,-0.026261,-0.040071,m2
16754480,0.4037,0.0157901,0.0104531,m2
362539,1.0,0.00656376,0.00465359,m2
18988781,0.00095,-0.0593801,-0.0667248,m2
18971763,0.009,0.00824987,0.023685,m2
18994257,0.0002,-0.0369217,-0.0392419,m2
18987202,0.0048,0.0199294,0.0406965,m2
18767995,0.0327,-0.0185336,-0.0244889,m2
14776279,0.71475,-0.00250456,-0.00239692,m2
18997707,5.0e-05,-0.0874825,-0.07266,m2
18113247,0.02935,-0.0191315,-0.0323206,m2
18997024,0.00035,-0.0198081,-0.0211449,m2
18997706,5.0e-05,0.0256421,0.0253525,m2
18960799,0.00715,0.0569749,0.082409,m2
18973102,0.0021,-0.0460696,-0.0396985,m2
18996710,0.00025,0.0574562,0.0380733,m2
18907015,0.0117,-0.0426123,-0.0375253,m2
16681092,0.12125,0.00344662,0.0142452,m2
18996858,5.0e-05,0.0494615,0.0572171,m2
18996709,0.0007,-0.0264927,-0.0242776,m2
18991289,0.0001,0.114264,0.089895,m2
18995370,0.00025,-0.0121252,0.0318033,m2
18908503,0.00095,0.00618706,0.0343545,m2
18920724,0.02055,-0.0356509,0.0021333,m2
18901892,0.00145,0.0237544,0.00889681,m2
18997904,5.0e-05,0.0136123,0.02392,m2
18856125,0.0016,-0.00589615,0.0125405,m2
18452680,0.0806,0.0223707,-0.00534117,m2
18995940,0.0003,0.0608996,0.0399364,m2
18995369,0.0008,0.0293372,0.0168443,m2
18798915,0.0035,-0.00832965,-0.0152462,m2
16325973,0.6626,0.0147342,0.0279641,m2
18665602,0.029,0.00653576,0.0161111,m2
18997392,0.0001,-0.0172655,-0.0327949,m2
18768903,0.0054,-0.00831041,0.0362413,m2
18992189,0.00025,-0.00999766,0.00774239,m2
18997704,0.00025,0.0429266,0.0497303,m2
18991287,0.0003,0.0728929,0.0688278,m2
18997703,5.0e-05,-0.0144398,-0.00850865,m2
18997702,5.0e-05,-0.102852,-0.106004,m2
18931254,0.0023,-0.041861,-0.0348651,m2
18997541,0.00015,-0.0413595,-0.0247559,m2
17601459,0.60005,-0.0173313,-0.0191777,m2
18842206,0.01065,-0.0822307,-0.075354,m2
18962689,0.00205,-0.0394594,-0.058614,m2
18953578,0.0016,0.0104778,0.0334755,m2
16547073,0.11325,-0.016406,0.000837748,m2
18816042,0.01105,0.0399929,0.0405686,m2
18931253,0.01335,0.0653029,0.0314954,m2
18995178,0.0001,-0.1165,-0.157947,m2
18996708,0.0001,-0.0532322,-0.0508622,m2
18936605,0.0092,0.0307723,0.0419912,m2
18991815,0.00095,0.0201157,0.0434681,m2
18992780,0.00065,0.0181549,-0.00743098,m2
18943422,0.00745,-0.00680169,-0.056405,m2
18784985,0.0124,0.00658974,-0.0121175,m2
18881118,0.00355,0.0136332,0.0187654,m2
18997390,0.0002,-0.0172861,-0.0477802,m2
17661330,0.35695,-0.000990046,-0.0113175,m2
18611718,0.025,0.0163844,0.0210644,m2
18626330,0.0033,-0.0280416,-0.0384622,m2
18997389,0.0001,0.00116559,0.0188384,m2
18997903,5.0e-05,-0.0132822,-0.01523,m2
18983698,0.0018,-0.0397269,-0.0446809,m2
18994252,0.0018,-0.0139788,-0.030783,m2
13882509,0.8042,0.0190051,0.0135487,m2
18991085,0.00045,-0.104236,-0.0825292,m2
18997902,5.0e-05,-0.00936504,-0.0203304,m2
18997540,0.0001,0.0292043,0.0619701,m2
18996504,0.00025,-0.0285842,-0.0384201,m2
18914550,0.01465,-0.0103748,-0.0163628,m2
3968470,1.0,0.0148066,0.000484354,m2
18945890,0.00525,0.053559,0.0354264,m2
18987196,0.00045,0.00905584,-0.0138214,m2
18969039,0.0033,0.0379175,0.041711,m2
18994075,0.0005,-0.0481517,-0.00944515,m2
18804144,0.0491,0.022224,0.0489461,m2
18997539,5.0e-05,-0.00478178,-0.0206251,m2
18984675,0.0033,0.00394599,-0.008001,m2
18987993,0.002,-0.0477463,-0.0570323,m2
18992572,0.0003,-0.0644012,-0.0564711,m2
18817181,0.0054,-0.0131967,-0.00893968,m2
18907200,0.00225,0.0117328,0.0379091,m2
18994834,0.00015,-0.091235,-0.110771,m2
18895022,0.00515,-0.053967,-0.00833418,m2
14505739,1.0,-0.0102763,-0.0125282,m2
18974447,0.0022,0.0256427,0.0242457,m2
11699642,0.6945,0.0110362,0.0097912,m2
14284200,0.40605,0.0214028,0.0201176,m2
18997901,5.0e-05,0.0442492,0.0157224,m2
17855524,0.0562,-0.0191749,-0.014282,m2
18978931,0.0009,0.0661786,0.0622858,m2
18897353,0.00775,-0.00274463,-0.000168584,m2
18967173,0.0027,-0.0338305,0.0340489,m2
18963876,0.00625,0.0358711,0.0253274,m2
18990128,0.0013,-0.053054,-0.0110001,m2
18997700,5.0e-05,-0.0506531,-0.0453813,m2
18995021,0.0017,0.0542647,0.0541382,m2
18989699,0.00085,-0.0332994,-0.074177,m2
18995020,0.0001,-0.0168624,-0.0199785,m2
18987192,0.0009,-0.0383973,-0.052149,m2
18872765,0.0014,-0.0381072,-0.0642528,m2
18985253,0.0054,-0.0257297,-0.0213702,m2
18972554,0.001,-0.0641375,-0.0621274,m2
18994073,0.0008,-0.0192046,-0.019479,m2
18997218,0.0004,-0.0486122,-0.0469336,m2
18505689,0.01475,-0.0670963,-0.0293769,m2
18987019,0.00135,-0.0232887,-0.0282539,m2
18997900,5.0e-05,0.104422,0.104924,m2
17074511,0.34755,0.00105182,-0.0252449,m2
18992569,0.00325,0.00789072,-0.00273678,m2
18957654,0.00395,-0.0487292,-0.0841011,m2
18996855,0.0001,-0.0933398,-0.0580163,m2
18991084,0.0009,0.0459085,0.0324146,m2
18992775,0.0002,0.00734969,0.0011957,m2
18719802,0.03005,-0.0449429,-0.0336531,m2
18995937,0.00025,-0.0871246,-0.0790072,m2
18969231,0.0013,-0.0349439,0.0195616,m2
18982776,0.0026,-0.0411768,-0.0376278,m2
18979128,0.0003,-0.0221934,-0.0115135,m2
18996853,0.0004,-0.0112409,-0.00882745,m2
18997387,0.00015,-0.0172807,-0.0252725,m2
18997217,0.0002,0.0402892,0.0536148,m2
18997216,0.0001,-0.0749733,-0.103704,m2
18737892,0.03105,0.0170963,-0.000504831,m2
18981089,0.00345,-0.00832332,0.00529519,m2
18994248,0.0013,0.0596965,0.0252164,m2
18997899,5.0e-05,0.0523165,0.0132899,m2
18992002,0.00165,0.00660475,0.0164571,m2
18452858,0.0224,0.00715876,-0.01726,m2
18993935,0.0001,-0.0365622,-0.0215261,m2
18486570,0.0207,0.00104583,0.00264073,m2
16544907,0.1634,0.0176092,-0.0179753,m2
18986622,0.00075,0.0665004,0.084804,m2
18997534,5.0e-05,-0.0312482,-0.011231,m2
18966794,0.0101,0.0200223,0.0082992,m2
4399839,1.0,0.0118858,0.0124515,m2
14721455,0.94115,-0.0239682,-0.0110852,m2
18996702,0.0002,-0.0380709,-0.0430312,m2
18806270,0.0007,0.0159768,0.0304222,m2
18963481,0.00025,-0.0150047,-0.0548225,m2
18853736,0.0078,-0.00872539,-0.0297545,m2
18995361,0.0002,0.0487074,0.0875704,m2
18051852,0.0039,-0.0275631,-0.037743,m2
15364228,0.2736,0.0104204,-0.0151092,m2
18992175,0.00185,0.0504408,0.0358866,m2
16974848,0.4944,-0.000191311,0.0250238,m2
18896382,0.02295,0.0626298,0.0509467,m2
18974437,0.0065,-0.0120766,-0.029759,m2
18997214,0.0002,-0.0786531,-0.0741004,m2
18973707,0.00075,-0.0161186,-0.0204499,m2
18993733,0.00025,0.00932921,-0.0129879,m2
18995172,0.0001,0.0139931,0.019364,m2
18992372,0.00105,-0.106365,-0.0511881,m2
18994646,0.0003,0.0400593,0.0588956,m2
18753881,0.13355,0.0163929,0.0103051,m2
18997533,5.0e-05,-0.0272773,-0.0197166,m2
18997898,5.0e-05,0.0499237,0.0203982,m2
18435530,0.0075,-0.00219948,0.0279219,m2
18997384,0.00015,0.055615,0.0879821,m2
18989345,0.00685,-0.00683927,0.00364191,m2
18816613,0.03965,0.00169438,-0.00445178,m2
18996108,0.00015,-0.0208152,-0.0196987,m2
18997532,5.0e-05,0.0242533,0.00826816,m2
9089778,1.0,-0.0110977,-0.0310139,m2
11034896,1.0,0.0148968,-0.0061906,m2
7439968,1.0,0.00857285,0.0184582,m2
18996107,0.00055,-0.0476461,-0.0395837,m2
18658678,0.01635,-0.0240354,-0.0150935,m2
18914146,0.00055,-0.0294227,-0.0225408,m2
18153286,0.04125,0.0195727,0.0174319,m2
2616200,1.0,-0.0189221,-0.00330003,m2
18997897,5.0e-05,-0.0274651,-0.00117644,m2
18977239,0.00055,-0.0866006,-0.0670999,m2
18995932,0.00015,-0.00342693,0.0226856,m2
18870527,0.01945,0.00757142,0.0304704,m2
18997896,5.0e-05,-0.0972827,-0.0892263,m2
18997895,5.0e-05,-0.0228073,0.016801,m2
18208012,0.01555,-0.00125282,0.0483057,m2
18993933,0.0004,0.00594001,-0.00618826,m2
18923699,0.0074,0.0252168,0.0279345,m2
18985243,0.00205,-0.00428303,-0.00667404,m2
18477973,0.02485,0.0265091,0.0520061,m2
18621802,0.009,0.0136618,0.0261564,m2
18997016,0.00035,-0.0426926,-0.066998,m2
18623481,0.00515,-0.0430737,-0.0539774,m2
18997697,5.0e-05,0.0590307,0.0691457,m2
18945880,0.00345,-0.0551316,-0.0803994,m2
18994642,0.00025,-0.0326785,-0.0281114,m2
18963111,0.0053,-0.00774157,-0.00352028,m2
18919919,0.0049,-0.0327647,-0.0615126,m2
18996311,0.00015,-0.0172057,-0.00914774,m2
18931606,0.00185,0.0611977,0.0410988,m2
18870146,0.0069,0.0562719,0.0376959,m2
18995359,0.00015,-0.030191,-0.0688938,m2
18982982,5.0e-05,0.0456755,0.0680544,m2
18062767,0.05385,0.0220852,0.0491504,m2
18716956,0.01305,-0.0447795,-0.0235601,m2
18991996,0.0009,-0.0513653,-0.0467609,m2
18831347,0.00455,-0.0404395,-0.0134952,m2
18861102,0.0175,0.016879,0.0116007,m2
8708151,1.0,-0.00427613,-0.0304059,m2
18997210,0.0002,0.0044365,0.0117096,m2
18997209,0.0001,0.01803,0.0316682,m2
18996309,0.0002,-0.0285223,0.0318552,m2
18984085,0.0009,-0.0393985,-0.0609987,m2
18957650,0.0014,0.0878739,0.0703242,m2
18604117,0.057,0.0401235,0.0603521,m2
18986221,0.003,0.130204,0.109657,m2
18995773,0.00015,0.0340401,0.00933253,m2
18869931,0.02435,0.0646868,0.0863142,m2
18995593,0.00015,-0.0357373,-0.0195166,m2
18987759,0.0005,-0.0266029,0.00254457,m2
18970263,0.002,-0.031033,0.0263863,m2
18965789,0.0021,0.00952326,0.0408138,m2
17912086,0.12695,0.00610914,0.0197921,m2
18979526,0.00125,0.0670929,0.0511355,m2
18931603,0.00355,0.0420718,0.0434168,m2
18986804,0.0017,0.095815,0.0908499,m2
18962143,0.00315,-0.153182,-0.124754,m2
18996308,0.0003,0.0354652,0.013815,m2
18997381,0.00025,0.0188296,0.0581579,m2
4886668,1.0,0.00499797,0.00076245,m2
18997207,0.00015,0.0157257,0.0075612,m2
18963106,0.00145,-0.0446257,-0.0414338,m2
18987985,0.00035,0.0126275,0.00201723,m2
18991994,0.0027,-0.0576627,-0.0828858,m2
18960786,0.00185,-0.0495555,-0.0391189,m2
18351506,0.03475,-0.0313039,0.00888278,m2
18977975,0.00445,-0.0486203,-0.0239117,m2
18970851,0.0001,0.0396728,0.0629181,m2
15137440,0.82,-0.011118,-0.0136691,m2
18996849,0.0003,-0.00528669,-0.0213912,m2
18897338,0.0239,-0.041512,-0.0321796,m2
18997696,0.0001,0.00402184,-0.00403312,m2
17328792,0.0586,-0.00882555,0.0273706,m2
18724456,0.00315,-0.0143617,0.027207,m2
18997528,0.00025,-0.0711208,-0.0733039,m2
18990114,0.0001,0.0307656,0.0702721,m2
18779326,0.00815,-0.0137904,0.0122135,m2
18992560,0.00285,-0.00442343,-0.0258571,m2
18997695,5.0e-05,0.00504195,-0.0136284,m2
18976139,0.00015,0.0239948,0.0406839,m2
18993123,0.00065,-0.070759,-0.0878431,m2
18962680,0.0012,0.120214,0.142824,m2
18987179,0.0015,0.0173994,0.0211881,m2
18994640,0.00015,0.024898,0.0265395,m2
18932804,0.0016,0.0236075,0.042497,m2
18997379,0.00035,0.0250329,0.0163926,m2
18727137,0.0487,0.0407587,0.0455006,m2
18992165,0.0006,-0.0596938,-0.0535939,m2
18710939,0.03105,-0.0305283,0.0122879,m2
18970259,0.00245,-0.0537024,-0.00754423,m2
18994827,0.00075,-0.0566652,-0.0610815,m2
18838562,0.02105,-0.0134981,-0.0300302,m2
18983170,0.00115,0.0568746,0.0682457,m2
18863243,0.07325,0.051883,0.0304647,m2
18949692,0.0042,-0.0180834,-0.0208381,m2
18997204,0.0002,-0.00427066,-0.0353958,m2
18924642,0.0036,0.018928,0.0072301,m2
326122,1.0,-0.0309674,-0.0223715,m2
17983774,0.0306,-0.02778,-0.0362955,m2
18997378,0.0002,0.0217238,0.0342373,m2
799523,1.0,0.00433785,-0.00207118,m2
13183500,0.5732,0.000548579,0.0242581,m2
18989530,0.00235,-0.0394545,-0.00790631,m2
18993926,0.00015,0.0355505,-0.00304433,m2
18997012,0.0001,-0.0144751,-0.00113062,m2
18882459,0.0061,0.0048848,0.00458107,m2
18693017,0.00495,-0.0206491,-0.0137457,m2
18989914,0.0023,-0.0234102,-0.00389193,m2
18932192,0.0007,0.0113124,-0.00120528,m2
18914535,0.0051,0.0013612,0.0345839,m2
18990113,0.0006,-0.07451,-0.0322062,m2
18997011,0.0003,-0.0173745,-0.0308015,m2
18997202,0.0001,-0.0244319,-0.039041,m2
18997201,0.00025,-0.102049,-0.0943868,m2
18997894,5.0e-05,0.0224643,0.00493948,m2
12573629,1.0,0.0222504,0.0123293,m2
18995163,5.0e-05,-0.000368586,0.00622571,m2
18970460,0.0096,-0.00947593,-0.00302132,m2
18980066,0.00115,-0.012612,0.000481108,m2
18995590,0.0003,0.0253315,0.0228848,m2
18661930,0.0352,0.00597368,-0.0185802,m2
18930254,0.00515,-0.033104,-0.0274935,m2
18996491,0.0003,-0.0182249,0.00662004,m2
18990478,0.0002,-0.0147731,-0.0427207,m2
18750869,0.0298,-0.0190125,-0.024633,m2
6803525,1.0,0.00423185,0.00246263,m2
18995010,0.0001,-0.041589,-0.0362585,m2
18983129,0.00145,-0.0450181,-0.0503133,m2
18993316,0.0009,-0.0585583,-0.0577092,m2
18804701,0.01815,-0.0360308,-0.0112923,m2
18487483,0.02655,0.0035368,-0.00615957,m2
18466077,0.0348,0.03307,0.0149661,m2
18965781,0.0002,-0.0662543,-0.0572281,m2
18984265,0.00075,0.0204439,0.0385104,m2
18876463,0.0086,-0.0579787,-0.0662588,m2
12003087,0.91505,-0.00967774,-0.013449,m2
18997694,0.0001,-0.0290146,0.00242783,m2
18997893,5.0e-05,0.0328828,0.0561532,m2
18970252,0.004,-0.0356512,-0.0218858,m2
18997693,0.0001,0.0215423,0.0604316,m2
18872428,0.003,-0.0207119,-0.00314197,m2
18994462,0.00085,-0.0494542,-0.0281406,m2
18997377,0.0001,-0.017032,-0.00351432,m2
18942469,0.0008,0.0287506,0.0261437,m2
18995161,0.00065,-0.00817192,-0.0107186,m2
18997200,0.0001,0.0186649,0.0420642,m2
3405371,1.0,0.0105963,-0.00858445,m2
18869538,0.01465,0.016423,-0.0240478,m2
6634147,1.0,0.0044055,0.00278375,m2
18984263,0.00015,0.0503165,0.0726478,m2
18959890,0.00095,0.0017529,-0.0251381,m2
18942652,0.00465,-0.0429762,0.00150702,m2
18036119,0.0264,-0.00235231,0.0158692,m2
18993725,0.00125,0.046336,0.0467023,m2
18990474,0.0019,-0.036967,-0.0315164,m2
4329702,0.50765,-0.00583702,-8.82327e-05,m2
18989122,0.00055,-0.0672422,-0.0115458,m2
18997527,5.0e-05,-0.0259179,-0.0354646,m2
4986342,1.0,-0.0021891,-0.0136665,m2
18997009,0.00035,-0.0223468,-0.0246698,m2
18997376,0.0001,0.072153,0.0585956,m2
18997526,0.0001,-0.0826188,-0.0458003,m2
18384994,0.0442,-0.0275862,0.00364666,m2
18987755,0.0004,-0.0183201,-0.0300289,m2
11783178,0.49215,0.00366467,-0.00974955,m2
18943775,0.0137,0.0565631,0.0895247,m2
18975722,0.00015,-0.0189324,-0.00625777,m2
6136879,1.0,-0.0287417,-0.0160642,m2
8703026,1.0,0.00571921,-0.018499,m2
18990104,0.00065,-0.0225317,-0.056698,m2
18781037,0.0063,-0.0185212,-0.0166022,m2
18891354,0.00295,0.0699469,0.0467558,m2
18991060,0.0001,-0.0176217,0.0123258,m2
18996281,0.00015,0.0187687,0.0197523,m2
18996839,5.0e-05,0.0384826,0.0304386,m2
18848062,0.03725,-0.0587211,-0.00464805,m2
18987559,0.0001,-0.0317378,-0.0177637,m2
18994636,0.00085,0.0264072,0.0123546,m2
18822508,0.00675,-0.0136339,0.0258285,m2
18997525,5.0e-05,-0.0246319,-0.0321947,m2
18995524,0.00035,-0.00231583,0.00804513,m2
18320843,0.1189,-0.0299448,0.000443314,m2
15296103,0.03225,0.00204117,-0.00413196,m2
18995764,0.00015,-0.0586792,-0.0595684,m2
18990286,0.00035,-0.0204988,0.00866371,m2
648805,1.0,-0.00366777,-0.0112153,m2
18997182,0.00025,-0.0507948,-0.0275223,m2
18997198,0.00035,0.000651769,-0.0344667,m2
18994424,0.00045,0.0396066,0.0546156,m2
18995586,0.0002,0.0253615,0.026713,m2
10725949,1.0,-0.00822347,0.0174807,m2
18366397,0.043,0.0167686,-0.00631098,m2
15685059,0.89355,-0.00488823,-0.00164181,m2
18997692,0.0001,-0.0270466,-0.0641203,m2
13903100,0.1933,0.0246628,0.0024775,m2
18982204,0.0002,0.00989699,0.0416519,m2
18997691,0.0001,0.0265352,0.0149843,m2
18994056,0.0009,0.0133447,0.0138004,m2
18993472,0.0008,-0.0766852,-0.12937,m2
2247085,1.0,-0.02093,-0.0119602,m2
18991426,0.00055,-0.0370412,0.0139146,m2
13278795,1.0,0.013202,-0.00186648,m2
18997690,5.0e-05,-0.00827819,-0.0313436,m2
18995585,0.00015,0.00346229,0.00462875,m2
17817588,0.0035,0.00882467,-0.0291115,m2
18996692,0.0002,-0.00370282,0.00476843,m2
18993886,0.00125,-0.0803347,-0.114076,m2
18997689,5.0e-05,0.0716067,0.0755314,m2
18993720,0.0006,0.0233704,0.0280353,m2
18297034,0.16655,-0.00949964,0.0188406,m2
18997891,5.0e-05,-0.051852,-0.0698659,m2
18824857,0.0459,-0.0032656,-0.0133888,m2
18981247,0.0029,0.110867,0.0876661,m2
18997890,5.0e-05,-0.0299316,-0.00399163,m2
18045957,0.15025,0.0200899,0.00996345,m2
18997687,5.0e-05,-0.0813231,-0.0725788,m2
18795327,0.02285,0.00893824,0.0449085,m2
18913595,0.0032,-0.0269265,-0.0383779,m2
7193289,1.0,0.00517275,0.0136274,m2
5745758,1.0,-0.00860451,0.00279407,m2
18997372,5.0e-05,-0.0202478,-0.0103273,m2
18975006,0.0008,-0.0498508,-0.0414803,m2
18995582,0.0001,0.0156954,-0.00464612,m2
18986997,0.0032,-0.0442301,1.55144e-05,m2
18997371,0.0001,-0.03534,-0.0564303,m2
18864925,0.00335,-0.0804084,-0.0649569,m2
18961137,0.00615,0.00176462,-0.00775092,m2
18780469,0.0089,-0.0451253,-0.0130342,m2
15329500,0.7297,-0.00317751,-0.00604284,m2
18904213,0.0034,-0.040001,-0.0300267,m2
18514759,0.0489,0.0187639,0.0227701,m2
18997686,0.0001,-0.0470627,-0.0443646,m2
15227711,0.10325,-0.0145269,-0.00821889,m2
18991425,0.0002,0.0285247,-0.011248,m2
18997178,5.0e-05,0.145621,0.128247,m2
17557127,0.4106,0.00795605,-0.002616,m2
18991979,0.0025,0.00478655,0.00669846,m2
18946996,0.0029,-0.0122119,-0.0119507,m2
18996659,0.00025,0.0982856,0.08671,m2
18975351,0.0037,-0.0750671,-0.0823725,m2
18995001,0.00065,0.0179124,0.0153392,m2
18995345,0.0007,-0.0564885,-0.0148846,m2
18996658,0.00045,0.12862,0.0994863,m2
18899562,0.01715,-0.0198913,-0.00292289,m2
18018599,0.0308,0.00179168,0.010128,m2
18991631,5.0e-05,-0.00237024,0.0468292,m2
18995758,0.00095,0.0491184,0.00146291,m2
18987554,0.0011,0.018282,-0.00775968,m2
17919050,0.0115,0.0221058,-0.00713372,m2
18722710,0.10935,0.0480812,0.0147321,m2
18994427,0.00105,-0.0392164,-0.0645657,m2
18503846,0.0306,0.0142021,-0.00157725,m2
18900715,0.0143,0.0011432,0.0038636,m2
18979895,0.00465,-0.0206048,-0.0364739,m2
18992717,0.0003,0.0179705,-0.0162915,m2
18997370,0.0001,-0.00649214,0.00128905,m2
18985039,0.00015,-0.0398296,-0.0432451,m2
18989114,0.00285,-0.0119165,-0.00104877,m2
18986996,0.00095,2.83076e-05,0.00266026,m2
18994428,0.00025,0.0167832,-0.0362285,m2
18989876,0.00095,0.0145644,0.0783233,m2
15674467,0.1632,-0.00377934,-0.0023904,m2
18997176,0.0001,-0.0587442,-0.0349973,m2
18997184,0.0001,0.031916,0.0156392,m2
18976667,0.004,-0.00636778,-0.0174084,m2
18965429,0.00465,-0.0132822,0.0228186,m2
18832470,0.0867,0.00773333,0.0147615,m2
18997889,5.0e-05,-0.0442507,-0.0741212,m2
18881088,0.00505,0.0669658,0.0493072,m2
18989515,0.00085,-0.0271782,-0.0295351,m2
18985446,0.00475,-0.0709542,-0.043056,m2
18917945,0.01015,-0.0189994,-0.0363179,m2
18756291,0.04475,0.00126726,-0.00367138,m2
1711534,1.0,-0.00228597,0.00853056,m2
18880082,0.0183,-0.0279318,-0.0382289,m2
18989324,0.0002,-0.0675048,-0.0729401,m2
18980296,0.0025,-0.0101585,0.00505238,m2
18980058,0.00265,0.0896296,0.0470419,m2
18971215,0.0007,-0.0447632,-0.0406512,m2
18995526,0.0011,0.0152602,0.0272061,m2
18771389,0.0284,0.0527751,-0.00684524,m2
18965770,0.0065,0.00894906,0.0404836,m2
18994450,0.00025,-0.0335491,-0.0379656,m2
18977227,0.0026,0.0489936,0.0695546,m2
18966950,0.00225,0.112183,0.0977298,m2
18982396,0.0006,-0.0570684,-0.0432579,m2
18935107,0.0074,0.016152,0.00893781,m2
18991254,0.0004,-0.00283363,0.0018889,m2
12270206,0.7228,0.0123745,-0.00177222,m2
16703030,0.16545,0.00852055,0.00838829,m2
1886992,1.0,0.00503138,0.0234941,m2
18791318,0.00805,0.0384226,0.0328648,m2
13436722,0.7297,0.0216557,0.00400394,m2
18993877,0.0004,-0.109781,-0.118096,m2
18997888,5.0e-05,0.0243427,0.0408916,m2
18975344,0.0022,0.0318733,0.00814778,m2
18970242,0.00425,-0.0789868,-0.0546095,m2
18873703,0.016,-0.034575,-0.0257578,m2
18995343,0.0007,-0.0901591,-0.0428687,m2
18997368,5.0e-05,-0.041466,-0.039968,m2
18882045,0.0138,0.000975216,0.02108,m2
18977403,0.00555,0.0798647,0.0518451,m2
18961311,0.00495,-0.0716876,-0.0209461,m2
18992931,0.0005,-0.0418199,-0.0417414,m2
18988366,0.0005,-0.0585406,-0.0645565,m2
18989322,0.00205,-0.0244484,-0.0012825,m2
17804669,0.26235,0.0167494,0.000266824,m2
18987746,0.00215,-0.00858508,0.00600818,m2
3693272,1.0,0.000235167,0.0174383,m2
10912822,1.0,0.00466876,-0.0029744,m2
6313243,1.0,-0.0374831,-0.036187,m2
18982008,0.00075,-0.0760908,-0.048613,m2
18970447,0.0013,-0.0302883,-0.0354561,m2
18921079,0.01235,0.0282041,0.0313918,m2
18813521,0.0048,-0.0128823,-0.000504053,m2
18990465,0.00095,0.0288209,0.024903,m2
18990263,0.0001,-0.0765141,-0.0659508,m2
18986993,0.00425,0.0462036,0.0485868,m2
12887515,0.21675,-0.0183381,-0.00700248,m2
18766989,0.0229,0.0270757,0.012512,m2
18351890,0.0867,0.00351955,0.0133734,m2
11466502,1.0,0.00786167,0.00368,m2
18993876,5.0e-05,-0.0170227,-0.0240092,m2
18982931,0.00135,-0.0502378,-0.0270337,m2
18997367,0.0001,-0.0391804,-0.0670818,m2
18997887,5.0e-05,-0.0712334,-0.0524627,m2
18980487,0.00015,-0.0179976,-0.020314,m2
18995754,0.0001,-0.0236058,-0.0422264,m2
10957126,1.0,-0.00864504,-0.0107399,m2
18963045,0.00695,-0.0909649,-0.102909,m2
18535900,0.0031,0.0491131,0.0172453,m2
3708502,1.0,0.00978511,0.00407309,m2
18981244,0.00275,0.0951002,0.0994786,m2
18970445,0.0054,0.0501541,0.0615628,m2
17001784,0.13705,-0.0135176,-0.00556368,m2
18939434,0.0079,-0.0225225,-0.0183656,m2
18996649,0.00015,0.0186322,0.0493393,m2
3730958,1.0,-0.0138056,-0.0132629,m2
15813363,0.3649,0.00555745,-0.0107186,m2
18997886,5.0e-05,-0.0752729,-0.0867338,m2
18993520,0.00085,0.0429404,0.072236,m2
18986599,0.00175,0.0777256,0.0497782,m2
18995522,0.00025,-0.00804527,-0.0481843,m2
18961323,0.00045,-0.113672,-0.120018,m2
18997348,0.0002,-0.00316273,-0.0223775,m2
18982928,0.00105,-0.000776595,0.0358873,m2
18997192,0.00015,0.0572464,0.039778,m2
13337106,0.2478,-0.0106294,-0.00471967,m2
18997885,5.0e-05,0.00870187,-0.00602221,m2
18980485,0.00215,0.0165076,0.0184628,m2
4848527,1.0,-0.00852853,0.00241991,m2
18994627,0.00045,0.072981,0.0668117,m2
18993465,0.00335,-0.0339368,-0.0366012,m2
18967508,0.0027,-0.0479985,-0.0179605,m2
18990276,0.0009,-0.0174559,0.00691335,m2
18992915,0.0012,0.00982192,0.0270705,m2
17127318,0.2842,-0.000887615,-0.00811076,m2
18698155,0.0267,0.0135093,0.00305584,m2
18971704,0.00535,0.0386432,0.0313757,m2
18982598,0.0013,-0.105762,-0.109369,m2
18986791,0.0001,-0.0150751,0.00113047,m2
11180686,1.0,-0.0218125,0.000968326,m2
18906973,0.0486,-0.0423735,0.0121296,m2
18997365,0.0002,-0.00656866,-0.0152576,m2
18996664,0.00025,-0.107919,-0.112268,m2
18450328,0.0412,0.0309927,0.052603,m2
18915053,0.0156,-0.0334015,0.00672896,m2
16189410,0.6091,0.000234257,0.00517692,m2
18981817,0.00055,0.0169479,0.0122913,m2
18993302,0.00025,0.013821,0.0251042,m2
15996630,0.7149,-0.00368153,-0.00473684,m2
18994998,0.0004,-0.0176217,-0.00211479,m2
18996277,5.0e-05,0.152537,0.140423,m2
18796020,0.0067,-0.00871736,0.00937165,m2
18995753,0.00015,0.0199312,0.0488356,m2
18992349,0.0003,0.0235429,0.0111085,m2
18958191,0.0015,0.0983624,0.11721,m2
18997364,0.0001,-0.0176891,-0.013237,m2
18906188,0.0105,0.0142037,-0.00685193,m2
18995550,0.0006,-0.00142199,-0.00932476,m2
18898393,0.02115,-0.00112226,0.0324942,m2
18899549,0.0125,-0.00391778,0.0022603,m2
18983845,0.0015,-0.0200819,0.00529967,m2
18989295,0.0018,-0.000351191,0.023069,m2
18997169,0.00025,0.00124011,-0.000330534,m2
18977755,0.00065,-0.0027727,-0.0243708,m2
18325980,0.0277,-0.0145449,-0.0278515,m2
18993463,0.00055,-0.0638846,-0.0736056,m2
18991248,0.0004,0.0581751,0.033928,m2
18988541,0.00045,0.0441725,0.0461655,m2
18990441,0.0034,-0.0168425,-0.0146717,m2
18853291,0.01025,0.00664977,-0.0317644,m2
18754401,0.02205,0.0752633,0.035307,m2
13881576,0.05465,-0.0579353,-0.0472645,m2
18993686,0.0004,-0.0566505,-0.0690268,m2
18996093,0.0002,0.0132934,0.0433424,m2
18986787,0.00155,-0.0362214,-0.0564719,m2
18041635,0.1601,-0.00598433,0.024993,m2
18946815,0.0097,-0.0341684,-0.0561487,m2
18954292,0.00375,-0.01169,0.00186211,m2
16244410,0.0404,-0.0140997,-0.000561822,m2
18692464,0.03035,-0.0188388,-0.00908234,m2
18860687,0.03165,-0.0326916,-0.0386338,m2
18994426,0.0004,0.0111972,-0.00767976,m2
18888487,0.0151,-0.0399001,-0.0769519,m2
18993909,0.00035,-0.0201995,-0.0276861,m2
18997189,0.0001,0.0845853,0.0868486,m2
18997164,5.0e-05,0.0720216,0.0643938,m2
18996682,0.0003,0.0226008,0.00469052,m2
18993908,0.00015,0.029836,0.0306997,m2
18990426,0.00015,0.0224357,-0.0121652,m2
18826133,0.0089,0.0616861,0.0534647,m2
18989506,0.0019,0.0091048,0.0359181,m2
10721048,0.07945,0.0148563,5.79924e-05,m2
18772723,0.0653,0.0103969,-0.0253513,m2
18077660,0.0152,-0.0226072,0.00429953,m2
18996663,0.00015,0.00767751,0.00222653,m2
18977219,0.0048,0.0116579,0.0651175,m2
18786286,0.02135,0.0372393,0.0788208,m2
18991971,0.00215,0.024034,0.033335,m2
18918687,0.02105,0.0150399,0.0291089,m2
18892518,0.00985,-0.0689277,-0.0596361,m2
18997361,0.0003,0.163707,0.115622,m2
18995517,0.00045,0.117988,0.116705,m2
18990459,0.00245,-0.0244234,-0.0347864,m2
18926126,0.0082,0.0501834,0.04631,m2
18956841,0.00745,-0.0524118,-0.05323,m2
18990432,0.00165,0.0759822,0.0376007,m2
16115579,0.2159,0.014207,0.00129938,m2
18993299,0.00025,0.00589602,0.00531079,m2
18989852,0.0019,-0.0233446,-0.0216082,m2
18656140,0.01415,0.0219927,0.0261661,m2
16822863,0.06175,-0.0121621,0.00851616,m2
18995565,0.0008,-0.016974,-0.0148628,m2
18901475,0.02285,0.0212087,0.0175072,m2
18996465,0.0006,0.031544,0.00821088,m2
18918517,0.0298,0.0616685,0.0369754,m2
18997360,5.0e-05,0.0760217,0.0599798,m2
18914882,0.0089,0.0344138,0.0335792,m2
17663276,0.07785,0.0170864,0.0124917,m2
18988536,0.00035,-0.0322772,-0.0390988,m2
18678358,0.00495,0.0523061,0.0259004,m2
18996273,0.0003,0.0504924,0.0597403,m2
16381057,0.07945,0.00116117,-0.0194269,m2
18994807,0.0001,-0.00508465,-0.0126864,m2
18629152,0.0383,-0.0245749,0.00622495,m2
18918929,0.0042,0.0118534,0.00508887,m2
18996092,0.0002,-0.0226022,0.0128028,m2
18844687,0.009,0.0126443,0.0386121,m2
18902665,0.0037,-0.0530874,-0.0710074,m2
18995528,0.0005,-0.0906248,-0.0730311,m2
18667061,0.03835,-0.00801487,0.0207687,m2
18914712,0.0039,0.00500846,0.0103707,m2
18997351,5.0e-05,-0.0630887,-0.0516534,m2
13117022,0.55065,0.0209824,-0.00948731,m2
18884842,0.0244,0.0085732,0.0186642,m2
18985962,0.0003,-0.065667,-0.0539425,m2
18444216,0.0567,0.0305763,0.0383423,m2
18980261,0.00325,0.0145347,0.0110991,m2
18952006,0.00115,0.00620783,-0.00761621,m2
18029096,0.0351,-0.0591165,-0.0461908,m2
18997883,5.0e-05,-0.0312032,-0.0291714,m2
18743420,0.0442,-0.00623572,-0.00109499,m2
18991037,5.0e-05,0.0137674,0.0850318,m2
18940569,0.01375,-0.0288533,-0.0147619,m2
18886057,0.0017,0.0784433,0.0503616,m2
17709211,0.19365,9.81169e-05,-0.0314236,m2
18996678,0.0001,-0.0511314,-0.0250702,m2
18989893,0.0049,-0.0249086,-0.0127421,m2
18898391,0.00035,-3.93986e-05,0.0192217,m2
18993494,0.0013,0.0151009,0.0292451,m2
18997357,0.0001,0.0492045,0.0270437,m2
18985963,0.0003,-0.00296698,-0.0151834,m2
18495853,0.0879,0.00437967,-0.00618115,m2
18983863,0.00555,-0.0632884,-0.0592959,m2
18993691,0.0022,-0.002984,0.0294037,m2
18995750,0.0006,-0.0265169,0.00789804,m2
18969616,0.0115,0.0152933,-0.00721937,m2
17699700,0.04605,-0.00375958,0.0088477,m2
17905152,0.1198,0.013692,-0.0149094,m2
18989849,0.0003,-0.0400146,-0.00317637,m2
14490697,0.3988,-0.00066604,0.00935521,m2
18978135,0.00175,-0.0396634,-0.0231354,m2
18977397,0.00435,-0.0245614,-0.0515444,m2
18982563,0.005,0.0534786,0.0689787,m2
18645987,0.0036,-0.0174337,0.00411221,m2
18948357,0.01055,0.000903491,-0.0187706,m2
17862693,0.01535,-0.0212468,-0.0297483,m2
18996272,5.0e-05,-0.0181062,-0.010508,m2
18095945,0.0517,-0.000366869,-0.0127246,m2
18995749,0.00025,-0.0154564,-0.0285586,m2
18987951,0.00035,-0.000917721,-0.00766785,m2
18993863,0.0004,0.0216813,0.00583754,m2
18967880,0.00035,-0.0266853,-0.0154328,m2
18996669,5.0e-05,-0.0729405,-0.0397055,m2
18991234,0.00155,0.0502339,0.0523813,m2
18992335,0.00075,-0.0364806,-0.0508698,m2
18375185,0.0351,0.0584104,0.0778608,m2
17384171,0.0261,0.000294314,0.0179383,m2
18996290,0.00035,-0.0113346,-0.015793,m2
18987929,0.0007,0.104415,0.128086,m2
18952002,0.01275,0.0115452,0.00526397,m2
18997354,5.0e-05,-0.0148101,0.0143985,m2
18993859,0.00135,0.00440463,0.0311465,m2
18992339,0.00275,0.0107158,0.0445722,m2
18981788,0.00085,0.0189933,0.0083385,m2
18996674,0.00035,-0.0745949,-0.0909445,m2
18971716,0.002,-0.00234369,0.0283872,m2
18904945,0.0051,-0.0193322,-0.0254821,m2
18994439,0.0001,-0.0181872,-0.00242071,m2
15580621,0.53385,-0.0245308,-0.0103794,m2
18996285,0.0001,0.0482923,0.0406916,m2
18880432,0.0012,0.000569189,0.0181594,m2
18403683,0.1293,0.00224186,0.0258323,m2
13908593,1.0,0.00395691,-5.10815e-05,m2
18513624,0.04095,-0.0253857,-0.0133326,m2
18838923,0.01495,-0.0324747,-0.0424343,m2
18980471,0.0005,-0.0592697,-0.0537334,m2
18997882,5.0e-05,-0.0389794,-0.0498056,m2
18957259,0.00255,-0.0644548,-0.0523558,m2
18993279,0.0003,0.0315369,0.0566429,m2
18993511,0.00045,0.0419999,0.0167389,m2
18989102,0.00105,0.0552919,0.0763843,m2
14667342,1.0,-0.00973895,0.00374241,m2
18976087,0.00015,0.016931,0.0433203,m2
18899902,0.0015,0.0644381,0.0368766,m2
18929615,0.0128,0.0362593,0.0230637,m2
18995748,0.0004,0.0466345,0.0359934,m2
16817471,0.1979,0.00442712,0.00214517,m2
18976294,0.0089,-0.0219167,-0.0184879,m2
18607408,0.06995,0.00297622,0.0113756,m2
18854920,0.00375,-0.0304759,-0.0340971,m2
18911311,0.0013,-0.0294734,-0.042042,m2
18943963,0.007,0.0457429,0.0411573,m2
18992744,0.0003,-0.0335523,-0.00677117,m2
18925366,0.00085,-0.0386798,-0.0246973,m2
18986380,0.0009,-0.0284449,-0.0220333,m2
18911902,0.01585,-0.0298477,-0.0336475,m2
18954286,0.00125,0.026218,0.0374569,m2
18980239,0.0022,-0.0176343,-0.0118558,m2
18898983,0.02625,0.063408,0.0462625,m2
18537451,0.0155,-0.00955025,0.012675,m2
18891309,0.00365,0.0201154,0.0314379,m2
18978891,0.0006,0.0483792,0.0641968,m2
18666165,0.0173,-0.0351778,-0.0073067,m2
18962853,0.0088,-0.000210167,0.0383509,m2
18925349,0.0045,-0.0342675,-0.0377318,m2
18989097,0.0003,0.0130837,-0.00988035,m2
18773487,0.0156,-0.0154991,0.0301207,m2
18997881,5.0e-05,0.0255824,0.0230815,m2
18996673,0.00025,-0.0468854,-0.0476356,m2
18995536,0.0012,-0.0203963,-0.0254332,m2
18946245,0.00785,0.0240982,0.066973,m2
18993292,0.0001,0.00791891,-0.0192728,m2
18964446,0.0053,0.0775521,0.0488402,m2
18987942,0.00055,0.0650074,0.0945593,m2
18723661,0.0724,0.0262283,0.000688917,m2
18986377,0.0011,-0.0170714,-0.00406527,m2
18768492,0.0121,0.0399733,0.0225418,m2
18939419,0.00345,-0.00396066,0.00716145,m2
18987939,0.00185,-0.015849,0.0100391,m2
18763334,0.0344,-0.00527413,-0.00243246,m2
18993701,0.0001,-0.0244891,-0.0322647,m2
18928434,0.00795,-0.0333006,-0.062863,m2
18997880,5.0e-05,-0.050508,-0.0600952,m2
18996672,0.0001,-0.0459609,-0.0833647,m2
18992742,0.0002,-0.00257821,-0.0189382,m2
18779675,0.00025,-0.0557579,-0.0611728,m2
18933344,0.0061,-0.0997915,-0.0683182,m2
18980672,0.00875,0.0423215,0.0309645,m2
18812177,0.0021,-0.0187752,-0.0232107,m2
18680033,0.01225,-0.0187049,-0.00519711,m2
18926526,0.0007,0.0662333,0.0521019,m2
18931806,0.01065,-0.0655935,-0.0790205,m2
18955872,0.0047,0.0628072,0.0704066,m2
18675130,0.0001,-0.0355266,-0.0410081,m2
18986585,0.0011,-0.0287589,-0.00317846,m2
18950820,0.0061,-0.00536941,-0.0219433,m2
18881852,0.00015,-0.0660516,-0.0586936,m2
18994425,0.00045,-0.0137024,-0.0363959,m2
18995746,0.0002,0.0100562,-0.0320322,m2
18957440,0.0039,-0.0041738,-0.0185108,m2
18971726,0.00225,0.0583987,0.0433939,m2
18996671,0.0002,0.0475894,0.0395968,m2
18906168,0.00155,-0.0339682,-0.0123137,m2
18880084,0.0022,0.0197139,0.0381373,m2
18997879,5.0e-05,-0.00772583,-0.00841921,m2
18942049,0.0055,0.0721867,0.0862525,m2
18997878,5.0e-05,0.0361098,0.0676175,m2
18995745,0.0007,0.0321459,0.0630656,m2
18985768,0.00385,0.00744657,0.0116258,m2
18994421,0.0001,0.0364344,-0.0234152,m2
18989291,0.0006,0.0382046,-0.00203821,m2
18950230,0.004,0.000337358,0.0142431,m2
18997853,5.0e-05,0.0783261,0.0952568,m2
18997854,5.0e-05,-0.0337112,-0.0167452,m2
18997855,5.0e-05,-0.0565401,-0.0443484,m2
18997856,5.0e-05,0.0321909,0.0638359,m2
18997857,5.0e-05,-0.054294,-0.0624058,m2
18997858,5.0e-05,0.0514289,0.0107218,m2
18997859,5.0e-05,-0.00889606,-0.0161158,m2
18997860,5.0e-05,-0.0314941,-0.0304353,m2
18997861,5.0e-05,0.0116267,0.0125549,m2
18997862,5.0e-05,0.0412669,0.0140437,m2
18997863,5.0e-05,-0.0427422,-0.085361,m2
18997864,5.0e-05,0.0749713,0.059215,m2
18997865,5.0e-05,0.0066429,0.00937093,m2
18997866,5.0e-05,-0.0786867,-0.0905518,m2
18997867,5.0e-05,-0.0109129,-0.0262842,m2
18997868,5.0e-05,0.0412351,0.0389859,m2
18997869,5.0e-05,0.0646993,0.0852471,m2
18997870,5.0e-05,0.0606837,0.0501114,m2
18997871,5.0e-05,-0.0364812,-0.0364194,m2
18997872,5.0e-05,0.0227076,0.0237452,m2
18997873,5.0e-05,-0.0204997,-0.0144992,m2
18997874,5.0e-05,-0.0191827,-0.0285696,m2
18997875,5.0e-05,-0.0479845,-0.0191004,m2
18997876,5.0e-05,0.0345732,0.0111112,m2
18997877,5.0e-05,-0.0508147,-0.0366706,m2
