id,freq,e_f,e_m,type
18669935,0.0186,-0.0332937,-0.0183267,m1
7037714,1.0,-0.0273885,-0.0695245,m1
19003445,0.0001,0.0468969,0.00817163,m1
18662029,0.0479,0.0403546,0.0780539,m1
19003027,0.0001,-0.00322814,-0.00998537,m1
6205055,1.0,-0.0393496,-0.0246197,m1
2462096,1.0,-0.0229749,-0.0432292,m1
18969257,0.0215,0.0734921,0.0465042,m1
5596737,1.0,-0.0447289,-0.072479,m1
18977136,0.0101,0.0316051,0.0550904,m1
350468,1.0,0.0283411,-0.00794941,m1
5696021,1.0,0.010929,0.0356849,m1
12959890,1.0,-0.00437063,-0.0501447,m1
11409224,1.0,0.0113219,0.0154384,m1
18601268,0.0479,-0.0151806,0.0310382,m1
19003430,0.0001,-0.0231552,0.00135776,m1
13450794,1.0,0.0299473,0.0115416,m1
19002316,0.0005,0.10237,0.0853103,m1
18613787,0.0444,-0.0119558,-0.00534061,m1
3755692,1.0,-0.0110781,-0.0263248,m1
3323021,1.0,0.0285742,0.0255253,m1
321382,1.0,-0.0659224,-0.0321494,m1
18956284,0.0621,0.0220738,-0.00678807,m1
9086690,1.0,0.0163574,-0.00647808,m1
18994725,0.0075,0.0180648,0.0381735,m1
339901,1.0,0.0638812,0.0512965,m1
18975561,0.0059,0.0465145,0.040418,m1
15920231,1.0,-0.0351512,-0.0554303,m1
4310006,1.0,-0.00542907,-0.0249381,m1
18917688,0.0123,0.0472594,0.00402767,m1
18845866,0.0444,-0.0133653,-0.0169174,m1
19001917,0.0008,0.0472915,0.0673144,m1
16990864,1.0,-0.00589422,-0.0155922,m1
4754034,1.0,-0.00381368,0.0324653,m1
18959137,0.0039,-0.00566538,-0.0144355,m1
5758106,1.0,0.00139765,0.00784204,m1
17627309,1.0,-0.0367664,-0.0159845,m1
3562329,1.0,0.0206192,0.0200464,m1
6290469,1.0,0.0525872,0.0475486,m1
19002619,0.0005,0.0471484,0.0647591,m1
3727301,1.0,-0.00511038,0.00861194,m1
19003384,0.0001,-0.0525878,-0.0422277,m1
18316642,0.2548,0.0246911,-0.0269495,m1
19001742,0.0001,0.109108,0.0741553,m1
19003381,0.0001,-0.058795,-0.0673431,m1
18900889,0.0305,0.027269,0.0464142,m1
19003379,0.0001,-0.0636597,-0.0526565,m1
4298002,1.0,0.0276333,0.034088,m1
19002771,0.0003,0.00725174,0.00162488,m1
18951837,0.0102,-0.0216748,0.0190815,m1
18993557,0.0084,0.0154181,0.00479493,m1
6127514,1.0,-0.00553506,0.0311101,m1
4778440,1.0,-0.00778896,0.0496557,m1
18222696,0.2548,-0.0190665,0.0196204,m1
18927102,0.0451,0.0452449,0.0539906,m1
19002764,0.0001,0.115946,0.102333,m1
18993552,0.0061,0.00708319,0.0193605,m1
19003367,0.0001,-0.0308021,-0.0659972,m1
18796606,0.1148,0.00206642,0.00954202,m1
6011557,1.0,-0.00734493,0.0102811,m1
18468389,0.0479,-0.00993901,-0.0053822,m1
18880792,0.0883,-0.0116368,-0.00558244,m1
19003146,0.0002,-0.0204746,-0.014917,m1
14494001,1.0,0.0462363,0.0741785,m1
18798349,0.1809,0.0265431,-0.0227017,m1
18984650,0.0091,0.0506421,0.0499234,m1
527481,1.0,-0.0113017,0.0148326,m1
18584380,0.0479,-0.0201563,-0.0245004,m1
16716055,1.0,0.000121226,-0.0234629,m1
19003143,0.0002,-0.0421425,-0.0108356,m1
19000231,0.0038,-0.0221503,-0.00615612,m1
18972987,0.0091,-0.0622744,-0.0542501,m1
7058205,1.0,0.0381741,0.033973,m1
19002581,0.0001,-0.061834,-0.0558142,m1
19000049,0.0019,-0.00351524,0.0111174,m1
13483690,1.0,-0.0788314,-0.0833392,m1
19002580,0.0002,0.0537015,0.0596693,m1
4265694,1.0,-0.0284636,-0.0306964,m1
19002934,0.0002,-0.00565225,-0.0298109,m1
19001867,0.0013,-0.102933,-0.106117,m1
18818014,0.0186,0.0594916,0.0563779,m1
18929554,0.0272,-0.049457,-0.0318084,m1
18863273,0.1084,-0.0799352,-0.0560113,m1
14269549,1.0,-0.0112412,0.0142762,m1
6551683,1.0,0.0204916,0.0141626,m1
19002410,0.0001,0.0965515,0.124174,m1
19002732,0.0011,0.00600648,0.038157,m1
6918386,1.0,0.0199761,0.0175881,m1
19003126,0.0002,-0.0269272,-0.0290566,m1
14368380,1.0,-0.0572702,-0.0388262,m1
18972771,0.0332,-0.0150872,-0.0207152,m1
18841652,0.1084,0.0262642,0.00430498,m1
8145990,1.0,0.00905726,-0.0153443,m1
4634399,1.0,0.019312,0.0368484,m1
842798,1.0,0.0125949,-0.00770923,m1
249236,1.0,-0.000109017,0.024728,m1
18781052,0.1004,-0.0249355,0.0158838,m1
119212,1.0,-0.0249724,-0.023585,m1
7009155,1.0,-0.0289982,-0.00110981,m1
19002394,0.0015,0.0238494,0.0453359,m1
14734778,1.0,-0.0263062,-0.0142448,m1
16064013,1.0,0.0750912,0.0907945,m1
12069776,1.0,-0.0201819,0.0152239,m1
19002222,0.0008,-0.0111455,-0.0220823,m1
18975113,0.0046,-0.045039,-0.0346535,m1
117394,1.0,0.00861223,-0.00977626,m1
2270822,1.0,0.022698,0.0384236,m1
18961730,0.009,-0.00966236,-0.00826592,m1
15104538,1.0,-0.0455604,-0.0574611,m1
19003318,0.0001,-0.0335851,0.0066663,m1
18979322,0.0051,-0.0598248,-0.0333286,m1
9377418,1.0,0.00358392,-0.036962,m1
4358982,1.0,-0.00916068,-0.0126969,m1
18897742,0.1148,0.018219,0.00312482,m1
19003302,0.0001,-0.0879425,-0.105223,m1
3475328,1.0,0.00315135,0.0289171,m1
14113266,1.0,0.0230011,0.0238194,m1
18389166,0.0444,0.0285324,0.0202668,m1
18643142,0.0479,0.0101424,-0.0273621,m1
18589483,0.2059,-0.0374466,-0.0106291,m1
4543249,1.0,0.0345151,0.0260671,m1
19003293,0.0001,-0.049348,-0.0982209,m1
12723831,1.0,0.0272677,0.00697811,m1
3429264,1.0,-0.0300268,-0.0196076,m1
19003070,0.0001,-0.0312969,0.0134202,m1
19000343,0.0009,-0.161313,-0.120395,m1
19002686,0.0002,-0.00523024,0.0396341,m1
19003281,0.0001,0.00419057,0.00466489,m1
14918925,1.0,0.0251094,0.0325801,m1
19001265,0.003,0.0205557,0.016564,m1
11799536,1.0,-0.0188014,-0.0678126,m1
5967394,1.0,-0.0283684,-0.0444481,m1
15225612,1.0,-0.0121959,0.0223858,m1
18954069,0.0115,0.0655271,0.0698671,m1
12820980,1.0,-0.0430135,-0.0424868,m1
16431250,1.0,0.0336701,0.0283456,m1
16716168,1.0,-0.0368797,-0.0448333,m1
18972708,0.0069,0.0135375,0.0227021,m1
18989504,0.0026,0.107071,0.120421,m1
18419693,0.0444,-0.01043,-0.00890425,m1
18991946,0.0055,-0.0138256,-0.0521421,m1
18996962,0.0023,-0.0111629,0.00424048,m1
18939688,0.022,-0.0361794,-0.0197122,m1
18922153,0.0576,-0.027705,-0.056655,m1
19003248,0.0001,0.115739,0.112979,m1
19003256,0.0001,-0.0574634,-0.0361242,m1
18980971,0.00035,0.00399915,-0.0220067,m2
18998286,0.0013,0.113924,0.160116,m2
19000510,0.0009,0.0552217,0.0696834,m2
19002160,0.0001,0.102937,0.0901349,m2
18994766,0.00015,-0.036226,0.00879114,m2
19000139,0.0002,-0.0852186,-0.100547,m2
18998480,0.0007,-0.107651,-0.083673,m2
18914889,0.0047,0.0155423,-0.0164184,m2
18996530,0.00045,0.00500843,0.0181595,m2
19002848,0.00015,-0.0213692,0.00170557,m2
18919639,0.00955,-0.00421592,-0.0136785,m2
19003446,5.0e-05,-0.0206664,0.0249286,m2
18949844,0.0031,0.0816897,0.0698358,m2
5221540,1.0,-0.00622798,-0.0102855,m2
19003032,0.0001,0.0264412,0.01272,m2
19003231,0.00015,0.00510304,-0.00790703,m2
18983787,0.0009,0.0657444,0.0783052,m2
18999585,0.00045,0.00283363,0.000965704,m2
19002845,0.0001,0.0310266,0.0128131,m2
19003230,0.00015,-0.0843196,-0.0908777,m2
18999390,0.0004,0.0105376,0.0587123,m2
18884865,0.00875,-0.0609608,-0.0674406,m2
11561825,0.50665,-0.00612436,-0.00532313,m2
18888255,0.0005,-0.0858311,-0.0518832,m2
18995349,5.0e-05,-0.00764093,0.00387823,m2
18958619,0.0121,0.00544562,-0.00234016,m2
18564389,0.0098,-0.0531056,-0.0227441,m2
18499980,0.13075,-0.0293665,0.000711631,m2
19002844,0.00015,-0.0272974,-0.0259539,m2
18876727,0.03515,-0.0185112,-0.00687656,m2
17558064,0.05085,0.0178084,0.0193484,m2
18993436,0.0047,-0.010246,0.0221697,m2
17996685,0.11045,0.0392112,0.0257493,m2
19003229,5.0e-05,0.0221172,0.0223088,m2
19000318,5.0e-05,-0.133163,-0.0933243,m2
18651127,0.0431,-0.0334448,-0.0508668,m2
19003228,0.00015,-0.0389338,-0.0656458,m2
19000872,0.00055,0.0167537,0.0143459,m2
19003227,5.0e-05,0.0561736,0.0405148,m2
18766215,0.0452,-0.00617778,-0.0192225,m2
18990626,0.00025,-0.0183134,-0.0109551,m2
18281525,0.02165,0.0027218,0.00889838,m2
19002666,0.00015,0.0980136,0.0720303,m2
16554210,0.0681,-0.000452331,-0.00548122,m2
18995163,0.0004,-0.0215177,-0.0287889,m2
19002156,0.0005,0.0244149,0.0225567,m2
19003029,0.00015,0.120919,0.0824294,m2
18973462,0.0052,-0.0618988,-0.0444962,m2
18998852,0.00035,-0.0244145,-0.00601769,m2
18772330,0.0117,-0.0135084,-0.00236215,m2
18991371,0.00145,-0.00963325,0.00707629,m2
18994951,0.0036,-0.0421539,-0.0666214,m2
18932249,0.0072,0.019612,-0.0138445,m2
19000690,0.0002,-0.0289223,0.00477413,m2
17085245,0.093,-0.00399819,-0.0358318,m2
19000870,0.0003,0.0204214,-0.0264053,m2
18992491,0.00235,-0.0416889,0.00201457,m2
19001250,0.00025,0.0432189,0.0655503,m2
19003444,5.0e-05,0.087263,0.0555159,m2
18962195,0.0014,-0.0579209,-0.0864612,m2
16426577,0.0618,0.0162341,-0.0137961,m2
18830688,0.01395,0.0136789,0.00920862,m2
18999225,0.00085,0.0395872,0.0415547,m2
16252197,0.32565,-0.00781757,-0.00929239,m2
18964260,0.00185,0.0654567,0.052972,m2
18999759,0.00045,0.0593078,0.0895504,m2
18617944,0.0785,0.0192391,0.0288525,m2
19000135,0.001,0.00451868,0.0165497,m2
18996932,0.0013,0.0020792,-0.0342525,m2
18877722,0.0181,0.0355931,0.0443274,m2
19001416,0.0003,-0.025092,-0.0228208,m2
19003443,5.0e-05,-0.0181198,-0.0327084,m2
19002337,0.0002,0.0140221,0.0391745,m2
19000868,0.00045,0.0139475,0.00241229,m2
19002840,5.0e-05,-0.0154676,-0.0501135,m2
19001589,0.00015,0.0264033,-0.00213728,m2
19001962,5.0e-05,-0.0143242,-0.00651335,m2
18587739,0.0213,0.00200749,-0.00368061,m2
8922103,1.0,0.00198606,0.00399593,m2
18864736,0.00215,0.0545657,0.0106709,m2
19003026,0.0002,-0.00952044,0.0348495,m2
19003442,5.0e-05,0.0645916,0.0389861,m2
9321205,1.0,0.0109133,0.0177736,m2
18554742,0.0367,-0.0417545,-0.0202559,m2
18930622,0.00115,-0.0185575,-0.00720462,m2
18830892,0.10065,0.00865248,0.0144001,m2
19002839,5.0e-05,0.0309913,0.0231671,m2
18985277,0.0009,0.00615034,-0.0190053,m2
18979274,0.00175,0.0426861,0.0162827,m2
18586228,0.04515,-0.00971739,-0.0156909,m2
18996314,0.0012,-0.0628268,-0.0586122,m2
18752831,0.0499,0.0207942,0.00108448,m2
18073350,0.05015,0.0195336,-0.0121055,m2
18919631,0.00575,0.0316788,0.0295566,m2
19001792,0.0001,-0.0604175,-0.0614273,m2
19001244,0.00075,-0.103476,-0.120582,m2
19002153,5.0e-05,0.0153659,0.0444298,m2
18975413,0.01665,-0.000798792,0.0101328,m2
18987566,5.0e-05,-0.00823424,0.0124889,m2
1555360,1.0,0.0181107,-0.0136486,m2
17968520,0.00715,-0.0314093,-0.0102331,m2
19001243,0.0002,0.0154734,0.000485045,m2
18919453,0.0001,-0.00686023,0.022574,m2
18956109,0.00405,0.0150883,0.0251523,m2
18969815,0.00255,-0.0712851,-0.0882629,m2
18339306,0.07325,0.000727371,0.00966089,m2
19001588,0.0006,-0.0630636,-0.0795382,m2
18980957,0.007,-0.0586969,-0.0678942,m2
18678997,0.0251,0.0583439,0.033759,m2
18836349,0.0076,-0.0876882,-0.0761903,m2
18959943,0.0046,0.0970298,0.0849808,m2
14557592,1.0,0.0198107,0.0187368,m2
18991154,0.0015,0.00873861,0.0115557,m2
18997701,0.00105,-0.0408636,-0.0162591,m2
18996124,0.00055,-0.0341358,-0.0211541,m2
18723835,0.0099,-0.0118352,-0.0074899,m2
18984922,0.00105,-0.0126566,-0.0316642,m2
18041180,0.0106,-0.0321791,-0.037748,m2
17846351,0.3395,0.00108966,-0.000678449,m2
18993821,0.00055,0.0574131,0.0567617,m2
18965772,0.00355,-0.0809817,-0.0361504,m2
18834711,0.0106,-0.04183,-0.0191631,m2
18762549,0.00155,-0.0417261,-0.0394973,m2
16515468,0.09185,0.0165187,-0.00473789,m2
18941188,0.00205,0.0403919,0.0458225,m2
18998280,0.0008,0.0235994,0.0386985,m2
18997699,5.0e-05,-0.0329191,-0.0263709,m2
19003024,0.0001,0.0205599,-0.00571673,m2
18990813,0.00205,-0.0013356,-0.0153259,m2
18271510,0.07555,-0.0114053,0.0128572,m2
19003023,5.0e-05,-0.0174057,-0.00880118,m2
17994921,0.13715,0.0414332,0.0315081,m2
18905778,0.00235,0.0137279,-0.00206127,m2
18903399,0.0145,0.0143805,0.0174492,m2
18543537,0.12965,-0.0169635,-0.00065938,m2
19001586,0.0001,0.0466796,0.0236923,m2
19001056,0.0003,-0.0468631,-0.0672533,m2
16024567,0.82445,-0.0192596,0.00701686,m2
18957285,0.01315,0.0209826,-0.006582,m2
18979803,0.0028,0.00978945,0.00452852,m2
18992314,0.00075,0.000247323,-0.0154848,m2
19002660,5.0e-05,0.0671636,0.090843,m2
18979456,0.0013,0.0158617,0.0152409,m2
19001959,0.0003,0.0734382,0.0840427,m2
19002333,0.00015,-0.0257083,-0.0328557,m2
14165458,0.0054,-0.0104749,0.00752052,m2
19000863,0.0002,0.0314112,0.0283302,m2
18951344,0.0095,0.022606,0.0232418,m2
19001958,0.0001,0.0340268,0.0198693,m2
18997911,0.0016,-0.0389566,-0.0540502,m2
19002503,0.0002,-0.0169398,-0.0135699,m2
18833304,0.00145,0.052467,0.0397114,m2
15752624,0.3185,0.00786575,0.00263504,m2
18979072,0.0006,-0.00822423,0.00809963,m2
19001238,0.0002,0.00130891,0.0238855,m2
18996311,0.00135,0.0513087,0.0534305,m2
19002838,0.0001,0.0294163,0.0491984,m2
18837421,0.02565,-0.0182145,-0.0314725,m2
19003441,5.0e-05,0.000391696,0.0028389,m2
12772766,0.1221,-0.00217431,-0.01146,m2
18974043,0.00095,0.037219,0.0437212,m2
18774237,0.00105,0.0677377,0.0633464,m2
19001053,0.00035,0.0479657,0.0551882,m2
18643855,0.00145,0.00681833,0.0233209,m2
9412683,0.0887,-0.0102479,0.00501013,m2
14960589,0.9242,-0.00628332,0.00962947,m2
18607554,0.1638,-0.0173939,-0.0286517,m2
19000498,5.0e-05,0.0107852,0.0269843,m2
16683857,0.4672,0.0280479,-0.0208985,m2
18993250,0.0032,0.0504197,0.0415114,m2
19003225,0.0001,-0.0063353,-0.00244839,m2
18784995,0.00935,-0.0173255,0.0189455,m2
18994945,0.0055,0.000398057,-0.0258603,m2
10030124,1.0,0.0269238,0.0116794,m2
18999220,0.0005,0.0114168,0.0177567,m2
18991150,0.00295,-0.0197333,-0.0286737,m2
18523216,0.0211,0.000197801,0.025387,m2
18639860,0.02485,-0.0139192,-0.0152569,m2
18996717,0.0024,0.0016638,0.0348742,m2
18991547,0.0023,-0.0745695,-0.0039101,m2
19002659,5.0e-05,0.0888748,0.0935628,m2
19001581,0.00045,0.0642438,0.0462857,m2
17470174,0.06065,-0.00293103,-0.0181975,m2
18327070,0.10265,-0.0300988,-0.0404934,m2
18180134,0.04495,0.0142376,0.0105774,m2
18999379,0.00085,-0.0201415,0.00827353,m2
18506030,0.03825,0.0190731,0.00477214,m2
18818994,0.0228,-0.0246378,-0.0290953,m2
18994169,0.0015,0.00246017,0.0163894,m2
10859614,1.0,0.00117602,0.0287783,m2
19000497,0.0015,0.00648339,-0.0148594,m2
5896615,1.0,-0.0310969,-0.00306465,m2
19003440,5.0e-05,-0.0910526,-0.0824269,m2
19002657,5.0e-05,0.110871,0.0775854,m2
18928842,0.0026,0.0256719,-0.00479856,m2
16516434,0.75785,-0.000236294,-0.000967605,m2
18957834,0.0076,0.0486011,0.0203333,m2
19002835,5.0e-05,0.0101703,0.029547,m2
18317635,0.1053,-0.00677922,-0.00507239,m2
18886377,0.00275,-0.0358343,-0.0401518,m2
19002834,0.00015,0.00422187,-0.00700714,m2
18992102,0.00055,-0.107896,-0.0397893,m2
18997694,0.0011,0.0896434,0.0842293,m2
18997302,0.0004,-0.00165455,0.000745773,m2
19001408,0.0009,-0.0779563,-0.0506246,m2
16640071,0.12915,0.00238332,-0.0323181,m2
18990806,0.002,-0.0279991,0.00576306,m2
18987344,0.00125,-0.0138173,-0.0174671,m2
18998667,0.00385,0.0033026,-0.00313426,m2
18561505,0.04915,0.00169053,-0.0104492,m2
18768698,0.02045,0.0438387,0.0629244,m2
6892840,0.41385,-0.0113546,-0.0112463,m2
19000306,0.0002,-0.0194768,-0.0146993,m2
19003022,0.00015,-0.00131771,-0.00788002,m2
18999048,0.0004,0.0160108,0.0131468,m2
18999217,0.00085,0.00317513,0.00756094,m2
18923851,0.00185,-0.0787943,-0.0605404,m2
18830493,0.0144,0.00245769,-0.00794449,m2
18964038,0.00125,-0.0346503,-0.0311027,m2
17516579,0.02905,-0.000754388,0.00191333,m2
15884482,0.4398,-0.0125071,0.00437437,m2
18920551,0.00095,-0.0279499,-0.0488579,m2
9092985,1.0,-0.0118597,-0.0162396,m2
19000494,0.0005,-0.0266968,-0.00795076,m2
19001234,0.00025,0.0166631,0.0277271,m2
18988707,0.007,-0.0351031,-0.0126942,m2
18228434,0.09085,-0.0195068,-0.0362095,m2
19003439,5.0e-05,0.0160274,0.0102114,m2
18988341,0.00105,0.0191012,-0.00668474,m2
18957643,0.00095,0.0215024,0.00305018,m2
19003438,5.0e-05,-0.00525083,-0.0281579,m2
18999376,0.00035,-0.00577753,0.0144591,m2
18989684,0.0026,0.00633799,-0.00864489,m2
18997904,0.0003,-0.0382407,-0.0250421,m2
18811471,0.00785,-0.00669373,0.0226001,m2
18954400,0.00535,-0.0726277,-0.0424527,m2
18718029,0.04425,0.0554994,0.0168384,m2
19002498,0.0001,0.0847527,0.0873384,m2
19003223,5.0e-05,-0.032212,-0.00282291,m2
19000305,0.00055,0.0375341,0.0348661,m2
19002496,0.0002,-0.0900341,-0.0961955,m2
18995705,0.0007,-0.0824051,-0.0600816,m2
18846269,0.0069,0.00790964,0.00223515,m2
18904695,0.00115,0.00912233,0.00170687,m2
18945224,0.0059,-0.0334292,0.00580876,m2
19003437,5.0e-05,0.0255081,0.0161923,m2
18253518,0.0235,-0.0210249,-0.029296,m2
18992309,0.0002,0.0912353,0.0937437,m2
19001578,0.0001,-0.0702136,-0.0744939,m2
18958010,0.0025,0.0685693,0.0784664,m2
19002328,0.00015,-0.0888442,-0.0783896,m2
18939485,0.00755,-0.0142486,-0.0283228,m2
18999744,0.0004,-0.00186538,0.0273041,m2
18499415,0.01875,0.0108575,0.0206177,m2
19002831,5.0e-05,-0.0693743,-0.0530476,m2
18881395,0.0046,-0.0700968,-0.0628468,m2
18963496,0.01625,0.0144907,0.00391896,m2
18998663,0.0001,-0.0339943,-0.0545445,m2
19003436,5.0e-05,-0.0414888,-0.0469744,m2
19003221,5.0e-05,0.0369471,-0.0112869,m2
18998458,0.0008,-0.0435443,-0.0206638,m2
18963844,0.0002,0.0369524,0.0497292,m2
19003220,0.0001,0.0754562,0.0648228,m2
18922110,0.0026,-0.00529977,-0.0135024,m2
19003019,0.0001,-0.0946388,-0.0429906,m2
18922507,0.0143,-0.022409,-0.00679974,m2
19003435,5.0e-05,-0.00266742,0.0144139,m2
18941529,0.00445,-0.0195111,-0.0139092,m2
18690133,0.0453,0.00287913,0.00258501,m2
18955527,0.0004,0.0627287,0.0657335,m2
18961216,0.00485,-0.0175593,0.0292765,m2
19002326,0.0001,0.0100747,0.00754615,m2
18993045,0.0015,-0.00732205,-0.0228141,m2
18627733,0.00475,-0.0439149,-0.0101018,m2
18993999,0.00065,-0.0510516,-0.0328256,m2
18965139,0.00155,0.00408758,0.0321896,m2
18992864,0.0002,-0.0267776,-0.0153766,m2
18631220,0.00405,0.0615887,0.0564937,m2
19003434,5.0e-05,0.010645,0.0155979,m2
18946603,0.0082,0.0178463,0.000375881,m2
18961215,0.0023,-0.0514699,-0.0612457,m2
18994938,0.002,0.00814338,0.028866,m2
19002829,0.00015,0.00768248,-0.00657434,m2
18843494,0.00025,0.0471071,0.0252094,m2
18840608,0.01275,0.0532626,0.0503587,m2
18932422,0.004,-0.0430599,-0.0558242,m2
18994161,0.0006,0.0808254,0.0755355,m2
18998456,0.00115,-0.0465205,-0.0720184,m2
18878820,0.0118,-0.0344653,-0.0484463,m2
18971137,5.0e-05,-0.000364481,-0.0122066,m2
18958420,0.00395,0.0752908,0.0848698,m2
18994550,0.0003,0.00751268,0.026996,m2
18973053,0.00635,-0.0319775,-0.00918688,m2
19003433,5.0e-05,0.00124151,0.0458939,m2
18983200,0.00395,0.0173428,0.0423357,m2
19003018,0.0001,-0.00728166,-0.0169149,m2
18543352,0.0258,-0.00327412,-0.039068,m2
18987764,0.00155,-0.00455731,0.0225561,m2
19003432,5.0e-05,0.0754178,0.0655457,m2
19000300,0.00015,-0.0205104,-0.0193113,m2
18995553,0.0002,-0.0423589,-0.0476523,m2
18971911,0.00165,-0.0249262,-0.0101791,m2
19003431,5.0e-05,0.0321766,0.0189838,m2
18899938,0.00415,-0.0224988,-0.0345716,m2
18999369,0.00135,0.0347278,-0.00273994,m2
18457836,0.01285,0.0562946,0.0673027,m2
18993043,0.0044,0.0323866,0.0704788,m2
18995146,0.0012,-0.0109445,-0.0182328,m2
19000492,0.00065,-0.0868041,-0.0720983,m2
12114007,0.22015,0.0231183,0.00158573,m2
821857,1.0,0.00279015,-0.00434993,m2
18999742,0.00075,-0.0423204,-0.0933438,m2
18921133,0.00255,0.00131573,-0.00324965,m2
18991357,5.0e-05,0.00745952,0.0176462,m2
19001942,0.0003,-0.00593301,-0.0181821,m2
19003429,5.0e-05,-0.0717388,-0.0693538,m2
19003428,5.0e-05,0.000561543,-0.0029723,m2
18635901,0.06545,0.0111666,-0.00196278,m2
19000299,0.0011,-0.0978012,-0.0705326,m2
18767115,0.00975,-0.0150205,-0.0419695,m2
19003427,5.0e-05,-0.058279,-0.0372868,m2
19003216,5.0e-05,-0.0278148,-0.0344574,m2
19003017,5.0e-05,-0.0372423,-0.0598744,m2
18996507,0.0012,-0.0374481,-0.0489691,m2
18994349,0.00155,-0.0142394,0.0101931,m2
18989286,0.0039,0.0374744,0.0339271,m2
19003215,5.0e-05,-0.0529521,-0.052548,m2
16243771,0.0322,-0.0100391,-0.00222555,m2
18990419,0.0019,-0.0172282,-0.0174181,m2
19003214,5.0e-05,0.0440496,0.0467018,m2
19001776,5.0e-05,-0.0166846,-0.0233758,m2
18941520,0.0035,-0.0372604,-0.0382663,m2
18964034,0.01425,0.0112489,-0.0169366,m2
18975214,0.0004,0.0388116,0.0295064,m2
18935681,0.0031,-0.0171444,0.00476035,m2
18872628,0.0003,-0.0148122,-0.0104637,m2
19003213,0.00025,0.0675992,0.0470279,m2
18965750,0.01625,-0.00508952,-0.0360359,m2
19000852,0.0006,0.0102031,0.00194501,m2
19002825,0.00015,-0.115675,-0.0789247,m2
18992856,0.00065,0.0616241,0.0671363,m2
18764486,0.00165,0.0537039,0.0478602,m2
18962180,0.0003,0.0160007,0.0185066,m2
18966361,0.00075,-0.0641552,-0.0899964,m2
19003013,5.0e-05,0.0351948,0.0181924,m2
19002648,0.0001,0.0369661,0.0540144,m2
19000851,0.0005,-0.0307512,-0.0702436,m2
18963837,0.0003,-0.0514401,-0.0333008,m2
18994933,0.00035,-0.0822638,-0.0876024,m2
19003426,5.0e-05,-0.0949696,-0.0920359,m2
19001399,0.0003,0.0579831,0.041464,m2
18983765,0.00105,0.0902879,0.0806889,m2
18928638,0.00765,-0.0372431,-0.0464886,m2
18981670,0.00035,-0.0485915,-0.0519621,m2
19001940,5.0e-05,0.00599965,0.0118914,m2
18959364,0.0026,0.000553929,0.00167463,m2
18884261,0.00115,0.00838359,0.00831288,m2
17880924,0.10895,0.0208554,-0.00266371,m2
18947774,0.0049,-0.0207174,0.00884251,m2
19001939,0.00015,0.0704514,0.0654672,m2
19003212,0.0001,0.00783099,0.0117999,m2
19001225,0.0008,-0.133368,-0.125506,m2
18944404,0.0093,0.0565945,0.0649401,m2
17505399,0.1704,0.00188471,-0.013327,m2
13052875,1.0,-0.0116723,-0.00386128,m2
18949256,0.00235,-0.0204951,-0.0221832,m2
18935676,0.0042,-0.0654084,-0.0488932,m2
18947373,0.00945,0.032644,0.0557262,m2
18957824,0.0007,0.00867075,0.00189057,m2
18994545,0.00455,-0.0674207,-0.0385853,m2
18934901,0.0111,-0.0009564,-0.00179735,m2
18988696,0.0002,-0.0343722,0.0206477,m2
18930386,0.003,0.0712782,0.039833,m2
19002647,5.0e-05,0.00491203,0.0238508,m2
18850829,0.00825,-0.00999655,0.0487255,m2
19003425,5.0e-05,-0.000738427,0.00308423,m2
19002822,0.0001,-0.0939972,-0.0445261,m2
19000849,0.0002,-0.100804,-0.0564198,m2
18958195,0.0013,-0.0638314,-0.0512149,m2
18761964,0.0276,-0.0349033,-0.0276982,m2
19003424,5.0e-05,-0.0708664,-0.0405476,m2
18986766,0.0002,-0.0246424,-0.0273613,m2
18992855,0.00445,-0.0620567,-0.0981053,m2
18997295,0.0001,0.0810506,0.0502229,m2
19001397,0.00015,0.0504991,0.0740865,m2
18428937,0.062,-0.0301861,-0.0104668,m2
17773362,0.1478,-0.00976606,-0.0091386,m2
18995910,0.00115,-0.0718094,-0.0470121,m2
18984508,0.00065,-0.0199733,-0.0488052,m2
19003423,5.0e-05,0.0369907,0.0261658,m2
18977311,0.0052,0.00679952,0.0288752,m2
19003011,0.00015,0.018572,-0.0251321,m2
19003209,5.0e-05,-0.0336026,-0.0129718,m2
19002143,0.0001,-0.0227341,0.00491353,m2
19002486,0.00075,-0.0276395,-0.00264926,m2
18954799,0.00215,-0.0633896,-0.0775927,m2
18999735,0.0003,0.015772,0.0316962,m2
18987966,0.0034,-0.00560981,-0.0221195,m2
18884078,0.0189,-0.02214,-0.0372406,m2
18998069,0.0002,-0.0561385,-0.0545963,m2
18937416,0.0037,0.0072037,-0.000413477,m2
19000109,0.00085,0.00562831,0.0479839,m2
18696135,0.002,-0.0729049,-0.0455174,m2
19002819,0.00015,0.100242,0.0558177,m2
18978457,0.0086,-0.000378732,-0.0229367,m2
18995693,0.00045,0.0170709,0.015556,m2
19003208,5.0e-05,0.0862253,0.125846,m2
18939859,0.00745,-0.146546,-0.141739,m2
18789850,0.01975,0.0239325,0.0274662,m2
5360721,1.0,0.0286448,-0.0015841,m2
19003207,5.0e-05,0.010874,0.0214657,m2
18823223,0.00345,-0.0614542,-0.0486076,m2
19002142,0.00025,0.0137146,0.0201041,m2
19003206,0.00015,-0.0924082,-0.0331211,m2
18867901,0.0031,0.0505126,0.0164134,m2
6615100,1.0,-0.00028052,0.00684627,m2
19003205,5.0e-05,0.0347574,0.0507932,m2
18981848,0.0033,0.00915223,-0.000220875,m2
18221984,0.09525,-0.00710719,0.0102529,m2
12525550,1.0,0.0140711,-0.00858688,m2
19001568,0.0003,0.0531791,0.039372,m2
18981116,0.00475,-0.0378323,-0.0322296,m2
18999901,5.0e-05,0.0104022,0.00500973,m2
19001035,0.0001,-0.0874779,-0.0825883,m2
19001935,0.0003,0.0170056,0.0289296,m2
18996295,0.0031,-0.0182635,0.00304766,m2
19002485,0.00015,-0.00787441,-0.029191,m2
8501173,1.0,-0.0146781,0.023368,m2
18928053,0.01335,0.0536301,0.0564256,m2
18751215,0.06355,-0.00686714,-0.00600044,m2
18899373,0.0099,-0.04061,-0.0322823,m2
18997108,0.00015,0.0876314,0.0873394,m2
18936632,0.00075,-0.00442837,-9.40637e-05,m2
19003422,5.0e-05,0.042913,0.033773,m2
18999562,0.00035,-0.0043742,-0.0169288,m2
18984703,0.0039,0.0437275,0.0379695,m2
19003204,0.0001,0.00545163,-0.00113485,m2
18838002,0.07515,-0.0047563,-0.0270594,m2
18977493,0.0019,-0.0165212,-0.00346921,m2
17426451,0.8317,0.00683133,-0.0209506,m2
19003006,0.0001,-0.0677194,-0.078878,m2
18739063,0.05755,0.0220683,0.0410306,m2
16049388,0.50065,0.0254176,0.0132059,m2
18999899,0.0003,0.00656879,0.011837,m2
19003203,0.0001,-0.0374459,-0.0452726,m2
18999561,0.00045,-0.0624233,-0.060628,m2
9066662,0.9085,0.0307683,0.0309659,m2
18919777,0.01055,0.0140731,0.00703057,m2
18974815,0.00215,-0.0263222,0.0192784,m2
18984909,0.0057,0.0607636,0.0747748,m2
15611274,0.01425,0.00902778,0.0121578,m2
18997672,0.00175,-0.0444183,-0.0301521,m2
18994335,0.00025,-0.0618827,-0.0747322,m2
19000667,0.0003,0.036602,0.0582969,m2
18994733,0.00035,-0.0739484,-0.0704586,m2
19002484,0.00035,0.0708522,0.105459,m2
19001565,0.0002,-0.0890925,-0.110083,m2
19003421,5.0e-05,-0.0368184,-0.00991768,m2
18237085,0.2242,0.00777394,-0.029397,m2
19003420,5.0e-05,-0.00623563,-0.0116482,m2
19001032,0.00025,-0.0455629,-0.0560375,m2
18997105,0.00015,-0.0382673,-0.0493542,m2
14070798,1.0,-0.00451454,0.017887,m2
18184790,0.0212,-0.00976549,-0.0197219,m2
18939855,0.00255,-0.0226244,0.0101039,m2
19002483,5.0e-05,-0.00214497,-0.0249102,m2
18868078,0.03845,0.0217437,-0.00501937,m2
18989278,0.00365,0.00842742,-0.0095743,m2
3382965,1.0,0.0240331,0.0213696,m2
19003419,5.0e-05,0.0743741,0.0621,m2
19003418,5.0e-05,0.0859794,0.0846335,m2
19001562,5.0e-05,0.0446802,0.0543888,m2
18958183,0.00455,-0.00881493,0.0337428,m2
18997104,0.0011,-0.0699433,-0.0958223,m2
18981476,0.00025,-0.024563,0.0106286,m2
18985085,0.00265,-0.0603393,-0.0537887,m2
18941872,0.00105,-0.100251,-0.0749632,m2
19000475,0.00025,-0.0625725,-0.0263777,m2
17021738,0.0191,0.0237981,-0.0012096,m2
19003202,0.0001,-0.0126655,0.0223559,m2
19000474,0.00015,-0.0822821,-0.0805728,m2
18562618,0.0019,-0.0402758,-0.0245851,m2
18996292,0.00275,-0.0240017,0.000637011,m2
19002313,0.00015,0.0376193,0.0379302,m2
18827514,0.0458,-0.0207728,-0.0313169,m2
19002641,0.00015,0.0235478,0.0274923,m2
18449638,0.07045,0.022543,0.023061,m2
18927681,0.02105,0.0400655,0.0292552,m2
18998821,0.00065,-0.0187361,-0.00700502,m2
19002640,5.0e-05,0.0259643,0.026159,m2
19003201,5.0e-05,0.0438067,0.0366214,m2
18981472,0.00305,-0.0383508,-0.0403742,m2
18261319,0.14525,0.0187424,0.0334593,m2
18666357,0.06495,-0.0257257,-0.024024,m2
18959152,0.00375,-0.0557084,-0.053267,m2
18138878,0.21775,-0.0166926,-0.00140385,m2
18466367,0.22435,0.00393509,-0.0115228,m2
18997671,0.002,-0.0148102,0.000237957,m2
18896907,0.00165,0.058224,0.0456728,m2
19003002,0.00015,-0.082035,-0.0510766,m2
19000472,0.00125,-0.00791172,-0.014318,m2
19001930,0.00015,-0.0216381,-0.00584828,m2
18930596,0.00085,0.0425301,0.0289421,m2
19002812,0.0001,0.00688292,0.0248751,m2
19003200,5.0e-05,-0.0441925,-0.0430503,m2
19003417,5.0e-05,-0.0222742,-0.0335969,m2
19002140,5.0e-05,0.0610988,0.0256057,m2
18398901,0.0346,-0.0120025,-0.037516,m2
19003416,5.0e-05,-0.00488423,-0.00707106,m2
18992654,0.0005,-0.057765,-0.0638194,m2
18917493,0.0127,-0.00643286,-0.000949372,m2
19003415,5.0e-05,0.0816035,0.0101157,m2
19003414,5.0e-05,-0.00300658,-0.0448918,m2
18978042,0.00325,-0.0510469,-0.0458872,m2
18961039,0.002,-0.0636419,-0.0825083,m2
18888421,0.00975,0.00546928,0.00252827,m2
18754963,0.00015,-0.0474756,-0.0359791,m2
19003413,5.0e-05,0.0631811,0.078665,m2
18971706,0.0067,-0.0201069,-0.0144905,m2
19003000,5.0e-05,0.0295156,0.0206056,m2
19003198,5.0e-05,-0.0503169,-0.0379893,m2
18998257,0.00025,-0.0573996,-0.0696252,m2
18984309,0.00245,-0.0230052,-0.0164696,m2
18990962,0.0047,-0.0553039,-0.0403895,m2
18989852,0.0015,-0.117525,-0.0896616,m2
18997477,0.00075,-0.0149571,-0.0409547,m2
18998817,0.0004,-0.00490824,0.0156331,m2
18999555,5.0e-05,-0.00659444,-0.0243338,m2
18932797,0.0252,0.0673216,0.0315699,m2
18589828,0.01165,0.00886191,0.0213751,m2
19003412,5.0e-05,-0.00587739,-0.0186622,m2
18854764,0.00295,0.00690553,-0.00924613,m2
19001557,0.00105,0.0122575,-0.0148743,m2
9311000,1.0,0.0123662,0.00864795,m2
18978839,0.0028,-0.0429277,-0.050189,m2
18514444,0.15675,-0.0113279,-0.0204915,m2
19001390,0.0007,-0.0295258,-0.0119656,m2
18998639,5.0e-05,0.0133832,0.0384118,m2
18981466,0.00115,-0.0376866,-0.013314,m2
19001389,0.00055,0.0631749,0.0841192,m2
18598391,0.05785,-0.00825973,0.00255023,m2
18994327,0.0012,0.0449418,0.0331338,m2
18955158,0.0112,0.0142003,-0.00338472,m2
18979771,0.00165,0.0361037,0.0317644,m2
17247709,0.034,-0.0139817,-0.0205548,m2
19003196,5.0e-05,-0.0577588,-0.0464055,m2
18784964,0.0004,0.0170673,0.0322973,m2
18822495,0.0263,-0.00058375,-0.00241181,m2
18184783,0.0529,0.0280053,0.0292998,m2
18981465,0.00385,0.0245841,0.0107718,m2
8258385,1.0,0.00503951,-0.0141098,m2
18913924,0.0048,-0.041109,-0.00571078,m2
18987123,0.0029,0.0427799,0.0176378,m2
18984696,0.00615,0.0309318,0.0370406,m2
18966339,0.00195,-0.0202066,-0.0129402,m2
19003411,5.0e-05,-0.0209248,0.00993899,m2
18619415,0.0227,-0.027845,-0.0244803,m2
19003410,5.0e-05,-0.00535552,-0.0373484,m2
19001027,0.0002,0.0302003,0.0146725,m2
18926934,0.02885,0.0475071,0.0405594,m2
19000837,0.00055,0.0239241,0.0223776,m2
18967282,0.00715,0.0228698,0.0363652,m2
18999551,0.00015,-0.0071827,-0.0157245,m2
15620226,0.03375,0.00442832,-0.00922452,m2
18994915,0.00535,-0.0528995,-0.0544939,m2
19002635,0.0001,0.121152,0.0760444,m2
18974417,0.0062,0.00885461,0.0499191,m2
19002810,0.0004,-0.0570399,-0.0812494,m2
18941323,0.0047,-0.0218436,-0.0115154,m2
19000096,0.0004,0.00691644,0.00234859,m2
19003409,5.0e-05,-0.0410245,-0.0597077,m2
18988879,0.0071,0.0283504,0.0409146,m2
18990403,0.0016,-0.00600173,0.0103967,m2
17598900,0.1363,0.000776838,0.00709194,m2
18967868,0.01185,0.0430112,0.0851071,m2
18931116,0.02945,0.0205703,0.0331597,m2
7279825,1.0,0.0128229,0.0061927,m2
18960268,0.00065,0.0533276,0.0518905,m2
19003194,5.0e-05,-0.011756,-0.0209143,m2
18971110,0.0003,0.0829483,0.0530428,m2
18311891,0.13565,0.0183988,0.0324894,m2
18873215,0.0092,0.00184464,-0.00785934,m2
18988682,0.0004,-0.108772,-0.075326,m2
18997880,5.0e-05,-0.0122628,0.00452796,m2
18998637,0.0007,0.0235085,0.0273361,m2
19002634,5.0e-05,-0.000713427,-0.013361,m2
18881988,0.0152,-0.0809834,-0.055635,m2
18504466,0.00895,-0.00635422,-0.0335816,m2
2173058,1.0,0.00171142,0.00872079,m2
19003408,5.0e-05,-0.0559494,-0.0834682,m2
18906496,0.00565,-0.0265758,-0.0159728,m2
19003407,5.0e-05,0.0610678,0.058438,m2
16060594,0.2836,-0.00381342,-0.0312103,m2
19001922,0.00025,0.0102948,0.0152475,m2
18464441,0.00955,0.021262,-0.023025,m2
18950905,0.0016,0.111031,0.116953,m2
18959342,0.00335,-0.0163836,0.0013132,m2
18977294,0.00165,-0.0819331,-0.0609548,m2
19003193,5.0e-05,0.104949,0.0609328,m2
18661979,0.00625,-0.0140289,-0.00791565,m2
18516924,0.1925,0.0177548,-0.00741513,m2
19003406,5.0e-05,-0.049397,-0.0474876,m2
18979596,0.00625,0.0213778,0.0116879,m2
18789444,0.0011,-0.0497651,-0.0484785,m2
18033215,0.187,0.00946115,-0.00941367,m2
18985792,0.0036,0.0281412,0.0448703,m2
18933362,0.0013,0.0294765,0.0247033,m2
18649754,0.0116,0.0414108,0.035125,m2
19003191,0.0001,-0.0486751,-0.0200548,m2
18989462,0.0029,-0.0796435,-0.0565194,m2
19002994,0.00025,0.119074,0.0862522,m2
19002301,5.0e-05,0.0111417,0.0257443,m2
18848321,0.00235,-0.0379046,0.0108006,m2
19003405,5.0e-05,0.031839,0.036211,m2
18995678,0.00175,-0.00112598,-0.0163443,m2
18997280,0.00155,-0.0138613,-0.00939829,m2
19000094,5.0e-05,-0.0427175,-0.0187899,m2
2998833,1.0,-0.00404195,-0.0336654,m2
18944980,0.00015,0.0646105,0.0735202,m2
19003190,5.0e-05,0.0469843,0.0645638,m2
19001760,5.0e-05,0.017204,-0.014874,m2
18403386,0.25425,0.00770161,0.00422351,m2
18985590,0.00025,-0.00515064,-0.0203993,m2
18965311,0.0021,0.0230621,0.00949796,m2
18999724,0.0013,0.0169381,0.0512968,m2
19003404,5.0e-05,-0.0122551,0.0117551,m2
18994323,0.00035,0.0291588,0.0290679,m2
19002469,0.00015,-0.0458665,-0.0370482,m2
18997472,0.0018,0.0526979,0.0396427,m2
18710654,0.0175,0.0293926,0.023102,m2
18993973,0.0076,0.0245837,0.0247014,m2
18999723,0.0005,-0.0590106,-0.027281,m2
19002805,0.0002,0.00826859,7.82525e-05,m2
3999960,1.0,0.0203849,-0.0253257,m2
18762720,0.02745,0.0136159,-0.00181982,m2
5390823,1.0,0.0160803,0.0261386,m2
18999021,0.0007,-0.0543748,-0.0283901,m2
19001021,0.0013,0.006336,-0.00656294,m2
7481692,0.69525,-0.0163599,-0.00384385,m2
18944028,0.0018,-0.0345523,-0.0259572,m2
18878615,0.00945,-0.0361153,-0.0476358,m2
18985586,0.00145,0.011863,0.02204,m2
12239913,1.0,0.00662898,0.00465716,m2
18987520,0.0002,0.0272587,0.0181065,m2
19003189,5.0e-05,-0.0472652,-0.0556799,m2
16606479,0.1064,-0.0186544,-0.0136431,m2
2445802,1.0,0.00269467,0.0125236,m2
18965107,0.0015,0.0288782,0.0223503,m2
13395086,0.0976,-0.0154043,-0.000898809,m2
19002803,5.0e-05,0.0331302,-0.00445022,m2
18030682,0.02925,-0.0139621,0.0183217,m2
12185063,0.2653,0.0121747,-0.00487402,m2
19002802,0.0002,-0.0484731,-0.00948661,m2
18997471,0.00095,0.018696,0.0476897,m2
19003403,5.0e-05,-0.00988786,-0.0107115,m2
18990038,0.00235,0.0531361,0.0289699,m2
16555081,0.99825,-0.0270217,0.0158176,m2
18998428,5.0e-05,-0.0293685,0.0346288,m2
19002467,5.0e-05,0.0815167,0.0392328,m2
18981100,0.00175,0.0510845,0.0503064,m2
19000831,0.001,0.0576873,0.0137907,m2
18979424,0.001,0.0638693,0.0692824,m2
18463464,0.23605,0.0315924,0.0113861,m2
18992836,0.0004,-0.0138819,-0.00977135,m2
19003402,5.0e-05,0.0680569,0.0965958,m2
18996900,0.00085,0.0347474,0.0252472,m2
18952621,0.00695,-0.0404974,-0.043511,m2
19002129,0.0005,0.0299458,0.0646738,m2
18998427,0.0004,0.0105906,-0.0255593,m2
18981098,0.0037,-0.0500883,-0.0385315,m2
18983930,0.0015,-0.012277,-0.00611886,m2
556951,1.0,-0.0210459,-0.0111935,m2
19002990,0.0001,-0.0318041,-0.0833777,m2
19002629,0.0006,0.0285491,0.000978901,m2
18999887,0.00055,0.0212852,0.0287537,m2
18999715,5.0e-05,-0.0114916,0.00539591,m2
19002989,0.00025,0.01079,-0.00543741,m2
18830272,0.00545,0.0187301,0.0238197,m2
18992066,5.0e-05,-0.0445371,-0.0598489,m2
19002628,0.0001,0.0103937,0.0303893,m2
18955148,0.001,-0.0419701,-0.0413299,m2
16419852,0.07405,0.0112007,0.00566949,m2
18986162,0.0044,-0.0624366,-0.0523813,m2
18999187,0.0021,0.044883,0.0477881,m2
18963125,0.0241,-0.0327953,-0.0249016,m2
19001755,0.00065,0.0185838,0.0155274,m2
19001754,0.00045,-0.0792685,-0.0951379,m2
19002627,5.0e-05,-0.0675553,-0.0539294,m2
18873943,0.00235,0.0417049,0.0733559,m2
18993582,0.00155,0.00306075,0.0412713,m2
19002988,5.0e-05,-0.0212948,-0.0195363,m2
19001017,0.0002,-0.052546,-0.042992,m2
18769619,0.0223,0.0332688,0.0283092,m2
19003401,5.0e-05,0.0571989,0.0770159,m2
19003400,5.0e-05,0.024203,-0.0280813,m2
18992640,0.00435,0.0218236,0.0417488,m2
18864125,0.00355,0.0475242,0.0143996,m2
18997274,0.00015,0.00655125,0.0126068,m2
9929038,0.0915,0.0131902,0.0435811,m2
18659533,0.0352,0.000915624,0.0063412,m2
18873375,0.0102,0.0140535,0.00364266,m2
18990200,0.0023,0.0137735,-0.00407629,m2
18973807,0.00655,-0.0298714,-0.019173,m2
18952617,0.00015,0.0105818,0.0419434,m2
18998245,0.00115,0.060494,0.0519001,m2
19002987,5.0e-05,0.0375889,0.0193455,m2
19003399,5.0e-05,-0.0666775,-0.0542406,m2
18980737,0.00045,-0.0214257,-0.00307344,m2
18280535,0.0579,-0.0118787,-0.00848914,m2
17445962,0.53055,-0.00144123,0.00688034,m2
18995526,0.00045,0.0159385,0.0386915,m2
18821719,0.0332,-0.000303176,0.0121152,m2
19003398,5.0e-05,-0.0471627,-0.0293931,m2
19001016,0.0001,0.0388335,0.0452506,m2
18992638,0.0013,0.0832234,0.0458853,m2
19001752,0.00015,-0.0324967,-0.0431128,m2
7655495,1.0,-0.0243359,-0.00819816,m2
18996681,0.0025,0.00360724,0.0699888,m2
18984893,0.00195,-0.0422921,-0.0264697,m2
18682326,0.0053,0.0795268,0.0476713,m2
18980131,0.0095,0.0371314,0.019479,m2
18990955,0.0006,-0.0197342,0.0146515,m2
2413175,1.0,-0.00839174,-0.0161277,m2
18991108,0.0007,-0.0411278,-0.0501217,m2
18560534,0.0705,-0.0289255,-0.00268966,m2
1775439,1.0,-0.00286595,-0.0184273,m2
19002795,0.0001,-0.0211836,0.00974879,m2
18998626,0.00045,-0.0303192,-0.0115268,m2
18986548,0.0003,0.0129838,-0.0171421,m2
19003397,5.0e-05,-0.113905,-0.106611,m2
19003396,5.0e-05,-0.0250293,-0.00587182,m2
18425321,0.0463,-0.0152488,0.0279423,m2
19003395,5.0e-05,0.0692059,0.074968,m2
18984891,0.00015,-0.0547573,-0.0492165,m2
19002124,5.0e-05,-0.0136041,0.0205445,m2
16802728,0.14085,-0.00059433,0.00206049,m2
19003184,5.0e-05,0.0413723,0.019687,m2
18979230,0.0007,0.0805749,0.0982591,m2
18928804,0.016,-0.00949644,0.00511688,m2
18993774,0.0003,-0.0300271,-0.0250451,m2
18967856,0.01135,-0.0362141,-0.0768359,m2
18998243,0.0012,0.0326803,0.033656,m2
18997464,0.0007,0.0156908,0.0435712,m2
18986359,0.00305,0.149961,0.131177,m2
19002793,5.0e-05,-0.0778627,-0.0577009,m2
19003183,5.0e-05,0.00306391,-0.0293392,m2
18700262,0.034,0.0313898,0.0174865,m2
18999183,0.0008,-0.0120981,-0.00423956,m2
19003394,5.0e-05,0.0608092,0.0782457,m2
18986158,0.0005,-0.0233979,-0.0178613,m2
18476900,0.0422,-0.0162072,-0.0141368,m2
19000459,0.00065,-0.0221632,-0.0580602,m2
19001911,0.00055,0.0480997,0.0368519,m2
18909456,0.0196,0.0441512,0.0400758,m2
18971870,0.0004,0.0278083,0.04506,m2
19003393,5.0e-05,-0.0435882,-0.0279117,m2
19002981,0.0001,-0.0254161,-0.0590393,m2
17807209,0.04295,0.00437749,0.0224626,m2
19001910,0.0001,-0.00198984,-0.0213373,m2
19002293,0.0003,0.0242097,0.012851,m2
19000645,0.00065,0.0142406,0.0219377,m2
18983734,0.00655,-0.0280971,0.0180364,m2
18992824,0.00115,0.040574,0.0125529,m2
18870617,0.0207,-0.0226765,-0.0332034,m2
18734209,0.07415,0.0254042,0.0317122,m2
18998801,0.0007,0.0447459,0.0201498,m2
16500380,0.41745,-0.00761463,-0.000487727,m2
17902519,0.0162,0.0549283,-0.00940735,m2
19002122,5.0e-05,-0.0695541,-0.0604161,m2
19003392,5.0e-05,0.0343728,0.0407087,m2
18795111,0.00865,0.0600581,0.0375404,m2
18980336,0.0025,-0.0655244,-0.0726838,m2
17821324,0.07165,-0.00623949,-0.00860713,m2
5633620,1.0,-0.0098056,0.0221265,m2
18979026,0.0035,-0.0227432,-0.0199573,m2
19002292,0.00015,-0.0525222,-0.0149547,m2
19003391,5.0e-05,-0.037848,-0.0419579,m2
18939097,0.00965,0.0283478,0.0105564,m2
17976342,0.2155,-0.00830742,-0.00591905,m2
18984479,0.0055,-0.00453017,-0.00238402,m2
18744758,0.0148,-0.0230228,-0.0121234,m2
18332323,0.03955,-0.0264482,-0.0191921,m2
18999876,0.00115,0.0427515,0.0557129,m2
18980902,0.00365,0.0425769,0.00435915,m2
19002980,5.0e-05,0.0362529,0.0503712,m2
18862364,0.0267,-0.0543716,-0.0239119,m2
19002622,5.0e-05,-0.0620727,-0.029646,m2
17887346,0.04215,-0.0175115,-0.00551659,m2
18906280,0.00285,0.0355586,0.0230571,m2
19002979,0.0001,-0.00412303,0.0183475,m2
18968822,0.0057,-0.0174043,0.0114417,m2
18980901,0.0121,0.0297311,0.0208848,m2
19002463,0.00025,0.0805267,0.0991093,m2
18769616,0.00015,0.00263239,0.0478107,m2
19000819,0.00035,0.0104677,2.98776e-05,m2
19001544,0.0002,0.0176097,-0.00537482,m2
19003178,5.0e-05,0.0422587,0.0449281,m2
19003390,5.0e-05,-0.00682183,0.00699298,m2
18946382,0.0074,-0.0585769,-0.0425723,m2
18985236,0.00695,-0.0464917,-0.0408021,m2
19002118,0.00025,-0.0291051,-0.00756703,m2
18982397,0.00105,0.0944711,0.0816747,m2
19003389,5.0e-05,-0.0382025,-0.0321645,m2
18199426,0.09035,-0.0127595,-0.0154526,m2
18998411,0.00145,0.0204009,0.0333512,m2
18977836,0.0051,-0.0231245,-0.0260998,m2
19001904,0.00015,0.0450218,0.0668464,m2
19003388,5.0e-05,0.0426157,0.0294203,m2
19003387,5.0e-05,0.0252853,0.0271322,m2
18999174,0.0006,0.0027571,-0.0271966,m2
18977633,0.00055,0.0385647,0.0176458,m2
19003386,5.0e-05,-0.0332177,-0.060861,m2
18996271,5.0e-05,-0.0251458,-0.0122993,m2
18995517,0.0001,0.0234751,-0.00423929,m2
18997862,0.0002,-0.00141452,0.0120081,m2
19001197,0.00135,0.0686213,0.075412,m2
18995298,0.00105,-0.0100159,-0.00199518,m2
18995659,0.00035,0.0124478,0.0543996,m2
18996270,0.00015,0.0281186,0.0807954,m2
18762294,0.0086,-0.0734172,-0.0822491,m2
18780561,0.0156,0.0179431,-0.0131366,m2
19003385,5.0e-05,-0.0784686,-0.0777203,m2
19001540,5.0e-05,-0.0278804,-0.0230727,m2
18992272,0.00415,-0.0263061,-0.0360645,m2
18148030,0.2959,0.0170652,0.0102024,m2
19003174,5.0e-05,-0.0185805,-0.0315927,m2
18986930,0.00405,0.054154,0.0342806,m2
19001005,0.00025,-0.0779385,-0.0573599,m2
17973204,0.04165,0.0357603,0.0384674,m2
10191399,0.3525,-0.00726818,-0.00951321,m2
2698087,1.0,-0.00882082,-0.00167022,m2
19000815,0.0006,-0.0382563,-0.0461512,m2
13168744,0.84755,0.000382607,-0.0216222,m2
19003173,0.0001,0.0120118,0.0356391,m2
18930362,0.00695,-0.0222741,-0.00905052,m2
15812937,0.90445,-0.0117362,-0.00800857,m2
19002460,0.0001,-0.0232823,-0.0252397,m2
18998040,0.0009,0.027794,-0.00285538,m2
18702315,0.00515,-0.0173092,0.00525249,m2
18794740,0.0014,0.0025251,-0.0232305,m2
19002781,0.0002,-0.0252899,-0.009661,m2
19003383,5.0e-05,0.00771215,0.0145621,m2
19002285,5.0e-05,-0.0107595,-0.000103836,m2
18999004,0.002,-0.022626,-0.00272584,m2
19000451,0.00015,0.0675453,0.0585906,m2
18973017,0.01,0.027283,0.0208309,m2
19000450,0.0001,0.0626216,0.0141618,m2
12869202,0.29775,-0.00606204,0.00277243,m2
19001536,0.0004,0.0327409,0.0373278,m2
18985569,0.0025,0.0157171,-0.014485,m2
18915379,0.00725,-0.070016,-0.0678734,m2
19002284,5.0e-05,0.0176685,0.0312128,m2
18993764,5.0e-05,0.0417157,0.0577249,m2
18247336,0.08485,0.00244212,-0.0453278,m2
15990020,0.64535,-0.0221373,0.012786,m2
18999330,0.0001,-0.0168662,-0.0169801,m2
18999329,0.001,-0.047252,-0.015229,m2
18467656,0.1173,0.0031304,0.0077292,m2
19002283,5.0e-05,-0.0435274,-0.0517324,m2
19002616,0.0001,0.0189845,0.0148113,m2
19003382,5.0e-05,0.0300994,0.00571822,m2
18986734,0.00245,0.0500431,0.0654368,m2
18961786,0.01045,0.0124883,-0.0194837,m2
18989638,0.00685,0.00397406,0.00769484,m2
19001363,0.0003,0.0215443,0.0160596,m2
14834317,0.89525,0.00324591,-0.012119,m2
19002281,5.0e-05,-0.0266896,0.0111861,m2
18900894,0.00255,0.0104268,-0.00319147,m2
18996881,0.002,0.0320613,0.00686818,m2
18935446,0.0027,-0.00437811,-0.00754962,m2
18998240,0.00085,0.0266344,0.0516383,m2
18919946,0.015,0.0132438,-0.0120437,m2
18795295,0.03365,0.030413,-0.00473707,m2
15510406,0.56265,-0.00414771,-0.0139547,m2
19000446,0.0009,0.0266775,0.0162588,m2
3615517,1.0,-0.0269326,-0.0300207,m2
19000633,0.00025,0.106695,0.119551,m2
19002110,0.00025,-0.101153,-0.101778,m2
18911373,0.00515,-0.00184973,0.000984799,m2
18993952,0.001,0.0506843,0.0316653,m2
16788119,0.0499,0.0109513,-0.0102212,m2
19002975,0.00025,0.00989967,-0.00722417,m2
18942259,0.0197,-0.0133728,0.0109015,m2
18856209,0.00625,-0.0468328,-0.0676976,m2
8993576,0.9129,-0.00950795,-0.0221607,m2
17257702,0.0332,-0.00732,-0.0165651,m2
14542413,0.9211,0.0240766,-0.000924295,m2
10043616,0.54435,-0.00703916,-0.0211316,m2
18969026,0.0019,-0.027797,0.0178397,m2
18725751,0.05515,-0.0232554,-0.0201228,m2
18999525,0.00135,0.112401,0.0942386,m2
18993383,0.0025,0.0477,0.0909182,m2
18984279,0.0047,-0.00745973,-0.0227265,m2
18894894,0.0326,-0.0109799,-0.00828507,m2
18997456,0.0006,-0.00155061,0.0151601,m2
18947331,0.00615,-0.0388113,-0.0268898,m2
18999866,0.0005,0.0730745,0.0388054,m2
19002109,0.0002,0.0342085,0.0466387,m2
18757385,0.0213,-0.0024775,0.00639128,m2
18949218,0.00395,-0.0346884,-0.0178055,m2
18990751,0.0006,-0.000808501,0.0478502,m2
18909446,0.00095,0.0189196,0.0411207,m2
18986926,0.00065,-0.0045702,-0.0215372,m2
18935072,0.0079,0.0241609,0.0728165,m2
19003380,5.0e-05,0.061456,0.0859174,m2
19002777,0.00015,0.0143367,0.0092712,m2
19002613,0.00025,0.0417812,0.0725227,m2
19001187,5.0e-05,0.00899312,-0.00903171,m2
19002106,0.00045,-0.0285141,-0.0134031,m2
18958743,0.00135,0.00200901,-0.0142004,m2
18384875,0.36235,0.0314398,0.0593701,m2
19001896,0.00025,-0.0165318,0.00246251,m2
19001359,0.00055,0.00556185,0.0185391,m2
18964377,0.0088,0.0223476,0.0430685,m2
19000999,0.0005,0.00976106,0.0140989,m2
19001895,0.00025,-0.0183422,-0.0492185,m2
18985059,0.0022,-0.074262,-0.0703412,m2
19001894,0.0004,-0.0209401,0.000686036,m2
10289933,0.937,0.0294111,0.0267895,m2
18856037,0.00905,0.0238659,-0.0116828,m2
19000250,0.00235,-0.0452197,-0.020581,m2
18971300,0.0005,-0.0416534,-0.0426734,m2
18992816,0.00145,0.0760911,0.0739606,m2
18998789,0.00055,-0.00756065,0.000104426,m2
18885163,0.0149,-0.0139579,0.0092963,m2
11877876,1.0,-0.00252059,-0.00762877,m2
18996674,0.0033,-0.00693506,-0.0126988,m2
19002456,0.0001,0.0313467,0.0260763,m2
19003170,5.0e-05,0.0665426,0.0672032,m2
4007836,1.0,0.000662599,0.012659,m2
19000626,5.0e-05,0.0373218,0.00822545,m2
18936988,0.0208,-0.00635544,-0.0158417,m2
18989632,0.00305,0.0880219,0.0673901,m2
18992815,0.00725,0.0106556,0.0266416,m2
18812768,0.0035,-0.0858989,-0.0764333,m2
19003169,5.0e-05,0.00468915,0.0286826,m2
18997068,0.0007,0.0295944,0.0457655,m2
18873916,0.00275,0.0671374,0.0316526,m2
19002104,0.00025,-0.0372785,-0.0907388,m2
18663495,0.0051,0.0413026,0.0135095,m2
18996673,0.0002,0.0661111,0.0813508,m2
19003168,5.0e-05,0.00362634,-0.05121,m2
18195359,0.0231,-0.0255001,0.0342941,m2
18736332,0.0013,-0.0421621,-0.0677673,m2
18915373,0.00765,0.0545309,0.0480046,m2
5526323,1.0,0.00888555,-0.00436815,m2
17863758,0.05865,-0.0141209,-0.0139556,m2
18987094,0.00245,-0.0429827,-0.0395673,m2
19002971,0.00015,-0.0197818,-0.0229462,m2
18999323,0.00015,-0.0366259,-0.00897014,m2
18992813,0.0017,0.0156351,-0.0330941,m2
18954756,0.0054,0.0568802,0.0572759,m2
6634900,1.0,0.0147692,-0.000488836,m2
18998032,0.00045,0.0491187,0.068283,m2
18978011,0.003,-0.0514794,-0.0103992,m2
19003167,0.0001,0.0228336,0.021719,m2
18950126,0.00065,-0.0627429,-0.0747858,m2
19003166,0.0001,0.00940113,0.00837196,m2
18936984,0.0005,0.00245352,0.0341202,m2
18952243,0.0024,-0.0220571,-0.0149375,m2
19003378,5.0e-05,0.0631551,0.0484549,m2
19003377,5.0e-05,-0.0226633,-0.0331973,m2
19003165,5.0e-05,0.0630425,0.0898427,m2
15247227,0.86345,0.0173559,0.0328986,m2
18999693,0.0003,-0.0623647,-0.0518796,m2
18998031,0.00015,-0.0232353,-0.0381884,m2
19002273,0.00025,0.0238364,-0.00945683,m2
18997255,0.0008,-0.0222587,-0.0231123,m2
18681766,0.0858,-0.0130984,-0.00899419,m2
15629823,0.45945,-0.0198857,-0.0142521,m2
19000247,0.001,0.00294931,0.0030333,m2
18991495,0.00015,0.00398197,0.0078307,m2
19000070,0.0001,0.0723708,0.0943996,m2
19001526,0.0003,-0.0458244,-0.0523532,m2
19003376,5.0e-05,0.00982741,-0.00572065,m2
18999321,0.00015,-0.0624455,-0.0346823,m2
18955672,0.0046,0.0166004,-0.0129497,m2
19001525,0.0004,0.0390818,0.0188979,m2
19002101,0.00035,-0.0207097,0.00918566,m2
4772314,1.0,0.00381963,0.0192925,m2
13815479,0.3059,-0.0140658,-0.00352645,m2
18982202,0.00385,0.0305962,0.0127419,m2
18859071,0.00965,-0.0115569,-0.010351,m2
2051702,1.0,-0.0343981,-0.0165012,m2
18103279,0.03885,-0.026636,-0.0428298,m2
18339246,0.0105,-0.0439457,-0.0341666,m2
18984459,0.0049,0.0063197,0.0277943,m2
17677167,0.04725,0.023215,0.0409264,m2
18778801,0.0447,6.83929e-05,0.00945669,m2
18985384,0.0002,-0.058059,-0.0174678,m2
18777500,0.0078,-0.0274738,-0.0168604,m2
18993182,0.00505,0.00082064,-0.00479379,m2
19003375,5.0e-05,0.0506798,0.0749891,m2
19002448,0.0001,0.0112028,0.0144837,m2
18999320,0.0002,-0.0261394,-0.0124731,m2
18975741,0.00405,-0.0152528,-0.0243485,m2
19002969,0.0003,-0.0124081,-0.0100114,m2
18871196,0.0558,0.0188482,0.0114148,m2
16515596,0.83865,-0.0193514,-0.0233395,m2
18959885,0.00105,-0.0161551,0.00338495,m2
18676256,0.0364,0.038714,0.0408983,m2
18914095,0.0046,-0.00669176,-0.0230285,m2
18978198,0.0066,-0.061436,-0.0479497,m2
4753997,1.0,0.0334724,0.0192774,m2
14095675,0.65105,0.0287357,0.0229977,m2
11692107,1.0,0.00350235,9.1285e-05,m2
18845004,0.0314,0.0469367,0.0255851,m2
19000622,0.00025,0.03401,0.0132651,m2
19003163,5.0e-05,-0.00648453,-0.0255156,m2
18305146,0.5764,-0.014474,-0.0190766,m2
18957785,0.0017,0.023778,0.0275289,m2
18991858,0.00045,-0.0264854,-0.0171901,m2
19003162,0.0001,-0.0189219,-0.0183846,m2
18921288,0.00195,0.0259897,0.0448027,m2
19003161,5.0e-05,-0.00426769,-0.0441674,m2
19003160,5.0e-05,-0.0638155,-0.0550583,m2
18808888,0.01525,-0.0690769,-0.0508597,m2
18973217,0.0049,-0.0781072,-0.0577423,m2
18987709,0.0013,0.0844386,0.0852691,m2
18981627,0.0038,-0.0788321,-0.0761096,m2
18993753,0.00015,-0.00759476,0.0160157,m2
18992993,0.0007,-0.0165179,-0.00907617,m2
19003374,5.0e-05,-0.0721421,-0.0841323,m2
18433241,0.1721,-0.0140306,0.00985107,m2
2272326,1.0,0.0211592,-0.0174543,m2
18996461,0.0007,-0.0164834,-0.0102884,m2
19002768,0.0002,-0.00626112,0.00914025,m2
19003159,5.0e-05,0.0201901,0.00953256,m2
18884414,0.015,-0.0146668,-0.0335351,m2
19003373,5.0e-05,-0.0156032,-0.0269775,m2
18130996,0.0555,0.0187356,0.0147807,m2
19001174,0.0003,0.00467309,0.0307463,m2
19003157,5.0e-05,-0.00110558,0.00616317,m2
18901980,0.02225,-0.0304398,-0.0354682,m2
18926525,0.02035,-0.0160308,-0.017169,m2
18985379,0.0046,-0.0536831,-0.0521035,m2
19003372,5.0e-05,0.00290171,0.00884258,m2
19002964,0.0001,0.0585022,0.0702117,m2
18863905,0.0045,-0.0599954,-0.0651133,m2
18462712,0.19985,-0.00687648,0.0188628,m2
18993368,0.00195,-0.0213845,-0.0440837,m2
12543557,0.5604,-0.0185612,-0.00946525,m2
18940192,0.0299,0.0368221,0.0200664,m2
18932953,0.00565,0.0680664,0.0402996,m2
18131161,0.03225,0.0153307,0.0259957,m2
19001886,0.0002,-0.0359949,-0.00472231,m2
18468002,0.02835,0.0130192,-0.0106924,m2
18986336,0.003,0.0672497,0.0304761,m2
18983530,0.0042,-0.0155769,-0.0330631,m2
17542076,0.181,-0.00841511,0.0110599,m2
19002963,0.00015,-0.0171152,-0.0095417,m2
1965851,1.0,-0.0233466,0.00926242,m2
18933126,0.00395,-0.0272351,-0.0807479,m2
19000243,0.0005,0.00805732,-0.00288003,m2
18982587,0.00345,-0.0332413,-0.0760666,m2
19003155,5.0e-05,-0.00923529,-0.0116693,m2
19003371,5.0e-05,0.0437578,0.0518076,m2
18914249,0.01895,0.0246727,0.0389312,m2
18696258,0.03805,0.00478068,0.0278739,m2
18973211,0.0024,-0.0862615,-0.118156,m2
16382088,0.0908,0.00589136,-0.0123228,m2
18994887,0.00165,0.0496103,0.0596904,m2
18875369,0.02005,-0.0311536,-0.00150993,m2
19001516,0.0004,0.108057,0.109267,m2
18988103,0.00075,-0.0228308,-0.034223,m2
18994886,0.00145,-0.0368669,-0.0668998,m2
18994288,0.00205,0.0543163,0.0416767,m2
570829,1.0,0.000273201,-0.0233424,m2
19002603,0.0001,-0.0573789,-0.0460276,m2
18945970,0.00345,-0.0256204,-0.0217156,m2
14333871,1.0,-5.41122e-05,0.01608,m2
7313668,0.6954,-0.0205529,0.00359248,m2
18973395,0.00535,-0.0349248,-0.0147683,m2
18987276,0.0031,-0.0238881,-0.0579629,m2
18988101,0.00275,0.0101094,0.0070687,m2
18992800,0.00015,-0.0296935,-0.0120107,m2
19002961,5.0e-05,-0.0489198,-0.0282202,m2
18998226,0.0002,-0.0142301,0.0069828,m2
19002960,5.0e-05,-0.021308,-0.0421914,m2
18792962,0.1283,-0.00343876,0.045122,m2
19002959,0.00025,0.0626384,0.0591404,m2
19001728,0.0001,-0.0987748,-0.126808,m2
18999155,0.0011,-0.0596629,-0.069494,m2
19003370,5.0e-05,0.0465376,0.0579963,m2
19003369,5.0e-05,0.0689681,0.0407793,m2
18083901,0.64165,0.0190824,-0.0208196,m2
19002761,5.0e-05,0.0697705,0.0451113,m2
19003368,5.0e-05,0.0424369,0.0435621,m2
19002957,5.0e-05,0.04185,0.0135634,m2
18853775,0.00055,0.0534857,0.0435313,m2
18930342,0.00385,0.00264928,-0.0323488,m2
19000061,0.0003,0.028514,0.0201214,m2
18545122,0.01185,-0.000982695,-0.0206742,m2
18997061,0.0001,0.0763492,0.0450516,m2
18998019,0.00095,-0.0513905,-0.062599,m2
19003153,5.0e-05,-0.123895,-0.147578,m2
18998225,0.0014,-0.108293,-0.110967,m2
18975155,0.0012,0.0550635,0.0451251,m2
18999850,0.0009,0.0308065,0.01591,m2
19002437,5.0e-05,0.0803711,0.0591925,m2
18977993,0.003,-0.0727822,-0.0885586,m2
19003152,0.0001,-0.0317159,-0.0339134,m2
18999683,0.00025,0.0160749,0.0270986,m2
18999311,0.0015,-0.0806034,-0.0703102,m2
19003366,5.0e-05,-0.0628577,-0.0768599,m2
18992984,0.0015,-0.0361952,-0.0204045,m2
17989083,0.1042,-0.00458745,0.0170567,m2
18965903,0.0029,-0.0756342,-0.0504751,m2
19002954,5.0e-05,0.0257319,0.00591753,m2
19001343,0.0002,0.0505577,0.0782,m2
18616051,0.04355,0.0292888,-0.0159083,m2
18946163,0.00865,-0.0116951,-0.0460485,m2
19003365,5.0e-05,-0.0179574,0.0031856,m2
18991072,0.0002,0.0058467,0.0152645,m2
19002264,5.0e-05,0.00384294,0.00831523,m2
19001509,5.0e-05,0.0370246,0.0136232,m2
18550354,0.0423,0.0353319,0.018837,m2
18935053,0.0024,0.0157643,-0.00554978,m2
19003364,5.0e-05,-0.0487853,-0.0401189,m2
18543456,0.0617,0.0125027,-0.0180097,m2
19001724,0.00095,-0.00599606,0.00256626,m2
670613,1.0,-0.0181866,-0.021077,m2
18971658,0.00175,-0.0697436,-0.0666127,m2
7678412,1.0,0.00856706,0.031672,m2
17238847,0.1058,0.00846255,0.00137606,m2
19002952,5.0e-05,0.0360909,0.0599049,m2
19003363,5.0e-05,-0.0703988,-0.0672349,m2
18991292,0.0023,-0.0225285,-0.00404504,m2
18956027,0.0054,0.0311257,0.0217954,m2
18575780,0.02405,-0.0646827,-0.030344,m2
19003362,5.0e-05,-0.0877169,-0.087578,m2
17891870,0.0908,-0.041758,-0.0285692,m2
19001507,5.0e-05,0.0972325,0.102703,m2
18983888,0.00485,-0.0607638,-0.0571416,m2
6100372,0.9129,0.0101372,0.018268,m2
18861347,0.047,0.000178281,0.00690775,m2
19002435,0.0001,0.0691009,0.0567537,m2
18688402,0.0352,-0.023894,-0.0220044,m2
18784525,0.0097,0.0084896,0.0449837,m2
19002434,0.00045,-3.90328e-05,-0.0261194,m2
18982736,0.00625,-0.0233462,-0.0338393,m2
18995855,0.00095,-0.0423708,-0.0467461,m2
12723359,1.0,-0.0187509,-0.0401374,m2
18984069,0.0001,-0.0481008,-0.0321793,m2
19001882,0.00035,0.0185047,0.0333099,m2
18957938,0.0064,-0.02982,-0.0561546,m2
18994095,0.00275,0.00554777,-5.97143e-05,m2
19002951,0.0001,-0.0221659,-0.0695359,m2
17606106,0.1091,-0.00495281,-0.000508474,m2
18927095,0.0323,-0.0135123,0.00953082,m2
18893535,0.01385,7.1237e-05,0.00822637,m2
18912166,0.01255,0.0386253,0.0562637,m2
19003361,5.0e-05,-0.0360012,-0.0473199,m2
18971285,0.0054,0.0558864,0.0767057,m2
19003150,0.0001,0.00304178,-0.0173093,m2
18934663,0.00515,-0.0300251,-0.0442877,m2
18969571,0.00045,-0.0390037,-0.027158,m2
19002432,0.0005,-0.016417,-0.0489561,m2
19001880,0.00075,-0.0244012,0.00542903,m2
19002594,0.00015,0.0150517,0.0365881,m2
19003149,0.0001,0.0514848,0.0464375,m2
18978790,0.00235,0.062968,0.061641,m2
18860744,0.00605,0.0167707,-0.0110831,m2
18894693,0.0044,-0.075794,-0.0661556,m2
18982370,0.00335,-0.0531111,-0.0672246,m2
19001720,0.00045,-0.0785031,-0.0552556,m2
18998222,0.00255,0.0628257,0.063006,m2
2381527,1.0,-0.0157236,0.00441317,m2
18964356,0.0079,0.0166064,0.0182146,m2
7543336,1.0,0.0069785,0.0227626,m2
18693091,0.06915,-0.0161125,0.00489535,m2
19003148,5.0e-05,0.0405625,0.00642902,m2
18974768,0.009,-0.0842574,-0.0818037,m2
19003360,5.0e-05,0.0541847,0.0605109,m2
19003359,5.0e-05,-0.105234,-0.100717,m2
2228165,1.0,-0.0250993,0.0102063,m2
18978182,0.0041,-0.0304864,-0.0442485,m2
19002259,5.0e-05,0.0199933,0.0448486,m2
19002947,0.00015,0.0108352,0.00340971,m2
19002946,0.0001,0.0242783,0.0117456,m2
18979386,0.011,-0.000323343,-0.0236547,m2
18800839,0.01335,-0.0765666,-0.057561,m2
18866544,0.0061,0.015142,-0.0116281,m2
6220256,0.58615,-0.00476555,-0.00842585,m2
18233559,0.00455,-0.0170969,-0.00806719,m2
19003145,5.0e-05,0.0932105,0.0608173,m2
18991066,0.00375,0.0993613,0.0747317,m2
18543302,0.0177,-0.0188839,-0.013642,m2
19002257,5.0e-05,0.0440609,0.0943414,m2
18999676,0.00025,-0.0467497,-0.0435314,m2
19000981,0.00015,-0.0816967,-0.0824891,m2
18994684,0.00025,-0.025014,-0.0393815,m2
18999675,0.00075,0.00136818,0.0214536,m2
18627863,0.0047,-0.00276916,0.0137855,m2
19001501,0.0004,0.0211627,0.0205672,m2
19002083,0.0005,-0.00268885,-0.0669957,m2
19000056,0.0009,-0.0927752,-0.0795806,m2
19002589,0.0003,0.0055599,0.0036916,m2
18998220,0.00065,-0.0686605,-0.0725119,m2
19002426,5.0e-05,0.0438733,0.042855,m2
18947498,0.0066,0.0082297,0.0244509,m2
19001156,0.00085,0.057573,0.0734062,m2
17735394,0.0861,0.00159224,0.020244,m2
18965471,0.00395,0.0942996,0.0678282,m2
19002753,0.0001,-0.0558141,-0.0490831,m2
18981416,0.00135,-0.0337394,-0.0286228,m2
18999148,0.00025,0.00647829,0.0251764,m2
19002752,0.0001,0.0161421,0.0287947,m2
18600266,0.01005,0.00474931,0.0119957,m2
19002751,0.0002,-0.0255313,-0.0279216,m2
18950102,0.00015,0.0111807,0.016,m2
18907828,0.0005,0.0343216,0.0332175,m2
19001154,0.0006,0.0249599,0.0529828,m2
18981049,0.00635,-0.0209436,-0.0249873,m2
18999501,0.0002,-0.0630112,-0.069223,m2
18910184,0.00745,-0.0075688,-0.0602485,m2
18996658,0.0005,-0.0587923,-0.0582176,m2
19001713,0.0002,0.0169488,0.0276824,m2
19000053,0.00025,-0.0439662,-0.00408507,m2
18981413,0.0067,0.012553,0.00131991,m2
18792575,0.00145,-0.0134027,-0.00429562,m2
18676610,0.00075,-0.0543333,-0.0218868,m2
18985545,0.0015,-0.00996412,0.00323828,m2
18984645,0.0001,0.0610091,0.0662294,m2
18998759,0.0001,0.0285613,0.047533,m2
19003358,5.0e-05,0.048464,0.0327166,m2
18940180,0.0042,0.0310421,0.017081,m2
18996050,0.00085,0.00241453,0.0157192,m2
17819610,0.14535,0.0164212,-0.0231242,m2
18449580,0.0211,0.0257,0.0149682,m2
18980867,0.00025,0.0129819,-0.0161787,m2
18939597,5.0e-05,0.00303946,-0.0117772,m2
18909256,0.0026,-0.0128668,-0.00628139,m2
18653441,0.03245,-0.0312987,-0.0339897,m2
18396531,0.01355,0.0430391,0.0261883,m2
18988281,0.0001,-0.0285164,-0.0296038,m2
19003357,5.0e-05,0.0140766,0.0399108,m2
18862118,0.04165,-0.0140343,0.0112283,m2
18997432,0.00095,-0.0371428,-0.0241674,m2
19000606,0.0004,0.0799322,0.115069,m2
18999671,0.0001,-0.0110157,-0.0383616,m2
18988451,0.00185,-0.00602796,0.00839809,m2
19000232,0.00035,-0.0706476,-0.0226078,m2
19002750,5.0e-05,-0.0152717,-0.0220874,m2
19003356,5.0e-05,0.00213433,0.0126414,m2
19003142,5.0e-05,0.032582,0.0493247,m2
19003355,5.0e-05,0.0561937,0.039033,m2
18997240,0.00035,0.0741486,0.0296868,m2
19002585,0.0001,-0.0555367,-0.0259146,m2
19003354,5.0e-05,-0.0711012,-0.053397,m2
19002584,5.0e-05,-0.0189292,-0.00251465,m2
18997428,0.0008,-0.029606,-0.0752718,m2
18907627,0.0017,0.0394668,0.0419103,m2
18992027,0.00245,0.0571753,0.0610268,m2
18932157,0.0036,0.0236049,0.00182158,m2
18886859,0.0079,-0.0387459,-0.0206349,m2
18932750,0.00255,0.0418289,0.0515562,m2
18998968,0.0001,-0.0156952,0.00334008,m2
18934283,0.00775,-0.0457522,-0.0524809,m2
19003140,5.0e-05,-0.0363132,-0.0420257,m2
18999141,0.0004,-0.0569667,-0.0830306,m2
19000602,0.0001,-0.0764116,-0.0623504,m2
19003353,5.0e-05,0.00660539,0.00814706,m2
19002583,0.0001,-0.0442822,-0.0499319,m2
713735,1.0,0.0116576,0.00795441,m2
18970869,0.01695,0.0575442,0.026976,m2
18965893,0.0008,-0.0037115,-0.0110112,m2
18988821,0.00045,0.0576649,0.0625779,m2
19000787,0.00055,-0.0349107,-0.0287527,m2
18986115,0.00135,0.00838902,0.0140817,m2
19000051,0.00065,-0.0434217,-0.020242,m2
18992233,0.00375,0.0894542,0.0726068,m2
15332876,0.75345,-0.0196181,-0.0143953,m2
18324487,0.049,-0.024109,-0.0382782,m2
18945956,0.0029,0.00155531,-0.0162358,m2
18989799,0.00105,0.0526973,0.0722122,m2
18879667,0.0114,-0.0275891,-0.0219578,m2
19002940,0.00025,-0.0265082,-0.00836989,m2
19002253,0.00015,0.0331306,0.036015,m2
18929705,0.00845,-0.0472798,-0.0644731,m2
3681209,1.0,-0.0127566,-0.00950461,m2
18677781,0.01295,-0.0425551,-0.0195383,m2
18985196,0.00375,-0.0653569,-0.0647531,m2
19002077,0.00125,-0.0508399,-0.057088,m2
19002939,0.0001,-0.0749282,-0.119673,m2
18987465,0.00075,-0.000105096,0.033701,m2
18990716,0.0014,-0.0127316,-0.0158194,m2
10825738,1.0,0.0256283,0.0279431,m2
531963,1.0,-0.0243557,-0.00888622,m2
19000421,0.0004,-0.0922371,-0.122146,m2
18998212,0.0007,-0.0106787,0.017524,m2
18837353,0.0294,-0.0482004,-0.0587641,m2
18950293,0.00425,-0.0727107,-0.0838703,m2
19001330,0.0004,0.00409343,-0.0149002,m2
18991671,0.00035,-0.0507275,-0.0599481,m2
18656800,0.01155,0.0239423,0.0192049,m2
18999293,5.0e-05,0.0778756,0.0660508,m2
19003139,5.0e-05,-0.00146386,-0.0108788,m2
18997996,0.0001,0.0366278,0.0979882,m2
19002579,0.00075,0.00178075,0.0307237,m2
19001147,0.00035,-0.0511314,-0.0685101,m2
18978580,0.0024,0.000537351,-0.00974932,m2
19002938,0.0001,-0.123667,-0.10882,m2
18959294,0.0236,0.0384496,-0.0152289,m2
18985731,0.00105,-0.11173,-0.0830772,m2
19000784,0.00015,-0.0685327,-0.0615719,m2
19003138,5.0e-05,-0.0516723,-0.0184282,m2
19000975,0.0018,0.0314593,0.0538966,m2
18996034,0.0023,0.0508164,0.00986112,m2
19001706,0.0002,-0.0346415,-0.0136831,m2
19001327,5.0e-05,-0.0228359,-0.00126101,m2
18961142,0.00205,-0.10019,-0.132442,m2
18921268,0.01545,-0.0341694,-0.028711,m2
19003352,5.0e-05,0.0917616,0.0683513,m2
19003137,0.0001,-0.01631,-0.0291135,m2
18514982,0.05305,-0.0324612,-0.0340918,m2
18998959,0.00185,0.0492741,0.0268,m2
19002746,0.00015,-0.0225316,0.0265347,m2
18840913,0.094,0.00523415,-0.00394308,m2
19003351,5.0e-05,0.0119829,0.010449,m2
18898729,0.00385,-0.0523139,-0.0404121,m2
18998958,0.0002,0.0221375,0.0215305,m2
18987070,0.0022,-0.0516929,-0.0283956,m2
19003136,5.0e-05,-0.0724747,-0.0808207,m2
18628237,0.02515,-0.0224588,-0.0179556,m2
18960812,0.001,0.0735861,0.0405232,m2
18996234,0.00195,0.0348849,0.0359839,m2
18647282,0.0404,0.033599,-0.000736497,m2
18996852,0.0016,-0.0552886,-0.0487118,m2
18867846,0.03535,-0.0204923,-0.0238123,m2
18997991,0.00025,0.0299936,0.0769687,m2
19002744,5.0e-05,0.0165365,-0.0049386,m2
18285737,0.0354,-0.0106225,0.00356828,m2
19003135,5.0e-05,-0.0134266,-0.0318831,m2
18973946,0.0005,0.060301,0.0794379,m2
18922428,0.0098,0.0129483,0.00721458,m2
18671614,0.026,0.0360141,0.0226104,m2
19003350,5.0e-05,0.00794208,0.0206535,m2
18924664,0.0011,-0.0518073,-0.00241835,m2
18477577,0.05765,0.0286973,0.00107839,m2
18993537,0.00105,0.0102219,-0.00202237,m2
19002418,0.00025,0.0370148,0.0304961,m2
5517027,1.0,0.00655678,0.0101396,m2
19003349,5.0e-05,-0.0328959,0.00690246,m2
18928178,0.0003,-0.11696,-0.0911091,m2
18953561,0.0325,-0.023301,-0.0249819,m2
18975314,0.002,-0.0151127,0.0190017,m2
18985729,0.00225,0.0647803,0.0979354,m2
19000971,0.0002,0.0055178,0.0119108,m2
18887752,0.01335,0.00968242,0.00801393,m2
18965886,0.0075,0.0192353,0.00420527,m2
19002572,0.00025,-0.0825889,-0.0975256,m2
18987067,0.0011,-0.0492144,-0.0503892,m2
18721364,0.01295,-0.00892889,0.00821151,m2
18979878,0.00145,-0.0805062,-0.087781,m2
17501835,0.17035,-0.0129175,0.0124601,m2
18987460,0.0006,0.062556,0.0598416,m2
19001865,0.00035,0.0780734,0.0669338,m2
18998589,0.0008,-0.0151999,-0.0390788,m2
18998374,0.00015,0.0465115,-7.66899e-05,m2
19002571,0.0001,-0.107103,-0.133487,m2
18994462,5.0e-05,0.0517632,0.0402107,m2
18731808,0.00665,0.00639578,-0.0240834,m2
18817596,0.07835,-0.0185934,-0.010091,m2
19002930,0.0002,0.0321427,0.0096896,m2
19002740,0.00015,-0.0323224,-0.0072473,m2
19002739,0.00015,0.0716884,0.0337699,m2
18999484,0.00045,-0.113157,-0.130505,m2
19000045,0.00055,-0.00337612,-0.00769476,m2
18629577,0.00235,-0.00315422,-0.0101515,m2
18628642,0.0122,0.000765647,-0.0482992,m2
12659674,1.0,0.00323049,0.0110617,m2
19003134,0.0001,-0.0465287,-0.00629019,m2
18980857,0.0025,0.0133565,0.0203329,m2
19002929,5.0e-05,-0.0666127,-0.124287,m2
16184089,0.3599,-0.00320137,0.00991809,m2
15632189,0.317,0.0032099,0.00141246,m2
18780299,0.03175,0.00382576,0.00759514,m2
18843216,0.02495,0.048385,0.0406361,m2
19002569,5.0e-05,-0.0918495,-0.0626304,m2
18963748,0.0133,-0.00783387,-0.0125321,m2
18929922,0.0087,-0.00592239,-0.002435,m2
18861916,0.01695,-0.0209757,-0.000898014,m2
19002928,5.0e-05,0.054545,0.0814101,m2
18958528,0.00525,-0.018205,-0.0201325,m2
19001700,0.0001,-0.0402893,-0.0630524,m2
19002413,0.0001,0.103374,0.120665,m2
18997229,0.00035,0.0488618,0.0142442,m2
17444468,0.0906,-8.14327e-05,-0.0123585,m2
19002927,0.0001,0.00561062,0.00419597,m2
19002737,0.00015,-0.0659527,-0.0497681,m2
16918802,0.0495,0.00690806,0.014488,m2
18280676,0.001,-0.0151872,-0.00388989,m2
19003348,5.0e-05,0.0250065,2.12748e-05,m2
18868802,0.0029,-0.0309521,-0.0337293,m2
18986695,0.00265,0.00464336,0.0184683,m2
19003133,5.0e-05,0.0511196,0.0673745,m2
16115200,0.057,-0.0107021,0.00518165,m2
18835914,0.0078,0.0312612,0.0432245,m2
19002735,0.0002,0.0829981,0.124439,m2
18967815,0.00455,0.057294,0.0478509,m2
18975711,0.0196,0.0585781,0.0472632,m2
19003132,0.00015,-0.0304878,0.0102286,m2
18794903,0.00465,-0.0388216,-0.030023,m2
19003347,5.0e-05,0.0666354,0.0202629,m2
19002734,0.00025,0.0400791,0.0335347,m2
19003131,5.0e-05,0.00492912,-0.0159328,m2
19002243,0.00035,-0.0199268,-0.010582,m2
18713409,0.02825,0.0288878,0.0293812,m2
18943004,0.0117,0.0438782,0.0595118,m2
19001138,0.00025,-0.041283,-0.0193005,m2
18684932,0.01755,0.00539444,0.0191634,m2
18960977,0.002,0.0163045,0.0055091,m2
19003346,5.0e-05,0.0472977,0.0261252,m2
18999823,0.00035,-0.0097329,0.04983,m2
18666496,0.00045,-0.0599121,-0.0181214,m2
18586509,0.01935,0.000151252,-0.0520677,m2
18987898,0.0037,-0.0714365,-0.0699162,m2
18997033,0.00095,0.0199513,0.0162299,m2
19001137,0.0002,-0.0557355,-0.0690295,m2
18427912,0.0264,-0.0269629,0.0160198,m2
18999282,0.00135,0.0296883,-0.00563134,m2
18327169,0.07265,-0.0469636,-0.00349185,m2
18810980,0.0049,-0.00440608,0.0269053,m2
19001485,5.0e-05,-0.00379826,0.00388078,m2
19000776,0.00095,-0.0831191,-0.0536421,m2
18990344,0.00075,-0.0266119,-0.0328829,m2
15520121,0.57275,0.0291904,0.0159787,m2
19001321,0.0001,-0.136581,-0.112308,m2
18998203,5.0e-05,-0.0387969,-0.043284,m2
18993725,0.00045,0.133857,0.101698,m2
19002923,0.0001,0.0334228,-0.00405286,m2
18999652,0.00075,0.0745084,0.0952879,m2
18381229,0.0092,0.013949,0.0255149,m2
19002922,0.0001,0.0242471,0.0329207,m2
18920276,0.0041,-0.0490087,-0.0335299,m2
18652030,0.00935,0.0405856,0.0195304,m2
18932918,0.0368,-0.020101,-0.0569532,m2
19001696,0.00025,0.00919501,0.0349778,m2
1768942,1.0,0.00508694,-0.00531197,m2
3544406,1.0,-0.0193184,-0.00811134,m2
19000589,0.0005,0.0196549,0.0123002,m2
18983105,0.0061,0.0811971,0.0869764,m2
18859221,0.0011,-0.0126914,-0.0151436,m2
19000411,0.0001,0.0331829,0.0554369,m2
18880588,0.02295,0.0395431,0.0137618,m2
18541969,0.0114,-0.0346525,-0.000459573,m2
19003345,5.0e-05,0.00796745,0.0296293,m2
19000773,0.0007,-0.0882909,-0.0759447,m2
19000772,0.00015,0.0850745,0.0711326,m2
18938104,0.01285,-0.0342547,-0.0438831,m2
18998363,0.0005,-0.048663,-0.0398886,m2
19003129,5.0e-05,0.0364102,0.0641125,m2
18842269,0.0011,0.0367343,-0.0145155,m2
14431467,0.028,-0.024324,-0.0170056,m2
18999647,0.00065,-0.103056,-0.107499,m2
14653542,0.95855,-0.0108836,-0.0064664,m2
19003128,0.0001,-0.106961,-0.121168,m2
18995820,0.002,-0.0254992,0.0146588,m2
19002920,0.0001,0.00167041,-0.00692646,m2
19000771,5.0e-05,0.0533098,0.0313648,m2
15645181,0.15415,0.00604126,0.00728116,m2
18997978,0.00025,-0.0427828,-0.034536,m2
4031008,1.0,-0.0132176,0.0041941,m2
18989205,0.00145,-0.0789333,-0.0279257,m2
19003127,0.0001,-0.0104317,-0.0220014,m2
19000962,0.00015,-0.0252654,-0.0160097,m2
18885903,0.0199,0.00259236,-0.00666889,m2
19002919,0.00015,-0.0956412,-0.0652679,m2
19000959,0.0012,-0.00598177,0.00989034,m2
15380259,0.64895,-0.000693838,0.0143618,m2
19002562,0.00015,0.0286739,-0.0054909,m2
18995607,0.00055,-0.0518429,-0.0640956,m2
18948228,0.00075,-0.0337175,-0.0273446,m2
18985515,0.0016,0.0174799,-0.0267871,m2
19000958,0.00075,0.0176585,-0.0149857,m2
18986099,0.0017,-0.0261784,-0.0238635,m2
18995606,0.00025,0.0388084,0.043022,m2
11202177,1.0,0.00175102,-0.0180142,m2
18914055,0.00075,0.0371517,0.0421231,m2
18893928,0.05035,0.00607184,0.00648516,m2
7884895,1.0,0.00751153,-0.0137903,m2
18933899,0.0037,-0.0164896,-0.023796,m2
18896828,0.00415,-0.00464619,-0.00616744,m2
19001132,0.00025,-0.0808289,-0.0430554,m2
18988439,0.0022,-0.0224086,-0.0320183,m2
17470648,0.00275,0.0104961,0.00467577,m2
18994257,0.0014,0.0705849,0.0886845,m2
18970851,0.0033,0.0583002,0.0470862,m2
18954716,0.0012,-0.0637499,-0.0483479,m2
18996638,0.002,-0.0452732,-0.112097,m2
18993337,0.0018,0.00282463,0.00135223,m2
18997221,0.00085,0.0531333,0.0623775,m2
19002063,0.0006,-0.021877,0.0048833,m2
18853521,0.0087,-0.0211456,-0.0353747,m2
18889514,0.0178,0.0478019,0.040241,m2
19002561,0.0001,-0.0480552,-0.0868686,m2
18896050,0.01085,0.0408445,0.0269537,m2
19002062,0.0001,-0.0636708,-0.0761842,m2
18781668,0.0256,-0.0104274,-0.00968574,m2
19003344,5.0e-05,0.0394091,0.0390365,m2
18992219,0.00115,0.0210069,0.0021559,m2
18997589,0.0015,0.00357569,0.00517707,m2
18373495,0.0761,-0.0414024,-0.0274467,m2
18186799,0.0377,-0.0467559,-0.0362572,m2
18995064,0.0026,-0.00585039,-0.0169088,m2
19002061,5.0e-05,0.104468,0.112139,m2
18948997,0.00695,0.0051362,0.0584359,m2
19003125,5.0e-05,-0.0903133,-0.0555823,m2
19000211,0.0006,-0.117705,-0.0946346,m2
12102108,0.02145,0.00737903,-0.0134171,m2
18565061,0.0978,-0.00220275,0.00485851,m2
18951996,0.0068,-0.0288478,-0.030551,m2
19001478,0.00055,0.0780406,0.0814143,m2
18981241,0.00545,0.0469258,0.00793718,m2
18966817,0.00065,-0.100664,-0.0748102,m2
19003124,5.0e-05,0.023084,-0.0287127,m2
18690583,0.01795,0.0135821,0.0365896,m2
18774919,0.0194,-0.0330472,-0.0463632,m2
18637492,0.072,0.0264546,0.0318779,m2
19002729,0.00015,-0.0583424,-0.0719573,m2
19003343,5.0e-05,0.0244262,-0.000425432,m2
18972194,0.0061,-0.0613594,-0.037642,m2
18902898,0.00495,0.0461719,0.0448427,m2
4689142,1.0,0.0324156,-0.00224932,m2
18997803,0.00175,-0.0347066,-0.0396663,m2
19001315,0.0001,0.12161,0.128066,m2
5648823,1.0,0.00547326,-0.000189724,m2
19003342,5.0e-05,-0.151193,-0.130897,m2
16930580,0.59105,0.0278017,0.02351,m2
18956382,0.00065,-0.0355618,-0.0372857,m2
19002406,0.0001,-0.023703,-0.0265889,m2
19001854,5.0e-05,0.0378569,0.0628079,m2
18923763,0.0171,0.0387315,0.0243969,m2
19002917,0.0001,0.0707672,0.0665091,m2
19002059,0.00015,-0.0303053,-0.0425427,m2
14212131,0.12255,0.015082,0.00236182,m2
19002405,5.0e-05,-0.0853706,-0.0448004,m2
19003341,5.0e-05,-0.0333072,-0.0242693,m2
18995240,0.001,0.111624,0.125296,m2
18927798,0.0032,-0.0347533,0.00373346,m2
18835366,0.0014,-0.00560946,0.00448549,m2
18997584,0.00045,0.0384861,0.0315994,m2
19002727,5.0e-05,-0.0115348,-0.0127854,m2
19001127,0.00075,-0.0101341,0.000533445,m2
18946913,0.0011,0.0146297,-0.0216972,m2
19003122,5.0e-05,-0.02121,0.026302,m2
16425670,0.2724,-0.0105906,-0.00392255,m2
19002915,5.0e-05,-0.105481,-0.0704085,m2
18983094,0.0057,0.0101758,0.0403953,m2
16821661,0.13285,0.0142164,0.00756917,m2
18999472,0.00025,0.120215,0.0843011,m2
18957739,0.00105,-0.0269595,-0.0285838,m2
1573321,1.0,0.0139279,0.00883102,m2
18915506,0.01975,0.0140503,-0.0393639,m2
19002914,0.0001,0.0816829,0.0732022,m2
19001125,0.00035,0.0300584,0.0573801,m2
18829250,0.0019,0.0141849,0.0109392,m2
19002403,5.0e-05,0.00481716,-0.00939511,m2
18999273,0.0009,-0.0224671,-0.0119376,m2
18999119,0.001,-0.0438606,-0.0407473,m2
18881708,0.00455,-0.0102698,-0.0250821,m2
18998358,0.00055,0.0504182,0.0170682,m2
18997213,0.0033,0.0290263,0.0297449,m2
18999272,0.0001,0.0669265,0.0783604,m2
19001474,0.0001,-0.00904023,-0.0359842,m2
18788226,0.0783,0.00649529,0.0522959,m2
2725849,1.0,-0.0161476,-0.00302461,m2
18904390,0.00165,-0.0881384,-0.0721506,m2
19003121,5.0e-05,0.0164842,0.00783496,m2
18989387,0.00305,0.00796658,-0.00216723,m2
19003340,5.0e-05,-0.00962587,-0.00111682,m2
19003339,5.0e-05,0.0707163,0.0690317,m2
18708919,0.0214,-0.0175513,0.0162166,m2
18927245,0.0032,0.0445805,0.0525322,m2
18880958,0.00155,0.00688569,-0.00934,m2
18973927,0.00345,-0.0264202,-0.009134,m2
19002555,0.00055,-0.0283638,-0.0506487,m2
18899089,0.0043,-0.00216411,0.0137578,m2
19003338,5.0e-05,0.0110628,0.00788442,m2
6573409,1.0,-0.0154798,-0.00943021,m2
18959846,0.0076,0.00567941,0.0298547,m2
18991814,0.0059,0.0589113,0.0697746,m2
19000397,0.00045,-0.144903,-0.109229,m2
18982539,0.0063,0.0368292,0.0395059,m2
18900021,0.0296,-0.00976193,0.00506777,m2
11991603,1.0,-0.00810112,-0.0374809,m2
18993897,5.0e-05,-0.0376668,-0.0885359,m2
19001690,0.0002,0.0885691,0.127512,m2
19001472,5.0e-05,0.00344996,0.00346599,m2
18990141,5.0e-05,-0.0466407,-0.034729,m2
19001471,5.0e-05,0.0283123,0.0476245,m2
18996633,0.00105,-0.0113391,0.0135809,m2
19003337,5.0e-05,0.019037,0.0171012,m2
18970843,0.0018,0.0426708,0.0354419,m2
18976829,0.0031,-0.0121644,-0.0297315,m2
18971627,0.0092,-0.062695,-0.0605139,m2
18986294,0.00185,0.0526482,0.0263536,m2
19002401,0.0002,0.0200816,0.0166578,m2
17428875,0.09685,0.0243043,0.0184804,m2
18993896,0.0009,-0.0142077,0.00997517,m2
18991647,0.0017,-0.00983535,0.00941878,m2
19003119,0.0001,-0.0336423,-0.0400082,m2
18913300,0.0079,-0.0384451,-0.0382669,m2
18918749,0.0388,-0.0447188,-0.0691349,m2
19001688,0.0003,-0.0364391,-0.0298476,m2
19003336,5.0e-05,-0.0385501,-0.0497206,m2
18392288,0.0181,-0.00064834,0.0179492,m2
18989386,0.0064,0.0834724,0.0457033,m2
16227334,0.3122,-0.00917773,-0.00518174,m2
19002232,0.0003,0.042813,0.0546191,m2
18631323,0.0294,0.000206755,0.0107318,m2
18159399,0.0355,-0.00518099,0.00342699,m2
18870763,0.00905,-0.00583041,-0.0453751,m2
19001118,0.00025,0.028396,0.0979694,m2
18914047,0.00185,0.010079,-0.0052514,m2
10232859,0.98735,-0.00752489,-0.0068175,m2
18999807,0.001,0.0153458,0.033421,m2
9195855,1.0,0.00313533,0.00830751,m2
18989774,0.0053,-0.00591978,-0.00103498,m2
5373012,1.0,-0.011914,0.00774656,m2
18997212,0.00095,-0.0373824,-0.00407216,m2
18993143,0.0008,-0.0336059,-0.0276424,m2
18565262,0.0078,-0.0164134,-0.0611536,m2
18988430,0.001,0.0472238,0.0833106,m2
18956205,0.0039,0.0421025,0.0559926,m2
18999114,0.00015,-0.0143147,-0.00881086,m2
19000753,0.001,0.0189818,0.0397074,m2
18893729,0.0385,-0.0338846,-0.0480006,m2
13456956,0.17145,-0.0123162,-6.53061e-05,m2
18908137,0.0084,-0.0195421,-0.020737,m2
19002911,5.0e-05,0.0479999,0.0294364,m2
18978974,0.0045,-0.0262565,-0.0111633,m2
18975120,0.01035,-0.0283198,-0.0124606,m2
19002910,0.0002,-0.0277466,-0.0225389,m2
18969150,0.0047,-0.0504601,-0.0830836,m2
19002909,5.0e-05,-0.0137287,-0.0332667,m2
18007368,0.0238,-0.0223814,0.0188259,m2
19003335,5.0e-05,-0.0696534,-0.0544569,m2
19003118,0.0001,0.0245262,0.0445197,m2
19002907,0.0001,0.0769071,0.101892,m2
18800038,0.0207,0.0522309,0.0344847,m2
18979700,0.00765,-0.00150162,0.0129682,m2
19003117,5.0e-05,-0.0217629,-0.0275052,m2
18949156,0.00235,-0.00386181,-0.0604486,m2
17557967,0.04755,-0.000366013,0.0137591,m2
19001685,0.0003,0.0843765,0.0654198,m2
5936093,1.0,-0.002609,0.00557457,m2
19003334,5.0e-05,-0.0260458,0.0120025,m2
19003333,5.0e-05,-0.0225526,-0.0543056,m2
18998935,0.00045,-0.0484835,-0.0555885,m2
18207502,0.34045,-0.0194199,0.00702922,m2
8914605,1.0,0.021279,-0.0175151,m2
19003332,5.0e-05,-0.00386558,0.0109564,m2
18743217,0.0015,-0.0396494,0.00314526,m2
19002227,0.00025,0.065561,0.0661878,m2
19003331,5.0e-05,0.0274152,0.0415962,m2
17555279,0.14785,-0.0101738,-0.0268018,m2
18578218,0.0226,-0.0105167,0.00320278,m2
19002396,0.00025,-0.0254786,0.0207822,m2
8858930,1.0,-0.00281239,0.00681321,m2
18986480,0.0001,0.0162596,0.00430747,m2
19003116,0.0001,0.0480691,0.0454344,m2
19000745,0.0002,0.0200162,0.0381098,m2
18879634,0.01135,0.0447075,0.0386707,m2
19001681,0.0004,-0.0177079,0.00284094,m2
19003330,5.0e-05,0.0590995,0.0524431,m2
19002395,0.0003,0.0651748,0.0450196,m2
19003114,5.0e-05,0.0515271,0.0336535,m2
18788622,0.0243,-0.0233532,-0.0273245,m2
19001305,0.00045,-0.0176773,-0.0113412,m2
18998567,0.0002,-0.0500827,-0.041113,m2
18946324,0.0071,0.0202433,0.0383529,m2
2267228,1.0,0.016302,0.0273716,m2
18978558,0.0017,0.0709341,0.0653044,m2
19001464,0.0002,0.0557868,0.0612127,m2
2202543,1.0,0.0064498,-0.0168045,m2
18994049,0.0004,-0.0682144,-0.0777723,m2
18993137,0.0007,-0.0367499,-0.0449655,m2
18913294,0.0044,0.0127978,0.0194294,m2
19000743,0.00085,0.00523107,0.0237305,m2
18999799,0.00125,-0.00664331,-0.00954713,m2
19003113,5.0e-05,0.0674878,0.0741981,m2
18920081,0.0061,-0.00540217,0.0437272,m2
19003329,5.0e-05,0.0395045,0.0496395,m2
18991438,0.0009,0.0317578,-0.00787137,m2
19003328,5.0e-05,0.00254302,-0.00850779,m2
18660242,0.0478,0.0317065,0.0098063,m2
18956789,0.0062,0.00782129,0.00451975,m2
18361248,0.04485,-0.00781984,-0.00692015,m2
18984035,0.00065,-0.0308523,-0.0543035,m2
18998930,0.00065,0.0131675,0.0463688,m2
18846737,0.0351,0.0169528,0.00174224,m2
12468212,0.42105,-0.00672561,-0.00280778,m2
19001843,5.0e-05,-0.064059,-0.030453,m2
19003111,5.0e-05,0.00591725,-0.00451852,m2
14902221,0.1925,-0.00630552,0.0303013,m2
19003327,5.0e-05,0.160851,0.143386,m2
18845179,0.02265,-0.0247391,-0.0405767,m2
18982900,0.00645,-0.0413377,-0.057835,m2
19001109,0.0002,-0.0151296,-0.0192827,m2
19000566,0.00085,-0.0646648,-0.0472055,m2
18999262,0.00025,-0.00852988,0.0120968,m2
18949332,0.0024,0.0813316,0.0915816,m2
1868596,1.0,0.0331105,0.00631828,m2
18982899,0.00295,0.090503,0.1181,m2
18718667,0.0359,0.0161323,0.0164601,m2
18984034,0.0029,0.0268549,0.0246076,m2
18989013,0.00245,0.0108794,-0.0153021,m2
19000938,0.00075,0.0622547,0.0876668,m2
18951791,0.00895,0.0411853,0.0392758,m2
18987231,0.00185,0.0209847,-0.00748766,m2
19003326,5.0e-05,-0.00257071,-0.00959419,m2
18991436,0.00305,-0.0147872,-0.0554416,m2
18488828,0.0114,-0.0392437,-0.0192839,m2
19001842,0.00025,-0.0768053,-0.0747562,m2
14198973,1.0,0.00705735,-0.00336658,m2
18849750,0.00645,-0.0424728,-0.0465731,m2
17515005,0.04275,0.00159265,-0.00273125,m2
11760934,1.0,-0.00421673,-0.00699171,m2
18827433,0.0049,-0.0755374,-0.0726916,m2
18982694,0.0051,0.0218868,0.0130463,m2
18987442,0.0001,0.0506949,0.067056,m2
19000384,0.0003,0.00972867,0.0225413,m2
18979158,0.01175,-0.00526198,0.0167075,m2
18995054,0.0037,-0.0288941,0.00318847,m2
18956197,0.0001,-0.0747604,-0.0561831,m2
12549404,1.0,0.019117,0.00668059,m2
18565858,0.00085,-0.0303106,-0.00510673,m2
18987043,0.0043,0.030545,0.0371432,m2
19000936,0.0004,0.00232888,-0.00179514,m2
18985504,0.0022,-0.0203108,-0.0303615,m2
776167,1.0,-0.0170316,0.00774579,m2
18946320,0.00325,-0.0725887,-0.0783244,m2
18907416,0.0077,0.000476885,-0.0116909,m2
18738215,0.01945,-0.0553096,-0.0727539,m2
19000019,0.0002,0.00536151,-0.014246,m2
18977207,0.00185,0.0859406,0.0836459,m2
18898704,0.0246,0.00362335,-0.014371,m2
18990329,0.0006,-0.0276788,-0.0126324,m2
19003110,5.0e-05,-0.0503441,-0.0501007,m2
18997960,0.0007,-0.00580588,0.0029392,m2
18989383,0.0027,-0.0179479,-0.0141271,m2
19000565,0.0001,0.0178193,0.0185009,m2
18951422,0.0037,-0.0829435,-0.0724051,m2
17929846,0.02795,-1.24444e-05,0.0204647,m2
18997959,0.0004,0.00264663,0.0290041,m2
19000935,0.00065,0.0158371,0.00516628,m2
19000742,5.0e-05,-0.107264,-0.136644,m2
18965217,0.0021,0.0487943,0.0366523,m2
18455670,0.0059,0.00304182,-0.0398559,m2
19002548,5.0e-05,0.00169247,-0.0311279,m2
19001677,0.00035,0.0280825,0.0618712,m2
19003109,5.0e-05,-0.0180289,0.00766982,m2
19003108,5.0e-05,-0.0170336,0.00311746,m2
19003325,5.0e-05,0.00712093,0.00806933,m2
18996410,0.00075,0.0930954,0.0679332,m2
19000185,0.00055,-0.0898414,-0.0727083,m2
18885293,0.0009,0.0393855,0.0101635,m2
19003324,5.0e-05,-0.0229408,-0.00412617,m2
18400317,0.00435,-0.00629129,3.92765e-05,m2
15981962,0.2692,-0.00307093,0.0267959,m2
18993509,0.0039,-0.0222301,-0.0127562,m2
19002393,5.0e-05,-0.0344909,-0.0554929,m2
18998179,0.00045,-0.0839896,-0.0841252,m2
19000739,0.00015,-0.00828861,0.0495828,m2
18532597,0.0007,-0.052226,-0.0395798,m2
18806527,0.0413,-0.0211388,-0.0267583,m2
18997954,0.0005,-0.0463622,-0.0192644,m2
18989379,0.0005,-0.029855,-0.03752,m2
19001300,0.0006,-0.0494561,-0.0475241,m2
19000737,5.0e-05,0.0134529,-0.0289008,m2
19002220,5.0e-05,0.00678356,0.00182393,m2
19002900,0.0002,0.0310005,0.0179835,m2
18997572,0.00065,-0.0681215,-0.0717178,m2
18983842,0.0012,-0.034271,-0.0390691,m2
19002219,5.0e-05,-0.0295872,0.00234841,m2
18955985,0.0138,-0.0351498,-0.0340602,m2
3896472,1.0,-0.0181122,-0.00901539,m2
19003106,5.0e-05,-0.113581,-0.0995327,m2
17708787,0.21145,-0.0273364,0.0172672,m2
18668144,0.01725,0.0157163,0.0285472,m2
18976451,0.0007,0.00182593,0.0482827,m2
19002217,5.0e-05,0.0176026,0.0570251,m2
7614058,1.0,-0.00850102,0.0137554,m2
18997202,0.00035,-0.0232435,-0.00281254,m2
18955076,0.0137,0.0470004,0.0278196,m2
18885517,0.0246,0.00333005,-0.0215671,m2
19002040,0.00015,0.00557329,0.016785,m2
19001459,0.00025,0.0495503,0.0466553,m2
18922005,0.00895,0.0199694,0.0138864,m2
19002898,5.0e-05,-0.079748,-0.0851821,m2
18956992,0.00335,0.0977463,0.101633,m2
18980460,0.00585,-0.030494,-0.014978,m2
18996406,0.0005,0.0733052,0.107787,m2
18989190,0.0001,-0.00134531,-0.011749,m2
18995987,0.0013,0.00878428,0.0191883,m2
18998176,0.0001,-0.0329547,-0.0764145,m2
18965867,0.0025,-0.0266957,-0.0331509,m2
18116670,0.02345,-0.00796424,0.0151158,m2
17770207,0.0254,0.0126383,0.0191994,m2
19002216,0.0001,0.0270579,-0.0183892,m2
18844166,0.0064,-0.015126,-0.0213942,m2
18813621,0.00855,0.0680655,0.00760606,m2
19001101,0.0004,-0.0560816,-0.0525671,m2
18985499,0.00135,0.042659,-0.00655125,m2
18650084,0.0037,0.0429942,0.0245991,m2
18989374,0.00015,-0.0731838,-0.0767639,m2
18853724,0.0177,-0.0166689,0.00532729,m2
11506844,1.0,0.0230038,0.0235351,m2
13435372,0.9307,-0.0150664,-0.024134,m2
18971779,0.00155,-0.0117179,-0.000917125,m2
18998719,0.00015,0.0346264,0.00555921,m2
19003323,5.0e-05,0.0384999,0.0238772,m2
17424524,0.1277,0.0131845,0.00131719,m2
2233211,0.55745,0.00297832,-0.00212127,m2
18652571,0.00885,0.0407433,0.018389,m2
19003105,0.00015,-0.0256027,-0.0530984,m2
19000014,0.0005,-0.0108778,-0.012589,m2
19001838,0.00055,-0.113916,-0.142116,m2
19003322,5.0e-05,0.039856,0.00103876,m2
19002896,0.0001,-0.0599354,-0.0519204,m2
18799484,0.02765,0.0174894,0.0276545,m2
13949856,0.3999,0.0137947,0.00748779,m2
18920828,0.01425,-0.0222321,-0.0236575,m2
18935383,0.00335,0.0119031,0.0451945,m2
16591007,0.18215,-0.00185234,0.00662017,m2
19002543,5.0e-05,-0.00188269,0.00672377,m2
19003104,5.0e-05,0.0341464,0.00890932,m2
19000734,0.00085,-0.0591834,-0.057294,m2
19001675,0.00015,0.0155942,0.0308723,m2
19003103,5.0e-05,0.0214625,0.0349129,m2
18978363,0.00925,0.0130186,0.00338387,m2
18997948,0.0005,0.0376475,0.0541338,m2
19002895,5.0e-05,-0.0285743,0.0125931,m2
18176614,0.103,0.00214645,-0.0114514,m2
18773351,0.01995,-0.0124739,0.00864154,m2
19002542,5.0e-05,-0.0113299,0.0205749,m2
18995048,0.00035,-0.0427317,-0.0639238,m2
19003321,5.0e-05,0.0117845,0.00612592,m2
18997566,0.0013,-0.0286688,0.00236157,m2
19003320,5.0e-05,0.0532709,0.0564552,m2
18932711,0.00525,-0.0590288,-0.0539894,m2
18624554,0.0013,-0.042317,-0.0845342,m2
19002389,5.0e-05,0.0283165,0.0455178,m2
19000730,0.00035,-0.111558,-0.1144,m2
18985160,0.00165,-0.0159612,0.00045082,m2
18992757,0.00165,0.0472538,0.0209137,m2
19002214,0.0001,0.00199581,0.00721017,m2
18692082,0.0418,0.0108263,0.0134913,m2
18915847,0.01225,-0.0120228,-0.0201081,m2
19003319,5.0e-05,0.0125821,0.00140522,m2
19001672,0.0002,-0.0257714,-0.0061611,m2
18971611,0.00635,0.0163796,-0.0274934,m2
19002716,5.0e-05,0.0148263,0.0269885,m2
18989969,0.00135,-0.0518919,-0.0190319,m2
18997784,0.00165,-0.0691111,-0.0302569,m2
19002893,5.0e-05,0.047215,0.061397,m2
18897932,0.00685,0.0648398,0.0858746,m2
18895447,0.002,-0.00375392,-0.00546801,m2
18994042,0.0002,-0.0751243,-0.0635671,m2
18996617,0.004,-0.0243813,-0.0496255,m2
19001099,0.00015,0.000424752,0.0121998,m2
18995442,0.0045,0.0545525,0.0579579,m2
19002388,0.0001,0.048575,0.0805408,m2
18947671,0.01085,-0.0124546,-0.0738486,m2
11433933,0.5191,-0.00726255,0.00817793,m2
18935756,0.0009,0.0332034,0.0609219,m2
19003101,5.0e-05,0.0406249,0.030584,m2
17903953,0.0014,0.0021636,0.0207133,m2
19002892,5.0e-05,-0.0290228,-0.00328422,m2
18968130,0.00205,0.0115808,-0.0168299,m2
18840701,0.00615,0.0137431,0.0282372,m2
4581276,1.0,-0.0156945,0.0021402,m2
18975107,0.0002,0.0351925,0.0313714,m2
18975465,0.00355,0.0593657,0.0302868,m2
18864432,0.00305,-0.00103025,-0.031007,m2
19002034,0.0003,-0.0316683,-0.0186865,m2
18979837,0.0003,0.0196375,0.0250702,m2
18988415,0.00065,0.0620114,0.0918484,m2
19002540,0.0001,0.0435216,0.0314991,m2
373973,1.0,0.0272317,-0.00911771,m2
15060035,0.65105,-0.0204906,-0.0294881,m2
18878144,0.0065,0.0313358,0.0055278,m2
18954878,0.0055,0.0644419,0.0602775,m2
19001098,0.00075,0.064263,0.0616119,m2
18979685,0.0027,0.00380268,0.0213159,m2
19003100,5.0e-05,-0.0567839,-0.0444802,m2
19003317,5.0e-05,-0.0717793,-0.0883893,m2
18868992,0.0024,-0.00860167,-0.0334804,m2
18869533,0.04165,0.0201185,-0.0169907,m2
18699608,0.008,-0.000912723,0.000729667,m2
18934617,0.01785,0.0420029,0.0151846,m2
19002712,0.0001,-0.00601218,-0.000795206,m2
18995366,0.0012,-0.0092036,-0.0322795,m2
19003316,5.0e-05,-0.0138413,-0.0556952,m2
18996811,0.0017,0.010702,-0.0269892,m2
18996196,0.0019,0.0578969,0.040506,m2
18991797,0.00205,0.0798797,0.0698298,m2
19003315,5.0e-05,-0.152062,-0.129303,m2
18989183,0.00045,-0.055209,-0.0374269,m2
19003099,0.00015,-0.0195484,0.0174561,m2
18765551,0.00775,0.0318574,0.0469124,m2
18707826,0.13655,-0.0425701,-0.0241991,m2
18940134,0.003,-0.00337681,0.00976355,m2
18999611,0.00055,0.0225445,0.0311445,m2
19002535,0.0001,-0.0577687,-0.0875589,m2
19003098,5.0e-05,-0.0235447,-0.0127789,m2
18993119,0.00075,-0.0491673,-0.0808921,m2
18359133,0.09,0.0229384,0.0131398,m2
19002207,5.0e-05,-0.0143926,0.0115413,m2
18985491,0.00085,-0.0164818,0.0107312,m2
18986070,0.00385,0.077697,0.0601012,m2
19002711,5.0e-05,0.0292289,0.0713657,m2
19003314,5.0e-05,0.0430311,0.027022,m2
19003097,0.0001,-0.0689265,-0.0507405,m2
18985690,0.00155,-0.0403509,-0.0530874,m2
19001668,0.00045,0.11302,0.114754,m2
18972942,0.0036,0.0702954,0.0849989,m2
19003313,5.0e-05,0.0562501,0.0186496,m2
18915290,0.0099,0.0410582,0.0278611,m2
19001830,0.0001,-0.041761,-0.00996683,m2
18991418,0.00175,0.00529711,0.0317943,m2
19002382,0.0002,-0.0667654,-0.0314163,m2
18812286,0.00835,0.0167103,0.0299523,m2
18780471,0.0124,-0.0344771,-0.0204436,m2
18976067,0.0033,-0.0155293,-0.035822,m2
18918331,0.00465,0.0626274,0.0556216,m2
18979834,0.00285,-0.0164435,-0.0372862,m2
19003312,5.0e-05,-0.0150169,-0.0264033,m2
18950063,0.00075,-0.0871595,-0.0512184,m2
18761649,0.0809,0.0617315,0.0518055,m2
18986452,0.0008,0.0681943,0.0694076,m2
18911688,0.00335,0.0433771,0.0508637,m2
18944512,0.01425,0.0321635,0.0204437,m2
18951584,0.0033,0.00762418,-0.0063615,m2
18999452,0.0007,0.00684923,-0.00556475,m2
18839168,0.03535,-0.00354574,0.0099991,m2
18404611,0.078,0.00639063,-0.00997407,m2
17309154,0.20665,0.0110386,0.00581042,m2
18984396,0.00095,0.0198848,-0.0290319,m2
18857687,0.0285,0.0135049,-0.0252008,m2
19002888,0.0001,0.0105837,0.0170708,m2
18980665,0.00435,0.0169473,0.035124,m2
18997371,0.00015,0.0173126,0.0199118,m2
19003095,5.0e-05,-0.0453777,-0.0567535,m2
19003311,5.0e-05,-0.0777419,-0.110871,m2
18968737,0.0004,0.0116221,-0.012098,m2
18451637,0.01065,0.000969112,0.00821593,m2
18995038,0.00055,0.0501313,0.064671,m2
18739865,0.03075,-0.048916,-0.0381294,m2
19002532,0.00015,-0.0094724,-0.028983,m2
19003094,5.0e-05,-0.0328334,-0.0166551,m2
19002203,0.0002,-0.0069406,-0.0354402,m2
18998556,0.0004,0.00969183,0.00885952,m2
19003093,0.0001,0.0474672,0.020458,m2
19003310,5.0e-05,0.0310378,0.0356106,m2
18985687,0.00195,-0.0114251,-0.036289,m2
18994428,0.00015,0.013932,0.0400483,m2
11971456,0.8814,-0.013571,0.0109571,m2
18477002,0.01325,-0.0258491,-0.00836366,m2
18824267,0.02715,-0.0313606,-0.0318952,m2
18896403,0.019,0.00474477,-0.00930831,m2
19003309,5.0e-05,-0.0263407,-0.0458,m2
18994627,0.0009,0.00778279,0.0298514,m2
18953873,0.00665,0.00569779,0.0556984,m2
19002885,0.00015,-0.00163825,0.0382536,m2
18991616,0.00085,0.0797571,0.0667068,m2
19003308,5.0e-05,0.0523119,0.0629134,m2
14858133,0.2839,0.0135147,0.0034663,m2
18915104,0.0176,0.000773556,0.00164786,m2
18997939,0.0003,0.0582215,0.0966197,m2
18661308,0.00255,-0.018233,0.00524106,m2
18583681,0.00145,0.0131305,0.0171747,m2
18994626,0.00085,0.111531,0.0725275,m2
18998555,0.00015,0.0230367,0.018408,m2
19002377,0.0004,0.0318067,0.0228326,m2
18917370,0.0058,-0.0116389,0.0136364,m2
18999785,0.00055,-0.0603575,-0.0709954,m2
18403655,0.0008,-0.0103947,-0.071847,m2
19002884,0.0001,0.0348937,0.0253461,m2
18968733,0.00375,-0.0469923,-0.0462823,m2
18993114,0.0009,0.00351905,-0.00726306,m2
18995217,0.0004,-0.0153763,-0.0399052,m2
14236179,1.0,-0.0121312,0.0117177,m2
18980816,0.0006,-0.0357711,-0.040765,m2
19003307,5.0e-05,0.0232113,0.0498646,m2
17063187,0.2308,-0.0174109,0.023136,m2
19001450,0.00015,-0.0421809,-0.0331019,m2
19003089,0.0001,0.00832182,0.0195912,m2
18996995,0.00125,0.0488843,-0.00798639,m2
19003088,5.0e-05,-0.062399,-0.0445564,m2
18999248,0.00035,0.0949806,0.0888432,m2
19000545,0.00055,0.0593793,0.0502152,m2
19003087,5.0e-05,0.030913,0.0426047,m2
19003306,5.0e-05,0.00830012,0.00629881,m2
19001285,0.00045,-0.0203414,-0.0163281,m2
17063801,0.15965,0.00429635,-0.00808937,m2
18972157,0.0003,-0.0250323,-0.00355869,m2
19000163,0.0003,-0.00531199,0.0307338,m2
18944104,0.00395,0.0490328,0.0552268,m2
18988778,0.00275,0.018867,0.0220505,m2
18997179,0.001,-0.0514721,-0.0294962,m2
18631081,0.0201,-0.0129034,-0.0054546,m2
19003305,5.0e-05,-0.0124199,0.0193904,m2
18972930,0.00535,0.0266128,0.0244749,m2
18934071,0.0019,0.0146502,0.0526373,m2
18923729,0.01175,-0.0472658,-0.033682,m2
14682069,0.1221,-0.0182198,-0.0162934,m2
19003085,0.00015,0.0319412,0.0690102,m2
18801164,0.0045,-0.0455606,-0.0129437,m2
18998553,0.00015,0.0472578,0.0411282,m2
18828992,0.0008,0.0320545,0.0562261,m2
6968322,1.0,0.00695728,0.00448864,m2
18996800,0.00075,-0.0281628,-0.0176434,m2
18941238,0.0064,-0.132639,-0.103416,m2
2491446,1.0,0.0228217,0.00744965,m2
14943860,0.04905,0.0264647,0.00153962,m2
18973327,0.00365,-0.0266231,-0.0109269,m2
18746737,0.0001,-0.0811214,-0.0665806,m2
18662652,0.02095,-0.0295212,-0.046672,m2
18986063,0.00225,-0.0179763,-0.011507,m2
19000003,0.0004,0.110371,0.127138,m2
19002373,0.00025,-0.038535,-0.0644424,m2
15639752,0.0268,0.0112701,0.00238165,m2
18976249,0.00115,0.0274276,0.0106221,m2
17792566,0.01915,0.0227001,-0.00285541,m2
18985480,0.0008,-0.0131304,0.00899177,m2
18672109,0.02565,0.017986,0.00965396,m2
19002525,5.0e-05,-0.0221744,-0.0217061,m2
18959056,0.0004,-0.0598969,-0.0171303,m2
18996191,0.00125,-0.0800546,-0.116775,m2
18697162,0.0118,-0.00235085,-0.00835349,m2
19002199,0.00015,0.00838102,-0.0158724,m2
19003084,0.0001,0.0225171,0.0204327,m2
18965413,0.0091,0.0146269,0.00374892,m2
13044389,0.1925,0.006346,-0.018414,m2
19003304,5.0e-05,0.042427,0.0264245,m2
19003083,0.0001,0.00187498,0.000339448,m2
15383833,0.1783,0.00782386,0.020787,m2
19002371,5.0e-05,0.0432316,0.0218596,m2
18626962,0.0737,0.0290665,0.0242907,m2
18988988,0.0009,-0.0210858,-0.0269544,m2
18956169,0.0046,-0.0915739,-0.0973498,m2
18968727,5.0e-05,0.0131881,0.0341126,m2
18406159,0.11755,-0.0137679,-0.00449472,m2
18923726,5.0e-05,0.0270115,0.024363,m2
18656350,0.0372,0.0618642,0.0173689,m2
19001447,5.0e-05,-0.0355868,-0.0364557,m2
18929302,0.00805,0.0469261,0.0105556,m2
19002701,0.00015,-0.0111136,-0.0113917,m2
19002370,5.0e-05,-0.0991802,-0.0546328,m2
18886590,0.0014,-0.102493,-0.100069,m2
19002369,0.00035,0.0124721,0.0243519,m2
18991007,0.001,8.98287e-05,0.0239423,m2
18980810,0.00055,-0.00825069,-0.00499444,m2
18978730,0.0023,-0.0157705,0.00614675,m2
19001091,0.0002,-0.0264997,0.0307037,m2
19000156,0.0005,0.00420281,-0.0426524,m2
19002368,0.00015,0.0814291,0.0324328,m2
18308272,0.0065,0.0198003,-0.00854056,m2
19003303,5.0e-05,-0.0879783,-0.0690869,m2
18943169,0.00295,-0.0528319,-0.0766986,m2
18986261,0.00285,-0.00407528,-0.0106017,m2
2505500,1.0,0.0129019,0.00137203,m2
19002521,0.00045,-0.0244704,-0.0436147,m2
18964998,0.00395,0.0729025,0.0844446,m2
18799462,0.00255,-0.00892813,0.012917,m2
18987849,0.00075,-0.00423287,0.00619359,m2
18995427,0.0014,-0.00505037,-0.00736554,m2
19003301,5.0e-05,-0.0446733,-0.0301749,m2
18871131,0.00735,-0.0156693,-0.00778011,m2
19000361,5.0e-05,0.0185051,0.0237126,m2
18995971,0.00095,0.0162497,0.0394491,m2
19002520,0.0001,0.0117267,0.0198384,m2
19002366,0.0004,-0.0470411,-0.0502375,m2
19002365,0.0003,0.108517,0.113208,m2
19002877,5.0e-05,0.0681831,0.0881969,m2
19001657,0.0003,0.00136335,0.0352389,m2
19002876,5.0e-05,0.0473004,0.0860654,m2
18859360,0.01135,0.000938801,0.00409347,m2
19001818,0.00025,-0.00210536,0.0175863,m2
18934790,0.0106,0.0451412,0.0418943,m2
18966770,0.01415,0.077671,0.00851313,m2
18999597,0.00055,0.0715512,0.0999428,m2
19003300,5.0e-05,0.0690163,0.053314,m2
18994616,0.00015,-0.0622191,-0.0610923,m2
18740782,0.0489,0.0329306,0.0314886,m2
18887920,0.0043,0.0292003,-0.0242492,m2
18993863,0.0003,0.0360781,0.0523479,m2
18965843,0.00875,-0.00985271,-0.0182462,m2
18984787,0.00175,0.0423282,0.0233853,m2
18951205,0.0003,-0.0093618,0.0344098,m2
19003299,5.0e-05,-0.030473,-0.000622889,m2
18996188,0.00365,0.0363835,0.0517798,m2
18999087,0.00055,0.00375252,-0.0173433,m2
18995028,0.00215,0.0383854,0.0474435,m2
19002022,0.0002,0.00775397,-0.0266866,m2
18999240,0.00025,0.0251797,0.0269271,m2
18995777,0.0014,0.0254633,0.0445,m2
18911478,0.00015,0.0294737,0.0457347,m2
18111259,0.11155,0.0374501,0.0284714,m2
19000536,0.0004,0.109655,0.1102,m2
19001279,0.0003,0.0183628,0.0206692,m2
19001655,0.0004,-0.0876341,-0.0808392,m2
19001086,0.00015,0.0676703,0.0994342,m2
18027991,0.058,0.0193997,0.0271121,m2
18999996,0.0004,-0.0323591,-0.032019,m2
18994414,0.00035,0.037043,0.0282221,m2
18859547,0.0113,-0.0225377,-0.0162602,m2
18866097,0.0029,0.0963357,0.0757599,m2
9049545,0.0355,-0.00935568,0.000935467,m2
19002875,0.0001,-0.0679226,-0.0747539,m2
18991780,0.0034,0.0638734,0.0827404,m2
18974122,0.0005,-0.00651482,0.013089,m2
18995025,0.00095,0.00124077,-0.0258233,m2
9534476,0.30475,-0.0263127,-0.0180421,m2
18533363,0.0239,0.0574475,0.0066256,m2
18978724,0.00095,0.00594267,0.0299025,m2
19001277,0.00015,-0.0799441,-0.0694553,m2
18904352,0.0471,-0.0388928,-0.0264903,m2
18992183,0.0004,0.0860494,0.112179,m2
18997771,0.0007,0.00750478,-0.0230017,m2
19003298,5.0e-05,-0.00191037,0.000692437,m2
18998547,0.0009,-0.0214977,-0.00890476,m2
19002020,0.0001,-0.0236508,-0.033981,m2
18969854,0.00085,-0.0783611,-0.0748269,m2
19003297,5.0e-05,0.0454091,0.0359959,m2
18736878,0.04,-0.00458092,0.00584756,m2
18921406,0.00045,0.030036,0.0249094,m2
18998901,0.0002,0.0425559,0.0405624,m2
18968722,0.00545,-0.0884273,-0.0397337,m2
6631541,1.0,0.00924689,0.0163744,m2
18994022,0.00025,0.0515932,0.045428,m2
16589171,0.0161,0.0191746,0.0248838,m2
18860892,0.01675,-0.0168638,0.0171739,m2
18974486,0.00655,0.0255085,0.00785833,m2
18448891,0.0031,-0.0159421,-0.037014,m2
19001082,0.0003,-0.0110574,0.00295353,m2
18882289,0.00085,-0.043179,-0.0492415,m2
18684155,0.11105,-0.0223466,-0.0361474,m2
19002518,0.00025,-0.0469622,-0.0721732,m2
18969680,0.00515,-0.0322926,0.0174471,m2
18235633,0.0245,0.0270379,0.0142297,m2
18627791,0.04845,-0.00144639,0.0184055,m2
18611013,0.0115,0.0484495,0.0271855,m2
19002517,5.0e-05,0.00447222,0.000722306,m2
18994020,0.0033,0.00859874,-0.0049709,m2
19003296,5.0e-05,0.0283945,0.0444144,m2
18551425,0.00785,-0.00560797,0.0550213,m2
18990658,0.0013,0.0298833,0.0110577,m2
18481166,0.0243,-0.0173824,0.00358778,m2
2281775,1.0,0.0209418,0.00191663,m2
18922731,0.00745,-0.0569576,8.56935e-05,m2
19002018,0.0002,-0.103149,-0.0763763,m2
18950805,0.0115,-0.00774666,0.00688128,m2
19003295,5.0e-05,0.00864508,-0.00941312,m2
19002189,5.0e-05,-0.0152776,-0.0202361,m2
18971006,0.0037,0.0565396,0.0569342,m2
19002515,0.0002,0.070426,0.0584193,m2
19002874,0.0001,0.0194178,0.0118401,m2
18996387,0.00055,0.0504437,0.0598661,m2
19002873,0.00045,0.00943189,0.0125378,m2
18993102,0.0004,-0.0564811,-0.0303372,m2
17034585,0.0235,-0.0050529,0.0365542,m2
18853676,0.0036,-0.0511847,-0.0565166,m2
18985472,0.0027,-0.0601402,-0.0456711,m2
18985139,0.0038,-0.0676066,-0.0747581,m2
19002361,0.00015,0.0318307,0.0448648,m2
18789741,0.04645,0.00415507,0.00458423,m2
18986053,0.00325,0.00295617,-0.0439058,m2
18235827,0.03185,0.0294667,0.0351622,m2
19003080,5.0e-05,0.0422785,0.0622421,m2
18785073,0.0015,0.000617517,0.0307488,m2
11198537,1.0,-0.00163244,0.00878692,m2
18997766,0.00245,-0.0221112,0.0285379,m2
18525569,0.02425,0.0099351,0.0443611,m2
18592552,0.00215,0.0231424,0.00477401,m2
18907363,0.0013,-0.00190961,-0.0303408,m2
10769824,1.0,0.00616083,0.0225612,m2
1633145,1.0,0.00796105,0.00384198,m2
18988025,0.00015,-0.0175152,-0.00289407,m2
18708514,0.04215,0.000214737,-0.0109821,m2
19002015,5.0e-05,0.0402734,0.0156271,m2
18698662,0.04075,-0.010555,-0.0185682,m2
18907555,0.01135,0.0316082,0.0177208,m2
18995205,0.00025,0.0230472,0.0462226,m2
18988762,0.0013,-0.00285991,-0.0313928,m2
19003079,0.00015,-0.00759035,-0.0265287,m2
18966240,0.00255,-0.0745948,-0.0643474,m2
19002695,0.00015,-0.00622341,0.0100015,m2
8460142,1.0,-0.0113058,-0.0120649,m2
19002360,0.0004,-0.0309183,-0.00166944,m2
18852202,0.00655,-0.00176054,0.00247669,m2
19002188,0.00065,-0.0409877,-0.0491668,m2
18626768,0.0111,0.0511761,0.0175822,m2
18802182,0.00195,0.0026983,0.000262609,m2
19002871,0.0001,0.0421858,0.0477721,m2
18810345,0.0341,0.0186977,0.0367376,m2
18097293,0.2288,0.00493958,0.0255828,m2
19001275,0.00025,0.0124898,0.00823357,m2
13308019,0.44115,0.025189,0.027022,m2
18995419,0.00315,0.0132911,0.0106191,m2
19001274,0.0003,-0.075289,-0.0720801,m2
8697002,0.62555,0.00537321,-0.000742573,m2
17367012,0.05755,0.00726565,0.00637359,m2
19001078,0.0002,-0.0611145,-0.0596956,m2
18900776,0.0072,-0.0752555,-0.0934575,m2
18933869,0.015,-0.0539246,-0.00143686,m2
18812887,0.0036,0.0239136,0.0372715,m2
19000348,0.00045,-0.039224,-0.0218698,m2
18842602,0.019,0.0281065,0.0518569,m2
18972145,0.00395,-0.0754612,-0.0556727,m2
19003294,5.0e-05,0.0331785,0.0136109,m2
18692463,0.00385,-0.0517715,-0.0625164,m2
19002693,0.0006,0.0629866,0.0498838,m2
18996981,0.0016,0.0220864,0.0477865,m2
18910711,0.0004,0.0229629,0.0185868,m2
19003078,0.0001,-0.0433646,-0.0398331,m2
13538545,0.75115,0.00999229,0.00784517,m2
18728252,0.08005,0.0257682,0.0328555,m2
7240842,1.0,0.00699139,-0.018438,m2
18996603,0.00215,0.0479896,0.0735186,m2
18952896,5.0e-05,-0.0529387,-0.0861718,m2
18865088,0.01105,-0.0523144,-0.00331496,m2
2248851,1.0,0.00274804,0.0102292,m2
19003292,5.0e-05,0.00321005,-0.0221314,m2
15940039,0.6687,0.00985845,-0.0142915,m2
16045864,0.0881,0.00824743,-0.0193923,m2
18886429,0.00765,0.0546059,0.0614949,m2
18712967,0.03895,-0.0371772,-0.0507758,m2
17738955,0.07985,0.0132661,-0.00614838,m2
18715589,0.0729,0.0151647,0.00971836,m2
6456849,1.0,0.00764635,-0.0266533,m2
2948023,1.0,-0.00831077,0.008006,m2
18862854,0.02865,0.0559806,0.0348851,m2
19003077,5.0e-05,0.0243405,0.0254634,m2
18550086,0.1325,0.0178711,-0.00266914,m2
18922176,0.00575,-0.0482493,-0.0370346,m2
17842640,0.05455,0.00509113,-0.034846,m2
15520604,0.3474,-0.00527432,0.00330882,m2
19003076,5.0e-05,0.0283251,0.022808,m2
19003291,5.0e-05,0.0361972,0.0445378,m2
18815718,0.0237,-0.00362186,-0.00572232,m2
18907905,0.0029,0.0177484,0.0217657,m2
18996980,0.00115,0.015764,-0.0523445,m2
18334868,0.26515,0.000223496,0.0110486,m2
18986632,5.0e-05,0.0885728,0.0742571,m2
19003290,5.0e-05,0.0177314,-0.0071112,m2
18904547,0.0047,0.0182625,-0.0095383,m2
16942634,0.04855,0.00368958,0.0145408,m2
18977905,0.00265,0.0097214,0.00705795,m2
13372885,0.1532,-0.00287043,-0.000926639,m2
16851164,0.0963,0.0165656,0.0169938,m2
18888673,0.0197,-0.00504663,-0.00510573,m2
18830353,0.0011,-0.0935596,-0.0733655,m2
18946875,0.00265,0.0462789,0.00703991,m2
19003073,0.00015,0.0661692,0.0303622,m2
18885077,0.0015,0.0289404,0.0307303,m2
18825893,0.0001,0.0302254,0.0162537,m2
18987841,0.00025,0.0536787,0.0329133,m2
18961467,0.0098,0.0287508,0.0140447,m2
19001649,0.00045,0.0277708,0.035757,m2
18999590,0.0001,-0.0221527,0.00193273,m2
18992899,0.0002,0.0502227,0.0695786,m2
19001077,0.0005,0.0321311,-0.0230674,m2
18877568,0.00275,0.0422984,0.0464414,m2
5543178,1.0,-0.00323382,-0.0235403,m2
18949875,0.0282,0.00396663,-0.0260359,m2
18999433,5.0e-05,0.04354,0.0386954,m2
19000524,0.00055,0.0616025,0.0444818,m2
18846324,0.0151,0.00848856,0.0262649,m2
19002867,5.0e-05,0.0520387,0.0725995,m2
19003072,5.0e-05,0.0482761,0.0100144,m2
19000708,5.0e-05,-0.022788,0.0260836,m2
14761660,0.02235,0.0103218,0.00716389,m2
19002690,0.0001,0.0611706,0.0898877,m2
17961602,0.00335,-0.0437788,-0.04286,m2
19003289,5.0e-05,0.0687235,0.0879393,m2
18951197,0.00115,0.0812844,0.0850998,m2
18990655,0.0021,-0.0138002,-0.0229236,m2
18781412,0.0038,0.0069137,-0.00352321,m2
18852907,0.00475,0.0187355,0.0249205,m2
18832251,0.0008,0.00958596,0.00619449,m2
17803503,0.09495,-0.00214453,0.0225644,m2
19003288,5.0e-05,-0.00828499,-0.00124241,m2
14785546,0.8619,-0.016982,-0.0229239,m2
18851079,0.00085,-0.0755403,-0.045492,m2
16815664,0.1556,0.00773388,0.0165234,m2
18743715,0.0007,0.0313109,0.00747825,m2
19001271,0.0003,-0.00529348,-0.00468033,m2
18951562,0.0022,-0.0123469,-0.0191631,m2
9787082,1.0,-0.0113647,-0.0172349,m2
18994799,0.0001,-0.081706,-0.0708987,m2
19003287,5.0e-05,-0.0391118,-0.0294169,m2
18686018,0.07725,-0.0233167,-0.00887502,m2
18284160,0.01465,0.00585251,0.0352226,m2
18970040,0.00075,0.103697,0.105723,m2
19002358,0.0001,0.058459,0.041631,m2
18404971,0.01495,0.0103911,-0.00196118,m2
18997533,0.0026,0.048166,0.0334616,m2
18811676,0.04005,-0.00203505,0.0106486,m2
19003286,5.0e-05,0.0604298,0.0227578,m2
18994605,0.0023,0.0577236,0.0767261,m2
18981345,0.0049,-0.0649784,-0.0516513,m2
18875813,0.00345,-0.0241711,-0.0079283,m2
19001975,0.00025,0.00589517,0.0224689,m2
18849196,0.01605,0.0766254,0.0407074,m2
19002163,0.0001,-0.0671301,-0.033883,m2
19003285,5.0e-05,-0.0239693,0.0235605,m2
19003284,5.0e-05,0.0622152,0.051434,m2
17371228,0.1304,-0.00738069,-0.0218559,m2
18537131,0.1076,0.0250692,0.00814522,m2
19003283,5.0e-05,0.0415317,0.0704368,m2
19003067,5.0e-05,-0.0176745,-0.034341,m2
15436066,0.44115,-0.0517332,-0.0523642,m2
18960754,0.00195,-0.0357603,-0.0310286,m2
19001434,0.0004,-0.0096543,0.0226626,m2
18160691,0.0177,-0.0206626,-0.00911041,m2
12053553,0.23795,-0.00963858,0.0121345,m2
19002863,5.0e-05,-0.0102261,-0.0266109,m2
18995412,0.00075,0.0756834,0.0552959,m2
18989341,0.00125,0.0305005,0.00417199,m2
18978927,0.00275,-0.126578,-0.13278,m2
17347832,0.1048,0.0121171,0.0225511,m2
18996789,0.0007,0.0109957,0.0355665,m2
19001970,0.00015,-0.0120049,-0.0101334,m2
18873477,0.023,-0.0459679,-0.0290171,m2
18996380,0.00015,-0.00842313,0.00963833,m2
19002862,0.0002,0.0284278,0.0245088,m2
9700940,1.0,0.0217392,0.00187261,m2
16004846,0.1164,-0.0082426,-0.023389,m2
19000705,0.00025,0.00571978,0.0160758,m2
18959233,0.0015,0.050615,0.0412442,m2
18998536,0.0005,-0.0474881,-0.0259924,m2
16566492,0.04425,-0.0125972,-0.0167308,m2
18993669,0.0005,-0.0181888,-0.015496,m2
17638812,0.25635,-0.0116163,-0.0217773,m2
18986428,0.00015,-0.00255946,-0.00690647,m2
18458357,0.01395,0.044577,0.0276885,m2
19003282,5.0e-05,0.00250534,0.0206116,m2
18826285,0.0323,-0.0701533,-0.0162791,m2
18996976,0.00045,0.00212557,0.045663,m2
17584400,0.0839,-0.0415164,-0.0242096,m2
18396455,0.0014,-0.0197015,-0.0216698,m2
13782041,0.93385,-0.0012149,0.0020146,m2
18748083,0.09565,0.0321379,0.0102897,m2
18969673,0.00075,-0.0398921,-0.0553749,m2
18576830,0.00855,-0.0026807,-0.0286032,m2
18913251,0.00785,0.107384,0.075721,m2
18985661,0.0042,-0.0103284,-0.0219992,m2
8330796,0.72905,0.0257597,-8.46853e-05,m2
18888855,0.01385,0.00783898,0.044013,m2
18999425,0.00035,0.020345,0.0232576,m2
19001647,5.0e-05,0.0375932,0.012336,m2
17996706,0.00135,0.0478001,0.0616119,m2
19003065,5.0e-05,-0.0149609,0.00269368,m2
18976988,0.0007,0.0304595,0.0250634,m2
18978328,0.001,0.0386397,0.0510595,m2
13309956,1.0,0.014711,0.00700236,m2
18973493,0.00265,0.0267488,0.00265808,m2
18097826,0.10395,0.0283708,0.0226972,m2
13918594,0.2223,-0.00235277,0.0196675,m2
19003064,0.0001,0.0589675,0.0323121,m2
18854641,0.0093,0.00266959,0.00337702,m2
19001073,0.0004,-0.00575162,-0.0316637,m2
18877176,0.021,-0.0260838,-0.0577568,m2
12843760,0.3246,0.000439047,0.00756848,m2
17446018,0.00465,-0.0216366,-0.00256345,m2
18924973,0.01345,-0.0305322,-0.0198928,m2
18981724,0.00135,-0.0808361,-0.0613663,m2
17673872,0.36,-0.0256644,0.0132234,m2
18959230,0.00245,-0.0999578,-0.0904856,m2
5360021,1.0,-0.0135491,-0.0109462,m2
18796898,0.009,0.0134267,0.0237044,m2
18996786,0.0012,0.00264847,-0.0121264,m2
18992499,0.0008,0.113219,0.114082,m2
18869135,0.02555,0.0558285,0.0614349,m2
18538270,0.00635,-0.0160664,-0.0052623,m2
19003280,5.0e-05,-0.0140337,-0.0122789,m2
19002184,0.0001,0.00657128,0.0100438,m2
18465477,0.0139,-0.0316377,-0.0409261,m2
18642349,0.0338,-0.00972719,-0.0456252,m2
19001430,0.0003,-0.0769771,-0.0911857,m2
8101308,1.0,-0.0101804,0.0175575,m2
18554371,0.13485,-0.0134477,-0.00594875,m2
18603026,0.0673,-0.0196269,0.0052107,m2
18966402,0.0022,0.00220071,-0.0165195,m2
19002858,0.00015,-0.0693976,-0.0699999,m2
19003061,5.0e-05,-0.0459534,-0.0329162,m2
9380945,1.0,-0.0250071,0.0111127,m2
19002005,5.0e-05,-0.0512715,-0.0175671,m2
18503618,0.05055,0.0328039,0.0438525,m2
18869719,0.0181,0.0723694,0.0112788,m2
18880537,0.0239,-0.0138957,-0.0161986,m2
19003060,0.0002,0.0351956,0.0301177,m2
19003059,5.0e-05,0.0215304,0.0755317,m2
18459297,0.13705,0.0190835,0.0155621,m2
12795762,0.1591,0.0162108,0.0183509,m2
17080293,0.05225,0.0147062,0.00309828,m2
18913074,0.00335,0.0192425,0.0232622,m2
18747482,0.00275,0.0193143,0.0105944,m2
18907352,0.01065,0.0202444,0.0460109,m2
19002857,5.0e-05,-0.0630259,-0.0201512,m2
18993472,0.0028,0.00261782,-0.0349957,m2
18958466,0.017,-0.0260706,-0.0500086,m2
18826432,0.0504,0.0148455,-0.00652146,m2
18729999,0.09275,0.0409349,0.0401353,m2
18998301,0.00045,-0.0718594,-0.0655299,m2
15955373,0.38925,-0.0218293,-0.0198501,m2
18979634,5.0e-05,-0.000189649,-0.00267536,m2
17987030,0.05,-0.0184592,-0.00544233,m2
18993849,0.0015,0.127712,0.0978176,m2
18274929,0.01495,-0.0286916,-0.0175583,m2
19002355,5.0e-05,-0.12811,-0.0943367,m2
18896731,0.0162,0.0503245,0.0506327,m2
19002681,0.00015,-0.08633,-0.0946208,m2
18966226,0.0073,-0.0417847,-0.048094,m2
18920796,0.0102,-0.0168433,0.00402584,m2
9218045,1.0,-0.00705613,0.00419723,m2
18951747,0.00225,0.00708795,-0.00833253,m2
19002183,0.0004,0.0360372,0.0299501,m2
18970218,0.00535,0.0363777,0.0113783,m2
19002680,0.0002,0.0234296,0.0336098,m2
18996354,0.0002,-0.0628021,-0.0875214,m2
18578363,0.00575,0.0193281,-0.00284559,m2
18883925,0.00645,-0.0101086,0.0203041,m2
18502691,0.0209,0.0279758,0.0331509,m2
18997742,0.0002,-0.030838,-0.0106733,m2
17002624,0.35635,0.00601145,0.00104584,m2
18975431,0.0016,-0.00364433,-0.0105577,m2
19001980,0.00075,-0.0565582,-0.0522615,m2
18988749,0.0017,-0.0482243,-0.0363329,m2
19002353,5.0e-05,0.0287915,-0.00592953,m2
18996376,0.001,-0.0632305,-0.0499208,m2
18994598,0.00055,0.00725871,0.0223246,m2
18987378,0.0049,-0.0332006,-0.0393776,m2
18990646,0.00625,0.0359279,0.00387888,m2
18958276,0.0015,-0.0722597,-0.0637218,m2
19001991,0.00025,-0.0283512,-0.0302835,m2
18463541,0.10075,0.000357261,-0.0105508,m2
18968661,0.0035,0.0333686,0.0354568,m2
18968681,0.0005,0.043329,0.0662004,m2
18982490,0.0013,-0.053356,-0.0278333,m2
19000338,5.0e-05,-0.0123684,-0.0203903,m2
19001620,0.00015,-0.0173,-0.0416201,m2
18984561,0.00245,-0.0970082,-0.0645703,m2
18997528,0.00245,0.0116471,0.0233793,m2
19002856,0.0001,0.0615335,0.0376021,m2
14749535,0.24615,0.00195015,-0.0180068,m2
18776782,0.00775,0.0295703,0.0264,m2
18906336,0.01515,-0.0555154,-0.0446411,m2
19001605,0.0002,-0.0187067,-0.00226422,m2
18989718,0.0015,-0.00464275,0.0261233,m2
18995728,0.0016,-0.00557429,-0.00190505,m2
19003058,5.0e-05,-0.00286913,-0.0300431,m2
18988368,0.0014,0.0257768,0.067328,m2
11828984,1.0,-0.00187289,0.00716332,m2
18785987,0.0101,-0.0429818,-0.0368501,m2
18992122,0.00055,-0.000870575,-0.025504,m2
18823284,0.04515,-0.038287,-0.0251227,m2
18907748,0.0021,-0.0362569,0.0235966,m2
18871669,0.0005,0.0142756,0.084585,m2
19001982,0.0002,-0.00200344,-0.0119568,m2
18945479,5.0e-05,0.0366086,0.0653631,m2
11282646,1.0,-0.02725,-0.0228045,m2
18820230,0.01325,0.0515568,-0.000638301,m2
19002855,0.0001,-0.0546017,-0.0726939,m2
18348499,0.03735,-0.0182985,-0.0184754,m2
18889981,0.00285,0.0572144,0.0634949,m2
18997349,0.00025,-0.0277167,-0.014948,m2
18740989,0.0172,0.0190525,0.00850292,m2
18984560,0.00325,-0.00852456,-0.00760086,m2
18995965,0.00135,-0.0263987,-0.0477624,m2
18967910,0.0013,0.0342142,0.0311017,m2
19002161,0.00015,0.0252396,0.0222781,m2
19002677,0.00015,0.054364,0.0390799,m2
19002676,5.0e-05,0.0340207,-0.0108588,m2
18839903,0.0485,-0.00768931,0.0169458,m2
18941377,0.00255,-0.0292412,-0.00889365,m2
19002854,5.0e-05,0.0594983,0.072964,m2
18673237,0.03365,0.0206744,0.0107298,m2
19003057,0.0001,0.0586787,0.0308835,m2
18877559,0.0446,-0.0654072,-0.0645006,m2
18994595,0.00105,-0.0204265,-0.0503651,m2
18096168,0.22825,0.00971302,-0.015852,m2
19003056,5.0e-05,-0.0387971,-0.0537493,m2
18998292,0.00045,0.0368505,0.0572245,m2
18932279,0.00825,0.0176018,-0.010288,m2
16298139,0.03655,0.00884374,0.00270622,m2
18317866,0.06775,0.015938,0.0209345,m2
13965349,0.93385,-0.0051839,-0.00565118,m2
18996175,0.00305,-0.123589,-0.0929754,m2
18626026,0.03445,-0.0278754,-0.00491192,m2
13997020,0.03015,-0.00753373,-0.0248672,m2
19003055,5.0e-05,-0.0032891,0.0251776,m2
18996953,0.0007,-0.0398321,-0.0391563,m2
19003054,5.0e-05,-0.0563754,-0.0132711,m2
14187734,0.7215,0.0201356,-0.00746393,m2
19002852,0.00015,-0.0265652,-0.05064,m2
18811512,0.0138,0.0223307,0.0338509,m2
18733010,0.01085,-0.023805,-0.0313128,m2
15176666,0.94735,-0.00759053,0.0332355,m2
18593315,0.0363,0.0160864,0.0157458,m2
18844716,0.01875,0.0447681,0.0323068,m2
18794617,0.0047,0.00418871,-0.00620206,m2
18998118,0.00065,-0.0348662,-0.0233598,m2
18981887,0.0016,-0.00352544,-0.022285,m2
18980418,0.00105,-0.0320915,-0.0325476,m2
18991758,0.00025,0.00665723,0.000545298,m2
19003053,0.0001,-0.0291378,-0.018975,m2
18999062,0.00015,0.0391958,0.0449385,m2
18997523,0.00095,0.0200542,-0.0190247,m2
19003279,5.0e-05,-0.0396844,-0.016385,m2
19001638,0.0001,0.0331433,0.0459988,m2
18971948,0.0037,-0.0207511,0.000682778,m2
17095089,0.0216,-0.00943326,0.00292932,m2
18968903,0.0013,-0.0286022,-0.0185531,m2
19003278,5.0e-05,0.0478139,0.0601439,m2
19002674,0.0001,-0.0288427,-0.0515546,m2
18971542,0.00505,-0.0977353,-0.107153,m2
18981159,0.0002,-0.0413484,0.00564083,m2
19000899,0.00135,0.0614593,0.0348926,m2
18961504,0.0033,0.0533255,0.074088,m2
18994992,0.002,-0.045116,-0.0533317,m2
18759555,0.0064,0.0509622,0.0511863,m2
17497622,0.28855,0.0439002,0.0137752,m2
19001257,0.0002,-0.0452117,-0.0179651,m2
18925711,0.00775,0.00599367,0.0132671,m2
18975071,0.0007,0.0469752,0.0577902,m2
16691752,0.0799,0.00500339,-0.0127858,m2
18998143,0.0003,-0.0265482,-0.0126898,m2
18997714,0.0002,0.00816256,0.0144762,m2
19001256,5.0e-05,-0.0577026,-0.0492992,m2
19003277,5.0e-05,-0.0272838,-0.0319332,m2
19003276,5.0e-05,-0.0262471,-0.030175,m2
18998119,0.00045,-0.0107492,-0.00363419,m2
18850673,0.007,0.043077,0.0434954,m2
18990444,0.00225,0.0289337,0.0416926,m2
18989913,0.0005,-0.0475125,-0.0186889,m2
18397232,0.10145,-0.0204914,-0.00378147,m2
18686572,0.0254,0.0314033,-0.00595773,m2
18773300,0.0011,0.00648279,0.0186221,m2
18806657,0.0312,0.0385255,-0.0268976,m2
19003049,0.0001,-0.00938747,-0.0490839,m2
19003275,5.0e-05,0.0331637,0.0209281,m2
16197503,0.07,0.0124508,0.0057144,m2
19003048,5.0e-05,-0.047571,-0.0800386,m2
18998120,0.00265,0.0263529,0.013785,m2
19001255,0.00035,-0.0257357,-0.0158991,m2
18941372,0.01435,-0.00815435,0.0165515,m2
18476224,0.033,0.0210278,0.0251754,m2
18768110,0.00935,0.000554616,-0.00422749,m2
18800942,0.0582,-0.00418671,-0.0274475,m2
18839509,0.01765,-0.00726482,0.0104754,m2
18999419,0.00015,0.042204,0.0654199,m2
18998502,0.00095,-0.0011952,0.0156232,m2
18185773,0.10145,0.010829,0.0216044,m2
18992324,0.00555,0.00890958,0.00770307,m2
18971208,0.00265,0.0367561,0.0161838,m2
19001625,0.0005,0.0471406,0.0747375,m2
18969665,0.00145,0.00221393,-0.0194151,m2
18661843,0.06645,-0.0234405,-0.0131954,m2
18647163,0.00225,0.00862656,-0.0077937,m2
18992718,0.00395,0.0286434,0.0385253,m2
18980210,0.0002,0.0356923,0.0345552,m2
18820400,0.0209,-0.0268569,-0.000192624,m2
18980411,0.00375,0.010247,0.017644,m2
18936500,0.00125,0.00403602,-0.0113049,m2
18879793,0.0205,0.0152798,-0.0103729,m2
18995190,0.00025,0.000352669,-0.000509164,m2
18999946,0.0002,-0.0691779,-0.0105519,m2
18913619,0.01155,-0.0759656,-0.030036,m2
18770660,0.00855,3.04003e-05,0.000947774,m2
18989127,0.00295,-0.0157524,0.0194719,m2
18998527,0.0012,0.0317089,0.0193351,m2
18989316,0.00115,-0.0269085,-0.00934123,m2
18804062,5.0e-05,-0.0194185,-0.046472,m2
19000892,0.0012,-0.033942,-0.0191118,m2
18994382,0.00425,-0.0219477,-0.0391247,m2
19001254,0.00035,0.0478381,0.0528667,m2
19000330,0.0001,-0.0345796,-0.0546816,m2
19001636,0.0001,0.0402284,0.0560801,m2
19001253,0.0001,-0.00290617,-0.00426978,m2
18992513,0.0008,0.0221282,0.0385638,m2
18932658,0.0066,0.00385326,-0.0173716,m2
18999416,0.0001,-0.0392305,-0.0813522,m2
18974469,0.00105,-0.000785818,-0.0120712,m2
18974071,0.00295,-0.0145163,-0.0392304,m2
18984163,0.0024,0.0260855,0.0443575,m2
18967740,0.0131,0.0454893,0.0331441,m2
19002173,0.0002,-0.0438711,-0.0505229,m2
18973098,0.00265,-0.0107781,0.00263021,m2
18997147,0.0009,-0.0638987,-0.0557753,m2
19000885,0.0004,-0.00211086,0.00211338,m2
19003274,5.0e-05,-0.0276992,-0.0492817,m2
18989323,0.00255,0.0679059,0.0630255,m2
18980617,0.0019,0.00989109,0.029672,m2
18989894,0.00035,-0.00797048,0.0147875,m2
18938790,0.00375,-0.0516365,-0.0103151,m2
18934573,0.02505,0.0298019,0.0401066,m2
18993462,0.00025,0.00144404,-0.0119782,m2
18999951,0.00105,-0.0612014,-0.0496737,m2
18969284,0.00205,-0.0207654,-0.0375285,m2
19001633,0.00015,0.057276,0.0476734,m2
18951174,0.0061,-0.000631077,-0.022931,m2
18979283,0.00215,0.0173813,0.0487831,m2
18933242,0.02185,-0.0384352,-0.0293396,m2
18967568,0.0006,0.0353607,0.00773445,m2
18927722,0.0011,-0.0118925,0.0576001,m2
18983606,0.0022,-0.01257,-0.0198321,m2
19001421,0.0001,0.00112802,-0.0196828,m2
19003273,5.0e-05,0.100948,0.124304,m2
18996936,0.00045,0.0477574,0.0414501,m2
18996336,0.0016,-0.037787,-0.0107099,m2
19000322,0.0008,0.0464714,0.0251484,m2
18996333,0.0006,0.0801417,0.0767509,m2
18934925,0.0059,-0.0139916,-0.0155343,m2
18977717,0.00115,0.00557035,0.0115489,m2
19001627,0.00055,0.0154823,0.0537584,m2
18993264,0.00335,0.00933228,-0.0098658,m2
19001994,5.0e-05,-0.0158869,0.00769842,m2
18920029,0.03545,0.003587,0.0422779,m2
18990253,0.00025,-0.0789785,-0.0258146,m2
18996583,0.0004,0.00252934,0.00339077,m2
18998860,0.00075,0.0686396,0.0626358,m2
18980605,0.0005,-0.0212382,-0.0188174,m2
18990637,0.001,0.0776751,0.0651125,m2
18986029,0.0058,-0.0198597,-0.0138739,m2
18991569,0.0046,0.0277387,0.0301628,m2
18994379,0.00175,0.0359105,0.00191067,m2
18918092,0.00825,0.0748279,0.0497529,m2
18996774,0.0018,-0.0800881,-0.0708195,m2
18994783,0.0013,-0.0018212,0.0181955,m2
18951179,0.00115,-0.0699667,-0.0847518,m2
18967552,0.0041,0.0248008,0.0319727,m2
18999411,0.0003,-0.019669,-0.0424231,m2
18923289,0.00145,-0.0567845,-0.00879807,m2
19001995,0.00035,-0.0521215,-0.0349249,m2
18998309,0.00135,-0.0662422,-0.0800219,m2
18988961,0.0006,-0.03026,-0.0319448,m2
18992325,0.0018,-0.0703161,-0.0937683,m2
18913608,0.00495,0.0310573,0.076203,m2
18977736,0.0002,-0.0836883,-0.0541676,m2
18995955,0.0004,-0.11833,-0.089687,m2
19003272,5.0e-05,-0.0323254,-0.00155651,m2
18996769,0.00045,-0.0724612,-0.038692,m2
18997139,0.00125,-0.0315417,-0.0331394,m2
18941015,0.0023,0.0183457,-0.0218379,m2
18974659,0.0137,-0.0171629,0.00118166,m2
18954630,0.0087,0.0454735,0.0244909,m2
18990819,0.005,0.0160429,0.0346309,m2
18988723,5.0e-05,0.0688139,0.0919294,m2
18996549,0.00065,-0.0518604,-0.0608157,m2
18925706,0.07645,0.0495934,0.0106597,m2
18998857,0.0002,0.0882634,0.0806095,m2
18998856,0.00035,0.00664163,0.000589213,m2
18932456,0.00255,-0.00620276,-0.00279707,m2
18974846,0.0014,-0.0351823,-0.0208137,m2
18996562,0.00015,-0.0170843,-0.0450755,m2
18960538,0.0049,-0.00227912,0.0135687,m2
18997746,0.0007,-0.0372891,-0.0762002,m2
18967733,5.0e-05,0.0484792,0.0459602,m2
19003271,5.0e-05,-0.0127065,0.0125662,m2
18968266,0.00185,0.00319051,0.0359891,m2
18987387,0.0054,0.00312999,0.00319462,m2
18992139,0.00075,0.0280389,-0.00658428,m2
18990269,0.0015,0.0366354,0.0610357,m2
18986228,0.0102,-0.00486144,-0.0277019,m2
19001989,0.00045,0.0358016,0.0324588,m2
18991936,0.00025,0.0109517,0.0305954,m2
19000323,0.00025,0.0255067,0.035181,m2
19001988,5.0e-05,-0.054934,-0.0645715,m2
18988542,0.00375,0.0136922,0.00453516,m2
18987813,0.00235,0.0548038,0.05861,m2
18992709,0.00095,0.0165538,0.0121966,m2
18992160,0.00195,0.00872362,0.00138887,m2
18993827,0.0023,-0.00765781,0.0207808,m2
18986799,0.00335,-0.0297109,-0.0252976,m2
19000882,0.00085,-0.0118544,-0.00720527,m2
18999409,0.0003,0.0341733,0.0247367,m2
18999952,0.00055,0.0679445,0.054953,m2
18995181,0.0022,0.0350292,0.0570208,m2
19003034,5.0e-05,-0.0156283,-0.0335075,m2
19003035,5.0e-05,0.0141144,0.0294893,m2
19003036,5.0e-05,0.0185543,0.0529032,m2
19003270,5.0e-05,0.0203785,0.0118502,m2
19003269,5.0e-05,0.0276099,0.0467494,m2
19003039,5.0e-05,-0.0473081,-0.0661694,m2
19003268,5.0e-05,-0.0493357,-0.0650609,m2
19003041,5.0e-05,0.0725471,0.0969564,m2
19003042,0.0002,-0.00496726,0.0104119,m2
19003043,0.00015,-0.0160077,0.0116122,m2
19003232,5.0e-05,-0.077874,-0.0555989,m2
19003233,5.0e-05,-0.0327858,0.0293774,m2
19003234,5.0e-05,-0.0191664,0.0107061,m2
19003235,5.0e-05,-0.0184497,-0.0249465,m2
19003236,5.0e-05,-0.0837818,-0.0758315,m2
19003237,5.0e-05,-0.0479024,-0.0321988,m2
19003238,5.0e-05,-0.0379736,-0.0523656,m2
19003239,5.0e-05,-0.0118028,0.0477025,m2
19003240,5.0e-05,-0.01089,-0.0323507,m2
19003241,5.0e-05,0.0833785,0.076124,m2
19003242,5.0e-05,0.0677468,0.0376427,m2
19003243,5.0e-05,-0.0289945,-0.0529805,m2
19003244,5.0e-05,-0.0615278,-0.0377818,m2
19003245,5.0e-05,-0.00175279,-0.0316754,m2
19003246,5.0e-05,0.00980662,0.00364644,m2
19003247,5.0e-05,0.0243849,0.0220876,m2
19003249,5.0e-05,-0.0721952,-0.0576952,m2
19003250,5.0e-05,-0.0185631,-0.0348079,m2
19003251,5.0e-05,-0.00969202,0.0246226,m2
19003252,5.0e-05,0.109116,0.0945172,m2
19003253,5.0e-05,0.0785196,0.0684783,m2
19003254,5.0e-05,0.0144419,0.00759356,m2
19003255,5.0e-05,-0.0940758,-0.0622638,m2
19003257,5.0e-05,0.0428476,0.0304966,m2
19003258,5.0e-05,0.0673504,0.0922227,m2
19003259,5.0e-05,0.0956269,0.100879,m2
19003260,5.0e-05,-0.00568258,-0.0136617,m2
19003261,5.0e-05,0.0386962,0.0623043,m2
19003262,5.0e-05,-0.00833732,0.0276131,m2
19003263,5.0e-05,0.00940747,0.00951712,m2
19003264,5.0e-05,-0.00490811,-0.0271179,m2
19003265,5.0e-05,0.0236164,0.0266744,m2
19003266,5.0e-05,0.0425501,0.0262438,m2
19003267,5.0e-05,0.0473289,0.0659374,m2
