F,0.0221164,0.0,0.0,0.0221164
F,0.0,0.0,0.0,0.0
F,0.0,0.0,0.0,0.0
F,0.0,0.0,0.0,0.0
F,0.0,0.0,0.0,0.0
F,0.0,0.0,0.0,0.0
F,0.0,0.0,0.0,0.0
F,0.0,0.0,0.0,0.0
F,0.0405494,0.0,0.0,0.0405494
F,0.0,0.0,0.0,0.0
F,0.0,0.0,0.0,0.0
F,0.0,0.0,0.0,0.0
F,0.0,0.0,0.0,0.0
F,0.0,0.0,0.0,0.0
F,0.0246636,0.0,0.0,0.0246636
F,0.0,0.0,0.0,0.0
F,0.0,0.0,0.0,0.0
F,0.0,0.0,0.0,0.0
F,0.0,0.0,0.0,0.0
F,0.0,0.0,0.0,0.0
F,0.0,0.0,0.0,0.0
F,0.0,0.0,0.0,0.0
F,0.0,0.0,0.0,0.0
F,-0.00594935,0.0,0.0,-0.00594935
F,0.026237,0.0,0.0,0.026237
F,0.0,0.0,0.0,0.0
F,0.0,0.0,0.0,0.0
F,0.0,0.0,0.0,0.0
F,0.0,0.0,0.0,0.0
F,0.0,0.0,0.0,0.0
F,0.0,0.0,0.0,0.0
F,0.0,0.0,0.0,0.0
F,0.0,0.0,0.0,0.0
F,0.0,0.0,0.0,0.0
F,0.0,0.0,0.0,0.0
F,0.0,0.0,0.0,0.0
F,0.0,0.0,0.0,0.0
F,0.0,0.0,0.0,0.0
F,0.0,0.0,0.0,0.0
F,0.0,0.0,0.0,0.0
F,0.0,0.0,0.0,0.0
F,-0.0396669,0.0,0.0,-0.0396669
F,0.0,0.0,0.0,0.0
F,0.0,0.0,0.0,0.0
F,0.0,0.0,0.0,0.0
F,0.0211589,0.0,0.0,0.0211589
F,0.0,0.0,0.0,0.0
F,0.0,0.0,0.0,0.0
F,0.0,0.0,0.0,0.0
F,0.0,0.0,0.0,0.0
F,0.0,0.0,0.0,0.0
F,0.0,0.0,0.0,0.0
F,0.0,0.0,0.0,0.0
F,0.0,0.0,0.0,0.0
F,0.0,0.0,0.0,0.0
F,0.0,0.0,0.0,0.0
F,0.0,0.0,0.0,0.0
F,0.0,0.0,0.0,0.0
F,0.0,0.0239085,0.0239085,0.0239085
F,0.0,0.0,0.0,0.0
F,0.0,0.0,0.0,0.0
F,-0.0523394,0.0,0.0,-0.0523394
F,-0.00698747,0.0,0.0,-0.00698747
F,0.0,0.0,0.0,0.0
F,0.0,0.0,0.0,0.0
F,0.0,0.0,0.0,0.0
F,0.0,0.0,0.0,0.0
F,0.0,0.0,0.0,0.0
F,0.0,0.0,0.0,0.0
F,0.0,0.0,0.0,0.0
F,0.0,0.0,0.0,0.0
F,-0.0393866,0.0,0.0,-0.0393866
F,0.0,0.0,0.0,0.0
F,-0.0282365,0.0,0.0,-0.0282365
F,0.0,0.0,0.0,0.0
F,0.0,0.0,0.0,0.0
F,0.0,0.0,0.0,0.0
F,0.0,0.0,0.0,0.0
F,0.0,0.0,0.0,0.0
F,0.0,0.0,0.0,0.0
F,0.0,0.0,0.0,0.0
F,-0.052598,0.0,0.0,-0.052598
F,0.0,0.0,0.0,0.0
F,0.0,0.0,0.0,0.0
F,0.0,0.0,0.0,0.0
F,-0.00323354,0.0,0.0,-0.00323354
F,0.0,0.0,0.0,0.0
F,0.0,0.0,0.0,0.0
F,0.0,0.0,0.0,0.0
F,0.0,0.0,0.0,0.0
F,0.0,0.0,0.0,0.0
F,0.0,0.0,0.0,0.0
F,0.0,0.0,0.0,0.0
F,0.0,0.0,0.0,0.0
F,0.0,0.0,0.0,0.0
F,0.0,0.0,0.0,0.0
F,0.0,0.0,0.0,0.0
F,0.0,0.0,0.0,0.0
F,0.0,0.0,0.0,0.0
F,0.0,0.0,0.0,0.0
F,0.0,0.0,0.0,0.0
F,0.0,0.0,0.0,0.0
F,0.0,0.0,0.0,0.0
F,0.0,0.0,0.0,0.0
F,0.0,0.0,0.0,0.0
F,0.0,0.0,0.0,0.0
F,0.0928614,0.0,0.0,0.0928614
F,-0.0249928,0.0,0.0,-0.0249928
F,0.0,0.0730356,0.0730356,0.0730356
F,0.0,0.0,0.0,0.0
F,0.0,0.0,0.0,0.0
F,-0.023812,0.0,0.0,-0.023812
F,0.0,0.0,0.0,0.0
F,0.0,0.0,0.0,0.0
F,0.0530597,0.0,0.0,0.0530597
F,0.0148846,0.0,0.0,0.0148846
F,0.0,0.0,0.0,0.0
F,0.0,0.0,0.0,0.0
F,0.0,0.0,0.0,0.0
F,0.0,0.0,0.0,0.0
F,-0.0731521,0.0,0.0,-0.0731521
F,-0.00594935,0.0,0.0,-0.00594935
F,0.0681823,0.0,0.0,0.0681823
F,0.020353,0.0,0.0,0.020353
F,0.0,0.0,0.0,0.0
F,0.0,0.0,0.0,0.0
F,0.00833936,0.0,0.0,0.00833936
F,0.0,0.0,0.0,0.0
F,0.0,0.0,0.0,0.0
F,0.0,0.0,0.0,0.0
F,0.0,0.0,0.0,0.0
F,0.0,0.0,0.0,0.0
F,0.0,0.0,0.0,0.0
F,0.086314,0.0,0.0,0.086314
F,0.0,0.0,0.0,0.0
F,0.0372745,0.0,0.0,0.0372745
F,0.0,0.0,0.0,0.0
F,0.0,0.0,0.0,0.0
F,0.0,0.0,0.0,0.0
F,0.0,0.0,0.0,0.0
F,0.0,0.0,0.0,0.0
F,0.0,0.0,0.0,0.0
F,0.0,0.0,0.0,0.0
F,0.0,0.0,0.0,0.0
F,0.0,0.0,0.0,0.0
F,0.0,0.0,0.0,0.0
F,-0.0162888,0.0,0.0,-0.0162888
F,0.0,0.0,0.0,0.0
F,-0.039617,0.0,0.0,-0.039617
F,0.0,0.0,0.0,0.0
F,0.0,0.0,0.0,0.0
F,0.0,0.0,0.0,0.0
F,0.0,0.0,0.0,0.0
F,0.0,0.0,0.0,0.0
F,0.0,0.0,0.0,0.0
F,0.0,0.0,0.0,0.0
F,0.0,0.0,0.0,0.0
F,0.0101739,0.0,0.0,0.0101739
F,0.0,0.0,0.0,0.0
F,0.0,0.0,0.0,0.0
F,0.0,0.0,0.0,0.0
F,0.0,0.0,0.0,0.0
F,0.0,0.0,0.0,0.0
F,0.0557923,0.0,0.0,0.0557923
F,0.0,0.0,0.0,0.0
F,0.0722183,0.0,0.0,0.0722183
F,0.0,0.0,0.0,0.0
F,0.0,0.0,0.0,0.0
F,0.0,0.0,0.0,0.0
F,-0.0465161,0.0,0.0,-0.0465161
F,0.0,0.0,0.0,0.0
F,-0.0149778,0.0,0.0,-0.0149778
F,0.0,0.0,0.0,0.0
F,0.0228554,0.0,0.0,0.0228554
F,0.0,0.0,0.0,0.0
F,0.0481486,0.0,0.0,0.0481486
F,0.0,0.0,0.0,0.0
F,0.0,0.0,0.0,0.0
F,0.0,0.0,0.0,0.0
F,0.0,0.0,0.0,0.0
F,0.0,0.0,0.0,0.0
F,0.0,0.0,0.0,0.0
F,0.0,0.0,0.0,0.0
F,0.0,0.0,0.0,0.0
F,0.0,0.0,0.0,0.0
F,0.00541826,0.0,0.0,0.00541826
F,-0.108039,0.0,0.0,-0.108039
F,0.0,0.0,0.0,0.0
F,0.0246898,0.0,0.0,0.0246898
F,0.0,0.0,0.0,0.0
F,-0.0403445,0.0,0.0,-0.0403445
F,0.0,0.0,0.0,0.0
F,0.0,0.0,0.0,0.0
F,0.0,0.0,0.0,0.0
F,0.0,0.0,0.0,0.0
F,0.0,0.0,0.0,0.0
F,0.0,0.0,0.0,0.0
F,0.0,0.0,0.0,0.0
F,0.0,0.0,0.0,0.0
F,0.0,0.0,0.0,0.0
F,0.0,0.0,0.0,0.0
F,0.0,0.0,0.0,0.0
F,0.0,0.0,0.0,0.0
F,0.0,0.0,0.0,0.0
F,0.0,0.0,0.0,0.0
F,0.0,0.0,0.0,0.0
F,0.0,0.0,0.0,0.0
F,0.0,0.0,0.0,0.0
F,0.0,0.0,0.0,0.0
F,0.0,0.0,0.0,0.0
F,0.0,0.0,0.0,0.0
F,0.0,0.0,0.0,0.0
F,0.0,0.0,0.0,0.0
F,0.0,0.0,0.0,0.0
F,0.0,0.0,0.0,0.0
F,0.0,0.0,0.0,0.0
F,0.0,0.0,0.0,0.0
F,0.0,0.0,0.0,0.0
F,0.0294515,0.0,0.0,0.0294515
F,0.0,0.0,0.0,0.0
F,-0.087549,0.0,0.0,-0.087549
F,0.0,0.0,0.0,0.0
F,0.0,0.0,0.0,0.0
F,0.0,0.0,0.0,0.0
F,0.0,0.0,0.0,0.0
F,0.0,0.0,0.0,0.0
F,0.0,0.0,0.0,0.0
F,0.0,0.0,0.0,0.0
F,0.0,0.0,0.0,0.0
F,0.0,0.0,0.0,0.0
F,0.0,0.0,0.0,0.0
F,0.0,0.0,0.0,0.0
F,0.0,0.0,0.0,0.0
F,0.0,0.0,0.0,0.0
F,0.0,0.0,0.0,0.0
F,-0.0366775,0.0,0.0,-0.0366775
F,-0.0647974,0.0,0.0,-0.0647974
F,0.0,0.0,0.0,0.0
F,0.0522757,0.0,0.0,0.0522757
F,-0.124025,0.0,0.0,-0.124025
F,0.0,0.0,0.0,0.0
F,0.0,0.0,0.0,0.0
F,0.0292238,0.0,0.0,0.0292238
F,0.0,0.0,0.0,0.0
F,0.0,0.0,0.0,0.0
F,0.0,0.0,0.0,0.0
F,0.0,0.0,0.0,0.0
F,0.0,0.0,0.0,0.0
F,0.0,0.0,0.0,0.0
F,-0.0449938,0.0,0.0,-0.0449938
F,0.0,0.0,0.0,0.0
F,0.0,0.0,0.0,0.0
F,0.0,0.0,0.0,0.0
F,-0.0247647,0.0,0.0,-0.0247647
F,0.0,0.0,0.0,0.0
F,0.0,0.0,0.0,0.0
F,0.0,0.0,0.0,0.0
F,0.0,0.0,0.0,0.0
F,0.0,0.0,0.0,0.0
F,0.0,0.0,0.0,0.0
F,0.0,0.0,0.0,0.0
F,0.0,0.0,0.0,0.0
F,0.0,0.0,0.0,0.0
F,0.0,0.0,0.0,0.0
F,0.0246898,0.0,0.0,0.0246898
F,0.0,0.0,0.0,0.0
F,0.0,0.0,0.0,0.0
F,0.0,0.0,0.0,0.0
F,0.0,0.0,0.0,0.0
F,0.0,0.0,0.0,0.0
F,0.0278803,0.0,0.0,0.0278803
F,0.0,0.0,0.0,0.0
F,0.0123819,0.0,0.0,0.0123819
F,0.0,0.0,0.0,0.0
F,0.0,0.0,0.0,0.0
F,0.0,0.0,0.0,0.0
F,0.0,0.0,0.0,0.0
F,0.0772839,0.0,0.0,0.0772839
F,0.0,0.0,0.0,0.0
F,0.0,0.0,0.0,0.0
F,0.0481614,0.0,0.0,0.0481614
F,0.0,0.0,0.0,0.0
F,0.0,0.0,0.0,0.0
F,0.0,0.0,0.0,0.0
F,0.0,0.0,0.0,0.0
F,0.0,0.0,0.0,0.0
F,0.0086498,0.0,0.0,0.0086498
F,0.0,0.0,0.0,0.0
F,0.0,0.0,0.0,0.0
F,0.0,0.0,0.0,0.0
F,-0.0331529,0.0,0.0,-0.0331529
F,0.0,0.0,0.0,0.0
F,0.0,0.0,0.0,0.0
F,0.0,0.0,0.0,0.0
F,0.0,0.0,0.0,0.0
F,0.0,0.0,0.0,0.0
F,0.0,0.0,0.0,0.0
F,0.00690569,0.0,0.0,0.00690569
F,0.00945369,0.0,0.0,0.00945369
F,0.0,0.0,0.0,0.0
F,-0.0127045,0.0,0.0,-0.0127045
F,0.0,0.0,0.0,0.0
F,-0.0706419,0.0,0.0,-0.0706419
F,0.0,0.0,0.0,0.0
F,0.0,0.0,0.0,0.0
F,0.016039,0.0,0.0,0.016039
F,0.0,0.0,0.0,0.0
F,0.0,0.0,0.0,0.0
F,0.0,0.0,0.0,0.0
F,0.0,0.0,0.0,0.0
F,0.0,0.0,0.0,0.0
F,0.0,0.0,0.0,0.0
F,0.0,0.0,0.0,0.0
F,0.0,0.0,0.0,0.0
F,0.0,0.0,0.0,0.0
F,0.0,0.0,0.0,0.0
F,0.0,0.0,0.0,0.0
F,0.0,0.0,0.0,0.0
F,0.0,0.0,0.0,0.0
F,0.0,0.0,0.0,0.0
F,0.0,0.0,0.0,0.0
F,0.0,0.0,0.0,0.0
F,0.0,0.0,0.0,0.0
F,0.0,0.0,0.0,0.0
F,0.0,0.0,0.0,0.0
F,0.020353,0.0,0.0,0.020353
F,0.0,0.0,0.0,0.0
F,0.0,0.0,0.0,0.0
F,0.0,0.0,0.0,0.0
F,0.0,0.0,0.0,0.0
F,0.0,0.0,0.0,0.0
F,0.0,0.0,0.0,0.0
F,0.0,0.0,0.0,0.0
F,0.0,0.0,0.0,0.0
F,0.0,0.0,0.0,0.0
F,0.0,0.0,0.0,0.0
F,0.0,0.0,0.0,0.0
F,0.0,0.0,0.0,0.0
F,0.0,0.0,0.0,0.0
F,0.0,0.0,0.0,0.0
F,0.0,0.0,0.0,0.0
F,0.0,0.0,0.0,0.0
F,0.0,0.0,0.0,0.0
F,0.0,0.0,0.0,0.0
F,0.0,0.0,0.0,0.0
F,0.0,0.0,0.0,0.0
F,0.0,0.0,0.0,0.0
F,0.0,0.0,0.0,0.0
F,0.0,0.0,0.0,0.0
F,0.0,0.0,0.0,0.0
F,0.0,0.0,0.0,0.0
F,0.0,0.0,0.0,0.0
F,0.0,0.0,0.0,0.0
F,0.0,0.0,0.0,0.0
F,0.0,0.0,0.0,0.0
F,0.0,0.0,0.0,0.0
F,-0.00401286,0.0,0.0,-0.00401286
F,-0.000110041,0.0,0.0,-0.000110041
F,0.0,0.0,0.0,0.0
F,0.0,0.0,0.0,0.0
F,0.0539526,0.0,0.0,0.0539526
F,0.0,0.0,0.0,0.0
F,0.0,0.0,0.0,0.0
F,0.0,0.0,0.0,0.0
F,0.0,0.0,0.0,0.0
F,0.0,0.0,0.0,0.0
F,0.0,0.0,0.0,0.0
F,0.0,0.0,0.0,0.0
F,0.0,0.0,0.0,0.0
F,0.0,0.0,0.0,0.0
F,0.0278803,0.0,0.0,0.0278803
F,0.0,0.0,0.0,0.0
F,0.0,0.0,0.0,0.0
F,0.0,0.0,0.0,0.0
F,0.0,0.0,0.0,0.0
F,0.0,0.0,0.0,0.0
F,0.0405494,0.0,0.0,0.0405494
F,0.0,0.0,0.0,0.0
F,0.0,0.0,0.0,0.0
F,0.0,0.0,0.0,0.0
F,0.0,0.0,0.0,0.0
F,0.0,0.0,0.0,0.0
F,0.0,0.0,0.0,0.0
F,0.0,0.0,0.0,0.0
F,0.0,0.0,0.0,0.0
F,0.0,0.0182704,0.0182704,0.0182704
F,0.0,0.0,0.0,0.0
F,-0.00273965,0.0,0.0,-0.00273965
F,0.0,0.0,0.0,0.0
F,0.0,0.0,0.0,0.0
F,0.0,0.0,0.0,0.0
F,-0.0184957,0.0,0.0,-0.0184957
F,0.0,0.0,0.0,0.0
F,0.07982,0.0,0.0,0.07982
F,0.0,0.0,0.0,0.0
F,0.0,0.0,0.0,0.0
F,0.0,0.0,0.0,0.0
F,0.0,0.0,0.0,0.0
F,0.0,0.0,0.0,0.0
F,0.0,0.0,0.0,0.0
F,0.0,0.0,0.0,0.0
F,0.0,0.0,0.0,0.0
F,0.0,0.0,0.0,0.0
F,0.0,0.0,0.0,0.0
F,0.0,0.0,0.0,0.0
F,0.0,0.0,0.0,0.0
F,0.0,0.0,0.0,0.0
F,0.0,0.0,0.0,0.0
F,0.0,0.0,0.0,0.0
F,0.0,0.0,0.0,0.0
F,0.0901223,0.0,0.0,0.0901223
F,0.0,0.0,0.0,0.0
F,0.0,0.0,0.0,0.0
F,0.0,0.0,0.0,0.0
F,-0.00763703,0.0,0.0,-0.00763703
F,0.0,-0.0459028,-0.0459028,-0.0459028
F,0.0,0.0,0.0,0.0
F,0.0,0.0,0.0,0.0
F,0.0219411,0.0,0.0,0.0219411
F,-0.0352616,0.0,0.0,-0.0352616
F,0.0,0.0,0.0,0.0
F,0.0,0.0,0.0,0.0
F,-0.00379861,0.0,0.0,-0.00379861
F,0.0,0.0,0.0,0.0
F,0.0,0.0,0.0,0.0
F,0.0,0.0,0.0,0.0
F,0.0,0.0,0.0,0.0
F,0.0,0.0,0.0,0.0
F,0.0,0.0,0.0,0.0
F,-0.00127386,0.0778212,0.0778212,0.0765474
F,0.0,0.0,0.0,0.0
F,0.0,0.0,0.0,0.0
F,0.0,0.0,0.0,0.0
F,0.0,0.0,0.0,0.0
F,0.0,0.0,0.0,0.0
F,0.0,0.0,0.0,0.0
F,0.0,0.0,0.0,0.0
F,0.0,0.0,0.0,0.0
F,0.0,0.0,0.0,0.0
F,0.0,0.0,0.0,0.0
F,0.0,0.0,0.0,0.0
F,-0.00485518,0.0,0.0,-0.00485518
F,0.0,0.0,0.0,0.0
F,0.0,0.0,0.0,0.0
F,0.0100208,0.0,0.0,0.0100208
F,0.0,0.0,0.0,0.0
F,0.0,0.0,0.0,0.0
F,0.0,0.0,0.0,0.0
F,0.0,0.0,0.0,0.0
F,0.0,0.0,0.0,0.0
F,0.0,0.0,0.0,0.0
F,-0.0980076,0.0,0.0,-0.0980076
F,0.0,0.0,0.0,0.0
F,0.0,0.0,0.0,0.0
F,0.0,0.0,0.0,0.0
F,0.0,0.0,0.0,0.0
F,0.0,0.0,0.0,0.0
F,0.0,0.0,0.0,0.0
F,0.0,0.0,0.0,0.0
F,0.0,0.0,0.0,0.0
F,0.0,0.0,0.0,0.0
F,0.0,0.0,0.0,0.0
F,0.0,0.0,0.0,0.0
F,0.0,0.0,0.0,0.0
F,0.0,0.0,0.0,0.0
F,0.0,0.0,0.0,0.0
F,0.0,0.0,0.0,0.0
F,0.0,0.0,0.0,0.0
F,0.0,0.0,0.0,0.0
F,0.0,0.0,0.0,0.0
F,0.0,0.0,0.0,0.0
F,0.0,0.0,0.0,0.0
F,0.0,0.0,0.0,0.0
F,0.0,0.0,0.0,0.0
F,0.0,0.0,0.0,0.0
F,0.0,0.0,0.0,0.0
F,0.0,0.0,0.0,0.0
F,0.0,0.0,0.0,0.0
F,-0.0523394,0.0,0.0,-0.0523394
F,0.0,0.0,0.0,0.0
F,0.0,0.0,0.0,0.0
F,0.0,0.0,0.0,0.0
F,0.00541826,0.0,0.0,0.00541826
F,0.0233033,0.0,0.0,0.0233033
F,0.0,0.0,0.0,0.0
F,0.0,0.0,0.0,0.0
F,0.0,0.0,0.0,0.0
F,0.0,0.0,0.0,0.0
F,0.0,0.0,0.0,0.0
F,0.0,0.0,0.0,0.0
F,0.0,0.0,0.0,0.0
F,0.0594036,0.0,0.0,0.0594036
F,0.0,0.0,0.0,0.0
F,0.0,0.0,0.0,0.0
F,0.0,0.0,0.0,0.0
F,0.0,0.0,0.0,0.0
F,0.0,0.0,0.0,0.0
F,0.0,0.0,0.0,0.0
F,0.0,0.0,0.0,0.0
F,0.0,0.0,0.0,0.0
F,0.0,0.0,0.0,0.0
F,0.0,0.0,0.0,0.0
F,0.0594036,0.0,0.0,0.0594036
F,0.0,0.0,0.0,0.0
F,0.0,0.0,0.0,0.0
F,0.0,0.0,0.0,0.0
F,0.0,0.0,0.0,0.0
F,0.0,0.0,0.0,0.0
F,0.0,0.0,0.0,0.0
F,0.0677066,0.0,0.0,0.0677066
F,0.0,0.0,0.0,0.0
F,0.0,0.0,0.0,0.0
F,0.0,0.0,0.0,0.0
F,0.0,0.0,0.0,0.0
F,0.120323,0.0,0.0,0.120323
F,0.0,0.0,0.0,0.0
F,0.0647781,0.0,0.0,0.0647781
F,0.0,0.0,0.0,0.0
F,0.0,0.0,0.0,0.0
F,0.0123819,0.0,0.0,0.0123819
F,0.0,0.0,0.0,0.0
F,0.0,0.0,0.0,0.0
F,0.0,0.0,0.0,0.0
F,0.0,0.0,0.0,0.0
F,0.0,0.0,0.0,0.0
F,0.0,0.0,0.0,0.0
F,0.0,0.0,0.0,0.0
F,0.0,0.0,0.0,0.0
F,0.0278803,0.0,0.0,0.0278803
F,0.0,0.0,0.0,0.0
F,0.0,0.0,0.0,0.0
F,-0.0125928,0.0,0.0,-0.0125928
F,0.0,0.0,0.0,0.0
F,0.0,0.0,0.0,0.0
F,0.0,0.0,0.0,0.0
F,0.0,0.0,0.0,0.0
F,0.0130762,0.0,0.0,0.0130762
F,-0.100378,0.0,0.0,-0.100378
F,0.0,0.0,0.0,0.0
F,0.0,0.0,0.0,0.0
F,0.0,0.0,0.0,0.0
F,-0.0629255,0.0,0.0,-0.0629255
F,0.0,0.0,0.0,0.0
F,0.0,0.0,0.0,0.0
F,0.0,0.0,0.0,0.0
F,0.0,0.0,0.0,0.0
F,0.120323,0.0,0.0,0.120323
F,0.0,0.0,0.0,0.0
F,0.0,0.0,0.0,0.0
F,0.0,0.0,0.0,0.0
F,0.0,0.0,0.0,0.0
F,0.0,0.0,0.0,0.0
F,-0.0393994,0.0,0.0,-0.0393994
F,-0.00323228,0.0,0.0,-0.00323228
F,0.0,0.0,0.0,0.0
F,0.0,0.0,0.0,0.0
F,0.0,0.0,0.0,0.0
F,0.0,0.0,0.0,0.0
F,0.0,0.0,0.0,0.0
F,0.0,0.0,0.0,0.0
F,0.0,0.0,0.0,0.0
F,0.0377592,0.0,0.0,0.0377592
F,0.0,0.0,0.0,0.0
F,0.0,0.0,0.0,0.0
F,0.0,0.0,0.0,0.0
F,0.0,0.0,0.0,0.0
F,0.0,0.0,0.0,0.0
F,0.0,0.0,0.0,0.0
F,0.0,0.0,0.0,0.0
F,-0.0236972,0.0,0.0,-0.0236972
F,0.0,0.0,0.0,0.0
F,0.0,0.0,0.0,0.0
F,0.0,0.0,0.0,0.0
F,0.0,0.0,0.0,0.0
F,0.0,0.0,0.0,0.0
F,0.0,0.0,0.0,0.0
F,0.0,0.0,0.0,0.0
F,0.0,0.0,0.0,0.0
F,0.0,0.0,0.0,0.0
F,0.0,0.0,0.0,0.0
F,0.0,0.0,0.0,0.0
F,-0.019826,0.0,0.0,-0.019826
F,0.0,0.0,0.0,0.0
F,-0.00778041,0.0,0.0,-0.00778041
F,0.0,0.0,0.0,0.0
F,0.0,0.0,0.0,0.0
F,0.0,0.0,0.0,0.0
F,-0.0513055,0.0,0.0,-0.0513055
F,0.0,0.0,0.0,0.0
F,-0.0199269,0.0,0.0,-0.0199269
F,0.0,0.0,0.0,0.0
F,0.0,0.0,0.0,0.0
F,0.0,0.0,0.0,0.0
F,-0.0200251,0.0,0.0,-0.0200251
F,0.0,0.0,0.0,0.0
F,0.0,0.0,0.0,0.0
F,0.0191381,0.0,0.0,0.0191381
F,-0.0306155,0.0,0.0,-0.0306155
F,0.0211795,0.0,0.0,0.0211795
F,0.0,0.0,0.0,0.0
F,0.0,0.0,0.0,0.0
F,0.0,0.0,0.0,0.0
F,0.0,0.0,0.0,0.0
F,0.0,0.0,0.0,0.0
F,0.0,0.0,0.0,0.0
F,0.0244449,0.0,0.0,0.0244449
F,-0.115591,0.0,0.0,-0.115591
F,0.0,0.0,0.0,0.0
F,0.0084706,0.0,0.0,0.0084706
F,0.0,0.0,0.0,0.0
F,0.0,0.0,0.0,0.0
F,0.0,0.0,0.0,0.0
F,0.0,0.0,0.0,0.0
F,0.0,0.0,0.0,0.0
F,0.0,0.0,0.0,0.0
F,0.0,0.0,0.0,0.0
F,0.0,0.0,0.0,0.0
F,0.0,0.0,0.0,0.0
F,0.0,0.0,0.0,0.0
F,0.0,0.0,0.0,0.0
F,0.060578,0.0,0.0,0.060578
F,0.0,0.0,0.0,0.0
F,0.0,0.0,0.0,0.0
F,0.0,0.0,0.0,0.0
F,0.0,0.0,0.0,0.0
F,0.0,0.0,0.0,0.0
F,0.0,0.0,0.0,0.0
F,0.0,0.0,0.0,0.0
F,0.0,0.0,0.0,0.0
F,0.0,0.0,0.0,0.0
F,0.0,0.0,0.0,0.0
F,0.0854008,0.0,0.0,0.0854008
F,0.0,0.0,0.0,0.0
F,0.0,0.0,0.0,0.0
F,0.0,0.0,0.0,0.0
F,0.0,0.0,0.0,0.0
F,0.0,0.0,0.0,0.0
F,0.0,0.0,0.0,0.0
F,0.0,0.0,0.0,0.0
F,0.0,0.0,0.0,0.0
F,0.00843577,0.0,0.0,0.00843577
F,-0.0731521,0.0,0.0,-0.0731521
F,-0.125106,0.0,0.0,-0.125106
F,0.0,0.0,0.0,0.0
F,0.0,0.0,0.0,0.0
F,0.0,0.0,0.0,0.0
F,-0.000110041,0.0,0.0,-0.000110041
F,-0.0728537,0.0,0.0,-0.0728537
F,0.0246636,0.0,0.0,0.0246636
F,0.0,0.0,0.0,0.0
F,0.0,0.0,0.0,0.0
F,0.0,0.0,0.0,0.0
F,0.0,0.0,0.0,0.0
F,-0.0114069,0.0,0.0,-0.0114069
F,0.0,0.0,0.0,0.0
F,0.0,0.0,0.0,0.0
F,-0.00917675,0.0,0.0,-0.00917675
F,0.0,0.0,0.0,0.0
F,-0.0993061,0.0,0.0,-0.0993061
F,0.0,0.0,0.0,0.0
F,0.0954261,0.0,0.0,0.0954261
F,0.00108176,0.0,0.0,0.00108176
F,0.0,0.0,0.0,0.0
F,0.0,0.0,0.0,0.0
F,0.0,0.0,0.0,0.0
F,0.0,0.0,0.0,0.0
F,0.0,0.0,0.0,0.0
F,-0.000110041,0.0,0.0,-0.000110041
F,0.00945369,0.0,0.0,0.00945369
F,-0.0374694,0.0,0.0,-0.0374694
F,0.0,0.0,0.0,0.0
F,-0.0538637,0.0,0.0,-0.0538637
F,0.0,0.0,0.0,0.0
F,0.0,0.0,0.0,0.0
F,0.0,0.0,0.0,0.0
F,0.0,0.0,0.0,0.0
F,0.0,0.0,0.0,0.0
F,-0.0801205,0.0,0.0,-0.0801205
F,0.0,0.0,0.0,0.0
F,0.0,0.0,0.0,0.0
F,0.0,0.0,0.0,0.0
F,0.0,0.0,0.0,0.0
F,0.0,0.0,0.0,0.0
F,0.0,0.0,0.0,0.0
F,-0.0273743,0.0,0.0,-0.0273743
F,0.0,0.0,0.0,0.0
F,0.0,0.0,0.0,0.0
F,0.0,0.0,0.0,0.0
F,0.0,0.0,0.0,0.0
F,0.0,0.0,0.0,0.0
F,0.0195588,0.0,0.0,0.0195588
F,0.0,0.0,0.0,0.0
F,0.0,0.0,0.0,0.0
F,0.0,0.0,0.0,0.0
F,-0.031765,0.0,0.0,-0.031765
F,0.0,0.0,0.0,0.0
F,0.0,0.0,0.0,0.0
F,0.0,0.0,0.0,0.0
F,0.0,0.0,0.0,0.0
F,0.0,0.0,0.0,0.0
F,0.0,0.0,0.0,0.0
F,0.0,0.0,0.0,0.0
F,0.0,0.0,0.0,0.0
F,0.0,0.0,0.0,0.0
F,0.0,0.0,0.0,0.0
F,-0.0217524,0.0,0.0,-0.0217524
F,0.0,0.0,0.0,0.0
F,0.0,0.0,0.0,0.0
F,0.0,0.0,0.0,0.0
F,0.0,0.0,0.0,0.0
F,0.0,0.0,0.0,0.0
F,0.0,0.0,0.0,0.0
F,0.0,0.0,0.0,0.0
F,0.0,0.0,0.0,0.0
F,0.0,0.0,0.0,0.0
F,-0.00689473,0.0,0.0,-0.00689473
F,0.0321886,0.0,0.0,0.0321886
F,-0.059132,0.0,0.0,-0.059132
F,0.0,0.0,0.0,0.0
F,0.0,0.0,0.0,0.0
F,0.0,0.0,0.0,0.0
F,0.0,0.0,0.0,0.0
F,0.0152375,0.0,0.0,0.0152375
F,0.0,0.0,0.0,0.0
F,-0.0536285,0.0,0.0,-0.0536285
F,-0.0500881,0.0,0.0,-0.0500881
F,-0.0162888,0.0,0.0,-0.0162888
F,0.0,0.0,0.0,0.0
F,0.0,0.0,0.0,0.0
F,0.0,0.0,0.0,0.0
F,0.0,0.0,0.0,0.0
F,0.0,0.0,0.0,0.0
F,0.0,0.0,0.0,0.0
F,0.0,0.0,0.0,0.0
F,-0.0536285,0.0,0.0,-0.0536285
F,0.0,0.0,0.0,0.0
F,0.0,0.0,0.0,0.0
F,0.0,0.0,0.0,0.0
F,0.0,0.0,0.0,0.0
F,0.0,0.0,0.0,0.0
F,0.0,0.0,0.0,0.0
F,0.0,0.0,0.0,0.0
F,0.0670147,0.0,0.0,0.0670147
F,0.0,0.0,0.0,0.0
F,0.0,0.0,0.0,0.0
F,0.0,0.0,0.0,0.0
F,0.0,0.0,0.0,0.0
F,0.0,0.0,0.0,0.0
F,0.0,0.0,0.0,0.0
F,-0.125106,0.0,0.0,-0.125106
F,0.0,0.0,0.0,0.0
F,0.0815009,0.0,0.0,0.0815009
F,0.0,0.0,0.0,0.0
F,-0.0383821,0.0,0.0,-0.0383821
F,0.0,0.0,0.0,0.0
F,0.0,0.0,0.0,0.0
F,0.0,0.0,0.0,0.0
F,0.0,0.0,0.0,0.0
F,0.0,0.0,0.0,0.0
F,0.0,0.0,0.0,0.0
F,0.0,0.0,0.0,0.0
F,0.0,0.0,0.0,0.0
F,0.0,0.0,0.0,0.0
F,0.0,0.0,0.0,0.0
F,0.0,0.0,0.0,0.0
F,0.0,0.0,0.0,0.0
F,0.0405494,0.0,0.0,0.0405494
F,0.0,0.0,0.0,0.0
F,0.019825,0.0,0.0,0.019825
F,0.0,0.0,0.0,0.0
F,0.0,0.0,0.0,0.0
F,0.0,0.0,0.0,0.0
F,0.0,0.0,0.0,0.0
F,0.0,0.0,0.0,0.0
F,0.0,0.0,0.0,0.0
F,0.0,0.0,0.0,0.0
F,0.0962287,0.0,0.0,0.0962287
F,0.0,0.0,0.0,0.0
F,0.0,0.0,0.0,0.0
F,0.0,0.0,0.0,0.0
F,0.0,0.0,0.0,0.0
F,0.0,0.0,0.0,0.0
F,0.0,0.0,0.0,0.0
F,-0.0186863,0.0,0.0,-0.0186863
F,0.0,0.0,0.0,0.0
F,0.0,0.0,0.0,0.0
F,0.0,0.0,0.0,0.0
F,0.0208802,0.0,0.0,0.0208802
F,0.0,0.0,0.0,0.0
F,0.0,0.0,0.0,0.0
F,0.0,0.0,0.0,0.0
F,0.0,0.0,0.0,0.0
F,0.0,0.0,0.0,0.0
F,0.0,0.0,0.0,0.0
F,0.0,0.0,0.0,0.0
F,0.0,0.0,0.0,0.0
F,0.0,0.0,0.0,0.0
F,-0.0593844,0.0,0.0,-0.0593844
F,0.0,0.0,0.0,0.0
F,0.0,0.0,0.0,0.0
F,0.0,0.0,0.0,0.0
F,0.0,0.0,0.0,0.0
F,0.0,0.0,0.0,0.0
F,0.0,0.0,0.0,0.0
F,0.0,0.0,0.0,0.0
F,0.0348071,0.0,0.0,0.0348071
F,0.0,0.0,0.0,0.0
F,0.0,0.0,0.0,0.0
F,0.0836222,0.0,0.0,0.0836222
F,0.0321886,0.0,0.0,0.0321886
F,0.0851501,0.0,0.0,0.0851501
F,0.0,0.0,0.0,0.0
F,0.0,0.0,0.0,0.0
F,0.0,0.0,0.0,0.0
F,0.0,0.0,0.0,0.0
F,0.0,0.0,0.0,0.0
F,0.0,0.0,0.0,0.0
F,-0.0962834,0.0,0.0,-0.0962834
F,0.00855102,0.0,0.0,0.00855102
F,0.0,0.0,0.0,0.0
F,0.0,0.0,0.0,0.0
F,-0.0186473,0.0,0.0,-0.0186473
F,0.0,0.0,0.0,0.0
F,0.0,0.0,0.0,0.0
F,0.0,0.0,0.0,0.0
F,0.0,0.0,0.0,0.0
F,0.0,0.0,0.0,0.0
F,0.0,0.0,0.0,0.0
F,0.0219411,0.0,0.0,0.0219411
F,0.0,0.0,0.0,0.0
F,0.0,0.0,0.0,0.0
F,0.0,0.0,0.0,0.0
F,0.0077045,0.0,0.0,0.0077045
F,0.0,0.0,0.0,0.0
F,0.0,0.0,0.0,0.0
F,0.0,0.0,0.0,0.0
F,0.0,0.0,0.0,0.0
F,0.0,0.0,0.0,0.0
F,-0.0101355,0.0,0.0,-0.0101355
F,-0.0125928,0.0,0.0,-0.0125928
F,0.0,0.0,0.0,0.0
F,0.0,0.0,0.0,0.0
F,0.0,0.0,0.0,0.0
F,0.0,0.0,0.0,0.0
F,0.0,0.0,0.0,0.0
F,0.0,0.0,0.0,0.0
F,0.0,0.0,0.0,0.0
F,0.0,0.0,0.0,0.0
F,0.0,0.0,0.0,0.0
F,0.0,0.0,0.0,0.0
F,0.0,0.0,0.0,0.0
F,0.0,0.0,0.0,0.0
F,0.0,0.0,0.0,0.0
F,0.0,0.0,0.0,0.0
F,0.0,0.0,0.0,0.0
F,0.0,0.0,0.0,0.0
F,0.0,0.0,0.0,0.0
F,0.0,0.0,0.0,0.0
F,-0.0731521,0.0,0.0,-0.0731521
F,0.0,0.0,0.0,0.0
F,0.0,0.0,0.0,0.0
F,0.0,0.0,0.0,0.0
F,0.0,0.0,0.0,0.0
F,0.0,0.0,0.0,0.0
F,-0.100136,0.0,0.0,-0.100136
F,0.0191381,0.0,0.0,0.0191381
F,0.0,0.0,0.0,0.0
F,0.0,0.0,0.0,0.0
F,0.0,0.0,0.0,0.0
F,0.0,0.0,0.0,0.0
F,0.0,0.0,0.0,0.0
F,0.0,0.0,0.0,0.0
F,0.0,0.0,0.0,0.0
F,0.0,0.0,0.0,0.0
F,0.0,0.0,0.0,0.0
F,0.0,0.0,0.0,0.0
F,0.0,0.0,0.0,0.0
F,0.00858748,0.0,0.0,0.00858748
F,0.0,0.0,0.0,0.0
F,0.0,0.0,0.0,0.0
F,0.0,0.0,0.0,0.0
F,0.0,0.0,0.0,0.0
F,0.0,0.0,0.0,0.0
F,0.0,0.0,0.0,0.0
F,0.0531012,0.0,0.0,0.0531012
F,0.0,0.0,0.0,0.0
F,0.0,0.0,0.0,0.0
F,0.0,0.0,0.0,0.0
F,0.0,0.0,0.0,0.0
F,0.0,0.0,0.0,0.0
F,0.0,0.0,0.0,0.0
F,0.0,0.0,0.0,0.0
F,0.0,0.0,0.0,0.0
F,0.0,0.0,0.0,0.0
F,0.0,0.0,0.0,0.0
F,-0.102981,0.0,0.0,-0.102981
F,0.0,-0.0263467,-0.0263467,-0.0263467
F,-0.0117527,0.0,0.0,-0.0117527
F,0.0,0.0,0.0,0.0
F,0.0,0.0,0.0,0.0
F,0.0,0.0,0.0,0.0
F,0.0,0.0,0.0,0.0
F,0.0,0.0,0.0,0.0
F,0.00712486,0.0,0.0,0.00712486
F,0.0,0.0,0.0,0.0
F,0.0,0.0,0.0,0.0
F,0.0,0.0,0.0,0.0
F,0.0,0.0,0.0,0.0
F,0.0,0.0,0.0,0.0
F,0.0,0.0,0.0,0.0
F,0.0,0.0,0.0,0.0
F,0.0,0.0,0.0,0.0
F,0.0,0.0,0.0,0.0
F,0.0,0.0,0.0,0.0
F,-0.00688171,0.0,0.0,-0.00688171
F,0.0,0.0,0.0,0.0
F,0.0,0.0,0.0,0.0
F,0.0,0.0,0.0,0.0
F,0.0,0.0,0.0,0.0
F,0.0,0.0,0.0,0.0
F,0.0,0.0,0.0,0.0
F,0.0,0.0,0.0,0.0
F,-0.0176795,0.0,0.0,-0.0176795
F,0.0,0.0,0.0,0.0
F,-0.00323354,0.0,0.0,-0.00323354
F,-0.134868,0.0,0.0,-0.134868
F,0.0,0.0,0.0,0.0
F,0.0,0.0,0.0,0.0
F,0.0,0.0,0.0,0.0
F,0.0123883,0.0,0.0,0.0123883
F,0.0,0.0,0.0,0.0
F,0.0,0.0,0.0,0.0
F,0.0,0.0,0.0,0.0
F,0.0,0.0,0.0,0.0
F,0.0,0.0,0.0,0.0
F,0.00361261,0.0,0.0,0.00361261
F,0.0,0.0,0.0,0.0
F,0.0,0.0,0.0,0.0
F,0.0,0.0,0.0,0.0
F,0.0,0.0,0.0,0.0
F,0.0,0.0,0.0,0.0
F,0.0,0.0,0.0,0.0
F,0.0,0.0,0.0,0.0
F,0.0,0.0,0.0,0.0
F,0.0,0.0,0.0,0.0
F,0.0,0.0,0.0,0.0
F,0.0,0.0,0.0,0.0
F,0.0,0.0,0.0,0.0
F,0.0,0.0,0.0,0.0
F,-0.112763,0.0,0.0,-0.112763
F,0.0,0.0,0.0,0.0
F,-0.0513055,0.0,0.0,-0.0513055
F,0.0,0.0,0.0,0.0
F,0.0,0.0,0.0,0.0
F,0.0,0.0,0.0,0.0
F,0.0,0.0,0.0,0.0
F,0.0,0.0,0.0,0.0
F,0.0,0.0,0.0,0.0
F,0.0,0.0,0.0,0.0
F,0.0,0.0,0.0,0.0
F,-0.0235897,0.0,0.0,-0.0235897
F,0.0,0.0,0.0,0.0
F,0.00233359,0.0,0.0,0.00233359
F,0.0,0.0,0.0,0.0
F,0.0687745,0.0,0.0,0.0687745
F,0.0,0.0,0.0,0.0
F,0.0,0.0,0.0,0.0
F,0.0,0.0,0.0,0.0
F,-0.0574573,0.0,0.0,-0.0574573
F,0.0,0.0,0.0,0.0
F,0.0,0.0,0.0,0.0
F,-0.00313635,0.0,0.0,-0.00313635
F,0.0,0.0,0.0,0.0
F,0.0,0.0,0.0,0.0
F,0.0485801,0.0,0.0,0.0485801
F,0.0239817,0.0,0.0,0.0239817
F,0.0,0.0,0.0,0.0
F,0.0,0.0,0.0,0.0
F,0.0,0.0,0.0,0.0
F,0.0,0.0,0.0,0.0
F,0.0,0.0,0.0,0.0
F,0.0,0.0,0.0,0.0
F,0.0,0.0,0.0,0.0
F,0.0,0.0,0.0,0.0
F,0.0,0.0,0.0,0.0
F,0.0,0.0,0.0,0.0
F,0.0,0.0,0.0,0.0
F,0.0,0.0,0.0,0.0
F,0.0,0.0,0.0,0.0
F,0.0,-0.0263467,-0.0263467,-0.0263467
F,0.0,0.0,0.0,0.0
F,0.0,0.0,0.0,0.0
F,0.087309,0.0,0.0,0.087309
F,0.0,0.0,0.0,0.0
F,0.0,0.0,0.0,0.0
F,0.0,0.0,0.0,0.0
F,0.0,0.0,0.0,0.0
F,0.0,0.0,0.0,0.0
F,0.0,0.0,0.0,0.0
F,0.0,0.0,0.0,0.0
F,0.0,0.0,0.0,0.0
F,0.0,0.0,0.0,0.0
F,0.0,0.0,0.0,0.0
F,0.0,0.0,0.0,0.0
F,0.0,0.0,0.0,0.0
F,-0.000110041,0.0,0.0,-0.000110041
F,0.0,0.0,0.0,0.0
F,0.0,0.0,0.0,0.0
F,0.0,0.0,0.0,0.0
F,-0.0157965,0.0,0.0,-0.0157965
F,0.0,0.0,0.0,0.0
F,0.0,0.0,0.0,0.0
F,0.0,0.0,0.0,0.0
F,0.0,0.0,0.0,0.0
F,0.0,0.0,0.0,0.0
F,0.0464803,0.0,0.0,0.0464803
F,0.0,0.0,0.0,0.0
F,0.0,0.0,0.0,0.0
F,0.0,0.0,0.0,0.0
F,0.0,0.0,0.0,0.0
F,0.0,0.0,0.0,0.0
F,0.0,0.0,0.0,0.0
F,0.0377844,0.0,0.0,0.0377844
F,0.0428723,0.0,0.0,0.0428723
F,0.0,0.0,0.0,0.0
F,-0.102981,0.0,0.0,-0.102981
F,0.0,0.0,0.0,0.0
F,0.0,0.0,0.0,0.0
F,0.0,0.0,0.0,0.0
F,0.0,0.0,0.0,0.0
F,0.0,0.0,0.0,0.0
F,0.160703,0.0,0.0,0.160703
F,0.0,0.0,0.0,0.0
F,0.232768,0.0,0.0,0.232768
F,0.0,0.0,0.0,0.0
F,0.0,0.0,0.0,0.0
F,0.0,0.0,0.0,0.0
F,0.0501372,0.0,0.0,0.0501372
F,0.0,0.0,0.0,0.0
F,0.0,0.0,0.0,0.0
F,0.0,0.0,0.0,0.0
F,0.0,0.0,0.0,0.0
F,0.0,0.0,0.0,0.0
F,0.0,0.0,0.0,0.0
F,0.0,0.0,0.0,0.0
F,0.0138983,0.0,0.0,0.0138983
F,0.0,0.0,0.0,0.0
F,0.0,0.0,0.0,0.0
F,0.0,0.0,0.0,0.0
F,0.0,0.0,0.0,0.0
F,0.0,0.0,0.0,0.0
F,0.0,0.0,0.0,0.0
F,0.0,0.0,0.0,0.0
F,0.0,0.0,0.0,0.0
F,0.0,0.0,0.0,0.0
F,0.0,0.0,0.0,0.0
F,-0.0396669,0.0,0.0,-0.0396669
F,0.0,0.0,0.0,0.0
F,0.0,0.0,0.0,0.0
F,0.0,0.0,0.0,0.0
F,0.0,0.0,0.0,0.0
F,0.0,0.0,0.0,0.0
F,0.0161171,0.0,0.0,0.0161171
F,0.0,0.0,0.0,0.0
F,0.0,0.0,0.0,0.0
F,0.0,0.0,0.0,0.0
F,0.0,0.0,0.0,0.0
F,0.0,0.0,0.0,0.0
F,0.0,0.0,0.0,0.0
F,0.0,0.0,0.0,0.0
F,0.0,0.0,0.0,0.0
F,0.0,0.0,0.0,0.0
F,0.0,0.0,0.0,0.0
F,0.0,0.0,0.0,0.0
F,0.0,0.0,0.0,0.0
F,0.0,0.0,0.0,0.0
F,0.0137016,0.0,0.0,0.0137016
F,0.0348071,0.0,0.0,0.0348071
F,0.0,0.0,0.0,0.0
F,0.0,0.0,0.0,0.0
F,0.0,0.0,0.0,0.0
F,0.0,0.0,0.0,0.0
F,0.0,0.0,0.0,0.0
F,0.0,0.0,0.0,0.0
F,0.0,0.0,0.0,0.0
F,0.0,0.0,0.0,0.0
F,0.0,0.0,0.0,0.0
F,0.0,0.0,0.0,0.0
F,0.0681823,0.0,0.0,0.0681823
F,0.0,0.0,0.0,0.0
F,0.0,0.0,0.0,0.0
F,0.0,0.0,0.0,0.0
F,0.0,0.0,0.0,0.0
F,0.0,0.0,0.0,0.0
F,0.0,0.0,0.0,0.0
F,0.111024,0.0,0.0,0.111024
F,0.0,0.0,0.0,0.0
F,0.0,0.0,0.0,0.0
F,0.0,0.0,0.0,0.0
F,0.0,0.0,0.0,0.0
F,0.0,0.0,0.0,0.0
F,0.0,0.0,0.0,0.0
F,0.0539526,0.0,0.0,0.0539526
F,0.0267596,0.0,0.0,0.0267596
F,0.0,0.0,0.0,0.0
F,0.0,0.0,0.0,0.0
F,0.0,0.0,0.0,0.0
F,-0.0450286,0.0,0.0,-0.0450286
F,-0.016522,0.0,0.0,-0.016522
F,0.0,0.0,0.0,0.0
F,0.0,0.0,0.0,0.0
F,0.0,0.0,0.0,0.0
F,0.0,0.0,0.0,0.0
F,0.0,0.0,0.0,0.0
F,0.0,0.0,0.0,0.0
F,0.0,0.0,0.0,0.0
F,0.0,0.0,0.0,0.0
F,0.0,0.0,0.0,0.0
F,-0.0337913,-0.00971033,-0.00971033,-0.0435016
F,0.0,0.0,0.0,0.0
F,0.0209997,0.0,0.0,0.0209997
F,0.0,0.0,0.0,0.0
F,0.0,0.0,0.0,0.0
F,0.0,0.0,0.0,0.0
F,0.0,0.0,0.0,0.0
F,0.0,0.0,0.0,0.0
F,0.0,0.0,0.0,0.0
F,0.0,0.0,0.0,0.0
F,0.0,0.0,0.0,0.0
F,0.0,0.0,0.0,0.0
F,0.0,0.0,0.0,0.0
F,0.0,0.0,0.0,0.0
F,0.0,0.0,0.0,0.0
F,0.0,0.0,0.0,0.0
F,-0.138977,0.0,0.0,-0.138977
F,0.0,0.0,0.0,0.0
F,0.0141164,0.0,0.0,0.0141164
F,0.0,0.0,0.0,0.0
F,0.0,0.0,0.0,0.0
F,0.0,0.0,0.0,0.0
F,0.0,0.0,0.0,0.0
F,0.0,0.0,0.0,0.0
F,0.0,0.0,0.0,0.0
F,0.0909861,0.0,0.0,0.0909861
F,0.0,0.0,0.0,0.0
F,0.0,0.0,0.0,0.0
F,0.0,0.0,0.0,0.0
F,0.0,0.0,0.0,0.0
F,0.0,0.0,0.0,0.0
F,0.0,0.0,0.0,0.0
F,0.0,0.0,0.0,0.0
F,0.0,0.0,0.0,0.0
F,0.0,0.0,0.0,0.0
F,0.0,0.0,0.0,0.0
F,-0.045853,0.0,0.0,-0.045853
F,0.0,0.0,0.0,0.0
F,0.0,0.0,0.0,0.0
F,0.0,0.0,0.0,0.0
F,0.0,0.0,0.0,0.0
F,0.0,0.0,0.0,0.0
F,0.0,0.0,0.0,0.0
F,0.0,0.0,0.0,0.0
F,0.0,0.0,0.0,0.0
F,0.0,0.0,0.0,0.0
F,0.0,0.0,0.0,0.0
F,0.0,0.0,0.0,0.0
F,0.0,0.0,0.0,0.0
F,0.0,0.0,0.0,0.0
F,-0.00485518,0.0,0.0,-0.00485518
F,0.0,0.0,0.0,0.0
F,0.0,0.0,0.0,0.0
F,0.0,0.0,0.0,0.0
F,-0.039658,0.0,0.0,-0.039658
F,0.0,0.0,0.0,0.0
F,0.0,0.0,0.0,0.0
F,0.0,0.0,0.0,0.0
F,0.0,0.0,0.0,0.0
F,0.00945369,0.0,0.0,0.00945369
F,0.0,0.0,0.0,0.0
F,0.0,0.0,0.0,0.0
F,0.0,0.0,0.0,0.0
F,-0.00943316,0.0,0.0,-0.00943316
F,0.0,0.0,0.0,0.0
F,0.0,0.0,0.0,0.0
F,0.0,0.0,0.0,0.0
F,0.0,0.0,0.0,0.0
F,0.0,0.0,0.0,0.0
F,0.0,0.0,0.0,0.0
F,0.0,0.0,0.0,0.0
F,0.0,0.0,0.0,0.0
F,0.0,0.0,0.0,0.0
F,0.0,0.0,0.0,0.0
F,0.0,0.0,0.0,0.0
F,0.0,0.0,0.0,0.0
F,0.0,0.0,0.0,0.0
F,0.0,0.0,0.0,0.0
F,0.00233359,0.0,0.0,0.00233359
F,0.0,0.0,0.0,0.0
F,0.0,0.0,0.0,0.0
F,0.0,0.0,0.0,0.0
F,0.0,0.0,0.0,0.0
F,-0.040454,0.0,0.0,-0.040454
F,0.0,0.0,0.0,0.0
F,0.0,0.0,0.0,0.0
F,0.0,0.0,0.0,0.0
F,0.0,0.0,0.0,0.0
F,0.0,0.0,0.0,0.0
F,0.0,0.0,0.0,0.0
F,0.0,0.0,0.0,0.0
F,0.0,0.0,0.0,0.0
F,0.0,0.0,0.0,0.0
F,0.0,0.0,0.0,0.0
F,0.0,0.0,0.0,0.0
F,0.0,0.0,0.0,0.0
F,0.0,0.0,0.0,0.0
F,0.0,0.0,0.0,0.0
F,0.062133,0.0,0.0,0.062133
F,0.0,0.0,0.0,0.0
F,0.0,0.0,0.0,0.0
F,0.0,0.0,0.0,0.0
F,0.0,0.0,0.0,0.0
F,0.0404956,0.0,0.0,0.0404956
F,0.0,0.0,0.0,0.0
F,0.0,0.0,0.0,0.0
F,0.0,0.0,0.0,0.0
F,0.0,0.0,0.0,0.0
F,0.0,0.0,0.0,0.0
F,0.0,0.0,0.0,0.0
F,0.0,0.0,0.0,0.0
F,0.0,0.0,0.0,0.0
F,0.0,0.0,0.0,0.0
F,0.0,0.0,0.0,0.0
F,0.0,0.0,0.0,0.0
F,0.0,0.0,0.0,0.0
F,0.0,0.0,0.0,0.0
F,0.0,0.0,0.0,0.0
F,0.0,0.0,0.0,0.0
F,0.0,0.0,0.0,0.0
F,0.0,0.0,0.0,0.0
F,0.0,0.0,0.0,0.0
F,0.0,0.0,0.0,0.0
F,0.0404956,0.0,0.0,0.0404956
F,0.0,0.0,0.0,0.0
F,0.0,0.0,0.0,0.0
F,0.0,0.0,0.0,0.0
F,0.0,0.0,0.0,0.0
F,0.0,0.0,0.0,0.0
F,0.0,0.0,0.0,0.0
F,0.0,0.0,0.0,0.0
F,0.0,0.0,0.0,0.0
F,0.0,0.0,0.0,0.0
F,0.0,0.0,0.0,0.0
F,0.0,0.0,0.0,0.0
F,0.0,0.0,0.0,0.0
F,0.0,0.0,0.0,0.0
F,0.0,0.0,0.0,0.0
F,0.0,0.0,0.0,0.0
F,0.0,0.0,0.0,0.0
F,0.0,0.0,0.0,0.0
F,-0.0111202,0.0,0.0,-0.0111202
F,0.0641349,0.0,0.0,0.0641349
F,0.0594036,0.0,0.0,0.0594036
F,0.0,0.0,0.0,0.0
F,0.0,0.0,0.0,0.0
F,0.0,0.0,0.0,0.0
F,0.0,0.0,0.0,0.0
F,0.0,0.0,0.0,0.0
F,0.0,0.0,0.0,0.0
F,0.0,0.0,0.0,0.0
F,0.00181625,0.0,0.0,0.00181625
F,0.0,0.0,0.0,0.0
F,0.0,0.0,0.0,0.0
F,0.0,0.0,0.0,0.0
F,0.0,0.0,0.0,0.0
F,0.0,0.0,0.0,0.0
F,0.0,0.0,0.0,0.0
F,0.0,0.0,0.0,0.0
F,0.0,0.0,0.0,0.0
F,0.0,0.0,0.0,0.0
F,0.0,0.0,0.0,0.0
F,0.0,0.0,0.0,0.0
F,0.0,0.0,0.0,0.0
F,0.0,0.0,0.0,0.0
F,0.0111641,0.0,0.0,0.0111641
F,-0.02273,0.0,0.0,-0.02273
F,-0.0107083,0.0,0.0,-0.0107083
F,0.0,0.0,0.0,0.0
F,0.0,0.0,0.0,0.0
F,0.0,0.0,0.0,0.0
F,0.0,0.0,0.0,0.0
F,0.0,0.0,0.0,0.0
F,-0.0963134,0.0,0.0,-0.0963134
F,0.0,0.0,0.0,0.0
F,0.0,0.0,0.0,0.0
F,0.0,0.0,0.0,0.0
F,0.0,0.0,0.0,0.0
F,0.0,0.0,0.0,0.0
F,0.0,0.0,0.0,0.0
F,0.0,0.0,0.0,0.0
F,0.0501372,0.0,0.0,0.0501372
F,0.0,0.0,0.0,0.0
F,0.0,0.0,0.0,0.0
F,0.0404956,0.0,0.0,0.0404956
F,0.0,0.0,0.0,0.0
F,0.010412,0.0,0.0,0.010412
F,0.0,0.0,0.0,0.0
F,0.0,0.0,0.0,0.0
F,0.0,0.0,0.0,0.0
F,0.0,0.0,0.0,0.0
F,0.0,0.0,0.0,0.0
F,0.0,0.0,0.0,0.0
F,0.0,0.0,0.0,0.0
F,0.0,0.0,0.0,0.0
F,0.0,0.0,0.0,0.0
F,0.0,0.0,0.0,0.0
F,0.0,0.0,0.0,0.0
F,0.0,0.0,0.0,0.0
F,0.0,0.0,0.0,0.0
F,0.0,0.0,0.0,0.0
F,0.0,-0.0263467,-0.0263467,-0.0263467
F,0.0,0.0,0.0,0.0
F,0.0,0.0,0.0,0.0
F,0.0,0.0,0.0,0.0
F,0.0,0.0,0.0,0.0
F,0.0,0.0,0.0,0.0
F,0.111024,0.0,0.0,0.111024
F,0.0,0.0,0.0,0.0
F,-0.0184957,0.0,0.0,-0.0184957
F,0.0,0.0,0.0,0.0
F,0.0,0.0,0.0,0.0
F,-0.0465161,0.0,0.0,-0.0465161
F,0.0,0.0,0.0,0.0
F,0.0896832,0.0,0.0,0.0896832
F,0.0,0.0,0.0,0.0
F,0.0,0.0,0.0,0.0
F,0.0,0.0,0.0,0.0
F,0.0209997,0.0,0.0,0.0209997
F,0.0,0.0,0.0,0.0
F,0.0,0.0,0.0,0.0
F,0.0,0.0,0.0,0.0
F,0.0,0.0,0.0,0.0
F,0.0,0.0,0.0,0.0
F,0.0,0.0182704,0.0182704,0.0182704
F,0.0,0.0,0.0,0.0
F,-0.0107083,0.0,0.0,-0.0107083
F,0.0,0.0,0.0,0.0
F,0.0,0.0,0.0,0.0
F,0.0,0.0,0.0,0.0
F,0.0,0.0,0.0,0.0
F,0.0,0.0,0.0,0.0
F,0.0,0.0,0.0,0.0
F,0.0,0.0,0.0,0.0
F,0.0,0.0,0.0,0.0
F,0.0,0.0,0.0,0.0
F,0.0,0.0,0.0,0.0
F,0.0,0.0,0.0,0.0
F,0.0,0.0,0.0,0.0
F,0.0,0.0,0.0,0.0
F,0.0,0.0,0.0,0.0
F,0.0,0.0,0.0,0.0
F,0.0,0.0,0.0,0.0
F,-0.00594935,0.0,0.0,-0.00594935
F,-0.00536662,0.0,0.0,-0.00536662
F,0.0,0.0,0.0,0.0
F,0.0530597,0.0,0.0,0.0530597
F,0.0,0.0,0.0,0.0
F,0.0,0.0,0.0,0.0
F,0.0,0.0,0.0,0.0
F,0.0,0.0,0.0,0.0
F,0.0,0.0,0.0,0.0
F,0.0,0.0,0.0,0.0
F,-0.00384051,0.0,0.0,-0.00384051
F,0.0,0.0,0.0,0.0
F,0.0,0.0,0.0,0.0
F,0.0,0.0,0.0,0.0
F,0.0,0.0,0.0,0.0
F,0.0,0.0,0.0,0.0
F,0.0,0.0,0.0,0.0
F,0.0,0.0,0.0,0.0
F,0.0,0.0,0.0,0.0
F,0.010412,0.0,0.0,0.010412
F,0.0219411,0.0,0.0,0.0219411
F,0.0,0.0,0.0,0.0
F,0.0339839,0.0,0.0,0.0339839
F,0.0,0.0,0.0,0.0
F,0.0,0.0,0.0,0.0
F,0.0,0.0,0.0,0.0
F,0.0,0.0,0.0,0.0
F,0.00376636,0.0,0.0,0.00376636
F,0.0,0.0,0.0,0.0
F,0.0,0.0,0.0,0.0
F,0.0,0.0,0.0,0.0
F,0.0,0.0,0.0,0.0
F,0.0,0.0,0.0,0.0
F,0.0,0.0,0.0,0.0
F,0.0,0.0,0.0,0.0
F,0.0,0.0,0.0,0.0
F,0.0,0.0,0.0,0.0
F,0.0,0.0,0.0,0.0
F,-0.0176795,0.0,0.0,-0.0176795
F,0.00924107,0.0,0.0,0.00924107
F,-0.00521359,0.0,0.0,-0.00521359
F,0.0200805,0.0,0.0,0.0200805
F,-0.0836383,0.0,0.0,-0.0836383
F,0.0,0.0,0.0,0.0
F,0.0,0.0,0.0,0.0
F,0.0240855,0.0,0.0,0.0240855
F,0.0,0.0,0.0,0.0
F,0.0,0.0,0.0,0.0
F,0.0,0.0,0.0,0.0
F,0.0,0.0,0.0,0.0
F,0.0,0.0,0.0,0.0
F,0.0,0.0,0.0,0.0
F,0.0,0.0,0.0,0.0
F,0.0,0.0,0.0,0.0
F,0.0,0.0,0.0,0.0
F,0.0,0.0,0.0,0.0
F,-0.0536285,0.0,0.0,-0.0536285
F,0.0,0.0,0.0,0.0
F,-0.0980076,0.0,0.0,-0.0980076
F,0.0,0.0,0.0,0.0
F,0.0,0.0,0.0,0.0
F,0.0,0.0,0.0,0.0
F,0.0,0.0,0.0,0.0
F,0.0,0.0,0.0,0.0
F,0.0,0.0,0.0,0.0
F,0.0,0.0,0.0,0.0
F,0.0,0.0,0.0,0.0
F,0.0,0.0,0.0,0.0
F,0.0,0.0,0.0,0.0
F,0.0,0.0,0.0,0.0
F,0.0,0.0,0.0,0.0
F,0.0,0.0,0.0,0.0
F,0.0,0.0,0.0,0.0
F,0.0112361,0.0,0.0,0.0112361
F,0.0,0.0,0.0,0.0
F,0.0,0.0,0.0,0.0
F,0.0,0.0,0.0,0.0
F,-0.102981,0.0,0.0,-0.102981
F,0.0,0.0,0.0,0.0
F,0.0,0.0,0.0,0.0
F,0.0,0.0,0.0,0.0
F,0.0,0.0,0.0,0.0
F,0.00310743,0.0,0.0,0.00310743
F,-0.0352649,0.0,0.0,-0.0352649
F,0.108561,0.0,0.0,0.108561
F,0.062858,0.0,0.0,0.062858
F,0.0,0.0,0.0,0.0
F,0.0,0.0,0.0,0.0
F,0.0,0.0,0.0,0.0
F,0.0,0.0,0.0,0.0
F,0.0,0.0,0.0,0.0
F,0.0,0.0,0.0,0.0
F,-0.0714766,0.0,0.0,-0.0714766
F,0.0,0.0,0.0,0.0
F,0.0,0.0,0.0,0.0
F,0.0,0.0,0.0,0.0
F,-0.00689473,0.0,0.0,-0.00689473
F,0.0,0.0,0.0,0.0
F,0.0,0.0,0.0,0.0
F,-0.109679,0.0,0.0,-0.109679
F,0.0,0.0,0.0,0.0
F,0.0522757,0.0,0.0,0.0522757
F,0.0,0.0,0.0,0.0
F,0.0,0.0,0.0,0.0
F,0.0,0.0,0.0,0.0
F,-0.0434992,0.0,0.0,-0.0434992
F,0.0,0.0,0.0,0.0
F,0.0,0.0,0.0,0.0
F,0.0,0.0,0.0,0.0
F,0.0,0.0,0.0,0.0
F,0.0348071,0.0,0.0,0.0348071
F,0.0,0.0,0.0,0.0
F,0.0,0.0,0.0,0.0
F,0.0,-0.0303036,-0.0303036,-0.0303036
F,0.0,0.0,0.0,0.0
F,0.0,0.0,0.0,0.0
F,0.0,0.0,0.0,0.0
F,0.0,0.0,0.0,0.0
F,0.0,0.0,0.0,0.0
F,0.0,0.0,0.0,0.0
F,0.0,0.0,0.0,0.0
F,0.0,0.0,0.0,0.0
F,0.0,0.0,0.0,0.0
F,0.0509721,0.0,0.0,0.0509721
F,0.0,0.0,0.0,0.0
F,0.0,0.0,0.0,0.0
F,0.0,0.0,0.0,0.0
F,0.0,0.0,0.0,0.0
F,0.0,0.0,0.0,0.0
F,0.0,0.0,0.0,0.0
F,0.0,0.0,0.0,0.0
F,0.0,0.0,0.0,0.0
F,-0.0396669,0.0,0.0,-0.0396669
F,0.0,0.0,0.0,0.0
F,0.0,0.0,0.0,0.0
F,0.0,0.0,0.0,0.0
F,-0.0653206,0.0,0.0,-0.0653206
F,0.0,0.0,0.0,0.0
F,0.065777,0.0,0.0,0.065777
F,0.0,0.0,0.0,0.0
F,0.0,0.0,0.0,0.0
F,0.0,0.0,0.0,0.0
F,0.0,0.0,0.0,0.0
F,0.0,0.0,0.0,0.0
F,0.0461225,0.0,0.0,0.0461225
F,0.0,0.0,0.0,0.0
F,-0.0212459,0.0,0.0,-0.0212459
F,0.0,0.0,0.0,0.0
F,0.0,0.0,0.0,0.0
F,0.0,0.0,0.0,0.0
F,0.0,0.0,0.0,0.0
F,-0.0125928,0.0,0.0,-0.0125928
F,0.0,0.0,0.0,0.0
F,-0.0204759,0.0,0.0,-0.0204759
F,0.0,0.0,0.0,0.0
F,0.0,0.0,0.0,0.0
F,0.0,0.0,0.0,0.0
F,-0.00859334,0.0,0.0,-0.00859334
F,-0.000110041,0.0,0.0,-0.000110041
F,-0.0606677,0.0,0.0,-0.0606677
F,0.0,0.0,0.0,0.0
F,0.0,0.0,0.0,0.0
F,0.0,0.0,0.0,0.0
F,0.0,0.0,0.0,0.0
F,0.0,0.0,0.0,0.0
F,0.0,0.0,0.0,0.0
F,0.0,0.0,0.0,0.0
F,0.0,0.0,0.0,0.0
F,0.0,0.0,0.0,0.0
F,0.0123819,0.0,0.0,0.0123819
F,0.0,0.0,0.0,0.0
F,0.0,0.0,0.0,0.0
F,0.0,0.0,0.0,0.0
F,0.0,0.0,0.0,0.0
F,0.0,0.0,0.0,0.0
F,0.0,0.0,0.0,0.0
F,0.0,0.0,0.0,0.0
F,0.0,0.0,0.0,0.0
F,0.0,0.0,0.0,0.0
F,0.0,0.0,0.0,0.0
F,0.0,0.0,0.0,0.0
F,0.0,0.0,0.0,0.0
F,0.0,0.0,0.0,0.0
F,0.0,0.0,0.0,0.0
F,0.0183288,0.0,0.0,0.0183288
F,0.0,0.0,0.0,0.0
F,0.0,0.0,0.0,0.0
F,0.0,0.0,0.0,0.0
F,0.0076229,0.0,0.0,0.0076229
F,0.0,0.0,0.0,0.0
F,0.0,0.0,0.0,0.0
F,0.0,0.0,0.0,0.0
F,0.0,0.0,0.0,0.0
F,0.0,0.0239085,0.0239085,0.0239085
F,0.0,0.0,0.0,0.0
F,0.0,0.0,0.0,0.0
F,0.0,0.0,0.0,0.0
F,0.0,0.0,0.0,0.0
F,0.00946153,0.0,0.0,0.00946153
F,0.0,0.0,0.0,0.0
F,0.0,0.0,0.0,0.0
F,0.0,0.0,0.0,0.0
F,0.0,0.0,0.0,0.0
F,0.0,0.0,0.0,0.0
F,0.0,0.0,0.0,0.0
F,0.0,0.0,0.0,0.0
F,0.0,0.0,0.0,0.0
F,0.0,0.0,0.0,0.0
F,0.00312208,0.0,0.0,0.00312208
F,0.0,0.0,0.0,0.0
F,0.0,0.0,0.0,0.0
F,0.0120759,0.0,0.0,0.0120759
F,0.0,0.0,0.0,0.0
F,0.0,0.0,0.0,0.0
F,0.0,0.0,0.0,0.0
F,0.081094,0.0,0.0,0.081094
F,0.0,0.0,0.0,0.0
F,0.0,0.0,0.0,0.0
F,0.0,0.0,0.0,0.0
F,0.0,0.0,0.0,0.0
F,0.0,0.0,0.0,0.0
F,0.0,0.0,0.0,0.0
F,0.0,0.0,0.0,0.0
F,0.0,0.0,0.0,0.0
F,0.0,0.0,0.0,0.0
F,0.0,0.0,0.0,0.0
F,0.0,0.0,0.0,0.0
F,0.0,0.0,0.0,0.0
F,0.0184481,0.0,0.0,0.0184481
F,0.0,0.0,0.0,0.0
F,0.0,0.0,0.0,0.0
F,0.00181625,0.0,0.0,0.00181625
F,0.0,0.0,0.0,0.0
F,0.0613039,0.0,0.0,0.0613039
F,0.0,0.0,0.0,0.0
F,0.0,0.0,0.0,0.0
F,0.0,0.0,0.0,0.0
F,0.0,0.0,0.0,0.0
F,0.0,0.0,0.0,0.0
F,0.0,0.0,0.0,0.0
F,0.0,0.0,0.0,0.0
F,0.0,0.0,0.0,0.0
F,0.0,0.0,0.0,0.0
F,0.0,0.0,0.0,0.0
F,0.0,0.0,0.0,0.0
F,0.0,0.0,0.0,0.0
F,-0.0147796,0.0,0.0,-0.0147796
F,0.0,0.0,0.0,0.0
F,0.0647781,0.0,0.0,0.0647781
F,0.0,0.0,0.0,0.0
F,0.0,0.0,0.0,0.0
F,-0.0271207,0.0,0.0,-0.0271207
F,0.0,0.0,0.0,0.0
F,0.0,0.0,0.0,0.0
F,0.0,0.0,0.0,0.0
F,0.134119,0.0,0.0,0.134119
F,0.0,0.0,0.0,0.0
F,0.0,0.0,0.0,0.0
F,0.0,0.0182704,0.0182704,0.0182704
F,0.0,0.0,0.0,0.0
F,0.0,0.0,0.0,0.0
F,-0.0283058,0.0,0.0,-0.0283058
F,-0.0605255,0.0,0.0,-0.0605255
F,0.0,0.0,0.0,0.0
F,0.0,0.0,0.0,0.0
F,0.0,0.0,0.0,0.0
F,0.0797384,0.0,0.0,0.0797384
F,0.0,0.0,0.0,0.0
F,0.0,0.0,0.0,0.0
F,0.0,0.0,0.0,0.0
F,0.00623135,0.0,0.0,0.00623135
F,0.0,0.0,0.0,0.0
F,0.0,0.0,0.0,0.0
F,0.0,0.0,0.0,0.0
F,-0.00689473,0.0,0.0,-0.00689473
F,0.120323,0.0,0.0,0.120323
F,0.0,0.0,0.0,0.0
F,0.0,0.0,0.0,0.0
F,0.0,0.0,0.0,0.0
F,0.0,0.0,0.0,0.0
F,0.0,0.0,0.0,0.0
F,0.0468108,0.0,0.0,0.0468108
F,0.0,0.0,0.0,0.0
F,0.0,0.0,0.0,0.0
F,0.0,0.0,0.0,0.0
F,0.0,0.0,0.0,0.0
F,0.0,0.0,0.0,0.0
F,-0.111038,0.0,0.0,-0.111038
F,0.0,0.0,0.0,0.0
F,0.0,0.0,0.0,0.0
F,0.0,0.0,0.0,0.0
F,0.0,0.0,0.0,0.0
F,0.0,0.0,0.0,0.0
F,0.0,0.0,0.0,0.0
F,0.0,0.0,0.0,0.0
F,0.0,0.0,0.0,0.0
F,0.0,0.0,0.0,0.0
F,0.0,0.0,0.0,0.0
F,0.0,0.0,0.0,0.0
F,-0.00276558,0.0,0.0,-0.00276558
F,-0.101779,0.0,0.0,-0.101779
F,0.0,0.0,0.0,0.0
F,0.0,0.0,0.0,0.0
F,0.0,0.0,0.0,0.0
F,0.0,0.0,0.0,0.0
F,0.0,0.0,0.0,0.0
F,0.0502138,0.0,0.0,0.0502138
F,0.0,0.0,0.0,0.0
F,-0.0100719,0.0,0.0,-0.0100719
F,0.0,0.0,0.0,0.0
F,0.0,0.0,0.0,0.0
F,0.0,0.0,0.0,0.0
F,0.0,0.0,0.0,0.0
F,0.0,0.0,0.0,0.0
F,0.0,0.0,0.0,0.0
F,0.0678719,0.0,0.0,0.0678719
F,0.00908349,0.0,0.0,0.00908349
F,0.0,0.0,0.0,0.0
F,0.0,0.0,0.0,0.0
F,0.0,0.0,0.0,0.0
F,0.0,0.0,0.0,0.0
F,0.0,0.0,0.0,0.0
F,0.062858,0.0,0.0,0.062858
F,0.0,0.0,0.0,0.0
F,0.0,0.0,0.0,0.0
F,0.0,0.0,0.0,0.0
F,0.0,0.0,0.0,0.0
F,0.0,0.0,0.0,0.0
F,0.0,0.0,0.0,0.0
F,0.0,0.0,0.0,0.0
F,0.0,0.0,0.0,0.0
F,0.046594,0.0,0.0,0.046594
F,0.0,0.0,0.0,0.0
F,0.0,0.0,0.0,0.0
F,0.0,0.0,0.0,0.0
F,0.0,0.0,0.0,0.0
F,0.0,0.0,0.0,0.0
F,0.0,0.0,0.0,0.0
F,0.0,0.0,0.0,0.0
F,0.0,0.0,0.0,0.0
F,0.0,0.0,0.0,0.0
F,0.0,0.0,0.0,0.0
F,0.0209997,0.0,0.0,0.0209997
F,0.0,0.0,0.0,0.0
F,0.0,0.0,0.0,0.0
F,0.0,0.0,0.0,0.0
F,0.0,0.0,0.0,0.0
F,0.0,0.0,0.0,0.0
F,0.0,0.0,0.0,0.0
F,0.0,0.0,0.0,0.0
F,0.0,0.0,0.0,0.0
F,0.0,0.0,0.0,0.0
F,0.0,0.0,0.0,0.0
F,-0.0941058,0.0,0.0,-0.0941058
F,0.0,0.0,0.0,0.0
F,0.0,0.0,0.0,0.0
F,0.0,0.0,0.0,0.0
F,0.0,0.0,0.0,0.0
F,0.0,0.0,0.0,0.0
F,0.0,0.0,0.0,0.0
F,0.0,0.0,0.0,0.0
F,0.0,0.0,0.0,0.0
F,0.086314,0.0,0.0,0.086314
F,0.0,0.0,0.0,0.0
F,0.0,0.0,0.0,0.0
F,0.0,0.0,0.0,0.0
F,0.0,0.0,0.0,0.0
F,-0.0125236,0.0,0.0,-0.0125236
F,0.0,0.0,0.0,0.0
F,-0.0555678,0.0,0.0,-0.0555678
F,0.0,0.0,0.0,0.0
F,0.0,0.0,0.0,0.0
F,0.0,0.0,0.0,0.0
F,0.0,0.0,0.0,0.0
F,0.103694,0.0,0.0,0.103694
F,0.0,0.0,0.0,0.0
F,0.0,0.0,0.0,0.0
F,0.0909861,0.0,0.0,0.0909861
F,0.0,0.0,0.0,0.0
F,0.0,0.0,0.0,0.0
F,0.0,0.0,0.0,0.0
F,0.0,0.0,0.0,0.0
F,0.0440716,0.0,0.0,0.0440716
F,0.0,0.0,0.0,0.0
F,0.0,0.0,0.0,0.0
F,0.0,0.0,0.0,0.0
F,0.0,0.0,0.0,0.0
F,0.0,0.0,0.0,0.0
F,0.0,0.0,0.0,0.0
F,0.0,0.0,0.0,0.0
F,0.0,0.0,0.0,0.0
F,0.0,0.0,0.0,0.0
F,0.0,0.0,0.0,0.0
F,0.0,0.0,0.0,0.0
F,0.0,0.0,0.0,0.0
F,0.0,0.0,0.0,0.0
F,0.0,0.0,0.0,0.0
F,0.0,0.0,0.0,0.0
F,0.0,0.0,0.0,0.0
F,0.0,0.0,0.0,0.0
F,0.0,0.0,0.0,0.0
F,0.0,0.0,0.0,0.0
F,-0.0498345,0.0,0.0,-0.0498345
F,0.0,0.0,0.0,0.0
F,0.0,0.0,0.0,0.0
F,0.0,0.0,0.0,0.0
F,-0.0273743,0.0,0.0,-0.0273743
F,0.0,0.0,0.0,0.0
F,0.0,0.0,0.0,0.0
F,0.0,0.0,0.0,0.0
F,0.0,0.0,0.0,0.0
F,0.0390609,0.0,0.0,0.0390609
F,0.0,0.0,0.0,0.0
F,-0.0682682,0.0,0.0,-0.0682682
F,0.0,0.0,0.0,0.0
F,0.0,0.0,0.0,0.0
F,0.0189359,0.0,0.0,0.0189359
F,0.0,0.0,0.0,0.0
F,0.0,0.0,0.0,0.0
F,0.0,0.0,0.0,0.0
F,0.0,0.0,0.0,0.0
F,0.0,0.0,0.0,0.0
F,0.0,0.0,0.0,0.0
F,0.0,0.0,0.0,0.0
F,0.0,0.0,0.0,0.0
F,0.0,0.0,0.0,0.0
F,0.0656342,0.0,0.0,0.0656342
F,0.0209997,0.0,0.0,0.0209997
F,0.0,0.0,0.0,0.0
F,0.0,0.0,0.0,0.0
F,0.0,0.0,0.0,0.0
F,0.0,0.0,0.0,0.0
F,0.0404956,0.0,0.0,0.0404956
F,0.0,0.0,0.0,0.0
F,0.0,0.0,0.0,0.0
F,-0.0209654,0.0,0.0,-0.0209654
F,0.0,0.0,0.0,0.0
F,0.0,0.0,0.0,0.0
F,0.0,0.0,0.0,0.0
F,0.0,0.0,0.0,0.0
F,-0.0446561,0.0,0.0,-0.0446561
F,-0.0492814,0.0,0.0,-0.0492814
F,0.0,0.0,0.0,0.0
F,0.0,0.0,0.0,0.0
F,0.0,0.0,0.0,0.0
F,0.0,0.0,0.0,0.0
F,0.0,0.0,0.0,0.0
F,0.0,0.0,0.0,0.0
F,0.0,0.0,0.0,0.0
F,0.0,0.0,0.0,0.0
F,0.0,0.0,0.0,0.0
F,0.0,0.0,0.0,0.0
F,0.0,0.0,0.0,0.0
F,0.0,0.0,0.0,0.0
F,0.0,0.0,0.0,0.0
F,0.0,0.0,0.0,0.0
F,0.0,0.0,0.0,0.0
F,0.0310035,0.0,0.0,0.0310035
F,0.0,0.0,0.0,0.0
F,0.0,0.0,0.0,0.0
F,0.0,0.0,0.0,0.0
F,0.0,0.0,0.0,0.0
F,0.0,0.0,0.0,0.0
F,0.0,0.0,0.0,0.0
F,0.0,0.0,0.0,0.0
F,0.0,0.0,0.0,0.0
F,0.0,0.0,0.0,0.0
F,0.0,0.0,0.0,0.0
F,0.0,0.0,0.0,0.0
F,0.0,0.0,0.0,0.0
F,0.0,0.0,0.0,0.0
F,0.0,0.0,0.0,0.0
F,0.0,0.0,0.0,0.0
F,0.0,0.0,0.0,0.0
F,0.0,0.0,0.0,0.0
F,0.0,0.0,0.0,0.0
F,0.0,0.0,0.0,0.0
F,0.0,0.0,0.0,0.0
F,0.0,0.0,0.0,0.0
F,0.0,0.0,0.0,0.0
F,0.0,0.0,0.0,0.0
F,0.0,0.0,0.0,0.0
F,-0.00193114,0.0,0.0,-0.00193114
F,0.0,0.0,0.0,0.0
F,0.0,0.0,0.0,0.0
F,0.0188584,0.0,0.0,0.0188584
F,0.143198,0.0,0.0,0.143198
F,0.0,0.0,0.0,0.0
F,0.0,0.0,0.0,0.0
F,0.0,0.0,0.0,0.0
F,0.0,0.0,0.0,0.0
F,0.0,0.0,0.0,0.0
F,0.0,0.0,0.0,0.0
F,0.0,0.0,0.0,0.0
F,0.0,0.0,0.0,0.0
F,0.0,0.0,0.0,0.0
F,0.0,0.0,0.0,0.0
F,-0.00523287,0.0,0.0,-0.00523287
F,0.0,0.0,0.0,0.0
F,0.0,0.0,0.0,0.0
F,0.0,0.0,0.0,0.0
F,0.0,0.0,0.0,0.0
F,-0.100378,0.0,0.0,-0.100378
F,0.0428723,0.0,0.0,0.0428723
F,0.0,0.0,0.0,0.0
F,0.0,0.0,0.0,0.0
F,0.0,0.0,0.0,0.0
F,0.0,0.0,0.0,0.0
F,0.00108176,0.0,0.0,0.00108176
F,0.0594036,0.0,0.0,0.0594036
F,-0.00204938,0.0,0.0,-0.00204938
F,0.0,0.0,0.0,0.0
F,0.0,0.0,0.0,0.0
F,0.0,0.0,0.0,0.0
F,-0.0965112,0.0,0.0,-0.0965112
F,0.0,0.0,0.0,0.0
F,0.0,0.0,0.0,0.0
F,0.0525059,0.0,0.0,0.0525059
F,0.0,0.0,0.0,0.0
F,0.0,0.0,0.0,0.0
F,0.0,0.0,0.0,0.0
F,0.0,0.0,0.0,0.0
F,-0.0676173,0.0,0.0,-0.0676173
F,0.0,0.0,0.0,0.0
F,0.0,0.0,0.0,0.0
F,-0.0039245,0.0,0.0,-0.0039245
F,0.0,0.0,0.0,0.0
F,0.0,0.0,0.0,0.0
F,0.0,0.0,0.0,0.0
F,-0.00594935,0.0,0.0,-0.00594935
F,0.0530597,0.0,0.0,0.0530597
F,0.00746215,0.0,0.0,0.00746215
F,0.0,0.0,0.0,0.0
F,0.0,0.0,0.0,0.0
F,0.0,0.0,0.0,0.0
F,-0.00323228,0.0,0.0,-0.00323228
F,0.0,0.0,0.0,0.0
F,0.0678416,0.0,0.0,0.0678416
F,0.0,0.0,0.0,0.0
F,0.0,0.0,0.0,0.0
F,0.0,0.0,0.0,0.0
F,0.0,0.0,0.0,0.0
F,0.0,0.0,0.0,0.0
F,0.0,0.0,0.0,0.0
F,0.020353,0.0,0.0,0.020353
F,0.0,0.0,0.0,0.0
F,0.0,0.0,0.0,0.0
F,0.0,0.0,0.0,0.0
F,-0.0720749,0.0,0.0,-0.0720749
F,0.0,0.0,0.0,0.0
F,0.0,0.0,0.0,0.0
F,0.0,0.0,0.0,0.0
F,-0.0495851,0.0,0.0,-0.0495851
F,0.0,0.0,0.0,0.0
F,0.0,0.0,0.0,0.0
F,0.0,0.0,0.0,0.0
F,0.0,0.0,0.0,0.0
F,0.0,0.0,0.0,0.0
F,0.0525059,0.0,0.0,0.0525059
F,0.0,0.0,0.0,0.0
F,0.0,0.0,0.0,0.0
F,0.0,0.0,0.0,0.0
F,0.0,0.0,0.0,0.0
F,0.0,0.0,0.0,0.0
F,0.0518737,0.0,0.0,0.0518737
F,0.0,0.0,0.0,0.0
F,0.0,0.0,0.0,0.0
F,0.0,0.0,0.0,0.0
F,0.0244449,0.0,0.0,0.0244449
F,0.0154462,0.0,0.0,0.0154462
F,0.0,0.0,0.0,0.0
F,0.0,0.0,0.0,0.0
F,0.0,0.0,0.0,0.0
F,-0.0790764,0.0,0.0,-0.0790764
F,0.0,0.0,0.0,0.0
F,0.0,0.0,0.0,0.0
F,0.0,0.0,0.0,0.0
F,0.0,0.0,0.0,0.0
F,0.0,0.0,0.0,0.0
F,0.0,0.0,0.0,0.0
F,0.0,0.0,0.0,0.0
F,0.0,0.0,0.0,0.0
F,0.0,0.0,0.0,0.0
F,0.0,0.0,0.0,0.0
F,0.0,0.0,0.0,0.0
F,0.0,0.0,0.0,0.0
F,0.0,0.0,0.0,0.0
F,0.0,0.0,0.0,0.0
F,0.0,0.0,0.0,0.0
F,-0.0163517,0.0,0.0,-0.0163517
F,0.0,0.0,0.0,0.0
F,0.0,0.0,0.0,0.0
F,0.0,0.0,0.0,0.0
F,0.0,0.0,0.0,0.0
F,0.0594036,0.0,0.0,0.0594036
F,0.0,0.0,0.0,0.0
F,-0.0506837,0.0,0.0,-0.0506837
F,0.0,0.0,0.0,0.0
F,0.0,0.0,0.0,0.0
F,0.0,0.0,0.0,0.0
F,0.0687745,0.0,0.0,0.0687745
F,0.0,0.0,0.0,0.0
F,0.0,0.0,0.0,0.0
F,0.0,0.0,0.0,0.0
F,0.0,0.0,0.0,0.0
F,0.0,0.0,0.0,0.0
F,0.0,0.0,0.0,0.0
F,0.0,0.0,0.0,0.0
F,-0.0287081,0.0,0.0,-0.0287081
F,0.0,0.0,0.0,0.0
F,0.0,0.0,0.0,0.0
F,0.0,0.0,0.0,0.0
F,0.0,0.0,0.0,0.0
F,0.163361,0.0,0.0,0.163361
F,0.0,0.0,0.0,0.0
F,0.0,0.0,0.0,0.0
F,0.0,0.0,0.0,0.0
F,-0.0717658,0.0,0.0,-0.0717658
F,0.0,0.0,0.0,0.0
F,0.0,0.0,0.0,0.0
F,0.0,0.0,0.0,0.0
F,0.0,0.0,0.0,0.0
F,0.0,0.0,0.0,0.0
F,0.0,0.0,0.0,0.0
F,0.0,0.0,0.0,0.0
F,0.0,0.0,0.0,0.0
F,0.0252946,0.0,0.0,0.0252946
F,-0.0515132,0.0,0.0,-0.0515132
F,0.0,0.0,0.0,0.0
F,0.0,0.0,0.0,0.0
F,0.0,0.0,0.0,0.0
F,-0.00641537,0.0,0.0,-0.00641537
F,0.0,0.0,0.0,0.0
F,-0.0126131,0.0,0.0,-0.0126131
F,0.0,0.0,0.0,0.0
F,0.0,0.0,0.0,0.0
F,0.0,0.0,0.0,0.0
F,0.0,0.0,0.0,0.0
F,0.0,0.0,0.0,0.0
F,0.0,0.0,0.0,0.0
F,0.0,0.0,0.0,0.0
F,0.0,0.0,0.0,0.0
F,0.0,0.0,0.0,0.0
F,0.0,0.0,0.0,0.0
F,0.0,0.0,0.0,0.0
F,0.0,0.0,0.0,0.0
F,0.0,0.0,0.0,0.0
F,0.010412,0.0,0.0,0.010412
F,0.0,0.0,0.0,0.0
F,0.0,0.0,0.0,0.0
F,0.0,0.0,0.0,0.0
F,0.0,0.0,0.0,0.0
F,0.0,0.0,0.0,0.0
F,0.0,0.0,0.0,0.0
F,0.0,0.0,0.0,0.0
F,0.117944,0.0,0.0,0.117944
F,0.0,0.0,0.0,0.0
F,0.0,0.0,0.0,0.0
F,0.0,0.0,0.0,0.0
F,0.00768707,0.0,0.0,0.00768707
F,0.0,0.0,0.0,0.0
F,0.0,0.0,0.0,0.0
F,0.0557923,0.0,0.0,0.0557923
F,0.0,0.0,0.0,0.0
F,-0.0683107,0.0,0.0,-0.0683107
F,0.0,0.0,0.0,0.0
F,0.0,0.0,0.0,0.0
F,0.0,0.0,0.0,0.0
F,0.0,0.0,0.0,0.0
F,0.0,0.0,0.0,0.0
F,0.0,0.0,0.0,0.0
F,-0.0980076,0.0,0.0,-0.0980076
F,0.0,0.0,0.0,0.0
F,0.0,0.0,0.0,0.0
F,0.0,0.0,0.0,0.0
F,0.0,0.0,0.0,0.0
F,0.0,0.0,0.0,0.0
F,0.0,0.0,0.0,0.0
F,-0.047212,0.0,0.0,-0.047212
F,0.0,0.0,0.0,0.0
F,0.0,0.0,0.0,0.0
F,0.0,0.0,0.0,0.0
F,0.0,0.0,0.0,0.0
F,-0.0116083,0.0,0.0,-0.0116083
F,0.0,0.0,0.0,0.0
F,0.0,0.0,0.0,0.0
F,0.0,0.0,0.0,0.0
F,0.0,0.0,0.0,0.0
F,0.0,0.0,0.0,0.0
F,0.0,0.0,0.0,0.0
F,0.0,0.0,0.0,0.0
F,0.0,0.0,0.0,0.0
F,0.0,0.0,0.0,0.0
F,0.0,0.0,0.0,0.0
F,-0.0127352,0.0,0.0,-0.0127352
F,0.0,0.0,0.0,0.0
F,0.0,0.0,0.0,0.0
F,0.0,0.0,0.0,0.0
F,0.0,0.0,0.0,0.0
F,0.0,0.0,0.0,0.0
F,0.0191098,0.0496928,0.0496928,0.0688026
F,0.0,0.0,0.0,0.0
F,-0.0238051,0.0,0.0,-0.0238051
F,0.0,0.0,0.0,0.0
F,0.0,0.0,0.0,0.0
F,0.0,0.0,0.0,0.0
F,0.0,0.0,0.0,0.0
F,0.0,0.0,0.0,0.0
F,0.0,0.0,0.0,0.0
F,0.0,0.0,0.0,0.0
F,0.0,0.0,0.0,0.0
F,0.0,0.0,0.0,0.0
F,0.0,0.0,0.0,0.0
F,0.0,0.0,0.0,0.0
F,0.0,0.0,0.0,0.0
F,0.0,0.0,0.0,0.0
F,0.0,0.0,0.0,0.0
F,0.0,0.0,0.0,0.0
F,0.0,0.0,0.0,0.0
F,0.0,0.0,0.0,0.0
F,0.0,0.0,0.0,0.0
F,0.0,0.0,0.0,0.0
F,0.0,0.0,0.0,0.0
F,-0.0477496,0.0,0.0,-0.0477496
F,0.0,0.0,0.0,0.0
F,0.0114989,0.0,0.0,0.0114989
F,0.0,0.0,0.0,0.0
F,0.0,0.0,0.0,0.0
F,-0.04832,0.0,0.0,-0.04832
F,0.0,0.0,0.0,0.0
F,0.0962287,0.0,0.0,0.0962287
F,0.0,0.0,0.0,0.0
F,-0.00521359,0.0,0.0,-0.00521359
F,0.0,0.0,0.0,0.0
F,0.0,0.0,0.0,0.0
F,0.0,0.0,0.0,0.0
F,0.0233033,0.0,0.0,0.0233033
F,-0.0836383,0.0,0.0,-0.0836383
F,0.0,0.0,0.0,0.0
F,0.0,0.0,0.0,0.0
F,0.0,0.0,0.0,0.0
F,0.0,0.0,0.0,0.0
F,0.0,0.0,0.0,0.0
F,0.0,0.0,0.0,0.0
F,0.0,0.0,0.0,0.0
F,0.0,0.0,0.0,0.0
F,0.0,0.0,0.0,0.0
F,0.0,0.0,0.0,0.0
F,-0.0287081,0.0,0.0,-0.0287081
F,0.0,0.0,0.0,0.0
F,0.0,0.0,0.0,0.0
F,-0.151669,0.0,0.0,-0.151669
F,-0.0114687,0.0,0.0,-0.0114687
F,0.0,0.0,0.0,0.0
F,0.0,0.0,0.0,0.0
F,0.0,0.0,0.0,0.0
F,-0.00634418,0.0,0.0,-0.00634418
F,-0.0383443,0.0,0.0,-0.0383443
F,0.0,0.0,0.0,0.0
F,0.0,0.0,0.0,0.0
F,0.0,0.0,0.0,0.0
F,0.0,0.0,0.0,0.0
F,0.0,0.0,0.0,0.0
F,-0.00193114,0.0,0.0,-0.00193114
F,0.0,0.0,0.0,0.0
F,0.0,0.0,0.0,0.0
F,0.0,0.0,0.0,0.0
F,0.0,0.0,0.0,0.0
F,0.0,0.0,0.0,0.0
F,0.0,0.0,0.0,0.0
F,0.0,0.0,0.0,0.0
F,-0.031765,0.0,0.0,-0.031765
F,0.0,0.0,0.0,0.0
F,0.0,0.0,0.0,0.0
F,0.0,0.0,0.0,0.0
F,-0.0186842,0.0,0.0,-0.0186842
F,0.0,0.0,0.0,0.0
F,0.0,0.0,0.0,0.0
F,0.0,0.0,0.0,0.0
F,-0.0684495,0.0,0.0,-0.0684495
F,0.0,0.0,0.0,0.0
F,-0.0240834,0.0,0.0,-0.0240834
F,0.0,0.0,0.0,0.0
F,0.0,0.0,0.0,0.0
F,0.0,0.0,0.0,0.0
F,0.0,0.0,0.0,0.0
F,0.0,0.0,0.0,0.0
F,0.0,0.0,0.0,0.0
F,0.0,0.0,0.0,0.0
F,0.0,0.0,0.0,0.0
F,-0.0500881,0.0,0.0,-0.0500881
F,0.0,0.0,0.0,0.0
F,0.0,0.0,0.0,0.0
F,0.0,0.0,0.0,0.0
F,0.0,0.0,0.0,0.0
F,0.0,0.0,0.0,0.0
F,0.0,0.0,0.0,0.0
F,0.0,0.0,0.0,0.0
F,0.0,0.0,0.0,0.0
F,0.0750907,0.0,0.0,0.0750907
F,0.0,0.0,0.0,0.0
F,0.0,0.0,0.0,0.0
F,0.0,0.0,0.0,0.0
F,-0.0023721,0.0,0.0,-0.0023721
F,0.0,0.0,0.0,0.0
F,0.0,0.0,0.0,0.0
F,0.0,0.0,0.0,0.0
F,0.0,0.0,0.0,0.0
F,0.0,0.0,0.0,0.0
F,0.0,0.0,0.0,0.0
F,0.0,0.0,0.0,0.0
F,0.0802398,0.0,0.0,0.0802398
F,0.0,0.0,0.0,0.0
F,0.0,0.0,0.0,0.0
F,0.0,0.0,0.0,0.0
F,0.0,0.0,0.0,0.0
F,0.0,0.0,0.0,0.0
F,0.0,0.0,0.0,0.0
F,0.0,0.0,0.0,0.0
F,0.0,0.0,0.0,0.0
F,-0.0184957,0.0,0.0,-0.0184957
F,0.0,0.0,0.0,0.0
F,-0.00323354,0.0,0.0,-0.00323354
F,0.0,0.0,0.0,0.0
F,0.0471575,0.0,0.0,0.0471575
F,0.0769299,0.0,0.0,0.0769299
F,0.0123819,0.0,0.0,0.0123819
F,0.0,0.0,0.0,0.0
F,0.0,0.0,0.0,0.0
F,0.0,0.0,0.0,0.0
F,0.0,0.0,0.0,0.0
F,0.0,0.0,0.0,0.0
F,0.0,0.0,0.0,0.0
F,0.00746215,0.0,0.0,0.00746215
F,0.0,0.0,0.0,0.0
F,-0.0731521,0.0,0.0,-0.0731521
F,0.0,0.0,0.0,0.0
F,0.0,0.0,0.0,0.0
F,0.0,0.0,0.0,0.0
F,0.0,0.0,0.0,0.0
F,0.0,0.0,0.0,0.0
F,0.0,0.0,0.0,0.0
F,0.0,0.0,0.0,0.0
F,0.0,0.0,0.0,0.0
F,0.0,-0.0263467,-0.0263467,-0.0263467
F,0.0591998,0.0,0.0,0.0591998
F,0.0,0.0,0.0,0.0
F,0.0,0.0,0.0,0.0
F,0.0969873,0.0,0.0,0.0969873
F,0.0,0.0,0.0,0.0
F,0.0,0.0,0.0,0.0
F,0.118247,0.0,0.0,0.118247
F,0.0286951,0.0,0.0,0.0286951
F,0.0,0.0,0.0,0.0
F,0.0,0.0,0.0,0.0
F,0.0211795,0.0,0.0,0.0211795
F,0.0,0.0,0.0,0.0
F,-0.00545631,0.0,0.0,-0.00545631
F,0.0235788,0.0,0.0,0.0235788
F,0.0,0.0,0.0,0.0
F,0.0,0.0,0.0,0.0
F,0.0,0.0,0.0,0.0
F,-0.0146113,0.0,0.0,-0.0146113
F,0.0,0.0,0.0,0.0
F,0.0,0.0,0.0,0.0
F,0.0,0.0,0.0,0.0
F,0.0,0.0,0.0,0.0
F,0.0,0.0,0.0,0.0
F,0.0,0.0,0.0,0.0
F,0.0,0.0,0.0,0.0
F,0.0928614,0.0,0.0,0.0928614
F,0.0,0.0,0.0,0.0
F,0.0,0.0,0.0,0.0
F,0.0,0.0,0.0,0.0
F,0.0,0.0,0.0,0.0
F,-0.00323228,0.0,0.0,-0.00323228
F,0.0,0.0,0.0,0.0
F,0.0,0.0,0.0,0.0
F,0.0,0.0,0.0,0.0
F,0.0,0.0,0.0,0.0
F,0.020353,0.0,0.0,0.020353
F,0.0720887,0.0,0.0,0.0720887
F,0.0,0.0,0.0,0.0
F,-0.0583374,0.0,0.0,-0.0583374
F,0.0,0.0,0.0,0.0
F,0.0,0.0,0.0,0.0
F,0.0,0.0,0.0,0.0
F,0.0114989,0.0,0.0,0.0114989
F,0.0,0.0,0.0,0.0
F,0.0,0.0,0.0,0.0
F,0.0,0.0,0.0,0.0
F,-0.0900107,0.0,0.0,-0.0900107
F,0.0,0.0,0.0,0.0
F,0.0,0.0,0.0,0.0
F,0.0,0.0,0.0,0.0
F,0.0,0.0,0.0,0.0
F,0.0,0.0,0.0,0.0
F,0.0,-0.0303036,-0.0303036,-0.0303036
F,0.0219411,0.0,0.0,0.0219411
F,0.0,0.0,0.0,0.0
F,0.0,0.0,0.0,0.0
F,0.0,0.0,0.0,0.0
F,0.0469691,0.0,0.0,0.0469691
F,0.0,0.0,0.0,0.0
F,0.0209997,0.0,0.0,0.0209997
F,0.0,0.0,0.0,0.0
F,0.0,0.0,0.0,0.0
F,0.0,0.0,0.0,0.0
F,0.0,0.0,0.0,0.0
F,0.0,0.0,0.0,0.0
F,0.0565123,0.0,0.0,0.0565123
F,0.0169282,0.0,0.0,0.0169282
F,0.00945369,0.0,0.0,0.00945369
F,0.0,0.0,0.0,0.0
F,0.0,0.0,0.0,0.0
F,0.0,0.0,0.0,0.0
F,0.0,0.0,0.0,0.0
F,0.0,0.0,0.0,0.0
F,0.0,0.0,0.0,0.0
F,0.0,0.0,0.0,0.0
F,-0.125106,0.0,0.0,-0.125106
F,0.0,0.0,0.0,0.0
F,0.0,0.0,0.0,0.0
F,0.0,0.0,0.0,0.0
F,0.0,0.0,0.0,0.0
F,0.0,0.0,0.0,0.0
F,0.0,0.0,0.0,0.0
F,0.0,0.0,0.0,0.0
F,0.0,0.0,0.0,0.0
F,0.0,0.0,0.0,0.0
F,0.0,0.0,0.0,0.0
F,0.0,0.0,0.0,0.0
F,0.0,0.0,0.0,0.0
F,0.0,0.0,0.0,0.0
F,0.0,0.0,0.0,0.0
F,-0.0184957,0.0,0.0,-0.0184957
F,0.0,0.0,0.0,0.0
F,0.0954261,0.0,0.0,0.0954261
F,0.0,-0.0234151,-0.0234151,-0.0234151
F,0.0,0.0,0.0,0.0
F,0.0,0.0,0.0,0.0
F,-0.0577903,0.0,0.0,-0.0577903
F,0.0,0.0,0.0,0.0
F,0.0,0.0,0.0,0.0
F,0.0,0.0,0.0,0.0
F,0.00331889,0.0,0.0,0.00331889
F,0.0,0.0,0.0,0.0
F,-0.0283058,0.0,0.0,-0.0283058
F,0.0,0.0,0.0,0.0
F,0.0,0.0,0.0,0.0
F,0.0,0.0,0.0,0.0
F,0.0,0.0,0.0,0.0
F,0.0,0.0,0.0,0.0
F,-0.0577251,0.0,0.0,-0.0577251
F,0.00502664,0.0,0.0,0.00502664
F,-0.02415,0.0,0.0,-0.02415
F,0.0,0.0,0.0,0.0
F,0.0,0.0,0.0,0.0
F,0.0962287,0.0,0.0,0.0962287
F,-0.0373172,0.0,0.0,-0.0373172
F,0.0,0.0,0.0,0.0
F,0.0,0.0,0.0,0.0
F,0.0,0.0,0.0,0.0
F,0.0,0.0,0.0,0.0
F,0.0,0.0,0.0,0.0
F,0.0,0.0,0.0,0.0
F,0.0,0.0,0.0,0.0
F,0.0,0.0,0.0,0.0
F,0.0,0.0,0.0,0.0
F,0.0,0.0,0.0,0.0
F,-0.0331529,0.0,0.0,-0.0331529
F,-0.055686,0.0,0.0,-0.055686
F,0.0,0.0,0.0,0.0
F,0.0,0.0,0.0,0.0
F,0.0,0.0,0.0,0.0
F,0.050338,0.0,0.0,0.050338
F,0.0,0.0,0.0,0.0
F,0.0,0.0,0.0,0.0
F,-0.00273965,0.0,0.0,-0.00273965
F,0.0,0.0,0.0,0.0
F,0.0,0.0,0.0,0.0
F,0.0,0.0,0.0,0.0
F,0.0,0.0,0.0,0.0
F,0.0,0.0,0.0,0.0
F,-0.0366775,0.0,0.0,-0.0366775
F,0.0,0.0,0.0,0.0
F,0.0,0.0,0.0,0.0
F,0.0,0.0,0.0,0.0
F,-0.00843675,0.0,0.0,-0.00843675
F,0.0,0.0,0.0,0.0
F,0.0,0.0,0.0,0.0
F,0.0,0.0,0.0,0.0
F,0.00945369,0.0,0.0,0.00945369
F,0.0,0.0,0.0,0.0
F,0.0,0.0,0.0,0.0
F,0.06734,0.0,0.0,0.06734
F,0.0547933,0.0,0.0,0.0547933
F,0.0,0.0,0.0,0.0
F,0.0,0.0,0.0,0.0
F,0.0,0.0,0.0,0.0
F,0.0,-0.0263467,-0.0263467,-0.0263467
F,0.0,0.0,0.0,0.0
F,0.0,0.0,0.0,0.0
F,0.0,0.0,0.0,0.0
F,0.0388948,0.0,0.0,0.0388948
F,0.0,0.0,0.0,0.0
F,0.0,0.0,0.0,0.0
F,0.0,0.0,0.0,0.0
F,0.0,0.0,0.0,0.0
F,0.0,0.0,0.0,0.0
F,0.0,0.0,0.0,0.0
F,0.0,0.0,0.0,0.0
F,0.0,0.0,0.0,0.0
F,0.0,0.0,0.0,0.0
F,0.0,0.0,0.0,0.0
F,0.0,0.0,0.0,0.0
F,0.0,0.0,0.0,0.0
F,0.0,0.0,0.0,0.0
F,-0.0423935,0.0,0.0,-0.0423935
F,0.0,0.0,0.0,0.0
F,-0.0536285,0.0,0.0,-0.0536285
F,0.0,0.0,0.0,0.0
F,0.0,0.0,0.0,0.0
F,0.0,0.0,0.0,0.0
F,0.0,0.0,0.0,0.0
F,-0.0702586,0.0,0.0,-0.0702586
F,-0.0112457,0.0,0.0,-0.0112457
F,0.0,0.0,0.0,0.0
F,0.0,0.0,0.0,0.0
F,0.0,0.0,0.0,0.0
F,-0.0536285,0.0,0.0,-0.0536285
F,0.0,0.0,0.0,0.0
F,0.0,0.0,0.0,0.0
F,0.0,0.0,0.0,0.0
F,0.0,0.0,0.0,0.0
F,0.0,0.0,0.0,0.0
F,0.0,0.0,0.0,0.0
F,0.0,0.0,0.0,0.0
F,0.0,0.0,0.0,0.0
F,0.0,0.0,0.0,0.0
F,0.0,0.0,0.0,0.0
F,0.0,0.0,0.0,0.0
F,0.0,0.0,0.0,0.0
F,0.0224698,0.0,0.0,0.0224698
F,0.0,0.0,0.0,0.0
F,0.0,0.0,0.0,0.0
F,0.0,0.0,0.0,0.0
F,0.0,0.0,0.0,0.0
F,0.0,0.0,0.0,0.0
F,0.0,0.0,0.0,0.0
F,0.0,0.0,0.0,0.0
F,0.0,0.0,0.0,0.0
F,0.0,0.0,0.0,0.0
F,0.0,0.0,0.0,0.0
F,-0.0684495,0.0,0.0,-0.0684495
F,0.0,0.0,0.0,0.0
F,0.0,0.0,0.0,0.0
F,0.0,0.0,0.0,0.0
F,-0.0235553,0.0,0.0,-0.0235553
F,0.0,0.0,0.0,0.0
F,0.0,0.0,0.0,0.0
F,0.0,0.0,0.0,0.0
F,0.0,0.0,0.0,0.0
F,0.0,0.0,0.0,0.0
F,0.0,0.0,0.0,0.0
F,0.0,0.0,0.0,0.0
F,-0.0411986,0.0,0.0,-0.0411986
F,0.0,0.0,0.0,0.0
F,0.0348071,0.0,0.0,0.0348071
F,0.0,0.0,0.0,0.0
F,0.0,0.0,0.0,0.0
F,0.0,0.0,0.0,0.0
F,0.0,0.0,0.0,0.0
F,-0.0385991,0.0,0.0,-0.0385991
F,0.0,0.0,0.0,0.0
F,0.0278803,0.0,0.0,0.0278803
F,-0.100378,0.0,0.0,-0.100378
F,0.0,0.0,0.0,0.0
F,0.0,0.0,0.0,0.0
F,0.0,0.0,0.0,0.0
F,0.0,0.0,0.0,0.0
F,0.0,0.0,0.0,0.0
F,0.0,0.0,0.0,0.0
F,0.0,0.0,0.0,0.0
F,0.0,0.0,0.0,0.0
F,0.0,0.0,0.0,0.0
F,0.0154462,0.0,0.0,0.0154462
F,0.0,0.0,0.0,0.0
F,0.0,0.0,0.0,0.0
F,0.0,0.0,0.0,0.0
F,0.0,0.0,0.0,0.0
F,0.0,0.0,0.0,0.0
F,-0.0284231,0.0,0.0,-0.0284231
F,0.0,0.0,0.0,0.0
F,0.0,0.0,0.0,0.0
F,0.0,0.0,0.0,0.0
F,0.0,0.0,0.0,0.0
F,0.0,0.0,0.0,0.0
F,0.0,0.0,0.0,0.0
F,0.0404956,0.0,0.0,0.0404956
F,0.0,0.0,0.0,0.0
F,0.0,0.0,0.0,0.0
F,0.0,0.0,0.0,0.0
F,0.0,0.0,0.0,0.0
F,0.0,0.0,0.0,0.0
F,-0.0100719,0.0,0.0,-0.0100719
F,0.0,0.0,0.0,0.0
F,0.0,0.0,0.0,0.0
F,0.0,0.0,0.0,0.0
F,0.0,0.0,0.0,0.0
F,0.0,0.0,0.0,0.0
F,0.0678719,0.0,0.0,0.0678719
F,0.0495096,0.0,0.0,0.0495096
F,0.0,0.0,0.0,0.0
F,0.0,0.0,0.0,0.0
F,0.0,0.0,0.0,0.0
F,0.0,0.0,0.0,0.0
F,0.0,0.0,0.0,0.0
F,0.0,0.0,0.0,0.0
F,0.0,0.0,0.0,0.0
F,0.0,0.0,0.0,0.0
F,0.0,0.0,0.0,0.0
F,0.0,0.0,0.0,0.0
F,0.0,0.0,0.0,0.0
F,0.0,0.0,0.0,0.0
F,0.0,0.0,0.0,0.0
F,0.0,0.0,0.0,0.0
F,0.00502664,0.0,0.0,0.00502664
F,0.0,0.0,0.0,0.0
F,0.0,0.0,0.0,0.0
F,0.0,0.0,0.0,0.0
F,0.0,0.0,0.0,0.0
F,0.0,0.0,0.0,0.0
F,0.0,0.0,0.0,0.0
F,0.0,0.0,0.0,0.0
F,0.0,0.0,0.0,0.0
F,0.0163213,0.0,0.0,0.0163213
F,0.0,0.0,0.0,0.0
F,-0.00495347,0.0,0.0,-0.00495347
F,0.0,0.0,0.0,0.0
F,0.0,0.0,0.0,0.0
F,0.0,0.0,0.0,0.0
F,0.0,0.0,0.0,0.0
F,0.0235788,0.0,0.0,0.0235788
F,0.0617826,0.0,0.0,0.0617826
F,0.0,0.0,0.0,0.0
F,0.0,0.0,0.0,0.0
F,0.0,0.0,0.0,0.0
F,0.0,0.0,0.0,0.0
F,0.0,0.0,0.0,0.0
F,0.0,0.0,0.0,0.0
F,0.0,0.0,0.0,0.0
F,0.0,0.0,0.0,0.0
F,0.0,0.0,0.0,0.0
F,0.0975363,0.0,0.0,0.0975363
F,0.0,0.0,0.0,0.0
F,0.0993136,0.0,0.0,0.0993136
F,0.0,0.0,0.0,0.0
F,0.0,0.0,0.0,0.0
F,0.0,0.0,0.0,0.0
F,0.0,0.0,0.0,0.0
F,0.0,0.0,0.0,0.0
F,0.0,0.0,0.0,0.0
F,0.0,0.0,0.0,0.0
F,0.0,0.0,0.0,0.0
F,0.0,0.0,0.0,0.0
F,-0.016522,0.0,0.0,-0.016522
F,0.0,0.0,0.0,0.0
F,0.0,0.0,0.0,0.0
F,0.0,0.0,0.0,0.0
F,0.0,0.0,0.0,0.0
F,0.0,0.0,0.0,0.0
F,0.0,0.0,0.0,0.0
F,-0.0366775,0.0,0.0,-0.0366775
F,0.0,0.0,0.0,0.0
F,0.0,0.0,0.0,0.0
F,0.0,0.0,0.0,0.0
F,0.03984,0.0,0.0,0.03984
F,0.0,0.0,0.0,0.0
F,0.0,0.0,0.0,0.0
F,0.0,0.0,0.0,0.0
F,0.0,0.0,0.0,0.0
F,0.0,0.0,0.0,0.0
F,0.0209532,0.0,0.0,0.0209532
F,0.0,0.0,0.0,0.0
F,0.0,0.0,0.0,0.0
F,-0.00839661,0.0,0.0,-0.00839661
F,0.0,0.0,0.0,0.0
F,0.0,0.0,0.0,0.0
F,0.0,0.0,0.0,0.0
F,0.0,0.0,0.0,0.0
F,-0.0653206,0.0,0.0,-0.0653206
F,0.0,0.0,0.0,0.0
F,0.0,0.0,0.0,0.0
F,0.0,0.0,0.0,0.0
F,0.0,0.0,0.0,0.0
F,0.0,0.0,0.0,0.0
F,0.0148846,0.0,0.0,0.0148846
F,0.0,0.0,0.0,0.0
F,0.0,0.0,0.0,0.0
F,0.0,0.0,0.0,0.0
F,0.0,0.0,0.0,0.0
F,0.0,0.0,0.0,0.0
F,0.0797384,0.0,0.0,0.0797384
F,0.0,0.0,0.0,0.0
F,0.0,0.0,0.0,0.0
F,0.118034,0.0,0.0,0.118034
F,-0.00595821,0.0,0.0,-0.00595821
F,0.0,0.0,0.0,0.0
F,0.0,0.0,0.0,0.0
F,0.0,0.0,0.0,0.0
F,-0.00268531,0.0,0.0,-0.00268531
F,0.0,0.0,0.0,0.0
F,-0.0203529,0.0,0.0,-0.0203529
F,0.0,0.0,0.0,0.0
F,0.0,0.0,0.0,0.0
F,0.0,0.0,0.0,0.0
F,0.0,0.0,0.0,0.0
F,0.0,0.0,0.0,0.0
F,0.0,0.0,0.0,0.0
F,0.0,0.0,0.0,0.0
F,0.0,0.0,0.0,0.0
F,0.0,0.0,0.0,0.0
F,0.0,0.0,0.0,0.0
F,0.0,0.0,0.0,0.0
F,0.0,0.0,0.0,0.0
F,0.0,0.0,0.0,0.0
F,0.0,0.0,0.0,0.0
F,0.0,0.0,0.0,0.0
F,0.0,0.0,0.0,0.0
F,0.0,0.0,0.0,0.0
F,0.0,0.0,0.0,0.0
F,0.0,0.0,0.0,0.0
F,0.0,0.0,0.0,0.0
F,-0.00689473,0.0,0.0,-0.00689473
F,0.0,0.0,0.0,0.0
F,0.0,0.0,0.0,0.0
F,0.0,0.0,0.0,0.0
F,0.0,0.0182704,0.0182704,0.0182704
F,0.0,0.0,0.0,0.0
F,0.0,0.0,0.0,0.0
F,0.0,0.0,0.0,0.0
F,0.0,0.0,0.0,0.0
F,0.0,0.0,0.0,0.0
F,0.0,0.0,0.0,0.0
F,0.0,0.0,0.0,0.0
F,0.0,0.0,0.0,0.0
F,0.0459745,0.0,0.0,0.0459745
F,0.0,0.0,0.0,0.0
F,0.0,0.0,0.0,0.0
F,0.0,0.0,0.0,0.0
F,0.0,0.0,0.0,0.0
F,0.0,0.0,0.0,0.0
F,0.0,0.0,0.0,0.0
F,0.0,0.0,0.0,0.0
F,0.0962287,0.0,0.0,0.0962287
F,0.0,0.0,0.0,0.0
F,-0.032473,0.0,0.0,-0.032473
F,0.0,0.0,0.0,0.0
F,0.0530597,0.0,0.0,0.0530597
F,0.0,0.0,0.0,0.0
F,0.0,0.0,0.0,0.0
F,0.0,0.0,0.0,0.0
F,0.0,0.0,0.0,0.0
F,0.0,0.0,0.0,0.0
F,0.0,0.0,0.0,0.0
F,0.0,0.0,0.0,0.0
F,0.0,0.0,0.0,0.0
F,0.0,0.0,0.0,0.0
F,0.0,0.0,0.0,0.0
F,0.0,0.0,0.0,0.0
F,0.0,0.0,0.0,0.0
F,0.0,0.0,0.0,0.0
F,0.0,0.0,0.0,0.0
F,0.0,0.0,0.0,0.0
F,0.0,0.0,0.0,0.0
F,0.0,0.0,0.0,0.0
F,0.0,0.0,0.0,0.0
F,-0.0119313,0.0,0.0,-0.0119313
F,0.0,0.0,0.0,0.0
F,0.0,0.0,0.0,0.0
F,0.0,0.0,0.0,0.0
F,-0.102981,0.0,0.0,-0.102981
F,0.0,0.0,0.0,0.0
F,0.0,0.0,0.0,0.0
F,0.0530597,0.0,0.0,0.0530597
F,0.0404956,0.0,0.0,0.0404956
F,0.0,0.0,0.0,0.0
F,0.0,0.0,0.0,0.0
F,0.0722935,0.0,0.0,0.0722935
F,0.0,0.0,0.0,0.0
F,0.0,0.0,0.0,0.0
F,0.0,0.0,0.0,0.0
F,0.0,0.0,0.0,0.0
F,0.0,0.0,0.0,0.0
F,0.0,0.0,0.0,0.0
F,0.0,0.0,0.0,0.0
F,0.0,0.0,0.0,0.0
F,0.0,0.0,0.0,0.0
F,0.0,0.0,0.0,0.0
F,0.0,0.0,0.0,0.0
F,0.0,0.0,0.0,0.0
F,0.0,0.0,0.0,0.0
F,0.0,0.0,0.0,0.0
F,0.0,0.0,0.0,0.0
F,0.0,0.0,0.0,0.0
F,0.0498238,0.0,0.0,0.0498238
F,0.0,0.0,0.0,0.0
F,0.0,0.0,0.0,0.0
F,-0.0232379,0.0,0.0,-0.0232379
F,0.0,0.0,0.0,0.0
F,0.0,0.0,0.0,0.0
F,0.0,0.0,0.0,0.0
F,0.086314,0.0,0.0,0.086314
F,0.0,0.0,0.0,0.0
F,0.0,0.0,0.0,0.0
F,0.0,0.0,0.0,0.0
F,0.0,0.0,0.0,0.0
F,0.0,0.0,0.0,0.0
F,0.0,0.0,0.0,0.0
F,0.0,0.0,0.0,0.0
F,0.0,0.0,0.0,0.0
F,0.0,0.0,0.0,0.0
F,0.0,0.0,0.0,0.0
F,0.0,0.0,0.0,0.0
F,0.0,0.0,0.0,0.0
F,-0.0249447,0.0,0.0,-0.0249447
F,0.0281703,0.0,0.0,0.0281703
F,0.0,0.0,0.0,0.0
F,0.0,0.0,0.0,0.0
F,0.0,0.0,0.0,0.0
F,0.0,0.0,0.0,0.0
F,0.0,0.0,0.0,0.0
F,0.0,0.0,0.0,0.0
F,0.0,0.0,0.0,0.0
F,0.0,0.0,0.0,0.0
F,0.0,0.0,0.0,0.0
F,0.0,0.0,0.0,0.0
F,0.0,0.0,0.0,0.0
F,0.0954261,0.0,0.0,0.0954261
F,0.0,0.0,0.0,0.0
F,-0.0383564,0.0,0.0,-0.0383564
F,0.0718792,0.0,0.0,0.0718792
F,0.0,0.0,0.0,0.0
F,0.0,0.0,0.0,0.0
F,0.0,0.0,0.0,0.0
F,0.0,0.0,0.0,0.0
F,0.0,0.0,0.0,0.0
F,0.0594036,0.0,0.0,0.0594036
F,0.0,0.0,0.0,0.0
F,0.0,0.0,0.0,0.0
F,0.0,0.0,0.0,0.0
F,0.0,0.0,0.0,0.0
F,0.0,0.0,0.0,0.0
F,0.0,0.0,0.0,0.0
F,0.0,0.0,0.0,0.0
F,0.0,0.0,0.0,0.0
F,-0.0102198,0.0,0.0,-0.0102198
F,0.0,0.0,0.0,0.0
F,0.0,0.0,0.0,0.0
F,0.0690262,0.0,0.0,0.0690262
F,0.0,0.0,0.0,0.0
F,-0.0249928,0.0,0.0,-0.0249928
F,0.0,0.0,0.0,0.0
F,0.0,0.0,0.0,0.0
F,0.0,0.0,0.0,0.0
F,0.0,0.0,0.0,0.0
F,0.0324388,0.0,0.0,0.0324388
F,0.0,0.0,0.0,0.0
F,0.0432135,0.0,0.0,0.0432135
F,0.0,0.0,0.0,0.0
F,-0.00193114,0.0,0.0,-0.00193114
F,0.0,0.0,0.0,0.0
F,0.0,0.0,0.0,0.0
F,0.0,0.0,0.0,0.0
F,0.0,0.0,0.0,0.0
F,0.0,0.0,0.0,0.0
F,0.0,0.0,0.0,0.0
F,0.0,0.0,0.0,0.0
F,0.163408,0.0,0.0,0.163408
F,0.00108176,0.0,0.0,0.00108176
F,0.0,0.0,0.0,0.0
F,0.0,0.0,0.0,0.0
F,0.00310743,0.0,0.0,0.00310743
F,0.0,0.0,0.0,0.0
F,0.0,0.0,0.0,0.0
F,0.0,0.0,0.0,0.0
F,0.0,0.0,0.0,0.0
F,0.0,0.0,0.0,0.0
F,0.0,0.0,0.0,0.0
F,0.0,0.0,0.0,0.0
F,-0.102981,0.0,0.0,-0.102981
F,0.0,0.0,0.0,0.0
F,-0.0980076,0.0,0.0,-0.0980076
F,0.0,0.0,0.0,0.0
F,0.0,0.0,0.0,0.0
F,0.0,0.0,0.0,0.0
F,0.0,0.0,0.0,0.0
F,0.0,0.0,0.0,0.0
F,0.0,0.0,0.0,0.0
F,0.0,0.0,0.0,0.0
F,-0.0107083,0.0,0.0,-0.0107083
F,0.0,0.0,0.0,0.0
F,0.0,0.0,0.0,0.0
F,0.0,0.0,0.0,0.0
F,0.0,0.0,0.0,0.0
F,0.0471575,0.0,0.0,0.0471575
F,0.0321886,0.0,0.0,0.0321886
F,0.00945369,0.0,0.0,0.00945369
F,0.0722935,0.0,0.0,0.0722935
F,0.0,0.0,0.0,0.0
F,0.0,0.0,0.0,0.0
F,0.0,0.0,0.0,0.0
F,0.0,0.0,0.0,0.0
F,-0.00594935,0.0,0.0,-0.00594935
F,0.0428723,0.0,0.0,0.0428723
F,0.0,0.0,0.0,0.0
F,0.0,0.0,0.0,0.0
F,-0.0557961,0.0,0.0,-0.0557961
F,0.0,0.0,0.0,0.0
F,0.0,0.0,0.0,0.0
F,0.0,0.0,0.0,0.0
F,-0.00323228,0.0,0.0,-0.00323228
F,0.0,0.0,0.0,0.0
F,0.0155576,0.0,0.0,0.0155576
F,0.0,0.0,0.0,0.0
F,0.0954261,0.0,0.0,0.0954261
F,0.0,0.0,0.0,0.0
F,0.0,0.0,0.0,0.0
F,0.0,0.0,0.0,0.0
F,0.0,0.0,0.0,0.0
F,0.050338,0.0,0.0,0.050338
F,0.0,0.0,0.0,0.0
F,0.0,0.0,0.0,0.0
F,0.0,0.0,0.0,0.0
F,0.0412676,0.0,0.0,0.0412676
F,0.0,0.0,0.0,0.0
F,0.0167957,0.0,0.0,0.0167957
F,0.0,0.0,0.0,0.0
F,0.0,0.0,0.0,0.0
F,0.0,0.0,0.0,0.0
F,0.0,0.0,0.0,0.0
F,0.0,0.0,0.0,0.0
F,0.0,0.0,0.0,0.0
F,0.0,0.0,0.0,0.0
F,0.0,0.0,0.0,0.0
F,0.0,0.0,0.0,0.0
F,0.0,0.0,0.0,0.0
F,0.0,0.0,0.0,0.0
F,0.0,0.0,0.0,0.0
F,0.0,0.0,0.0,0.0
F,0.0,0.0,0.0,0.0
F,0.0,0.0,0.0,0.0
F,0.0,0.0,0.0,0.0
F,0.0501372,0.0,0.0,0.0501372
F,0.0,0.0,0.0,0.0
F,0.0,0.0,0.0,0.0
F,0.0,0.0,0.0,0.0
F,0.0,0.0,0.0,0.0
F,0.0,0.0,0.0,0.0
F,0.0722935,0.0,0.0,0.0722935
F,0.004259,0.0,0.0,0.004259
F,0.0,0.0,0.0,0.0
F,0.00282397,0.0,0.0,0.00282397
F,0.0,0.0,0.0,0.0
F,0.0,0.0,0.0,0.0
F,0.0,0.0,0.0,0.0
F,0.0,0.0,0.0,0.0
F,0.0,0.0,0.0,0.0
F,0.0,0.0,0.0,0.0
F,0.0797384,0.0,0.0,0.0797384
F,0.0681823,0.0,0.0,0.0681823
F,0.0,0.0,0.0,0.0
F,0.0,0.0,0.0,0.0
F,0.0,0.0,0.0,0.0
F,0.0,0.0,0.0,0.0
F,0.0,0.0,0.0,0.0
F,0.0,0.0,0.0,0.0
F,0.0,0.0,0.0,0.0
F,0.0264359,0.0,0.0,0.0264359
F,0.0,0.0,0.0,0.0
F,0.0,0.0,0.0,0.0
F,0.014157,0.0,0.0,0.014157
F,0.0,0.0,0.0,0.0
F,0.0,0.0,0.0,0.0
F,0.0,0.0,0.0,0.0
F,0.0,0.0,0.0,0.0
F,0.0,0.0,0.0,0.0
F,0.0,0.0,0.0,0.0
F,0.0,0.0,0.0,0.0
F,0.0,0.0,0.0,0.0
F,0.0,0.0,0.0,0.0
F,0.0,0.0,0.0,0.0
F,0.0,0.0,0.0,0.0
F,0.0,0.0,0.0,0.0
F,0.0,-0.0234151,-0.0234151,-0.0234151
F,0.0,0.0,0.0,0.0
F,0.0,0.0,0.0,0.0
F,0.0,0.0,0.0,0.0
F,0.0,0.0,0.0,0.0
F,-0.0182019,0.0,0.0,-0.0182019
F,0.0,0.0,0.0,0.0
F,0.0,-0.0263467,-0.0263467,-0.0263467
F,0.0,0.0,0.0,0.0
F,0.0,0.0,0.0,0.0
F,0.0,0.0,0.0,0.0
F,0.0,0.0,0.0,0.0
F,0.0,0.0,0.0,0.0
F,0.0,0.0,0.0,0.0
F,0.0,0.0,0.0,0.0
F,0.0189359,0.0,0.0,0.0189359
F,0.0,0.0,0.0,0.0
F,0.0,0.0,0.0,0.0
F,0.0,0.0,0.0,0.0
F,0.0,0.0,0.0,0.0
F,0.0,0.0,0.0,0.0
F,0.0,0.0,0.0,0.0
F,0.0,0.0,0.0,0.0
F,0.0471575,0.0,0.0,0.0471575
F,0.0,0.0,0.0,0.0
F,0.0,0.0,0.0,0.0
F,0.0,0.0,0.0,0.0
F,0.0,0.0,0.0,0.0
F,0.0,0.0,0.0,0.0
F,0.0,0.0,0.0,0.0
F,0.0,0.0,0.0,0.0
F,0.0,0.0,0.0,0.0
F,0.0,0.0,0.0,0.0
F,0.0,0.0,0.0,0.0
F,0.0,0.0,0.0,0.0
F,0.0,0.0,0.0,0.0
F,-0.00686864,0.0,0.0,-0.00686864
F,0.0,0.0,0.0,0.0
F,0.0,0.0,0.0,0.0
F,0.0,0.0,0.0,0.0
F,0.0,0.0,0.0,0.0
F,0.0,0.0,0.0,0.0
F,0.0,0.0,0.0,0.0
F,0.0,0.0,0.0,0.0
F,0.0,0.0,0.0,0.0
F,0.0,0.0,0.0,0.0
F,-0.0411986,0.0,0.0,-0.0411986
F,0.0,0.0,0.0,0.0
F,0.0,0.0,0.0,0.0
F,0.0,0.0,0.0,0.0
F,0.0,0.0,0.0,0.0
F,0.0,0.0,0.0,0.0
F,0.0,0.0239085,0.0239085,0.0239085
F,0.0,0.0,0.0,0.0
F,0.0,0.0,0.0,0.0
F,0.0,0.0,0.0,0.0
F,0.0,0.0,0.0,0.0
F,0.0,0.0,0.0,0.0
F,0.0,0.0,0.0,0.0
F,0.0,0.0,0.0,0.0
F,0.046594,0.0,0.0,0.046594
F,-0.0396669,0.0,0.0,-0.0396669
F,0.0,0.0,0.0,0.0
F,0.0,0.0,0.0,0.0
F,-0.0435087,0.0,0.0,-0.0435087
F,0.0,0.0,0.0,0.0
F,0.0,0.0,0.0,0.0
F,0.0,0.0,0.0,0.0
F,0.0,0.0,0.0,0.0
F,0.0,0.0,0.0,0.0
F,0.0,0.0,0.0,0.0
F,0.0,0.0,0.0,0.0
F,0.0,0.0,0.0,0.0
F,0.0,0.0,0.0,0.0
F,0.0,0.0,0.0,0.0
F,0.0,0.0,0.0,0.0
F,0.0,0.0,0.0,0.0
F,0.0826747,0.0,0.0,0.0826747
F,0.0,0.0,0.0,0.0
F,0.0,0.0,0.0,0.0
F,0.0,0.0,0.0,0.0
F,0.0,0.0,0.0,0.0
F,0.0,0.0,0.0,0.0
F,0.0,0.0,0.0,0.0
F,0.0,0.0,0.0,0.0
F,0.0,0.0,0.0,0.0
F,0.0,0.0,0.0,0.0
F,0.0,0.0,0.0,0.0
F,0.0,0.0,0.0,0.0
F,0.0,0.0,0.0,0.0
F,0.0,0.0,0.0,0.0
F,0.0,0.0,0.0,0.0
F,0.0,0.0,0.0,0.0
F,0.0,0.0,0.0,0.0
F,0.0,0.0,0.0,0.0
F,0.0,0.0,0.0,0.0
F,0.0,0.0,0.0,0.0
F,0.0,0.0,0.0,0.0
F,0.0,0.0,0.0,0.0
F,0.0,0.0,0.0,0.0
F,0.0,0.0,0.0,0.0
F,0.0,0.0,0.0,0.0
F,0.0,0.0,0.0,0.0
F,0.0,0.0,0.0,0.0
F,0.0,0.0,0.0,0.0
F,0.0321886,0.0,0.0,0.0321886
F,0.0,0.0,0.0,0.0
F,0.0180047,0.0,0.0,0.0180047
F,0.0,0.0,0.0,0.0
F,0.0,0.0,0.0,0.0
F,0.0211795,0.0,0.0,0.0211795
F,0.0,0.0,0.0,0.0
F,0.0,0.0,0.0,0.0
F,0.0,0.0,0.0,0.0
F,-0.00401286,0.0,0.0,-0.00401286
F,0.0,0.0,0.0,0.0
F,0.0,0.0,0.0,0.0
F,-0.0399136,0.0,0.0,-0.0399136
F,0.0,0.0,0.0,0.0
F,0.0,0.0,0.0,0.0
F,0.0,0.0,0.0,0.0
F,0.0,0.0,0.0,0.0
F,-0.0273743,0.0,0.0,-0.0273743
F,0.0,0.0,0.0,0.0
F,0.0,0.0,0.0,0.0
F,0.0,0.0,0.0,0.0
F,0.0,0.0,0.0,0.0
F,0.0,0.0,0.0,0.0
F,0.0,0.0,0.0,0.0
F,-0.0980076,0.0,0.0,-0.0980076
F,0.0,0.0,0.0,0.0
F,0.0,0.0,0.0,0.0
F,-0.0423935,0.0,0.0,-0.0423935
F,0.0,0.0,0.0,0.0
F,0.0,0.0,0.0,0.0
F,0.0,0.0,0.0,0.0
F,0.0,0.0,0.0,0.0
F,0.0,0.0,0.0,0.0
F,0.0,0.0,0.0,0.0
F,0.0,0.0,0.0,0.0
F,0.0,0.0,0.0,0.0
F,0.0,0.0,0.0,0.0
F,0.0,0.0,0.0,0.0
F,0.0,0.0,0.0,0.0
F,0.0,0.0,0.0,0.0
F,0.0,0.0,0.0,0.0
F,-0.0909913,0.0,0.0,-0.0909913
F,0.0,0.0,0.0,0.0
F,0.0,0.0,0.0,0.0
F,0.0,0.0,0.0,0.0
F,0.010449,0.0,0.0,0.010449
F,0.0525059,0.0,0.0,0.0525059
F,0.0,0.0,0.0,0.0
F,0.0,0.0,0.0,0.0
F,-0.0485036,0.0,0.0,-0.0485036
F,0.0,0.0,0.0,0.0
F,0.0,0.0,0.0,0.0
F,0.0,0.0,0.0,0.0
F,0.0,0.0,0.0,0.0
F,0.0,0.0,0.0,0.0
F,0.0,0.0,0.0,0.0
F,0.0,0.0,0.0,0.0
F,0.0,0.0,0.0,0.0
F,0.0,0.0,0.0,0.0
F,0.0,0.0,0.0,0.0
F,0.0,0.0,0.0,0.0
F,0.00712486,0.0,0.0,0.00712486
F,0.0,0.0,0.0,0.0
F,0.0,0.0,0.0,0.0
F,0.0,0.0,0.0,0.0
F,0.0,0.0,0.0,0.0
F,0.0,0.0,0.0,0.0
F,0.0,0.0,0.0,0.0
F,0.0,0.0,0.0,0.0
F,0.0,0.0,0.0,0.0
F,0.0,0.0,0.0,0.0
F,0.0,0.0,0.0,0.0
F,0.0,0.0,0.0,0.0
F,0.0,0.0,0.0,0.0
F,0.0,0.0,0.0,0.0
F,0.0,0.0,0.0,0.0
F,0.0,0.0,0.0,0.0
F,0.0,0.0,0.0,0.0
F,-0.0186863,0.0,0.0,-0.0186863
F,0.0,0.0,0.0,0.0
F,0.00288433,0.0,0.0,0.00288433
F,0.0,0.0,0.0,0.0
F,-0.0993061,0.0,0.0,-0.0993061
F,0.0321886,0.0,0.0,0.0321886
F,0.0,0.0,0.0,0.0
F,0.0,0.0,0.0,0.0
F,0.0,0.0,0.0,0.0
F,0.0,0.0,0.0,0.0
F,0.0,0.0,0.0,0.0
F,0.0,0.0,0.0,0.0
F,0.0,0.0,0.0,0.0
F,0.0,0.0,0.0,0.0
F,-0.00984757,0.0,0.0,-0.00984757
F,-0.0399136,0.0,0.0,-0.0399136
F,0.00934527,0.0,0.0,0.00934527
F,0.0,0.0,0.0,0.0
F,0.0,0.0,0.0,0.0
F,0.0,0.0,0.0,0.0
F,0.11148,0.0,0.0,0.11148
F,0.0,0.0,0.0,0.0
F,0.0,0.0,0.0,0.0
F,0.0,0.0,0.0,0.0
F,0.0,0.0,0.0,0.0
F,0.0,0.0,0.0,0.0
F,0.0,0.0,0.0,0.0
F,0.0,0.0,0.0,0.0
F,0.0,0.0,0.0,0.0
F,0.0414005,0.0,0.0,0.0414005
F,0.0,0.0,0.0,0.0
F,-0.115591,0.0,0.0,-0.115591
F,0.0,0.0,0.0,0.0
F,0.0,0.0,0.0,0.0
F,0.0,0.0,0.0,0.0
F,0.0,0.0,0.0,0.0
F,0.0,0.0,0.0,0.0
F,0.00908349,0.0,0.0,0.00908349
F,0.0,0.0,0.0,0.0
F,0.0,0.0,0.0,0.0
F,-0.016522,0.0,0.0,-0.016522
F,-0.0448681,0.0,0.0,-0.0448681
F,0.0,0.0,0.0,0.0
F,-0.00784121,0.0,0.0,-0.00784121
F,0.0,0.0,0.0,0.0
F,0.0,0.0,0.0,0.0
F,0.0,0.0,0.0,0.0
F,0.0,0.0,0.0,0.0
F,0.0,0.0,0.0,0.0
F,0.0,0.0,0.0,0.0
F,0.0,0.0,0.0,0.0
F,0.0,0.0,0.0,0.0
F,0.0,0.0,0.0,0.0
F,0.0,0.0,0.0,0.0
F,-0.00884723,0.0,0.0,-0.00884723
F,0.0,0.0,0.0,0.0
F,0.0,0.0,0.0,0.0
F,0.00558759,0.0,0.0,0.00558759
F,0.0,0.0,0.0,0.0
F,-0.0396669,0.0,0.0,-0.0396669
F,0.0,0.0,0.0,0.0
F,0.0,0.0,0.0,0.0
F,0.0,0.0,0.0,0.0
F,0.0,0.0,0.0,0.0
F,0.0,0.0,0.0,0.0
F,0.0,0.0,0.0,0.0
F,0.0,0.0,0.0,0.0
F,0.0,0.0,0.0,0.0
F,0.0,0.0,0.0,0.0
F,0.0,0.0,0.0,0.0
F,0.0,0.0,0.0,0.0
F,0.0,0.0,0.0,0.0
F,0.0,0.0,0.0,0.0
F,0.0,0.0,0.0,0.0
F,0.0,0.0,0.0,0.0
F,0.0,0.0,0.0,0.0
F,-0.0519648,0.0,0.0,-0.0519648
F,0.0,0.0,0.0,0.0
F,0.0,0.0,0.0,0.0
F,0.027186,0.0,0.0,0.027186
F,0.0,0.0,0.0,0.0
F,0.0,0.0,0.0,0.0
F,0.0,0.0,0.0,0.0
F,0.0,0.0,0.0,0.0
F,0.0,0.0,0.0,0.0
F,0.0,0.0,0.0,0.0
F,0.0,0.0,0.0,0.0
F,0.0,0.0,0.0,0.0
F,0.0,0.0,0.0,0.0
F,0.0405494,0.0,0.0,0.0405494
F,0.0,0.0,0.0,0.0
F,-0.0980076,0.0,0.0,-0.0980076
F,0.0,0.0,0.0,0.0
F,0.0,0.0,0.0,0.0
F,0.0,0.0,0.0,0.0
F,0.0,0.0,0.0,0.0
F,0.0,0.0,0.0,0.0
F,0.0,0.0,0.0,0.0
F,-0.0731521,0.0,0.0,-0.0731521
F,0.0,0.0,0.0,0.0
F,0.0,0.0,0.0,0.0
F,0.0,0.0,0.0,0.0
F,0.0,0.0,0.0,0.0
F,0.0901223,0.0,0.0,0.0901223
F,-0.0164762,0.0,0.0,-0.0164762
F,0.0,0.0,0.0,0.0
F,0.0,0.0,0.0,0.0
F,0.0,0.0,0.0,0.0
F,0.0,0.0,0.0,0.0
F,0.0377844,0.0,0.0,0.0377844
F,0.0,0.0,0.0,0.0
F,-0.0132657,0.0,0.0,-0.0132657
F,0.0,0.0,0.0,0.0
F,0.0,0.0,0.0,0.0
F,0.0,0.0,0.0,0.0
F,0.0,0.0,0.0,0.0
F,0.0,0.0,0.0,0.0
F,0.0,0.0,0.0,0.0
F,0.0,0.0,0.0,0.0
F,0.0246898,0.0,0.0,0.0246898
F,-0.0360761,0.0,0.0,-0.0360761
F,0.0,0.0,0.0,0.0
F,0.0,0.0,0.0,0.0
F,0.0,0.0,0.0,0.0
F,0.0,0.0,0.0,0.0
F,0.0,0.0,0.0,0.0
F,0.0,0.0,0.0,0.0
F,0.0,0.0,0.0,0.0
F,0.0,0.0,0.0,0.0
F,0.00945369,0.0,0.0,0.00945369
F,0.0106292,0.0,0.0,0.0106292
F,0.0,0.0,0.0,0.0
F,0.0,0.0,0.0,0.0
F,0.0,0.0,0.0,0.0
F,0.0,0.0,0.0,0.0
F,0.0,0.0,0.0,0.0
F,-0.0240834,0.0,0.0,-0.0240834
F,0.0,0.0,0.0,0.0
F,0.0,0.0,0.0,0.0
F,0.0,0.0,0.0,0.0
F,0.0,0.0,0.0,0.0
F,0.0,0.0,0.0,0.0
F,-0.0486878,0.0,0.0,-0.0486878
F,0.0,0.0,0.0,0.0
F,0.0,0.0,0.0,0.0
F,0.0,0.0,0.0,0.0
F,0.0,0.0,0.0,0.0
F,0.0,0.0,0.0,0.0
F,0.0,0.0,0.0,0.0
F,0.0,0.0,0.0,0.0
F,0.0,0.0,0.0,0.0
F,0.0,0.0,0.0,0.0
F,0.0,0.0,0.0,0.0
F,0.0,0.0,0.0,0.0
F,0.0,0.0,0.0,0.0
F,0.0,0.0,0.0,0.0
F,0.0233033,0.0,0.0,0.0233033
F,0.0,0.0,0.0,0.0
F,0.0,0.0,0.0,0.0
F,0.0,0.0,0.0,0.0
F,0.0,0.0,0.0,0.0
F,0.0,0.0,0.0,0.0
F,0.0,0.0,0.0,0.0
F,0.0,0.0,0.0,0.0
F,-0.0283058,0.0,0.0,-0.0283058
F,0.0,0.0,0.0,0.0
F,0.0,0.0,0.0,0.0
F,0.0,0.0,0.0,0.0
F,0.0,0.0,0.0,0.0
F,0.0,0.0,0.0,0.0
F,0.0,0.0,0.0,0.0
F,0.0,0.0,0.0,0.0
F,0.0,0.0,0.0,0.0
F,0.0,0.0,0.0,0.0
F,-0.0653206,0.0,0.0,-0.0653206
F,0.0,0.0,0.0,0.0
F,0.0,-0.0263467,-0.0263467,-0.0263467
F,0.0,0.0,0.0,0.0
F,-0.0500387,0.0,0.0,-0.0500387
F,0.0,0.0,0.0,0.0
F,0.0,0.0,0.0,0.0
F,0.0,0.0,0.0,0.0
F,0.0,0.0,0.0,0.0
F,0.0,0.0,0.0,0.0
F,0.0,0.0,0.0,0.0
F,0.0,0.0,0.0,0.0
F,0.0,0.0,0.0,0.0
F,0.0,0.0,0.0,0.0
F,0.0,0.0,0.0,0.0
F,0.0,0.0,0.0,0.0
F,0.0,0.0,0.0,0.0
F,0.0,0.0,0.0,0.0
F,0.061854,0.0,0.0,0.061854
F,0.0,0.0,0.0,0.0
F,0.0,0.0,0.0,0.0
F,0.0,0.0,0.0,0.0
F,0.0,0.0,0.0,0.0
F,0.0,0.0,0.0,0.0
F,0.0,0.0,0.0,0.0
F,0.00934527,0.0,0.0,0.00934527
F,0.0353485,0.0,0.0,0.0353485
F,0.0,0.0,0.0,0.0
F,0.0,0.0,0.0,0.0
F,0.0,0.0,0.0,0.0
F,0.0,0.0,0.0,0.0
F,0.0,0.0,0.0,0.0
F,0.0,0.0,0.0,0.0
F,0.0,0.0,0.0,0.0
F,0.0,0.0,0.0,0.0
F,0.0,0.0,0.0,0.0
F,-0.01652,0.0,0.0,-0.01652
F,0.0,0.0,0.0,0.0
F,0.0,0.0,0.0,0.0
F,0.0211795,0.0,0.0,0.0211795
F,0.0,0.0,0.0,0.0
F,0.0,0.0,0.0,0.0
F,0.00858748,0.0,0.0,0.00858748
F,0.0,0.0,0.0,0.0
F,0.0,0.0,0.0,0.0
F,0.0,0.0,0.0,0.0
F,0.0,0.0,0.0,0.0
F,0.0,0.0,0.0,0.0
F,0.0,0.0,0.0,0.0
F,0.0,0.0,0.0,0.0
F,0.0,0.0,0.0,0.0
F,0.0,0.0,0.0,0.0
F,0.0,0.0,0.0,0.0
F,0.0,0.0,0.0,0.0
F,0.0,0.0,0.0,0.0
F,0.0,0.0,0.0,0.0
F,0.0,0.0,0.0,0.0
F,0.0,0.0,0.0,0.0
F,0.0,0.0,0.0,0.0
F,0.0,0.0,0.0,0.0
F,0.0,0.0,0.0,0.0
F,-0.0684495,0.0,0.0,-0.0684495
F,0.0195588,0.0,0.0,0.0195588
F,0.0,0.0,0.0,0.0
F,0.0,0.0,0.0,0.0
F,-0.02273,0.0,0.0,-0.02273
F,0.0,0.0,0.0,0.0
F,0.0,0.0,0.0,0.0
F,0.0,0.0,0.0,0.0
F,-0.0941058,0.0,0.0,-0.0941058
F,0.0,0.0,0.0,0.0
F,-0.033968,0.0,0.0,-0.033968
F,0.0,0.0,0.0,0.0
F,-0.0161975,0.0,0.0,-0.0161975
F,0.0,0.0,0.0,0.0
F,0.0,0.0,0.0,0.0
F,-0.00511029,0.0,0.0,-0.00511029
F,0.0,0.0,0.0,0.0
F,0.0596469,0.0,0.0,0.0596469
F,0.0,0.0,0.0,0.0
F,0.0,0.0,0.0,0.0
F,0.0,0.0,0.0,0.0
F,0.0,0.0,0.0,0.0
F,0.0,0.0,0.0,0.0
F,0.0,0.0,0.0,0.0
F,0.0,0.0,0.0,0.0
F,0.0,0.0,0.0,0.0
F,0.0678719,0.0,0.0,0.0678719
F,0.0,0.0,0.0,0.0
F,0.0,0.0,0.0,0.0
F,0.0,0.0,0.0,0.0
F,0.0,0.0,0.0,0.0
F,0.0772839,0.0,0.0,0.0772839
F,0.0,0.0,0.0,0.0
F,0.0,0.0,0.0,0.0
F,0.0,0.0,0.0,0.0
F,0.0,0.0,0.0,0.0
F,0.0,0.0,0.0,0.0
F,0.0,0.0,0.0,0.0
F,0.0,0.0,0.0,0.0
F,0.0,0.0,0.0,0.0
F,0.0,0.0,0.0,0.0
F,0.019959,0.0,0.0,0.019959
F,0.0,0.0,0.0,0.0
F,0.0,0.0,0.0,0.0
F,0.0,0.0,0.0,0.0
F,0.0,0.0,0.0,0.0
F,0.0,0.0,0.0,0.0
F,-0.106521,0.0,0.0,-0.106521
F,0.0,0.0,0.0,0.0
F,0.0,0.0,0.0,0.0
F,0.0,0.0,0.0,0.0
F,0.0,0.0,0.0,0.0
F,0.0,0.0,0.0,0.0
F,0.0,0.0,0.0,0.0
F,0.0,0.0,0.0,0.0
F,0.0,0.0,0.0,0.0
F,0.0,0.0,0.0,0.0
F,0.0,0.0,0.0,0.0
F,-0.0107083,0.0,0.0,-0.0107083
F,0.11283,0.0,0.0,0.11283
F,0.0,0.0,0.0,0.0
F,0.0,0.0,0.0,0.0
F,0.0,0.0,0.0,0.0
F,0.0,0.0,0.0,0.0
F,0.0,0.0,0.0,0.0
F,0.0,0.0,0.0,0.0
F,0.0,0.0,0.0,0.0
F,0.0,0.0,0.0,0.0
F,0.0,0.0,0.0,0.0
F,0.0,0.0,0.0,0.0
F,0.0,0.0,0.0,0.0
F,0.058158,0.0,0.0,0.058158
F,0.0,0.0,0.0,0.0
F,0.0,0.0,0.0,0.0
F,0.0,0.0,0.0,0.0
F,0.0,0.0,0.0,0.0
F,-0.0150003,-0.0303036,-0.0303036,-0.0453039
F,-0.0423935,0.0,0.0,-0.0423935
F,0.0,0.0,0.0,0.0
F,0.0,0.0,0.0,0.0
F,0.0,0.0,0.0,0.0
F,0.0,0.0,0.0,0.0
F,0.0531963,0.0,0.0,0.0531963
F,-0.0381125,0.0,0.0,-0.0381125
F,0.0,0.0,0.0,0.0
F,0.0,0.0,0.0,0.0
F,0.0,0.0,0.0,0.0
F,0.0,0.0,0.0,0.0
F,0.0,0.0,0.0,0.0
F,0.0,0.0,0.0,0.0
F,0.0481609,0.0,0.0,0.0481609
F,0.0,0.0,0.0,0.0
F,0.0,0.0,0.0,0.0
F,0.0,0.0,0.0,0.0
F,0.0,0.0,0.0,0.0
F,0.0,0.0,0.0,0.0
F,0.0,0.0,0.0,0.0
F,0.0,0.0,0.0,0.0
F,0.0,0.0,0.0,0.0
F,0.0,0.0,0.0,0.0
F,0.0,0.0,0.0,0.0
F,5.50515e-07,0.0,0.0,5.50515e-07
F,0.0,0.0,0.0,0.0
F,-0.00594935,0.0,0.0,-0.00594935
F,0.0,0.0,0.0,0.0
F,0.0,0.0,0.0,0.0
F,0.0,0.0,0.0,0.0
F,0.0,0.0,0.0,0.0
F,0.0,0.0,0.0,0.0
F,0.0,0.0,0.0,0.0
F,0.0,0.0,0.0,0.0
F,0.0,0.0,0.0,0.0
F,0.0,0.0,0.0,0.0
F,0.0,0.0,0.0,0.0
F,0.0,0.0,0.0,0.0
F,0.0,0.0,0.0,0.0
F,0.0,0.0,0.0,0.0
F,0.0,0.0,0.0,0.0
F,0.0,0.0,0.0,0.0
F,0.0,0.0,0.0,0.0
F,0.0,0.0,0.0,0.0
F,0.0,0.0,0.0,0.0
F,0.0,0.0,0.0,0.0
F,0.0,0.0,0.0,0.0
F,0.0,0.0,0.0,0.0
F,0.0,0.0,0.0,0.0
F,0.0,0.0,0.0,0.0
F,0.0,0.0,0.0,0.0
F,0.0,0.0,0.0,0.0
F,0.0,0.0,0.0,0.0
F,0.0,0.0,0.0,0.0
F,0.0,0.0,0.0,0.0
F,0.0,0.0,0.0,0.0
F,0.0,0.0,0.0,0.0
F,0.0,0.0,0.0,0.0
F,0.0,0.0,0.0,0.0
F,0.0,0.0,0.0,0.0
F,-0.0287928,0.0,0.0,-0.0287928
F,-0.0583374,0.0,0.0,-0.0583374
F,0.0,0.0,0.0,0.0
F,-0.131213,0.0,0.0,-0.131213
F,0.0,0.0,0.0,0.0
F,0.0,0.0,0.0,0.0
F,0.0,0.0,0.0,0.0
F,0.0294057,0.0,0.0,0.0294057
F,0.0,0.0,0.0,0.0
F,0.0,0.0,0.0,0.0
F,-0.0684495,0.0,0.0,-0.0684495
F,0.0,0.0,0.0,0.0
F,0.0,0.0,0.0,0.0
F,0.0,0.0,0.0,0.0
F,-0.11975,0.0,0.0,-0.11975
F,0.0,0.0,0.0,0.0
F,-0.0383564,0.0,0.0,-0.0383564
F,0.0,0.0,0.0,0.0
F,0.0,0.0,0.0,0.0
F,0.0,0.0,0.0,0.0
F,0.0,0.0,0.0,0.0
F,0.026237,0.0,0.0,0.026237
F,0.0,0.0,0.0,0.0
F,-0.0383564,0.0,0.0,-0.0383564
F,0.0851501,0.0,0.0,0.0851501
F,0.0,0.0,0.0,0.0
F,-0.0261169,0.0,0.0,-0.0261169
F,0.0,0.0,0.0,0.0
F,0.0,0.0,0.0,0.0
F,0.0,0.0,0.0,0.0
F,0.0,0.0,0.0,0.0
F,0.0,0.0,0.0,0.0
F,0.0,0.0,0.0,0.0
F,0.0,0.0,0.0,0.0
F,0.0,0.0,0.0,0.0
F,0.0,0.0,0.0,0.0
F,0.0,0.0,0.0,0.0
F,0.0,0.0,0.0,0.0
F,0.0,0.0,0.0,0.0
F,0.0191098,0.0,0.0,0.0191098
F,0.0,0.0,0.0,0.0
F,0.0,0.0,0.0,0.0
F,0.0,0.0,0.0,0.0
F,0.0,0.0,0.0,0.0
F,0.0,0.0,0.0,0.0
F,0.0,0.0,0.0,0.0
F,0.0,0.0,0.0,0.0
F,0.0,0.0,0.0,0.0
F,0.0,0.0,0.0,0.0
F,0.0531012,0.0,0.0,0.0531012
F,0.0,0.0,0.0,0.0
F,0.0,0.0,0.0,0.0
F,0.0,0.0,0.0,0.0
F,-0.00193114,0.0,0.0,-0.00193114
F,0.0,0.0,0.0,0.0
F,0.0,0.0,0.0,0.0
F,0.0,0.0,0.0,0.0
F,0.0,0.0,0.0,0.0
F,0.00310743,0.0,0.0,0.00310743
F,0.0,0.0,0.0,0.0
F,0.0,0.0,0.0,0.0
F,0.0,0.0,0.0,0.0
F,0.0,0.0,0.0,0.0
F,0.0,0.0,0.0,0.0
F,0.0,0.0,0.0,0.0
F,0.0,0.0,0.0,0.0
F,-0.0588699,0.0,0.0,-0.0588699
F,0.0,0.0,0.0,0.0
F,0.0,0.0,0.0,0.0
F,0.0,0.0,0.0,0.0
F,0.0,0.0,0.0,0.0
F,0.0,0.0,0.0,0.0
F,0.0,0.0,0.0,0.0
F,0.0,0.0,0.0,0.0
F,0.0,0.0,0.0,0.0
F,0.00331889,0.0239085,0.0239085,0.0272274
F,0.0,0.0,0.0,0.0
F,0.0,0.0,0.0,0.0
F,0.0,0.0,0.0,0.0
F,0.0,0.0,0.0,0.0
F,0.0,0.0,0.0,0.0
F,0.0,0.0,0.0,0.0
F,0.0,0.0,0.0,0.0
F,0.0,0.0,0.0,0.0
F,-0.0656702,0.0,0.0,-0.0656702
F,0.0,0.0,0.0,0.0
F,0.0,0.0,0.0,0.0
F,0.0,0.0,0.0,0.0
F,0.0,0.0,0.0,0.0
F,0.0,0.0,0.0,0.0
F,0.0,0.0,0.0,0.0
F,0.0,-0.0263467,-0.0263467,-0.0263467
F,0.0,0.0,0.0,0.0
F,0.120323,0.0,0.0,0.120323
F,0.0,0.0,0.0,0.0
F,0.0,0.0,0.0,0.0
F,0.0,0.0,0.0,0.0
F,-0.00536662,0.0,0.0,-0.00536662
F,-0.0282088,0.0,0.0,-0.0282088
F,0.0,0.0,0.0,0.0
F,-0.0980076,0.0,0.0,-0.0980076
F,0.0,0.0,0.0,0.0
F,0.0,0.0,0.0,0.0
F,0.0189359,0.0,0.0,0.0189359
F,0.0176723,0.0,0.0,0.0176723
F,0.0,0.0,0.0,0.0
F,-0.0628471,0.0,0.0,-0.0628471
F,0.0232943,0.0,0.0,0.0232943
F,-0.0396669,0.0,0.0,-0.0396669
F,0.0,0.0,0.0,0.0
F,-0.00668705,0.0,0.0,-0.00668705
F,0.0,0.0,0.0,0.0
F,0.0,0.0,0.0,0.0
F,0.0,0.0,0.0,0.0
F,0.0,0.0,0.0,0.0
F,0.0,0.0,0.0,0.0
F,0.0,0.0,0.0,0.0
F,0.0,0.0,0.0,0.0
F,0.0,0.0,0.0,0.0
F,0.0,0.0,0.0,0.0
F,0.0214444,0.0,0.0,0.0214444
F,0.0,0.0,0.0,0.0
F,0.0,0.0,0.0,0.0
F,0.0,0.0,0.0,0.0
F,0.0,0.0,0.0,0.0
F,0.0,0.0,0.0,0.0
F,0.0,0.0,0.0,0.0
F,0.0,0.0,0.0,0.0
F,0.0,0.0,0.0,0.0
F,0.0,0.0,0.0,0.0
F,0.0,0.0,0.0,0.0
F,0.0,0.0,0.0,0.0
F,0.0,0.0,0.0,0.0
F,0.0,0.0,0.0,0.0
F,0.0,0.0,0.0,0.0
F,0.0,0.0,0.0,0.0
F,0.00297156,0.0,0.0,0.00297156
F,0.0,0.0,0.0,0.0
F,0.0265213,0.0,0.0,0.0265213
F,0.0,0.0,0.0,0.0
F,0.0,0.0,0.0,0.0
F,0.0,0.0,0.0,0.0
F,-0.0383564,0.0,0.0,-0.0383564
F,0.0,0.0,0.0,0.0
F,0.0,0.0,0.0,0.0
F,0.0,0.0,0.0,0.0
F,0.0,0.0,0.0,0.0
F,0.0,0.0,0.0,0.0
F,0.0,0.0,0.0,0.0
F,0.0,0.0,0.0,0.0
F,0.0,0.0,0.0,0.0
F,0.0,0.0,0.0,0.0
F,0.0812744,0.0,0.0,0.0812744
F,0.0,0.0,0.0,0.0
F,0.0,0.0,0.0,0.0
F,0.0,0.0,0.0,0.0
F,0.0,0.0,0.0,0.0
F,0.0,0.0,0.0,0.0
F,0.0,0.0,0.0,0.0
F,0.0,0.0,0.0,0.0
F,0.0,0.0,0.0,0.0
F,-0.00601055,0.0,0.0,-0.00601055
F,-0.021878,0.0,0.0,-0.021878
F,0.0,0.0,0.0,0.0
F,0.0,0.0,0.0,0.0
F,0.0,0.0,0.0,0.0
F,0.0,0.0,0.0,0.0
F,0.0,0.0,0.0,0.0
F,0.0,0.0,0.0,0.0
F,0.0,0.0,0.0,0.0
F,0.0,0.0,0.0,0.0
F,0.0,0.0,0.0,0.0
F,0.0,0.0,0.0,0.0
F,-0.014783,0.0,0.0,-0.014783
F,0.0,0.0,0.0,0.0
F,0.0,0.0,0.0,0.0
F,0.0,0.0,0.0,0.0
F,0.0,0.0,0.0,0.0
F,0.0,0.0,0.0,0.0
F,0.0,0.0,0.0,0.0
F,0.0,0.0,0.0,0.0
F,0.0,0.0,0.0,0.0
F,0.0,0.0,0.0,0.0
F,0.0,0.0,0.0,0.0
F,0.0,0.0,0.0,0.0
F,0.0,0.0,0.0,0.0
F,0.0,0.0,0.0,0.0
F,0.0,0.0,0.0,0.0
F,0.0,0.0,0.0,0.0
F,0.0,0.0,0.0,0.0
F,0.0,0.0,0.0,0.0
F,0.0,0.0,0.0,0.0
F,0.0,0.0,0.0,0.0
F,0.0,0.0,0.0,0.0
F,0.0,0.0,0.0,0.0
F,0.0,0.0,0.0,0.0
F,-0.031765,0.0,0.0,-0.031765
F,0.0,0.0,0.0,0.0
F,0.0233033,0.0,0.0,0.0233033
F,0.0,0.0,0.0,0.0
F,0.0,0.0,0.0,0.0
F,0.0,0.0,0.0,0.0
F,0.0,0.0,0.0,0.0
F,0.0,0.0,0.0,0.0
F,0.0,0.0,0.0,0.0
F,0.0,0.0,0.0,0.0
F,0.110712,0.0,0.0,0.110712
F,0.0,0.0,0.0,0.0
F,0.0,0.0,0.0,0.0
F,0.0,0.0,0.0,0.0
F,0.0,0.0,0.0,0.0
F,0.0481614,0.0,0.0,0.0481614
F,0.0,0.0,0.0,0.0
F,0.0,0.0,0.0,0.0
F,0.0611292,0.0,0.0,0.0611292
F,0.0,0.0,0.0,0.0
F,0.0,0.0,0.0,0.0
F,0.0,0.0,0.0,0.0
F,0.0,0.0,0.0,0.0
F,0.00181625,0.0,0.0,0.00181625
F,0.0,0.0,0.0,0.0
F,0.0,0.0,0.0,0.0
F,0.0,0.0,0.0,0.0
F,0.0,0.0,0.0,0.0
F,0.135138,0.0,0.0,0.135138
F,0.0,0.0,0.0,0.0
F,0.0,0.0,0.0,0.0
F,0.0,0.0,0.0,0.0
F,0.0,0.0,0.0,0.0
F,0.0,0.0,0.0,0.0
F,0.0,0.0,0.0,0.0
F,0.0678719,0.0,0.0,0.0678719
F,0.0,0.0,0.0,0.0
F,0.0,0.0,0.0,0.0
F,0.0,0.0,0.0,0.0
F,-0.0107083,0.0,0.0,-0.0107083
F,0.0,0.0,0.0,0.0
F,0.0,0.0,0.0,0.0
F,0.0,0.0,0.0,0.0
F,0.0,0.0,0.0,0.0
F,0.0,0.0,0.0,0.0
F,0.0,0.0,0.0,0.0
F,0.0,0.0,0.0,0.0
F,0.0,0.0,0.0,0.0
F,0.0,0.0,0.0,0.0
F,0.0,0.0,0.0,0.0
F,0.0,0.0,0.0,0.0
F,0.0,0.0,0.0,0.0
F,0.0,0.0,0.0,0.0
F,0.0,0.0,0.0,0.0
F,0.0,0.0,0.0,0.0
F,0.0560493,0.0,0.0,0.0560493
F,-0.00536662,0.0,0.0,-0.00536662
F,0.0,0.0,0.0,0.0
F,0.0,0.0,0.0,0.0
F,0.0,0.0,0.0,0.0
F,0.0,0.0,0.0,0.0
F,0.0,0.0,0.0,0.0
F,-0.0079337,0.0,0.0,-0.0079337
F,0.0,0.0,0.0,0.0
F,0.0377844,0.0,0.0,0.0377844
F,0.100331,0.0,0.0,0.100331
F,0.0,0.0,0.0,0.0
F,0.0,0.0,0.0,0.0
F,0.0,0.0,0.0,0.0
F,0.0,0.0,0.0,0.0
F,-0.00884723,0.0,0.0,-0.00884723
F,0.0,0.0,0.0,0.0
F,0.0,0.0,0.0,0.0
F,0.0,0.0,0.0,0.0
F,0.0,0.0,0.0,0.0
F,0.0,0.0,0.0,0.0
F,-0.102981,0.0,0.0,-0.102981
F,0.0,0.0,0.0,0.0
F,0.0,0.0,0.0,0.0
F,0.0,0.0,0.0,0.0
F,0.0531781,0.0,0.0,0.0531781
F,0.0,0.0,0.0,0.0
F,0.0,0.0,0.0,0.0
F,0.0,0.0,0.0,0.0
F,0.0,0.0,0.0,0.0
F,0.0,0.0,0.0,0.0
F,-0.0149153,0.0,0.0,-0.0149153
F,0.0,0.0,0.0,0.0
F,0.0,0.0,0.0,0.0
F,0.0,0.0,0.0,0.0
F,-0.0500881,0.0,0.0,-0.0500881
F,0.0,0.0,0.0,0.0
F,-0.00982933,0.0,0.0,-0.00982933
F,0.0,0.0,0.0,0.0
F,0.0,0.0,0.0,0.0
F,0.0,0.0,0.0,0.0
F,-0.060947,0.0,0.0,-0.060947
F,0.0,0.0,0.0,0.0
F,0.0,0.0,0.0,0.0
F,0.0,0.0,0.0,0.0
F,0.0,0.0,0.0,0.0
F,0.0,0.0,0.0,0.0
F,0.0,0.0,0.0,0.0
F,0.0,0.0,0.0,0.0
F,0.0,0.0,0.0,0.0
F,0.0,-0.0263467,-0.0263467,-0.0263467
F,0.0,0.0,0.0,0.0
F,0.0,0.0,0.0,0.0
F,0.0,0.0,0.0,0.0
F,0.0,0.0,0.0,0.0
F,0.0,0.0,0.0,0.0
F,0.019825,0.0,0.0,0.019825
F,0.0,0.0,0.0,0.0
F,0.0,0.0,0.0,0.0
F,0.0594036,0.0,0.0,0.0594036
F,0.0,0.0,0.0,0.0
F,0.0308339,0.0,0.0,0.0308339
F,0.0,0.0,0.0,0.0
F,0.0,0.0,0.0,0.0
F,0.0,0.0,0.0,0.0
F,0.0,0.0,0.0,0.0
F,0.0,0.0,0.0,0.0
F,0.0,0.0,0.0,0.0
F,0.0,0.0,0.0,0.0
F,0.0,0.0,0.0,0.0
F,0.0,0.0,0.0,0.0
F,0.0,0.0,0.0,0.0
F,0.0,0.0,0.0,0.0
F,0.0,0.0,0.0,0.0
F,0.0,0.0,0.0,0.0
F,0.0,0.0,0.0,0.0
F,0.0,0.0,0.0,0.0
F,0.0,0.0,0.0,0.0
F,0.0,0.0,0.0,0.0
F,0.0,0.0,0.0,0.0
F,0.0,0.0,0.0,0.0
F,0.0,0.0,0.0,0.0
F,0.0,0.0,0.0,0.0
F,0.0,0.0,0.0,0.0
F,0.0790424,0.0,0.0,0.0790424
F,0.0,0.0,0.0,0.0
F,0.0,0.0,0.0,0.0
F,0.0,0.0,0.0,0.0
F,0.0,0.0,0.0,0.0
F,0.0,0.0,0.0,0.0
F,0.0,0.0,0.0,0.0
F,0.0,0.0,0.0,0.0
F,0.0,0.0,0.0,0.0
F,0.0,0.0,0.0,0.0
F,0.0,0.0,0.0,0.0
F,0.0,0.0,0.0,0.0
F,-0.0453157,0.0,0.0,-0.0453157
F,0.0481759,0.0,0.0,0.0481759
F,-0.0299691,0.0,0.0,-0.0299691
F,0.0,0.0,0.0,0.0
F,0.0,0.0,0.0,0.0
F,0.0,0.0,0.0,0.0
F,0.0,0.0,0.0,0.0
F,0.0,0.0,0.0,0.0
F,0.0,0.0,0.0,0.0
F,0.0,0.0,0.0,0.0
F,0.0,0.0,0.0,0.0
F,0.0,0.0,0.0,0.0
F,0.0,0.0,0.0,0.0
F,0.0,0.0,0.0,0.0
F,0.0169282,0.0,0.0,0.0169282
F,0.0,0.0,0.0,0.0
F,0.0,0.0,0.0,0.0
F,0.0,0.0,0.0,0.0
F,0.0,0.0,0.0,0.0
F,0.0,0.0,0.0,0.0
F,0.0,0.0,0.0,0.0
F,-0.0287928,0.0,0.0,-0.0287928
F,-0.040773,0.0,0.0,-0.040773
F,0.0,0.0,0.0,0.0
F,0.0,0.0,0.0,0.0
F,0.0,0.0,0.0,0.0
F,0.0,0.0,0.0,0.0
F,0.0216587,0.0,0.0,0.0216587
F,-0.00901071,0.0,0.0,-0.00901071
F,-0.031765,0.0,0.0,-0.031765
F,0.0248302,0.0,0.0,0.0248302
F,0.0,0.0,0.0,0.0
F,0.0,0.0,0.0,0.0
F,0.0,0.0,0.0,0.0
F,0.0,0.0,0.0,0.0
F,0.0,0.0,0.0,0.0
F,0.0,0.0,0.0,0.0
F,0.0,0.0,0.0,0.0
F,-0.0560164,0.0,0.0,-0.0560164
F,0.0,0.0,0.0,0.0
F,0.0,0.0,0.0,0.0
F,0.0,0.0,0.0,0.0
F,-0.109679,0.0,0.0,-0.109679
F,0.0,0.0,0.0,0.0
F,0.0,0.0,0.0,0.0
F,0.0,0.0,0.0,0.0
F,0.0,0.0,0.0,0.0
F,-0.00897207,0.0,0.0,-0.00897207
F,0.0,0.0,0.0,0.0
F,0.0,0.0,0.0,0.0
F,-0.00657958,0.0,0.0,-0.00657958
F,0.0,0.0,0.0,0.0
F,0.0,0.0,0.0,0.0
F,0.0,0.0,0.0,0.0
F,0.0,0.0,0.0,0.0
F,0.0,0.0,0.0,0.0
F,-0.0684495,0.0,0.0,-0.0684495
F,0.0278409,0.0,0.0,0.0278409
F,0.0896832,0.0,0.0,0.0896832
F,0.0,0.0,0.0,0.0
F,0.0,0.0,0.0,0.0
F,-0.101779,0.0,0.0,-0.101779
F,0.0108918,0.0,0.0,0.0108918
F,0.0,0.0,0.0,0.0
F,0.0,0.0,0.0,0.0
F,0.0,0.0,0.0,0.0
F,0.0,0.0,0.0,0.0
F,0.0,0.0,0.0,0.0
F,0.0,0.0,0.0,0.0
F,0.0079626,0.0,0.0,0.0079626
F,0.0,0.0,0.0,0.0
F,0.0,0.0,0.0,0.0
F,0.0,0.0,0.0,0.0
F,0.0,0.0,0.0,0.0
F,-0.0836383,0.0,0.0,-0.0836383
F,0.0434015,0.0,0.0,0.0434015
F,0.0,0.0,0.0,0.0
F,0.0,0.0,0.0,0.0
F,0.0,0.0,0.0,0.0
F,-0.100378,0.0,0.0,-0.100378
F,0.0,0.0,0.0,0.0
F,0.0,0.0,0.0,0.0
F,0.011073,0.0,0.0,0.011073
F,0.0,0.0,0.0,0.0
F,0.0187089,0.0,0.0,0.0187089
F,-0.072834,0.0,0.0,-0.072834
F,0.0,0.0,0.0,0.0
F,0.111024,0.0,0.0,0.111024
F,0.0,0.0,0.0,0.0
F,0.0,0.0,0.0,0.0
F,0.0,0.0,0.0,0.0
F,0.0,0.0,0.0,0.0
F,0.0,0.0,0.0,0.0
F,0.0,0.0,0.0,0.0
F,0.0,0.0,0.0,0.0
F,0.0,0.0,0.0,0.0
F,0.0,0.0,0.0,0.0
F,0.0,0.0,0.0,0.0
F,0.0,0.0,0.0,0.0
F,0.0,0.0,0.0,0.0
F,0.0,0.0,0.0,0.0
F,0.0,0.0,0.0,0.0
F,0.0,0.0,0.0,0.0
F,0.0,0.0,0.0,0.0
F,0.0,0.0,0.0,0.0
F,-0.100136,0.0,0.0,-0.100136
F,0.0,0.0,0.0,0.0
F,0.0,0.0,0.0,0.0
F,0.0,0.0,0.0,0.0
F,0.0,0.0,0.0,0.0
F,0.0,0.0,0.0,0.0
F,0.0,0.0,0.0,0.0
F,-0.0330308,0.0,0.0,-0.0330308
F,0.0,0.0,0.0,0.0
F,0.0,0.0,0.0,0.0
F,0.0,0.0,0.0,0.0
F,0.0,0.0,0.0,0.0
F,0.0,0.0,0.0,0.0
F,0.0,0.0,0.0,0.0
F,0.0,0.0,0.0,0.0
F,0.0,0.0,0.0,0.0
F,-0.0176795,0.0,0.0,-0.0176795
F,0.0,0.0,0.0,0.0
F,0.0,0.0,0.0,0.0
F,0.0,0.0,0.0,0.0
F,0.0,0.0,0.0,0.0
F,0.0,0.0,0.0,0.0
F,0.0531963,0.0,0.0,0.0531963
F,0.0,0.0,0.0,0.0
F,0.0,0.0,0.0,0.0
F,0.0,0.0,0.0,0.0
F,0.0,0.0,0.0,0.0
F,0.0189359,0.0,0.0,0.0189359
F,-0.0111247,0.0,0.0,-0.0111247
F,0.0,0.0,0.0,0.0
F,0.0,0.0,0.0,0.0
F,0.0,0.0,0.0,0.0
F,0.0,0.0,0.0,0.0
F,0.0,0.0,0.0,0.0
F,0.0,0.0,0.0,0.0
F,0.0,0.0,0.0,0.0
F,0.0,0.0,0.0,0.0
F,0.0,0.0,0.0,0.0
F,0.0,0.0,0.0,0.0
F,0.0,0.0,0.0,0.0
F,0.0,0.0,0.0,0.0
F,0.0,0.0,0.0,0.0
F,0.0,0.0,0.0,0.0
F,0.0,0.0,0.0,0.0
F,-0.0908978,0.0,0.0,-0.0908978
F,0.0,0.0,0.0,0.0
F,0.0,0.0,0.0,0.0
F,0.0,0.0,0.0,0.0
F,0.0,0.0,0.0,0.0
F,0.0,0.0,0.0,0.0
F,0.020353,0.0,0.0,0.020353
F,0.0,0.0,0.0,0.0
F,0.0,0.0,0.0,0.0
F,0.0,0.0,0.0,0.0
F,0.0,0.0,0.0,0.0
F,0.0,0.0,0.0,0.0
F,0.0,0.0,0.0,0.0
F,0.0,0.0,0.0,0.0
F,0.0,0.0,0.0,0.0
F,-0.168743,0.0,0.0,-0.168743
F,0.0,0.0,0.0,0.0
F,0.0,0.0,0.0,0.0
F,0.0,0.0,0.0,0.0
F,0.0,0.0,0.0,0.0
F,0.0,0.0,0.0,0.0
F,0.0,0.0,0.0,0.0
F,-0.0213459,0.0,0.0,-0.0213459
F,0.0,0.0,0.0,0.0
F,0.0,0.0,0.0,0.0
F,-0.0320763,0.0,0.0,-0.0320763
F,0.0,0.0,0.0,0.0
F,0.0,0.0,0.0,0.0
F,0.0,0.0,0.0,0.0
F,0.0209532,0.0,0.0,0.0209532
F,0.0,0.0,0.0,0.0
F,0.0,0.0,0.0,0.0
F,0.0,0.0,0.0,0.0
F,0.0,0.0,0.0,0.0
F,0.0,0.0,0.0,0.0
F,0.0,0.0,0.0,0.0
F,0.0,0.0,0.0,0.0
F,0.0,0.0,0.0,0.0
F,0.0,0.0,0.0,0.0
F,0.0,0.0,0.0,0.0
F,-0.0109875,0.0,0.0,-0.0109875
F,0.0,0.0,0.0,0.0
F,0.0,0.0,0.0,0.0
F,0.0,0.0,0.0,0.0
F,0.0,0.0,0.0,0.0
F,0.0,0.0,0.0,0.0
F,0.0,0.0,0.0,0.0
F,0.0,0.0,0.0,0.0
F,0.0,0.0,0.0,0.0
F,0.0,0.0,0.0,0.0
F,0.0,0.0,0.0,0.0
F,0.0,0.0,0.0,0.0
F,0.0,0.0,0.0,0.0
F,0.0,0.0,0.0,0.0
F,0.0,0.0,0.0,0.0
F,0.0,0.0,0.0,0.0
F,0.0,0.0,0.0,0.0
F,0.0,0.0,0.0,0.0
F,0.0,0.0,0.0,0.0
F,0.0,0.0,0.0,0.0
F,0.11283,0.0,0.0,0.11283
F,0.0,0.0,0.0,0.0
F,0.0,0.0,0.0,0.0
F,0.0,0.0,0.0,0.0
F,0.0,0.0,0.0,0.0
F,0.0,0.0,0.0,0.0
F,-0.00984757,0.0,0.0,-0.00984757
F,-0.0747343,0.0,0.0,-0.0747343
F,0.0,0.0,0.0,0.0
F,0.0,0.0,0.0,0.0
F,0.0,0.0,0.0,0.0
F,0.0,0.0,0.0,0.0
F,0.0,0.0,0.0,0.0
F,0.020353,0.0,0.0,0.020353
F,0.0169282,0.0,0.0,0.0169282
F,0.0,0.0,0.0,0.0
F,0.00310743,0.0,0.0,0.00310743
F,0.118247,0.0,0.0,0.118247
F,0.0,0.0,0.0,0.0
F,0.0,0.0,0.0,0.0
F,0.0714355,0.0,0.0,0.0714355
F,0.0,0.0,0.0,0.0
F,-0.0731521,0.0,0.0,-0.0731521
F,0.0,0.0,0.0,0.0
F,0.0,0.0,0.0,0.0
F,0.0,0.0,0.0,0.0
F,0.0,0.0,0.0,0.0
F,0.0,0.0,0.0,0.0
F,0.0528588,0.0,0.0,0.0528588
F,0.0,0.0,0.0,0.0
F,-0.000522322,0.0,0.0,-0.000522322
F,0.0,0.0,0.0,0.0
F,0.0,0.0,0.0,0.0
F,0.0481759,0.0,0.0,0.0481759
F,0.0,0.0,0.0,0.0
F,0.0,0.0,0.0,0.0
F,0.0,0.0,0.0,0.0
F,0.0,0.0,0.0,0.0
F,0.0108918,0.0,0.0,0.0108918
F,0.0321886,0.0,0.0,0.0321886
F,0.0,0.0,0.0,0.0
F,0.0,0.0,0.0,0.0
F,0.0,0.0,0.0,0.0
F,0.0,0.0,0.0,0.0
F,0.0,0.0,0.0,0.0
F,0.0,0.0,0.0,0.0
F,0.0,0.0,0.0,0.0
F,0.0,0.0,0.0,0.0
F,0.0,0.0,0.0,0.0
F,0.0,0.0,0.0,0.0
F,0.0,0.0,0.0,0.0
F,0.0,0.0,0.0,0.0
F,0.0,0.0,0.0,0.0
F,0.0,0.0,0.0,0.0
F,0.0,0.0,0.0,0.0
F,0.0,0.0,0.0,0.0
F,0.0,0.0,0.0,0.0
F,0.0,0.0,0.0,0.0
F,0.0,0.0,0.0,0.0
F,0.0,0.0,0.0,0.0
F,0.0,0.0,0.0,0.0
F,0.0,0.0,0.0,0.0
F,0.0,0.0,0.0,0.0
F,-0.0462514,0.0,0.0,-0.0462514
F,0.0,0.0,0.0,0.0
F,0.0,0.0,0.0,0.0
F,0.0,-0.0263467,-0.0263467,-0.0263467
F,0.0,0.0,0.0,0.0
F,0.0,0.0,0.0,0.0
F,0.0,0.0,0.0,0.0
F,-0.102981,0.0,0.0,-0.102981
F,0.0,0.0,0.0,0.0
F,0.0,0.0,0.0,0.0
F,0.0,0.0,0.0,0.0
F,0.0,0.0,0.0,0.0
F,0.0,0.0,0.0,0.0
F,0.0,0.0,0.0,0.0
F,0.019959,0.0,0.0,0.019959
F,0.0263268,0.0,0.0,0.0263268
F,0.0,0.0,0.0,0.0
F,0.0,0.0,0.0,0.0
F,0.0,0.0,0.0,0.0
F,0.0,0.0,0.0,0.0
F,0.0,0.0,0.0,0.0
F,0.0,0.0,0.0,0.0
F,0.0,0.0,0.0,0.0
F,0.0,0.0,0.0,0.0
F,0.0,0.0,0.0,0.0
F,0.0,0.0,0.0,0.0
F,0.0,0.0,0.0,0.0
F,0.0,0.0,0.0,0.0
F,0.0,0.0,0.0,0.0
F,0.0,0.0,0.0,0.0
F,0.0,0.0,0.0,0.0
F,0.0,0.0,0.0,0.0
F,0.0,0.0,0.0,0.0
F,0.0,0.0,0.0,0.0
F,0.00403877,0.0,0.0,0.00403877
F,0.0,0.0,0.0,0.0
F,0.0,0.0,0.0,0.0
F,0.0,0.0,0.0,0.0
F,0.086314,0.0,0.0,0.086314
F,0.0849629,0.0,0.0,0.0849629
F,0.0,0.0,0.0,0.0
F,0.0,0.0,0.0,0.0
F,-0.00689473,0.0,0.0,-0.00689473
F,0.0,0.0,0.0,0.0
F,0.0,0.0,0.0,0.0
F,0.0,0.0,0.0,0.0
F,0.0,0.0,0.0,0.0
F,0.0,0.0,0.0,0.0
F,0.0,0.0,0.0,0.0
F,0.0,0.0,0.0,0.0
F,0.0,0.0,0.0,0.0
F,0.0,0.0,0.0,0.0
F,0.0,0.0,0.0,0.0
F,0.0,0.0,0.0,0.0
F,0.0,0.0,0.0,0.0
F,0.0,0.0,0.0,0.0
F,0.0,0.0,0.0,0.0
F,0.0,0.0,0.0,0.0
F,0.0,0.0,0.0,0.0
F,0.0,0.0,0.0,0.0
F,0.0,0.0,0.0,0.0
F,0.0,0.0,0.0,0.0
F,0.0,0.0,0.0,0.0
F,0.0,0.0,0.0,0.0
F,0.0,0.0,0.0,0.0
F,0.0,0.0,0.0,0.0
F,0.0,0.0,0.0,0.0
F,0.0,0.0,0.0,0.0
F,0.0,0.0,0.0,0.0
F,0.0,0.0,0.0,0.0
F,0.0,0.0,0.0,0.0
F,0.0,0.0,0.0,0.0
F,0.0,0.0,0.0,0.0
F,0.0,0.0,0.0,0.0
F,0.0,0.0,0.0,0.0
F,-0.147027,0.0,0.0,-0.147027
F,0.0,0.0,0.0,0.0
F,0.0,0.0,0.0,0.0
F,0.0,0.0,0.0,0.0
F,0.0,0.0,0.0,0.0
F,0.0,0.0,0.0,0.0
F,0.0,0.0,0.0,0.0
F,0.0,0.0,0.0,0.0
F,0.0,0.0,0.0,0.0
F,0.0469691,0.0,0.0,0.0469691
F,0.0,0.0,0.0,0.0
F,0.0,0.0,0.0,0.0
F,0.0,0.0,0.0,0.0
F,0.0,0.0,0.0,0.0
F,0.0,0.0,0.0,0.0
F,0.0469691,0.0,0.0,0.0469691
F,0.0,0.0,0.0,0.0
F,-0.0320763,0.0,0.0,-0.0320763
F,0.0,0.0,0.0,0.0
F,-0.0879478,0.0,0.0,-0.0879478
F,0.0,0.0,0.0,0.0
F,0.0,0.0,0.0,0.0
F,0.0,0.0,0.0,0.0
F,0.0,0.0,0.0,0.0
F,0.0,0.0,0.0,0.0
F,0.0,0.0,0.0,0.0
F,0.06734,0.0,0.0,0.06734
F,0.0,0.0,0.0,0.0
F,0.00945369,0.0,0.0,0.00945369
F,0.0,0.0,0.0,0.0
F,0.0,0.0,0.0,0.0
F,0.0,0.0,0.0,0.0
F,-0.0165456,0.0,0.0,-0.0165456
F,0.0,0.0,0.0,0.0
F,0.0,0.0,0.0,0.0
F,0.0,0.0,0.0,0.0
F,0.0,0.0,0.0,0.0
F,0.0242289,0.0,0.0,0.0242289
F,0.0,0.0,0.0,0.0
F,0.0,0.0,0.0,0.0
F,0.0,0.0,0.0,0.0
F,-0.00323228,0.0,0.0,-0.00323228
F,0.0,0.0,0.0,0.0
F,0.0,0.0,0.0,0.0
F,0.0,0.0,0.0,0.0
F,0.0,0.0,0.0,0.0
F,0.0469691,0.0,0.0,0.0469691
F,0.0,0.0,0.0,0.0
F,0.0,0.0,0.0,0.0
F,0.0,0.0,0.0,0.0
F,0.0,0.0,0.0,0.0
F,0.0,0.0,0.0,0.0
F,0.0481759,0.0,0.0,0.0481759
F,0.0,0.0,0.0,0.0
F,-0.0235897,0.0,0.0,-0.0235897
F,0.0,0.0,0.0,0.0
F,0.0,0.0,0.0,0.0
F,0.0,0.0,0.0,0.0
F,-0.00521359,0.0,0.0,-0.00521359
F,0.0,0.0,0.0,0.0
F,0.0,0.0,0.0,0.0
F,0.0,0.0,0.0,0.0
F,0.0,0.0,0.0,0.0
F,0.0,0.0,0.0,0.0
F,0.0,0.0,0.0,0.0
F,0.0,0.0,0.0,0.0
F,0.0,0.0,0.0,0.0
F,0.0,0.0,0.0,0.0
F,0.0555826,0.0,0.0,0.0555826
F,0.0,0.0,0.0,0.0
F,0.0,0.0,0.0,0.0
F,0.0,0.0,0.0,0.0
F,0.0,0.0,0.0,0.0
F,0.0,0.0,0.0,0.0
F,-0.00536662,0.0,0.0,-0.00536662
F,0.0,0.0,0.0,0.0
F,0.0,0.0,0.0,0.0
F,0.0,0.0,0.0,0.0
F,0.0,0.0,0.0,0.0
F,0.0,0.0,0.0,0.0
F,0.0,0.0,0.0,0.0
F,0.0,0.0,0.0,0.0
F,0.0,0.0,0.0,0.0
F,0.011073,0.0,0.0,0.011073
F,0.0,0.0,0.0,0.0
F,0.0,0.0,0.0,0.0
F,0.0,0.0,0.0,0.0
F,0.0169282,0.0,0.0,0.0169282
F,0.0,0.0,0.0,0.0
F,0.0,0.0,0.0,0.0
F,0.0,0.0,0.0,0.0
F,0.0,0.0,0.0,0.0
F,0.0310035,0.0,0.0,0.0310035
F,0.0,0.0,0.0,0.0
F,0.0,0.0,0.0,0.0
F,0.0,0.0,0.0,0.0
F,0.0,0.0,0.0,0.0
F,0.0,0.0,0.0,0.0
F,0.0,0.0,0.0,0.0
F,0.0,0.0,0.0,0.0
F,0.0,0.0,0.0,0.0
F,0.0,0.0,0.0,0.0
F,0.0,0.0,0.0,0.0
F,0.0,0.0,0.0,0.0
F,0.0,0.0,0.0,0.0
F,0.0,0.0,0.0,0.0
F,0.0,0.0,0.0,0.0
F,0.0140153,0.0,0.0,0.0140153
F,0.0,0.0,0.0,0.0
F,0.0,0.0,0.0,0.0
F,0.0,0.0,0.0,0.0
F,0.0,0.0,0.0,0.0
F,0.0,0.0,0.0,0.0
F,0.0,0.0,0.0,0.0
F,0.0,0.0,0.0,0.0
F,0.0,0.0,0.0,0.0
F,0.0232943,0.0,0.0,0.0232943
F,0.0,0.0,0.0,0.0
F,0.0,0.0,0.0,0.0
F,0.0,0.0,0.0,0.0
F,0.0,0.0,0.0,0.0
F,0.0,0.0,0.0,0.0
F,0.0,0.0,0.0,0.0
F,0.0276054,0.0,0.0,0.0276054
F,0.0485144,0.0,0.0,0.0485144
F,0.0,0.0,0.0,0.0
F,0.0,0.0,0.0,0.0
F,0.0,0.0,0.0,0.0
F,0.0,0.0,0.0,0.0
F,0.0,0.0,0.0,0.0
F,0.0,0.0,0.0,0.0
F,0.0,0.0,0.0,0.0
F,0.0,0.0,0.0,0.0
F,0.0,0.0,0.0,0.0
F,0.0,0.0,0.0,0.0
F,0.0,0.0,0.0,0.0
F,0.0,0.0,0.0,0.0
F,0.0,0.0,0.0,0.0
F,0.0,0.0,0.0,0.0
F,-0.0273743,0.0,0.0,-0.0273743
F,0.0,0.0,0.0,0.0
F,0.0,0.0,0.0,0.0
F,0.0,0.0,0.0,0.0
F,0.0,0.0,0.0,0.0
F,0.0,0.0,0.0,0.0
F,0.0,0.0,0.0,0.0
F,0.0,0.0,0.0,0.0
F,0.0,0.0,0.0,0.0
F,-0.0941058,0.0,0.0,-0.0941058
F,0.0,0.0,0.0,0.0
F,0.0,0.0,0.0,0.0
F,0.0,0.0,0.0,0.0
F,0.0,0.0,0.0,0.0
F,0.0,0.0164545,0.0164545,0.0164545
F,0.0,0.0,0.0,0.0
F,0.0,0.0,0.0,0.0
F,0.0,0.0,0.0,0.0
F,0.0,0.0,0.0,0.0
F,0.0176723,0.0,0.0,0.0176723
F,0.0,0.0,0.0,0.0
F,0.0,0.0,0.0,0.0
F,0.0,0.0,0.0,0.0
F,0.0,0.0,0.0,0.0
F,0.0,0.0,0.0,0.0
F,0.0,0.0,0.0,0.0
F,-0.0758703,0.0,0.0,-0.0758703
F,0.0,0.0,0.0,0.0
F,0.0,0.0,0.0,0.0
F,0.0,0.0,0.0,0.0
F,0.0,0.0,0.0,0.0
F,-0.0563728,0.0,0.0,-0.0563728
F,0.0,0.0,0.0,0.0
F,-0.00901071,0.0,0.0,-0.00901071
F,0.0,0.0,0.0,0.0
F,0.0617826,0.0,0.0,0.0617826
F,0.0,0.0,0.0,0.0
F,0.0,0.0,0.0,0.0
F,0.0,0.0,0.0,0.0
F,0.0,0.0,0.0,0.0
F,0.0,0.0,0.0,0.0
F,0.0,0.0,0.0,0.0
F,-0.100378,0.0,0.0,-0.100378
F,0.0,0.0,0.0,0.0
F,0.0,0.0,0.0,0.0
F,0.0,0.0,0.0,0.0
F,0.0,0.0,0.0,0.0
F,0.0,0.0,0.0,0.0
F,0.0,0.0,0.0,0.0
F,0.0,0.0,0.0,0.0
F,0.0,0.0,0.0,0.0
F,0.0,0.0,0.0,0.0
F,0.0,0.0,0.0,0.0
F,0.0,0.0,0.0,0.0
F,0.0,0.0,0.0,0.0
F,-0.0836383,0.0,0.0,-0.0836383
F,0.0,0.0,0.0,0.0
F,-0.0561289,0.0,0.0,-0.0561289
F,0.0,0.0,0.0,0.0
F,0.0,0.0,0.0,0.0
F,0.0,0.0,0.0,0.0
F,0.0,0.0,0.0,0.0
F,0.0,0.0,0.0,0.0
F,-0.0731521,0.0,0.0,-0.0731521
F,0.0,0.0,0.0,0.0
F,0.0,0.0,0.0,0.0
F,0.0,0.0,0.0,0.0
F,-0.00401286,0.0,0.0,-0.00401286
F,0.0233033,0.0,0.0,0.0233033
F,0.0,0.0,0.0,0.0
F,0.0,0.0,0.0,0.0
F,0.0,0.0,0.0,0.0
F,0.0,0.0,0.0,0.0
F,0.0,0.0,0.0,0.0
F,0.0,0.0,0.0,0.0
F,0.0,0.0,0.0,0.0
F,0.0,0.0,0.0,0.0
F,0.0,0.0,0.0,0.0
F,0.0216587,0.0,0.0,0.0216587
F,0.0,0.0,0.0,0.0
F,0.0,0.0,0.0,0.0
F,0.0,0.0,0.0,0.0
F,0.0,0.0,0.0,0.0
F,0.0,0.0,0.0,0.0
F,-0.0693912,0.0,0.0,-0.0693912
F,0.0,0.0,0.0,0.0
F,0.0,0.0,0.0,0.0
F,0.0,0.0,0.0,0.0
F,0.000118407,0.0,0.0,0.000118407
F,-0.0396669,0.0,0.0,-0.0396669
F,0.0,0.0,0.0,0.0
F,0.0,0.0,0.0,0.0
F,0.0,0.0,0.0,0.0
F,0.0797384,0.0,0.0,0.0797384
F,0.0,0.0,0.0,0.0
F,0.0,0.0,0.0,0.0
F,0.0,0.0,0.0,0.0
F,0.0,0.0,0.0,0.0
F,0.0,0.0,0.0,0.0
F,0.0,0.0,0.0,0.0
F,0.0,0.0,0.0,0.0
F,0.0,0.0,0.0,0.0
F,0.0,0.0,0.0,0.0
F,0.0,0.0,0.0,0.0
F,0.0,0.0,0.0,0.0
F,0.0,0.0,0.0,0.0
F,0.0,0.0,0.0,0.0
F,0.0,0.0,0.0,0.0
F,0.0,0.0,0.0,0.0
F,0.0,0.0,0.0,0.0
F,0.0,0.0,0.0,0.0
F,0.0,0.0,0.0,0.0
F,0.0,0.0,0.0,0.0
F,-0.0238051,0.0,0.0,-0.0238051
F,0.0,0.0,0.0,0.0
F,0.0,0.0,0.0,0.0
F,0.0,0.0,0.0,0.0
F,0.0,0.0,0.0,0.0
F,0.0,0.0,0.0,0.0
F,0.0,0.0,0.0,0.0
F,0.0,0.0,0.0,0.0
F,0.0,0.0,0.0,0.0
F,0.0,0.0,0.0,0.0
F,0.0,0.0,0.0,0.0
F,0.0,0.0,0.0,0.0
F,0.00746206,0.0,0.0,0.00746206
F,0.0,0.0,0.0,0.0
F,0.0,0.0,0.0,0.0
F,0.0,0.0,0.0,0.0
F,0.0,0.0,0.0,0.0
F,0.0,0.0,0.0,0.0
F,0.0,0.0,0.0,0.0
F,0.0,0.0,0.0,0.0
F,0.0,0.0,0.0,0.0
F,0.0,0.0,0.0,0.0
F,0.0,0.0,0.0,0.0
F,0.0,0.0,0.0,0.0
F,0.0,0.0,0.0,0.0
F,0.0,0.0,0.0,0.0
F,-0.0254118,0.0,0.0,-0.0254118
F,0.0,0.0,0.0,0.0
F,0.211588,0.0,0.0,0.211588
F,0.0,0.0,0.0,0.0
F,0.0,0.0,0.0,0.0
F,0.0,0.0,0.0,0.0
F,0.0,0.0,0.0,0.0
F,0.0,0.0,0.0,0.0
F,0.0,0.0,0.0,0.0
F,0.0,0.0,0.0,0.0
F,0.0201324,0.0,0.0,0.0201324
F,0.0,0.0,0.0,0.0
F,0.0,0.0,0.0,0.0
F,0.0,0.0,0.0,0.0
F,0.0,0.0,0.0,0.0
F,-0.0684495,0.0,0.0,-0.0684495
F,-0.125351,0.0,0.0,-0.125351
F,-0.136119,0.0,0.0,-0.136119
F,0.00946153,0.0,0.0,0.00946153
F,0.0,0.0,0.0,0.0
F,0.0,0.0,0.0,0.0
F,-0.0477496,0.0,0.0,-0.0477496
F,0.0,0.0,0.0,0.0
F,0.0,0.0,0.0,0.0
F,0.0,0.0,0.0,0.0
F,0.0,0.0,0.0,0.0
F,0.0,0.0,0.0,0.0
F,-0.0366775,0.0,0.0,-0.0366775
F,0.0,0.0,0.0,0.0
F,0.0,0.0,0.0,0.0
F,0.0,0.0,0.0,0.0
F,0.0,0.0,0.0,0.0
F,-0.0184957,0.0,0.0,-0.0184957
F,0.0,0.0,0.0,0.0
F,0.0,0.0,0.0,0.0
F,0.020636,0.0,0.0,0.020636
F,0.0,0.0,0.0,0.0
F,0.0,0.0,0.0,0.0
F,0.0470847,0.0,0.0,0.0470847
F,0.0,0.0,0.0,0.0
F,-0.032473,0.0,0.0,-0.032473
F,0.0,0.0,0.0,0.0
F,0.0,0.0,0.0,0.0
F,0.0,0.0,0.0,0.0
F,0.0,0.0,0.0,0.0
F,0.0,0.0,0.0,0.0
F,0.0,0.0,0.0,0.0
F,0.0,0.0,0.0,0.0
F,0.0,0.0,0.0,0.0
F,0.0,0.0,0.0,0.0
F,-0.0767129,0.0,0.0,-0.0767129
F,0.0,0.0,0.0,0.0
F,-0.0493356,0.0,0.0,-0.0493356
F,0.0377684,0.0,0.0,0.0377684
F,0.0,0.0,0.0,0.0
F,0.0134102,0.0,0.0,0.0134102
F,0.0,0.0,0.0,0.0
F,0.0,0.0,0.0,0.0
F,0.0,0.0,0.0,0.0
F,0.0191098,0.0496928,0.0496928,0.0688026
F,-0.00193114,0.0242361,0.0242361,0.022305
F,0.0,0.0,0.0,0.0
F,0.0,0.0,0.0,0.0
F,0.0,0.0,0.0,0.0
F,0.0,0.0,0.0,0.0
F,0.0,0.0,0.0,0.0
F,0.0,0.0,0.0,0.0
F,0.0,0.0,0.0,0.0
F,0.0,0.0,0.0,0.0
F,0.0,0.0,0.0,0.0
F,0.0,0.0,0.0,0.0
F,0.0,0.0,0.0,0.0
F,0.0,0.0,0.0,0.0
F,0.0,0.0,0.0,0.0
F,0.0,0.0,0.0,0.0
F,0.0,0.0,0.0,0.0
F,0.0,0.0,0.0,0.0
F,0.0,0.0,0.0,0.0
F,0.0,0.0,0.0,0.0
F,0.0,0.0,0.0,0.0
F,0.0,0.0,0.0,0.0
F,0.0,0.0,0.0,0.0
F,0.0,0.0,0.0,0.0
F,0.0,0.0,0.0,0.0
F,0.0,0.0,0.0,0.0
F,0.0,0.0,0.0,0.0
F,0.0,0.0,0.0,0.0
F,0.0,0.0,0.0,0.0
F,0.00934527,0.0,0.0,0.00934527
F,0.0678687,0.0,0.0,0.0678687
F,0.0,0.0,0.0,0.0
F,0.0,0.0,0.0,0.0
F,0.0,0.0,0.0,0.0
F,0.0,0.0,0.0,0.0
F,0.0,0.0,0.0,0.0
F,0.0,0.0,0.0,0.0
F,0.0,0.0,0.0,0.0
F,0.0,0.0,0.0,0.0
F,0.0,0.0,0.0,0.0
F,0.0,0.0,0.0,0.0
F,0.0,0.0,0.0,0.0
F,0.0,0.0,0.0,0.0
F,0.0,0.0,0.0,0.0
F,-0.0196987,0.0,0.0,-0.0196987
F,0.0404956,0.0,0.0,0.0404956
F,0.0,0.0,0.0,0.0
F,0.0,0.0,0.0,0.0
F,0.0,0.0,0.0,0.0
F,0.0,0.0,0.0,0.0
F,0.0,0.0,0.0,0.0
F,-0.043662,0.0,0.0,-0.043662
F,0.0,0.0,0.0,0.0
F,0.0,0.0,0.0,0.0
F,0.0,0.0,0.0,0.0
F,0.0,0.0,0.0,0.0
F,0.0,0.0,0.0,0.0
F,0.0,0.0,0.0,0.0
F,0.0086498,0.0,0.0,0.0086498
F,0.0,0.0,0.0,0.0
F,0.0,0.0,0.0,0.0
F,-0.00778041,0.0,0.0,-0.00778041
F,0.034352,0.0,0.0,0.034352
F,0.00858748,0.0,0.0,0.00858748
F,0.0,0.0,0.0,0.0
F,0.0,0.0,0.0,0.0
F,0.0172612,0.0,0.0,0.0172612
F,0.0,0.0,0.0,0.0
F,0.0,0.0,0.0,0.0
F,0.0,0.0,0.0,0.0
F,0.0,0.0,0.0,0.0
F,0.0,0.0,0.0,0.0
F,0.0,0.0,0.0,0.0
F,-0.0891618,0.0,0.0,-0.0891618
F,0.0,0.0,0.0,0.0
F,-0.0499657,0.0,0.0,-0.0499657
F,0.0,0.0,0.0,0.0
F,0.0,0.0,0.0,0.0
F,0.0,0.0,0.0,0.0
F,0.0,0.0,0.0,0.0
F,0.0641577,0.0,0.0,0.0641577
F,0.0,0.0,0.0,0.0
F,0.0,0.0,0.0,0.0
F,0.0,0.0,0.0,0.0
F,0.0,0.0,0.0,0.0
F,0.0,0.0,0.0,0.0
F,0.0,0.0,0.0,0.0
F,0.0,0.0,0.0,0.0
F,0.0,0.0,0.0,0.0
F,0.0,0.0,0.0,0.0
F,0.0,0.0,0.0,0.0
F,0.0,0.0,0.0,0.0
F,0.0,0.0,0.0,0.0
F,0.0,0.0,0.0,0.0
F,0.0,0.0,0.0,0.0
F,0.0,0.0,0.0,0.0
F,0.0,0.0,0.0,0.0
F,0.0172424,0.0,0.0,0.0172424
F,0.0,0.0,0.0,0.0
F,0.0,0.0,0.0,0.0
F,0.0,0.0,0.0,0.0
F,0.0,0.0,0.0,0.0
F,0.0,0.0,0.0,0.0
F,0.0,-0.0263467,-0.0263467,-0.0263467
F,0.0108918,0.0,0.0,0.0108918
F,0.0,0.0,0.0,0.0
F,0.0191381,0.0,0.0,0.0191381
F,0.0,0.0,0.0,0.0
F,0.0248302,0.0,0.0,0.0248302
F,0.0898182,0.0,0.0,0.0898182
F,0.0,0.0,0.0,0.0
F,0.0,0.0,0.0,0.0
F,0.0,0.0,0.0,0.0
F,-0.00698747,0.0,0.0,-0.00698747
F,0.0,0.0,0.0,0.0
F,0.00482729,0.0,0.0,0.00482729
F,0.0,0.0,0.0,0.0
F,-0.0150003,0.0,0.0,-0.0150003
F,-0.102981,0.0,0.0,-0.102981
F,0.0,0.0,0.0,0.0
F,0.0,0.0,0.0,0.0
F,0.0,0.0,0.0,0.0
F,0.0,0.0,0.0,0.0
F,-0.0116083,0.0,0.0,-0.0116083
F,0.0,0.0,0.0,0.0
F,0.0,0.0,0.0,0.0
F,0.0,0.0,0.0,0.0
F,0.0,0.0,0.0,0.0
F,0.0,0.0,0.0,0.0
F,0.0,0.0,0.0,0.0
F,-0.168743,0.0,0.0,-0.168743
F,0.0,0.0,0.0,0.0
F,-0.0914732,0.0,0.0,-0.0914732
F,-0.0980076,0.0,0.0,-0.0980076
F,0.0,0.0,0.0,0.0
F,0.0,0.0,0.0,0.0
F,0.0,0.0,0.0,0.0
F,0.0,0.0,0.0,0.0
F,0.0,0.0,0.0,0.0
F,0.0,0.0,0.0,0.0
F,0.0,0.0,0.0,0.0
F,0.0,0.0,0.0,0.0
F,0.0,0.0,0.0,0.0
F,0.0,0.0,0.0,0.0
F,0.0,0.0,0.0,0.0
F,0.0,0.0,0.0,0.0
F,0.0,0.0,0.0,0.0
F,0.0,0.0,0.0,0.0
F,0.0836222,0.0,0.0,0.0836222
F,0.0,0.0,0.0,0.0
F,0.0,0.0,0.0,0.0
F,0.0,0.0,0.0,0.0
F,-0.0584526,0.0,0.0,-0.0584526
F,0.0,0.0,0.0,0.0
F,0.0,0.0,0.0,0.0
F,0.0,0.0,0.0,0.0
F,0.0,0.0,0.0,0.0
F,0.0,0.0,0.0,0.0
F,0.0,0.0,0.0,0.0
F,0.0,0.0,0.0,0.0
F,0.0,0.0,0.0,0.0
F,0.0,0.0,0.0,0.0
F,0.0,0.0,0.0,0.0
F,0.0,0.0,0.0,0.0
F,0.0,0.0,0.0,0.0
F,0.0,0.0,0.0,0.0
F,0.0,0.0,0.0,0.0
F,0.0,0.0,0.0,0.0
F,0.0,0.0,0.0,0.0
F,0.0,0.0,0.0,0.0
F,0.0,0.0,0.0,0.0
F,0.0,0.0,0.0,0.0
F,-0.00767453,0.0,0.0,-0.00767453
F,0.0,0.0,0.0,0.0
F,0.0,0.0,0.0,0.0
F,0.0,0.0,0.0,0.0
F,-0.0714766,0.0,0.0,-0.0714766
F,0.086314,0.0,0.0,0.086314
F,0.0,0.0,0.0,0.0
F,0.0,0.0,0.0,0.0
F,-0.11584,0.0,0.0,-0.11584
F,0.0,0.0,0.0,0.0
F,0.0,0.0,0.0,0.0
F,0.0,0.0,0.0,0.0
F,0.0750802,0.0,0.0,0.0750802
F,0.0,0.0,0.0,0.0
F,-0.00204938,0.0,0.0,-0.00204938
F,0.0,0.0,0.0,0.0
F,0.0,0.0,0.0,0.0
F,0.0,0.0,0.0,0.0
F,-0.0606677,0.0,0.0,-0.0606677
F,0.0,0.0,0.0,0.0
F,0.0,0.0,0.0,0.0
F,0.0,0.0,0.0,0.0
F,-0.084395,0.0,0.0,-0.084395
F,0.0,0.0,0.0,0.0
F,0.0,0.0,0.0,0.0
F,0.0,0.0,0.0,0.0
F,0.0,0.0,0.0,0.0
F,0.0,0.0,0.0,0.0
F,0.0,0.0,0.0,0.0
F,0.0,0.0,0.0,0.0
F,0.0,0.0,0.0,0.0
F,0.0086498,0.0,0.0,0.0086498
F,0.0,0.0,0.0,0.0
F,0.0,0.0,0.0,0.0
F,0.0,0.0,0.0,0.0
F,0.0,0.0,0.0,0.0
F,0.0,0.0,0.0,0.0
F,0.0,0.0,0.0,0.0
F,0.0,0.0,0.0,0.0
F,-0.00686864,0.0,0.0,-0.00686864
F,0.0,0.0,0.0,0.0
F,0.0,0.0,0.0,0.0
F,0.0,0.0,0.0,0.0
F,0.0,0.0,0.0,0.0
F,0.0,0.0,0.0,0.0
F,0.0,0.0,0.0,0.0
F,0.0,0.0,0.0,0.0
F,-0.11584,0.0,0.0,-0.11584
F,0.0,0.0,0.0,0.0
F,-0.0498345,0.0,0.0,-0.0498345
F,0.0,0.0,0.0,0.0
F,0.0,0.0,0.0,0.0
F,0.0,0.0,0.0,0.0
F,0.00558759,0.0,0.0,0.00558759
F,-0.00536662,0.0,0.0,-0.00536662
F,0.0233033,0.0,0.0,0.0233033
F,0.0,0.0,0.0,0.0
F,0.0,0.0,0.0,0.0
F,0.0,0.0,0.0,0.0
F,0.0,0.0,0.0,0.0
F,0.0,0.0,0.0,0.0
F,0.0,0.0,0.0,0.0
F,0.0,0.0,0.0,0.0
F,0.0,0.0,0.0,0.0
F,0.00108176,0.0,0.0,0.00108176
F,0.0,0.0,0.0,0.0
F,0.0,0.0,0.0,0.0
F,-0.00689473,0.0,0.0,-0.00689473
F,0.0,0.0,0.0,0.0
F,0.0,0.0,0.0,0.0
F,0.0,0.0,0.0,0.0
F,0.0,0.0,0.0,0.0
F,0.0635607,0.0,0.0,0.0635607
F,-0.0980076,0.0,0.0,-0.0980076
F,0.0,0.0,0.0,0.0
F,0.0,0.0,0.0,0.0
F,0.0,0.0,0.0,0.0
F,-0.07719,0.0,0.0,-0.07719
F,0.0,0.0,0.0,0.0
F,0.0,0.0,0.0,0.0
F,-0.0110175,0.0,0.0,-0.0110175
F,0.0,0.0,0.0,0.0
F,0.0,0.0,0.0,0.0
F,0.0,0.0,0.0,0.0
F,0.0,0.0,0.0,0.0
F,0.0,0.0,0.0,0.0
F,0.0,0.0,0.0,0.0
F,0.0,0.0,0.0,0.0
F,0.0,0.0,0.0,0.0
F,0.0,0.0,0.0,0.0
F,0.0,0.0,0.0,0.0
F,0.00833936,0.0,0.0,0.00833936
F,0.0,0.0,0.0,0.0
F,0.0,0.0,0.0,0.0
F,0.0,0.0,0.0,0.0
F,0.0,0.0,0.0,0.0
F,0.0,0.0,0.0,0.0
F,0.0,0.0,0.0,0.0
F,0.0674457,0.0,0.0,0.0674457
F,0.0213355,0.0,0.0,0.0213355
F,0.0,0.0,0.0,0.0
F,0.0,0.0,0.0,0.0
F,0.0,0.0,0.0,0.0
F,0.048055,0.0,0.0,0.048055
F,0.010449,0.0,0.0,0.010449
F,0.0,0.0,0.0,0.0
F,0.0,0.0,0.0,0.0
F,0.0129974,0.0,0.0,0.0129974
F,0.0635607,0.0,0.0,0.0635607
F,0.0,0.0,0.0,0.0
F,0.0,0.0,0.0,0.0
F,0.0,0.0,0.0,0.0
F,-0.0054572,0.0,0.0,-0.0054572
F,0.0,0.0,0.0,0.0
F,-0.0980076,0.0,0.0,-0.0980076
F,0.0,0.0,0.0,0.0
F,0.0,0.0,0.0,0.0
F,0.0,0.0,0.0,0.0
F,-0.0498345,0.0,0.0,-0.0498345
F,0.0,0.0,0.0,0.0
F,0.0,0.0,0.0,0.0
F,0.0,0.0,0.0,0.0
F,0.0,0.0,0.0,0.0
F,0.0522719,0.0,0.0,0.0522719
F,0.0,0.0,0.0,0.0
F,0.0301797,0.0,0.0,0.0301797
F,0.0,0.0,0.0,0.0
F,0.0,0.0,0.0,0.0
F,0.0,0.0,0.0,0.0
F,0.0,0.0,0.0,0.0
F,0.0,0.0,0.0,0.0
F,0.0,0.0,0.0,0.0
F,0.0,0.0,0.0,0.0
F,0.0,0.0,0.0,0.0
F,0.0,0.0,0.0,0.0
F,0.0,0.0,0.0,0.0
F,0.0,0.0,0.0,0.0
F,0.0,0.0,0.0,0.0
F,0.0,0.0,0.0,0.0
F,0.0,0.0,0.0,0.0
F,0.0,0.0,0.0,0.0
F,0.0,0.0,0.0,0.0
F,0.0,0.0,0.0,0.0
F,0.0,0.0,0.0,0.0
F,0.0,0.0,0.0,0.0
F,0.00181625,0.0,0.0,0.00181625
F,0.0,0.0,0.0,0.0
F,0.0,0.0,0.0,0.0
F,0.0,0.0,0.0,0.0
F,0.0,0.0,0.0,0.0
F,0.0,0.0,0.0,0.0
F,0.0150503,0.0,0.0,0.0150503
F,0.0,0.0,0.0,0.0
F,0.0,0.0,0.0,0.0
F,0.0,0.0,0.0,0.0
F,0.0,0.0,0.0,0.0
F,0.0161399,0.0,0.0,0.0161399
F,0.0,0.0,0.0,0.0
F,0.0,0.0,0.0,0.0
F,0.0,0.0,0.0,0.0
F,0.0,0.0,0.0,0.0
F,0.0,0.0,0.0,0.0
F,0.0,0.0,0.0,0.0
F,-0.0273743,0.0,0.0,-0.0273743
F,0.0,0.0,0.0,0.0
F,0.0,0.0,0.0,0.0
F,0.0,0.0,0.0,0.0
F,0.0,0.0,0.0,0.0
F,0.0,0.0,0.0,0.0
F,0.0,0.0,0.0,0.0
F,-0.0136811,0.0,0.0,-0.0136811
F,0.0,0.0,0.0,0.0
F,0.0,0.0,0.0,0.0
F,0.0,0.0,0.0,0.0
F,-0.0107083,0.0,0.0,-0.0107083
F,0.0,0.0,0.0,0.0
F,0.0525059,0.0,0.0,0.0525059
F,0.0469691,0.0,0.0,0.0469691
F,0.0,0.0,0.0,0.0
F,0.0,0.0,0.0,0.0
F,0.0,0.0,0.0,0.0
F,0.0,0.0,0.0,0.0
F,0.0,0.0,0.0,0.0
F,0.0,0.0,0.0,0.0
F,0.0,0.0,0.0,0.0
F,0.0,0.0,0.0,0.0
F,0.0,0.0,0.0,0.0
F,0.00108176,0.0,0.0,0.00108176
F,0.0,0.0,0.0,0.0
F,0.0,0.0,0.0,0.0
F,0.0,0.0,0.0,0.0
F,0.0,0.0,0.0,0.0
F,0.0,0.0,0.0,0.0
F,0.0,0.0,0.0,0.0
F,0.0,0.0,0.0,0.0
F,0.0,0.0,0.0,0.0
F,0.0,0.0,0.0,0.0
F,0.0,0.0,0.0,0.0
F,0.0,0.0,0.0,0.0
F,0.0,0.0,0.0,0.0
F,0.0,0.0,0.0,0.0
F,0.0,0.0,0.0,0.0
F,0.0,0.0,0.0,0.0
F,0.0,0.0,0.0,0.0
F,0.0,0.0,0.0,0.0
F,0.0,0.0,0.0,0.0
F,-0.00852899,0.0,0.0,-0.00852899
F,0.0,0.0,0.0,0.0
F,0.0,0.0,0.0,0.0
F,0.0,0.0,0.0,0.0
F,0.0,0.0,0.0,0.0
F,0.0,0.0,0.0,0.0
F,0.0321886,0.0,0.0,0.0321886
F,0.0,0.0,0.0,0.0
F,0.0,0.0,0.0,0.0
F,0.0114989,0.0,0.0,0.0114989
F,0.0,0.0,0.0,0.0
F,0.0,0.0,0.0,0.0
F,0.0,0.0,0.0,0.0
F,0.0,0.0,0.0,0.0
F,0.0,0.0,0.0,0.0
F,0.0,0.0,0.0,0.0
F,0.0,0.0,0.0,0.0
F,0.0,0.0,0.0,0.0
F,0.0,0.0,0.0,0.0
F,0.0,0.0,0.0,0.0
F,0.0,0.0,0.0,0.0
F,0.0,0.0,0.0,0.0
F,0.0,0.0,0.0,0.0
F,0.0,0.0,0.0,0.0
F,-0.00984757,0.0,0.0,-0.00984757
F,0.0,0.0,0.0,0.0
F,0.0,0.0,0.0,0.0
F,0.0,0.0,0.0,0.0
F,0.0,0.0,0.0,0.0
F,0.0,0.0,0.0,0.0
F,0.0,0.0,0.0,0.0
F,0.0,0.0,0.0,0.0
F,0.0,0.0,0.0,0.0
F,-0.0359742,0.0,0.0,-0.0359742
F,0.0,0.0,0.0,0.0
F,0.0,0.0,0.0,0.0
F,0.0,0.0,0.0,0.0
F,0.0,0.0,0.0,0.0
F,0.0,0.0,0.0,0.0
F,0.0,0.0,0.0,0.0
F,0.0,0.0,0.0,0.0
F,0.0,0.0,0.0,0.0
F,-0.0801205,0.0,0.0,-0.0801205
F,-0.0287081,0.0,0.0,-0.0287081
F,0.0828499,0.0,0.0,0.0828499
F,0.0,0.0,0.0,0.0
F,-0.0260868,0.0,0.0,-0.0260868
F,0.0,0.0,0.0,0.0
F,0.0,0.0,0.0,0.0
F,-0.0536285,0.0,0.0,-0.0536285
F,0.0,0.0,0.0,0.0
F,0.0,0.0,0.0,0.0
F,0.0,0.0,0.0,0.0
F,0.0,0.0,0.0,0.0
F,-0.0260697,0.0,0.0,-0.0260697
F,0.0,0.0,0.0,0.0
F,0.0,0.0,0.0,0.0
F,0.0,0.0,0.0,0.0
F,0.0,0.0,0.0,0.0
F,0.0,0.0,0.0,0.0
F,0.0,0.0,0.0,0.0
F,0.0,0.0,0.0,0.0
F,0.0469691,0.0,0.0,0.0469691
F,0.0,0.0,0.0,0.0
F,-0.0396669,0.0,0.0,-0.0396669
F,0.0,0.0,0.0,0.0
F,0.0,0.0,0.0,0.0
F,0.0,0.0,0.0,0.0
F,0.0,0.0,0.0,0.0
F,0.0,0.0,0.0,0.0
F,0.0,0.0,0.0,0.0
F,0.0,0.0,0.0,0.0
F,0.0,0.0,0.0,0.0
F,0.0,0.0,0.0,0.0
F,0.0,0.0,0.0,0.0
F,0.0,0.0,0.0,0.0
F,0.0,0.0,0.0,0.0
F,0.0,0.0,0.0,0.0
F,0.0,0.0,0.0,0.0
F,0.0,0.0,0.0,0.0
F,0.0,0.0,0.0,0.0
F,0.0,0.0,0.0,0.0
F,0.0,0.0,0.0,0.0
F,0.0,0.0,0.0,0.0
F,0.0,0.0,0.0,0.0
F,0.0,0.0,0.0,0.0
F,0.0,0.0,0.0,0.0
F,0.0,0.0,0.0,0.0
F,-0.16688,0.0,0.0,-0.16688
F,0.0,0.0,0.0,0.0
F,0.0,0.0,0.0,0.0
F,0.0,0.0,0.0,0.0
F,0.0,0.0,0.0,0.0
F,0.0,0.0,0.0,0.0
F,0.0464803,0.0,0.0,0.0464803
F,0.046594,0.0,0.0,0.046594
F,0.0,0.0,0.0,0.0
F,0.0,0.0,0.0,0.0
F,0.0,0.0,0.0,0.0
F,0.0,0.0,0.0,0.0
F,-0.00582461,0.0,0.0,-0.00582461
F,0.0,0.0,0.0,0.0
F,0.111024,0.0,0.0,0.111024
F,0.0,0.0,0.0,0.0
F,-0.0388509,0.0,0.0,-0.0388509
F,0.0,0.0,0.0,0.0
F,0.00482729,0.0,0.0,0.00482729
F,0.0,0.0,0.0,0.0
F,0.0,0.0,0.0,0.0
F,0.0,0.0,0.0,0.0
F,0.0,0.0,0.0,0.0
F,0.0,0.0,0.0,0.0
F,0.0,0.0,0.0,0.0
F,0.0,0.0,0.0,0.0
F,0.0,0.0,0.0,0.0
F,0.0,0.0,0.0,0.0
F,0.0,0.0,0.0,0.0
F,0.0,0.0,0.0,0.0
F,-0.00193114,0.0,0.0,-0.00193114
F,0.0,0.0,0.0,0.0
F,0.0,0.0,0.0,0.0
F,-0.0941058,0.0,0.0,-0.0941058
F,0.0428723,0.0,0.0,0.0428723
F,0.0,0.0,0.0,0.0
F,-0.0126809,0.0,0.0,-0.0126809
F,0.0,0.0,0.0,0.0
F,-0.0716984,0.0,0.0,-0.0716984
F,0.0,0.0,0.0,0.0
F,0.0,0.0,0.0,0.0
F,0.0,0.0,0.0,0.0
F,0.020636,0.0,0.0,0.020636
F,0.0,0.0,0.0,0.0
F,0.0,0.0,0.0,0.0
F,0.0293585,0.0,0.0,0.0293585
F,0.0,0.0,0.0,0.0
F,0.0,0.0,0.0,0.0
F,0.0,0.0,0.0,0.0
F,0.0,0.0,0.0,0.0
F,0.0,0.0,0.0,0.0
F,0.0,0.0,0.0,0.0
F,0.0,0.0,0.0,0.0
F,-0.0091036,0.0,0.0,-0.0091036
F,0.0,0.0,0.0,0.0
F,0.0193761,0.0,0.0,0.0193761
F,0.0,0.0,0.0,0.0
F,0.0,0.0,0.0,0.0
F,0.0,0.0,0.0,0.0
F,0.0,0.0,0.0,0.0
F,0.0,0.0,0.0,0.0
F,0.0,0.0,0.0,0.0
F,0.0,0.0,0.0,0.0
F,0.0,0.0,0.0,0.0
F,0.0,0.0,0.0,0.0
F,-0.0448681,0.0,0.0,-0.0448681
F,0.0,0.0,0.0,0.0
F,0.0,0.0,0.0,0.0
F,0.0,0.0,0.0,0.0
F,0.0,0.0,0.0,0.0
F,0.0,0.0,0.0,0.0
F,0.0,0.0,0.0,0.0
F,0.0,0.0,0.0,0.0
F,0.0,0.0,0.0,0.0
F,0.0,0.0,0.0,0.0
F,0.0,0.0,0.0,0.0
F,0.0,0.0,0.0,0.0
F,0.0,0.0,0.0,0.0
F,0.0,0.0,0.0,0.0
F,0.0,0.0,0.0,0.0
F,0.0,0.0,0.0,0.0
F,0.0,0.0,0.0,0.0
F,0.0,0.0,0.0,0.0
F,0.0,0.0,0.0,0.0
F,0.0,0.0,0.0,0.0
F,0.0,0.0,0.0,0.0
F,0.0,0.0,0.0,0.0
F,0.0,0.0,0.0,0.0
F,0.0,0.0,0.0,0.0
F,0.0,0.0,0.0,0.0
F,0.0,0.0,0.0,0.0
F,-0.0283594,0.0,0.0,-0.0283594
M,0.00633006,0.0,0.0,0.00633006
M,0.0,0.0,0.0,0.0
M,0.0,0.0,0.0,0.0
M,0.0,0.0,0.0,0.0
M,0.0,0.0,0.0,0.0
M,0.0,0.0,0.0,0.0
M,0.0230819,0.0,0.0,0.0230819
M,0.0,0.0,0.0,0.0
M,0.0,0.0,0.0,0.0
M,0.0,0.0,0.0,0.0
M,0.11308,0.0,0.0,0.11308
M,0.0,0.0,0.0,0.0
M,0.0,0.0,0.0,0.0
M,0.00633006,0.0,0.0,0.00633006
M,0.0,0.0,0.0,0.0
M,0.0,0.0,0.0,0.0
M,0.0,0.0,0.0,0.0
M,0.0,0.0,0.0,0.0
M,0.0,0.0,0.0,0.0
M,0.0,0.0,0.0,0.0
M,0.0,0.0,0.0,0.0
M,0.0,0.0,0.0,0.0
M,0.0,0.0,0.0,0.0
M,0.0,0.0,0.0,0.0
M,0.0,0.0,0.0,0.0
M,0.0,0.0,0.0,0.0
M,0.0,0.0,0.0,0.0
M,0.0,0.0,0.0,0.0
M,0.0,0.0,0.0,0.0
M,0.0,0.0,0.0,0.0
M,0.0196342,0.0,0.0,0.0196342
M,0.0,0.0,0.0,0.0
M,0.0,0.0,0.0,0.0
M,0.0,0.0,0.0,0.0
M,0.0,0.0,0.0,0.0
M,0.0150943,0.0,0.0,0.0150943
M,0.0515683,0.0,0.0,0.0515683
M,0.0,0.0,0.0,0.0
M,0.0,0.0,0.0,0.0
M,-0.127907,0.0,0.0,-0.127907
M,0.0,0.0,0.0,0.0
M,0.0236115,0.0,0.0,0.0236115
M,0.0515683,0.0,0.0,0.0515683
M,-0.0223791,0.0,0.0,-0.0223791
M,0.0,0.0,0.0,0.0
M,0.0,0.0,0.0,0.0
M,0.0,0.0,0.0,0.0
M,0.0,0.0,0.0,0.0
M,0.0,0.0,0.0,0.0
M,0.00633006,0.0,0.0,0.00633006
M,0.0,0.0,0.0,0.0
M,0.0,0.0,0.0,0.0
M,0.0146641,0.0,0.0,0.0146641
M,0.0,0.0,0.0,0.0
M,0.0,0.0,0.0,0.0
M,0.0,0.0,0.0,0.0
M,0.0,0.0,0.0,0.0
M,0.0,0.0,0.0,0.0
M,0.0,0.0,0.0,0.0
M,0.0,0.0,0.0,0.0
M,0.0,0.0,0.0,0.0
M,0.0,0.0,0.0,0.0
M,0.0303922,0.0,0.0,0.0303922
M,0.0,0.0,0.0,0.0
M,0.0,0.0,0.0,0.0
M,0.0,0.0,0.0,0.0
M,0.0,0.0,0.0,0.0
M,0.0439664,0.0,0.0,0.0439664
M,-0.0178573,0.0,0.0,-0.0178573
M,0.0,0.0,0.0,0.0
M,0.0104523,0.0,0.0,0.0104523
M,-0.0110917,0.0,0.0,-0.0110917
M,-0.0638055,0.0,0.0,-0.0638055
M,0.0,0.0,0.0,0.0
M,0.0,0.0,0.0,0.0
M,0.0,0.0,0.0,0.0
M,0.0,0.0,0.0,0.0
M,0.0,0.0,0.0,0.0
M,-0.0732195,0.0,0.0,-0.0732195
M,0.0,0.0,0.0,0.0
M,0.0,0.0,0.0,0.0
M,0.0,0.0,0.0,0.0
M,0.0,0.0,0.0,0.0
M,0.0,0.0,0.0,0.0
M,0.0,0.0,0.0,0.0
M,0.0,0.0,0.0,0.0
M,0.0,0.0,0.0,0.0
M,0.0,0.0,0.0,0.0
M,-0.0621082,0.0,0.0,-0.0621082
M,0.0,0.0,0.0,0.0
M,0.0,0.0,0.0,0.0
M,0.0,0.0,0.0,0.0
M,0.0,0.0,0.0,0.0
M,0.0,0.0,0.0,0.0
M,0.0,0.0,0.0,0.0
M,0.0,0.0,0.0,0.0
M,0.0,0.0,0.0,0.0
M,0.0,0.0,0.0,0.0
M,0.0,0.0,0.0,0.0
M,0.0,0.0,0.0,0.0
M,0.0,0.0,0.0,0.0
M,-0.0111325,0.0,0.0,-0.0111325
M,0.0476881,0.0,0.0,0.0476881
M,0.0,0.0,0.0,0.0
M,0.0,0.0,0.0,0.0
M,0.0,0.0,0.0,0.0
M,0.0,0.0,0.0,0.0
M,0.0,0.0,0.0,0.0
M,0.0,0.0,0.0,0.0
M,0.0,0.0,0.0,0.0
M,0.038876,0.0,0.0,0.038876
M,0.0,0.0,0.0,0.0
M,0.0,0.0,0.0,0.0
M,-0.0669947,0.0,0.0,-0.0669947
M,0.0217912,0.0,0.0,0.0217912
M,0.0,0.0,0.0,0.0
M,0.0,0.0,0.0,0.0
M,0.0,0.0,0.0,0.0
M,0.0,0.0,0.0,0.0
M,0.0,0.0,0.0,0.0
M,0.0,0.0,0.0,0.0
M,0.0,0.0,0.0,0.0
M,0.0,0.0,0.0,0.0
M,-0.0148093,0.0,0.0,-0.0148093
M,0.0,0.0,0.0,0.0
M,0.0,0.0,0.0,0.0
M,0.0,0.0,0.0,0.0
M,0.0,0.0,0.0,0.0
M,0.0,0.0,0.0,0.0
M,0.0281218,0.0,0.0,0.0281218
M,0.0,0.0,0.0,0.0
M,0.0,0.0,0.0,0.0
M,0.0,0.0,0.0,0.0
M,0.0,0.0,0.0,0.0
M,0.0798524,0.0,0.0,0.0798524
M,0.0,0.0,0.0,0.0
M,0.0,0.0,0.0,0.0
M,0.0,0.0,0.0,0.0
M,0.0,0.0,0.0,0.0
M,0.0,0.0,0.0,0.0
M,0.0,0.0,0.0,0.0
M,0.0,0.0,0.0,0.0
M,0.0,0.0,0.0,0.0
M,0.0365483,0.0,0.0,0.0365483
M,0.0,0.0,0.0,0.0
M,0.0,0.0,0.0,0.0
M,0.0,0.0,0.0,0.0
M,0.0,0.0,0.0,0.0
M,0.0,0.0,0.0,0.0
M,0.0,0.0,0.0,0.0
M,0.0,0.0,0.0,0.0
M,0.0,0.0,0.0,0.0
M,0.0,0.0,0.0,0.0
M,0.0,0.0,0.0,0.0
M,-0.0388049,0.0,0.0,-0.0388049
M,0.0,0.0,0.0,0.0
M,0.0,0.0,0.0,0.0
M,0.0,0.0,0.0,0.0
M,0.0,0.0,0.0,0.0
M,0.0,0.0,0.0,0.0
M,0.0,0.0,0.0,0.0
M,0.0,0.0,0.0,0.0
M,0.0,0.0,0.0,0.0
M,-0.0255204,0.0,0.0,-0.0255204
M,0.0,0.0,0.0,0.0
M,0.0,0.0,0.0,0.0
M,0.0,0.0,0.0,0.0
M,0.0,0.0,0.0,0.0
M,0.0,0.0,0.0,0.0
M,0.0,0.0,0.0,0.0
M,0.0,0.0,0.0,0.0
M,0.0,0.0,0.0,0.0
M,-0.0614643,0.0,0.0,-0.0614643
M,0.0,0.0,0.0,0.0
M,-0.135329,0.0,0.0,-0.135329
M,0.0,0.0,0.0,0.0
M,0.0,0.0,0.0,0.0
M,0.0,0.0,0.0,0.0
M,0.0,0.0,0.0,0.0
M,0.0,0.0,0.0,0.0
M,0.0443627,0.0,0.0,0.0443627
M,0.086764,0.0,0.0,0.086764
M,0.0,0.0,0.0,0.0
M,0.0,0.0,0.0,0.0
M,0.0,0.0,0.0,0.0
M,0.0440312,0.0,0.0,0.0440312
M,0.0,0.0,0.0,0.0
M,0.0,0.0,0.0,0.0
M,0.0,0.0,0.0,0.0
M,0.0,0.0,0.0,0.0
M,0.0,0.0,0.0,0.0
M,0.0,0.0,0.0,0.0
M,0.0,0.0,0.0,0.0
M,0.0,0.0,0.0,0.0
M,0.0,0.0,0.0,0.0
M,0.0,0.0,0.0,0.0
M,0.0,0.0,0.0,0.0
M,0.0,0.0,0.0,0.0
M,0.0,0.0,0.0,0.0
M,0.0,0.0,0.0,0.0
M,0.0,0.0,0.0,0.0
M,-0.00291432,0.0,0.0,-0.00291432
M,0.108828,0.0,0.0,0.108828
M,-0.115769,0.0,0.0,-0.115769
M,0.0,0.0,0.0,0.0
M,-0.0291137,0.0,0.0,-0.0291137
M,-0.0058358,0.0,0.0,-0.0058358
M,0.0,0.0,0.0,0.0
M,0.0,0.0,0.0,0.0
M,0.0,0.0,0.0,0.0
M,0.0,0.0,0.0,0.0
M,-0.0266198,0.0,0.0,-0.0266198
M,0.0373237,0.0,0.0,0.0373237
M,0.0,0.0,0.0,0.0
M,0.0,0.0,0.0,0.0
M,0.0,0.0,0.0,0.0
M,0.0,0.0,0.0,0.0
M,0.0,0.0,0.0,0.0
M,0.0,0.0,0.0,0.0
M,-0.0277629,0.0,0.0,-0.0277629
M,0.0,0.0,0.0,0.0
M,0.0,0.0,0.0,0.0
M,0.0,0.0,0.0,0.0
M,0.0,0.0,0.0,0.0
M,0.0,0.0,0.0,0.0
M,0.0,0.0,0.0,0.0
M,0.0356229,0.0,0.0,0.0356229
M,0.0,0.0,0.0,0.0
M,0.0,0.0,0.0,0.0
M,-0.00860109,0.0,0.0,-0.00860109
M,0.0,0.0,0.0,0.0
M,0.0,0.0,0.0,0.0
M,0.0,0.0,0.0,0.0
M,0.0,0.0,0.0,0.0
M,0.0788631,0.0,0.0,0.0788631
M,-0.0318225,0.0,0.0,-0.0318225
M,0.0,0.0,0.0,0.0
M,0.0,0.0,0.0,0.0
M,0.0,0.0,0.0,0.0
M,0.0,0.0,0.0,0.0
M,0.0,0.0,0.0,0.0
M,0.0,0.0,0.0,0.0
M,0.0,0.0,0.0,0.0
M,0.0,0.0,0.0,0.0
M,-0.0737371,0.0,0.0,-0.0737371
M,0.0,0.0,0.0,0.0
M,0.0,0.0,0.0,0.0
M,0.0,0.0,0.0,0.0
M,0.0,0.0,0.0,0.0
M,0.0,0.0,0.0,0.0
M,-0.018311,0.0,0.0,-0.018311
M,0.0,0.0,0.0,0.0
M,0.0,0.0,0.0,0.0
M,0.010963,0.0,0.0,0.010963
M,0.0,0.0,0.0,0.0
M,0.0,0.0,0.0,0.0
M,0.0,0.0,0.0,0.0
M,0.0,0.0,0.0,0.0
M,0.0,0.0,0.0,0.0
M,0.0,0.0,0.0,0.0
M,0.0,0.0,0.0,0.0
M,0.0,0.0,0.0,0.0
M,0.0,0.0,0.0,0.0
M,0.00947602,0.0,0.0,0.00947602
M,0.0,0.0,0.0,0.0
M,0.0277156,0.0,0.0,0.0277156
M,0.0,0.0,0.0,0.0
M,-0.0621082,0.0,0.0,-0.0621082
M,0.0,0.0,0.0,0.0
M,0.0,0.0,0.0,0.0
M,0.0,0.0,0.0,0.0
M,0.0,0.0,0.0,0.0
M,0.0,0.0,0.0,0.0
M,0.0,0.0,0.0,0.0
M,0.0,0.0,0.0,0.0
M,0.0,0.0,0.0,0.0
M,0.0,0.0,0.0,0.0
M,-0.0896892,0.0,0.0,-0.0896892
M,-0.0931403,0.0,0.0,-0.0931403
M,-0.0638055,0.0,0.0,-0.0638055
M,0.0,0.0,0.0,0.0
M,-0.0390014,0.0,0.0,-0.0390014
M,0.0,0.0,0.0,0.0
M,0.0,0.0,0.0,0.0
M,0.0,0.0,0.0,0.0
M,0.0,0.0,0.0,0.0
M,0.0,0.0,0.0,0.0
M,0.0,0.0,0.0,0.0
M,0.0,0.0,0.0,0.0
M,0.0116253,0.0,0.0,0.0116253
M,0.0,0.0,0.0,0.0
M,0.0,0.0,0.0,0.0
M,0.0,-0.038085,-0.038085,-0.038085
M,0.0,0.0,0.0,0.0
M,0.0,0.0,0.0,0.0
M,-0.0460286,0.0,0.0,-0.0460286
M,0.0,0.0,0.0,0.0
M,0.0,0.0,0.0,0.0
M,-0.018311,0.0,0.0,-0.018311
M,0.0,0.0,0.0,0.0
M,0.0,0.0,0.0,0.0
M,0.0,0.0,0.0,0.0
M,0.0,0.0,0.0,0.0
M,0.0,0.0,0.0,0.0
M,0.0,0.0,0.0,0.0
M,0.0,0.0,0.0,0.0
M,0.0,0.0,0.0,0.0
M,0.0,0.0,0.0,0.0
M,0.0,0.0,0.0,0.0
M,0.0,0.0,0.0,0.0
M,0.0,0.0,0.0,0.0
M,0.0,0.0,0.0,0.0
M,0.0,0.0,0.0,0.0
M,-0.0320556,0.0,0.0,-0.0320556
M,0.0,0.0,0.0,0.0
M,0.0,0.0,0.0,0.0
M,0.0,0.0,0.0,0.0
M,0.0,0.0,0.0,0.0
M,0.0,0.0,0.0,0.0
M,0.0,0.0,0.0,0.0
M,-0.0759214,0.0,0.0,-0.0759214
M,0.0,0.0,0.0,0.0
M,0.0,0.0,0.0,0.0
M,0.0,0.0,0.0,0.0
M,0.0,0.0,0.0,0.0
M,0.0,0.0,0.0,0.0
M,0.0,0.0,0.0,0.0
M,-0.0638055,0.0,0.0,-0.0638055
M,-0.000896371,0.0,0.0,-0.000896371
M,0.0,0.0,0.0,0.0
M,0.0,0.0,0.0,0.0
M,0.0,0.0,0.0,0.0
M,0.0,0.0,0.0,0.0
M,0.0,0.0,0.0,0.0
M,-0.0698309,0.0,0.0,-0.0698309
M,0.0,0.0,0.0,0.0
M,0.0,0.0,0.0,0.0
M,-0.0277629,0.0,0.0,-0.0277629
M,0.0,0.0,0.0,0.0
M,0.0,0.0,0.0,0.0
M,0.0,0.0,0.0,0.0
M,0.0383097,0.0,0.0,0.0383097
M,0.0,0.0,0.0,0.0
M,0.0,0.0,0.0,0.0
M,0.0303922,0.0,0.0,0.0303922
M,-0.0891556,0.0,0.0,-0.0891556
M,0.0159121,0.0,0.0,0.0159121
M,0.0,0.0,0.0,0.0
M,0.0,0.0,0.0,0.0
M,0.0,0.0,0.0,0.0
M,0.0,0.0,0.0,0.0
M,0.0,0.0,0.0,0.0
M,0.0,0.0,0.0,0.0
M,0.0,0.0,0.0,0.0
M,0.0,0.0,0.0,0.0
M,0.0,0.0,0.0,0.0
M,-0.0379898,0.0,0.0,-0.0379898
M,0.0,0.0,0.0,0.0
M,-0.0262173,0.0,0.0,-0.0262173
M,0.0,0.0,0.0,0.0
M,0.0,0.0,0.0,0.0
M,0.0,0.0,0.0,0.0
M,0.0,0.0,0.0,0.0
M,0.0,0.0,0.0,0.0
M,0.0,0.0,0.0,0.0
M,0.0,0.0,0.0,0.0
M,0.0,0.0,0.0,0.0
M,0.0,0.0,0.0,0.0
M,0.0,0.0,0.0,0.0
M,0.0,0.0,0.0,0.0
M,0.0,0.0,0.0,0.0
M,-0.10899,0.0,0.0,-0.10899
M,-0.0194436,0.0,0.0,-0.0194436
M,0.0,0.0,0.0,0.0
M,0.0,0.0,0.0,0.0
M,0.0,0.0,0.0,0.0
M,0.0,0.0,0.0,0.0
M,0.0983816,0.0,0.0,0.0983816
M,-0.0605105,0.0,0.0,-0.0605105
M,0.0,0.0,0.0,0.0
M,0.0,0.0,0.0,0.0
M,0.0,0.0,0.0,0.0
M,0.0,0.0,0.0,0.0
M,0.0,0.0,0.0,0.0
M,0.0440312,0.0,0.0,0.0440312
M,0.0,0.0,0.0,0.0
M,0.0,0.0,0.0,0.0
M,0.0,0.0,0.0,0.0
M,-0.0994924,0.0,0.0,-0.0994924
M,0.0,0.0,0.0,0.0
M,0.0,0.0,0.0,0.0
M,0.0,0.0,0.0,0.0
M,0.0,0.0,0.0,0.0
M,0.0,0.0,0.0,0.0
M,0.0,0.0,0.0,0.0
M,0.0,0.0,0.0,0.0
M,0.0,0.0,0.0,0.0
M,0.0,0.0,0.0,0.0
M,-0.0387171,0.0,0.0,-0.0387171
M,0.0,0.0,0.0,0.0
M,-0.071483,0.0,0.0,-0.071483
M,0.0,0.0,0.0,0.0
M,0.0,0.0,0.0,0.0
M,0.0425983,0.0,0.0,0.0425983
M,0.0,0.0,0.0,0.0
M,0.0,0.0,0.0,0.0
M,0.0,0.0,0.0,0.0
M,-0.0621082,0.0,0.0,-0.0621082
M,0.0,0.0,0.0,0.0
M,-0.0663494,0.0,0.0,-0.0663494
M,0.105756,0.0,0.0,0.105756
M,0.0127067,0.0,0.0,0.0127067
M,-0.0894738,0.0,0.0,-0.0894738
M,0.0,0.0,0.0,0.0
M,0.0,0.0,0.0,0.0
M,0.0,0.0,0.0,0.0
M,0.0,0.0,0.0,0.0
M,0.0,0.0,0.0,0.0
M,0.0,0.0,0.0,0.0
M,0.0,0.0,0.0,0.0
M,0.0,0.0,0.0,0.0
M,0.0159121,0.0,0.0,0.0159121
M,0.0,0.0,0.0,0.0
M,0.0,0.0,0.0,0.0
M,0.0,0.0,0.0,0.0
M,0.0,0.0,0.0,0.0
M,0.0,0.0,0.0,0.0
M,0.0,0.0,0.0,0.0
M,0.0,0.0,0.0,0.0
M,0.0,0.0,0.0,0.0
M,0.0,0.0,0.0,0.0
M,0.0,0.0,0.0,0.0
M,0.0,0.0,0.0,0.0
M,0.0,0.0,0.0,0.0
M,0.0123302,0.0,0.0,0.0123302
M,0.0,0.0,0.0,0.0
M,0.0,0.0,0.0,0.0
M,0.0,0.0,0.0,0.0
M,0.0,0.0,0.0,0.0
M,0.0,0.0,0.0,0.0
M,0.0,0.0,0.0,0.0
M,0.0,0.0,0.0,0.0
M,0.0,0.0,0.0,0.0
M,0.0,0.0,0.0,0.0
M,0.0,0.0,0.0,0.0
M,0.0,0.0,0.0,0.0
M,0.0,0.0,0.0,0.0
M,0.0,0.0,0.0,0.0
M,0.0,0.0,0.0,0.0
M,0.0,0.0,0.0,0.0
M,0.0,0.0,0.0,0.0
M,0.0,0.0,0.0,0.0
M,0.0,0.0,0.0,0.0
M,0.0239407,0.0,0.0,0.0239407
M,-0.0258961,0.0,0.0,-0.0258961
M,0.0,-0.0672184,-0.0672184,-0.0672184
M,0.0,0.0,0.0,0.0
M,0.0,0.0,0.0,0.0
M,0.0,0.0,0.0,0.0
M,0.0300204,0.0,0.0,0.0300204
M,0.0,0.0282675,0.0282675,0.0282675
M,0.0,0.0,0.0,0.0
M,0.0,0.0,0.0,0.0
M,0.0,0.0,0.0,0.0
M,0.0,0.0,0.0,0.0
M,0.0,0.0,0.0,0.0
M,0.0440312,0.0,0.0,0.0440312
M,0.0,0.0,0.0,0.0
M,0.0,0.0,0.0,0.0
M,0.0,0.0,0.0,0.0
M,-0.0283863,0.0,0.0,-0.0283863
M,0.0,0.0,0.0,0.0
M,0.0,0.0,0.0,0.0
M,0.0,0.0,0.0,0.0
M,0.0,0.0,0.0,0.0
M,-0.0439322,0.0,0.0,-0.0439322
M,0.0,0.0,0.0,0.0
M,0.0,0.0,0.0,0.0
M,0.0,0.0,0.0,0.0
M,0.0,0.0,0.0,0.0
M,0.0,0.0,0.0,0.0
M,0.0,0.0,0.0,0.0
M,0.0,0.0,0.0,0.0
M,0.0,0.0,0.0,0.0
M,0.0,0.0,0.0,0.0
M,0.0,0.0,0.0,0.0
M,0.0415643,0.0,0.0,0.0415643
M,0.0,0.0,0.0,0.0
M,0.0,0.0,0.0,0.0
M,0.0,0.0,0.0,0.0
M,0.0,0.0,0.0,0.0
M,0.0,0.0,0.0,0.0
M,0.0,0.0,0.0,0.0
M,-0.115191,0.0,0.0,-0.115191
M,0.0,0.0,0.0,0.0
M,0.0,0.0,0.0,0.0
M,0.0,0.0,0.0,0.0
M,0.0,0.0,0.0,0.0
M,0.0,0.0,0.0,0.0
M,0.0,0.0,0.0,0.0
M,0.0,0.0,0.0,0.0
M,0.0,0.0,0.0,0.0
M,0.0,0.0,0.0,0.0
M,0.0,0.0,0.0,0.0
M,-0.0689831,0.0,0.0,-0.0689831
M,0.0,0.0,0.0,0.0
M,0.0,0.0,0.0,0.0
M,0.0,0.0,0.0,0.0
M,0.0,0.0,0.0,0.0
M,0.0,0.0,0.0,0.0
M,0.0356229,0.0,0.0,0.0356229
M,0.0,0.0,0.0,0.0
M,-0.0122516,0.0,0.0,-0.0122516
M,0.0,0.0,0.0,0.0
M,0.0,0.0,0.0,0.0
M,0.0,0.0,0.0,0.0
M,0.0,0.0,0.0,0.0
M,0.0430916,0.0,0.0,0.0430916
M,0.0266192,0.0,0.0,0.0266192
M,0.0,0.0,0.0,0.0
M,0.0,0.0,0.0,0.0
M,0.0,0.0,0.0,0.0
M,0.0,0.0,0.0,0.0
M,-0.0849985,0.0,0.0,-0.0849985
M,0.0,0.0,0.0,0.0
M,0.0,0.0,0.0,0.0
M,0.0,0.0,0.0,0.0
M,0.0,0.0,0.0,0.0
M,0.0,0.0,0.0,0.0
M,0.0,0.0,0.0,0.0
M,0.0,0.0,0.0,0.0
M,0.0,0.0,0.0,0.0
M,0.0,0.0,0.0,0.0
M,0.0,0.0,0.0,0.0
M,0.0,0.0,0.0,0.0
M,0.0,0.0,0.0,0.0
M,0.0,0.0,0.0,0.0
M,0.0627619,0.0,0.0,0.0627619
M,0.0,0.0,0.0,0.0
M,0.0,0.0,0.0,0.0
M,0.0,0.0,0.0,0.0
M,-0.00291432,0.0,0.0,-0.00291432
M,0.0146641,0.0,0.0,0.0146641
M,0.0,0.0,0.0,0.0
M,0.0,0.0,0.0,0.0
M,0.0608614,0.0,0.0,0.0608614
M,0.0,0.0,0.0,0.0
M,0.0,0.0,0.0,0.0
M,0.0,0.0,0.0,0.0
M,0.0,0.0,0.0,0.0
M,0.0334584,0.0,0.0,0.0334584
M,0.0,0.0,0.0,0.0
M,0.0,0.0,0.0,0.0
M,0.0,0.0,0.0,0.0
M,-0.0732195,0.0,0.0,-0.0732195
M,0.00408452,0.0,0.0,0.00408452
M,0.0,0.0,0.0,0.0
M,0.0,0.0,0.0,0.0
M,-0.101298,0.0,0.0,-0.101298
M,0.0531672,0.0,0.0,0.0531672
M,-0.0895157,0.0,0.0,-0.0895157
M,0.0,0.0,0.0,0.0
M,0.0,0.0,0.0,0.0
M,0.0,0.0,0.0,0.0
M,0.0,0.0,0.0,0.0
M,0.0,0.0,0.0,0.0
M,0.0482597,0.0,0.0,0.0482597
M,0.0,0.0,0.0,0.0
M,0.0,0.0,0.0,0.0
M,0.0,0.0,0.0,0.0
M,0.0139708,0.0,0.0,0.0139708
M,0.0,0.0,0.0,0.0
M,-0.03069,0.0,0.0,-0.03069
M,0.0,0.0,0.0,0.0
M,0.0,0.0,0.0,0.0
M,0.0,0.0,0.0,0.0
M,0.0,0.0,0.0,0.0
M,0.0,0.0,0.0,0.0
M,0.0,0.0,0.0,0.0
M,0.0,0.0,0.0,0.0
M,0.0,0.0,0.0,0.0
M,0.0196012,0.0,0.0,0.0196012
M,0.0,0.0,0.0,0.0
M,0.0380271,0.0,0.0,0.0380271
M,0.0,0.0,0.0,0.0
M,0.0,0.0,0.0,0.0
M,0.0,0.0,0.0,0.0
M,0.0,0.0,0.0,0.0
M,0.0,0.0,0.0,0.0
M,0.0,0.0,0.0,0.0
M,0.00553835,0.0,0.0,0.00553835
M,0.0,0.0,0.0,0.0
M,0.0,0.0,0.0,0.0
M,0.0,0.0,0.0,0.0
M,0.0,0.0,0.0,0.0
M,0.0,0.0,0.0,0.0
M,0.0,0.0,0.0,0.0
M,0.0,0.0,0.0,0.0
M,0.0,0.0,0.0,0.0
M,0.0,0.0,0.0,0.0
M,0.0,0.0,0.0,0.0
M,-0.0489274,0.0,0.0,-0.0489274
M,0.0,0.0,0.0,0.0
M,0.0,0.0,0.0,0.0
M,0.0,0.0,0.0,0.0
M,0.0,0.0,0.0,0.0
M,0.0,0.0,0.0,0.0
M,0.0,0.0,0.0,0.0
M,0.0,0.0,0.0,0.0
M,0.0,0.0,0.0,0.0
M,-0.00838072,0.0,0.0,-0.00838072
M,0.0,0.0,0.0,0.0
M,0.0,0.0,0.0,0.0
M,-0.0379898,0.0,0.0,-0.0379898
M,0.0,0.0,0.0,0.0
M,0.0362823,0.0,0.0,0.0362823
M,0.0,0.0,0.0,0.0
M,-0.101298,0.0,0.0,-0.101298
M,0.0,0.0,0.0,0.0
M,0.0,0.0,0.0,0.0
M,-0.0361679,0.0,0.0,-0.0361679
M,0.0,0.0,0.0,0.0
M,0.0,0.0,0.0,0.0
M,-0.0111325,0.0,0.0,-0.0111325
M,0.0469282,0.0,0.0,0.0469282
M,0.0,0.0,0.0,0.0
M,-0.0628116,0.0,0.0,-0.0628116
M,0.0,0.0,0.0,0.0
M,0.0,0.0,0.0,0.0
M,0.0,0.0,0.0,0.0
M,0.0,-0.0214424,-0.0214424,-0.0214424
M,0.0,0.0,0.0,0.0
M,0.0,0.0,0.0,0.0
M,0.0,0.0,0.0,0.0
M,0.0,0.0,0.0,0.0
M,0.0,0.0,0.0,0.0
M,0.0,0.0,0.0,0.0
M,0.0,0.0,0.0,0.0
M,0.0197335,0.0,0.0,0.0197335
M,0.0,0.0,0.0,0.0
M,0.0744715,0.0,0.0,0.0744715
M,0.0,0.0,0.0,0.0
M,0.0,0.0,0.0,0.0
M,0.0,0.0,0.0,0.0
M,0.0,0.0,0.0,0.0
M,0.0,0.0,0.0,0.0
M,0.0,0.0,0.0,0.0
M,0.0,0.0,0.0,0.0
M,0.0,0.0,0.0,0.0
M,0.0,0.0,0.0,0.0
M,0.0,0.0,0.0,0.0
M,0.0879411,0.0,0.0,0.0879411
M,0.0,0.0,0.0,0.0
M,-0.0392545,0.0,0.0,-0.0392545
M,0.0,0.0,0.0,0.0
M,0.0,0.0,0.0,0.0
M,0.0,0.0,0.0,0.0
M,0.0,0.0,0.0,0.0
M,-0.0978832,0.0,0.0,-0.0978832
M,0.0,0.0,0.0,0.0
M,-0.00811904,0.0,0.0,-0.00811904
M,0.0,0.0,0.0,0.0
M,0.0,0.0,0.0,0.0
M,0.0,0.0,0.0,0.0
M,0.0,0.0,0.0,0.0
M,0.0356229,0.0,0.0,0.0356229
M,0.0436147,0.0,0.0,0.0436147
M,0.00359894,0.0,0.0,0.00359894
M,0.0,0.0,0.0,0.0
M,0.0,0.0,0.0,0.0
M,0.0,0.0,0.0,0.0
M,0.0,0.0,0.0,0.0
M,0.0,0.0,0.0,0.0
M,0.0,0.0,0.0,0.0
M,0.0672,0.0,0.0,0.0672
M,0.0731832,0.0,0.0,0.0731832
M,0.0356229,0.0,0.0,0.0356229
M,0.0,0.0,0.0,0.0
M,0.0,0.0,0.0,0.0
M,0.0,0.0,0.0,0.0
M,0.0,0.0,0.0,0.0
M,0.0,0.0,0.0,0.0
M,0.0,0.0,0.0,0.0
M,0.0,0.0,0.0,0.0
M,0.0,0.0,0.0,0.0
M,0.0,0.0,0.0,0.0
M,-0.0184627,0.0,0.0,-0.0184627
M,0.0,-0.038085,-0.038085,-0.038085
M,0.0,0.0,0.0,0.0
M,0.0,0.0,0.0,0.0
M,-0.061196,0.0,0.0,-0.061196
M,0.0,0.0,0.0,0.0
M,0.0,0.0,0.0,0.0
M,0.0,0.0,0.0,0.0
M,0.0,0.0,0.0,0.0
M,0.0,0.0,0.0,0.0
M,0.0384885,0.0,0.0,0.0384885
M,0.0,0.0,0.0,0.0
M,0.0,0.0,0.0,0.0
M,-0.10899,0.0,0.0,-0.10899
M,0.0,0.0,0.0,0.0
M,0.0,0.0,0.0,0.0
M,0.0,0.0,0.0,0.0
M,-0.0423763,0.0,0.0,-0.0423763
M,0.0,0.0,0.0,0.0
M,0.0,0.0,0.0,0.0
M,-0.0374954,0.0,0.0,-0.0374954
M,0.0,0.0,0.0,0.0
M,-0.0716746,0.0,0.0,-0.0716746
M,-0.0374954,0.0,0.0,-0.0374954
M,0.0,0.0,0.0,0.0
M,0.0,0.0,0.0,0.0
M,0.0,0.0,0.0,0.0
M,-0.0387171,0.0,0.0,-0.0387171
M,0.0,0.0,0.0,0.0
M,0.0,0.0,0.0,0.0
M,0.0,0.0,0.0,0.0
M,0.0,0.0,0.0,0.0
M,0.0,0.0,0.0,0.0
M,0.0,0.0,0.0,0.0
M,0.0,0.0,0.0,0.0
M,0.0,0.0,0.0,0.0
M,0.0,0.0,0.0,0.0
M,0.0,0.0,0.0,0.0
M,0.0788631,0.0,0.0,0.0788631
M,0.0,0.0,0.0,0.0
M,0.0,0.0,0.0,0.0
M,0.0,0.0,0.0,0.0
M,0.0,0.0,0.0,0.0
M,0.0367609,0.0,0.0,0.0367609
M,0.0,0.0,0.0,0.0
M,0.0,0.0,0.0,0.0
M,0.0,0.0,0.0,0.0
M,0.0,0.0,0.0,0.0
M,0.0,0.0,0.0,0.0
M,0.012074,0.0,0.0,0.012074
M,0.0,0.0,0.0,0.0
M,0.0,0.0,0.0,0.0
M,0.0,0.0,0.0,0.0
M,0.0,0.0,0.0,0.0
M,0.0,0.0,0.0,0.0
M,0.00633006,0.0,0.0,0.00633006
M,-0.03069,0.0,0.0,-0.03069
M,0.0,0.0,0.0,0.0
M,0.0,0.0,0.0,0.0
M,-0.0363736,0.0,0.0,-0.0363736
M,0.0,0.0,0.0,0.0
M,0.0,0.0,0.0,0.0
M,0.0,0.0,0.0,0.0
M,0.0,0.0,0.0,0.0
M,0.0,0.0,0.0,0.0
M,0.0,0.0,0.0,0.0
M,0.0,0.0,0.0,0.0
M,-0.0201666,0.0,0.0,-0.0201666
M,0.0102606,0.0,0.0,0.0102606
M,0.0,0.0,0.0,0.0
M,0.0,0.0,0.0,0.0
M,0.0,0.0,0.0,0.0
M,0.0,0.0,0.0,0.0
M,0.0,0.0,0.0,0.0
M,0.0,0.0,0.0,0.0
M,0.0,0.0,0.0,0.0
M,0.0,0.0,0.0,0.0
M,0.0,0.0,0.0,0.0
M,0.0,0.0,0.0,0.0
M,0.0,0.0,0.0,0.0
M,0.0,0.0,0.0,0.0
M,0.0,0.0,0.0,0.0
M,0.0,0.0,0.0,0.0
M,0.0,0.0,0.0,0.0
M,0.00513406,0.0,0.0,0.00513406
M,0.0,0.0,0.0,0.0
M,0.0,0.0,0.0,0.0
M,0.0,0.0,0.0,0.0
M,0.0,0.0,0.0,0.0
M,0.0,0.0,0.0,0.0
M,0.0,0.0,0.0,0.0
M,0.0,0.0,0.0,0.0
M,0.0,0.0,0.0,0.0
M,0.047151,0.0,0.0,0.047151
M,0.0,0.0,0.0,0.0
M,0.0,0.0,0.0,0.0
M,0.0,0.0,0.0,0.0
M,0.0,0.0,0.0,0.0
M,0.0,0.0,0.0,0.0
M,0.0,0.0,0.0,0.0
M,0.0,0.0,0.0,0.0
M,0.0,0.0,0.0,0.0
M,0.0,0.0,0.0,0.0
M,0.0,0.0,0.0,0.0
M,0.0,0.0,0.0,0.0
M,-0.0320556,0.0,0.0,-0.0320556
M,0.0438406,0.0,0.0,0.0438406
M,0.0,0.0,0.0,0.0
M,0.0,0.0,0.0,0.0
M,0.101118,0.0,0.0,0.101118
M,0.0,0.0,0.0,0.0
M,0.0,0.0,0.0,0.0
M,0.0300204,0.0,0.0,0.0300204
M,0.0,0.0,0.0,0.0
M,0.0,0.0,0.0,0.0
M,0.0,0.0,0.0,0.0
M,0.0,0.0,0.0,0.0
M,0.0,0.0,0.0,0.0
M,0.0,0.0,0.0,0.0
M,0.0,0.0,0.0,0.0
M,-0.0213308,0.0,0.0,-0.0213308
M,0.0,0.0,0.0,0.0
M,0.0,0.0,0.0,0.0
M,0.0,0.0,0.0,0.0
M,0.0,0.0,0.0,0.0
M,0.0476441,0.0,0.0,0.0476441
M,0.0,0.0,0.0,0.0
M,-0.0390014,0.0,0.0,-0.0390014
M,0.0,0.0,0.0,0.0
M,0.0,0.0,0.0,0.0
M,0.0,0.0,0.0,0.0
M,0.0,0.0,0.0,0.0
M,0.0,0.0,0.0,0.0
M,0.0,0.0,0.0,0.0
M,0.0,0.0,0.0,0.0
M,0.0,0.0,0.0,0.0
M,0.0365483,0.0,0.0,0.0365483
M,0.0,0.0,0.0,0.0
M,0.0,0.0,0.0,0.0
M,0.0,0.0,0.0,0.0
M,0.0,0.0,0.0,0.0
M,0.0,0.0,0.0,0.0
M,0.0,0.0,0.0,0.0
M,0.0,0.0,0.0,0.0
M,0.0,0.0,0.0,0.0
M,0.0,0.0,0.0,0.0
M,0.0,0.0,0.0,0.0
M,0.0,0.0,0.0,0.0
M,0.0,0.0,0.0,0.0
M,0.0,-0.038085,-0.038085,-0.038085
M,0.0,0.0,0.0,0.0
M,0.0,0.0,0.0,0.0
M,0.025013,0.0,0.0,0.025013
M,0.0,0.0,0.0,0.0
M,0.0,0.0,0.0,0.0
M,0.0,0.0,0.0,0.0
M,0.0,0.0,0.0,0.0
M,0.0,0.0,0.0,0.0
M,0.0,0.0,0.0,0.0
M,0.0,0.0,0.0,0.0
M,0.0,0.0,0.0,0.0
M,0.0,0.0,0.0,0.0
M,0.0,0.0,0.0,0.0
M,0.0217912,0.0,0.0,0.0217912
M,0.0,0.0,0.0,0.0
M,0.0,0.0,0.0,0.0
M,0.0,0.0,0.0,0.0
M,0.0,0.0,0.0,0.0
M,0.0,0.0,0.0,0.0
M,0.0,0.0,0.0,0.0
M,0.0,0.0,0.0,0.0
M,-0.0117015,0.0,0.0,-0.0117015
M,0.0,0.0,0.0,0.0
M,0.0,0.0,0.0,0.0
M,0.0,0.0,0.0,0.0
M,0.0,0.0,0.0,0.0
M,0.104757,0.0,0.0,0.104757
M,0.0,0.0,0.0,0.0
M,0.0,0.0,0.0,0.0
M,0.0,0.0,0.0,0.0
M,0.0,0.0,0.0,0.0
M,0.0,0.0,0.0,0.0
M,0.0,0.0,0.0,0.0
M,0.0,0.0,0.0,0.0
M,0.0,0.0,0.0,0.0
M,-0.049208,0.0,0.0,-0.049208
M,0.0,0.0,0.0,0.0
M,0.0,0.0,0.0,0.0
M,0.0,0.0,0.0,0.0
M,0.0,0.0,0.0,0.0
M,0.0,0.0,0.0,0.0
M,0.0,0.0,0.0,0.0
M,0.0,0.0,0.0,0.0
M,0.0,0.0,0.0,0.0
M,0.0,0.0,0.0,0.0
M,0.0,0.0,0.0,0.0
M,0.0,0.0,0.0,0.0
M,0.0,0.0,0.0,0.0
M,0.0674721,0.0,0.0,0.0674721
M,0.0440312,0.0,0.0,0.0440312
M,0.0286896,0.0,0.0,0.0286896
M,0.0,0.0,0.0,0.0
M,0.0,0.0,0.0,0.0
M,0.0,0.0,0.0,0.0
M,0.0,0.0,0.0,0.0
M,0.0,0.0,0.0,0.0
M,0.0,0.0,0.0,0.0
M,-0.0858803,0.0,0.0,-0.0858803
M,0.0,0.0,0.0,0.0
M,0.0,0.0,0.0,0.0
M,0.0,0.0,0.0,0.0
M,0.0,0.0,0.0,0.0
M,0.0,0.0,0.0,0.0
M,0.0,0.0,0.0,0.0
M,0.0,0.0,0.0,0.0
M,0.0,0.0,0.0,0.0
M,0.0,0.0,0.0,0.0
M,-0.0387171,0.0,0.0,-0.0387171
M,0.0,0.0,0.0,0.0
M,0.0,0.0,0.0,0.0
M,0.0,0.0,0.0,0.0
M,0.0,-0.0468702,-0.0468702,-0.0468702
M,0.115182,0.0,0.0,0.115182
M,0.0,0.0,0.0,0.0
M,0.0,0.0,0.0,0.0
M,-0.0800254,0.0,0.0,-0.0800254
M,0.0,0.0,0.0,0.0
M,0.0,0.0,0.0,0.0
M,0.0,0.0,0.0,0.0
M,-0.0848925,0.0,0.0,-0.0848925
M,0.0,0.0,0.0,0.0
M,0.0150943,0.0,0.0,0.0150943
M,0.0627619,0.0,0.0,0.0627619
M,0.0,0.0,0.0,0.0
M,0.0,0.0,0.0,0.0
M,0.0,0.0,0.0,0.0
M,0.0,0.0,0.0,0.0
M,0.0,0.0,0.0,0.0
M,0.0,0.0,0.0,0.0
M,0.0,0.0,0.0,0.0
M,0.0,0.0,0.0,0.0
M,0.0,0.0,0.0,0.0
M,0.0,0.0,0.0,0.0
M,0.0,0.0,0.0,0.0
M,0.0348277,0.0,0.0,0.0348277
M,0.0,0.0,0.0,0.0
M,0.0,0.0,0.0,0.0
M,0.0,0.0,0.0,0.0
M,-0.0709782,0.0,0.0,-0.0709782
M,0.0,0.0,0.0,0.0
M,0.0,0.0,0.0,0.0
M,0.0,0.0,0.0,0.0
M,0.0,0.0,0.0,0.0
M,0.0,0.0,0.0,0.0
M,-0.0848925,0.0,0.0,-0.0848925
M,0.0,0.0,0.0,0.0
M,0.0,0.0,0.0,0.0
M,0.0,0.0,0.0,0.0
M,0.0,0.0,0.0,0.0
M,0.0,0.0,0.0,0.0
M,0.0,0.0,0.0,0.0
M,0.0,0.0,0.0,0.0
M,0.0,0.0,0.0,0.0
M,0.100863,0.0,0.0,0.100863
M,0.0,0.0,0.0,0.0
M,0.0,0.0,0.0,0.0
M,0.0,0.0,0.0,0.0
M,0.0,0.0,0.0,0.0
M,0.0217403,0.0,0.0,0.0217403
M,0.0256864,0.0,0.0,0.0256864
M,0.0,0.0,0.0,0.0
M,0.0,0.0,0.0,0.0
M,0.0,0.0,0.0,0.0
M,0.0381353,0.0,0.0,0.0381353
M,0.0,0.0,0.0,0.0
M,-0.0374954,0.0,0.0,-0.0374954
M,0.0267948,0.0,0.0,0.0267948
M,-0.0439322,0.0,0.0,-0.0439322
M,0.0,0.0,0.0,0.0
M,0.0127421,0.0,0.0,0.0127421
M,0.0,0.0,0.0,0.0
M,0.0,0.0,0.0,0.0
M,0.0,0.0,0.0,0.0
M,0.0483858,0.0,0.0,0.0483858
M,0.0,0.0,0.0,0.0
M,0.0,0.0,0.0,0.0
M,0.0,0.0,0.0,0.0
M,0.0,0.0,0.0,0.0
M,0.0,0.0,0.0,0.0
M,0.0,0.0,0.0,0.0
M,0.0,0.0,0.0,0.0
M,0.0,0.0,0.0,0.0
M,0.0,0.0,0.0,0.0
M,0.0,0.0,0.0,0.0
M,0.0,0.0,0.0,0.0
M,0.0,0.0,0.0,0.0
M,0.0,0.0,0.0,0.0
M,0.0,0.0,0.0,0.0
M,0.0,0.0,0.0,0.0
M,0.0,0.0,0.0,0.0
M,0.0,0.0,0.0,0.0
M,0.0,0.0,0.0,0.0
M,0.035399,0.0,0.0,0.035399
M,0.0,0.0,0.0,0.0
M,0.0,0.0,0.0,0.0
M,0.0,0.0,0.0,0.0
M,0.0,0.0,0.0,0.0
M,0.0,0.0,0.0,0.0
M,0.0,0.0,0.0,0.0
M,0.0,0.0,0.0,0.0
M,0.0,0.0,0.0,0.0
M,0.0,0.0,0.0,0.0
M,0.0,0.0,0.0,0.0
M,0.0,0.0,0.0,0.0
M,0.0,0.0,0.0,0.0
M,0.0,0.0,0.0,0.0
M,0.0,0.0,0.0,0.0
M,0.0,0.0,0.0,0.0
M,-0.101298,0.0,0.0,-0.101298
M,0.0,0.0,0.0,0.0
M,0.010963,0.0,0.0,0.010963
M,0.0,0.0,0.0,0.0
M,-0.0327537,0.0,0.0,-0.0327537
M,0.0,0.0,0.0,0.0
M,0.0387987,0.0,0.0,0.0387987
M,0.0,0.0,0.0,0.0
M,0.0,0.0,0.0,0.0
M,0.0,0.0,0.0,0.0
M,0.0,0.0,0.0,0.0
M,0.0,0.0,0.0,0.0
M,0.0,0.0,0.0,0.0
M,0.0,0.0,0.0,0.0
M,0.0,0.0,0.0,0.0
M,0.0,0.0,0.0,0.0
M,0.0,0.0,0.0,0.0
M,0.0,0.0,0.0,0.0
M,0.0,0.0,0.0,0.0
M,0.0,0.0,0.0,0.0
M,0.0,0.0,0.0,0.0
M,0.0,0.0,0.0,0.0
M,0.0,0.0,0.0,0.0
M,0.0,0.0,0.0,0.0
M,0.0,0.0,0.0,0.0
M,0.0,0.0,0.0,0.0
M,0.0,0.0,0.0,0.0
M,0.0,0.0,0.0,0.0
M,0.0,0.0,0.0,0.0
M,0.0627619,0.0,0.0,0.0627619
M,0.0,0.0,0.0,0.0
M,0.0,0.0,0.0,0.0
M,0.0,0.0,0.0,0.0
M,0.0,0.0,0.0,0.0
M,0.0,0.0,0.0,0.0
M,0.0,0.0,0.0,0.0
M,0.0,0.0,0.0,0.0
M,0.0,0.0,0.0,0.0
M,0.00627159,0.0,0.0,0.00627159
M,0.0,0.0,0.0,0.0
M,0.0,0.0,0.0,0.0
M,0.0,0.0,0.0,0.0
M,0.0,0.0,0.0,0.0
M,-0.03069,0.0,0.0,-0.03069
M,0.0,0.0,0.0,0.0
M,0.0,0.0,0.0,0.0
M,0.0,0.0,0.0,0.0
M,0.0,0.0,0.0,0.0
M,0.0257989,-0.038085,-0.038085,-0.0122861
M,0.0,0.0,0.0,0.0
M,0.0,0.0,0.0,0.0
M,0.0,0.0,0.0,0.0
M,0.0,0.0,0.0,0.0
M,0.0,0.0,0.0,0.0
M,0.0,0.0,0.0,0.0
M,0.0,0.0,0.0,0.0
M,0.0239407,0.0,0.0,0.0239407
M,0.0,0.0,0.0,0.0
M,-0.0497463,0.0,0.0,-0.0497463
M,0.0,0.0,0.0,0.0
M,0.0,0.0,0.0,0.0
M,0.0,0.0,0.0,0.0
M,0.0,0.0,0.0,0.0
M,0.0,0.0,0.0,0.0
M,0.0,0.0,0.0,0.0
M,-0.015318,0.0,0.0,-0.015318
M,0.0,0.0,0.0,0.0
M,-0.101298,0.0,0.0,-0.101298
M,-0.00660255,0.0,0.0,-0.00660255
M,0.0,0.0,0.0,0.0
M,0.0,0.0,0.0,0.0
M,0.0,0.0,0.0,0.0
M,0.0,0.0,0.0,0.0
M,0.0,0.0,0.0,0.0
M,0.0,0.0,0.0,0.0
M,0.0,0.0,0.0,0.0
M,0.0,0.0,0.0,0.0
M,0.0,0.0,0.0,0.0
M,0.0,0.0,0.0,0.0
M,0.0,0.0,0.0,0.0
M,0.0,0.0,0.0,0.0
M,0.0,0.0,0.0,0.0
M,0.0,0.0,0.0,0.0
M,0.0,0.0,0.0,0.0
M,0.0,0.0,0.0,0.0
M,0.0,0.0,0.0,0.0
M,0.0,0.0,0.0,0.0
M,0.0,0.0,0.0,0.0
M,0.0,0.0,0.0,0.0
M,0.0,0.0,0.0,0.0
M,0.0,0.0,0.0,0.0
M,0.0,0.0,0.0,0.0
M,0.0,0.0,0.0,0.0
M,0.0,0.0,0.0,0.0
M,0.0,0.0,0.0,0.0
M,-0.0136423,0.0,0.0,-0.0136423
M,0.0,-0.038085,-0.038085,-0.038085
M,0.0,0.0,0.0,0.0
M,0.0,0.0,0.0,0.0
M,0.0,0.0,0.0,0.0
M,0.0,0.0,0.0,0.0
M,0.0,0.0,0.0,0.0
M,-0.0484662,0.0,0.0,-0.0484662
M,0.0,0.0,0.0,0.0
M,0.0,0.0,0.0,0.0
M,0.0,0.0,0.0,0.0
M,-0.0148452,0.0,0.0,-0.0148452
M,0.0,0.0,0.0,0.0
M,0.0,0.0,0.0,0.0
M,0.0,0.0,0.0,0.0
M,0.0476441,0.0,0.0,0.0476441
M,0.0,0.0,0.0,0.0
M,0.0,0.0,0.0,0.0
M,0.0,0.0,0.0,0.0
M,0.0,0.0,0.0,0.0
M,0.106167,0.0,0.0,0.106167
M,0.0,0.0,0.0,0.0
M,0.0,0.0,0.0,0.0
M,0.0,0.0,0.0,0.0
M,0.0,0.0,0.0,0.0
M,0.0,0.0,0.0,0.0
M,0.0,0.0,0.0,0.0
M,0.0,0.0,0.0,0.0
M,-0.0363736,0.0,0.0,-0.0363736
M,0.0,0.0,0.0,0.0
M,0.0,0.0,0.0,0.0
M,0.0,0.0,0.0,0.0
M,0.0,0.0,0.0,0.0
M,0.0,0.0,0.0,0.0
M,-3.5837e-05,0.0,0.0,-3.5837e-05
M,0.0,0.0,0.0,0.0
M,0.0,0.0,0.0,0.0
M,0.0,0.0,0.0,0.0
M,-0.0140771,0.0,0.0,-0.0140771
M,0.0,0.0,0.0,0.0
M,0.0,0.0,0.0,0.0
M,0.0,0.0,0.0,0.0
M,0.0,0.0,0.0,0.0
M,0.0,0.0,0.0,0.0
M,0.0,0.0,0.0,0.0
M,0.0,0.0,0.0,0.0
M,0.0,0.0,0.0,0.0
M,0.0,0.0,0.0,0.0
M,0.0,0.0,0.0,0.0
M,0.0,0.0,0.0,0.0
M,0.0,0.0,0.0,0.0
M,0.0,0.0,0.0,0.0
M,0.0,0.0,0.0,0.0
M,0.0,0.0,0.0,0.0
M,0.0,0.0,0.0,0.0
M,0.0,0.0,0.0,0.0
M,0.0,0.0,0.0,0.0
M,-0.00921854,0.0,0.0,-0.00921854
M,0.0,0.0,0.0,0.0
M,0.0,0.0,0.0,0.0
M,0.0,0.0,0.0,0.0
M,0.0,0.0,0.0,0.0
M,0.0,0.0,0.0,0.0
M,0.0,0.0,0.0,0.0
M,0.033529,0.0,0.0,0.033529
M,0.0,0.0,0.0,0.0
M,0.0,0.0,0.0,0.0
M,-0.0153854,0.0,0.0,-0.0153854
M,0.0,0.0,0.0,0.0
M,0.0,0.0,0.0,0.0
M,0.0,0.0,0.0,0.0
M,0.0,0.0,0.0,0.0
M,0.0,0.0,0.0,0.0
M,0.0,0.0,0.0,0.0
M,0.0,0.0,0.0,0.0
M,0.0,0.0,0.0,0.0
M,0.0,0.0,0.0,0.0
M,0.0,0.0,0.0,0.0
M,0.0,0.0,0.0,0.0
M,0.00094762,0.0,0.0,0.00094762
M,0.0,0.0,0.0,0.0
M,0.0,0.0,0.0,0.0
M,0.00947602,0.0,0.0,0.00947602
M,0.0961892,0.0,0.0,0.0961892
M,0.0,0.0,0.0,0.0
M,0.0,0.0,0.0,0.0
M,-0.0258961,0.0,0.0,-0.0258961
M,0.0,0.0,0.0,0.0
M,0.0,0.0,0.0,0.0
M,0.0,0.0,0.0,0.0
M,0.0,0.0,0.0,0.0
M,0.0,0.0,0.0,0.0
M,0.0,0.0,0.0,0.0
M,0.0181875,0.0,0.0,0.0181875
M,0.0,0.0,0.0,0.0
M,0.0,0.0,0.0,0.0
M,-0.0387171,0.0,0.0,-0.0387171
M,0.0,0.0,0.0,0.0
M,0.0,0.0,0.0,0.0
M,0.0,0.0,0.0,0.0
M,0.0,0.0,0.0,0.0
M,0.0,0.0,0.0,0.0
M,0.0,0.0,0.0,0.0
M,0.0,0.0,0.0,0.0
M,0.0,0.0,0.0,0.0
M,0.0,0.0,0.0,0.0
M,0.0,0.0,0.0,0.0
M,0.0,0.0,0.0,0.0
M,0.0,0.0,0.0,0.0
M,0.0,0.0,0.0,0.0
M,0.0,0.0,0.0,0.0
M,0.0,0.0,0.0,0.0
M,0.0,0.0,0.0,0.0
M,0.0,0.0,0.0,0.0
M,0.0,0.0,0.0,0.0
M,0.0,0.0,0.0,0.0
M,0.0,0.0,0.0,0.0
M,0.0,0.0,0.0,0.0
M,0.0,0.0,0.0,0.0
M,0.0,0.0,0.0,0.0
M,0.0,0.0,0.0,0.0
M,-0.00291432,0.0,0.0,-0.00291432
M,0.0,0.0,0.0,0.0
M,-0.0011348,0.0,0.0,-0.0011348
M,0.0,0.0,0.0,0.0
M,0.0,0.0,0.0,0.0
M,0.0,0.0,0.0,0.0
M,0.0,0.0,0.0,0.0
M,0.0,0.0,0.0,0.0
M,0.0,0.0,0.0,0.0
M,0.0,0.0,0.0,0.0
M,0.0,0.0,0.0,0.0
M,0.0,0.0,0.0,0.0
M,0.0,0.0,0.0,0.0
M,0.0,0.0,0.0,0.0
M,-0.0895157,0.0,0.0,-0.0895157
M,0.0,0.0,0.0,0.0
M,0.0,0.0,0.0,0.0
M,0.0,0.0,0.0,0.0
M,0.0,0.0,0.0,0.0
M,0.0,0.0,0.0,0.0
M,0.0,0.0,0.0,0.0
M,0.0,0.0,0.0,0.0
M,0.0430916,0.0,0.0,0.0430916
M,0.0,0.0,0.0,0.0
M,-0.0393101,0.0,0.0,-0.0393101
M,0.0,0.0,0.0,0.0
M,0.0,0.0,0.0,0.0
M,0.0,0.0,0.0,0.0
M,0.0,0.0,0.0,0.0
M,0.0,0.0,0.0,0.0
M,0.0,0.0,0.0,0.0
M,0.0,0.0,0.0,0.0
M,0.0,0.0,0.0,0.0
M,0.0,0.0,0.0,0.0
M,0.0,0.0,0.0,0.0
M,0.0,0.0,0.0,0.0
M,0.0,0.0,0.0,0.0
M,0.0,0.0,0.0,0.0
M,0.0,0.0,0.0,0.0
M,0.0,0.0,0.0,0.0
M,0.0,0.0,0.0,0.0
M,0.0,0.0,0.0,0.0
M,-0.0228859,0.0,0.0,-0.0228859
M,0.0,0.0,0.0,0.0
M,0.0072484,0.0,0.0,0.0072484
M,0.0649735,0.0,0.0,0.0649735
M,0.0,0.0,0.0,0.0
M,0.0,0.0,0.0,0.0
M,0.0,0.0,0.0,0.0
M,0.0,0.0,0.0,0.0
M,0.0,0.0,0.0,0.0
M,0.0,0.0,0.0,0.0
M,0.0,0.0,0.0,0.0
M,0.0,0.0,0.0,0.0
M,0.0,0.0,0.0,0.0
M,-0.111064,0.0,0.0,-0.111064
M,0.0,0.0,0.0,0.0
M,0.0380271,0.0,0.0,0.0380271
M,0.0,0.0,0.0,0.0
M,0.0,0.0,0.0,0.0
M,0.0,0.0,0.0,0.0
M,0.0,0.0,0.0,0.0
M,-0.0206446,0.0,0.0,-0.0206446
M,0.0,0.0,0.0,0.0
M,0.0,0.0,0.0,0.0
M,0.0457563,0.0,0.0,0.0457563
M,0.0,0.0,0.0,0.0
M,0.0295051,0.0,0.0,0.0295051
M,0.0,0.0,0.0,0.0
M,0.0,0.0,0.0,0.0
M,0.0,0.0533386,0.0533386,0.0533386
M,0.0,0.0,0.0,0.0
M,-0.0192578,0.0,0.0,-0.0192578
M,0.0,0.0,0.0,0.0
M,0.0,0.0,0.0,0.0
M,0.0295051,0.0,0.0,0.0295051
M,-0.0393101,0.0,0.0,-0.0393101
M,0.0,0.0,0.0,0.0
M,0.0,0.0,0.0,0.0
M,0.0,0.0,0.0,0.0
M,0.0,0.0,0.0,0.0
M,0.0,0.0,0.0,0.0
M,0.0277692,0.0,0.0,0.0277692
M,0.0754712,0.0,0.0,0.0754712
M,0.0,0.0,0.0,0.0
M,0.00783875,0.0,0.0,0.00783875
M,0.0,0.0,0.0,0.0
M,0.0,0.0,0.0,0.0
M,0.0,0.0,0.0,0.0
M,0.0,0.0,0.0,0.0
M,0.0,0.0,0.0,0.0
M,0.0782118,0.0,0.0,0.0782118
M,0.0,0.0,0.0,0.0
M,0.0,0.0,0.0,0.0
M,0.0,0.0,0.0,0.0
M,0.0,0.0,0.0,0.0
M,0.0,0.0,0.0,0.0
M,0.0,0.0,0.0,0.0
M,0.0,0.0,0.0,0.0
M,0.0,0.0,0.0,0.0
M,0.0,0.0,0.0,0.0
M,0.0,0.0,0.0,0.0
M,0.0,0.0,0.0,0.0
M,0.0,0.0,0.0,0.0
M,-0.0216366,0.0,0.0,-0.0216366
M,-0.0714563,0.0,0.0,-0.0714563
M,0.0,0.0,0.0,0.0
M,-0.0269249,0.0,0.0,-0.0269249
M,0.0,0.0,0.0,0.0
M,-0.0258961,0.0,0.0,-0.0258961
M,0.0,0.0,0.0,0.0
M,0.0,0.0,0.0,0.0
M,0.0,0.0,0.0,0.0
M,-0.051689,0.0,0.0,-0.051689
M,0.0,0.0,0.0,0.0
M,0.0,0.0,0.0,0.0
M,0.0,0.0,0.0,0.0
M,0.0,0.0,0.0,0.0
M,0.0,0.0,0.0,0.0
M,0.0,0.0,0.0,0.0
M,-0.0290184,0.0,0.0,-0.0290184
M,0.0,0.0100098,0.0100098,0.0100098
M,0.0,0.0,0.0,0.0
M,0.0,0.0,0.0,0.0
M,0.0,0.0,0.0,0.0
M,0.0,0.0,0.0,0.0
M,0.0,-0.038085,-0.038085,-0.038085
M,0.0381353,0.0,0.0,0.0381353
M,0.0,0.0,0.0,0.0
M,-0.00998821,0.0,0.0,-0.00998821
M,0.0,0.0,0.0,0.0
M,0.0,0.0,0.0,0.0
M,0.0,0.0,0.0,0.0
M,0.0,0.0,0.0,0.0
M,0.0383097,0.0,0.0,0.0383097
M,0.0,0.0,0.0,0.0
M,0.0,0.0,0.0,0.0
M,0.0217912,0.0,0.0,0.0217912
M,0.0,0.0,0.0,0.0
M,0.0,0.0,0.0,0.0
M,0.0,0.0,0.0,0.0
M,0.0,0.0,0.0,0.0
M,0.0,0.0,0.0,0.0
M,0.0,0.0,0.0,0.0
M,0.0,0.0,0.0,0.0
M,0.0622307,0.0,0.0,0.0622307
M,0.0476441,0.0,0.0,0.0476441
M,0.0,0.0,0.0,0.0
M,0.0,0.0,0.0,0.0
M,0.0,0.0,0.0,0.0
M,0.0,0.0,0.0,0.0
M,0.0,0.0,0.0,0.0
M,-0.127907,0.0,0.0,-0.127907
M,0.0,0.0,0.0,0.0
M,0.0,0.0,0.0,0.0
M,0.0,0.0,0.0,0.0
M,0.0,0.0,0.0,0.0
M,0.0,0.0,0.0,0.0
M,0.0,0.0,0.0,0.0
M,0.0,0.0,0.0,0.0
M,0.0,0.0,0.0,0.0
M,0.0,0.0,0.0,0.0
M,0.0,0.0,0.0,0.0
M,0.0,0.0,0.0,0.0
M,0.0,0.0,0.0,0.0
M,0.0,0.0,0.0,0.0
M,0.0,0.0,0.0,0.0
M,0.0,0.0,0.0,0.0
M,0.0,0.0,0.0,0.0
M,0.0,0.0,0.0,0.0
M,0.0,0.0,0.0,0.0
M,0.0,0.0,0.0,0.0
M,0.0,0.0,0.0,0.0
M,0.0,0.0,0.0,0.0
M,0.0,0.0,0.0,0.0
M,0.0,0.0,0.0,0.0
M,0.0,0.0,0.0,0.0
M,-0.000881824,0.0,0.0,-0.000881824
M,0.0,0.0,0.0,0.0
M,0.0,0.0,0.0,0.0
M,0.0,0.0,0.0,0.0
M,0.0,-0.0672184,-0.0672184,-0.0672184
M,-0.0502384,0.0,0.0,-0.0502384
M,0.0,0.0,0.0,0.0
M,0.0,0.0,0.0,0.0
M,0.0,0.0,0.0,0.0
M,0.0,0.0,0.0,0.0
M,0.0,0.0,0.0,0.0
M,0.0604498,0.0,0.0,0.0604498
M,0.0,0.0,0.0,0.0
M,0.0,0.0,0.0,0.0
M,0.0,0.0,0.0,0.0
M,0.0373237,0.0,0.0,0.0373237
M,0.0,0.0,0.0,0.0
M,0.0,0.0,0.0,0.0
M,0.0,0.0,0.0,0.0
M,0.0,0.0,0.0,0.0
M,0.0,0.0,0.0,0.0
M,-0.00864141,0.0,0.0,-0.00864141
M,0.0,0.0,0.0,0.0
M,0.0,0.0,0.0,0.0
M,0.00553835,0.0,0.0,0.00553835
M,0.0,0.0,0.0,0.0
M,0.0116253,0.0,0.0,0.0116253
M,0.0,0.0,0.0,0.0
M,0.0,0.0,0.0,0.0
M,0.0,0.0,0.0,0.0
M,0.0,0.0,0.0,0.0
M,0.0,0.0,0.0,0.0
M,0.0,0.0,0.0,0.0
M,0.0,0.0,0.0,0.0
M,0.0,0.0,0.0,0.0
M,0.0,0.0,0.0,0.0
M,0.0303922,0.0,0.0,0.0303922
M,0.0,0.0,0.0,0.0
M,0.0,0.0,0.0,0.0
M,0.0,0.0,0.0,0.0
M,-0.0108506,0.0,0.0,-0.0108506
M,0.0,0.0,0.0,0.0
M,0.0,0.0,0.0,0.0
M,-0.0021105,0.0,0.0,-0.0021105
M,0.0,0.0,0.0,0.0
M,0.0,0.0,0.0,0.0
M,0.0,0.0,0.0,0.0
M,0.0,0.0,0.0,0.0
M,-0.0229559,0.0,0.0,-0.0229559
M,0.0,0.0,0.0,0.0
M,0.0166837,0.0,0.0,0.0166837
M,0.0,0.0,0.0,0.0
M,0.0,0.0,0.0,0.0
M,0.0,0.0,0.0,0.0
M,0.0,0.0,0.0,0.0
M,0.0356229,0.0,0.0,0.0356229
M,0.0196012,0.0,0.0,0.0196012
M,0.0,0.0,0.0,0.0
M,0.0,0.0250023,0.0250023,0.0250023
M,0.0,0.0,0.0,0.0
M,0.0,0.0,0.0,0.0
M,0.0159121,0.0,0.0,0.0159121
M,0.0337619,0.0,0.0,0.0337619
M,0.0137876,0.0,0.0,0.0137876
M,0.0,0.0,0.0,0.0
M,0.0,0.0,0.0,0.0
M,0.0,0.0,0.0,0.0
M,0.0,0.0,0.0,0.0
M,0.0,0.0,0.0,0.0
M,0.0,0.0,0.0,0.0
M,0.0,0.0,0.0,0.0
M,0.0,0.0,0.0,0.0
M,-0.0484666,0.0,0.0,-0.0484666
M,0.0,0.0,0.0,0.0
M,0.0,0.0,0.0,0.0
M,0.0,0.0,0.0,0.0
M,0.0,0.0,0.0,0.0
M,-0.0709782,0.0,0.0,-0.0709782
M,0.0,0.0,0.0,0.0
M,0.0,0.0,0.0,0.0
M,-0.0737371,0.0,0.0,-0.0737371
M,-0.00291432,0.0,0.0,-0.00291432
M,0.0,0.0,0.0,0.0
M,0.0,0.0,0.0,0.0
M,0.0,0.0,0.0,0.0
M,0.0,0.0,0.0,0.0
M,0.0,0.0,0.0,0.0
M,0.0,0.0,0.0,0.0
M,0.0,0.0,0.0,0.0
M,0.0,0.0,0.0,0.0
M,0.0,0.0,0.0,0.0
M,0.0,0.0,0.0,0.0
M,0.0,0.0,0.0,0.0
M,0.0,0.0,0.0,0.0
M,0.0,0.0,0.0,0.0
M,0.0,0.0,0.0,0.0
M,0.0,0.0,0.0,0.0
M,0.0,0.0,0.0,0.0
M,0.0,0.0,0.0,0.0
M,0.0,0.0,0.0,0.0
M,0.0,0.0,0.0,0.0
M,0.0,0.0,0.0,0.0
M,-0.00292465,0.0,0.0,-0.00292465
M,0.0373237,0.0,0.0,0.0373237
M,0.0,0.0,0.0,0.0
M,0.0,0.0,0.0,0.0
M,0.0,0.0,0.0,0.0
M,0.0,0.0,0.0,0.0
M,0.0181875,0.0,0.0,0.0181875
M,0.0615033,0.0,0.0,0.0615033
M,0.0,0.0,0.0,0.0
M,0.0515683,0.0,0.0,0.0515683
M,-0.0663494,0.0,0.0,-0.0663494
M,0.0356229,0.0,0.0,0.0356229
M,0.0,0.0,0.0,0.0
M,0.0,0.0,0.0,0.0
M,0.0221463,0.0,0.0,0.0221463
M,0.0,0.0,0.0,0.0
M,0.0,0.0,0.0,0.0
M,0.0,0.0,0.0,0.0
M,0.0,0.0,0.0,0.0
M,0.0,0.0,0.0,0.0
M,0.0,0.0,0.0,0.0
M,0.0,0.0,0.0,0.0
M,-0.0290184,0.0,0.0,-0.0290184
M,0.0,0.0,0.0,0.0
M,0.0,0.0,0.0,0.0
M,0.0,0.0,0.0,0.0
M,0.0,0.0,0.0,0.0
M,0.0,0.0,0.0,0.0
M,0.0,0.0,0.0,0.0
M,0.0608614,0.0,0.0,0.0608614
M,0.0,0.0,0.0,0.0
M,0.0,0.0,0.0,0.0
M,0.0,0.0,0.0,0.0
M,0.0,0.0,0.0,0.0
M,-0.00570705,0.0,0.0,-0.00570705
M,0.0,0.0,0.0,0.0
M,0.0,0.0,0.0,0.0
M,0.0,0.0,0.0,0.0
M,-0.0327839,0.0,0.0,-0.0327839
M,0.0,0.0,0.0,0.0
M,0.0,0.0,0.0,0.0
M,0.0999755,0.0,0.0,0.0999755
M,0.0,0.0,0.0,0.0
M,0.0,0.0,0.0,0.0
M,0.0,0.0,0.0,0.0
M,0.0,0.0,0.0,0.0
M,0.0,0.0,0.0,0.0
M,0.0,0.0,0.0,0.0
M,0.0,0.0,0.0,0.0
M,0.0,0.0,0.0,0.0
M,0.0,0.0,0.0,0.0
M,0.0,0.0,0.0,0.0
M,0.0,0.0,0.0,0.0
M,0.0,0.0,0.0,0.0
M,0.0,0.0,0.0,0.0
M,0.0,0.0,0.0,0.0
M,0.0146641,0.0,0.0,0.0146641
M,-0.106065,0.0,0.0,-0.106065
M,0.0,0.0,0.0,0.0
M,0.0,0.0,0.0,0.0
M,0.0,0.0,0.0,0.0
M,0.0,0.0,0.0,0.0
M,-0.106,0.0,0.0,-0.106
M,0.0,0.0,0.0,0.0
M,0.0,0.0,0.0,0.0
M,0.0,0.0,0.0,0.0
M,0.0,0.0,0.0,0.0
M,0.0,0.0,0.0,0.0
M,0.0,0.0,0.0,0.0
M,0.0,0.0,0.0,0.0
M,0.0,0.0,0.0,0.0
M,0.0,0.0,0.0,0.0
M,0.0,0.0,0.0,0.0
M,0.0,0.0,0.0,0.0
M,-0.0737371,0.0,0.0,-0.0737371
M,-0.0106241,0.0,0.0,-0.0106241
M,0.00748464,0.0,0.0,0.00748464
M,0.0,0.0,0.0,0.0
M,0.0,0.0,0.0,0.0
M,0.0,0.0,0.0,0.0
M,0.0,0.0,0.0,0.0
M,-0.0374954,0.0,0.0,-0.0374954
M,0.0,0.0,0.0,0.0
M,0.0,0.0,0.0,0.0
M,0.0,0.0,0.0,0.0
M,0.0,0.0,0.0,0.0
M,0.0,0.0,0.0,0.0
M,0.0,0.0,0.0,0.0
M,-0.0673459,0.0,0.0,-0.0673459
M,0.0,0.0,0.0,0.0
M,0.0,0.0,0.0,0.0
M,0.0,0.0,0.0,0.0
M,0.0,0.0,0.0,0.0
M,0.0284758,0.0,0.0,0.0284758
M,0.0,0.0,0.0,0.0
M,0.0,0.0,0.0,0.0
M,0.0105745,0.0,0.0,0.0105745
M,0.0,0.0,0.0,0.0
M,0.0,0.0,0.0,0.0
M,0.0,0.0,0.0,0.0
M,0.0,0.0,0.0,0.0
M,0.0,0.0,0.0,0.0
M,0.0,0.0,0.0,0.0
M,0.0,0.0,0.0,0.0
M,0.0,0.0,0.0,0.0
M,0.0430223,0.0,0.0,0.0430223
M,0.0,0.0,0.0,0.0
M,0.0,0.0,0.0,0.0
M,0.0,0.0,0.0,0.0
M,0.0,0.0,0.0,0.0
M,0.0,0.0,0.0,0.0
M,0.0,0.0,0.0,0.0
M,0.0,0.0,0.0,0.0
M,0.0,0.0,0.0,0.0
M,-0.0261197,0.0,0.0,-0.0261197
M,0.0,0.0,0.0,0.0
M,0.0,0.0,0.0,0.0
M,0.0,0.0,0.0,0.0
M,0.0,0.0,0.0,0.0
M,0.0,0.0,0.0,0.0
M,0.0,0.0,0.0,0.0
M,0.0430916,0.0,0.0,0.0430916
M,0.0,0.0,0.0,0.0
M,0.0,0.0,0.0,0.0
M,0.0,0.0,0.0,0.0
M,0.0,0.0,0.0,0.0
M,0.0,0.0,0.0,0.0
M,0.0,0.0,0.0,0.0
M,0.0,0.0,0.0,0.0
M,0.0,0.0,0.0,0.0
M,-0.0194436,0.0,0.0,-0.0194436
M,0.0,0.0,0.0,0.0
M,0.0,0.0,0.0,0.0
M,0.0,0.0,0.0,0.0
M,0.0,0.0,0.0,0.0
M,0.0,0.0,0.0,0.0
M,-0.10489,0.0,0.0,-0.10489
M,0.0,0.0,0.0,0.0
M,0.0,0.0,0.0,0.0
M,0.0,0.0,0.0,0.0
M,-3.5837e-05,0.0,0.0,-3.5837e-05
M,-0.0849985,0.0,0.0,-0.0849985
M,0.0,0.0,0.0,0.0
M,0.0,0.0,0.0,0.0
M,0.0,0.0,0.0,0.0
M,0.0,0.0,0.0,0.0
M,0.0,0.0,0.0,0.0
M,0.0,0.0,0.0,0.0
M,0.0,0.0,0.0,0.0
M,0.0,0.0,0.0,0.0
M,0.0,0.0,0.0,0.0
M,0.0,0.0,0.0,0.0
M,0.0,0.0,0.0,0.0
M,0.0,0.0,0.0,0.0
M,0.0,0.0,0.0,0.0
M,0.0,0.0,0.0,0.0
M,0.0,0.0,0.0,0.0
M,0.0296073,0.0,0.0,0.0296073
M,0.0,0.0,0.0,0.0
M,0.134483,0.0,0.0,0.134483
M,0.0,0.0,0.0,0.0
M,0.0,0.0,0.0,0.0
M,0.0,0.0,0.0,0.0
M,0.0,0.0,0.0,0.0
M,0.0,0.0,0.0,0.0
M,0.0,0.0,0.0,0.0
M,0.0,0.0,0.0,0.0
M,0.0,0.0,0.0,0.0
M,0.0,0.0,0.0,0.0
M,-0.0813235,0.0,0.0,-0.0813235
M,0.0,0.0,0.0,0.0
M,0.0,0.0,0.0,0.0
M,0.0,0.0,0.0,0.0
M,0.0,0.0,0.0,0.0
M,0.0,0.0,0.0,0.0
M,0.0,0.0,0.0,0.0
M,0.0,0.0,0.0,0.0
M,0.0,0.0,0.0,0.0
M,0.0,0.0,0.0,0.0
M,0.0,0.0,0.0,0.0
M,-0.0425337,0.0,0.0,-0.0425337
M,0.0,0.0,0.0,0.0
M,0.0,0.0,0.0,0.0
M,0.0,0.0,0.0,0.0
M,0.0,0.0,0.0,0.0
M,0.0,0.0,0.0,0.0
M,0.0,0.0,0.0,0.0
M,0.0,0.0,0.0,0.0
M,0.0,0.0,0.0,0.0
M,0.0,0.0,0.0,0.0
M,0.0,0.0,0.0,0.0
M,0.0,0.0,0.0,0.0
M,0.0,0.0,0.0,0.0
M,0.0,0.0,0.0,0.0
M,0.0,0.0,0.0,0.0
M,0.0,0.0,0.0,0.0
M,0.0,0.0,0.0,0.0
M,0.0,0.0,0.0,0.0
M,0.0,0.0,0.0,0.0
M,0.0,0.0,0.0,0.0
M,0.0,0.0,0.0,0.0
M,0.0,0.0,0.0,0.0
M,-0.127907,0.0,0.0,-0.127907
M,0.0,0.0,0.0,0.0
M,0.0,0.0,0.0,0.0
M,0.0,0.0,0.0,0.0
M,0.0522654,0.0,0.0,0.0522654
M,0.0,0.0,0.0,0.0
M,0.0303922,0.0,0.0,0.0303922
M,0.0,0.0,0.0,0.0
M,0.0,0.0,0.0,0.0
M,0.0,0.0,0.0,0.0
M,0.0,0.0,0.0,0.0
M,0.0,0.0,0.0,0.0
M,0.0,0.0,0.0,0.0
M,0.0,0.0,0.0,0.0
M,0.0256864,0.0,0.0,0.0256864
M,0.0,0.0,0.0,0.0
M,0.0,0.0,0.0,0.0
M,0.00750505,0.0,0.0,0.00750505
M,0.0,0.0,0.0,0.0
M,0.0,0.0,0.0,0.0
M,-0.0117015,0.0,0.0,-0.0117015
M,0.00550553,0.0,0.0,0.00550553
M,0.0,0.0,0.0,0.0
M,0.0,0.0,0.0,0.0
M,0.0,0.0,0.0,0.0
M,0.0,0.0,0.0,0.0
M,0.0,0.0,0.0,0.0
M,0.0,0.0,0.0,0.0
M,0.0,0.0,0.0,0.0
M,0.0,0.0,0.0,0.0
M,0.0,0.0,0.0,0.0
M,0.0,0.0,0.0,0.0
M,0.119984,0.0,0.0,0.119984
M,0.0,0.0,0.0,0.0
M,0.0,0.0,0.0,0.0
M,0.0,0.0,0.0,0.0
M,0.0479187,0.0,0.0,0.0479187
M,0.0,0.0,0.0,0.0
M,0.0387987,0.0,0.0,0.0387987
M,0.0,0.0,0.0,0.0
M,0.0,0.0,0.0,0.0
M,0.0,0.0,0.0,0.0
M,0.0,0.0,0.0,0.0
M,0.0,0.0,0.0,0.0
M,0.0,0.0,0.0,0.0
M,0.0896707,0.0,0.0,0.0896707
M,0.0,0.0,0.0,0.0
M,0.0,0.0,0.0,0.0
M,0.0,0.0,0.0,0.0
M,0.0,0.0,0.0,0.0
M,0.0,0.0,0.0,0.0
M,-0.0732195,0.0,0.0,-0.0732195
M,0.0,0.0,0.0,0.0
M,0.0,0.0,0.0,0.0
M,0.0,0.0,0.0,0.0
M,0.0,0.0,0.0,0.0
M,0.0,0.0,0.0,0.0
M,0.0,0.0,0.0,0.0
M,0.0,0.0,0.0,0.0
M,0.0,0.0,0.0,0.0
M,0.0,0.0,0.0,0.0
M,0.0,0.0,0.0,0.0
M,0.0,0.0,0.0,0.0
M,0.0,0.0,0.0,0.0
M,0.0,0.0,0.0,0.0
M,0.0,0.0,0.0,0.0
M,0.0445855,0.0,0.0,0.0445855
M,0.0,0.0,0.0,0.0
M,0.0,0.0,0.0,0.0
M,0.0,0.0,0.0,0.0
M,-0.0320556,0.0,0.0,-0.0320556
M,0.0,0.0,0.0,0.0
M,0.0,0.0,0.0,0.0
M,0.0,0.0,0.0,0.0
M,0.0,0.0,0.0,0.0
M,0.0,0.0,0.0,0.0
M,0.0,0.0,0.0,0.0
M,0.0,0.0,0.0,0.0
M,0.0,-0.0468702,-0.0468702,-0.0468702
M,0.0,0.0,0.0,0.0
M,0.0,0.0,0.0,0.0
M,0.0,0.0,0.0,0.0
M,0.0,0.0,0.0,0.0
M,0.0,0.0,0.0,0.0
M,-0.10899,0.0,0.0,-0.10899
M,0.0223166,0.0,0.0,0.0223166
M,-0.03069,0.0,0.0,-0.03069
M,-0.000522076,0.0,0.0,-0.000522076
M,0.0,0.0,0.0,0.0
M,0.0,0.0,0.0,0.0
M,0.0295051,0.0,0.0,0.0295051
M,0.0,0.0,0.0,0.0
M,0.0,0.0,0.0,0.0
M,0.0,0.0,0.0,0.0
M,0.0,0.0,0.0,0.0
M,0.0,0.0,0.0,0.0
M,0.0,0.0,0.0,0.0
M,0.0,0.0,0.0,0.0
M,0.0,0.0,0.0,0.0
M,0.0,0.0,0.0,0.0
M,0.0,0.0,0.0,0.0
M,-0.0542928,0.0,0.0,-0.0542928
M,0.0210267,0.0,0.0,0.0210267
M,0.0,0.0,0.0,0.0
M,0.0,0.0,0.0,0.0
M,0.0999755,0.0,0.0,0.0999755
M,0.0,0.0,0.0,0.0
M,-0.00328076,0.0,0.0,-0.00328076
M,0.0,0.0,0.0,0.0
M,0.0296073,0.0,0.0,0.0296073
M,0.0,0.0,0.0,0.0
M,0.0,0.0,0.0,0.0
M,0.0,0.0,0.0,0.0
M,0.0,0.0,0.0,0.0
M,0.0,0.0,0.0,0.0
M,0.0479187,0.0,0.0,0.0479187
M,0.0,0.0,0.0,0.0
M,0.0,0.0,0.0,0.0
M,0.0,0.0,0.0,0.0
M,0.0,0.0,0.0,0.0
M,0.0,0.0,0.0,0.0
M,0.0,0.0,0.0,0.0
M,0.0,0.0,0.0,0.0
M,0.00553835,0.0,0.0,0.00553835
M,0.0,0.0,0.0,0.0
M,0.0,0.0,0.0,0.0
M,0.0,0.0,0.0,0.0
M,0.0,0.0,0.0,0.0
M,0.0,0.0,0.0,0.0
M,0.0,0.0,0.0,0.0
M,0.0,0.0,0.0,0.0
M,0.0,0.0,0.0,0.0
M,0.0,0.0,0.0,0.0
M,0.0,0.0,0.0,0.0
M,0.0,0.0,0.0,0.0
M,0.0,0.0,0.0,0.0
M,0.0,0.0,0.0,0.0
M,0.0,0.0,0.0,0.0
M,0.0,0.0,0.0,0.0
M,0.0,0.0,0.0,0.0
M,0.0,0.0,0.0,0.0
M,0.0380777,0.0,0.0,0.0380777
M,-0.0318225,0.0,0.0,-0.0318225
M,0.0,0.0,0.0,0.0
M,0.0,0.0,0.0,0.0
M,-0.0393169,0.0,0.0,-0.0393169
M,0.0,0.0,0.0,0.0
M,0.0,0.0,0.0,0.0
M,0.0,0.0,0.0,0.0
M,0.0,0.0,0.0,0.0
M,0.0,0.0,0.0,0.0
M,0.0,0.0,0.0,0.0
M,0.0,0.0,0.0,0.0
M,0.0,0.0,0.0,0.0
M,0.0,0.0,0.0,0.0
M,0.0,0.0,0.0,0.0
M,0.0217403,0.0,0.0,0.0217403
M,0.0,0.0,0.0,0.0
M,-0.0524633,0.0,0.0,-0.0524633
M,0.0,0.0,0.0,0.0
M,0.0,0.0,0.0,0.0
M,0.0,0.0,0.0,0.0
M,0.0,0.0,0.0,0.0
M,0.0,0.0,0.0,0.0
M,0.0,0.0,0.0,0.0
M,-0.0737371,0.0,0.0,-0.0737371
M,0.0,0.0,0.0,0.0
M,-0.0730296,0.0,0.0,-0.0730296
M,0.0,0.0,0.0,0.0
M,0.0,0.0,0.0,0.0
M,0.0,0.0,0.0,0.0
M,0.0,0.0,0.0,0.0
M,0.0,0.0,0.0,0.0
M,0.0,0.0,0.0,0.0
M,0.0,0.0,0.0,0.0
M,0.0,0.0,0.0,0.0
M,0.0,0.0,0.0,0.0
M,0.0,0.0,0.0,0.0
M,0.0,0.0,0.0,0.0
M,0.0,0.0,0.0,0.0
M,-0.0108506,0.0,0.0,-0.0108506
M,0.0,0.0,0.0,0.0
M,0.0,0.0,0.0,0.0
M,-0.0891556,0.0,0.0,-0.0891556
M,0.0,0.0,0.0,0.0
M,0.0,0.0,0.0,0.0
M,0.0,0.0,0.0,0.0
M,-0.00716474,0.0,0.0,-0.00716474
M,0.0,0.0,0.0,0.0
M,0.0,0.0,0.0,0.0
M,0.0,0.0,0.0,0.0
M,-0.0560537,0.0,0.0,-0.0560537
M,0.0,0.0,0.0,0.0
M,0.0,0.0,0.0,0.0
M,0.0,0.0,0.0,0.0
M,0.0,0.0,0.0,0.0
M,0.0,0.0,0.0,0.0
M,0.0,0.0,0.0,0.0
M,0.0,0.0,0.0,0.0
M,0.0348277,0.0,0.0,0.0348277
M,0.0,0.0,0.0,0.0
M,0.0,0.0,0.0,0.0
M,0.0,0.0,0.0,0.0
M,-0.119666,0.0,0.0,-0.119666
M,0.0565416,0.0,0.0,0.0565416
M,0.0,0.0,0.0,0.0
M,0.0,0.0,0.0,0.0
M,0.0,0.0,0.0,0.0
M,0.0,0.0,0.0,0.0
M,0.0,0.0,0.0,0.0
M,0.0,0.0,0.0,0.0
M,0.0,-0.038085,-0.038085,-0.038085
M,-0.0638139,0.0,0.0,-0.0638139
M,0.134483,0.0,0.0,0.134483
M,0.0,0.0,0.0,0.0
M,0.0,0.0,0.0,0.0
M,0.0,0.0,0.0,0.0
M,0.0,0.0,0.0,0.0
M,0.0,0.0,0.0,0.0
M,0.0,0.0,0.0,0.0
M,0.0,0.0,0.0,0.0
M,0.0,0.0,0.0,0.0
M,0.0,0.0,0.0,0.0
M,0.0,0.0,0.0,0.0
M,0.0,0.0,0.0,0.0
M,-0.00456298,0.0,0.0,-0.00456298
M,0.0,0.0,0.0,0.0
M,0.0,0.0,0.0,0.0
M,0.0,0.0,0.0,0.0
M,0.0,0.0,0.0,0.0
M,0.0,0.0,0.0,0.0
M,-0.0628454,0.0,0.0,-0.0628454
M,0.0,0.0,0.0,0.0
M,0.0,0.0,0.0,0.0
M,0.0,0.0,0.0,0.0
M,0.0,0.0,0.0,0.0
M,0.0,0.0,0.0,0.0
M,0.0,0.0,0.0,0.0
M,0.0,0.0,0.0,0.0
M,0.0,0.0,0.0,0.0
M,0.0,0.0,0.0,0.0
M,0.0,0.0,0.0,0.0
M,0.0697002,0.0,0.0,0.0697002
M,0.0,0.0,0.0,0.0
M,0.0,0.0,0.0,0.0
M,0.0,0.0,0.0,0.0
M,0.0,0.0,0.0,0.0
M,0.0437449,0.0,0.0,0.0437449
M,0.0,0.0,0.0,0.0
M,0.0,0.0,0.0,0.0
M,0.0,0.0,0.0,0.0
M,0.0,0.0,0.0,0.0
M,0.00148936,0.0,0.0,0.00148936
M,0.0,0.0,0.0,0.0
M,0.0,0.0,0.0,0.0
M,0.0221463,0.0,0.0,0.0221463
M,0.0,0.0,0.0,0.0
M,0.0,0.0,0.0,0.0
M,0.0,0.0,0.0,0.0
M,0.0,0.0,0.0,0.0
M,0.105756,0.0,0.0,0.105756
M,0.0,0.0,0.0,0.0
M,0.0,0.0,0.0,0.0
M,0.0,0.0,0.0,0.0
M,0.0,0.0,0.0,0.0
M,0.0,0.0,0.0,0.0
M,0.0,0.0,0.0,0.0
M,0.0,0.0,0.0,0.0
M,0.0,0.0,0.0,0.0
M,0.0,0.0,0.0,0.0
M,0.0,0.0,0.0,0.0
M,0.0,0.0,0.0,0.0
M,0.0,0.0,0.0,0.0
M,0.0439664,0.0,0.0,0.0439664
M,0.0,0.0,0.0,0.0
M,0.0,0.0,0.0,0.0
M,0.00148936,0.0,0.0,0.00148936
M,0.0,-0.0468702,-0.0468702,-0.0468702
M,0.0,0.0,0.0,0.0
M,0.0,0.0,0.0,0.0
M,0.0,0.0,0.0,0.0
M,0.0,0.0,0.0,0.0
M,0.0,0.0,0.0,0.0
M,0.0,0.0,0.0,0.0
M,0.0,0.0,0.0,0.0
M,0.0,0.0,0.0,0.0
M,0.0,0.0,0.0,0.0
M,0.0,0.0,0.0,0.0
M,0.0,0.0,0.0,0.0
M,0.0,0.0,0.0,0.0
M,0.0107512,0.0,0.0,0.0107512
M,-0.0256212,0.0,0.0,-0.0256212
M,0.0,0.0,0.0,0.0
M,0.0,0.0,0.0,0.0
M,0.0,0.0,0.0,0.0
M,0.0,0.0,0.0,0.0
M,0.0,0.0,0.0,0.0
M,0.0,0.0,0.0,0.0
M,0.0,0.0,0.0,0.0
M,0.0,0.0,0.0,0.0
M,0.0,0.0,0.0,0.0
M,0.0,0.0,0.0,0.0
M,0.0,0.0,0.0,0.0
M,0.0,0.0,0.0,0.0
M,0.0,0.0,0.0,0.0
M,-0.051698,0.0,0.0,-0.051698
M,0.0,0.0,0.0,0.0
M,0.0,0.0,0.0,0.0
M,0.0,0.0,0.0,0.0
M,0.0,0.0,0.0,0.0
M,0.0,0.0,0.0,0.0
M,0.0,0.0,0.0,0.0
M,0.0,0.0,0.0,0.0
M,0.0,0.0,0.0,0.0
M,0.000929236,0.0,0.0,0.000929236
M,0.0,0.0,0.0,0.0
M,0.0,0.0,0.0,0.0
M,0.0,0.0,0.0,0.0
M,-0.0348465,0.0,0.0,-0.0348465
M,-0.0528425,0.0,0.0,-0.0528425
M,0.0,0.0,0.0,0.0
M,0.0,0.0,0.0,0.0
M,0.0,0.0,0.0,0.0
M,0.0,0.0,0.0,0.0
M,0.0,0.0,0.0,0.0
M,0.0,0.0,0.0,0.0
M,0.0,0.0,0.0,0.0
M,0.0,0.0,0.0,0.0
M,0.0,0.0,0.0,0.0
M,0.0,0.0,0.0,0.0
M,0.0,0.0,0.0,0.0
M,0.0,0.0,0.0,0.0
M,0.0,0.0,0.0,0.0
M,-0.0716746,0.0,0.0,-0.0716746
M,0.0,0.0,0.0,0.0
M,-0.0398461,0.0,0.0,-0.0398461
M,0.0,0.0,0.0,0.0
M,0.0487523,0.0,0.0,0.0487523
M,0.0,0.0,0.0,0.0
M,0.0356229,0.0,0.0,0.0356229
M,0.0,0.0,0.0,0.0
M,0.0,0.0,0.0,0.0
M,0.144951,0.0,0.0,0.144951
M,-0.0702703,0.0,0.0,-0.0702703
M,-0.106411,0.0,0.0,-0.106411
M,0.0,0.0,0.0,0.0
M,0.0,0.0,0.0,0.0
M,0.0106558,0.0,0.0,0.0106558
M,0.0,0.0,0.0,0.0
M,-0.0211894,0.0,0.0,-0.0211894
M,0.0,0.0,0.0,0.0
M,0.0,0.0,0.0,0.0
M,0.0,0.0,0.0,0.0
M,-0.00210801,0.0,0.0,-0.00210801
M,0.0,0.0,0.0,0.0
M,0.0,0.0,0.0,0.0
M,0.0,0.0,0.0,0.0
M,0.0,0.0,0.0,0.0
M,0.0,0.0,0.0,0.0
M,0.0,0.0,0.0,0.0
M,0.0,0.0,0.0,0.0
M,0.0,0.0,0.0,0.0
M,0.0,0.0,0.0,0.0
M,0.0,0.0,0.0,0.0
M,-0.000881824,0.0,0.0,-0.000881824
M,0.0,0.0,0.0,0.0
M,-0.0260499,0.0,0.0,-0.0260499
M,0.0,0.0,0.0,0.0
M,-0.0191451,0.0,0.0,-0.0191451
M,0.0,0.0,0.0,0.0
M,0.0303922,0.0,0.0,0.0303922
M,0.0,0.0,0.0,0.0
M,0.0,0.0,0.0,0.0
M,0.0,0.0,0.0,0.0
M,0.0,0.0,0.0,0.0
M,-0.0682594,0.0,0.0,-0.0682594
M,0.0,0.0,0.0,0.0
M,0.0,0.0,0.0,0.0
M,0.0,0.0,0.0,0.0
M,0.0,0.0,0.0,0.0
M,0.0,0.0,0.0,0.0
M,0.0,0.0,0.0,0.0
M,0.0642887,0.0,0.0,0.0642887
M,0.0,0.0,0.0,0.0
M,0.0,0.0,0.0,0.0
M,0.0,0.0,0.0,0.0
M,0.0,0.0,0.0,0.0
M,0.0,0.0,0.0,0.0
M,-0.0578219,0.0,0.0,-0.0578219
M,0.0,0.0,0.0,0.0
M,0.0,0.0,0.0,0.0
M,0.0,0.0,0.0,0.0
M,-0.0568267,0.0,0.0,-0.0568267
M,0.0,0.0,0.0,0.0
M,0.0,0.0,0.0,0.0
M,0.0,0.0,0.0,0.0
M,0.0300204,0.0,0.0,0.0300204
M,0.0,0.0,0.0,0.0
M,0.0,0.0,0.0,0.0
M,0.0208824,0.0,0.0,0.0208824
M,0.0,0.0,0.0,0.0
M,0.0,0.0,0.0,0.0
M,0.0,0.0,0.0,0.0
M,0.0,0.0,0.0,0.0
M,0.0,0.0,0.0,0.0
M,0.0,0.0,0.0,0.0
M,0.0,0.0,0.0,0.0
M,0.0,0.0,0.0,0.0
M,0.0,0.0,0.0,0.0
M,0.0,0.0,0.0,0.0
M,0.0,0.0,0.0,0.0
M,0.0,0.0,0.0,0.0
M,0.0,0.0,0.0,0.0
M,0.0,0.0,0.0,0.0
M,0.0,0.0,0.0,0.0
M,0.0,0.0,0.0,0.0
M,0.0,0.0,0.0,0.0
M,0.0,0.0,0.0,0.0
M,0.0,0.0,0.0,0.0
M,0.0,0.0,0.0,0.0
M,0.0,0.0,0.0,0.0
M,0.0,0.0,0.0,0.0
M,0.0,0.0,0.0,0.0
M,0.0,0.0,0.0,0.0
M,0.0,0.0,0.0,0.0
M,0.0,0.0,0.0,0.0
M,0.0380777,0.0,0.0,0.0380777
M,0.0,0.0,0.0,0.0
M,0.0,0.0,0.0,0.0
M,0.0,0.0,0.0,0.0
M,0.0,0.0,0.0,0.0
M,0.0,0.0,0.0,0.0
M,0.0,0.0,0.0,0.0
M,0.0443038,0.0,0.0,0.0443038
M,-0.127907,0.0,0.0,-0.127907
M,0.0,0.0,0.0,0.0
M,-0.203237,0.0,0.0,-0.203237
M,0.0400147,0.0,0.0,0.0400147
M,0.0,0.0,0.0,0.0
M,0.0,0.0,0.0,0.0
M,0.0,0.0,0.0,0.0
M,0.0,0.0,0.0,0.0
M,0.0,0.0,0.0,0.0
M,0.0,0.0,0.0,0.0
M,0.0,0.0,0.0,0.0
M,0.0,0.0,0.0,0.0
M,0.035399,0.0,0.0,0.035399
M,0.0,0.0,0.0,0.0
M,0.0,0.0,0.0,0.0
M,0.0,0.0,0.0,0.0
M,-0.00178864,0.0,0.0,-0.00178864
M,0.0,0.0,0.0,0.0
M,0.0,0.0,0.0,0.0
M,0.0,0.0,0.0,0.0
M,0.0,0.0,0.0,0.0
M,0.0,0.0,0.0,0.0
M,0.0,0.0,0.0,0.0
M,0.0,0.0,0.0,0.0
M,0.0,0.0,0.0,0.0
M,0.0,0.0,0.0,0.0
M,0.0,0.0,0.0,0.0
M,-0.0732195,0.0,0.0,-0.0732195
M,-0.0693862,0.0,0.0,-0.0693862
M,0.0,0.0,0.0,0.0
M,-0.0058358,0.0,0.0,-0.0058358
M,0.0,0.0,0.0,0.0
M,0.0,0.0,0.0,0.0
M,0.0,0.0,0.0,0.0
M,0.0,0.0,0.0,0.0
M,0.0,0.0,0.0,0.0
M,0.0,0.0,0.0,0.0
M,0.0,0.0,0.0,0.0
M,0.0,0.0,0.0,0.0
M,0.0,0.0,0.0,0.0
M,0.0,0.0,0.0,0.0
M,0.0,0.0,0.0,0.0
M,0.0,0.0,0.0,0.0
M,0.0,0.0,0.0,0.0
M,0.0,0.0,0.0,0.0
M,0.0,0.0,0.0,0.0
M,0.0,0.0,0.0,0.0
M,0.0,0.0,0.0,0.0
M,0.0,0.0,0.0,0.0
M,0.0,0.0,0.0,0.0
M,0.0,0.0,0.0,0.0
M,0.0,0.0,0.0,0.0
M,0.0,0.0,0.0,0.0
M,0.0,0.0,0.0,0.0
M,0.0,0.0,0.0,0.0
M,0.0,0.0,0.0,0.0
M,0.0,0.0,0.0,0.0
M,0.0,0.0,0.0,0.0
M,0.0,0.0,0.0,0.0
M,0.0,0.0,0.0,0.0
M,0.0,0.0,0.0,0.0
M,0.0,0.0,0.0,0.0
M,0.0,0.0,0.0,0.0
M,0.0,0.0,0.0,0.0
M,0.0,0.0,0.0,0.0
M,0.0,0.0,0.0,0.0
M,0.0,0.0,0.0,0.0
M,0.0,0.0,0.0,0.0
M,0.0,0.0,0.0,0.0
M,0.0,0.0,0.0,0.0
M,0.0,0.0,0.0,0.0
M,0.0,0.0,0.0,0.0
M,0.0,0.0,0.0,0.0
M,0.0,0.0,0.0,0.0
M,0.0,0.0,0.0,0.0
M,0.0,0.0,0.0,0.0
M,0.0,0.0,0.0,0.0
M,0.0,0.0,0.0,0.0
M,0.0,0.0,0.0,0.0
M,0.0,0.0,0.0,0.0
M,0.0,0.0,0.0,0.0
M,0.0,0.0,0.0,0.0
M,0.0,0.0,0.0,0.0
M,0.0,0.0,0.0,0.0
M,-0.135329,0.0,0.0,-0.135329
M,0.0,0.0,0.0,0.0
M,0.0,0.0,0.0,0.0
M,0.0,0.0,0.0,0.0
M,0.0,0.0,0.0,0.0
M,0.0,0.0,0.0,0.0
M,0.0,0.0,0.0,0.0
M,0.0,0.0,0.0,0.0
M,0.0,0.0,0.0,0.0
M,0.0,0.0930801,0.0930801,0.0930801
M,0.0,0.0,0.0,0.0
M,0.0,0.0,0.0,0.0
M,0.0,0.0,0.0,0.0
M,0.0,0.0,0.0,0.0
M,0.0,0.0,0.0,0.0
M,0.0,0.0,0.0,0.0
M,0.0,0.0,0.0,0.0
M,0.0,0.0,0.0,0.0
M,0.0,0.0,0.0,0.0
M,0.0,0.0,0.0,0.0
M,0.0,0.0,0.0,0.0
M,0.0,0.0,0.0,0.0
M,0.0,0.0,0.0,0.0
M,0.0672,0.0,0.0,0.0672
M,0.0,0.0,0.0,0.0
M,0.0,0.0,0.0,0.0
M,0.0,0.0,0.0,0.0
M,0.0,0.0,0.0,0.0
M,0.0,0.0,0.0,0.0
M,0.0,0.0,0.0,0.0
M,0.0,0.0,0.0,0.0
M,0.0,0.0,0.0,0.0
M,-0.00456298,0.0,0.0,-0.00456298
M,0.0,0.0,0.0,0.0
M,0.0,0.0,0.0,0.0
M,0.0,0.0,0.0,0.0
M,0.0,0.0,0.0,0.0
M,0.0,0.0,0.0,0.0
M,0.0,0.0,0.0,0.0
M,0.0,0.0,0.0,0.0
M,0.0,0.0,0.0,0.0
M,0.0,0.0,0.0,0.0
M,0.0,0.0,0.0,0.0
M,0.0,0.0,0.0,0.0
M,0.0,0.0,0.0,0.0
M,0.0,0.0,0.0,0.0
M,0.0,0.0,0.0,0.0
M,0.0,0.0,0.0,0.0
M,0.0785877,0.0,0.0,0.0785877
M,0.0,0.0,0.0,0.0
M,0.0,0.0,0.0,0.0
M,0.0,0.0,0.0,0.0
M,0.0,0.0,0.0,0.0
M,0.0,0.0,0.0,0.0
M,0.0,0.0,0.0,0.0
M,0.0,0.0,0.0,0.0
M,0.0,0.0,0.0,0.0
M,0.0,0.0,0.0,0.0
M,0.0,0.0,0.0,0.0
M,0.0,0.0,0.0,0.0
M,0.0,0.0,0.0,0.0
M,0.0,0.0,0.0,0.0
M,0.0,0.0,0.0,0.0
M,0.0,0.0,0.0,0.0
M,0.0,0.0250023,0.0250023,0.0250023
M,0.0,0.0,0.0,0.0
M,0.0,0.0,0.0,0.0
M,0.0,0.0,0.0,0.0
M,0.0,0.0,0.0,0.0
M,0.0,0.0,0.0,0.0
M,0.0,0.0,0.0,0.0
M,0.0,0.0,0.0,0.0
M,0.0,0.0,0.0,0.0
M,0.0,0.0,0.0,0.0
M,0.0,0.0,0.0,0.0
M,0.0,0.0,0.0,0.0
M,0.0,0.0,0.0,0.0
M,0.00193503,0.0,0.0,0.00193503
M,0.0,0.0,0.0,0.0
M,-0.0891556,0.0,0.0,-0.0891556
M,0.0,0.0,0.0,0.0
M,0.0,0.0,0.0,0.0
M,0.0,0.0,0.0,0.0
M,-0.0258961,0.0,0.0,-0.0258961
M,0.0,0.0,0.0,0.0
M,0.0,0.0,0.0,0.0
M,0.0,0.0,0.0,0.0
M,0.0,0.0,0.0,0.0
M,0.0,0.0,0.0,0.0
M,0.0,0.0,0.0,0.0
M,-0.0363736,0.0,0.0,-0.0363736
M,0.0,0.0,0.0,0.0
M,0.0,0.0,0.0,0.0
M,0.0,0.0,0.0,0.0
M,-0.0320556,0.0,0.0,-0.0320556
M,0.0,0.0,0.0,0.0
M,-0.0425337,0.0,0.0,-0.0425337
M,0.0,0.0,0.0,0.0
M,0.0,0.0,0.0,0.0
M,0.0,0.0,0.0,0.0
M,0.0479187,0.0,0.0,0.0479187
M,0.0,0.0410587,0.0410587,0.0410587
M,0.0,0.0,0.0,0.0
M,0.0,0.0,0.0,0.0
M,-0.0613844,0.0,0.0,-0.0613844
M,0.0,0.0,0.0,0.0
M,0.0,0.0,0.0,0.0
M,0.0,0.0,0.0,0.0
M,0.056464,0.0,0.0,0.056464
M,0.00444882,0.0,0.0,0.00444882
M,0.0,0.0,0.0,0.0
M,0.0,0.0,0.0,0.0
M,0.0,0.0,0.0,0.0
M,0.0,0.0,0.0,0.0
M,0.0,0.0,0.0,0.0
M,0.0,0.0,0.0,0.0
M,0.0,0.0,0.0,0.0
M,0.0,0.0,0.0,0.0
M,0.0,0.0,0.0,0.0
M,-0.054409,0.0,0.0,-0.054409
M,0.0,0.0,0.0,0.0
M,-0.0251658,0.0,0.0,-0.0251658
M,-0.0818223,0.0,0.0,-0.0818223
M,-0.0800254,0.0,0.0,-0.0800254
M,0.0,0.0,0.0,0.0
M,-0.00163598,0.0,0.0,-0.00163598
M,-0.0378085,0.0,0.0,-0.0378085
M,0.0,0.0,0.0,0.0
M,0.0,0.0,0.0,0.0
M,0.0,0.0,0.0,0.0
M,0.0,0.0,0.0,0.0
M,0.0,0.0,0.0,0.0
M,0.0,0.0,0.0,0.0
M,0.0,0.0,0.0,0.0
M,0.0,0.0,0.0,0.0
M,0.0,0.0,0.0,0.0
M,0.0,0.0,0.0,0.0
M,0.0,0.0,0.0,0.0
M,0.0,0.0,0.0,0.0
M,-0.0737371,0.0,0.0,-0.0737371
M,0.0,0.0,0.0,0.0
M,-0.0130995,0.0250023,0.0250023,0.0119028
M,0.0,0.0,0.0,0.0
M,0.0,0.0,0.0,0.0
M,0.0,0.0,0.0,0.0
M,0.0,0.0,0.0,0.0
M,0.0,0.0,0.0,0.0
M,0.0,0.0,0.0,0.0
M,0.0,0.0,0.0,0.0
M,-0.0978832,0.0,0.0,-0.0978832
M,0.0,0.0,0.0,0.0
M,0.0,0.0,0.0,0.0
M,0.0,0.0,0.0,0.0
M,0.0,0.0,0.0,0.0
M,0.0,0.0,0.0,0.0
M,0.0,0.0,0.0,0.0
M,0.0,0.0,0.0,0.0
M,0.0,0.0,0.0,0.0
M,-0.0241761,0.0,0.0,-0.0241761
M,0.0,0.0,0.0,0.0
M,-0.000881824,0.0,0.0,-0.000881824
M,0.0,0.0,0.0,0.0
M,-0.0642817,0.0,0.0,-0.0642817
M,0.0,0.0,0.0,0.0
M,0.0,0.0,0.0,0.0
M,0.0,0.0,0.0,0.0
M,0.0420448,0.0,0.0,0.0420448
M,0.0,0.0,0.0,0.0
M,0.0,0.0,0.0,0.0
M,0.0,-0.038085,-0.038085,-0.038085
M,0.0,0.0,0.0,0.0
M,-0.127907,0.0,0.0,-0.127907
M,0.0,0.0,0.0,0.0
M,0.0,0.0,0.0,0.0
M,0.0,0.0,0.0,0.0
M,-0.0526816,0.0,0.0,-0.0526816
M,0.0,0.0,0.0,0.0
M,0.0,0.0,0.0,0.0
M,0.0,0.0,0.0,0.0
M,0.0,0.0,0.0,0.0
M,0.0,0.0,0.0,0.0
M,0.0,0.0,0.0,0.0
M,0.0330278,0.0,0.0,0.0330278
M,0.0,0.0,0.0,0.0
M,0.0,0.0,0.0,0.0
M,-0.0912661,0.0,0.0,-0.0912661
M,0.0,0.0,0.0,0.0
M,0.0,0.0,0.0,0.0
M,0.0,0.0,0.0,0.0
M,-0.00494322,0.0,0.0,-0.00494322
M,0.0,0.0,0.0,0.0
M,0.0,0.0,0.0,0.0
M,0.0,0.0,0.0,0.0
M,0.0137672,0.0,0.0,0.0137672
M,0.0,0.0,0.0,0.0
M,0.0,0.0,0.0,0.0
M,0.0,0.0,0.0,0.0
M,0.0,0.0,0.0,0.0
M,0.0221463,0.0,0.0,0.0221463
M,0.0,0.0,0.0,0.0
M,0.0,0.0,0.0,0.0
M,0.0,0.0,0.0,0.0
M,0.0,0.0,0.0,0.0
M,0.0,0.0,0.0,0.0
M,0.0,0.0,0.0,0.0
M,0.0,0.0,0.0,0.0
M,0.0,0.0,0.0,0.0
M,0.0,0.0,0.0,0.0
M,0.0,0.0,0.0,0.0
M,0.0,0.0,0.0,0.0
M,0.0,0.0,0.0,0.0
M,-0.0393101,0.0,0.0,-0.0393101
M,0.0303922,0.0,0.0,0.0303922
M,0.0,0.0,0.0,0.0
M,-0.0217835,0.0,0.0,-0.0217835
M,0.0,0.0,0.0,0.0
M,0.0,0.0,0.0,0.0
M,0.0,0.0,0.0,0.0
M,0.0,0.0,0.0,0.0
M,0.0194153,0.0,0.0,0.0194153
M,0.0,0.0,0.0,0.0
M,0.0,0.0,0.0,0.0
M,0.0,0.0,0.0,0.0
M,0.0,0.0,0.0,0.0
M,0.0373237,0.0,0.0,0.0373237
M,0.0,0.0,0.0,0.0
M,0.0,0.0,0.0,0.0
M,0.0,0.0,0.0,0.0
M,0.0,0.0,0.0,0.0
M,0.0,0.0,0.0,0.0
M,0.0,0.0,0.0,0.0
M,0.0,0.0,0.0,0.0
M,0.0,0.0,0.0,0.0
M,0.0,0.0,0.0,0.0
M,0.0,0.0,0.0,0.0
M,0.0,0.0,0.0,0.0
M,0.0,0.0,0.0,0.0
M,-0.135468,0.0,0.0,-0.135468
M,0.0,0.0,0.0,0.0
M,-0.032959,0.0,0.0,-0.032959
M,0.0,0.0,0.0,0.0
M,-0.0782777,0.0,0.0,-0.0782777
M,0.0,0.0,0.0,0.0
M,0.0,0.0,0.0,0.0
M,0.0,0.0,0.0,0.0
M,0.0,0.0,0.0,0.0
M,0.0,0.0,0.0,0.0
M,0.0,0.0,0.0,0.0
M,0.0,0.0,0.0,0.0
M,0.0,0.0,0.0,0.0
M,0.0,0.0,0.0,0.0
M,0.0,0.0,0.0,0.0
M,0.0,0.0,0.0,0.0
M,0.0,0.0,0.0,0.0
M,0.0,0.0,0.0,0.0
M,0.0,0.0,0.0,0.0
M,0.00886197,0.0,0.0,0.00886197
M,0.0486132,0.0,0.0,0.0486132
M,-0.114667,0.0,0.0,-0.114667
M,0.0,0.0,0.0,0.0
M,0.0,0.0,0.0,0.0
M,0.0,0.0,0.0,0.0
M,0.0,0.0,0.0,0.0
M,0.0,0.0,0.0,0.0
M,0.0,0.0,0.0,0.0
M,0.0,0.0,0.0,0.0
M,0.0,0.0,0.0,0.0
M,0.0,0.0,0.0,0.0
M,0.0,0.0,0.0,0.0
M,0.0,0.0,0.0,0.0
M,0.0,0.0,0.0,0.0
M,0.0,0.0,0.0,0.0
M,0.0,0.0,0.0,0.0
M,0.0531672,0.0,0.0,0.0531672
M,0.0,0.0,0.0,0.0
M,0.0,0.0,0.0,0.0
M,0.0,0.0,0.0,0.0
M,0.0,0.0,0.0,0.0
M,0.0,0.0,0.0,0.0
M,0.0,0.0,0.0,0.0
M,0.0,0.0,0.0,0.0
M,0.0787153,0.0,0.0,0.0787153
M,0.0,0.0,0.0,0.0
M,0.0,0.0,0.0,0.0
M,0.0,0.0,0.0,0.0
M,0.0,0.0,0.0,0.0
M,0.0,0.0,0.0,0.0
M,-0.020908,0.0,0.0,-0.020908
M,0.00920038,0.0,0.0,0.00920038
M,0.0,0.0,0.0,0.0
M,0.0,0.0,0.0,0.0
M,0.0,0.0,0.0,0.0
M,0.0,0.0,0.0,0.0
M,-0.0883505,0.0,0.0,-0.0883505
M,0.0291381,0.0,0.0,0.0291381
M,0.0,0.0,0.0,0.0
M,0.0,0.0,0.0,0.0
M,0.0,0.0,0.0,0.0
M,0.0,0.0,0.0,0.0
M,0.0,0.0,0.0,0.0
M,0.0,0.0,0.0,0.0
M,0.0674721,0.0,0.0,0.0674721
M,-0.0848925,0.0,0.0,-0.0848925
M,0.0,0.0,0.0,0.0
M,0.0,0.0,0.0,0.0
M,0.0,0.0,0.0,0.0
M,0.0,0.0,0.0,0.0
M,0.0,0.0,0.0,0.0
M,0.0,0.0,0.0,0.0
M,0.0,0.0,0.0,0.0
M,-0.00717142,0.0,0.0,-0.00717142
M,0.0,0.0,0.0,0.0
M,0.0,0.0,0.0,0.0
M,0.0181875,0.0,0.0,0.0181875
M,0.0,0.0100098,0.0100098,0.0100098
M,0.0,0.0,0.0,0.0
M,0.0,0.0,0.0,0.0
M,0.0,0.0,0.0,0.0
M,0.0,0.0,0.0,0.0
M,0.0,0.0,0.0,0.0
M,0.0,0.0,0.0,0.0
M,0.0,0.0,0.0,0.0
M,0.0,0.0,0.0,0.0
M,0.0,0.0,0.0,0.0
M,0.0,0.0,0.0,0.0
M,0.0,0.0,0.0,0.0
M,0.0,0.0,0.0,0.0
M,0.0,0.0,0.0,0.0
M,-0.0393101,0.0,0.0,-0.0393101
M,0.0443627,0.0,0.0,0.0443627
M,0.0,0.0,0.0,0.0
M,0.0,0.0,0.0,0.0
M,0.0,0.0,0.0,0.0
M,0.0,0.0,0.0,0.0
M,0.0,0.0,0.0,0.0
M,0.0,0.0,0.0,0.0
M,0.0,0.0,0.0,0.0
M,0.0,0.0,0.0,0.0
M,0.0,0.0,0.0,0.0
M,0.0,0.0,0.0,0.0
M,0.0,0.0,0.0,0.0
M,0.0,0.0,0.0,0.0
M,0.0,0.0,0.0,0.0
M,0.0,0.0,0.0,0.0
M,0.0,0.0,0.0,0.0
M,0.0,0.0,0.0,0.0
M,0.0,0.0,0.0,0.0
M,0.0,0.0,0.0,0.0
M,0.0,0.0,0.0,0.0
M,0.0,0.0,0.0,0.0
M,0.0,0.0,0.0,0.0
M,0.0,0.0,0.0,0.0
M,0.0,0.0,0.0,0.0
M,0.0,0.0,0.0,0.0
M,0.0,0.0,0.0,0.0
M,0.0077814,0.0,0.0,0.0077814
M,0.0,0.0,0.0,0.0
M,0.0,0.0,0.0,0.0
M,0.0,0.0,0.0,0.0
M,0.0,0.0,0.0,0.0
M,0.0,0.0,0.0,0.0
M,0.0,0.0,0.0,0.0
M,0.0,0.0,0.0,0.0
M,0.186638,0.0,0.0,0.186638
M,0.0,0.0,0.0,0.0
M,0.0,0.0,0.0,0.0
M,0.0,0.0,0.0,0.0
M,0.0,0.0,0.0,0.0
M,0.0,0.0,0.0,0.0
M,-0.101298,0.0,0.0,-0.101298
M,0.0,0.0,0.0,0.0
M,0.0,0.0,0.0,0.0
M,-0.018311,0.0,0.0,-0.018311
M,0.0,0.0,0.0,0.0
M,-0.0524633,0.0,0.0,-0.0524633
M,0.0,0.0,0.0,0.0
M,0.0,0.0,0.0,0.0
M,0.0,0.0,0.0,0.0
M,0.0,0.0,0.0,0.0
M,0.0,0.0,0.0,0.0
M,0.0,0.0,0.0,0.0
M,0.0373237,0.0,0.0,0.0373237
M,-0.0460286,0.0,0.0,-0.0460286
M,0.0,0.0,0.0,0.0
M,0.0,0.0,0.0,0.0
M,0.0,0.0,0.0,0.0
M,0.0,0.0,0.0,0.0
M,0.0,0.0,0.0,0.0
M,0.0,0.0,0.0,0.0
M,0.0,0.0,0.0,0.0
M,0.0150943,0.0,0.0,0.0150943
M,-0.0086632,0.0,0.0,-0.0086632
M,0.0,0.0,0.0,0.0
M,0.0,0.0250023,0.0250023,0.0250023
M,0.0356229,0.0,0.0,0.0356229
M,0.0,0.0,0.0,0.0
M,-0.106065,0.0,0.0,-0.106065
M,-0.0108182,0.0,0.0,-0.0108182
M,0.0,0.0,0.0,0.0
M,0.0,0.0,0.0,0.0
M,0.0,0.0,0.0,0.0
M,0.0,0.0,0.0,0.0
M,0.0,0.0,0.0,0.0
M,0.0,0.0,0.0,0.0
M,0.0,0.0,0.0,0.0
M,0.0,-0.0468702,-0.0468702,-0.0468702
M,0.0,0.0,0.0,0.0
M,0.0,0.0,0.0,0.0
M,0.0,0.0,0.0,0.0
M,0.0,0.0,0.0,0.0
M,0.0,0.0,0.0,0.0
M,0.0,0.0,0.0,0.0
M,0.0,0.0,0.0,0.0
M,0.0114604,0.0,0.0,0.0114604
M,-0.0693862,0.0,0.0,-0.0693862
M,0.0,0.0,0.0,0.0
M,0.0,0.0,0.0,0.0
M,0.0,0.0,0.0,0.0
M,0.0,0.0,0.0,0.0
M,0.0,0.0,0.0,0.0
M,0.0,0.0,0.0,0.0
M,0.0,0.0,0.0,0.0
M,0.0,-0.0720689,-0.0720689,-0.0720689
M,0.0,0.0,0.0,0.0
M,0.0,0.0,0.0,0.0
M,0.0,0.0,0.0,0.0
M,0.0,0.0,0.0,0.0
M,-3.5837e-05,0.0,0.0,-3.5837e-05
M,-0.0891556,0.0,0.0,-0.0891556
M,0.0,0.0,0.0,0.0
M,0.0408882,0.0,0.0,0.0408882
M,0.0,0.0,0.0,0.0
M,-0.0196054,0.0,0.0,-0.0196054
M,0.0341689,0.0,0.0,0.0341689
M,0.0,0.0,0.0,0.0
M,0.0,0.0,0.0,0.0
M,0.0,0.0,0.0,0.0
M,0.0,0.0,0.0,0.0
M,0.0,0.0,0.0,0.0
M,0.0,0.0,0.0,0.0
M,-0.0560537,0.0,0.0,-0.0560537
M,-0.0693862,0.0,0.0,-0.0693862
M,0.0,0.0,0.0,0.0
M,0.0,0.0,0.0,0.0
M,0.0,0.0,0.0,0.0
M,0.0,0.0,0.0,0.0
M,0.0,0.0,0.0,0.0
M,0.0,0.0,0.0,0.0
M,0.0,0.0,0.0,0.0
M,-0.0515337,0.0,0.0,-0.0515337
M,0.0,0.0,0.0,0.0
M,-0.0387171,0.0,0.0,-0.0387171
M,0.0,0.0,0.0,0.0
M,0.0,0.0,0.0,0.0
M,0.0,0.0,0.0,0.0
M,0.0,0.0,0.0,0.0
M,0.0,0.0,0.0,0.0
M,0.0,0.0,0.0,0.0
M,0.0,0.0,0.0,0.0
M,0.0,0.0,0.0,0.0
M,0.0,0.0,0.0,0.0
M,0.0,0.0,0.0,0.0
M,0.0,0.0,0.0,0.0
M,0.0,0.0,0.0,0.0
M,0.0,0.0,0.0,0.0
M,0.0,0.0,0.0,0.0
M,0.0,0.0,0.0,0.0
M,0.0,0.0,0.0,0.0
M,0.0,0.0,0.0,0.0
M,-0.03069,0.0,0.0,-0.03069
M,0.0,0.0,0.0,0.0
M,0.0,0.0,0.0,0.0
M,0.0,0.0,0.0,0.0
M,0.0,0.0,0.0,0.0
M,0.0,0.0,0.0,0.0
M,0.0,0.0,0.0,0.0
M,0.0,0.0,0.0,0.0
M,0.0,0.0,0.0,0.0
M,-0.0379898,0.0,0.0,-0.0379898
M,0.0,0.0,0.0,0.0
M,0.0,0.0,0.0,0.0
M,0.0,0.0,0.0,0.0
M,0.0,0.0,0.0,0.0
M,0.0,0.0,0.0,0.0
M,0.0,0.0,0.0,0.0
M,0.0,0.0,0.0,0.0
M,0.0,0.0,0.0,0.0
M,0.0,0.0,0.0,0.0
M,0.0,0.0,0.0,0.0
M,0.0732418,0.0,0.0,0.0732418
M,0.0,0.0,0.0,0.0
M,0.0,0.0,0.0,0.0
M,0.0,0.0,0.0,0.0
M,0.0,0.0,0.0,0.0
M,0.0221463,-0.038085,-0.038085,-0.0159387
M,-0.0581018,0.0,0.0,-0.0581018
M,0.0,0.0,0.0,0.0
M,0.0,0.0,0.0,0.0
M,0.0,0.0,0.0,0.0
M,0.0,0.0,0.0,0.0
M,0.0,0.0,0.0,0.0
M,0.0,0.0,0.0,0.0
M,0.0,0.0,0.0,0.0
M,0.0,0.0,0.0,0.0
M,0.0,0.0,0.0,0.0
M,0.0402476,0.0,0.0,0.0402476
M,0.0,0.0,0.0,0.0
M,0.0,0.0,0.0,0.0
M,0.0,0.0,0.0,0.0
M,0.0,0.0,0.0,0.0
M,0.0,0.0,0.0,0.0
M,0.0,0.0,0.0,0.0
M,0.0,0.0,0.0,0.0
M,0.0,0.0,0.0,0.0
M,0.0380271,0.0,0.0,0.0380271
M,0.0,0.0,0.0,0.0
M,0.0,0.0,0.0,0.0
M,-0.0828924,0.0,0.0,-0.0828924
M,0.0,0.0,0.0,0.0
M,0.0,0.0,0.0,0.0
M,0.0,0.0,0.0,0.0
M,0.0,0.0,0.0,0.0
M,0.0,0.0,0.0,0.0
M,0.0,0.0,0.0,0.0
M,0.0,0.0,0.0,0.0
M,0.0,0.0,0.0,0.0
M,0.0,0.0,0.0,0.0
M,0.0,0.0,0.0,0.0
M,0.0,0.0,0.0,0.0
M,0.0,0.0,0.0,0.0
M,0.0102606,0.0,0.0,0.0102606
M,0.123839,0.0,0.0,0.123839
M,0.0,0.0,0.0,0.0
M,0.0,0.0,0.0,0.0
M,0.0,0.0,0.0,0.0
M,0.0,0.0,0.0,0.0
M,0.0,0.0,0.0,0.0
M,0.0,0.0,0.0,0.0
M,0.0,0.0,0.0,0.0
M,0.0,0.0,0.0,0.0
M,0.0,0.0,0.0,0.0
M,0.185039,0.0,0.0,0.185039
M,0.0,0.0,0.0,0.0
M,0.0,0.0,0.0,0.0
M,-0.00292465,0.0,0.0,-0.00292465
M,0.0,0.0,0.0,0.0
M,0.0,0.0,0.0,0.0
M,0.0,0.0,0.0,0.0
M,0.0,0.0,0.0,0.0
M,0.0,0.0,0.0,0.0
M,0.0,0.0,0.0,0.0
M,0.0430916,0.0,0.0,0.0430916
M,0.0,0.0,0.0,0.0
M,0.0,0.0,0.0,0.0
M,0.0,0.0,0.0,0.0
M,0.0,0.0,0.0,0.0
M,0.0,0.0,0.0,0.0
M,0.0,0.0,0.0,0.0
M,0.0,0.0,0.0,0.0
M,0.0,0.0,0.0,0.0
M,0.0,0.0,0.0,0.0
M,0.0531302,0.0,0.0,0.0531302
M,0.0,0.0,0.0,0.0
M,0.0,0.0,0.0,0.0
M,0.0,0.0,0.0,0.0
M,0.0,0.0,0.0,0.0
M,0.0,0.0,0.0,0.0
M,0.0,0.0,0.0,0.0
M,0.0,0.0,0.0,0.0
M,0.0,0.0,0.0,0.0
M,0.0,0.0,0.0,0.0
M,0.0,0.0,0.0,0.0
M,0.0,0.0,0.0,0.0
M,0.0357906,0.0,0.0,0.0357906
M,0.0,-0.0468702,-0.0468702,-0.0468702
M,0.0,0.0,0.0,0.0
M,0.00312546,0.0,0.0,0.00312546
M,0.0,0.0,0.0,0.0
M,0.0,0.0,0.0,0.0
M,0.0,0.0,0.0,0.0
M,0.0,0.0,0.0,0.0
M,0.0,0.0,0.0,0.0
M,0.0,0.0,0.0,0.0
M,0.0,0.0,0.0,0.0
M,0.0286896,0.0,0.0,0.0286896
M,0.0,0.0,0.0,0.0
M,0.0,0.0,0.0,0.0
M,-0.03069,0.0,0.0,-0.03069
M,0.0,0.0,0.0,0.0
M,0.0,0.0,0.0,0.0
M,0.0,0.0,0.0,0.0
M,0.0,0.0,0.0,0.0
M,-0.0909181,0.0,0.0,-0.0909181
M,0.0,0.0,0.0,0.0
M,0.0,0.0,0.0,0.0
M,0.0,0.0,0.0,0.0
M,0.0,0.0,0.0,0.0
M,0.0,0.0,0.0,0.0
M,0.00144432,0.0,0.0,0.00144432
M,0.0,0.0,0.0,0.0
M,0.0,0.0,0.0,0.0
M,0.0,0.0,0.0,0.0
M,0.0,0.0,0.0,0.0
M,0.0,0.0,0.0,0.0
M,0.0,0.0,0.0,0.0
M,0.0,0.0,0.0,0.0
M,0.0,0.0,0.0,0.0
M,0.0,0.0,0.0,0.0
M,0.0,0.0,0.0,0.0
M,0.0,0.0,0.0,0.0
M,0.0,0.0,0.0,0.0
M,0.0,0.0,0.0,0.0
M,-0.0206446,0.0,0.0,-0.0206446
M,0.0,0.0,0.0,0.0
M,0.0,0.0,0.0,0.0
M,0.0211956,0.0,0.0,0.0211956
M,0.0,0.0,0.0,0.0
M,0.0,0.0,0.0,0.0
M,0.0,0.0,0.0,0.0
M,0.0,0.0,0.0,0.0
M,0.0,0.0,0.0,0.0
M,0.0,0.0,0.0,0.0
M,0.0,0.0,0.0,0.0
M,0.0,0.0,0.0,0.0
M,0.0,0.0,0.0,0.0
M,0.0,0.0,0.0,0.0
M,0.0,0.0,0.0,0.0
M,0.0,0.0,0.0,0.0
M,0.0,0.0,0.0,0.0
M,0.0,0.0,0.0,0.0
M,0.0,0.0,0.0,0.0
M,0.0,0.0,0.0,0.0
M,0.0146641,0.0,0.0,0.0146641
M,-0.0313395,0.0,0.0,-0.0313395
M,0.0,0.0,0.0,0.0
M,0.0,0.0,0.0,0.0
M,0.0,0.0,0.0,0.0
M,0.0389724,0.0,0.0,0.0389724
M,0.0,0.0,0.0,0.0
M,0.0,0.0,0.0,0.0
M,0.0,0.0,0.0,0.0
M,0.0,0.0,0.0,0.0
M,0.0,0.0,0.0,0.0
M,0.0,0.0,0.0,0.0
M,0.0,0.0,0.0,0.0
M,0.0,0.0,0.0,0.0
M,0.0,0.0,0.0,0.0
M,0.0,0.0,0.0,0.0
M,0.0,0.0,0.0,0.0
M,0.0,0.0,0.0,0.0
M,0.0,0.0,0.0,0.0
M,0.0,0.0,0.0,0.0
M,0.0,0.0,0.0,0.0
M,0.0,0.0,0.0,0.0
M,0.0,0.0,0.0,0.0
M,0.0,0.0,0.0,0.0
M,0.0,0.0,0.0,0.0
M,0.056464,0.0,0.0,0.056464
M,0.0,0.0,0.0,0.0
M,0.0,0.0,0.0,0.0
M,0.00743456,0.0,0.0,0.00743456
M,0.0,0.0,0.0,0.0
M,0.0,0.0,0.0,0.0
M,0.0,0.0,0.0,0.0
M,0.0,0.0,0.0,0.0
M,0.0,0.0,0.0,0.0
M,0.0,0.0,0.0,0.0
M,0.0,0.0,0.0,0.0
M,0.0,0.0,0.0,0.0
M,0.0,0.0,0.0,0.0
M,0.0,0.0,0.0,0.0
M,0.0,0.0,0.0,0.0
M,0.0,0.0,0.0,0.0
M,0.0,0.0,0.0,0.0
M,0.0,0.0,0.0,0.0
M,0.0,0.0,0.0,0.0
M,0.0,0.0,0.0,0.0
M,0.0,0.0,0.0,0.0
M,0.0,0.0,0.0,0.0
M,0.0,0.0,0.0,0.0
M,0.0,0.0,0.0,0.0
M,0.0,0.0,0.0,0.0
M,0.0,0.0,0.0,0.0
M,0.0,0.0,0.0,0.0
M,0.0,0.0,0.0,0.0
M,0.0,0.0,0.0,0.0
M,0.0,0.0,0.0,0.0
M,0.0,0.0,0.0,0.0
M,0.0,0.0,0.0,0.0
M,0.0,0.0,0.0,0.0
M,0.0,0.0,0.0,0.0
M,0.0,0.0,0.0,0.0
M,0.0,0.0,0.0,0.0
M,0.0,0.0,0.0,0.0
M,0.075358,0.0,0.0,0.075358
M,0.0,0.0,0.0,0.0
M,0.0,0.0,0.0,0.0
M,0.0,0.0,0.0,0.0
M,0.0,0.0,0.0,0.0
M,0.0,0.0,0.0,0.0
M,0.0440312,0.0,0.0,0.0440312
M,0.0,0.0,0.0,0.0
M,0.0,0.0,0.0,0.0
M,0.00407966,0.0,0.0,0.00407966
M,0.0785877,0.0,0.0,0.0785877
M,0.0,0.0,0.0,0.0
M,0.0,0.0,0.0,0.0
M,0.0,0.0,0.0,0.0
M,0.0,0.0,0.0,0.0
M,0.0,0.0,0.0,0.0
M,-0.0241648,0.0,0.0,-0.0241648
M,0.0,0.0,0.0,0.0
M,0.0,0.0,0.0,0.0
M,0.0,0.0,0.0,0.0
M,0.0,0.0,0.0,0.0
M,0.0,0.0,0.0,0.0
M,0.0,0.0,0.0,0.0
M,0.0,0.0,0.0,0.0
M,0.0356229,0.0,0.0,0.0356229
M,0.0,0.0,0.0,0.0
M,-0.00580758,0.0,0.0,-0.00580758
M,0.0,0.0,0.0,0.0
M,0.0,0.0,0.0,0.0
M,0.0,0.0,0.0,0.0
M,-0.00921854,0.0,0.0,-0.00921854
M,0.0,0.0,0.0,0.0
M,0.10304,0.0,0.0,0.10304
M,0.0,0.0,0.0,0.0
M,0.0,0.0,0.0,0.0
M,0.0,0.0,0.0,0.0
M,0.00094762,0.0,0.0,0.00094762
M,0.0,0.0,0.0,0.0
M,0.0,0.0,0.0,0.0
M,-0.127907,0.0,0.0,-0.127907
M,0.0,0.0,0.0,0.0
M,0.0,0.0,0.0,0.0
M,0.0,0.0,0.0,0.0
M,0.0,0.0,0.0,0.0
M,0.0,0.0,0.0,0.0
M,0.0,0.0,0.0,0.0
M,0.0,0.0,0.0,0.0
M,0.0,0.0,0.0,0.0
M,0.0,0.0,0.0,0.0
M,-0.0425337,0.0,0.0,-0.0425337
M,0.0,0.0,0.0,0.0
M,-0.00626173,0.0,0.0,-0.00626173
M,0.0,0.0,0.0,0.0
M,0.0,0.0,0.0,0.0
M,0.0,0.0,0.0,0.0
M,0.0,0.0,0.0,0.0
M,-0.0268543,0.0,0.0,-0.0268543
M,0.0,0.0,0.0,0.0
M,0.0,0.0,0.0,0.0
M,0.0,0.0,0.0,0.0
M,-0.0849985,0.0,0.0,-0.0849985
M,0.0,0.0,0.0,0.0
M,0.031734,0.0,0.0,0.031734
M,0.0,0.0,0.0,0.0
M,0.0,0.0,0.0,0.0
M,0.0221463,0.0,0.0,0.0221463
M,0.0,0.0,0.0,0.0
M,0.0,0.0,0.0,0.0
M,0.0,0.0,0.0,0.0
M,0.0,0.0,0.0,0.0
M,0.0,0.0,0.0,0.0
M,0.0,0.0,0.0,0.0
M,0.0,0.0,0.0,0.0
M,0.0,0.0,0.0,0.0
M,0.0,0.0,0.0,0.0
M,0.0,0.0,0.0,0.0
M,0.0,0.0,0.0,0.0
M,0.0,0.0,0.0,0.0
M,0.0,0.0,0.0,0.0
M,0.0,0.0,0.0,0.0
M,0.0,0.0,0.0,0.0
M,0.0,0.0,0.0,0.0
M,0.0,0.0,0.0,0.0
M,0.0,0.0,0.0,0.0
M,0.0,0.0,0.0,0.0
M,-0.0737371,0.0,0.0,-0.0737371
M,0.0,0.0,0.0,0.0
M,0.0,0.0,0.0,0.0
M,-0.112037,0.0,0.0,-0.112037
M,0.0,0.0,0.0,0.0
M,0.0,0.0,0.0,0.0
M,0.0,0.0,0.0,0.0
M,-0.00515983,0.0,0.0,-0.00515983
M,0.0,0.0,0.0,0.0
M,0.0,0.0,0.0,0.0
M,0.0,0.0,0.0,0.0
M,0.0,0.0,0.0,0.0
M,0.0,0.0,0.0,0.0
M,0.0,0.0,0.0,0.0
M,0.0,0.0,0.0,0.0
M,0.0384033,0.0,0.0,0.0384033
M,0.0,0.0,0.0,0.0
M,0.0,0.0,0.0,0.0
M,0.0,0.0,0.0,0.0
M,0.0,0.0,0.0,0.0
M,-0.0320556,0.0,0.0,-0.0320556
M,-0.0379898,0.0,0.0,-0.0379898
M,0.0,0.0,0.0,0.0
M,0.0,0.0,0.0,0.0
M,0.0,0.0,0.0,0.0
M,0.0,0.0,0.0,0.0
M,0.0,0.0,0.0,0.0
M,0.0406376,0.0,0.0,0.0406376
M,0.0,0.0,0.0,0.0
M,0.0217912,0.0,0.0,0.0217912
M,0.0,0.0,0.0,0.0
M,0.0,0.0,0.0,0.0
M,0.0515683,0.0,0.0,0.0515683
M,0.0,0.0,0.0,0.0
M,-0.0884293,0.0,0.0,-0.0884293
M,0.0,0.0,0.0,0.0
M,-0.0732195,0.0,0.0,-0.0732195
M,0.0,0.0,0.0,0.0
M,0.0,0.0,0.0,0.0
M,0.0,0.0,0.0,0.0
M,0.0,0.0,0.0,0.0
M,0.0,0.0,0.0,0.0
M,0.0,0.0,0.0,0.0
M,-0.0737371,0.0,0.0,-0.0737371
M,0.0,0.0,0.0,0.0
M,0.0,0.0,0.0,0.0
M,-0.112037,0.0,0.0,-0.112037
M,0.0,0.0,0.0,0.0
M,0.0,0.0,0.0,0.0
M,0.0,0.0,0.0,0.0
M,0.0,0.0,0.0,0.0
M,0.0,0.0,0.0,0.0
M,0.0,0.0,0.0,0.0
M,0.0,0.0,0.0,0.0
M,0.0,0.0,0.0,0.0
M,0.0440312,0.0,0.0,0.0440312
M,-0.00723892,0.0,0.0,-0.00723892
M,0.0,0.0,0.0,0.0
M,-0.0638055,0.0,0.0,-0.0638055
M,0.0,0.0,0.0,0.0
M,0.0362075,0.0,0.0,0.0362075
M,0.0,0.0,0.0,0.0
M,0.00576296,0.0,0.0,0.00576296
M,0.0,0.0,0.0,0.0
M,0.0,0.0,0.0,0.0
M,0.0,0.0,0.0,0.0
M,0.0,0.0,0.0,0.0
M,0.0661591,0.0,0.0,0.0661591
M,0.0,0.0,0.0,0.0
M,0.0,0.0,0.0,0.0
M,-0.0613844,0.0,0.0,-0.0613844
M,0.0,0.0,0.0,0.0
M,0.0,0.0,0.0,0.0
M,0.0,0.0,0.0,0.0
M,0.0,0.0,0.0,0.0
M,0.0,0.0,0.0,0.0
M,-0.106065,0.0,0.0,-0.106065
M,0.0,0.0,0.0,0.0
M,-0.0543218,0.0,0.0,-0.0543218
M,0.0,0.0,0.0,0.0
M,0.0,0.0,0.0,0.0
M,0.0356229,0.0,0.0,0.0356229
M,0.0,0.0,0.0,0.0
M,0.0,0.0,0.0,0.0
M,0.0,0.0,0.0,0.0
M,0.0,0.0,0.0,0.0
M,-0.0318225,0.0,0.0,-0.0318225
M,0.0,0.0,0.0,0.0
M,0.0,0.0,0.0,0.0
M,0.0,0.0,0.0,0.0
M,0.0,0.0,0.0,0.0
M,0.0,0.0,0.0,0.0
M,0.0,0.0,0.0,0.0
M,0.0,0.0,0.0,0.0
M,0.0,0.0,0.0,0.0
M,0.0,0.0,0.0,0.0
M,0.0127067,0.0,0.0,0.0127067
M,0.0,0.0,0.0,0.0
M,0.0,0.0,0.0,0.0
M,0.0,0.0,0.0,0.0
M,0.0188831,0.0,0.0,0.0188831
M,0.0534624,0.0,0.0,0.0534624
M,0.0,0.0,0.0,0.0
M,-0.00109923,0.0,0.0,-0.00109923
M,0.0,0.0,0.0,0.0
M,0.0,0.0,0.0,0.0
M,0.0,0.0,0.0,0.0
M,0.0,0.0,0.0,0.0
M,0.0,0.0,0.0,0.0
M,0.0,0.0,0.0,0.0
M,0.0,0.0,0.0,0.0
M,0.0,0.0,0.0,0.0
M,0.0,0.0,0.0,0.0
M,0.0,0.0,0.0,0.0
M,0.0,0.0,0.0,0.0
M,0.0,0.0,0.0,0.0
M,0.0,0.0,0.0,0.0
M,0.0,0.0,0.0,0.0
M,0.0,0.0,0.0,0.0
M,0.0,0.0,0.0,0.0
M,0.0,0.0,0.0,0.0
M,0.0,0.0,0.0,0.0
M,0.0,0.0,0.0,0.0
M,-0.0387171,0.0,0.0,-0.0387171
M,0.0,0.0,0.0,0.0
M,0.0,0.0,0.0,0.0
M,0.0,0.0,0.0,0.0
M,0.0,0.0,0.0,0.0
M,0.0,0.0,0.0,0.0
M,0.0,0.0,0.0,0.0
M,0.0,0.0,0.0,0.0
M,0.0,0.0,0.0,0.0
M,0.0,0.0,0.0,0.0
M,0.0,0.0,0.0,0.0
M,0.0,0.0,0.0,0.0
M,0.0,0.0,0.0,0.0
M,0.0,0.0,0.0,0.0
M,0.0,0.0,0.0,0.0
M,-0.03069,0.0,0.0,-0.03069
M,0.0,0.0,0.0,0.0
M,-0.0361679,0.0,0.0,-0.0361679
M,0.0184417,0.0,0.0,0.0184417
M,0.0,0.0,0.0,0.0
M,0.0,0.0,0.0,0.0
M,0.0,0.0,0.0,0.0
M,0.0,0.0,0.0,0.0
M,0.0,0.0,0.0,0.0
M,0.0,0.0,0.0,0.0
M,0.00593924,0.0,0.0,0.00593924
M,0.0,0.0,0.0,0.0
M,0.000929236,0.0,0.0,0.000929236
M,0.0,0.0,0.0,0.0
M,0.0,0.0,0.0,0.0
M,0.0,0.0,0.0,0.0
M,0.0,0.0459373,0.0459373,0.0459373
M,0.0287545,0.0,0.0,0.0287545
M,0.0,0.0,0.0,0.0
M,0.0,0.0,0.0,0.0
M,0.0,0.0,0.0,0.0
M,0.0,0.0,0.0,0.0
M,0.0,0.0,0.0,0.0
M,-0.00838072,0.0,0.0,-0.00838072
M,0.0,0.0,0.0,0.0
M,0.0,0.0,0.0,0.0
M,0.0,0.0,0.0,0.0
M,-0.079912,0.0,0.0,-0.079912
M,-0.0241761,0.0,0.0,-0.0241761
M,0.00558076,0.0,0.0,0.00558076
M,0.0,0.0,0.0,0.0
M,0.0,0.0,0.0,0.0
M,0.0,0.0,0.0,0.0
M,0.0303922,0.0,0.0,0.0303922
M,0.0,0.0,0.0,0.0
M,-0.0393101,0.0,0.0,-0.0393101
M,0.0,0.0,0.0,0.0
M,0.0,0.0,0.0,0.0
M,0.0,0.0,0.0,0.0
M,0.0,0.0,0.0,0.0
M,0.0,0.0,0.0,0.0
M,-0.054409,0.0,0.0,-0.054409
M,0.0476881,0.0,0.0,0.0476881
M,0.0,0.0,0.0,0.0
M,0.0,0.0,0.0,0.0
M,0.0,0.0,0.0,0.0
M,0.0,0.0,0.0,0.0
M,-0.0256212,0.0,0.0,-0.0256212
M,0.0,0.0,0.0,0.0
M,0.0,0.0,0.0,0.0
M,-0.0621082,0.0,0.0,-0.0621082
M,0.0,0.0,0.0,0.0
M,0.0,0.0,0.0,0.0
M,0.0,0.0,0.0,0.0
M,0.0,0.0,0.0,0.0
M,0.0,0.0,0.0,0.0
M,0.0,0.0,0.0,0.0
M,0.0,0.0,0.0,0.0
M,-0.0393101,0.0,0.0,-0.0393101
M,0.0,0.0,0.0,0.0
M,-0.0732195,0.0,0.0,-0.0732195
M,0.0,0.0,0.0,0.0
M,0.0,0.0,0.0,0.0
M,0.0,0.0,0.0,0.0
M,0.0,0.0,0.0,0.0
M,0.0,0.0,0.0,0.0
M,-0.0250888,0.0,0.0,-0.0250888
M,-0.00109923,0.0,0.0,-0.00109923
M,0.0,0.0,0.0,0.0
M,0.0,0.0,0.0,0.0
M,0.0,0.0,0.0,0.0
M,0.0,0.0,0.0,0.0
M,0.0487523,0.0,0.0,0.0487523
M,0.0,0.0,0.0,0.0
M,0.0,0.0,0.0,0.0
M,0.0,0.0,0.0,0.0
M,-0.106,0.0,0.0,-0.106
M,0.0,0.0,0.0,0.0
M,0.0,0.0,0.0,0.0
M,0.0,0.0,0.0,0.0
M,0.0,0.0,0.0,0.0
M,0.00748464,0.0,0.0,0.00748464
M,0.0,0.0,0.0,0.0
M,0.0,0.0,0.0,0.0
M,-0.0524633,0.0,0.0,-0.0524633
M,0.0542612,0.0,0.0,0.0542612
M,0.0,0.0,0.0,0.0
M,0.0,0.0,0.0,0.0
M,0.0217912,0.0,0.0,0.0217912
M,-0.0321879,0.0,0.0,-0.0321879
M,0.0,0.0,0.0,0.0
M,0.0,0.0,0.0,0.0
M,0.0,0.0,0.0,0.0
M,0.0,0.0,0.0,0.0
M,0.0,0.0,0.0,0.0
M,0.0,0.0,0.0,0.0
M,-0.0789197,0.0,0.0,-0.0789197
M,0.0,0.0,0.0,0.0
M,0.0,0.0,0.0,0.0
M,0.0,0.0,0.0,0.0
M,0.0,0.0,0.0,0.0
M,0.0,0.0,0.0,0.0
M,0.0,0.0,0.0,0.0
M,0.0350775,0.0,0.0,0.0350775
M,0.0,0.0,0.0,0.0
M,0.0,0.0,0.0,0.0
M,0.0260423,0.0,0.0,0.0260423
M,0.0,0.0,0.0,0.0
M,0.0,0.0,0.0,0.0
M,0.0,0.0,0.0,0.0
M,0.0,0.0,0.0,0.0
M,0.018946,0.0,0.0,0.018946
M,0.0,0.0,0.0,0.0
M,0.0,0.0,0.0,0.0
M,0.0,0.0,0.0,0.0
M,0.0,0.0,0.0,0.0
M,0.0,0.0,0.0,0.0
M,0.0443627,0.0,0.0,0.0443627
M,0.0,0.0,0.0,0.0
M,0.0,0.0,0.0,0.0
M,0.0,0.0,0.0,0.0
M,0.0,0.0,0.0,0.0
M,-0.0194588,0.0,0.0,-0.0194588
M,0.0,0.0,0.0,0.0
M,0.0,0.0,0.0,0.0
M,0.0,0.0,0.0,0.0
M,-0.000393529,0.0,0.0,-0.000393529
M,0.0,0.0,0.0,0.0
M,0.0,0.0,0.0,0.0
M,0.0,0.0,0.0,0.0
M,0.0,0.0,0.0,0.0
M,0.0,0.0,0.0,0.0
M,0.0,0.0,0.0,0.0
M,0.0,0.0,0.0,0.0
M,0.0,0.0,0.0,0.0
M,0.0,0.0,0.0,0.0
M,0.0,0.0,0.0,0.0
M,0.0,0.0,0.0,0.0
M,0.0,0.0,0.0,0.0
M,0.0,0.0,0.0,0.0
M,0.0,0.0,0.0,0.0
M,0.0,-0.0672184,-0.0672184,-0.0672184
M,0.0,0.0,0.0,0.0
M,0.0,0.0,0.0,0.0
M,0.0,0.0,0.0,0.0
M,0.0,0.0,0.0,0.0
M,0.0,0.0,0.0,0.0
M,0.0,0.0,0.0,0.0
M,0.0,0.0,0.0,0.0
M,0.0,0.0,0.0,0.0
M,0.0,0.0,0.0,0.0
M,0.0,0.0,0.0,0.0
M,0.0,0.0,0.0,0.0
M,0.0629239,0.0,0.0,0.0629239
M,0.0263046,0.0,0.0,0.0263046
M,0.0,0.0,0.0,0.0
M,0.0,0.0,0.0,0.0
M,-0.0292764,0.0,0.0,-0.0292764
M,-0.0572896,0.0,0.0,-0.0572896
M,0.0,0.0,0.0,0.0
M,0.0,0.0,0.0,0.0
M,0.0,0.0,0.0,0.0
M,0.0,0.0,0.0,0.0
M,-0.0115926,0.0,0.0,-0.0115926
M,0.0,0.0,0.0,0.0
M,0.0,0.0,0.0,0.0
M,0.0,0.0,0.0,0.0
M,0.0,0.0,0.0,0.0
M,0.0,0.0,0.0,0.0
M,0.0,0.0,0.0,0.0
M,0.00448851,0.0,0.0,0.00448851
M,0.0,0.0,0.0,0.0
M,0.0,0.0,0.0,0.0
M,0.0,0.0,0.0,0.0
M,0.0,0.0,0.0,0.0
M,0.0,0.0,0.0,0.0
M,0.0850998,0.0,0.0,0.0850998
M,0.0,0.0,0.0,0.0
M,-0.0251658,0.0,0.0,-0.0251658
M,0.0,0.0,0.0,0.0
M,0.0,0.0,0.0,0.0
M,0.0,0.0,0.0,0.0
M,0.0,0.0,0.0,0.0
M,0.0,0.0,0.0,0.0
M,0.0,0.0,0.0,0.0
M,-0.0485598,0.0,0.0,-0.0485598
M,0.0,0.0,0.0,0.0
M,0.0,0.0,0.0,0.0
M,0.0,0.0,0.0,0.0
M,0.0217912,0.0,0.0,0.0217912
M,0.0365483,0.0,0.0,0.0365483
M,0.0,0.0,0.0,0.0
M,0.0,0.0,0.0,0.0
M,0.0,0.0,0.0,0.0
M,0.0,0.0,0.0,0.0
M,0.0,0.0,0.0,0.0
M,0.0,0.0,0.0,0.0
M,-0.106065,0.0,0.0,-0.106065
M,0.0230819,0.0,0.0,0.0230819
M,0.0,0.0,0.0,0.0
M,0.00633006,0.0,0.0,0.00633006
M,0.0,0.0,0.0,0.0
M,0.0,0.0,0.0,0.0
M,0.0,0.0,0.0,0.0
M,0.0,0.0,0.0,0.0
M,0.0,0.0,0.0,0.0
M,0.0,0.0,0.0,0.0
M,0.0,0.0,0.0,0.0
M,0.0,0.0,0.0,0.0
M,0.0,0.0,0.0,0.0
M,0.0523867,0.0,0.0,0.0523867
M,-0.0221617,0.0,0.0,-0.0221617
M,-0.0137877,0.0,0.0,-0.0137877
M,0.0,0.0,0.0,0.0
M,0.0,0.0,0.0,0.0
M,0.0,0.0,0.0,0.0
M,0.0,0.0,0.0,0.0
M,0.0,0.0,0.0,0.0
M,0.0,0.0,0.0,0.0
M,0.0,0.0,0.0,0.0
M,0.0744715,0.0,0.0,0.0744715
M,0.0,0.0,0.0,0.0
M,0.0,0.0,0.0,0.0
M,0.0,0.0,0.0,0.0
M,0.0,0.0,0.0,0.0
M,0.0,0.0,0.0,0.0
M,-0.0390014,0.0,0.0,-0.0390014
M,0.0,0.0,0.0,0.0
M,0.0,0.0,0.0,0.0
M,0.0,-0.0468702,-0.0468702,-0.0468702
M,0.0498365,0.0,0.0,0.0498365
M,-0.0136843,0.0,0.0,-0.0136843
M,0.0,0.0,0.0,0.0
M,0.0,0.0,0.0,0.0
M,0.0341757,0.0,0.0,0.0341757
M,0.0683612,0.0,0.0,0.0683612
M,0.0,0.0,0.0,0.0
M,0.0,0.0,0.0,0.0
M,0.0,0.0,0.0,0.0
M,-0.0583414,0.0,0.0,-0.0583414
M,0.0,0.0,0.0,0.0
M,0.0,0.0,0.0,0.0
M,0.0476881,0.0,0.0,0.0476881
M,0.035399,0.0,0.0,0.035399
M,0.0,0.0,0.0,0.0
M,0.0325525,0.0,0.0,0.0325525
M,0.0,0.0,0.0,0.0
M,0.0,0.0,0.0,0.0
M,0.0,0.0,0.0,0.0
M,0.0,0.0,0.0,0.0
M,0.0,0.0,0.0,0.0
M,0.0,0.0,0.0,0.0
M,0.0,0.0,0.0,0.0
M,0.0,0.0,0.0,0.0
M,0.0,0.0,0.0,0.0
M,0.0,0.0,0.0,0.0
M,0.0,0.0,0.0,0.0
M,0.0,0.0,0.0,0.0
M,0.0,0.0,0.0,0.0
M,0.0,0.0,0.0,0.0
M,0.0,0.0,0.0,0.0
M,0.0,0.0,0.0,0.0
M,0.0,0.0,0.0,0.0
M,0.0,0.0,0.0,0.0
M,0.0,0.0,0.0,0.0
M,0.0,0.0,0.0,0.0
M,0.0,0.0,0.0,0.0
M,0.0,0.0,0.0,0.0
M,0.0348277,0.0,0.0,0.0348277
M,0.0,0.0,0.0,0.0
M,0.0,0.0,0.0,0.0
M,0.0,0.0,0.0,0.0
M,0.0,0.0,0.0,0.0
M,-0.106065,0.0,0.0,-0.106065
M,0.0348277,0.0,0.0,0.0348277
M,0.0,0.0,0.0,0.0
M,0.0,0.0,0.0,0.0
M,0.0105745,0.0,0.0,0.0105745
M,0.0,0.0,0.0,0.0
M,-0.0363736,0.0,0.0,-0.0363736
M,0.0,0.0,0.0,0.0
M,0.0,0.0,0.0,0.0
M,0.0,0.0,0.0,0.0
M,0.0,0.0,0.0,0.0
M,0.0273304,0.0,0.0,0.0273304
M,0.0,0.0,0.0,0.0
M,0.0,0.0,0.0,0.0
M,0.0,0.0,0.0,0.0
M,0.0,0.0,0.0,0.0
M,0.0,0.0,0.0,0.0
M,0.0287545,0.0,0.0,0.0287545
M,0.0,0.0,0.0,0.0
M,-0.0379898,0.0,0.0,-0.0379898
M,0.0,0.0,0.0,0.0
M,0.0,0.0,0.0,0.0
M,-0.00921854,0.0,0.0,-0.00921854
M,-0.0174642,0.0,0.0,-0.0174642
M,0.0,0.0,0.0,0.0
M,-0.0425337,0.0,0.0,-0.0425337
M,0.0,0.0,0.0,0.0
M,0.0180829,0.0,0.0,0.0180829
M,0.0,0.0,0.0,0.0
M,0.0,0.0,0.0,0.0
M,-0.0613663,0.0,0.0,-0.0613663
M,0.0,0.0,0.0,0.0
M,0.0286896,0.0,0.0,0.0286896
M,0.0,0.0,0.0,0.0
M,0.0,0.0,0.0,0.0
M,0.0,0.0,0.0,0.0
M,0.0,0.0,0.0,0.0
M,0.0661591,0.0,0.0,0.0661591
M,0.0,0.0,0.0,0.0
M,0.0,0.0,0.0,0.0
M,0.0,0.0,0.0,0.0
M,0.0,0.0,0.0,0.0
M,0.0,0.0,0.0,0.0
M,0.0,0.0,0.0,0.0
M,0.0,0.0,0.0,0.0
M,0.0,0.0,0.0,0.0
M,0.0,0.0,0.0,0.0
M,0.0999755,0.0,0.0,0.0999755
M,0.0,0.0,0.0,0.0
M,0.0,0.0,0.0,0.0
M,0.0,0.0,0.0,0.0
M,0.0,0.0,0.0,0.0
M,0.0,0.0,0.0,0.0
M,0.0,0.0,0.0,0.0
M,0.0463307,0.0,0.0,0.0463307
M,0.0,0.0,0.0,0.0
M,0.0,0.0,0.0,0.0
M,0.0,0.0,0.0,0.0
M,0.0,0.0,0.0,0.0
M,0.0,0.0,0.0,0.0
M,0.0,0.0,0.0,0.0
M,0.0,0.0,0.0,0.0
M,0.0,0.0,0.0,0.0
M,0.0,0.0,0.0,0.0
M,0.0,0.0,0.0,0.0
M,-0.0849985,0.0,0.0,-0.0849985
M,0.0146641,0.0,0.0,0.0146641
M,0.0,0.0,0.0,0.0
M,0.0,0.0,0.0,0.0
M,0.0,0.0,0.0,0.0
M,0.0,0.0,0.0,0.0
M,0.0,0.0,0.0,0.0
M,0.0,0.0,0.0,0.0
M,0.0,0.0,0.0,0.0
M,0.0,0.0,0.0,0.0
M,0.0,0.0,0.0,0.0
M,0.0,0.0,0.0,0.0
M,-0.00515983,0.0,0.0,-0.00515983
M,0.0,0.0,0.0,0.0
M,0.0439664,0.0,0.0,0.0439664
M,0.0,0.0,0.0,0.0
M,0.0,0.0,0.0,0.0
M,0.0,0.0,0.0,0.0
M,0.0273304,0.0,0.0,0.0273304
M,0.0,0.0,0.0,0.0
M,0.0,0.0,0.0,0.0
M,0.0,0.0,0.0,0.0
M,0.0,0.0,0.0,0.0
M,0.0227348,0.0,0.0,0.0227348
M,0.0,0.0,0.0,0.0
M,0.0,0.0,0.0,0.0
M,0.0,0.0,0.0,0.0
M,-0.0574027,0.0,0.0,-0.0574027
M,0.0,0.0,0.0,0.0
M,0.0,0.0,0.0,0.0
M,0.0,0.0,0.0,0.0
M,0.0,0.0,0.0,0.0
M,0.0,0.0,0.0,0.0
M,0.0,0.0,0.0,0.0
M,0.0,0.0,0.0,0.0
M,0.0,0.0,0.0,0.0
M,0.0,0.0,0.0,0.0
M,0.0,0.0,0.0,0.0
M,0.0,0.0,0.0,0.0
M,0.0,0.0,0.0,0.0
M,0.0,0.0,0.0,0.0
M,0.0,0.0,0.0,0.0
M,0.0,0.0,0.0,0.0
M,0.0,0.0,0.0,0.0
M,0.0221463,0.0,0.0,0.0221463
M,0.0,0.0,0.0,0.0
M,0.0400987,0.0,0.0,0.0400987
M,0.0,0.0,0.0,0.0
M,0.0,0.0,0.0,0.0
M,0.0,0.0,0.0,0.0
M,0.0,0.0,0.0,0.0
M,0.0,0.0,0.0,0.0
M,0.0,0.0,0.0,0.0
M,0.0,0.0,0.0,0.0
M,0.0,0.0,0.0,0.0
M,0.0,0.0,0.0,0.0
M,0.0,0.0,0.0,0.0
M,0.0,0.0,0.0,0.0
M,0.0,0.0,0.0,0.0
M,0.0,0.0,0.0,0.0
M,0.0,0.0,0.0,0.0
M,0.0,0.0,0.0,0.0
M,0.0,0.0,0.0,0.0
M,0.0,0.0,0.0,0.0
M,0.0,0.0,0.0,0.0
M,0.0,0.0,0.0,0.0
M,0.0,0.0,0.0,0.0
M,0.00789263,0.0,0.0,0.00789263
M,0.0787153,0.0,0.0,0.0787153
M,0.0,0.0,0.0,0.0
M,0.0,0.0,0.0,0.0
M,0.0,0.0,0.0,0.0
M,0.0,0.0,0.0,0.0
M,0.0664888,0.0,0.0,0.0664888
M,-0.0123209,0.0,0.0,-0.0123209
M,0.0,0.0,0.0,0.0
M,0.0,0.0,0.0,0.0
M,0.0,0.0,0.0,0.0
M,0.0,0.0,0.0,0.0
M,0.0,0.0,0.0,0.0
M,0.00550553,0.0,0.0,0.00550553
M,0.0,0.0,0.0,0.0
M,0.0,0.0,0.0,0.0
M,0.0430916,0.0,0.0,0.0430916
M,-0.0709782,0.0,0.0,-0.0709782
M,0.0,0.0,0.0,0.0
M,0.0,0.0,0.0,0.0
M,0.0,0.0,0.0,0.0
M,0.0,0.0,0.0,0.0
M,0.0,0.0,0.0,0.0
M,0.0,0.0,0.0,0.0
M,0.0,0.0,0.0,0.0
M,0.0,0.0,0.0,0.0
M,0.0,0.0,0.0,0.0
M,0.0,0.0,0.0,0.0
M,0.0,0.0,0.0,0.0
M,0.0,0.0,0.0,0.0
M,0.0,0.0,0.0,0.0
M,0.0248118,0.0,0.0,0.0248118
M,0.0,-0.0263032,-0.0263032,-0.0263032
M,0.0,0.0,0.0,0.0
M,0.0,0.0,0.0,0.0
M,0.0,0.0,0.0,0.0
M,0.0128439,0.0,0.0,0.0128439
M,0.0,0.0,0.0,0.0
M,0.0,0.0,0.0,0.0
M,0.0,0.0,0.0,0.0
M,0.0303922,0.0,0.0,0.0303922
M,0.0,0.0,0.0,0.0
M,0.0,0.0,0.0,0.0
M,-0.0266636,0.0,0.0,-0.0266636
M,0.0,0.0,0.0,0.0
M,0.0,0.0,0.0,0.0
M,0.0,0.0,0.0,0.0
M,0.0445536,0.0,0.0,0.0445536
M,0.0,0.0,0.0,0.0
M,0.0273304,0.0,0.0,0.0273304
M,0.0,0.0,0.0,0.0
M,-0.0416824,0.0,0.0,-0.0416824
M,0.0,0.0,0.0,0.0
M,0.0,0.0,0.0,0.0
M,0.0,0.0,0.0,0.0
M,0.0,0.0,0.0,0.0
M,0.0,0.0,0.0,0.0
M,0.0,0.0,0.0,0.0
M,0.0,0.0,0.0,0.0
M,0.0,0.0,0.0,0.0
M,0.0,0.0,0.0,0.0
M,0.0,0.0,0.0,0.0
M,0.0,0.0,0.0,0.0
M,0.0,0.0,0.0,0.0
M,0.0,0.0,0.0,0.0
M,0.0,0.0,0.0,0.0
M,0.0,0.0,0.0,0.0
M,0.0115451,0.0,0.0,0.0115451
M,0.0,0.0,0.0,0.0
M,0.0,0.0,0.0,0.0
M,0.0,0.0,0.0,0.0
M,0.0,0.0,0.0,0.0
M,0.0,0.0,0.0,0.0
M,-3.5837e-05,0.0,0.0,-3.5837e-05
M,0.0,0.0,0.0,0.0
M,0.0,0.0,0.0,0.0
M,-0.0716746,0.0,0.0,-0.0716746
M,0.0,0.0,0.0,0.0
M,0.0,0.0,0.0,0.0
M,0.0,0.0,0.0,0.0
M,0.0,0.0,0.0,0.0
M,-0.00304917,0.0,0.0,-0.00304917
M,0.0,0.0,0.0,0.0
M,0.0,0.0,0.0,0.0
M,0.0,0.0,0.0,0.0
M,0.0785877,0.0,0.0,0.0785877
M,0.0,0.0,0.0,0.0
M,0.0,0.0,0.0,0.0
M,0.0,0.0,0.0,0.0
M,0.0,0.0,0.0,0.0
M,0.0,0.0,0.0,0.0
M,0.0,0.0,0.0,0.0
M,0.0,0.0,0.0,0.0
M,0.0,0.0,0.0,0.0
M,0.0,0.0,0.0,0.0
M,-0.0021105,0.0,0.0,-0.0021105
M,0.0,0.0,0.0,0.0
M,0.0,0.0,0.0,0.0
M,0.0,0.0,0.0,0.0
M,0.0,0.0,0.0,0.0
M,0.0299097,0.0,0.0,0.0299097
M,-0.0387171,0.0,0.0,-0.0387171
M,0.0,0.0,0.0,0.0
M,0.0,0.0,0.0,0.0
M,0.0,0.0,0.0,0.0
M,0.0436147,0.0,0.0,0.0436147
M,0.0,0.0,0.0,0.0
M,0.0,0.0,0.0,0.0
M,0.0,0.0,0.0,0.0
M,0.0,0.0,0.0,0.0
M,0.0,0.0,0.0,0.0
M,0.0,0.0,0.0,0.0
M,0.0,0.0,0.0,0.0
M,0.0,0.0,0.0,0.0
M,0.0,0.0,0.0,0.0
M,0.0,0.0,0.0,0.0
M,0.0,0.0,0.0,0.0
M,0.0,0.0,0.0,0.0
M,0.0155778,0.0,0.0,0.0155778
M,0.0,0.0,0.0,0.0
M,0.0,0.0,0.0,0.0
M,0.00094762,0.0,0.0,0.00094762
M,-0.0800254,0.0,0.0,-0.0800254
M,0.0,0.0,0.0,0.0
M,0.0,0.0,0.0,0.0
M,0.0,0.0,0.0,0.0
M,0.0,0.0,0.0,0.0
M,0.0,0.0,0.0,0.0
M,0.0,0.0,0.0,0.0
M,0.0,0.0,0.0,0.0
M,0.0,0.0,0.0,0.0
M,0.0,0.0,0.0,0.0
M,0.0,0.0,0.0,0.0
M,0.0196012,0.0,0.0,0.0196012
M,0.0,0.0,0.0,0.0
M,0.0,0.0,0.0,0.0
M,0.0,0.0,0.0,0.0
M,0.0107512,0.0,0.0,0.0107512
M,0.0,0.0,0.0,0.0
M,0.0,0.0,0.0,0.0
M,0.0291381,0.0,0.0,0.0291381
M,-0.127907,0.0,0.0,-0.127907
M,0.0,0.0,0.0,0.0
M,0.0,0.0,0.0,0.0
M,0.0,0.0,0.0,0.0
M,0.0,0.0,0.0,0.0
M,0.0,0.0,0.0,0.0
M,0.0300204,0.0,0.0,0.0300204
M,0.0127067,0.0,0.0,0.0127067
M,0.0,0.0,0.0,0.0
M,0.0,0.0,0.0,0.0
M,0.0,0.0,0.0,0.0
M,0.0,0.0,0.0,0.0
M,0.0,0.0,0.0,0.0
M,0.0,0.0,0.0,0.0
M,0.0,0.0,0.0,0.0
M,0.0373237,0.0,0.0,0.0373237
M,0.0,0.0,0.0,0.0
M,0.0,0.0,0.0,0.0
M,0.0,0.0,0.0,0.0
M,0.0,0.0,0.0,0.0
M,0.0,0.0,0.0,0.0
M,-0.000393529,0.0,0.0,-0.000393529
M,0.0,0.0,0.0,0.0
M,0.0,0.0,0.0,0.0
M,0.0,0.0,0.0,0.0
M,0.0,0.0,0.0,0.0
M,-0.141221,0.0,0.0,-0.141221
M,0.0,0.0,0.0,0.0
M,0.0,0.0,0.0,0.0
M,0.0,0.0,0.0,0.0
M,-0.0496039,0.0,0.0,-0.0496039
M,0.0,0.0,0.0,0.0
M,0.0217912,0.0,0.0,0.0217912
M,0.0,0.0,0.0,0.0
M,0.0,0.0,0.0,0.0
M,0.0,0.0,0.0,0.0
M,0.0,0.0,0.0,0.0
M,0.0,0.0,0.0,0.0
M,0.0,0.0,0.0,0.0
M,0.0,0.0,0.0,0.0
M,0.033529,0.0,0.0,0.033529
M,0.0,0.0,0.0,0.0
M,0.0,0.0250023,0.0250023,0.0250023
M,0.0,0.0,0.0,0.0
M,0.00535928,0.0,0.0,0.00535928
M,0.0674721,0.0,0.0,0.0674721
M,0.0,0.0,0.0,0.0
M,0.0,0.0,0.0,0.0
M,0.0,0.0,0.0,0.0
M,0.0,0.0,0.0,0.0
M,0.0,0.0,0.0,0.0
M,0.0,0.0,0.0,0.0
M,0.0,0.0,0.0,0.0
M,0.0,0.0,0.0,0.0
M,0.0,0.0,0.0,0.0
M,0.0,0.0,0.0,0.0
M,0.0,0.0,0.0,0.0
M,0.0,0.0,0.0,0.0
M,0.0138101,0.0,0.0,0.0138101
M,0.0380777,0.0,0.0,0.0380777
M,0.0,0.0,0.0,0.0
M,0.101118,0.0,0.0,0.101118
M,0.0,0.0,0.0,0.0
M,0.0,0.0,0.0,0.0
M,0.0,0.0,0.0,0.0
M,0.0,0.0,0.0,0.0
M,0.0,0.0,0.0,0.0
M,0.0,0.0,0.0,0.0
M,0.0,0.0,0.0,0.0
M,0.0,0.0,0.0,0.0
M,0.0173775,0.0,0.0,0.0173775
M,0.0,0.0,0.0,0.0
M,0.0,0.0100098,0.0100098,0.0100098
M,0.0,0.0,0.0,0.0
M,0.0,0.0,0.0,0.0
M,0.0,0.0,0.0,0.0
M,0.0,0.0,0.0,0.0
M,-0.0896892,0.0,0.0,-0.0896892
M,0.0,0.0,0.0,0.0
M,0.0,0.0,0.0,0.0
M,-0.0091553,0.0,0.0,-0.0091553
M,0.0,0.0,0.0,0.0
M,0.0,0.0,0.0,0.0
M,0.123625,0.0,0.0,0.123625
M,0.0,0.0,0.0,0.0
M,0.0,0.0,0.0,0.0
M,0.0476441,0.0,0.0,0.0476441
M,0.0,0.0,0.0,0.0
M,0.0,0.0,0.0,0.0
M,0.0,0.0,0.0,0.0
M,0.0,0.0,0.0,0.0
M,0.0,0.0,0.0,0.0
M,0.0,0.0,0.0,0.0
M,0.0369137,0.0,0.0,0.0369137
M,-0.00608076,0.0,0.0,-0.00608076
M,0.0,0.0,0.0,0.0
M,0.0,0.0,0.0,0.0
M,0.0,0.0,0.0,0.0
M,0.0,0.0,0.0,0.0
M,0.0,0.0,0.0,0.0
M,0.0,0.0,0.0,0.0
M,0.0,0.0,0.0,0.0
M,0.0,0.0,0.0,0.0
M,0.0,0.0,0.0,0.0
M,0.0,0.0,0.0,0.0
M,-0.0021105,0.0,0.0,-0.0021105
M,0.0,0.0,0.0,0.0
M,0.0,0.0,0.0,0.0
M,0.0,0.0,0.0,0.0
M,-0.0770426,0.0,0.0,-0.0770426
M,0.0,0.0,0.0,0.0
M,0.0,0.0,0.0,0.0
M,0.0,0.0,0.0,0.0
M,0.0,0.0,0.0,0.0
M,0.0,0.0,0.0,0.0
M,-0.0216366,0.0,0.0,-0.0216366
M,0.0,0.0,0.0,0.0
M,0.0,0.0,0.0,0.0
M,-0.022132,0.0,0.0,-0.022132
M,0.0127067,0.0,0.0,0.0127067
M,0.0,0.0,0.0,0.0
M,0.0,0.0,0.0,0.0
M,0.0,0.0,0.0,0.0
M,0.0,0.0,0.0,0.0
M,0.0560276,0.0,0.0,0.0560276
M,0.0,0.0,0.0,0.0
M,0.0,0.0,0.0,0.0
M,0.0,0.0,0.0,0.0
M,0.0,0.0,0.0,0.0
M,0.0,0.0,0.0,0.0
M,0.0,0.0,0.0,0.0
M,0.0,0.0,0.0,0.0
M,0.0365483,0.0,0.0,0.0365483
M,0.0,0.0,0.0,0.0
M,0.0,0.0,0.0,0.0
M,-0.0560537,0.0,0.0,-0.0560537
M,0.0,0.0,0.0,0.0
M,0.0,0.0,0.0,0.0
M,0.0,0.0,0.0,0.0
M,0.0,0.0,0.0,0.0
M,0.0,0.0,0.0,0.0
M,0.0,0.0,0.0,0.0
M,0.0,0.0,0.0,0.0
M,0.0,0.0,0.0,0.0
M,0.0,0.0,0.0,0.0
M,0.0,0.0,0.0,0.0
M,0.0,0.0,0.0,0.0
M,0.0,0.0,0.0,0.0
M,0.0,0.0,0.0,0.0
M,0.0,0.0,0.0,0.0
M,0.0,0.0,0.0,0.0
M,0.0,0.0,0.0,0.0
M,0.0,0.0,0.0,0.0
M,0.0,0.0,0.0,0.0
M,-0.0318225,0.0,0.0,-0.0318225
M,0.0,0.0,0.0,0.0
M,0.0439664,0.0,0.0,0.0439664
M,0.0,0.0,0.0,0.0
M,0.0,0.0,0.0,0.0
M,0.0439664,0.0,0.0,0.0439664
M,0.0196342,0.0,0.0,0.0196342
M,0.0,0.0,0.0,0.0
M,0.0252207,0.0,0.0,0.0252207
M,0.0,0.0,0.0,0.0
M,0.0,0.0,0.0,0.0
M,0.0,0.0,0.0,0.0
M,0.0,0.0,0.0,0.0
M,0.0,0.0,0.0,0.0
M,0.0384885,0.0,0.0,0.0384885
M,0.0,0.0,0.0,0.0
M,0.0,0.0,0.0,0.0
M,0.0,0.0,0.0,0.0
M,0.0,0.0,0.0,0.0
M,0.0,0.0,0.0,0.0
M,0.0,0.0,0.0,0.0
M,0.0,0.0,0.0,0.0
M,0.0,0.0,0.0,0.0
M,-3.5837e-05,0.0,0.0,-3.5837e-05
M,0.0,0.0,0.0,0.0
M,0.0,0.0,0.0,0.0
M,0.0,0.0,0.0,0.0
M,0.0,0.0,0.0,0.0
M,0.0,0.0,0.0,0.0
M,-0.0387171,0.0,0.0,-0.0387171
M,0.0,0.0,0.0,0.0
M,0.0,0.0,0.0,0.0
M,0.0,0.0,0.0,0.0
M,0.0,0.0,0.0,0.0
M,0.0,0.0,0.0,0.0
M,0.0,0.0,0.0,0.0
M,0.0,0.0,0.0,0.0
M,0.0,0.0,0.0,0.0
M,0.0,0.0,0.0,0.0
M,0.0,0.0,0.0,0.0
M,0.0,0.0,0.0,0.0
M,0.0,0.0,0.0,0.0
M,0.0,0.0,0.0,0.0
M,0.0,0.0,0.0,0.0
M,0.0,0.0,0.0,0.0
M,0.0,0.0,0.0,0.0
M,0.0,0.0,0.0,0.0
M,0.0,0.0,0.0,0.0
M,0.0,0.0,0.0,0.0
M,0.0,0.0,0.0,0.0
M,0.0295051,0.0,0.0,0.0295051
M,0.0,0.0,0.0,0.0
M,0.0,0.0,0.0,0.0
M,0.0,0.0,0.0,0.0
M,0.0348277,0.0,0.0,0.0348277
M,0.0,0.0,0.0,0.0
M,0.0,0.0,0.0,0.0
M,0.0,0.0,0.0,0.0
M,0.0,0.0,0.0,0.0
M,0.0,0.0,0.0,0.0
M,0.0,0.0,0.0,0.0
M,0.0,0.0,0.0,0.0
M,0.0,0.0,0.0,0.0
M,0.0,0.0,0.0,0.0
M,0.0,0.0,0.0,0.0
M,0.0,0.0,0.0,0.0
M,0.0,0.0,0.0,0.0
M,0.0,0.0,0.0,0.0
M,0.0,0.0,0.0,0.0
M,0.0,0.0,0.0,0.0
M,-0.0206446,0.0,0.0,-0.0206446
M,0.0,0.0,0.0,0.0
M,0.0,0.0,0.0,0.0
M,0.0,0.0,0.0,0.0
M,0.0,0.0,0.0,0.0
M,0.0,0.0,0.0,0.0
M,0.0,0.0,0.0,0.0
M,0.0,0.0,0.0,0.0
M,0.0,0.0,0.0,0.0
M,0.0703555,0.0,0.0,0.0703555
M,0.0,0.0,0.0,0.0
M,-0.0206446,0.0,0.0,-0.0206446
M,0.0,0.0,0.0,0.0
M,0.0,0.0,0.0,0.0
M,0.0,0.0,0.0,0.0
M,0.0108958,0.0,0.0,0.0108958
M,0.0,0.0,0.0,0.0
M,0.0,0.0,0.0,0.0
M,-0.0393012,0.0,0.0,-0.0393012
M,0.0,0.0,0.0,0.0
M,0.0,0.0,0.0,0.0
M,-0.0716746,0.0,0.0,-0.0716746
M,0.0,0.0,0.0,0.0
M,0.0,0.0,0.0,0.0
M,0.0,0.0,0.0,0.0
M,0.0,0.0,0.0,0.0
M,-0.0693264,0.0,0.0,-0.0693264
M,0.0,0.0,0.0,0.0
M,0.0,0.0,0.0,0.0
M,0.0,0.0,0.0,0.0
M,0.0427915,0.0,0.0,0.0427915
M,0.0,0.0,0.0,0.0
M,0.0,0.0,0.0,0.0
M,-0.0379898,0.0,0.0,-0.0379898
M,0.0,0.0,0.0,0.0
M,0.0,0.0,0.0,0.0
M,0.0,0.0,0.0,0.0
M,0.0,0.0,0.0,0.0
M,0.0,0.0,0.0,0.0
M,0.0,0.0,0.0,0.0
M,-0.0614643,0.0,0.0,-0.0614643
M,0.0,0.0,0.0,0.0
M,0.0,0.0,0.0,0.0
M,0.0,0.0,0.0,0.0
M,0.115906,0.0,0.0,0.115906
M,0.0,0.0,0.0,0.0
M,0.0,0.0,0.0,0.0
M,0.0,0.0,0.0,0.0
M,0.0,0.0,0.0,0.0
M,0.0,0.0,0.0,0.0
M,0.0,0.0,0.0,0.0
M,0.0,0.0,0.0,0.0
M,0.0,0.0,0.0,0.0
M,0.0615033,0.0,0.0,0.0615033
M,0.0,0.0,0.0,0.0
M,0.0,0.0,0.0,0.0
M,0.0,0.0,0.0,0.0
M,-0.00440536,0.0,0.0,-0.00440536
M,0.0,0.0,0.0,0.0
M,0.0717093,0.0,0.0,0.0717093
M,0.0,0.0,0.0,0.0
M,-0.0732179,0.0,0.0,-0.0732179
M,0.0,0.0,0.0,0.0
M,0.0,0.0,0.0,0.0
M,0.0,0.0,0.0,0.0
M,0.0,0.0,0.0,0.0
M,0.0,0.0,0.0,0.0
M,0.0,0.0,0.0,0.0
M,0.0,0.0,0.0,0.0
M,0.0,0.0,0.0,0.0
M,0.0,0.0,0.0,0.0
M,0.0216271,0.0,0.0,0.0216271
M,0.0,0.0,0.0,0.0
M,0.0,0.0,0.0,0.0
M,0.0,0.0,0.0,0.0
M,0.0,0.0,0.0,0.0
M,0.0,0.0,0.0,0.0
M,-0.0021105,0.0,0.0,-0.0021105
M,0.0,0.0,0.0,0.0
M,0.0,0.0,0.0,0.0
M,0.0,0.0,0.0,0.0
M,-0.101298,0.0,0.0,-0.101298
M,0.0,0.0,0.0,0.0
M,0.0,0.0,0.0,0.0
M,0.0,0.0,0.0,0.0
M,-0.0363736,0.0,0.0,-0.0363736
M,0.0,0.0,0.0,0.0
M,0.119984,0.0,0.0,0.119984
M,0.0,0.0,0.0,0.0
M,0.0,0.0,0.0,0.0
M,0.0,0.0,0.0,0.0
M,0.0,0.0,0.0,0.0
M,0.0,0.0,0.0,0.0
M,0.186638,0.0,0.0,0.186638
M,0.0,0.0,0.0,0.0
M,-0.061196,0.0,0.0,-0.061196
M,0.0,0.0,0.0,0.0
M,0.0,0.0,0.0,0.0
M,0.0,0.0,0.0,0.0
M,0.0,0.0,0.0,0.0
M,0.0,0.0,0.0,0.0
M,0.0,0.0,0.0,0.0
M,0.0,0.0,0.0,0.0
M,0.0,0.0,0.0,0.0
M,-0.0178573,0.0,0.0,-0.0178573
M,0.0,0.0,0.0,0.0
M,0.0,0.0,0.0,0.0
M,0.0,0.0,0.0,0.0
M,0.0,0.0,0.0,0.0
M,0.0,0.0,0.0,0.0
M,0.0430916,0.0,0.0,0.0430916
M,-0.0879098,0.0,0.0,-0.0879098
M,0.0427631,0.0,0.0,0.0427631
M,0.0,0.0,0.0,0.0
M,0.0,0.0,0.0,0.0
M,0.0,0.0,0.0,0.0
M,0.0,0.0,0.0,0.0
M,0.0,0.0,0.0,0.0
M,0.0,0.0,0.0,0.0
M,0.0150943,0.0,0.0,0.0150943
M,0.0,0.0,0.0,0.0
M,0.0,0.0,0.0,0.0
M,0.0,0.0,0.0,0.0
M,0.0,0.0,0.0,0.0
M,0.0,0.0,0.0,0.0
M,0.0,0.0,0.0,0.0
M,0.0,0.0,0.0,0.0
M,0.0,0.0,0.0,0.0
M,-0.0716746,0.0,0.0,-0.0716746
M,0.0,0.0,0.0,0.0
M,-0.00131563,0.0,0.0,-0.00131563
M,0.0,0.0,0.0,0.0
M,0.0,0.0,0.0,0.0
M,0.0,0.0,0.0,0.0
M,0.0,0.0,0.0,0.0
M,0.0,0.0,0.0,0.0
M,-0.0363736,0.0,0.0,-0.0363736
M,0.0,0.0,0.0,0.0
M,0.0,0.0,0.0,0.0
M,0.0,0.0,0.0,0.0
M,0.0,0.0,0.0,0.0
M,-0.00291432,0.0,0.0,-0.00291432
M,0.0,0.0,0.0,0.0
M,0.0,0.0,0.0,0.0
M,0.0,0.0,0.0,0.0
M,0.0,0.0,0.0,0.0
M,0.0,0.0,0.0,0.0
M,0.0,0.0,0.0,0.0
M,0.0356229,0.0,0.0,0.0356229
M,0.0,0.0,0.0,0.0
M,0.0,0.0,0.0,0.0
M,-0.0256464,0.0,0.0,-0.0256464
M,0.0947623,0.0,0.0,0.0947623
M,0.0,0.0,0.0,0.0
M,0.0,0.0,0.0,0.0
M,0.0,0.0,0.0,0.0
M,0.0,0.0,0.0,0.0
M,0.0,0.0,0.0,0.0
M,0.0,0.0,0.0,0.0
M,-0.0458216,0.0,0.0,-0.0458216
M,0.0,0.0,0.0,0.0
M,0.0,0.0,0.0,0.0
M,0.0,0.0,0.0,0.0
M,-0.0221617,0.0,0.0,-0.0221617
M,0.0,0.0,0.0,0.0
M,0.0,0.0,0.0,0.0
M,-0.0608675,0.0,0.0,-0.0608675
M,0.0,0.0,0.0,0.0
M,0.0,0.0,0.0,0.0
M,0.0,0.0,0.0,0.0
M,0.0,0.0,0.0,0.0
M,0.0,0.0,0.0,0.0
M,0.0,0.0,0.0,0.0
M,0.0,0.0,0.0,0.0
M,0.0,0.0,0.0,0.0
M,0.0,0.0,0.0,0.0
M,0.0,0.0,0.0,0.0
M,0.0,0.0,0.0,0.0
M,0.0,0.0,0.0,0.0
M,0.0,0.0,0.0,0.0
M,0.0,0.0,0.0,0.0
M,0.0,0.0,0.0,0.0
M,0.0,0.0,0.0,0.0
M,0.0,0.0,0.0,0.0
M,0.0,0.0,0.0,0.0
M,0.0,0.0,0.0,0.0
M,0.0,0.0,0.0,0.0
M,0.0,0.0,0.0,0.0
M,0.0,0.0,0.0,0.0
M,0.0,0.0,0.0,0.0
M,0.0,0.0,0.0,0.0
M,0.0,0.0,0.0,0.0
M,0.0522654,0.0,0.0,0.0522654
M,0.0,0.0,0.0,0.0
M,0.0,0.0,0.0,0.0
M,0.0,0.0,0.0,0.0
M,0.0,0.0,0.0,0.0
M,0.0,0.0,0.0,0.0
M,0.0,0.0,0.0,0.0
M,0.0,0.0,0.0,0.0
M,0.0,0.0,0.0,0.0
M,0.0,0.0,0.0,0.0
M,0.0,0.0,0.0,0.0
M,0.0,0.0,0.0,0.0
M,0.0,0.0,0.0,0.0
M,0.083188,0.0,0.0,0.083188
M,0.0,0.0,0.0,0.0
M,0.0,0.0,0.0,0.0
M,0.0,0.0,0.0,0.0
M,0.0181875,0.0,0.0,0.0181875
M,0.0,0.0,0.0,0.0
M,0.0,0.0,0.0,0.0
M,0.0,0.0,0.0,0.0
M,0.0,0.0,0.0,0.0
M,0.0,0.0,0.0,0.0
M,0.0,0.0,0.0,0.0
M,0.0,0.0,0.0,0.0
M,0.0,0.0,0.0,0.0
M,0.0,0.0,0.0,0.0
M,0.0,0.0,0.0,0.0
M,0.0,0.0,0.0,0.0
M,0.0,0.0,0.0,0.0
M,0.0,0.0,0.0,0.0
M,0.0110705,0.0,0.0,0.0110705
M,0.0,0.0,0.0,0.0
M,0.0,0.0,0.0,0.0
M,0.0,0.0,0.0,0.0
M,0.0,0.0,0.0,0.0
M,0.0,0.0,0.0,0.0
M,-0.0679869,0.0,0.0,-0.0679869
M,0.0,0.0,0.0,0.0
M,0.0,0.0,0.0,0.0
M,0.0,0.0,0.0,0.0
M,0.0,0.0,0.0,0.0
M,0.0,0.0,0.0,0.0
M,-0.0652177,0.0,0.0,-0.0652177
M,0.0,0.0,0.0,0.0
M,-0.0379898,0.0,0.0,-0.0379898
M,0.0,0.0,0.0,0.0
M,0.0,0.0,0.0,0.0
M,0.0,0.0,0.0,0.0
M,0.0,0.0,0.0,0.0
M,0.0,0.0,0.0,0.0
M,0.0,0.0,0.0,0.0
M,0.0,0.0,0.0,0.0
M,0.0,0.0,0.0,0.0
M,0.0,0.0,0.0,0.0
M,0.0,0.0,0.0,0.0
M,0.0,-0.0263032,-0.0263032,-0.0263032
M,0.0,0.0,0.0,0.0
M,0.0,0.0,0.0,0.0
M,-0.0011348,0.0,0.0,-0.0011348
M,0.0,0.0,0.0,0.0
M,-0.0236435,0.0,0.0,-0.0236435
M,0.0,0.0,0.0,0.0
M,0.0,0.0,0.0,0.0
M,0.0,0.0,0.0,0.0
M,0.0,0.0,0.0,0.0
M,0.0,0.0,0.0,0.0
M,0.0,0.0,0.0,0.0
M,-0.0818223,0.0,0.0,-0.0818223
M,0.0,0.0,0.0,0.0
M,0.0,0.0,0.0,0.0
M,0.0273304,0.0,0.0,0.0273304
M,0.0,0.0,0.0,0.0
M,0.0,0.0,0.0,0.0
M,0.0,0.0,0.0,0.0
M,0.0389724,0.0,0.0,0.0389724
M,0.0,0.0,0.0,0.0
M,0.0,0.0,0.0,0.0
M,-0.0110917,0.0,0.0,-0.0110917
M,0.0,0.0,0.0,0.0
M,0.0,0.0,0.0,0.0
M,0.0440312,0.0,0.0,0.0440312
M,0.0,0.0,0.0,0.0
M,0.0,0.0,0.0,0.0
M,0.0,0.0,0.0,0.0
M,0.0,0.0,0.0,0.0
M,0.0197335,0.0,0.0,0.0197335
M,0.0,0.0,0.0,0.0
M,0.0,0.0,0.0,0.0
M,0.0,0.0,0.0,0.0
M,0.0,0.0,0.0,0.0
M,0.0,0.0,0.0,0.0
M,0.0,0.0,0.0,0.0
M,0.0243488,0.0,0.0,0.0243488
M,0.0,0.0,0.0,0.0
M,0.0,0.0,0.0,0.0
M,0.0,0.0,0.0,0.0
M,0.0,0.0,0.0,0.0
M,0.0,0.0,0.0,0.0
M,0.0,0.0,0.0,0.0
M,0.0,0.0,0.0,0.0
M,0.0,0.0,0.0,0.0
M,0.0,0.0,0.0,0.0
M,0.0480946,0.0,0.0,0.0480946
M,0.0,0.0,0.0,0.0
M,0.0,0.0,0.0,0.0
M,-0.0524633,0.0,0.0,-0.0524633
M,0.0,0.0,0.0,0.0
M,0.0,0.0,0.0,0.0
M,0.0286896,0.0,0.0,0.0286896
M,0.0,0.0,0.0,0.0
M,0.0,0.0,0.0,0.0
M,0.0,0.0,0.0,0.0
M,0.0,0.0,0.0,0.0
M,0.0,0.0,0.0,0.0
M,0.0,0.0,0.0,0.0
M,0.0,0.0,0.0,0.0
M,-0.05269,0.0,0.0,-0.05269
M,0.0,0.0,0.0,0.0
M,0.0,0.0,0.0,0.0
M,0.0,0.0,0.0,0.0
M,0.0,0.0,0.0,0.0
M,0.0202974,0.0,0.0,0.0202974
M,0.0,0.0,0.0,0.0
M,0.0627319,0.0,0.0,0.0627319
M,0.0,0.0,0.0,0.0
M,0.0928112,0.0,0.0,0.0928112
M,0.0,0.0,0.0,0.0
M,0.0,0.0,0.0,0.0
M,0.0,0.0,0.0,0.0
M,0.0,0.0,0.0,0.0
M,0.0,0.0,0.0,0.0
M,0.0,0.0,0.0,0.0
M,0.0,0.0,0.0,0.0
M,0.0,0.0,0.0,0.0
M,0.0,0.0,0.0,0.0
M,0.0,0.0,0.0,0.0
M,-0.135329,0.0,0.0,-0.135329
M,0.0,0.0,0.0,0.0
M,0.0,0.0,0.0,0.0
M,0.0,0.0,0.0,0.0
M,0.0,0.0,0.0,0.0
M,0.0,0.0,0.0,0.0
M,0.0,0.0,0.0,0.0
M,0.0,0.0,0.0,0.0
M,0.0,0.0,0.0,0.0
M,-0.0021105,0.0,0.0,-0.0021105
M,0.0,0.0,0.0,0.0
M,0.0,0.0,0.0,0.0
M,0.0197335,0.0,0.0,0.0197335
M,0.0,0.0,0.0,0.0
M,0.0,0.0,0.0,0.0
M,0.0131689,0.0,0.0,0.0131689
M,0.0,0.0,0.0,0.0
M,0.0,0.0,0.0,0.0
M,0.0,0.0,0.0,0.0
M,-0.0601813,0.0,0.0,-0.0601813
M,0.0,0.0,0.0,0.0
M,0.0,0.0,0.0,0.0
M,0.0,0.0,0.0,0.0
M,0.0,0.0,0.0,0.0
M,0.0,0.0,0.0,0.0
M,0.0,0.0,0.0,0.0
M,0.0,0.0,0.0,0.0
M,0.0,0.0,0.0,0.0
M,0.0,0.0,0.0,0.0
M,0.0,0.0,0.0,0.0
M,0.0672,0.0,0.0,0.0672
M,0.0,0.0,0.0,0.0
M,0.0685799,0.0,0.0,0.0685799
M,0.0800379,0.0,0.0,0.0800379
M,-0.0896892,0.0,0.0,-0.0896892
M,0.0,0.0,0.0,0.0
M,0.0,0.0,0.0,0.0
M,0.0,0.0,0.0,0.0
M,0.0,0.0,0.0,0.0
M,0.0,0.0,0.0,0.0
M,-0.0455113,0.0,0.0,-0.0455113
M,0.0,0.0,0.0,0.0
M,0.0,0.0,0.0,0.0
M,0.0,0.0,0.0,0.0
M,-0.00210801,0.0,0.0,-0.00210801
M,0.0,0.0,0.0,0.0
M,0.0,0.0,0.0,0.0
M,0.0,0.0,0.0,0.0
M,0.0274713,0.0,0.0,0.0274713
M,0.0,0.0,0.0,0.0
M,0.0,0.0,0.0,0.0
M,0.0,0.0,0.0,0.0
M,0.0,0.0,0.0,0.0
M,0.0,0.0,0.0,0.0
M,0.0518626,0.0,0.0,0.0518626
M,0.0735591,0.0,0.0,0.0735591
M,0.0,0.0,0.0,0.0
M,0.0,0.0,0.0,0.0
M,0.0,0.0,0.0,0.0
M,0.00892883,0.0,0.0,0.00892883
M,0.0,0.0,0.0,0.0
M,0.0,0.0,0.0,0.0
M,0.0,0.0,0.0,0.0
M,0.0,0.0,0.0,0.0
M,0.0,0.0,0.0,0.0
M,0.0,0.0,0.0,0.0
M,0.0,0.0,0.0,0.0
M,0.0,0.0,0.0,0.0
M,0.0,0.0,0.0,0.0
M,0.0,0.0,0.0,0.0
M,0.0,0.0,0.0,0.0
M,0.0,0.0,0.0,0.0
M,0.0,0.0,0.0,0.0
M,0.0147187,0.0,0.0,0.0147187
M,0.0,0.0,0.0,0.0
M,0.0,0.0,0.0,0.0
M,0.0,0.0,0.0,0.0
M,0.0,0.0,0.0,0.0
M,0.0,0.0,0.0,0.0
M,0.0,0.0,0.0,0.0
M,0.0,0.0,0.0,0.0
M,0.0,0.0,0.0,0.0
M,0.0,0.0,0.0,0.0
M,0.0116024,0.0,0.0,0.0116024
M,0.0,0.0,0.0,0.0
M,0.0,0.0,0.0,0.0
M,-0.0178573,0.0,0.0,-0.0178573
M,0.0,0.0,0.0,0.0
M,0.0,0.0,0.0,0.0
M,-0.0662125,0.0,0.0,-0.0662125
M,0.0,0.0,0.0,0.0
M,0.0,0.0,0.0,0.0
M,0.0,0.0,0.0,0.0
M,0.0,0.0,0.0,0.0
M,0.0,0.0,0.0,0.0
M,0.0,0.0,0.0,0.0
M,0.0,0.0,0.0,0.0
M,0.0,0.0,0.0,0.0
M,-0.0463563,0.0,0.0,-0.0463563
M,0.0,0.0,0.0,0.0
M,0.0,0.0,0.0,0.0
M,0.0,0.0,0.0,0.0
M,0.0,0.0,0.0,0.0
M,0.0,0.0,0.0,0.0
M,-0.0138169,0.0,0.0,-0.0138169
M,0.0,0.0,0.0,0.0
M,0.0,0.0,0.0,0.0
M,0.0,0.0,0.0,0.0
M,0.0,0.0,0.0,0.0
M,0.0,0.0,0.0,0.0
M,0.0,0.0,0.0,0.0
M,0.0,0.0,0.0,0.0
M,0.0,0.0,0.0,0.0
M,0.0,0.0,0.0,0.0
M,0.0,0.0,0.0,0.0
M,0.0,0.0,0.0,0.0
M,0.0,0.0,0.0,0.0
M,0.0,0.0,0.0,0.0
M,0.00553835,0.0,0.0,0.00553835
M,0.0,0.0,0.0,0.0
M,0.035399,0.0,0.0,0.035399
M,0.0,0.0,0.0,0.0
M,0.0,0.0,0.0,0.0
M,0.0,0.0,0.0,0.0
M,0.0,0.0,0.0,0.0
M,0.0,0.0,0.0,0.0
M,0.0,0.0,0.0,0.0
M,0.0,0.0,0.0,0.0
M,0.0,0.0,0.0,0.0
M,-0.0203346,0.0,0.0,-0.0203346
M,0.0,0.0,0.0,0.0
M,0.0,0.0,0.0,0.0
M,0.0,0.0,0.0,0.0
M,0.0,0.0,0.0,0.0
M,0.0,0.0,0.0,0.0
M,0.0,0.0,0.0,0.0
M,0.0,0.0,0.0,0.0
M,0.0,0.0,0.0,0.0
M,0.0522595,0.0,0.0,0.0522595
M,0.0510955,0.0,0.0,0.0510955
M,0.0,0.0,0.0,0.0
M,0.0,0.0,0.0,0.0
M,0.0,-0.0468702,-0.0468702,-0.0468702
M,0.0,0.0,0.0,0.0
M,0.0,0.0,0.0,0.0
M,0.0,0.0,0.0,0.0
M,0.0,0.0,0.0,0.0
M,0.0,0.0,0.0,0.0
M,0.0,0.0,0.0,0.0
M,0.0,0.0,0.0,0.0
M,0.0,0.0,0.0,0.0
M,0.0,0.0,0.0,0.0
M,0.0,0.0,0.0,0.0
M,0.0,0.0,0.0,0.0
M,0.0,0.0,0.0,0.0
M,0.0,0.0,0.0,0.0
M,0.0,0.0,0.0,0.0
M,0.0674721,0.0,0.0,0.0674721
M,0.0,0.0,0.0,0.0
M,0.0,0.0,0.0,0.0
M,0.0515683,0.0,0.0,0.0515683
M,0.0,0.0,0.0,0.0
M,0.0,0.0,0.0,0.0
M,0.0,0.0,0.0,0.0
M,0.0,0.0,0.0,0.0
M,0.0,0.0,0.0,0.0
M,0.0,0.0,0.0,0.0
M,0.0,0.0,0.0,0.0
M,0.0,0.0,0.0,0.0
M,0.0,0.0,0.0,0.0
M,0.0116253,0.0,0.0,0.0116253
M,0.0348277,0.0,0.0,0.0348277
M,0.0,0.0,0.0,0.0
M,0.0303922,0.0,0.0,0.0303922
M,-0.106065,0.0,0.0,-0.106065
M,0.0,0.0,0.0,0.0
M,0.0,0.0,0.0,0.0
M,0.0,0.0,0.0,0.0
M,0.0,0.0,0.0,0.0
M,0.0,0.0,0.0,0.0
M,0.0,0.0,0.0,0.0
M,0.0,-0.0672184,-0.0672184,-0.0672184
M,0.0,0.0,0.0,0.0
M,-0.00912078,0.0,0.0,-0.00912078
M,0.0,0.0,0.0,0.0
M,0.0,0.0,0.0,0.0
M,0.0,0.0,0.0,0.0
M,0.0,0.0,0.0,0.0
M,0.0,0.0,0.0,0.0
M,0.0,0.0,0.0,0.0
M,-0.127907,0.0,0.0,-0.127907
M,0.0,0.0,0.0,0.0
M,0.0,0.0,0.0,0.0
M,0.0,0.0,0.0,0.0
M,-0.0361792,0.0,0.0,-0.0361792
M,0.0,0.0,0.0,0.0
M,-0.0201144,0.0,0.0,-0.0201144
M,0.0,0.0,0.0,0.0
M,-0.123449,0.0,0.0,-0.123449
M,0.0,0.0,0.0,0.0
M,0.0,0.0,0.0,0.0
M,0.0,0.0,0.0,0.0
M,-0.0883505,0.0,0.0,-0.0883505
M,0.0,0.0,0.0,0.0
M,0.0,0.0,0.0,0.0
M,0.0,0.0,0.0,0.0
M,0.0,0.0,0.0,0.0
M,0.0,0.0,0.0,0.0
M,0.0,0.0,0.0,0.0
M,0.0,0.0,0.0,0.0
M,0.0,0.0,0.0,0.0
M,0.0,0.0,0.0,0.0
M,0.0,0.0,0.0,0.0
M,0.0,0.0,0.0,0.0
M,0.0,0.0,0.0,0.0
M,0.0,0.0,0.0,0.0
M,0.0672,0.0,0.0,0.0672
M,0.0,0.0,0.0,0.0
M,0.0,0.0,0.0,0.0
M,0.0,0.0,0.0,0.0
M,0.0,0.0,0.0,0.0
M,0.0,0.0,0.0,0.0
M,0.0,0.0,0.0,0.0
M,0.0,0.0,0.0,0.0
M,-0.0021105,0.0,0.0,-0.0021105
M,0.0,0.0,0.0,0.0
M,-0.0378926,0.0,0.0,-0.0378926
M,0.00853066,0.0,0.0,0.00853066
M,0.0,0.0,0.0,0.0
M,0.0,0.0,0.0,0.0
M,0.0,0.0,0.0,0.0
M,0.0,0.0,0.0,0.0
M,0.0,0.0,0.0,0.0
M,0.0,0.0,0.0,0.0
M,0.0,0.0,0.0,0.0
M,-0.0716746,0.0,0.0,-0.0716746
M,0.0,0.0,0.0,0.0
M,0.0,0.0,0.0,0.0
M,0.0,0.0,0.0,0.0
M,0.0,0.0,0.0,0.0
M,0.0552821,0.0,0.0,0.0552821
M,0.0,0.0,0.0,0.0
M,0.0,0.0,0.0,0.0
M,0.0,0.0,0.0,0.0
M,0.0,0.0,0.0,0.0
M,0.0,0.0,0.0,0.0
M,0.0,0.0,0.0,0.0
M,0.0,0.0,0.0,0.0
M,-0.0178573,0.0,0.0,-0.0178573
M,0.0,0.0,0.0,0.0
M,0.0,0.0,0.0,0.0
M,0.0,0.0,0.0,0.0
M,-0.112037,0.0,0.0,-0.112037
M,0.0,0.0,0.0,0.0
M,0.0,0.0,0.0,0.0
M,0.0,0.0,0.0,0.0
M,0.0,0.0,0.0,0.0
M,0.0,0.0,0.0,0.0
M,0.0672,0.0,0.0,0.0672
M,0.0,0.0,0.0,0.0
M,-0.00626173,0.0,0.0,-0.00626173
M,0.0,0.0,0.0,0.0
M,0.0,0.0,0.0,0.0
M,0.0,0.0,0.0,0.0
M,0.0,0.0,0.0,0.0
M,0.0,0.0,0.0,0.0
M,-0.0596712,0.0,0.0,-0.0596712
M,0.0,0.0,0.0,0.0
M,0.0,0.0,0.0,0.0
M,0.0,0.0,0.0,0.0
M,-0.0732195,0.0,0.0,-0.0732195
M,0.0,0.0,0.0,0.0
M,0.0,0.0,0.0,0.0
M,0.0430223,0.0,0.0,0.0430223
M,0.0,0.0,0.0,0.0
M,0.0,0.0,0.0,0.0
M,0.0,0.0,0.0,0.0
M,0.0,0.0,0.0,0.0
M,0.0,0.0,0.0,0.0
M,-0.0500437,0.0,0.0,-0.0500437
M,0.0,0.0,0.0,0.0
M,0.086764,0.0,0.0,0.086764
M,0.0,0.0,0.0,0.0
M,0.0999755,0.0,0.0,0.0999755
M,0.0221463,0.0,0.0,0.0221463
M,0.0,0.0,0.0,0.0
M,0.0380271,0.0,0.0,0.0380271
M,-0.0445693,0.0,0.0,-0.0445693
M,0.0,0.0,0.0,0.0
M,0.0,0.0,0.0,0.0
M,0.0,0.0,0.0,0.0
M,0.0,0.0,0.0,0.0
M,0.0,0.0,0.0,0.0
M,-0.169541,0.0,0.0,-0.169541
M,0.0,0.0,0.0,0.0
M,0.0,0.0,0.0,0.0
M,0.0,0.0,0.0,0.0
M,0.0,0.0,0.0,0.0
M,0.0,0.0,0.0,0.0
M,0.0,0.0,0.0,0.0
M,0.0,0.0,0.0,0.0
M,0.0,0.0,0.0,0.0
M,0.0,0.0,0.0,0.0
M,0.0,0.0,0.0,0.0
M,0.0,0.0,0.0,0.0
M,0.0,0.0,0.0,0.0
M,-0.0148751,0.0,0.0,-0.0148751
M,0.0,0.0,0.0,0.0
M,0.0,0.0,0.0,0.0
M,0.0295051,0.0,0.0,0.0295051
M,0.065954,0.0,0.0,0.065954
M,0.0,0.0,0.0,0.0
M,0.0,0.0,0.0,0.0
M,0.0,0.0,0.0,0.0
M,0.0,0.0,0.0,0.0
M,0.0,0.0,0.0,0.0
M,0.0,0.0,0.0,0.0
M,0.0,0.0,0.0,0.0
M,0.0,0.0,0.0,0.0
M,0.0,0.0,0.0,0.0
M,-0.0853854,0.0,0.0,-0.0853854
M,0.0137672,0.0,0.0,0.0137672
M,-0.0318225,0.0,0.0,-0.0318225
M,0.0,0.0,0.0,0.0
M,0.0,0.0,0.0,0.0
M,0.0,0.0,0.0,0.0
M,0.017145,0.0,0.0,0.017145
M,0.0,0.0,0.0,0.0
M,0.0,0.0,0.0,0.0
M,0.0,0.0,0.0,0.0
M,0.0356229,0.0,0.0,0.0356229
M,0.0,0.0,0.0,0.0
M,0.0,0.0,0.0,0.0
M,0.0,0.0,0.0,0.0
M,-0.0524633,0.0,0.0,-0.0524633
M,0.0,0.0,0.0,0.0
M,0.0430916,0.0,0.0,0.0430916
M,0.0,0.0,0.0,0.0
M,0.0,0.0,0.0,0.0
M,0.0,0.0,0.0,0.0
M,0.0,0.0,0.0,0.0
M,0.0,0.0,0.0,0.0
M,-0.0387171,0.0,0.0,-0.0387171
M,0.0,0.0,0.0,0.0
M,0.0,0.0,0.0,0.0
M,0.0,0.0,0.0,0.0
M,0.0,0.0,0.0,0.0
M,0.0515683,0.0,0.0,0.0515683
M,0.0,0.0,0.0,0.0
M,0.0,0.0,0.0,0.0
M,0.0,0.0,0.0,0.0
M,0.0,0.0,0.0,0.0
M,0.0,0.0,0.0,0.0
M,0.0,0.0,0.0,0.0
M,0.0,0.0,0.0,0.0
M,-0.0679869,0.0,0.0,-0.0679869
M,0.0,0.0,0.0,0.0
M,-0.00329578,0.0,0.0,-0.00329578
M,0.0,0.0,0.0,0.0
M,0.0,0.0,0.0,0.0
M,0.0,0.0,0.0,0.0
M,0.0,0.0,0.0,0.0
M,0.0,0.0,0.0,0.0
M,0.0,0.0,0.0,0.0
M,-0.0109591,0.0,0.0,-0.0109591
M,0.104277,0.0,0.0,0.104277
M,0.0,0.0,0.0,0.0
M,0.0,0.0,0.0,0.0
M,-0.0364135,0.0,0.0,-0.0364135
M,0.0,0.0,0.0,0.0
M,0.0,0.0,0.0,0.0
M,0.0,0.0,0.0,0.0
M,0.0,0.0,0.0,0.0
M,0.0,0.0,0.0,0.0
M,-0.0115926,0.0,0.0,-0.0115926
M,0.0,0.0,0.0,0.0
M,0.0,0.0,0.0,0.0
M,0.0,0.0,0.0,0.0
M,0.0,0.0,0.0,0.0
M,0.0,0.0,0.0,0.0
M,0.0,0.0,0.0,0.0
M,0.0,0.0,0.0,0.0
M,0.0,0.0,0.0,0.0
M,0.0,0.0,0.0,0.0
M,0.035399,0.0,0.0,0.035399
M,0.0,0.0,0.0,0.0
M,0.0,0.0,0.0,0.0
M,0.0,0.0,0.0,0.0
M,0.0,0.0,0.0,0.0
M,0.0,0.0,0.0,0.0
M,0.0,0.0,0.0,0.0
M,0.0,0.0,0.0,0.0
M,0.0,0.0,0.0,0.0
M,0.0298225,0.0,0.0,0.0298225
M,0.0,0.0,0.0,0.0
M,0.0,0.0,0.0,0.0
M,-0.0262173,0.0,0.0,-0.0262173
M,0.0348277,0.0,0.0,0.0348277
M,0.0,0.0,0.0,0.0
M,0.0,0.0,0.0,0.0
M,0.0,0.0,0.0,0.0
M,0.0,0.0,0.0,0.0
M,0.0,0.0,0.0,0.0
M,0.0,0.0,0.0,0.0
M,0.0,0.0,0.0,0.0
M,0.0,0.0,0.0,0.0
M,0.0,0.0,0.0,0.0
M,0.0,0.0,0.0,0.0
M,0.0,0.0,0.0,0.0
M,-0.111858,0.0,0.0,-0.111858
M,0.0,0.0,0.0,0.0
M,0.0,0.0,0.0,0.0
M,0.0,0.0,0.0,0.0
M,0.0,0.0,0.0,0.0
M,0.0,0.0,0.0,0.0
M,0.0,0.0,0.0,0.0
M,0.0,0.0,0.0,0.0
M,0.0,0.0,0.0,0.0
M,0.0,0.0,0.0,0.0
M,-0.0800254,0.0,0.0,-0.0800254
M,0.0,0.0,0.0,0.0
M,0.0,0.0,0.0,0.0
M,0.0,0.0,0.0,0.0
M,0.0,0.0,0.0,0.0
M,0.0498365,0.0,0.0,0.0498365
M,0.0,0.0,0.0,0.0
M,0.0,0.0,0.0,0.0
M,0.0,0.0,0.0,0.0
M,0.0,0.0,0.0,0.0
M,0.0,0.0,0.0,0.0
M,0.0,0.0,0.0,0.0
M,0.0,0.0,0.0,0.0
M,0.0,0.0,0.0,0.0
M,0.0,0.0,0.0,0.0
M,0.0,0.0,0.0,0.0
M,0.0,0.0,0.0,0.0
M,0.0,0.0,0.0,0.0
M,0.0,0.0,0.0,0.0
M,-0.111064,0.0,0.0,-0.111064
M,-0.00838072,0.0,0.0,-0.00838072
M,0.0,0.0,0.0,0.0
M,-0.00624241,0.0,0.0,-0.00624241
M,-0.0737371,0.0,0.0,-0.0737371
M,0.0380777,0.0,0.0,0.0380777
M,0.0,0.0,0.0,0.0
M,0.0,0.0,0.0,0.0
M,-0.0387171,0.0,0.0,-0.0387171
M,0.0,0.0,0.0,0.0
M,0.0,0.0,0.0,0.0
M,0.0,0.0,0.0,0.0
M,0.0,0.0,0.0,0.0
M,0.0,0.0,0.0,0.0
M,0.0,0.0,0.0,0.0
M,0.0,0.0,0.0,0.0
M,0.0,0.0,0.0,0.0
M,0.0,0.0,0.0,0.0
M,0.0,0.0,0.0,0.0
M,0.0,0.0,0.0,0.0
M,0.0,0.0,0.0,0.0
M,0.0,0.0,0.0,0.0
M,0.0,0.0,0.0,0.0
M,0.0,0.0,0.0,0.0
M,0.0,0.0,0.0,0.0
M,0.0,0.0,0.0,0.0
M,0.0,0.0,0.0,0.0
M,0.0,0.0,0.0,0.0
M,0.0,0.0,0.0,0.0
M,-0.0206446,0.0,0.0,-0.0206446
M,0.0,0.0,0.0,0.0
M,0.0,0.0,0.0,0.0
M,0.0,0.0,0.0,0.0
M,0.0,0.0,0.0,0.0
M,0.0,0.0,0.0,0.0
M,0.0,0.0,0.0,0.0
M,0.0788631,0.0,0.0,0.0788631
M,0.0,0.0,0.0,0.0
M,0.0,0.0,0.0,0.0
M,0.0,0.0,0.0,0.0
M,0.0,0.0,0.0,0.0
M,0.0,0.0,0.0,0.0
M,-0.010406,0.0,0.0,-0.010406
M,0.00283171,0.0,0.0,0.00283171
M,-0.110396,0.0,0.0,-0.110396
M,0.134483,0.0,0.0,0.134483
M,0.0,0.0,0.0,0.0
M,0.0,0.0,0.0,0.0
M,-0.0388049,0.0,0.0,-0.0388049
M,0.0,0.0,0.0,0.0
M,0.083188,0.0,0.0,0.083188
M,0.0674721,0.0,0.0,0.0674721
M,-0.0813235,0.0,0.0,-0.0813235
M,0.0,0.0,0.0,0.0
M,0.0,0.0,0.0,0.0
M,0.0,0.0,0.0,0.0
M,0.0,0.0,0.0,0.0
M,-0.0978832,0.0,0.0,-0.0978832
M,0.0,0.0,0.0,0.0
M,0.0,0.0,0.0,0.0
M,0.0,0.0,0.0,0.0
M,0.0,0.0,0.0,0.0
M,0.00789263,0.0,0.0,0.00789263
M,0.0,0.0,0.0,0.0
M,0.0,0.0,0.0,0.0
M,0.0117229,0.0,0.0,0.0117229
M,0.0,0.0,0.0,0.0
M,0.0,0.0,0.0,0.0
M,0.0,0.0,0.0,0.0
M,0.0,0.0,0.0,0.0
M,0.0,0.0,0.0,0.0
M,0.0,0.0,0.0,0.0
M,0.0,0.0,0.0,0.0
M,0.0,0.0,0.0,0.0
M,0.0,0.0,0.0,0.0
M,0.0,0.0,0.0,0.0
M,0.0,0.0,0.0,0.0
M,0.0,0.0,0.0,0.0
M,0.0,0.0,0.0,0.0
M,0.0,0.0,0.0,0.0
M,0.0,0.0,0.0,0.0
M,0.0,0.0,0.0,0.0
M,0.0,0.0,0.0,0.0
M,0.0,0.0,0.0,0.0
M,0.0,0.0,0.0,0.0
M,0.0,0.0,0.0,0.0
M,0.0,0.0,0.0,0.0
M,0.0,0.0,0.0,0.0
M,-0.0216367,0.0,0.0,-0.0216367
M,0.0,0.0,0.0,0.0
M,0.0,0.0,0.0,0.0
M,0.0,0.0,0.0,0.0
M,0.00202483,0.0,0.0,0.00202483
M,0.0,0.0,0.0,0.0
M,0.0,0.0,0.0,0.0
M,0.0,0.0,0.0,0.0
M,0.0,0.0,0.0,0.0
M,0.00812698,0.0,0.0,0.00812698
M,0.0,0.0,0.0,0.0
M,0.0,0.0,0.0,0.0
M,-0.0166737,0.0,0.0,-0.0166737
M,0.0,0.0,0.0,0.0
M,0.0,0.0,0.0,0.0
M,0.0,0.0,0.0,0.0
M,0.0,0.0,0.0,0.0
M,0.0,0.0,0.0,0.0
M,0.0,0.0,0.0,0.0
M,0.0,0.0,0.0,0.0
M,0.0,0.0,0.0,0.0
M,0.0,0.0,0.0,0.0
M,0.0,0.0,0.0,0.0
M,0.0,0.0,0.0,0.0
M,0.0,0.0,0.0,0.0
M,0.0,0.0,0.0,0.0
M,0.0,0.0,0.0,0.0
M,0.0,0.0,0.0,0.0
M,0.0,0.0,0.0,0.0
M,0.0,0.0,0.0,0.0
M,-0.0361792,0.0,0.0,-0.0361792
M,0.0,0.0,0.0,0.0
M,0.0,0.0,0.0,0.0
M,0.0,0.0,0.0,0.0
M,0.0,0.0,0.0,0.0
M,0.0,-0.0468702,-0.0468702,-0.0468702
M,0.0,0.0,0.0,0.0
M,0.0,0.0,0.0,0.0
M,0.065954,0.0,0.0,0.065954
M,0.0910719,0.0,0.0,0.0910719
M,0.0,0.0,0.0,0.0
M,0.0,0.0,0.0,0.0
M,0.0,0.0,0.0,0.0
M,0.0,0.0,0.0,0.0
M,-0.0895157,0.0,0.0,-0.0895157
M,0.0,0.0,0.0,0.0
M,0.0,0.0,0.0,0.0
M,0.0,0.0,0.0,0.0
M,0.0,0.0,0.0,0.0
M,0.0,0.0,0.0,0.0
M,0.0,0.0,0.0,0.0
M,0.0,0.0,0.0,0.0
M,0.0,0.0,0.0,0.0
M,0.0,0.0,0.0,0.0
M,0.0,0.0,0.0,0.0
M,0.0,0.0,0.0,0.0
M,0.0,0.0,0.0,0.0
M,0.0,0.0,0.0,0.0
M,0.0196012,0.0,0.0,0.0196012
M,0.0,0.0,0.0,0.0
M,0.0373237,0.0,0.0,0.0373237
M,0.0,0.0,0.0,0.0
M,0.00853066,0.0,0.0,0.00853066
M,0.0,0.0,0.0,0.0
M,0.0,0.0,0.0,0.0
M,0.0,0.0,0.0,0.0
M,0.0,0.0,0.0,0.0
M,0.0,0.0,0.0,0.0
M,0.0,0.0,0.0,0.0
M,0.0,0.0,0.0,0.0
M,0.0,0.0,0.0,0.0
M,0.0,0.0,0.0,0.0
M,0.0,0.0,0.0,0.0
M,0.0,0.0,0.0,0.0
M,0.0,0.0,0.0,0.0
M,0.0,0.0,0.0,0.0
M,0.0,0.0,0.0,0.0
M,0.0,0.0,0.0,0.0
M,0.0,0.0,0.0,0.0
M,0.0,0.0,0.0,0.0
M,0.0919988,0.0,0.0,0.0919988
M,0.0217912,0.0,0.0,0.0217912
M,0.0102606,0.0,0.0,0.0102606
M,0.0,0.0,0.0,0.0
M,-0.00998821,0.0,0.0,-0.00998821
M,-0.0344835,-0.0468702,-0.0468702,-0.0813537
M,0.0,0.0,0.0,0.0
M,0.0,0.0,0.0,0.0
M,0.0730572,0.0,0.0,0.0730572
M,0.0,0.0,0.0,0.0
M,0.0,0.0,0.0,0.0
M,0.0,0.0,0.0,0.0
M,0.0,0.0,0.0,0.0
M,0.0,0.0,0.0,0.0
M,0.0,0.0,0.0,0.0
M,0.0,0.0,0.0,0.0
M,0.0,0.0,0.0,0.0
M,-0.0277629,0.0,0.0,-0.0277629
M,0.0,0.0,0.0,0.0
M,0.0,0.0,0.0,0.0
M,0.0,0.0,0.0,0.0
M,0.0,0.0,0.0,0.0
M,0.0,0.0,0.0,0.0
M,0.0,0.0,0.0,0.0
M,0.0,0.0,0.0,0.0
M,0.0,0.0,0.0,0.0
M,0.0,0.0,0.0,0.0
M,0.0,0.0,0.0,0.0
M,0.0,0.0,0.0,0.0
M,0.0,0.0,0.0,0.0
M,0.0,0.0,0.0,0.0
M,0.0,0.0,0.0,0.0
M,0.0,0.0,0.0,0.0
M,0.0,0.0,0.0,0.0
M,-0.032959,0.0,0.0,-0.032959
M,0.0,0.0,0.0,0.0
M,0.171654,0.0,0.0,0.171654
M,0.0,0.0,0.0,0.0
M,0.0,0.0,0.0,0.0
M,0.0,0.0,0.0,0.0
M,-0.0895157,0.0,0.0,-0.0895157
M,0.0,0.0,0.0,0.0
M,0.0,0.0,0.0,0.0
M,0.0,0.0,0.0,0.0
M,0.0,0.0,0.0,0.0
M,0.0,0.0,0.0,0.0
M,0.0,0.0,0.0,0.0
M,-0.00580758,0.0,0.0,-0.00580758
M,0.0,0.0,0.0,0.0
M,0.0,0.0,0.0,0.0
M,0.0,0.0,0.0,0.0
M,0.0,0.0,0.0,0.0
M,0.0,0.0,0.0,0.0
M,0.0,0.0,0.0,0.0
M,-0.0111325,0.0,0.0,-0.0111325
M,0.0,0.0,0.0,0.0
M,0.0,0.0,0.0,0.0
M,0.0,0.0,0.0,0.0
M,0.0,0.0,0.0,0.0
M,0.0,0.0,0.0,0.0
M,0.0227348,0.0,0.0,0.0227348
M,0.0,0.0,0.0,0.0
M,0.0,0.0,0.0,0.0
M,0.0,0.0,0.0,0.0
M,0.0,0.0,0.0,0.0
M,0.0,0.0,0.0,0.0
M,-0.0849985,0.0,0.0,-0.0849985
M,0.131292,0.0,0.0,0.131292
M,0.0,0.0,0.0,0.0
M,0.0,0.0,0.0,0.0
M,0.0,0.0,0.0,0.0
M,0.0,0.0,0.0,0.0
M,0.0,0.0,0.0,0.0
M,0.0,0.0,0.0,0.0
M,0.0,0.0,0.0,0.0
M,0.0,0.0,0.0,0.0
M,0.0,0.0,0.0,0.0
M,0.0,0.0,0.0,0.0
M,0.0,0.0,0.0,0.0
M,0.0,0.0,0.0,0.0
M,0.0,0.0,0.0,0.0
M,0.0,0.0,0.0,0.0
M,0.0,0.0,0.0,0.0
M,0.0,0.0,0.0,0.0
M,0.0,0.0,0.0,0.0
M,-0.025228,0.0,0.0,-0.025228
M,0.0,0.0,0.0,0.0
M,0.0,0.0,0.0,0.0
M,0.0,0.0,0.0,0.0
M,0.0,0.0,0.0,0.0
M,0.0,0.0,0.0,0.0
M,0.0380271,0.0,0.0,0.0380271
M,0.0,0.0,0.0,0.0
M,0.0,0.0,0.0,0.0
M,0.0,0.0,0.0,0.0
M,0.0,0.0,0.0,0.0
M,0.0,0.0,0.0,0.0
M,0.0,0.0,0.0,0.0
M,0.0,0.0,0.0,0.0
M,0.0700318,0.0,0.0,0.0700318
M,0.0,0.0,0.0,0.0
M,0.0,0.0,0.0,0.0
M,0.0,0.0,0.0,0.0
M,0.0,0.0,0.0,0.0
M,0.0,0.0,0.0,0.0
M,0.0,0.0,0.0,0.0
M,0.0,0.0,0.0,0.0
M,-0.0110917,0.0,0.0,-0.0110917
M,0.0,0.0,0.0,0.0
M,0.0,0.0,0.0,0.0
M,0.0,0.0,0.0,0.0
M,0.0,0.0,0.0,0.0
M,0.0,0.0,0.0,0.0
M,0.0,0.0,0.0,0.0
M,0.0,0.0,0.0,0.0
M,0.0,0.0,0.0,0.0
M,0.0,0.0,0.0,0.0
M,0.0,0.0,0.0,0.0
M,0.0,0.0,0.0,0.0
M,0.0,0.0,0.0,0.0
M,0.0,0.0,0.0,0.0
M,0.0,0.0,0.0,0.0
M,0.0,0.0,0.0,0.0
M,0.0,0.0,0.0,0.0
M,0.0,0.0,0.0,0.0
M,-0.0184627,0.0,0.0,-0.0184627
M,0.0,0.0,0.0,0.0
M,0.0,0.0,0.0,0.0
M,-0.0425337,0.0,0.0,-0.0425337
M,0.0,0.0,0.0,0.0
M,0.0,0.0,0.0,0.0
M,-0.0374954,0.0,0.0,-0.0374954
M,-0.00921854,0.0,0.0,-0.00921854
M,0.0,0.0,0.0,0.0
M,0.0,0.0,0.0,0.0
M,0.0649735,0.0,0.0,0.0649735
M,0.0,0.0,0.0,0.0
M,0.0,0.0,0.0,0.0
M,-0.00232676,0.0,0.0,-0.00232676
M,0.0,0.0,0.0,0.0
M,0.0223166,0.0,0.0,0.0223166
M,0.0356229,0.0,0.0,0.0356229
M,0.0377509,0.0,0.0,0.0377509
M,0.0,0.0,0.0,0.0
M,0.0,0.0,0.0,0.0
M,0.0,0.0,0.0,0.0
M,0.0,0.0,0.0,0.0
M,0.0384885,0.0,0.0,0.0384885
M,0.0,0.0,0.0,0.0
M,0.0,0.0,0.0,0.0
M,0.0,0.0,0.0,0.0
M,0.0397679,0.0,0.0,0.0397679
M,-0.0258564,0.0,0.0,-0.0258564
M,0.0,0.0,0.0,0.0
M,0.0,0.0,0.0,0.0
M,0.0384885,0.0,0.0,0.0384885
M,0.0,0.0,0.0,0.0
M,0.0,0.0,0.0,0.0
M,-0.0111637,0.0,0.0,-0.0111637
