F,0.184824,-0.179747,-0.179747,0.00507689
F,0.100892,-0.115231,-0.115231,-0.014339
F,0.0960186,-0.163523,-0.163523,-0.0675045
F,-0.038218,-0.0605462,-0.0605462,-0.0987642
F,0.0366347,-0.126076,-0.126076,-0.0894417
F,-0.123108,-0.0939089,-0.0939089,-0.217016
F,0.166817,-0.163523,-0.163523,0.00329374
F,0.0839806,-0.163523,-0.163523,-0.0795425
F,0.159518,-0.128938,-0.128938,0.0305799
F,-0.000945267,-0.115231,-0.115231,-0.116176
F,-0.0167308,-0.126076,-0.126076,-0.142807
F,0.222795,-0.115231,-0.115231,0.107564
F,0.50948,-0.0605462,-0.0605462,0.448934
F,0.0456308,-0.164329,-0.164329,-0.118699
F,0.0785002,-0.147891,-0.147891,-0.0693907
F,0.20899,-0.133295,-0.133295,0.0756945
F,0.195675,-0.094254,-0.094254,0.101421
F,0.239026,-0.17516,-0.17516,0.0638663
F,0.20801,-0.108996,-0.108996,0.0990139
F,0.0252172,-0.105791,-0.105791,-0.0805739
F,0.115206,-0.155248,-0.155248,-0.0400421
F,0.593225,-0.128938,-0.128938,0.464287
F,0.284244,-0.103571,-0.103571,0.180673
F,-0.117944,-0.081756,-0.081756,-0.1997
F,0.308659,-0.179747,-0.179747,0.128912
F,0.250046,-0.128938,-0.128938,0.121108
F,-0.207677,-0.179747,-0.179747,-0.387424
F,0.407323,-0.126076,-0.126076,0.281247
F,0.445133,-0.191228,-0.191228,0.253905
F,0.193172,-0.179747,-0.179747,0.0134243
F,0.375933,-0.126076,-0.126076,0.249856
F,-0.223968,-0.0939089,-0.0939089,-0.317876
F,0.318782,-0.126076,-0.126076,0.192705
F,-0.318658,-0.0939089,-0.0939089,-0.412567
F,0.04021,-0.179747,-0.179747,-0.139537
F,0.0212043,-0.126076,-0.126076,-0.104872
F,0.221687,-0.147891,-0.147891,0.0737957
F,0.0690435,-0.074186,-0.074186,-0.00514255
F,0.00578101,-0.108996,-0.108996,-0.103215
F,-0.286759,-0.0939089,-0.0939089,-0.380668
F,0.585752,-0.0605462,-0.0605462,0.525206
F,0.38822,-0.163523,-0.163523,0.224697
F,0.282001,-0.191228,-0.191228,0.0907731
F,0.0692301,-0.163523,-0.163523,-0.094293
F,0.146181,-0.126076,-0.126076,0.0201041
F,0.00313668,-0.0939089,-0.0939089,-0.0907722
F,0.011768,-0.15497,-0.15497,-0.143202
F,0.207977,-0.0939089,-0.0939089,0.114068
F,0.0707005,-0.187191,-0.187191,-0.116491
F,0.0123465,-0.139293,-0.139293,-0.126947
F,-0.135583,-0.147891,-0.147891,-0.283474
F,-0.0542735,-0.108996,-0.108996,-0.16327
F,0.347031,-0.0605462,-0.0605462,0.286485
F,0.0211094,-0.0564525,-0.0564525,-0.0353431
F,-0.411191,-0.17516,-0.17516,-0.586351
F,0.252117,-0.109224,-0.109224,0.142893
F,0.0510031,-0.0605462,-0.0605462,-0.00954306
F,0.177421,-0.074186,-0.074186,0.103235
F,0.110942,-0.0939089,-0.0939089,0.0170327
F,0.0486738,-0.17516,-0.17516,-0.126486
F,0.126088,-0.126076,-0.126076,1.2007e-05
F,-0.0957558,-0.126076,-0.126076,-0.221832
F,0.216889,-0.179747,-0.179747,0.0371414
F,0.368398,-0.115231,-0.115231,0.253167
F,0.0973315,-0.126076,-0.126076,-0.0287449
F,0.511276,-0.0939089,-0.0939089,0.417367
F,0.126629,-0.179747,-0.179747,-0.0531185
F,0.126328,-0.126076,-0.126076,0.000251447
F,0.21348,-0.179747,-0.179747,0.0337328
F,0.157953,-0.147891,-0.147891,0.0100618
F,0.053009,-0.179747,-0.179747,-0.126738
F,0.572735,-0.131146,-0.131146,0.441589
F,-0.415607,-0.133295,-0.133295,-0.548902
F,0.148254,-0.191228,-0.191228,-0.0429744
F,-0.0481087,-0.179747,-0.179747,-0.227856
F,0.199556,-0.126076,-0.126076,0.0734794
F,0.255561,-0.179747,-0.179747,0.0758136
F,0.332685,-0.0939089,-0.0939089,0.238776
F,0.37021,-0.126076,-0.126076,0.244134
F,0.187259,-0.108996,-0.108996,0.0782627
F,0.738798,-0.126076,-0.126076,0.612721
F,0.0704244,-0.120452,-0.120452,-0.0500275
F,-0.0280236,-0.108996,-0.108996,-0.13702
F,0.474258,-0.126076,-0.126076,0.348182
F,0.0648817,-0.126076,-0.126076,-0.0611948
F,-0.0282618,-0.0939089,-0.0939089,-0.122171
F,0.160403,-0.128938,-0.128938,0.0314649
F,0.301133,-0.0605462,-0.0605462,0.240587
F,-0.0956508,-0.179747,-0.179747,-0.275398
F,0.0917126,-0.164329,-0.164329,-0.0726168
F,0.0373082,-0.126076,-0.126076,-0.0887682
F,0.127187,-0.0939089,-0.0939089,0.0332777
F,0.388045,-0.126076,-0.126076,0.261969
F,-0.0306631,-0.17516,-0.17516,-0.205823
F,0.227056,-0.17516,-0.17516,0.0518962
F,-0.106615,-0.126076,-0.126076,-0.232692
F,-0.0501171,-0.0939089,-0.0939089,-0.144026
F,0.0458747,-0.163523,-0.163523,-0.117648
F,-0.00657014,-0.187191,-0.187191,-0.193762
F,0.231519,-0.074186,-0.074186,0.157333
F,-0.139338,-0.155248,-0.155248,-0.294586
F,-0.150531,-0.0605462,-0.0605462,-0.211077
F,0.301755,-0.179747,-0.179747,0.122008
F,-0.0939053,-0.0939089,-0.0939089,-0.187814
F,-0.0664937,-0.0605462,-0.0605462,-0.12704
F,0.26263,-0.126076,-0.126076,0.136554
F,0.196462,-0.139293,-0.139293,0.0571692
F,0.260763,-0.120452,-0.120452,0.140311
F,0.336741,-0.133295,-0.133295,0.203446
F,0.44085,-0.126076,-0.126076,0.314774
F,-0.129041,-0.115231,-0.115231,-0.244272
F,0.0610163,-0.126076,-0.126076,-0.0650602
F,0.122223,-0.112675,-0.112675,0.00954882
F,-0.0944107,-0.0939089,-0.0939089,-0.18832
F,0.34673,-0.15497,-0.15497,0.19176
F,-0.0356484,-0.0939089,-0.0939089,-0.129557
F,-0.169343,-0.191228,-0.191228,-0.360571
F,-0.0265824,-0.007826,-0.007826,-0.0344084
F,0.315868,-0.17516,-0.17516,0.140708
F,0.216427,-0.191228,-0.191228,0.0251984
F,0.40771,-0.179747,-0.179747,0.227962
F,0.0775923,-0.108996,-0.108996,-0.0314037
F,0.150634,-0.179747,-0.179747,-0.0291134
F,-0.0966196,-0.126076,-0.126076,-0.222696
F,-0.175411,-0.17516,-0.17516,-0.350571
F,-0.116838,-0.0939089,-0.0939089,-0.210747
F,-0.0952378,-0.191228,-0.191228,-0.286466
F,0.140933,-0.126076,-0.126076,0.0148563
F,-0.141082,-0.0605462,-0.0605462,-0.201628
F,-0.0572674,-0.179747,-0.179747,-0.237015
F,0.00428001,-0.0605462,-0.0605462,-0.0562662
F,0.0390472,-0.17516,-0.17516,-0.136113
F,0.139343,-0.0605462,-0.0605462,0.0787966
F,0.065721,-0.0939089,-0.0939089,-0.0281879
F,0.241583,-0.126076,-0.126076,0.115506
F,-0.0352032,-0.126076,-0.126076,-0.16128
F,0.36986,-0.179747,-0.179747,0.190112
F,0.0322634,-0.103571,-0.103571,-0.0713078
F,0.0765596,-0.094254,-0.094254,-0.0176945
F,0.0462795,-0.128938,-0.128938,-0.0826587
F,0.35192,-0.128938,-0.128938,0.222982
F,0.044081,-0.112675,-0.112675,-0.0685936
F,0.350592,-0.115231,-0.115231,0.235361
F,-0.128424,-0.163523,-0.163523,-0.291947
F,0.115784,-0.126076,-0.126076,-0.0102925
F,0.182817,-0.0939089,-0.0939089,0.0889077
F,0.456311,-0.126076,-0.126076,0.330234
F,0.328693,-0.126076,-0.126076,0.202617
F,0.039709,-0.105791,-0.105791,-0.0660821
F,0.0243214,-0.0939089,-0.0939089,-0.0695874
F,0.476469,-0.191228,-0.191228,0.285241
F,0.0531395,-0.105791,-0.105791,-0.0526516
F,0.174783,-0.191228,-0.191228,-0.0164453
F,0.103381,-0.094254,-0.094254,0.0091266
F,0.0951252,-0.0939089,-0.0939089,0.00121635
F,0.0877777,-0.191228,-0.191228,-0.10345
F,0.00619472,-0.126076,-0.126076,-0.119882
F,0.3142,-0.163523,-0.163523,0.150677
F,0.216565,-0.179747,-0.179747,0.036818
F,-0.231611,-0.126076,-0.126076,-0.357688
F,0.0327448,-0.115231,-0.115231,-0.082486
F,0.0128361,-0.179747,-0.179747,-0.166911
F,0.419267,-0.128938,-0.128938,0.290329
F,0.547998,-0.128938,-0.128938,0.41906
F,0.339406,-0.115231,-0.115231,0.224175
F,0.234926,-0.191228,-0.191228,0.0436983
F,0.0488307,-0.17516,-0.17516,-0.126329
F,0.11501,-0.17516,-0.17516,-0.0601498
F,0.292615,-0.191228,-0.191228,0.101387
F,0.310389,-0.147891,-0.147891,0.162498
F,0.174388,-0.126076,-0.126076,0.0483111
F,-0.0597049,-0.126076,-0.126076,-0.185781
F,0.232851,-0.163523,-0.163523,0.069328
F,-0.413579,-0.128938,-0.128938,-0.542517
F,0.252305,-0.0939089,-0.0939089,0.158396
F,0.0147569,-0.191228,-0.191228,-0.176471
F,0.333987,-0.108996,-0.108996,0.224991
F,0.305797,-0.126076,-0.126076,0.17972
F,-0.00330161,-0.105791,-0.105791,-0.109093
F,0.00584204,-0.126076,-0.126076,-0.120234
F,0.0904219,-0.0939089,-0.0939089,-0.00348699
F,0.381462,-0.17516,-0.17516,0.206302
F,0.427581,-0.0939089,-0.0939089,0.333672
F,0.174654,-0.191228,-0.191228,-0.0165739
F,0.248661,-0.126076,-0.126076,0.122584
F,0.0270939,-0.126076,-0.126076,-0.0989826
F,0.363075,-0.163523,-0.163523,0.199552
F,-0.0115977,-0.0939089,-0.0939089,-0.105507
F,-0.168694,-0.115231,-0.115231,-0.283925
F,0.335683,-0.0605462,-0.0605462,0.275137
F,0.246793,-0.0939089,-0.0939089,0.152884
F,0.0254797,-0.0939089,-0.0939089,-0.0684292
F,0.101777,-0.105791,-0.105791,-0.00401399
F,-0.123268,-0.207716,-0.207716,-0.330983
F,0.127001,-0.0939089,-0.0939089,0.0330919
F,0.309207,-0.0939089,-0.0939089,0.215299
F,0.198819,-0.133295,-0.133295,0.0655238
F,0.12275,-0.103571,-0.103571,0.0191787
F,-0.0523108,-0.126076,-0.126076,-0.178387
F,0.0579502,-0.105791,-0.105791,-0.0478409
F,-0.00412992,-0.17516,-0.17516,-0.17929
F,0.152853,-0.0605462,-0.0605462,0.0923069
F,0.353235,-0.074186,-0.074186,0.279049
F,0.331023,-0.0939089,-0.0939089,0.237114
F,-0.149762,-0.179747,-0.179747,-0.329509
F,0.411377,-0.108996,-0.108996,0.302381
F,0.41471,-0.126076,-0.126076,0.288633
F,0.224733,-0.081756,-0.081756,0.142977
F,0.294775,-0.179747,-0.179747,0.115027
F,0.0254499,-0.179747,-0.179747,-0.154298
F,0.258283,-0.126076,-0.126076,0.132207
F,0.295517,-0.081756,-0.081756,0.213761
F,0.667774,-0.147891,-0.147891,0.519883
F,0.221666,-0.126076,-0.126076,0.0955891
F,0.20582,-0.126076,-0.126076,0.0797439
F,0.246234,-0.126076,-0.126076,0.120158
F,-0.247236,-0.128938,-0.128938,-0.376174
F,0.459034,-0.126076,-0.126076,0.332958
F,0.278727,-0.0939089,-0.0939089,0.184818
F,0.463053,-0.191228,-0.191228,0.271825
F,0.222894,-0.17516,-0.17516,0.047734
F,0.331401,-0.187191,-0.187191,0.144209
F,-0.156002,-0.17516,-0.17516,-0.331162
F,0.020362,-0.0939089,-0.0939089,-0.0735469
F,0.501156,-0.0939089,-0.0939089,0.407248
F,0.0642931,-0.126076,-0.126076,-0.0617834
F,-0.0572336,-0.103753,-0.103753,-0.160986
F,0.18712,-0.126076,-0.126076,0.0610431
F,0.423211,-0.179747,-0.179747,0.243463
F,0.601849,-0.17516,-0.17516,0.426689
F,-0.108966,-0.126076,-0.126076,-0.235043
F,0.16421,-0.0605462,-0.0605462,0.103663
F,0.113572,-0.115231,-0.115231,-0.00165929
F,0.233979,-0.179747,-0.179747,0.0542311
F,0.102638,-0.081756,-0.081756,0.020882
F,0.298513,-0.128938,-0.128938,0.169575
F,0.341617,-0.191228,-0.191228,0.150389
F,0.337027,-0.126076,-0.126076,0.210951
F,0.18425,-0.126076,-0.126076,0.0581738
F,-0.538629,-0.17516,-0.17516,-0.713789
F,0.390143,-0.126076,-0.126076,0.264066
F,-0.0229459,-0.17516,-0.17516,-0.198106
F,0.184877,-0.191228,-0.191228,-0.00635086
F,-0.0254287,-0.163523,-0.163523,-0.188952
F,0.224181,-0.0974241,-0.0974241,0.126757
F,0.199774,-0.187191,-0.187191,0.0125828
F,0.172042,-0.163523,-0.163523,0.00851861
F,0.158246,-0.126076,-0.126076,0.0321694
F,0.12122,-0.163523,-0.163523,-0.0423028
F,0.108484,-0.179747,-0.179747,-0.0712631
F,0.239002,-0.126076,-0.126076,0.112925
F,0.0116328,-0.0605462,-0.0605462,-0.0489134
F,0.0229074,-0.115231,-0.115231,-0.0923234
F,0.0554562,-0.128938,-0.128938,-0.073482
F,0.0163639,-0.191228,-0.191228,-0.174864
F,0.152477,-0.0939089,-0.0939089,0.058568
F,-0.131785,-0.126076,-0.126076,-0.257861
F,-0.245263,-0.115231,-0.115231,-0.360493
F,-0.0293252,-0.191228,-0.191228,-0.220553
F,0.350254,-0.179747,-0.179747,0.170507
F,0.138823,-0.126076,-0.126076,0.0127468
F,0.604926,-0.191228,-0.191228,0.413697
F,0.154008,-0.17516,-0.17516,-0.0211517
F,0.249092,-0.105791,-0.105791,0.143301
F,0.310009,-0.105791,-0.105791,0.204218
F,-0.0165425,-0.126076,-0.126076,-0.142619
F,-0.281272,-0.0939089,-0.0939089,-0.375181
F,0.236544,-0.105791,-0.105791,0.130753
F,0.0447209,-0.103753,-0.103753,-0.0590316
F,0.0398689,-0.126076,-0.126076,-0.0862075
F,0.354719,-0.191228,-0.191228,0.163491
F,0.0578481,-0.179747,-0.179747,-0.121899
F,0.148675,-0.17516,-0.17516,-0.0264844
F,0.15592,-0.126076,-0.126076,0.0298438
F,0.0100393,-0.191228,-0.191228,-0.181189
F,0.1341,-0.120452,-0.120452,0.0136485
F,0.00916419,-0.163523,-0.163523,-0.154359
F,0.190504,-0.081756,-0.081756,0.108748
F,0.122796,-0.0473943,-0.0473943,0.0754017
F,-0.468942,-0.191228,-0.191228,-0.66017
F,-0.294011,-0.126076,-0.126076,-0.420087
F,-0.0799151,-0.126076,-0.126076,-0.205992
F,0.143758,-0.187191,-0.187191,-0.0434333
F,0.14631,-0.126076,-0.126076,0.0202337
F,0.222048,-0.131146,-0.131146,0.0909017
F,0.144761,-0.128938,-0.128938,0.0158225
F,0.307654,-0.163523,-0.163523,0.144131
F,-0.20832,-0.17516,-0.17516,-0.38348
F,0.0260575,-0.126076,-0.126076,-0.100019
F,0.130715,-0.15497,-0.15497,-0.0242552
F,0.127553,-0.147891,-0.147891,-0.0203376
F,0.199452,-0.115231,-0.115231,0.0842209
F,-0.0412376,-0.138961,-0.138961,-0.180198
F,0.135245,-0.163523,-0.163523,-0.0282786
F,-0.286494,-0.17516,-0.17516,-0.461654
F,-0.119519,-0.094254,-0.094254,-0.213773
F,-0.123541,-0.0564525,-0.0564525,-0.179994
F,0.191425,-0.0939089,-0.0939089,0.0975164
F,0.248239,-0.0939089,-0.0939089,0.154331
F,-0.16321,-0.163523,-0.163523,-0.326733
F,0.451405,-0.17516,-0.17516,0.276246
F,-0.0202533,-0.126076,-0.126076,-0.14633
F,0.110521,-0.179747,-0.179747,-0.0692261
F,0.269066,-0.17516,-0.17516,0.0939066
F,0.41033,-0.103571,-0.103571,0.306759
F,-0.0554904,-0.207716,-0.207716,-0.263206
F,0.0473159,-0.179747,-0.179747,-0.132432
F,0.318345,-0.17516,-0.17516,0.143185
F,0.0652006,-0.094254,-0.094254,-0.0290534
F,0.114936,-0.0939089,-0.0939089,0.0210276
F,0.0501198,-0.147891,-0.147891,-0.0977711
F,-0.0843774,-0.126076,-0.126076,-0.210454
F,0.322998,-0.191228,-0.191228,0.13177
F,0.507365,-0.115231,-0.115231,0.392134
F,0.22617,-0.103753,-0.103753,0.122418
F,-0.243013,-0.179747,-0.179747,-0.42276
F,0.0263534,-0.126076,-0.126076,-0.0997231
F,0.0955225,-0.126076,-0.126076,-0.030554
F,-0.0724585,-0.126076,-0.126076,-0.198535
F,0.136657,-0.0605462,-0.0605462,0.0761104
F,-0.0918781,-0.115231,-0.115231,-0.207109
F,0.147646,-0.133295,-0.133295,0.0143511
F,-0.229197,-0.103753,-0.103753,-0.33295
F,-0.0440746,-0.179747,-0.179747,-0.223822
F,0.122376,-0.108996,-0.108996,0.0133797
F,0.200742,-0.126076,-0.126076,0.0746656
F,0.346028,-0.179747,-0.179747,0.16628
F,-0.00955613,-0.126076,-0.126076,-0.135633
F,-0.0916803,-0.105791,-0.105791,-0.197471
F,0.247051,-0.126076,-0.126076,0.120975
F,0.110707,-0.126076,-0.126076,-0.0153697
F,-0.113438,-0.108996,-0.108996,-0.222434
F,-0.00456111,-0.0939089,-0.0939089,-0.09847
F,-0.0248511,-0.105791,-0.105791,-0.130642
F,0.0406915,-0.108996,-0.108996,-0.0683045
F,-0.0574038,-0.179747,-0.179747,-0.237151
F,0.529894,-0.128938,-0.128938,0.400956
F,0.19532,-0.126076,-0.126076,0.0692431
F,0.0940938,-0.126076,-0.126076,-0.0319826
F,0.32321,-0.126076,-0.126076,0.197134
F,0.0739831,-0.0939089,-0.0939089,-0.0199257
F,-0.106698,-0.128938,-0.128938,-0.235636
F,-0.268508,-0.126076,-0.126076,-0.394585
F,-0.335884,-0.007826,-0.007826,-0.34371
F,0.00661207,-0.17516,-0.17516,-0.168548
F,-0.107661,-0.128938,-0.128938,-0.236599
F,-0.104653,-0.133295,-0.133295,-0.237948
F,0.0913103,-0.103571,-0.103571,-0.0122609
F,0.253288,-0.126076,-0.126076,0.127211
F,-0.0589133,-0.105791,-0.105791,-0.164704
F,0.0396627,-0.179747,-0.179747,-0.140085
F,-0.0147025,-0.115231,-0.115231,-0.129933
F,0.0768882,-0.115231,-0.115231,-0.0383426
F,0.332195,-0.17516,-0.17516,0.157035
F,-0.0753368,-0.128938,-0.128938,-0.204275
F,0.0822145,-0.179747,-0.179747,-0.0975329
F,0.516284,-0.179747,-0.179747,0.336536
F,0.244793,-0.129056,-0.129056,0.115737
F,0.196907,-0.103753,-0.103753,0.0931545
F,0.306174,-0.0605462,-0.0605462,0.245627
F,0.151261,-0.0605462,-0.0605462,0.0907147
F,0.0748841,-0.179747,-0.179747,-0.104863
F,-0.0169971,-0.17516,-0.17516,-0.192157
F,0.0724897,-0.094254,-0.094254,-0.0217644
F,-0.0692942,-0.108996,-0.108996,-0.17829
F,0.143175,-0.115231,-0.115231,0.0279443
F,-0.0799508,-0.17516,-0.17516,-0.255111
F,0.217706,-0.179747,-0.179747,0.0379585
F,0.0602597,-0.081756,-0.081756,-0.0214964
F,0.242502,-0.128938,-0.128938,0.113564
F,-0.168849,-0.115231,-0.115231,-0.28408
F,0.00723489,-0.128938,-0.128938,-0.121703
F,-0.00102967,-0.17516,-0.17516,-0.17619
F,0.127036,-0.0473943,-0.0473943,0.0796412
F,0.286025,-0.0939089,-0.0939089,0.192116
F,0.465654,-0.133295,-0.133295,0.332359
F,0.186208,-0.0939089,-0.0939089,0.0922996
F,-0.0575412,-0.105791,-0.105791,-0.163332
F,-0.101701,-0.126076,-0.126076,-0.227778
F,0.498338,-0.128938,-0.128938,0.369399
F,-0.0780613,-0.155248,-0.155248,-0.233309
F,0.27599,-0.126076,-0.126076,0.149913
F,0.292931,-0.097166,-0.097166,0.195765
F,-0.129922,-0.128938,-0.128938,-0.25886
F,0.128655,-0.163523,-0.163523,-0.0348681
F,0.116898,-0.179747,-0.179747,-0.0628492
F,0.0835283,-0.17516,-0.17516,-0.0916315
F,0.0885921,-0.0939089,-0.0939089,-0.0053168
F,-0.145068,-0.163523,-0.163523,-0.308591
F,0.226021,-0.126076,-0.126076,0.0999443
F,0.524432,-0.187191,-0.187191,0.337241
F,0.194743,-0.0605462,-0.0605462,0.134197
F,0.104182,-0.163523,-0.163523,-0.0593412
F,0.241627,-0.126076,-0.126076,0.11555
F,0.259174,-0.081756,-0.081756,0.177418
F,0.166184,-0.007826,-0.007826,0.158358
F,0.0196223,-0.128938,-0.128938,-0.109316
F,0.29383,-0.108996,-0.108996,0.184834
F,-0.0807959,-0.115231,-0.115231,-0.196027
F,0.191762,-0.179747,-0.179747,0.0120143
F,0.39896,-0.126076,-0.126076,0.272883
F,0.281765,-0.191228,-0.191228,0.0905367
F,-0.085031,-0.17516,-0.17516,-0.260191
F,-0.273124,-0.126076,-0.126076,-0.399201
F,0.126474,-0.126076,-0.126076,0.000397718
F,0.520809,-0.115231,-0.115231,0.405578
F,0.377644,-0.115231,-0.115231,0.262413
F,-0.182041,-0.128938,-0.128938,-0.310979
F,0.280326,-0.115231,-0.115231,0.165095
F,-0.0496891,-0.191228,-0.191228,-0.240917
F,0.183045,-0.17516,-0.17516,0.0078856
F,0.205321,-0.163523,-0.163523,0.0417979
F,0.121949,-0.163523,-0.163523,-0.041574
F,0.0330206,-0.126076,-0.126076,-0.0930558
F,0.570702,-0.179747,-0.179747,0.390955
F,0.320386,-0.207716,-0.207716,0.112671
F,0.0597797,-0.163523,-0.163523,-0.103743
F,0.197829,-0.164329,-0.164329,0.0334995
F,0.177909,-0.17516,-0.17516,0.00274911
F,0.20854,-0.179747,-0.179747,0.0287922
F,0.0625104,-0.0939089,-0.0939089,-0.0313984
F,0.22358,-0.179747,-0.179747,0.0438326
F,0.394866,-0.126076,-0.126076,0.268789
F,0.192497,-0.163523,-0.163523,0.0289743
F,0.136527,-0.187191,-0.187191,-0.0506639
F,0.409483,-0.126076,-0.126076,0.283407
F,0.45084,-0.131146,-0.131146,0.319694
F,0.0367129,-0.108996,-0.108996,-0.0722831
F,-0.165582,-0.126076,-0.126076,-0.291659
F,0.164873,-0.120452,-0.120452,0.0444207
F,0.0121459,-0.0605462,-0.0605462,-0.0484003
F,-0.143466,-0.0939089,-0.0939089,-0.237375
F,0.295377,-0.155248,-0.155248,0.140129
F,0.0413013,-0.007826,-0.007826,0.0334753
F,0.0472358,-0.128938,-0.128938,-0.0817024
F,0.238444,-0.126076,-0.126076,0.112367
F,0.108621,-0.0939089,-0.0939089,0.0147124
F,0.255646,-0.105791,-0.105791,0.149855
F,0.0454884,-0.128938,-0.128938,-0.0834498
F,0.257342,-0.0939089,-0.0939089,0.163433
F,0.173235,-0.163523,-0.163523,0.00971231
F,0.01993,-0.126076,-0.126076,-0.106146
F,0.307901,-0.179747,-0.179747,0.128153
F,0.309145,-0.094254,-0.094254,0.214891
F,0.00177382,-0.179747,-0.179747,-0.177974
F,0.305591,-0.191228,-0.191228,0.114363
F,0.174967,-0.133295,-0.133295,0.0416718
F,-0.154888,-0.0564525,-0.0564525,-0.21134
F,0.118436,-0.0721785,-0.0721785,0.0462576
F,0.307447,-0.126076,-0.126076,0.181371
F,0.0967371,-0.0939089,-0.0939089,0.00282822
F,0.256508,-0.126076,-0.126076,0.130431
F,0.0322218,-0.0939089,-0.0939089,-0.0616871
F,0.0425051,-0.0939089,-0.0939089,-0.0514038
F,0.234296,-0.0939089,-0.0939089,0.140388
F,0.0501535,-0.163523,-0.163523,-0.11337
F,0.259554,-0.109224,-0.109224,0.150329
F,-0.213105,-0.131146,-0.131146,-0.344251
F,0.403442,-0.147891,-0.147891,0.255551
F,0.566922,-0.0939089,-0.0939089,0.473013
F,0.00728924,-0.103571,-0.103571,-0.096282
F,0.519416,-0.163523,-0.163523,0.355893
F,0.286262,-0.112675,-0.112675,0.173587
F,0.0129912,-0.126076,-0.126076,-0.113085
F,0.482258,-0.103753,-0.103753,0.378505
F,0.302236,-0.094254,-0.094254,0.207982
F,0.220354,-0.147891,-0.147891,0.0724635
F,0.0366533,-0.191228,-0.191228,-0.154575
F,0.0584274,-0.097166,-0.097166,-0.0387386
F,0.196375,-0.163523,-0.163523,0.0328517
F,-0.0148315,-0.126076,-0.126076,-0.140908
F,0.0408397,-0.0939089,-0.0939089,-0.0530692
F,0.223741,-0.126076,-0.126076,0.0976641
F,0.171057,-0.179747,-0.179747,-0.00869063
F,-0.108392,-0.126076,-0.126076,-0.234469
F,0.379164,-0.179747,-0.179747,0.199417
F,0.295745,-0.126076,-0.126076,0.169669
F,-0.0290515,-0.115231,-0.115231,-0.144282
F,0.442931,-0.0939089,-0.0939089,0.349022
F,0.341861,-0.179747,-0.179747,0.162113
F,0.242229,-0.0939089,-0.0939089,0.14832
F,0.188328,-0.133295,-0.133295,0.0550329
F,0.176336,-0.103571,-0.103571,0.0727649
F,0.084158,-0.0721785,-0.0721785,0.0119795
F,0.223406,-0.081756,-0.081756,0.14165
F,0.293391,-0.126076,-0.126076,0.167314
F,-0.114909,-0.0939089,-0.0939089,-0.208818
F,-0.128461,-0.128938,-0.128938,-0.2574
F,0.00396448,-0.147891,-0.147891,-0.143926
F,-0.0878708,-0.126076,-0.126076,-0.213947
F,-0.0552196,-0.128938,-0.128938,-0.184158
F,0.224989,-0.131146,-0.131146,0.0938422
F,0.305551,-0.191228,-0.191228,0.114323
F,0.0810663,-0.126076,-0.126076,-0.0450102
F,0.165919,-0.126076,-0.126076,0.0398429
F,0.276032,-0.115231,-0.115231,0.160802
F,0.664117,-0.112675,-0.112675,0.551443
F,0.302084,-0.126076,-0.126076,0.176008
F,0.03207,-0.074186,-0.074186,-0.042116
F,0.129667,-0.118825,-0.118825,0.0108423
F,0.0811357,-0.191228,-0.191228,-0.110092
F,0.0623007,-0.179747,-0.179747,-0.117447
F,0.053254,-0.179747,-0.179747,-0.126493
F,0.0745462,-0.128938,-0.128938,-0.054392
F,0.314946,-0.128938,-0.128938,0.186008
F,0.0319006,-0.133295,-0.133295,-0.101395
F,0.236742,-0.108996,-0.108996,0.127746
F,0.159896,-0.207716,-0.207716,-0.0478197
F,0.294843,-0.126076,-0.126076,0.168767
F,0.239766,-0.108996,-0.108996,0.13077
F,0.0681579,-0.187191,-0.187191,-0.119033
F,0.385827,-0.0721785,-0.0721785,0.313649
F,0.292442,-0.0939089,-0.0939089,0.198533
F,-0.015279,-0.0939089,-0.0939089,-0.109188
F,-0.0984568,-0.126076,-0.126076,-0.224533
F,0.0851649,-0.126076,-0.126076,-0.0409116
F,0.120652,-0.126076,-0.126076,-0.00542429
F,-0.214003,-0.187191,-0.187191,-0.401194
F,-0.0882471,-0.0939089,-0.0939089,-0.182156
F,0.0744459,-0.0939089,-0.0939089,-0.019463
F,0.315637,-0.126076,-0.126076,0.18956
F,0.375442,-0.0939089,-0.0939089,0.281533
F,0.347128,-0.17516,-0.17516,0.171968
F,-0.0849361,-0.115231,-0.115231,-0.200167
F,-0.352951,-0.0939089,-0.0939089,-0.44686
F,-0.0501609,-0.147891,-0.147891,-0.198052
F,0.283434,-0.147891,-0.147891,0.135543
F,0.0616283,-0.0283817,-0.0283817,0.0332465
F,0.16944,-0.081756,-0.081756,0.0876838
F,0.219166,-0.126076,-0.126076,0.0930897
F,0.132449,-0.126076,-0.126076,0.00637303
F,0.230092,-0.0939089,-0.0939089,0.136183
F,0.247645,-0.0939089,-0.0939089,0.153737
F,0.346834,-0.0473943,-0.0473943,0.29944
F,0.215361,-0.105791,-0.105791,0.10957
F,0.0499131,-0.0283817,-0.0283817,0.0215314
F,-0.00258552,-0.0939089,-0.0939089,-0.0964944
F,0.187483,-0.128938,-0.128938,0.0585453
F,0.100727,-0.081756,-0.081756,0.0189714
F,-0.233438,-0.191228,-0.191228,-0.424667
F,-0.0579543,-0.126076,-0.126076,-0.184031
F,0.0323673,-0.179747,-0.179747,-0.14738
F,0.365956,-0.179747,-0.179747,0.186208
F,0.291568,-0.126076,-0.126076,0.165491
F,0.320848,-0.17516,-0.17516,0.145688
F,0.0566782,-0.179747,-0.179747,-0.123069
F,0.238228,-0.0605462,-0.0605462,0.177682
F,0.039334,-0.179747,-0.179747,-0.140413
F,0.282113,-0.115231,-0.115231,0.166882
F,0.321272,-0.0939089,-0.0939089,0.227363
F,-0.0160034,-0.0605462,-0.0605462,-0.0765496
F,0.0699719,-0.126076,-0.126076,-0.0561045
F,0.277159,-0.126076,-0.126076,0.151083
F,-0.0887602,-0.126076,-0.126076,-0.214837
F,0.125469,-0.0939089,-0.0939089,0.0315603
F,-0.0459451,-0.0939089,-0.0939089,-0.139854
F,-0.371111,-0.0939089,-0.0939089,-0.46502
F,0.392975,-0.0939089,-0.0939089,0.299067
F,0.0526785,-0.126076,-0.126076,-0.073398
F,0.114863,-0.126076,-0.126076,-0.0112138
F,0.0812599,-0.0939089,-0.0939089,-0.012649
F,0.144437,-0.126076,-0.126076,0.01836
F,0.230425,-0.131146,-0.131146,0.0992789
F,0.404576,-0.126076,-0.126076,0.2785
F,-0.206553,-0.0939089,-0.0939089,-0.300462
F,-0.278184,-0.0939089,-0.0939089,-0.372093
F,0.384797,-0.187191,-0.187191,0.197605
F,0.0235003,-0.179747,-0.179747,-0.156247
F,0.383451,-0.126076,-0.126076,0.257375
F,-0.0757413,-0.164329,-0.164329,-0.240071
F,-0.0307261,-0.15497,-0.15497,-0.185696
F,0.313638,-0.126076,-0.126076,0.187562
F,0.175428,-0.0939089,-0.0939089,0.0815196
F,0.146607,-0.133295,-0.133295,0.0133113
F,0.313385,-0.126076,-0.126076,0.187308
F,0.430644,-0.191228,-0.191228,0.239416
F,-0.0942107,-0.17516,-0.17516,-0.269371
F,-0.0393339,-0.147891,-0.147891,-0.187225
F,0.136476,-0.0939089,-0.0939089,0.0425672
F,0.342244,-0.108996,-0.108996,0.233248
F,0.264921,-0.17516,-0.17516,0.0897609
F,0.0432914,-0.115231,-0.115231,-0.0719394
F,0.0546395,-0.17516,-0.17516,-0.12052
F,0.282012,-0.17516,-0.17516,0.106852
F,0.137994,-0.17516,-0.17516,-0.0371655
F,0.48907,-0.131307,-0.131307,0.357764
F,0.207764,-0.126076,-0.126076,0.0816877
F,0.504836,-0.163523,-0.163523,0.341313
F,0.468288,-0.0939089,-0.0939089,0.37438
F,0.230447,-0.115231,-0.115231,0.115216
F,0.108159,-0.094254,-0.094254,0.013905
F,0.443549,-0.0605462,-0.0605462,0.383003
F,0.570781,-0.120159,-0.120159,0.450622
F,-0.131314,-0.0939089,-0.0939089,-0.225222
F,0.365752,-0.126076,-0.126076,0.239676
F,0.207726,-0.179747,-0.179747,0.0279789
F,-0.140091,-0.126076,-0.126076,-0.266167
F,0.0459374,-0.103571,-0.103571,-0.0576338
F,0.182411,-0.0605462,-0.0605462,0.121865
F,0.218406,-0.147891,-0.147891,0.0705149
F,0.0928923,-0.0721785,-0.0721785,0.0207138
F,0.0980299,-0.120452,-0.120452,-0.022422
F,0.179793,-0.179747,-0.179747,4.52104e-05
F,-0.0590434,-0.0939089,-0.0939089,-0.152952
F,-0.0290505,-0.0939089,-0.0939089,-0.122959
F,0.169596,-0.126076,-0.126076,0.0435196
F,0.375792,-0.0939089,-0.0939089,0.281883
F,0.25791,-0.108996,-0.108996,0.148914
F,0.232402,-0.17516,-0.17516,0.0572423
F,0.283066,-0.126076,-0.126076,0.156989
F,0.316379,-0.191228,-0.191228,0.125151
F,-0.00657974,-0.187191,-0.187191,-0.193771
F,-0.075994,-0.163523,-0.163523,-0.239517
F,-0.102291,-0.187191,-0.187191,-0.289482
F,-0.107691,-0.074186,-0.074186,-0.181877
F,0.159998,-0.120452,-0.120452,0.0395465
F,-0.101258,-0.108996,-0.108996,-0.210254
F,0.441943,-0.097166,-0.097166,0.344777
F,0.40499,-0.163523,-0.163523,0.241467
F,0.393216,-0.126076,-0.126076,0.267139
F,-0.157219,-0.179747,-0.179747,-0.336967
F,0.114086,-0.191228,-0.191228,-0.0771417
F,-0.00352322,-0.0939089,-0.0939089,-0.0974321
F,0.135382,-0.128938,-0.128938,0.00644416
F,0.218924,-0.163523,-0.163523,0.0554006
F,0.17171,-0.17516,-0.17516,-0.00344986
F,0.234244,-0.0605462,-0.0605462,0.173697
F,-0.0963225,-0.0605462,-0.0605462,-0.156869
F,0.0777946,-0.126076,-0.126076,-0.0482819
F,0.103756,-0.0605462,-0.0605462,0.0432097
F,-0.189513,-0.0605462,-0.0605462,-0.25006
F,0.341613,-0.0939089,-0.0939089,0.247705
F,0.140034,-0.126076,-0.126076,0.0139572
F,0.157748,-0.126076,-0.126076,0.0316718
F,0.0374206,-0.163523,-0.163523,-0.126102
F,0.249292,-0.0939089,-0.0939089,0.155383
F,0.0741568,-0.108996,-0.108996,-0.0348393
F,0.14431,-0.0939089,-0.0939089,0.050401
F,0.265482,-0.108996,-0.108996,0.156486
F,0.11046,-0.115231,-0.115231,-0.00477131
F,-0.286206,-0.164329,-0.164329,-0.450535
F,-0.328762,-0.081756,-0.081756,-0.410518
F,0.228008,-0.187191,-0.187191,0.0408167
F,0.111984,-0.0605462,-0.0605462,0.0514377
F,0.1759,-0.155248,-0.155248,0.0206517
F,0.10501,-0.179747,-0.179747,-0.0747371
F,0.12566,-0.115231,-0.115231,0.0104287
F,0.0642313,-0.0204845,-0.0204845,0.0437468
F,-0.0169379,-0.179747,-0.179747,-0.196685
F,-0.181724,-0.0605462,-0.0605462,-0.242271
F,-0.107152,-0.108996,-0.108996,-0.216148
F,0.335634,-0.126076,-0.126076,0.209557
F,0.0386357,-0.115231,-0.115231,-0.0765952
F,0.30258,-0.17516,-0.17516,0.12742
F,0.392224,-0.115231,-0.115231,0.276993
F,-0.132833,-0.115231,-0.115231,-0.248063
F,0.210388,-0.0605462,-0.0605462,0.149841
F,-0.0677089,-0.129056,-0.129056,-0.196765
F,0.384075,-0.0283817,-0.0283817,0.355693
F,-0.0978559,-0.179747,-0.179747,-0.277603
F,0.405901,-0.120452,-0.120452,0.285449
F,0.382423,-0.103753,-0.103753,0.278671
F,-0.0877389,-0.163523,-0.163523,-0.251262
F,0.326343,-0.17516,-0.17516,0.151183
F,0.176235,-0.105791,-0.105791,0.0704441
F,0.192581,-0.179747,-0.179747,0.0128333
F,0.138988,-0.191228,-0.191228,-0.0522402
F,0.0385451,-0.179747,-0.179747,-0.141202
F,0.192118,-0.0283817,-0.0283817,0.163737
F,0.199855,-0.191228,-0.191228,0.0086274
F,0.39152,-0.0939089,-0.0939089,0.297612
F,-0.0922854,-0.0939089,-0.0939089,-0.186194
F,0.317239,-0.0605462,-0.0605462,0.256693
F,0.308234,-0.105791,-0.105791,0.202442
F,-0.0379303,-0.081756,-0.081756,-0.119686
F,-0.456813,-0.191228,-0.191228,-0.648041
F,0.338377,-0.0939089,-0.0939089,0.244468
F,-0.0214228,-0.241581,-0.241581,-0.263004
F,0.0528957,-0.105791,-0.105791,-0.0528954
F,-0.208315,-0.126076,-0.126076,-0.334392
F,-0.131996,-0.112675,-0.112675,-0.24467
F,0.0377031,-0.179747,-0.179747,-0.142044
F,0.238005,-0.0939089,-0.0939089,0.144096
F,-0.0580831,-0.105791,-0.105791,-0.163874
F,-0.147348,-0.115231,-0.115231,-0.262579
F,0.287194,-0.163523,-0.163523,0.123671
F,0.217703,-0.108996,-0.108996,0.108707
F,0.41484,-0.147891,-0.147891,0.266949
F,0.0927805,-0.097166,-0.097166,-0.00438556
F,0.0757299,-0.115231,-0.115231,-0.0395009
F,-0.215816,-0.0939089,-0.0939089,-0.309725
F,-0.112487,-0.163523,-0.163523,-0.27601
F,0.346858,-0.164329,-0.164329,0.182529
F,0.143466,-0.163523,-0.163523,-0.020057
F,0.0374712,-0.139293,-0.139293,-0.101822
F,0.197861,-0.126076,-0.126076,0.0717841
F,-0.0863508,-0.0605462,-0.0605462,-0.146897
F,-0.0245931,-0.179747,-0.179747,-0.204341
F,0.199863,-0.0346076,-0.0346076,0.165255
F,0.279816,-0.179747,-0.179747,0.100068
F,0.17689,-0.0283817,-0.0283817,0.148508
F,0.0237814,-0.103571,-0.103571,-0.0797898
F,0.288989,-0.191228,-0.191228,0.097761
F,-0.22816,-0.179747,-0.179747,-0.407907
F,0.0940283,-0.108996,-0.108996,-0.0149678
F,0.105547,-0.179747,-0.179747,-0.0742004
F,0.108166,-0.179747,-0.179747,-0.0715817
F,0.166894,-0.081756,-0.081756,0.0851381
F,0.341941,-0.126076,-0.126076,0.215865
F,-0.0480871,-0.151372,-0.151372,-0.199459
F,0.162653,-0.164329,-0.164329,-0.00167648
F,0.215175,-0.126076,-0.126076,0.0890983
F,0.140155,-0.147891,-0.147891,-0.00773635
F,0.114289,-0.126076,-0.126076,-0.0117876
F,0.301481,-0.179747,-0.179747,0.121733
F,0.16145,-0.17516,-0.17516,-0.0137096
F,0.0405512,-0.147891,-0.147891,-0.10734
F,-0.0644408,-0.126076,-0.126076,-0.190517
F,-0.154285,-0.105791,-0.105791,-0.260076
F,-0.0578141,-0.0283817,-0.0283817,-0.0861958
F,0.048634,-0.126076,-0.126076,-0.0774425
F,0.252651,-0.108996,-0.108996,0.143655
F,0.404309,-0.126076,-0.126076,0.278233
F,0.240648,-0.115231,-0.115231,0.125418
F,-0.105411,-0.126076,-0.126076,-0.231488
F,0.281945,-0.128938,-0.128938,0.153007
F,-0.084113,-0.0939089,-0.0939089,-0.178022
F,0.0903039,-0.17516,-0.17516,-0.084856
F,0.155548,-0.191228,-0.191228,-0.0356799
F,-0.0454443,-0.0939089,-0.0939089,-0.139353
F,0.035444,-0.147891,-0.147891,-0.112447
F,0.26636,-0.0939089,-0.0939089,0.172451
F,0.208222,-0.108996,-0.108996,0.0992263
F,0.102262,-0.0939089,-0.0939089,0.00835324
F,0.500145,-0.17516,-0.17516,0.324985
F,0.216752,-0.191228,-0.191228,0.0255236
F,0.0266767,-0.081756,-0.081756,-0.0550794
F,-0.110559,-0.191228,-0.191228,-0.301787
F,-0.147127,-0.179747,-0.179747,-0.326875
F,0.134484,-0.126076,-0.126076,0.00840717
F,0.252113,-0.126076,-0.126076,0.126036
F,0.120989,-0.0605462,-0.0605462,0.0604429
F,-0.350753,-0.179747,-0.179747,-0.5305
F,0.140218,-0.0939089,-0.0939089,0.046309
F,-0.0923113,-0.0939089,-0.0939089,-0.18622
F,0.0398161,-0.108996,-0.108996,-0.0691799
F,0.489018,-0.0605462,-0.0605462,0.428472
F,0.285576,-0.126076,-0.126076,0.1595
F,0.118009,-0.126076,-0.126076,-0.00806744
F,0.257155,-0.103753,-0.103753,0.153403
F,0.177535,-0.0283817,-0.0283817,0.149153
F,0.180501,-0.187191,-0.187191,-0.00668994
F,0.318048,-0.17516,-0.17516,0.142888
F,0.18942,-0.103753,-0.103753,0.0856674
F,0.244015,-0.191228,-0.191228,0.0527869
F,0.313384,-0.163523,-0.163523,0.14986
F,-0.022871,-0.187191,-0.187191,-0.210062
F,0.146222,-0.108996,-0.108996,0.0372264
F,0.0569475,-0.0939089,-0.0939089,-0.0369613
F,0.150214,-0.191228,-0.191228,-0.0410139
F,0.335231,-0.191228,-0.191228,0.144003
F,0.258431,-0.163523,-0.163523,0.094908
F,-0.0503696,-0.103753,-0.103753,-0.154122
F,0.0682027,-0.103571,-0.103571,-0.0353685
F,0.257828,-0.0939089,-0.0939089,0.16392
F,0.0968303,-0.126076,-0.126076,-0.0292461
F,0.180003,-0.0283817,-0.0283817,0.151621
F,0.317629,-0.179747,-0.179747,0.137882
F,0.117727,-0.133295,-0.133295,-0.0155684
F,0.399358,-0.128938,-0.128938,0.270419
F,0.426104,-0.128938,-0.128938,0.297166
F,0.255964,-0.179747,-0.179747,0.0762161
F,0.215793,-0.164329,-0.164329,0.0514636
F,0.157098,-0.0939089,-0.0939089,0.0631888
F,-0.17995,-0.17516,-0.17516,-0.355109
F,0.0263375,-0.094254,-0.094254,-0.0679166
F,0.67743,-0.133295,-0.133295,0.544135
F,-0.070049,-0.128938,-0.128938,-0.198987
F,0.451343,-0.128938,-0.128938,0.322404
F,0.0888994,-0.108996,-0.108996,-0.0200966
F,0.0946772,-0.128938,-0.128938,-0.034261
F,0.224522,-0.0939089,-0.0939089,0.130613
F,0.342815,-0.126076,-0.126076,0.216738
F,0.2275,-0.128938,-0.128938,0.0985618
F,0.150432,-0.155248,-0.155248,-0.00481643
F,0.149308,-0.126076,-0.126076,0.0232318
F,0.167048,-0.126076,-0.126076,0.0409719
F,0.194101,-0.105791,-0.105791,0.0883104
F,-0.149107,-0.128938,-0.128938,-0.278046
F,-0.0988014,-0.126076,-0.126076,-0.224878
F,0.567205,-0.126076,-0.126076,0.441129
F,0.11795,-0.112675,-0.112675,0.0052754
F,0.121815,-0.133295,-0.133295,-0.0114804
F,0.126866,-0.0939089,-0.0939089,0.0329567
F,0.262109,-0.126076,-0.126076,0.136033
F,0.485988,-0.179747,-0.179747,0.306241
F,-0.0113195,-0.115231,-0.115231,-0.12655
F,0.260893,-0.0939089,-0.0939089,0.166984
F,-0.141117,-0.128938,-0.128938,-0.270055
F,0.687277,-0.081756,-0.081756,0.605521
F,-0.12047,-0.126076,-0.126076,-0.246546
F,0.0799395,-0.17516,-0.17516,-0.0952203
F,0.462072,-0.128938,-0.128938,0.333134
F,-0.00846335,-0.17516,-0.17516,-0.183623
F,0.856419,-0.187191,-0.187191,0.669227
F,0.316813,-0.126076,-0.126076,0.190736
F,0.423008,-0.179747,-0.179747,0.243261
F,0.408606,-0.129056,-0.129056,0.279549
F,-0.060093,-0.126076,-0.126076,-0.186169
F,0.21066,-0.179747,-0.179747,0.0309123
F,0.284376,-0.17516,-0.17516,0.109216
F,-0.0939255,-0.163523,-0.163523,-0.257449
F,0.346712,-0.126076,-0.126076,0.220635
F,0.0771469,-0.179747,-0.179747,-0.102601
F,0.365039,-0.179747,-0.179747,0.185291
F,0.126067,-0.128938,-0.128938,-0.00287073
F,-0.127754,-0.0939089,-0.0939089,-0.221662
F,-0.389476,-0.139293,-0.139293,-0.528769
F,0.0854483,-0.179747,-0.179747,-0.0942992
F,0.0228815,-0.191228,-0.191228,-0.168347
F,-0.170205,-0.179747,-0.179747,-0.349953
F,0.25469,-0.15497,-0.15497,0.0997201
F,0.142325,-0.163523,-0.163523,-0.021198
F,0.0702859,-0.126076,-0.126076,-0.0557906
F,0.147926,-0.191228,-0.191228,-0.0433022
F,0.108999,-0.179747,-0.179747,-0.070748
F,0.281994,-0.179747,-0.179747,0.102246
F,0.0156831,-0.163523,-0.163523,-0.14784
F,0.181538,-0.163523,-0.163523,0.0180144
F,0.169201,-0.139293,-0.139293,0.0299078
F,0.00145207,-0.147891,-0.147891,-0.146439
F,0.750877,-0.112675,-0.112675,0.638203
F,0.0644778,-0.074186,-0.074186,-0.00970825
F,0.141462,-0.128938,-0.128938,0.0125242
F,0.571133,-0.0939089,-0.0939089,0.477224
F,0.169725,-0.133295,-0.133295,0.0364293
F,0.257959,-0.0283817,-0.0283817,0.229577
F,-0.00174265,-0.126076,-0.126076,-0.127819
F,0.323626,-0.126076,-0.126076,0.197549
F,0.128468,-0.126076,-0.126076,0.00239125
F,0.0620304,-0.126076,-0.126076,-0.0640461
F,-0.0292981,-0.163523,-0.163523,-0.192821
F,-0.133872,-0.126076,-0.126076,-0.259948
F,0.13679,-0.0939089,-0.0939089,0.0428815
F,0.481467,-0.126076,-0.126076,0.355391
F,-0.0356735,-0.17516,-0.17516,-0.210833
F,0.205211,-0.081756,-0.081756,0.123455
F,0.0378401,-0.133295,-0.133295,-0.0954551
F,0.180144,-0.120452,-0.120452,0.0596916
F,0.109155,-0.191228,-0.191228,-0.0820735
F,0.34654,-0.0605462,-0.0605462,0.285993
F,0.0861913,-0.179747,-0.179747,-0.0935561
F,0.365265,-0.129056,-0.129056,0.236208
F,0.166925,-0.179747,-0.179747,-0.0128228
F,0.214504,-0.17516,-0.17516,0.0393439
F,0.111418,-0.103753,-0.103753,0.00766525
F,0.409241,-0.179747,-0.179747,0.229493
F,0.594141,-0.126076,-0.126076,0.468064
F,0.1293,-0.126076,-0.126076,0.00322373
F,0.207785,-0.126076,-0.126076,0.0817086
F,0.0322411,-0.108996,-0.108996,-0.0767549
F,0.0881452,-0.0939089,-0.0939089,-0.00576368
F,0.0142585,-0.0939089,-0.0939089,-0.0796504
F,0.427663,-0.187191,-0.187191,0.240472
F,0.184738,-0.128938,-0.128938,0.0558002
F,0.169541,-0.128938,-0.128938,0.0406029
F,0.104829,-0.126076,-0.126076,-0.0212479
F,0.050699,-0.179747,-0.179747,-0.129048
F,-0.0707473,-0.163523,-0.163523,-0.23427
F,0.299137,-0.179747,-0.179747,0.11939
F,-0.0662191,-0.179747,-0.179747,-0.245967
F,0.468787,-0.128938,-0.128938,0.339848
F,0.342102,-0.126076,-0.126076,0.216026
F,0.101474,-0.179747,-0.179747,-0.0782735
F,0.211953,-0.179747,-0.179747,0.0322055
F,0.104685,-0.128938,-0.128938,-0.0242535
F,0.0488391,-0.191228,-0.191228,-0.142389
F,0.459682,-0.126076,-0.126076,0.333605
F,0.0531899,-0.105791,-0.105791,-0.0526011
F,0.0251999,-0.191228,-0.191228,-0.166028
F,0.452691,-0.179747,-0.179747,0.272944
F,-0.265693,-0.0564525,-0.0564525,-0.322146
F,0.289741,-0.126076,-0.126076,0.163665
F,0.307763,-0.179747,-0.179747,0.128016
F,0.137416,-0.115231,-0.115231,0.022185
F,-0.00127103,-0.15497,-0.15497,-0.156241
F,-0.0917383,-0.0939089,-0.0939089,-0.185647
F,-0.140947,-0.126076,-0.126076,-0.267023
F,0.0234259,-0.179747,-0.179747,-0.156322
F,0.106884,-0.0473943,-0.0473943,0.0594892
F,-0.216766,-0.126076,-0.126076,-0.342842
F,0.0561175,-0.0605462,-0.0605462,-0.00442869
F,-0.236722,-0.17516,-0.17516,-0.411882
F,-0.0904346,-0.128938,-0.128938,-0.219373
F,0.110031,-0.131146,-0.131146,-0.0211151
F,0.30706,-0.0939089,-0.0939089,0.213152
F,-0.381236,-0.17516,-0.17516,-0.556396
F,0.0808645,-0.126076,-0.126076,-0.0452119
F,0.250177,-0.128938,-0.128938,0.121239
F,0.593088,-0.128938,-0.128938,0.46415
F,0.196556,-0.164329,-0.164329,0.0322269
F,-0.223068,-0.179747,-0.179747,-0.402816
F,-0.0885506,-0.0939089,-0.0939089,-0.182459
F,-0.111728,-0.0605462,-0.0605462,-0.172274
F,0.0484791,-0.187191,-0.187191,-0.138712
F,0.451736,-0.0939089,-0.0939089,0.357827
F,0.347138,-0.191228,-0.191228,0.155909
F,0.226176,-0.179747,-0.179747,0.0464289
F,0.175608,-0.138961,-0.138961,0.0366474
F,-0.0604532,-0.0939089,-0.0939089,-0.154362
F,0.250145,-0.128938,-0.128938,0.121207
F,-0.165157,-0.129056,-0.129056,-0.294214
F,0.15361,-0.179747,-0.179747,-0.0261374
F,0.281471,-0.126076,-0.126076,0.155395
F,0.0741939,-0.17516,-0.17516,-0.100966
F,0.387946,-0.126076,-0.126076,0.26187
F,0.190015,-0.081756,-0.081756,0.108259
F,-0.134577,-0.115231,-0.115231,-0.249808
F,0.0934766,-0.105791,-0.105791,-0.0123145
F,-0.132972,-0.126076,-0.126076,-0.259048
F,0.253755,-0.163523,-0.163523,0.0902322
F,-0.0856029,-0.0721785,-0.0721785,-0.157781
F,0.119608,-0.126076,-0.126076,-0.00646798
F,0.479218,-0.179747,-0.179747,0.299471
F,0.21525,-0.0721785,-0.0721785,0.143072
F,0.114122,-0.179747,-0.179747,-0.065625
F,0.168645,-0.128938,-0.128938,0.0397064
F,0.251863,-0.112675,-0.112675,0.139189
F,-0.0513933,-0.126076,-0.126076,-0.17747
F,0.13423,-0.0939089,-0.0939089,0.0403213
F,-0.0321094,-0.0939089,-0.0939089,-0.126018
F,-0.0655733,-0.115231,-0.115231,-0.180804
F,0.464661,-0.191228,-0.191228,0.273433
F,0.186983,-0.207716,-0.207716,-0.0207332
F,0.450047,-0.126076,-0.126076,0.32397
F,0.191255,-0.126076,-0.126076,0.0651787
F,0.213998,-0.081756,-0.081756,0.132242
F,0.106741,-0.126076,-0.126076,-0.019335
F,0.0577769,-0.0939089,-0.0939089,-0.0361319
F,-0.10931,-0.0605462,-0.0605462,-0.169856
F,0.0664621,-0.120452,-0.120452,-0.0539898
F,0.221679,-0.0939089,-0.0939089,0.12777
F,-0.147672,-0.0939089,-0.0939089,-0.241581
F,-0.226998,-0.0939089,-0.0939089,-0.320907
F,0.361656,-0.126076,-0.126076,0.23558
F,0.188124,-0.0939089,-0.0939089,0.0942154
F,0.110933,-0.097166,-0.097166,0.0137666
F,0.574171,-0.115231,-0.115231,0.45894
F,0.0462953,-0.108996,-0.108996,-0.0627008
F,-0.162664,-0.0939089,-0.0939089,-0.256573
F,0.0409992,-0.191228,-0.191228,-0.150229
F,0.231078,-0.0939089,-0.0939089,0.13717
F,0.220457,-0.126076,-0.126076,0.0943804
F,0.0986588,-0.316561,-0.316561,-0.217902
F,0.273333,-0.0564525,-0.0564525,0.216881
F,0.144079,-0.0939089,-0.0939089,0.0501706
F,0.0608979,-0.105791,-0.105791,-0.0448932
F,0.118184,-0.0585399,-0.0585399,0.0596438
F,-0.0411695,-0.0939089,-0.0939089,-0.135078
F,0.00243769,-0.128938,-0.128938,-0.126501
F,0.435433,-0.120452,-0.120452,0.314981
F,0.0603269,-0.126076,-0.126076,-0.0657496
F,-0.132919,-0.094254,-0.094254,-0.227173
F,0.340055,-0.191228,-0.191228,0.148827
F,0.421867,-0.147891,-0.147891,0.273976
F,-0.0885239,-0.191228,-0.191228,-0.279752
F,0.00456393,-0.17516,-0.17516,-0.170596
F,-0.181019,-0.147891,-0.147891,-0.32891
F,-0.117563,-0.163523,-0.163523,-0.281086
F,0.164307,-0.0939089,-0.0939089,0.0703977
F,-0.159032,-0.126076,-0.126076,-0.285108
F,0.165982,-0.179747,-0.179747,-0.0137651
F,0.0810492,-0.105791,-0.105791,-0.0247418
F,0.34521,-0.129056,-0.129056,0.216153
F,0.180107,-0.179747,-0.179747,0.000359148
F,0.0684868,-0.126076,-0.126076,-0.0575897
F,0.453951,-0.163523,-0.163523,0.290428
F,0.100088,-0.126076,-0.126076,-0.025988
F,-0.233775,-0.094254,-0.094254,-0.328029
F,-0.0782445,-0.164329,-0.164329,-0.242574
F,0.140382,-0.126076,-0.126076,0.0143055
F,0.108111,-0.126076,-0.126076,-0.0179657
F,0.313285,-0.0939089,-0.0939089,0.219376
F,0.344595,-0.179747,-0.179747,0.164848
F,0.348889,-0.126076,-0.126076,0.222812
F,-0.00104524,-0.126076,-0.126076,-0.127122
F,0.383568,-0.103571,-0.103571,0.279997
F,-0.0515174,-0.0939089,-0.0939089,-0.145426
F,0.144015,-0.147891,-0.147891,-0.00387593
F,-0.23061,-0.147891,-0.147891,-0.378501
F,-0.0801071,-0.128938,-0.128938,-0.209045
F,-0.00825172,-0.081756,-0.081756,-0.0900078
F,0.300493,-0.126076,-0.126076,0.174416
F,0.345466,-0.094254,-0.094254,0.251212
F,0.071631,-0.179747,-0.179747,-0.108116
F,-0.15266,-0.0939089,-0.0939089,-0.246569
F,0.322264,-0.108996,-0.108996,0.213268
F,0.182552,-0.105791,-0.105791,0.0767609
F,0.0527444,-0.191228,-0.191228,-0.138484
F,0.0938211,-0.129056,-0.129056,-0.0352353
F,0.245709,-0.179747,-0.179747,0.0659613
F,0.062406,-0.0585399,-0.0585399,0.00386616
F,0.0970958,-0.0605462,-0.0605462,0.0365496
F,0.0504515,-0.103753,-0.103753,-0.0533011
F,0.354249,-0.105791,-0.105791,0.248458
F,0.143431,-0.191228,-0.191228,-0.0477975
F,0.109103,-0.179747,-0.179747,-0.0706447
F,0.223499,-0.163523,-0.163523,0.0599754
F,0.68723,-0.126076,-0.126076,0.561154
F,0.117045,-0.163523,-0.163523,-0.0464784
F,-0.148884,-0.15497,-0.15497,-0.303854
F,-0.111352,-0.155248,-0.155248,-0.2666
F,-0.135123,-0.128938,-0.128938,-0.264061
F,0.518475,-0.126076,-0.126076,0.392398
F,0.0829212,-0.126076,-0.126076,-0.0431552
F,0.150582,-0.163523,-0.163523,-0.0129415
F,0.284527,-0.0939089,-0.0939089,0.190618
F,-0.1864,-0.102227,-0.102227,-0.288627
F,0.194642,-0.0939089,-0.0939089,0.100733
F,0.300439,-0.126076,-0.126076,0.174363
F,-0.125073,-0.126076,-0.126076,-0.251149
F,0.0510743,-0.126076,-0.126076,-0.0750021
F,-0.245282,-0.103571,-0.103571,-0.348853
F,-0.15845,-0.133295,-0.133295,-0.291745
F,0.254387,-0.103571,-0.103571,0.150816
F,0.492736,-0.126076,-0.126076,0.366659
F,0.236401,-0.0605462,-0.0605462,0.175855
F,0.222555,-0.0939089,-0.0939089,0.128647
F,0.293892,-0.187191,-0.187191,0.106701
F,0.0374881,-0.108996,-0.108996,-0.0715079
F,0.365585,-0.187191,-0.187191,0.178393
F,0.0340425,-0.179747,-0.179747,-0.145705
F,0.0816381,-0.147891,-0.147891,-0.0662528
F,0.206678,-0.17516,-0.17516,0.0315182
F,-0.0815341,-0.179747,-0.179747,-0.261282
F,0.182401,-0.128938,-0.128938,0.0534627
F,-0.124967,-0.0605462,-0.0605462,-0.185514
F,0.126807,-0.128938,-0.128938,-0.00213167
F,0.422862,-0.094254,-0.094254,0.328608
F,0.365956,-0.126076,-0.126076,0.239879
F,-0.00220705,-0.126076,-0.126076,-0.128284
F,0.0873654,-0.129056,-0.129056,-0.0416911
F,0.215168,-0.126076,-0.126076,0.0890914
F,-0.136274,-0.126076,-0.126076,-0.262351
F,0.224785,-0.128938,-0.128938,0.0958466
F,0.256472,-0.119758,-0.119758,0.136714
F,0.225675,-0.105791,-0.105791,0.119884
F,0.0169132,-0.126076,-0.126076,-0.109163
F,0.0271511,-0.17516,-0.17516,-0.148009
F,0.362176,-0.081756,-0.081756,0.28042
F,0.0562765,-0.105791,-0.105791,-0.0495146
F,0.278097,-0.108996,-0.108996,0.169101
F,0.134324,-0.128938,-0.128938,0.00538574
F,0.234338,-0.108996,-0.108996,0.125342
F,0.0905071,-0.0939089,-0.0939089,-0.0034018
F,0.114816,-0.179747,-0.179747,-0.0649314
F,0.246993,-0.121181,-0.121181,0.125811
F,0.177952,-0.0939089,-0.0939089,0.0840431
F,0.387314,-0.179747,-0.179747,0.207567
F,0.036962,-0.103753,-0.103753,-0.0667905
F,0.323233,-0.126076,-0.126076,0.197157
F,-0.000891766,-0.128938,-0.128938,-0.12983
F,-0.0414781,-0.164329,-0.164329,-0.205807
F,0.157545,-0.0721785,-0.0721785,0.0853662
F,0.127026,-0.0939089,-0.0939089,0.0331167
F,0.0839781,-0.115231,-0.115231,-0.0312527
F,0.13027,-0.105791,-0.105791,0.0244791
F,0.150888,-0.103571,-0.103571,0.0473164
F,0.0882311,-0.0939089,-0.0939089,-0.00567777
F,0.287653,-0.081756,-0.081756,0.205897
F,0.311063,-0.187191,-0.187191,0.123872
F,0.154529,-0.131146,-0.131146,0.0233831
F,0.223027,-0.0939089,-0.0939089,0.129118
F,0.172061,-0.179747,-0.179747,-0.00768673
F,0.13138,-0.179747,-0.179747,-0.0483675
F,0.0255207,-0.108996,-0.108996,-0.0834754
F,0.0605229,-0.17516,-0.17516,-0.114637
F,0.0167641,-0.179747,-0.179747,-0.162983
F,0.336208,-0.0605462,-0.0605462,0.275662
F,0.18655,-0.126076,-0.126076,0.0604735
F,0.308736,-0.126076,-0.126076,0.18266
F,0.0457558,-0.179747,-0.179747,-0.133992
F,0.00416122,-0.147891,-0.147891,-0.14373
F,0.335832,-0.126076,-0.126076,0.209755
F,0.210148,-0.0939089,-0.0939089,0.116239
F,-0.00703022,-0.126076,-0.126076,-0.133107
F,0.334501,-0.103753,-0.103753,0.230749
F,0.512256,-0.17516,-0.17516,0.337096
F,-0.173858,-0.0939089,-0.0939089,-0.267767
F,0.321322,-0.128938,-0.128938,0.192384
F,0.0745086,-0.187191,-0.187191,-0.112683
F,0.018368,-0.179747,-0.179747,-0.161379
F,-0.0650097,-0.179747,-0.179747,-0.244757
F,0.0613262,-0.17516,-0.17516,-0.113834
F,0.232265,-0.128938,-0.128938,0.103327
F,0.00384962,-0.0605462,-0.0605462,-0.0566966
F,0.325288,-0.128938,-0.128938,0.19635
F,-0.155045,-0.103753,-0.103753,-0.258798
F,0.0146022,-0.126076,-0.126076,-0.111474
F,-0.113268,-0.191228,-0.191228,-0.304496
F,-0.282493,-0.126076,-0.126076,-0.408569
F,0.0571819,-0.129056,-0.129056,-0.0718745
F,0.230916,-0.163523,-0.163523,0.0673926
F,0.407943,-0.133295,-0.133295,0.274647
F,0.390758,-0.191228,-0.191228,0.199529
F,0.183259,-0.179747,-0.179747,0.00351107
F,0.20164,-0.115231,-0.115231,0.0864091
F,0.0567517,-0.133295,-0.133295,-0.0765435
F,0.104723,-0.179747,-0.179747,-0.0750249
F,0.064161,-0.126076,-0.126076,-0.0619154
F,0.280816,-0.108996,-0.108996,0.17182
F,0.351765,-0.179747,-0.179747,0.172018
F,0.554369,-0.179747,-0.179747,0.374622
F,-0.116054,-0.191228,-0.191228,-0.307283
F,0.0133452,-0.17516,-0.17516,-0.161815
F,0.207113,-0.147891,-0.147891,0.0592223
F,0.167444,-0.0939089,-0.0939089,0.0735348
F,-0.00233252,-0.0283817,-0.0283817,-0.0307143
F,0.422985,-0.191228,-0.191228,0.231757
F,0.207684,-0.179747,-0.179747,0.0279363
F,0.457862,-0.17516,-0.17516,0.282702
F,0.028052,-0.17516,-0.17516,-0.147108
F,0.111886,-0.163523,-0.163523,-0.0516374
F,-0.254806,-0.187191,-0.187191,-0.441998
F,0.0632432,-0.0605462,-0.0605462,0.00269699
F,0.0760937,-0.147891,-0.147891,-0.0717972
F,0.228754,-0.0939089,-0.0939089,0.134845
F,0.3389,-0.126076,-0.126076,0.212824
F,-0.0218088,-0.115231,-0.115231,-0.13704
F,-0.272117,-0.17516,-0.17516,-0.447277
F,0.344005,-0.0721785,-0.0721785,0.271827
F,0.160559,-0.164329,-0.164329,-0.00377082
F,0.208735,-0.163523,-0.163523,0.0452118
F,0.0762636,-0.105791,-0.105791,-0.0295275
F,-0.0382876,-0.115231,-0.115231,-0.153518
F,0.314255,-0.179747,-0.179747,0.134508
F,0.148538,-0.133295,-0.133295,0.0152432
F,0.236326,-0.128938,-0.128938,0.107388
F,0.419867,-0.0605462,-0.0605462,0.35932
F,0.141324,-0.112675,-0.112675,0.0286495
F,0.492259,-0.126076,-0.126076,0.366183
F,0.214206,-0.0939089,-0.0939089,0.120297
F,-0.0936822,-0.126076,-0.126076,-0.219759
F,0.168797,-0.128938,-0.128938,0.0398593
F,0.249518,-0.126076,-0.126076,0.123442
F,0.179464,-0.207716,-0.207716,-0.0282515
F,0.179747,-0.115231,-0.115231,0.0645166
F,0.103118,-0.112675,-0.112675,-0.00955697
F,0.119833,-0.0605462,-0.0605462,0.0592864
F,0.0784293,-0.163523,-0.163523,-0.0850938
F,-0.00291191,-0.126076,-0.126076,-0.128988
F,0.00509195,-0.179747,-0.179747,-0.174656
F,0.038539,-0.133295,-0.133295,-0.0947562
F,-0.000520807,-0.191228,-0.191228,-0.191749
F,0.0414496,-0.0939089,-0.0939089,-0.0524593
F,-0.19987,-0.126076,-0.126076,-0.325947
F,-0.0218275,-0.133295,-0.133295,-0.155123
F,0.260279,-0.17516,-0.17516,0.0851193
F,-0.104459,-0.120452,-0.120452,-0.224911
F,0.175287,-0.129056,-0.129056,0.0462301
F,-0.0278969,-0.164329,-0.164329,-0.192226
F,0.038255,-0.179747,-0.179747,-0.141492
F,-0.27886,-0.126076,-0.126076,-0.404936
F,0.0279368,-0.128938,-0.128938,-0.101001
F,-0.269721,-0.147891,-0.147891,-0.417612
F,-0.192192,-0.097166,-0.097166,-0.289358
F,0.142834,-0.0939089,-0.0939089,0.0489256
F,-0.371652,-0.139293,-0.139293,-0.510945
F,0.0818299,-0.0939089,-0.0939089,-0.012079
F,0.644336,-0.128938,-0.128938,0.515398
F,0.115854,-0.108996,-0.108996,0.00685749
F,0.388027,-0.105791,-0.105791,0.282236
F,0.446267,-0.126076,-0.126076,0.32019
F,0.183742,-0.163523,-0.163523,0.020219
F,0.113231,-0.179747,-0.179747,-0.0665166
F,0.318836,-0.179747,-0.179747,0.139089
F,0.0522611,-0.179747,-0.179747,-0.127486
F,0.348806,-0.191228,-0.191228,0.157578
F,0.176172,-0.0283817,-0.0283817,0.14779
F,0.0882527,-0.126076,-0.126076,-0.0378238
F,0.18981,-0.0939089,-0.0939089,0.0959015
F,0.00780924,-0.0995611,-0.0995611,-0.0917519
F,0.270158,-0.126076,-0.126076,0.144081
F,0.20838,-0.126076,-0.126076,0.0823031
F,0.233469,-0.0939089,-0.0939089,0.13956
F,0.242137,-0.126076,-0.126076,0.116061
F,0.159637,-0.126076,-0.126076,0.0335607
F,0.106482,-0.0473943,-0.0473943,0.0590874
F,0.267641,-0.103753,-0.103753,0.163888
F,0.510427,-0.191228,-0.191228,0.319199
F,0.00559213,-0.0939089,-0.0939089,-0.0883167
F,0.230201,-0.0605462,-0.0605462,0.169654
F,0.460513,-0.126076,-0.126076,0.334437
F,-0.139204,-0.126076,-0.126076,-0.26528
F,-0.0152215,-0.128938,-0.128938,-0.14416
F,-0.0697001,-0.0939089,-0.0939089,-0.163609
F,0.198365,-0.179747,-0.179747,0.0186176
F,0.275065,-0.179747,-0.179747,0.095318
F,0.36103,-0.191228,-0.191228,0.169802
F,0.243187,-0.103753,-0.103753,0.139434
F,0.446327,-0.126076,-0.126076,0.320251
F,0.241792,-0.0939089,-0.0939089,0.147883
F,0.147985,-0.133295,-0.133295,0.0146896
F,-0.0477679,-0.115231,-0.115231,-0.162999
F,-0.156503,-0.0473943,-0.0473943,-0.203897
F,-0.0754152,-0.126076,-0.126076,-0.201492
F,0.334641,-0.191228,-0.191228,0.143413
F,0.0305525,-0.105791,-0.105791,-0.0752386
F,0.0188907,-0.128938,-0.128938,-0.110047
F,0.218646,-0.126076,-0.126076,0.0925697
F,-0.0245927,-0.17516,-0.17516,-0.199753
F,0.302634,-0.0939089,-0.0939089,0.208725
F,0.15313,-0.126076,-0.126076,0.0270537
F,0.0513614,-0.163523,-0.163523,-0.112162
F,0.349936,-0.0939089,-0.0939089,0.256027
F,0.129779,-0.126076,-0.126076,0.00370274
F,0.263392,-0.126076,-0.126076,0.137315
F,0.417082,-0.105791,-0.105791,0.31129
F,-0.0127924,-0.074186,-0.074186,-0.0869785
F,-0.0242062,-0.126076,-0.126076,-0.150283
F,0.273989,-0.126076,-0.126076,0.147912
F,-0.0321432,-0.103753,-0.103753,-0.135896
F,-0.147423,-0.126076,-0.126076,-0.273499
F,0.249588,-0.105791,-0.105791,0.143797
F,0.182939,-0.126076,-0.126076,0.0568622
F,0.119187,-0.128938,-0.128938,-0.00975095
F,0.175331,-0.163523,-0.163523,0.0118083
F,-0.0946159,-0.115231,-0.115231,-0.209847
F,0.337112,-0.163523,-0.163523,0.173589
F,-0.111683,-0.126076,-0.126076,-0.23776
F,-0.0620998,-0.179747,-0.179747,-0.241847
F,0.218152,-0.191228,-0.191228,0.0269243
F,0.273098,-0.115231,-0.115231,0.157868
F,0.250491,-0.207716,-0.207716,0.0427755
F,0.452853,-0.17516,-0.17516,0.277693
F,0.171206,-0.126076,-0.126076,0.0451297
F,0.489158,-0.115231,-0.115231,0.373927
F,-0.0630697,-0.126076,-0.126076,-0.189146
F,0.435805,-0.128938,-0.128938,0.306867
F,0.214207,-0.0473943,-0.0473943,0.166812
F,0.133438,-0.126076,-0.126076,0.00736189
F,-0.0408671,-0.179747,-0.179747,-0.220615
F,0.331159,-0.128938,-0.128938,0.202221
F,-0.0936245,-0.17516,-0.17516,-0.268784
F,0.258653,-0.0939089,-0.0939089,0.164744
F,-0.0198188,-0.094254,-0.094254,-0.114073
F,0.212152,-0.0939089,-0.0939089,0.118244
F,0.0362569,-0.163523,-0.163523,-0.127266
F,0.245128,-0.115231,-0.115231,0.129897
F,0.256242,-0.128938,-0.128938,0.127304
F,0.16763,-0.0283817,-0.0283817,0.139248
F,-0.388668,-0.128938,-0.128938,-0.517606
F,0.348677,-0.0939089,-0.0939089,0.254769
F,-0.0899148,-0.126076,-0.126076,-0.215991
F,0.097784,-0.179747,-0.179747,-0.0819635
F,0.0340138,-0.109224,-0.109224,-0.0752105
F,0.253583,-0.103753,-0.103753,0.14983
F,0.182766,-0.133295,-0.133295,0.0494703
F,0.183328,-0.128938,-0.128938,0.0543902
F,0.144169,-0.0605462,-0.0605462,0.0836224
F,0.287776,-0.15497,-0.15497,0.132806
F,0.224846,-0.128938,-0.128938,0.0959083
F,0.0822469,-0.115231,-0.115231,-0.032984
F,0.0611368,-0.0939089,-0.0939089,-0.032772
F,0.0998575,-0.128938,-0.128938,-0.0290807
F,0.476536,-0.164329,-0.164329,0.312207
F,0.0360908,-0.0939089,-0.0939089,-0.057818
F,0.2737,-0.081756,-0.081756,0.191944
F,-0.0227034,-0.133295,-0.133295,-0.155999
F,0.217783,-0.126076,-0.126076,0.0917065
F,-0.068324,-0.163523,-0.163523,-0.231847
F,0.19605,-0.115231,-0.115231,0.0808188
F,0.0713426,-0.316561,-0.316561,-0.245218
F,0.395737,-0.179747,-0.179747,0.215989
F,-0.078798,-0.126076,-0.126076,-0.204874
F,-0.117666,-0.187191,-0.187191,-0.304857
F,0.213296,-0.126076,-0.126076,0.0872199
F,0.130888,-0.138961,-0.138961,-0.00807219
F,0.324811,-0.126076,-0.126076,0.198734
F,0.230798,-0.126076,-0.126076,0.104721
F,-0.199606,-0.187191,-0.187191,-0.386797
F,0.465885,-0.128938,-0.128938,0.336947
F,0.308184,-0.115231,-0.115231,0.192953
F,-0.175965,-0.081756,-0.081756,-0.257721
F,0.0969292,-0.15497,-0.15497,-0.0580408
F,0.358059,-0.179747,-0.179747,0.178311
F,0.125997,-0.108996,-0.108996,0.0170009
F,0.460046,-0.105791,-0.105791,0.354255
F,-0.0756107,-0.179747,-0.179747,-0.255358
F,0.316,-0.133295,-0.133295,0.182705
F,0.212695,-0.128938,-0.128938,0.0837566
F,0.234125,-0.0939089,-0.0939089,0.140216
F,0.0703171,-0.103571,-0.103571,-0.0332541
F,0.106931,-0.126076,-0.126076,-0.0191459
F,0.484911,-0.179747,-0.179747,0.305164
F,0.228834,-0.108996,-0.108996,0.119838
F,0.432334,-0.139293,-0.139293,0.293041
F,-0.0873868,-0.133295,-0.133295,-0.220682
F,0.01432,-0.115231,-0.115231,-0.100911
F,-0.125918,-0.105791,-0.105791,-0.231709
F,0.100198,-0.126076,-0.126076,-0.0258785
F,0.104873,-0.191228,-0.191228,-0.0863555
F,-0.0557518,-0.147891,-0.147891,-0.203643
F,0.110737,-0.126076,-0.126076,-0.0153391
F,-0.0357511,-0.17516,-0.17516,-0.210911
F,-0.0204057,-0.133295,-0.133295,-0.153701
F,0.525554,-0.0939089,-0.0939089,0.431645
F,0.378416,-0.097166,-0.097166,0.28125
F,0.28559,-0.17516,-0.17516,0.11043
F,0.329882,-0.0721785,-0.0721785,0.257704
F,-0.166603,-0.081756,-0.081756,-0.248359
F,0.194458,-0.0939089,-0.0939089,0.100549
F,0.102608,-0.15497,-0.15497,-0.0523621
F,0.179151,-0.147891,-0.147891,0.0312597
F,0.295339,-0.128938,-0.128938,0.166401
F,0.272457,-0.191228,-0.191228,0.0812289
F,-0.303329,-0.179747,-0.179747,-0.483077
F,-0.00159553,-0.0939089,-0.0939089,-0.0955044
F,0.0254743,-0.179747,-0.179747,-0.154273
F,0.0561943,-0.179747,-0.179747,-0.123553
F,0.046042,-0.179747,-0.179747,-0.133706
F,0.0678047,-0.0605462,-0.0605462,0.00725847
F,0.34297,-0.126076,-0.126076,0.216894
F,0.0540423,-0.094254,-0.094254,-0.0402118
F,0.0669042,-0.115231,-0.115231,-0.0483266
F,-0.0228412,-0.126076,-0.126076,-0.148918
F,0.282505,-0.126076,-0.126076,0.156428
F,-0.544449,-0.126076,-0.126076,-0.670525
F,-0.189405,-0.0605462,-0.0605462,-0.249951
F,0.0674592,-0.126076,-0.126076,-0.0586172
F,0.330003,-0.0939089,-0.0939089,0.236094
F,0.369206,-0.094254,-0.094254,0.274952
F,0.0575491,-0.0939089,-0.0939089,-0.0363598
F,0.0250317,-0.0939089,-0.0939089,-0.0688772
F,0.162188,-0.133295,-0.133295,0.0288924
F,0.259624,-0.147891,-0.147891,0.111733
F,0.340032,-0.179747,-0.179747,0.160284
F,0.147101,-0.179747,-0.179747,-0.0326466
F,0.313806,-0.128938,-0.128938,0.184868
F,-0.0790025,-0.126076,-0.126076,-0.205079
F,-0.347516,-0.126076,-0.126076,-0.473593
F,0.216984,-0.0939089,-0.0939089,0.123075
F,0.239741,-0.108996,-0.108996,0.130745
F,0.306617,-0.126076,-0.126076,0.180541
F,0.222128,-0.179747,-0.179747,0.0423801
F,0.200406,-0.179747,-0.179747,0.020659
F,0.502796,-0.0939089,-0.0939089,0.408888
F,-0.152269,-0.0939089,-0.0939089,-0.246177
F,-0.00945921,-0.128938,-0.128938,-0.138397
F,-0.166001,-0.179747,-0.179747,-0.345748
F,0.280949,-0.112675,-0.112675,0.168275
F,0.0963473,-0.103571,-0.103571,-0.00722394
F,0.06745,-0.17516,-0.17516,-0.10771
F,-0.0370014,-0.15497,-0.15497,-0.191971
F,0.639269,-0.126076,-0.126076,0.513192
F,0.339175,-0.147891,-0.147891,0.191284
F,0.108706,-0.103571,-0.103571,0.00513469
F,0.231307,-0.126076,-0.126076,0.105231
F,-0.114615,-0.126076,-0.126076,-0.240692
F,0.0576554,-0.105791,-0.105791,-0.0481357
F,-0.167803,-0.138961,-0.138961,-0.306763
F,0.119686,-0.187191,-0.187191,-0.0675056
F,0.111506,-0.126076,-0.126076,-0.0145706
F,0.189087,-0.179747,-0.179747,0.00933938
F,0.528024,-0.105791,-0.105791,0.422233
F,-0.14646,-0.187191,-0.187191,-0.333651
F,0.302571,-0.179747,-0.179747,0.122823
F,0.00233962,-0.0473943,-0.0473943,-0.0450547
F,0.46614,-0.207716,-0.207716,0.258424
F,-0.193061,-0.187191,-0.187191,-0.380252
F,0.161764,-0.108996,-0.108996,0.0527682
F,-0.270605,-0.179747,-0.179747,-0.450353
F,-0.037122,-0.105791,-0.105791,-0.142913
F,0.177291,-0.126076,-0.126076,0.0512144
F,0.269264,-0.17516,-0.17516,0.0941043
F,-0.198101,-0.163523,-0.163523,-0.361624
F,0.0437992,-0.0721785,-0.0721785,-0.0283793
F,0.035045,-0.126076,-0.126076,-0.0910314
F,0.0791629,-0.0939089,-0.0939089,-0.014746
F,0.389646,-0.108996,-0.108996,0.28065
F,0.201228,-0.105791,-0.105791,0.0954367
F,0.140897,-0.128938,-0.128938,0.0119584
F,-0.00479163,-0.007826,-0.007826,-0.0126176
F,-0.306678,-0.0939089,-0.0939089,-0.400587
F,-0.303327,-0.147891,-0.147891,-0.451218
F,0.099896,-0.126076,-0.126076,-0.0261805
F,0.376705,-0.097166,-0.097166,0.279539
F,0.437557,-0.191228,-0.191228,0.246329
F,0.122301,-0.126076,-0.126076,-0.00377522
F,0.223212,-0.115231,-0.115231,0.107982
F,0.426384,-0.187191,-0.187191,0.239193
F,-0.184216,-0.0939089,-0.0939089,-0.278125
F,-0.350881,-0.126076,-0.126076,-0.476958
F,0.154617,-0.151012,-0.151012,0.00360501
F,0.272228,-0.179747,-0.179747,0.0924803
F,0.0701495,-0.163523,-0.163523,-0.0933736
F,0.494824,-0.097166,-0.097166,0.397658
F,0.33935,-0.126076,-0.126076,0.213273
F,-0.103896,-0.074186,-0.074186,-0.178082
F,0.0341824,-0.138961,-0.138961,-0.104778
F,0.523062,-0.163523,-0.163523,0.359538
F,0.543481,-0.15497,-0.15497,0.388511
F,0.256241,-0.133295,-0.133295,0.122946
F,0.321818,-0.128938,-0.128938,0.19288
F,-0.182593,-0.126076,-0.126076,-0.308669
F,-0.0385742,-0.163523,-0.163523,-0.202097
F,0.202019,-0.108996,-0.108996,0.0930231
F,0.130298,-0.163523,-0.163523,-0.0332255
F,0.180593,-0.126076,-0.126076,0.054517
F,0.187914,-0.133295,-0.133295,0.0546189
F,0.173626,-0.0939089,-0.0939089,0.079717
F,0.177554,-0.179747,-0.179747,-0.00219352
F,0.386141,-0.0939089,-0.0939089,0.292232
F,-0.0797992,-0.191228,-0.191228,-0.271027
F,0.271956,-0.138961,-0.138961,0.132995
F,0.0892015,-0.17516,-0.17516,-0.0859583
F,-0.158533,-0.0939089,-0.0939089,-0.252442
F,0.247029,-0.155248,-0.155248,0.0917813
F,0.147981,-0.108996,-0.108996,0.0389852
F,0.333432,-0.126076,-0.126076,0.207356
F,0.0263992,-0.163523,-0.163523,-0.137124
F,0.231443,-0.191228,-0.191228,0.0402147
F,-0.106294,-0.164329,-0.164329,-0.270624
F,-0.0296822,-0.126076,-0.126076,-0.155759
F,0.0614548,-0.0939089,-0.0939089,-0.0324541
F,0.0621629,-0.0939089,-0.0939089,-0.0317459
F,0.224521,-0.081756,-0.081756,0.142765
F,0.416055,-0.126076,-0.126076,0.289978
F,0.407732,-0.139293,-0.139293,0.268439
F,0.045051,-0.163523,-0.163523,-0.118472
F,0.0850018,-0.0939089,-0.0939089,-0.00890705
F,0.165531,-0.094254,-0.094254,0.0712773
F,0.109449,-0.103571,-0.103571,0.00587758
F,0.0500485,-0.179747,-0.179747,-0.129699
F,0.194534,-0.126076,-0.126076,0.0684573
F,0.491355,-0.163523,-0.163523,0.327832
F,0.495922,-0.179747,-0.179747,0.316175
F,0.231101,-0.108996,-0.108996,0.122105
F,0.400539,-0.108996,-0.108996,0.291543
F,0.326694,-0.179747,-0.179747,0.146947
F,-0.0696478,-0.074186,-0.074186,-0.143834
F,0.356691,-0.179747,-0.179747,0.176943
F,0.07631,-0.179747,-0.179747,-0.103437
F,-0.00390121,-0.103753,-0.103753,-0.107654
F,0.24863,-0.108996,-0.108996,0.139634
F,0.514708,-0.17516,-0.17516,0.339548
F,-0.165441,-0.126076,-0.126076,-0.291518
F,-0.0614493,-0.0721785,-0.0721785,-0.133628
F,0.224285,-0.163523,-0.163523,0.0607618
F,0.0496938,-0.163523,-0.163523,-0.113829
F,0.0493405,-0.128938,-0.128938,-0.0795977
F,0.130583,-0.081756,-0.081756,0.0488272
F,0.134979,-0.126076,-0.126076,0.00890209
F,-0.0371155,-0.126076,-0.126076,-0.163192
F,-0.0735248,-0.128938,-0.128938,-0.202463
F,-0.047757,-0.126076,-0.126076,-0.173833
F,-0.292582,-0.179747,-0.179747,-0.472329
F,-0.0118739,-0.097166,-0.097166,-0.10904
F,0.33432,-0.187191,-0.187191,0.147128
F,0.126601,-0.187191,-0.187191,-0.0605901
F,0.00418366,-0.129056,-0.129056,-0.124873
F,0.18356,-0.126076,-0.126076,0.0574831
F,-0.0581097,-0.108996,-0.108996,-0.167106
F,0.110517,-0.115231,-0.115231,-0.00471366
F,0.235504,-0.191228,-0.191228,0.0442761
F,0.50458,-0.120452,-0.120452,0.384128
F,0.0744815,-0.179747,-0.179747,-0.105266
F,0.363258,-0.0939089,-0.0939089,0.269349
F,0.39931,-0.128938,-0.128938,0.270372
F,0.0646686,-0.191228,-0.191228,-0.12656
F,0.343124,-0.147891,-0.147891,0.195233
F,0.0394257,-0.126076,-0.126076,-0.0866508
F,0.353231,-0.0939089,-0.0939089,0.259322
F,0.351019,-0.128938,-0.128938,0.222081
F,0.0488718,-0.17516,-0.17516,-0.126288
F,-0.116126,-0.179747,-0.179747,-0.295873
F,0.372156,-0.108996,-0.108996,0.26316
F,-0.0316596,-0.103753,-0.103753,-0.135412
F,0.391264,-0.163523,-0.163523,0.227741
F,-0.0602205,-0.0721785,-0.0721785,-0.132399
F,0.298859,-0.115231,-0.115231,0.183628
F,0.149321,-0.17516,-0.17516,-0.0258389
F,0.249274,-0.105791,-0.105791,0.143483
F,0.42667,-0.126076,-0.126076,0.300594
F,-0.183427,-0.126076,-0.126076,-0.309504
F,-0.304599,-0.207716,-0.207716,-0.512314
F,0.129198,-0.120452,-0.120452,0.00874566
F,0.0683882,-0.191228,-0.191228,-0.12284
F,0.0969675,-0.108996,-0.108996,-0.0120286
F,0.487139,-0.126076,-0.126076,0.361062
F,0.268656,-0.15497,-0.15497,0.113686
F,0.472455,-0.163523,-0.163523,0.308931
F,0.48898,-0.139293,-0.139293,0.349687
F,0.283884,-0.133295,-0.133295,0.150589
F,-0.127781,-0.179747,-0.179747,-0.307528
F,0.211137,-0.108996,-0.108996,0.102141
F,-0.16902,-0.128938,-0.128938,-0.297958
F,0.08152,-0.0939089,-0.0939089,-0.0123888
F,-0.102878,-0.179747,-0.179747,-0.282626
F,0.130267,-0.126076,-0.126076,0.00419025
F,0.215112,-0.179747,-0.179747,0.0353643
F,0.326826,-0.126076,-0.126076,0.20075
F,0.0631653,-0.187191,-0.187191,-0.124026
F,0.309567,-0.108996,-0.108996,0.200571
F,-0.0162311,-0.187191,-0.187191,-0.203423
F,0.140647,-0.126076,-0.126076,0.0145703
F,0.369033,-0.126076,-0.126076,0.242957
F,0.196348,-0.0721785,-0.0721785,0.124169
F,0.212337,-0.0939089,-0.0939089,0.118428
F,0.272672,-0.128938,-0.128938,0.143734
F,0.100372,-0.0939089,-0.0939089,0.006463
F,0.108766,-0.105791,-0.105791,0.00297524
F,0.553607,-0.179747,-0.179747,0.373859
F,-0.0374771,-0.0939089,-0.0939089,-0.131386
F,-0.313868,-0.126076,-0.126076,-0.439944
F,0.159354,-0.128938,-0.128938,0.0304162
F,0.285668,-0.128938,-0.128938,0.156729
F,0.370364,-0.163523,-0.163523,0.206841
F,0.461869,-0.17516,-0.17516,0.28671
F,0.222656,-0.126076,-0.126076,0.0965793
F,-0.0420651,-0.115231,-0.115231,-0.157296
F,0.290288,-0.128938,-0.128938,0.16135
F,0.2467,-0.207716,-0.207716,0.038984
F,0.262872,-0.126076,-0.126076,0.136796
F,-0.129653,-0.0939089,-0.0939089,-0.223562
F,0.512883,-0.126076,-0.126076,0.386807
F,0.170535,-0.0939089,-0.0939089,0.0766257
F,0.401156,-0.187191,-0.187191,0.213964
F,0.23087,-0.163523,-0.163523,0.0673469
F,0.254893,-0.0605462,-0.0605462,0.194347
F,0.0150197,-0.0564525,-0.0564525,-0.0414328
F,0.328129,-0.126076,-0.126076,0.202053
F,0.502243,-0.0939089,-0.0939089,0.408334
F,0.022659,-0.128938,-0.128938,-0.106279
F,0.0817211,-0.105791,-0.105791,-0.02407
F,0.20637,-0.17516,-0.17516,0.0312102
F,0.122586,-0.126076,-0.126076,-0.00349087
F,0.120145,-0.108996,-0.108996,0.0111492
F,0.113504,-0.163523,-0.163523,-0.0500196
F,-0.0812083,-0.179747,-0.179747,-0.260956
F,0.495252,-0.191228,-0.191228,0.304024
F,0.41539,-0.126076,-0.126076,0.289314
F,0.0993192,-0.164329,-0.164329,-0.0650102
F,0.4031,-0.0585399,-0.0585399,0.34456
F,-0.104413,-0.17516,-0.17516,-0.279573
F,0.0535424,-0.126076,-0.126076,-0.0725341
F,0.190642,-0.191228,-0.191228,-0.000586317
F,0.017713,-0.179747,-0.179747,-0.162034
F,0.364333,-0.105791,-0.105791,0.258542
F,0.061124,-0.0939089,-0.0939089,-0.0327849
F,0.0973825,-0.105791,-0.105791,-0.00840863
F,-0.120039,-0.0473943,-0.0473943,-0.167433
F,0.0386924,-0.126076,-0.126076,-0.087384
F,0.420203,-0.126076,-0.126076,0.294127
F,0.222714,-0.126076,-0.126076,0.0966375
F,-0.0882229,-0.187191,-0.187191,-0.275414
F,0.147487,-0.094254,-0.094254,0.0532334
F,-0.108679,-0.126076,-0.126076,-0.234756
F,0.635197,-0.0605462,-0.0605462,0.574651
F,-0.0379094,-0.179747,-0.179747,-0.217657
F,0.313255,-0.187191,-0.187191,0.126063
F,0.309457,-0.081756,-0.081756,0.227701
F,0.217152,-0.105791,-0.105791,0.111361
F,0.155338,-0.120159,-0.120159,0.0351795
F,0.0241784,-0.128938,-0.128938,-0.10476
F,0.108799,-0.17516,-0.17516,-0.0663612
F,-0.0755082,-0.139293,-0.139293,-0.214801
F,0.15569,-0.115231,-0.115231,0.040459
F,0.0272082,-0.0605462,-0.0605462,-0.033338
F,0.446184,-0.105791,-0.105791,0.340392
F,-0.143538,-0.0939089,-0.0939089,-0.237447
F,0.12791,-0.0939089,-0.0939089,0.0340016
F,-0.0850072,-0.119758,-0.119758,-0.204765
F,0.162352,-0.163523,-0.163523,-0.00117132
F,-0.079955,-0.147891,-0.147891,-0.227846
F,0.192538,-0.191228,-0.191228,0.00130993
F,0.335311,-0.15497,-0.15497,0.180342
F,0.429474,-0.164329,-0.164329,0.265145
F,0.31869,-0.126076,-0.126076,0.192614
F,0.270633,-0.17516,-0.17516,0.0954727
F,0.658897,-0.128938,-0.128938,0.529959
F,-0.0168402,-0.126076,-0.126076,-0.142917
F,0.190734,-0.191228,-0.191228,-0.000493902
F,0.479591,-0.179747,-0.179747,0.299843
F,0.0481534,-0.191228,-0.191228,-0.143075
F,-0.145744,-0.179747,-0.179747,-0.325492
F,0.229675,-0.179747,-0.179747,0.0499277
F,-0.0259365,-0.133295,-0.133295,-0.159232
F,0.158381,-0.0939089,-0.0939089,0.0644717
F,0.330341,-0.179747,-0.179747,0.150593
F,0.0348504,-0.115231,-0.115231,-0.0803804
F,0.125644,-0.0939089,-0.0939089,0.0317351
F,0.0303642,-0.147891,-0.147891,-0.117527
F,-0.120106,-0.0605462,-0.0605462,-0.180652
F,-0.167486,-0.0939089,-0.0939089,-0.261394
F,0.0247162,-0.128938,-0.128938,-0.104222
F,0.46814,-0.133295,-0.133295,0.334844
F,0.0547618,-0.105791,-0.105791,-0.0510293
F,-0.268007,-0.147891,-0.147891,-0.415898
F,-0.0720154,-0.094254,-0.094254,-0.166269
F,0.485123,-0.108996,-0.108996,0.376127
F,-0.0406467,-0.191228,-0.191228,-0.231875
F,0.0297838,-0.191228,-0.191228,-0.161444
F,0.0380375,-0.126076,-0.126076,-0.088039
F,0.257384,-0.179747,-0.179747,0.077637
F,0.168894,-0.179747,-0.179747,-0.0108533
F,0.247474,-0.138961,-0.138961,0.108514
F,-0.00366155,-0.179747,-0.179747,-0.183409
F,0.110205,-0.0939089,-0.0939089,0.0162964
F,-0.017148,-0.191228,-0.191228,-0.208376
F,0.268294,-0.17516,-0.17516,0.0931346
F,-0.0384544,-0.179747,-0.179747,-0.218202
F,0.319635,-0.126076,-0.126076,0.193558
F,0.071932,-0.126076,-0.126076,-0.0541445
F,0.0500999,-0.164329,-0.164329,-0.114229
F,0.0730834,-0.179747,-0.179747,-0.106664
F,0.133935,-0.007826,-0.007826,0.126109
F,0.145237,-0.105791,-0.105791,0.0394457
F,0.139616,-0.187191,-0.187191,-0.0475754
F,0.0923281,-0.126076,-0.126076,-0.0337484
F,0.200637,-0.126076,-0.126076,0.0745603
F,-0.120878,-0.0939089,-0.0939089,-0.214787
F,0.16649,-0.126076,-0.126076,0.0404137
F,0.0108504,-0.126076,-0.126076,-0.115226
F,-0.399024,-0.126076,-0.126076,-0.5251
F,0.00588776,-0.0939089,-0.0939089,-0.0880211
F,0.161135,-0.126076,-0.126076,0.0350588
F,0.0425199,-0.17516,-0.17516,-0.13264
F,-0.129221,-0.179747,-0.179747,-0.308969
F,0.0191212,-0.128938,-0.128938,-0.109817
F,-0.0901367,-0.126076,-0.126076,-0.216213
F,0.362615,-0.179747,-0.179747,0.182867
F,0.19915,-0.0721785,-0.0721785,0.126972
F,0.448621,-0.0939089,-0.0939089,0.354712
F,0.0527454,-0.0721785,-0.0721785,-0.0194331
F,0.285148,-0.316561,-0.316561,-0.0314128
F,-0.076036,-0.179747,-0.179747,-0.255783
F,-0.113116,-0.179747,-0.179747,-0.292863
F,0.224176,-0.126076,-0.126076,0.0980993
F,0.0558189,-0.133295,-0.133295,-0.0774764
F,0.208023,-0.17516,-0.17516,0.0328636
F,-0.047308,-0.103753,-0.103753,-0.151061
F,0.330068,-0.115231,-0.115231,0.214837
F,0.222043,-0.133295,-0.133295,0.0887479
F,0.179539,-0.126076,-0.126076,0.0534623
F,0.484181,-0.15497,-0.15497,0.329211
F,0.130124,-0.126076,-0.126076,0.00404749
F,0.591062,-0.179747,-0.179747,0.411315
F,0.373727,-0.115231,-0.115231,0.258497
F,0.0511551,-0.126076,-0.126076,-0.0749213
F,0.29742,-0.0939089,-0.0939089,0.203511
F,0.244836,-0.155248,-0.155248,0.0895883
F,0.184066,-0.0939089,-0.0939089,0.0901568
F,-0.102137,-0.103571,-0.103571,-0.205708
F,0.459878,-0.120452,-0.120452,0.339426
F,0.390826,-0.126076,-0.126076,0.264749
F,0.371138,-0.179747,-0.179747,0.191391
F,0.079389,-0.187191,-0.187191,-0.107802
F,0.356031,-0.179747,-0.179747,0.176284
F,0.141946,-0.179747,-0.179747,-0.0378019
F,-0.0869866,-0.191228,-0.191228,-0.278215
F,0.0171073,-0.0939089,-0.0939089,-0.0768015
F,0.126965,-0.126076,-0.126076,0.000888571
F,-0.0931157,-0.0939089,-0.0939089,-0.187025
F,-0.119858,-0.128938,-0.128938,-0.248796
F,0.490435,-0.108996,-0.108996,0.381439
F,-0.180249,-0.097166,-0.097166,-0.277415
F,0.458105,-0.179747,-0.179747,0.278358
F,0.275562,-0.163523,-0.163523,0.112039
F,0.181624,-0.191228,-0.191228,-0.00960388
F,0.0894921,-0.115231,-0.115231,-0.0257387
F,0.299663,-0.128938,-0.128938,0.170725
F,0.0838551,-0.0939089,-0.0939089,-0.0100538
F,0.110955,-0.0897183,-0.0897183,0.0212365
F,0.330612,-0.0605462,-0.0605462,0.270066
F,0.0991562,-0.0939089,-0.0939089,0.00524733
F,0.0721961,-0.179747,-0.179747,-0.107551
F,0.556061,-0.126076,-0.126076,0.429985
F,-0.0121816,-0.0939089,-0.0939089,-0.10609
F,0.0546399,-0.17516,-0.17516,-0.12052
F,0.35254,-0.17516,-0.17516,0.177381
F,-0.266502,-0.126076,-0.126076,-0.392579
F,0.25573,-0.163523,-0.163523,0.0922073
F,0.00907649,-0.126076,-0.126076,-0.117
F,-0.109732,-0.131146,-0.131146,-0.240879
F,-0.0804701,-0.108996,-0.108996,-0.189466
F,0.458851,-0.126076,-0.126076,0.332775
F,0.200312,-0.126076,-0.126076,0.0742353
F,0.266434,-0.0605462,-0.0605462,0.205887
F,0.1379,-0.0605462,-0.0605462,0.0773538
F,0.223878,-0.128938,-0.128938,0.0949393
F,-0.0370122,-0.163523,-0.163523,-0.200535
F,0.231768,-0.0939089,-0.0939089,0.137859
F,0.30857,-0.115231,-0.115231,0.193339
F,0.132985,-0.126076,-0.126076,0.00690806
F,0.236037,-0.074186,-0.074186,0.161851
F,0.433844,-0.17516,-0.17516,0.258684
F,0.112782,-0.0605462,-0.0605462,0.0522361
F,-0.168172,-0.0605462,-0.0605462,-0.228719
F,0.358509,-0.133295,-0.133295,0.225214
F,-0.040011,-0.179747,-0.179747,-0.219758
F,0.00259268,-0.179747,-0.179747,-0.177155
F,-0.380262,-0.126076,-0.126076,-0.506339
F,0.041569,-0.179747,-0.179747,-0.138178
F,0.0595947,-0.126076,-0.126076,-0.0664818
F,0.26224,-0.0939089,-0.0939089,0.168331
F,0.309978,-0.191228,-0.191228,0.11875
F,-0.176401,-0.179747,-0.179747,-0.356148
F,0.209026,-0.191228,-0.191228,0.0177977
F,0.0294161,-0.126076,-0.126076,-0.0966604
F,0.115684,-0.163523,-0.163523,-0.0478393
F,0.152672,-0.0939089,-0.0939089,0.0587628
F,-0.0353158,-0.17516,-0.17516,-0.210476
F,0.149843,-0.115231,-0.115231,0.0346121
F,-0.336756,-0.126076,-0.126076,-0.462833
F,-0.243981,-0.074186,-0.074186,-0.318167
F,-0.239335,-0.17516,-0.17516,-0.414494
F,0.364422,-0.179747,-0.179747,0.184674
F,-0.00756724,-0.179747,-0.179747,-0.187315
F,0.42146,-0.17516,-0.17516,0.2463
F,0.38578,-0.0939089,-0.0939089,0.291871
F,-0.155462,-0.17516,-0.17516,-0.330622
F,-0.102846,-0.126076,-0.126076,-0.228923
F,0.0625755,-0.163523,-0.163523,-0.100948
F,-0.0463279,-0.17516,-0.17516,-0.221488
F,0.0378744,-0.179747,-0.179747,-0.141873
F,0.229664,-0.187191,-0.187191,0.0424727
F,0.405577,-0.0939089,-0.0939089,0.311668
F,0.0460759,-0.126076,-0.126076,-0.0800006
F,0.153207,-0.0939089,-0.0939089,0.0592984
F,-0.0106736,-0.105791,-0.105791,-0.116465
F,0.445604,-0.081756,-0.081756,0.363848
F,0.373082,-0.179747,-0.179747,0.193335
F,0.230375,-0.179747,-0.179747,0.0506279
F,0.229076,-0.103753,-0.103753,0.125324
F,-0.0335647,-0.0939089,-0.0939089,-0.127474
F,0.2703,-0.094254,-0.094254,0.176046
F,0.141972,-0.128938,-0.128938,0.0130337
F,0.286219,-0.094254,-0.094254,0.191965
F,0.3115,-0.0605462,-0.0605462,0.250954
F,-0.216173,-0.0473943,-0.0473943,-0.263567
F,0.0575242,-0.126076,-0.126076,-0.0685523
F,0.406405,-0.0605462,-0.0605462,0.345859
F,-0.269825,-0.112675,-0.112675,-0.3825
F,0.0147276,-0.179747,-0.179747,-0.16502
F,0.502153,-0.115231,-0.115231,0.386923
F,0.0284234,-0.191228,-0.191228,-0.162805
F,-0.230175,-0.105791,-0.105791,-0.335966
F,-0.0926279,-0.164329,-0.164329,-0.256957
F,0.0789482,-0.126076,-0.126076,-0.0471282
F,0.421391,-0.0939089,-0.0939089,0.327483
F,-0.107195,-0.191228,-0.191228,-0.298424
F,0.0646879,-0.0939089,-0.0939089,-0.0292209
F,0.0828808,-0.126076,-0.126076,-0.0431956
F,-0.0128977,-0.0605462,-0.0605462,-0.0734439
F,0.317964,-0.074186,-0.074186,0.243778
F,0.173726,-0.138961,-0.138961,0.0347654
F,0.0817897,-0.191228,-0.191228,-0.109438
F,-0.281371,-0.179747,-0.179747,-0.461118
F,0.197115,-0.179747,-0.179747,0.0173678
F,0.232574,-0.081756,-0.081756,0.150818
F,0.215724,-0.081756,-0.081756,0.133968
F,0.210342,-0.191228,-0.191228,0.0191142
F,-0.0851096,-0.126076,-0.126076,-0.211186
F,0.532865,-0.120159,-0.120159,0.412707
F,0.0209572,-0.17516,-0.17516,-0.154203
F,0.414056,-0.081756,-0.081756,0.3323
F,0.34198,-0.131146,-0.131146,0.210834
F,0.198472,-0.102227,-0.102227,0.0962447
F,0.247065,-0.126076,-0.126076,0.120989
F,0.191853,-0.108996,-0.108996,0.0828568
F,-0.0508668,-0.179747,-0.179747,-0.230614
F,-0.0963028,-0.0939089,-0.0939089,-0.190212
F,0.457805,-0.207716,-0.207716,0.250089
F,0.123244,-0.0605462,-0.0605462,0.0626978
F,-0.0783153,-0.15497,-0.15497,-0.233285
F,0.355156,-0.0939089,-0.0939089,0.261247
F,0.248904,-0.147891,-0.147891,0.101013
F,0.360178,-0.103753,-0.103753,0.256426
F,0.181067,-0.187191,-0.187191,-0.00612414
F,0.042304,-0.0605462,-0.0605462,-0.0182422
F,-0.3555,-0.191228,-0.191228,-0.546728
F,0.0144642,-0.163523,-0.163523,-0.149059
F,0.183433,-0.115231,-0.115231,0.0682026
F,0.048948,-0.0939089,-0.0939089,-0.0449608
F,0.339919,-0.163523,-0.163523,0.176396
F,0.158552,-0.0939089,-0.0939089,0.0646433
F,-0.0347722,-0.103571,-0.103571,-0.138343
F,0.418807,-0.163523,-0.163523,0.255284
F,0.212823,-0.17516,-0.17516,0.0376631
F,-0.158004,-0.0605462,-0.0605462,-0.218551
F,0.00218946,-0.17516,-0.17516,-0.17297
F,-0.196894,-0.191228,-0.191228,-0.388123
F,-0.458072,-0.0939089,-0.0939089,-0.55198
F,0.0825639,-0.094254,-0.094254,-0.0116901
F,-0.400353,-0.0473943,-0.0473943,-0.447747
F,0.121646,-0.126076,-0.126076,-0.00443015
F,-0.064938,-0.105791,-0.105791,-0.170729
F,0.271233,-0.0605462,-0.0605462,0.210687
F,0.324752,-0.191228,-0.191228,0.133524
F,0.0234324,-0.179747,-0.179747,-0.156315
F,0.212849,-0.126076,-0.126076,0.0867721
F,0.190443,-0.126076,-0.126076,0.0643664
F,0.244489,-0.126076,-0.126076,0.118413
F,0.20947,-0.187191,-0.187191,0.0222787
F,0.177903,-0.074186,-0.074186,0.103717
F,-0.000384739,-0.191228,-0.191228,-0.191613
F,0.0932953,-0.126076,-0.126076,-0.0327811
F,0.173623,-0.17516,-0.17516,-0.00153662
F,0.306029,-0.0939089,-0.0939089,0.21212
F,0.169043,-0.126076,-0.126076,0.0429669
F,-0.0353549,-0.108996,-0.108996,-0.144351
F,0.155063,-0.115231,-0.115231,0.0398326
F,0.0792798,-0.0939089,-0.0939089,-0.014629
F,0.252571,-0.0939089,-0.0939089,0.158663
F,0.261259,-0.128938,-0.128938,0.132321
F,0.19606,-0.0939089,-0.0939089,0.102151
F,-0.0877054,-0.126076,-0.126076,-0.213782
F,0.185892,-0.128938,-0.128938,0.0569534
F,0.028922,-0.0605462,-0.0605462,-0.0316242
F,0.25265,-0.163523,-0.163523,0.0891272
F,0.234414,-0.105791,-0.105791,0.128623
F,0.371344,-0.191228,-0.191228,0.180116
F,0.40077,-0.139293,-0.139293,0.261477
F,0.254691,-0.120159,-0.120159,0.134532
F,-0.0704046,-0.103571,-0.103571,-0.173976
F,0.157883,-0.163523,-0.163523,-0.00563988
F,-0.073731,-0.191228,-0.191228,-0.264959
F,0.432677,-0.163523,-0.163523,0.269154
F,0.450091,-0.128938,-0.128938,0.321153
F,0.140418,-0.126076,-0.126076,0.014342
F,0.35549,-0.0939089,-0.0939089,0.261581
F,-0.0424263,-0.179747,-0.179747,-0.222174
F,-0.379984,-0.0605462,-0.0605462,-0.44053
F,0.066263,-0.126076,-0.126076,-0.0598134
F,-0.0306111,-0.126076,-0.126076,-0.156688
F,0.269374,-0.126076,-0.126076,0.143297
F,0.0973547,-0.179747,-0.179747,-0.0823927
F,0.0694654,-0.105791,-0.105791,-0.0363257
F,0.230253,-0.0939089,-0.0939089,0.136345
F,0.252794,-0.191228,-0.191228,0.0615657
F,-0.212552,-0.17516,-0.17516,-0.387712
F,0.28634,-0.103571,-0.103571,0.182769
F,-0.0492298,-0.128938,-0.128938,-0.178168
F,0.00145984,-0.163523,-0.163523,-0.162063
F,-0.0903847,-0.126076,-0.126076,-0.216461
F,-0.0776396,-0.0939089,-0.0939089,-0.171548
F,0.451414,-0.128938,-0.128938,0.322476
F,-0.0442363,-0.191228,-0.191228,-0.235464
F,0.133037,-0.179747,-0.179747,-0.0467104
F,0.180871,-0.0605462,-0.0605462,0.120325
F,-0.0480223,-0.126076,-0.126076,-0.174099
F,-0.188725,-0.0939089,-0.0939089,-0.282633
F,0.264567,-0.115231,-0.115231,0.149336
F,0.280042,-0.316561,-0.316561,-0.0365194
F,0.710613,-0.133295,-0.133295,0.577318
F,0.154706,-0.17516,-0.17516,-0.0204534
F,-0.2318,-0.191228,-0.191228,-0.423029
F,-0.00916467,-0.133295,-0.133295,-0.14246
F,-0.131001,-0.17516,-0.17516,-0.30616
F,0.229488,-0.103571,-0.103571,0.125917
F,0.270364,-0.0605462,-0.0605462,0.209818
F,-0.103151,-0.187191,-0.187191,-0.290343
F,0.456397,-0.0939089,-0.0939089,0.362489
F,0.373682,-0.191228,-0.191228,0.182454
F,0.237265,-0.115231,-0.115231,0.122035
F,0.292892,-0.126076,-0.126076,0.166816
F,0.197405,-0.179747,-0.179747,0.017658
F,0.0461272,-0.115231,-0.115231,-0.0691036
F,0.607298,-0.147891,-0.147891,0.459407
F,0.220408,-0.126076,-0.126076,0.0943315
F,0.260594,-0.126076,-0.126076,0.134517
F,0.155921,-0.0939089,-0.0939089,0.0620117
F,0.0773497,-0.0939089,-0.0939089,-0.0165591
F,0.31904,-0.17516,-0.17516,0.14388
F,0.415536,-0.164329,-0.164329,0.251206
F,0.493068,-0.147891,-0.147891,0.345177
F,0.313391,-0.163523,-0.163523,0.149868
F,0.3062,-0.128938,-0.128938,0.177262
F,0.305819,-0.081756,-0.081756,0.224063
F,0.170148,-0.105791,-0.105791,0.0643569
F,0.477169,-0.17516,-0.17516,0.30201
F,-0.212136,-0.17516,-0.17516,-0.387296
F,-0.170124,-0.112675,-0.112675,-0.282799
F,0.337609,-0.17516,-0.17516,0.162449
F,0.267288,-0.163523,-0.163523,0.103765
F,0.209111,-0.108996,-0.108996,0.100115
F,0.0180928,-0.0939089,-0.0939089,-0.075816
F,0.373855,-0.081756,-0.081756,0.292099
F,0.311132,-0.0939089,-0.0939089,0.217223
F,0.149304,-0.129056,-0.129056,0.0202474
F,0.364465,-0.17516,-0.17516,0.189305
F,0.0249838,-0.115231,-0.115231,-0.090247
F,-0.350574,-0.17516,-0.17516,-0.525733
F,0.0959691,-0.126076,-0.126076,-0.0301074
F,0.109393,-0.0939089,-0.0939089,0.0154844
F,0.273637,-0.17516,-0.17516,0.0984773
F,0.388939,-0.126076,-0.126076,0.262863
F,0.629718,-0.0283817,-0.0283817,0.601337
F,0.563252,-0.163523,-0.163523,0.399729
F,0.336527,-0.105791,-0.105791,0.230736
F,-0.00376511,-0.105791,-0.105791,-0.109556
F,0.490996,-0.179747,-0.179747,0.311249
F,0.201396,-0.17516,-0.17516,0.0262363
F,0.207219,-0.103571,-0.103571,0.103648
F,-0.0406223,-0.128938,-0.128938,-0.169561
F,0.283813,-0.126076,-0.126076,0.157737
F,-0.0427179,-0.191228,-0.191228,-0.233946
F,0.273433,-0.0939089,-0.0939089,0.179524
F,0.334928,-0.115231,-0.115231,0.219698
F,0.710968,-0.126076,-0.126076,0.584892
F,0.140124,-0.207716,-0.207716,-0.0675917
F,0.498395,-0.191228,-0.191228,0.307167
F,0.025673,-0.163523,-0.163523,-0.13785
F,0.521116,-0.0939089,-0.0939089,0.427207
F,-0.132367,-0.103753,-0.103753,-0.23612
F,0.337547,-0.0939089,-0.0939089,0.243638
F,0.309824,-0.120159,-0.120159,0.189665
F,0.175297,-0.105791,-0.105791,0.069506
F,0.402735,-0.105791,-0.105791,0.296944
F,0.0708709,-0.17516,-0.17516,-0.104289
F,0.0338874,-0.126076,-0.126076,-0.0921891
F,-0.00379659,-0.126076,-0.126076,-0.129873
F,-0.0838954,-0.0939089,-0.0939089,-0.177804
F,-0.0763174,-0.0939089,-0.0939089,-0.170226
F,0.184977,-0.126076,-0.126076,0.0589002
F,0.620038,-0.120452,-0.120452,0.499586
F,-0.114486,-0.0939089,-0.0939089,-0.208395
F,-0.231605,-0.126076,-0.126076,-0.357681
F,0.0172351,-0.105791,-0.105791,-0.088556
F,-0.0564686,-0.187191,-0.187191,-0.24366
F,-0.239566,-0.105791,-0.105791,-0.345357
F,0.0587034,-0.108996,-0.108996,-0.0502926
F,0.122135,-0.103571,-0.103571,0.0185634
F,0.154999,-0.105791,-0.105791,0.0492084
F,0.388789,-0.126076,-0.126076,0.262713
F,0.146375,-0.105791,-0.105791,0.0405841
F,0.222118,-0.074186,-0.074186,0.147932
F,0.339709,-0.129056,-0.129056,0.210652
F,-0.0378086,-0.0283817,-0.0283817,-0.0661903
F,-0.0642518,-0.128938,-0.128938,-0.19319
F,0.190174,-0.179747,-0.179747,0.0104261
F,0.31425,-0.179747,-0.179747,0.134502
F,0.280476,-0.105791,-0.105791,0.174685
F,0.364408,-0.179747,-0.179747,0.18466
F,0.211328,-0.179747,-0.179747,0.031581
F,0.284469,-0.0939089,-0.0939089,0.19056
F,0.274361,-0.0939089,-0.0939089,0.180452
F,0.0499509,-0.126076,-0.126076,-0.0761255
F,0.0779692,-0.0939089,-0.0939089,-0.0159397
F,-0.380317,-0.0939089,-0.0939089,-0.474226
F,0.0145408,-0.126076,-0.126076,-0.111536
F,-0.102815,-0.126076,-0.126076,-0.228892
F,0.216403,-0.179747,-0.179747,0.0366558
F,0.301837,-0.147891,-0.147891,0.153946
F,0.0586721,-0.081756,-0.081756,-0.023084
F,0.21316,-0.128938,-0.128938,0.0842221
F,0.361154,-0.120452,-0.120452,0.240702
F,0.248128,-0.191228,-0.191228,0.0569003
F,0.214143,-0.115231,-0.115231,0.0989126
F,0.217101,-0.163523,-0.163523,0.0535775
F,-0.240825,-0.081756,-0.081756,-0.322581
F,-0.0988949,-0.163523,-0.163523,-0.262418
F,0.293873,-0.147891,-0.147891,0.145982
F,0.167339,-0.187191,-0.187191,-0.0198525
F,-0.215124,-0.163523,-0.163523,-0.378647
F,-0.227546,-0.164329,-0.164329,-0.391875
F,0.394331,-0.17516,-0.17516,0.219171
F,0.161259,-0.0939089,-0.0939089,0.0673505
F,0.235375,-0.0939089,-0.0939089,0.141466
F,-0.194396,-0.126076,-0.126076,-0.320472
F,0.442343,-0.125206,-0.125206,0.317138
F,0.00899555,-0.163523,-0.163523,-0.154528
F,-0.179942,-0.179747,-0.179747,-0.35969
F,-0.205058,-0.147891,-0.147891,-0.352949
F,0.318205,-0.163523,-0.163523,0.154682
F,-0.0347857,-0.164329,-0.164329,-0.199115
F,-0.0462065,-0.0939089,-0.0939089,-0.140115
F,-0.108966,-0.0939089,-0.0939089,-0.202875
F,0.163802,-0.0605462,-0.0605462,0.103256
F,0.330114,-0.0346076,-0.0346076,0.295506
F,0.177964,-0.0939089,-0.0939089,0.0840551
F,0.0209432,-0.007826,-0.007826,0.0131172
F,0.294029,-0.0939089,-0.0939089,0.200121
F,0.195456,-0.15497,-0.15497,0.0404859
F,0.290996,-0.0939089,-0.0939089,0.197087
F,0.255652,-0.17516,-0.17516,0.0804924
F,0.175178,-0.081756,-0.081756,0.0934221
F,0.61441,-0.163523,-0.163523,0.450887
F,0.157482,-0.126076,-0.126076,0.0314055
F,0.0570631,-0.191228,-0.191228,-0.134165
F,0.00399589,-0.179747,-0.179747,-0.175752
F,0.211337,-0.126076,-0.126076,0.0852609
F,0.153269,-0.128938,-0.128938,0.0243303
F,0.291356,-0.191228,-0.191228,0.100128
F,0.376648,-0.094254,-0.094254,0.282393
F,0.410194,-0.17516,-0.17516,0.235034
F,-0.0429485,-0.105791,-0.105791,-0.14874
F,0.0908363,-0.126076,-0.126076,-0.0352402
F,0.195418,-0.0939089,-0.0939089,0.10151
F,0.0835811,-0.0939089,-0.0939089,-0.0103278
F,-0.102393,-0.0939089,-0.0939089,-0.196301
F,0.404846,-0.179747,-0.179747,0.225098
F,-0.0750476,-0.0939089,-0.0939089,-0.168956
F,0.136918,-0.179747,-0.179747,-0.042829
F,-0.0379858,-0.126076,-0.126076,-0.164062
F,0.215777,-0.128938,-0.128938,0.0868393
F,0.097506,-0.22901,-0.22901,-0.131504
F,0.129973,-0.126076,-0.126076,0.0038962
F,0.338557,-0.0939089,-0.0939089,0.244648
F,0.317422,-0.163523,-0.163523,0.153899
F,-0.00230813,-0.179747,-0.179747,-0.182056
F,0.270915,-0.0939089,-0.0939089,0.177006
F,0.134237,-0.0939089,-0.0939089,0.0403279
F,-0.128128,-0.17516,-0.17516,-0.303288
F,0.0611745,-0.128938,-0.128938,-0.0677637
F,0.420517,-0.179747,-0.179747,0.24077
F,0.294127,-0.126076,-0.126076,0.168051
F,0.285851,-0.128938,-0.128938,0.156913
F,0.141776,-0.126076,-0.126076,0.0156993
F,-0.0391919,-0.0939089,-0.0939089,-0.133101
F,0.203784,-0.179747,-0.179747,0.0240368
F,0.190781,-0.126076,-0.126076,0.0647043
F,-0.046013,-0.094254,-0.094254,-0.140267
F,0.198583,-0.0939089,-0.0939089,0.104674
F,0.125649,-0.126076,-0.126076,-0.000427348
F,0.0581584,-0.147891,-0.147891,-0.0897325
F,-0.0253456,-0.191228,-0.191228,-0.216574
F,-0.239484,-0.179747,-0.179747,-0.419231
F,0.154294,-0.128938,-0.128938,0.025356
F,-0.23372,-0.147891,-0.147891,-0.381611
F,-0.23264,-0.179747,-0.179747,-0.412387
F,0.568727,-0.126076,-0.126076,0.44265
F,0.0629587,-0.108996,-0.108996,-0.0460373
F,0.190959,-0.094254,-0.094254,0.096705
F,0.381418,-0.179747,-0.179747,0.20167
F,-0.0930468,-0.128938,-0.128938,-0.221985
F,0.200482,-0.0939089,-0.0939089,0.106573
F,0.0335056,-0.126076,-0.126076,-0.0925708
F,-0.0873918,-0.179747,-0.179747,-0.267139
F,0.28523,-0.0939089,-0.0939089,0.191321
F,-0.143805,-0.17516,-0.17516,-0.318964
F,0.105503,-0.191228,-0.191228,-0.0857254
F,0.293076,-0.126076,-0.126076,0.167
F,0.103609,-0.0939089,-0.0939089,0.00970012
F,-0.35401,-0.097166,-0.097166,-0.451176
F,0.590086,-0.163523,-0.163523,0.426562
F,0.033646,-0.0939089,-0.0939089,-0.0602628
F,0.289913,-0.105791,-0.105791,0.184121
F,-0.115405,-0.129056,-0.129056,-0.244461
F,0.220182,-0.128938,-0.128938,0.0912438
F,0.15266,-0.126076,-0.126076,0.0265839
F,-0.189491,-0.17516,-0.17516,-0.364651
F,0.161214,-0.191228,-0.191228,-0.0300137
F,0.192808,-0.115231,-0.115231,0.0775769
F,0.613623,-0.147891,-0.147891,0.465732
F,0.0483327,-0.128938,-0.128938,-0.0806055
F,0.0459876,-0.126076,-0.126076,-0.0800889
F,0.385748,-0.126076,-0.126076,0.259672
F,0.338956,-0.163523,-0.163523,0.175433
F,0.381916,-0.0605462,-0.0605462,0.32137
F,0.405873,-0.081756,-0.081756,0.324117
F,0.313297,-0.094254,-0.094254,0.219043
F,0.42372,-0.179747,-0.179747,0.243973
F,-0.0299118,-0.0939089,-0.0939089,-0.123821
F,0.129015,-0.112675,-0.112675,0.0163402
F,-0.0170018,-0.164329,-0.164329,-0.181331
F,0.1984,-0.102227,-0.102227,0.0961733
F,0.0804014,-0.126076,-0.126076,-0.045675
F,0.372059,-0.126076,-0.126076,0.245983
F,-0.282859,-0.126076,-0.126076,-0.408935
F,-0.030139,-0.0605462,-0.0605462,-0.0906852
F,-0.139157,-0.126076,-0.126076,-0.265234
F,0.664524,-0.191228,-0.191228,0.473296
F,0.27214,-0.17516,-0.17516,0.0969806
F,0.0943058,-0.0939089,-0.0939089,0.000396922
F,0.00723898,-0.128938,-0.128938,-0.121699
F,0.0882153,-0.126076,-0.126076,-0.0378611
F,0.245885,-0.128938,-0.128938,0.116947
F,-0.211122,-0.115231,-0.115231,-0.326353
F,-0.145004,-0.155248,-0.155248,-0.300252
F,-0.11589,-0.147891,-0.147891,-0.263781
F,-0.036427,-0.133295,-0.133295,-0.169722
F,0.361259,-0.126076,-0.126076,0.235182
F,0.234735,-0.112675,-0.112675,0.122061
F,0.141095,-0.133295,-0.133295,0.00779978
F,0.175173,-0.0605462,-0.0605462,0.114627
F,0.028829,-0.17516,-0.17516,-0.146331
F,0.0803952,-0.126076,-0.126076,-0.0456812
F,-0.0397308,-0.126076,-0.126076,-0.165807
F,0.259169,-0.126076,-0.126076,0.133092
F,0.126374,-0.0939089,-0.0939089,0.0324653
F,0.171341,-0.128938,-0.128938,0.0424026
F,0.162864,-0.0939089,-0.0939089,0.0689555
F,-0.35542,-0.147891,-0.147891,-0.503311
F,0.170943,-0.17516,-0.17516,-0.00421677
F,0.193479,-0.0939089,-0.0939089,0.09957
F,-0.0424664,-0.147891,-0.147891,-0.190357
F,0.234783,-0.0939089,-0.0939089,0.140874
F,-0.10938,-0.0939089,-0.0939089,-0.203289
F,0.00129019,-0.105791,-0.105791,-0.104501
F,0.316199,-0.081756,-0.081756,0.234443
F,0.3718,-0.0939089,-0.0939089,0.277891
F,0.162882,-0.126076,-0.126076,0.0368057
F,0.343591,-0.126076,-0.126076,0.217515
F,0.230743,-0.128938,-0.128938,0.101805
F,0.147722,-0.147891,-0.147891,-0.000169118
F,0.222584,-0.129056,-0.129056,0.0935279
F,0.00295754,-0.081756,-0.081756,-0.0787985
F,0.249894,-0.191228,-0.191228,0.0586655
F,-0.233698,-0.126076,-0.126076,-0.359775
F,-0.215755,-0.007826,-0.007826,-0.223581
F,-0.00778302,-0.179747,-0.179747,-0.18753
F,0.439436,-0.126076,-0.126076,0.31336
F,0.274484,-0.191228,-0.191228,0.0832554
F,0.136333,-0.0939089,-0.0939089,0.042424
F,0.0197367,-0.0974241,-0.0974241,-0.0776874
F,0.417881,-0.126076,-0.126076,0.291804
F,0.258551,-0.120452,-0.120452,0.138099
F,0.411663,-0.163523,-0.163523,0.24814
F,0.0418692,-0.128938,-0.128938,-0.087069
F,0.653377,-0.126076,-0.126076,0.527301
F,-0.0227118,-0.102227,-0.102227,-0.124939
F,-0.234099,-0.126076,-0.126076,-0.360175
F,-0.0568242,-0.108996,-0.108996,-0.16582
F,0.234398,-0.0939089,-0.0939089,0.140489
F,-0.246966,-0.094254,-0.094254,-0.34122
F,0.291088,-0.133295,-0.133295,0.157792
F,0.0993569,-0.17516,-0.17516,-0.0758029
F,0.268125,-0.179747,-0.179747,0.0883776
F,0.250294,-0.147891,-0.147891,0.102403
F,0.190208,-0.094254,-0.094254,0.0959542
F,0.0586767,-0.17516,-0.17516,-0.116483
F,0.43148,-0.0939089,-0.0939089,0.337571
F,0.059534,-0.126076,-0.126076,-0.0665424
F,0.0302652,-0.133295,-0.133295,-0.10303
F,0.200709,-0.126076,-0.126076,0.0746324
F,0.296524,-0.179747,-0.179747,0.116777
F,-0.200656,-0.126076,-0.126076,-0.326733
F,-0.161431,-0.0939089,-0.0939089,-0.25534
F,0.206577,-0.126076,-0.126076,0.0805003
F,0.0489111,-0.17516,-0.17516,-0.126249
F,0.0511385,-0.191228,-0.191228,-0.14009
F,-0.0618954,-0.179747,-0.179747,-0.241643
F,-0.0663354,-0.126076,-0.126076,-0.192412
F,0.0151318,-0.126076,-0.126076,-0.110945
F,0.0718597,-0.0605462,-0.0605462,0.0113135
F,0.703565,-0.108996,-0.108996,0.594569
F,-0.0126545,-0.081756,-0.081756,-0.0944105
F,-0.0480221,-0.191228,-0.191228,-0.23925
F,0.23319,-0.0939089,-0.0939089,0.139281
F,-0.120953,-0.163523,-0.163523,-0.284476
F,-0.245864,-0.126076,-0.126076,-0.37194
F,0.0860396,-0.126076,-0.126076,-0.0400369
F,-0.143364,-0.129056,-0.129056,-0.27242
F,0.0872163,-0.147891,-0.147891,-0.0606746
F,-0.0605111,-0.115231,-0.115231,-0.175742
F,0.0466019,-0.126076,-0.126076,-0.0794745
F,0.113906,-0.0605462,-0.0605462,0.0533595
F,-0.0747691,-0.0939089,-0.0939089,-0.168678
F,0.113746,-0.179747,-0.179747,-0.0660011
F,0.401742,-0.097166,-0.097166,0.304576
F,0.210126,-0.163523,-0.163523,0.0466033
F,0.0240128,-0.179747,-0.179747,-0.155735
F,0.268034,-0.0939089,-0.0939089,0.174125
F,0.197201,-0.17516,-0.17516,0.022041
F,-0.0565648,-0.115231,-0.115231,-0.171796
F,0.107622,-0.007826,-0.007826,0.0997962
F,0.127548,-0.115231,-0.115231,0.0123176
F,0.2092,-0.094254,-0.094254,0.114946
F,-0.0840075,-0.105791,-0.105791,-0.189799
F,0.616867,-0.0939089,-0.0939089,0.522958
F,0.0826047,-0.105791,-0.105791,-0.0231864
F,0.0795759,-0.108996,-0.108996,-0.0294201
F,0.223286,-0.187191,-0.187191,0.0360948
F,0.117775,-0.15497,-0.15497,-0.0371947
F,0.38015,-0.126076,-0.126076,0.254074
F,0.0133035,-0.126076,-0.126076,-0.112773
F,0.0051757,-0.17516,-0.17516,-0.169984
F,0.172472,-0.0605462,-0.0605462,0.111926
F,0.135704,-0.108996,-0.108996,0.0267083
F,-0.146546,-0.126076,-0.126076,-0.272623
F,0.152767,-0.126076,-0.126076,0.0266901
F,0.151722,-0.133295,-0.133295,0.018427
F,0.157515,-0.133295,-0.133295,0.0242197
F,-0.0720955,-0.126076,-0.126076,-0.198172
F,0.140202,-0.126076,-0.126076,0.0141254
F,0.228616,-0.126076,-0.126076,0.102539
F,0.489806,-0.0939089,-0.0939089,0.395897
F,0.0780672,-0.103571,-0.103571,-0.025504
F,0.635146,-0.0605462,-0.0605462,0.5746
F,0.436237,-0.179747,-0.179747,0.256489
F,0.230418,-0.187191,-0.187191,0.0432266
F,0.25337,-0.108996,-0.108996,0.144374
F,0.170423,-0.115231,-0.115231,0.0551922
F,0.235479,-0.191228,-0.191228,0.0442504
F,-0.0772877,-0.17516,-0.17516,-0.252448
F,0.126428,-0.126076,-0.126076,0.000351568
F,-0.170783,-0.126076,-0.126076,-0.296859
F,-0.0682031,-0.126076,-0.126076,-0.19428
F,-0.0138358,-0.108996,-0.108996,-0.122832
F,-0.335959,-0.0939089,-0.0939089,-0.429868
F,0.276307,-0.207716,-0.207716,0.0685917
F,0.282815,-0.112675,-0.112675,0.170141
F,0.114706,-0.0605462,-0.0605462,0.0541597
F,0.0951181,-0.126076,-0.126076,-0.0309584
F,0.698121,-0.126076,-0.126076,0.572045
F,0.196545,-0.191228,-0.191228,0.0053165
F,-0.120732,-0.081756,-0.081756,-0.202488
F,-0.0460281,-0.105791,-0.105791,-0.151819
F,0.171298,-0.126076,-0.126076,0.0452213
F,0.0908545,-0.129056,-0.129056,-0.0382019
F,0.0290154,-0.126076,-0.126076,-0.0970611
F,0.180037,-0.191228,-0.191228,-0.0111914
F,0.234583,-0.147891,-0.147891,0.0866917
F,-0.18015,-0.103571,-0.103571,-0.283721
F,0.418456,-0.108996,-0.108996,0.30946
F,-0.0561563,-0.128938,-0.128938,-0.185094
F,-0.0194754,-0.129056,-0.129056,-0.148532
F,0.143541,-0.0939089,-0.0939089,0.0496323
F,-0.280118,-0.108996,-0.108996,-0.389114
F,0.356492,-0.17516,-0.17516,0.181332
F,0.117771,-0.163523,-0.163523,-0.0457524
F,0.396215,-0.129056,-0.129056,0.267158
F,0.118398,-0.128938,-0.128938,-0.0105397
F,0.13555,-0.126076,-0.126076,0.00947388
F,0.298102,-0.0939089,-0.0939089,0.204193
F,0.0768131,-0.103753,-0.103753,-0.0269395
F,0.139437,-0.163523,-0.163523,-0.0240857
F,0.0169819,-0.128938,-0.128938,-0.111956
F,0.226405,-0.0605462,-0.0605462,0.165859
F,0.100653,-0.120452,-0.120452,-0.0197991
F,0.221157,-0.191228,-0.191228,0.0299284
F,0.0470746,-0.0939089,-0.0939089,-0.0468342
F,0.153984,-0.0939089,-0.0939089,0.0600756
F,0.220659,-0.133295,-0.133295,0.0873642
F,0.0994507,-0.163523,-0.163523,-0.0640724
F,0.00245959,-0.179747,-0.179747,-0.177288
F,0.277646,-0.17516,-0.17516,0.102486
F,0.280926,-0.126076,-0.126076,0.15485
F,0.274084,-0.103753,-0.103753,0.170331
F,0.141699,-0.191228,-0.191228,-0.0495286
F,0.10096,-0.179747,-0.179747,-0.0787874
F,0.0823318,-0.126076,-0.126076,-0.0437446
F,0.415275,-0.126076,-0.126076,0.289198
F,0.153298,-0.126076,-0.126076,0.0272217
F,-0.116357,-0.126076,-0.126076,-0.242433
F,-0.188252,-0.191228,-0.191228,-0.37948
F,-0.0466962,-0.120159,-0.120159,-0.166855
F,0.0898241,-0.0283817,-0.0283817,0.0614423
F,0.229498,-0.0605462,-0.0605462,0.168952
F,0.210624,-0.179747,-0.179747,0.0308762
F,0.145202,-0.103571,-0.103571,0.0416303
F,-0.116407,-0.17516,-0.17516,-0.291567
F,-0.312256,-0.187191,-0.187191,-0.499448
F,0.007213,-0.0605462,-0.0605462,-0.0533332
F,-0.0716532,-0.0939089,-0.0939089,-0.165562
F,0.0393836,-0.17516,-0.17516,-0.135776
F,0.399765,-0.179747,-0.179747,0.220017
F,0.117322,-0.0939089,-0.0939089,0.0234129
F,-0.245604,-0.115231,-0.115231,-0.360835
F,0.023054,-0.0939089,-0.0939089,-0.0708549
F,0.410725,-0.179747,-0.179747,0.230978
F,0.205949,-0.0939089,-0.0939089,0.112041
F,0.00308883,-0.131146,-0.131146,-0.128058
F,0.230157,-0.126076,-0.126076,0.104081
F,0.0998817,-0.105791,-0.105791,-0.00590937
F,0.402252,-0.0939089,-0.0939089,0.308343
F,0.21698,-0.081756,-0.081756,0.135224
F,0.0901014,-0.0939089,-0.0939089,-0.00380743
F,0.0754492,-0.126076,-0.126076,-0.0506272
F,0.0415023,-0.126076,-0.126076,-0.0845742
F,0.315374,-0.191228,-0.191228,0.124146
F,-0.065605,-0.191228,-0.191228,-0.256833
F,0.412786,-0.138961,-0.138961,0.273825
F,0.178678,-0.081756,-0.081756,0.0969216
F,0.281105,-0.163523,-0.163523,0.117582
F,-0.396151,-0.0939089,-0.0939089,-0.490059
F,0.119525,-0.179747,-0.179747,-0.0602225
F,-0.00127186,-0.128938,-0.128938,-0.13021
F,0.149909,-0.126076,-0.126076,0.023833
F,0.143656,-0.081756,-0.081756,0.0618999
F,0.255216,-0.163523,-0.163523,0.0916926
F,0.204396,-0.187191,-0.187191,0.0172042
F,0.278725,-0.163523,-0.163523,0.115202
F,0.310507,-0.105791,-0.105791,0.204716
F,0.0529291,-0.128938,-0.128938,-0.0760091
F,0.115908,-0.105791,-0.105791,0.0101165
F,0.103538,-0.126076,-0.126076,-0.0225382
F,0.326059,-0.115231,-0.115231,0.210828
F,-0.0670779,-0.115231,-0.115231,-0.182309
F,-0.277825,-0.163523,-0.163523,-0.441348
F,0.013008,-0.163523,-0.163523,-0.150515
F,0.227039,-0.126076,-0.126076,0.100962
F,-0.0309425,-0.126076,-0.126076,-0.157019
F,0.747806,-0.179747,-0.179747,0.568059
F,0.182836,-0.17516,-0.17516,0.00767566
F,0.135622,-0.115231,-0.115231,0.0203908
F,0.0527632,-0.147891,-0.147891,-0.0951277
F,0.213969,-0.074186,-0.074186,0.139783
F,-0.0210504,-0.179747,-0.179747,-0.200798
F,0.606857,-0.115231,-0.115231,0.491627
F,0.296017,-0.094254,-0.094254,0.201763
F,0.0809942,-0.133295,-0.133295,-0.052301
F,0.229276,-0.129056,-0.129056,0.100219
F,0.355464,-0.0939089,-0.0939089,0.261555
F,0.0390168,-0.0605462,-0.0605462,-0.0215294
F,0.460753,-0.147891,-0.147891,0.312862
F,0.36297,-0.094254,-0.094254,0.268716
F,0.0687281,-0.126076,-0.126076,-0.0573484
F,0.286424,-0.163523,-0.163523,0.122901
F,0.652873,-0.17516,-0.17516,0.477713
F,-0.280648,-0.126076,-0.126076,-0.406724
F,0.393121,-0.115231,-0.115231,0.27789
F,-0.0624541,-0.126076,-0.126076,-0.188531
F,-0.389804,-0.17516,-0.17516,-0.564964
F,-0.138491,-0.179747,-0.179747,-0.318238
F,0.346196,-0.163523,-0.163523,0.182673
F,0.174217,-0.17516,-0.17516,-0.000942809
F,0.10762,-0.0564525,-0.0564525,0.0511677
F,0.394168,-0.179747,-0.179747,0.214421
F,0.304836,-0.128938,-0.128938,0.175898
F,0.33607,-0.15497,-0.15497,0.1811
F,0.0240301,-0.126076,-0.126076,-0.102046
F,0.117601,-0.179747,-0.179747,-0.0621469
F,0.452068,-0.0939089,-0.0939089,0.358159
F,0.569821,-0.108996,-0.108996,0.460824
F,-0.238106,-0.191228,-0.191228,-0.429334
F,-0.26838,-0.0605462,-0.0605462,-0.328926
F,0.00466544,-0.0939089,-0.0939089,-0.0892434
F,-0.019817,-0.0939089,-0.0939089,-0.113726
F,-0.210994,-0.126076,-0.126076,-0.337071
F,0.194798,-0.179747,-0.179747,0.0150506
F,-0.00460709,-0.133295,-0.133295,-0.137902
F,0.467103,-0.0939089,-0.0939089,0.373194
F,-0.0305041,-0.0939089,-0.0939089,-0.124413
F,0.123098,-0.103753,-0.103753,0.0193457
F,-0.0376029,-0.163523,-0.163523,-0.201126
F,0.313619,-0.0773774,-0.0773774,0.236242
F,0.0559592,-0.120452,-0.120452,-0.0644927
F,0.268204,-0.126076,-0.126076,0.142127
F,0.124538,-0.126076,-0.126076,-0.00153814
F,0.366012,-0.179747,-0.179747,0.186264
F,-0.125539,-0.0939089,-0.0939089,-0.219448
F,0.125182,-0.115231,-0.115231,0.00995079
F,0.149253,-0.179747,-0.179747,-0.0304947
F,0.192468,-0.126076,-0.126076,0.0663914
F,0.0509025,-0.094254,-0.094254,-0.0433515
F,0.343625,-0.126076,-0.126076,0.217548
F,0.00983483,-0.0605462,-0.0605462,-0.0507114
F,0.324211,-0.126076,-0.126076,0.198134
F,0.303366,-0.0473943,-0.0473943,0.255972
F,-0.044657,-0.191228,-0.191228,-0.235885
F,0.0673167,-0.179747,-0.179747,-0.112431
F,0.056528,-0.0939089,-0.0939089,-0.0373809
F,0.0318236,-0.179747,-0.179747,-0.147924
F,0.0694476,-0.164329,-0.164329,-0.0948817
F,0.240288,-0.105791,-0.105791,0.134497
F,0.162693,-0.0939089,-0.0939089,0.0687845
F,0.289432,-0.179747,-0.179747,0.109685
F,0.182198,-0.17516,-0.17516,0.0070377
F,0.250563,-0.179747,-0.179747,0.0708157
F,-0.120625,-0.126076,-0.126076,-0.246702
F,-0.0272198,-0.191228,-0.191228,-0.218448
F,-0.168998,-0.126076,-0.126076,-0.295075
F,0.409287,-0.103753,-0.103753,0.305534
F,0.382635,-0.103753,-0.103753,0.278882
F,-0.0109245,-0.17516,-0.17516,-0.186084
F,0.136674,-0.126076,-0.126076,0.0105972
F,0.400789,-0.179747,-0.179747,0.221042
F,0.430008,-0.179747,-0.179747,0.250261
F,0.438265,-0.126076,-0.126076,0.312189
F,0.0319497,-0.126076,-0.126076,-0.0941267
F,0.106982,-0.179747,-0.179747,-0.0727656
F,0.197851,-0.179747,-0.179747,0.0181032
F,-0.0980777,-0.126076,-0.126076,-0.224154
F,0.315497,-0.316561,-0.316561,-0.00106357
F,0.338583,-0.191228,-0.191228,0.147355
F,0.152783,-0.139293,-0.139293,0.0134902
F,0.421676,-0.17516,-0.17516,0.246516
F,0.186461,-0.126076,-0.126076,0.060385
F,0.115303,-0.126076,-0.126076,-0.0107736
F,-0.161334,-0.0939089,-0.0939089,-0.255243
F,0.0897507,-0.0939089,-0.0939089,-0.00415815
F,0.1501,-0.163523,-0.163523,-0.013423
F,-0.070433,-0.163523,-0.163523,-0.233956
F,0.0352374,-0.179747,-0.179747,-0.14451
F,-0.349587,-0.191228,-0.191228,-0.540815
F,-9.67574e-05,-0.126076,-0.126076,-0.126173
F,0.115198,-0.179747,-0.179747,-0.0645496
F,-0.10085,-0.126076,-0.126076,-0.226927
F,0.0115333,-0.191228,-0.191228,-0.179695
F,0.247205,-0.103571,-0.103571,0.143634
F,0.660749,-0.179747,-0.179747,0.481001
F,-0.028377,-0.179747,-0.179747,-0.208124
F,0.221253,-0.115231,-0.115231,0.106023
F,0.319235,-0.147891,-0.147891,0.171344
F,-0.123046,-0.128938,-0.128938,-0.251984
F,0.555944,-0.115231,-0.115231,0.440713
F,-0.00521571,-0.179747,-0.179747,-0.184963
F,-0.0660175,-0.0939089,-0.0939089,-0.159926
F,-0.0381332,-0.179747,-0.179747,-0.217881
F,0.465935,-0.17516,-0.17516,0.290776
F,0.138222,-0.0939089,-0.0939089,0.0443128
F,0.337782,-0.128938,-0.128938,0.208843
F,-0.0451494,-0.17516,-0.17516,-0.220309
F,-0.0245815,-0.191228,-0.191228,-0.21581
F,-0.175281,-0.108996,-0.108996,-0.284277
F,-0.100538,-0.103753,-0.103753,-0.20429
F,-0.317114,-0.128938,-0.128938,-0.446052
F,0.175596,-0.17516,-0.17516,0.000435663
F,0.0945442,-0.17516,-0.17516,-0.0806157
F,-0.0579872,-0.0939089,-0.0939089,-0.151896
F,-0.0754391,-0.128938,-0.128938,-0.204377
F,-0.217533,-0.179747,-0.179747,-0.39728
F,0.197643,-0.128938,-0.128938,0.0687043
F,0.293041,-0.128938,-0.128938,0.164103
F,0.182716,-0.115231,-0.115231,0.0674852
F,0.299537,-0.17516,-0.17516,0.124377
F,0.0287556,-0.126076,-0.126076,-0.0973208
F,0.170895,-0.105791,-0.105791,0.0651043
F,0.208834,-0.0939089,-0.0939089,0.114925
F,0.245402,-0.179747,-0.179747,0.0656542
F,-0.490938,-0.0939089,-0.0939089,-0.584847
F,0.469226,-0.128938,-0.128938,0.340288
F,0.267794,-0.17516,-0.17516,0.0926339
F,0.532526,-0.191228,-0.191228,0.341298
F,0.179127,-0.163523,-0.163523,0.0156039
F,-0.0514917,-0.17516,-0.17516,-0.226652
F,0.248286,-0.15497,-0.15497,0.093316
F,-0.147462,-0.128938,-0.128938,-0.2764
F,0.226953,-0.17516,-0.17516,0.0517929
F,0.20225,-0.126076,-0.126076,0.0761733
F,0.116425,-0.133295,-0.133295,-0.0168699
F,0.0879284,-0.126076,-0.126076,-0.0381481
F,-0.276619,-0.094254,-0.094254,-0.370873
F,0.282554,-0.179747,-0.179747,0.102807
F,0.779474,-0.17516,-0.17516,0.604314
F,0.153743,-0.17516,-0.17516,-0.0214164
F,0.058532,-0.17516,-0.17516,-0.116628
F,0.359304,-0.126076,-0.126076,0.233227
F,-0.00735164,-0.103571,-0.103571,-0.110923
F,0.0217167,-0.17516,-0.17516,-0.153443
F,0.124476,-0.120452,-0.120452,0.00402456
F,-0.359013,-0.17516,-0.17516,-0.534173
F,-0.334412,-0.081756,-0.081756,-0.416168
F,0.0757787,-0.094254,-0.094254,-0.0184753
F,0.0314043,-0.115231,-0.115231,-0.0838265
F,0.359447,-0.163523,-0.163523,0.195924
F,-0.19945,-0.191228,-0.191228,-0.390678
F,-0.0663579,-0.131146,-0.131146,-0.197504
F,-0.00346883,-0.187191,-0.187191,-0.19066
F,0.431392,-0.126076,-0.126076,0.305316
F,0.176813,-0.0939089,-0.0939089,0.0829044
F,-0.00517748,-0.187191,-0.187191,-0.192369
F,-0.418401,-0.126076,-0.126076,-0.544478
F,0.162763,-0.151012,-0.151012,0.011751
F,0.202089,-0.179747,-0.179747,0.0223411
F,0.354848,-0.105791,-0.105791,0.249057
F,0.427935,-0.17516,-0.17516,0.252775
F,0.271703,-0.108996,-0.108996,0.162707
F,0.229526,-0.126076,-0.126076,0.103449
F,0.156815,-0.207716,-0.207716,-0.0509009
F,0.479249,-0.0721785,-0.0721785,0.40707
F,0.346572,-0.126076,-0.126076,0.220495
F,0.226671,-0.179747,-0.179747,0.0469235
F,0.0985858,-0.139293,-0.139293,-0.0407072
F,0.0264322,-0.191228,-0.191228,-0.164796
F,-0.0432317,-0.128938,-0.128938,-0.17217
F,-0.255976,-0.151012,-0.151012,-0.406988
F,0.132356,-0.126076,-0.126076,0.00628002
F,0.0281694,-0.108996,-0.108996,-0.0808266
F,0.305357,-0.126076,-0.126076,0.179281
F,0.444477,-0.0939089,-0.0939089,0.350569
F,0.438006,-0.191228,-0.191228,0.246778
F,0.328338,-0.0939089,-0.0939089,0.234429
F,-0.106484,-0.0721785,-0.0721785,-0.178662
F,0.216577,-0.126076,-0.126076,0.0905005
F,-0.0894088,-0.126076,-0.126076,-0.215485
F,-0.0224256,-0.163523,-0.163523,-0.185949
F,-0.156568,-0.0939089,-0.0939089,-0.250476
F,-0.0139075,-0.138961,-0.138961,-0.152868
F,0.268603,-0.128938,-0.128938,0.139665
F,0.0932241,-0.179747,-0.179747,-0.0865233
F,0.145567,-0.187191,-0.187191,-0.0416249
F,0.295641,-0.133295,-0.133295,0.162345
F,0.127377,-0.0605462,-0.0605462,0.0668307
F,0.215289,-0.133295,-0.133295,0.0819935
F,-0.0788686,-0.126076,-0.126076,-0.204945
F,0.100424,-0.074186,-0.074186,0.0262384
F,0.0770661,-0.126076,-0.126076,-0.0490104
F,-0.0977748,-0.126076,-0.126076,-0.223851
F,0.295611,-0.126076,-0.126076,0.169535
F,0.212022,-0.147891,-0.147891,0.064131
F,0.0425502,-0.133295,-0.133295,-0.090745
F,0.0826133,-0.179747,-0.179747,-0.0971341
F,0.324329,-0.187191,-0.187191,0.137138
F,0.193567,-0.115231,-0.115231,0.0783362
F,0.299514,-0.147891,-0.147891,0.151623
F,0.0555579,-0.0939089,-0.0939089,-0.038351
F,0.156364,-0.126076,-0.126076,0.0302878
F,0.0796474,-0.17516,-0.17516,-0.0955125
F,0.451263,-0.126076,-0.126076,0.325187
F,0.216058,-0.126076,-0.126076,0.0899811
F,-0.114768,-0.126076,-0.126076,-0.240845
F,-0.0332978,-0.126076,-0.126076,-0.159374
F,0.261752,-0.163523,-0.163523,0.0982289
F,0.0972309,-0.131146,-0.131146,-0.0339155
F,0.345646,-0.191228,-0.191228,0.154418
F,0.175411,-0.179747,-0.179747,-0.00433639
F,-0.254281,-0.15497,-0.15497,-0.409251
F,0.00795391,-0.163523,-0.163523,-0.155569
F,-0.0449252,-0.105791,-0.105791,-0.150716
F,0.397851,-0.126076,-0.126076,0.271775
F,0.0951296,-0.191228,-0.191228,-0.0960985
F,0.0651051,-0.126076,-0.126076,-0.0609714
F,-0.0489754,-0.163523,-0.163523,-0.212499
F,0.269921,-0.179747,-0.179747,0.090174
F,0.108658,-0.164329,-0.164329,-0.0556712
F,-0.185317,-0.126076,-0.126076,-0.311393
F,0.0182214,-0.115231,-0.115231,-0.0970095
F,0.16596,-0.103571,-0.103571,0.0623888
F,-0.0294636,-0.179747,-0.179747,-0.209211
F,0.0726164,-0.17516,-0.17516,-0.102543
F,0.171076,-0.108996,-0.108996,0.0620797
F,-0.0655427,-0.17516,-0.17516,-0.240703
F,-0.0249075,-0.126076,-0.126076,-0.150984
F,0.196345,-0.126076,-0.126076,0.0702686
F,0.278174,-0.179747,-0.179747,0.0984263
F,0.221735,-0.0939089,-0.0939089,0.127826
F,0.0625865,-0.17516,-0.17516,-0.112573
F,-0.349382,-0.126076,-0.126076,-0.475458
F,0.00297385,-0.074186,-0.074186,-0.0712122
F,0.166434,-0.179747,-0.179747,-0.0133132
F,0.451152,-0.126076,-0.126076,0.325075
F,0.360441,-0.0564525,-0.0564525,0.303988
F,0.068487,-0.081756,-0.081756,-0.0132691
F,-0.041042,-0.081756,-0.081756,-0.122798
F,0.0366127,-0.0939089,-0.0939089,-0.0572961
F,0.239474,-0.126076,-0.126076,0.113398
F,0.201621,-0.164329,-0.164329,0.0372919
F,0.103926,-0.128938,-0.128938,-0.0250124
F,0.16752,-0.147891,-0.147891,0.0196288
F,0.108691,-0.0939089,-0.0939089,0.0147821
F,0.0892672,-0.191228,-0.191228,-0.101961
F,0.60741,-0.128938,-0.128938,0.478471
F,0.331383,-0.191228,-0.191228,0.140155
F,0.0880985,-0.187191,-0.187191,-0.0990929
F,-0.0820575,-0.0939089,-0.0939089,-0.175966
F,0.179311,-0.163523,-0.163523,0.015788
F,0.228675,-0.131146,-0.131146,0.097529
F,0.169193,-0.179747,-0.179747,-0.0105547
F,0.379714,-0.105791,-0.105791,0.273923
F,0.0399847,-0.108996,-0.108996,-0.0690113
F,-0.000334286,-0.126076,-0.126076,-0.126411
F,0.24297,-0.191228,-0.191228,0.0517417
F,0.256279,-0.081756,-0.081756,0.174523
F,0.0346769,-0.126076,-0.126076,-0.0913996
F,-0.0690276,-0.105791,-0.105791,-0.174819
F,-0.00325456,-0.128938,-0.128938,-0.132193
F,-0.179585,-0.179747,-0.179747,-0.359332
F,0.296056,-0.133295,-0.133295,0.162761
F,-0.125761,-0.126076,-0.126076,-0.251837
F,0.254366,-0.128938,-0.128938,0.125428
F,0.152394,-0.108996,-0.108996,0.0433977
F,0.0318861,-0.159662,-0.159662,-0.127775
F,0.1464,-0.191228,-0.191228,-0.0448278
F,-0.250015,-0.0939089,-0.0939089,-0.343924
F,0.0328647,-0.0939089,-0.0939089,-0.0610441
F,0.14781,-0.17516,-0.17516,-0.0273503
F,0.207072,-0.097166,-0.097166,0.109906
F,0.388598,-0.126076,-0.126076,0.262522
F,-0.153171,-0.0939089,-0.0939089,-0.24708
F,0.00145491,-0.179747,-0.179747,-0.178293
F,0.265352,-0.0939089,-0.0939089,0.171443
F,-0.169489,-0.163523,-0.163523,-0.333012
F,0.0566618,-0.191228,-0.191228,-0.134566
F,0.492605,-0.103753,-0.103753,0.388853
F,-0.00641,-0.179747,-0.179747,-0.186157
F,-0.290419,-0.191228,-0.191228,-0.481647
F,0.0241221,-0.139293,-0.139293,-0.115171
F,0.404653,-0.17516,-0.17516,0.229493
F,0.14512,-0.128938,-0.128938,0.0161816
F,0.15338,-0.126076,-0.126076,0.0273033
F,0.589768,-0.163523,-0.163523,0.426245
F,-0.15505,-0.126076,-0.126076,-0.281127
F,0.40174,-0.0939089,-0.0939089,0.307831
F,0.136163,-0.105791,-0.105791,0.0303724
F,-0.00869158,-0.0283817,-0.0283817,-0.0370733
F,0.237183,-0.126076,-0.126076,0.111106
F,0.0191902,-0.179747,-0.179747,-0.160557
F,0.0803095,-0.126076,-0.126076,-0.0457669
F,0.343083,-0.0974241,-0.0974241,0.245658
F,0.0925242,-0.133295,-0.133295,-0.040771
F,0.250626,-0.103571,-0.103571,0.147055
F,0.198166,-0.115231,-0.115231,0.0829352
F,0.388803,-0.128938,-0.128938,0.259865
F,0.327042,-0.191228,-0.191228,0.135814
F,0.363781,-0.207716,-0.207716,0.156065
F,0.0341929,-0.17516,-0.17516,-0.140967
F,0.0649778,-0.105791,-0.105791,-0.0408133
F,0.392853,-0.081756,-0.081756,0.311097
F,-0.0958078,-0.007826,-0.007826,-0.103634
F,0.600386,-0.17516,-0.17516,0.425226
F,-0.0842119,-0.163523,-0.163523,-0.247735
F,-0.00284196,-0.179747,-0.179747,-0.182589
F,0.0556849,-0.126076,-0.126076,-0.0703916
F,0.299245,-0.17516,-0.17516,0.124086
F,-0.03934,-0.108996,-0.108996,-0.148336
F,0.178551,-0.126076,-0.126076,0.052474
F,0.228237,-0.126076,-0.126076,0.102161
F,0.100362,-0.147891,-0.147891,-0.0475293
F,-0.0315437,-0.0939089,-0.0939089,-0.125453
F,-0.0984623,-0.120452,-0.120452,-0.218914
F,0.141937,-0.120452,-0.120452,0.0214849
F,0.191707,-0.17516,-0.17516,0.0165467
F,0.0751664,-0.191228,-0.191228,-0.116062
F,-0.0175717,-0.126076,-0.126076,-0.143648
F,0.171303,-0.126076,-0.126076,0.0452261
F,0.792468,-0.126076,-0.126076,0.666392
F,0.123215,-0.120452,-0.120452,0.00276318
F,0.412575,-0.191228,-0.191228,0.221346
F,0.0587721,-0.126076,-0.126076,-0.0673043
F,0.563417,-0.138961,-0.138961,0.424457
F,0.311236,-0.126076,-0.126076,0.18516
F,-0.0305528,-0.0605462,-0.0605462,-0.091099
F,-0.121999,-0.081756,-0.081756,-0.203755
F,-0.161105,-0.0939089,-0.0939089,-0.255014
F,0.195925,-0.126076,-0.126076,0.0698482
F,0.164663,-0.179747,-0.179747,-0.0150843
F,-0.15082,-0.191228,-0.191228,-0.342048
F,0.399365,-0.187191,-0.187191,0.212174
F,0.035369,-0.179747,-0.179747,-0.144378
F,0.307769,-0.0939089,-0.0939089,0.21386
F,-0.193843,-0.179747,-0.179747,-0.373591
F,0.0240371,-0.128938,-0.128938,-0.104901
F,0.0509723,-0.17516,-0.17516,-0.124188
F,0.449325,-0.179747,-0.179747,0.269578
F,-0.0064404,-0.126076,-0.126076,-0.132517
F,0.202349,-0.179747,-0.179747,0.0226019
F,-0.0626003,-0.0939089,-0.0939089,-0.156509
F,-0.0464227,-0.0939089,-0.0939089,-0.140332
F,0.197023,-0.0939089,-0.0939089,0.103114
F,0.427784,-0.128938,-0.128938,0.298846
F,-0.0204316,-0.126076,-0.126076,-0.146508
F,0.183667,-0.115231,-0.115231,0.0684357
F,-0.00303521,-0.138961,-0.138961,-0.141996
F,0.393811,-0.120452,-0.120452,0.273359
F,0.448069,-0.191228,-0.191228,0.25684
F,0.280195,-0.128938,-0.128938,0.151256
F,0.356224,-0.128938,-0.128938,0.227286
F,0.134315,-0.126076,-0.126076,0.00823844
F,0.319236,-0.126076,-0.126076,0.193159
F,0.0645,-0.191228,-0.191228,-0.126728
F,0.191139,-0.120452,-0.120452,0.0706873
F,0.11039,-0.128938,-0.128938,-0.018548
F,0.112494,-0.147891,-0.147891,-0.0353973
F,-0.0104765,-0.179747,-0.179747,-0.190224
F,0.233847,-0.17516,-0.17516,0.0586867
F,0.0618053,-0.128938,-0.128938,-0.0671329
F,-0.139877,-0.108996,-0.108996,-0.248873
F,0.0254897,-0.126076,-0.126076,-0.100587
F,-0.0928825,-0.17516,-0.17516,-0.268042
F,-0.0699351,-0.094254,-0.094254,-0.164189
F,0.213594,-0.126076,-0.126076,0.0875178
F,-0.189962,-0.115231,-0.115231,-0.305193
F,-0.182221,-0.126076,-0.126076,-0.308297
F,0.433176,-0.105791,-0.105791,0.327384
F,0.0703242,-0.187191,-0.187191,-0.116867
F,0.586116,-0.126076,-0.126076,0.46004
F,0.304402,-0.15497,-0.15497,0.149432
F,0.129381,-0.191228,-0.191228,-0.0618472
F,0.0271764,-0.187191,-0.187191,-0.160015
F,0.157704,-0.163523,-0.163523,-0.00581911
F,0.317735,-0.126076,-0.126076,0.191659
F,0.405887,-0.126076,-0.126076,0.27981
F,0.210992,-0.105791,-0.105791,0.105201
F,0.37855,-0.179747,-0.179747,0.198803
F,0.0716679,-0.0605462,-0.0605462,0.0111217
F,0.573231,-0.081756,-0.081756,0.491475
F,0.181347,-0.163523,-0.163523,0.0178237
F,0.0405553,-0.163523,-0.163523,-0.122968
F,0.611451,-0.0605462,-0.0605462,0.550905
F,-0.0382935,-0.17516,-0.17516,-0.213453
F,0.16892,-0.163523,-0.163523,0.00539707
F,0.155569,-0.0564525,-0.0564525,0.0991166
F,-0.0639602,-0.0605462,-0.0605462,-0.124506
F,0.137175,-0.207716,-0.207716,-0.0705408
F,0.344544,-0.163523,-0.163523,0.181021
F,-0.122941,-0.120159,-0.120159,-0.2431
F,0.280745,-0.0939089,-0.0939089,0.186836
F,0.339891,-0.0939089,-0.0939089,0.245982
F,0.501384,-0.126076,-0.126076,0.375307
F,0.126689,-0.126076,-0.126076,0.000612168
F,-0.261678,-0.0939089,-0.0939089,-0.355587
F,0.248378,-0.0605462,-0.0605462,0.187832
F,0.363327,-0.0939089,-0.0939089,0.269418
F,0.214757,-0.17516,-0.17516,0.0395968
F,0.132279,-0.128938,-0.128938,0.0033411
F,0.0192072,-0.179747,-0.179747,-0.16054
F,0.347395,-0.108996,-0.108996,0.238399
F,0.15352,-0.115231,-0.115231,0.0382888
F,0.535771,-0.128938,-0.128938,0.406833
F,-0.0423177,-0.105791,-0.105791,-0.148109
F,0.342197,-0.115231,-0.115231,0.226967
F,0.160401,-0.128938,-0.128938,0.0314623
F,0.130644,-0.103571,-0.103571,0.0270732
F,0.102993,-0.128938,-0.128938,-0.0259454
F,0.219735,-0.0939089,-0.0939089,0.125826
F,0.536755,-0.191228,-0.191228,0.345527
F,-0.0992023,-0.17516,-0.17516,-0.274362
F,0.232716,-0.103571,-0.103571,0.129145
F,0.101096,-0.126076,-0.126076,-0.0249804
F,0.229102,-0.133295,-0.133295,0.0958065
F,0.282708,-0.164329,-0.164329,0.118379
F,0.0545321,-0.0939089,-0.0939089,-0.0393768
F,0.295441,-0.15497,-0.15497,0.140471
F,0.212058,-0.128938,-0.128938,0.0831203
F,0.263262,-0.0939089,-0.0939089,0.169353
F,-0.121505,-0.128938,-0.128938,-0.250443
F,-0.0914574,-0.128938,-0.128938,-0.220396
F,0.0597418,-0.0605462,-0.0605462,-0.000804432
F,-0.0112006,-0.126076,-0.126076,-0.137277
F,0.0110799,-0.179747,-0.179747,-0.168668
F,0.204102,-0.163523,-0.163523,0.0405786
F,-0.0120444,-0.126076,-0.126076,-0.138121
F,0.307445,-0.191228,-0.191228,0.116217
F,-0.0894262,-0.179747,-0.179747,-0.269174
F,0.0333473,-0.147891,-0.147891,-0.114544
F,0.0573137,-0.0473943,-0.0473943,0.00991939
F,-0.00993889,-0.128938,-0.128938,-0.138877
F,0.199365,-0.17516,-0.17516,0.0242051
F,0.134247,-0.179747,-0.179747,-0.0455
F,0.705733,-0.179747,-0.179747,0.525986
F,0.335226,-0.139293,-0.139293,0.195933
F,0.153716,-0.191228,-0.191228,-0.0375124
F,-0.0208023,-0.103753,-0.103753,-0.124555
F,0.0393686,-0.126076,-0.126076,-0.0867079
F,0.291037,-0.187191,-0.187191,0.103845
F,0.722077,-0.163523,-0.163523,0.558554
F,0.0596231,-0.17516,-0.17516,-0.115537
F,-0.0769225,-0.0939089,-0.0939089,-0.170831
F,0.164484,-0.133295,-0.133295,0.0311891
F,-0.190251,-0.133295,-0.133295,-0.323546
F,0.295404,-0.138961,-0.138961,0.156443
F,0.0761906,-0.0939089,-0.0939089,-0.0177183
F,-0.034171,-0.103753,-0.103753,-0.137924
F,0.522961,-0.187191,-0.187191,0.33577
F,0.281849,-0.0939089,-0.0939089,0.18794
F,-0.113133,-0.179747,-0.179747,-0.292881
F,0.283099,-0.0974241,-0.0974241,0.185675
F,0.501099,-0.0283817,-0.0283817,0.472717
F,0.227501,-0.0605462,-0.0605462,0.166955
F,0.226189,-0.17516,-0.17516,0.0510291
F,-0.0017918,-0.126076,-0.126076,-0.127868
F,0.112257,-0.138961,-0.138961,-0.0267036
F,0.116103,-0.191228,-0.191228,-0.0751252
F,0.0160761,-0.179747,-0.179747,-0.163671
F,0.277558,-0.133295,-0.133295,0.144262
F,0.162926,-0.0605462,-0.0605462,0.10238
F,0.272704,-0.128938,-0.128938,0.143766
F,0.0680004,-0.074186,-0.074186,-0.00618561
F,0.196254,-0.191228,-0.191228,0.00502584
F,0.0265588,-0.126076,-0.126076,-0.0995177
F,0.314539,-0.179747,-0.179747,0.134791
F,0.272558,-0.126076,-0.126076,0.146481
F,0.368357,-0.081756,-0.081756,0.286601
F,0.147067,-0.155248,-0.155248,-0.00818144
F,0.259764,-0.163523,-0.163523,0.0962413
F,-0.146974,-0.126076,-0.126076,-0.273051
F,0.332736,-0.138961,-0.138961,0.193775
F,0.368903,-0.120452,-0.120452,0.248452
F,-0.101122,-0.0473943,-0.0473943,-0.148516
F,0.483781,-0.17516,-0.17516,0.308622
F,-0.124959,-0.126076,-0.126076,-0.251035
F,0.00272977,-0.126076,-0.126076,-0.123347
F,-0.280922,-0.115231,-0.115231,-0.396152
F,-0.180502,-0.133295,-0.133295,-0.313798
F,0.351479,-0.128938,-0.128938,0.22254
F,0.199122,-0.0605462,-0.0605462,0.138576
F,-0.142067,-0.0721785,-0.0721785,-0.214246
F,-0.132138,-0.163523,-0.163523,-0.295661
F,-0.365945,-0.191228,-0.191228,-0.557173
F,0.096983,-0.126076,-0.126076,-0.0290935
F,-0.0541402,-0.17516,-0.17516,-0.2293
F,-0.0571661,-0.129056,-0.129056,-0.186223
F,-0.00161634,-0.126076,-0.126076,-0.127693
F,0.029631,-0.179747,-0.179747,-0.150116
F,0.0393298,-0.094254,-0.094254,-0.0549242
F,0.182177,-0.115231,-0.115231,0.0669461
F,0.456542,-0.179747,-0.179747,0.276795
F,-0.0233014,-0.187191,-0.187191,-0.210493
F,0.117844,-0.187191,-0.187191,-0.0693472
F,0.137185,-0.179747,-0.179747,-0.0425628
F,0.331616,-0.0939089,-0.0939089,0.237707
F,0.0257695,-0.0939089,-0.0939089,-0.0681393
F,0.36963,-0.126076,-0.126076,0.243553
F,0.161769,-0.126076,-0.126076,0.0356928
F,0.173111,-0.138961,-0.138961,0.0341508
F,0.228105,-0.103571,-0.103571,0.124533
F,0.857169,-0.128938,-0.128938,0.72823
F,0.0439799,-0.191228,-0.191228,-0.147248
F,0.307362,-0.139293,-0.139293,0.168069
F,-0.000436086,-0.133295,-0.133295,-0.133731
F,-0.0436273,-0.126076,-0.126076,-0.169704
F,0.24679,-0.0564525,-0.0564525,0.190337
F,0.236296,-0.094254,-0.094254,0.142042
F,-0.0152695,-0.187191,-0.187191,-0.202461
F,0.154406,-0.126076,-0.126076,0.0283294
F,0.0586929,-0.128938,-0.128938,-0.0702453
F,0.287449,-0.163523,-0.163523,0.123926
F,0.240391,-0.17516,-0.17516,0.0652309
F,0.152127,-0.0939089,-0.0939089,0.0582182
F,-0.0889959,-0.187191,-0.187191,-0.276187
F,-0.0345988,-0.17516,-0.17516,-0.209759
F,-0.0406012,-0.126076,-0.126076,-0.166678
F,0.154144,-0.0939089,-0.0939089,0.060235
F,0.0401722,-0.128938,-0.128938,-0.088766
F,-0.170794,-0.147891,-0.147891,-0.318685
F,0.0447209,-0.163523,-0.163523,-0.118802
F,0.508748,-0.0564525,-0.0564525,0.452295
F,0.136481,-0.17516,-0.17516,-0.0386785
F,-0.024762,-0.187191,-0.187191,-0.211953
F,-0.0781624,-0.179747,-0.179747,-0.25791
F,0.678274,-0.147891,-0.147891,0.530383
F,0.00798594,-0.0939089,-0.0939089,-0.0859229
F,0.43106,-0.0605462,-0.0605462,0.370514
F,0.103784,-0.105791,-0.105791,-0.00200692
F,0.310313,-0.126076,-0.126076,0.184236
F,-0.00428117,-0.0939089,-0.0939089,-0.09819
F,0.177399,-0.128938,-0.128938,0.0484604
F,0.159972,-0.108996,-0.108996,0.0509763
F,0.49621,-0.081756,-0.081756,0.414454
F,0.446473,-0.126076,-0.126076,0.320396
F,0.37138,-0.17516,-0.17516,0.196221
F,0.408266,-0.179747,-0.179747,0.228518
F,0.0135427,-0.0939089,-0.0939089,-0.0803662
F,0.242491,-0.126076,-0.126076,0.116415
F,-0.367574,-0.179747,-0.179747,-0.547321
F,-0.100464,-0.126076,-0.126076,-0.22654
F,0.483626,-0.115231,-0.115231,0.368396
F,0.00199542,-0.094254,-0.094254,-0.0922586
F,0.332511,-0.0939089,-0.0939089,0.238603
F,-0.079267,-0.126076,-0.126076,-0.205343
F,-0.00171666,-0.115231,-0.115231,-0.116947
F,-0.115259,-0.126076,-0.126076,-0.241335
F,0.431532,-0.133295,-0.133295,0.298237
F,0.269545,-0.133295,-0.133295,0.13625
F,0.257515,-0.179747,-0.179747,0.0777671
F,0.350981,-0.179747,-0.179747,0.171234
F,0.209362,-0.128938,-0.128938,0.0804236
F,-0.0143173,-0.094254,-0.094254,-0.108571
F,-0.0205549,-0.094254,-0.094254,-0.114809
F,0.174428,-0.17516,-0.17516,-0.000732184
F,-0.122064,-0.179747,-0.179747,-0.301811
F,-0.242833,-0.103753,-0.103753,-0.346586
F,0.0812774,-0.128938,-0.128938,-0.0476608
F,0.154015,-0.126076,-0.126076,0.0279387
F,0.0241787,-0.094254,-0.094254,-0.0700754
F,0.107009,-0.126076,-0.126076,-0.0190677
F,0.236825,-0.163523,-0.163523,0.0733021
F,0.180186,-0.0605462,-0.0605462,0.119639
F,0.225981,-0.179747,-0.179747,0.0462332
F,0.271211,-0.179747,-0.179747,0.0914631
F,0.00563156,-0.126076,-0.126076,-0.120445
F,-0.0107374,-0.187191,-0.187191,-0.197929
F,-0.0787884,-0.0721785,-0.0721785,-0.150967
F,0.121995,-0.128938,-0.128938,-0.00694272
F,0.0913319,-0.179747,-0.179747,-0.0884156
F,0.300165,-0.0605462,-0.0605462,0.239619
F,0.0249403,-0.191228,-0.191228,-0.166288
F,-0.281261,-0.179747,-0.179747,-0.461009
F,0.413162,-0.191228,-0.191228,0.221934
F,-0.0730441,-0.108996,-0.108996,-0.18204
F,0.017266,-0.151012,-0.151012,-0.133746
F,-0.137186,-0.179747,-0.179747,-0.316934
F,0.109542,-0.126076,-0.126076,-0.0165342
F,0.429027,-0.0939089,-0.0939089,0.335118
F,-0.0199757,-0.179747,-0.179747,-0.199723
F,0.498356,-0.0939089,-0.0939089,0.404447
F,-0.108857,-0.0939089,-0.0939089,-0.202766
F,0.220012,-0.179747,-0.179747,0.0402649
F,0.24766,-0.0939089,-0.0939089,0.153751
F,0.039776,-0.0939089,-0.0939089,-0.0541329
F,0.203702,-0.108996,-0.108996,0.0947059
F,0.196559,-0.112675,-0.112675,0.0838842
F,0.572882,-0.112675,-0.112675,0.460208
F,-0.0525167,-0.128938,-0.128938,-0.181455
F,0.142287,-0.179747,-0.179747,-0.0374602
F,0.255645,-0.187191,-0.187191,0.0684534
F,0.403323,-0.126076,-0.126076,0.277246
F,0.0978168,-0.163523,-0.163523,-0.0657063
F,0.231655,-0.0605462,-0.0605462,0.171109
F,0.0707063,-0.163523,-0.163523,-0.0928168
F,0.276313,-0.163523,-0.163523,0.11279
F,0.482487,-0.163523,-0.163523,0.318964
F,0.265576,-0.187191,-0.187191,0.0783848
F,0.270115,-0.128938,-0.128938,0.141177
F,0.0766674,-0.094254,-0.094254,-0.0175866
F,0.328476,-0.0939089,-0.0939089,0.234567
F,0.0174212,-0.126076,-0.126076,-0.108655
F,-0.0100661,-0.163523,-0.163523,-0.173589
F,-0.0898044,-0.179747,-0.179747,-0.269552
F,0.198634,-0.0939089,-0.0939089,0.104725
F,0.200882,-0.126076,-0.126076,0.0748051
F,0.0153733,-0.133295,-0.133295,-0.117922
F,0.143882,-0.17516,-0.17516,-0.0312782
F,-0.0111725,-0.126076,-0.126076,-0.137249
F,0.0492487,-0.164329,-0.164329,-0.115081
F,0.074896,-0.187191,-0.187191,-0.112295
F,-0.251385,-0.126076,-0.126076,-0.377461
F,0.456952,-0.179747,-0.179747,0.277204
F,0.375039,-0.126076,-0.126076,0.248962
F,0.0760686,-0.191228,-0.191228,-0.115159
F,-0.0660819,-0.0939089,-0.0939089,-0.159991
F,-0.164295,-0.0605462,-0.0605462,-0.224842
F,-0.181778,-0.128938,-0.128938,-0.310716
F,0.103589,-0.108996,-0.108996,-0.00540671
F,0.464393,-0.17516,-0.17516,0.289233
F,0.274788,-0.0283817,-0.0283817,0.246406
F,0.186929,-0.128938,-0.128938,0.0579909
F,-0.132335,-0.126076,-0.126076,-0.258411
F,0.315203,-0.191228,-0.191228,0.123975
F,-0.201695,-0.081756,-0.081756,-0.283451
F,0.20103,-0.126076,-0.126076,0.0749535
F,0.061301,-0.0939089,-0.0939089,-0.0326079
F,0.111788,-0.0939089,-0.0939089,0.0178789
F,0.107486,-0.179747,-0.179747,-0.072261
F,0.237828,-0.191228,-0.191228,0.0466003
F,0.0319709,-0.115231,-0.115231,-0.08326
F,0.047743,-0.0939089,-0.0939089,-0.0461658
F,-0.0957712,-0.126076,-0.126076,-0.221848
F,-0.106921,-0.163523,-0.163523,-0.270444
F,0.26996,-0.0939089,-0.0939089,0.176052
F,0.456598,-0.115231,-0.115231,0.341367
F,0.316723,-0.103571,-0.103571,0.213152
F,0.178067,-0.163523,-0.163523,0.0145438
F,0.122261,-0.126076,-0.126076,-0.00381594
F,0.228677,-0.126076,-0.126076,0.102601
F,0.34683,-0.0283817,-0.0283817,0.318449
F,-0.201093,-0.103753,-0.103753,-0.304845
F,0.11651,-0.17516,-0.17516,-0.0586497
F,0.117045,-0.17516,-0.17516,-0.0581149
F,-0.28103,-0.103571,-0.103571,-0.384601
F,-0.0279223,-0.191228,-0.191228,-0.21915
F,-0.327026,-0.126076,-0.126076,-0.453103
F,0.192602,-0.103571,-0.103571,0.0890311
F,-0.121081,-0.0939089,-0.0939089,-0.21499
F,-0.102122,-0.179747,-0.179747,-0.281869
F,0.222473,-0.179747,-0.179747,0.0427259
F,0.00539495,-0.191228,-0.191228,-0.185833
F,0.0445888,-0.17516,-0.17516,-0.130571
F,-0.0287238,-0.126076,-0.126076,-0.1548
F,-0.0912518,-0.0939089,-0.0939089,-0.185161
F,0.140122,-0.0939089,-0.0939089,0.0462129
F,-0.0306243,-0.108996,-0.108996,-0.13962
F,0.0762204,-0.0939089,-0.0939089,-0.0176885
F,0.501816,-0.126076,-0.126076,0.37574
F,0.495507,-0.191228,-0.191228,0.304278
F,-0.157954,-0.17516,-0.17516,-0.333114
F,0.0993221,-0.128938,-0.128938,-0.029616
F,0.0105687,-0.126076,-0.126076,-0.115508
F,0.0569613,-0.17516,-0.17516,-0.118199
F,0.115184,-0.207716,-0.207716,-0.0925315
F,0.164715,-0.126076,-0.126076,0.0386383
F,-0.233727,-0.115231,-0.115231,-0.348957
F,-0.0642938,-0.0605462,-0.0605462,-0.12484
F,0.245226,-0.105791,-0.105791,0.139435
F,0.235297,-0.147891,-0.147891,0.0874065
F,0.19729,-0.187191,-0.187191,0.0100983
F,0.404542,-0.17516,-0.17516,0.229382
F,0.204107,-0.179747,-0.179747,0.0243596
F,-0.087885,-0.191228,-0.191228,-0.279113
F,-0.245553,-0.103571,-0.103571,-0.349124
F,0.422046,-0.128938,-0.128938,0.293108
F,0.220251,-0.126076,-0.126076,0.0941744
F,0.387122,-0.126076,-0.126076,0.261046
F,0.0283749,-0.133295,-0.133295,-0.10492
F,0.195487,-0.126076,-0.126076,0.0694109
F,0.171099,-0.126076,-0.126076,0.0450224
F,-0.319859,-0.112675,-0.112675,-0.432534
F,0.247737,-0.17516,-0.17516,0.0725771
F,0.138052,-0.115231,-0.115231,0.0228215
F,0.107197,-0.126076,-0.126076,-0.0188792
F,-0.0758919,-0.081756,-0.081756,-0.157648
F,-0.038848,-0.0939089,-0.0939089,-0.132757
F,0.215021,-0.147891,-0.147891,0.0671304
F,0.104845,-0.17516,-0.17516,-0.0703145
F,0.705216,-0.151012,-0.151012,0.554204
F,0.386892,-0.105791,-0.105791,0.281101
F,0.118299,-0.133295,-0.133295,-0.0149963
F,0.47465,-0.105791,-0.105791,0.368859
F,0.19758,-0.139293,-0.139293,0.0582872
F,-0.046551,-0.126076,-0.126076,-0.172628
F,0.22122,-0.128938,-0.128938,0.0922817
F,0.143624,-0.133295,-0.133295,0.010329
F,-0.0608299,-0.0939089,-0.0939089,-0.154739
F,0.0870175,-0.126076,-0.126076,-0.039059
F,0.313718,-0.108996,-0.108996,0.204722
F,0.485948,-0.115231,-0.115231,0.370718
F,0.276321,-0.0939089,-0.0939089,0.182412
F,0.260222,-0.126076,-0.126076,0.134146
F,-0.0294548,-0.105791,-0.105791,-0.135246
F,0.414135,-0.0939089,-0.0939089,0.320226
F,0.4834,-0.0721785,-0.0721785,0.411222
F,0.115431,-0.0939089,-0.0939089,0.0215226
F,0.485877,-0.0605462,-0.0605462,0.425331
F,0.195942,-0.163523,-0.163523,0.0324186
F,-0.209588,-0.155248,-0.155248,-0.364836
F,0.336432,-0.191228,-0.191228,0.145203
F,0.0017462,-0.179747,-0.179747,-0.178001
F,0.438486,-0.133295,-0.133295,0.305191
F,0.302137,-0.0939089,-0.0939089,0.208228
F,-0.135532,-0.0939089,-0.0939089,-0.229441
F,0.222427,-0.163523,-0.163523,0.0589042
F,0.306737,-0.126076,-0.126076,0.180661
F,0.0577955,-0.179747,-0.179747,-0.121952
F,0.147185,-0.126076,-0.126076,0.0211087
F,0.306247,-0.17516,-0.17516,0.131087
F,-0.0128621,-0.108996,-0.108996,-0.121858
F,-0.10811,-0.133295,-0.133295,-0.241405
F,0.27739,-0.126076,-0.126076,0.151313
F,0.0401691,-0.126076,-0.126076,-0.0859074
F,0.292772,-0.191228,-0.191228,0.101544
F,0.317525,-0.179747,-0.179747,0.137778
F,0.22486,-0.17516,-0.17516,0.0496998
F,-0.0630332,-0.108996,-0.108996,-0.172029
F,0.091273,-0.179747,-0.179747,-0.0884745
F,0.31408,-0.0473943,-0.0473943,0.266686
F,0.393301,-0.179747,-0.179747,0.213554
F,0.212118,-0.163523,-0.163523,0.0485951
F,0.242483,-0.168219,-0.168219,0.0742645
F,0.210314,-0.126076,-0.126076,0.0842374
F,0.25681,-0.0473943,-0.0473943,0.209415
F,-0.058182,-0.126076,-0.126076,-0.184258
F,0.312564,-0.115231,-0.115231,0.197333
F,0.0934991,-0.126076,-0.126076,-0.0325774
F,0.0570456,-0.164329,-0.164329,-0.107284
F,0.123586,-0.081756,-0.081756,0.0418303
F,0.575787,-0.105791,-0.105791,0.469996
F,-0.10343,-0.129056,-0.129056,-0.232487
F,-0.170008,-0.164329,-0.164329,-0.334337
F,0.182488,-0.126076,-0.126076,0.0564116
F,-0.14183,-0.0605462,-0.0605462,-0.202376
F,0.337987,-0.0939089,-0.0939089,0.244078
F,0.0376438,-0.115231,-0.115231,-0.077587
F,0.0125991,-0.133295,-0.133295,-0.120696
F,0.409648,-0.131146,-0.131146,0.278501
F,0.0514063,-0.128938,-0.128938,-0.0775319
F,0.100235,-0.081756,-0.081756,0.0184788
F,0.24753,-0.105791,-0.105791,0.141738
F,0.0947853,-0.0605462,-0.0605462,0.0342391
F,-0.308098,-0.163523,-0.163523,-0.471621
F,0.0542001,-0.187191,-0.187191,-0.132991
F,-0.218746,-0.126076,-0.126076,-0.344822
F,0.133466,-0.103753,-0.103753,0.029713
F,0.167872,-0.0939089,-0.0939089,0.0739634
F,0.118048,-0.0939089,-0.0939089,0.0241387
F,0.372362,-0.074186,-0.074186,0.298176
F,0.503817,-0.094254,-0.094254,0.409563
F,0.0682068,-0.179747,-0.179747,-0.111541
F,-0.0984709,-0.128938,-0.128938,-0.227409
F,0.139391,-0.191228,-0.191228,-0.0518375
F,0.296644,-0.179747,-0.179747,0.116896
F,0.00467267,-0.0939089,-0.0939089,-0.0892362
F,0.281539,-0.15497,-0.15497,0.126569
F,0.346273,-0.007826,-0.007826,0.338447
F,-0.124543,-0.078785,-0.078785,-0.203328
F,-0.0768973,-0.187191,-0.187191,-0.264089
F,0.28922,-0.179747,-0.179747,0.109472
F,0.440134,-0.105791,-0.105791,0.334343
F,0.201926,-0.133295,-0.133295,0.0686309
F,0.220039,-0.163523,-0.163523,0.0565156
F,0.138544,-0.179747,-0.179747,-0.0412036
F,-0.145641,-0.187191,-0.187191,-0.332833
F,0.285539,-0.126076,-0.126076,0.159462
F,0.292191,-0.126076,-0.126076,0.166114
F,-0.0150372,-0.126076,-0.126076,-0.141114
F,-0.0406654,-0.164329,-0.164329,-0.204995
F,-0.0415658,-0.147891,-0.147891,-0.189457
F,0.112292,-0.0939089,-0.0939089,0.0183833
F,0.155702,-0.112675,-0.112675,0.0430275
F,0.220616,-0.081756,-0.081756,0.13886
F,-0.0513373,-0.0605462,-0.0605462,-0.111884
F,0.309224,-0.128938,-0.128938,0.180286
F,0.638292,-0.126076,-0.126076,0.512215
F,0.31923,-0.128938,-0.128938,0.190292
F,0.101427,-0.187191,-0.187191,-0.0857649
F,0.132342,-0.115231,-0.115231,0.0171111
F,0.12446,-0.0939089,-0.0939089,0.0305516
F,0.167634,-0.179747,-0.179747,-0.0121131
F,-0.177786,-0.179747,-0.179747,-0.357534
F,0.429181,-0.163523,-0.163523,0.265658
F,0.267205,-0.097166,-0.097166,0.170039
F,0.14376,-0.126076,-0.126076,0.017684
F,0.418284,-0.128938,-0.128938,0.289345
F,-0.162873,-0.0283817,-0.0283817,-0.191255
F,0.0739293,-0.108996,-0.108996,-0.0350667
F,0.200213,-0.126076,-0.126076,0.0741363
F,0.0687458,-0.133295,-0.133295,-0.0645494
F,0.136738,-0.108996,-0.108996,0.027742
F,0.0147994,-0.15497,-0.15497,-0.140171
F,0.239805,-0.0939089,-0.0939089,0.145896
F,0.301842,-0.094254,-0.094254,0.207588
F,0.165977,-0.0473943,-0.0473943,0.118583
F,0.350174,-0.17516,-0.17516,0.175014
F,0.28091,-0.163523,-0.163523,0.117387
F,0.426557,-0.179747,-0.179747,0.24681
F,-0.0797303,-0.0939089,-0.0939089,-0.173639
F,0.0256724,-0.187191,-0.187191,-0.161519
F,-0.131887,-0.17516,-0.17516,-0.307047
F,0.0181429,-0.105791,-0.105791,-0.0876482
F,0.463769,-0.147891,-0.147891,0.315878
F,0.30618,-0.126076,-0.126076,0.180103
F,-0.0198636,-0.179747,-0.179747,-0.199611
F,0.373919,-0.126076,-0.126076,0.247842
F,0.218182,-0.126076,-0.126076,0.0921053
F,-0.0282066,-0.163523,-0.163523,-0.19173
F,0.518103,-0.108996,-0.108996,0.409107
F,-0.0752669,-0.081756,-0.081756,-0.157023
F,0.29828,-0.126076,-0.126076,0.172203
F,0.0235457,-0.112675,-0.112675,-0.0891288
F,0.0925259,-0.0283817,-0.0283817,0.0641441
F,0.0633201,-0.163523,-0.163523,-0.100203
F,-0.146245,-0.0939089,-0.0939089,-0.240154
F,0.185405,-0.126076,-0.126076,0.0593282
F,-0.141062,-0.191228,-0.191228,-0.33229
F,0.295941,-0.120452,-0.120452,0.175489
F,0.386853,-0.0939089,-0.0939089,0.292945
F,0.19152,-0.126076,-0.126076,0.0654436
F,0.514576,-0.126076,-0.126076,0.388499
F,0.145192,-0.126076,-0.126076,0.0191159
F,0.31667,-0.0939089,-0.0939089,0.222761
F,-0.213971,-0.179747,-0.179747,-0.393718
F,-0.305998,-0.0939089,-0.0939089,-0.399907
F,-0.111062,-0.126076,-0.126076,-0.237138
F,0.13773,-0.207716,-0.207716,-0.069986
F,0.0628563,-0.191228,-0.191228,-0.128372
F,0.144753,-0.128938,-0.128938,0.015815
F,0.123037,-0.108996,-0.108996,0.0140413
F,0.308555,-0.126076,-0.126076,0.182478
F,0.10693,-0.094254,-0.094254,0.0126758
F,-0.0403978,-0.0939089,-0.0939089,-0.134307
F,-0.133247,-0.0605462,-0.0605462,-0.193793
F,0.212829,-0.0939089,-0.0939089,0.11892
F,0.0173454,-0.138961,-0.138961,-0.121615
F,0.309465,-0.108996,-0.108996,0.200469
F,0.139379,-0.0939089,-0.0939089,0.0454701
F,0.0553036,-0.128938,-0.128938,-0.0736346
F,-0.213974,-0.126076,-0.126076,-0.340051
F,0.174752,-0.0939089,-0.0939089,0.0808428
F,0.186839,-0.126076,-0.126076,0.0607627
F,0.578833,-0.163523,-0.163523,0.41531
F,0.107687,-0.17516,-0.17516,-0.0674725
F,0.672565,-0.163523,-0.163523,0.509042
F,0.262838,-0.187191,-0.187191,0.0756468
F,-0.0578143,-0.105791,-0.105791,-0.163605
F,0.162473,-0.0605462,-0.0605462,0.101926
F,0.363809,-0.147891,-0.147891,0.215918
F,0.137616,-0.081756,-0.081756,0.0558604
F,0.116917,-0.115231,-0.115231,0.00168567
F,0.25264,-0.179747,-0.179747,0.0728923
F,0.0289051,-0.126076,-0.126076,-0.0971714
F,0.102246,-0.17516,-0.17516,-0.0729142
F,0.369243,-0.0939089,-0.0939089,0.275334
F,0.209293,-0.0564525,-0.0564525,0.152841
F,0.227001,-0.115231,-0.115231,0.11177
F,-0.0339012,-0.147891,-0.147891,-0.181792
F,0.01399,-0.126076,-0.126076,-0.112086
F,0.0876471,-0.0605462,-0.0605462,0.0271009
F,0.216768,-0.0939089,-0.0939089,0.122859
F,0.1037,-0.074186,-0.074186,0.0295136
F,-0.0772695,-0.17516,-0.17516,-0.252429
F,0.20284,-0.131146,-0.131146,0.0716932
F,0.227468,-0.17516,-0.17516,0.0523083
F,0.028454,-0.17516,-0.17516,-0.146706
F,0.609028,-0.0939089,-0.0939089,0.515119
F,0.0238791,-0.126076,-0.126076,-0.102197
F,0.0910129,-0.179747,-0.179747,-0.0887346
F,-0.21561,-0.179747,-0.179747,-0.395358
F,0.0299654,-0.0283817,-0.0283817,0.00158368
F,-0.0799488,-0.105791,-0.105791,-0.18574
F,-0.164993,-0.17516,-0.17516,-0.340153
F,-0.0686109,-0.0939089,-0.0939089,-0.16252
F,0.238629,-0.115231,-0.115231,0.123398
F,-0.124864,-0.0939089,-0.0939089,-0.218773
F,-0.163056,-0.115231,-0.115231,-0.278287
F,-0.0477483,-0.0939089,-0.0939089,-0.141657
F,0.0258512,-0.17516,-0.17516,-0.149309
F,0.280764,-0.163523,-0.163523,0.11724
F,0.30237,-0.108996,-0.108996,0.193374
F,0.287482,-0.112675,-0.112675,0.174808
F,0.498662,-0.17516,-0.17516,0.323502
F,0.495659,-0.0473943,-0.0473943,0.448265
F,0.430946,-0.0564525,-0.0564525,0.374494
F,-0.241507,-0.163523,-0.163523,-0.40503
F,0.0346341,-0.105791,-0.105791,-0.071157
F,0.098862,-0.163523,-0.163523,-0.0646611
F,0.109642,-0.126076,-0.126076,-0.0164349
F,0.211001,-0.0939089,-0.0939089,0.117092
F,-0.0359675,-0.0721785,-0.0721785,-0.108146
F,0.355934,-0.133295,-0.133295,0.222638
F,0.24039,-0.126076,-0.126076,0.114313
F,-0.208648,-0.126076,-0.126076,-0.334724
F,-0.0442189,-0.126076,-0.126076,-0.170295
F,-0.290939,-0.126076,-0.126076,-0.417016
F,0.217788,-0.126076,-0.126076,0.0917118
F,0.015907,-0.0939089,-0.0939089,-0.0780019
F,-0.325742,-0.163523,-0.163523,-0.489265
F,0.306346,-0.0283817,-0.0283817,0.277965
F,0.25886,-0.126076,-0.126076,0.132784
F,0.639057,-0.126076,-0.126076,0.512981
F,-0.219626,-0.128938,-0.128938,-0.348564
F,0.0578702,-0.191228,-0.191228,-0.133358
F,0.289892,-0.163523,-0.163523,0.126369
F,0.290877,-0.17516,-0.17516,0.115717
F,0.301955,-0.126076,-0.126076,0.175878
F,0.308281,-0.128938,-0.128938,0.179343
F,0.202176,-0.179747,-0.179747,0.022429
F,0.0669488,-0.163523,-0.163523,-0.0965743
F,0.219997,-0.108996,-0.108996,0.111001
F,-0.178166,-0.163523,-0.163523,-0.341689
F,0.281186,-0.074186,-0.074186,0.207
F,0.197943,-0.126076,-0.126076,0.0718665
F,0.163788,-0.131146,-0.131146,0.0326413
F,0.213908,-0.120452,-0.120452,0.0934559
F,0.175687,-0.074186,-0.074186,0.101501
F,0.142032,-0.078785,-0.078785,0.0632468
F,0.0966468,-0.074186,-0.074186,0.0224608
F,0.0801092,-0.187191,-0.187191,-0.107082
F,-0.00978725,-0.179747,-0.179747,-0.189535
F,0.0753928,-0.115231,-0.115231,-0.0398381
F,-0.0535807,-0.128938,-0.128938,-0.182519
F,0.242353,-0.179747,-0.179747,0.0626051
F,0.235061,-0.126076,-0.126076,0.108984
F,0.247384,-0.151012,-0.151012,0.0963719
F,0.443347,-0.179747,-0.179747,0.2636
F,0.272047,-0.163523,-0.163523,0.108524
F,0.0655891,-0.128938,-0.128938,-0.0633491
F,0.134893,-0.126076,-0.126076,0.0088168
F,0.0316045,-0.155248,-0.155248,-0.123644
F,0.292425,-0.0939089,-0.0939089,0.198516
F,0.278899,-0.179747,-0.179747,0.0991513
F,0.074006,-0.17516,-0.17516,-0.101154
F,0.218156,-0.126076,-0.126076,0.0920795
F,-0.349054,-0.0939089,-0.0939089,-0.442962
F,-0.163295,-0.133295,-0.133295,-0.29659
F,0.16135,-0.17516,-0.17516,-0.0138094
F,-0.192888,-0.126076,-0.126076,-0.318964
F,0.446864,-0.126076,-0.126076,0.320787
F,0.285011,-0.179747,-0.179747,0.105263
F,0.0974897,-0.15497,-0.15497,-0.0574802
F,-0.29035,-0.163523,-0.163523,-0.453873
F,-0.0054203,-0.179747,-0.179747,-0.185168
F,0.0693015,-0.163523,-0.163523,-0.0942216
F,0.308802,-0.126076,-0.126076,0.182726
F,0.00713663,-0.126076,-0.126076,-0.11894
F,0.387446,-0.128938,-0.128938,0.258508
F,-0.00803321,-0.133295,-0.133295,-0.141328
F,0.382325,-0.191228,-0.191228,0.191096
F,-0.198019,-0.0721785,-0.0721785,-0.270198
F,-0.0346561,-0.133295,-0.133295,-0.167951
F,0.430875,-0.128938,-0.128938,0.301936
F,0.103005,-0.0939089,-0.0939089,0.00909641
F,-0.209209,-0.105791,-0.105791,-0.315
F,0.448564,-0.126076,-0.126076,0.322488
F,0.163489,-0.126076,-0.126076,0.0374121
F,-0.07384,-0.163523,-0.163523,-0.237363
F,0.30705,-0.0605462,-0.0605462,0.246504
F,-0.0916992,-0.126076,-0.126076,-0.217776
F,0.00633415,-0.0939089,-0.0939089,-0.0875747
F,-0.0590504,-0.0939089,-0.0939089,-0.152959
F,-0.21034,-0.126076,-0.126076,-0.336416
F,0.174394,-0.126076,-0.126076,0.0483174
F,0.192862,-0.0974241,-0.0974241,0.095438
F,0.402098,-0.179747,-0.179747,0.222351
F,0.370509,-0.126076,-0.126076,0.244432
F,-0.104083,-0.0283817,-0.0283817,-0.132465
F,0.549623,-0.0939089,-0.0939089,0.455714
F,0.33957,-0.179747,-0.179747,0.159823
F,0.00933111,-0.179747,-0.179747,-0.170416
F,0.27239,-0.133295,-0.133295,0.139095
F,0.133109,-0.191228,-0.191228,-0.0581194
F,0.180959,-0.126076,-0.126076,0.0548824
F,0.277567,-0.126076,-0.126076,0.15149
F,0.0782508,-0.128938,-0.128938,-0.0506874
F,0.0297165,-0.147891,-0.147891,-0.118174
F,0.157301,-0.128938,-0.128938,0.0283629
F,0.0248971,-0.126076,-0.126076,-0.101179
F,0.531117,-0.0939089,-0.0939089,0.437208
F,0.366527,-0.163523,-0.163523,0.203004
F,-0.120192,-0.17516,-0.17516,-0.295352
F,0.0484437,-0.129056,-0.129056,-0.0806127
F,0.458803,-0.094254,-0.094254,0.364549
F,0.25192,-0.126076,-0.126076,0.125843
F,0.0553917,-0.179747,-0.179747,-0.124356
F,0.214993,-0.0939089,-0.0939089,0.121084
F,0.287021,-0.163523,-0.163523,0.123498
F,0.0654065,-0.191228,-0.191228,-0.125822
F,0.0276832,-0.138961,-0.138961,-0.111277
F,-0.168362,-0.129056,-0.129056,-0.297419
F,0.389226,-0.126076,-0.126076,0.263149
F,0.219231,-0.0939089,-0.0939089,0.125322
F,0.021927,-0.179747,-0.179747,-0.15782
F,0.168313,-0.163523,-0.163523,0.00478962
F,-0.0416981,-0.126076,-0.126076,-0.167775
F,0.343198,-0.0939089,-0.0939089,0.249289
F,-0.00581334,-0.128938,-0.128938,-0.134752
F,0.236043,-0.115231,-0.115231,0.120813
F,0.074737,-0.128938,-0.128938,-0.0542012
F,-0.125665,-0.191228,-0.191228,-0.316893
F,-0.0545614,-0.147891,-0.147891,-0.202452
F,-0.251267,-0.105791,-0.105791,-0.357058
F,0.379305,-0.0721785,-0.0721785,0.307126
F,0.327043,-0.15497,-0.15497,0.172073
F,0.195382,-0.179747,-0.179747,0.0156342
F,0.251362,-0.163523,-0.163523,0.0878393
F,0.0894608,-0.17516,-0.17516,-0.0856991
F,0.409308,-0.187191,-0.187191,0.222117
F,0.366431,-0.191228,-0.191228,0.175203
F,0.448068,-0.179747,-0.179747,0.268321
F,0.101802,-0.126076,-0.126076,-0.0242749
F,0.00628605,-0.081756,-0.081756,-0.07547
F,0.358406,-0.126076,-0.126076,0.23233
F,-0.0777491,-0.133295,-0.133295,-0.211044
F,0.0713179,-0.179747,-0.179747,-0.10843
F,0.207494,-0.187191,-0.187191,0.0203026
F,0.196118,-0.0283817,-0.0283817,0.167737
F,0.216682,-0.126076,-0.126076,0.0906054
F,0.195054,-0.0939089,-0.0939089,0.101145
F,-0.141558,-0.179747,-0.179747,-0.321306
F,0.145068,-0.115231,-0.115231,0.0298372
F,0.2159,-0.179747,-0.179747,0.0361523
F,-0.129988,-0.0605462,-0.0605462,-0.190534
F,0.0391667,-0.128938,-0.128938,-0.0897715
F,0.0446277,-0.147891,-0.147891,-0.103263
F,0.288417,-0.0939089,-0.0939089,0.194508
F,0.155657,-0.0939089,-0.0939089,0.0617482
F,0.36924,-0.081756,-0.081756,0.287484
F,-0.23786,-0.191228,-0.191228,-0.429088
F,0.490502,-0.163523,-0.163523,0.326979
F,0.0242879,-0.126076,-0.126076,-0.101789
F,0.355758,-0.0939089,-0.0939089,0.261849
F,-0.260688,-0.138961,-0.138961,-0.399648
F,0.379338,-0.126076,-0.126076,0.253261
F,0.381535,-0.115231,-0.115231,0.266305
F,0.181015,-0.163523,-0.163523,0.0174916
F,-0.26211,-0.133295,-0.133295,-0.395406
F,0.487153,-0.0939089,-0.0939089,0.393244
F,-0.00848225,-0.187191,-0.187191,-0.195674
F,0.222499,-0.179747,-0.179747,0.0427516
F,0.131643,-0.0939089,-0.0939089,0.0377344
F,0.12432,-0.0605462,-0.0605462,0.0637736
F,0.430798,-0.094254,-0.094254,0.336544
F,0.248569,-0.108996,-0.108996,0.139573
F,0.383604,-0.179747,-0.179747,0.203856
F,0.0781232,-0.0605462,-0.0605462,0.017577
F,0.713161,-0.128938,-0.128938,0.584223
F,0.199166,-0.126076,-0.126076,0.0730897
F,0.940807,-0.103753,-0.103753,0.837055
F,0.134302,-0.126076,-0.126076,0.0082257
F,0.10523,-0.081756,-0.081756,0.0234744
F,0.159809,-0.187191,-0.187191,-0.0273821
F,0.142227,-0.139293,-0.139293,0.00293355
F,0.190839,-0.126076,-0.126076,0.0647627
F,-0.215397,-0.126076,-0.126076,-0.341473
F,0.262376,-0.115231,-0.115231,0.147145
F,0.246741,-0.0939089,-0.0939089,0.152832
F,0.167763,-0.108996,-0.108996,0.0587674
F,-0.00644478,-0.120452,-0.120452,-0.126897
F,0.123635,-0.0939089,-0.0939089,0.0297261
F,0.14984,-0.0605462,-0.0605462,0.0892933
F,-0.023933,-0.163523,-0.163523,-0.187456
F,0.425297,-0.0605462,-0.0605462,0.364751
F,0.298734,-0.126076,-0.126076,0.172658
F,0.119251,-0.0346076,-0.0346076,0.0846429
F,0.0592341,-0.126076,-0.126076,-0.0668424
F,0.207707,-0.103753,-0.103753,0.103954
F,0.234685,-0.191228,-0.191228,0.0434566
F,0.0500133,-0.191228,-0.191228,-0.141215
F,0.153508,-0.133295,-0.133295,0.0202125
F,0.119054,-0.126076,-0.126076,-0.00702196
F,-0.231022,-0.126076,-0.126076,-0.357099
F,-0.0741733,-0.128938,-0.128938,-0.203112
F,0.00757186,-0.163523,-0.163523,-0.155951
F,0.198921,-0.163523,-0.163523,0.0353978
F,0.254495,-0.147891,-0.147891,0.106604
F,0.132729,-0.0939089,-0.0939089,0.0388202
F,0.46009,-0.0939089,-0.0939089,0.366181
F,0.363145,-0.133295,-0.133295,0.22985
F,0.167171,-0.0605462,-0.0605462,0.106624
F,0.39837,-0.191228,-0.191228,0.207142
F,0.553251,-0.126076,-0.126076,0.427175
F,0.147472,-0.0605462,-0.0605462,0.0869259
F,0.419787,-0.115231,-0.115231,0.304556
F,0.221444,-0.17516,-0.17516,0.046284
F,0.508805,-0.126076,-0.126076,0.382728
F,0.280463,-0.0605462,-0.0605462,0.219917
F,0.231147,-0.126076,-0.126076,0.10507
F,0.251104,-0.0283817,-0.0283817,0.222723
F,0.348441,-0.187191,-0.187191,0.16125
F,0.155208,-0.163523,-0.163523,-0.00831531
F,-0.221907,-0.15497,-0.15497,-0.376877
F,0.364521,-0.126076,-0.126076,0.238445
F,0.151228,-0.0974241,-0.0974241,0.0538035
F,0.342997,-0.115231,-0.115231,0.227766
F,-0.0300447,-0.0939089,-0.0939089,-0.123954
F,0.257823,-0.126076,-0.126076,0.131747
F,0.33789,-0.133295,-0.133295,0.204595
F,-0.0689797,-0.128938,-0.128938,-0.197918
F,-0.0701819,-0.191228,-0.191228,-0.26141
F,-0.0944617,-0.163523,-0.163523,-0.257985
F,0.0474095,-0.105791,-0.105791,-0.0583816
F,0.197124,-0.105791,-0.105791,0.0913329
F,0.155611,-0.126076,-0.126076,0.0295348
F,0.197492,-0.191228,-0.191228,0.00626366
F,0.131321,-0.133295,-0.133295,-0.00197427
F,-0.300353,-0.147891,-0.147891,-0.448244
F,0.165801,-0.17516,-0.17516,-0.00935928
F,0.435348,-0.17516,-0.17516,0.260189
F,0.171546,-0.155248,-0.155248,0.0162978
F,0.307775,-0.126076,-0.126076,0.181698
F,0.331763,-0.0939089,-0.0939089,0.237854
F,-0.0726709,-0.126076,-0.126076,-0.198747
F,0.380312,-0.163523,-0.163523,0.216789
F,0.19102,-0.179747,-0.179747,0.0112723
F,-0.0557408,-0.126076,-0.126076,-0.181817
F,0.154061,-0.0939089,-0.0939089,0.0601524
F,0.00964165,-0.081756,-0.081756,-0.0721144
F,0.472191,-0.128938,-0.128938,0.343253
F,-0.048106,-0.163523,-0.163523,-0.211629
F,0.487558,-0.179747,-0.179747,0.307811
F,0.184278,-0.126076,-0.126076,0.0582016
F,0.54017,-0.128938,-0.128938,0.411232
F,0.0872002,-0.126076,-0.126076,-0.0388762
F,-0.116831,-0.163523,-0.163523,-0.280354
F,0.407284,-0.163523,-0.163523,0.243761
F,0.118412,-0.126076,-0.126076,-0.00766453
F,-0.0492989,-0.126076,-0.126076,-0.175375
F,0.119615,-0.081756,-0.081756,0.0378586
F,0.199331,-0.15497,-0.15497,0.0443609
F,0.350806,-0.0939089,-0.0939089,0.256897
F,0.0239704,-0.147891,-0.147891,-0.123921
F,0.0346984,-0.0939089,-0.0939089,-0.0592104
F,0.215326,-0.126076,-0.126076,0.0892497
F,0.00557461,-0.120452,-0.120452,-0.114877
F,0.616688,-0.108996,-0.108996,0.507692
F,0.399877,-0.17516,-0.17516,0.224717
F,0.100961,-0.103753,-0.103753,-0.00279105
F,0.0546383,-0.133295,-0.133295,-0.0786569
F,0.0414567,-0.103753,-0.103753,-0.0622958
F,0.163976,-0.126076,-0.126076,0.037899
F,0.372874,-0.163523,-0.163523,0.209351
F,0.255189,-0.0939089,-0.0939089,0.161281
F,0.378342,-0.115231,-0.115231,0.263111
F,0.296155,-0.207716,-0.207716,0.088439
F,0.106266,-0.108996,-0.108996,-0.00273033
F,0.103602,-0.128938,-0.128938,-0.0253359
F,0.207271,-0.126076,-0.126076,0.0811941
F,0.278485,-0.191228,-0.191228,0.087257
F,-0.12554,-0.191228,-0.191228,-0.316768
F,0.396852,-0.163523,-0.163523,0.233329
F,-0.0566211,-0.103571,-0.103571,-0.160192
F,0.0763665,-0.179747,-0.179747,-0.103381
F,0.0992404,-0.0939089,-0.0939089,0.00533156
F,0.229625,-0.074186,-0.074186,0.155439
F,0.17353,-0.128938,-0.128938,0.0445921
F,0.0160364,-0.179747,-0.179747,-0.163711
F,0.118233,-0.179747,-0.179747,-0.0615144
F,0.382505,-0.128938,-0.128938,0.253567
F,0.361852,-0.126076,-0.126076,0.235775
F,-0.28269,-0.0939089,-0.0939089,-0.376599
F,0.453575,-0.128938,-0.128938,0.324637
F,0.0567476,-0.0605462,-0.0605462,-0.00379862
F,0.167795,-0.0939089,-0.0939089,0.0738864
F,-0.146732,-0.17516,-0.17516,-0.321892
F,0.0167096,-0.191228,-0.191228,-0.174519
F,0.148621,-0.128938,-0.128938,0.0196824
F,0.375283,-0.128938,-0.128938,0.246345
F,0.0184313,-0.105791,-0.105791,-0.0873598
F,-0.00659464,-0.0605462,-0.0605462,-0.0671408
F,0.381237,-0.133295,-0.133295,0.247942
F,0.232171,-0.105791,-0.105791,0.12638
F,0.251999,-0.126076,-0.126076,0.125922
F,0.286352,-0.179747,-0.179747,0.106604
F,0.390215,-0.074186,-0.074186,0.316029
F,-0.077793,-0.163523,-0.163523,-0.241316
F,-0.333591,-0.179747,-0.179747,-0.513338
F,0.287377,-0.163523,-0.163523,0.123854
F,-0.0485253,-0.0939089,-0.0939089,-0.142434
F,0.351672,-0.0605462,-0.0605462,0.291126
F,0.136247,-0.126076,-0.126076,0.0101709
F,0.496977,-0.155248,-0.155248,0.341729
F,-0.0446587,-0.007826,-0.007826,-0.0524847
F,-0.011268,-0.191228,-0.191228,-0.202496
F,0.00278597,-0.105791,-0.105791,-0.103005
F,0.260689,-0.163523,-0.163523,0.0971664
F,-0.00704086,-0.164329,-0.164329,-0.17137
F,0.304685,-0.0283817,-0.0283817,0.276304
F,0.218639,-0.163523,-0.163523,0.0551157
F,0.151975,-0.126076,-0.126076,0.025899
F,0.033988,-0.17516,-0.17516,-0.141172
F,0.168548,-0.131146,-0.131146,0.0374021
F,-0.23877,-0.147891,-0.147891,-0.386661
F,0.155373,-0.128938,-0.128938,0.0264346
F,0.3092,-0.126076,-0.126076,0.183123
F,-0.308002,-0.191228,-0.191228,-0.499231
F,0.0432141,-0.108996,-0.108996,-0.0657819
F,0.299508,-0.126076,-0.126076,0.173432
F,0.0436538,-0.147891,-0.147891,-0.104237
F,0.372953,-0.105791,-0.105791,0.267162
F,0.409736,-0.133295,-0.133295,0.276441
F,0.183768,-0.0939089,-0.0939089,0.0898596
F,0.322693,-0.179747,-0.179747,0.142945
F,0.287113,-0.179747,-0.179747,0.107365
F,-0.23612,-0.17516,-0.17516,-0.41128
F,-0.0502198,-0.0283817,-0.0283817,-0.0786016
F,0.106854,-0.17516,-0.17516,-0.0683054
F,0.0855245,-0.0939089,-0.0939089,-0.0083844
F,0.215236,-0.105791,-0.105791,0.109445
F,0.340877,-0.126076,-0.126076,0.2148
F,0.79051,-0.207716,-0.207716,0.582795
F,-0.220147,-0.164097,-0.164097,-0.384244
F,-0.0270283,-0.179747,-0.179747,-0.206776
F,-0.147943,-0.17516,-0.17516,-0.323103
F,0.200446,-0.163523,-0.163523,0.0369232
F,-0.163615,-0.126076,-0.126076,-0.289692
F,0.403771,-0.164329,-0.164329,0.239442
F,0.0697631,-0.191228,-0.191228,-0.121465
F,0.022608,-0.0939089,-0.0939089,-0.0713008
F,-0.214448,-0.0939089,-0.0939089,-0.308357
F,0.102514,-0.15497,-0.15497,-0.0524562
F,0.0529824,-0.0939089,-0.0939089,-0.0409265
F,0.60736,-0.105791,-0.105791,0.501569
F,0.192604,-0.163523,-0.163523,0.0290806
F,0.260125,-0.126076,-0.126076,0.134049
F,0.103652,-0.163523,-0.163523,-0.0598714
F,0.421671,-0.105791,-0.105791,0.315879
F,0.0651406,-0.17516,-0.17516,-0.110019
F,0.161629,-0.151012,-0.151012,0.0106172
F,0.235444,-0.120159,-0.120159,0.115285
F,0.341054,-0.179747,-0.179747,0.161307
F,-0.0819956,-0.139293,-0.139293,-0.221289
F,-0.00156418,-0.126076,-0.126076,-0.127641
F,-0.103072,-0.105791,-0.105791,-0.208863
F,0.32424,-0.0605462,-0.0605462,0.263694
F,0.0461821,-0.081756,-0.081756,-0.0355739
F,0.130027,-0.179747,-0.179747,-0.0497202
F,0.162176,-0.081756,-0.081756,0.0804203
F,-0.0162852,-0.191228,-0.191228,-0.207513
F,0.198571,-0.0939089,-0.0939089,0.104662
F,0.631096,-0.179747,-0.179747,0.451349
F,0.121444,-0.191228,-0.191228,-0.0697839
F,0.45727,-0.128938,-0.128938,0.328332
F,0.278787,-0.0939089,-0.0939089,0.184878
F,0.26008,-0.119758,-0.119758,0.140322
F,-0.0233204,-0.126076,-0.126076,-0.149397
F,0.124189,-0.094254,-0.094254,0.0299351
F,0.126728,-0.191228,-0.191228,-0.0645002
F,0.22054,-0.109224,-0.109224,0.111315
F,-0.0930488,-0.081756,-0.081756,-0.174805
F,0.200592,-0.081756,-0.081756,0.118836
F,0.168566,-0.179747,-0.179747,-0.0111818
F,0.152293,-0.179747,-0.179747,-0.0274544
F,-0.104486,-0.128938,-0.128938,-0.233424
F,0.112102,-0.191228,-0.191228,-0.0791261
F,0.189659,-0.133295,-0.133295,0.0563633
F,0.0889478,-0.103571,-0.103571,-0.0146234
F,0.354093,-0.163523,-0.163523,0.19057
F,0.357059,-0.151012,-0.151012,0.206047
F,0.196144,-0.187191,-0.187191,0.00895277
F,0.274076,-0.0605462,-0.0605462,0.21353
F,0.432439,-0.126076,-0.126076,0.306362
F,-0.404301,-0.187191,-0.187191,-0.591492
F,0.317718,-0.17516,-0.17516,0.142558
F,0.0227742,-0.17516,-0.17516,-0.152386
F,0.0732268,-0.120452,-0.120452,-0.0472252
F,-0.242606,-0.139293,-0.139293,-0.381899
F,0.182833,-0.17516,-0.17516,0.00767278
F,-0.0638608,-0.163523,-0.163523,-0.227384
F,-0.078618,-0.105791,-0.105791,-0.184409
F,0.0399452,-0.128938,-0.128938,-0.088993
F,0.226507,-0.0939089,-0.0939089,0.132598
F,0.0685176,-0.179747,-0.179747,-0.11123
F,0.187274,-0.081756,-0.081756,0.105518
F,0.0508315,-0.128938,-0.128938,-0.0781067
F,0.00976652,-0.097166,-0.097166,-0.0873995
F,-0.104684,-0.163523,-0.163523,-0.268207
F,-0.0812846,-0.081756,-0.081756,-0.163041
F,0.314385,-0.0939089,-0.0939089,0.220476
F,0.51874,-0.0605462,-0.0605462,0.458194
F,0.249967,-0.0939089,-0.0939089,0.156059
F,0.123189,-0.0939089,-0.0939089,0.0292806
F,0.0250977,-0.0564525,-0.0564525,-0.0313548
F,-0.202834,-0.163523,-0.163523,-0.366357
F,0.14304,-0.115231,-0.115231,0.027809
F,-0.169055,-0.126076,-0.126076,-0.295132
F,-0.0477978,-0.126076,-0.126076,-0.173874
F,0.193391,-0.191228,-0.191228,0.00216323
F,0.30314,-0.17516,-0.17516,0.12798
F,0.0583426,-0.0939089,-0.0939089,-0.0355663
F,-0.105595,-0.097166,-0.097166,-0.202761
F,0.382014,-0.126076,-0.126076,0.255938
F,0.382889,-0.081756,-0.081756,0.301133
F,0.0830757,-0.0939089,-0.0939089,-0.0108332
F,0.19596,-0.0721785,-0.0721785,0.123781
F,-0.106094,-0.179747,-0.179747,-0.285841
F,-0.0554076,-0.17516,-0.17516,-0.230567
F,0.275427,-0.105791,-0.105791,0.169636
F,0.432808,-0.128938,-0.128938,0.30387
F,0.314273,-0.103753,-0.103753,0.210521
F,0.140895,-0.179747,-0.179747,-0.0388522
F,0.607316,-0.074186,-0.074186,0.53313
F,0.0119433,-0.191228,-0.191228,-0.179285
F,0.157612,-0.126076,-0.126076,0.0315354
F,-0.356772,-0.147891,-0.147891,-0.504663
F,0.0655241,-0.115231,-0.115231,-0.0497068
F,0.0677138,-0.081756,-0.081756,-0.0140423
F,0.0621331,-0.0939089,-0.0939089,-0.0317757
F,0.345412,-0.128938,-0.128938,0.216474
F,-0.0891884,-0.191228,-0.191228,-0.280416
F,0.0353288,-0.0939089,-0.0939089,-0.0585801
F,0.373634,-0.115231,-0.115231,0.258404
F,0.103296,-0.0974241,-0.0974241,0.00587161
F,-0.0979048,-0.133295,-0.133295,-0.2312
F,0.0637106,-0.0939089,-0.0939089,-0.0301983
F,0.0320607,-0.128938,-0.128938,-0.0968775
F,0.159033,-0.126076,-0.126076,0.032957
F,0.0836736,-0.164329,-0.164329,-0.0806557
F,0.234356,-0.163523,-0.163523,0.0708325
F,-0.0479061,-0.155248,-0.155248,-0.203154
F,-0.155445,-0.179747,-0.179747,-0.335193
F,0.145239,-0.128938,-0.128938,0.0163012
F,0.373067,-0.126076,-0.126076,0.246991
F,-0.0336333,-0.147891,-0.147891,-0.181524
F,0.166172,-0.163523,-0.163523,0.00264884
F,0.392688,-0.105791,-0.105791,0.286897
F,0.0239766,-0.120452,-0.120452,-0.0964753
F,-0.0138619,-0.094254,-0.094254,-0.108116
F,0.0371818,-0.126076,-0.126076,-0.0888947
F,-0.0809754,-0.179747,-0.179747,-0.260723
F,-0.273814,-0.0939089,-0.0939089,-0.367723
F,0.09199,-0.0939089,-0.0939089,-0.0019189
F,0.107084,-0.126076,-0.126076,-0.018992
F,-0.157684,-0.105791,-0.105791,-0.263475
F,-0.0303382,-0.191228,-0.191228,-0.221566
F,-0.0373696,-0.126076,-0.126076,-0.163446
F,-0.220521,-0.179747,-0.179747,-0.400268
F,-0.0852315,-0.0939089,-0.0939089,-0.17914
F,-0.115805,-0.105791,-0.105791,-0.221596
F,0.182193,-0.179747,-0.179747,0.00244507
F,0.0840165,-0.0939089,-0.0939089,-0.00989236
F,-0.0139584,-0.191228,-0.191228,-0.205187
F,-0.20413,-0.126076,-0.126076,-0.330207
F,-0.113518,-0.164329,-0.164329,-0.277848
F,0.157728,-0.108996,-0.108996,0.0487324
F,-0.139861,-0.0721785,-0.0721785,-0.21204
F,0.39258,-0.126076,-0.126076,0.266504
F,0.351798,-0.179747,-0.179747,0.172051
F,0.234574,-0.147891,-0.147891,0.0866834
F,0.12678,-0.126076,-0.126076,0.000704031
F,0.376793,-0.0939089,-0.0939089,0.282884
F,0.0236635,-0.163523,-0.163523,-0.13986
F,-0.0120185,-0.179747,-0.179747,-0.191766
F,0.651789,-0.179747,-0.179747,0.472042
F,-0.217274,-0.128938,-0.128938,-0.346212
F,0.201918,-0.179747,-0.179747,0.0221709
F,0.124255,-0.126076,-0.126076,-0.00182103
F,-0.218568,-0.0605462,-0.0605462,-0.279114
F,0.233943,-0.191228,-0.191228,0.0427153
F,0.31152,-0.0939089,-0.0939089,0.217611
F,0.23511,-0.17516,-0.17516,0.05995
F,0.283252,-0.105791,-0.105791,0.177461
F,0.424185,-0.103753,-0.103753,0.320432
F,0.0197321,-0.179747,-0.179747,-0.160015
F,0.124178,-0.0939089,-0.0939089,0.0302694
F,0.193291,-0.179747,-0.179747,0.0135438
F,0.00123728,-0.187191,-0.187191,-0.185954
F,0.0404167,-0.0939089,-0.0939089,-0.0534922
F,0.230089,-0.164329,-0.164329,0.0657597
F,0.181721,-0.163523,-0.163523,0.0181978
F,-0.0249624,-0.126076,-0.126076,-0.151039
F,0.0826968,-0.126076,-0.126076,-0.0433797
F,0.0527439,-0.094254,-0.094254,-0.0415102
F,0.195686,-0.108996,-0.108996,0.0866896
F,0.143134,-0.22901,-0.22901,-0.085876
F,-0.199132,-0.126076,-0.126076,-0.325208
F,-0.0197504,-0.0939089,-0.0939089,-0.113659
F,0.187872,-0.126076,-0.126076,0.061796
F,0.0603244,-0.163523,-0.163523,-0.103199
F,0.0645834,-0.126076,-0.126076,-0.061493
F,0.0765341,-0.179747,-0.179747,-0.103213
F,0.654624,-0.0939089,-0.0939089,0.560716
F,0.133658,-0.126076,-0.126076,0.00758181
F,-0.0130811,-0.126076,-0.126076,-0.139158
F,0.538945,-0.081756,-0.081756,0.457189
F,0.262185,-0.0939089,-0.0939089,0.168277
F,-0.101465,-0.207716,-0.207716,-0.309181
F,0.205262,-0.187191,-0.187191,0.0180702
F,0.0740502,-0.17516,-0.17516,-0.10111
F,-0.00287663,-0.126076,-0.126076,-0.128953
F,0.419002,-0.126076,-0.126076,0.292926
F,0.0969028,-0.211703,-0.211703,-0.1148
F,0.255436,-0.094254,-0.094254,0.161182
F,0.190518,-0.191228,-0.191228,-0.00071051
F,0.0293833,-0.0939089,-0.0939089,-0.0645256
F,0.129944,-0.133295,-0.133295,-0.00335162
F,0.586527,-0.115231,-0.115231,0.471297
F,-0.0160538,-0.128938,-0.128938,-0.144992
F,-0.142737,-0.126076,-0.126076,-0.268814
F,0.0809089,-0.128938,-0.128938,-0.0480293
F,-0.00634499,-0.133295,-0.133295,-0.13964
F,0.0382529,-0.191228,-0.191228,-0.152975
F,-0.0171773,-0.147891,-0.147891,-0.165068
F,0.0749394,-0.126076,-0.126076,-0.0511371
F,0.381272,-0.179747,-0.179747,0.201525
F,0.0544742,-0.108996,-0.108996,-0.0545218
F,-0.0832655,-0.0939089,-0.0939089,-0.177174
F,0.274633,-0.126076,-0.126076,0.148557
F,0.0637069,-0.128938,-0.128938,-0.0652313
F,0.215609,-0.118825,-0.118825,0.0967846
F,0.36551,-0.081756,-0.081756,0.283754
F,0.123332,-0.0721785,-0.0721785,0.0511537
F,0.0567376,-0.191228,-0.191228,-0.13449
F,0.170073,-0.179747,-0.179747,-0.00967467
F,-0.0226981,-0.17516,-0.17516,-0.197858
F,0.31657,-0.126076,-0.126076,0.190493
F,0.154757,-0.15497,-0.15497,-0.000213315
F,0.211887,-0.17516,-0.17516,0.0367275
F,0.164175,-0.007826,-0.007826,0.156349
F,0.0572403,-0.0939089,-0.0939089,-0.0366686
F,0.306859,-0.126076,-0.126076,0.180783
F,0.051976,-0.191228,-0.191228,-0.139252
F,0.051337,-0.074186,-0.074186,-0.0228491
F,0.00351992,-0.119758,-0.119758,-0.116238
F,-0.0481103,-0.17516,-0.17516,-0.22327
F,-0.0184889,-0.126076,-0.126076,-0.144565
F,0.211519,-0.179747,-0.179747,0.0317712
F,-0.0367803,-0.128938,-0.128938,-0.165718
F,0.202125,-0.128938,-0.128938,0.0731865
F,-0.0617838,-0.128938,-0.128938,-0.190722
F,0.304813,-0.15497,-0.15497,0.149843
F,0.151055,-0.0939089,-0.0939089,0.057146
F,0.382839,-0.0283817,-0.0283817,0.354458
F,-0.266046,-0.128938,-0.128938,-0.394984
F,0.265658,-0.105791,-0.105791,0.159867
F,-0.454767,-0.15497,-0.15497,-0.609737
F,-0.0412518,-0.0939089,-0.0939089,-0.135161
F,0.392301,-0.191228,-0.191228,0.201073
F,-0.345089,-0.179747,-0.179747,-0.524837
F,-0.0522311,-0.179747,-0.179747,-0.231979
F,0.412944,-0.163523,-0.163523,0.249421
F,0.434135,-0.0605462,-0.0605462,0.373589
F,0.0415963,-0.0605462,-0.0605462,-0.0189499
F,0.0528293,-0.163523,-0.163523,-0.110694
F,-0.248422,-0.126076,-0.126076,-0.374499
F,0.0763902,-0.128938,-0.128938,-0.052548
F,0.151474,-0.103571,-0.103571,0.0479032
F,0.267088,-0.126076,-0.126076,0.141011
F,0.125763,-0.103753,-0.103753,0.0220102
F,0.127819,-0.126076,-0.126076,0.00174271
F,-0.0101887,-0.108996,-0.108996,-0.119185
F,0.0867026,-0.126076,-0.126076,-0.0393738
F,0.157625,-0.0939089,-0.0939089,0.0637166
F,0.0636591,-0.187191,-0.187191,-0.123532
F,0.307653,-0.187191,-0.187191,0.120462
F,0.264463,-0.179747,-0.179747,0.0847155
F,-0.0357661,-0.0939089,-0.0939089,-0.129675
F,0.189315,-0.155248,-0.155248,0.0340674
F,0.0923284,-0.074186,-0.074186,0.0181424
F,-0.0146968,-0.179747,-0.179747,-0.194444
F,0.296318,-0.17516,-0.17516,0.121158
F,0.330002,-0.126076,-0.126076,0.203925
F,0.162705,-0.179747,-0.179747,-0.0170422
F,0.136548,-0.151012,-0.151012,-0.0144639
F,0.366221,-0.17516,-0.17516,0.191061
F,-0.288924,-0.179747,-0.179747,-0.468672
F,-0.259938,-0.191228,-0.191228,-0.451166
F,-0.00617044,-0.163523,-0.163523,-0.169694
F,0.164009,-0.179747,-0.179747,-0.0157389
F,-0.13334,-0.126076,-0.126076,-0.259416
F,0.0237382,-0.126076,-0.126076,-0.102338
F,0.0340684,-0.179747,-0.179747,-0.145679
F,0.0617573,-0.108996,-0.108996,-0.0472388
F,0.349312,-0.112675,-0.112675,0.236637
F,0.0557382,-0.108996,-0.108996,-0.0532578
F,0.064933,-0.0939089,-0.0939089,-0.0289759
F,0.0816759,-0.0939089,-0.0939089,-0.012233
F,-0.517506,-0.179747,-0.179747,-0.697254
F,0.272821,-0.081756,-0.081756,0.191065
F,-0.317871,-0.128938,-0.128938,-0.446809
F,0.0853624,-0.126076,-0.126076,-0.0407141
F,0.0407586,-0.163523,-0.163523,-0.122764
F,0.129204,-0.0605462,-0.0605462,0.0686577
F,-0.134048,-0.179747,-0.179747,-0.313795
F,-0.255562,-0.147891,-0.147891,-0.403453
F,-0.0302701,-0.179747,-0.179747,-0.210018
F,0.183132,-0.128938,-0.128938,0.0541938
F,-0.0756431,-0.129056,-0.129056,-0.2047
F,0.0934006,-0.103753,-0.103753,-0.0103519
F,-0.00274135,-0.164329,-0.164329,-0.167071
F,0.116636,-0.0721785,-0.0721785,0.0444577
F,0.214837,-0.128938,-0.128938,0.0858987
F,-0.0909598,-0.207716,-0.207716,-0.298676
F,0.0941319,-0.0939089,-0.0939089,0.000223037
F,0.667419,-0.126076,-0.126076,0.541342
F,0.279328,-0.0939089,-0.0939089,0.185419
F,0.0762121,-0.126076,-0.126076,-0.0498644
F,0.0435554,-0.126076,-0.126076,-0.0825211
F,-0.184848,-0.0605462,-0.0605462,-0.245394
F,-0.10399,-0.179747,-0.179747,-0.283737
F,0.0710127,-0.126076,-0.126076,-0.0550637
F,0.105787,-0.179747,-0.179747,-0.0739609
F,-0.161983,-0.0939089,-0.0939089,-0.255892
F,-0.183484,-0.126076,-0.126076,-0.30956
F,0.0435124,-0.128938,-0.128938,-0.0854258
F,0.245916,-0.0939089,-0.0939089,0.152007
F,0.155023,-0.126076,-0.126076,0.0289462
F,-0.0424273,-0.105791,-0.105791,-0.148218
F,-0.00711873,-0.115231,-0.115231,-0.12235
F,0.480697,-0.163523,-0.163523,0.317174
F,0.210432,-0.0974241,-0.0974241,0.113007
F,0.197511,-0.128938,-0.128938,0.0685725
F,0.133661,-0.15497,-0.15497,-0.0213093
F,0.139916,-0.191228,-0.191228,-0.051312
F,0.0779057,-0.0605462,-0.0605462,0.0173595
F,-0.116561,-0.191228,-0.191228,-0.307789
F,0.419144,-0.115231,-0.115231,0.303914
F,0.316813,-0.105791,-0.105791,0.211022
F,0.381236,-0.17516,-0.17516,0.206076
F,0.00285321,-0.179747,-0.179747,-0.176894
F,0.126158,-0.105791,-0.105791,0.0203669
F,0.17116,-0.133295,-0.133295,0.0378651
F,0.336508,-0.128938,-0.128938,0.20757
F,0.0635363,-0.155248,-0.155248,-0.0917118
F,0.143397,-0.163523,-0.163523,-0.0201264
F,-0.0631334,-0.108996,-0.108996,-0.172129
F,0.235108,-0.126076,-0.126076,0.109032
F,0.288714,-0.0939089,-0.0939089,0.194806
F,0.188195,-0.0605462,-0.0605462,0.127649
F,0.236839,-0.126076,-0.126076,0.110762
F,-0.309852,-0.094254,-0.094254,-0.404106
F,0.142851,-0.138961,-0.138961,0.00389011
F,0.0877867,-0.126076,-0.126076,-0.0382898
F,0.136649,-0.074186,-0.074186,0.0624634
F,0.0109504,-0.191228,-0.191228,-0.180278
F,0.00661692,-0.179747,-0.179747,-0.173131
F,-0.260323,-0.128938,-0.128938,-0.389262
F,0.233998,-0.081756,-0.081756,0.152242
F,-0.324229,-0.179747,-0.179747,-0.503976
F,0.0178856,-0.163523,-0.163523,-0.145637
F,0.187909,-0.163523,-0.163523,0.0243863
F,0.00896411,-0.17516,-0.17516,-0.166196
F,0.358155,-0.163523,-0.163523,0.194632
F,0.254834,-0.128938,-0.128938,0.125896
F,0.0492498,-0.0939089,-0.0939089,-0.0446591
F,0.0876636,-0.126076,-0.126076,-0.0384129
F,0.0438123,-0.0939089,-0.0939089,-0.0500966
F,-0.0370026,-0.147891,-0.147891,-0.184894
F,0.0606075,-0.147891,-0.147891,-0.0872834
F,0.056301,-0.074186,-0.074186,-0.0178851
F,0.0628416,-0.133295,-0.133295,-0.0704536
F,0.152758,-0.126076,-0.126076,0.0266819
F,0.154681,-0.164329,-0.164329,-0.00964828
F,0.167258,-0.074186,-0.074186,0.0930716
F,0.29009,-0.094254,-0.094254,0.195836
F,0.496603,-0.139293,-0.139293,0.35731
F,0.230526,-0.139293,-0.139293,0.0912331
F,-0.0216856,-0.179747,-0.179747,-0.201433
F,0.161158,-0.126076,-0.126076,0.0350818
F,0.281273,-0.151012,-0.151012,0.130261
F,0.273088,-0.128938,-0.128938,0.14415
F,0.137269,-0.126076,-0.126076,0.0111926
F,-0.0784462,-0.105791,-0.105791,-0.184237
F,0.308781,-0.126076,-0.126076,0.182705
F,0.131447,-0.133295,-0.133295,-0.00184774
F,0.358699,-0.191228,-0.191228,0.167471
F,0.51003,-0.179747,-0.179747,0.330283
F,-0.0595615,-0.179747,-0.179747,-0.239309
F,0.358877,-0.133295,-0.133295,0.225581
F,0.242563,-0.126076,-0.126076,0.116486
F,-0.0600012,-0.22901,-0.22901,-0.289011
F,-0.00848185,-0.17516,-0.17516,-0.183642
F,0.125428,-0.179747,-0.179747,-0.0543197
F,0.411075,-0.0939089,-0.0939089,0.317166
F,-0.118982,-0.179747,-0.179747,-0.298729
F,0.359457,-0.094254,-0.094254,0.265203
F,-0.0512891,-0.126076,-0.126076,-0.177366
F,0.136217,-0.0939089,-0.0939089,0.0423084
F,0.398646,-0.126076,-0.126076,0.27257
F,-0.113409,-0.163523,-0.163523,-0.276932
F,0.0461141,-0.103753,-0.103753,-0.0576384
F,0.41742,-0.163523,-0.163523,0.253897
F,0.245058,-0.126076,-0.126076,0.118981
F,0.417073,-0.163523,-0.163523,0.25355
F,-0.218251,-0.0283817,-0.0283817,-0.246633
F,0.0947992,-0.105791,-0.105791,-0.0109918
F,-0.0165468,-0.081756,-0.081756,-0.0983028
F,-0.0155356,-0.147891,-0.147891,-0.163426
F,0.213798,-0.126076,-0.126076,0.0877216
F,0.318516,-0.179747,-0.179747,0.138768
F,0.153362,-0.0283817,-0.0283817,0.12498
F,0.356244,-0.128938,-0.128938,0.227306
F,0.227951,-0.147891,-0.147891,0.0800603
F,0.229514,-0.0605462,-0.0605462,0.168968
F,0.0141291,-0.115231,-0.115231,-0.101102
F,0.16847,-0.126076,-0.126076,0.042394
F,-0.461455,-0.179747,-0.179747,-0.641202
F,-0.382771,-0.0939089,-0.0939089,-0.47668
F,-0.147445,-0.126076,-0.126076,-0.273521
F,0.158988,-0.126076,-0.126076,0.0329117
F,-0.0985445,-0.128938,-0.128938,-0.227483
F,0.117538,-0.074186,-0.074186,0.0433519
F,0.0403752,-0.179747,-0.179747,-0.139372
F,0.217686,-0.191228,-0.191228,0.0264577
F,0.123826,-0.0605462,-0.0605462,0.0632801
F,-0.0638644,-0.163523,-0.163523,-0.227387
F,0.510015,-0.074186,-0.074186,0.435829
F,0.308664,-0.081756,-0.081756,0.226908
F,0.386265,-0.0939089,-0.0939089,0.292356
F,0.386924,-0.126076,-0.126076,0.260848
F,0.114523,-0.155248,-0.155248,-0.0407251
F,0.279966,-0.179747,-0.179747,0.100219
F,-0.185717,-0.126076,-0.126076,-0.311794
F,-0.0721088,-0.179747,-0.179747,-0.251856
F,-0.00717348,-0.115231,-0.115231,-0.122404
F,0.124799,-0.133295,-0.133295,-0.00849577
F,0.0907423,-0.0773774,-0.0773774,0.0133649
F,0.076997,-0.128938,-0.128938,-0.0519412
F,-0.0836581,-0.126076,-0.126076,-0.209735
F,-0.066511,-0.187191,-0.187191,-0.253702
F,0.00832653,-0.133295,-0.133295,-0.124969
F,-0.0939284,-0.126076,-0.126076,-0.220005
F,0.124509,-0.0605462,-0.0605462,0.063963
F,0.0753559,-0.147891,-0.147891,-0.072535
F,0.147676,-0.164329,-0.164329,-0.0166535
F,0.0490293,-0.0473943,-0.0473943,0.00163502
F,0.111285,-0.17516,-0.17516,-0.0638751
F,0.324788,-0.126076,-0.126076,0.198712
F,-0.0521986,-0.163523,-0.163523,-0.215722
F,-0.117229,-0.115231,-0.115231,-0.232459
F,0.569345,-0.163523,-0.163523,0.405822
F,0.251093,-0.103571,-0.103571,0.147522
F,0.41451,-0.074186,-0.074186,0.340324
F,0.148252,-0.094254,-0.094254,0.0539982
F,0.18476,-0.105791,-0.105791,0.0789693
F,-0.115739,-0.129056,-0.129056,-0.244796
F,-0.0452563,-0.0939089,-0.0939089,-0.139165
F,-0.0473642,-0.191228,-0.191228,-0.238592
F,-0.17922,-0.108996,-0.108996,-0.288216
F,0.207404,-0.0939089,-0.0939089,0.113495
F,0.148052,-0.0721785,-0.0721785,0.0758732
F,0.228971,-0.179747,-0.179747,0.0492237
F,0.201638,-0.147891,-0.147891,0.0537466
F,0.238817,-0.126076,-0.126076,0.11274
F,0.278908,-0.129056,-0.129056,0.149851
F,-0.0357459,-0.0605462,-0.0605462,-0.0962921
F,-0.0914904,-0.126076,-0.126076,-0.217567
F,0.0689451,-0.126076,-0.126076,-0.0571313
F,0.0735837,-0.126076,-0.126076,-0.0524928
F,-0.0651823,-0.126076,-0.126076,-0.191259
F,0.173065,-0.126076,-0.126076,0.0469889
F,-0.449767,-0.0939089,-0.0939089,-0.543676
F,0.338365,-0.120452,-0.120452,0.217913
F,0.0247787,-0.191228,-0.191228,-0.166449
F,0.120896,-0.126076,-0.126076,-0.00518085
F,-0.00185315,-0.0939089,-0.0939089,-0.095762
F,-0.204226,-0.0939089,-0.0939089,-0.298134
F,-0.171271,-0.0939089,-0.0939089,-0.26518
F,-0.0326704,-0.0939089,-0.0939089,-0.126579
F,0.764987,-0.0346076,-0.0346076,0.730379
F,-0.0284312,-0.126076,-0.126076,-0.154508
F,0.273949,-0.105791,-0.105791,0.168158
F,0.120345,-0.126076,-0.126076,-0.00573167
F,0.302385,-0.133295,-0.133295,0.16909
F,-0.210889,-0.126076,-0.126076,-0.336965
F,0.0879858,-0.105791,-0.105791,-0.0178053
F,0.298577,-0.179747,-0.179747,0.11883
F,0.335801,-0.126076,-0.126076,0.209725
F,0.266653,-0.191228,-0.191228,0.0754248
F,-0.0112758,-0.115231,-0.115231,-0.126507
F,0.0190867,-0.126076,-0.126076,-0.10699
F,0.242579,-0.105791,-0.105791,0.136788
F,0.216016,-0.179747,-0.179747,0.0362684
F,-0.020952,-0.128938,-0.128938,-0.14989
F,0.252106,-0.103571,-0.103571,0.148535
F,0.0545362,-0.115231,-0.115231,-0.0606946
F,0.0285566,-0.0939089,-0.0939089,-0.0653523
F,0.193842,-0.0939089,-0.0939089,0.0999329
F,0.121436,-0.108996,-0.108996,0.0124404
F,0.127181,-0.129056,-0.129056,-0.00187586
F,0.0298043,-0.179747,-0.179747,-0.149943
F,0.441402,-0.0939089,-0.0939089,0.347493
F,-0.164292,-0.094254,-0.094254,-0.258546
F,0.25337,-0.115231,-0.115231,0.138139
F,0.265183,-0.138961,-0.138961,0.126223
F,-0.0941896,-0.078785,-0.078785,-0.172975
F,0.217529,-0.128938,-0.128938,0.0885913
F,0.0694802,-0.0605462,-0.0605462,0.00893405
F,0.170669,-0.0323867,-0.0323867,0.138282
F,0.178077,-0.163523,-0.163523,0.014554
F,0.352819,-0.163523,-0.163523,0.189296
F,-0.0383194,-0.179747,-0.179747,-0.218067
F,-0.14043,-0.126076,-0.126076,-0.266506
F,-0.302415,-0.147891,-0.147891,-0.450306
F,-0.113708,-0.179747,-0.179747,-0.293455
F,0.00688939,-0.115231,-0.115231,-0.108341
F,0.123883,-0.105791,-0.105791,0.0180916
F,0.408857,-0.179747,-0.179747,0.22911
F,0.257907,-0.163523,-0.163523,0.094384
F,-0.100976,-0.126076,-0.126076,-0.227052
F,-0.11291,-0.128938,-0.128938,-0.241848
F,0.579557,-0.0939089,-0.0939089,0.485648
F,0.256028,-0.128938,-0.128938,0.12709
F,0.0929299,-0.094254,-0.094254,-0.00132411
F,0.148176,-0.126076,-0.126076,0.0220999
F,-0.200671,-0.0605462,-0.0605462,-0.261218
F,0.260932,-0.15497,-0.15497,0.105962
F,0.240528,-0.191228,-0.191228,0.0492996
F,0.174212,-0.126076,-0.126076,0.0481358
F,0.162888,-0.191228,-0.191228,-0.02834
F,0.272379,-0.0605462,-0.0605462,0.211832
F,-0.45269,-0.115231,-0.115231,-0.56792
F,0.32074,-0.108996,-0.108996,0.211744
F,-0.0365228,-0.126076,-0.126076,-0.162599
F,-0.0867597,-0.191228,-0.191228,-0.277988
F,-0.146067,-0.191228,-0.191228,-0.337295
F,0.0629919,-0.147891,-0.147891,-0.084899
F,-0.0549143,-0.0605462,-0.0605462,-0.115461
F,0.288235,-0.0939089,-0.0939089,0.194327
F,-0.219756,-0.0605462,-0.0605462,-0.280302
F,-0.267892,-0.0939089,-0.0939089,-0.3618
F,-0.104687,-0.0939089,-0.0939089,-0.198596
F,0.328659,-0.17516,-0.17516,0.153499
F,-0.524957,-0.128938,-0.128938,-0.653896
F,-0.0580245,-0.105791,-0.105791,-0.163816
F,0.172102,-0.163523,-0.163523,0.00857861
F,0.0554515,-0.108996,-0.108996,-0.0535445
F,0.0639203,-0.191228,-0.191228,-0.127308
F,0.29971,-0.0939089,-0.0939089,0.205801
F,0.0140935,-0.126076,-0.126076,-0.111983
F,0.188493,-0.0939089,-0.0939089,0.0945838
F,0.155803,-0.0939089,-0.0939089,0.0618938
F,0.27317,-0.126076,-0.126076,0.147093
F,-0.126562,-0.0939089,-0.0939089,-0.220471
F,0.212923,-0.187191,-0.187191,0.0257314
F,0.279225,-0.0939089,-0.0939089,0.185316
F,0.291124,-0.22901,-0.22901,0.0621143
F,0.165421,-0.147891,-0.147891,0.0175299
F,0.0846747,-0.179747,-0.179747,-0.0950728
F,0.232103,-0.0605462,-0.0605462,0.171557
F,0.0603402,-0.108996,-0.108996,-0.0486558
F,-0.0217082,-0.103753,-0.103753,-0.125461
F,0.473318,-0.126076,-0.126076,0.347241
F,0.380865,-0.0939089,-0.0939089,0.286956
F,0.080027,-0.126076,-0.126076,-0.0460494
F,0.00451679,-0.0939089,-0.0939089,-0.0893921
F,0.0289628,-0.126076,-0.126076,-0.0971136
F,0.288424,-0.094254,-0.094254,0.19417
F,0.324671,-0.094254,-0.094254,0.230417
F,0.152307,-0.126076,-0.126076,0.0262304
F,-0.19301,-0.0939089,-0.0939089,-0.286919
F,0.0951391,-0.0605462,-0.0605462,0.0345929
F,0.14301,-0.007826,-0.007826,0.135184
F,-0.10789,-0.108996,-0.108996,-0.216886
F,-0.0370672,-0.128938,-0.128938,-0.166005
F,0.324174,-0.191228,-0.191228,0.132946
F,-0.0648919,-0.179747,-0.179747,-0.244639
F,0.218572,-0.128938,-0.128938,0.0896342
F,0.0606519,-0.207716,-0.207716,-0.147064
F,0.058504,-0.0939089,-0.0939089,-0.0354049
F,0.187297,-0.126076,-0.126076,0.0612209
F,0.139339,-0.105791,-0.105791,0.0335479
F,0.164947,-0.126076,-0.126076,0.0388704
F,0.0539944,-0.131146,-0.131146,-0.077152
F,-0.127517,-0.102227,-0.102227,-0.229744
F,0.268181,-0.147891,-0.147891,0.12029
F,0.279875,-0.097166,-0.097166,0.182709
F,0.122621,-0.207716,-0.207716,-0.085095
F,0.137862,-0.15497,-0.15497,-0.0171083
F,-0.231341,-0.126076,-0.126076,-0.357417
F,0.0249624,-0.147891,-0.147891,-0.122928
F,-0.0249583,-0.179747,-0.179747,-0.204706
F,-0.0162221,-0.0605462,-0.0605462,-0.0767682
F,0.250718,-0.105791,-0.105791,0.144927
F,0.0241637,-0.0939089,-0.0939089,-0.0697451
F,-0.121743,-0.105791,-0.105791,-0.227534
F,-0.0756506,-0.163523,-0.163523,-0.239174
F,0.34302,-0.191228,-0.191228,0.151792
F,-0.0360589,-0.155248,-0.155248,-0.191307
F,0.364189,-0.0939089,-0.0939089,0.27028
F,0.352093,-0.0605462,-0.0605462,0.291547
F,0.050908,-0.126076,-0.126076,-0.0751685
F,0.447197,-0.179747,-0.179747,0.26745
F,0.2011,-0.126076,-0.126076,0.0750232
F,0.2079,-0.0939089,-0.0939089,0.113991
F,0.171935,-0.179747,-0.179747,-0.0078122
F,0.100994,-0.0939089,-0.0939089,0.00708522
F,0.34284,-0.191228,-0.191228,0.151612
F,0.0637307,-0.126076,-0.126076,-0.0623458
F,0.29122,-0.191228,-0.191228,0.0999922
F,-0.0808878,-0.179747,-0.179747,-0.260635
F,0.282583,-0.163523,-0.163523,0.119059
F,-0.0564061,-0.179747,-0.179747,-0.236154
F,0.0767701,-0.163523,-0.163523,-0.086753
F,0.204374,-0.147891,-0.147891,0.0564828
F,0.307802,-0.17516,-0.17516,0.132642
F,0.633612,-0.187191,-0.187191,0.44642
F,0.193222,-0.105791,-0.105791,0.0874305
F,0.404156,-0.126076,-0.126076,0.27808
F,0.110372,-0.126076,-0.126076,-0.0157041
F,0.103847,-0.0605462,-0.0605462,0.0433012
F,0.193109,-0.081756,-0.081756,0.111353
F,0.212622,-0.115231,-0.115231,0.097391
F,0.235473,-0.187191,-0.187191,0.0482816
F,0.306294,-0.191228,-0.191228,0.115066
F,0.0542124,-0.0939089,-0.0939089,-0.0396965
F,0.219309,-0.0939089,-0.0939089,0.1254
F,0.0434733,-0.17516,-0.17516,-0.131687
F,0.224739,-0.0939089,-0.0939089,0.130831
F,-0.158862,-0.191228,-0.191228,-0.350091
F,0.230413,-0.179747,-0.179747,0.0506658
F,0.310123,-0.081756,-0.081756,0.228367
F,0.122068,-0.126076,-0.126076,-0.00400896
F,0.28161,-0.126076,-0.126076,0.155534
F,0.143485,-0.163523,-0.163523,-0.0200379
F,0.473633,-0.128938,-0.128938,0.344695
F,-0.0435519,-0.126076,-0.126076,-0.169628
F,0.511543,-0.179747,-0.179747,0.331795
F,0.525871,-0.105791,-0.105791,0.42008
F,0.270187,-0.0605462,-0.0605462,0.209641
F,0.0376227,-0.179747,-0.179747,-0.142125
F,-0.0640925,-0.187191,-0.187191,-0.251284
F,0.0278192,-0.17516,-0.17516,-0.147341
F,0.0792288,-0.179747,-0.179747,-0.100519
F,0.0335083,-0.126076,-0.126076,-0.0925682
F,-0.295907,-0.191228,-0.191228,-0.487136
F,-0.0451719,-0.0939089,-0.0939089,-0.139081
F,-0.347838,-0.0939089,-0.0939089,-0.441746
F,0.236726,-0.126076,-0.126076,0.11065
F,-0.0881422,-0.163523,-0.163523,-0.251665
F,0.217713,-0.191228,-0.191228,0.0264851
F,0.214442,-0.0721785,-0.0721785,0.142264
F,0.0728134,-0.17516,-0.17516,-0.102346
F,0.0816436,-0.126076,-0.126076,-0.0444328
F,0.234355,-0.191228,-0.191228,0.0431274
F,-0.0818589,-0.179747,-0.179747,-0.261606
F,0.036696,-0.163523,-0.163523,-0.126827
F,0.12939,-0.0939089,-0.0939089,0.0354809
F,0.168851,-0.138961,-0.138961,0.02989
F,-0.328827,-0.0939089,-0.0939089,-0.422736
F,0.571156,-0.17516,-0.17516,0.395996
F,0.159751,-0.0939089,-0.0939089,0.0658421
F,0.122776,-0.187191,-0.187191,-0.0644152
F,0.279901,-0.115231,-0.115231,0.16467
F,0.49022,-0.126076,-0.126076,0.364144
F,0.185127,-0.126076,-0.126076,0.0590501
F,0.188032,-0.126076,-0.126076,0.0619558
F,-0.0175592,-0.128938,-0.128938,-0.146497
F,0.197925,-0.151012,-0.151012,0.0469134
F,-0.0186575,-0.128938,-0.128938,-0.147596
F,0.254438,-0.115231,-0.115231,0.139207
F,0.297209,-0.126076,-0.126076,0.171133
F,0.0658678,-0.179747,-0.179747,-0.11388
F,0.0139091,-0.191228,-0.191228,-0.177319
F,0.347108,-0.128938,-0.128938,0.218169
F,0.203031,-0.17516,-0.17516,0.0278716
F,0.267445,-0.126076,-0.126076,0.141369
F,-0.0994095,-0.163523,-0.163523,-0.262933
F,0.200666,-0.187191,-0.187191,0.0134745
F,0.148976,-0.081756,-0.081756,0.06722
F,0.574003,-0.126076,-0.126076,0.447926
F,0.168061,-0.187191,-0.187191,-0.0191306
F,0.116589,-0.103753,-0.103753,0.0128366
F,0.0187387,-0.0974241,-0.0974241,-0.0786854
F,0.040513,-0.22901,-0.22901,-0.188497
F,-0.0558123,-0.115231,-0.115231,-0.171043
F,0.274586,-0.179747,-0.179747,0.0948385
F,0.354283,-0.191228,-0.191228,0.163055
F,0.139926,-0.191228,-0.191228,-0.0513017
F,-0.00907643,-0.147891,-0.147891,-0.156967
F,-0.0180985,-0.0564525,-0.0564525,-0.074551
F,0.0467124,-0.0473943,-0.0473943,-0.000681896
F,-0.0253286,-0.191228,-0.191228,-0.216557
F,-0.164435,-0.163523,-0.163523,-0.327958
F,-0.181341,-0.126076,-0.126076,-0.307417
F,0.206085,-0.126076,-0.126076,0.0800087
F,0.100665,-0.103753,-0.103753,-0.00308778
F,0.420464,-0.147891,-0.147891,0.272573
F,0.28808,-0.0939089,-0.0939089,0.194171
F,0.597489,-0.126076,-0.126076,0.471412
F,0.405612,-0.105791,-0.105791,0.299821
F,-0.0185807,-0.138961,-0.138961,-0.157541
F,0.454986,-0.179747,-0.179747,0.275238
F,0.113191,-0.097166,-0.097166,0.0160247
F,-0.125296,-0.0939089,-0.0939089,-0.219205
F,0.0916215,-0.128938,-0.128938,-0.0373167
F,0.0714342,-0.17516,-0.17516,-0.103726
F,-0.00366775,-0.105791,-0.105791,-0.109459
F,-0.145532,-0.179747,-0.179747,-0.325279
F,0.351127,-0.128938,-0.128938,0.222189
F,0.137942,-0.138961,-0.138961,-0.00101896
F,0.326676,-0.126076,-0.126076,0.2006
F,0.0832376,-0.094254,-0.094254,-0.0110164
F,-0.0420541,-0.0939089,-0.0939089,-0.135963
F,-0.18796,-0.126076,-0.126076,-0.314037
F,0.174584,-0.155248,-0.155248,0.0193355
F,0.0816012,-0.179747,-0.179747,-0.0981462
F,0.146234,-0.126076,-0.126076,0.0201575
F,0.291582,-0.131146,-0.131146,0.160436
F,0.252278,-0.128938,-0.128938,0.12334
F,0.0497651,-0.126076,-0.126076,-0.0763114
F,0.629449,-0.094254,-0.094254,0.535195
F,0.318519,-0.126076,-0.126076,0.192442
F,-0.0174489,-0.108996,-0.108996,-0.126445
F,0.643177,0.00331679,0.00331679,0.646494
F,0.133559,-0.115231,-0.115231,0.0183284
F,0.513667,-0.179747,-0.179747,0.33392
F,-0.0781437,-0.105791,-0.105791,-0.183935
F,0.364819,-0.126076,-0.126076,0.238743
F,0.112296,-0.126076,-0.126076,-0.0137807
F,0.209498,-0.0939089,-0.0939089,0.11559
F,0.193481,-0.126076,-0.126076,0.0674047
F,0.471766,-0.133295,-0.133295,0.338471
F,0.195987,-0.163523,-0.163523,0.0324641
F,0.112789,-0.179747,-0.179747,-0.0669582
F,0.409907,-0.126076,-0.126076,0.283831
F,-0.0157593,-0.108996,-0.108996,-0.124755
F,0.0790435,-0.115231,-0.115231,-0.0361873
F,0.123901,-0.191228,-0.191228,-0.0673273
F,0.222343,-0.147891,-0.147891,0.0744521
F,0.30533,-0.128938,-0.128938,0.176391
F,0.267147,-0.074186,-0.074186,0.192961
F,0.0671038,-0.0605462,-0.0605462,0.00655757
F,0.18363,-0.191228,-0.191228,-0.00759797
F,0.0923622,-0.103571,-0.103571,-0.011209
F,0.256273,-0.0939089,-0.0939089,0.162364
F,0.238921,-0.179747,-0.179747,0.0591734
F,0.0895654,-0.191228,-0.191228,-0.101663
F,0.0731676,-0.115231,-0.115231,-0.0420632
F,-0.138428,-0.0605462,-0.0605462,-0.198974
F,0.232297,-0.0939089,-0.0939089,0.138388
F,0.0530378,-0.179747,-0.179747,-0.12671
F,-0.0425553,-0.126076,-0.126076,-0.168632
F,0.285739,-0.17516,-0.17516,0.110579
F,-0.0164965,-0.115231,-0.115231,-0.131727
F,0.278948,-0.126076,-0.126076,0.152871
F,0.0247394,-0.105791,-0.105791,-0.0810517
F,0.111155,-0.0939089,-0.0939089,0.0172459
F,0.22148,-0.126076,-0.126076,0.0954037
F,0.165124,-0.17516,-0.17516,-0.0100356
F,0.0305584,-0.179747,-0.179747,-0.149189
F,0.169823,-0.126076,-0.126076,0.0437468
F,-0.257649,-0.103571,-0.103571,-0.361221
F,0.546625,-0.163523,-0.163523,0.383101
F,0.10848,-0.17516,-0.17516,-0.0666797
F,-0.036741,-0.147891,-0.147891,-0.184632
F,0.492571,-0.126076,-0.126076,0.366495
F,0.00217557,-0.163523,-0.163523,-0.161348
F,-0.145495,-0.0473943,-0.0473943,-0.19289
F,0.0166254,-0.128938,-0.128938,-0.112313
F,0.46229,-0.094254,-0.094254,0.368036
F,0.0718202,-0.179747,-0.179747,-0.107927
F,0.00652433,-0.126076,-0.126076,-0.119552
F,0.217588,-0.0605462,-0.0605462,0.157042
F,0.306527,-0.108996,-0.108996,0.197531
F,0.100204,-0.126076,-0.126076,-0.0258723
F,-0.0904801,-0.108996,-0.108996,-0.199476
F,0.212419,-0.133295,-0.133295,0.0791238
F,-0.133913,-0.108996,-0.108996,-0.242909
F,0.484033,-0.164329,-0.164329,0.319703
F,-0.372048,-0.105791,-0.105791,-0.477839
F,0.139633,-0.128938,-0.128938,0.0106949
F,-0.154258,-0.105791,-0.105791,-0.260049
F,-0.145757,-0.155248,-0.155248,-0.301005
F,-0.012394,-0.115231,-0.115231,-0.127625
F,0.0722671,-0.0939089,-0.0939089,-0.0216418
F,0.180365,-0.17516,-0.17516,0.00520513
F,0.156559,-0.0605462,-0.0605462,0.096013
F,0.0575367,-0.108996,-0.108996,-0.0514593
F,0.435692,-0.108996,-0.108996,0.326696
F,0.263037,-0.163523,-0.163523,0.099514
F,0.208993,-0.103571,-0.103571,0.105422
F,-0.0922775,-0.0939089,-0.0939089,-0.186186
F,-0.315687,-0.138961,-0.138961,-0.454647
F,0.363898,-0.163523,-0.163523,0.200375
F,0.100644,-0.126076,-0.126076,-0.0254328
F,0.355786,-0.139293,-0.139293,0.216493
F,0.180434,-0.0939089,-0.0939089,0.086525
F,0.125667,-0.126076,-0.126076,-0.000409011
F,0.166533,-0.17516,-0.17516,-0.00862653
F,0.166559,-0.0939089,-0.0939089,0.0726501
F,0.337208,-0.115231,-0.115231,0.221977
F,-0.147166,-0.126076,-0.126076,-0.273243
F,0.186532,-0.126076,-0.126076,0.0604554
F,0.037995,-0.179747,-0.179747,-0.141752
F,-0.193941,-0.17516,-0.17516,-0.369101
F,0.256423,-0.0939089,-0.0939089,0.162514
F,0.0921775,-0.126076,-0.126076,-0.033899
F,0.379799,-0.126076,-0.126076,0.253722
F,0.289691,-0.191228,-0.191228,0.098463
F,0.140145,-0.0939089,-0.0939089,0.0462361
F,0.037837,-0.126076,-0.126076,-0.0882394
F,-0.0424911,-0.0939089,-0.0939089,-0.1364
F,0.0792282,-0.163523,-0.163523,-0.0842949
F,0.0565933,-0.126076,-0.126076,-0.0694831
F,0.24311,-0.115231,-0.115231,0.127879
F,0.151347,-0.163523,-0.163523,-0.0121763
F,0.0921503,-0.179747,-0.179747,-0.0875972
F,0.419537,-0.163523,-0.163523,0.256014
F,0.0610528,-0.081756,-0.081756,-0.0207032
F,0.472231,-0.128938,-0.128938,0.343293
F,-0.0861359,-0.179747,-0.179747,-0.265883
F,-0.149498,-0.126076,-0.126076,-0.275575
F,0.0995706,-0.074186,-0.074186,0.0253845
F,0.0835595,-0.081756,-0.081756,0.00180349
F,0.274735,-0.115231,-0.115231,0.159505
F,0.509097,-0.115231,-0.115231,0.393866
F,-0.0670423,-0.0605462,-0.0605462,-0.127589
F,0.299751,-0.179747,-0.179747,0.120004
F,0.353438,-0.163523,-0.163523,0.189915
F,0.000729775,-0.191228,-0.191228,-0.190498
F,-0.282252,-0.191228,-0.191228,-0.47348
F,-0.189079,-0.0605462,-0.0605462,-0.249625
F,-0.0706849,-0.15497,-0.15497,-0.225655
F,-0.061266,-0.179747,-0.179747,-0.241013
F,0.0689217,-0.126076,-0.126076,-0.0571548
F,0.0518039,-0.163523,-0.163523,-0.111719
F,0.371466,-0.126076,-0.126076,0.24539
F,0.096386,-0.128938,-0.128938,-0.0325522
F,0.283227,-0.128938,-0.128938,0.154289
F,-0.186108,-0.112675,-0.112675,-0.298782
F,0.293497,-0.115231,-0.115231,0.178266
F,-0.0710277,-0.103753,-0.103753,-0.17478
F,0.0107261,-0.163523,-0.163523,-0.152797
F,0.432031,-0.191228,-0.191228,0.240803
F,0.121122,-0.0939089,-0.0939089,0.027213
F,0.156572,-0.128938,-0.128938,0.0276338
F,0.215696,-0.147891,-0.147891,0.067805
F,0.095831,-0.0605462,-0.0605462,0.0352848
F,-0.112709,-0.0939089,-0.0939089,-0.206617
F,0.144537,-0.187191,-0.187191,-0.0426544
F,-0.188092,-0.17516,-0.17516,-0.363252
F,-0.149432,-0.0939089,-0.0939089,-0.243341
F,-0.134901,-0.103571,-0.103571,-0.238472
F,-0.00532797,-0.0939089,-0.0939089,-0.0992368
F,0.300281,-0.179747,-0.179747,0.120533
F,0.106263,-0.126076,-0.126076,-0.0198134
F,0.0746769,-0.151012,-0.151012,-0.0763351
F,0.0579048,-0.126076,-0.126076,-0.0681717
F,0.19769,-0.179747,-0.179747,0.0179426
F,-0.256592,-0.128938,-0.128938,-0.385531
F,0.0266763,-0.081756,-0.081756,-0.0550798
F,-0.104104,-0.179747,-0.179747,-0.283852
F,0.163791,-0.074186,-0.074186,0.0896053
F,0.0953796,-0.115231,-0.115231,-0.0198513
F,0.0689222,-0.163523,-0.163523,-0.0946009
F,-0.160563,-0.128938,-0.128938,-0.289501
F,-0.114308,-0.126076,-0.126076,-0.240384
F,-0.199348,-0.105791,-0.105791,-0.305139
F,0.254976,-0.126076,-0.126076,0.128899
F,0.0622563,-0.115231,-0.115231,-0.0529745
F,0.406171,-0.0939089,-0.0939089,0.312262
F,-0.199029,-0.179747,-0.179747,-0.378777
F,-0.28908,-0.126076,-0.126076,-0.415156
F,-0.102232,-0.179747,-0.179747,-0.281979
F,-0.114054,-0.129056,-0.129056,-0.243111
F,-0.346343,-0.147891,-0.147891,-0.494234
F,0.666397,-0.0939089,-0.0939089,0.572489
F,-0.188566,-0.191228,-0.191228,-0.379794
F,0.164893,-0.179747,-0.179747,-0.0148549
F,0.0918989,-0.0939089,-0.0939089,-0.00200992
F,0.142555,-0.131146,-0.131146,0.0114086
F,-0.230376,-0.133295,-0.133295,-0.363672
F,0.0912808,-0.0939089,-0.0939089,-0.00262802
F,0.216764,-0.0939089,-0.0939089,0.122855
F,0.318877,-0.105791,-0.105791,0.213085
F,0.353481,-0.163523,-0.163523,0.189958
F,-0.00256585,-0.17516,-0.17516,-0.177726
F,0.21729,-0.187191,-0.187191,0.0300991
F,0.334972,-0.0605462,-0.0605462,0.274425
F,0.379715,-0.126076,-0.126076,0.253639
F,-0.225549,-0.151012,-0.151012,-0.376561
F,0.503314,-0.163523,-0.163523,0.339791
F,0.55112,-0.126076,-0.126076,0.425044
F,0.291506,-0.0939089,-0.0939089,0.197597
F,0.216745,-0.163523,-0.163523,0.0532222
F,0.0326531,-0.163523,-0.163523,-0.13087
F,0.277136,-0.0939089,-0.0939089,0.183227
F,0.00792007,-0.128938,-0.128938,-0.121018
F,0.104978,-0.0605462,-0.0605462,0.0444322
F,-0.002791,-0.103753,-0.103753,-0.106544
F,-0.128711,-0.126076,-0.126076,-0.254787
F,0.0332366,-0.103753,-0.103753,-0.0705159
F,0.455933,-0.179747,-0.179747,0.276186
F,-0.00582116,-0.17516,-0.17516,-0.180981
F,-0.0511446,-0.126076,-0.126076,-0.177221
F,0.254903,-0.126076,-0.126076,0.128826
F,-0.267119,-0.103571,-0.103571,-0.37069
F,0.723076,-0.191228,-0.191228,0.531848
F,0.237276,-0.0939089,-0.0939089,0.143367
F,0.177263,-0.191228,-0.191228,-0.0139648
F,-0.101667,-0.187191,-0.187191,-0.288858
F,0.274972,-0.187191,-0.187191,0.0877803
F,0.22641,-0.17516,-0.17516,0.05125
F,0.295966,-0.0939089,-0.0939089,0.202057
F,-0.303213,-0.191228,-0.191228,-0.494441
F,0.0637877,-0.126076,-0.126076,-0.0622887
F,0.275672,-0.0939089,-0.0939089,0.181763
F,0.0598114,-0.115231,-0.115231,-0.0554194
F,-0.0362371,-0.15497,-0.15497,-0.191207
F,-0.0544787,-0.105791,-0.105791,-0.16027
F,0.287584,-0.179747,-0.179747,0.107836
F,-0.120936,-0.126076,-0.126076,-0.247013
F,0.00390579,-0.108996,-0.108996,-0.10509
F,-0.137911,-0.094254,-0.094254,-0.232165
F,-0.165195,-0.139293,-0.139293,-0.304488
F,0.269046,-0.179747,-0.179747,0.0892988
F,0.209213,-0.191228,-0.191228,0.0179854
F,0.101696,-0.17516,-0.17516,-0.0734635
F,0.24923,-0.129056,-0.129056,0.120173
F,0.361044,-0.187191,-0.187191,0.173853
F,-0.0923946,-0.081756,-0.081756,-0.174151
F,-0.133878,-0.133295,-0.133295,-0.267174
F,-0.0507594,-0.179747,-0.179747,-0.230507
F,-0.0209215,-0.081756,-0.081756,-0.102678
F,0.431399,-0.112675,-0.112675,0.318725
F,0.25371,-0.163523,-0.163523,0.0901869
F,0.0852904,-0.108996,-0.108996,-0.0237057
F,0.0665879,-0.126076,-0.126076,-0.0594885
F,0.401172,-0.108996,-0.108996,0.292176
F,0.0268622,-0.115231,-0.115231,-0.0883686
F,-0.139113,-0.179747,-0.179747,-0.318861
F,0.00177763,-0.126076,-0.126076,-0.124299
F,0.521821,-0.191228,-0.191228,0.330593
F,-0.252223,-0.126076,-0.126076,-0.378299
F,0.0672158,-0.115231,-0.115231,-0.0480151
F,0.207313,-0.187191,-0.187191,0.0201214
F,-0.233442,-0.115231,-0.115231,-0.348673
F,-0.284965,-0.179747,-0.179747,-0.464713
F,0.297076,-0.179747,-0.179747,0.117329
F,0.0129164,-0.187191,-0.187191,-0.174275
F,-0.120725,-0.163523,-0.163523,-0.284248
F,-0.16048,-0.163523,-0.163523,-0.324004
F,0.399352,-0.164329,-0.164329,0.235023
F,0.16513,-0.126076,-0.126076,0.0390536
F,0.390528,-0.133295,-0.133295,0.257233
F,0.625891,-0.133295,-0.133295,0.492596
F,-0.0258888,-0.191228,-0.191228,-0.217117
F,0.505102,-0.17516,-0.17516,0.329942
F,-0.227406,-0.0605462,-0.0605462,-0.287952
F,0.492291,-0.128938,-0.128938,0.363353
F,0.276206,-0.126076,-0.126076,0.15013
F,-0.176921,-0.179747,-0.179747,-0.356668
F,0.0772373,-0.163523,-0.163523,-0.0862858
F,0.411371,-0.0605462,-0.0605462,0.350825
F,0.235431,-0.126076,-0.126076,0.109355
F,0.43884,-0.128938,-0.128938,0.309901
F,0.172659,-0.126076,-0.126076,0.0465823
F,-0.0913071,-0.133295,-0.133295,-0.224602
F,0.385023,-0.0283817,-0.0283817,0.356641
F,-0.0955609,-0.163523,-0.163523,-0.259084
F,0.0522183,-0.126076,-0.126076,-0.0738581
F,0.273531,-0.17516,-0.17516,0.098371
F,0.298129,-0.126076,-0.126076,0.172052
F,0.380751,-0.147891,-0.147891,0.23286
F,0.275922,-0.191228,-0.191228,0.084694
F,0.588307,-0.0939089,-0.0939089,0.494398
F,0.108599,-0.094254,-0.094254,0.014345
F,0.152333,-0.128938,-0.128938,0.0233943
F,0.0784938,-0.179747,-0.179747,-0.101254
F,0.201288,-0.120159,-0.120159,0.0811286
F,0.0963347,-0.126076,-0.126076,-0.0297418
F,0.618515,-0.128938,-0.128938,0.489577
F,0.126885,-0.163523,-0.163523,-0.0366383
F,0.171679,-0.128938,-0.128938,0.042741
F,0.221603,-0.179747,-0.179747,0.0418551
F,-0.193212,-0.17516,-0.17516,-0.368372
F,0.271566,-0.126076,-0.126076,0.14549
F,0.137445,-0.191228,-0.191228,-0.0537835
F,0.15918,-0.147891,-0.147891,0.011289
F,0.0134325,-0.126076,-0.126076,-0.112644
F,0.0826194,-0.112675,-0.112675,-0.0300551
F,-0.0817395,-0.191228,-0.191228,-0.272968
F,-0.0099652,-0.094254,-0.094254,-0.104219
F,-0.0917816,-0.128938,-0.128938,-0.22072
F,0.143007,-0.179747,-0.179747,-0.0367402
F,0.480246,-0.0605462,-0.0605462,0.4197
F,0.272677,-0.0939089,-0.0939089,0.178768
F,0.362991,-0.126076,-0.126076,0.236914
F,0.0881369,-0.126076,-0.126076,-0.0379395
F,0.163766,-0.0473943,-0.0473943,0.116372
F,0.0619319,-0.126076,-0.126076,-0.0641446
F,0.342717,-0.0939089,-0.0939089,0.248808
F,0.363183,-0.163523,-0.163523,0.19966
F,0.21107,-0.108996,-0.108996,0.102074
F,0.155429,-0.163523,-0.163523,-0.00809412
F,-0.180489,-0.126076,-0.126076,-0.306566
F,-0.00323262,-0.126076,-0.126076,-0.129309
F,0.0755886,-0.151012,-0.151012,-0.0754234
F,0.169069,-0.17516,-0.17516,-0.00609051
F,0.161769,-0.126076,-0.126076,0.035693
F,0.139567,-0.094254,-0.094254,0.0453133
F,0.710227,-0.17516,-0.17516,0.535068
F,0.0149833,-0.179747,-0.179747,-0.164764
F,-0.0255409,-0.115231,-0.115231,-0.140772
F,0.380805,-0.191228,-0.191228,0.189577
F,0.0887092,-0.179747,-0.179747,-0.0910382
F,-0.0504036,-0.108996,-0.108996,-0.1594
F,-0.128288,-0.179747,-0.179747,-0.308035
F,0.522563,-0.109224,-0.109224,0.413338
F,0.623173,-0.081756,-0.081756,0.541417
F,0.370784,-0.179747,-0.179747,0.191037
F,-0.030824,-0.074186,-0.074186,-0.10501
F,-0.228059,-0.128938,-0.128938,-0.356997
F,0.206418,-0.163523,-0.163523,0.0428949
F,-0.125151,-0.0939089,-0.0939089,-0.21906
F,-0.265438,-0.0939089,-0.0939089,-0.359346
F,-0.188023,-0.128938,-0.128938,-0.316961
F,0.0867935,-0.0939089,-0.0939089,-0.00711533
F,0.041334,-0.17516,-0.17516,-0.133826
F,0.168226,-0.126076,-0.126076,0.0421495
F,0.127886,-0.097166,-0.097166,0.0307202
F,0.10752,-0.191228,-0.191228,-0.0837078
F,0.444364,-0.179747,-0.179747,0.264616
F,0.188734,-0.103753,-0.103753,0.0849818
F,-0.0501782,-0.108996,-0.108996,-0.159174
F,0.453666,-0.120159,-0.120159,0.333507
F,-0.246888,-0.17516,-0.17516,-0.422048
F,0.524003,-0.0283817,-0.0283817,0.495622
F,0.332917,-0.187191,-0.187191,0.145725
F,-0.019429,-0.0939089,-0.0939089,-0.113338
F,0.411042,-0.17516,-0.17516,0.235882
F,0.171008,-0.126076,-0.126076,0.0449314
F,0.3838,-0.081756,-0.081756,0.302044
F,0.162429,-0.081756,-0.081756,0.0806728
F,0.323362,-0.103571,-0.103571,0.219791
F,0.545145,-0.147891,-0.147891,0.397254
F,-0.131866,-0.0939089,-0.0939089,-0.225775
F,-0.499499,-0.191228,-0.191228,-0.690727
F,-0.161962,-0.115231,-0.115231,-0.277193
F,0.0728436,-0.126076,-0.126076,-0.0532329
F,0.346377,-0.115231,-0.115231,0.231146
F,0.00508169,-0.126076,-0.126076,-0.120995
F,0.203499,-0.108996,-0.108996,0.0945034
F,0.12661,-0.128938,-0.128938,-0.002328
F,-0.14242,-0.081756,-0.081756,-0.224176
F,0.259282,-0.126076,-0.126076,0.133206
F,0.124027,-0.126076,-0.126076,-0.00204917
F,0.205327,-0.115231,-0.115231,0.0900964
F,0.133148,-0.126076,-0.126076,0.00707128
F,0.335297,-0.097166,-0.097166,0.238131
F,0.252281,-0.179747,-0.179747,0.0725338
F,0.584969,-0.0939089,-0.0939089,0.491061
F,0.126327,-0.147891,-0.147891,-0.0215642
F,0.450226,-0.147891,-0.147891,0.302335
F,0.634947,-0.179747,-0.179747,0.4552
F,0.32577,-0.191228,-0.191228,0.134542
F,0.349145,-0.126076,-0.126076,0.223068
F,0.129081,-0.0939089,-0.0939089,0.0351726
F,0.0647613,-0.17516,-0.17516,-0.110399
F,-0.133349,-0.0939089,-0.0939089,-0.227258
F,0.266849,-0.128938,-0.128938,0.137911
F,-0.0812569,-0.0939089,-0.0939089,-0.175166
F,0.313426,-0.0939089,-0.0939089,0.219518
F,-0.260496,-0.17516,-0.17516,-0.435656
F,0.383724,-0.0939089,-0.0939089,0.289815
F,0.20571,-0.115231,-0.115231,0.0904788
F,0.253882,-0.17516,-0.17516,0.0787226
F,0.254928,-0.074186,-0.074186,0.180742
F,-0.0317588,-0.0605462,-0.0605462,-0.092305
F,-0.0130581,-0.115231,-0.115231,-0.128289
F,-0.0170396,-0.0605462,-0.0605462,-0.0775858
F,0.355546,-0.128938,-0.128938,0.226608
F,-0.0823973,-0.0939089,-0.0939089,-0.176306
F,0.115367,-0.120452,-0.120452,-0.00508497
F,0.0791042,-0.147891,-0.147891,-0.0687867
F,0.0392648,-0.108996,-0.108996,-0.0697312
F,0.334168,-0.179747,-0.179747,0.15442
F,0.280972,-0.133295,-0.133295,0.147676
F,0.012166,-0.103753,-0.103753,-0.0915866
F,0.303287,-0.108996,-0.108996,0.194291
F,0.105234,-0.191228,-0.191228,-0.0859943
F,0.0779153,-0.151012,-0.151012,-0.0730967
F,-0.0349965,-0.0939089,-0.0939089,-0.128905
F,0.351284,-0.0939089,-0.0939089,0.257375
F,0.254583,-0.187191,-0.187191,0.0673914
F,-0.161549,-0.187191,-0.187191,-0.348741
F,0.3046,-0.128938,-0.128938,0.175661
F,0.205086,-0.17516,-0.17516,0.0299266
F,0.0508411,-0.179747,-0.179747,-0.128906
F,0.0220277,-0.0939089,-0.0939089,-0.0718812
F,0.0955871,-0.097166,-0.097166,-0.00157898
F,0.192507,-0.163523,-0.163523,0.0289841
F,0.331299,-0.0939089,-0.0939089,0.23739
F,-0.0540629,-0.17516,-0.17516,-0.229223
F,0.141337,-0.133295,-0.133295,0.00804213
F,-0.0314385,-0.126076,-0.126076,-0.157515
F,-0.266658,-0.081756,-0.081756,-0.348414
F,0.01603,-0.0605462,-0.0605462,-0.0445162
F,0.551265,-0.126076,-0.126076,0.425188
F,0.017233,-0.128938,-0.128938,-0.111705
F,0.427362,-0.163523,-0.163523,0.263839
F,0.123987,-0.15497,-0.15497,-0.030983
F,0.00726813,-0.129056,-0.129056,-0.121788
F,-0.1644,-0.0939089,-0.0939089,-0.258309
F,0.184613,-0.126076,-0.126076,0.0585365
F,0.459845,-0.0939089,-0.0939089,0.365936
F,-0.148351,-0.191228,-0.191228,-0.33958
F,0.111302,-0.128938,-0.128938,-0.0176364
F,0.467125,-0.128938,-0.128938,0.338187
F,0.143491,-0.128938,-0.128938,0.0145525
F,0.123214,-0.163523,-0.163523,-0.0403093
F,0.0893757,-0.179747,-0.179747,-0.0903718
F,0.130121,-0.163523,-0.163523,-0.0334021
F,0.0585137,-0.179747,-0.179747,-0.121234
F,0.169873,-0.120452,-0.120452,0.0494207
F,-0.110768,-0.15497,-0.15497,-0.265738
F,0.00473203,-0.0605462,-0.0605462,-0.0558142
F,0.194806,-0.126076,-0.126076,0.0687299
F,0.285314,-0.179747,-0.179747,0.105567
F,-0.0710301,-0.105791,-0.105791,-0.176821
F,0.295755,-0.179747,-0.179747,0.116007
F,0.401936,-0.191228,-0.191228,0.210708
F,-0.0548315,-0.147891,-0.147891,-0.202722
F,0.361568,-0.0721785,-0.0721785,0.28939
F,0.0947632,-0.126076,-0.126076,-0.0313132
F,0.146281,-0.094254,-0.094254,0.0520273
F,0.279691,-0.191228,-0.191228,0.0884628
F,0.268466,-0.126076,-0.126076,0.14239
F,0.033589,-0.0939089,-0.0939089,-0.0603199
F,0.096511,-0.17516,-0.17516,-0.0786489
F,0.105022,-0.128938,-0.128938,-0.0239161
F,0.392085,-0.0939089,-0.0939089,0.298176
F,0.184833,-0.103753,-0.103753,0.0810802
F,0.0909177,-0.133295,-0.133295,-0.0423775
F,0.278694,-0.128938,-0.128938,0.149756
F,0.394732,-0.126076,-0.126076,0.268656
F,0.190039,-0.105791,-0.105791,0.0842481
F,0.121434,-0.191228,-0.191228,-0.0697941
F,-0.0255166,-0.126076,-0.126076,-0.151593
F,0.502037,-0.128946,-0.128946,0.373091
F,-0.0959582,-0.0939089,-0.0939089,-0.189867
F,0.342332,-0.133295,-0.133295,0.209037
F,0.0203653,-0.17516,-0.17516,-0.154795
F,0.366856,-0.0939089,-0.0939089,0.272948
F,0.276294,-0.187191,-0.187191,0.0891028
F,-0.0168579,-0.126076,-0.126076,-0.142934
F,-0.0161675,-0.097166,-0.097166,-0.113334
F,-0.221727,-0.0939089,-0.0939089,-0.315636
F,0.0546855,-0.108996,-0.108996,-0.0543105
F,0.215638,-0.097166,-0.097166,0.118472
F,0.238944,-0.115231,-0.115231,0.123713
F,0.154963,-0.126076,-0.126076,0.0288861
F,-0.291431,-0.0939089,-0.0939089,-0.38534
F,0.633798,-0.0473943,-0.0473943,0.586404
F,0.202113,-0.126076,-0.126076,0.0760361
F,-0.0624553,-0.0939089,-0.0939089,-0.156364
F,0.0372142,-0.0283817,-0.0283817,0.00883249
F,0.236455,-0.126076,-0.126076,0.110378
F,0.358633,-0.191228,-0.191228,0.167405
F,0.14228,-0.126076,-0.126076,0.0162033
F,-0.509646,-0.22901,-0.22901,-0.738656
F,0.36082,-0.120159,-0.120159,0.240661
F,-0.202719,-0.105791,-0.105791,-0.30851
F,0.0721287,-0.191228,-0.191228,-0.119099
F,0.0274252,-0.126076,-0.126076,-0.0986512
F,0.194398,-0.191228,-0.191228,0.0031698
F,0.147589,-0.081756,-0.081756,0.0658328
F,-0.0330756,-0.126076,-0.126076,-0.159152
F,0.302934,-0.179747,-0.179747,0.123186
F,0.207806,-0.0939089,-0.0939089,0.113897
F,0.536064,-0.126076,-0.126076,0.409988
F,0.0720536,-0.179747,-0.179747,-0.107694
F,0.143757,-0.126076,-0.126076,0.0176804
F,0.147657,-0.126076,-0.126076,0.0215808
F,0.32098,-0.179747,-0.179747,0.141232
F,0.209991,-0.126076,-0.126076,0.0839141
F,-0.0272875,-0.179747,-0.179747,-0.207035
F,0.0890187,-0.126076,-0.126076,-0.0370578
F,-0.243153,-0.126076,-0.126076,-0.369229
F,0.442881,-0.179747,-0.179747,0.263134
F,0.516563,-0.108996,-0.108996,0.407567
F,0.212187,-0.126076,-0.126076,0.0861105
F,-0.00415558,-0.126076,-0.126076,-0.130232
F,0.16678,-0.0939089,-0.0939089,0.0728711
F,0.206314,-0.126076,-0.126076,0.0802379
F,0.169784,-0.097166,-0.097166,0.0726183
F,0.121439,-0.0939089,-0.0939089,0.02753
F,0.221253,-0.108996,-0.108996,0.112257
F,0.0365322,-0.17516,-0.17516,-0.138628
F,0.201152,-0.147891,-0.147891,0.0532615
F,-0.0805311,-0.0939089,-0.0939089,-0.17444
F,0.38332,-0.126076,-0.126076,0.257244
F,0.217722,-0.191228,-0.191228,0.0264943
F,0.151745,-0.0939089,-0.0939089,0.0578359
F,-0.187938,-0.0939089,-0.0939089,-0.281847
F,0.494497,-0.097166,-0.097166,0.397331
F,0.334203,-0.187191,-0.187191,0.147012
F,0.0483939,-0.126076,-0.126076,-0.0776826
F,0.468776,-0.0939089,-0.0939089,0.374867
F,0.0521046,-0.163523,-0.163523,-0.111419
F,0.142963,-0.115231,-0.115231,0.0277318
F,-0.170525,-0.105791,-0.105791,-0.276316
F,0.121419,-0.17516,-0.17516,-0.0537413
F,-0.244354,-0.0939089,-0.0939089,-0.338263
F,-0.0422102,-0.105791,-0.105791,-0.148001
F,0.0642873,-0.126076,-0.126076,-0.0617891
F,0.311591,-0.126076,-0.126076,0.185514
F,0.343253,-0.0283817,-0.0283817,0.314871
F,0.116413,-0.0939089,-0.0939089,0.022504
F,0.202361,-0.191228,-0.191228,0.0111324
F,0.400641,-0.112675,-0.112675,0.287967
F,-0.294912,-0.115231,-0.115231,-0.410143
F,0.146379,-0.17516,-0.17516,-0.0287804
F,0.12398,-0.128938,-0.128938,-0.00495782
F,0.387978,-0.0939089,-0.0939089,0.294069
F,-0.22814,-0.126076,-0.126076,-0.354216
F,0.309045,-0.078785,-0.078785,0.23026
F,0.125421,-0.191228,-0.191228,-0.0658074
F,0.284809,-0.105791,-0.105791,0.179018
F,0.124565,-0.179747,-0.179747,-0.0551823
F,0.0184708,-0.191228,-0.191228,-0.172757
F,0.110176,-0.102227,-0.102227,0.00794885
F,0.41225,-0.0939089,-0.0939089,0.318341
F,0.475624,-0.103753,-0.103753,0.371871
F,-0.097435,-0.108996,-0.108996,-0.206431
F,0.156916,-0.191228,-0.191228,-0.0343123
F,0.271745,-0.0939089,-0.0939089,0.177836
F,0.0578919,-0.120452,-0.120452,-0.06256
F,0.309055,-0.191228,-0.191228,0.117827
F,0.204824,-0.128938,-0.128938,0.0758858
F,0.174637,-0.126076,-0.126076,0.0485604
F,0.215,-0.17516,-0.17516,0.0398406
F,0.0953871,-0.179747,-0.179747,-0.0843603
F,0.387591,-0.115231,-0.115231,0.272361
F,0.362611,-0.17516,-0.17516,0.187451
F,-0.0625656,-0.15497,-0.15497,-0.217536
F,0.253344,-0.15497,-0.15497,0.0983735
F,-0.108825,-0.108996,-0.108996,-0.217821
F,0.0995601,-0.0605462,-0.0605462,0.0390139
F,-0.0263415,-0.0939089,-0.0939089,-0.12025
F,0.59732,-0.128938,-0.128938,0.468382
F,0.355509,-0.128938,-0.128938,0.226571
F,0.195053,-0.126076,-0.126076,0.0689769
F,0.355937,-0.126076,-0.126076,0.22986
F,0.275786,-0.179747,-0.179747,0.0960388
F,-0.390658,-0.179747,-0.179747,-0.570405
F,0.114434,-0.126076,-0.126076,-0.0116426
F,0.040182,-0.126076,-0.126076,-0.0858945
F,0.269563,-0.0939089,-0.0939089,0.175654
F,0.124628,-0.0939089,-0.0939089,0.0307189
F,0.493477,-0.17516,-0.17516,0.318317
F,0.0154345,-0.191228,-0.191228,-0.175794
F,0.189957,-0.147891,-0.147891,0.0420659
F,-0.259701,-0.187191,-0.187191,-0.446892
F,0.0229527,-0.179747,-0.179747,-0.156795
F,0.173669,-0.187191,-0.187191,-0.0135224
F,0.0519125,-0.17516,-0.17516,-0.123247
F,-0.0527717,-0.179747,-0.179747,-0.232519
F,0.288964,-0.0939089,-0.0939089,0.195055
F,-0.117953,-0.105791,-0.105791,-0.223744
F,0.000691204,-0.179747,-0.179747,-0.179056
F,-0.147166,-0.126076,-0.126076,-0.273242
F,-0.00435676,-0.179747,-0.179747,-0.184104
F,0.301503,-0.081756,-0.081756,0.219747
F,0.381541,-0.163523,-0.163523,0.218018
F,0.0259542,-0.0939089,-0.0939089,-0.0679546
F,0.100033,-0.097166,-0.097166,0.00286656
F,0.528591,-0.163523,-0.163523,0.365068
F,0.223934,-0.0939089,-0.0939089,0.130025
F,0.0678634,-0.094254,-0.094254,-0.0263906
F,0.435523,-0.0605462,-0.0605462,0.374977
F,0.113127,-0.108996,-0.108996,0.004131
F,0.246718,-0.0939089,-0.0939089,0.15281
F,0.292408,-0.115231,-0.115231,0.177178
F,-0.096721,-0.126076,-0.126076,-0.222797
F,0.208115,-0.128938,-0.128938,0.0791773
F,-0.369059,-0.126076,-0.126076,-0.495136
F,-0.164292,-0.126076,-0.126076,-0.290369
F,0.0439686,-0.112675,-0.112675,-0.0687059
F,-0.0301329,-0.094254,-0.094254,-0.124387
F,0.0685947,-0.108996,-0.108996,-0.0404014
F,0.304194,-0.0939089,-0.0939089,0.210286
F,0.205853,-0.0605462,-0.0605462,0.145307
F,0.0337641,-0.0283817,-0.0283817,0.0053824
F,0.178492,-0.0564525,-0.0564525,0.122039
F,0.202784,-0.139293,-0.139293,0.063491
F,0.1588,-0.15497,-0.15497,0.00383037
F,-0.273894,-0.094254,-0.094254,-0.368148
F,0.654701,-0.191228,-0.191228,0.463473
F,0.00335031,-0.128938,-0.128938,-0.125588
F,0.24931,-0.147891,-0.147891,0.101419
F,0.119401,-0.0605462,-0.0605462,0.0588547
F,0.0605006,-0.179747,-0.179747,-0.119247
F,0.0898649,-0.126076,-0.126076,-0.0362116
F,0.28266,-0.147891,-0.147891,0.134769
F,0.640558,-0.126076,-0.126076,0.514481
F,0.0520796,-0.0939089,-0.0939089,-0.0418293
F,-0.0149358,-0.0939089,-0.0939089,-0.108845
F,-0.250364,-0.147891,-0.147891,-0.398255
F,0.271056,-0.128938,-0.128938,0.142118
F,0.174663,-0.0939089,-0.0939089,0.0807546
F,-0.0769165,-0.128938,-0.128938,-0.205855
F,0.116826,-0.191228,-0.191228,-0.0744018
F,0.229496,-0.179747,-0.179747,0.0497481
F,0.391598,-0.0939089,-0.0939089,0.297689
F,0.248427,-0.133295,-0.133295,0.115132
F,0.330164,-0.191228,-0.191228,0.138936
F,0.51235,-0.0939089,-0.0939089,0.418441
F,-0.254614,-0.0939089,-0.0939089,-0.348523
F,0.287001,-0.126076,-0.126076,0.160925
F,0.317034,-0.163523,-0.163523,0.153511
F,0.0470231,-0.191228,-0.191228,-0.144205
F,0.00530715,-0.126076,-0.126076,-0.120769
F,-0.12564,-0.126076,-0.126076,-0.251716
F,0.2581,-0.0939089,-0.0939089,0.164191
F,0.144463,-0.179747,-0.179747,-0.0352842
F,-0.337837,-0.108996,-0.108996,-0.446833
F,0.0361314,-0.0283817,-0.0283817,0.00774966
F,0.302719,-0.128938,-0.128938,0.173781
F,-0.0439829,-0.126076,-0.126076,-0.170059
F,0.0777628,-0.126076,-0.126076,-0.0483136
F,0.235403,-0.126076,-0.126076,0.109327
F,0.344946,-0.207716,-0.207716,0.13723
F,0.267047,-0.126076,-0.126076,0.14097
F,-0.33144,-0.179747,-0.179747,-0.511187
F,0.359107,-0.103753,-0.103753,0.255354
F,-0.137937,-0.128938,-0.128938,-0.266876
F,0.38223,-0.191228,-0.191228,0.191002
F,0.173406,-0.081756,-0.081756,0.09165
F,-0.0187463,-0.128938,-0.128938,-0.147685
F,0.0794367,-0.126076,-0.126076,-0.0466397
F,0.204523,-0.191228,-0.191228,0.0132945
F,0.106997,-0.191228,-0.191228,-0.0842313
F,0.154442,-0.112675,-0.112675,0.0417676
F,0.121336,-0.0605462,-0.0605462,0.0607902
F,0.295689,-0.179747,-0.179747,0.115941
F,0.46975,-0.115231,-0.115231,0.354519
F,-0.0903036,-0.191228,-0.191228,-0.281532
F,0.427694,-0.17516,-0.17516,0.252534
F,0.357747,-0.191228,-0.191228,0.166519
F,-0.500298,-0.17516,-0.17516,-0.675458
F,0.0248353,-0.191228,-0.191228,-0.166393
F,0.21323,-0.17516,-0.17516,0.0380702
F,-0.0790823,-0.163523,-0.163523,-0.242605
F,0.13041,-0.17516,-0.17516,-0.0447503
F,-0.0278545,-0.007826,-0.007826,-0.0356805
F,0.0937579,-0.126076,-0.126076,-0.0323186
F,0.255337,-0.112675,-0.112675,0.142663
F,0.455431,-0.17516,-0.17516,0.280271
F,-0.113314,-0.115231,-0.115231,-0.228545
F,-0.0815346,-0.115231,-0.115231,-0.196765
F,0.275236,-0.0939089,-0.0939089,0.181327
F,0.18393,-0.112675,-0.112675,0.0712551
F,-0.131763,-0.191228,-0.191228,-0.322992
F,0.078488,-0.094254,-0.094254,-0.015766
F,0.337051,-0.0283817,-0.0283817,0.30867
F,-0.0449236,-0.128938,-0.128938,-0.173862
F,-0.0924618,-0.108996,-0.108996,-0.201458
F,0.0370342,-0.17516,-0.17516,-0.138126
F,0.275286,-0.126076,-0.126076,0.149209
F,0.198797,-0.163523,-0.163523,0.0352742
F,0.173631,-0.164329,-0.164329,0.0093014
F,0.168574,-0.147891,-0.147891,0.0206831
F,0.410465,-0.126076,-0.126076,0.284388
F,0.0154309,-0.112675,-0.112675,-0.0972437
F,0.290544,-0.191228,-0.191228,0.099316
F,0.258751,-0.126076,-0.126076,0.132674
F,0.123095,-0.126076,-0.126076,-0.00298133
F,0.0646138,-0.17516,-0.17516,-0.110546
F,0.453476,-0.0939089,-0.0939089,0.359567
F,0.0209488,-0.133295,-0.133295,-0.112346
F,0.136335,-0.191228,-0.191228,-0.0548927
F,0.136618,-0.0939089,-0.0939089,0.0427096
F,0.290061,-0.126076,-0.126076,0.163984
F,0.127562,-0.081756,-0.081756,0.0458062
F,0.383447,-0.164329,-0.164329,0.219118
F,0.261549,-0.0939089,-0.0939089,0.167641
F,0.0930912,-0.179747,-0.179747,-0.0866563
F,-0.0680269,-0.17516,-0.17516,-0.243187
F,-0.193255,-0.105791,-0.105791,-0.299046
F,0.0677807,-0.105791,-0.105791,-0.0380104
F,0.395185,-0.126076,-0.126076,0.269109
F,-0.159697,-0.17516,-0.17516,-0.334856
F,0.121162,-0.163523,-0.163523,-0.042361
F,0.101815,-0.129056,-0.129056,-0.0272415
F,0.364072,-0.105791,-0.105791,0.25828
F,0.203967,-0.187191,-0.187191,0.0167759
F,0.154909,-0.128938,-0.128938,0.0259709
F,0.217344,-0.191228,-0.191228,0.0261157
F,0.131139,-0.105791,-0.105791,0.0253482
F,0.607897,-0.191228,-0.191228,0.416669
F,0.279751,-0.163523,-0.163523,0.116228
F,0.0347142,-0.126076,-0.126076,-0.0913622
F,0.05358,-0.081756,-0.081756,-0.0281761
F,-0.230251,-0.191228,-0.191228,-0.421479
F,-0.0728883,-0.187191,-0.187191,-0.26008
F,0.232564,-0.128938,-0.128938,0.103625
F,-0.0964211,-0.115231,-0.115231,-0.211652
F,0.0195556,-0.0721785,-0.0721785,-0.0526229
F,-0.0184471,-0.15497,-0.15497,-0.173417
F,0.281265,-0.191228,-0.191228,0.0900368
F,0.137457,-0.126076,-0.126076,0.0113807
F,0.283734,-0.179747,-0.179747,0.103987
F,0.0271032,-0.163523,-0.163523,-0.13642
F,0.278028,-0.0939089,-0.0939089,0.184119
F,-0.0149417,-0.097166,-0.097166,-0.112108
F,0.28006,-0.126076,-0.126076,0.153983
F,-0.180779,-0.112675,-0.112675,-0.293453
F,0.134474,-0.128938,-0.128938,0.00553537
F,0.341066,-0.105791,-0.105791,0.235275
F,0.154379,-0.191228,-0.191228,-0.0368491
F,-0.0507937,-0.179747,-0.179747,-0.230541
F,-0.0448128,-0.133295,-0.133295,-0.178108
F,0.255826,-0.17516,-0.17516,0.0806659
F,0.303788,-0.126076,-0.126076,0.177711
F,0.124663,-0.105791,-0.105791,0.0188716
F,0.174746,-0.179747,-0.179747,-0.00500185
F,0.329076,-0.126076,-0.126076,0.202999
F,0.365697,-0.120452,-0.120452,0.245245
F,0.514034,-0.128938,-0.128938,0.385096
F,0.481756,-0.17516,-0.17516,0.306596
F,0.401502,-0.179747,-0.179747,0.221754
F,-0.0697634,-0.15497,-0.15497,-0.224733
F,-0.0261122,-0.191228,-0.191228,-0.21734
F,0.0730761,-0.103571,-0.103571,-0.0304951
F,0.278937,-0.108996,-0.108996,0.169941
F,-0.00101892,-0.115231,-0.115231,-0.11625
F,0.0736926,-0.108996,-0.108996,-0.0353035
F,0.550043,-0.191228,-0.191228,0.358815
F,0.279564,-0.133295,-0.133295,0.146269
F,0.050831,-0.128938,-0.128938,-0.0781072
F,0.301593,-0.17516,-0.17516,0.126433
F,-0.0169348,-0.191228,-0.191228,-0.208163
F,-0.0982243,-0.115231,-0.115231,-0.213455
F,0.237235,-0.126076,-0.126076,0.111158
F,0.380494,-0.163523,-0.163523,0.216971
F,0.0517974,-0.179747,-0.179747,-0.12795
F,0.0980581,-0.0939089,-0.0939089,0.00414928
F,0.0250389,-0.126076,-0.126076,-0.101038
F,0.0156579,-0.0721785,-0.0721785,-0.0565206
F,-0.169268,-0.191228,-0.191228,-0.360496
F,-0.112441,-0.163523,-0.163523,-0.275964
F,-0.00882473,-0.126076,-0.126076,-0.134901
F,0.0387903,-0.126076,-0.126076,-0.0872861
F,0.424339,-0.139293,-0.139293,0.285046
F,0.51121,-0.081756,-0.081756,0.429454
F,-0.0117043,-0.094254,-0.094254,-0.105958
F,0.0260212,-0.0605462,-0.0605462,-0.034525
F,0.160921,-0.0721785,-0.0721785,0.0887425
F,0.0800938,-0.163523,-0.163523,-0.0834293
F,-0.303153,-0.17516,-0.17516,-0.478313
F,0.482267,-0.126076,-0.126076,0.356191
F,0.0632442,-0.17516,-0.17516,-0.111916
F,0.484658,-0.126076,-0.126076,0.358581
F,0.187661,-0.126076,-0.126076,0.0615849
F,-0.0925568,-0.163523,-0.163523,-0.25608
F,-0.0633826,-0.094254,-0.094254,-0.157637
F,-0.164916,-0.0939089,-0.0939089,-0.258825
F,0.29218,-0.0939089,-0.0939089,0.198271
F,0.102671,-0.081756,-0.081756,0.0209149
F,0.0140313,-0.126076,-0.126076,-0.112045
F,0.267585,-0.17516,-0.17516,0.0924255
F,0.162017,-0.17516,-0.17516,-0.013143
F,0.315606,-0.179747,-0.179747,0.135859
F,0.0342183,-0.0939089,-0.0939089,-0.0596906
F,-0.548038,-0.105791,-0.105791,-0.653829
F,0.16824,-0.126076,-0.126076,0.0421634
F,0.241574,-0.187191,-0.187191,0.0543821
F,0.467186,-0.179747,-0.179747,0.287439
F,0.256347,-0.120452,-0.120452,0.135895
F,0.0543534,-0.133295,-0.133295,-0.0789418
F,0.0937485,-0.163523,-0.163523,-0.0697746
F,0.400821,-0.0939089,-0.0939089,0.306912
F,0.161742,-0.17516,-0.17516,-0.0134181
F,-0.084397,-0.131146,-0.131146,-0.215543
F,0.0583043,-0.17516,-0.17516,-0.116856
F,0.187172,-0.0939089,-0.0939089,0.0932633
F,0.100618,-0.0283817,-0.0283817,0.0722362
F,0.0558867,-0.179747,-0.179747,-0.123861
F,0.239598,-0.191228,-0.191228,0.0483695
F,0.610406,-0.128938,-0.128938,0.481468
F,-0.224992,-0.0939089,-0.0939089,-0.318901
F,0.287105,-0.102227,-0.102227,0.184878
F,0.0681658,-0.17516,-0.17516,-0.106994
F,0.128557,-0.081756,-0.081756,0.0468009
F,0.242236,-0.0939089,-0.0939089,0.148327
F,-0.445693,-0.179747,-0.179747,-0.62544
F,0.270848,-0.191228,-0.191228,0.0796201
F,0.0119947,-0.126076,-0.126076,-0.114082
F,0.592474,-0.115231,-0.115231,0.477244
F,-0.00248397,-0.128938,-0.128938,-0.131422
F,-0.174437,-0.103753,-0.103753,-0.278189
F,0.506031,-0.108996,-0.108996,0.397035
F,0.636768,-0.126076,-0.126076,0.510692
F,0.287944,-0.0939089,-0.0939089,0.194035
F,-0.252768,-0.115231,-0.115231,-0.367998
F,0.23489,-0.126076,-0.126076,0.108813
F,0.436739,-0.147891,-0.147891,0.288849
M,0.234555,-0.110199,-0.110199,0.124356
M,0.102447,-0.104617,-0.104617,-0.00217016
M,0.25792,-0.0813209,-0.0813209,0.176599
M,0.0983797,-0.145694,-0.145694,-0.0473143
M,0.250538,-0.110199,-0.110199,0.140339
M,-0.0698365,-0.0939877,-0.0939877,-0.163824
M,0.053768,-0.145694,-0.145694,-0.091926
M,-0.0877372,-0.0858016,-0.0858016,-0.173539
M,-0.198142,-0.0939877,-0.0939877,-0.29213
M,0.225345,-0.0273303,-0.0273303,0.198014
M,0.210049,-0.0939877,-0.0939877,0.116062
M,0.158919,-0.0112959,-0.0112959,0.147623
M,0.355872,-0.0978161,-0.0978161,0.258056
M,0.295272,-0.084892,-0.084892,0.21038
M,-0.044494,-0.104883,-0.104883,-0.149377
M,0.00252072,-0.084892,-0.084892,-0.0823713
M,0.264097,-0.0858016,-0.0858016,0.178295
M,0.139575,-0.0813209,-0.0813209,0.0582542
M,0.0983634,-0.124019,-0.124019,-0.0256551
M,-0.220547,-0.0262305,-0.0262305,-0.246778
M,0.161823,-0.104617,-0.104617,0.0572066
M,0.485592,-0.084892,-0.084892,0.4007
M,0.0243816,-0.110199,-0.110199,-0.0858177
M,-0.0807447,-0.161272,-0.161272,-0.242017
M,0.558387,-0.084892,-0.084892,0.473495
M,0.0835008,-0.0813209,-0.0813209,0.00217992
M,0.199466,-0.0939877,-0.0939877,0.105478
M,0.153246,-0.0541514,-0.0541514,0.0990948
M,0.0272815,-0.0632656,-0.0632656,-0.0359841
M,-0.0470076,-0.124019,-0.124019,-0.171026
M,0.00615072,-0.124019,-0.124019,-0.117868
M,0.136235,-0.161272,-0.161272,-0.0250365
M,0.208293,-0.161272,-0.161272,0.0470208
M,-0.133811,-0.0273303,-0.0273303,-0.161141
M,0.287942,-0.0939877,-0.0939877,0.193954
M,0.221385,-0.145694,-0.145694,0.0756908
M,0.205013,-0.101611,-0.101611,0.103402
M,-0.103876,-0.110199,-0.110199,-0.214075
M,0.0310821,-0.104617,-0.104617,-0.0735347
M,0.373347,-0.104617,-0.104617,0.26873
M,0.0318948,-0.145694,-0.145694,-0.113799
M,-0.0607009,-0.0273303,-0.0273303,-0.0880313
M,-0.151432,-0.113129,-0.113129,-0.264561
M,-0.0569761,-0.0273303,-0.0273303,-0.0843065
M,-0.209653,-0.084892,-0.084892,-0.294545
M,0.226031,-0.101317,-0.101317,0.124714
M,0.507268,-0.110199,-0.110199,0.397069
M,-0.157104,-0.124019,-0.124019,-0.281122
M,-0.159241,-0.145694,-0.145694,-0.304935
M,0.0855623,-0.104883,-0.104883,-0.0193209
M,0.42096,-0.0939877,-0.0939877,0.326973
M,0.311834,-0.0939877,-0.0939877,0.217847
M,0.0189334,-0.0939877,-0.0939877,-0.0750544
M,0.156797,-0.145694,-0.145694,0.0111028
M,0.50453,-0.0273303,-0.0273303,0.4772
M,0.0523045,-0.0541514,-0.0541514,-0.00184696
M,0.345204,-0.0939877,-0.0939877,0.251217
M,0.313278,-0.140899,-0.140899,0.172379
M,0.104483,-0.0939877,-0.0939877,0.0104957
M,-0.133312,-0.0494694,-0.0494694,-0.182781
M,0.196061,-0.0939877,-0.0939877,0.102074
M,0.421126,-0.0666251,-0.0666251,0.354501
M,-0.035033,-0.104617,-0.104617,-0.13965
M,-0.298023,-0.0971138,-0.0971138,-0.395137
M,0.256807,-0.0813209,-0.0813209,0.175486
M,-0.13408,-0.084892,-0.084892,-0.218973
M,-0.150019,-0.0541514,-0.0541514,-0.204171
M,0.216616,-0.0939877,-0.0939877,0.122628
M,0.0973902,-0.0494694,-0.0494694,0.0479208
M,0.139057,-0.110199,-0.110199,0.0288577
M,0.266558,-0.145694,-0.145694,0.120864
M,0.0601182,-0.0939877,-0.0939877,-0.0338695
M,-0.0129162,-0.031657,-0.031657,-0.0445732
M,0.199295,-0.0939877,-0.0939877,0.105308
M,0.284487,-0.0494694,-0.0494694,0.235017
M,0.299507,-0.110199,-0.110199,0.189308
M,0.253095,-0.0939877,-0.0939877,0.159108
M,0.0246512,-0.0632656,-0.0632656,-0.0386144
M,0.259579,-0.104617,-0.104617,0.154962
M,0.105789,-0.0813209,-0.0813209,0.024468
M,0.487227,-0.0939877,-0.0939877,0.39324
M,-0.437032,-0.0494694,-0.0494694,-0.486501
M,0.0674166,-0.0939877,-0.0939877,-0.0265712
M,-0.18078,-0.104883,-0.104883,-0.285663
M,0.0340279,-0.0813209,-0.0813209,-0.047293
M,0.322133,-0.0637851,-0.0637851,0.258348
M,0.196071,-0.031657,-0.031657,0.164414
M,0.200166,-0.084892,-0.084892,0.115273
M,0.309614,-0.110199,-0.110199,0.199414
M,-0.175004,-0.084892,-0.084892,-0.259896
M,-0.11895,-0.145694,-0.145694,-0.264644
M,0.195577,-0.0978161,-0.0978161,0.0977612
M,0.185608,-0.0637851,-0.0637851,0.121823
M,0.0994638,-0.0858016,-0.0858016,0.0136621
M,-0.344836,-0.161272,-0.161272,-0.506108
M,0.103197,-0.0632656,-0.0632656,0.0399314
M,0.351151,-0.119319,-0.119319,0.231833
M,0.208041,-0.084892,-0.084892,0.123149
M,0.0998773,-0.0939877,-0.0939877,0.00588952
M,-0.046294,-0.161272,-0.161272,-0.207566
M,0.0304532,-0.0939877,-0.0939877,-0.0635345
M,0.0645223,-0.145694,-0.145694,-0.0811717
M,0.172307,-0.0858016,-0.0858016,0.0865051
M,0.0995295,-0.0813209,-0.0813209,0.0182086
M,0.376483,-0.144734,-0.144734,0.231749
M,0.180398,-0.0939877,-0.0939877,0.0864103
M,0.0387953,-0.113129,-0.113129,-0.074334
M,0.140618,-0.110199,-0.110199,0.0304183
M,0.169233,-0.124019,-0.124019,0.0452143
M,-0.133856,-0.145694,-0.145694,-0.27955
M,0.0853324,-0.124019,-0.124019,-0.0386861
M,0.189709,-0.0637851,-0.0637851,0.125924
M,0.163905,-0.084892,-0.084892,0.0790132
M,-0.336239,-0.145694,-0.145694,-0.481933
M,0.106056,-0.104617,-0.104617,0.00143921
M,-0.267123,-0.0939877,-0.0939877,-0.36111
M,0.202264,-0.0632656,-0.0632656,0.138999
M,-0.0921834,-0.124019,-0.124019,-0.216202
M,0.565691,-0.0939877,-0.0939877,0.471703
M,-0.13614,-0.104617,-0.104617,-0.240757
M,0.0259726,-0.104617,-0.104617,-0.0786442
M,-0.315738,-0.104883,-0.104883,-0.420621
M,-0.0700613,-0.124019,-0.124019,-0.19408
M,-0.221711,-0.0939877,-0.0939877,-0.315699
M,-0.113519,-0.0939877,-0.0939877,-0.207507
M,-0.00482218,-0.0740763,-0.0740763,-0.0788985
M,0.325141,-0.0813209,-0.0813209,0.24382
M,0.202898,-0.124019,-0.124019,0.0788792
M,0.0992711,-0.0628206,-0.0628206,0.0364506
M,-0.0423264,-0.124019,-0.124019,-0.166345
M,0.0559172,-0.0273303,-0.0273303,0.0285868
M,0.419697,-0.124019,-0.124019,0.295679
M,0.176018,-0.105683,-0.105683,0.0703353
M,-0.0155942,-0.124019,-0.124019,-0.139613
M,0.121772,-0.0813209,-0.0813209,0.040451
M,-0.0476528,-0.161272,-0.161272,-0.208925
M,0.0670527,-0.124019,-0.124019,-0.0569658
M,0.0270776,-0.144734,-0.144734,-0.117656
M,-0.0014455,-0.124019,-0.124019,-0.125464
M,0.294543,-0.084892,-0.084892,0.209651
M,0.132805,-0.132284,-0.132284,0.000520979
M,-0.212946,-0.144734,-0.144734,-0.35768
M,0.14151,-0.145694,-0.145694,-0.00418422
M,0.140459,-0.145694,-0.145694,-0.00523501
M,0.254697,-0.0939877,-0.0939877,0.16071
M,0.226394,-0.0939877,-0.0939877,0.132406
M,-0.145361,-0.110199,-0.110199,-0.255561
M,0.224247,-0.161272,-0.161272,0.0629754
M,0.175268,-0.124019,-0.124019,0.0512498
M,0.199845,-0.0273303,-0.0273303,0.172515
M,0.151858,-0.110199,-0.110199,0.041659
M,0.137649,-0.145694,-0.145694,-0.00804541
M,0.0445661,-0.0939877,-0.0939877,-0.0494216
M,-0.0490938,-0.0273303,-0.0273303,-0.0764241
M,-0.189492,-0.124019,-0.124019,-0.31351
M,0.0524114,-0.145694,-0.145694,-0.0932826
M,-0.00391226,-0.0541514,-0.0541514,-0.0580637
M,-0.0160618,-0.0939877,-0.0939877,-0.11005
M,0.00581751,-0.0939877,-0.0939877,-0.0881702
M,-0.162112,-0.0939877,-0.0939877,-0.2561
M,0.218752,-0.124019,-0.124019,0.0947333
M,0.142728,-0.0939877,-0.0939877,0.0487402
M,0.314168,-0.145694,-0.145694,0.168474
M,0.144785,-0.084892,-0.084892,0.0598925
M,-0.156442,-0.124019,-0.124019,-0.280461
M,0.300567,-0.084892,-0.084892,0.215675
M,0.105296,-0.0939877,-0.0939877,0.011308
M,0.151165,-0.145694,-0.145694,0.00547144
M,0.201979,-0.0939877,-0.0939877,0.107991
M,0.0864591,-0.084892,-0.084892,0.00156706
M,-0.019252,-0.084892,-0.084892,-0.104144
M,0.0765722,-0.124019,-0.124019,-0.0474463
M,0.0855498,-0.124019,-0.124019,-0.0384687
M,0.364217,-0.104617,-0.104617,0.2596
M,0.077228,-0.144734,-0.144734,-0.0675058
M,0.0279201,-0.0740763,-0.0740763,-0.0461561
M,0.513509,-0.161272,-0.161272,0.352237
M,0.129393,-0.124019,-0.124019,0.00537418
M,-0.0816465,-0.104617,-0.104617,-0.186263
M,-0.0999743,-0.0939877,-0.0939877,-0.193962
M,0.405657,-0.104617,-0.104617,0.30104
M,0.362526,-0.124019,-0.124019,0.238507
M,-0.254651,-0.0637851,-0.0637851,-0.318436
M,0.023585,-0.145694,-0.145694,-0.122109
M,0.350715,-0.104617,-0.104617,0.246099
M,0.188917,-0.0939877,-0.0939877,0.0949291
M,0.281432,-0.084892,-0.084892,0.19654
M,0.0690031,-0.124019,-0.124019,-0.0550154
M,0.168529,-0.144734,-0.144734,0.0237952
M,0.293163,-0.0939877,-0.0939877,0.199176
M,0.143119,-0.0939877,-0.0939877,0.0491316
M,-0.0434534,-0.0939877,-0.0939877,-0.137441
M,0.137806,-0.0494694,-0.0494694,0.0883362
M,-0.135939,-0.0637851,-0.0637851,-0.199725
M,0.0318393,-0.0112959,-0.0112959,0.0205435
M,0.0344032,-0.145694,-0.145694,-0.111291
M,0.191988,-0.0273303,-0.0273303,0.164657
M,0.0441779,-0.0632656,-0.0632656,-0.0190876
M,0.250142,-0.084892,-0.084892,0.16525
M,0.0479183,-0.0541514,-0.0541514,-0.00623313
M,0.342518,-0.0939877,-0.0939877,0.24853
M,-0.22343,-0.124019,-0.124019,-0.347449
M,0.0324864,-0.124019,-0.124019,-0.0915321
M,0.0317546,-0.144734,-0.144734,-0.112979
M,0.0389748,-0.145694,-0.145694,-0.106719
M,0.134145,-0.145694,-0.145694,-0.0115495
M,-0.0614822,-0.104883,-0.104883,-0.166365
M,0.126353,-0.0262305,-0.0262305,0.100123
M,-0.103246,-0.084892,-0.084892,-0.188138
M,0.0479686,-0.0939877,-0.0939877,-0.0460191
M,0.180508,-0.0939877,-0.0939877,0.0865205
M,0.0871428,-0.0939877,-0.0939877,-0.00684493
M,0.111486,-0.0273303,-0.0273303,0.0841559
M,0.0516634,-0.124019,-0.124019,-0.0723551
M,0.16457,-0.0740763,-0.0740763,0.0904936
M,-0.154286,-0.0273303,-0.0273303,-0.181616
M,-0.106004,-0.084892,-0.084892,-0.190896
M,0.301339,-0.0978161,-0.0978161,0.203523
M,-0.0266249,-0.084892,-0.084892,-0.111517
M,-0.112782,-0.124019,-0.124019,-0.236801
M,0.193131,-0.0273303,-0.0273303,0.165801
M,-0.0645701,-0.0978161,-0.0978161,-0.162386
M,0.266166,-0.104617,-0.104617,0.161549
M,-0.35229,-0.124019,-0.124019,-0.476308
M,0.144239,-0.0262305,-0.0262305,0.118009
M,0.0139943,-0.104617,-0.104617,-0.0906225
M,0.339322,-0.0939877,-0.0939877,0.245334
M,0.215518,-0.124019,-0.124019,0.0915
M,0.226998,-0.161272,-0.161272,0.0657262
M,0.157207,-0.0637851,-0.0637851,0.0934214
M,0.562017,-0.145694,-0.145694,0.416323
M,0.209956,-0.145694,-0.145694,0.0642617
M,0.233351,-0.0375874,-0.0375874,0.195764
M,-0.276692,-0.0273303,-0.0273303,-0.304023
M,-0.24423,-0.0273303,-0.0273303,-0.271561
M,0.197732,-0.0813209,-0.0813209,0.116411
M,0.053804,-0.0939877,-0.0939877,-0.0401837
M,0.133297,-0.078104,-0.078104,0.0551927
M,0.273091,-0.0939877,-0.0939877,0.179103
M,-0.0421438,-0.104617,-0.104617,-0.146761
M,-0.15472,-0.0273303,-0.0273303,-0.182051
M,-0.0506727,-0.161272,-0.161272,-0.211945
M,0.160837,-0.0666251,-0.0666251,0.0942115
M,-0.0210892,-0.161272,-0.161272,-0.182361
M,0.229835,-0.0494694,-0.0494694,0.180366
M,0.133696,-0.0939877,-0.0939877,0.039708
M,0.337921,-0.145694,-0.145694,0.192227
M,-0.199351,-0.124019,-0.124019,-0.32337
M,0.129949,-0.104883,-0.104883,0.0250657
M,-0.0428076,-0.161272,-0.161272,-0.204079
M,0.201023,-0.0637851,-0.0637851,0.137238
M,0.182642,-0.145694,-0.145694,0.0369476
M,0.263503,-0.0494694,-0.0494694,0.214033
M,0.309359,-0.0939877,-0.0939877,0.215372
M,0.104964,-0.104617,-0.104617,0.00034732
M,-0.124473,-0.124019,-0.124019,-0.248491
M,0.078471,-0.145694,-0.145694,-0.067223
M,-0.113695,-0.124019,-0.124019,-0.237713
M,-0.260856,-0.0486518,-0.0486518,-0.309508
M,0.173318,-0.145694,-0.145694,0.0276238
M,0.4211,-0.124019,-0.124019,0.297081
M,-0.267145,-0.104883,-0.104883,-0.372029
M,0.149901,-0.0262305,-0.0262305,0.12367
M,0.213453,-0.0939877,-0.0939877,0.119465
M,0.201204,-0.0273303,-0.0273303,0.173874
M,0.122019,-0.0262305,-0.0262305,0.0957881
M,0.422046,-0.124019,-0.124019,0.298028
M,0.0900253,-0.145694,-0.145694,-0.0556687
M,0.237609,-0.145694,-0.145694,0.0919154
M,0.158895,-0.084892,-0.084892,0.0740035
M,-0.0579195,-0.104617,-0.104617,-0.162536
M,0.155804,-0.124019,-0.124019,0.0317854
M,0.302639,-0.104617,-0.104617,0.198022
M,-0.133597,-0.0273303,-0.0273303,-0.160927
M,0.229021,-0.0273303,-0.0273303,0.20169
M,0.376539,-0.0273303,-0.0273303,0.349208
M,0.216793,-0.0858016,-0.0858016,0.130991
M,0.231787,-0.0637851,-0.0637851,0.168001
M,0.327172,-0.0813209,-0.0813209,0.245851
M,0.204426,-0.078104,-0.078104,0.126322
M,0.181294,-0.145694,-0.145694,0.0356004
M,0.355641,-0.104617,-0.104617,0.251024
M,0.0479675,-0.0978161,-0.0978161,-0.0498487
M,0.0637605,0.0158038,0.0158038,0.0795643
M,-0.211899,-0.0262305,-0.0262305,-0.238129
M,0.335346,-0.0273303,-0.0273303,0.308016
M,0.216113,-0.110199,-0.110199,0.105914
M,-0.140404,-0.144734,-0.144734,-0.285137
M,0.123317,-0.144734,-0.144734,-0.0214168
M,-0.0178268,-0.110199,-0.110199,-0.128026
M,0.0647678,-0.0813209,-0.0813209,-0.0165531
M,0.149139,-0.084892,-0.084892,0.0642468
M,0.168337,-0.104617,-0.104617,0.0637204
M,0.0960711,-0.0637851,-0.0637851,0.0322859
M,0.116565,-0.145694,-0.145694,-0.0291291
M,0.0298299,-0.0112959,-0.0112959,0.018534
M,0.362403,-0.161272,-0.161272,0.201131
M,0.0113393,-0.104617,-0.104617,-0.0932776
M,0.386158,-0.110199,-0.110199,0.275959
M,0.106861,-0.0939877,-0.0939877,0.0128733
M,0.207285,-0.110199,-0.110199,0.0970853
M,-0.202567,-0.124019,-0.124019,-0.326586
M,0.0321065,-0.0494694,-0.0494694,-0.0173629
M,0.109707,-0.140899,-0.140899,-0.0311923
M,0.357242,-0.145694,-0.145694,0.211548
M,-0.0465581,-0.0813209,-0.0813209,-0.127879
M,0.0291007,-0.0541514,-0.0541514,-0.0250507
M,0.0513267,-0.124019,-0.124019,-0.0726919
M,-0.116148,-0.0541514,-0.0541514,-0.1703
M,0.0731912,-0.110199,-0.110199,-0.0370081
M,0.204992,-0.0494694,-0.0494694,0.155523
M,0.217631,-0.0978161,-0.0978161,0.119815
M,-0.158211,-0.084892,-0.084892,-0.243103
M,-0.124628,-0.124019,-0.124019,-0.248647
M,0.209836,-0.0494694,-0.0494694,0.160367
M,0.359514,-0.0939877,-0.0939877,0.265526
M,-0.0797568,-0.161272,-0.161272,-0.241029
M,-0.00338977,-0.124019,-0.124019,-0.127408
M,-0.146602,-0.161272,-0.161272,-0.307874
M,0.0517696,-0.084892,-0.084892,-0.0331224
M,0.275806,-0.110199,-0.110199,0.165606
M,-0.0647176,-0.0813209,-0.0813209,-0.146038
M,0.0532301,-0.144734,-0.144734,-0.0915036
M,0.176625,-0.110199,-0.110199,0.0664254
M,0.148012,-0.0273303,-0.0273303,0.120681
M,0.464986,-0.0939877,-0.0939877,0.370998
M,0.122628,-0.145694,-0.145694,-0.0230662
M,-0.12873,-0.0813209,-0.0813209,-0.210051
M,0.358257,-0.0939877,-0.0939877,0.264269
M,0.090318,-0.0971138,-0.0971138,-0.00679581
M,0.325766,-0.0740763,-0.0740763,0.25169
M,0.182107,-0.0494694,-0.0494694,0.132638
M,-0.120416,-0.0939877,-0.0939877,-0.214404
M,-0.159897,-0.145694,-0.145694,-0.305591
M,0.116482,-0.0939877,-0.0939877,0.0224939
M,0.178835,-0.124019,-0.124019,0.0548164
M,0.176467,-0.0813209,-0.0813209,0.0951466
M,-0.254088,-0.144734,-0.144734,-0.398821
M,0.395566,-0.0939877,-0.0939877,0.301578
M,0.144998,-0.145694,-0.145694,-0.000695649
M,0.00627937,-0.084892,-0.084892,-0.0786127
M,0.229305,-0.0978161,-0.0978161,0.131489
M,0.306529,-0.0939877,-0.0939877,0.212542
M,-0.0879041,-0.0939877,-0.0939877,-0.181892
M,-0.0572736,-0.084892,-0.084892,-0.142166
M,-0.317307,-0.0939877,-0.0939877,-0.411295
M,0.269364,-0.0939877,-0.0939877,0.175376
M,-0.0447581,-0.0939877,-0.0939877,-0.138746
M,-0.241702,-0.0628206,-0.0628206,-0.304522
M,0.191878,-0.0541514,-0.0541514,0.137727
M,0.176678,-0.124019,-0.124019,0.0526595
M,0.169204,-0.0939877,-0.0939877,0.0752167
M,0.3654,-0.0939877,-0.0939877,0.271412
M,0.138739,-0.0273303,-0.0273303,0.111409
M,0.0894118,-0.113129,-0.113129,-0.0237175
M,0.32137,-0.104617,-0.104617,0.216753
M,0.315627,-0.110199,-0.110199,0.205428
M,0.128067,-0.0273303,-0.0273303,0.100737
M,0.327993,-0.124019,-0.124019,0.203974
M,0.245192,-0.161272,-0.161272,0.0839205
M,-0.103111,-0.0273303,-0.0273303,-0.130441
M,-0.19037,-0.124019,-0.124019,-0.314388
M,-0.00414825,-0.0494694,-0.0494694,-0.0536176
M,0.439044,-0.161272,-0.161272,0.277772
M,0.0899403,-0.078104,-0.078104,0.0118363
M,-0.205666,-0.0494694,-0.0494694,-0.255135
M,-0.181559,-0.161272,-0.161272,-0.342831
M,-0.106468,-0.124019,-0.124019,-0.230487
M,0.508591,-0.110199,-0.110199,0.398392
M,-0.251753,-0.0939877,-0.0939877,-0.34574
M,0.218783,-0.124019,-0.124019,0.0947643
M,-0.275867,-0.124019,-0.124019,-0.399885
M,-0.00735341,-0.104883,-0.104883,-0.112237
M,0.250948,-0.0858016,-0.0858016,0.165146
M,0.262887,-0.161272,-0.161272,0.101615
M,0.0654078,-0.0939877,-0.0939877,-0.0285799
M,0.375597,-0.0740763,-0.0740763,0.301521
M,0.23313,-0.0637851,-0.0637851,0.169345
M,0.215773,-0.0939877,-0.0939877,0.121785
M,0.328606,-0.0813209,-0.0813209,0.247285
M,0.0311703,-0.031657,-0.031657,-0.000486712
M,0.209772,-0.084892,-0.084892,0.12488
M,0.195147,-0.0939877,-0.0939877,0.101159
M,-0.106469,-0.144734,-0.144734,-0.251203
M,0.329188,-0.124019,-0.124019,0.20517
M,0.253507,-0.104617,-0.104617,0.14889
M,0.352184,-0.145694,-0.145694,0.20649
M,0.588279,-0.084892,-0.084892,0.503387
M,0.24303,-0.0939877,-0.0939877,0.149042
M,0.0708325,-0.078104,-0.078104,-0.00727143
M,0.136874,-0.104617,-0.104617,0.0322572
M,0.0424571,-0.0979191,-0.0979191,-0.055462
M,0.262801,-0.0939877,-0.0939877,0.168813
M,0.313196,-0.0939877,-0.0939877,0.219208
M,0.133773,-0.104617,-0.104617,0.029156
M,0.0977863,-0.124019,-0.124019,-0.0262322
M,0.329496,-0.084892,-0.084892,0.244604
M,-0.0364717,-0.0541514,-0.0541514,-0.0906232
M,0.111313,-0.161272,-0.161272,-0.0499584
M,0.197551,-0.144734,-0.144734,0.052817
M,0.535564,-0.104617,-0.104617,0.430947
M,0.381344,-0.124019,-0.124019,0.257325
M,0.247476,-0.0858016,-0.0858016,0.161674
M,-0.0163515,-0.0273303,-0.0273303,-0.0436819
M,-0.0578842,-0.145694,-0.145694,-0.203578
M,0.377331,-0.110199,-0.110199,0.267132
M,0.0445721,-0.145694,-0.145694,-0.101122
M,0.101978,-0.0494694,-0.0494694,0.0525082
M,0.25177,-0.084892,-0.084892,0.166878
M,-0.14582,-0.0939877,-0.0939877,-0.239808
M,-0.20515,-0.0273303,-0.0273303,-0.23248
M,0.0894658,-0.145694,-0.145694,-0.0562282
M,0.558027,-0.0262305,-0.0262305,0.531796
M,0.233301,-0.0666251,-0.0666251,0.166676
M,0.349106,-0.084892,-0.084892,0.264214
M,-0.0408112,-0.0939877,-0.0939877,-0.134799
M,0.219162,-0.124019,-0.124019,0.0951439
M,0.413798,-0.161272,-0.161272,0.252526
M,0.336096,-0.145694,-0.145694,0.190402
M,0.109557,-0.084892,-0.084892,0.0246648
M,0.209601,-0.101317,-0.101317,0.108285
M,0.326062,-0.0939877,-0.0939877,0.232074
M,0.143116,-0.084892,-0.084892,0.0582244
M,-0.00200204,-0.0939877,-0.0939877,-0.0959898
M,0.0450613,-0.084892,-0.084892,-0.0398308
M,-0.000626288,-0.0939877,-0.0939877,-0.094614
M,-0.0647546,-0.145694,-0.145694,-0.210449
M,-0.370942,-0.0939877,-0.0939877,-0.46493
M,0.19723,-0.084892,-0.084892,0.112338
M,0.247291,-0.084892,-0.084892,0.162399
M,0.0715435,-0.0813209,-0.0813209,-0.00977742
M,0.210868,-0.0632656,-0.0632656,0.147602
M,0.0293733,-0.161272,-0.161272,-0.131899
M,0.207055,-0.084892,-0.084892,0.122163
M,-0.255079,-0.124019,-0.124019,-0.379097
M,0.534896,-0.0939877,-0.0939877,0.440908
M,-0.00989476,-0.0939877,-0.0939877,-0.103882
M,0.227527,-0.084892,-0.084892,0.142634
M,-0.250491,-0.0939877,-0.0939877,-0.344479
M,0.162779,-0.104617,-0.104617,0.0581617
M,0.168047,-0.161272,-0.161272,0.00677522
M,-0.199618,-0.104617,-0.104617,-0.304235
M,0.476645,-0.0836005,-0.0836005,0.393045
M,-0.0109352,-0.145694,-0.145694,-0.156629
M,-0.224017,-0.084892,-0.084892,-0.308909
M,0.35622,-0.0273303,-0.0273303,0.328889
M,0.107902,-0.110199,-0.110199,-0.00229728
M,-0.0561361,-0.0666251,-0.0666251,-0.122761
M,-0.0152419,-0.104617,-0.104617,-0.119859
M,0.227866,-0.0637851,-0.0637851,0.16408
M,0.315331,-0.0978161,-0.0978161,0.217515
M,-0.391561,-0.0666251,-0.0666251,-0.458186
M,0.271507,-0.0939877,-0.0939877,0.177519
M,0.0297445,-0.0939877,-0.0939877,-0.0642433
M,-0.0698897,-0.161272,-0.161272,-0.231162
M,0.156765,-0.124019,-0.124019,0.0327461
M,0.0917236,-0.0666251,-0.0666251,0.0250985
M,-0.275496,-0.0628206,-0.0628206,-0.338317
M,-0.00274782,-0.145694,-0.145694,-0.148442
M,0.309546,-0.0112959,-0.0112959,0.298251
M,-0.196306,-0.124019,-0.124019,-0.320324
M,0.348243,-0.104617,-0.104617,0.243626
M,0.0417464,-0.0494694,-0.0494694,-0.00772297
M,0.421891,-0.161272,-0.161272,0.26062
M,-0.27342,-0.0939877,-0.0939877,-0.367408
M,-0.375487,-0.0939877,-0.0939877,-0.469474
M,0.157969,-0.0939877,-0.0939877,0.0639812
M,-0.0157749,-0.110199,-0.110199,-0.125974
M,0.380297,-0.0939877,-0.0939877,0.286309
M,0.0407686,-0.0813209,-0.0813209,-0.0405523
M,-0.227189,-0.0112959,-0.0112959,-0.238485
M,-0.151765,-0.0939877,-0.0939877,-0.245753
M,-0.0313348,-0.0543536,-0.0543536,-0.0856884
M,0.294484,-0.0273303,-0.0273303,0.267154
M,0.143461,-0.104617,-0.104617,0.038844
M,0.291911,-0.084892,-0.084892,0.207019
M,0.237085,-0.0939877,-0.0939877,0.143097
M,0.24636,-0.0494694,-0.0494694,0.19689
M,0.518294,-0.124019,-0.124019,0.394275
M,-0.0566678,-0.104617,-0.104617,-0.161285
M,-0.117343,-0.0939877,-0.0939877,-0.21133
M,0.0682736,-0.124019,-0.124019,-0.0557449
M,-0.180211,-0.0978161,-0.0978161,-0.278027
M,-0.134063,-0.0939877,-0.0939877,-0.228051
M,0.320497,-0.161272,-0.161272,0.159225
M,0.486581,-0.0939877,-0.0939877,0.392593
M,-0.0802999,-0.0666251,-0.0666251,-0.146925
M,0.0403115,-0.084892,-0.084892,-0.0445805
M,0.061799,-0.084892,-0.084892,-0.0230931
M,0.023881,-0.124019,-0.124019,-0.100137
M,0.125256,-0.0637851,-0.0637851,0.0614705
M,-0.433019,-0.0273303,-0.0273303,-0.460349
M,0.0785837,-0.084892,-0.084892,-0.00630835
M,0.272566,-0.0858016,-0.0858016,0.186765
M,0.30263,-0.161272,-0.161272,0.141358
M,0.104907,-0.145694,-0.145694,-0.0407869
M,-0.0218181,-0.084892,-0.084892,-0.10671
M,0.18625,-0.124019,-0.124019,0.0622315
M,0.046609,-0.0494694,-0.0494694,-0.00286032
M,0.00343584,-0.0494694,-0.0494694,-0.0460335
M,-0.202017,-0.145694,-0.145694,-0.347711
M,0.025136,-0.0637851,-0.0637851,-0.0386491
M,0.27052,-0.110199,-0.110199,0.160321
M,0.0803284,-0.084892,-0.084892,-0.00456362
M,0.128653,-0.124019,-0.124019,0.00463432
M,0.0634613,-0.0939877,-0.0939877,-0.0305264
M,0.214141,-0.145694,-0.145694,0.0684465
M,0.0728904,-0.0939877,-0.0939877,-0.0210973
M,0.378722,-0.104617,-0.104617,0.274105
M,0.20072,-0.124019,-0.124019,0.0767016
M,0.0860044,0.00277954,0.00277954,0.088784
M,0.286312,-0.0637851,-0.0637851,0.222527
M,0.0882006,-0.104883,-0.104883,-0.0166825
M,0.0463244,-0.0666251,-0.0666251,-0.0203007
M,-0.191667,-0.0858016,-0.0858016,-0.277468
M,0.108848,-0.140493,-0.140493,-0.0316454
M,0.259548,-0.0740763,-0.0740763,0.185471
M,0.0773431,-0.0112959,-0.0112959,0.0660473
M,0.0388392,-0.104617,-0.104617,-0.0657777
M,0.199121,-0.0939877,-0.0939877,0.105133
M,-0.0226938,-0.0813209,-0.0813209,-0.104015
M,-0.184595,-0.124019,-0.124019,-0.308613
M,-0.0166186,-0.0273303,-0.0273303,-0.0439489
M,0.0400986,-0.0858016,-0.0858016,-0.045703
M,-0.0375499,-0.0939877,-0.0939877,-0.131538
M,-0.270168,-0.0939877,-0.0939877,-0.364156
M,0.0688026,-0.140899,-0.140899,-0.0720965
M,0.0894898,-0.110199,-0.110199,-0.0207095
M,0.0699722,-0.104617,-0.104617,-0.0346446
M,0.106954,-0.084892,-0.084892,0.0220615
M,0.139123,-0.0939877,-0.0939877,0.045135
M,0.126484,-0.104617,-0.104617,0.021867
M,0.156442,-0.0939877,-0.0939877,0.062454
M,0.0670335,-0.084892,-0.084892,-0.0178585
M,0.0965389,-0.145694,-0.145694,-0.0491552
M,-0.337159,-0.0273303,-0.0273303,-0.364489
M,0.185766,-0.104883,-0.104883,0.0808831
M,-0.0373774,-0.0939877,-0.0939877,-0.131365
M,0.303525,-0.084892,-0.084892,0.218633
M,0.325562,-0.084892,-0.084892,0.24067
M,0.301235,-0.0939877,-0.0939877,0.207247
M,-0.100589,-0.0112959,-0.0112959,-0.111885
M,0.140858,-0.0939877,-0.0939877,0.0468698
M,0.0542943,-0.0632656,-0.0632656,-0.00897132
M,-0.0100021,-0.0939877,-0.0939877,-0.10399
M,0.00299554,-0.0666251,-0.0666251,-0.0636296
M,0.246651,-0.104617,-0.104617,0.142034
M,0.288515,-0.0939877,-0.0939877,0.194527
M,0.307771,-0.0939877,-0.0939877,0.213783
M,-0.257741,-0.110199,-0.110199,-0.36794
M,0.22786,-0.0939877,-0.0939877,0.133873
M,0.403046,-0.0813209,-0.0813209,0.321725
M,0.218789,-0.031657,-0.031657,0.187132
M,0.0689031,-0.0939877,-0.0939877,-0.0250847
M,0.0633442,-0.0978161,-0.0978161,-0.0344719
M,0.0607041,-0.110199,-0.110199,-0.0494952
M,0.0889992,-0.084892,-0.084892,0.00410721
M,-0.37731,-0.124019,-0.124019,-0.501329
M,0.0880805,-0.0971138,-0.0971138,-0.0090333
M,0.0214553,-0.0978161,-0.0978161,-0.0763608
M,0.194419,-0.124019,-0.124019,0.0704004
M,0.321363,-0.104617,-0.104617,0.216746
M,-0.129457,-0.0637851,-0.0637851,-0.193242
M,-0.0630895,-0.161272,-0.161272,-0.224361
M,0.312053,-0.0939877,-0.0939877,0.218065
M,0.248062,-0.0273303,-0.0273303,0.220732
M,-0.0598162,-0.110199,-0.110199,-0.170016
M,-0.0378566,-0.084892,-0.084892,-0.122749
M,0.172996,-0.0666251,-0.0666251,0.106371
M,-0.0833781,-0.145694,-0.145694,-0.229072
M,0.0682129,-0.0112959,-0.0112959,0.0569171
M,0.488901,-0.0858016,-0.0858016,0.403099
M,-0.099832,-0.0375874,-0.0375874,-0.137419
M,0.217194,-0.124019,-0.124019,0.093175
M,0.00730799,-0.0939877,-0.0939877,-0.0866797
M,0.148867,-0.0971138,-0.0971138,0.0517531
M,-0.0795367,-0.0978161,-0.0978161,-0.177353
M,0.220631,-0.110199,-0.110199,0.110431
M,-0.114317,-0.0939877,-0.0939877,-0.208304
M,-0.0107578,-0.0939877,-0.0939877,-0.104746
M,-0.0188315,-0.161272,-0.161272,-0.180103
M,-0.0176044,-0.104883,-0.104883,-0.122488
M,0.137595,-0.0939877,-0.0939877,0.0436073
M,0.258729,-0.110199,-0.110199,0.14853
M,-0.014025,-0.113129,-0.113129,-0.127154
M,0.115193,-0.145694,-0.145694,-0.030501
M,0.441946,-0.0939877,-0.0939877,0.347959
M,0.266128,-0.0628206,-0.0628206,0.203307
M,0.0863323,-0.084892,-0.084892,0.00144023
M,0.138834,-0.0666251,-0.0666251,0.0722089
M,0.257939,-0.110199,-0.110199,0.14774
M,-0.0190267,-0.110199,-0.110199,-0.129226
M,0.145302,-0.104617,-0.104617,0.0406853
M,-0.173998,-0.084892,-0.084892,-0.25889
M,0.00188493,-0.161272,-0.161272,-0.159387
M,-0.0600126,-0.144734,-0.144734,-0.204746
M,-0.0749015,-0.0939877,-0.0939877,-0.168889
M,0.237454,-0.124019,-0.124019,0.113435
M,0.2556,-0.145694,-0.145694,0.109906
M,0.0226722,-0.0541514,-0.0541514,-0.0314793
M,0.0236808,-0.145694,-0.145694,-0.122013
M,0.0336719,-0.0978161,-0.0978161,-0.0641442
M,0.277904,-0.145694,-0.145694,0.13221
M,0.216383,-0.0939877,-0.0939877,0.122395
M,0.0581305,-0.161272,-0.161272,-0.103141
M,0.0968252,-0.124019,-0.124019,-0.0271933
M,-0.147022,-0.0813209,-0.0813209,-0.228343
M,-0.166898,-0.145694,-0.145694,-0.312592
M,0.0571737,-0.0740763,-0.0740763,-0.0169025
M,-0.00359615,-0.084892,-0.084892,-0.0884882
M,0.114138,-0.0858016,-0.0858016,0.0283368
M,0.362568,-0.0939877,-0.0939877,0.26858
M,-0.192524,-0.0939877,-0.0939877,-0.286511
M,0.151181,-0.145694,-0.145694,0.00548746
M,0.341626,-0.145694,-0.145694,0.195932
M,0.146191,-0.124019,-0.124019,0.0221725
M,-0.166119,-0.113129,-0.113129,-0.279248
M,0.175709,-0.0494694,-0.0494694,0.126239
M,0.00617909,-0.0273303,-0.0273303,-0.0211512
M,0.0346992,-0.0494694,-0.0494694,-0.0147702
M,0.173684,-0.145694,-0.145694,0.0279904
M,0.0745107,-0.084892,-0.084892,-0.0103814
M,0.0474348,-0.124019,-0.124019,-0.0765837
M,0.297378,-0.084892,-0.084892,0.212486
M,-0.044038,-0.124019,-0.124019,-0.168056
M,0.146272,-0.161272,-0.161272,-0.015
M,-0.183821,-0.145694,-0.145694,-0.329515
M,-0.0331442,-0.084892,-0.084892,-0.118036
M,0.277304,-0.0262305,-0.0262305,0.251074
M,0.124656,-0.161272,-0.161272,-0.036616
M,-0.0537232,-0.110199,-0.110199,-0.163923
M,0.0920295,-0.0978161,-0.0978161,-0.00578667
M,0.0982703,-0.124019,-0.124019,-0.0257482
M,0.357272,-0.161272,-0.161272,0.196
M,0.0063412,-0.084892,-0.084892,-0.0785508
M,0.055258,-0.110199,-0.110199,-0.0549413
M,0.19059,-0.110199,-0.110199,0.0803907
M,0.158377,-0.0273303,-0.0273303,0.131046
M,0.0021816,-0.0978161,-0.0978161,-0.0956345
M,-0.11642,-0.0637851,-0.0637851,-0.180205
M,0.379217,-0.0273303,-0.0273303,0.351886
M,0.0823384,-0.0939877,-0.0939877,-0.0116493
M,0.123273,-0.161272,-0.161272,-0.0379988
M,-0.0975771,-0.0266733,-0.0266733,-0.12425
M,0.618079,-0.104883,-0.104883,0.513195
M,-0.00843347,-0.145694,-0.145694,-0.154127
M,0.249395,-0.084892,-0.084892,0.164503
M,0.222784,-0.0979191,-0.0979191,0.124865
M,-0.0586865,-0.145694,-0.145694,-0.204381
M,-0.0655211,-0.0939877,-0.0939877,-0.159509
M,0.117569,-0.084892,-0.084892,0.0326774
M,-0.250629,-0.104617,-0.104617,-0.355246
M,0.115374,-0.104617,-0.104617,0.0107576
M,-0.0630936,-0.161272,-0.161272,-0.224365
M,0.175906,-0.101611,-0.101611,0.0742946
M,0.230583,-0.144734,-0.144734,0.0858497
M,0.00263045,-0.084892,-0.084892,-0.0822616
M,0.158162,-0.0939877,-0.0939877,0.0641742
M,0.106858,-0.124019,-0.124019,-0.0171607
M,0.26233,-0.0939877,-0.0939877,0.168343
M,0.052112,-0.124019,-0.124019,-0.0719065
M,0.349504,-0.0637851,-0.0637851,0.285719
M,0.0181283,-0.084892,-0.084892,-0.0667637
M,0.138792,-0.0978161,-0.0978161,0.0409755
M,0.586338,-0.031657,-0.031657,0.554681
M,0.401629,-0.0939877,-0.0939877,0.307642
M,-0.0549002,-0.145694,-0.145694,-0.200594
M,0.046814,-0.084892,-0.084892,-0.038078
M,0.0558881,-0.124019,-0.124019,-0.0681304
M,-0.00395189,-0.0939877,-0.0939877,-0.0979396
M,0.0372109,-0.084892,-0.084892,-0.0476811
M,-0.181819,-0.161272,-0.161272,-0.343091
M,0.178856,-0.104883,-0.104883,0.0739732
M,0.272694,-0.145694,-0.145694,0.127
M,-0.00861281,-0.0939877,-0.0939877,-0.102601
M,0.246002,-0.0939877,-0.0939877,0.152014
M,-0.0636958,-0.0666251,-0.0666251,-0.130321
M,0.39018,-0.0666251,-0.0666251,0.323555
M,-0.0752463,-0.161272,-0.161272,-0.236518
M,-0.0517467,-0.145694,-0.145694,-0.197441
M,0.0386417,-0.0939877,-0.0939877,-0.055346
M,0.0907473,-0.124019,-0.124019,-0.0332712
M,0.0623369,-0.0939877,-0.0939877,-0.0316509
M,-0.0908738,-0.0978161,-0.0978161,-0.18869
M,-0.05391,-0.0273303,-0.0273303,-0.0812403
M,0.0150715,-0.0262305,-0.0262305,-0.0111591
M,0.0928338,-0.0813209,-0.0813209,0.0115129
M,0.205125,-0.124019,-0.124019,0.0811061
M,-0.00579641,-0.145694,-0.145694,-0.15149
M,-0.0300883,-0.101317,-0.101317,-0.131405
M,0.290288,-0.0978161,-0.0978161,0.192472
M,0.153348,-0.0939877,-0.0939877,0.0593599
M,0.00688359,-0.161272,-0.161272,-0.154388
M,0.0357512,-0.124019,-0.124019,-0.0882673
M,-0.0377342,-0.124019,-0.124019,-0.161753
M,0.00394833,-0.0939877,-0.0939877,-0.0900394
M,0.0849293,-0.0939877,-0.0939877,-0.00905846
M,0.0412407,-0.124019,-0.124019,-0.0827778
M,0.195921,-0.104883,-0.104883,0.0910383
M,0.211469,-0.084892,-0.084892,0.126576
M,-0.0782777,-0.0637851,-0.0637851,-0.142063
M,-0.0259972,-0.15089,-0.15089,-0.176887
M,0.159884,-0.144734,-0.144734,0.0151498
M,0.153774,-0.0939877,-0.0939877,0.0597865
M,-0.212376,-0.110199,-0.110199,-0.322575
M,0.36332,-0.124019,-0.124019,0.239301
M,-0.19567,-0.0273303,-0.0273303,-0.223
M,0.274713,-0.101317,-0.101317,0.173396
M,0.401017,-0.0978161,-0.0978161,0.303201
M,-0.0455446,-0.0939877,-0.0939877,-0.139532
M,-0.0960954,-0.124019,-0.124019,-0.220114
M,0.279028,-0.124019,-0.124019,0.15501
M,0.070613,-0.084892,-0.084892,-0.014279
M,-0.0893634,-0.124019,-0.124019,-0.213382
M,-0.104953,-0.0494694,-0.0494694,-0.154423
M,0.0666073,-0.0637851,-0.0637851,0.00282213
M,0.224423,-0.144734,-0.144734,0.0796896
M,0.0822185,-0.140899,-0.140899,-0.0586806
M,0.220658,-0.0978161,-0.0978161,0.122842
M,-0.0605791,-0.144734,-0.144734,-0.205313
M,0.122802,-0.124019,-0.124019,-0.00121604
M,0.204968,-0.124019,-0.124019,0.0809495
M,0.28976,-0.144734,-0.144734,0.145027
M,0.0490135,-0.110199,-0.110199,-0.0611858
M,-0.140673,-0.104617,-0.104617,-0.245289
M,0.190712,-0.200104,-0.200104,-0.00939228
M,0.269964,-0.0262305,-0.0262305,0.243733
M,0.042152,-0.0939877,-0.0939877,-0.0518357
M,-0.333872,-0.0632656,-0.0632656,-0.397138
M,-0.222581,-0.145694,-0.145694,-0.368275
M,0.340093,-0.145694,-0.145694,0.194399
M,0.3605,-0.124019,-0.124019,0.236481
M,0.134754,-0.0632656,-0.0632656,0.0714881
M,0.298729,-0.0813209,-0.0813209,0.217408
M,-0.0950929,-0.0273303,-0.0273303,-0.122423
M,0.0476828,-0.0666251,-0.0666251,-0.0189424
M,0.0683202,-0.0939877,-0.0939877,-0.0256675
M,0.120557,-0.0939877,-0.0939877,0.0265691
M,-0.382879,-0.0273303,-0.0273303,-0.41021
M,0.151033,-0.0939877,-0.0939877,0.0570454
M,-0.350423,-0.0858016,-0.0858016,-0.436224
M,0.10202,-0.124019,-0.124019,-0.0219987
M,-0.356504,-0.084892,-0.084892,-0.441396
M,0.0386146,-0.101317,-0.101317,-0.0627023
M,0.0525575,-0.145694,-0.145694,-0.0931365
M,0.234473,-0.110199,-0.110199,0.124274
M,0.0697328,-0.145694,-0.145694,-0.0759612
M,-0.0342311,-0.0262305,-0.0262305,-0.0604616
M,0.172534,-0.0666251,-0.0666251,0.105909
M,0.185148,-0.110199,-0.110199,0.0749486
M,0.139109,-0.0939877,-0.0939877,0.0451216
M,0.0126718,-0.144734,-0.144734,-0.132062
M,0.288539,-0.0666251,-0.0666251,0.221914
M,-0.0749955,-0.145694,-0.145694,-0.22069
M,0.259363,-0.145694,-0.145694,0.113669
M,0.0731623,-0.104883,-0.104883,-0.0317208
M,-0.143026,-0.0939877,-0.0939877,-0.237014
M,0.0391203,-0.113129,-0.113129,-0.074009
M,0.303704,-0.104883,-0.104883,0.198821
M,-0.271231,-0.104617,-0.104617,-0.375848
M,0.310392,-0.0939877,-0.0939877,0.216405
M,0.207446,-0.0939877,-0.0939877,0.113458
M,-0.0111274,-0.124019,-0.124019,-0.135146
M,0.185324,-0.0978161,-0.0978161,0.0875079
M,0.382192,-0.031657,-0.031657,0.350535
M,0.136525,-0.084892,-0.084892,0.0516326
M,0.146642,-0.0939877,-0.0939877,0.0526548
M,0.134243,-0.0939877,-0.0939877,0.0402552
M,0.0452886,-0.0813209,-0.0813209,-0.0360323
M,0.373589,-0.0978161,-0.0978161,0.275773
M,0.189039,-0.104617,-0.104617,0.0844223
M,-0.146778,-0.124019,-0.124019,-0.270797
M,0.137533,-0.161272,-0.161272,-0.0237385
M,-0.0831607,-0.124019,-0.124019,-0.207179
M,0.11125,-0.145694,-0.145694,-0.034444
M,0.0809208,-0.104617,-0.104617,-0.0236961
M,0.13418,-0.0978161,-0.0978161,0.0363636
M,0.161995,-0.161272,-0.161272,0.000723655
M,-0.0489209,-0.0541514,-0.0541514,-0.103072
M,0.00281886,-0.124019,-0.124019,-0.1212
M,0.0950949,-0.0978161,-0.0978161,-0.0027212
M,0.151686,-0.104617,-0.104617,0.0470692
M,0.274175,-0.132284,-0.132284,0.141891
M,0.237445,-0.0813209,-0.0813209,0.156124
M,0.324758,-0.161272,-0.161272,0.163487
M,0.15025,-0.145694,-0.145694,0.0045556
M,-0.233528,-0.084892,-0.084892,-0.31842
M,0.27469,-0.0939877,-0.0939877,0.180702
M,0.185618,-0.145694,-0.145694,0.0399243
M,-0.0312338,-0.084892,-0.084892,-0.116126
M,0.309342,-0.124019,-0.124019,0.185323
M,0.224992,-0.0813209,-0.0813209,0.143671
M,0.212418,-0.084892,-0.084892,0.127526
M,0.315526,-0.104617,-0.104617,0.210909
M,0.0763598,-0.0262305,-0.0262305,0.0501293
M,0.0469384,-0.084892,-0.084892,-0.0379536
M,0.302161,-0.104617,-0.104617,0.197544
M,-0.205056,-0.140899,-0.140899,-0.345955
M,0.223981,-0.104617,-0.104617,0.119364
M,0.0878322,-0.0740763,-0.0740763,0.013756
M,0.148335,-0.0939877,-0.0939877,0.0543474
M,0.291836,-0.145694,-0.145694,0.146142
M,0.15527,-0.0939877,-0.0939877,0.0612823
M,0.303297,-0.104617,-0.104617,0.19868
M,-0.0169579,-0.140899,-0.140899,-0.157857
M,0.364122,-0.104617,-0.104617,0.259506
M,0.538193,-0.124019,-0.124019,0.414174
M,-0.0924249,-0.0836005,-0.0836005,-0.176025
M,-0.0130969,-0.145694,-0.145694,-0.158791
M,-0.00352847,-0.110199,-0.110199,-0.113728
M,0.00120309,0.0158038,0.0158038,0.0170069
M,0.438624,-0.101317,-0.101317,0.337307
M,-0.0625119,-0.145694,-0.145694,-0.208206
M,0.351915,-0.161272,-0.161272,0.190643
M,0.286286,-0.0666251,-0.0666251,0.219661
M,0.0111302,-0.140493,-0.140493,-0.129363
M,0.0429508,-0.161272,-0.161272,-0.118321
M,0.197013,-0.0939877,-0.0939877,0.103025
M,-0.0639537,-0.124019,-0.124019,-0.187972
M,0.0995559,-0.145694,-0.145694,-0.0461381
M,0.0968386,-0.124019,-0.124019,-0.0271799
M,0.109244,-0.0939877,-0.0939877,0.0152566
M,0.261991,-0.0939877,-0.0939877,0.168003
M,-0.0752079,-0.0112959,-0.0112959,-0.0865037
M,0.384491,-0.031657,-0.031657,0.352834
M,-0.148532,-0.124019,-0.124019,-0.272551
M,0.0609602,-0.0632656,-0.0632656,-0.00230542
M,0.20652,-0.132284,-0.132284,0.0742351
M,0.377873,-0.0939877,-0.0939877,0.283885
M,0.20316,-0.0603837,-0.0603837,0.142777
M,-0.219597,-0.104883,-0.104883,-0.32448
M,0.289111,-0.0541514,-0.0541514,0.234959
M,0.462353,-0.124019,-0.124019,0.338335
M,0.0838004,-0.124019,-0.124019,-0.0402181
M,-0.22242,-0.078104,-0.078104,-0.300524
M,0.464804,-0.0939877,-0.0939877,0.370816
M,0.349963,-0.132284,-0.132284,0.217679
M,0.132862,-0.0939877,-0.0939877,0.0388739
M,0.332211,-0.145694,-0.145694,0.186517
M,-0.065458,-0.0666251,-0.0666251,-0.132083
M,0.0369884,-0.124019,-0.124019,-0.0870301
M,0.189133,-0.0813209,-0.0813209,0.107812
M,0.123412,-0.0939877,-0.0939877,0.0294239
M,0.0712846,-0.084892,-0.084892,-0.0136074
M,0.178446,-0.0939877,-0.0939877,0.0844584
M,-0.534372,-0.110199,-0.110199,-0.644571
M,0.0953149,-0.104617,-0.104617,-0.00930194
M,0.130918,-0.104617,-0.104617,0.0263012
M,0.0889681,-0.145694,-0.145694,-0.0567259
M,0.0788203,-0.104617,-0.104617,-0.0257965
M,-0.420905,-0.124019,-0.124019,-0.544923
M,-0.165165,-0.0628206,-0.0628206,-0.227986
M,0.0968263,-0.0939877,-0.0939877,0.00283853
M,-0.127696,-0.0978161,-0.0978161,-0.225512
M,0.217433,-0.104883,-0.104883,0.11255
M,0.0118714,-0.0637851,-0.0637851,-0.0519137
M,0.291165,-0.145694,-0.145694,0.145471
M,0.399419,-0.0273303,-0.0273303,0.372088
M,0.352687,-0.110199,-0.110199,0.242488
M,0.228598,-0.124019,-0.124019,0.10458
M,0.0376816,-0.0666251,-0.0666251,-0.0289435
M,-0.00142476,-0.110199,-0.110199,-0.111624
M,-0.059772,-0.101611,-0.101611,-0.161384
M,0.412162,-0.145694,-0.145694,0.266468
M,0.142131,-0.145694,-0.145694,-0.00356265
M,-0.0496056,-0.0939877,-0.0939877,-0.143593
M,0.313308,-0.161272,-0.161272,0.152037
M,0.109866,-0.0273303,-0.0273303,0.0825356
M,0.0396614,-0.0494694,-0.0494694,-0.00980798
M,0.431908,-0.124019,-0.124019,0.30789
M,0.162419,-0.0939877,-0.0939877,0.0684315
M,0.351554,-0.124019,-0.124019,0.227535
M,-0.0794218,-0.0813209,-0.0813209,-0.160743
M,-0.0986825,-0.084892,-0.084892,-0.183575
M,0.266484,-0.144734,-0.144734,0.12175
M,0.152793,-0.0939877,-0.0939877,0.0588056
M,0.245106,-0.0939877,-0.0939877,0.151118
M,-0.0155869,-0.145694,-0.145694,-0.161281
M,-0.0201998,-0.0266733,-0.0266733,-0.0468731
M,-0.0294043,-0.124019,-0.124019,-0.153423
M,0.336493,-0.0813209,-0.0813209,0.255172
M,0.215271,-0.0858016,-0.0858016,0.12947
M,-0.0921175,-0.0939877,-0.0939877,-0.186105
M,0.159171,-0.101611,-0.101611,0.0575598
M,0.103679,-0.0939877,-0.0939877,0.00969177
M,-0.151822,-0.124019,-0.124019,-0.27584
M,-0.116109,-0.0112959,-0.0112959,-0.127405
M,0.0442897,-0.0666251,-0.0666251,-0.0223354
M,-0.0484274,-0.031657,-0.031657,-0.0800844
M,0.265866,-0.145694,-0.145694,0.120172
M,0.309151,-0.0273303,-0.0273303,0.28182
M,0.284247,-0.140899,-0.140899,0.143348
M,0.185015,-0.0939877,-0.0939877,0.0910273
M,-0.00996462,-0.084892,-0.084892,-0.0948566
M,0.0275842,-0.0813209,-0.0813209,-0.0537367
M,-0.0237462,-0.0978161,-0.0978161,-0.121562
M,-0.267432,-0.124019,-0.124019,-0.391451
M,0.0837378,-0.104617,-0.104617,-0.0208791
M,0.18749,-0.084892,-0.084892,0.102597
M,0.414402,-0.145694,-0.145694,0.268708
M,0.319884,-0.145694,-0.145694,0.17419
M,0.0989944,-0.145694,-0.145694,-0.0466996
M,0.127603,-0.0971138,-0.0971138,0.0304889
M,0.0156828,-0.145694,-0.145694,-0.130011
M,0.0233745,-0.084892,-0.084892,-0.0615175
M,0.0158182,-0.0978161,-0.0978161,-0.0819979
M,0.214806,-0.0740763,-0.0740763,0.140729
M,0.00510539,-0.0978161,-0.0978161,-0.0927107
M,0.0379734,-0.0262305,-0.0262305,0.0117429
M,0.138205,-0.104617,-0.104617,0.0335883
M,0.251371,-0.084892,-0.084892,0.166479
M,0.427349,-0.161272,-0.161272,0.266077
M,0.334614,-0.0939877,-0.0939877,0.240627
M,0.038838,-0.0979191,-0.0979191,-0.0590811
M,0.396346,-0.15089,-0.15089,0.245456
M,0.324271,-0.124019,-0.124019,0.200252
M,0.134011,-0.161272,-0.161272,-0.0272604
M,0.31099,-0.113129,-0.113129,0.19786
M,0.210637,-0.110199,-0.110199,0.100438
M,-0.233948,-0.104883,-0.104883,-0.338831
M,0.187588,-0.104617,-0.104617,0.0829715
M,0.372225,-0.0273303,-0.0273303,0.344894
M,-0.191037,-0.110199,-0.110199,-0.301236
M,0.295122,-0.0939877,-0.0939877,0.201135
M,0.047259,-0.161272,-0.161272,-0.114013
M,0.511179,-0.161272,-0.161272,0.349907
M,-0.0797002,-0.145694,-0.145694,-0.225394
M,0.0411363,-0.084892,-0.084892,-0.0437557
M,0.064768,-0.0262305,-0.0262305,0.0385375
M,0.0502591,-0.110199,-0.110199,-0.0599401
M,0.109302,-0.0273303,-0.0273303,0.0819712
M,-0.103654,-0.0666251,-0.0666251,-0.170279
M,0.0647261,-0.145694,-0.145694,-0.0809679
M,0.4507,-0.0494694,-0.0494694,0.40123
M,0.356863,-0.084892,-0.084892,0.271971
M,0.487108,-0.0939877,-0.0939877,0.39312
M,-0.213876,-0.104617,-0.104617,-0.318493
M,-0.0323669,-0.0262305,-0.0262305,-0.0585974
M,-0.184574,-0.0112959,-0.0112959,-0.19587
M,-0.131815,-0.110199,-0.110199,-0.242014
M,0.331955,-0.110199,-0.110199,0.221756
M,0.151071,-0.161272,-0.161272,-0.0102013
M,0.103364,-0.0939877,-0.0939877,0.00937662
M,-0.266576,-0.0740763,-0.0740763,-0.340653
M,0.276473,-0.140899,-0.140899,0.135574
M,0.0823821,-0.0978161,-0.0978161,-0.0154341
M,-0.0614283,-0.0813209,-0.0813209,-0.142749
M,-0.24936,-0.0628206,-0.0628206,-0.31218
M,0.324246,-0.104617,-0.104617,0.219629
M,-0.0924076,-0.084892,-0.084892,-0.1773
M,0.500483,-0.0979191,-0.0979191,0.402564
M,-0.0487497,-0.124019,-0.124019,-0.172768
M,0.40405,-0.124019,-0.124019,0.280031
M,-0.105984,-0.124019,-0.124019,-0.230003
M,0.168414,-0.0978161,-0.0978161,0.0705979
M,0.527387,-0.0939877,-0.0939877,0.433399
M,0.151712,-0.104617,-0.104617,0.0470949
M,-0.116307,-0.124019,-0.124019,-0.240326
M,0.130253,-0.161272,-0.161272,-0.0310186
M,-0.375726,-0.0494694,-0.0494694,-0.425195
M,-0.038559,-0.0858016,-0.0858016,-0.124361
M,0.203212,-0.0939877,-0.0939877,0.109224
M,0.0710324,-0.145694,-0.145694,-0.0746616
M,-0.0534008,-0.104617,-0.104617,-0.158018
M,0.205266,-0.101317,-0.101317,0.103949
M,0.164231,-0.0666251,-0.0666251,0.0976058
M,0.247862,-0.0637851,-0.0637851,0.184077
M,0.243065,-0.0813209,-0.0813209,0.161744
M,-0.14064,-0.0971138,-0.0971138,-0.237753
M,-0.0806134,-0.161272,-0.161272,-0.241885
M,0.37272,-0.110199,-0.110199,0.26252
M,0.418611,-0.0836005,-0.0836005,0.335011
M,0.0329791,-0.0666251,-0.0666251,-0.0336461
M,0.329022,-0.0637851,-0.0637851,0.265237
M,0.0324791,-0.124019,-0.124019,-0.0915394
M,0.161435,-0.0813209,-0.0813209,0.0801137
M,0.521929,-0.104617,-0.104617,0.417313
M,-0.0237952,-0.0939877,-0.0939877,-0.117783
M,0.0702827,-0.145694,-0.145694,-0.0754113
M,-0.0907985,-0.0971138,-0.0971138,-0.187912
M,-0.173937,-0.104617,-0.104617,-0.278553
M,0.201806,-0.104617,-0.104617,0.0971888
M,0.233223,-0.124019,-0.124019,0.109205
M,0.121245,-0.0813209,-0.0813209,0.0399243
M,0.210867,-0.145694,-0.145694,0.0651734
M,0.225836,-0.161272,-0.161272,0.0645644
M,-0.00388247,-0.0813209,-0.0813209,-0.0852034
M,0.133605,-0.0939877,-0.0939877,0.0396173
M,0.283766,-0.145694,-0.145694,0.138072
M,-0.102721,-0.0273303,-0.0273303,-0.130051
M,-0.108454,-0.145694,-0.145694,-0.254148
M,0.0460711,-0.084892,-0.084892,-0.038821
M,-0.178035,-0.124019,-0.124019,-0.302053
M,-0.122077,-0.0939877,-0.0939877,-0.216065
M,0.104482,-0.0273303,-0.0273303,0.0771519
M,0.0978278,-0.144734,-0.144734,-0.0469059
M,0.158078,-0.110199,-0.110199,0.0478782
M,0.471167,-0.161272,-0.161272,0.309895
M,-0.0727996,-0.104617,-0.104617,-0.177416
M,0.327931,-0.084892,-0.084892,0.243039
M,0.193864,-0.084892,-0.084892,0.108972
M,0.0896543,-0.084892,-0.084892,0.00476227
M,0.061986,-0.124019,-0.124019,-0.0620325
M,0.422728,-0.104617,-0.104617,0.318111
M,0.120873,-0.110199,-0.110199,0.0106733
M,0.0340194,-0.104617,-0.104617,-0.0705974
M,0.167807,-0.104883,-0.104883,0.0629242
M,0.52036,-0.124019,-0.124019,0.396341
M,0.158391,-0.0740763,-0.0740763,0.0843147
M,-0.0651017,-0.145694,-0.145694,-0.210796
M,0.0475235,-0.161272,-0.161272,-0.113748
M,-0.0955457,-0.119319,-0.119319,-0.214864
M,-0.175501,-0.0666251,-0.0666251,-0.242126
M,0.547565,-0.124019,-0.124019,0.423546
M,-0.0739235,-0.0939877,-0.0939877,-0.167911
M,-0.0939581,-0.124019,-0.124019,-0.217977
M,0.318248,-0.0939877,-0.0939877,0.224261
M,0.375789,-0.0813209,-0.0813209,0.294468
M,-0.0173445,-0.124019,-0.124019,-0.141363
M,0.281881,-0.161272,-0.161272,0.120609
M,0.00473167,-0.0262305,-0.0262305,-0.0214989
M,0.377885,-0.0939877,-0.0939877,0.283897
M,0.337435,-0.145694,-0.145694,0.191741
M,0.338946,-0.145694,-0.145694,0.193252
M,0.201947,-0.145694,-0.145694,0.0562526
M,0.0372524,-0.104617,-0.104617,-0.0673644
M,0.308313,-0.104617,-0.104617,0.203696
M,0.103208,-0.104883,-0.104883,-0.00167476
M,-0.0231721,-0.0813209,-0.0813209,-0.104493
M,-0.0422931,-0.0978161,-0.0978161,-0.140109
M,-0.306319,-0.0979191,-0.0979191,-0.404238
M,0.513785,-0.084892,-0.084892,0.428893
M,0.540544,-0.0813209,-0.0813209,0.459223
M,-0.129044,-0.0939877,-0.0939877,-0.223031
M,-0.223773,-0.124019,-0.124019,-0.347792
M,0.173847,-0.132284,-0.132284,0.041563
M,0.1578,-0.0740763,-0.0740763,0.0837232
M,0.0628242,-0.124019,-0.124019,-0.0611943
M,0.253515,-0.145694,-0.145694,0.107821
M,-0.00223415,-0.0971138,-0.0971138,-0.0993479
M,0.106793,-0.145694,-0.145694,-0.0389011
M,0.465736,-0.0939877,-0.0939877,0.371748
M,-0.335487,-0.084892,-0.084892,-0.420379
M,0.219689,-0.0273303,-0.0273303,0.192358
M,-0.137329,-0.161272,-0.161272,-0.298601
M,-0.180597,-0.145694,-0.145694,-0.326291
M,-0.0992042,-0.0939877,-0.0939877,-0.193192
M,0.0793213,-0.0113123,-0.0113123,0.068009
M,0.103615,-0.110199,-0.110199,-0.00658426
M,-0.0270805,-0.0939877,-0.0939877,-0.121068
M,-0.0358786,-0.104617,-0.104617,-0.140495
M,0.0881741,-0.124019,-0.124019,-0.0358444
M,0.575863,-0.124019,-0.124019,0.451844
M,0.358264,-0.161272,-0.161272,0.196992
M,0.306213,-0.031657,-0.031657,0.274556
M,0.116776,-0.124019,-0.124019,-0.00724298
M,-0.0856568,-0.0273303,-0.0273303,-0.112987
M,0.366587,-0.0740763,-0.0740763,0.292511
M,0.373229,-0.161272,-0.161272,0.211957
M,0.161411,-0.124019,-0.124019,0.0373928
M,-0.256411,-0.0273303,-0.0273303,-0.283741
M,0.0558671,-0.145694,-0.145694,-0.0898269
M,0.216704,-0.0494694,-0.0494694,0.167235
M,-0.114534,-0.124019,-0.124019,-0.238552
M,-0.0726653,-0.144734,-0.144734,-0.217399
M,0.069035,-0.145694,-0.145694,-0.076659
M,0.398384,-0.0978161,-0.0978161,0.300568
M,0.285414,-0.0494694,-0.0494694,0.235945
M,0.274151,-0.0541514,-0.0541514,0.219999
M,0.452736,-0.145694,-0.145694,0.307042
M,-0.0913255,-0.104617,-0.104617,-0.195942
M,0.487265,-0.124019,-0.124019,0.363246
M,-0.110343,-0.145694,-0.145694,-0.256037
M,-0.0380831,-0.0273303,-0.0273303,-0.0654134
M,0.292375,-0.0939877,-0.0939877,0.198387
M,0.21421,-0.145694,-0.145694,0.0685164
M,0.395769,-0.0486518,-0.0486518,0.347118
M,-0.0916064,-0.124019,-0.124019,-0.215625
M,0.151526,-0.145694,-0.145694,0.00583153
M,0.179051,-0.0112959,-0.0112959,0.167755
M,0.0697451,-0.145694,-0.145694,-0.0759489
M,0.373629,-0.0262305,-0.0262305,0.347398
M,0.139343,-0.124019,-0.124019,0.0153245
M,-0.0385443,-0.132284,-0.132284,-0.170829
M,0.476869,-0.145694,-0.145694,0.331175
M,0.401239,-0.0939877,-0.0939877,0.307251
M,-0.00868681,-0.0939877,-0.0939877,-0.102675
M,0.454097,-0.031657,-0.031657,0.42244
M,-0.149123,-0.084892,-0.084892,-0.234015
M,-0.476892,-0.0273303,-0.0273303,-0.504223
M,0.013672,-0.0813209,-0.0813209,-0.0676489
M,-0.00974207,-0.104617,-0.104617,-0.114359
M,0.0253805,-0.0836005,-0.0836005,-0.05822
M,-0.240138,-0.145694,-0.145694,-0.385832
M,0.346086,-0.110199,-0.110199,0.235887
M,0.0458727,-0.161272,-0.161272,-0.115399
M,0.135391,-0.0939877,-0.0939877,0.0414037
M,0.187753,-0.104617,-0.104617,0.0831365
M,0.103191,-0.124019,-0.124019,-0.0208275
M,-0.0249781,-0.113129,-0.113129,-0.138107
M,-0.0425867,-0.161272,-0.161272,-0.203859
M,-0.11829,-0.110199,-0.110199,-0.228489
M,0.133786,-0.0939877,-0.0939877,0.0397981
M,0.0938484,-0.0112959,-0.0112959,0.0825525
M,0.186561,-0.0262305,-0.0262305,0.16033
M,-0.0165744,-0.145694,-0.145694,-0.162268
M,0.0593533,-0.0541514,-0.0541514,0.00520186
M,0.233094,-0.104883,-0.104883,0.12821
M,0.126068,-0.0273303,-0.0273303,0.0987374
M,0.0249117,-0.144734,-0.144734,-0.119822
M,-0.0219868,-0.104617,-0.104617,-0.126604
M,0.102879,-0.144734,-0.144734,-0.0418548
M,0.499333,-0.0939877,-0.0939877,0.405346
M,0.36922,-0.124019,-0.124019,0.245202
M,0.122885,-0.0273303,-0.0273303,0.0955543
M,-0.262414,-0.0813209,-0.0813209,-0.343735
M,-0.116138,-0.0939877,-0.0939877,-0.210126
M,0.157094,-0.0494694,-0.0494694,0.107625
M,0.251651,-0.0112959,-0.0112959,0.240355
M,0.279344,-0.145694,-0.145694,0.13365
M,0.0706362,-0.161272,-0.161272,-0.0906356
M,0.186569,-0.0494694,-0.0494694,0.1371
M,-0.142876,-0.0813209,-0.0813209,-0.224196
M,0.461461,-0.0273303,-0.0273303,0.434131
M,0.0964751,-0.0939877,-0.0939877,0.00248732
M,0.0591776,-0.104883,-0.104883,-0.0457056
M,0.264515,-0.0813209,-0.0813209,0.183194
M,-0.0331918,-0.0740763,-0.0740763,-0.107268
M,0.124889,-0.0628206,-0.0628206,0.0620682
M,-0.0730214,-0.0637851,-0.0637851,-0.136807
M,0.367435,-0.110199,-0.110199,0.257236
M,-0.330613,-0.124019,-0.124019,-0.454632
M,-0.33519,-0.104617,-0.104617,-0.439807
M,0.123473,-0.0494694,-0.0494694,0.0740034
M,0.519439,-0.101611,-0.101611,0.417827
M,-0.157441,-0.031657,-0.031657,-0.189098
M,0.175852,-0.0813209,-0.0813209,0.0945314
M,0.0720428,-0.0971138,-0.0971138,-0.025071
M,-0.000490558,-0.145694,-0.145694,-0.146185
M,0.13733,-0.104883,-0.104883,0.0324467
M,-0.219478,-0.124019,-0.124019,-0.343497
M,0.198238,-0.140899,-0.140899,0.0573386
M,0.122816,-0.144734,-0.144734,-0.0219174
M,0.148052,-0.0939877,-0.0939877,0.0540647
M,-0.0059417,-0.084892,-0.084892,-0.0908337
M,-0.284655,-0.0978161,-0.0978161,-0.382471
M,0.105758,-0.145694,-0.145694,-0.0399365
M,-0.247461,-0.0939877,-0.0939877,-0.341449
M,0.0638599,-0.0813209,-0.0813209,-0.017461
M,-0.185538,-0.0939877,-0.0939877,-0.279526
M,0.269833,-0.0939877,-0.0939877,0.175845
M,-0.0412762,-0.0262305,-0.0262305,-0.0675068
M,0.0840724,-0.104617,-0.104617,-0.0205445
M,-0.00779616,-0.0666251,-0.0666251,-0.0744213
M,0.157639,-0.0262305,-0.0262305,0.131409
M,-0.0597797,-0.0858016,-0.0858016,-0.145581
M,-0.104513,-0.124019,-0.124019,-0.228532
M,-0.0506373,-0.124019,-0.124019,-0.174656
M,0.126851,-0.0939877,-0.0939877,0.0328633
M,0.139176,-0.124019,-0.124019,0.015158
M,-0.359781,-0.124019,-0.124019,-0.483799
M,-0.32413,-0.084892,-0.084892,-0.409022
M,-0.295868,-0.124019,-0.124019,-0.419886
M,0.270141,-0.0740763,-0.0740763,0.196064
M,0.17744,-0.176189,-0.176189,0.00125075
M,-0.180565,-0.0628206,-0.0628206,-0.243386
M,0.35478,-0.104883,-0.104883,0.249897
M,0.363938,-0.0637851,-0.0637851,0.300152
M,0.0537893,-0.0637851,-0.0637851,-0.00999581
M,-0.133214,-0.124019,-0.124019,-0.257233
M,-0.130347,-0.124019,-0.124019,-0.254366
M,0.182702,-0.110199,-0.110199,0.072503
M,-0.276727,-0.0740763,-0.0740763,-0.350804
M,-0.00502383,-0.124019,-0.124019,-0.129042
M,-0.00596659,-0.0939877,-0.0939877,-0.0999543
M,0.0536537,-0.161272,-0.161272,-0.107618
M,-0.0578677,-0.0813209,-0.0813209,-0.139189
M,-0.231617,-0.145694,-0.145694,-0.377311
M,0.0276324,-0.145694,-0.145694,-0.118062
M,0.222348,-0.0939877,-0.0939877,0.12836
M,0.222114,-0.0939877,-0.0939877,0.128126
M,0.445687,-0.104617,-0.104617,0.34107
M,0.216004,-0.144734,-0.144734,0.0712707
M,-0.0296518,-0.104617,-0.104617,-0.134269
M,-0.00839101,-0.031657,-0.031657,-0.040048
M,0.12492,-0.110199,-0.110199,0.0147208
M,-0.0879817,-0.084892,-0.084892,-0.172874
M,0.132938,-0.0637851,-0.0637851,0.0691533
M,-0.0597621,-0.0637851,-0.0637851,-0.123547
M,0.0323618,-0.104883,-0.104883,-0.0725214
M,-0.186693,-0.0821811,-0.0821811,-0.268874
M,-0.0480368,-0.0939877,-0.0939877,-0.142025
M,-0.251618,-0.140899,-0.140899,-0.392517
M,-0.235204,-0.124019,-0.124019,-0.359223
M,0.338636,-0.0494694,-0.0494694,0.289167
M,-0.122362,-0.0939877,-0.0939877,-0.216349
M,0.220106,-0.0637851,-0.0637851,0.156321
M,0.067899,-0.084892,-0.084892,-0.016993
M,0.225318,-0.0541514,-0.0541514,0.171167
M,0.40938,-0.145694,-0.145694,0.263686
M,0.30948,-0.145694,-0.145694,0.163786
M,0.326958,-0.124019,-0.124019,0.202939
M,0.112112,-0.0273303,-0.0273303,0.084782
M,-0.170736,-0.110199,-0.110199,-0.280935
M,-0.113698,-0.104617,-0.104617,-0.218315
M,0.205356,-0.078104,-0.078104,0.127252
M,0.131416,-0.124019,-0.124019,0.00739775
M,0.0657562,-0.0632656,-0.0632656,0.00249062
M,0.0134753,-0.0939877,-0.0939877,-0.0805124
M,0.0957692,-0.0494694,-0.0494694,0.0462998
M,0.230324,-0.0939877,-0.0939877,0.136337
M,0.440927,-0.0273303,-0.0273303,0.413596
M,0.429409,-0.0978161,-0.0978161,0.331593
M,0.0445433,-0.0939877,-0.0939877,-0.0494444
M,0.0302648,-0.145694,-0.145694,-0.115429
M,0.0899161,-0.0273303,-0.0273303,0.0625858
M,-0.403008,-0.0666251,-0.0666251,-0.469633
M,0.100238,-0.104617,-0.104617,-0.00437835
M,0.0209322,-0.145694,-0.145694,-0.124762
M,0.327929,-0.104883,-0.104883,0.223045
M,-0.0368272,-0.0740763,-0.0740763,-0.110903
M,0.0835714,-0.140899,-0.140899,-0.0573277
M,0.0781234,-0.0979191,-0.0979191,-0.0197957
M,0.166688,-0.145694,-0.145694,0.0209943
M,0.234259,-0.124019,-0.124019,0.11024
M,0.424916,-0.0813209,-0.0813209,0.343595
M,0.0821773,-0.124019,-0.124019,-0.0418412
M,0.10859,-0.104883,-0.104883,0.00370703
M,0.316664,-0.110199,-0.110199,0.206464
M,0.149916,-0.0813209,-0.0813209,0.0685949
M,-0.0326711,-0.110199,-0.110199,-0.14287
M,0.0781886,-0.084892,-0.084892,-0.00670344
M,-0.071913,-0.0939877,-0.0939877,-0.165901
M,0.372317,-0.153829,-0.153829,0.218487
M,0.380611,-0.200104,-0.200104,0.180507
M,-0.206651,-0.0939877,-0.0939877,-0.300638
M,-0.456622,-0.0494694,-0.0494694,-0.506092
M,-0.0300776,-0.0836005,-0.0836005,-0.113678
M,0.118058,-0.0939877,-0.0939877,0.0240707
M,0.380824,-0.140493,-0.140493,0.24033
M,0.0319283,-0.0939877,-0.0939877,-0.0620594
M,0.454702,-0.0273303,-0.0273303,0.427372
M,0.566286,-0.084892,-0.084892,0.481394
M,-0.691988,-0.0813209,-0.0813209,-0.773309
M,0.272195,-0.0939877,-0.0939877,0.178207
M,-0.017604,-0.0740763,-0.0740763,-0.0916803
M,0.186891,-0.124019,-0.124019,0.0628726
M,0.0978344,-0.0813209,-0.0813209,0.0165135
M,0.291906,-0.104883,-0.104883,0.187022
M,0.228081,-0.124019,-0.124019,0.104062
M,0.240212,-0.145694,-0.145694,0.0945181
M,0.289464,-0.104617,-0.104617,0.184847
M,0.283608,-0.113129,-0.113129,0.170479
M,0.269206,-0.0632656,-0.0632656,0.20594
M,-0.18208,-0.145694,-0.145694,-0.327774
M,0.0833901,-0.110199,-0.110199,-0.0268091
M,-0.223097,-0.0939877,-0.0939877,-0.317085
M,-0.146659,-0.0740763,-0.0740763,-0.220735
M,-0.0971684,-0.124019,-0.124019,-0.221187
M,0.22943,-0.0494694,-0.0494694,0.179961
M,0.346747,-0.104617,-0.104617,0.24213
M,0.363437,-0.104617,-0.104617,0.25882
M,-0.0167876,-0.110199,-0.110199,-0.126987
M,0.557213,-0.0637851,-0.0637851,0.493428
M,-0.100248,-0.124019,-0.124019,-0.224266
M,-0.12754,-0.0939877,-0.0939877,-0.221527
M,0.117987,-0.124019,-0.124019,-0.00603181
M,0.148992,-0.110199,-0.110199,0.0387924
M,0.125045,-0.104617,-0.104617,0.0204277
M,0.276077,-0.104617,-0.104617,0.17146
M,0.550431,-0.145694,-0.145694,0.404737
M,0.260784,-0.110199,-0.110199,0.150585
M,0.41131,-0.104617,-0.104617,0.306693
M,-0.0114485,-0.0112959,-0.0112959,-0.0227444
M,-0.0861636,-0.104617,-0.104617,-0.19078
M,0.00799721,-0.0273303,-0.0273303,-0.0193331
M,0.325312,-0.0740763,-0.0740763,0.251235
M,0.0191751,-0.124019,-0.124019,-0.104843
M,0.0960927,-0.101611,-0.101611,-0.00551878
M,0.206251,-0.124019,-0.124019,0.082233
M,-0.106661,-0.0494694,-0.0494694,-0.15613
M,-0.000124953,-0.145694,-0.145694,-0.145819
M,-0.14377,-0.0939877,-0.0939877,-0.237757
M,0.16827,-0.124019,-0.124019,0.0442516
M,0.383372,-0.084892,-0.084892,0.29848
M,-0.0869303,-0.0939877,-0.0939877,-0.180918
M,-0.372106,-0.0978161,-0.0978161,-0.469922
M,0.144677,-0.0273303,-0.0273303,0.117347
M,0.318355,-0.124019,-0.124019,0.194337
M,0.317363,-0.0939877,-0.0939877,0.223375
M,-0.0496373,-0.124019,-0.124019,-0.173656
M,-0.00808252,-0.0939877,-0.0939877,-0.10207
M,0.100356,-0.0813209,-0.0813209,0.0190348
M,-0.231222,-0.0273303,-0.0273303,-0.258553
M,0.237977,-0.0494694,-0.0494694,0.188508
M,0.24758,-0.161272,-0.161272,0.0863087
M,-0.0702161,-0.161272,-0.161272,-0.231488
M,0.00925278,-0.124019,-0.124019,-0.114766
M,0.0102046,-0.104617,-0.104617,-0.0944122
M,-0.490882,-0.104883,-0.104883,-0.595765
M,0.43925,-0.0273303,-0.0273303,0.411919
M,0.293985,-0.0939877,-0.0939877,0.199997
M,0.254453,-0.0858016,-0.0858016,0.168651
M,0.237146,-0.110199,-0.110199,0.126947
M,-0.0422695,-0.0939877,-0.0939877,-0.136257
M,0.223936,-0.145694,-0.145694,0.0782422
M,0.10348,-0.124019,-0.124019,-0.020539
M,0.218627,-0.0939877,-0.0939877,0.124639
M,0.253918,-0.124019,-0.124019,0.129899
M,-0.238983,-0.132284,-0.132284,-0.371268
M,0.275287,-0.124019,-0.124019,0.151269
M,0.0678078,-0.110199,-0.110199,-0.0423915
M,0.131294,-0.104617,-0.104617,0.0266772
M,0.0114791,-0.0637851,-0.0637851,-0.052306
M,-0.0480599,-0.161272,-0.161272,-0.209332
M,-0.0526899,-0.084892,-0.084892,-0.137582
M,0.218696,-0.0494694,-0.0494694,0.169227
M,-0.132196,-0.0637851,-0.0637851,-0.195981
M,0.059036,-0.124019,-0.124019,-0.0649825
M,0.0723624,-0.0273303,-0.0273303,0.0450321
M,0.183658,-0.0978161,-0.0978161,0.0858414
M,-0.202288,-0.0939877,-0.0939877,-0.296276
M,-0.0220151,-0.0939877,-0.0939877,-0.116003
M,-0.0143408,-0.0939877,-0.0939877,-0.108329
M,0.420872,-0.140899,-0.140899,0.279973
M,0.0561403,-0.0666251,-0.0666251,-0.0104848
M,0.207014,-0.0666251,-0.0666251,0.140389
M,0.178538,-0.104617,-0.104617,0.0739208
M,0.117739,-0.0979191,-0.0979191,0.0198202
M,0.00248984,-0.0541514,-0.0541514,-0.0516616
M,0.167715,-0.0939877,-0.0939877,0.0737275
M,0.0784552,-0.0637851,-0.0637851,0.0146701
M,0.134258,-0.078104,-0.078104,0.0561545
M,0.033565,-0.110199,-0.110199,-0.0766343
M,-0.0282393,-0.145694,-0.145694,-0.173933
M,0.33909,-0.078104,-0.078104,0.260986
M,0.298608,-0.104617,-0.104617,0.193991
M,-0.00730076,-0.144734,-0.144734,-0.152035
M,0.0414395,-0.144734,-0.144734,-0.103294
M,-0.055928,-0.124019,-0.124019,-0.179946
M,0.0846915,-0.0632656,-0.0632656,0.0214259
M,-0.120647,-0.0939877,-0.0939877,-0.214635
M,-0.0164374,-0.0637851,-0.0637851,-0.0802226
M,0.118378,-0.145694,-0.145694,-0.0273158
M,0.04719,-0.031657,-0.031657,0.015533
M,-0.296386,-0.124019,-0.124019,-0.420404
M,-0.0535091,-0.124019,-0.124019,-0.177528
M,0.0435829,-0.0486518,-0.0486518,-0.00506891
M,0.178713,-0.0939877,-0.0939877,0.0847257
M,-0.251422,-0.110199,-0.110199,-0.361621
M,0.243663,-0.104617,-0.104617,0.139046
M,0.292074,-0.101611,-0.101611,0.190463
M,0.0487917,-0.124019,-0.124019,-0.0752268
M,-0.179944,-0.161272,-0.161272,-0.341216
M,-0.139018,-0.104617,-0.104617,-0.243635
M,-0.103381,-0.124019,-0.124019,-0.2274
M,-0.403681,-0.110199,-0.110199,-0.513881
M,-0.139345,-0.110199,-0.110199,-0.249544
M,0.145664,-0.110199,-0.110199,0.0354643
M,-0.146251,-0.084892,-0.084892,-0.231143
M,0.0931066,-0.0939877,-0.0939877,-0.000881125
M,-0.0111266,-0.0666251,-0.0666251,-0.0777517
M,0.223551,-0.110199,-0.110199,0.113351
M,0.0232322,-0.0494694,-0.0494694,-0.0262371
M,0.105557,-0.124019,-0.124019,-0.0184617
M,-0.0135779,-0.0112959,-0.0112959,-0.0248737
M,0.431224,-0.0836005,-0.0836005,0.347623
M,0.0899146,-0.0939877,-0.0939877,-0.00407318
M,0.218061,-0.104883,-0.104883,0.113178
M,0.0238469,-0.104617,-0.104617,-0.0807699
M,0.174286,-0.104617,-0.104617,0.0696692
M,0.194845,-0.0273303,-0.0273303,0.167514
M,0.0846513,-0.110199,-0.110199,-0.025548
M,0.430313,-0.084892,-0.084892,0.345421
M,0.170707,-0.0939877,-0.0939877,0.0767196
M,-0.08889,-0.124019,-0.124019,-0.212909
M,-0.327257,-0.145694,-0.145694,-0.472951
M,-0.128978,-0.031657,-0.031657,-0.160635
M,0.0212667,-0.078104,-0.078104,-0.0568373
M,0.397064,-0.124019,-0.124019,0.273045
M,-0.0938889,-0.0273303,-0.0273303,-0.121219
M,0.177833,-0.0813209,-0.0813209,0.0965123
M,-0.0456379,-0.124019,-0.124019,-0.169656
M,0.131288,-0.084892,-0.084892,0.0463963
M,0.169766,-0.0939877,-0.0939877,0.075778
M,0.126886,-0.124019,-0.124019,0.00286757
M,0.477156,-0.145694,-0.145694,0.331462
M,0.144165,-0.110199,-0.110199,0.0339655
M,0.102516,-0.145694,-0.145694,-0.0431776
M,-0.0500067,-0.200104,-0.200104,-0.250111
M,0.190736,-0.0836005,-0.0836005,0.107136
M,-0.197801,-0.145694,-0.145694,-0.343495
M,0.240994,-0.0494694,-0.0494694,0.191525
M,0.199514,-0.084892,-0.084892,0.114622
M,0.396757,-0.144734,-0.144734,0.252023
M,0.135504,-0.124019,-0.124019,0.0114856
M,-0.123384,-0.0637851,-0.0637851,-0.187169
M,-0.0897003,-0.0637851,-0.0637851,-0.153485
M,0.0295849,-0.145694,-0.145694,-0.116109
M,-0.0869685,-0.084892,-0.084892,-0.171861
M,0.0694737,-0.161272,-0.161272,-0.0917981
M,-0.0367035,-0.145694,-0.145694,-0.182398
M,0.125491,-0.161272,-0.161272,-0.0357812
M,0.0818185,-0.145694,-0.145694,-0.0638755
M,0.0519371,-0.104883,-0.104883,-0.052946
M,-0.106667,-0.110199,-0.110199,-0.216866
M,0.143632,-0.0939877,-0.0939877,0.049644
M,-0.280259,-0.124019,-0.124019,-0.404277
M,0.241351,-0.084892,-0.084892,0.156459
M,-0.0446725,-0.124019,-0.124019,-0.168691
M,0.0445327,-0.0273303,-0.0273303,0.0172024
M,0.202013,-0.0666251,-0.0666251,0.135387
M,-0.0240455,-0.0939877,-0.0939877,-0.118033
M,0.0261607,-0.145694,-0.145694,-0.119533
M,0.213709,-0.110199,-0.110199,0.10351
M,0.075102,-0.124019,-0.124019,-0.0489165
M,0.166635,-0.110199,-0.110199,0.0564358
M,0.105349,-0.145694,-0.145694,-0.0403453
M,-0.0483158,-0.124019,-0.124019,-0.172334
M,0.0336356,-0.0939877,-0.0939877,-0.0603521
M,0.296003,-0.084892,-0.084892,0.211111
M,0.239764,-0.0813209,-0.0813209,0.158443
M,0.149677,-0.0637851,-0.0637851,0.0858916
M,0.183394,-0.0939877,-0.0939877,0.0894065
M,-0.179066,-0.0494694,-0.0494694,-0.228535
M,0.42244,-0.0632656,-0.0632656,0.359174
M,-0.139215,-0.104617,-0.104617,-0.243831
M,0.216996,-0.110199,-0.110199,0.106797
M,0.0603022,-0.0541514,-0.0541514,0.00615073
M,0.0126879,-0.0262305,-0.0262305,-0.0135426
M,-0.271904,-0.110199,-0.110199,-0.382103
M,0.0780838,-0.0273303,-0.0273303,0.0507535
M,-0.223312,-0.078104,-0.078104,-0.301416
M,-0.0589857,-0.0637851,-0.0637851,-0.122771
M,0.635477,-0.161272,-0.161272,0.474206
M,-0.111462,-0.140899,-0.140899,-0.252361
M,0.282964,-0.124019,-0.124019,0.158946
M,-0.23061,-0.145694,-0.145694,-0.376304
M,0.303702,-0.124019,-0.124019,0.179684
M,0.215432,-0.124019,-0.124019,0.0914134
M,0.232321,-0.0273303,-0.0273303,0.20499
M,0.129868,-0.104617,-0.104617,0.025251
M,0.396792,-0.145694,-0.145694,0.251098
M,0.0368487,-0.124019,-0.124019,-0.0871698
M,0.0372939,-0.0939877,-0.0939877,-0.0566939
M,-0.0983225,-0.0836005,-0.0836005,-0.181923
M,0.278097,-0.0273303,-0.0273303,0.250766
M,-0.00540769,-0.119319,-0.119319,-0.124726
M,-0.110234,-0.0939877,-0.0939877,-0.204221
M,-0.140617,-0.104617,-0.104617,-0.245234
M,-0.0243549,-0.110199,-0.110199,-0.134554
M,0.279369,-0.140493,-0.140493,0.138876
M,-0.0438029,-0.104617,-0.104617,-0.14842
M,-0.00817368,-0.084892,-0.084892,-0.0930657
M,0.149186,-0.144734,-0.144734,0.00445248
M,-0.197006,-0.124019,-0.124019,-0.321025
M,0.290523,-0.104883,-0.104883,0.18564
M,-0.0151005,-0.161272,-0.161272,-0.176372
M,0.214562,-0.161272,-0.161272,0.0532901
M,-0.124846,-0.0971138,-0.0971138,-0.221959
M,0.120102,-0.161272,-0.161272,-0.0411693
M,0.0931177,-0.0923628,-0.0923628,0.000754828
M,0.288771,-0.161272,-0.161272,0.1275
M,0.0785036,-0.124019,-0.124019,-0.0455149
M,0.343172,-0.124019,-0.124019,0.219153
M,0.385491,-0.0494694,-0.0494694,0.336022
M,0.200169,-0.104617,-0.104617,0.0955526
M,-0.0264811,-0.124019,-0.124019,-0.1505
M,-0.1856,-0.084892,-0.084892,-0.270492
M,0.157996,-0.110199,-0.110199,0.0477962
M,0.220084,-0.161272,-0.161272,0.0588123
M,0.27961,-0.145694,-0.145694,0.133916
M,-0.245591,-0.0813209,-0.0813209,-0.326912
M,0.0634883,-0.0939877,-0.0939877,-0.0304994
M,0.0499294,-0.140493,-0.140493,-0.0905639
M,0.243014,-0.0939877,-0.0939877,0.149027
M,0.00263718,-0.144734,-0.144734,-0.142097
M,0.270744,-0.145694,-0.145694,0.12505
M,0.245724,-0.144734,-0.144734,0.10099
M,0.190684,-0.145694,-0.145694,0.0449903
M,0.310943,-0.0978161,-0.0978161,0.213127
M,-0.157535,-0.0632656,-0.0632656,-0.220801
M,-0.210289,-0.104617,-0.104617,-0.314906
M,0.0665639,-0.104883,-0.104883,-0.0383193
M,-0.170379,-0.0740763,-0.0740763,-0.244456
M,-0.0620386,-0.0813209,-0.0813209,-0.14336
M,-0.0378238,0.0158038,0.0158038,-0.02202
M,0.14037,-0.0494694,-0.0494694,0.090901
M,0.366666,-0.0494694,-0.0494694,0.317197
M,-0.0334157,-0.0813209,-0.0813209,-0.114737
M,-0.114999,-0.161272,-0.161272,-0.276271
M,0.179011,-0.0494694,-0.0494694,0.129542
M,0.0861634,-0.124019,-0.124019,-0.0378551
M,-0.655256,-0.161272,-0.161272,-0.816528
M,0.293295,-0.233524,-0.233524,0.0597708
M,-0.266435,-0.132284,-0.132284,-0.398719
M,0.188995,-0.0494694,-0.0494694,0.139526
M,0.0432333,-0.104883,-0.104883,-0.0616498
M,0.24671,-0.15089,-0.15089,0.0958202
M,0.0743707,-0.0939877,-0.0939877,-0.0196171
M,0.22478,-0.161272,-0.161272,0.063508
M,0.166895,-0.145694,-0.145694,0.0212006
M,-0.00775452,-0.144734,-0.144734,-0.152488
M,0.14364,-0.161272,-0.161272,-0.0176318
M,0.107074,-0.104617,-0.104617,0.00245754
M,0.129323,-0.0939877,-0.0939877,0.0353353
M,0.142994,-0.0494694,-0.0494694,0.0935245
M,0.191271,-0.0632656,-0.0632656,0.128006
M,0.00212226,-0.0813209,-0.0813209,-0.0791986
M,-0.0543919,-0.144734,-0.144734,-0.199126
M,0.225792,-0.0939877,-0.0939877,0.131804
M,0.215436,-0.0978161,-0.0978161,0.11762
M,0.0695571,-0.0273303,-0.0273303,0.0422268
M,0.0809787,-0.0939877,-0.0939877,-0.013009
M,-0.226397,-0.104883,-0.104883,-0.331281
M,-0.082676,-0.0939877,-0.0939877,-0.176664
M,0.0843734,-0.233524,-0.233524,-0.149151
M,0.130635,-0.104883,-0.104883,0.0257518
M,0.0836274,-0.0939877,-0.0939877,-0.0103603
M,0.11361,-0.110199,-0.110199,0.00341064
M,-0.175528,-0.124019,-0.124019,-0.299546
M,0.354079,-0.0858016,-0.0858016,0.268277
M,-0.355348,-0.0273303,-0.0273303,-0.382678
M,0.286754,-0.0939877,-0.0939877,0.192766
M,-0.111683,-0.0273303,-0.0273303,-0.139014
M,0.102825,-0.031657,-0.031657,0.0711677
M,-0.0170348,-0.0494694,-0.0494694,-0.0665041
M,0.0760158,-0.0632656,-0.0632656,0.0127502
M,0.407537,-0.110199,-0.110199,0.297338
M,0.308812,-0.132284,-0.132284,0.176528
M,0.172401,-0.0939877,-0.0939877,0.0784135
M,0.0452669,-0.0979191,-0.0979191,-0.0526522
M,0.165263,-0.0939877,-0.0939877,0.0712754
M,-0.115154,-0.0813209,-0.0813209,-0.196475
M,0.293108,-0.0637851,-0.0637851,0.229323
M,0.245384,-0.140493,-0.140493,0.10489
M,0.227631,-0.0939877,-0.0939877,0.133643
M,0.145596,-0.0813209,-0.0813209,0.0642747
M,0.179713,-0.0666251,-0.0666251,0.113088
M,0.158219,-0.104617,-0.104617,0.0536018
M,-0.178184,-0.0939877,-0.0939877,-0.272172
M,0.119537,-0.145694,-0.145694,-0.0261573
M,0.146774,-0.124019,-0.124019,0.0227557
M,0.017541,-0.145694,-0.145694,-0.128153
M,0.281105,-0.145694,-0.145694,0.135411
M,0.281761,-0.0112959,-0.0112959,0.270466
M,0.137039,-0.0813209,-0.0813209,0.0557184
M,-0.226492,-0.0813209,-0.0813209,-0.307812
M,-0.0626838,-0.145694,-0.145694,-0.208378
M,0.252475,-0.0740763,-0.0740763,0.178399
M,0.361458,-0.161272,-0.161272,0.200186
M,0.364713,-0.161272,-0.161272,0.203441
M,-0.0593489,-0.124019,-0.124019,-0.183367
M,-0.0415488,-0.0939877,-0.0939877,-0.135537
M,-0.0803112,-0.124019,-0.124019,-0.20433
M,0.108952,-0.0632656,-0.0632656,0.0456867
M,0.116692,-0.0939877,-0.0939877,0.0227047
M,-0.171357,-0.104617,-0.104617,-0.275974
M,-0.0893184,-0.0939877,-0.0939877,-0.183306
M,0.0728248,-0.110199,-0.110199,-0.0373745
M,-0.208503,-0.110199,-0.110199,-0.318702
M,-0.0590081,-0.0939877,-0.0939877,-0.152996
M,-0.208245,-0.0939877,-0.0939877,-0.302232
M,0.419966,-0.0939877,-0.0939877,0.325978
M,-0.072882,-0.0939877,-0.0939877,-0.16687
M,0.0922584,-0.0978161,-0.0978161,-0.0055577
M,0.0159706,-0.104617,-0.104617,-0.0886462
M,0.240971,-0.145694,-0.145694,0.0952767
M,0.340397,-0.145694,-0.145694,0.194703
M,0.148405,-0.0939877,-0.0939877,0.0544173
M,0.133919,-0.145694,-0.145694,-0.0117755
M,0.60205,-0.101317,-0.101317,0.500733
M,-0.10036,-0.084892,-0.084892,-0.185252
M,-0.191795,-0.0494694,-0.0494694,-0.241264
M,0.384893,-0.0666251,-0.0666251,0.318267
M,0.166403,-0.124019,-0.124019,0.0423846
M,0.395611,-0.132284,-0.132284,0.263327
M,0.312372,-0.124019,-0.124019,0.188354
M,-0.0564152,-0.145694,-0.145694,-0.202109
M,-0.18074,-0.124019,-0.124019,-0.304758
M,0.234692,-0.0666251,-0.0666251,0.168067
M,0.247897,-0.0939877,-0.0939877,0.153909
M,-0.157322,-0.104883,-0.104883,-0.262205
M,-0.139989,-0.124019,-0.124019,-0.264007
M,0.0154505,-0.0939877,-0.0939877,-0.0785372
M,-0.160507,-0.132284,-0.132284,-0.292791
M,-0.0370135,-0.0273303,-0.0273303,-0.0643438
M,0.101561,-0.144734,-0.144734,-0.0431723
M,0.408504,-0.104617,-0.104617,0.303887
M,0.20829,-0.0939877,-0.0939877,0.114302
M,0.263241,-0.161272,-0.161272,0.101969
M,0.31911,-0.084892,-0.084892,0.234217
M,0.154522,-0.0939877,-0.0939877,0.0605344
M,-0.0040285,-0.145694,-0.145694,-0.149723
M,0.106879,-0.145694,-0.145694,-0.0388151
M,0.346211,-0.110199,-0.110199,0.236012
M,0.243143,-0.084892,-0.084892,0.158251
M,-0.0108734,-0.145694,-0.145694,-0.156567
M,-0.120983,-0.110199,-0.110199,-0.231183
M,0.076095,-0.124019,-0.124019,-0.0479235
M,0.0417049,-0.0637851,-0.0637851,-0.0220803
M,0.0364092,-0.084892,-0.084892,-0.0484828
M,-0.185518,-0.0939877,-0.0939877,-0.279506
M,0.090536,-0.0939877,-0.0939877,-0.00345171
M,0.000332295,-0.0273303,-0.0273303,-0.026998
M,-0.302528,-0.0632656,-0.0632656,-0.365794
M,-0.158366,-0.0813209,-0.0813209,-0.239687
M,-0.0950107,-0.124019,-0.124019,-0.219029
M,0.180148,-0.145694,-0.145694,0.0344542
M,0.00220754,-0.145694,-0.145694,-0.143486
M,0.0260452,-0.132284,-0.132284,-0.106239
M,-0.032692,-0.0113123,-0.0113123,-0.0440044
M,-0.00375723,-0.140899,-0.140899,-0.144656
M,-0.0536514,-0.0978161,-0.0978161,-0.151468
M,0.162213,-0.145694,-0.145694,0.0165192
M,0.0576367,-0.124019,-0.124019,-0.0663818
M,-0.0378012,-0.0112959,-0.0112959,-0.049097
M,0.21471,-0.161272,-0.161272,0.0534385
M,0.0361149,-0.0836005,-0.0836005,-0.0474856
M,0.109074,-0.0375874,-0.0375874,0.0714861
M,0.205328,-0.145694,-0.145694,0.0596335
M,-0.0217458,-0.0939877,-0.0939877,-0.115734
M,0.12465,-0.0494694,-0.0494694,0.0751803
M,0.183309,-0.145694,-0.145694,0.0376145
M,0.165422,-0.161272,-0.161272,0.00415006
M,-0.0438833,-0.161272,-0.161272,-0.205155
M,-0.128645,-0.113129,-0.113129,-0.241774
M,-0.229566,-0.161272,-0.161272,-0.390837
M,0.566976,-0.031657,-0.031657,0.535319
M,0.275949,-0.104883,-0.104883,0.171066
M,-0.040764,-0.084892,-0.084892,-0.125656
M,0.0716103,-0.0939877,-0.0939877,-0.0223774
M,0.418179,-0.145694,-0.145694,0.272485
M,0.217248,-0.161272,-0.161272,0.0559757
M,-0.136052,-0.145694,-0.145694,-0.281746
M,-0.0715177,-0.0939877,-0.0939877,-0.165505
M,0.0735298,-0.0637851,-0.0637851,0.00974464
M,0.096681,-0.084892,-0.084892,0.0117889
M,0.160135,-0.124019,-0.124019,0.0361169
M,0.184966,-0.0541514,-0.0541514,0.130814
M,-0.240857,-0.110199,-0.110199,-0.351056
M,0.152474,-0.0939877,-0.0939877,0.0584859
M,0.0539923,-0.0637851,-0.0637851,-0.00979287
M,0.062177,-0.0939877,-0.0939877,-0.0318107
M,0.12222,-0.124019,-0.124019,-0.00179831
M,0.0138353,-0.0939877,-0.0939877,-0.0801524
M,0.284904,-0.104883,-0.104883,0.180021
M,-0.0537496,-0.124019,-0.124019,-0.177768
M,-0.0453438,-0.0273303,-0.0273303,-0.0726742
M,0.20711,-0.145694,-0.145694,0.0614161
M,-0.0952993,-0.084892,-0.084892,-0.180191
M,0.0144435,-0.110199,-0.110199,-0.0957558
M,0.20502,-0.110199,-0.110199,0.0948209
M,0.136889,-0.0939877,-0.0939877,0.0429009
M,0.354636,-0.0939877,-0.0939877,0.260648
M,0.294669,-0.132284,-0.132284,0.162384
M,-0.0813398,-0.145694,-0.145694,-0.227034
M,0.150928,-0.145694,-0.145694,0.0052337
M,-0.148748,-0.0939877,-0.0939877,-0.242736
M,0.155559,-0.124019,-0.124019,0.0315409
M,0.0668386,-0.161272,-0.161272,-0.0944332
M,0.175695,-0.0740763,-0.0740763,0.101619
M,0.0662614,-0.110199,-0.110199,-0.0439379
M,-0.0122033,-0.104617,-0.104617,-0.11682
M,-0.013647,-0.145694,-0.145694,-0.159341
M,0.608987,-0.0939877,-0.0939877,0.514999
M,0.249899,-0.104883,-0.104883,0.145016
M,0.107464,-0.0273303,-0.0273303,0.0801337
M,0.228025,-0.0939877,-0.0939877,0.134037
M,0.253539,-0.0494694,-0.0494694,0.20407
M,0.319517,-0.110199,-0.110199,0.209318
M,0.26381,-0.084892,-0.084892,0.178918
M,0.142495,-0.0813209,-0.0813209,0.0611739
M,0.328458,-0.110199,-0.110199,0.218259
M,0.0200743,-0.110199,-0.110199,-0.090125
M,-0.153128,-0.110199,-0.110199,-0.263327
M,0.227282,-0.110199,-0.110199,0.117083
M,-0.0574576,-0.078104,-0.078104,-0.135562
M,-0.0808903,-0.0813209,-0.0813209,-0.162211
M,-0.333352,-0.124019,-0.124019,-0.457371
M,-0.0360097,-0.161272,-0.161272,-0.197282
M,-0.0175229,-0.110199,-0.110199,-0.127722
M,0.144383,-0.0978161,-0.0978161,0.0465664
M,-0.0267132,-0.161272,-0.161272,-0.187985
M,0.178908,-0.110199,-0.110199,0.0687088
M,-0.313462,-0.124019,-0.124019,-0.43748
M,-0.0130536,-0.084892,-0.084892,-0.0979456
M,0.00235372,-0.144734,-0.144734,-0.14238
M,0.0503937,-0.0637851,-0.0637851,-0.0133915
M,0.0765877,-0.0262305,-0.0262305,0.0503571
M,0.22204,-0.0939877,-0.0939877,0.128053
M,0.265609,-0.0939877,-0.0939877,0.171621
M,0.0594124,-0.124019,-0.124019,-0.0646061
M,-0.0354013,-0.0836005,-0.0836005,-0.119002
M,0.120849,-0.0813209,-0.0813209,0.0395277
M,0.349381,-0.132284,-0.132284,0.217097
M,0.428411,-0.0637851,-0.0637851,0.364626
M,-0.377651,-0.145694,-0.145694,-0.523345
M,0.139411,-0.0632656,-0.0632656,0.0761458
M,0.108376,-0.110199,-0.110199,-0.0018235
M,0.0574711,-0.078104,-0.078104,-0.0206328
M,0.145577,-0.0494694,-0.0494694,0.0961078
M,-0.155838,-0.104617,-0.104617,-0.260455
M,-0.000803458,-0.0939877,-0.0939877,-0.0947912
M,0.0560006,-0.0939877,-0.0939877,-0.0379871
M,0.130814,-0.145694,-0.145694,-0.0148801
M,0.291326,-0.145694,-0.145694,0.145632
M,0.441958,-0.104617,-0.104617,0.337341
M,0.0405244,-0.161272,-0.161272,-0.120747
M,0.252544,-0.145694,-0.145694,0.10685
M,-0.117868,-0.0978161,-0.0978161,-0.215685
M,0.0909417,-0.161272,-0.161272,-0.0703301
M,0.300419,-0.0939877,-0.0939877,0.206432
M,0.0279465,-0.0939877,-0.0939877,-0.0660413
M,-0.0817664,-0.0637851,-0.0637851,-0.145552
M,0.133882,-0.0939877,-0.0939877,0.0398938
M,0.118014,-0.124019,-0.124019,-0.00600417
M,0.125736,-0.145694,-0.145694,-0.0199579
M,-0.0146143,-0.110199,-0.110199,-0.124814
M,0.151041,-0.0637851,-0.0637851,0.0872558
M,-0.0698383,-0.0637851,-0.0637851,-0.133623
M,0.0692905,-0.145694,-0.145694,-0.0764035
M,0.248778,-0.084892,-0.084892,0.163886
M,0.0228094,-0.104883,-0.104883,-0.0820738
M,-0.174119,-0.0939877,-0.0939877,-0.268107
M,0.0535553,-0.0632656,-0.0632656,-0.00971032
M,0.0126433,-0.104617,-0.104617,-0.0919735
M,-0.295451,-0.0978161,-0.0978161,-0.393267
M,-0.0171807,-0.124019,-0.124019,-0.141199
M,0.0844642,-0.110199,-0.110199,-0.0257351
M,0.028504,-0.145694,-0.145694,-0.11719
M,0.175818,-0.0939877,-0.0939877,0.0818299
M,-0.149075,-0.078104,-0.078104,-0.227179
M,-0.0393722,-0.0939877,-0.0939877,-0.13336
M,0.0208264,-0.0273303,-0.0273303,-0.00650392
M,0.0658114,-0.0813209,-0.0813209,-0.0155095
M,0.218006,-0.124019,-0.124019,0.0939879
M,0.203932,-0.0939877,-0.0939877,0.109945
M,0.00677851,-0.0939877,-0.0939877,-0.0872092
M,0.177901,-0.145694,-0.145694,0.0322065
M,0.139092,-0.124019,-0.124019,0.0150732
M,0.174263,-0.145694,-0.145694,0.0285689
M,0.263393,-0.124019,-0.124019,0.139375
M,0.0153405,-0.110199,-0.110199,-0.0948588
M,-0.0413225,-0.084892,-0.084892,-0.126214
M,-0.305823,-0.104617,-0.104617,-0.41044
M,-0.183475,-0.110199,-0.110199,-0.293675
M,0.180432,-0.124019,-0.124019,0.056413
M,0.288774,-0.0939877,-0.0939877,0.194786
M,0.185025,-0.0939877,-0.0939877,0.0910374
M,0.397345,-0.110199,-0.110199,0.287146
M,0.0116192,-0.0978161,-0.0978161,-0.0861969
M,0.378746,-0.110199,-0.110199,0.268547
M,0.265534,-0.124019,-0.124019,0.141515
M,0.103152,-0.145694,-0.145694,-0.0425423
M,0.0366399,-0.084892,-0.084892,-0.0482521
M,0.514148,-0.0858016,-0.0858016,0.428347
M,0.201951,-0.124019,-0.124019,0.0779328
M,-0.0328907,-0.0486518,-0.0486518,-0.0815425
M,0.138975,-0.0939877,-0.0939877,0.0449878
M,0.114063,-0.145694,-0.145694,-0.0316311
M,0.516268,-0.0666251,-0.0666251,0.449642
M,0.301403,-0.0836005,-0.0836005,0.217802
M,0.183081,-0.161272,-0.161272,0.0218089
M,-0.117328,-0.101317,-0.101317,-0.218645
M,0.214026,-0.145694,-0.145694,0.0683321
M,0.297097,-0.0939877,-0.0939877,0.203109
M,0.131802,-0.078104,-0.078104,0.0536976
M,0.192464,-0.0740763,-0.0740763,0.118388
M,0.103712,-0.0637851,-0.0637851,0.039927
M,-0.0326262,-0.0813209,-0.0813209,-0.113947
M,0.464259,-0.0939877,-0.0939877,0.370271
M,0.233779,-0.0637851,-0.0637851,0.169994
M,-0.155982,-0.112901,-0.112901,-0.268883
M,-0.0382045,-0.132284,-0.132284,-0.170489
M,0.347619,-0.0632656,-0.0632656,0.284353
M,0.383356,-0.0939877,-0.0939877,0.289368
M,-0.173564,-0.110199,-0.110199,-0.283763
M,-0.0359065,-0.078104,-0.078104,-0.11401
M,0.299654,-0.0813209,-0.0813209,0.218333
M,0.144546,-0.145694,-0.145694,-0.00114791
M,0.200757,-0.144734,-0.144734,0.0560235
M,0.0154539,-0.144734,-0.144734,-0.12928
M,-0.231439,-0.0637851,-0.0637851,-0.295224
M,0.199293,-0.0813209,-0.0813209,0.117972
M,-0.039154,-0.104823,-0.104823,-0.143977
M,0.188165,-0.104883,-0.104883,0.0832823
M,-0.0742448,-0.124019,-0.124019,-0.198263
M,0.203813,-0.145694,-0.145694,0.0581186
M,-0.238402,-0.0939877,-0.0939877,-0.332389
M,0.39983,-0.104617,-0.104617,0.295213
M,0.332958,-0.0939877,-0.0939877,0.23897
M,0.233973,-0.104617,-0.104617,0.129356
M,0.353247,-0.0273303,-0.0273303,0.325917
M,0.159778,-0.124019,-0.124019,0.0357591
M,-0.0653403,-0.145694,-0.145694,-0.211034
M,0.400797,-0.0262305,-0.0262305,0.374567
M,0.285743,-0.145694,-0.145694,0.140049
M,-0.00559413,-0.145694,-0.145694,-0.151288
M,-0.158323,-0.104617,-0.104617,-0.26294
M,-0.00732795,-0.0939877,-0.0939877,-0.101316
M,0.447001,-0.0740763,-0.0740763,0.372924
M,-0.341496,-0.145694,-0.145694,-0.48719
M,0.0934947,-0.144734,-0.144734,-0.0512391
M,0.277324,-0.0273303,-0.0273303,0.249994
M,0.0619161,-0.104617,-0.104617,-0.0427008
M,-0.00160173,-0.0112959,-0.0112959,-0.0128976
M,0.291183,-0.084892,-0.084892,0.206291
M,0.138326,-0.0666251,-0.0666251,0.0717006
M,0.0351418,-0.084892,-0.084892,-0.0497502
M,-0.297637,-0.084892,-0.084892,-0.382529
M,0.114152,-0.124019,-0.124019,-0.00986656
M,0.314315,-0.104617,-0.104617,0.209698
M,0.269345,-0.15089,-0.15089,0.118455
M,0.289813,-0.144734,-0.144734,0.145079
M,-0.00229536,-0.0813209,-0.0813209,-0.0836163
M,0.0231172,-0.124019,-0.124019,-0.100901
M,-0.202967,-0.084892,-0.084892,-0.287859
M,0.361202,-0.0637851,-0.0637851,0.297417
M,0.207462,-0.124019,-0.124019,0.0834436
M,0.508263,-0.0813209,-0.0813209,0.426942
M,0.0289816,-0.084892,-0.084892,-0.0559105
M,-0.0212235,-0.124019,-0.124019,-0.145242
M,0.00983957,-0.0637851,-0.0637851,-0.0539456
M,0.192233,-0.0666251,-0.0666251,0.125608
M,0.0837675,-0.119319,-0.119319,-0.0355512
M,-0.207338,-0.0813209,-0.0813209,-0.288659
M,-0.0169655,-0.124019,-0.124019,-0.140984
M,0.357168,-0.104617,-0.104617,0.252551
M,0.155384,-0.0494694,-0.0494694,0.105914
M,0.319739,-0.145694,-0.145694,0.174045
M,0.271759,-0.0939877,-0.0939877,0.177772
M,0.0932253,-0.0821811,-0.0821811,0.0110442
M,0.0519603,-0.145694,-0.145694,-0.0937337
M,-0.0890529,-0.124019,-0.124019,-0.213071
M,-0.0198329,-0.084892,-0.084892,-0.104725
M,-0.101841,-0.145694,-0.145694,-0.247535
M,0.00839027,-0.0740763,-0.0740763,-0.065686
M,0.223847,-0.0939877,-0.0939877,0.129859
M,0.0809447,-0.0858016,-0.0858016,-0.00485695
M,-0.0463887,-0.161272,-0.161272,-0.207661
M,0.293915,-0.0939877,-0.0939877,0.199927
M,0.0750202,-0.0262305,-0.0262305,0.0487897
M,0.0627449,-0.110199,-0.110199,-0.0474544
M,0.513422,-0.031657,-0.031657,0.481765
M,-0.0225291,-0.0262305,-0.0262305,-0.0487596
M,0.026462,-0.110199,-0.110199,-0.0837373
M,-0.0879431,-0.0939877,-0.0939877,-0.181931
M,0.543743,-0.161272,-0.161272,0.382471
M,-0.0641563,-0.0939877,-0.0939877,-0.158144
M,0.09778,-0.0494694,-0.0494694,0.0483107
M,0.0885302,-0.124019,-0.124019,-0.0354883
M,-0.0644283,-0.0632656,-0.0632656,-0.127694
M,0.109393,-0.110199,-0.110199,-0.000805879
M,0.0504764,-0.124019,-0.124019,-0.0735421
M,0.1994,-0.119319,-0.119319,0.0800812
M,0.148417,-0.0939877,-0.0939877,0.0544291
M,0.131181,-0.145694,-0.145694,-0.0145134
M,0.213331,-0.161272,-0.161272,0.052059
M,-0.366404,-0.0666251,-0.0666251,-0.433029
M,0.0332253,-0.0813209,-0.0813209,-0.0480956
M,0.217423,-0.145694,-0.145694,0.0717289
M,0.114447,-0.0858016,-0.0858016,0.0286449
M,0.302943,-0.0637851,-0.0637851,0.239158
M,0.125402,-0.124019,-0.124019,0.0013837
M,-0.180859,-0.0858016,-0.0858016,-0.26666
M,-0.0829112,-0.0740763,-0.0740763,-0.156987
M,0.104869,-0.0486518,-0.0486518,0.0562174
M,0.505266,-0.0494694,-0.0494694,0.455797
M,0.119408,-0.124019,-0.124019,-0.00461044
M,-0.140403,-0.112901,-0.112901,-0.253304
M,0.256591,-0.110199,-0.110199,0.146392
M,0.226481,-0.0858016,-0.0858016,0.140679
M,0.158342,-0.110199,-0.110199,0.048143
M,0.298572,-0.084892,-0.084892,0.21368
M,0.463283,-0.0637851,-0.0637851,0.399498
M,0.019343,-0.0813209,-0.0813209,-0.0619779
M,0.407228,-0.144734,-0.144734,0.262494
M,0.02067,-0.0939877,-0.0939877,-0.0733178
M,0.416905,-0.145694,-0.145694,0.271211
M,0.147062,-0.124019,-0.124019,0.0230435
M,0.182547,-0.0637851,-0.0637851,0.118761
M,0.192686,-0.124019,-0.124019,0.0686673
M,0.293647,-0.104883,-0.104883,0.188764
M,0.284342,-0.0939877,-0.0939877,0.190355
M,0.0884594,-0.104883,-0.104883,-0.0164238
M,-0.0226091,-0.0494694,-0.0494694,-0.0720785
M,-0.0469163,-0.0939877,-0.0939877,-0.140904
M,-0.0240939,-0.104883,-0.104883,-0.128977
M,-0.318898,-0.0939877,-0.0939877,-0.412886
M,0.236338,-0.144734,-0.144734,0.091604
M,-0.144172,-0.0813209,-0.0813209,-0.225493
M,0.0812058,-0.145694,-0.145694,-0.0644882
M,-0.043781,-0.0637851,-0.0637851,-0.107566
M,0.178409,-0.110199,-0.110199,0.0682101
M,0.361527,-0.031657,-0.031657,0.32987
M,0.1532,-0.0273303,-0.0273303,0.12587
M,0.224155,-0.145694,-0.145694,0.0784606
M,0.304016,-0.124019,-0.124019,0.179998
M,0.388091,-0.0494694,-0.0494694,0.338622
M,0.0283555,-0.0939877,-0.0939877,-0.0656322
M,0.0196811,-0.124019,-0.124019,-0.104337
M,-0.012026,-0.084892,-0.084892,-0.0969181
M,0.194073,-0.124019,-0.124019,0.0700542
M,0.207357,-0.110199,-0.110199,0.0971579
M,0.191195,-0.124019,-0.124019,0.067177
M,0.161194,-0.0273303,-0.0273303,0.133863
M,0.234185,-0.104617,-0.104617,0.129568
M,0.286424,-0.110199,-0.110199,0.176225
M,-0.0214533,-0.0632656,-0.0632656,-0.0847189
M,0.408433,-0.0939877,-0.0939877,0.314445
M,-0.229325,-0.0939877,-0.0939877,-0.323313
M,-0.0453366,-0.084892,-0.084892,-0.130229
M,-0.139662,-0.0978161,-0.0978161,-0.237478
M,0.348927,-0.161272,-0.161272,0.187655
M,-0.0142087,-0.124019,-0.124019,-0.138227
M,0.202661,-0.104617,-0.104617,0.098044
M,0.140436,-0.0939877,-0.0939877,0.0464487
M,0.206983,-0.0666251,-0.0666251,0.140358
M,0.124314,-0.161272,-0.161272,-0.0369576
M,0.540411,-0.101317,-0.101317,0.439094
M,0.328677,-0.0637851,-0.0637851,0.264891
M,0.274461,-0.124019,-0.124019,0.150443
M,0.286741,-0.113129,-0.113129,0.173612
M,-0.0898975,-0.084892,-0.084892,-0.17479
M,-0.0194088,-0.0666251,-0.0666251,-0.0860339
M,-0.0770428,-0.145694,-0.145694,-0.222737
M,0.0999924,-0.124019,-0.124019,-0.0240261
M,-0.287999,-0.104617,-0.104617,-0.392616
M,-0.0370257,-0.0273303,-0.0273303,-0.0643561
M,-0.238665,-0.144734,-0.144734,-0.383399
M,0.327213,-0.031657,-0.031657,0.295556
M,0.0875363,-0.110199,-0.110199,-0.0226629
M,-0.0158696,-0.0273303,-0.0273303,-0.0431999
M,-0.270756,-0.124019,-0.124019,-0.394774
M,-0.0316928,-0.0273303,-0.0273303,-0.0590231
M,0.00722284,-0.0939877,-0.0939877,-0.0867649
M,0.0436759,-0.161272,-0.161272,-0.117596
M,-0.262317,-0.104883,-0.104883,-0.367201
M,0.00536434,-0.104883,-0.104883,-0.0995188
M,0.160168,-0.0939877,-0.0939877,0.0661803
M,0.0600675,-0.104617,-0.104617,-0.0445493
M,0.0222996,-0.161272,-0.161272,-0.138972
M,-0.045785,-0.140493,-0.140493,-0.186278
M,0.19018,-0.119319,-0.119319,0.0708611
M,0.411957,-0.0494694,-0.0494694,0.362488
M,0.402459,-0.084892,-0.084892,0.317567
M,-0.154589,-0.144734,-0.144734,-0.299323
M,0.237456,-0.124019,-0.124019,0.113438
M,-0.059538,-0.0541514,-0.0541514,-0.113689
M,0.252025,-0.161272,-0.161272,0.0907528
M,0.115971,-0.145694,-0.145694,-0.0297232
M,0.173157,-0.145694,-0.145694,0.0274627
M,-0.123127,-0.110199,-0.110199,-0.233327
M,-0.0318046,-0.101317,-0.101317,-0.133121
M,0.323626,-0.104617,-0.104617,0.219009
M,0.051048,-0.0262305,-0.0262305,0.0248175
M,0.190075,-0.084892,-0.084892,0.105183
M,-0.107885,-0.124019,-0.124019,-0.231904
M,0.413105,-0.145694,-0.145694,0.267411
M,-0.155719,-0.144734,-0.144734,-0.300453
M,0.274149,-0.145694,-0.145694,0.128455
M,0.234717,-0.124019,-0.124019,0.110699
M,0.609556,-0.0978161,-0.0978161,0.51174
M,0.31692,-0.0494694,-0.0494694,0.267451
M,0.268704,-0.140899,-0.140899,0.127805
M,-0.10327,-0.0273303,-0.0273303,-0.130601
M,0.0178783,-0.0939877,-0.0939877,-0.0761094
M,0.202253,-0.145694,-0.145694,0.0565587
M,0.15168,-0.145694,-0.145694,0.00598584
M,-0.0465072,-0.15089,-0.15089,-0.197397
M,0.161901,-0.084892,-0.084892,0.0770092
M,0.171867,-0.110199,-0.110199,0.0616676
M,0.192415,-0.161272,-0.161272,0.0311431
M,-0.25475,-0.145694,-0.145694,-0.400444
M,-0.136977,-0.124019,-0.124019,-0.260995
M,0.349768,-0.145694,-0.145694,0.204074
M,0.117593,-0.161272,-0.161272,-0.0436785
M,-0.132566,-0.104883,-0.104883,-0.237449
M,0.128606,-0.0979191,-0.0979191,0.0306873
M,0.198189,-0.110199,-0.110199,0.0879898
M,0.334068,-0.101611,-0.101611,0.232457
M,0.351458,-0.104617,-0.104617,0.246841
M,-0.0312639,-0.0740763,-0.0740763,-0.10534
M,-0.141038,-0.124019,-0.124019,-0.265056
M,0.367589,-0.0637851,-0.0637851,0.303804
M,0.139211,-0.124019,-0.124019,0.0151928
M,0.321892,-0.0939877,-0.0939877,0.227905
M,0.35439,-0.0939877,-0.0939877,0.260402
M,-0.0101439,-0.144734,-0.144734,-0.154878
M,0.385881,-0.0971138,-0.0971138,0.288767
M,0.242822,-0.145694,-0.145694,0.0971275
M,0.209659,-0.124019,-0.124019,0.0856406
M,0.531544,-0.084892,-0.084892,0.446652
M,-0.057907,-0.0939877,-0.0939877,-0.151895
M,0.0343171,-0.0939877,-0.0939877,-0.0596706
M,0.242595,-0.0939877,-0.0939877,0.148607
M,0.0106226,-0.124019,-0.124019,-0.113396
M,0.195497,-0.161272,-0.161272,0.0342248
M,-0.0913956,-0.140493,-0.140493,-0.231889
M,-0.0469901,-0.161272,-0.161272,-0.208262
M,0.284937,-0.144734,-0.144734,0.140204
M,0.145426,-0.0375874,-0.0375874,0.107838
M,0.0130913,-0.0939877,-0.0939877,-0.0808964
M,0.0301319,-0.110199,-0.110199,-0.0800674
M,-0.0737834,-0.110199,-0.110199,-0.183983
M,0.235224,-0.0979191,-0.0979191,0.137305
M,0.45924,-0.0978161,-0.0978161,0.361424
M,-0.191196,-0.124019,-0.124019,-0.315214
M,0.113676,-0.124019,-0.124019,-0.0103429
M,-0.0146393,-0.084892,-0.084892,-0.0995313
M,-0.211817,-0.104617,-0.104617,-0.316434
M,0.0678836,-0.110199,-0.110199,-0.0423157
M,0.0324142,-0.144734,-0.144734,-0.11232
M,0.100704,-0.0637851,-0.0637851,0.0369189
M,0.233768,-0.0666251,-0.0666251,0.167143
M,-0.0921925,-0.124019,-0.124019,-0.216211
M,0.142829,-0.0939877,-0.0939877,0.0488408
M,0.195442,-0.0813209,-0.0813209,0.114121
M,0.00674627,-0.0637851,-0.0637851,-0.0570389
M,-0.103494,-0.140899,-0.140899,-0.244393
M,0.112019,-0.0494694,-0.0494694,0.0625494
M,0.552551,-0.0113123,-0.0113123,0.541239
M,0.237267,-0.0939877,-0.0939877,0.143279
M,0.151804,-0.0939877,-0.0939877,0.0578163
M,0.073685,-0.145694,-0.145694,-0.072009
M,0.134486,-0.145694,-0.145694,-0.011208
M,0.30342,-0.0494694,-0.0494694,0.253951
M,0.15244,-0.101317,-0.101317,0.0511231
M,0.335244,-0.145694,-0.145694,0.18955
M,0.411461,-0.104883,-0.104883,0.306578
M,-0.0820992,-0.0939877,-0.0939877,-0.176087
M,0.0520774,-0.0273303,-0.0273303,0.0247471
M,0.0787544,-0.132284,-0.132284,-0.0535301
M,0.234288,-0.145694,-0.145694,0.0885943
M,-0.181164,-0.124019,-0.124019,-0.305183
M,-0.318701,-0.0979191,-0.0979191,-0.416621
M,0.183161,-0.145694,-0.145694,0.0374673
M,-0.248329,-0.140899,-0.140899,-0.389228
M,0.14781,-0.124019,-0.124019,0.0237911
M,0.01018,-0.161272,-0.161272,-0.151092
M,0.104591,-0.0939877,-0.0939877,0.0106035
M,-0.378511,-0.084892,-0.084892,-0.463403
M,0.102983,-0.0740763,-0.0740763,0.0289068
M,0.233295,-0.124019,-0.124019,0.109277
M,-0.135825,-0.0939877,-0.0939877,-0.229813
M,0.451044,-0.0939877,-0.0939877,0.357056
M,0.596958,-0.145694,-0.145694,0.451264
M,0.198303,-0.0978161,-0.0978161,0.100487
M,-0.0901716,-0.145694,-0.145694,-0.235866
M,-0.244895,-0.104617,-0.104617,-0.349512
M,-0.0331564,-0.0939877,-0.0939877,-0.127144
M,0.114013,-0.0273303,-0.0273303,0.0866831
M,0.185546,-0.084892,-0.084892,0.100654
M,-0.143442,-0.124019,-0.124019,-0.267461
M,-0.0957269,-0.104617,-0.104617,-0.200344
M,0.23369,-0.110199,-0.110199,0.123491
M,0.0689902,-0.110199,-0.110199,-0.0412091
M,0.214381,-0.110199,-0.110199,0.104182
M,0.0869621,-0.0939877,-0.0939877,-0.00702563
M,0.268208,-0.161486,-0.161486,0.106722
M,0.125334,-0.124019,-0.124019,0.00131503
M,0.0648778,-0.104617,-0.104617,-0.039739
M,0.673592,-0.104617,-0.104617,0.568976
M,0.130769,-0.104883,-0.104883,0.0258862
M,0.312902,-0.0939877,-0.0939877,0.218914
M,-0.248242,-0.145694,-0.145694,-0.393936
M,0.250132,-0.0939877,-0.0939877,0.156144
M,0.190049,-0.104617,-0.104617,0.085432
M,-0.0511285,-0.145694,-0.145694,-0.196822
M,0.140775,-0.104617,-0.104617,0.0361582
M,-0.264835,-0.0740763,-0.0740763,-0.338911
M,-0.324331,-0.084892,-0.084892,-0.409223
M,0.424469,-0.0939877,-0.0939877,0.330481
M,0.232789,-0.144734,-0.144734,0.0880557
M,-0.042228,-0.0637851,-0.0637851,-0.106013
M,0.474206,-0.124019,-0.124019,0.350187
M,-0.0582802,-0.0971138,-0.0971138,-0.155394
M,0.00857832,-0.0112959,-0.0112959,-0.00271754
M,0.0106151,-0.104617,-0.104617,-0.0940018
M,0.015342,-0.145694,-0.145694,-0.130352
M,0.00348275,-0.104617,-0.104617,-0.101134
M,-0.130247,-0.0486518,-0.0486518,-0.178899
M,0.223382,-0.0112959,-0.0112959,0.212086
M,0.406977,-0.144734,-0.144734,0.262244
M,-0.427451,-0.0939877,-0.0939877,-0.521438
M,0.145046,-0.0858016,-0.0858016,0.0592447
M,0.239405,-0.144734,-0.144734,0.0946708
M,0.0127951,-0.0813209,-0.0813209,-0.0685258
M,0.131886,-0.161272,-0.161272,-0.0293855
M,0.181319,-0.0939877,-0.0939877,0.0873316
M,0.0191913,-0.0666251,-0.0666251,-0.0474338
M,0.433567,-0.110199,-0.110199,0.323367
M,-0.14135,-0.0978161,-0.0978161,-0.239167
M,0.292905,-0.0939877,-0.0939877,0.198918
M,0.438491,-0.0939877,-0.0939877,0.344503
M,0.1006,-0.124019,-0.124019,-0.0234188
M,0.40339,-0.0494694,-0.0494694,0.35392
M,-0.0647565,-0.124019,-0.124019,-0.188775
M,0.193495,-0.0939877,-0.0939877,0.0995072
M,-0.0584289,-0.0939877,-0.0939877,-0.152417
M,-0.0771766,-0.110199,-0.110199,-0.187376
M,0.0759225,-0.0740763,-0.0740763,0.00184619
M,0.567574,-0.0939877,-0.0939877,0.473586
M,-0.248559,-0.031657,-0.031657,-0.280216
M,-0.140692,-0.0637851,-0.0637851,-0.204477
M,0.195104,-0.0666251,-0.0666251,0.128478
M,0.0238608,-0.161272,-0.161272,-0.137411
M,0.101364,-0.0740763,-0.0740763,0.027288
M,-0.0903607,-0.161272,-0.161272,-0.251633
M,0.401513,-0.0939877,-0.0939877,0.307525
M,0.0907513,-0.0939877,-0.0939877,-0.00323647
M,0.0500414,-0.119319,-0.119319,-0.0692773
M,0.110529,-0.0939877,-0.0939877,0.0165409
M,0.64221,-0.104617,-0.104617,0.537593
M,0.19637,-0.0541514,-0.0541514,0.142219
M,0.13148,-0.145694,-0.145694,-0.0142139
M,0.123454,-0.132284,-0.132284,-0.00883017
M,-0.0897597,-0.0978161,-0.0978161,-0.187576
M,0.22405,-0.0939877,-0.0939877,0.130062
M,0.300327,-0.145694,-0.145694,0.154633
M,-0.160772,-0.104883,-0.104883,-0.265655
M,-0.0585978,-0.0939877,-0.0939877,-0.152586
M,-0.0862461,-0.0273303,-0.0273303,-0.113576
M,-0.0137801,-0.0494694,-0.0494694,-0.0632495
M,0.135522,-0.140899,-0.140899,-0.00537703
M,0.140341,-0.145694,-0.145694,-0.00535341
M,-0.0726592,-0.0939877,-0.0939877,-0.166647
M,0.170338,-0.124019,-0.124019,0.0463199
M,0.0292835,-0.124019,-0.124019,-0.094735
M,0.0678619,-0.113129,-0.113129,-0.0452674
M,-0.184329,-0.0637851,-0.0637851,-0.248114
M,0.0365876,-0.110199,-0.110199,-0.0736117
M,0.0415746,-0.144734,-0.144734,-0.103159
M,-0.105344,-0.104617,-0.104617,-0.209961
M,-0.14825,-0.119319,-0.119319,-0.267569
M,0.214895,-0.0740763,-0.0740763,0.140819
M,0.42983,-0.145694,-0.145694,0.284136
M,-0.0111621,-0.0939877,-0.0939877,-0.10515
M,0.115991,-0.0858016,-0.0858016,0.0301892
M,-0.0393593,-0.145694,-0.145694,-0.185053
M,0.0767401,-0.031657,-0.031657,0.0450831
M,0.140833,-0.0939877,-0.0939877,0.0468455
M,0.185636,-0.0494694,-0.0494694,0.136167
M,0.257303,-0.0939877,-0.0939877,0.163316
M,0.171844,-0.0939877,-0.0939877,0.0778562
M,0.223905,-0.104617,-0.104617,0.119289
M,-0.104732,-0.110199,-0.110199,-0.214931
M,0.349599,-0.0939877,-0.0939877,0.255612
M,0.428526,-0.145694,-0.145694,0.282832
M,0.0598696,-0.124019,-0.124019,-0.0641489
M,-0.00861053,-0.104617,-0.104617,-0.113227
M,0.167277,-0.084892,-0.084892,0.0823852
M,0.139494,-0.0666251,-0.0666251,0.0728689
M,0.063186,-0.0939877,-0.0939877,-0.0308017
M,-0.0190806,-0.124019,-0.124019,-0.143099
M,0.0851856,-0.104617,-0.104617,-0.0194312
M,-0.128581,-0.110199,-0.110199,-0.238781
M,0.175954,-0.145694,-0.145694,0.0302598
M,0.252397,-0.104617,-0.104617,0.147781
M,-0.0239755,-0.145694,-0.145694,-0.169669
M,0.102088,-0.0978161,-0.0978161,0.00427161
M,0.0353203,-0.161272,-0.161272,-0.125952
M,-0.208732,-0.124019,-0.124019,-0.332751
M,0.287557,-0.0494694,-0.0494694,0.238088
M,0.366347,-0.0112959,-0.0112959,0.355051
M,0.150885,-0.0939877,-0.0939877,0.0568972
M,-0.0672056,-0.124019,-0.124019,-0.191224
M,-0.143801,-0.161272,-0.161272,-0.305073
M,0.316338,-0.0939877,-0.0939877,0.22235
M,0.265719,-0.161272,-0.161272,0.104448
M,-0.0405803,-0.031657,-0.031657,-0.0722373
M,0.206328,-0.104883,-0.104883,0.101445
M,-0.01623,-0.0813209,-0.0813209,-0.0975509
M,0.160212,-0.161272,-0.161272,-0.00105982
M,-0.0327182,-0.145694,-0.145694,-0.178412
M,-0.0958721,-0.0541514,-0.0541514,-0.150024
M,0.224373,-0.031657,-0.031657,0.192716
M,0.347823,-0.145694,-0.145694,0.202129
M,0.229099,-0.0273303,-0.0273303,0.201769
M,0.15801,-0.104617,-0.104617,0.0533933
M,0.259097,-0.145694,-0.145694,0.113403
M,0.149599,-0.124019,-0.124019,0.0255805
M,0.344963,-0.110199,-0.110199,0.234764
M,0.299242,-0.0939877,-0.0939877,0.205254
M,0.209806,-0.0666251,-0.0666251,0.143181
M,-0.178289,-0.124019,-0.124019,-0.302308
M,-0.0261319,-0.200104,-0.200104,-0.226236
M,0.0801683,-0.104617,-0.104617,-0.0244486
M,0.275714,-0.0740763,-0.0740763,0.201638
M,0.270702,-0.0740763,-0.0740763,0.196626
M,0.497354,-0.110199,-0.110199,0.387155
M,0.119837,-0.144734,-0.144734,-0.0248971
M,0.468835,-0.0939877,-0.0939877,0.374847
M,-0.234478,-0.0740763,-0.0740763,-0.308555
M,0.100842,-0.0939877,-0.0939877,0.00685404
M,0.311126,-0.0262305,-0.0262305,0.284896
M,0.0979394,-0.031657,-0.031657,0.0662824
M,0.182091,-0.110199,-0.110199,0.0718913
M,0.369067,-0.104617,-0.104617,0.26445
M,0.181501,-0.0273303,-0.0273303,0.154171
M,0.102667,-0.0273303,-0.0273303,0.0753366
M,0.0162341,-0.084892,-0.084892,-0.068658
M,-0.123296,-0.104617,-0.104617,-0.227913
M,0.0951462,-0.124019,-0.124019,-0.0288723
M,0.126586,-0.104617,-0.104617,0.0219687
M,0.410676,-0.0939877,-0.0939877,0.316688
M,-0.0841122,-0.0273303,-0.0273303,-0.111442
M,0.0393339,-0.101611,-0.101611,-0.0622776
M,0.0739416,-0.145694,-0.145694,-0.0717524
M,0.0464739,-0.145694,-0.145694,-0.0992201
M,0.173386,-0.124019,-0.124019,0.0493678
M,-0.111224,-0.104617,-0.104617,-0.21584
M,-0.116463,-0.0939877,-0.0939877,-0.210451
M,-0.282274,-0.145694,-0.145694,-0.427968
M,-0.101892,-0.145694,-0.145694,-0.247586
M,-0.303682,-0.084892,-0.084892,-0.388574
M,-0.239209,-0.144734,-0.144734,-0.383942
M,0.299146,-0.119319,-0.119319,0.179827
M,0.0581058,-0.084892,-0.084892,-0.0267862
M,-0.015111,-0.124019,-0.124019,-0.13913
M,-0.0133265,-0.084892,-0.084892,-0.0982186
M,0.0917853,-0.0939877,-0.0939877,-0.0022024
M,-0.0515962,-0.0666251,-0.0666251,-0.118221
M,0.172091,-0.101611,-0.101611,0.0704795
M,0.214597,-0.0494694,-0.0494694,0.165128
M,0.289212,-0.084892,-0.084892,0.20432
M,0.0776379,-0.031657,-0.031657,0.0459809
M,0.38084,-0.0939877,-0.0939877,0.286852
M,0.165138,-0.104617,-0.104617,0.0605214
M,-0.181852,-0.104883,-0.104883,-0.286735
M,-0.084394,-0.0858016,-0.0858016,-0.170196
M,0.12528,-0.0939877,-0.0939877,0.031292
M,-0.227206,-0.0273303,-0.0273303,-0.254536
M,-0.0932355,-0.124019,-0.124019,-0.217254
M,0.574268,-0.124019,-0.124019,0.450249
M,-0.0660596,-0.0939877,-0.0939877,-0.160047
M,0.0429792,-0.144734,-0.144734,-0.101755
M,-0.159722,-0.110199,-0.110199,-0.269921
M,0.164056,-0.161272,-0.161272,0.00278415
M,0.181995,-0.0939877,-0.0939877,0.0880071
M,0.260562,-0.031657,-0.031657,0.228905
M,0.170433,-0.110199,-0.110199,0.0602337
M,-0.0679834,-0.161272,-0.161272,-0.229255
M,-0.512293,-0.0813209,-0.0813209,-0.593614
M,0.0890459,-0.0666251,-0.0666251,0.0224208
M,-0.0714465,-0.161272,-0.161272,-0.232718
M,0.0478594,-0.0939877,-0.0939877,-0.0461283
M,0.203238,-0.124019,-0.124019,0.0792191
M,0.0278092,-0.0939877,-0.0939877,-0.0661785
M,-0.221381,-0.110199,-0.110199,-0.33158
M,0.000234361,-0.0979191,-0.0979191,-0.0976848
M,0.093427,-0.0858016,-0.0858016,0.00762537
M,-0.0899545,-0.0273303,-0.0273303,-0.117285
M,0.152228,-0.0939877,-0.0939877,0.05824
M,-0.222919,-0.084892,-0.084892,-0.307811
M,-0.0704874,-0.124019,-0.124019,-0.194506
M,0.283256,-0.110199,-0.110199,0.173057
M,0.0664688,-0.0112959,-0.0112959,0.055173
M,0.308194,-0.145694,-0.145694,0.1625
M,-0.193499,-0.161272,-0.161272,-0.354771
M,0.274446,-0.0939877,-0.0939877,0.180458
M,0.307341,-0.124019,-0.124019,0.183322
M,-0.189181,-0.0494694,-0.0494694,-0.238651
M,-0.0889439,-0.0939877,-0.0939877,-0.182932
M,0.207047,-0.084892,-0.084892,0.122155
M,-0.0766918,-0.0632656,-0.0632656,-0.139957
M,-0.207393,-0.113129,-0.113129,-0.320523
M,-0.0112465,-0.200104,-0.200104,-0.211351
M,0.166333,-0.0273303,-0.0273303,0.139002
M,-0.0444419,-0.084892,-0.084892,-0.129334
M,0.388898,-0.124019,-0.124019,0.264879
M,-0.0622197,-0.124019,-0.124019,-0.186238
M,0.340795,-0.0939877,-0.0939877,0.246807
M,0.18377,-0.124019,-0.124019,0.0597519
M,0.31074,-0.250917,-0.250917,0.0598235
M,0.0126438,-0.0978161,-0.0978161,-0.0851723
M,0.0151212,-0.145694,-0.145694,-0.130573
M,0.252889,-0.084892,-0.084892,0.167997
M,0.208744,-0.0939877,-0.0939877,0.114756
M,-0.0929538,-0.124019,-0.124019,-0.216972
M,0.0536272,-0.104617,-0.104617,-0.0509896
M,0.308875,-0.161272,-0.161272,0.147603
M,0.199304,-0.104617,-0.104617,0.0946876
M,0.407371,-0.124019,-0.124019,0.283353
M,0.165346,-0.0813209,-0.0813209,0.0840253
M,0.0900382,-0.140899,-0.140899,-0.0508608
M,0.217999,-0.0939877,-0.0939877,0.124012
M,0.404967,-0.0939877,-0.0939877,0.310979
M,0.0226539,-0.0813209,-0.0813209,-0.058667
M,0.160699,-0.084892,-0.084892,0.0758066
M,0.412127,-0.104617,-0.104617,0.30751
M,-0.17238,-0.124019,-0.124019,-0.296398
M,0.447844,-0.145694,-0.145694,0.30215
M,0.306879,-0.0637851,-0.0637851,0.243094
M,-0.0143886,-0.144734,-0.144734,-0.159122
M,0.0751747,-0.084892,-0.084892,-0.00971734
M,0.172076,-0.145694,-0.145694,0.0263816
M,0.0772466,0.0158038,0.0158038,0.0930505
M,0.0390796,-0.0494694,-0.0494694,-0.0103897
M,-0.0578367,-0.0978161,-0.0978161,-0.155653
M,-0.0612284,-0.104617,-0.104617,-0.165845
M,-0.39579,-0.124019,-0.124019,-0.519808
M,0.100828,-0.144734,-0.144734,-0.0439058
M,-0.166196,-0.124019,-0.124019,-0.290215
M,0.223468,-0.031657,-0.031657,0.191811
M,0.268422,-0.0666251,-0.0666251,0.201797
M,0.247754,-0.140493,-0.140493,0.107261
M,0.0985446,-0.0858016,-0.0858016,0.012743
M,-0.507451,-0.104617,-0.104617,-0.612068
M,-0.188463,-0.144734,-0.144734,-0.333197
M,-0.317669,-0.084892,-0.084892,-0.402561
M,0.187504,-0.0632656,-0.0632656,0.124239
M,0.348281,-0.0666251,-0.0666251,0.281656
M,0.119442,-0.0637851,-0.0637851,0.0556571
M,-0.0502158,-0.0978161,-0.0978161,-0.148032
M,0.0974039,-0.0939877,-0.0939877,0.00341613
M,0.08487,-0.0939877,-0.0939877,-0.00911774
M,0.0299,-0.124019,-0.124019,-0.0941185
M,0.440901,-0.0939877,-0.0939877,0.346913
M,0.122439,-0.0813209,-0.0813209,0.0411183
M,0.1699,-0.124019,-0.124019,0.0458819
M,0.194749,-0.0858016,-0.0858016,0.108947
M,0.357081,-0.0939877,-0.0939877,0.263093
M,-0.0249648,-0.124019,-0.124019,-0.148983
M,0.00347847,-0.145694,-0.145694,-0.142216
M,0.119371,-0.0858016,-0.0858016,0.0335698
M,0.294547,-0.145694,-0.145694,0.148853
M,0.0594338,-0.0494694,-0.0494694,0.00996447
M,-0.115394,-0.145694,-0.145694,-0.261088
M,-0.0402279,-0.101611,-0.101611,-0.141839
M,0.173034,-0.084892,-0.084892,0.0881421
M,-0.138281,-0.145694,-0.145694,-0.283975
M,0.363006,-0.0632656,-0.0632656,0.299741
M,-0.106628,-0.0813209,-0.0813209,-0.187949
M,0.152897,-0.0939877,-0.0939877,0.058909
M,-0.151451,-0.0979191,-0.0979191,-0.24937
M,0.30247,-0.144734,-0.144734,0.157736
M,0.341484,-0.145694,-0.145694,0.19579
M,0.145289,-0.113129,-0.113129,0.0321599
M,0.140406,-0.0494694,-0.0494694,0.0909368
M,0.23752,-0.144734,-0.144734,0.0927858
M,-0.0139634,-0.145694,-0.145694,-0.159657
M,0.0246851,-0.0628206,-0.0628206,-0.0381354
M,0.0952256,-0.084892,-0.084892,0.0103335
M,-0.0399658,-0.161272,-0.161272,-0.201238
M,0.457137,-0.0637851,-0.0637851,0.393352
M,0.451977,-0.0632656,-0.0632656,0.388712
M,-0.190089,-0.0939877,-0.0939877,-0.284076
M,-0.111433,-0.0939877,-0.0939877,-0.205421
M,-0.128633,-0.0541514,-0.0541514,-0.182785
M,-0.0455451,-0.124019,-0.124019,-0.169564
M,-0.0678932,-0.145694,-0.145694,-0.213587
M,-0.0724531,-0.124019,-0.124019,-0.196472
M,0.393814,-0.0939877,-0.0939877,0.299826
M,-0.053139,-0.0939877,-0.0939877,-0.147127
M,0.290308,-0.0112959,-0.0112959,0.279013
M,0.15569,-0.104883,-0.104883,0.0508073
M,-0.020591,-0.104617,-0.104617,-0.125208
M,0.301918,-0.110199,-0.110199,0.191719
M,-0.0145748,-0.0979191,-0.0979191,-0.112494
M,0.364758,-0.0939877,-0.0939877,0.27077
M,0.144173,-0.0273303,-0.0273303,0.116842
M,0.0343069,-0.104617,-0.104617,-0.0703099
M,-0.0804577,-0.124019,-0.124019,-0.204476
M,0.380178,-0.145694,-0.145694,0.234484
M,0.448198,-0.104617,-0.104617,0.343581
M,0.0124023,-0.124019,-0.124019,-0.111616
M,0.00837593,-0.161272,-0.161272,-0.152896
M,-0.0962604,-0.119319,-0.119319,-0.215579
M,0.526301,-0.124019,-0.124019,0.402282
M,0.203267,-0.084892,-0.084892,0.118375
M,-0.106516,-0.084892,-0.084892,-0.191408
M,0.161808,-0.110199,-0.110199,0.0516087
M,0.00447291,-0.145694,-0.145694,-0.141221
M,-0.0969781,-0.0813209,-0.0813209,-0.178299
M,0.366994,-0.0971138,-0.0971138,0.26988
M,-0.0642976,-0.145694,-0.145694,-0.209992
M,-0.0112726,-0.104617,-0.104617,-0.115889
M,0.324788,-0.0939877,-0.0939877,0.2308
M,0.276552,-0.0740763,-0.0740763,0.202476
M,0.0746409,-0.0494694,-0.0494694,0.0251715
M,0.224478,-0.145694,-0.145694,0.0787836
M,0.0247277,-0.0632656,-0.0632656,-0.0385379
M,0.0596471,-0.144734,-0.144734,-0.0850866
M,-0.023198,-0.104617,-0.104617,-0.127815
M,-0.092222,-0.0541514,-0.0541514,-0.146373
M,0.197103,-0.161272,-0.161272,0.0358313
M,-0.127441,-0.145694,-0.145694,-0.273135
M,0.0815762,-0.124019,-0.124019,-0.0424423
M,-0.179096,-0.124019,-0.124019,-0.303114
M,0.371594,-0.0541514,-0.0541514,0.317442
M,0.063384,-0.0939877,-0.0939877,-0.0306038
M,-0.0343522,-0.0637851,-0.0637851,-0.0981373
M,0.0693978,-0.0541514,-0.0541514,0.0152463
M,0.0180712,-0.0740763,-0.0740763,-0.0560051
M,0.219363,-0.104883,-0.104883,0.11448
M,0.0879328,-0.110199,-0.110199,-0.0222665
M,-0.0706047,-0.0541514,-0.0541514,-0.124756
M,0.0378574,-0.0979191,-0.0979191,-0.0600617
M,0.147147,-0.084892,-0.084892,0.0622554
M,-0.00337726,-0.0666251,-0.0666251,-0.0700024
M,0.143204,-0.104617,-0.104617,0.0385869
M,0.0118907,-0.0494694,-0.0494694,-0.0375786
M,0.180793,-0.0273303,-0.0273303,0.153463
M,0.130847,-0.124019,-0.124019,0.00682803
M,0.314778,-0.0813209,-0.0813209,0.233457
M,0.18097,-0.161272,-0.161272,0.0196979
M,-0.0434674,-0.0632656,-0.0632656,-0.106733
M,-0.100853,-0.0112959,-0.0112959,-0.112149
M,-0.320528,-0.124019,-0.124019,-0.444547
M,0.415285,-0.144734,-0.144734,0.270551
M,0.352337,-0.031657,-0.031657,0.32068
M,0.0124039,-0.0836005,-0.0836005,-0.0711966
M,-0.303127,-0.124019,-0.124019,-0.427145
M,0.16182,-0.0494694,-0.0494694,0.112351
M,-0.0380512,-0.124019,-0.124019,-0.16207
M,0.293544,-0.144734,-0.144734,0.14881
M,0.105476,-0.161272,-0.161272,-0.0557963
M,0.418303,-0.0939877,-0.0939877,0.324315
M,0.0205784,-0.15089,-0.15089,-0.130311
M,0.289229,-0.0494694,-0.0494694,0.23976
M,0.22241,-0.0978161,-0.0978161,0.124594
M,0.202058,-0.110199,-0.110199,0.0918584
M,0.00798331,-0.132284,-0.132284,-0.124301
M,-0.341665,-0.104617,-0.104617,-0.446282
M,0.225959,-0.104617,-0.104617,0.121342
M,0.151726,-0.161272,-0.161272,-0.00954551
M,0.0138423,-0.0939877,-0.0939877,-0.0801455
M,0.025272,-0.124019,-0.124019,-0.0987465
M,0.097929,-0.145694,-0.145694,-0.0477651
M,0.197373,-0.145694,-0.145694,0.0516785
M,-0.118185,-0.161272,-0.161272,-0.279457
M,-0.189611,-0.113129,-0.113129,-0.30274
M,0.423764,-0.110199,-0.110199,0.313564
M,0.219224,-0.124019,-0.124019,0.095205
M,0.230373,-0.145694,-0.145694,0.0846786
M,0.332036,-0.0273303,-0.0273303,0.304706
M,-0.115466,-0.0939877,-0.0939877,-0.209454
M,-0.417849,-0.104617,-0.104617,-0.522466
M,0.238031,-0.145694,-0.145694,0.0923367
M,0.0824259,-0.104883,-0.104883,-0.0224572
M,-0.0350621,-0.124019,-0.124019,-0.159081
M,-0.0242561,-0.110199,-0.110199,-0.134455
M,0.105407,-0.124019,-0.124019,-0.018611
M,0.112884,-0.0939877,-0.0939877,0.0188959
M,0.156908,-0.0939877,-0.0939877,0.0629202
M,0.00595632,-0.161272,-0.161272,-0.155315
M,0.105378,-0.0494694,-0.0494694,0.0559082
M,0.0570318,-0.0273303,-0.0273303,0.0297015
M,0.0661791,-0.0939877,-0.0939877,-0.0278086
M,0.0302507,-0.0939877,-0.0939877,-0.0637371
M,0.0181323,-0.0112959,-0.0112959,0.0068364
M,-0.364647,-0.124019,-0.124019,-0.488665
M,0.247733,-0.145694,-0.145694,0.102039
M,0.159696,-0.0494694,-0.0494694,0.110227
M,-0.271531,-0.0273303,-0.0273303,-0.298862
M,0.167549,-0.161272,-0.161272,0.00627737
M,-0.0482229,-0.161272,-0.161272,-0.209495
M,0.237129,-0.161272,-0.161272,0.0758575
M,0.037369,-0.145694,-0.145694,-0.108325
M,0.0575863,-0.161272,-0.161272,-0.103686
M,0.0687626,-0.145694,-0.145694,-0.0769315
M,0.364745,0.0158038,0.0158038,0.380549
M,0.00745413,-0.145694,-0.145694,-0.13824
M,0.150294,-0.0939877,-0.0939877,0.0563059
M,0.00137293,-0.0939877,-0.0939877,-0.0926148
M,0.430701,-0.124019,-0.124019,0.306682
M,0.107431,-0.161272,-0.161272,-0.0538411
M,-0.167083,-0.104617,-0.104617,-0.2717
M,0.4282,-0.0494694,-0.0494694,0.378731
M,0.235355,-0.0978161,-0.0978161,0.137539
M,-0.161332,-0.124019,-0.124019,-0.28535
M,0.112211,-0.124019,-0.124019,-0.0118077
M,-0.00187613,-0.0273303,-0.0273303,-0.0292065
M,0.277766,-0.084892,-0.084892,0.192874
M,0.168396,-0.084892,-0.084892,0.0835043
M,0.094349,-0.145694,-0.145694,-0.051345
M,-0.0665099,-0.0637851,-0.0637851,-0.130295
M,0.30401,-0.084892,-0.084892,0.219118
M,0.233248,-0.110199,-0.110199,0.123049
M,0.0952802,-0.0112959,-0.0112959,0.0839843
M,0.215222,-0.161272,-0.161272,0.0539501
M,0.160699,-0.110199,-0.110199,0.0504997
M,0.165507,-0.0273303,-0.0273303,0.138176
M,0.372557,-0.124019,-0.124019,0.248538
M,0.272656,-0.0836005,-0.0836005,0.189055
M,0.0725067,-0.110199,-0.110199,-0.0376926
M,-0.228335,-0.145694,-0.145694,-0.374029
M,0.431437,-0.0939877,-0.0939877,0.337449
M,0.0863788,-0.110199,-0.110199,-0.0238205
M,-0.0160701,-0.0494694,-0.0494694,-0.0655395
M,-0.265439,-0.161272,-0.161272,-0.426711
M,-0.175698,-0.031657,-0.031657,-0.207355
M,-0.0814346,-0.0939877,-0.0939877,-0.175422
M,-0.159044,-0.104617,-0.104617,-0.263661
M,-0.093254,-0.0628206,-0.0628206,-0.156075
M,0.0652998,-0.0666251,-0.0666251,-0.00132527
M,0.345682,-0.0978161,-0.0978161,0.247866
M,-0.0759901,-0.0740763,-0.0740763,-0.150066
M,0.0584352,-0.124019,-0.124019,-0.0655833
M,0.0317471,-0.104883,-0.104883,-0.0731361
M,-0.0157128,-0.124019,-0.124019,-0.139731
M,-0.0138672,-0.144734,-0.144734,-0.158601
M,-0.133642,-0.140899,-0.140899,-0.274541
M,-0.0323027,-0.0939877,-0.0939877,-0.12629
M,-0.122786,-0.104617,-0.104617,-0.227403
M,0.234968,-0.0637851,-0.0637851,0.171183
M,-0.254912,-0.0939877,-0.0939877,-0.348899
M,0.377275,-0.110199,-0.110199,0.267075
M,0.24221,-0.101611,-0.101611,0.140598
M,0.180118,-0.084892,-0.084892,0.0952264
M,0.0172837,-0.0632656,-0.0632656,-0.0459819
M,0.156229,-0.0939877,-0.0939877,0.0622409
M,0.209752,-0.0740763,-0.0740763,0.135676
M,0.14769,-0.101317,-0.101317,0.0463731
M,0.0264185,-0.0813209,-0.0813209,-0.0549024
M,0.217055,-0.124019,-0.124019,0.0930367
M,0.288208,-0.110199,-0.110199,0.178009
M,0.102811,-0.0666251,-0.0666251,0.0361855
M,0.0214922,-0.0113123,-0.0113123,0.0101799
M,-0.00878941,-0.145694,-0.145694,-0.154483
M,-0.02043,-0.0632656,-0.0632656,-0.0836956
M,0.110797,-0.124019,-0.124019,-0.0132211
M,0.405951,-0.0978161,-0.0978161,0.308135
M,0.283035,-0.110199,-0.110199,0.172836
M,0.0610478,-0.0262305,-0.0262305,0.0348172
M,-0.00864411,-0.0541514,-0.0541514,-0.0627956
M,-0.0267216,-0.110199,-0.110199,-0.136921
M,0.0262783,-0.110199,-0.110199,-0.083921
M,-0.182954,-0.124019,-0.124019,-0.306973
M,0.00928779,-0.0494694,-0.0494694,-0.0401816
M,0.10175,-0.0978161,-0.0978161,0.00393369
M,0.0384816,-0.0637851,-0.0637851,-0.0253036
M,0.221241,-0.110199,-0.110199,0.111041
M,0.176947,-0.0939877,-0.0939877,0.0829594
M,-0.0109428,-0.145694,-0.145694,-0.156637
M,-0.375282,-0.084892,-0.084892,-0.460174
M,0.414872,-0.0273303,-0.0273303,0.387541
M,-0.0296938,-0.0939877,-0.0939877,-0.123682
M,0.459042,-0.0939877,-0.0939877,0.365054
M,0.195138,-0.145694,-0.145694,0.0494444
M,-0.325403,-0.0939877,-0.0939877,-0.419391
M,0.393145,-0.104883,-0.104883,0.288262
M,0.182471,-0.0939877,-0.0939877,0.0884829
M,-0.0964034,-0.145694,-0.145694,-0.242097
M,0.0593741,-0.0939877,-0.0939877,-0.0346136
M,0.08696,-0.0666251,-0.0666251,0.0203349
M,0.0611409,-0.0939877,-0.0939877,-0.0328468
M,0.221036,-0.0939877,-0.0939877,0.127049
M,-0.217426,-0.0939877,-0.0939877,-0.311413
M,-0.111341,-0.104617,-0.104617,-0.215958
M,-0.135382,-0.031657,-0.031657,-0.167039
M,-0.0324973,-0.145694,-0.145694,-0.178191
M,-0.0241842,-0.0494694,-0.0494694,-0.0736535
M,-0.0945968,-0.124019,-0.124019,-0.218615
M,-0.0272056,-0.104883,-0.104883,-0.132089
M,0.371065,-0.0939877,-0.0939877,0.277077
M,-0.0931709,-0.145694,-0.145694,-0.238865
M,0.287732,-0.145694,-0.145694,0.142038
M,0.244002,-0.0666251,-0.0666251,0.177376
M,0.355329,-0.145694,-0.145694,0.209635
M,0.0981562,-0.0632656,-0.0632656,0.0348906
M,0.146654,-0.0740763,-0.0740763,0.0725781
M,-0.133585,-0.0939877,-0.0939877,-0.227572
M,-0.224789,-0.145694,-0.145694,-0.370483
M,-0.0857809,-0.0813209,-0.0813209,-0.167102
M,-0.0545437,-0.084892,-0.084892,-0.139436
M,0.225834,-0.0813209,-0.0813209,0.144513
M,0.161362,-0.0637851,-0.0637851,0.0975772
M,0.547387,-0.110199,-0.110199,0.437187
M,0.302097,-0.084892,-0.084892,0.217205
M,-0.0570463,-0.144734,-0.144734,-0.20178
M,0.347179,-0.124019,-0.124019,0.22316
M,0.00217289,-0.104883,-0.104883,-0.10271
M,0.135192,-0.0112959,-0.0112959,0.123897
M,0.432691,-0.0978161,-0.0978161,0.334875
M,-0.0402962,-0.144734,-0.144734,-0.18503
M,-0.329339,-0.084892,-0.084892,-0.414231
M,0.202075,-0.104883,-0.104883,0.0971922
M,0.0527223,-0.144734,-0.144734,-0.0920115
M,-0.159602,-0.0273303,-0.0273303,-0.186932
M,-0.106464,-0.0939877,-0.0939877,-0.200452
M,-0.0749056,-0.161272,-0.161272,-0.236177
M,-0.0579842,-0.110199,-0.110199,-0.168183
M,0.244653,-0.0632656,-0.0632656,0.181387
M,-0.0628467,-0.084892,-0.084892,-0.147739
M,-0.233897,-0.084892,-0.084892,-0.318789
M,0.676995,-0.145694,-0.145694,0.531301
M,0.163158,-0.124019,-0.124019,0.0391393
M,0.29141,-0.0637851,-0.0637851,0.227625
M,0.282857,0.0158038,0.0158038,0.29866
M,0.278707,-0.145694,-0.145694,0.133013
M,-0.00466763,-0.161272,-0.161272,-0.165939
M,0.233505,-0.084892,-0.084892,0.148613
M,0.173334,-0.0939877,-0.0939877,0.0793462
M,0.32162,-0.0939877,-0.0939877,0.227632
M,0.0820159,-0.145694,-0.145694,-0.0636782
M,0.11073,-0.124019,-0.124019,-0.0132881
M,-0.0814692,-0.113129,-0.113129,-0.194599
M,0.0482077,-0.104617,-0.104617,-0.0564092
M,0.156786,-0.104617,-0.104617,0.0521689
M,0.0261327,-0.0939877,-0.0939877,-0.067855
M,0.299266,-0.145694,-0.145694,0.153572
M,0.0826275,-0.0666251,-0.0666251,0.0160024
M,0.237477,-0.104883,-0.104883,0.132594
M,0.100244,-0.0836005,-0.0836005,0.0166431
M,-0.276834,-0.0494694,-0.0494694,-0.326303
M,0.354567,-0.0939877,-0.0939877,0.260579
M,-0.162498,-0.145694,-0.145694,-0.308192
M,-0.169062,-0.0637851,-0.0637851,-0.232847
M,0.0745717,-0.145694,-0.145694,-0.0711223
M,0.0628622,-0.104617,-0.104617,-0.0417546
M,0.0528338,-0.104617,-0.104617,-0.051783
M,0.149016,-0.101611,-0.101611,0.0474042
M,-0.226077,-0.0273303,-0.0273303,-0.253407
M,-0.0181602,-0.161272,-0.161272,-0.179432
M,0.234753,-0.132284,-0.132284,0.102468
M,0.394879,-0.124019,-0.124019,0.27086
M,0.0236834,-0.0939877,-0.0939877,-0.0703044
M,0.00466117,-0.110199,-0.110199,-0.105538
M,0.28142,-0.031657,-0.031657,0.249763
M,0.194636,-0.110199,-0.110199,0.0844371
M,-0.183931,-0.200104,-0.200104,-0.384035
M,-0.338456,-0.124019,-0.124019,-0.462474
M,0.38523,-0.084892,-0.084892,0.300338
M,-0.0133569,-0.0637851,-0.0637851,-0.077142
M,0.504988,-0.0666251,-0.0666251,0.438363
M,0.0776016,-0.0939877,-0.0939877,-0.0163861
M,0.338542,-0.0939877,-0.0939877,0.244554
M,0.103646,-0.078104,-0.078104,0.0255425
M,0.248748,-0.104617,-0.104617,0.144131
M,0.187633,-0.161272,-0.161272,0.0263616
M,-0.0443786,-0.161272,-0.161272,-0.20565
M,0.291928,-0.124019,-0.124019,0.167909
M,0.0742566,-0.0939877,-0.0939877,-0.0197311
M,0.0324095,-0.161272,-0.161272,-0.128862
M,0.155849,-0.104883,-0.104883,0.0509656
M,0.0902327,-0.0939877,-0.0939877,-0.003755
M,0.0693294,-0.124019,-0.124019,-0.0546891
M,0.272898,-0.161272,-0.161272,0.111626
M,0.0498325,-0.0666251,-0.0666251,-0.0167926
M,0.335929,-0.0112959,-0.0112959,0.324633
M,-0.0138342,-0.124019,-0.124019,-0.137853
M,0.0158555,-0.145694,-0.145694,-0.129839
M,0.408389,-0.200104,-0.200104,0.208285
M,0.285852,-0.0939877,-0.0939877,0.191864
M,0.142545,-0.0939877,-0.0939877,0.0485568
M,0.00490284,-0.0939877,-0.0939877,-0.0890849
M,0.287957,-0.101317,-0.101317,0.186641
M,0.219874,-0.0666251,-0.0666251,0.153249
M,0.114659,-0.0273303,-0.0273303,0.0873282
M,-0.185519,-0.0273303,-0.0273303,-0.212849
M,0.203173,-0.0666251,-0.0666251,0.136547
M,0.223459,-0.104617,-0.104617,0.118842
M,0.192185,-0.078104,-0.078104,0.114081
M,-0.0716654,-0.0939877,-0.0939877,-0.165653
M,0.326764,-0.124019,-0.124019,0.202746
M,-0.0168279,-0.0494694,-0.0494694,-0.0662973
M,0.426241,-0.0375874,-0.0375874,0.388654
M,-0.0451892,-0.161272,-0.161272,-0.206461
M,0.00932577,-0.0939877,-0.0939877,-0.084662
M,0.294098,-0.0939877,-0.0939877,0.20011
M,0.149533,-0.084892,-0.084892,0.064641
M,-0.053145,-0.161272,-0.161272,-0.214417
M,-0.155245,-0.0628206,-0.0628206,-0.218065
M,0.628461,-0.0939877,-0.0939877,0.534473
M,0.0305331,-0.145694,-0.145694,-0.115161
M,-0.277183,-0.0939877,-0.0939877,-0.371171
M,0.460204,-0.145694,-0.145694,0.31451
M,-0.117248,-0.0939877,-0.0939877,-0.211236
M,-0.173388,-0.084892,-0.084892,-0.25828
M,-0.107581,-0.0541514,-0.0541514,-0.161733
M,0.0325872,-0.0632656,-0.0632656,-0.0306784
M,-0.101271,-0.0637851,-0.0637851,-0.165057
M,-0.381029,-0.084892,-0.084892,-0.465921
M,-0.161321,-0.0740763,-0.0740763,-0.235397
M,0.0606173,-0.124019,-0.124019,-0.0634012
M,0.226,-0.104883,-0.104883,0.121116
M,-0.1479,-0.124019,-0.124019,-0.271918
M,0.268877,-0.112901,-0.112901,0.155976
M,0.123225,-0.0939877,-0.0939877,0.0292374
M,0.00561032,-0.104617,-0.104617,-0.0990065
M,0.163493,-0.031657,-0.031657,0.131836
M,0.0683228,-0.161272,-0.161272,-0.092949
M,0.203722,-0.0971138,-0.0971138,0.106609
M,0.0475214,-0.0273303,-0.0273303,0.020191
M,-0.11093,-0.104617,-0.104617,-0.215546
M,0.0209564,-0.0637851,-0.0637851,-0.0428288
M,-0.142008,-0.0939877,-0.0939877,-0.235996
M,0.124246,-0.0666251,-0.0666251,0.0576209
M,0.233905,-0.104617,-0.104617,0.129288
M,0.160717,-0.0939877,-0.0939877,0.0667292
M,0.128619,-0.145694,-0.145694,-0.0170746
M,0.119342,-0.104617,-0.104617,0.0147254
M,0.556184,-0.124019,-0.124019,0.432166
M,0.141113,-0.0836005,-0.0836005,0.0575121
M,0.295487,-0.084892,-0.084892,0.210595
M,0.536981,-0.084892,-0.084892,0.452089
M,0.0979341,-0.124019,-0.124019,-0.0260844
M,0.370878,-0.124019,-0.124019,0.24686
M,-0.0541722,-0.145694,-0.145694,-0.199866
M,-0.00505748,-0.0939877,-0.0939877,-0.0990452
M,0.220568,-0.0939877,-0.0939877,0.12658
M,-0.103858,-0.0939877,-0.0939877,-0.197846
M,0.283851,-0.0262305,-0.0262305,0.257621
M,-0.0824244,-0.0813209,-0.0813209,-0.163745
M,0.256675,-0.031657,-0.031657,0.225018
M,0.209042,-0.0666251,-0.0666251,0.142417
M,0.0838814,-0.0632656,-0.0632656,0.0206158
M,0.0613522,-0.124019,-0.124019,-0.0626663
M,0.093929,-0.124019,-0.124019,-0.0300895
M,-0.100267,-0.161272,-0.161272,-0.261539
M,0.0477962,-0.145694,-0.145694,-0.0978978
M,0.169909,-0.084892,-0.084892,0.0850166
M,0.0275445,-0.0939877,-0.0939877,-0.0664432
M,0.154085,-0.0939877,-0.0939877,0.0600976
M,0.318211,-0.104617,-0.104617,0.213594
M,-0.179138,-0.0939877,-0.0939877,-0.273125
M,0.0968998,-0.112901,-0.112901,-0.0160013
M,0.275721,-0.0939877,-0.0939877,0.181733
M,-0.00198144,-0.113129,-0.113129,-0.115111
M,0.0592698,-0.0939877,-0.0939877,-0.0347179
M,0.150325,-0.084892,-0.084892,0.0654331
M,0.411145,-0.0939877,-0.0939877,0.317157
M,0.127761,-0.0939877,-0.0939877,0.033773
M,-0.101204,-0.110199,-0.110199,-0.211403
M,0.119859,-0.124019,-0.124019,-0.00415938
M,-0.353294,-0.0632656,-0.0632656,-0.41656
M,0.431248,-0.0939877,-0.0939877,0.33726
M,0.280768,-0.124019,-0.124019,0.156749
M,0.268106,-0.161272,-0.161272,0.106834
M,0.120394,-0.104617,-0.104617,0.0157771
M,0.169548,-0.0939877,-0.0939877,0.0755604
M,0.022932,-0.0637851,-0.0637851,-0.0408531
M,-0.298788,-0.0939877,-0.0939877,-0.392776
M,0.0836143,-0.0666251,-0.0666251,0.0169892
M,0.0375556,-0.124019,-0.124019,-0.0864629
M,-0.274719,-0.104883,-0.104883,-0.379602
M,0.578499,-0.0939877,-0.0939877,0.484512
M,-0.385001,-0.0628206,-0.0628206,-0.447822
M,-0.113608,-0.0494694,-0.0494694,-0.163077
M,-0.161321,-0.0858016,-0.0858016,-0.247122
M,0.242063,-0.145694,-0.145694,0.0963692
M,0.045939,-0.124019,-0.124019,-0.0780795
M,0.337962,-0.0939877,-0.0939877,0.243974
M,-0.0492856,-0.0858016,-0.0858016,-0.135087
M,0.109513,-0.084892,-0.084892,0.0246212
M,-0.483567,-0.084892,-0.084892,-0.568459
M,-0.243939,-0.144734,-0.144734,-0.388673
M,0.223122,-0.145694,-0.145694,0.0774275
M,-0.274906,-0.084892,-0.084892,-0.359798
M,0.282052,-0.145694,-0.145694,0.136358
M,0.235056,-0.0939877,-0.0939877,0.141069
M,0.0227093,-0.084892,-0.084892,-0.0621827
M,0.0917623,-0.104617,-0.104617,-0.0128546
M,0.695881,-0.0813209,-0.0813209,0.61456
M,-0.156483,-0.124019,-0.124019,-0.280501
M,0.294818,-0.101611,-0.101611,0.193207
M,0.0558417,-0.084892,-0.084892,-0.0290504
M,0.169154,-0.145694,-0.145694,0.0234598
M,-0.2458,-0.0637851,-0.0637851,-0.309585
M,-0.0266865,-0.084892,-0.084892,-0.111578
M,0.115928,-0.0494694,-0.0494694,0.0664591
M,0.209053,-0.124019,-0.124019,0.0850347
M,0.0312679,-0.0939877,-0.0939877,-0.0627198
M,0.147374,-0.144734,-0.144734,0.00264041
M,0.276352,-0.110199,-0.110199,0.166153
M,0.392152,-0.144734,-0.144734,0.247418
M,0.181694,-0.0836005,-0.0836005,0.0980938
M,0.206372,-0.0939877,-0.0939877,0.112384
M,0.0029474,-0.161272,-0.161272,-0.158324
M,0.0129232,-0.145694,-0.145694,-0.132771
M,0.32904,-0.0939877,-0.0939877,0.235052
M,0.0220495,-0.084892,-0.084892,-0.0628425
M,0.0892598,-0.0273303,-0.0273303,0.0619295
M,0.223632,-0.124019,-0.124019,0.099614
M,-0.0454899,-0.101611,-0.101611,-0.147101
M,-0.20428,-0.124019,-0.124019,-0.328298
M,0.00761834,-0.0939877,-0.0939877,-0.0863694
M,-0.0333822,-0.031657,-0.031657,-0.0650392
M,0.00106119,-0.145694,-0.145694,-0.144633
M,0.107943,-0.104617,-0.104617,0.0033264
M,0.0468428,-0.0273303,-0.0273303,0.0195124
M,-0.129085,-0.101611,-0.101611,-0.230696
M,-0.0662955,-0.0813209,-0.0813209,-0.147616
M,0.358611,-0.124019,-0.124019,0.234592
M,0.282694,-0.110199,-0.110199,0.172494
M,-0.174333,-0.00186603,-0.00186603,-0.176199
M,0.0773461,-0.124019,-0.124019,-0.0466724
M,0.164392,-0.0939877,-0.0939877,0.0704042
M,0.074881,-0.0939877,-0.0939877,-0.0191067
M,0.214225,-0.124019,-0.124019,0.0902065
M,0.0252806,-0.0939877,-0.0939877,-0.0687071
M,0.0867008,-0.0628206,-0.0628206,0.0238802
M,0.282507,-0.0939877,-0.0939877,0.188519
M,0.0535703,-0.0939877,-0.0939877,-0.0404174
M,0.316335,-0.110199,-0.110199,0.206135
M,0.104849,-0.124019,-0.124019,-0.0191695
M,-0.251526,-0.161272,-0.161272,-0.412797
M,0.0889962,-0.124019,-0.124019,-0.0350223
M,-0.0394563,-0.110199,-0.110199,-0.149656
M,-0.133083,-0.0939877,-0.0939877,-0.22707
M,-0.199403,-0.104883,-0.104883,-0.304286
M,0.106625,-0.0262305,-0.0262305,0.0803941
M,-0.435706,-0.0273303,-0.0273303,-0.463036
M,0.229334,-0.0939877,-0.0939877,0.135346
M,0.087492,-0.113129,-0.113129,-0.0256373
M,-0.0175805,-0.145694,-0.145694,-0.163275
M,-0.1593,-0.0813209,-0.0813209,-0.240621
M,0.272928,-0.0494694,-0.0494694,0.223459
M,0.373031,-0.0494694,-0.0494694,0.323561
M,0.00266402,-0.140493,-0.140493,-0.137829
M,0.0272118,-0.0939877,-0.0939877,-0.066776
M,0.444959,-0.031657,-0.031657,0.413302
M,-0.0725712,-0.0273303,-0.0273303,-0.0999015
M,0.0664442,-0.145694,-0.145694,-0.0792498
M,0.0506638,-0.104883,-0.104883,-0.0542194
M,0.0462876,-0.104617,-0.104617,-0.0583293
M,0.159317,-0.0632656,-0.0632656,0.0960515
M,0.0304884,-0.0939877,-0.0939877,-0.0634994
M,0.231269,-0.124019,-0.124019,0.107251
M,-0.208842,-0.124019,-0.124019,-0.33286
M,-0.0816621,-0.101317,-0.101317,-0.182979
M,0.200921,-0.0637851,-0.0637851,0.137136
M,0.1325,-0.124019,-0.124019,0.00848185
M,-0.288844,-0.0628206,-0.0628206,-0.351665
M,0.132204,-0.0494694,-0.0494694,0.0827349
M,0.308538,-0.0637851,-0.0637851,0.244753
M,-0.231468,-0.124019,-0.124019,-0.355487
M,0.675759,-0.084892,-0.084892,0.590867
M,-0.0327826,-0.0939877,-0.0939877,-0.12677
M,-0.0774908,-0.0939877,-0.0939877,-0.171479
M,-0.0218696,-0.031657,-0.031657,-0.0535266
M,0.0638627,-0.110199,-0.110199,-0.0463366
M,0.158009,-0.145694,-0.145694,0.0123152
M,0.48186,-0.0939877,-0.0939877,0.387873
M,0.317192,-0.145694,-0.145694,0.171498
M,0.105206,-0.104617,-0.104617,0.000588761
M,-0.267253,-0.031657,-0.031657,-0.29891
M,0.307192,-0.145694,-0.145694,0.161498
M,0.175906,-0.084892,-0.084892,0.0910136
M,-0.0340455,-0.0939877,-0.0939877,-0.128033
M,0.32705,-0.084892,-0.084892,0.242158
M,-0.0204698,-0.145694,-0.145694,-0.166164
M,0.331992,-0.101611,-0.101611,0.23038
M,0.331591,-0.0666251,-0.0666251,0.264966
M,-0.27505,-0.0813209,-0.0813209,-0.356371
M,0.287424,-0.031657,-0.031657,0.255767
M,0.240881,-0.124019,-0.124019,0.116863
M,0.0632631,-0.161272,-0.161272,-0.0980087
M,0.135019,-0.144734,-0.144734,-0.00971429
M,0.273983,-0.0939877,-0.0939877,0.179995
M,0.0143355,-0.104883,-0.104883,-0.0905477
M,-0.00668165,-0.084892,-0.084892,-0.0915737
M,0.0824485,-0.124019,-0.124019,-0.04157
M,-0.141424,-0.0858016,-0.0858016,-0.227226
M,0.0810426,-0.0939877,-0.0939877,-0.0129452
M,-0.023572,-0.124019,-0.124019,-0.147591
M,0.196517,-0.145694,-0.145694,0.0508231
M,0.445581,-0.124019,-0.124019,0.321563
M,0.483456,-0.101317,-0.101317,0.382139
M,0.117528,-0.110199,-0.110199,0.00732921
M,0.418573,-0.0494694,-0.0494694,0.369103
M,0.171317,-0.110199,-0.110199,0.0611175
M,-0.0047957,-0.0813209,-0.0813209,-0.0861166
M,0.0900714,-0.0666251,-0.0666251,0.0234463
M,-0.0792387,-0.0637851,-0.0637851,-0.143024
M,0.314351,-0.124019,-0.124019,0.190332
M,0.287579,-0.124019,-0.124019,0.16356
M,-0.00607666,-0.124019,-0.124019,-0.130095
M,0.116658,-0.084892,-0.084892,0.0317655
M,0.345336,-0.145694,-0.145694,0.199642
M,0.204097,-0.084892,-0.084892,0.119205
M,0.107817,-0.145694,-0.145694,-0.0378775
M,0.0380116,-0.104617,-0.104617,-0.0666053
M,0.219015,-0.0494694,-0.0494694,0.169545
M,0.110282,-0.132284,-0.132284,-0.0220023
M,0.368805,-0.0494694,-0.0494694,0.319335
M,0.0713306,-0.124019,-0.124019,-0.0526879
M,0.0172288,-0.0939877,-0.0939877,-0.0767589
M,-0.10323,-0.0637851,-0.0637851,-0.167016
M,0.243967,-0.0273303,-0.0273303,0.216636
M,0.15463,-0.124019,-0.124019,0.030611
M,-0.240861,-0.0637851,-0.0637851,-0.304646
M,0.161547,-0.124019,-0.124019,0.0375289
M,0.0858679,-0.145694,-0.145694,-0.0598262
M,0.467804,-0.0273303,-0.0273303,0.440473
M,0.00619443,-0.084892,-0.084892,-0.0786976
M,0.2929,-0.145694,-0.145694,0.147206
M,0.0480691,-0.124019,-0.124019,-0.0759494
M,-0.18619,-0.0273303,-0.0273303,-0.21352
M,0.000841091,-0.15089,-0.15089,-0.150049
M,-0.01093,-0.124019,-0.124019,-0.134949
M,-0.293277,-0.0666251,-0.0666251,-0.359903
M,0.0269963,-0.084892,-0.084892,-0.0578957
M,0.158605,-0.0813209,-0.0813209,0.0772842
M,0.0436009,-0.140493,-0.140493,-0.0968924
M,-0.0425497,-0.0971138,-0.0971138,-0.139663
M,-0.241028,-0.105683,-0.105683,-0.34671
M,0.0394258,-0.0939877,-0.0939877,-0.0545619
M,0.311945,-0.084892,-0.084892,0.227053
M,-0.0114042,-0.084892,-0.084892,-0.0962962
M,-0.199229,-0.0813209,-0.0813209,-0.28055
M,0.0123845,-0.144734,-0.144734,-0.132349
M,0.00830388,-0.0939877,-0.0939877,-0.0856838
M,0.396068,-0.124019,-0.124019,0.27205
M,0.0385857,-0.0813209,-0.0813209,-0.0427352
M,0.199328,-0.0813209,-0.0813209,0.118007
M,0.166662,-0.0273303,-0.0273303,0.139332
M,0.250039,-0.084892,-0.084892,0.165147
M,0.132122,-0.161272,-0.161272,-0.02915
M,0.0957204,-0.15089,-0.15089,-0.0551694
M,0.0298607,-0.0978161,-0.0978161,-0.0679554
M,0.228379,-0.0939877,-0.0939877,0.134392
M,0.151602,-0.124019,-0.124019,0.0275831
M,0.297008,-0.0740763,-0.0740763,0.222932
M,-0.0336529,-0.110199,-0.110199,-0.143852
M,0.0863682,-0.0939877,-0.0939877,-0.00761957
M,0.353564,-0.145694,-0.145694,0.20787
M,-0.105168,-0.145694,-0.145694,-0.250862
M,-0.0743475,-0.0813209,-0.0813209,-0.155668
M,-0.274841,-0.0978161,-0.0978161,-0.372657
M,-0.0345507,-0.0273303,-0.0273303,-0.061881
M,-0.031343,-0.0978161,-0.0978161,-0.129159
M,-0.106467,-0.0939877,-0.0939877,-0.200455
M,-0.182232,-0.084892,-0.084892,-0.267124
M,-0.276756,-0.0813209,-0.0813209,-0.358076
M,0.0920534,-0.0637851,-0.0637851,0.0282683
M,0.259415,-0.110199,-0.110199,0.149216
M,-0.0506407,-0.145694,-0.145694,-0.196335
M,0.402551,-0.104883,-0.104883,0.297668
M,0.170629,-0.161272,-0.161272,0.0093573
M,0.330532,-0.0262305,-0.0262305,0.304301
M,0.251527,-0.101611,-0.101611,0.149916
M,0.309894,-0.0939877,-0.0939877,0.215906
M,0.102252,-0.145694,-0.145694,-0.0434418
M,0.209838,-0.161272,-0.161272,0.0485662
M,-0.0905007,-0.124019,-0.124019,-0.214519
M,0.337186,-0.0273303,-0.0273303,0.309855
M,0.231638,-0.110199,-0.110199,0.121439
M,0.177953,-0.124019,-0.124019,0.0539342
M,0.323679,-0.145694,-0.145694,0.177985
M,0.157787,-0.0666251,-0.0666251,0.0911622
M,0.242966,-0.0637851,-0.0637851,0.179181
M,0.0837226,-0.161272,-0.161272,-0.0775492
M,0.0759187,-0.0939877,-0.0939877,-0.0180691
M,-0.21722,-0.084892,-0.084892,-0.302112
M,-0.18008,-0.0939877,-0.0939877,-0.274068
M,0.373066,-0.0939877,-0.0939877,0.279078
M,-0.279174,-0.161272,-0.161272,-0.440446
M,0.203911,-0.084892,-0.084892,0.119019
M,0.0880564,-0.104883,-0.104883,-0.0168268
M,-0.272972,-0.161272,-0.161272,-0.434244
M,0.465978,-0.084892,-0.084892,0.381086
M,0.250315,-0.110199,-0.110199,0.140116
M,0.305387,-0.161272,-0.161272,0.144115
M,0.284865,-0.145694,-0.145694,0.139171
M,-0.0179016,-0.084892,-0.084892,-0.102794
M,0.22462,-0.104617,-0.104617,0.120003
M,0.132516,-0.0262305,-0.0262305,0.106285
M,-0.0612839,-0.161272,-0.161272,-0.222556
M,0.151153,-0.124019,-0.124019,0.0271345
M,0.435,-0.145694,-0.145694,0.289306
M,-0.194771,-0.0541514,-0.0541514,-0.248923
M,0.118734,-0.0939877,-0.0939877,0.0247459
M,-0.0400895,-0.0273303,-0.0273303,-0.0674198
M,0.278966,-0.110199,-0.110199,0.168767
M,0.466908,-0.0939877,-0.0939877,0.37292
M,0.177477,-0.104617,-0.104617,0.0728602
M,0.237721,-0.0273303,-0.0273303,0.210391
M,0.303083,-0.0637851,-0.0637851,0.239298
M,0.00823573,-0.0632656,-0.0632656,-0.0550298
M,0.422101,-0.0273303,-0.0273303,0.394771
M,0.170839,-0.161272,-0.161272,0.00956748
M,0.283979,-0.0494694,-0.0494694,0.23451
M,0.404532,-0.0978161,-0.0978161,0.306716
M,-0.348034,-0.0494694,-0.0494694,-0.397503
M,-0.248962,-0.0494694,-0.0494694,-0.298431
M,0.0770897,-0.0939877,-0.0939877,-0.016898
M,0.0204509,-0.0939877,-0.0939877,-0.0735368
M,0.38846,-0.0939877,-0.0939877,0.294472
M,0.403284,-0.084892,-0.084892,0.318392
M,0.0176255,-0.104617,-0.104617,-0.0869914
M,0.0745793,-0.0637851,-0.0637851,0.0107942
M,0.10956,-0.0813209,-0.0813209,0.0282388
M,0.201611,-0.145694,-0.145694,0.0559167
M,0.415948,-0.0541514,-0.0541514,0.361796
M,-0.0898432,-0.124019,-0.124019,-0.213862
M,0.130001,-0.0273303,-0.0273303,0.102671
M,-0.00966289,-0.084892,-0.084892,-0.0945549
M,-0.0680606,-0.124019,-0.124019,-0.192079
M,0.0760583,-0.0939877,-0.0939877,-0.0179294
M,0.105441,-0.0666251,-0.0666251,0.038816
M,-0.0595072,-0.0978161,-0.0978161,-0.157323
M,0.242806,-0.161272,-0.161272,0.0815345
M,-0.24381,-0.0971138,-0.0971138,-0.340923
M,0.0522716,-0.144734,-0.144734,-0.0924621
M,0.197583,-0.161272,-0.161272,0.0363108
M,0.366626,-0.104617,-0.104617,0.262009
M,-0.100032,-0.0113123,-0.0113123,-0.111345
M,0.25852,-0.124019,-0.124019,0.134501
M,-0.106226,-0.084892,-0.084892,-0.191118
M,0.189879,-0.145694,-0.145694,0.0441848
M,0.104471,-0.161272,-0.161272,-0.0568009
M,0.584652,-0.110199,-0.110199,0.474452
M,0.138033,-0.104617,-0.104617,0.0334159
M,0.32715,-0.161272,-0.161272,0.165878
M,-0.106118,-0.031657,-0.031657,-0.137775
M,-0.204569,-0.104617,-0.104617,-0.309186
M,-0.00793675,-0.110199,-0.110199,-0.118136
M,0.0335121,-0.124019,-0.124019,-0.0905064
M,-0.00386821,-0.145694,-0.145694,-0.149562
M,0.0716577,-0.0939877,-0.0939877,-0.0223301
M,-0.00026622,-0.124019,-0.124019,-0.124285
M,0.184288,-0.0813209,-0.0813209,0.102968
M,0.298591,-0.101317,-0.101317,0.197274
M,0.0838555,-0.113129,-0.113129,-0.0292738
M,-0.0666536,-0.145694,-0.145694,-0.212348
M,0.34465,-0.0632656,-0.0632656,0.281385
M,0.206834,-0.124019,-0.124019,0.0828156
M,0.0603199,-0.145694,-0.145694,-0.0853741
M,0.18022,-0.124019,-0.124019,0.0562016
M,-0.00779103,-0.0112959,-0.0112959,-0.0190869
M,0.19778,-0.124019,-0.124019,0.0737619
M,0.0197302,-0.0939877,-0.0939877,-0.0742575
M,0.122817,-0.104617,-0.104617,0.0182002
M,0.0984093,-0.145694,-0.145694,-0.0472847
M,0.0703136,-0.140899,-0.140899,-0.0705855
M,0.0629901,-0.145694,-0.145694,-0.0827039
M,0.0745115,-0.0939877,-0.0939877,-0.0194762
M,0.178305,-0.104617,-0.104617,0.0736881
M,0.255342,-0.0813209,-0.0813209,0.174022
M,-0.123306,-0.110199,-0.110199,-0.233506
M,0.256743,-0.0939877,-0.0939877,0.162756
M,0.0463776,-0.084892,-0.084892,-0.0385144
M,0.28456,-0.145694,-0.145694,0.138866
M,0.159738,-0.145694,-0.145694,0.0140439
M,0.312051,-0.161272,-0.161272,0.150779
M,0.707056,-0.0939877,-0.0939877,0.613068
M,0.55491,-0.084892,-0.084892,0.470018
M,-0.355084,-0.0273303,-0.0273303,-0.382415
M,0.203241,-0.0939877,-0.0939877,0.109253
M,-0.0268908,-0.144734,-0.144734,-0.171625
M,0.301122,-0.0494694,-0.0494694,0.251653
M,0.0646944,-0.124019,-0.124019,-0.0593241
M,0.196585,-0.113129,-0.113129,0.0834553
M,-0.225004,-0.132284,-0.132284,-0.357288
M,0.129923,-0.124019,-0.124019,0.00590447
M,0.44721,-0.145694,-0.145694,0.301516
M,0.21402,-0.0494694,-0.0494694,0.164551
M,0.181727,-0.132284,-0.132284,0.0494428
M,0.128565,-0.0939877,-0.0939877,0.0345777
M,-0.0577428,-0.110199,-0.110199,-0.167942
M,0.677553,-0.145694,-0.145694,0.531859
M,0.181891,-0.145694,-0.145694,0.0361966
M,-0.0960428,-0.124019,-0.124019,-0.220061
M,-0.0422185,-0.161272,-0.161272,-0.20349
M,0.272956,-0.0939877,-0.0939877,0.178968
M,-0.278064,-0.084892,-0.084892,-0.362956
M,-0.00237881,-0.0494694,-0.0494694,-0.0518482
M,0.0695723,-0.0939877,-0.0939877,-0.0244154
M,0.0173494,-0.084892,-0.084892,-0.0675426
M,-0.341816,-0.101611,-0.101611,-0.443427
M,0.223745,-0.0939877,-0.0939877,0.129757
M,-0.0503031,-0.0813209,-0.0813209,-0.131624
M,-0.149803,-0.0628206,-0.0628206,-0.212624
M,-0.278649,-0.0632656,-0.0632656,-0.341915
M,-0.285232,-0.124019,-0.124019,-0.40925
M,-0.0497129,-0.0273303,-0.0273303,-0.0770433
M,0.251831,-0.161272,-0.161272,0.0905589
M,0.013658,-0.124019,-0.124019,-0.110361
M,0.318237,-0.0939877,-0.0939877,0.22425
M,0.264752,-0.110199,-0.110199,0.154553
M,0.273156,-0.0813209,-0.0813209,0.191835
M,-0.154901,-0.0273303,-0.0273303,-0.182231
M,0.426377,-0.145694,-0.145694,0.280683
M,0.553793,-0.084892,-0.084892,0.468901
M,0.157913,-0.0632656,-0.0632656,0.0946474
M,-0.0313276,-0.104617,-0.104617,-0.135944
M,-0.257318,-0.0939877,-0.0939877,-0.351306
M,0.209971,-0.0939877,-0.0939877,0.115984
M,-0.168944,-0.161272,-0.161272,-0.330216
M,0.0770784,-0.104617,-0.104617,-0.0275384
M,0.154056,-0.104617,-0.104617,0.0494387
M,-0.430583,-0.124019,-0.124019,-0.554602
M,0.606597,-0.144734,-0.144734,0.461863
M,0.14319,-0.101317,-0.101317,0.0418728
M,0.178177,-0.140899,-0.140899,0.037278
M,-0.219481,-0.161272,-0.161272,-0.380753
M,-0.117986,-0.0666251,-0.0666251,-0.184611
M,0.571116,-0.145694,-0.145694,0.425422
M,0.176419,-0.110199,-0.110199,0.0662193
M,0.0517483,-0.104883,-0.104883,-0.0531349
M,-0.0398731,-0.101317,-0.101317,-0.14119
M,0.262523,-0.104617,-0.104617,0.157906
M,0.228247,-0.0494694,-0.0494694,0.178778
M,0.184841,-0.084892,-0.084892,0.0999486
M,0.160722,-0.145694,-0.145694,0.0150284
M,0.202699,-0.0971138,-0.0971138,0.105585
M,0.0587448,-0.140899,-0.140899,-0.0821543
M,0.0597694,-0.161272,-0.161272,-0.101502
M,0.209943,-0.145694,-0.145694,0.0642495
M,0.0817299,-0.124019,-0.124019,-0.0422886
M,-0.357138,-0.0813209,-0.0813209,-0.438458
M,-0.0412526,-0.145694,-0.145694,-0.186947
M,0.135683,-0.0939877,-0.0939877,0.0416951
M,0.161574,-0.0666251,-0.0666251,0.0949489
M,-0.0443374,-0.104617,-0.104617,-0.148954
M,-0.104458,-0.110199,-0.110199,-0.214657
M,0.230338,-0.124019,-0.124019,0.10632
M,-0.119483,-0.119319,-0.119319,-0.238802
M,0.49441,-0.104883,-0.104883,0.389527
M,0.127007,-0.084892,-0.084892,0.0421151
M,-0.163224,-0.0262305,-0.0262305,-0.189454
M,0.0193095,-0.0939877,-0.0939877,-0.0746782
M,-0.168094,-0.110199,-0.110199,-0.278293
M,0.00476726,-0.084892,-0.084892,-0.0801248
M,-0.17286,-0.145694,-0.145694,-0.318554
M,-0.0515131,-0.0273303,-0.0273303,-0.0788434
M,0.160274,-0.124019,-0.124019,0.0362551
M,0.0650906,-0.0666251,-0.0666251,-0.00153447
M,0.372184,-0.104617,-0.104617,0.267567
M,-0.105977,-0.0939877,-0.0939877,-0.199965
M,-0.172483,-0.124019,-0.124019,-0.296502
M,0.275492,-0.104883,-0.104883,0.170609
M,-0.15776,-0.145694,-0.145694,-0.303454
M,0.0307802,-0.0375874,-0.0375874,-0.00680726
M,0.0674231,-0.144734,-0.144734,-0.0773107
M,0.355943,-0.110199,-0.110199,0.245744
M,0.0377845,-0.0978161,-0.0978161,-0.0600316
M,0.29819,-0.104883,-0.104883,0.193307
M,0.0797714,-0.104617,-0.104617,-0.0248455
M,0.129056,-0.0939877,-0.0939877,0.0350681
M,-0.0831754,-0.0939877,-0.0939877,-0.177163
M,0.425124,-0.145694,-0.145694,0.27943
M,0.210499,-0.0939877,-0.0939877,0.116511
M,0.295949,-0.0978161,-0.0978161,0.198133
M,0.283128,-0.0939877,-0.0939877,0.189141
M,-0.0327577,-0.0836005,-0.0836005,-0.116358
M,-0.039273,-0.124019,-0.124019,-0.163291
M,-0.156859,-0.145694,-0.145694,-0.302553
M,0.401164,-0.145694,-0.145694,0.25547
M,0.175922,-0.110199,-0.110199,0.0657224
M,0.165482,-0.0978161,-0.0978161,0.0676656
M,-0.0144039,-0.104617,-0.104617,-0.119021
M,0.397655,-0.124019,-0.124019,0.273637
M,-0.0582681,-0.161272,-0.161272,-0.21954
M,-0.130678,-0.145694,-0.145694,-0.276372
M,0.16126,-0.161272,-0.161272,-1.13647e-05
M,0.0417096,-0.124019,-0.124019,-0.0823089
M,0.221944,-0.0939877,-0.0939877,0.127957
M,0.034192,-0.031657,-0.031657,0.00253501
M,0.264038,-0.161272,-0.161272,0.102766
M,-0.00526796,-0.084892,-0.084892,-0.09016
M,0.0781215,-0.0273303,-0.0273303,0.0507912
M,0.134802,-0.0858016,-0.0858016,0.049
M,0.279066,-0.0939877,-0.0939877,0.185078
M,0.222248,-0.0273303,-0.0273303,0.194918
M,0.422241,-0.161272,-0.161272,0.260969
M,0.216866,-0.084892,-0.084892,0.131974
M,-0.109686,-0.145694,-0.145694,-0.25538
M,0.272438,-0.0813209,-0.0813209,0.191117
M,0.0444712,-0.104617,-0.104617,-0.0601456
M,0.377805,-0.0813209,-0.0813209,0.296484
M,0.149998,-0.110199,-0.110199,0.0397988
M,0.293313,-0.0939877,-0.0939877,0.199325
M,0.0194811,-0.145694,-0.145694,-0.126213
M,0.0289536,-0.0939877,-0.0939877,-0.0650341
M,0.346307,-0.124019,-0.124019,0.222288
M,0.139758,-0.124019,-0.124019,0.0157398
M,0.219732,-0.144734,-0.144734,0.0749979
M,-0.0498502,-0.124019,-0.124019,-0.173869
M,0.750392,-0.124019,-0.124019,0.626373
M,-0.0211681,-0.0494694,-0.0494694,-0.0706375
M,0.191882,-0.145694,-0.145694,0.0461877
M,-0.168648,-0.0494694,-0.0494694,-0.218118
M,0.28801,-0.084892,-0.084892,0.203118
M,-0.176132,-0.161272,-0.161272,-0.337404
M,-0.0671323,-0.0939877,-0.0939877,-0.16112
M,-0.00641434,-0.161272,-0.161272,-0.167686
M,0.366483,-0.145694,-0.145694,0.220789
M,-0.0891464,-0.110199,-0.110199,-0.199346
M,0.0008326,-0.145694,-0.145694,-0.144861
M,0.00378515,-0.0939877,-0.0939877,-0.0902026
M,0.0867433,-0.0939877,-0.0939877,-0.00724448
M,-0.108921,-0.0939877,-0.0939877,-0.202909
M,-0.121396,-0.145694,-0.145694,-0.26709
M,0.175504,-0.0637851,-0.0637851,0.111719
M,0.373465,-0.124019,-0.124019,0.249446
M,0.106486,-0.0494694,-0.0494694,0.0570169
M,0.532276,-0.124019,-0.124019,0.408257
M,0.0039384,-0.0494694,-0.0494694,-0.0455309
M,0.246373,-0.104617,-0.104617,0.141756
M,0.41571,-0.084892,-0.084892,0.330818
M,0.572002,-0.0939877,-0.0939877,0.478014
M,-0.0440759,-0.084892,-0.084892,-0.128968
M,0.108054,-0.110199,-0.110199,-0.00214566
M,0.361694,-0.113129,-0.113129,0.248564
M,0.0640409,-0.0637851,-0.0637851,0.000255744
M,0.33459,-0.0939877,-0.0939877,0.240602
M,0.0206031,-0.0858016,-0.0858016,-0.0651985
M,0.175214,-0.0541514,-0.0541514,0.121063
M,0.385854,-0.0939877,-0.0939877,0.291867
M,0.310394,-0.104617,-0.104617,0.205777
M,0.141497,-0.0666251,-0.0666251,0.0748715
M,0.402698,-0.0939877,-0.0939877,0.30871
M,-0.022595,-0.0740763,-0.0740763,-0.0966713
M,-0.0724782,-0.124019,-0.124019,-0.196497
M,0.172998,-0.0273303,-0.0273303,0.145668
M,-0.259432,-0.104617,-0.104617,-0.364048
M,0.185995,-0.0632656,-0.0632656,0.12273
M,0.145698,-0.145694,-0.145694,3.92875e-06
M,-0.0205548,-0.104617,-0.104617,-0.125172
M,-0.247313,-0.124019,-0.124019,-0.371331
M,0.00627892,-0.0637851,-0.0637851,-0.0575062
M,0.132814,-0.124019,-0.124019,0.00879545
M,-0.230086,-0.0494694,-0.0494694,-0.279556
M,0.194568,-0.031657,-0.031657,0.162911
M,-0.162543,-0.124019,-0.124019,-0.286561
M,-0.231901,-0.124019,-0.124019,-0.355919
M,-0.0134714,-0.110199,-0.110199,-0.123671
M,-0.0504863,-0.0813209,-0.0813209,-0.131807
M,0.182584,-0.161272,-0.161272,0.0213121
M,-0.143186,-0.0740763,-0.0740763,-0.217262
M,-0.253161,-0.104617,-0.104617,-0.357778
M,0.0244328,-0.0978161,-0.0978161,-0.0733833
M,-0.036852,-0.110199,-0.110199,-0.147051
M,-0.167984,-0.0494694,-0.0494694,-0.217453
M,-0.0651129,-0.0637851,-0.0637851,-0.128898
M,0.33502,-0.112901,-0.112901,0.222119
M,0.135385,-0.124019,-0.124019,0.0113661
M,0.16055,-0.084892,-0.084892,0.075658
M,0.273318,-0.0939877,-0.0939877,0.17933
M,-0.00224905,-0.0858016,-0.0858016,-0.0880507
M,-0.156419,-0.0112959,-0.0112959,-0.167715
M,0.118848,-0.101317,-0.101317,0.0175307
M,-0.0364071,-0.145694,-0.145694,-0.182101
M,-0.00902845,-0.0494694,-0.0494694,-0.0584978
M,0.201501,-0.0813209,-0.0813209,0.12018
M,0.0812565,-0.161272,-0.161272,-0.0800153
M,0.138215,-0.0939877,-0.0939877,0.0442275
M,0.251638,-0.0273303,-0.0273303,0.224308
M,0.0310275,-0.084892,-0.084892,-0.0538645
M,0.159932,-0.0939877,-0.0939877,0.065944
M,-0.336783,-0.110199,-0.110199,-0.446982
M,0.126314,-0.0813209,-0.0813209,0.0449928
M,0.106831,-0.0666251,-0.0666251,0.0402061
M,0.0613621,-0.0813209,-0.0813209,-0.0199587
M,0.170088,-0.0939877,-0.0939877,0.0761007
M,0.565721,-0.0494694,-0.0494694,0.516251
M,-0.225441,-0.124019,-0.124019,-0.349459
M,-0.223883,-0.124019,-0.124019,-0.347901
M,0.143356,-0.0836005,-0.0836005,0.0597555
M,-0.177172,-0.0978161,-0.0978161,-0.274988
M,0.388823,-0.104883,-0.104883,0.28394
M,0.406983,-0.145694,-0.145694,0.261289
M,-0.251585,-0.161272,-0.161272,-0.412857
M,-0.0331569,-0.161272,-0.161272,-0.194429
M,0.113481,-0.124019,-0.124019,-0.0105372
M,-0.0265,-0.0273303,-0.0273303,-0.0538303
M,0.497015,-0.120185,-0.120185,0.376831
M,0.0171713,-0.112901,-0.112901,-0.0957297
M,-0.128587,-0.112901,-0.112901,-0.241488
M,-0.0270259,-0.110199,-0.110199,-0.137225
M,0.178053,-0.145694,-0.145694,0.0323589
M,-0.182317,-0.145694,-0.145694,-0.328011
M,0.367444,-0.0637851,-0.0637851,0.303658
M,0.0240282,-0.124019,-0.124019,-0.0999903
M,0.0310583,-0.0273303,-0.0273303,0.003728
M,-0.186148,-0.0266733,-0.0266733,-0.212821
M,0.150996,-0.0939877,-0.0939877,0.0570079
M,-0.0786267,-0.0628206,-0.0628206,-0.141447
M,0.0415021,-0.084892,-0.084892,-0.0433899
M,-0.397669,-0.0939877,-0.0939877,-0.491656
M,0.0765277,-0.084892,-0.084892,-0.00836431
M,0.140953,-0.140899,-0.140899,5.40632e-05
M,0.154681,-0.0939877,-0.0939877,0.0606936
M,0.120181,-0.145694,-0.145694,-0.0255132
M,0.290673,-0.084892,-0.084892,0.205781
M,0.161804,-0.0494694,-0.0494694,0.112335
M,-0.169216,-0.145694,-0.145694,-0.31491
M,0.37518,-0.124019,-0.124019,0.251161
M,-0.180734,-0.084892,-0.084892,-0.265626
M,0.196736,-0.0978161,-0.0978161,0.0989195
M,0.044422,-0.0939877,-0.0939877,-0.0495657
M,0.156826,-0.0939877,-0.0939877,0.0628382
M,0.0645525,-0.124019,-0.124019,-0.059466
M,-0.189176,-0.104883,-0.104883,-0.294059
M,0.336745,-0.0923222,-0.0923222,0.244423
M,0.0853667,-0.124019,-0.124019,-0.0386518
M,0.149023,-0.101317,-0.101317,0.0477057
M,-0.111055,-0.0836005,-0.0836005,-0.194656
M,0.241658,-0.110199,-0.110199,0.131459
M,0.160085,-0.0632656,-0.0632656,0.096819
M,0.220689,-0.145694,-0.145694,0.0749951
M,0.102264,-0.0939877,-0.0939877,0.00827581
M,0.405849,-0.145694,-0.145694,0.260155
M,-0.170944,-0.161272,-0.161272,-0.332216
M,0.276205,-0.0813209,-0.0813209,0.194884
M,0.434396,-0.0813209,-0.0813209,0.353075
M,0.186298,-0.124019,-0.124019,0.0622793
M,0.45468,-0.0978161,-0.0978161,0.356864
M,-0.238273,-0.145694,-0.145694,-0.383967
M,-0.0463594,-0.0939877,-0.0939877,-0.140347
M,-0.063739,-0.124019,-0.124019,-0.187758
M,-0.0269557,-0.0939877,-0.0939877,-0.120943
M,0.272646,-0.145694,-0.145694,0.126952
M,0.0900491,-0.0273303,-0.0273303,0.0627188
M,0.0906707,-0.0813209,-0.0813209,0.00934981
M,-0.0388474,-0.145694,-0.145694,-0.184541
M,-0.0587643,-0.0939877,-0.0939877,-0.152752
M,0.181479,-0.0971138,-0.0971138,0.0843649
M,0.462105,-0.161272,-0.161272,0.300833
M,-0.284947,-0.124019,-0.124019,-0.408966
M,0.225286,-0.031657,-0.031657,0.193629
M,-0.0451165,-0.104617,-0.104617,-0.149733
M,0.068546,-0.161272,-0.161272,-0.0927258
M,0.238038,-0.031657,-0.031657,0.20638
M,-0.0728923,-0.124019,-0.124019,-0.196911
M,-0.0371386,-0.144734,-0.144734,-0.181872
M,0.234966,-0.0858016,-0.0858016,0.149164
M,-0.142128,-0.144734,-0.144734,-0.286862
M,-0.323774,-0.084892,-0.084892,-0.408666
M,-0.159949,-0.0939877,-0.0939877,-0.253937
M,-0.0581783,-0.124019,-0.124019,-0.182197
M,-0.0400661,-0.104617,-0.104617,-0.144683
M,-0.00212595,-0.0939877,-0.0939877,-0.0961137
M,0.0855132,-0.132284,-0.132284,-0.0467712
M,0.29447,-0.161272,-0.161272,0.133198
M,-0.0408322,-0.0978161,-0.0978161,-0.138648
M,0.367046,-0.144734,-0.144734,0.222313
M,-0.326411,-0.124019,-0.124019,-0.450429
M,0.00806449,-0.084892,-0.084892,-0.0768275
M,0.345187,-0.0978161,-0.0978161,0.247371
M,-0.16755,-0.0541514,-0.0541514,-0.221701
M,0.254942,-0.124019,-0.124019,0.130924
M,-0.220036,-0.145694,-0.145694,-0.36573
M,0.332207,-0.161272,-0.161272,0.170935
M,-0.265465,-0.161272,-0.161272,-0.426737
M,0.346469,-0.124019,-0.124019,0.22245
M,0.0184727,-0.084892,-0.084892,-0.0664194
M,0.092223,-0.110199,-0.110199,-0.0179763
M,0.0783805,-0.0939877,-0.0939877,-0.0156072
M,0.0338564,-0.084892,-0.084892,-0.0510356
M,-0.0855576,-0.124019,-0.124019,-0.209576
M,0.29569,-0.110199,-0.110199,0.18549
M,0.0283923,-0.0632656,-0.0632656,-0.0348732
M,-0.0777978,-0.110199,-0.110199,-0.187997
M,0.043027,-0.124019,-0.124019,-0.0809915
M,0.030257,-0.084892,-0.084892,-0.054635
M,0.193837,-0.0494694,-0.0494694,0.144368
M,0.249455,-0.110199,-0.110199,0.139255
M,-0.220153,-0.0813209,-0.0813209,-0.301474
M,0.0437805,-0.0939877,-0.0939877,-0.0502073
M,0.189699,-0.0939877,-0.0939877,0.0957113
M,0.432888,-0.145694,-0.145694,0.287194
M,-0.0372493,-0.0939877,-0.0939877,-0.131237
M,-0.0306595,-0.104617,-0.104617,-0.135276
M,-0.0719091,-0.0858016,-0.0858016,-0.157711
M,-0.0113803,-0.0836005,-0.0836005,-0.0949808
M,0.143356,-0.0666251,-0.0666251,0.0767304
M,-0.118021,-0.0813209,-0.0813209,-0.199341
M,-0.0626226,-0.105683,-0.105683,-0.168305
M,0.0622543,-0.104883,-0.104883,-0.0426289
M,-0.0695683,-0.0939877,-0.0939877,-0.163556
M,0.0803626,-0.0740763,-0.0740763,0.00628627
M,0.50055,-0.0486518,-0.0486518,0.451898
M,0.213546,-0.104617,-0.104617,0.10893
M,0.274383,-0.144734,-0.144734,0.129649
M,-0.0118029,-0.145694,-0.145694,-0.157497
M,0.143424,-0.0939877,-0.0939877,0.0494364
M,-0.0291646,-0.145694,-0.145694,-0.174859
M,0.440413,-0.0978161,-0.0978161,0.342597
M,-0.100679,-0.124019,-0.124019,-0.224698
M,-0.279921,-0.161272,-0.161272,-0.441193
M,0.0169891,-0.0273303,-0.0273303,-0.0103412
M,-0.0317256,-0.0939877,-0.0939877,-0.125713
M,-0.0243411,-0.0939877,-0.0939877,-0.118329
M,0.0614581,-0.0637851,-0.0637851,-0.00232704
M,-0.234784,-0.0637851,-0.0637851,-0.298569
M,0.194204,-0.161272,-0.161272,0.0329318
M,0.229549,-0.084892,-0.084892,0.144657
M,0.34097,-0.104617,-0.104617,0.236353
M,0.261581,-0.0939877,-0.0939877,0.167593
M,-0.0910732,-0.0939877,-0.0939877,-0.185061
M,-0.103066,-0.0632656,-0.0632656,-0.166331
M,0.535481,-0.110199,-0.110199,0.425281
M,0.250835,-0.145694,-0.145694,0.105141
M,0.172915,-0.0939877,-0.0939877,0.0789273
M,0.349936,-0.161272,-0.161272,0.188664
M,-0.106022,-0.105683,-0.105683,-0.211705
M,0.0826851,-0.110199,-0.110199,-0.0275142
M,0.230797,-0.0939877,-0.0939877,0.136809
M,0.126503,-0.0273303,-0.0273303,0.099173
M,0.100415,-0.104617,-0.104617,-0.00420164
M,0.381122,-0.132284,-0.132284,0.248838
M,-0.00438884,-0.0939877,-0.0939877,-0.0983766
M,-0.277256,-0.144734,-0.144734,-0.42199
M,0.197437,-0.0632656,-0.0632656,0.134171
M,0.127482,-0.104617,-0.104617,0.0228648
M,-0.166298,-0.110199,-0.110199,-0.276497
M,0.0383717,-0.161272,-0.161272,-0.1229
M,0.0705338,-0.0666251,-0.0666251,0.00390866
M,-0.0417262,-0.0273303,-0.0273303,-0.0690566
M,0.122769,-0.0978161,-0.0978161,0.024953
M,0.10072,-0.0939877,-0.0939877,0.00673223
M,0.0329556,-0.145694,-0.145694,-0.112738
M,-0.0405463,-0.0939877,-0.0939877,-0.134534
M,-0.0231225,-0.0273303,-0.0273303,-0.0504528
M,-0.0379258,-0.0273303,-0.0273303,-0.0652562
M,-0.0632043,-0.124019,-0.124019,-0.187223
M,0.16536,-0.0273303,-0.0273303,0.13803
M,0.0923072,-0.104617,-0.104617,-0.0123096
M,-0.00166273,-0.0112959,-0.0112959,-0.0129586
M,0.109484,-0.0939877,-0.0939877,0.0154963
M,0.369791,-0.0273303,-0.0273303,0.34246
M,0.247499,-0.101317,-0.101317,0.146182
M,0.238947,-0.0637851,-0.0637851,0.175162
M,-0.141084,-0.0494694,-0.0494694,-0.190553
M,0.271978,-0.084892,-0.084892,0.187085
M,0.139755,-0.0494694,-0.0494694,0.0902854
M,0.157821,-0.0971138,-0.0971138,0.0607072
M,0.105952,-0.0939877,-0.0939877,0.0119648
M,0.192921,-0.0939877,-0.0939877,0.0989334
M,0.108325,-0.0971138,-0.0971138,0.0112117
M,0.280196,-0.145694,-0.145694,0.134502
M,0.0350723,-0.0112959,-0.0112959,0.0237764
M,-0.228586,-0.132284,-0.132284,-0.360871
M,0.0485783,-0.0813209,-0.0813209,-0.0327426
M,0.0439793,-0.0813209,-0.0813209,-0.0373416
M,-0.240632,-0.0637851,-0.0637851,-0.304417
M,0.117294,-0.104617,-0.104617,0.0126773
M,-0.0415987,-0.101317,-0.101317,-0.142916
M,0.158079,-0.145694,-0.145694,0.0123854
M,-0.0526516,-0.110199,-0.110199,-0.162851
M,-0.0873055,-0.0494694,-0.0494694,-0.136775
M,-0.0209978,-0.0603837,-0.0603837,-0.0813815
M,0.433235,-0.124019,-0.124019,0.309217
M,-0.101005,-0.0939877,-0.0939877,-0.194993
M,0.21999,-0.0637851,-0.0637851,0.156205
M,-0.321191,-0.124019,-0.124019,-0.44521
M,-0.0285329,-0.0494694,-0.0494694,-0.0780022
M,0.0326627,-0.0939877,-0.0939877,-0.061325
M,0.492954,-0.104617,-0.104617,0.388338
M,-0.0175886,-0.0978161,-0.0978161,-0.115405
M,-0.0217056,-0.161272,-0.161272,-0.182977
M,0.0744212,-0.144734,-0.144734,-0.0703125
M,0.0514938,-0.15089,-0.15089,-0.0993961
M,0.213955,-0.084892,-0.084892,0.129063
M,0.184952,-0.0494694,-0.0494694,0.135482
M,0.384408,-0.161272,-0.161272,0.223136
M,0.259199,-0.124019,-0.124019,0.135181
M,0.16456,-0.110199,-0.110199,0.0543606
M,0.124346,-0.104883,-0.104883,0.0194631
M,-0.196862,-0.0939877,-0.0939877,-0.290849
M,0.247828,-0.0273303,-0.0273303,0.220497
M,0.200227,-0.161272,-0.161272,0.0389556
M,0.287672,-0.084892,-0.084892,0.20278
M,-0.0827937,-0.145694,-0.145694,-0.228488
M,0.124916,-0.0628206,-0.0628206,0.0620955
M,0.0319791,-0.110199,-0.110199,-0.0782202
M,0.236441,-0.0939877,-0.0939877,0.142454
M,0.0324683,-0.0666251,-0.0666251,-0.0341568
M,-0.00590297,-0.124019,-0.124019,-0.129921
M,-0.282544,-0.0541514,-0.0541514,-0.336695
M,0.0770931,-0.0939877,-0.0939877,-0.0168946
M,0.376417,-0.161272,-0.161272,0.215145
M,-0.10381,-0.104617,-0.104617,-0.208427
M,0.482679,-0.084892,-0.084892,0.397787
M,0.272125,-0.084892,-0.084892,0.187233
M,0.200217,-0.161272,-0.161272,0.038945
M,-0.0354872,-0.0273303,-0.0273303,-0.0628176
M,0.29165,-0.0939877,-0.0939877,0.197662
M,0.40185,-0.124019,-0.124019,0.277831
M,0.268515,-0.140899,-0.140899,0.127616
M,0.0707059,-0.0273303,-0.0273303,0.0433755
M,0.235328,-0.124019,-0.124019,0.111309
M,-0.208001,-0.084892,-0.084892,-0.292893
M,0.149139,-0.124019,-0.124019,0.0251204
M,0.122721,-0.0813209,-0.0813209,0.0414002
M,0.0193973,-0.0273303,-0.0273303,-0.00793308
M,0.302005,-0.0939877,-0.0939877,0.208017
M,0.166246,-0.124019,-0.124019,0.0422274
M,0.0800799,-0.0273303,-0.0273303,0.0527495
M,-0.330322,-0.124019,-0.124019,-0.454341
M,0.249864,-0.124019,-0.124019,0.125846
M,-0.0919136,-0.0740763,-0.0740763,-0.16599
M,0.259409,-0.104617,-0.104617,0.154793
M,-0.0802178,-0.0494694,-0.0494694,-0.129687
M,0.289289,-0.0740763,-0.0740763,0.215212
M,0.0307531,-0.104617,-0.104617,-0.0738638
M,-0.150184,-0.104617,-0.104617,-0.254801
M,0.0856722,-0.0494694,-0.0494694,0.0362029
M,-0.0222055,-0.0939877,-0.0939877,-0.116193
M,0.54071,-0.124019,-0.124019,0.416691
M,-0.110825,-0.0813209,-0.0813209,-0.192146
M,-0.276347,-0.0375874,-0.0375874,-0.313935
M,0.00341377,-0.132284,-0.132284,-0.128871
M,0.218453,-0.084892,-0.084892,0.133561
M,0.247488,-0.161272,-0.161272,0.0862157
M,0.163644,-0.104617,-0.104617,0.0590276
M,0.081339,-0.084892,-0.084892,-0.003553
M,0.161638,-0.0628206,-0.0628206,0.0988175
M,-0.141536,-0.0939877,-0.0939877,-0.235524
M,-0.169435,-0.0939877,-0.0939877,-0.263423
M,0.0977611,-0.15089,-0.15089,-0.0531288
M,-0.0231916,-0.0939877,-0.0939877,-0.117179
M,0.416534,-0.124019,-0.124019,0.292516
M,0.0174364,-0.0939877,-0.0939877,-0.0765514
M,0.174707,-0.0939877,-0.0939877,0.0807196
M,0.180021,-0.145694,-0.145694,0.0343271
M,0.346117,-0.145694,-0.145694,0.200423
M,0.127962,-0.0939877,-0.0939877,0.0339742
M,-0.0810484,-0.0939877,-0.0939877,-0.175036
M,0.236204,-0.161272,-0.161272,0.0749324
M,0.208866,-0.0939877,-0.0939877,0.114878
M,0.485998,-0.0939877,-0.0939877,0.392011
M,-0.212518,-0.104883,-0.104883,-0.317402
M,0.0787856,-0.161272,-0.161272,-0.0824862
M,-0.0079818,-0.0494694,-0.0494694,-0.0574511
M,-0.0278464,-0.0939877,-0.0939877,-0.121834
M,0.427304,-0.0494694,-0.0494694,0.377835
M,-0.0214763,-0.145694,-0.145694,-0.16717
M,0.30029,-0.084892,-0.084892,0.215398
M,0.431425,-0.124019,-0.124019,0.307406
M,0.393564,-0.110199,-0.110199,0.283365
M,-0.205084,-0.145694,-0.145694,-0.350778
M,0.258619,-0.0939877,-0.0939877,0.164632
M,-0.195058,-0.161272,-0.161272,-0.35633
M,0.0364745,-0.084892,-0.084892,-0.0484175
M,-0.228785,-0.0978161,-0.0978161,-0.326601
M,-0.103082,-0.0939877,-0.0939877,-0.197069
M,0.642709,-0.0632656,-0.0632656,0.579444
M,0.195864,-0.084892,-0.084892,0.110972
M,0.141011,-0.104617,-0.104617,0.0363944
M,0.31413,-0.0939877,-0.0939877,0.220142
M,0.0237182,-0.124019,-0.124019,-0.1003
M,0.090077,-0.0262305,-0.0262305,0.0638464
M,0.149437,-0.161272,-0.161272,-0.0118345
M,0.0876862,-0.0978161,-0.0978161,-0.01013
M,0.400926,-0.161272,-0.161272,0.239654
M,0.0907058,-0.0939877,-0.0939877,-0.00328197
M,0.132324,-0.110199,-0.110199,0.0221243
M,0.234995,-0.145694,-0.145694,0.0893014
M,0.345666,-0.145694,-0.145694,0.199972
M,0.311146,-0.104617,-0.104617,0.20653
M,0.328113,-0.124019,-0.124019,0.204094
M,-0.0379245,-0.0273303,-0.0273303,-0.0652549
M,0.15998,-0.0939877,-0.0939877,0.065992
M,-0.0671501,-0.0541514,-0.0541514,-0.121302
M,0.233144,-0.104617,-0.104617,0.128527
M,0.120773,-0.0978161,-0.0978161,0.0229571
M,0.125603,-0.084892,-0.084892,0.0407114
M,0.491745,-0.110199,-0.110199,0.381545
M,0.0625324,-0.0939877,-0.0939877,-0.0314554
M,-0.201195,-0.104883,-0.104883,-0.306078
M,0.201913,-0.145694,-0.145694,0.0562188
M,-0.170074,-0.145694,-0.145694,-0.315768
M,0.250192,-0.0262305,-0.0262305,0.223961
M,0.149341,-0.145694,-0.145694,0.00364659
M,0.256172,-0.145694,-0.145694,0.110478
M,0.0439308,-0.0939877,-0.0939877,-0.0500569
M,-0.0555744,-0.0494694,-0.0494694,-0.105044
M,0.135477,-0.0978161,-0.0978161,0.0376608
M,0.262126,-0.124019,-0.124019,0.138108
M,0.117866,-0.161272,-0.161272,-0.0434059
M,-0.134057,-0.110199,-0.110199,-0.244256
M,0.134652,-0.0273303,-0.0273303,0.107322
M,0.555762,-0.145694,-0.145694,0.410068
M,-0.229359,-0.144734,-0.144734,-0.374092
M,0.295699,-0.0939877,-0.0939877,0.201711
M,0.0694611,-0.0740763,-0.0740763,-0.00461517
M,-0.0375086,-0.104617,-0.104617,-0.142125
M,0.248154,-0.0273303,-0.0273303,0.220823
M,0.288927,-0.084892,-0.084892,0.204035
M,0.478011,-0.144734,-0.144734,0.333278
M,-0.0817851,-0.0939877,-0.0939877,-0.175773
M,0.0138813,-0.145694,-0.145694,-0.131813
M,-0.0988295,-0.0273303,-0.0273303,-0.12616
M,0.160129,-0.0375874,-0.0375874,0.122542
M,0.10399,-0.0375874,-0.0375874,0.0664029
M,-0.223546,-0.084892,-0.084892,-0.308438
M,-0.207329,-0.0939877,-0.0939877,-0.301317
M,0.0296299,-0.0637851,-0.0637851,-0.0341552
M,0.24382,-0.101611,-0.101611,0.142209
M,0.52888,-0.145694,-0.145694,0.383186
M,-0.076549,-0.145694,-0.145694,-0.222243
M,0.195258,-0.145694,-0.145694,0.0495645
M,0.0236844,-0.132284,-0.132284,-0.1086
M,-0.106225,-0.104883,-0.104883,-0.211108
M,0.0786484,-0.0978161,-0.0978161,-0.0191677
M,0.323315,-0.140899,-0.140899,0.182416
M,0.0250643,-0.145694,-0.145694,-0.12063
M,0.22182,-0.124019,-0.124019,0.0978011
M,-0.215477,-0.084892,-0.084892,-0.300369
M,-0.236771,-0.0939877,-0.0939877,-0.330758
M,0.01898,-0.124019,-0.124019,-0.105039
M,0.21025,-0.124019,-0.124019,0.0862318
M,0.157241,-0.101317,-0.101317,0.0559238
M,0.162218,-0.110199,-0.110199,0.0520189
M,0.109579,-0.144734,-0.144734,-0.0351552
M,0.362389,-0.110199,-0.110199,0.252189
M,0.263729,-0.145694,-0.145694,0.118035
M,-0.0172383,-0.101317,-0.101317,-0.118555
M,-0.0521872,-0.084892,-0.084892,-0.137079
M,0.205174,-0.161272,-0.161272,0.0439022
M,0.409108,-0.0836005,-0.0836005,0.325508
M,0.0990358,-0.124019,-0.124019,-0.0249827
M,0.16618,-0.161272,-0.161272,0.00490855
M,0.224028,-0.124019,-0.124019,0.10001
M,0.292957,-0.124019,-0.124019,0.168939
M,0.351174,-0.0939877,-0.0939877,0.257186
M,-0.127049,-0.0216859,-0.0216859,-0.148735
M,0.383964,-0.0637851,-0.0637851,0.320178
M,0.117661,-0.161272,-0.161272,-0.0436108
M,0.111264,-0.0813209,-0.0813209,0.0299429
M,0.404063,-0.031657,-0.031657,0.372406
M,0.123457,-0.0939877,-0.0939877,0.0294694
M,-0.213205,-0.0939877,-0.0939877,-0.307193
M,0.289912,-0.0939877,-0.0939877,0.195924
M,0.0289355,-0.0939877,-0.0939877,-0.0650522
M,0.0171464,-0.104617,-0.104617,-0.0874705
M,0.277738,-0.0939877,-0.0939877,0.183751
M,0.303788,-0.0813209,-0.0813209,0.222467
M,0.263093,-0.0978161,-0.0978161,0.165277
M,-0.0128538,-0.104617,-0.104617,-0.117471
M,-0.283932,-0.084892,-0.084892,-0.368824
M,-0.0499753,-0.104883,-0.104883,-0.154858
M,0.25219,-0.124019,-0.124019,0.128172
M,0.0914696,-0.104883,-0.104883,-0.0134136
M,0.113038,-0.124019,-0.124019,-0.0109803
M,0.393069,-0.084892,-0.084892,0.308177
M,-0.0543258,-0.0262305,-0.0262305,-0.0805564
M,0.500115,-0.145694,-0.145694,0.354421
M,-0.131273,-0.124019,-0.124019,-0.255292
M,-0.152081,-0.161272,-0.161272,-0.313353
M,0.398567,-0.124019,-0.124019,0.274548
M,0.290237,-0.0939877,-0.0939877,0.19625
M,-0.00980797,-0.124019,-0.124019,-0.133826
M,-0.0442998,-0.104617,-0.104617,-0.148917
M,-0.0490221,-0.084892,-0.084892,-0.133914
M,0.0863407,-0.0262305,-0.0262305,0.0601101
M,0.186578,-0.0939877,-0.0939877,0.09259
M,0.290995,-0.161272,-0.161272,0.129723
M,-0.120768,-0.0637851,-0.0637851,-0.184553
M,0.082413,-0.0637851,-0.0637851,0.0186279
M,-0.0631819,-0.0939877,-0.0939877,-0.15717
M,0.0162642,-0.104617,-0.104617,-0.0883526
M,0.327736,-0.0939877,-0.0939877,0.233749
M,0.138767,-0.104617,-0.104617,0.0341502
M,0.186702,-0.145694,-0.145694,0.0410075
M,-0.0450009,-0.144734,-0.144734,-0.189735
M,0.255463,-0.124019,-0.124019,0.131444
M,0.0104096,-0.161272,-0.161272,-0.150862
M,-0.167807,-0.0939877,-0.0939877,-0.261795
M,-0.0675203,-0.124019,-0.124019,-0.191539
M,-0.138399,-0.0637851,-0.0637851,-0.202184
M,-0.119959,-0.0939877,-0.0939877,-0.213947
M,0.0936511,-0.084892,-0.084892,0.00875905
M,0.166235,-0.101317,-0.101317,0.0649179
M,-0.458156,-0.0939877,-0.0939877,-0.552144
M,0.177334,-0.124019,-0.124019,0.0533153
M,-0.13348,-0.124019,-0.124019,-0.257498
M,0.17257,-0.084892,-0.084892,0.087678
M,0.396465,-0.0666251,-0.0666251,0.329839
M,-0.0834991,-0.145694,-0.145694,-0.229193
M,0.199306,-0.144734,-0.144734,0.0545718
M,0.231214,-0.110199,-0.110199,0.121015
M,0.200573,-0.124019,-0.124019,0.0765544
M,0.351923,-0.0939877,-0.0939877,0.257935
M,-0.338835,-0.145694,-0.145694,-0.484529
M,-0.109133,-0.161272,-0.161272,-0.270405
M,0.0715541,-0.084892,-0.084892,-0.0133379
M,0.0892323,-0.078104,-0.078104,0.0111284
M,0.00684463,-0.124019,-0.124019,-0.117174
M,-0.081761,-0.0939877,-0.0939877,-0.175749
M,-0.0153248,-0.0813209,-0.0813209,-0.0966457
M,0.0208935,-0.0112959,-0.0112959,0.00959762
M,-0.107427,-0.124019,-0.124019,-0.231445
M,0.0165468,-0.0858016,-0.0858016,-0.0692548
M,0.0117426,-0.084892,-0.084892,-0.0731495
M,0.0893954,-0.084892,-0.084892,0.00450334
M,0.32225,-0.145694,-0.145694,0.176556
M,0.215854,-0.124019,-0.124019,0.0918355
M,-0.0152951,-0.161272,-0.161272,-0.176567
M,0.508095,-0.140899,-0.140899,0.367196
M,0.155866,-0.124019,-0.124019,0.0318477
M,-0.110866,-0.0494694,-0.0494694,-0.160336
M,-0.169531,-0.140899,-0.140899,-0.31043
M,0.146232,-0.110199,-0.110199,0.0360327
M,0.245372,-0.0939877,-0.0939877,0.151385
M,0.0244709,-0.112901,-0.112901,-0.0884302
M,0.185148,-0.0939877,-0.0939877,0.0911606
M,0.0149403,-0.104617,-0.104617,-0.0896766
M,0.140288,-0.144734,-0.144734,-0.00444567
M,-0.0286018,-0.101317,-0.101317,-0.129919
M,-0.0183978,-0.144734,-0.144734,-0.163132
M,0.120911,-0.233524,-0.233524,-0.112614
M,0.163047,-0.0939877,-0.0939877,0.0690597
M,0.170013,-0.0939877,-0.0939877,0.0760256
M,0.244518,-0.145694,-0.145694,0.0988235
M,0.204427,-0.0939877,-0.0939877,0.110439
M,0.474724,-0.0666251,-0.0666251,0.408099
M,0.213527,-0.0939877,-0.0939877,0.119539
M,0.0143117,-0.144734,-0.144734,-0.130422
M,0.193474,-0.0858016,-0.0858016,0.107672
M,0.166623,-0.146644,-0.146644,0.0199792
M,-0.164125,-0.084892,-0.084892,-0.249017
M,0.138256,-0.145694,-0.145694,-0.00743831
M,-0.0339745,-0.0939877,-0.0939877,-0.127962
M,0.192898,-0.084892,-0.084892,0.108005
M,0.0880704,-0.161272,-0.161272,-0.0732014
M,0.0350594,-0.0666251,-0.0666251,-0.0315657
M,0.637866,-0.084892,-0.084892,0.552974
M,0.301283,-0.161272,-0.161272,0.140012
M,0.18439,-0.0939877,-0.0939877,0.0904021
M,-0.00126974,-0.0637851,-0.0637851,-0.0650549
M,0.310107,-0.0939877,-0.0939877,0.216119
M,-0.168684,-0.084892,-0.084892,-0.253576
M,0.236483,-0.124019,-0.124019,0.112464
M,-0.274271,-0.104883,-0.104883,-0.379154
M,-0.163768,-0.104883,-0.104883,-0.268651
M,0.297864,-0.084892,-0.084892,0.212972
M,0.402491,-0.0939877,-0.0939877,0.308503
M,-0.282316,-0.0939877,-0.0939877,-0.376304
M,0.182224,-0.124019,-0.124019,0.0582054
M,-0.0388354,-0.031657,-0.031657,-0.0704924
M,-0.113546,-0.145694,-0.145694,-0.25924
M,0.125663,-0.101317,-0.101317,0.0243465
M,-0.00516651,-0.0494694,-0.0494694,-0.0546359
M,0.174779,-0.0813209,-0.0813209,0.0934576
M,0.0288536,-0.145694,-0.145694,-0.11684
M,0.0609107,-0.0637851,-0.0637851,-0.00287446
M,0.121838,-0.0494694,-0.0494694,0.0723683
M,0.292446,-0.0978161,-0.0978161,0.194629
M,0.169183,-0.0939877,-0.0939877,0.0751952
M,0.082395,-0.0939877,-0.0939877,-0.0115927
M,-0.0408687,-0.110199,-0.110199,-0.151068
M,0.197968,-0.0939877,-0.0939877,0.103981
M,-0.0968632,-0.144734,-0.144734,-0.241597
M,0.166712,-0.110199,-0.110199,0.0565123
M,0.308488,-0.0494694,-0.0494694,0.259019
M,-0.0441549,-0.191362,-0.191362,-0.235516
M,0.387535,0.0158038,0.0158038,0.403339
M,0.227472,-0.124019,-0.124019,0.103453
M,0.0262842,-0.145694,-0.145694,-0.11941
M,0.225324,-0.161272,-0.161272,0.064052
M,0.458101,-0.0637851,-0.0637851,0.394316
M,0.0189481,-0.124019,-0.124019,-0.10507
M,-0.117283,-0.144734,-0.144734,-0.262017
M,-0.0292469,-0.161272,-0.161272,-0.190519
M,0.285737,-0.0939877,-0.0939877,0.191749
M,0.0728348,-0.031657,-0.031657,0.0411777
M,0.0593227,-0.145694,-0.145694,-0.0863713
M,-0.0887771,-0.124019,-0.124019,-0.212796
M,0.0972687,-0.110199,-0.110199,-0.0129306
M,0.303918,-0.145694,-0.145694,0.158224
M,0.0741839,-0.145694,-0.145694,-0.0715101
M,0.0546765,-0.124019,-0.124019,-0.069342
M,-0.266485,-0.0939877,-0.0939877,-0.360473
M,0.222031,-0.104617,-0.104617,0.117414
M,-0.00231197,-0.186961,-0.186961,-0.189273
M,-0.136854,-0.144734,-0.144734,-0.281588
M,0.0743299,-0.0813209,-0.0813209,-0.00699095
M,-0.105302,-0.0939877,-0.0939877,-0.199289
M,0.245206,-0.124019,-0.124019,0.121188
M,0.250982,-0.144734,-0.144734,0.106248
M,0.630564,-0.104883,-0.104883,0.525681
M,0.328127,-0.0939877,-0.0939877,0.234139
M,0.2263,-0.124019,-0.124019,0.102282
M,-0.00740567,-0.144734,-0.144734,-0.152139
M,0.173289,-0.0666251,-0.0666251,0.106664
M,-0.10438,-0.0637851,-0.0637851,-0.168165
M,0.0341209,-0.144734,-0.144734,-0.110613
M,0.0736302,-0.0273303,-0.0273303,0.0462999
M,0.0803907,-0.104883,-0.104883,-0.0244924
M,0.37778,-0.0939877,-0.0939877,0.283792
M,-0.0893432,-0.0939877,-0.0939877,-0.183331
M,0.130198,-0.0939877,-0.0939877,0.0362105
M,-0.042094,-0.084892,-0.084892,-0.126986
M,0.109329,-0.0628206,-0.0628206,0.0465087
M,0.295037,-0.132284,-0.132284,0.162753
M,-0.119399,-0.0939877,-0.0939877,-0.213386
M,0.0955056,-0.0939877,-0.0939877,0.00151787
M,0.333553,-0.0836005,-0.0836005,0.249953
M,-0.167131,-0.104617,-0.104617,-0.271748
M,-0.143227,-0.124019,-0.124019,-0.267245
M,0.246927,-0.161272,-0.161272,0.0856553
M,0.341283,-0.145694,-0.145694,0.195589
M,0.249414,-0.161272,-0.161272,0.0881426
M,0.34359,-0.084892,-0.084892,0.258698
M,0.0900433,-0.0939877,-0.0939877,-0.00394447
M,-0.174226,-0.084892,-0.084892,-0.259118
M,-0.0447364,-0.0637851,-0.0637851,-0.108522
M,0.352233,-0.161272,-0.161272,0.190961
M,-0.0994608,-0.0112959,-0.0112959,-0.110757
M,-0.245369,-0.0740763,-0.0740763,-0.319446
M,0.334659,-0.110199,-0.110199,0.22446
M,-0.0560699,-0.144734,-0.144734,-0.200804
M,0.173593,-0.161272,-0.161272,0.0123215
M,0.307665,-0.161272,-0.161272,0.146393
M,0.205146,-0.161272,-0.161272,0.0438742
M,0.359555,-0.124019,-0.124019,0.235537
M,0.0953445,-0.144734,-0.144734,-0.0493892
M,0.310344,-0.104617,-0.104617,0.205728
M,0.0444899,-0.161272,-0.161272,-0.116782
M,0.146153,-0.0494694,-0.0494694,0.0966833
M,-0.271684,-0.119319,-0.119319,-0.391003
M,0.385841,-0.0939877,-0.0939877,0.291853
M,-0.334809,-0.0494694,-0.0494694,-0.384278
M,-0.113956,-0.0494694,-0.0494694,-0.163426
M,0.131896,-0.104617,-0.104617,0.027279
M,-0.266212,-0.084892,-0.084892,-0.351104
M,-0.0220214,-0.101317,-0.101317,-0.123338
M,0.159871,-0.124019,-0.124019,0.0358528
M,0.20252,-0.140899,-0.140899,0.0616212
M,0.106136,-0.124019,-0.124019,-0.0178828
M,0.261719,-0.124019,-0.124019,0.137701
M,0.391439,-0.0637851,-0.0637851,0.327654
M,0.266662,-0.124019,-0.124019,0.142644
M,0.15531,-0.124019,-0.124019,0.0312915
M,0.159107,-0.0273303,-0.0273303,0.131777
M,0.331146,-0.0939877,-0.0939877,0.237158
M,-0.117619,-0.124019,-0.124019,-0.241637
M,0.205773,-0.0666251,-0.0666251,0.139148
M,-0.0399741,-0.0813209,-0.0813209,-0.121295
M,-0.0643564,-0.0939877,-0.0939877,-0.158344
M,-0.090921,-0.084892,-0.084892,-0.175813
M,-0.0381995,-0.0112959,-0.0112959,-0.0494954
M,0.117048,-0.145694,-0.145694,-0.0286461
M,0.140677,-0.0939877,-0.0939877,0.0466894
M,0.19643,-0.110199,-0.110199,0.0862303
M,-0.190611,-0.084892,-0.084892,-0.275503
M,0.258727,-0.144734,-0.144734,0.113993
M,0.111164,-0.145694,-0.145694,-0.0345301
M,-0.122779,-0.124019,-0.124019,-0.246798
M,-0.174866,-0.0273303,-0.0273303,-0.202196
M,-0.0275401,-0.110199,-0.110199,-0.137739
M,0.0410285,-0.0939877,-0.0939877,-0.0529592
M,0.30516,-0.144734,-0.144734,0.160426
M,-0.27346,-0.124019,-0.124019,-0.397478
M,0.0405752,-0.124019,-0.124019,-0.0834434
M,-0.0380784,-0.124019,-0.124019,-0.162097
M,0.110371,-0.0858016,-0.0858016,0.0245694
M,-0.0128742,-0.104617,-0.104617,-0.117491
M,0.0628065,-0.145694,-0.145694,-0.0828876
M,0.126914,-0.124019,-0.124019,0.00289564
M,0.311,-0.0939877,-0.0939877,0.217012
M,0.495035,-0.119319,-0.119319,0.375716
M,-0.169726,-0.0813209,-0.0813209,-0.251047
M,-0.117128,-0.0939877,-0.0939877,-0.211116
M,-0.102713,-0.124019,-0.124019,-0.226731
M,-0.0473745,-0.104617,-0.104617,-0.151991
M,0.386283,-0.110199,-0.110199,0.276084
M,-0.0514048,-0.0628206,-0.0628206,-0.114225
M,0.070153,-0.0494694,-0.0494694,0.0206836
M,0.105147,-0.104617,-0.104617,0.000530077
M,-0.180744,-0.124019,-0.124019,-0.304762
M,0.0475938,-0.145694,-0.145694,-0.0981002
M,-0.0896633,-0.0262305,-0.0262305,-0.115894
M,-0.057424,-0.0939877,-0.0939877,-0.151412
M,-0.0831634,-0.124019,-0.124019,-0.207182
M,-0.00679327,-0.0666251,-0.0666251,-0.0734184
M,0.324595,-0.110199,-0.110199,0.214396
M,-0.213295,-0.144734,-0.144734,-0.358028
M,0.19086,-0.144734,-0.144734,0.0461267
M,0.294018,-0.0939877,-0.0939877,0.20003
M,0.171018,-0.0273303,-0.0273303,0.143688
M,-0.162348,-0.0813209,-0.0813209,-0.243669
M,0.26101,-0.0939877,-0.0939877,0.167023
M,0.239671,-0.0273303,-0.0273303,0.21234
M,0.344947,-0.0939877,-0.0939877,0.250959
M,0.412739,-0.084892,-0.084892,0.327847
M,0.295892,-0.144734,-0.144734,0.151158
M,0.00659211,-0.0978161,-0.0978161,-0.091224
M,0.048787,-0.104883,-0.104883,-0.0560962
M,0.233044,-0.124019,-0.124019,0.109025
M,0.176711,-0.0939877,-0.0939877,0.082723
M,-0.0820675,-0.031657,-0.031657,-0.113724
M,0.0775861,-0.0494694,-0.0494694,0.0281167
M,0.273157,-0.0666251,-0.0666251,0.206532
M,0.0522388,-0.0740763,-0.0740763,-0.0218375
M,-0.22361,-0.145694,-0.145694,-0.369305
M,0.368372,-0.084892,-0.084892,0.28348
M,-0.0674696,-0.110199,-0.110199,-0.177669
M,0.13459,-0.110199,-0.110199,0.0243909
M,-0.118359,-0.0486518,-0.0486518,-0.167011
M,-0.428978,-0.161272,-0.161272,-0.59025
M,0.176005,-0.104617,-0.104617,0.0713877
M,-0.267084,-0.0273303,-0.0273303,-0.294415
M,-0.174916,-0.0813209,-0.0813209,-0.256237
M,-0.14987,-0.0494694,-0.0494694,-0.199339
M,0.0971237,-0.110199,-0.110199,-0.0130756
M,-0.181093,-0.0939877,-0.0939877,-0.275081
M,0.298334,-0.0637851,-0.0637851,0.234549
M,-0.173541,-0.145694,-0.145694,-0.319235
M,-0.256804,-0.0978161,-0.0978161,-0.35462
M,0.130063,-0.144734,-0.144734,-0.0146711
M,0.133224,-0.0858016,-0.0858016,0.0474227
M,0.251574,-0.124019,-0.124019,0.127555
M,-0.0469464,-0.110199,-0.110199,-0.157146
M,-0.0182522,-0.0375874,-0.0375874,-0.0558396
M,-0.0299794,-0.110199,-0.110199,-0.140179
M,0.359174,-0.0939877,-0.0939877,0.265186
M,0.189259,-0.0939877,-0.0939877,0.095271
M,-0.113874,-0.104617,-0.104617,-0.218491
M,0.0575633,-0.144734,-0.144734,-0.0871705
M,-0.0519293,-0.0939877,-0.0939877,-0.145917
M,0.149428,-0.104617,-0.104617,0.0448115
M,0.356216,-0.145694,-0.145694,0.210522
M,0.176894,-0.0978161,-0.0978161,0.0790781
M,-0.0894306,-0.0939877,-0.0939877,-0.183418
M,-0.0659496,-0.0632656,-0.0632656,-0.129215
M,-0.398117,-0.0494694,-0.0494694,-0.447586
M,0.624642,-0.145694,-0.145694,0.478948
M,0.0334775,-0.124019,-0.124019,-0.090541
M,0.280184,-0.145694,-0.145694,0.13449
M,0.114495,-0.0939877,-0.0939877,0.0205075
M,0.0425204,-0.144734,-0.144734,-0.102213
M,0.247812,-0.0637851,-0.0637851,0.184027
M,-0.292895,-0.110199,-0.110199,-0.403094
M,0.188231,-0.0262305,-0.0262305,0.162001
M,0.150187,-0.0939877,-0.0939877,0.0561988
M,0.184146,-0.078104,-0.078104,0.106043
M,-0.114285,-0.104617,-0.104617,-0.218901
M,-0.0915894,-0.0939877,-0.0939877,-0.185577
M,0.088541,-0.0541514,-0.0541514,0.0343896
M,0.00418679,-0.0273303,-0.0273303,-0.0231435
M,0.167286,-0.0939877,-0.0939877,0.0732978
M,0.0308131,-0.145694,-0.145694,-0.114881
M,0.147338,-0.145694,-0.145694,0.0016437
M,0.131837,-0.0939877,-0.0939877,0.0378488
M,0.129396,-0.124019,-0.124019,0.0053776
M,0.128624,-0.0813209,-0.0813209,0.0473029
M,0.0177357,-0.124019,-0.124019,-0.106283
M,0.108126,-0.145694,-0.145694,-0.0375679
M,-0.0181726,-0.0813209,-0.0813209,-0.0994935
M,0.314884,-0.110199,-0.110199,0.204685
M,0.0732566,-0.0637851,-0.0637851,0.00947145
M,-0.205423,-0.0939877,-0.0939877,-0.299411
M,0.0774682,-0.0494694,-0.0494694,0.0279989
M,0.242375,-0.0494694,-0.0494694,0.192906
M,-0.00970566,-0.110199,-0.110199,-0.119905
M,0.132862,-0.0978161,-0.0978161,0.035046
M,-0.0996567,-0.0939877,-0.0939877,-0.193644
M,0.00339617,-0.145694,-0.145694,-0.142298
M,0.258605,-0.104883,-0.104883,0.153722
M,0.151463,-0.084892,-0.084892,0.0665707
M,0.294159,-0.124019,-0.124019,0.17014
M,0.156195,-0.140899,-0.140899,0.0152961
M,-0.0604149,-0.145694,-0.145694,-0.206109
M,0.0746584,-0.0262305,-0.0262305,0.0484279
M,0.073327,-0.112901,-0.112901,-0.0395741
M,0.328231,-0.084892,-0.084892,0.243339
M,0.306336,-0.0813209,-0.0813209,0.225015
M,-0.112414,-0.161272,-0.161272,-0.273686
M,0.0361028,-0.161272,-0.161272,-0.125169
M,-0.0942244,-0.144734,-0.144734,-0.238958
M,0.155658,-0.110199,-0.110199,0.0454591
M,-0.0122993,-0.144734,-0.144734,-0.157033
M,-0.484251,-0.0637851,-0.0637851,-0.548036
M,-0.193857,-0.124019,-0.124019,-0.317876
M,0.267457,-0.104617,-0.104617,0.16284
M,0.0587327,-0.0494694,-0.0494694,0.00926332
M,0.0179992,-0.124019,-0.124019,-0.106019
M,0.161799,-0.0273303,-0.0273303,0.134469
M,-0.186325,-0.104883,-0.104883,-0.291208
M,0.308617,-0.0813209,-0.0813209,0.227296
M,0.0696157,-0.104883,-0.104883,-0.0352675
M,0.0978081,-0.078104,-0.078104,0.0197042
M,0.0746296,-0.161272,-0.161272,-0.0866422
M,-0.0963801,-0.145694,-0.145694,-0.242074
M,0.446407,-0.0939877,-0.0939877,0.352419
M,0.00479919,-0.0813209,-0.0813209,-0.0765217
M,0.0324804,-0.161272,-0.161272,-0.128791
M,-0.224601,-0.104617,-0.104617,-0.329217
M,0.0327167,-0.0939877,-0.0939877,-0.0612711
M,0.0474374,-0.110199,-0.110199,-0.0627619
M,0.161346,-0.104883,-0.104883,0.0564625
M,0.06926,-0.145694,-0.145694,-0.076434
M,-0.125605,-0.144734,-0.144734,-0.270339
M,-0.172637,-0.104883,-0.104883,-0.27752
M,0.218145,-0.110199,-0.110199,0.107946
M,0.146545,-0.0273303,-0.0273303,0.119215
M,-0.0522451,-0.140899,-0.140899,-0.193144
M,-0.0474432,-0.084892,-0.084892,-0.132335
M,0.0254706,-0.145694,-0.145694,-0.120223
M,-0.24268,-0.0813209,-0.0813209,-0.324001
M,0.206254,-0.084892,-0.084892,0.121362
M,-0.148536,-0.161272,-0.161272,-0.309808
M,0.178685,-0.161272,-0.161272,0.0174132
M,-0.139379,-0.0939877,-0.0939877,-0.233367
M,-0.0914782,-0.0494694,-0.0494694,-0.140948
M,0.509499,-0.101317,-0.101317,0.408182
M,-0.0140066,-0.0740763,-0.0740763,-0.0880828
M,0.0787873,-0.110199,-0.110199,-0.031412
M,0.254597,-0.0494694,-0.0494694,0.205128
M,0.318322,-0.124019,-0.124019,0.194304
M,0.133975,-0.124019,-0.124019,0.00995671
M,0.133956,-0.0939877,-0.0939877,0.0399681
M,-0.0718095,-0.144734,-0.144734,-0.216543
M,0.199595,-0.15089,-0.15089,0.0487049
M,0.225806,-0.132284,-0.132284,0.0935219
M,0.0428802,-0.0939877,-0.0939877,-0.0511075
M,0.133646,-0.110199,-0.110199,0.023447
M,0.00690821,-0.124019,-0.124019,-0.11711
M,-0.0682602,-0.113129,-0.113129,-0.18139
M,0.217835,-0.031657,-0.031657,0.186178
M,-0.0724197,-0.124019,-0.124019,-0.196438
M,0.115401,-0.0632656,-0.0632656,0.0521352
M,0.269877,-0.0939877,-0.0939877,0.175889
M,0.303028,-0.161272,-0.161272,0.141757
M,-0.042861,-0.0541514,-0.0541514,-0.0970125
M,0.0801981,-0.084892,-0.084892,-0.00469395
M,-0.311665,-0.0939877,-0.0939877,-0.405653
M,0.128618,-0.124019,-0.124019,0.00459943
M,0.292612,-0.0637851,-0.0637851,0.228827
M,0.140303,-0.0939877,-0.0939877,0.0463153
M,0.31506,-0.0541514,-0.0541514,0.260909
M,-0.213044,-0.0666251,-0.0666251,-0.279669
M,-0.0343177,-0.084892,-0.084892,-0.11921
M,0.384149,-0.161272,-0.161272,0.222877
M,0.25089,-0.0939877,-0.0939877,0.156902
M,-0.245631,-0.161272,-0.161272,-0.406903
M,-0.314802,-0.161272,-0.161272,-0.476074
M,-0.316828,-0.110199,-0.110199,-0.427027
M,0.0930283,-0.104883,-0.104883,-0.0118548
M,-0.049543,-0.124019,-0.124019,-0.173562
M,-0.302533,-0.0273303,-0.0273303,-0.329863
M,-0.147254,-0.145694,-0.145694,-0.292948
M,0.511762,-0.140899,-0.140899,0.370863
M,0.323673,-0.0494694,-0.0494694,0.274204
M,-0.0486402,-0.145694,-0.145694,-0.194334
M,0.516434,-0.104883,-0.104883,0.411551
M,0.207767,-0.104617,-0.104617,0.10315
M,0.27855,-0.0939877,-0.0939877,0.184562
M,0.0821057,-0.0637851,-0.0637851,0.0183206
M,0.149444,-0.101317,-0.101317,0.0481273
M,-0.172389,-0.124019,-0.124019,-0.296408
M,0.0222604,-0.145694,-0.145694,-0.123434
M,0.057144,-0.145694,-0.145694,-0.08855
M,-0.216669,-0.0939877,-0.0939877,-0.310656
M,0.0245562,-0.145694,-0.145694,-0.121138
M,-0.235842,-0.0273303,-0.0273303,-0.263173
M,0.122267,0.0158038,0.0158038,0.138071
M,0.278208,-0.0273303,-0.0273303,0.250878
M,0.112336,-0.124019,-0.124019,-0.0116828
M,-0.0553264,-0.0262305,-0.0262305,-0.0815569
M,-0.344749,-0.132284,-0.132284,-0.477034
M,-0.0949267,-0.0494694,-0.0494694,-0.144396
M,0.291387,-0.0939877,-0.0939877,0.1974
M,0.449678,-0.0939877,-0.0939877,0.35569
M,-0.220674,-0.110199,-0.110199,-0.330873
M,0.0403224,-0.0939877,-0.0939877,-0.0536654
M,0.490999,-0.0939877,-0.0939877,0.397012
M,0.400776,-0.0978161,-0.0978161,0.30296
M,0.154627,-0.0375874,-0.0375874,0.11704
M,0.665561,-0.084892,-0.084892,0.580669
M,0.696862,-0.145694,-0.145694,0.551168
M,0.43375,-0.0666251,-0.0666251,0.367125
M,-0.0014477,-0.0939877,-0.0939877,-0.0954354
M,-0.0817301,-0.0632656,-0.0632656,-0.144996
M,0.255595,-0.104617,-0.104617,0.150978
M,0.0321988,-0.15089,-0.15089,-0.118691
M,0.0343823,-0.0813209,-0.0813209,-0.0469386
M,0.301175,-0.0494694,-0.0494694,0.251705
M,0.198218,-0.0978161,-0.0978161,0.100402
M,0.074406,-0.0939877,-0.0939877,-0.0195817
M,0.0187786,-0.104617,-0.104617,-0.0858383
M,0.171692,0.0158038,0.0158038,0.187496
M,-0.181901,-0.104883,-0.104883,-0.286784
M,-0.290553,-0.0939877,-0.0939877,-0.384541
M,-0.0289266,-0.161272,-0.161272,-0.190198
M,-0.0358839,-0.104617,-0.104617,-0.140501
M,0.135529,-0.084892,-0.084892,0.050637
M,-0.16016,-0.145694,-0.145694,-0.305854
M,0.0156984,-0.161272,-0.161272,-0.145573
M,0.116255,-0.161272,-0.161272,-0.0450167
M,0.22977,-0.0939877,-0.0939877,0.135783
M,0.268256,-0.0494694,-0.0494694,0.218787
M,0.272584,-0.0375874,-0.0375874,0.234997
M,-0.0407113,-0.124019,-0.124019,-0.16473
M,0.00615276,-0.161272,-0.161272,-0.155119
M,0.125493,-0.110199,-0.110199,0.0152935
M,0.176718,-0.0939877,-0.0939877,0.0827298
M,0.119605,-0.161272,-0.161272,-0.0416665
M,-0.077194,-0.0494694,-0.0494694,-0.126663
M,0.198657,-0.084892,-0.084892,0.113765
M,-0.154005,-0.031657,-0.031657,-0.185662
M,0.198587,-0.161272,-0.161272,0.0373153
M,0.0503773,-0.110199,-0.110199,-0.059822
M,0.186631,-0.0836005,-0.0836005,0.10303
M,0.0888574,-0.0262305,-0.0262305,0.0626269
M,-0.158621,-0.145694,-0.145694,-0.304315
M,0.0570628,-0.161272,-0.161272,-0.104209
M,-0.0665155,-0.0273303,-0.0273303,-0.0938458
M,0.307007,-0.0939877,-0.0939877,0.213019
M,-0.133377,-0.145694,-0.145694,-0.279071
M,-0.0353209,-0.145694,-0.145694,-0.181015
M,-0.128687,-0.124019,-0.124019,-0.252706
M,0.255654,-0.144734,-0.144734,0.11092
M,0.0240411,-0.145694,-0.145694,-0.121653
M,0.216302,-0.084892,-0.084892,0.13141
M,-0.146361,-0.0262305,-0.0262305,-0.172592
M,0.29688,-0.124019,-0.124019,0.172862
M,0.269616,-0.084892,-0.084892,0.184724
M,0.328149,-0.124019,-0.124019,0.204131
M,0.118403,-0.145694,-0.145694,-0.0272905
M,0.206807,-0.0939877,-0.0939877,0.112819
M,0.101753,-0.145694,-0.145694,-0.0439409
M,0.218828,-0.084892,-0.084892,0.133936
M,0.0798449,-0.0939877,-0.0939877,-0.0141429
M,-0.119132,-0.0262305,-0.0262305,-0.145362
M,0.0447888,-0.144734,-0.144734,-0.099945
M,-0.109278,-0.078104,-0.078104,-0.187382
M,0.073279,-0.0637851,-0.0637851,0.00949385
M,0.118806,-0.031657,-0.031657,0.087149
M,0.463502,-0.112901,-0.112901,0.350601
M,0.182103,-0.0978161,-0.0978161,0.0842871
M,0.267353,-0.124019,-0.124019,0.143334
M,0.330886,-0.0858016,-0.0858016,0.245085
M,-0.0228562,-0.113129,-0.113129,-0.135986
M,0.183293,-0.124019,-0.124019,0.0592742
M,0.235868,-0.0813209,-0.0813209,0.154547
M,0.101283,-0.110199,-0.110199,-0.00891598
M,-0.0922691,-0.084892,-0.084892,-0.177161
M,0.041406,-0.145694,-0.145694,-0.104288
M,0.174171,-0.124019,-0.124019,0.050153
M,0.381025,-0.104617,-0.104617,0.276408
M,0.500302,-0.104617,-0.104617,0.395685
M,-0.276771,-0.0939877,-0.0939877,-0.370759
M,0.463866,-0.0637851,-0.0637851,0.400081
M,0.134886,-0.110199,-0.110199,0.0246866
M,-0.446753,-0.124019,-0.124019,-0.570772
M,0.0653308,-0.0939877,-0.0939877,-0.028657
M,0.194124,-0.124019,-0.124019,0.0701059
M,0.240536,-0.0813209,-0.0813209,0.159215
M,0.307948,-0.105683,-0.105683,0.202265
M,0.278829,-0.124019,-0.124019,0.154811
M,0.172737,-0.0939877,-0.0939877,0.0787488
M,0.166931,-0.0813209,-0.0813209,0.0856105
M,0.130788,-0.084892,-0.084892,0.045896
M,-0.207689,-0.145694,-0.145694,-0.353383
M,0.0898003,-0.0273303,-0.0273303,0.06247
M,-0.173729,-0.124019,-0.124019,-0.297748
M,0.163722,-0.0262305,-0.0262305,0.137492
M,-0.154282,-0.110199,-0.110199,-0.264481
M,0.0599261,-0.0273303,-0.0273303,0.0325957
M,0.0946441,-0.0939877,-0.0939877,0.000656337
M,0.466829,-0.0637851,-0.0637851,0.403044
M,0.033378,-0.124019,-0.124019,-0.0906405
M,0.0898236,-0.161272,-0.161272,-0.0714482
M,0.14993,-0.0939877,-0.0939877,0.0559421
M,-0.0815679,-0.0939877,-0.0939877,-0.175556
M,0.496439,-0.0112959,-0.0112959,0.485143
M,0.170606,-0.0939877,-0.0939877,0.0766185
M,-0.0146913,-0.0262305,-0.0262305,-0.0409218
M,-0.0919695,-0.0637851,-0.0637851,-0.155755
M,0.0803698,-0.078104,-0.078104,0.0022658
M,0.114156,-0.161272,-0.161272,-0.0471157
M,0.315304,-0.0939877,-0.0939877,0.221316
M,0.336267,-0.0978161,-0.0978161,0.23845
M,0.0250462,-0.0666251,-0.0666251,-0.0415789
M,0.0839527,-0.0632656,-0.0632656,0.0206871
M,0.11446,-0.124019,-0.124019,-0.0095588
M,0.133475,-0.124019,-0.124019,0.00945634
M,-0.139649,-0.104883,-0.104883,-0.244532
M,0.238631,-0.0262305,-0.0262305,0.2124
M,0.268119,-0.140899,-0.140899,0.12722
M,0.0343693,-0.031657,-0.031657,0.00271223
M,0.280686,-0.104617,-0.104617,0.176069
M,0.0249671,-0.161272,-0.161272,-0.136305
M,-0.243864,-0.031657,-0.031657,-0.275521
M,0.0679015,-0.0971138,-0.0971138,-0.0292122
M,0.361803,-0.145694,-0.145694,0.216109
M,0.287024,-0.0858016,-0.0858016,0.201222
M,0.0556092,-0.145694,-0.145694,-0.0900848
M,0.109989,-0.140899,-0.140899,-0.0309097
M,-0.0219492,-0.140899,-0.140899,-0.162848
M,0.0379372,-0.0939877,-0.0939877,-0.0560505
M,0.269745,-0.0939877,-0.0939877,0.175758
M,0.00280448,-0.0978161,-0.0978161,-0.0950117
M,0.339379,-0.0541514,-0.0541514,0.285228
M,0.480684,-0.0666251,-0.0666251,0.414059
M,-0.0718199,-0.0939877,-0.0939877,-0.165808
M,0.0375711,-0.124019,-0.124019,-0.0864474
M,0.133743,-0.0971138,-0.0971138,0.0366294
M,-0.0784668,-0.161272,-0.161272,-0.239739
M,0.0372705,-0.0939877,-0.0939877,-0.0567173
M,-0.0499001,-0.104617,-0.104617,-0.154517
M,-0.174143,-0.0939877,-0.0939877,-0.268131
M,0.0513256,-0.110199,-0.110199,-0.0588737
M,0.165245,-0.145694,-0.145694,0.0195507
M,-0.0628507,-0.104617,-0.104617,-0.167468
M,0.37854,-0.0813209,-0.0813209,0.297219
M,0.04463,-0.0978161,-0.0978161,-0.0531862
M,0.138783,-0.104617,-0.104617,0.0341661
M,0.203423,-0.0939877,-0.0939877,0.109436
M,0.128849,-0.145694,-0.145694,-0.0168454
M,0.155263,-0.124019,-0.124019,0.0312441
M,-0.0882989,-0.0273303,-0.0273303,-0.115629
M,-0.205454,-0.0740763,-0.0740763,-0.27953
M,0.321589,-0.0813209,-0.0813209,0.240269
M,0.434928,-0.084892,-0.084892,0.350036
M,0.165926,-0.124019,-0.124019,0.0419074
M,-0.214273,-0.0971138,-0.0971138,-0.311387
M,0.388837,-0.0273303,-0.0273303,0.361506
M,0.0963095,-0.0813209,-0.0813209,0.0149886
M,-0.0797072,-0.0978161,-0.0978161,-0.177523
M,0.178723,-0.104617,-0.104617,0.0741064
M,0.215302,-0.145694,-0.145694,0.0696083
M,0.371183,-0.0836005,-0.0836005,0.287583
M,-0.130021,-0.145694,-0.145694,-0.275715
M,-0.225781,-0.124019,-0.124019,-0.349799
M,0.0418063,-0.145694,-0.145694,-0.103888
M,0.148165,-0.124019,-0.124019,0.0241467
M,-0.0943134,-0.161272,-0.161272,-0.255585
M,-0.173472,0.0158038,0.0158038,-0.157668
M,0.175947,-0.104883,-0.104883,0.0710635
M,0.147585,-0.0813209,-0.0813209,0.0662642
M,-0.250474,-0.104617,-0.104617,-0.355091
M,0.23082,-0.031657,-0.031657,0.199163
M,-0.17708,-0.0628206,-0.0628206,-0.2399
M,0.242455,-0.104617,-0.104617,0.137839
M,-0.000523072,-0.0939877,-0.0939877,-0.0945108
M,0.35052,-0.0939877,-0.0939877,0.256532
M,0.27944,-0.144734,-0.144734,0.134706
M,0.186933,-0.110199,-0.110199,0.0767342
M,0.00554579,-0.104883,-0.104883,-0.0993374
M,0.182885,-0.104617,-0.104617,0.0782679
M,-0.058145,-0.0541514,-0.0541514,-0.112296
M,-0.329288,-0.145694,-0.145694,-0.474982
M,0.241549,-0.084892,-0.084892,0.156657
M,0.0868382,-0.124019,-0.124019,-0.0371803
M,0.292877,-0.0813209,-0.0813209,0.211557
M,-0.254858,-0.0939877,-0.0939877,-0.348846
M,0.195251,-0.140493,-0.140493,0.0547576
M,0.0616428,-0.161272,-0.161272,-0.099629
M,-0.143015,-0.104617,-0.104617,-0.247632
M,0.192072,-0.104617,-0.104617,0.0874548
M,0.222453,-0.110199,-0.110199,0.112254
M,-0.287471,-0.124019,-0.124019,-0.41149
M,-0.0470803,-0.124019,-0.124019,-0.171099
M,0.0855348,-0.084892,-0.084892,0.00064273
M,0.103441,-0.101317,-0.101317,0.00212433
M,0.0761419,-0.124019,-0.124019,-0.0478766
M,0.0485774,-0.084892,-0.084892,-0.0363146
M,0.0364591,-0.144734,-0.144734,-0.108275
M,0.086258,-0.124019,-0.124019,-0.0377605
M,0.183246,-0.0939877,-0.0939877,0.089258
M,0.372918,-0.161272,-0.161272,0.211647
M,0.262461,-0.0939877,-0.0939877,0.168473
M,0.0207297,-0.0666251,-0.0666251,-0.0458954
M,-0.183565,-0.0375874,-0.0375874,-0.221153
M,0.423259,-0.110199,-0.110199,0.313059
M,0.0373015,-0.0637851,-0.0637851,-0.0264837
M,-0.261229,-0.124019,-0.124019,-0.385248
M,-0.229353,-0.145694,-0.145694,-0.375047
M,-0.0270253,-0.104883,-0.104883,-0.131908
M,0.142516,-0.145694,-0.145694,-0.00317818
M,0.313651,-0.124019,-0.124019,0.189632
M,0.10746,-0.145694,-0.145694,-0.0382339
M,-0.287099,-0.104883,-0.104883,-0.391982
M,-0.0855597,-0.104617,-0.104617,-0.190177
M,0.194702,-0.104883,-0.104883,0.0898191
M,-0.0849131,-0.0971138,-0.0971138,-0.182027
M,0.375231,-0.0628206,-0.0628206,0.312411
M,-0.124195,-0.0939877,-0.0939877,-0.218183
M,0.243219,-0.145694,-0.145694,0.097525
M,0.029667,-0.0666251,-0.0666251,-0.0369581
M,0.132682,-0.0740763,-0.0740763,0.0586058
M,0.00354646,-0.0939877,-0.0939877,-0.0904413
M,0.0717998,-0.0939877,-0.0939877,-0.0221879
M,0.0289911,-0.124019,-0.124019,-0.0950274
M,0.238062,-0.144734,-0.144734,0.0933282
M,0.308063,-0.0637851,-0.0637851,0.244278
M,-0.161745,-0.0273303,-0.0273303,-0.189075
M,0.417944,-0.0666251,-0.0666251,0.351319
M,-0.0105548,-0.161272,-0.161272,-0.171827
M,0.177269,-0.110199,-0.110199,0.06707
M,0.0419022,-0.145694,-0.145694,-0.103792
M,0.234199,-0.0813209,-0.0813209,0.152878
M,-0.105637,-0.0541514,-0.0541514,-0.159788
M,0.183731,-0.0939877,-0.0939877,0.0897429
M,0.172216,-0.0939877,-0.0939877,0.0782281
M,0.185061,-0.0939877,-0.0939877,0.0910731
M,0.276296,-0.084892,-0.084892,0.191404
M,-0.142364,-0.084892,-0.084892,-0.227257
M,0.174522,-0.084892,-0.084892,0.0896298
M,0.4731,-0.0666251,-0.0666251,0.406475
M,-0.136636,-0.161272,-0.161272,-0.297908
M,0.0469229,-0.0273303,-0.0273303,0.0195926
M,0.131742,-0.145694,-0.145694,-0.0139516
M,-0.266601,-0.0637851,-0.0637851,-0.330386
M,-0.0655446,-0.161272,-0.161272,-0.226816
M,0.160229,-0.0666251,-0.0666251,0.0936037
M,0.175131,-0.161272,-0.161272,0.013859
M,-0.170699,-0.145694,-0.145694,-0.316393
M,0.222123,-0.132284,-0.132284,0.0898387
M,0.14992,-0.0939877,-0.0939877,0.0559325
M,0.0898781,-0.0939877,-0.0939877,-0.00410967
M,-0.18585,-0.110199,-0.110199,-0.296049
M,0.25916,-0.113129,-0.113129,0.146031
M,0.034857,-0.140899,-0.140899,-0.106042
M,0.25841,-0.124019,-0.124019,0.134391
M,-0.00813642,-0.161272,-0.161272,-0.169408
M,0.355083,-0.104883,-0.104883,0.2502
M,0.231277,-0.101611,-0.101611,0.129666
M,0.237506,-0.0813209,-0.0813209,0.156185
M,0.26433,-0.124019,-0.124019,0.140311
M,0.0271205,-0.084892,-0.084892,-0.0577716
M,0.344852,-0.132284,-0.132284,0.212567
M,-0.229551,-0.078104,-0.078104,-0.307655
M,0.209533,-0.145694,-0.145694,0.0638386
M,0.245901,-0.124019,-0.124019,0.121883
M,0.141387,-0.0628206,-0.0628206,0.0785665
M,0.138721,-0.124019,-0.124019,0.0147025
M,0.245773,-0.145694,-0.145694,0.100079
M,0.395219,-0.124019,-0.124019,0.271201
M,-0.0112302,-0.0740763,-0.0740763,-0.0853065
M,0.143636,-0.101611,-0.101611,0.0420247
M,0.069722,-0.0666251,-0.0666251,0.00309685
M,0.246526,-0.124019,-0.124019,0.122507
M,0.217393,-0.0637851,-0.0637851,0.153608
M,0.105955,-0.144734,-0.144734,-0.0387785
M,0.266936,-0.0273303,-0.0273303,0.239605
M,0.366914,-0.0858016,-0.0858016,0.281112
M,0.108158,-0.0262305,-0.0262305,0.0819275
M,0.119098,-0.124019,-0.124019,-0.00492032
M,-0.0729384,-0.124019,-0.124019,-0.196957
M,0.0700003,-0.124019,-0.124019,-0.0540182
M,0.502131,-0.0112959,-0.0112959,0.490835
M,0.125355,-0.110199,-0.110199,0.0151555
M,0.0879942,-0.161272,-0.161272,-0.0732776
M,-0.10414,-0.104617,-0.104617,-0.208756
M,0.262922,-0.110199,-0.110199,0.152723
M,0.509131,-0.144734,-0.144734,0.364398
M,-0.00614796,-0.124019,-0.124019,-0.130166
M,0.285727,-0.0939877,-0.0939877,0.191739
M,-0.378527,-0.124019,-0.124019,-0.502546
M,0.302452,-0.145694,-0.145694,0.156758
M,0.324153,-0.084892,-0.084892,0.239261
M,0.279464,-0.145694,-0.145694,0.13377
M,-0.0377015,-0.0939877,-0.0939877,-0.131689
M,0.259955,-0.161272,-0.161272,0.0986827
M,0.317634,-0.124019,-0.124019,0.193616
M,0.13555,-0.124019,-0.124019,0.011531
M,-0.359256,-0.124019,-0.124019,-0.483275
M,0.266687,-0.124019,-0.124019,0.142668
M,-0.234763,-0.0939877,-0.0939877,-0.32875
M,-0.259439,-0.145694,-0.145694,-0.405133
M,0.22062,-0.124019,-0.124019,0.0966012
M,-0.120794,-0.084892,-0.084892,-0.205686
M,0.12085,-0.161272,-0.161272,-0.0404215
M,0.147413,-0.0273303,-0.0273303,0.120083
M,0.250079,-0.132284,-0.132284,0.117795
M,0.244098,-0.110199,-0.110199,0.133899
M,0.495287,-0.233524,-0.233524,0.261763
M,0.128945,-0.161272,-0.161272,-0.032327
M,-0.200181,-0.0836005,-0.0836005,-0.283782
M,-0.310983,-0.145694,-0.145694,-0.456677
M,0.0428596,-0.0939877,-0.0939877,-0.0511281
M,0.17909,-0.110199,-0.110199,0.0688907
M,0.00332601,-0.104617,-0.104617,-0.101291
M,0.179194,-0.104617,-0.104617,0.0745774
M,-0.139216,-0.084892,-0.084892,-0.224108
M,0.39456,-0.104617,-0.104617,0.289943
M,0.0325206,-0.0939877,-0.0939877,-0.0614671
M,-0.0672653,-0.0939877,-0.0939877,-0.161253
M,-0.121622,-0.0666251,-0.0666251,-0.188247
M,0.176911,-0.110199,-0.110199,0.066712
M,-0.0527258,-0.0112959,-0.0112959,-0.0640217
M,0.198225,-0.0978161,-0.0978161,0.100409
M,0.305601,-0.145694,-0.145694,0.159907
M,-0.413363,-0.0494694,-0.0494694,-0.462832
M,0.0887472,-0.161272,-0.161272,-0.0725246
M,0.121592,-0.0939877,-0.0939877,0.0276041
M,-0.274456,-0.0666251,-0.0666251,-0.341081
M,0.0417069,-0.110199,-0.110199,-0.0684924
M,-0.172733,-0.0262305,-0.0262305,-0.198963
M,0.127628,-0.104617,-0.104617,0.0230109
M,0.0164799,-0.0273303,-0.0273303,-0.0108504
M,0.245525,-0.0632656,-0.0632656,0.18226
M,-0.0763898,-0.031657,-0.031657,-0.108047
M,-0.0850237,-0.161272,-0.161272,-0.246296
M,-0.00826339,-0.084892,-0.084892,-0.0931554
M,0.119803,-0.0494694,-0.0494694,0.070334
M,-0.00208555,-0.124019,-0.124019,-0.126104
M,-0.134157,-0.0637851,-0.0637851,-0.197943
M,0.268378,-0.0939877,-0.0939877,0.17439
M,0.286653,-0.161272,-0.161272,0.125381
M,0.504532,-0.119319,-0.119319,0.385213
M,0.131801,-0.0939877,-0.0939877,0.0378131
M,-0.135203,-0.031657,-0.031657,-0.16686
M,0.123892,-0.0939877,-0.0939877,0.0299047
M,0.0999386,-0.084892,-0.084892,0.0150466
M,0.111751,-0.0813209,-0.0813209,0.0304305
M,-0.0416576,-0.0939877,-0.0939877,-0.135645
M,0.162753,-0.124019,-0.124019,0.0387347
M,0.0778858,-0.0813209,-0.0813209,-0.00343511
M,-0.0105764,-0.0939877,-0.0939877,-0.104564
M,0.141041,-0.132284,-0.132284,0.00875625
M,0.533882,-0.110199,-0.110199,0.423682
M,-0.137305,-0.0813209,-0.0813209,-0.218626
M,0.100771,-0.084892,-0.084892,0.0158789
M,0.202485,-0.145694,-0.145694,0.0567906
M,-0.0466371,-0.0939877,-0.0939877,-0.140625
M,0.0258733,-0.0740763,-0.0740763,-0.048203
M,0.160048,-0.124019,-0.124019,0.0360291
M,-0.145255,-0.110199,-0.110199,-0.255454
M,-0.191036,-0.145694,-0.145694,-0.33673
M,0.359724,-0.104617,-0.104617,0.255107
M,-0.131121,-0.104883,-0.104883,-0.236005
M,-0.329205,-0.0262305,-0.0262305,-0.355435
M,0.160656,-0.15089,-0.15089,0.00976627
M,-0.0723745,-0.161272,-0.161272,-0.233646
M,-0.0414739,-0.144734,-0.144734,-0.186208
M,0.208883,-0.145694,-0.145694,0.0631889
M,0.433269,-0.144734,-0.144734,0.288535
M,-0.124015,-0.084892,-0.084892,-0.208907
M,-0.00552108,-0.110199,-0.110199,-0.11572
M,0.300237,0.0334388,0.0334388,0.333676
M,0.0815826,-0.110199,-0.110199,-0.0286167
M,0.0714002,-0.110199,-0.110199,-0.0387991
M,-0.0906818,-0.0939877,-0.0939877,-0.18467
M,0.306371,-0.0740763,-0.0740763,0.232295
M,0.50933,-0.0632656,-0.0632656,0.446065
M,0.0168251,-0.145694,-0.145694,-0.128869
M,0.167855,-0.0666251,-0.0666251,0.10123
M,0.136902,-0.0541514,-0.0541514,0.0827501
M,0.190469,-0.0939877,-0.0939877,0.0964817
M,0.0991123,-0.0637851,-0.0637851,0.0353272
M,0.1695,-0.104617,-0.104617,0.0648831
M,0.309805,-0.104617,-0.104617,0.205188
M,0.238006,-0.0978161,-0.0978161,0.140189
M,-0.103325,-0.0494694,-0.0494694,-0.152794
M,0.251942,-0.0858016,-0.0858016,0.16614
M,0.429522,-0.161272,-0.161272,0.26825
M,0.15345,-0.0858016,-0.0858016,0.0676481
M,0.0119624,-0.0666251,-0.0666251,-0.0546627
M,-0.0424268,-0.0858016,-0.0858016,-0.128228
M,0.246144,-0.132284,-0.132284,0.11386
M,0.277254,-0.145694,-0.145694,0.13156
M,0.125434,-0.0273303,-0.0273303,0.0981037
M,0.572944,-0.132284,-0.132284,0.440659
M,-0.263096,-0.0813209,-0.0813209,-0.344417
M,-0.10385,-0.0273303,-0.0273303,-0.131181
M,0.380873,-0.084892,-0.084892,0.295981
M,-0.207114,-0.0112959,-0.0112959,-0.21841
M,0.106052,-0.101317,-0.101317,0.00473535
M,0.160825,-0.124019,-0.124019,0.0368061
M,0.187547,-0.161272,-0.161272,0.0262756
M,0.206054,-0.104883,-0.104883,0.101171
M,0.0319813,-0.0740763,-0.0740763,-0.042095
M,0.171553,-0.0740763,-0.0740763,0.0974762
M,0.0254059,-0.144734,-0.144734,-0.119328
M,0.128527,-0.0813209,-0.0813209,0.0472059
M,-0.176292,-0.0939877,-0.0939877,-0.27028
M,-0.211429,-0.161272,-0.161272,-0.372701
M,0.430319,-0.0666251,-0.0666251,0.363694
M,0.335916,-0.0939877,-0.0939877,0.241928
M,0.107094,-0.0666251,-0.0666251,0.040469
M,0.367969,-0.145694,-0.145694,0.222275
M,0.0564377,-0.0273303,-0.0273303,0.0291073
M,-0.0191892,-0.104617,-0.104617,-0.123806
M,0.166121,-0.0813209,-0.0813209,0.0848001
M,-0.20212,-0.104617,-0.104617,-0.306737
M,0.0439837,-0.145694,-0.145694,-0.10171
M,0.243079,-0.140899,-0.140899,0.10218
M,0.246133,-0.124019,-0.124019,0.122115
M,0.0366116,-0.0813209,-0.0813209,-0.0447093
M,-0.0469236,-0.145694,-0.145694,-0.192618
M,0.00181132,-0.124019,-0.124019,-0.122207
M,0.216423,-0.124019,-0.124019,0.0924042
M,0.166711,-0.104883,-0.104883,0.0618276
M,-0.227544,-0.0273303,-0.0273303,-0.254874
M,-0.369156,-0.0666251,-0.0666251,-0.435782
M,0.354392,-0.124019,-0.124019,0.230374
M,0.0279345,-0.0939877,-0.0939877,-0.0660532
M,0.31141,-0.124019,-0.124019,0.187392
M,0.0746495,-0.0978161,-0.0978161,-0.0231667
M,0.430757,-0.124019,-0.124019,0.306738
M,0.0689576,-0.124019,-0.124019,-0.0550609
M,0.266547,-0.0813209,-0.0813209,0.185226
M,-0.320564,-0.110199,-0.110199,-0.430763
M,-0.150324,-0.0939877,-0.0939877,-0.244311
M,0.103557,-0.0740763,-0.0740763,0.0294806
M,0.0752563,-0.0637851,-0.0637851,0.0114712
M,-0.0787312,-0.0939877,-0.0939877,-0.172719
M,0.318409,-0.145694,-0.145694,0.172715
M,0.0932515,-0.0628206,-0.0628206,0.030431
M,0.350014,-0.0262305,-0.0262305,0.323783
M,0.0997115,-0.161272,-0.161272,-0.0615603
M,0.557418,-0.110199,-0.110199,0.447219
M,0.00388831,-0.104617,-0.104617,-0.100729
M,0.356763,-0.0666251,-0.0666251,0.290138
M,0.0989729,-0.0494694,-0.0494694,0.0495035
M,-0.409746,-0.0939877,-0.0939877,-0.503734
M,0.514296,-0.084892,-0.084892,0.429404
M,0.0872145,-0.104883,-0.104883,-0.0176687
M,0.339141,-0.084892,-0.084892,0.254249
M,0.0332847,-0.161272,-0.161272,-0.127987
M,0.00399051,-0.0494694,-0.0494694,-0.0454788
M,0.0624646,-0.0666251,-0.0666251,-0.00416052
M,0.106769,-0.0740763,-0.0740763,0.0326927
M,0.465903,-0.0939877,-0.0939877,0.371915
M,0.0105219,-0.124019,-0.124019,-0.113497
M,0.0395421,-0.0637851,-0.0637851,-0.024243
M,-0.0907599,-0.0541514,-0.0541514,-0.144911
M,0.24579,-0.145694,-0.145694,0.100096
M,0.326623,-0.0939877,-0.0939877,0.232635
M,0.280532,-0.110199,-0.110199,0.170333
M,0.366301,-0.0494694,-0.0494694,0.316831
M,0.117254,-0.0813209,-0.0813209,0.0359335
M,0.142247,-0.0939877,-0.0939877,0.0482597
M,0.249607,-0.110199,-0.110199,0.139408
M,0.114528,-0.0939877,-0.0939877,0.0205398
M,0.420197,-0.144734,-0.144734,0.275464
M,-0.171717,-0.145694,-0.145694,-0.317411
M,0.123562,-0.0628206,-0.0628206,0.0607413
M,-0.097134,-0.0637851,-0.0637851,-0.160919
M,0.18487,-0.0541514,-0.0541514,0.130719
M,-0.109616,-0.145694,-0.145694,-0.25531
M,-0.000274519,-0.0939877,-0.0939877,-0.0942622
M,0.478935,-0.145694,-0.145694,0.333241
M,0.0900388,-0.110199,-0.110199,-0.0201605
M,-0.193739,-0.124019,-0.124019,-0.317758
M,0.010892,-0.145694,-0.145694,-0.134802
M,0.16496,-0.145694,-0.145694,0.0192663
M,0.34498,-0.145694,-0.145694,0.199286
M,-0.138298,-0.145694,-0.145694,-0.283992
M,0.270069,-0.145694,-0.145694,0.124375
M,0.156053,-0.0740763,-0.0740763,0.081977
M,-0.123611,-0.084892,-0.084892,-0.208503
M,0.149291,-0.104883,-0.104883,0.0444074
M,0.155601,-0.0628206,-0.0628206,0.0927806
M,0.0925158,-0.104617,-0.104617,-0.0121011
M,-0.00931465,-0.084892,-0.084892,-0.0942067
M,0.29191,-0.0273303,-0.0273303,0.26458
M,-0.221235,-0.084892,-0.084892,-0.306127
M,0.230141,-0.104617,-0.104617,0.125524
M,0.274306,-0.0939877,-0.0939877,0.180318
M,0.297319,-0.161272,-0.161272,0.136047
M,0.313089,-0.110199,-0.110199,0.20289
M,-0.121353,-0.0858016,-0.0858016,-0.207155
M,-0.0657399,-0.0978161,-0.0978161,-0.163556
M,0.398005,-0.084892,-0.084892,0.313113
M,-0.237999,-0.0632656,-0.0632656,-0.301264
M,0.331094,-0.161272,-0.161272,0.169823
M,-0.113748,-0.161272,-0.161272,-0.27502
M,0.183447,-0.0858016,-0.0858016,0.0976458
M,0.078927,-0.145694,-0.145694,-0.0667671
M,0.250802,-0.0112959,-0.0112959,0.239506
M,0.32542,-0.0939877,-0.0939877,0.231432
M,0.177221,-0.0494694,-0.0494694,0.127752
M,0.196114,-0.145694,-0.145694,0.0504198
M,0.030707,-0.084892,-0.084892,-0.054185
M,0.0808846,-0.0939877,-0.0939877,-0.0131031
M,0.265359,-0.144734,-0.144734,0.120625
M,0.107283,-0.104883,-0.104883,0.00239956
M,-0.0492514,-0.0273303,-0.0273303,-0.0765818
M,-0.14177,-0.124019,-0.124019,-0.265789
M,0.52239,-0.101317,-0.101317,0.421073
M,0.107861,-0.0939877,-0.0939877,0.0138728
M,0.241524,-0.0740763,-0.0740763,0.167448
M,0.0572456,-0.0262305,-0.0262305,0.0310151
M,-0.0582864,-0.0273303,-0.0273303,-0.0856167
M,0.0414417,-0.124019,-0.124019,-0.0825768
M,-0.027473,-0.161272,-0.161272,-0.188745
M,0.156748,-0.145694,-0.145694,0.011054
M,0.250259,-0.124019,-0.124019,0.12624
M,0.31235,-0.145694,-0.145694,0.166656
M,0.233262,-0.104617,-0.104617,0.128645
M,0.170483,-0.0273303,-0.0273303,0.143153
M,0.165217,-0.031657,-0.031657,0.13356
M,0.119518,-0.0858016,-0.0858016,0.0337167
M,-0.0729606,-0.0541514,-0.0541514,-0.127112
M,0.284687,-0.0836005,-0.0836005,0.201087
M,0.429624,-0.0273303,-0.0273303,0.402294
M,0.30451,-0.104883,-0.104883,0.199627
M,0.491177,-0.145694,-0.145694,0.345483
M,0.262598,-0.124019,-0.124019,0.13858
M,0.211685,-0.161272,-0.161272,0.0504131
M,0.00626214,-0.0113123,-0.0113123,-0.00505019
M,0.103638,-0.104617,-0.104617,-0.000978403
M,0.20974,-0.0666251,-0.0666251,0.143115
M,0.112629,-0.0821811,-0.0821811,0.0304483
M,-0.0963954,-0.161272,-0.161272,-0.257667
M,0.0994865,-0.084892,-0.084892,0.0145945
M,-0.0536481,-0.0273303,-0.0273303,-0.0809785
M,0.0435985,-0.0813209,-0.0813209,-0.0377224
M,0.212713,-0.0939877,-0.0939877,0.118725
M,-0.0916053,-0.084892,-0.084892,-0.176497
M,-0.00411879,-0.084892,-0.084892,-0.0890108
M,0.415355,-0.0978161,-0.0978161,0.317539
M,-0.104225,-0.161272,-0.161272,-0.265497
M,0.093418,-0.0939877,-0.0939877,-0.000569741
M,0.00339832,-0.0939877,-0.0939877,-0.0905894
M,-0.0471804,-0.110199,-0.110199,-0.15738
M,0.420048,-0.0979191,-0.0979191,0.322129
M,-0.361536,-0.145694,-0.145694,-0.50723
M,0.0593257,-0.145694,-0.145694,-0.0863683
M,0.204094,-0.124019,-0.124019,0.0800759
M,0.152036,-0.144734,-0.144734,0.00730188
M,-0.112636,-0.0632656,-0.0632656,-0.175902
M,0.127476,-0.0858016,-0.0858016,0.041674
M,-0.0454934,-0.145694,-0.145694,-0.191187
M,-0.0780887,-0.161272,-0.161272,-0.23936
M,-0.271295,-0.124019,-0.124019,-0.395314
M,0.064948,-0.104617,-0.104617,-0.0396689
M,0.0957237,-0.145694,-0.145694,-0.0499703
M,0.51544,-0.145694,-0.145694,0.369746
M,0.113112,-0.104617,-0.104617,0.00849561
M,-0.190346,-0.124019,-0.124019,-0.314365
M,-0.0249053,-0.0494694,-0.0494694,-0.0743746
M,0.00869423,-0.161272,-0.161272,-0.152578
M,-0.397341,-0.124019,-0.124019,-0.521359
M,0.268667,-0.084892,-0.084892,0.183775
M,-0.137086,-0.104617,-0.104617,-0.241703
M,-0.274117,-0.124019,-0.124019,-0.398135
M,0.103366,-0.0939877,-0.0939877,0.00937835
M,0.166286,-0.0939877,-0.0939877,0.0722979
M,0.268655,-0.124019,-0.124019,0.144637
M,0.149325,-0.0939877,-0.0939877,0.0553376
M,0.138217,-0.110199,-0.110199,0.0280179
M,0.0909239,-0.110199,-0.110199,-0.0192754
M,0.237922,-0.124019,-0.124019,0.113904
M,0.0998735,-0.0273303,-0.0273303,0.0725432
M,-0.0950433,-0.124019,-0.124019,-0.219062
M,0.119221,-0.144734,-0.144734,-0.0255128
M,0.229288,-0.0541514,-0.0541514,0.175136
M,0.286927,-0.0494694,-0.0494694,0.237458
M,-0.201877,-0.0978161,-0.0978161,-0.299694
M,0.288039,-0.0494694,-0.0494694,0.23857
M,0.284374,-0.0262305,-0.0262305,0.258143
M,-0.13319,-0.104617,-0.104617,-0.237807
M,-0.137019,-0.0112959,-0.0112959,-0.148315
M,0.19832,-0.0262305,-0.0262305,0.172089
M,-0.00479505,-0.161272,-0.161272,-0.166067
M,0.321579,-0.15089,-0.15089,0.170689
M,0.0776476,-0.0939877,-0.0939877,-0.0163401
M,0.0911814,-0.0637851,-0.0637851,0.0273963
M,0.24653,-0.0273303,-0.0273303,0.2192
M,0.180616,-0.0266733,-0.0266733,0.153942
M,0.238395,-0.161272,-0.161272,0.0771228
M,-0.338027,-0.124019,-0.124019,-0.462046
M,0.327829,-0.104883,-0.104883,0.222946
M,-0.0580211,-0.0813209,-0.0813209,-0.139342
M,0.116813,-0.0939877,-0.0939877,0.0228257
M,0.253955,-0.031657,-0.031657,0.222298
M,0.402271,-0.0978161,-0.0978161,0.304455
M,0.0819201,-0.161272,-0.161272,-0.0793517
M,-0.045488,-0.0939877,-0.0939877,-0.139476
M,0.259252,-0.0939877,-0.0939877,0.165265
M,-0.018366,-0.0858016,-0.0858016,-0.104168
M,-0.0800712,-0.104617,-0.104617,-0.184688
M,-0.061388,-0.0813209,-0.0813209,-0.142709
M,-0.144439,-0.084892,-0.084892,-0.229331
M,0.277054,-0.084892,-0.084892,0.192162
M,0.0461374,-0.0939877,-0.0939877,-0.0478503
M,0.654927,-0.0632656,-0.0632656,0.591661
M,0.0301562,-0.0939877,-0.0939877,-0.0638316
M,-0.260693,-0.110199,-0.110199,-0.370892
M,0.070517,-0.124019,-0.124019,-0.0535015
M,0.0840379,-0.084892,-0.084892,-0.000854099
M,0.0432648,-0.124019,-0.124019,-0.0807537
M,0.0220075,-0.0836005,-0.0836005,-0.061593
M,0.235731,-0.0939877,-0.0939877,0.141743
M,0.136962,-0.145694,-0.145694,-0.00873176
M,0.1214,-0.0939877,-0.0939877,0.0274126
M,0.108592,-0.0858016,-0.0858016,0.0227906
M,0.126059,-0.124019,-0.124019,0.00204014
M,-0.155303,-0.0979191,-0.0979191,-0.253222
M,0.0511389,-0.0939877,-0.0939877,-0.0428488
M,0.171297,-0.0666251,-0.0666251,0.104672
M,0.0904512,-0.104617,-0.104617,-0.0141656
M,0.26195,-0.031657,-0.031657,0.230293
M,-0.139037,-0.0978161,-0.0978161,-0.236853
M,-0.294686,-0.0821811,-0.0821811,-0.376867
M,-0.057388,-0.0971138,-0.0971138,-0.154502
M,0.123771,-0.0740763,-0.0740763,0.0496945
M,0.125064,-0.145694,-0.145694,-0.0206301
M,0.103827,-0.145694,-0.145694,-0.0418674
M,0.00412674,-0.0939877,-0.0939877,-0.089861
M,0.209947,-0.124019,-0.124019,0.0859283
M,-0.17937,-0.110199,-0.110199,-0.28957
M,-0.00888613,-0.084892,-0.084892,-0.0937782
M,0.117484,-0.0939877,-0.0939877,0.0234962
M,0.319503,-0.0858016,-0.0858016,0.233702
M,0.617038,-0.0939877,-0.0939877,0.52305
M,0.29255,-0.0494694,-0.0494694,0.243081
M,0.283303,-0.0494694,-0.0494694,0.233834
M,0.197104,-0.104883,-0.104883,0.0922204
M,-0.0957844,-0.0858016,-0.0858016,-0.181586
M,-0.11083,-0.0494694,-0.0494694,-0.1603
M,0.413064,-0.145694,-0.145694,0.26737
M,0.138774,-0.0978161,-0.0978161,0.0409579
M,0.0518563,-0.145694,-0.145694,-0.0938377
M,0.323737,-0.0637851,-0.0637851,0.259952
M,0.0271784,-0.145694,-0.145694,-0.118516
M,0.0238298,-0.0813209,-0.0813209,-0.0574911
M,0.521374,-0.0494694,-0.0494694,0.471905
M,-0.0662248,-0.124019,-0.124019,-0.190243
M,0.122372,-0.104617,-0.104617,0.0177547
M,-0.0683879,-0.0637851,-0.0637851,-0.132173
M,-0.113575,-0.0262305,-0.0262305,-0.139805
M,0.21597,-0.145694,-0.145694,0.0702756
M,-0.031692,-0.104617,-0.104617,-0.136309
M,0.120044,-0.0939877,-0.0939877,0.0260564
M,0.148444,-0.0112959,-0.0112959,0.137149
M,-0.102047,-0.0939877,-0.0939877,-0.196035
M,0.0871542,-0.145694,-0.145694,-0.0585398
M,0.170169,-0.124019,-0.124019,0.0461503
M,-0.0285495,-0.0939877,-0.0939877,-0.122537
M,-0.0877168,-0.101611,-0.101611,-0.189328
M,0.197655,-0.084892,-0.084892,0.112763
M,0.144869,-0.0939877,-0.0939877,0.050881
M,-0.0452331,-0.124019,-0.124019,-0.169252
M,0.110192,-0.104883,-0.104883,0.00530909
M,0.0222553,-0.161272,-0.161272,-0.139017
M,0.334256,-0.0637851,-0.0637851,0.270471
M,0.0597012,-0.145694,-0.145694,-0.0859928
M,0.273356,-0.145694,-0.145694,0.127662
M,-0.0814496,-0.110199,-0.110199,-0.191649
M,0.233398,-0.145694,-0.145694,0.0877035
M,0.0872288,-0.0273303,-0.0273303,0.0598985
M,0.0586549,-0.0494694,-0.0494694,0.00918558
M,0.254708,-0.0273303,-0.0273303,0.227378
M,0.159753,-0.0939877,-0.0939877,0.0657652
M,0.173009,-0.0939877,-0.0939877,0.079021
M,0.489792,-0.110199,-0.110199,0.379592
M,0.357914,-0.145694,-0.145694,0.21222
M,0.16347,-0.084892,-0.084892,0.0785775
M,0.262836,-0.145694,-0.145694,0.117142
M,-0.196188,-0.144734,-0.144734,-0.340922
M,0.290339,-0.104617,-0.104617,0.185722
M,0.119357,-0.0858016,-0.0858016,0.0335554
M,-0.0611001,-0.084892,-0.084892,-0.145992
M,0.0511819,-0.0978161,-0.0978161,-0.0466342
M,0.141901,-0.0273303,-0.0273303,0.114571
M,0.0936756,-0.110199,-0.110199,-0.0165237
M,-0.079412,-0.124019,-0.124019,-0.203431
M,0.0832121,-0.084892,-0.084892,-0.00167997
M,0.228311,-0.0939877,-0.0939877,0.134323
M,-0.175617,-0.104883,-0.104883,-0.2805
M,-0.0583238,-0.104883,-0.104883,-0.163207
M,0.254932,-0.0939877,-0.0939877,0.160944
M,-0.0209755,-0.145694,-0.145694,-0.16667
M,-0.104488,-0.110199,-0.110199,-0.214688
M,-0.0685419,-0.104617,-0.104617,-0.173159
M,0.331952,-0.110199,-0.110199,0.221753
M,0.42375,-0.084892,-0.084892,0.338858
M,0.0289795,-0.0939877,-0.0939877,-0.0650082
M,0.215432,-0.0939877,-0.0939877,0.121444
M,-0.106113,-0.110199,-0.110199,-0.216313
M,0.0667163,-0.0939877,-0.0939877,-0.0272714
M,0.102915,-0.124019,-0.124019,-0.0211031
M,-0.00493256,-0.0262305,-0.0262305,-0.0311631
M,0.0954859,-0.0813209,-0.0813209,0.014165
M,-0.0592079,-0.0939877,-0.0939877,-0.153196
M,0.0406509,-0.084892,-0.084892,-0.0442411
M,-0.146333,-0.110199,-0.110199,-0.256532
M,-0.421395,-0.0939877,-0.0939877,-0.515382
M,0.344908,-0.104617,-0.104617,0.240292
M,-0.173092,-0.110199,-0.110199,-0.283291
M,0.17399,-0.0666251,-0.0666251,0.107365
M,0.240076,-0.0628206,-0.0628206,0.177256
M,0.191641,-0.0939877,-0.0939877,0.0976528
M,-0.197849,-0.0632656,-0.0632656,-0.261115
M,-0.11507,-0.124019,-0.124019,-0.239089
M,0.0248655,-0.104617,-0.104617,-0.0797513
M,-0.32427,-0.144734,-0.144734,-0.469004
M,-0.0381852,-0.0273303,-0.0273303,-0.0655156
M,0.179803,-0.104617,-0.104617,0.0751864
M,0.115514,-0.145694,-0.145694,-0.0301803
M,-0.282868,-0.0375874,-0.0375874,-0.320455
M,0.0144654,-0.145694,-0.145694,-0.131229
M,-0.168274,-0.0939877,-0.0939877,-0.262262
M,0.0858781,-0.0813209,-0.0813209,0.00455724
M,0.342973,-0.0494694,-0.0494694,0.293504
M,-0.481409,-0.161272,-0.161272,-0.642681
M,0.106915,-0.084892,-0.084892,0.0220232
M,0.388589,-0.084892,-0.084892,0.303697
M,0.126923,-0.0666251,-0.0666251,0.0602983
M,0.292647,-0.0939877,-0.0939877,0.198659
M,0.298274,-0.0637851,-0.0637851,0.234489
M,0.160845,-0.104617,-0.104617,0.0562285
M,-0.147023,-0.161272,-0.161272,-0.308295
M,0.312668,-0.145694,-0.145694,0.166974
M,0.248513,-0.0637851,-0.0637851,0.184728
M,0.202306,-0.084892,-0.084892,0.117414
M,0.307482,-0.0666251,-0.0666251,0.240856
M,0.161849,-0.0632656,-0.0632656,0.098583
M,0.154351,-0.140899,-0.140899,0.0134514
M,-0.0146896,-0.0666251,-0.0666251,-0.0813147
M,0.22858,-0.124019,-0.124019,0.104561
M,0.142788,-0.104617,-0.104617,0.0381714
M,-0.11991,-0.0666251,-0.0666251,-0.186535
M,0.124572,-0.145694,-0.145694,-0.0211224
M,0.467132,-0.0637851,-0.0637851,0.403347
M,0.120009,-0.0262305,-0.0262305,0.0937783
M,0.119308,-0.145694,-0.145694,-0.0263858
M,0.100236,-0.0939877,-0.0939877,0.00624779
M,0.173445,-0.0813209,-0.0813209,0.0921236
M,0.228683,-0.078104,-0.078104,0.150579
M,0.170562,-0.104617,-0.104617,0.0659448
M,0.180531,-0.0666251,-0.0666251,0.113905
M,0.134877,-0.0494694,-0.0494694,0.0854081
M,0.105503,-0.110199,-0.110199,-0.00469585
M,0.32313,-0.124019,-0.124019,0.199111
M,-0.124321,-0.0939877,-0.0939877,-0.218309
M,-0.113719,-0.0273303,-0.0273303,-0.141049
M,0.0285118,-0.101317,-0.101317,-0.0728051
M,0.334255,-0.0112959,-0.0112959,0.322959
M,0.0445561,-0.0939877,-0.0939877,-0.0494317
M,-0.115848,-0.0939877,-0.0939877,-0.209836
M,-0.103874,-0.0813209,-0.0813209,-0.185195
M,0.137843,-0.124019,-0.124019,0.0138244
M,0.166251,-0.110199,-0.110199,0.056052
M,0.0448496,-0.145694,-0.145694,-0.100844
M,-0.217076,-0.124019,-0.124019,-0.341094
M,0.224352,-0.0979191,-0.0979191,0.126433
M,-0.165682,-0.124019,-0.124019,-0.2897
M,0.0890568,-0.145694,-0.145694,-0.0566372
M,0.386134,-0.161272,-0.161272,0.224862
M,-0.00382096,-0.084892,-0.084892,-0.088713
M,-0.293708,-0.0939877,-0.0939877,-0.387696
M,0.614954,-0.145694,-0.145694,0.46926
M,0.0101517,-0.145694,-0.145694,-0.135542
M,0.297616,-0.140899,-0.140899,0.156717
M,-0.0407403,-0.161272,-0.161272,-0.202012
M,-0.0320712,-0.124019,-0.124019,-0.15609
M,0.0533962,-0.0939877,-0.0939877,-0.0405915
M,-0.141996,-0.124019,-0.124019,-0.266014
M,0.494595,-0.145694,-0.145694,0.348901
M,0.140075,-0.101317,-0.101317,0.0387582
M,-0.0707137,-0.0628206,-0.0628206,-0.133534
M,0.228761,-0.104617,-0.104617,0.124145
M,-0.518005,-0.161272,-0.161272,-0.679277
M,0.0746289,-0.145694,-0.145694,-0.0710651
M,0.0722395,-0.0637851,-0.0637851,0.00845442
M,-0.116124,-0.0971138,-0.0971138,-0.213238
M,-0.283505,-0.0939877,-0.0939877,-0.377492
M,-0.0793755,-0.124019,-0.124019,-0.203394
M,-0.145581,-0.104617,-0.104617,-0.250198
M,-0.270715,-0.145694,-0.145694,-0.416409
M,0.157829,-0.0978161,-0.0978161,0.060013
M,0.412622,-0.0632656,-0.0632656,0.349357
M,0.188916,-0.110199,-0.110199,0.0787169
M,0.0264963,-0.110199,-0.110199,-0.0837029
M,0.0289103,-0.104617,-0.104617,-0.0757065
M,0.305174,-0.145694,-0.145694,0.15948
M,0.0240296,-0.161272,-0.161272,-0.137242
M,0.0739088,-0.084892,-0.084892,-0.0109832
M,-0.0476203,-0.124019,-0.124019,-0.171639
M,0.10558,-0.0494694,-0.0494694,0.0561107
M,-0.0102154,-0.124019,-0.124019,-0.134234
M,0.00221821,-0.104617,-0.104617,-0.102399
M,0.0780587,-0.104617,-0.104617,-0.0265581
M,0.177171,-0.110199,-0.110199,0.0669714
M,-0.235604,-0.161272,-0.161272,-0.396876
M,0.125936,-0.104617,-0.104617,0.0213189
M,-0.0793264,-0.124019,-0.124019,-0.203345
M,0.0598665,-0.161272,-0.161272,-0.101405
M,0.170839,-0.145694,-0.145694,0.0251447
M,0.133972,-0.132284,-0.132284,0.00168775
M,0.553193,-0.124019,-0.124019,0.429174
M,0.0596672,-0.0637851,-0.0637851,-0.00411791
M,0.0050707,-0.124019,-0.124019,-0.118948
M,0.108115,-0.0112959,-0.0112959,0.0968189
M,0.217121,-0.0939877,-0.0939877,0.123133
M,-0.0648864,-0.0112959,-0.0112959,-0.0761823
M,0.192638,-0.104883,-0.104883,0.0877551
M,0.21285,-0.145694,-0.145694,0.0671558
M,0.195178,-0.161272,-0.161272,0.0339062
M,0.415651,-0.0603837,-0.0603837,0.355267
M,0.443088,-0.124019,-0.124019,0.31907
M,0.284584,-0.0637851,-0.0637851,0.220798
M,0.117033,-0.0666251,-0.0666251,0.0504078
M,0.350097,-0.161272,-0.161272,0.188825
M,0.485548,-0.110199,-0.110199,0.375349
M,0.355701,-0.0112959,-0.0112959,0.344405
M,0.0578784,-0.104883,-0.104883,-0.0470047
M,0.0864279,-0.084892,-0.084892,0.00153583
M,-0.180691,-0.0939877,-0.0939877,-0.274679
M,0.0718435,-0.124019,-0.124019,-0.052175
M,0.16709,-0.110199,-0.110199,0.0568907
M,0.226429,-0.124019,-0.124019,0.10241
M,0.0779756,-0.0273303,-0.0273303,0.0506453
M,0.201897,-0.0494694,-0.0494694,0.152427
M,-0.13178,-0.124019,-0.124019,-0.255798
M,0.0064394,-0.0939877,-0.0939877,-0.0875483
M,-0.257632,-0.0637851,-0.0637851,-0.321417
M,-0.271022,-0.145694,-0.145694,-0.416716
M,0.247264,-0.0494694,-0.0494694,0.197795
M,0.17195,-0.15089,-0.15089,0.0210598
M,0.0229354,-0.0666251,-0.0666251,-0.0436898
M,0.0689223,-0.124019,-0.124019,-0.0550962
M,-0.0531627,-0.0541514,-0.0541514,-0.107314
M,0.141367,-0.110199,-0.110199,0.0311677
M,0.0783029,-0.140899,-0.140899,-0.0625962
M,0.23152,-0.124019,-0.124019,0.107501
M,0.329638,-0.113129,-0.113129,0.216508
M,0.0253884,-0.0632656,-0.0632656,-0.0378772
M,0.156697,-0.145694,-0.145694,0.0110034
M,0.123113,-0.0978161,-0.0978161,0.0252968
M,-0.314513,-0.110199,-0.110199,-0.424712
M,-0.22112,-0.104617,-0.104617,-0.325737
M,0.231748,-0.0979191,-0.0979191,0.133828
M,-0.0620612,-0.124019,-0.124019,-0.18608
M,0.157885,-0.104883,-0.104883,0.0530022
M,-0.0598441,-0.110199,-0.110199,-0.170043
M,0.159935,-0.110199,-0.110199,0.0497358
M,0.0806909,-0.145694,-0.145694,-0.0650031
M,0.0876,-0.104617,-0.104617,-0.0170168
M,-0.171815,-0.0939877,-0.0939877,-0.265802
M,-0.0792857,-0.104617,-0.104617,-0.183903
M,0.0581451,-0.0939877,-0.0939877,-0.0358426
M,-0.00133151,-0.124019,-0.124019,-0.12535
M,0.294304,-0.132284,-0.132284,0.162019
M,0.0654318,-0.0939877,-0.0939877,-0.028556
M,-0.245678,-0.140899,-0.140899,-0.386577
M,-0.249417,-0.084892,-0.084892,-0.33431
M,0.0530173,-0.161272,-0.161272,-0.108254
M,-0.0334549,-0.0939877,-0.0939877,-0.127443
M,0.35801,-0.0939877,-0.0939877,0.264022
M,0.149188,-0.144734,-0.144734,0.00445433
M,0.263898,-0.0731493,-0.0731493,0.190749
M,0.182649,-0.0632656,-0.0632656,0.119384
M,0.172118,-0.0740763,-0.0740763,0.0980413
M,0.000965611,-0.124019,-0.124019,-0.123053
M,0.0777163,-0.084892,-0.084892,-0.00717576
M,0.290383,-0.15089,-0.15089,0.139493
M,0.074541,-0.0494694,-0.0494694,0.0250717
M,0.335609,-0.124019,-0.124019,0.21159
M,0.266003,-0.0494694,-0.0494694,0.216534
M,0.255174,-0.110199,-0.110199,0.144975
M,-0.190122,-0.124019,-0.124019,-0.314141
M,0.261863,-0.0637851,-0.0637851,0.198078
M,-0.250986,-0.104883,-0.104883,-0.35587
M,-0.00084006,-0.104883,-0.104883,-0.105723
M,0.537085,-0.145694,-0.145694,0.391391
M,0.0603443,-0.161272,-0.161272,-0.100928
M,-0.201653,-0.0978161,-0.0978161,-0.299469
M,0.480661,-0.110199,-0.110199,0.370462
M,-0.0452735,-0.0262305,-0.0262305,-0.071504
M,-0.109466,-0.084892,-0.084892,-0.194358
M,0.00395164,-0.084892,-0.084892,-0.0809404
M,0.430007,-0.145694,-0.145694,0.284313
M,0.145181,-0.0813209,-0.0813209,0.0638605
M,-0.00178439,-0.104617,-0.104617,-0.106401
M,-0.116224,-0.132284,-0.132284,-0.248509
M,0.118892,-0.110199,-0.110199,0.00869242
M,-0.131316,-0.124019,-0.124019,-0.255334
M,0.100843,-0.0939877,-0.0939877,0.00685487
M,0.35965,-0.0813209,-0.0813209,0.27833
M,0.469376,-0.0375874,-0.0375874,0.431788
M,-0.200486,-0.078104,-0.078104,-0.27859
M,0.203473,-0.161272,-0.161272,0.0422011
M,-0.436668,-0.0939877,-0.0939877,-0.530655
M,-0.147587,-0.0262305,-0.0262305,-0.173818
M,-0.00214075,-0.0939877,-0.0939877,-0.0961285
M,0.165387,-0.0939877,-0.0939877,0.0713991
M,-0.162328,-0.104617,-0.104617,-0.266945
M,0.161486,-0.0939877,-0.0939877,0.0674987
M,0.248106,-0.0494694,-0.0494694,0.198637
M,0.0413605,-0.124019,-0.124019,-0.082658
M,0.0911151,-0.0939877,-0.0939877,-0.00287259
M,0.25948,-0.0836005,-0.0836005,0.175879
M,0.0904237,-0.124019,-0.124019,-0.0335948
M,0.0120614,-0.0978161,-0.0978161,-0.0857548
M,-0.172696,-0.110199,-0.110199,-0.282896
M,0.0579766,-0.0979191,-0.0979191,-0.0399425
M,0.0683108,-0.124019,-0.124019,-0.0557077
M,0.162357,-0.0632656,-0.0632656,0.0990909
M,0.172123,-0.124019,-0.124019,0.0481047
M,-0.367193,-0.144734,-0.144734,-0.511927
M,0.064866,-0.0273303,-0.0273303,0.0375357
M,0.529961,-0.0939877,-0.0939877,0.435973
M,0.217478,-0.084892,-0.084892,0.132586
M,-0.0869243,-0.0939877,-0.0939877,-0.180912
M,0.326726,-0.145694,-0.145694,0.181032
M,0.170531,-0.104617,-0.104617,0.0659143
M,0.345326,-0.110199,-0.110199,0.235127
M,0.0825739,-0.124019,-0.124019,-0.0414446
M,0.203223,-0.124019,-0.124019,0.079205
M,0.282392,-0.0494694,-0.0494694,0.232923
M,0.0763953,-0.0939877,-0.0939877,-0.0175924
M,0.345658,-0.124019,-0.124019,0.22164
M,0.0701803,-0.104617,-0.104617,-0.0344365
M,0.20201,-0.084892,-0.084892,0.117118
M,0.0316701,-0.0273303,-0.0273303,0.0043398
M,0.147337,-0.145694,-0.145694,0.00164322
M,0.324454,-0.0273303,-0.0273303,0.297123
M,0.249352,-0.110199,-0.110199,0.139153
M,-0.0856759,-0.0939877,-0.0939877,-0.179664
M,0.22492,-0.113129,-0.113129,0.111791
M,0.102119,-0.084892,-0.084892,0.017227
M,0.348758,-0.0939877,-0.0939877,0.254771
