F,0.0,0.0,0.0,0.0
F,0.0,0.0,0.0,0.0
F,0.0,0.0,0.0,0.0
F,0.0,0.0,0.0,0.0
F,0.0,0.0,0.0,0.0
F,0.0,0.0,0.0,0.0
F,0.0,0.0,0.0,0.0
F,0.0,0.0,0.0,0.0
F,0.0,0.0,0.0,0.0
F,0.0,0.0,0.0,0.0
F,0.0,0.0,0.0,0.0
F,-0.00986074,0.0,0.0,-0.00986074
F,0.0,0.0,0.0,0.0
F,0.0,0.0,0.0,0.0
F,0.0,0.0,0.0,0.0
F,0.0,0.0,0.0,0.0
F,-0.0238793,0.0,0.0,-0.0238793
F,0.0,0.0,0.0,0.0
F,0.0,0.0,0.0,0.0
F,0.0,0.0,0.0,0.0
F,0.0,0.0,0.0,0.0
F,-0.0601907,0.0,0.0,-0.0601907
F,0.0,0.0,0.0,0.0
F,0.0,0.0,0.0,0.0
F,0.0,0.0,0.0,0.0
F,0.0,0.0,0.0,0.0
F,0.0,0.0,0.0,0.0
F,0.0,0.0,0.0,0.0
F,0.0,0.0,0.0,0.0
F,-0.0185123,0.0,0.0,-0.0185123
F,0.0,0.0,0.0,0.0
F,0.0,0.0,0.0,0.0
F,0.0,0.0,0.0,0.0
F,0.0,0.0,0.0,0.0
F,0.0,0.0,0.0,0.0
F,0.0,0.0,0.0,0.0
F,-0.110328,0.0,0.0,-0.110328
F,0.0,0.0,0.0,0.0
F,0.0,0.0,0.0,0.0
F,0.00356415,0.0,0.0,0.00356415
F,0.0,0.0,0.0,0.0
F,0.0296146,0.0,0.0,0.0296146
F,0.0,0.0,0.0,0.0
F,0.0,0.0,0.0,0.0
F,0.0,0.0,0.0,0.0
F,-0.0242955,0.0,0.0,-0.0242955
F,0.0,0.0,0.0,0.0
F,0.0,0.0,0.0,0.0
F,0.0,0.0,0.0,0.0
F,-0.0166803,0.0,0.0,-0.0166803
F,0.0,0.0,0.0,0.0
F,0.0,0.0,0.0,0.0
F,0.0539839,0.0,0.0,0.0539839
F,0.0,0.0,0.0,0.0
F,0.0410627,0.0,0.0,0.0410627
F,0.0,0.0,0.0,0.0
F,0.0,0.0,0.0,0.0
F,0.000300485,0.0,0.0,0.000300485
F,0.0,0.0,0.0,0.0
F,0.0,0.0,0.0,0.0
F,-0.00849936,0.0,0.0,-0.00849936
F,0.0,0.0,0.0,0.0
F,0.0,0.0,0.0,0.0
F,-0.0431896,0.0,0.0,-0.0431896
F,0.0,0.0,0.0,0.0
F,0.0,0.0,0.0,0.0
F,0.0,0.0,0.0,0.0
F,0.0,0.0,0.0,0.0
F,0.0,0.0,0.0,0.0
F,0.0,0.0,0.0,0.0
F,0.0219896,0.0,0.0,0.0219896
F,-0.0020658,0.0,0.0,-0.0020658
F,0.0,0.0,0.0,0.0
F,0.0,0.0,0.0,0.0
F,0.0,0.0,0.0,0.0
F,0.0255746,0.0,0.0,0.0255746
F,0.0,0.0,0.0,0.0
F,0.0,0.0,0.0,0.0
F,0.0,0.0,0.0,0.0
F,0.0,0.0,0.0,0.0
F,0.0,0.0,0.0,0.0
F,0.0,0.0,0.0,0.0
F,-0.030764,0.0,0.0,-0.030764
F,0.0,0.0,0.0,0.0
F,0.0,0.0,0.0,0.0
F,0.0,0.0,0.0,0.0
F,0.0,0.0,0.0,0.0
F,0.0,0.0,0.0,0.0
F,0.0,0.0,0.0,0.0
F,0.0,0.0,0.0,0.0
F,0.0,0.0,0.0,0.0
F,0.0,0.0,0.0,0.0
F,0.0,0.0,0.0,0.0
F,0.0,0.0,0.0,0.0
F,0.0,0.0,0.0,0.0
F,0.0,0.0,0.0,0.0
F,0.0,0.0,0.0,0.0
F,0.0,0.0,0.0,0.0
F,0.0,0.0,0.0,0.0
F,0.0,0.0,0.0,0.0
F,0.0,0.0,0.0,0.0
F,0.0,0.0,0.0,0.0
F,-0.047906,0.0,0.0,-0.047906
F,0.0,0.0,0.0,0.0
F,0.0,0.0,0.0,0.0
F,0.0,0.0,0.0,0.0
F,0.0,0.0,0.0,0.0
F,0.0,0.0,0.0,0.0
F,0.0,0.0,0.0,0.0
F,0.0110854,0.0,0.0,0.0110854
F,0.0,0.0,0.0,0.0
F,0.0,0.0,0.0,0.0
F,0.0,0.0,0.0,0.0
F,0.0,0.0,0.0,0.0
F,0.0,0.0,0.0,0.0
F,0.0,0.0,0.0,0.0
F,0.0,0.0,0.0,0.0
F,0.0,0.0,0.0,0.0
F,-0.00166483,0.0,0.0,-0.00166483
F,0.0,0.0,0.0,0.0
F,0.0,0.0,0.0,0.0
F,0.0,0.0,0.0,0.0
F,0.0,0.0,0.0,0.0
F,0.0,0.0,0.0,0.0
F,0.0,0.0,0.0,0.0
F,0.0,0.0,0.0,0.0
F,0.0,0.0,0.0,0.0
F,0.0,0.0,0.0,0.0
F,0.0,0.0,0.0,0.0
F,0.0,0.0,0.0,0.0
F,0.0,0.0,0.0,0.0
F,0.0341361,0.0,0.0,0.0341361
F,0.00500847,0.0,0.0,0.00500847
F,0.0,0.0,0.0,0.0
F,0.0,0.0,0.0,0.0
F,0.0,0.0,0.0,0.0
F,0.0,0.0,0.0,0.0
F,0.0,0.0,0.0,0.0
F,0.0,0.0,0.0,0.0
F,-0.0136084,0.0,0.0,-0.0136084
F,0.0,0.0,0.0,0.0
F,0.0,0.0,0.0,0.0
F,0.0,0.0,0.0,0.0
F,0.0,0.0,0.0,0.0
F,0.0,0.0,0.0,0.0
F,0.0,0.0,0.0,0.0
F,0.0,0.0,0.0,0.0
F,0.0,0.0,0.0,0.0
F,0.0,0.0,0.0,0.0
F,0.0,0.0,0.0,0.0
F,0.0,0.0,0.0,0.0
F,0.0,0.0,0.0,0.0
F,0.0,0.0,0.0,0.0
F,0.0,0.0,0.0,0.0
F,0.0,0.0,0.0,0.0
F,0.0970653,0.0,0.0,0.0970653
F,0.0,0.0,0.0,0.0
F,0.0,0.0,0.0,0.0
F,0.0,0.0,0.0,0.0
F,0.0,0.0,0.0,0.0
F,0.0,0.0,0.0,0.0
F,0.0,0.0,0.0,0.0
F,0.0,0.0,0.0,0.0
F,0.0,0.0,0.0,0.0
F,-0.0138838,0.0,0.0,-0.0138838
F,0.0,0.0,0.0,0.0
F,0.0,0.0,0.0,0.0
F,0.0,0.0,0.0,0.0
F,0.0,0.0,0.0,0.0
F,0.0,0.0,0.0,0.0
F,0.0,0.0,0.0,0.0
F,0.0,0.0,0.0,0.0
F,0.0,0.0,0.0,0.0
F,0.0,0.0,0.0,0.0
F,0.0,0.0,0.0,0.0
F,0.0,0.0,0.0,0.0
F,0.0,0.0,0.0,0.0
F,-0.0399911,0.0,0.0,-0.0399911
F,0.0,0.0,0.0,0.0
F,0.0,0.0,0.0,0.0
F,0.0,0.0,0.0,0.0
F,0.0,0.0,0.0,0.0
F,0.0,0.0,0.0,0.0
F,-0.0780411,0.0,0.0,-0.0780411
F,0.0,0.0,0.0,0.0
F,0.00299937,0.0,0.0,0.00299937
F,0.0656857,0.0,0.0,0.0656857
F,0.0,0.0,0.0,0.0
F,0.0,0.0,0.0,0.0
F,0.0,0.0,0.0,0.0
F,0.0,0.0,0.0,0.0
F,-0.0761513,0.0,0.0,-0.0761513
F,0.0,0.0,0.0,0.0
F,0.0,0.0,0.0,0.0
F,0.0,0.0,0.0,0.0
F,0.0,0.0,0.0,0.0
F,0.0,0.0,0.0,0.0
F,0.0,0.0,0.0,0.0
F,0.0,0.0,0.0,0.0
F,0.0,0.0,0.0,0.0
F,0.0,0.0,0.0,0.0
F,0.0,0.0,0.0,0.0
F,0.0,0.0,0.0,0.0
F,0.0,0.0,0.0,0.0
F,0.0,0.0,0.0,0.0
F,0.0,0.0,0.0,0.0
F,0.0,0.0,0.0,0.0
F,0.0,0.0,0.0,0.0
F,0.0,0.0,0.0,0.0
F,0.0,0.0,0.0,0.0
F,0.0,0.0,0.0,0.0
F,0.0,0.0,0.0,0.0
F,0.0,0.0,0.0,0.0
F,0.0,0.0,0.0,0.0
F,0.0,0.0,0.0,0.0
F,0.0,0.0,0.0,0.0
F,0.104314,0.0,0.0,0.104314
F,0.0,0.0,0.0,0.0
F,0.0,0.0,0.0,0.0
F,0.0,0.0,0.0,0.0
F,0.0,0.0,0.0,0.0
F,0.0,0.0,0.0,0.0
F,0.0,0.0,0.0,0.0
F,0.0,0.0,0.0,0.0
F,0.0,0.0,0.0,0.0
F,0.0,0.0,0.0,0.0
F,-0.033702,0.0,0.0,-0.033702
F,0.0,0.0,0.0,0.0
F,0.0,0.0,0.0,0.0
F,0.0,0.0,0.0,0.0
F,0.0,0.0,0.0,0.0
F,0.0,0.0,0.0,0.0
F,0.0,0.0,0.0,0.0
F,0.0,0.0,0.0,0.0
F,0.0,0.0,0.0,0.0
F,0.0,0.0,0.0,0.0
F,0.0,0.0,0.0,0.0
F,-0.152445,0.0,0.0,-0.152445
F,0.0,0.0,0.0,0.0
F,0.0,0.0,0.0,0.0
F,0.0,0.0,0.0,0.0
F,0.0869904,0.0,0.0,0.0869904
F,0.0,0.0,0.0,0.0
F,0.0,0.0,0.0,0.0
F,0.0,0.0,0.0,0.0
F,0.0,0.0,0.0,0.0
F,0.0,0.0,0.0,0.0
F,0.00457472,0.0,0.0,0.00457472
F,0.0,0.0,0.0,0.0
F,0.0,0.0,0.0,0.0
F,0.0,0.0,0.0,0.0
F,0.0,0.0,0.0,0.0
F,0.0,0.0,0.0,0.0
F,0.0,0.0,0.0,0.0
F,0.0,0.0,0.0,0.0
F,0.0,0.0,0.0,0.0
F,0.0,0.0,0.0,0.0
F,0.0,0.0,0.0,0.0
F,0.0378887,0.0,0.0,0.0378887
F,0.0,0.0,0.0,0.0
F,0.0,0.0242625,0.0242625,0.0242625
F,0.0,0.0,0.0,0.0
F,0.0,0.0,0.0,0.0
F,0.0,0.0,0.0,0.0
F,0.0,0.0,0.0,0.0
F,0.0,0.0,0.0,0.0
F,0.0,0.0,0.0,0.0
F,-0.0166803,0.0,0.0,-0.0166803
F,0.0,0.0,0.0,0.0
F,0.0,0.0,0.0,0.0
F,0.0,0.0,0.0,0.0
F,0.0,0.0,0.0,0.0
F,0.0,0.0,0.0,0.0
F,-0.00336685,0.0,0.0,-0.00336685
F,0.0,0.0,0.0,0.0
F,0.0,0.0,0.0,0.0
F,0.0,0.0,0.0,0.0
F,0.0,0.0,0.0,0.0
F,0.0,0.0,0.0,0.0
F,0.0,0.0,0.0,0.0
F,0.0,0.0,0.0,0.0
F,0.0,0.0242625,0.0242625,0.0242625
F,0.0,0.0,0.0,0.0
F,0.0,0.0,0.0,0.0
F,0.0,0.0,0.0,0.0
F,0.0,0.0,0.0,0.0
F,0.0,0.0,0.0,0.0
F,0.0,0.0,0.0,0.0
F,0.0,0.0,0.0,0.0
F,0.0,0.0,0.0,0.0
F,0.0,0.0,0.0,0.0
F,0.0,0.0,0.0,0.0
F,0.0,0.0,0.0,0.0
F,0.0,0.0,0.0,0.0
F,0.0,0.0,0.0,0.0
F,-0.00447802,0.0,0.0,-0.00447802
F,0.0,0.0,0.0,0.0
F,0.0,0.0,0.0,0.0
F,0.0,0.0,0.0,0.0
F,0.0,0.0,0.0,0.0
F,0.0,0.0,0.0,0.0
F,0.0,0.0,0.0,0.0
F,0.0,0.0,0.0,0.0
F,0.0,0.0,0.0,0.0
F,0.0,0.0,0.0,0.0
F,0.0,0.0,0.0,0.0
F,0.0,0.0,0.0,0.0
F,0.0,0.0,0.0,0.0
F,0.0,0.0,0.0,0.0
F,0.0,0.0,0.0,0.0
F,0.0,0.0,0.0,0.0
F,0.0,0.0,0.0,0.0
F,0.0,0.0,0.0,0.0
F,0.0,0.0,0.0,0.0
F,0.0,0.0,0.0,0.0
F,0.0,0.0,0.0,0.0
F,0.0,0.0,0.0,0.0
F,0.0,0.0,0.0,0.0
F,0.0,0.0,0.0,0.0
F,0.0,0.0,0.0,0.0
F,0.0,0.0,0.0,0.0
F,0.0,0.0,0.0,0.0
F,0.0,0.0,0.0,0.0
F,0.0,0.0,0.0,0.0
F,-0.0376798,0.0,0.0,-0.0376798
F,0.0,0.0,0.0,0.0
F,0.0,0.0,0.0,0.0
F,0.0,0.0,0.0,0.0
F,0.0,0.0,0.0,0.0
F,0.0,0.0,0.0,0.0
F,0.0,0.0,0.0,0.0
F,0.0,0.0,0.0,0.0
F,0.0,0.0,0.0,0.0
F,0.0,0.0,0.0,0.0
F,0.0,0.0,0.0,0.0
F,0.0,0.0,0.0,0.0
F,0.00398048,0.0,0.0,0.00398048
F,-0.1451,0.0,0.0,-0.1451
F,0.0590431,0.0,0.0,0.0590431
F,0.0,0.0,0.0,0.0
F,0.0,0.0,0.0,0.0
F,0.0,0.0,0.0,0.0
F,0.0,0.0,0.0,0.0
F,0.0,0.0,0.0,0.0
F,0.0183904,0.0,0.0,0.0183904
F,0.0,0.0,0.0,0.0
F,0.0,0.0,0.0,0.0
F,0.0,0.0,0.0,0.0
F,0.0,0.0,0.0,0.0
F,0.0,0.0,0.0,0.0
F,0.0,0.0,0.0,0.0
F,-0.030764,0.0,0.0,-0.030764
F,0.0814314,0.0,0.0,0.0814314
F,0.0,0.0,0.0,0.0
F,0.0,0.0,0.0,0.0
F,0.0,0.0,0.0,0.0
F,0.0,0.0,0.0,0.0
F,-0.0237442,0.0,0.0,-0.0237442
F,0.0,0.0,0.0,0.0
F,0.0,0.0,0.0,0.0
F,0.0,0.0,0.0,0.0
F,0.0,0.0,0.0,0.0
F,0.0,0.0,0.0,0.0
F,0.0,0.0,0.0,0.0
F,0.0,0.0,0.0,0.0
F,0.0,0.0,0.0,0.0
F,0.0,0.0,0.0,0.0
F,0.0,0.0,0.0,0.0
F,0.0,0.0,0.0,0.0
F,0.0380692,0.0,0.0,0.0380692
F,0.0,0.0,0.0,0.0
F,0.0,0.0,0.0,0.0
F,0.0,0.0,0.0,0.0
F,0.0578191,0.0,0.0,0.0578191
F,0.0,0.0,0.0,0.0
F,0.0,0.0,0.0,0.0
F,0.0,0.0,0.0,0.0
F,0.0,0.0,0.0,0.0
F,0.0,0.0,0.0,0.0
F,0.0,0.0,0.0,0.0
F,0.0,0.0,0.0,0.0
F,0.0171529,0.0,0.0,0.0171529
F,0.0,0.0,0.0,0.0
F,0.0,0.0,0.0,0.0
F,0.0,0.0,0.0,0.0
F,0.0,0.0,0.0,0.0
F,0.0,0.0,0.0,0.0
F,0.0,0.0,0.0,0.0
F,0.0,0.0,0.0,0.0
F,0.0,0.0,0.0,0.0
F,0.0,0.0,0.0,0.0
F,0.00469386,0.0,0.0,0.00469386
F,0.0,0.0,0.0,0.0
F,0.0,0.0,0.0,0.0
F,0.0,0.0,0.0,0.0
F,-0.120926,0.0,0.0,-0.120926
F,0.0,0.0,0.0,0.0
F,0.0,0.0,0.0,0.0
F,0.0,0.0,0.0,0.0
F,0.0,0.0,0.0,0.0
F,-0.00663616,0.0,0.0,-0.00663616
F,0.0,0.0,0.0,0.0
F,0.0,0.0,0.0,0.0
F,-0.0364106,0.0,0.0,-0.0364106
F,0.0,0.0,0.0,0.0
F,0.0,0.0,0.0,0.0
F,0.0,0.0,0.0,0.0
F,0.0,0.0,0.0,0.0
F,0.0,0.0,0.0,0.0
F,0.0,0.0,0.0,0.0
F,0.0,0.0,0.0,0.0
F,0.0207651,0.0,0.0,0.0207651
F,0.0,0.0,0.0,0.0
F,0.0,0.0,0.0,0.0
F,0.0,0.0,0.0,0.0
F,0.0,0.0,0.0,0.0
F,0.0368096,0.0,0.0,0.0368096
F,0.0,0.0,0.0,0.0
F,0.0,0.0,0.0,0.0
F,0.0,0.0,0.0,0.0
F,0.0,0.0,0.0,0.0
F,0.0937651,0.0,0.0,0.0937651
F,0.0,0.0,0.0,0.0
F,0.0,0.0,0.0,0.0
F,0.0,0.0,0.0,0.0
F,0.0,0.0,0.0,0.0
F,0.0,0.0,0.0,0.0
F,0.0,0.0,0.0,0.0
F,0.0,0.0,0.0,0.0
F,0.08398,0.0,0.0,0.08398
F,0.0,0.0,0.0,0.0
F,0.0,0.0,0.0,0.0
F,0.0196773,0.0,0.0,0.0196773
F,-0.0380926,0.0,0.0,-0.0380926
F,0.0,0.0,0.0,0.0
F,0.0,0.0,0.0,0.0
F,0.0,0.0,0.0,0.0
F,0.0,0.0,0.0,0.0
F,0.0,0.0,0.0,0.0
F,0.0,0.0,0.0,0.0
F,0.00983626,0.0,0.0,0.00983626
F,0.0,0.0,0.0,0.0
F,0.0,0.0,0.0,0.0
F,0.0,0.0,0.0,0.0
F,0.0,0.0,0.0,0.0
F,0.0,0.0,0.0,0.0
F,0.0,0.0,0.0,0.0
F,0.0,0.0,0.0,0.0
F,0.0,0.0,0.0,0.0
F,0.0,0.0,0.0,0.0
F,0.0,0.0,0.0,0.0
F,0.0,0.0,0.0,0.0
F,0.0,0.0,0.0,0.0
F,0.0,0.0,0.0,0.0
F,0.0,0.0,0.0,0.0
F,0.0,0.0,0.0,0.0
F,0.0,0.0,0.0,0.0
F,0.0,0.0,0.0,0.0
F,0.0,0.0,0.0,0.0
F,0.0,0.0,0.0,0.0
F,0.0171529,0.0,0.0,0.0171529
F,0.0220625,0.0,0.0,0.0220625
F,0.0,0.0,0.0,0.0
F,0.00737567,0.0,0.0,0.00737567
F,0.0,0.0,0.0,0.0
F,0.0,0.0,0.0,0.0
F,0.0,0.0,0.0,0.0
F,0.0,0.0,0.0,0.0
F,0.0,0.0,0.0,0.0
F,0.0,0.0,0.0,0.0
F,0.0,0.0,0.0,0.0
F,0.0,0.0,0.0,0.0
F,0.0,0.0,0.0,0.0
F,0.0,0.0,0.0,0.0
F,0.0,0.0,0.0,0.0
F,0.0,0.0,0.0,0.0
F,0.0,0.0,0.0,0.0
F,0.0,0.0,0.0,0.0
F,0.0,0.0,0.0,0.0
F,0.0219234,0.0,0.0,0.0219234
F,0.0,0.0,0.0,0.0
F,0.0,0.0,0.0,0.0
F,0.0,0.0,0.0,0.0
F,0.0,0.0,0.0,0.0
F,-0.0466118,0.0,0.0,-0.0466118
F,0.0,0.0,0.0,0.0
F,0.014576,0.0,0.0,0.014576
F,0.0,0.0,0.0,0.0
F,0.00932516,0.0,0.0,0.00932516
F,0.0,0.0,0.0,0.0
F,0.0,0.0,0.0,0.0
F,0.0,0.0,0.0,0.0
F,0.0,0.0,0.0,0.0
F,0.0,0.0,0.0,0.0
F,-0.00663616,0.0,0.0,-0.00663616
F,0.0,0.0,0.0,0.0
F,0.0,0.0,0.0,0.0
F,0.0,0.0,0.0,0.0
F,0.0,0.0,0.0,0.0
F,0.0,0.0,0.0,0.0
F,0.0,0.0,0.0,0.0
F,0.0,0.0,0.0,0.0
F,-0.035259,0.0,0.0,-0.035259
F,0.0,0.0,0.0,0.0
F,0.0,0.0,0.0,0.0
F,0.0,0.0,0.0,0.0
F,0.0,0.0,0.0,0.0
F,0.0,0.0,0.0,0.0
F,0.0,0.0,0.0,0.0
F,0.0,0.0,0.0,0.0
F,0.0,0.0,0.0,0.0
F,0.0,0.0,0.0,0.0
F,0.0,0.0,0.0,0.0
F,0.0,0.0,0.0,0.0
F,0.0,0.0,0.0,0.0
F,0.0508784,0.0,0.0,0.0508784
F,0.0,0.0,0.0,0.0
F,0.0,0.0,0.0,0.0
F,0.0,0.0,0.0,0.0
F,0.0,0.0,0.0,0.0
F,-0.101804,0.0,0.0,-0.101804
F,0.0,0.0,0.0,0.0
F,-0.042691,0.0,0.0,-0.042691
F,0.0,0.0,0.0,0.0
F,0.0,0.0,0.0,0.0
F,0.0,0.0,0.0,0.0
F,0.0,0.0,0.0,0.0
F,0.0,0.0,0.0,0.0
F,0.0,0.0,0.0,0.0
F,0.0,0.0,0.0,0.0
F,0.0,0.0,0.0,0.0
F,0.0,0.0,0.0,0.0
F,0.0,0.0,0.0,0.0
F,0.0,0.0,0.0,0.0
F,0.0,0.0,0.0,0.0
F,0.0,0.0,0.0,0.0
F,0.0,0.0,0.0,0.0
F,-0.047906,0.0,0.0,-0.047906
F,0.0,0.0,0.0,0.0
F,0.0,0.0,0.0,0.0
F,0.0,0.0,0.0,0.0
F,0.0,0.0,0.0,0.0
F,0.0,0.0,0.0,0.0
F,0.0,0.0,0.0,0.0
F,0.0,0.0,0.0,0.0
F,0.0,0.0,0.0,0.0
F,0.0,0.0,0.0,0.0
F,0.0,0.0,0.0,0.0
F,-0.0521594,0.0,0.0,-0.0521594
F,0.0,0.0,0.0,0.0
F,0.0,0.0,0.0,0.0
F,0.0,0.0,0.0,0.0
F,0.0,0.0,0.0,0.0
F,0.0,0.0,0.0,0.0
F,0.0,0.0,0.0,0.0
F,0.0656857,0.0,0.0,0.0656857
F,0.0,0.0,0.0,0.0
F,0.0,0.0,0.0,0.0
F,0.0,0.0,0.0,0.0
F,0.0,0.0,0.0,0.0
F,0.0,0.0,0.0,0.0
F,0.0,0.0,0.0,0.0
F,0.0,0.0,0.0,0.0
F,0.0,0.0,0.0,0.0
F,0.0,0.0,0.0,0.0
F,0.0,0.0,0.0,0.0
F,0.0,0.0,0.0,0.0
F,0.0,0.0,0.0,0.0
F,0.0,0.0,0.0,0.0
F,0.0,0.0,0.0,0.0
F,0.0,0.0,0.0,0.0
F,0.00769895,0.0,0.0,0.00769895
F,-0.00912809,0.0,0.0,-0.00912809
F,0.0,0.0,0.0,0.0
F,0.0,0.0,0.0,0.0
F,0.0,0.0,0.0,0.0
F,0.0,0.0,0.0,0.0
F,0.0,0.0,0.0,0.0
F,0.0,0.0,0.0,0.0
F,0.0207651,0.0,0.0,0.0207651
F,0.0,0.0,0.0,0.0
F,0.0,0.0,0.0,0.0
F,0.0,0.0,0.0,0.0
F,-0.0425229,0.0,0.0,-0.0425229
F,0.126177,0.0,0.0,0.126177
F,0.034385,0.0,0.0,0.034385
F,0.0,0.0,0.0,0.0
F,0.0,0.0,0.0,0.0
F,0.0,0.0,0.0,0.0
F,0.0,0.0,0.0,0.0
F,0.0,0.0,0.0,0.0
F,0.0,0.0,0.0,0.0
F,0.0,0.0,0.0,0.0
F,0.00262023,0.0,0.0,0.00262023
F,0.0,0.0,0.0,0.0
F,-0.0155006,0.0,0.0,-0.0155006
F,0.0,0.0,0.0,0.0
F,0.0,0.0,0.0,0.0
F,-0.030764,0.0,0.0,-0.030764
F,0.0,0.0,0.0,0.0
F,0.0,0.0,0.0,0.0
F,0.0512249,0.0,0.0,0.0512249
F,0.0,0.0,0.0,0.0
F,0.0,0.0,0.0,0.0
F,0.0,0.0,0.0,0.0
F,0.0,0.0,0.0,0.0
F,0.0,0.0,0.0,0.0
F,0.0,0.0,0.0,0.0
F,0.0,0.0,0.0,0.0
F,0.0,0.0,0.0,0.0
F,-0.0648665,0.0,0.0,-0.0648665
F,0.0,0.0,0.0,0.0
F,0.0,0.0,0.0,0.0
F,0.00457472,0.0,0.0,0.00457472
F,0.0,0.0,0.0,0.0
F,0.0,0.0,0.0,0.0
F,0.0,0.0,0.0,0.0
F,0.0,0.0,0.0,0.0
F,0.0,0.0,0.0,0.0
F,-0.0547953,0.0,0.0,-0.0547953
F,0.00546724,0.0,0.0,0.00546724
F,0.0150194,0.0,0.0,0.0150194
F,0.0,0.0,0.0,0.0
F,0.0,0.0,0.0,0.0
F,0.0,0.0,0.0,0.0
F,-0.072077,0.0,0.0,-0.072077
F,0.0,0.0,0.0,0.0
F,-0.0701495,0.0,0.0,-0.0701495
F,0.0,0.0,0.0,0.0
F,0.0,0.0,0.0,0.0
F,0.0,0.0,0.0,0.0
F,0.0,0.0,0.0,0.0
F,0.0,0.0,0.0,0.0
F,0.0,0.0,0.0,0.0
F,0.0,0.0,0.0,0.0
F,0.0,0.0,0.0,0.0
F,0.0,0.0,0.0,0.0
F,0.0418863,0.0,0.0,0.0418863
F,0.0,0.0,0.0,0.0
F,0.0,0.0,0.0,0.0
F,0.0,0.0,0.0,0.0
F,0.0,0.0,0.0,0.0
F,0.0,0.0,0.0,0.0
F,0.0,0.0,0.0,0.0
F,0.0,0.0,0.0,0.0
F,0.0,0.0,0.0,0.0
F,0.0,0.0,0.0,0.0
F,0.0,0.0,0.0,0.0
F,0.0,0.0,0.0,0.0
F,0.0,0.0,0.0,0.0
F,0.0,0.0,0.0,0.0
F,0.0,0.0,0.0,0.0
F,-0.0376798,0.0,0.0,-0.0376798
F,0.0,0.0,0.0,0.0
F,0.0,0.0,0.0,0.0
F,0.0,0.0,0.0,0.0
F,0.0814314,0.0,0.0,0.0814314
F,0.0,0.0,0.0,0.0
F,0.0,0.0,0.0,0.0
F,0.0,0.0,0.0,0.0
F,0.0,0.0,0.0,0.0
F,0.0,0.0,0.0,0.0
F,0.0,0.0,0.0,0.0
F,0.0,0.0,0.0,0.0
F,0.0,0.0,0.0,0.0
F,0.0,0.0,0.0,0.0
F,0.0,0.0,0.0,0.0
F,0.0,0.0,0.0,0.0
F,0.0,0.0,0.0,0.0
F,0.0,0.0,0.0,0.0
F,0.0,0.0,0.0,0.0
F,0.00656875,0.0,0.0,0.00656875
F,0.0,0.0,0.0,0.0
F,0.0,0.0,0.0,0.0
F,0.0,0.0,0.0,0.0
F,0.0,0.0,0.0,0.0
F,0.0,0.0,0.0,0.0
F,0.0132275,0.0,0.0,0.0132275
F,0.0,0.0,0.0,0.0
F,0.0,0.0,0.0,0.0
F,0.0,0.0,0.0,0.0
F,0.0,0.0,0.0,0.0
F,0.0,0.0,0.0,0.0
F,0.0,0.0,0.0,0.0
F,0.0,0.0,0.0,0.0
F,-0.0780411,0.0,0.0,-0.0780411
F,0.0,0.0,0.0,0.0
F,0.0,0.0,0.0,0.0
F,0.0,0.0,0.0,0.0
F,0.0,0.0,0.0,0.0
F,0.0,0.0,0.0,0.0
F,0.0,0.0,0.0,0.0
F,0.0,0.0,0.0,0.0
F,0.0,0.0,0.0,0.0
F,0.0,0.0,0.0,0.0
F,-0.0020658,0.0,0.0,-0.0020658
F,0.0,0.0,0.0,0.0
F,0.0,0.0,0.0,0.0
F,0.0,0.0,0.0,0.0
F,0.0,0.0,0.0,0.0
F,0.0,0.0,0.0,0.0
F,0.0,0.0,0.0,0.0
F,0.0,0.0,0.0,0.0
F,-0.00433699,0.0,0.0,-0.00433699
F,0.0,0.0,0.0,0.0
F,0.0,0.0,0.0,0.0
F,0.0,0.0,0.0,0.0
F,0.0,0.0,0.0,0.0
F,0.0,0.0,0.0,0.0
F,0.00779917,0.0,0.0,0.00779917
F,0.0,0.0,0.0,0.0
F,0.0,0.0,0.0,0.0
F,0.0,0.0,0.0,0.0
F,-0.0142467,0.0,0.0,-0.0142467
F,0.0,0.0,0.0,0.0
F,0.0,0.0,0.0,0.0
F,-0.0376798,0.0,0.0,-0.0376798
F,-0.0240509,0.0,0.0,-0.0240509
F,-0.0621068,0.0,0.0,-0.0621068
F,0.0,0.0,0.0,0.0
F,0.0,0.0,0.0,0.0
F,0.0,0.0,0.0,0.0
F,-0.047906,0.0,0.0,-0.047906
F,0.0,0.0,0.0,0.0
F,0.0,0.0,0.0,0.0
F,0.0,0.0,0.0,0.0
F,0.038899,0.0,0.0,0.038899
F,0.0,0.0,0.0,0.0
F,0.0,0.0,0.0,0.0
F,0.0,0.0,0.0,0.0
F,0.0,0.0,0.0,0.0
F,0.0,0.0,0.0,0.0
F,0.0,0.0,0.0,0.0
F,0.0,0.0,0.0,0.0
F,0.0,0.0,0.0,0.0
F,0.0,0.0,0.0,0.0
F,0.0,0.0,0.0,0.0
F,0.0,0.0,0.0,0.0
F,0.0,0.0,0.0,0.0
F,0.0,0.0,0.0,0.0
F,0.0,0.0,0.0,0.0
F,0.0,0.0,0.0,0.0
F,0.0,0.0,0.0,0.0
F,-0.101804,0.0,0.0,-0.101804
F,0.0,0.0,0.0,0.0
F,0.0,0.0,0.0,0.0
F,0.0,0.0,0.0,0.0
F,0.0,0.0,0.0,0.0
F,0.0,0.0,0.0,0.0
F,0.0,0.0,0.0,0.0
F,0.0,0.0,0.0,0.0
F,0.0,0.0,0.0,0.0
F,0.0,0.0,0.0,0.0
F,0.0,0.0,0.0,0.0
F,0.0,0.0,0.0,0.0
F,0.0,0.0,0.0,0.0
F,-0.0561245,0.0,0.0,-0.0561245
F,0.0,0.0,0.0,0.0
F,0.0,0.0,0.0,0.0
F,0.0,0.0,0.0,0.0
F,0.0,0.0,0.0,0.0
F,0.0,0.0,0.0,0.0
F,0.0,0.0,0.0,0.0
F,0.0,0.0,0.0,0.0
F,0.0,0.0,0.0,0.0
F,0.0029433,0.0,0.0,0.0029433
F,0.0,0.0,0.0,0.0
F,0.0,0.0,0.0,0.0
F,0.0,0.0,0.0,0.0
F,0.0656857,0.0,0.0,0.0656857
F,0.0,0.0,0.0,0.0
F,0.0,0.0,0.0,0.0
F,0.0,0.0,0.0,0.0
F,0.0,0.0,0.0,0.0
F,0.0,0.0,0.0,0.0
F,-0.0780411,0.0,0.0,-0.0780411
F,0.0,0.0,0.0,0.0
F,0.0,0.0,0.0,0.0
F,0.0,0.0,0.0,0.0
F,0.0433599,0.0,0.0,0.0433599
F,0.0,0.0,0.0,0.0
F,0.0,0.0,0.0,0.0
F,0.0,0.0,0.0,0.0
F,0.0,0.0,0.0,0.0
F,0.0537906,0.0,0.0,0.0537906
F,0.0,0.0,0.0,0.0
F,0.0,0.0,0.0,0.0
F,0.0,0.0,0.0,0.0
F,0.0,0.0,0.0,0.0
F,0.0,0.0,0.0,0.0
F,0.0,0.0,0.0,0.0
F,0.0,0.0,0.0,0.0
F,0.0,0.0,0.0,0.0
F,0.0,0.0,0.0,0.0
F,0.0,0.0,0.0,0.0
F,0.0,0.0,0.0,0.0
F,0.0,0.0,0.0,0.0
F,0.0,0.0,0.0,0.0
F,0.0,0.0,0.0,0.0
F,0.0,0.0,0.0,0.0
F,0.0,0.0,0.0,0.0
F,0.0,0.0,0.0,0.0
F,0.0,0.0,0.0,0.0
F,0.0,0.0,0.0,0.0
F,0.0,0.0,0.0,0.0
F,0.0,0.0,0.0,0.0
F,0.0,0.0,0.0,0.0
F,0.0,0.0,0.0,0.0
F,0.0,0.0,0.0,0.0
F,0.0,0.0,0.0,0.0
F,0.0,0.0,0.0,0.0
F,0.0,0.0,0.0,0.0
F,0.0,0.0,0.0,0.0
F,0.0,0.0,0.0,0.0
F,-0.0365655,0.0,0.0,-0.0365655
F,0.0,0.0,0.0,0.0
F,0.0,0.0,0.0,0.0
F,0.0,0.0,0.0,0.0
F,0.0,0.0,0.0,0.0
F,0.0,0.0,0.0,0.0
F,0.0,0.0,0.0,0.0
F,0.0,0.0,0.0,0.0
F,0.0,0.0,0.0,0.0
F,0.0,0.0,0.0,0.0
F,0.0,0.0,0.0,0.0
F,0.0,0.0,0.0,0.0
F,-0.0941881,0.0,0.0,-0.0941881
F,0.0281445,0.0,0.0,0.0281445
F,0.0,0.0,0.0,0.0
F,0.0,0.0,0.0,0.0
F,0.0,0.0,0.0,0.0
F,0.0,0.0,0.0,0.0
F,0.0,0.0,0.0,0.0
F,0.0,0.0,0.0,0.0
F,0.0,0.0,0.0,0.0
F,0.0,0.0,0.0,0.0
F,0.0189469,0.0,0.0,0.0189469
F,0.0,0.0,0.0,0.0
F,0.0,0.0,0.0,0.0
F,0.0,0.0,0.0,0.0
F,0.0,0.0,0.0,0.0
F,0.0,0.0,0.0,0.0
F,0.0,0.0,0.0,0.0
F,0.0,0.0,0.0,0.0
F,0.0,0.0,0.0,0.0
F,0.0,0.0,0.0,0.0
F,0.0,0.0,0.0,0.0
F,0.0,0.0,0.0,0.0
F,-0.0344911,0.0,0.0,-0.0344911
F,0.0,0.0,0.0,0.0
F,0.0,0.0,0.0,0.0
F,0.0,0.0,0.0,0.0
F,0.0,0.0,0.0,0.0
F,0.0,0.0,0.0,0.0
F,0.0,0.0,0.0,0.0
F,-0.0376798,0.0,0.0,-0.0376798
F,0.0,0.0,0.0,0.0
F,0.0,0.0,0.0,0.0
F,0.0,0.0,0.0,0.0
F,0.0,0.0,0.0,0.0
F,0.0977024,0.0,0.0,0.0977024
F,0.0,0.0,0.0,0.0
F,9.83226e-05,0.0,0.0,9.83226e-05
F,0.0,0.0,0.0,0.0
F,0.0,0.0,0.0,0.0
F,0.0,0.0,0.0,0.0
F,0.0,0.0,0.0,0.0
F,0.0473855,0.0,0.0,0.0473855
F,0.0,0.0,0.0,0.0
F,0.0,0.0,0.0,0.0
F,0.0,0.0,0.0,0.0
F,-0.0674982,0.0,0.0,-0.0674982
F,0.0,0.0,0.0,0.0
F,0.0,0.0,0.0,0.0
F,0.0,0.0,0.0,0.0
F,0.0,0.0,0.0,0.0
F,0.0,0.0,0.0,0.0
F,0.0,0.0,0.0,0.0
F,0.0,0.0,0.0,0.0
F,0.0,0.0,0.0,0.0
F,0.0647605,0.0,0.0,0.0647605
F,0.0,0.0,0.0,0.0
F,0.0,0.0,0.0,0.0
F,-0.0527175,0.0,0.0,-0.0527175
F,-0.111634,0.0,0.0,-0.111634
F,0.0,0.0,0.0,0.0
F,0.0344263,0.0,0.0,0.0344263
F,0.0,0.0,0.0,0.0
F,-0.00849936,0.0,0.0,-0.00849936
F,0.0,0.0,0.0,0.0
F,0.0,0.0,0.0,0.0
F,0.0,0.0,0.0,0.0
F,-0.0295293,0.0,0.0,-0.0295293
F,-0.00628242,0.0,0.0,-0.00628242
F,0.0,0.0,0.0,0.0
F,0.0,0.0,0.0,0.0
F,0.0,0.0,0.0,0.0
F,0.0,0.0,0.0,0.0
F,0.0,0.0,0.0,0.0
F,-0.00628242,0.0,0.0,-0.00628242
F,0.0,0.0,0.0,0.0
F,0.0,0.0,0.0,0.0
F,0.00156571,0.0,0.0,0.00156571
F,0.0,0.0,0.0,0.0
F,0.0,0.0,0.0,0.0
F,0.0,0.0,0.0,0.0
F,0.0,0.0,0.0,0.0
F,0.0,0.0,0.0,0.0
F,0.0,0.0,0.0,0.0
F,0.0,0.0,0.0,0.0
F,0.0,0.0,0.0,0.0
F,0.0,0.0,0.0,0.0
F,0.0408703,0.0,0.0,0.0408703
F,0.0,0.0,0.0,0.0
F,0.0,0.0,0.0,0.0
F,0.0,0.0,0.0,0.0
F,0.0,0.0,0.0,0.0
F,0.0,0.0,0.0,0.0
F,0.0,0.0,0.0,0.0
F,0.0,0.0,0.0,0.0
F,0.0,0.0,0.0,0.0
F,-0.0367883,0.0,0.0,-0.0367883
F,0.0,0.0,0.0,0.0
F,0.0,0.0,0.0,0.0
F,0.0,0.0,0.0,0.0
F,-0.0136937,0.0,0.0,-0.0136937
F,0.0,0.0,0.0,0.0
F,0.0,0.0,0.0,0.0
F,-0.0161313,0.0,0.0,-0.0161313
F,0.0,0.0,0.0,0.0
F,0.0,0.0,0.0,0.0
F,0.0,0.0,0.0,0.0
F,0.0,0.0,0.0,0.0
F,0.0,0.0,0.0,0.0
F,0.0,0.0,0.0,0.0
F,0.0,0.0,0.0,0.0
F,0.0,0.0,0.0,0.0
F,0.0,0.0,0.0,0.0
F,0.00872997,0.0,0.0,0.00872997
F,0.0,0.0,0.0,0.0
F,0.0,0.0,0.0,0.0
F,0.0,0.0,0.0,0.0
F,0.0,0.0,0.0,0.0
F,0.0,0.0,0.0,0.0
F,0.0,0.0,0.0,0.0
F,0.0,0.0,0.0,0.0
F,0.000384486,0.0,0.0,0.000384486
F,0.0,0.0,0.0,0.0
F,0.0,0.0,0.0,0.0
F,0.0,0.0,0.0,0.0
F,0.0,0.0,0.0,0.0
F,0.0,0.0,0.0,0.0
F,0.0,0.0,0.0,0.0
F,0.0,0.0,0.0,0.0
F,0.0,0.0,0.0,0.0
F,0.0,0.0,0.0,0.0
F,0.0,0.0,0.0,0.0
F,0.0,0.0,0.0,0.0
F,0.0,0.0,0.0,0.0
F,0.0196773,0.0,0.0,0.0196773
F,0.0,0.0,0.0,0.0
F,0.0,0.0,0.0,0.0
F,0.0,0.0,0.0,0.0
F,0.0,0.0,0.0,0.0
F,0.0,0.0,0.0,0.0
F,0.0,0.0,0.0,0.0
F,0.0,0.0,0.0,0.0
F,0.0,0.0,0.0,0.0
F,0.0,0.0,0.0,0.0
F,0.0,0.0,0.0,0.0
F,0.0,0.0,0.0,0.0
F,0.0,0.0,0.0,0.0
F,0.0,0.0,0.0,0.0
F,0.0,0.0,0.0,0.0
F,0.0,0.0,0.0,0.0
F,0.0,0.0,0.0,0.0
F,0.0,0.0,0.0,0.0
F,0.0030782,0.0,0.0,0.0030782
F,0.0787126,0.0,0.0,0.0787126
F,0.0,0.0,0.0,0.0
F,0.0,0.0,0.0,0.0
F,0.0,0.0,0.0,0.0
F,0.0,0.0,0.0,0.0
F,0.0,0.0,0.0,0.0
F,0.0,0.0,0.0,0.0
F,0.0,0.0,0.0,0.0
F,0.0,0.0,0.0,0.0
F,0.0,0.0,0.0,0.0
F,0.0,0.0,0.0,0.0
F,0.0,0.0,0.0,0.0
F,0.0,0.0,0.0,0.0
F,0.0,0.0,0.0,0.0
F,0.0,0.0,0.0,0.0
F,-0.00497479,0.0,0.0,-0.00497479
F,0.0,0.0,0.0,0.0
F,0.0,0.0,0.0,0.0
F,0.0,0.0,0.0,0.0
F,0.0,0.0,0.0,0.0
F,-0.00433699,0.0,0.0,-0.00433699
F,0.0578191,0.0,0.0,0.0578191
F,0.0315237,0.0,0.0,0.0315237
F,0.0,0.0,0.0,0.0
F,0.0,0.0,0.0,0.0
F,0.0,0.0,0.0,0.0
F,0.0,0.0,0.0,0.0
F,0.0,0.0,0.0,0.0
F,0.0,0.0,0.0,0.0
F,0.0,0.0,0.0,0.0
F,0.0,0.0,0.0,0.0
F,0.0,0.0,0.0,0.0
F,0.0,0.0,0.0,0.0
F,0.0,0.0,0.0,0.0
F,0.0,0.0,0.0,0.0
F,0.0,0.0,0.0,0.0
F,0.0,0.0,0.0,0.0
F,0.0,0.0,0.0,0.0
F,0.0408703,0.0,0.0,0.0408703
F,0.0,0.0,0.0,0.0
F,0.0,0.0,0.0,0.0
F,0.0,0.0,0.0,0.0
F,0.0,0.0,0.0,0.0
F,0.0,0.0,0.0,0.0
F,0.0,0.0,0.0,0.0
F,-0.0020658,0.0,0.0,-0.0020658
F,0.0,0.0,0.0,0.0
F,0.0,0.0,0.0,0.0
F,0.0,0.0,0.0,0.0
F,0.0,0.0,0.0,0.0
F,0.0,0.0,0.0,0.0
F,0.0,0.0,0.0,0.0
F,0.0,0.0,0.0,0.0
F,0.0,0.0,0.0,0.0
F,0.0,0.0,0.0,0.0
F,0.0422249,0.0,0.0,0.0422249
F,0.0,0.0,0.0,0.0
F,0.0,0.0,0.0,0.0
F,0.0,0.0,0.0,0.0
F,0.0,0.0,0.0,0.0
F,0.0,0.0,0.0,0.0
F,0.0,0.0,0.0,0.0
F,0.0,0.0,0.0,0.0
F,0.0,0.0,0.0,0.0
F,0.0,0.0,0.0,0.0
F,0.0,0.0,0.0,0.0
F,0.0,0.0,0.0,0.0
F,0.00656875,0.0,0.0,0.00656875
F,-0.0281069,0.0,0.0,-0.0281069
F,-0.0155006,0.0,0.0,-0.0155006
F,0.0,0.0,0.0,0.0
F,0.0,0.0,0.0,0.0
F,0.0,0.0,0.0,0.0
F,0.0,0.0,0.0,0.0
F,0.0,0.0,0.0,0.0
F,0.0,0.0,0.0,0.0
F,0.0,0.0,0.0,0.0
F,0.0,0.0,0.0,0.0
F,0.0,0.0,0.0,0.0
F,0.0,0.0,0.0,0.0
F,0.0,0.0,0.0,0.0
F,0.0,0.0,0.0,0.0
F,0.0,0.0,0.0,0.0
F,0.0,0.0,0.0,0.0
F,0.0,0.0,0.0,0.0
F,0.0,0.0,0.0,0.0
F,-0.0210557,0.0,0.0,-0.0210557
F,-0.0186144,0.0,0.0,-0.0186144
F,-0.0334288,0.0,0.0,-0.0334288
F,-0.0419026,0.0,0.0,-0.0419026
F,0.0,0.0,0.0,0.0
F,-0.162179,0.0,0.0,-0.162179
F,0.0,0.0,0.0,0.0
F,0.0,0.0,0.0,0.0
F,0.0581485,0.0,0.0,0.0581485
F,-0.0422062,-0.000734019,-0.000734019,-0.0429402
F,0.0,0.0,0.0,0.0
F,0.0,0.0,0.0,0.0
F,0.0,0.0,0.0,0.0
F,0.0,0.0,0.0,0.0
F,-0.1451,0.0,0.0,-0.1451
F,0.0,0.0,0.0,0.0
F,-0.00591747,0.0,0.0,-0.00591747
F,0.0196773,0.0,0.0,0.0196773
F,-0.000126094,0.0,0.0,-0.000126094
F,0.0,0.0,0.0,0.0
F,0.0,0.0,0.0,0.0
F,0.0,0.0,0.0,0.0
F,0.0,0.0,0.0,0.0
F,0.0,0.0,0.0,0.0
F,-0.0701495,0.0,0.0,-0.0701495
F,0.0,0.0,0.0,0.0
F,0.0,0.0,0.0,0.0
F,0.0,0.0,0.0,0.0
F,0.0,0.0,0.0,0.0
F,0.0,0.0,0.0,0.0
F,0.0112162,0.0,0.0,0.0112162
F,0.0,0.0,0.0,0.0
F,0.0,0.0,0.0,0.0
F,0.0,0.0,0.0,0.0
F,0.0,0.0,0.0,0.0
F,0.0,0.0,0.0,0.0
F,0.0,0.0,0.0,0.0
F,0.0,0.0,0.0,0.0
F,0.0,0.0,0.0,0.0
F,0.0,0.0,0.0,0.0
F,0.0,0.0,0.0,0.0
F,0.0,0.0,0.0,0.0
F,0.0,0.0,0.0,0.0
F,0.0,0.0,0.0,0.0
F,0.0,0.0,0.0,0.0
F,0.0,0.0,0.0,0.0
F,0.0,0.0,0.0,0.0
F,0.0,0.0,0.0,0.0
F,0.0,0.0,0.0,0.0
F,0.0,0.0,0.0,0.0
F,-0.0939993,0.0,0.0,-0.0939993
F,0.0,0.0,0.0,0.0
F,0.0,0.0,0.0,0.0
F,0.0,0.0,0.0,0.0
F,0.0,0.0,0.0,0.0
F,0.0,0.0,0.0,0.0
F,0.0,0.0,0.0,0.0
F,0.0,0.0,0.0,0.0
F,0.133741,0.0,0.0,0.133741
F,0.0,0.0,0.0,0.0
F,0.0112162,0.0,0.0,0.0112162
F,0.0,0.0,0.0,0.0
F,0.0,0.0,0.0,0.0
F,0.0,0.0,0.0,0.0
F,0.0,0.0,0.0,0.0
F,0.0,0.0,0.0,0.0
F,0.0,0.0,0.0,0.0
F,0.0,0.0,0.0,0.0
F,0.0,0.0,0.0,0.0
F,0.0844348,0.0,0.0,0.0844348
F,0.0,0.0,0.0,0.0
F,-0.0511871,0.0,0.0,-0.0511871
F,0.0,0.0,0.0,0.0
F,0.0,0.0,0.0,0.0
F,0.0,0.0,0.0,0.0
F,0.0,0.0,0.0,0.0
F,0.0,0.0,0.0,0.0
F,-0.0352897,0.0,0.0,-0.0352897
F,0.0,0.0,0.0,0.0
F,0.0,0.0,0.0,0.0
F,0.010446,0.0,0.0,0.010446
F,0.0,0.0,0.0,0.0
F,0.0,0.0,0.0,0.0
F,0.0805045,0.0,0.0,0.0805045
F,-0.0238793,0.0,0.0,-0.0238793
F,0.0,0.0,0.0,0.0
F,-0.0280366,0.0,0.0,-0.0280366
F,0.0,0.0,0.0,0.0
F,0.0,0.0,0.0,0.0
F,0.0,0.0,0.0,0.0
F,0.0,0.0,0.0,0.0
F,0.0,0.0,0.0,0.0
F,-0.0315886,0.0,0.0,-0.0315886
F,0.0,0.0,0.0,0.0
F,0.0,0.0,0.0,0.0
F,0.0,0.0,0.0,0.0
F,0.116778,0.0,0.0,0.116778
F,0.0,0.0,0.0,0.0
F,0.0,0.0,0.0,0.0
F,0.0,0.0,0.0,0.0
F,0.0,0.0,0.0,0.0
F,0.0,0.0,0.0,0.0
F,0.0110854,0.0,0.0,0.0110854
F,0.0,0.0,0.0,0.0
F,0.0,0.0,0.0,0.0
F,0.0,0.0,0.0,0.0
F,0.0,0.0,0.0,0.0
F,0.0,0.0,0.0,0.0
F,0.0,0.0,0.0,0.0
F,0.0,0.0,0.0,0.0
F,0.0,0.0,0.0,0.0
F,0.0,0.0,0.0,0.0
F,-0.0541862,0.0,0.0,-0.0541862
F,0.0,0.0,0.0,0.0
F,0.0,0.0,0.0,0.0
F,0.0,0.0,0.0,0.0
F,0.0,0.0,0.0,0.0
F,-0.0280366,0.0,0.0,-0.0280366
F,0.0,0.0,0.0,0.0
F,0.0,0.0,0.0,0.0
F,0.0,0.0,0.0,0.0
F,0.0,0.0,0.0,0.0
F,0.0,0.0,0.0,0.0
F,0.0,0.0,0.0,0.0
F,-0.019497,0.0,0.0,-0.019497
F,0.0,0.0,0.0,0.0
F,0.0,0.0,0.0,0.0
F,0.0,0.0,0.0,0.0
F,0.0,0.0,0.0,0.0
F,-0.0174737,0.0,0.0,-0.0174737
F,0.0,0.0,0.0,0.0
F,0.0,0.0,0.0,0.0
F,0.0,0.0,0.0,0.0
F,0.0,0.0,0.0,0.0
F,0.0,0.0,0.0,0.0
F,0.0,0.0,0.0,0.0
F,0.0,0.0,0.0,0.0
F,0.0,0.0,0.0,0.0
F,0.0,0.0,0.0,0.0
F,0.0,0.0,0.0,0.0
F,0.0,0.0,0.0,0.0
F,0.0,0.0,0.0,0.0
F,0.0,0.0,0.0,0.0
F,0.0,0.0,0.0,0.0
F,0.0,0.0,0.0,0.0
F,0.0433599,0.0,0.0,0.0433599
F,0.0,0.0,0.0,0.0
F,0.0,0.0,0.0,0.0
F,0.0,0.0,0.0,0.0
F,0.0,0.0,0.0,0.0
F,0.0,0.0,0.0,0.0
F,0.0,0.0,0.0,0.0
F,0.0,0.0,0.0,0.0
F,0.0,0.0,0.0,0.0
F,0.0,0.0,0.0,0.0
F,0.0,0.0,0.0,0.0
F,0.0723338,0.0,0.0,0.0723338
F,0.0,0.0,0.0,0.0
F,0.0,0.0,0.0,0.0
F,0.0183904,0.0,0.0,0.0183904
F,0.0196773,0.0,0.0,0.0196773
F,0.0,0.0,0.0,0.0
F,0.000409507,0.0,0.0,0.000409507
F,0.0,0.0,0.0,0.0
F,0.0,0.0,0.0,0.0
F,0.0,0.0,0.0,0.0
F,0.0,0.0,0.0,0.0
F,0.0,0.0,0.0,0.0
F,0.0,0.0,0.0,0.0
F,0.0,0.0,0.0,0.0
F,0.0,0.0,0.0,0.0
F,-0.023553,0.0,0.0,-0.023553
F,0.0,0.0,0.0,0.0
F,0.0,0.0,0.0,0.0
F,0.0,0.0,0.0,0.0
F,0.0,0.0,0.0,0.0
F,0.0,0.0,0.0,0.0
F,0.0,0.0,0.0,0.0
F,0.0,0.0,0.0,0.0
F,-0.072043,0.0,0.0,-0.072043
F,0.0,0.0,0.0,0.0
F,0.0,0.0,0.0,0.0
F,0.0,0.0,0.0,0.0
F,0.0,0.0,0.0,0.0
F,0.0,0.0,0.0,0.0
F,0.0,0.0,0.0,0.0
F,0.0425295,0.0,0.0,0.0425295
F,0.0,0.0,0.0,0.0
F,0.0,0.0,0.0,0.0
F,0.0,0.0,0.0,0.0
F,0.0,0.0,0.0,0.0
F,0.0,0.0,0.0,0.0
F,0.0,0.0,0.0,0.0
F,0.0,0.0,0.0,0.0
F,0.0,0.0,0.0,0.0
F,0.00393588,0.0,0.0,0.00393588
F,0.0,0.0,0.0,0.0
F,0.0,0.0,0.0,0.0
F,0.0,0.0,0.0,0.0
F,0.0,0.0,0.0,0.0
F,0.0,0.0,0.0,0.0
F,0.0,0.0,0.0,0.0
F,0.0,0.0,0.0,0.0
F,0.0,0.0,0.0,0.0
F,0.054919,0.0,0.0,0.054919
F,0.0,0.0,0.0,0.0
F,0.0,0.0,0.0,0.0
F,0.0,0.0,0.0,0.0
F,0.0,0.0,0.0,0.0
F,0.0,0.0,0.0,0.0
F,0.0,0.0,0.0,0.0
F,0.0,0.0,0.0,0.0
F,0.0,0.0,0.0,0.0
F,0.0,0.0,0.0,0.0
F,0.0,0.0,0.0,0.0
F,0.0,0.0,0.0,0.0
F,0.0,0.0,0.0,0.0
F,0.0,0.0,0.0,0.0
F,0.0,0.0,0.0,0.0
F,0.0,0.0,0.0,0.0
F,0.0,0.0,0.0,0.0
F,0.0,0.0,0.0,0.0
F,0.0,0.0,0.0,0.0
F,0.0,0.0,0.0,0.0
F,0.0,0.0,0.0,0.0
F,0.0,0.0,0.0,0.0
F,0.0,-0.0891052,-0.0891052,-0.0891052
F,0.0,0.0,0.0,0.0
F,0.0,0.0,0.0,0.0
F,0.0,0.0,0.0,0.0
F,0.0,0.0,0.0,0.0
F,0.0,0.0,0.0,0.0
F,0.0,0.0,0.0,0.0
F,0.0,0.0,0.0,0.0
F,0.0,0.0,0.0,0.0
F,0.0,0.0,0.0,0.0
F,-0.0744221,0.0,0.0,-0.0744221
F,-0.102714,0.0,0.0,-0.102714
F,0.0,0.0,0.0,0.0
F,0.0,0.0,0.0,0.0
F,0.0,0.0,0.0,0.0
F,0.0,0.0,0.0,0.0
F,0.0,0.0,0.0,0.0
F,0.0,0.0,0.0,0.0
F,0.00983626,0.0,0.0,0.00983626
F,0.0,0.0,0.0,0.0
F,0.0,0.0,0.0,0.0
F,0.0,0.0,0.0,0.0
F,-0.0587229,0.0,0.0,-0.0587229
F,0.0258816,0.0,0.0,0.0258816
F,0.0,0.0,0.0,0.0
F,0.0,0.0,0.0,0.0
F,0.0683518,0.0,0.0,0.0683518
F,0.01836,0.0,0.0,0.01836
F,0.0,0.0,0.0,0.0
F,0.0163442,0.0,0.0,0.0163442
F,-0.0154534,0.0,0.0,-0.0154534
F,0.0,0.0,0.0,0.0
F,0.0,0.0,0.0,0.0
F,-0.0394848,0.0,0.0,-0.0394848
F,0.0,0.0,0.0,0.0
F,0.0410627,0.0,0.0,0.0410627
F,0.0,0.0,0.0,0.0
F,0.0,0.0,0.0,0.0
F,0.0,0.0,0.0,0.0
F,0.0,0.0,0.0,0.0
F,0.0,0.0,0.0,0.0
F,0.0,0.0,0.0,0.0
F,0.0,0.0,0.0,0.0
F,0.0,0.0,0.0,0.0
F,0.00156571,0.0,0.0,0.00156571
F,0.0,0.0,0.0,0.0
F,0.0,0.0,0.0,0.0
F,0.0,0.0,0.0,0.0
F,0.0,0.0,0.0,0.0
F,0.0,0.0,0.0,0.0
F,0.0,0.0,0.0,0.0
F,0.0,0.0,0.0,0.0
F,0.0,0.0,0.0,0.0
F,0.0,0.0,0.0,0.0
F,0.0,0.0,0.0,0.0
F,0.0,0.0,0.0,0.0
F,-0.0858199,0.0,0.0,-0.0858199
F,0.0,0.0,0.0,0.0
F,0.0,0.0,0.0,0.0
F,0.0,0.0,0.0,0.0
F,0.0,0.0,0.0,0.0
F,0.0,0.0,0.0,0.0
F,0.0,0.0,0.0,0.0
F,0.0,0.0,0.0,0.0
F,-0.0380265,0.0,0.0,-0.0380265
F,0.0,0.0,0.0,0.0
F,0.0,0.0,0.0,0.0
F,0.134443,0.0,0.0,0.134443
F,0.00457472,0.0,0.0,0.00457472
F,0.0,0.0,0.0,0.0
F,0.0,0.0,0.0,0.0
F,0.0,0.0,0.0,0.0
F,0.0,0.0,0.0,0.0
F,0.0,0.0,0.0,0.0
F,0.0,0.0,0.0,0.0
F,0.0,0.0,0.0,0.0
F,0.0,0.0,0.0,0.0
F,0.0,0.0,0.0,0.0
F,0.0,0.0,0.0,0.0
F,0.0,0.0,0.0,0.0
F,0.0,0.0,0.0,0.0
F,0.0,0.0,0.0,0.0
F,0.0,0.0,0.0,0.0
F,0.0,0.0,0.0,0.0
F,0.0,0.0,0.0,0.0
F,0.0,0.0,0.0,0.0
F,0.0,0.0,0.0,0.0
F,0.0,0.0,0.0,0.0
F,-0.00707204,0.0,0.0,-0.00707204
F,0.0,0.0,0.0,0.0
F,0.0,0.0,0.0,0.0
F,0.0,0.0,0.0,0.0
F,0.0,0.0,0.0,0.0
F,-0.096256,0.0,0.0,-0.096256
F,0.0,0.0,0.0,0.0
F,0.0,0.0,0.0,0.0
F,0.0,0.0,0.0,0.0
F,0.0,0.0,0.0,0.0
F,0.0,0.0,0.0,0.0
F,-0.00712255,0.0,0.0,-0.00712255
F,0.0,0.0,0.0,0.0
F,0.00457472,0.0,0.0,0.00457472
F,0.0734344,0.0,0.0,0.0734344
F,0.0,0.0,0.0,0.0
F,0.0,0.0,0.0,0.0
F,0.0,0.0,0.0,0.0
F,0.0,0.0,0.0,0.0
F,0.168064,0.0,0.0,0.168064
F,0.0,0.0,0.0,0.0
F,0.0,0.0,0.0,0.0
F,0.0,0.0,0.0,0.0
F,0.0,0.0,0.0,0.0
F,0.0,0.0,0.0,0.0
F,0.0,0.0,0.0,0.0
F,0.0,0.0,0.0,0.0
F,0.0,0.0,0.0,0.0
F,0.0,0.0,0.0,0.0
F,0.0171529,0.0,0.0,0.0171529
F,0.0,0.0,0.0,0.0
F,0.0,0.0,0.0,0.0
F,0.0,0.0,0.0,0.0
F,-0.0194813,0.0,0.0,-0.0194813
F,0.0,0.0,0.0,0.0
F,0.0,0.0,0.0,0.0
F,0.0,0.0,0.0,0.0
F,0.0,0.0,0.0,0.0
F,-0.0488423,0.0,0.0,-0.0488423
F,0.0,0.0,0.0,0.0
F,-0.0315886,0.0,0.0,-0.0315886
F,0.0,0.0,0.0,0.0
F,0.0,0.0,0.0,0.0
F,0.0,0.0,0.0,0.0
F,0.0,0.0,0.0,0.0
F,0.0,0.0,0.0,0.0
F,0.0,0.0,0.0,0.0
F,0.0,0.0,0.0,0.0
F,0.0,0.0,0.0,0.0
F,0.0,0.0,0.0,0.0
F,0.0,0.0,0.0,0.0
F,0.0,0.0,0.0,0.0
F,0.0,0.0,0.0,0.0
F,0.0,0.0,0.0,0.0
F,0.0,0.0,0.0,0.0
F,0.0,0.0,0.0,0.0
F,0.0,0.0,0.0,0.0
F,0.0,0.0,0.0,0.0
F,0.0,0.0,0.0,0.0
F,-0.0805789,0.0,0.0,-0.0805789
F,0.0,0.0,0.0,0.0
F,0.0,0.0,0.0,0.0
F,0.0,0.0,0.0,0.0
F,0.0,0.0,0.0,0.0
F,0.0,0.0,0.0,0.0
F,0.0,0.0,0.0,0.0
F,0.0,0.0,0.0,0.0
F,0.0,0.0,0.0,0.0
F,0.0,0.0,0.0,0.0
F,0.0,0.0,0.0,0.0
F,0.0,0.0,0.0,0.0
F,0.0,0.0,0.0,0.0
F,0.0,0.0,0.0,0.0
F,0.0,0.0,0.0,0.0
F,0.0,0.0,0.0,0.0
F,0.0,0.0,0.0,0.0
F,0.0,0.0,0.0,0.0
F,0.0386447,0.0,0.0,0.0386447
F,0.0,0.0,0.0,0.0
F,-0.0195529,0.0,0.0,-0.0195529
F,0.0,0.0,0.0,0.0
F,0.0,0.0,0.0,0.0
F,-0.101804,0.0,0.0,-0.101804
F,0.0,0.0,0.0,0.0
F,0.0,0.0,0.0,0.0
F,0.0,0.0,0.0,0.0
F,0.0,0.0,0.0,0.0
F,0.091614,0.0,0.0,0.091614
F,0.0,0.0,0.0,0.0
F,0.0,0.0,0.0,0.0
F,0.0,0.0,0.0,0.0
F,0.0,0.0,0.0,0.0
F,0.0,0.0,0.0,0.0
F,0.0,0.0,0.0,0.0
F,0.0,0.0,0.0,0.0
F,0.0,0.0,0.0,0.0
F,0.0,0.0,0.0,0.0
F,0.0,0.0,0.0,0.0
F,0.0,0.0,0.0,0.0
F,0.0,0.0,0.0,0.0
F,0.0,0.0,0.0,0.0
F,0.0,0.0,0.0,0.0
F,0.0,0.0,0.0,0.0
F,0.0386447,0.0,0.0,0.0386447
F,0.0,0.0,0.0,0.0
F,0.0,0.0,0.0,0.0
F,0.0,0.0,0.0,0.0
F,0.0,0.0,0.0,0.0
F,0.0,0.0,0.0,0.0
F,0.0,0.0,0.0,0.0
F,-0.0649996,0.0,0.0,-0.0649996
F,0.0,0.0,0.0,0.0
F,0.0,0.0,0.0,0.0
F,0.0,0.0,0.0,0.0
F,0.0293733,0.0,0.0,0.0293733
F,0.0,0.0,0.0,0.0
F,0.0,0.0,0.0,0.0
F,0.0,0.0,0.0,0.0
F,0.0,0.0,0.0,0.0
F,0.0,0.0,0.0,0.0
F,0.0,0.0,0.0,0.0
F,0.0,0.0,0.0,0.0
F,0.0335689,0.0,0.0,0.0335689
F,0.0,0.0,0.0,0.0
F,0.0,0.0,0.0,0.0
F,0.0,0.0,0.0,0.0
F,-0.0895364,0.0,0.0,-0.0895364
F,0.0405446,0.0,0.0,0.0405446
F,0.0,0.0,0.0,0.0
F,0.0,0.0,0.0,0.0
F,0.0,0.0,0.0,0.0
F,0.0,0.0,0.0,0.0
F,0.0,0.0,0.0,0.0
F,0.0,0.0,0.0,0.0
F,0.0,0.0,0.0,0.0
F,0.0124621,0.0,0.0,0.0124621
F,-0.060502,0.0,0.0,-0.060502
F,0.0,0.0,0.0,0.0
F,0.0,0.0,0.0,0.0
F,0.116778,0.0,0.0,0.116778
F,0.0,0.0,0.0,0.0
F,0.0,0.0,0.0,0.0
F,0.0,0.0,0.0,0.0
F,0.0,0.0,0.0,0.0
F,0.0,0.0,0.0,0.0
F,0.0,0.0,0.0,0.0
F,0.0,0.0,0.0,0.0
F,0.0,0.0,0.0,0.0
F,0.0,0.0,0.0,0.0
F,0.0,0.0,0.0,0.0
F,-0.0406347,0.0,0.0,-0.0406347
F,0.0,0.0,0.0,0.0
F,0.0,0.0,0.0,0.0
F,0.0,0.0,0.0,0.0
F,0.0,0.0,0.0,0.0
F,0.0,0.0,0.0,0.0
F,-0.0181275,0.0,0.0,-0.0181275
F,-0.0221904,0.0,0.0,-0.0221904
F,0.0,0.0,0.0,0.0
F,0.0,0.0,0.0,0.0
F,0.0,0.0,0.0,0.0
F,0.0,0.0,0.0,0.0
F,0.0,0.0,0.0,0.0
F,0.0,0.0,0.0,0.0
F,0.0,0.0,0.0,0.0
F,-0.00363555,0.0,0.0,-0.00363555
F,0.0,0.0,0.0,0.0
F,0.0,0.0,0.0,0.0
F,0.0,0.0,0.0,0.0
F,0.0,0.0,0.0,0.0
F,0.0,0.0,0.0,0.0
F,0.0,0.0,0.0,0.0
F,0.0,0.0,0.0,0.0
F,-0.00912809,0.0,0.0,-0.00912809
F,0.0,0.0,0.0,0.0
F,0.0,0.0,0.0,0.0
F,0.0,0.0,0.0,0.0
F,0.0,0.0,0.0,0.0
F,0.0,0.0,0.0,0.0
F,0.0,0.0,0.0,0.0
F,0.0,0.0,0.0,0.0
F,0.00475914,0.0,0.0,0.00475914
F,0.0,0.0,0.0,0.0
F,0.0,0.0,0.0,0.0
F,0.0,0.0,0.0,0.0
F,0.0,0.0,0.0,0.0
F,0.0171529,0.0,0.0,0.0171529
F,0.0,0.0,0.0,0.0
F,0.0,0.0,0.0,0.0
F,0.0,0.0,0.0,0.0
F,0.0,0.0,0.0,0.0
F,0.0,0.0,0.0,0.0
F,0.0258816,0.0,0.0,0.0258816
F,0.0,0.0,0.0,0.0
F,0.0,0.0,0.0,0.0
F,0.0,0.0,0.0,0.0
F,0.0,0.0,0.0,0.0
F,0.0,0.0,0.0,0.0
F,0.0418863,0.0,0.0,0.0418863
F,0.0,0.0,0.0,0.0
F,0.0,0.0,0.0,0.0
F,0.0,0.0,0.0,0.0
F,0.0,0.0,0.0,0.0
F,0.0,0.0,0.0,0.0
F,0.0,0.0,0.0,0.0
F,0.0,0.0,0.0,0.0
F,0.0,0.0,0.0,0.0
F,0.0,0.0,0.0,0.0
F,0.0,0.0,0.0,0.0
F,0.00294953,0.0,0.0,0.00294953
F,0.0,0.0,0.0,0.0
F,0.0,0.0,0.0,0.0
F,0.0383579,0.0,0.0,0.0383579
F,0.0,0.0,0.0,0.0
F,0.0,0.0,0.0,0.0
F,0.0,0.0,0.0,0.0
F,0.0,0.0,0.0,0.0
F,0.0,0.0,0.0,0.0
F,0.0,0.0,0.0,0.0
F,0.0,0.0,0.0,0.0
F,0.0,0.0,0.0,0.0
F,0.0,0.0,0.0,0.0
F,0.0,0.0,0.0,0.0
F,0.0,0.0,0.0,0.0
F,0.0344939,0.0,0.0,0.0344939
F,0.0,0.0,0.0,0.0
F,0.0,0.0,0.0,0.0
F,0.0,0.0,0.0,0.0
F,-0.0243039,0.0,0.0,-0.0243039
F,0.0,0.0,0.0,0.0
F,0.0,0.0,0.0,0.0
F,0.0,0.0,0.0,0.0
F,0.0,0.0,0.0,0.0
F,0.0,0.0,0.0,0.0
F,0.0,0.0,0.0,0.0
F,0.0,0.0,0.0,0.0
F,0.0,0.0,0.0,0.0
F,0.0,0.0,0.0,0.0
F,0.0,0.0,0.0,0.0
F,0.0,0.0,0.0,0.0
F,0.0,0.0,0.0,0.0
F,0.0,0.0,0.0,0.0
F,0.0,0.0,0.0,0.0
F,0.0,0.0,0.0,0.0
F,0.0,0.0,0.0,0.0
F,0.0,0.0,0.0,0.0
F,0.0,0.0,0.0,0.0
F,0.0,0.0,0.0,0.0
F,0.0,0.0,0.0,0.0
F,0.0,0.0,0.0,0.0
F,0.0,0.0,0.0,0.0
F,0.0,0.0,0.0,0.0
F,-0.00712255,0.0,0.0,-0.00712255
F,0.0,0.0,0.0,0.0
F,0.0,0.0,0.0,0.0
F,0.0,0.0,0.0,0.0
F,0.0,0.0,0.0,0.0
F,0.00308844,0.0,0.0,0.00308844
F,0.0,0.0,0.0,0.0
F,0.190837,0.0,0.0,0.190837
F,0.0,0.0,0.0,0.0
F,0.0,0.0,0.0,0.0
F,0.0,0.0,0.0,0.0
F,0.0362361,0.0,0.0,0.0362361
F,-0.0215368,0.0,0.0,-0.0215368
F,0.0,0.0,0.0,0.0
F,0.0,0.0,0.0,0.0
F,0.0,0.0,0.0,0.0
F,0.0,0.0,0.0,0.0
F,0.0,0.0,0.0,0.0
F,-0.00345672,0.0,0.0,-0.00345672
F,0.0,0.0,0.0,0.0
F,0.0,0.0,0.0,0.0
F,0.0,0.0,0.0,0.0
F,0.0,0.0,0.0,0.0
F,0.0,0.0,0.0,0.0
F,-0.0342998,0.0,0.0,-0.0342998
F,0.0,0.0,0.0,0.0
F,0.0,0.0,0.0,0.0
F,-0.00912809,0.0,0.0,-0.00912809
F,0.0,0.0,0.0,0.0
F,0.0,0.0,0.0,0.0
F,0.00656875,0.0,0.0,0.00656875
F,0.0,0.0,0.0,0.0
F,0.0,0.0,0.0,0.0
F,0.0,0.0,0.0,0.0
F,-0.0365655,0.0,0.0,-0.0365655
F,0.0,0.0,0.0,0.0
F,-0.011764,0.0,0.0,-0.011764
F,0.0,0.0,0.0,0.0
F,0.0408703,0.0,0.0,0.0408703
F,0.0,0.0,0.0,0.0
F,-0.00533626,0.0,0.0,-0.00533626
F,0.0,0.0,0.0,0.0
F,0.0,0.0,0.0,0.0
F,0.0,0.0,0.0,0.0
F,0.0,0.0,0.0,0.0
F,0.0,0.0,0.0,0.0
F,0.0,0.0,0.0,0.0
F,-0.0114625,0.0,0.0,-0.0114625
F,0.00872997,0.0,0.0,0.00872997
F,0.0,0.0,0.0,0.0
F,0.0,0.0,0.0,0.0
F,0.0,0.0,0.0,0.0
F,0.0,0.0,0.0,0.0
F,0.0,0.0,0.0,0.0
F,0.0164873,0.0,0.0,0.0164873
F,0.0,0.0,0.0,0.0
F,0.0,0.0,0.0,0.0
F,0.0,0.0,0.0,0.0
F,0.0,0.0,0.0,0.0
F,0.0,0.0,0.0,0.0
F,0.0,0.0,0.0,0.0
F,0.00387418,0.0,0.0,0.00387418
F,0.0124621,0.0,0.0,0.0124621
F,0.0,0.0,0.0,0.0
F,0.0,0.0,0.0,0.0
F,0.0,0.0,0.0,0.0
F,0.0378887,0.0,0.0,0.0378887
F,0.0,0.0,0.0,0.0
F,0.0,0.0,0.0,0.0
F,-0.0136937,0.0,0.0,-0.0136937
F,0.0172818,0.0,0.0,0.0172818
F,0.0,0.0,0.0,0.0
F,0.0,0.0,0.0,0.0
F,0.0,0.0,0.0,0.0
F,0.0,0.0,0.0,0.0
F,0.0,0.0,0.0,0.0
F,0.0,0.0,0.0,0.0
F,-0.0744221,0.0,0.0,-0.0744221
F,0.0916439,0.0,0.0,0.0916439
F,0.0,0.0,0.0,0.0
F,0.0,0.0,0.0,0.0
F,0.0,0.0,0.0,0.0
F,0.0,0.0,0.0,0.0
F,0.0,0.0,0.0,0.0
F,0.0,0.0,0.0,0.0
F,0.0,0.0,0.0,0.0
F,0.0,0.0,0.0,0.0
F,0.0,0.0,0.0,0.0
F,0.0,0.0,0.0,0.0
F,0.0,0.0,0.0,0.0
F,0.0,0.0,0.0,0.0
F,0.0,0.0,0.0,0.0
F,-0.033702,0.0,0.0,-0.033702
F,-0.00663616,0.0,0.0,-0.00663616
F,0.0,0.0,0.0,0.0
F,0.0,0.0,0.0,0.0
F,0.0303486,0.0,0.0,0.0303486
F,-0.00591747,0.0,0.0,-0.00591747
F,0.0,0.0,0.0,0.0
F,0.0,0.0,0.0,0.0
F,0.0219234,0.0,0.0,0.0219234
F,0.0,0.0,0.0,0.0
F,0.0,0.0,0.0,0.0
F,0.0,0.0,0.0,0.0
F,0.0,0.0,0.0,0.0
F,0.0,0.0,0.0,0.0
F,0.00162431,0.0,0.0,0.00162431
F,0.0281841,0.0,0.0,0.0281841
F,0.0,0.0,0.0,0.0
F,0.0,0.0,0.0,0.0
F,0.0,0.0,0.0,0.0
F,0.0,0.0,0.0,0.0
F,0.0,0.0,0.0,0.0
F,0.0,0.0,0.0,0.0
F,0.0,0.0,0.0,0.0
F,0.0,0.0,0.0,0.0
F,0.0,0.0,0.0,0.0
F,0.0,0.0,0.0,0.0
F,0.0,0.0,0.0,0.0
F,0.0,0.0,0.0,0.0
F,0.0,0.0,0.0,0.0
F,0.0180396,0.0,0.0,0.0180396
F,0.0,0.0,0.0,0.0
F,0.0,0.0,0.0,0.0
F,0.0,0.0,0.0,0.0
F,0.0512249,0.0,0.0,0.0512249
F,0.0,0.0,0.0,0.0
F,0.0,0.0,0.0,0.0
F,1.31356e-07,0.0,0.0,1.31356e-07
F,0.0,0.0357959,0.0357959,0.0357959
F,0.0,0.0,0.0,0.0
F,0.0,0.0,0.0,0.0
F,0.0,0.0,0.0,0.0
F,0.0,0.0,0.0,0.0
F,0.0183904,0.0,0.0,0.0183904
F,0.0,0.0,0.0,0.0
F,0.0,0.0,0.0,0.0
F,0.0,0.0,0.0,0.0
F,0.0,0.0,0.0,0.0
F,0.0,0.0,0.0,0.0
F,0.0,0.0,0.0,0.0
F,-0.0344911,0.0,0.0,-0.0344911
F,0.0,0.0,0.0,0.0
F,-0.0528737,0.0,0.0,-0.0528737
F,0.0,0.0,0.0,0.0
F,0.0508784,0.0,0.0,0.0508784
F,0.0,0.0,0.0,0.0
F,0.0,0.0,0.0,0.0
F,0.0,0.0,0.0,0.0
F,0.0,0.0,0.0,0.0
F,0.0,0.0,0.0,0.0
F,0.0,0.0,0.0,0.0
F,0.0,0.0,0.0,0.0
F,0.0341361,0.0,0.0,0.0341361
F,0.0,0.0,0.0,0.0
F,-0.00912809,0.0,0.0,-0.00912809
F,0.0,0.0,0.0,0.0
F,0.0,0.0,0.0,0.0
F,0.0228703,0.0,0.0,0.0228703
F,0.0,0.0,0.0,0.0
F,0.0,0.0,0.0,0.0
F,0.126177,0.0,0.0,0.126177
F,0.0,0.0,0.0,0.0
F,0.0,0.0,0.0,0.0
F,0.0168318,0.0,0.0,0.0168318
F,0.0,0.0,0.0,0.0
F,0.0,0.0,0.0,0.0
F,0.0,0.0,0.0,0.0
F,0.0,0.0,0.0,0.0
F,-0.0367883,0.0,0.0,-0.0367883
F,0.0,0.0,0.0,0.0
F,0.0,0.0,0.0,0.0
F,0.0,0.0,0.0,0.0
F,0.0590431,0.0,0.0,0.0590431
F,0.0,0.0,0.0,0.0
F,-0.00912809,0.0,0.0,-0.00912809
F,0.0,0.0,0.0,0.0
F,-0.0221904,0.0,0.0,-0.0221904
F,0.0,0.0,0.0,0.0
F,0.0,0.0,0.0,0.0
F,0.0,0.0,0.0,0.0
F,0.0,0.0,0.0,0.0
F,0.042068,0.0,0.0,0.042068
F,0.0,0.0,0.0,0.0
F,0.0,0.0,0.0,0.0
F,0.0590431,0.0,0.0,0.0590431
F,0.0,0.0,0.0,0.0
F,0.0,0.0,0.0,0.0
F,-0.00497479,0.0,0.0,-0.00497479
F,0.0,0.0,0.0,0.0
F,0.00225458,0.0,0.0,0.00225458
F,-0.00712255,0.0,0.0,-0.00712255
F,0.0,0.0,0.0,0.0
F,0.0052984,0.0,0.0,0.0052984
F,0.0,0.0,0.0,0.0
F,0.0,0.0,0.0,0.0
F,-0.019497,0.0,0.0,-0.019497
F,0.0,0.0,0.0,0.0
F,0.0,0.0,0.0,0.0
F,0.0,0.0,0.0,0.0
F,0.0,0.0,0.0,0.0
F,0.0124621,0.0,0.0,0.0124621
F,0.0,0.0,0.0,0.0
F,0.0571157,0.0,0.0,0.0571157
F,0.0,0.0,0.0,0.0
F,0.0,0.0,0.0,0.0
F,0.0,0.0,0.0,0.0
F,-0.0341368,0.0,0.0,-0.0341368
F,0.0,0.0,0.0,0.0
F,-0.029057,0.0,0.0,-0.029057
F,0.0,0.0,0.0,0.0
F,0.0,0.0,0.0,0.0
F,0.0,0.0,0.0,0.0
F,0.0,0.0,0.0,0.0
F,0.0,0.0,0.0,0.0
F,0.0,0.0,0.0,0.0
F,0.0,0.0,0.0,0.0
F,0.0,0.0,0.0,0.0
F,0.0,0.0,0.0,0.0
F,0.0,0.0,0.0,0.0
F,0.0,0.0,0.0,0.0
F,-0.0087682,0.0,0.0,-0.0087682
F,0.0,0.0,0.0,0.0
F,0.0,0.0,0.0,0.0
F,0.0,0.0,0.0,0.0
F,0.0,0.0,0.0,0.0
F,0.0,0.0,0.0,0.0
F,0.0,0.0,0.0,0.0
F,0.0,0.0,0.0,0.0
F,0.0,0.0,0.0,0.0
F,0.0,0.0,0.0,0.0
F,0.0,0.0,0.0,0.0
F,0.0175417,0.0,0.0,0.0175417
F,0.0,0.0,0.0,0.0
F,0.0,0.0,0.0,0.0
F,-0.047906,0.0,0.0,-0.047906
F,0.0,0.0,0.0,0.0
F,0.0,0.0,0.0,0.0
F,0.0,0.0,0.0,0.0
F,0.0,0.0,0.0,0.0
F,0.131563,0.0,0.0,0.131563
F,0.0,0.0,0.0,0.0
F,-0.0697154,0.0,0.0,-0.0697154
F,0.0,0.0,0.0,0.0
F,0.0,0.0,0.0,0.0
F,-0.0181945,0.0,0.0,-0.0181945
F,0.0708882,0.0,0.0,0.0708882
F,0.0,0.0,0.0,0.0
F,0.0,0.0,0.0,0.0
F,0.0,0.0,0.0,0.0
F,0.0,0.0,0.0,0.0
F,-0.0357666,0.0,0.0,-0.0357666
F,-0.010778,0.0,0.0,-0.010778
F,0.0,0.0,0.0,0.0
F,0.0,0.0,0.0,0.0
F,0.0,0.0,0.0,0.0
F,0.0,0.0,0.0,0.0
F,0.0,0.0,0.0,0.0
F,0.0,0.0,0.0,0.0
F,0.0,0.0,0.0,0.0
F,0.0,0.0,0.0,0.0
F,0.0,0.0,0.0,0.0
F,0.0,0.0,0.0,0.0
F,0.00546724,0.0,0.0,0.00546724
F,0.0,0.0,0.0,0.0
F,0.0,0.0,0.0,0.0
F,0.0,0.0,0.0,0.0
F,0.0,0.0,0.0,0.0
F,-0.00912809,0.0,0.0,-0.00912809
F,0.0,0.0,0.0,0.0
F,0.0,0.0,0.0,0.0
F,0.0,0.0,0.0,0.0
F,0.0,0.0,0.0,0.0
F,0.0,0.0,0.0,0.0
F,0.0,0.0,0.0,0.0
F,0.0,0.0,0.0,0.0
F,0.0,0.0,0.0,0.0
F,0.0,0.0,0.0,0.0
F,0.0,0.0,0.0,0.0
F,0.0,0.0,0.0,0.0
F,0.0,0.0,0.0,0.0
F,0.0,0.0,0.0,0.0
F,0.0,0.0,0.0,0.0
F,0.0,0.0,0.0,0.0
F,0.0,0.0,0.0,0.0
F,0.0,0.0,0.0,0.0
F,0.0203424,0.0,0.0,0.0203424
F,0.0,0.0,0.0,0.0
F,0.0,0.0,0.0,0.0
F,-0.145405,0.0,0.0,-0.145405
F,0.0,0.0,0.0,0.0
F,0.0,0.0,0.0,0.0
F,0.0,0.0,0.0,0.0
F,-0.000451564,0.0,0.0,-0.000451564
F,0.0,0.0,0.0,0.0
F,0.0,0.0,0.0,0.0
F,0.0,0.0,0.0,0.0
F,-0.0598021,0.0,0.0,-0.0598021
F,0.0,0.0,0.0,0.0
F,0.0,-0.0392506,-0.0392506,-0.0392506
F,0.0408703,0.0,0.0,0.0408703
F,0.0,0.0,0.0,0.0
F,-0.0166803,0.0,0.0,-0.0166803
F,0.0,0.0,0.0,0.0
F,0.0,0.0,0.0,0.0
F,0.0,0.0,0.0,0.0
F,0.0,0.0,0.0,0.0
F,0.0,0.0,0.0,0.0
F,-0.000451564,0.0,0.0,-0.000451564
F,0.0,0.0,0.0,0.0
F,0.0,0.0,0.0,0.0
F,0.0,0.0,0.0,0.0
F,0.0,0.0,0.0,0.0
F,0.0,0.0,0.0,0.0
F,0.0,0.0,0.0,0.0
F,0.0,0.0,0.0,0.0
F,0.0,0.0,0.0,0.0
F,0.0,0.0,0.0,0.0
F,0.0,0.0,0.0,0.0
F,0.0,0.0,0.0,0.0
F,0.0,0.0,0.0,0.0
F,0.0,0.0,0.0,0.0
F,0.0,0.0,0.0,0.0
F,0.0,0.0,0.0,0.0
F,0.0,0.0,0.0,0.0
F,0.0,0.0,0.0,0.0
F,0.0,0.0,0.0,0.0
F,0.0,0.0,0.0,0.0
F,0.0,0.0,0.0,0.0
F,0.0,0.0,0.0,0.0
F,0.0,0.0,0.0,0.0
F,0.0,0.0,0.0,0.0
F,0.0,0.0,0.0,0.0
F,0.0,0.0,0.0,0.0
F,0.0,0.0,0.0,0.0
F,0.0,0.0,0.0,0.0
F,0.0,0.0,0.0,0.0
F,0.0562345,0.0,0.0,0.0562345
F,0.0,0.0,0.0,0.0
F,0.0,0.0,0.0,0.0
F,0.0,0.0,0.0,0.0
F,0.0,0.0,0.0,0.0
F,0.0,0.0,0.0,0.0
F,0.0,0.0,0.0,0.0
F,0.0,0.0,0.0,0.0
F,0.0,0.0,0.0,0.0
F,0.0,0.0,0.0,0.0
F,0.0,0.0,0.0,0.0
F,0.0,0.0,0.0,0.0
F,0.0,0.0,0.0,0.0
F,0.0,0.0,0.0,0.0
F,0.0,0.0,0.0,0.0
F,0.0,0.0,0.0,0.0
F,0.0,0.0,0.0,0.0
F,0.0,0.0,0.0,0.0
F,0.0,0.0,0.0,0.0
F,0.0,0.0,0.0,0.0
F,-0.00166483,0.0,0.0,-0.00166483
F,0.0,0.0,0.0,0.0
F,0.0,0.0,0.0,0.0
F,0.0,0.0,0.0,0.0
F,0.0,0.0,0.0,0.0
F,0.0541503,0.0,0.0,0.0541503
F,0.0,0.0,0.0,0.0
F,0.0,0.0,0.0,0.0
F,0.0,0.0,0.0,0.0
F,-0.0179576,0.0,0.0,-0.0179576
F,0.0,0.0,0.0,0.0
F,0.0,0.0,0.0,0.0
F,0.0,0.0,0.0,0.0
F,0.0,0.0,0.0,0.0
F,0.0,0.0,0.0,0.0
F,0.0,0.0,0.0,0.0
F,0.0,0.0,0.0,0.0
F,0.0,0.0,0.0,0.0
F,0.0,0.0,0.0,0.0
F,0.0,0.0,0.0,0.0
F,0.0,0.0,0.0,0.0
F,0.0,0.0,0.0,0.0
F,0.077122,0.0,0.0,0.077122
F,0.0,0.0,0.0,0.0
F,0.0,0.0,0.0,0.0
F,0.0,0.0,0.0,0.0
F,0.0,0.0,0.0,0.0
F,0.0,0.0,0.0,0.0
F,0.0,0.0,0.0,0.0
F,0.0,0.0,0.0,0.0
F,0.0414457,0.0,0.0,0.0414457
F,0.0,0.0,0.0,0.0
F,0.0,0.0,0.0,0.0
F,0.0,0.0,0.0,0.0
F,0.0,0.0,0.0,0.0
F,-0.0154534,0.0,0.0,-0.0154534
F,0.0,0.0,0.0,0.0
F,0.0,0.0,0.0,0.0
F,0.0124621,0.0,0.0,0.0124621
F,0.0,0.0,0.0,0.0
F,0.0,0.0,0.0,0.0
F,0.0,0.0,0.0,0.0
F,0.0,0.0,0.0,0.0
F,0.0,0.0,0.0,0.0
F,0.0,0.0,0.0,0.0
F,0.0,0.0,0.0,0.0
F,0.0,0.0242625,0.0242625,0.0242625
F,0.0,0.0,0.0,0.0
F,0.0,0.0,0.0,0.0
F,-0.0587229,0.0,0.0,-0.0587229
F,0.0,0.0,0.0,0.0
F,0.0,0.0,0.0,0.0
F,0.0,0.0,0.0,0.0
F,0.0,0.0,0.0,0.0
F,0.0,0.0,0.0,0.0
F,0.0,0.0,0.0,0.0
F,0.0228703,0.0,0.0,0.0228703
F,0.0,0.0,0.0,0.0
F,0.0,0.0,0.0,0.0
F,0.0,0.0,0.0,0.0
F,-0.0466118,0.0,0.0,-0.0466118
F,0.0,0.0,0.0,0.0
F,0.0,0.0,0.0,0.0
F,0.0,0.0,0.0,0.0
F,0.0,0.0,0.0,0.0
F,0.0,0.0,0.0,0.0
F,-0.00912809,0.0,0.0,-0.00912809
F,0.0,0.0,0.0,0.0
F,0.0,0.0,0.0,0.0
F,0.0,0.0,0.0,0.0
F,0.0,0.0,0.0,0.0
F,0.0,0.0,0.0,0.0
F,0.0,0.0,0.0,0.0
F,0.0,0.0,0.0,0.0
F,0.0,0.0,0.0,0.0
F,0.0,0.0,0.0,0.0
F,0.0,0.0,0.0,0.0
F,0.0,0.0,0.0,0.0
F,-0.0504373,0.0,0.0,-0.0504373
F,0.0,0.0,0.0,0.0
F,0.0,0.0,0.0,0.0
F,0.0,0.0,0.0,0.0
F,0.0,0.0,0.0,0.0
F,0.0,0.0,0.0,0.0
F,0.0,0.0,0.0,0.0
F,0.0,0.0,0.0,0.0
F,0.0,0.0,0.0,0.0
F,0.0,0.0,0.0,0.0
F,0.0,0.0,0.0,0.0
F,0.0,0.0,0.0,0.0
F,-0.0466118,0.0,0.0,-0.0466118
F,0.0,0.0,0.0,0.0
F,0.0614967,0.0,0.0,0.0614967
F,0.0,0.0,0.0,0.0
F,0.0,0.0,0.0,0.0
F,0.0,0.0,0.0,0.0
F,0.0,0.0,0.0,0.0
F,0.0,0.0,0.0,0.0
F,0.0,0.0,0.0,0.0
F,0.0,0.0,0.0,0.0
F,0.0,0.0,0.0,0.0
F,0.0,0.0,0.0,0.0
F,0.0,0.0,0.0,0.0
F,0.0,0.0,0.0,0.0
F,0.0,0.0,0.0,0.0
F,0.0,0.0,0.0,0.0
F,0.0,0.0,0.0,0.0
F,0.0,0.0,0.0,0.0
F,0.0,0.0,0.0,0.0
F,0.0,0.0,0.0,0.0
F,0.0,0.0,0.0,0.0
F,0.0,0.0,0.0,0.0
F,0.0,0.0,0.0,0.0
F,-0.0723276,0.0,0.0,-0.0723276
F,0.00389934,0.0,0.0,0.00389934
F,0.0,0.0,0.0,0.0
F,0.0,0.0,0.0,0.0
F,0.0,0.0,0.0,0.0
F,0.0,0.0,0.0,0.0
F,0.0,0.0,0.0,0.0
F,0.0,0.0,0.0,0.0
F,0.0,0.0,0.0,0.0
F,0.0,0.0,0.0,0.0
F,-0.0299857,0.0,0.0,-0.0299857
F,0.0,0.0,0.0,0.0
F,0.0,0.0,0.0,0.0
F,0.0,0.0,0.0,0.0
F,0.0,0.0,0.0,0.0
F,0.0,0.0,0.0,0.0
F,0.0,0.0,0.0,0.0
F,0.0131432,0.0,0.0,0.0131432
F,0.0,0.0,0.0,0.0
F,0.0,0.0,0.0,0.0
F,-0.0634158,0.0,0.0,-0.0634158
F,0.0,0.0,0.0,0.0
F,0.0,0.0,0.0,0.0
F,0.0,0.0,0.0,0.0
F,0.0,0.0,0.0,0.0
F,0.0,0.0,0.0,0.0
F,0.0,0.0,0.0,0.0
F,0.0,0.0,0.0,0.0
F,0.0,0.0,0.0,0.0
F,0.0,0.0,0.0,0.0
F,0.0,0.0,0.0,0.0
F,0.0,0.0,0.0,0.0
F,0.0,0.0,0.0,0.0
F,-0.00628242,0.0,0.0,-0.00628242
F,0.0,0.0,0.0,0.0
F,0.0,0.0,0.0,0.0
F,0.0,0.0,0.0,0.0
F,0.0,0.0,0.0,0.0
F,0.0,0.0,0.0,0.0
F,0.0,0.0,0.0,0.0
F,0.0,0.0,0.0,0.0
F,0.0,0.0,0.0,0.0
F,0.0,0.0,0.0,0.0
F,0.0,0.0,0.0,0.0
F,0.0,0.0,0.0,0.0
F,0.0,0.0,0.0,0.0
F,0.0,0.0,0.0,0.0
F,0.0,0.0,0.0,0.0
F,0.0,0.0,0.0,0.0
F,0.0,0.0,0.0,0.0
F,0.0,0.0,0.0,0.0
F,0.0,0.0,0.0,0.0
F,0.0,0.0,0.0,0.0
F,0.0,0.0,0.0,0.0
F,0.0,0.0,0.0,0.0
F,0.0,0.0,0.0,0.0
F,0.0,0.0,0.0,0.0
F,0.0331334,0.0,0.0,0.0331334
F,0.0,0.0,0.0,0.0
F,0.0,0.0,0.0,0.0
F,0.0,0.0,0.0,0.0
F,0.0,0.0,0.0,0.0
F,0.0178241,0.0,0.0,0.0178241
F,0.0477667,0.0,0.0,0.0477667
F,0.0,0.0,0.0,0.0
F,0.0,0.0,0.0,0.0
F,0.0,0.0,0.0,0.0
F,0.0,0.0,0.0,0.0
F,0.0,0.0,0.0,0.0
F,0.0,0.0,0.0,0.0
F,0.0,0.0,0.0,0.0
F,0.0,0.0,0.0,0.0
F,0.0,0.0,0.0,0.0
F,0.0,0.0,0.0,0.0
F,0.0,0.0,0.0,0.0
F,0.0,0.0,0.0,0.0
F,0.0,0.0,0.0,0.0
F,0.0,0.0,0.0,0.0
F,0.0,0.0,0.0,0.0
F,0.0,0.0,0.0,0.0
F,0.0,0.0,0.0,0.0
F,0.0,0.0,0.0,0.0
F,-0.0448431,0.0,0.0,-0.0448431
F,0.0,0.0,0.0,0.0
F,0.0408703,0.0,0.0,0.0408703
F,0.0977024,0.0,0.0,0.0977024
F,0.0,0.0,0.0,0.0
F,0.0,0.0,0.0,0.0
F,0.0,0.0,0.0,0.0
F,0.0,0.0,0.0,0.0
F,0.0175417,0.0,0.0,0.0175417
F,0.0,0.0,0.0,0.0
F,0.0,0.0,0.0,0.0
F,0.0,0.0,0.0,0.0
F,0.0,0.0,0.0,0.0
F,0.0,0.0,0.0,0.0
F,0.0,0.0,0.0,0.0
F,0.0,0.0,0.0,0.0
F,0.0,0.0,0.0,0.0
F,0.0,0.0,0.0,0.0
F,0.0,0.0,0.0,0.0
F,0.0,0.0,0.0,0.0
F,0.0,0.0,0.0,0.0
F,0.0,0.0,0.0,0.0
F,0.0,0.0,0.0,0.0
F,0.0,0.0,0.0,0.0
F,0.0,0.0,0.0,0.0
F,0.0,0.0,0.0,0.0
F,0.0150194,0.0,0.0,0.0150194
F,0.0,0.0,0.0,0.0
F,0.0,0.0,0.0,0.0
F,-0.00458025,0.0,0.0,-0.00458025
F,0.0,0.0,0.0,0.0
F,0.0,0.0,0.0,0.0
F,0.0,0.0,0.0,0.0
F,0.0,0.0,0.0,0.0
F,-0.0181275,0.0,0.0,-0.0181275
F,0.0,0.0,0.0,0.0
F,0.0,0.0,0.0,0.0
F,0.0,0.0,0.0,0.0
F,0.0,0.0,0.0,0.0
F,0.0,0.0,0.0,0.0
F,0.0,0.0,0.0,0.0
F,0.0,0.0,0.0,0.0
F,0.00656875,0.0,0.0,0.00656875
F,0.0,0.0,0.0,0.0
F,0.0,0.0,0.0,0.0
F,0.0,0.0,0.0,0.0
F,0.0,0.0,0.0,0.0
F,0.0,0.0,0.0,0.0
F,0.0,0.0,0.0,0.0
F,0.0,0.0,0.0,0.0
F,0.0,0.0,0.0,0.0
F,0.0,0.0,0.0,0.0
F,0.0,0.0,0.0,0.0
F,0.0367695,0.0,0.0,0.0367695
F,0.0,0.0,0.0,0.0
F,0.0,0.0,0.0,0.0
F,0.0,0.0,0.0,0.0
F,0.0405446,0.0,0.0,0.0405446
F,0.0,0.0,0.0,0.0
F,0.0,0.0,0.0,0.0
F,0.0,0.0,0.0,0.0
F,0.0,0.0,0.0,0.0
F,0.0,0.0,0.0,0.0
F,0.0,0.0,0.0,0.0
F,0.0,0.0,0.0,0.0
F,0.0,0.0,0.0,0.0
F,0.0,0.0,0.0,0.0
F,0.0,0.0,0.0,0.0
F,0.0,0.0,0.0,0.0
F,0.0,0.0,0.0,0.0
F,-0.00628242,0.0,0.0,-0.00628242
F,-0.0239923,0.0,0.0,-0.0239923
F,0.0,0.0,0.0,0.0
F,0.0,0.0,0.0,0.0
F,0.0,0.0,0.0,0.0
F,0.0,0.0,0.0,0.0
F,0.0,0.0,0.0,0.0
F,0.0,0.0,0.0,0.0
F,-0.0466118,0.0,0.0,-0.0466118
F,-0.0357666,0.0,0.0,-0.0357666
F,0.0,0.0,0.0,0.0
F,0.0,0.0,0.0,0.0
F,0.0,0.0,0.0,0.0
F,0.0,0.0,0.0,0.0
F,0.0,0.0,0.0,0.0
F,-0.0161313,0.0,0.0,-0.0161313
F,0.0,0.0,0.0,0.0
F,0.0,0.0,0.0,0.0
F,-0.0733343,0.0,0.0,-0.0733343
F,0.00656875,0.0,0.0,0.00656875
F,0.0,0.0,0.0,0.0
F,0.0,0.0,0.0,0.0
F,0.0,0.0,0.0,0.0
F,0.0,0.0,0.0,0.0
F,0.0,0.0,0.0,0.0
F,0.0,0.0,0.0,0.0
F,0.0,0.0,0.0,0.0
F,0.0,0.0,0.0,0.0
F,-0.0863122,0.0,0.0,-0.0863122
F,0.0,0.0,0.0,0.0
F,0.0,0.0,0.0,0.0
F,0.0,0.0,0.0,0.0
F,0.0,0.0,0.0,0.0
F,0.0,0.0,0.0,0.0
F,0.0770354,0.0,0.0,0.0770354
F,0.0,0.0,0.0,0.0
F,0.0,0.0,0.0,0.0
F,0.0,0.0,0.0,0.0
F,0.0,0.0,0.0,0.0
F,0.0,0.0,0.0,0.0
F,0.0,0.0,0.0,0.0
F,0.0,0.0,0.0,0.0
F,0.0,0.0,0.0,0.0
F,0.0,0.0,0.0,0.0
F,0.0,0.0,0.0,0.0
F,0.0,0.0,0.0,0.0
F,0.0,0.0,0.0,0.0
F,0.0,0.0,0.0,0.0
F,0.0,0.0,0.0,0.0
F,0.0,0.0,0.0,0.0
F,0.0,0.0,0.0,0.0
F,0.0,0.0,0.0,0.0
F,1.31356e-07,0.0,0.0,1.31356e-07
F,-0.0501543,0.0,0.0,-0.0501543
F,0.0,0.0,0.0,0.0
F,0.0,0.0,0.0,0.0
F,0.0,0.0,0.0,0.0
F,0.0,0.0,0.0,0.0
F,0.0739118,0.0,0.0,0.0739118
F,0.0,0.0,0.0,0.0
F,0.0,0.0,0.0,0.0
F,0.0,0.0,0.0,0.0
F,0.0,0.0,0.0,0.0
F,-0.00345672,0.0,0.0,-0.00345672
F,0.0,0.0,0.0,0.0
F,0.0,0.0,0.0,0.0
F,0.0,0.0,0.0,0.0
F,-0.00712255,0.0,0.0,-0.00712255
F,0.0,0.0,0.0,0.0
F,0.0,0.0,0.0,0.0
F,0.0,0.0,0.0,0.0
F,0.0,0.0,0.0,0.0
F,0.0,0.0,0.0,0.0
F,0.0,0.0,0.0,0.0
F,-0.019016,0.0,0.0,-0.019016
F,0.0,0.0,0.0,0.0
F,0.0,0.0,0.0,0.0
F,0.0,0.0,0.0,0.0
F,0.0,0.0,0.0,0.0
F,0.0,0.0,0.0,0.0
F,0.0,0.0,0.0,0.0
F,0.0,0.0,0.0,0.0
F,-0.00433699,0.0,0.0,-0.00433699
F,0.0,0.0,0.0,0.0
F,0.0334112,0.0,0.0,0.0334112
F,0.0,0.0,0.0,0.0
F,0.0,0.0,0.0,0.0
F,0.0,0.0,0.0,0.0
F,0.0,0.0,0.0,0.0
F,0.0,0.0,0.0,0.0
F,0.0131432,0.0,0.0,0.0131432
F,0.0,0.0,0.0,0.0
F,0.0,0.0,0.0,0.0
F,0.0,0.0,0.0,0.0
F,0.0,0.0,0.0,0.0
F,0.0,0.0,0.0,0.0
F,0.0,0.0,0.0,0.0
F,0.0,0.0,0.0,0.0
F,0.0,0.0,0.0,0.0
F,-0.0333515,0.0,0.0,-0.0333515
F,0.0,0.0,0.0,0.0
F,0.0,0.0,0.0,0.0
F,0.0,0.0,0.0,0.0
F,0.0,0.0,0.0,0.0
F,-0.0270892,0.0,0.0,-0.0270892
F,0.0331334,0.0,0.0,0.0331334
F,0.0,0.0,0.0,0.0
F,0.0,0.0,0.0,0.0
F,0.0,0.0,0.0,0.0
F,0.0,0.0,0.0,0.0
F,0.0,0.0,0.0,0.0
F,0.0,0.0,0.0,0.0
F,0.0341361,0.0,0.0,0.0341361
F,0.0,0.0,0.0,0.0
F,-0.047906,0.0,0.0,-0.047906
F,0.0,0.0,0.0,0.0
F,0.0,0.0,0.0,0.0
F,0.0,0.0,0.0,0.0
F,0.0,0.0,0.0,0.0
F,0.0,0.0,0.0,0.0
F,0.0,0.0,0.0,0.0
F,0.0581522,0.0,0.0,0.0581522
F,0.0,0.0,0.0,0.0
F,0.0,0.0,0.0,0.0
F,0.0,0.0,0.0,0.0
F,0.0,0.0,0.0,0.0
F,0.0,0.0,0.0,0.0
F,0.0,0.0,0.0,0.0
F,0.0,0.0,0.0,0.0
F,-0.00787582,0.0,0.0,-0.00787582
F,0.0,0.0,0.0,0.0
F,0.0,0.0,0.0,0.0
F,0.0,0.0,0.0,0.0
F,-0.0721432,0.0,0.0,-0.0721432
F,0.0,0.0,0.0,0.0
F,0.0,0.0,0.0,0.0
F,0.0,0.0,0.0,0.0
F,0.0,0.0,0.0,0.0
F,0.0,0.0,0.0,0.0
F,0.0,0.0,0.0,0.0
F,0.0,0.0,0.0,0.0
F,-0.0238793,0.0,0.0,-0.0238793
F,0.0,0.0,0.0,0.0
F,0.0,0.0,0.0,0.0
F,0.0,0.0,0.0,0.0
F,0.00072639,0.0,0.0,0.00072639
F,0.0,0.0,0.0,0.0
F,0.0,0.0,0.0,0.0
F,0.0,0.0,0.0,0.0
F,0.0,0.0,0.0,0.0
F,0.0,0.0,0.0,0.0
F,0.0,0.0,0.0,0.0
F,0.0,0.0,0.0,0.0
F,0.0,0.0,0.0,0.0
F,0.0,0.0,0.0,0.0
F,0.0,0.0,0.0,0.0
F,-0.103257,0.0,0.0,-0.103257
F,0.0,0.0,0.0,0.0
F,0.0,0.0,0.0,0.0
F,0.00656875,0.0,0.0,0.00656875
F,-0.0238793,0.0,0.0,-0.0238793
F,0.0,0.0,0.0,0.0
F,0.0,0.0,0.0,0.0
F,0.0,0.0,0.0,0.0
F,-0.0556733,0.0,0.0,-0.0556733
F,0.0341361,0.0,0.0,0.0341361
F,0.054919,0.0,0.0,0.054919
F,0.0,0.0,0.0,0.0
F,0.0,0.0,0.0,0.0
F,0.0,0.0,0.0,0.0
F,0.0,0.0,0.0,0.0
F,0.0,0.0,0.0,0.0
F,0.0,0.0,0.0,0.0
F,0.0,0.0,0.0,0.0
F,0.0,0.0,0.0,0.0
F,0.0,0.0,0.0,0.0
F,-0.0541862,0.0,0.0,-0.0541862
F,0.0,0.0,0.0,0.0
F,-0.072077,0.0,0.0,-0.072077
F,0.0,0.0,0.0,0.0
F,0.054919,0.0,0.0,0.054919
F,0.0,0.0,0.0,0.0
F,0.0,0.0,0.0,0.0
F,0.0,0.0,0.0,0.0
F,0.0,0.0,0.0,0.0
F,0.0,0.0,0.0,0.0
F,0.0,0.0,0.0,0.0
F,-0.0295293,0.0,0.0,-0.0295293
F,0.0,0.0,0.0,0.0
F,0.0,0.0,0.0,0.0
F,0.0,0.0,0.0,0.0
F,0.0,0.0,0.0,0.0
F,0.0,0.0,0.0,0.0
F,0.0,0.0,0.0,0.0
F,0.0,0.0,0.0,0.0
F,0.0,0.0,0.0,0.0
F,0.0,0.0,0.0,0.0
F,-0.00906884,0.0,0.0,-0.00906884
F,0.0,0.0,0.0,0.0
F,0.0,0.0,0.0,0.0
F,0.0240331,0.0,0.0,0.0240331
F,0.0,0.0,0.0,0.0
F,0.0,0.0,0.0,0.0
F,0.0,0.0,0.0,0.0
F,0.0,0.0,0.0,0.0
F,0.0,0.0,0.0,0.0
F,0.0,0.0,0.0,0.0
F,0.0,0.0,0.0,0.0
F,-0.00712255,0.0,0.0,-0.00712255
F,0.0,0.0,0.0,0.0
F,0.0,0.0,0.0,0.0
F,0.0,0.0,0.0,0.0
F,-0.0133161,0.0,0.0,-0.0133161
F,0.0,0.0,0.0,0.0
F,0.0,0.0,0.0,0.0
F,0.0,0.0,0.0,0.0
F,0.0,0.0,0.0,0.0
F,0.0,0.0,0.0,0.0
F,0.0,0.0,0.0,0.0
F,0.0,0.0,0.0,0.0
F,0.0,0.0,0.0,0.0
F,0.0,0.0,0.0,0.0
F,0.0,0.0,0.0,0.0
F,0.0,0.0,0.0,0.0
F,0.0,0.0,0.0,0.0
F,0.0,0.0,0.0,0.0
F,0.0,0.0,0.0,0.0
F,0.0,0.0,0.0,0.0
F,0.0,0.0,0.0,0.0
F,0.0,0.0,0.0,0.0
F,0.0,0.0,0.0,0.0
F,0.0,0.0,0.0,0.0
F,0.0,0.0,0.0,0.0
F,0.0,0.0,0.0,0.0
F,0.0735586,0.0,0.0,0.0735586
F,0.0,0.0,0.0,0.0
F,0.0,0.0,0.0,0.0
F,0.0,0.0,0.0,0.0
F,0.0,0.0,0.0,0.0
F,0.0,0.0,0.0,0.0
F,0.0226412,0.0,0.0,0.0226412
F,0.0,0.0,0.0,0.0
F,0.0,0.0,0.0,0.0
F,0.0,0.0,0.0,0.0
F,0.0,0.0,0.0,0.0
F,0.0,0.0,0.0,0.0
F,0.0,0.0,0.0,0.0
F,0.0,0.0,0.0,0.0
F,0.0,0.0,0.0,0.0
F,0.0,0.0,0.0,0.0
F,0.0,0.0,0.0,0.0
F,0.0,0.0,0.0,0.0
F,0.0,0.0,0.0,0.0
F,0.0,0.0,0.0,0.0
F,0.0,0.0,0.0,0.0
F,0.0,0.0,0.0,0.0
F,0.0,0.0,0.0,0.0
F,0.0,0.0,0.0,0.0
F,0.0,0.0,0.0,0.0
F,0.0,0.0,0.0,0.0
F,0.0,0.0,0.0,0.0
F,0.0,0.0,0.0,0.0
F,0.0,0.0,0.0,0.0
F,0.0,0.0,0.0,0.0
F,0.0,0.0,0.0,0.0
F,0.0,0.0,0.0,0.0
F,0.0,0.0,0.0,0.0
F,-0.139402,0.0,0.0,-0.139402
F,0.0,0.0,0.0,0.0
F,0.0,0.0,0.0,0.0
F,0.0,0.0,0.0,0.0
F,0.0,0.0,0.0,0.0
F,-0.0221904,0.0,0.0,-0.0221904
F,0.0,0.0,0.0,0.0
F,0.0,0.0,0.0,0.0
F,0.0,0.0,0.0,0.0
F,-0.0341368,0.0,0.0,-0.0341368
F,0.0,0.0,0.0,0.0
F,0.0,0.0,0.0,0.0
F,0.0,0.0,0.0,0.0
F,0.0,0.0,0.0,0.0
F,-0.0020658,0.0,0.0,-0.0020658
F,0.0,0.0,0.0,0.0
F,0.0,0.0,0.0,0.0
F,0.0,0.0,0.0,0.0
F,0.0,0.0,0.0,0.0
F,0.0,0.0,0.0,0.0
F,0.0,0.0,0.0,0.0
F,0.0,0.0,0.0,0.0
F,-0.0220313,0.0,0.0,-0.0220313
F,0.0,0.0,0.0,0.0
F,0.0,0.0,0.0,0.0
F,0.0124621,0.0,0.0,0.0124621
F,0.0,0.0,0.0,0.0
F,0.0,0.0,0.0,0.0
F,0.0,0.0,0.0,0.0
F,0.0,0.0,0.0,0.0
F,0.0,0.0,0.0,0.0
F,-0.0863122,0.0,0.0,-0.0863122
F,0.0,0.0,0.0,0.0
F,0.0,0.0,0.0,0.0
F,0.0,0.0,0.0,0.0
F,0.0,0.0,0.0,0.0
F,0.0,0.0,0.0,0.0
F,0.0570367,0.0,0.0,0.0570367
F,0.0,0.0,0.0,0.0
F,0.0,0.0,0.0,0.0
F,0.0,0.0,0.0,0.0
F,0.0197733,0.0,0.0,0.0197733
F,-0.0721432,0.0,0.0,-0.0721432
F,0.0,0.0,0.0,0.0
F,-0.00591747,0.0,0.0,-0.00591747
F,0.0,0.0,0.0,0.0
F,0.0,0.0,0.0,0.0
F,0.0,0.0,0.0,0.0
F,0.0,0.0,0.0,0.0
F,0.0,0.0,0.0,0.0
F,0.0,0.0,0.0,0.0
F,-0.0738729,0.0,0.0,-0.0738729
F,0.0,0.0,0.0,0.0
F,0.0,0.0,0.0,0.0
F,0.0,0.0,0.0,0.0
F,0.0,0.0,0.0,0.0
F,0.116778,0.0,0.0,0.116778
F,0.0,0.0,0.0,0.0
F,0.0,0.0,0.0,0.0
F,0.0,0.0,0.0,0.0
F,0.0,0.0,0.0,0.0
F,0.0,0.0,0.0,0.0
F,0.0,0.0,0.0,0.0
F,0.0,0.0,0.0,0.0
F,0.0,0.0,0.0,0.0
F,0.0,0.0,0.0,0.0
F,0.0,0.0,0.0,0.0
F,0.0,0.0,0.0,0.0
F,0.0,0.0,0.0,0.0
F,0.0289583,0.0,0.0,0.0289583
F,0.0,0.0,0.0,0.0
F,-0.0188639,0.0,0.0,-0.0188639
F,0.0,0.0,0.0,0.0
F,0.0,0.0,0.0,0.0
F,-0.0211607,0.0,0.0,-0.0211607
F,0.0,0.0,0.0,0.0
F,0.0,0.0,0.0,0.0
F,0.0,0.0,0.0,0.0
F,0.0,0.0,0.0,0.0
F,0.0,0.0,0.0,0.0
F,0.0,0.0,0.0,0.0
F,0.0,0.0,0.0,0.0
F,0.0,0.0,0.0,0.0
F,0.0,0.0,0.0,0.0
F,0.0,0.0,0.0,0.0
F,0.0,0.0,0.0,0.0
F,0.01836,0.0,0.0,0.01836
F,-0.0824384,0.0,0.0,-0.0824384
F,0.0,0.0,0.0,0.0
F,0.0,0.0,0.0,0.0
F,-0.0357666,0.0,0.0,-0.0357666
F,0.0,0.0,0.0,0.0
F,0.0,0.0,0.0,0.0
F,0.000384486,0.0,0.0,0.000384486
F,0.0,0.0,0.0,0.0
F,0.0,0.0,0.0,0.0
F,0.0581522,-0.0146947,-0.0146947,0.0434575
F,0.0,0.0,0.0,0.0
F,0.0,0.0,0.0,0.0
F,0.0,0.0,0.0,0.0
F,0.0,0.0,0.0,0.0
F,0.0,0.0,0.0,0.0
F,0.0,0.0,0.0,0.0
F,0.0,0.0,0.0,0.0
F,0.0219234,0.0,0.0,0.0219234
F,0.0,0.0,0.0,0.0
F,0.0,0.0,0.0,0.0
F,0.0205921,0.0,0.0,0.0205921
F,0.0,0.0,0.0,0.0
F,0.0,0.0,0.0,0.0
F,0.0381819,0.0,0.0,0.0381819
F,0.0,0.0,0.0,0.0
F,0.0,0.0,0.0,0.0
F,0.0,0.0,0.0,0.0
F,0.0,0.0,0.0,0.0
F,0.0,0.0,0.0,0.0
F,0.0,0.0,0.0,0.0
F,0.0,0.0,0.0,0.0
F,-0.072043,0.0,0.0,-0.072043
F,0.052663,0.0,0.0,0.052663
F,0.0,0.0,0.0,0.0
F,0.0,0.0,0.0,0.0
F,-0.0238793,0.0,0.0,-0.0238793
F,-0.0451852,0.0,0.0,-0.0451852
F,-0.0376798,0.0,0.0,-0.0376798
F,0.0,0.0,0.0,0.0
F,0.0,0.0,0.0,0.0
F,0.0,0.0,0.0,0.0
F,0.0,0.0,0.0,0.0
F,0.00744659,0.0,0.0,0.00744659
F,0.0,0.0,0.0,0.0
F,0.0,0.0,0.0,0.0
F,0.0,0.0,0.0,0.0
F,0.0129992,0.0,0.0,0.0129992
F,0.0,0.0,0.0,0.0
F,0.0,0.0,0.0,0.0
F,-0.0166803,0.0,0.0,-0.0166803
F,0.0,0.0,0.0,0.0
F,0.0,0.0,0.0,0.0
F,0.0,0.0,0.0,0.0
F,0.0,0.0,0.0,0.0
F,-0.0242955,0.0,0.0,-0.0242955
F,0.0,0.0,0.0,0.0
F,0.0,0.0,0.0,0.0
F,0.0,0.0,0.0,0.0
F,0.0,0.0,0.0,0.0
F,0.0,0.0,0.0,0.0
F,0.0,0.0,0.0,0.0
F,0.0,0.0,0.0,0.0
F,0.0,0.0,0.0,0.0
F,0.0,0.0,0.0,0.0
F,0.0,0.0,0.0,0.0
F,0.0,0.0,0.0,0.0
F,0.0,0.0,0.0,0.0
F,-0.00905828,0.0,0.0,-0.00905828
F,0.0,0.0,0.0,0.0
F,0.0,0.0,0.0,0.0
F,0.0,0.0,0.0,0.0
F,0.0,0.0,0.0,0.0
F,0.0,0.0,0.0,0.0
F,0.0,0.0,0.0,0.0
F,0.0,0.0,0.0,0.0
F,0.0,0.0,0.0,0.0
F,0.0,0.0,0.0,0.0
F,0.0,0.0,0.0,0.0
F,0.0,0.0,0.0,0.0
F,0.0,0.0,0.0,0.0
F,0.0,0.0,0.0,0.0
F,0.0,0.0,0.0,0.0
F,0.0,0.0,0.0,0.0
F,0.0,0.0,0.0,0.0
F,0.0338936,0.0,0.0,0.0338936
F,0.0419628,0.0,0.0,0.0419628
F,0.0,0.0,0.0,0.0
F,0.0,0.0,0.0,0.0
F,0.0094906,0.0,0.0,0.0094906
F,0.0,0.0,0.0,0.0
F,-0.0805789,0.0,0.0,-0.0805789
F,0.0,0.0,0.0,0.0
F,0.0,0.0,0.0,0.0
F,0.0,0.0,0.0,0.0
F,0.0,0.0,0.0,0.0
F,0.0,0.0,0.0,0.0
F,0.0,0.0,0.0,0.0
F,0.0,0.0,0.0,0.0
F,0.0,0.0,0.0,0.0
F,-0.0587229,0.0,0.0,-0.0587229
F,0.0,0.0,0.0,0.0
F,0.0,0.0,0.0,0.0
F,0.0,0.0,0.0,0.0
F,0.0,0.0,0.0,0.0
F,0.0,0.0,0.0,0.0
F,0.0,0.0,0.0,0.0
F,0.0,0.0,0.0,0.0
F,0.0,0.0,0.0,0.0
F,0.0,0.0,0.0,0.0
F,0.0,0.0,0.0,0.0
F,0.0,0.0,0.0,0.0
F,-0.0700584,0.0,0.0,-0.0700584
F,0.0,0.0,0.0,0.0
F,0.0,0.0,0.0,0.0
F,0.0,0.0,0.0,0.0
F,0.0,0.0,0.0,0.0
F,0.0,0.0,0.0,0.0
F,0.0,0.0,0.0,0.0
F,-0.067237,0.0,0.0,-0.067237
F,0.0,0.0,0.0,0.0
F,0.0296656,0.0,0.0,0.0296656
F,0.0,0.0,0.0,0.0
F,0.0,0.0,0.0,0.0
F,0.0,0.0,0.0,0.0
F,0.0,0.0,0.0,0.0
F,0.0,0.0,0.0,0.0
F,-0.00166483,0.0,0.0,-0.00166483
F,0.0,0.0,0.0,0.0
F,0.0,0.0,0.0,0.0
F,-0.0617791,0.0,0.0,-0.0617791
F,0.0,0.0,0.0,0.0
F,0.0,0.0,0.0,0.0
F,0.0,0.0,0.0,0.0
F,0.0,0.0,0.0,0.0
F,0.0,0.0,0.0,0.0
F,0.0,0.0,0.0,0.0
F,-0.0488423,0.0,0.0,-0.0488423
F,0.0,0.0,0.0,0.0
F,0.0,0.0,0.0,0.0
F,0.0,0.0,0.0,0.0
F,0.0,0.0,0.0,0.0
F,0.0,0.0,0.0,0.0
F,0.0,0.0,0.0,0.0
F,0.0,0.0,0.0,0.0
F,0.0,0.0,0.0,0.0
F,0.0,0.0,0.0,0.0
F,0.0,0.0,0.0,0.0
F,0.0,0.0,0.0,0.0
F,0.0,0.0,0.0,0.0
F,0.0,0.0,0.0,0.0
F,-0.0155006,0.0,0.0,-0.0155006
F,0.0,0.0,0.0,0.0
F,0.0,0.0,0.0,0.0
F,0.0,0.0,0.0,0.0
F,-0.0376798,0.0,0.0,-0.0376798
F,0.0,0.0,0.0,0.0
F,0.0,0.0,0.0,0.0
F,0.0,0.0,0.0,0.0
F,0.0,0.0,0.0,0.0
F,0.0,0.0,0.0,0.0
F,0.0,0.0,0.0,0.0
F,-0.00787582,0.0,0.0,-0.00787582
F,0.0,0.0,0.0,0.0
F,0.0,0.0,0.0,0.0
F,0.0,0.0,0.0,0.0
F,0.0,0.0,0.0,0.0
F,0.0,0.0,0.0,0.0
F,0.0,0.0,0.0,0.0
F,0.0,0.0,0.0,0.0
F,-0.0434131,0.0,0.0,-0.0434131
F,0.0,0.0,0.0,0.0
F,0.0,0.0,0.0,0.0
F,0.0,0.0,0.0,0.0
F,0.0593041,0.0,0.0,0.0593041
F,0.00500847,0.0,0.0,0.00500847
F,0.0,0.0,0.0,0.0
F,0.0505104,0.0,0.0,0.0505104
F,0.0,0.0,0.0,0.0
F,0.0,0.0,0.0,0.0
F,0.00769895,0.0,0.0,0.00769895
F,0.0,0.0,0.0,0.0
F,0.0,0.0,0.0,0.0
F,-0.0158673,0.0,0.0,-0.0158673
F,0.0,0.0,0.0,0.0
F,0.0,0.0,0.0,0.0
F,0.0,0.0,0.0,0.0
F,0.0,0.0,0.0,0.0
F,0.0,0.0,0.0,0.0
F,0.0,0.0,0.0,0.0
F,0.0,0.0,0.0,0.0
F,0.0,0.0,0.0,0.0
F,0.0,0.0,0.0,0.0
F,0.0,0.0,0.0,0.0
F,0.0,0.0,0.0,0.0
F,0.0,0.0,0.0,0.0
F,0.0,0.0,0.0,0.0
F,0.0,0.0,0.0,0.0
F,0.0,0.0,0.0,0.0
F,0.0,0.0,0.0,0.0
F,0.0,0.0,0.0,0.0
F,-0.0357666,0.0,0.0,-0.0357666
F,-0.0308263,0.0,0.0,-0.0308263
F,0.0,0.0,0.0,0.0
F,0.0,0.0,0.0,0.0
F,0.0,0.0,0.0,0.0
F,0.0,0.0,0.0,0.0
F,0.0,0.0,0.0,0.0
F,-0.00787582,0.0,0.0,-0.00787582
F,0.0226526,0.0,0.0,0.0226526
F,0.0,0.0,0.0,0.0
F,0.0,0.0,0.0,0.0
F,0.0,0.0,0.0,0.0
F,0.0,0.0,0.0,0.0
F,0.0,0.0,0.0,0.0
F,0.0,0.0,0.0,0.0
F,0.0,0.0,0.0,0.0
F,0.0,0.0,0.0,0.0
F,0.0,0.0,0.0,0.0
F,0.0,0.0,0.0,0.0
F,0.0,0.0,0.0,0.0
F,0.0,0.0,0.0,0.0
F,0.0,0.0,0.0,0.0
F,0.0,0.0,0.0,0.0
F,0.0,0.0,0.0,0.0
F,0.0,0.0,0.0,0.0
F,0.0,0.0,0.0,0.0
F,0.0,0.0,0.0,0.0
F,0.0,0.0,0.0,0.0
F,0.0787126,0.0,0.0,0.0787126
F,0.0,0.0,0.0,0.0
F,-0.0272775,0.0,0.0,-0.0272775
F,0.0,0.0,0.0,0.0
F,-0.108107,0.0,0.0,-0.108107
F,0.0,0.0,0.0,0.0
F,0.0,0.0,0.0,0.0
F,0.0,0.0,0.0,0.0
F,0.0,0.0,0.0,0.0
F,0.0,0.0,0.0,0.0
F,0.0,0.0,0.0,0.0
F,0.0,0.0,0.0,0.0
F,-0.102714,0.0,0.0,-0.102714
F,0.0,0.0,0.0,0.0
F,0.0,0.0,0.0,0.0
F,0.0253944,0.0,0.0,0.0253944
F,0.0,0.0,0.0,0.0
F,-0.014634,0.0,0.0,-0.014634
F,0.0,0.0,0.0,0.0
F,-0.0637063,0.0,0.0,-0.0637063
F,0.0,0.0,0.0,0.0
F,-0.00912809,0.0,0.0,-0.00912809
F,0.0,0.0,0.0,0.0
F,0.0,0.0,0.0,0.0
F,0.0,0.0,0.0,0.0
F,0.0,0.0,0.0,0.0
F,0.0,0.0,0.0,0.0
F,0.0,0.0,0.0,0.0
F,0.0,0.0,0.0,0.0
F,0.0,0.0,0.0,0.0
F,0.0,0.0,0.0,0.0
F,0.0,0.0,0.0,0.0
F,0.0,0.0,0.0,0.0
F,0.0,0.0,0.0,0.0
F,-0.0206137,0.0,0.0,-0.0206137
F,0.0,0.0,0.0,0.0
F,0.0,0.0,0.0,0.0
F,0.0,0.0,0.0,0.0
F,0.000300485,0.0,0.0,0.000300485
F,0.0,0.0,0.0,0.0
F,0.0,0.0,0.0,0.0
F,0.0,0.0,0.0,0.0
F,0.0523685,0.0,0.0,0.0523685
F,0.0,0.0,0.0,0.0
F,0.0,0.0,0.0,0.0
F,-0.0252433,0.0,0.0,-0.0252433
F,0.0,0.0,0.0,0.0
F,0.0,0.0,0.0,0.0
F,0.0,0.0,0.0,0.0
F,0.0,0.0,0.0,0.0
F,0.0,0.0,0.0,0.0
F,0.0,0.0,0.0,0.0
F,0.0,0.0,0.0,0.0
F,0.0,0.0,0.0,0.0
F,0.0,0.0,0.0,0.0
F,0.0,0.0,0.0,0.0
F,-0.0528737,0.0,0.0,-0.0528737
F,-0.0780411,0.0,0.0,-0.0780411
F,0.0,0.0,0.0,0.0
F,0.0,0.0,0.0,0.0
F,0.0,0.0,0.0,0.0
F,0.0,0.0,0.0,0.0
F,0.0,0.0,0.0,0.0
F,0.0,0.0,0.0,0.0
F,0.0,0.0,0.0,0.0
F,0.0,0.0,0.0,0.0
F,0.0,0.0,0.0,0.0
F,0.0,0.0,0.0,0.0
F,0.0,0.0,0.0,0.0
F,0.0,0.0,0.0,0.0
F,0.0,0.0,0.0,0.0
F,0.0,0.0,0.0,0.0
F,0.0,0.0,0.0,0.0
F,0.0,0.0,0.0,0.0
F,0.0,0.0,0.0,0.0
F,0.0,0.0,0.0,0.0
F,0.0,0.0,0.0,0.0
F,0.0,0.0,0.0,0.0
F,0.0,0.0,0.0,0.0
F,0.0,0.0,0.0,0.0
F,0.00546724,0.0,0.0,0.00546724
F,0.0,0.0,0.0,0.0
F,0.0,0.0,0.0,0.0
F,0.0,0.0,0.0,0.0
F,0.0,0.0,0.0,0.0
F,0.0,0.0,0.0,0.0
F,0.0,0.0,0.0,0.0
F,0.0,0.0,0.0,0.0
F,0.0,0.0,0.0,0.0
F,0.0,0.0,0.0,0.0
F,-0.00554849,0.0,0.0,-0.00554849
F,0.0,0.0,0.0,0.0
F,0.0,0.0,0.0,0.0
F,0.0,0.0,0.0,0.0
F,-0.0415103,0.0,0.0,-0.0415103
F,0.0,0.0,0.0,0.0
F,0.0,0.0,0.0,0.0
F,0.0,0.0,0.0,0.0
F,0.0,0.0,0.0,0.0
F,0.0734344,0.0,0.0,0.0734344
F,0.0,0.0,0.0,0.0
F,0.0,0.0,0.0,0.0
F,0.0,0.0,0.0,0.0
F,0.0283523,0.0,0.0,0.0283523
F,0.0,0.0,0.0,0.0
F,0.0,0.0,0.0,0.0
F,0.0,0.0,0.0,0.0
F,-0.0470023,0.0,0.0,-0.0470023
F,0.00605049,0.0,0.0,0.00605049
F,0.0,0.0,0.0,0.0
F,0.0,0.0,0.0,0.0
F,0.0,0.0,0.0,0.0
F,0.0,0.0,0.0,0.0
F,0.0,0.0,0.0,0.0
F,0.0,0.0,0.0,0.0
F,0.0122004,0.0,0.0,0.0122004
F,0.0,0.0,0.0,0.0
F,0.0,0.0,0.0,0.0
F,0.0,0.0,0.0,0.0
F,0.0,0.0,0.0,0.0
F,0.0,0.0,0.0,0.0
F,0.0,0.0,0.0,0.0
F,0.0,0.0,0.0,0.0
F,0.0,0.0,0.0,0.0
F,0.0,0.0,0.0,0.0
F,0.0,0.0,0.0,0.0
F,0.0,0.0,0.0,0.0
F,0.0,0.0,0.0,0.0
F,0.0,0.0,0.0,0.0
F,0.0,0.0,0.0,0.0
F,-0.1451,0.0,0.0,-0.1451
F,0.0,0.0,0.0,0.0
F,0.0,0.0,0.0,0.0
F,0.0,0.0,0.0,0.0
F,0.0,0.0,0.0,0.0
F,0.0196773,0.0,0.0,0.0196773
F,-0.0672512,0.0,0.0,-0.0672512
F,0.0,0.0,0.0,0.0
F,0.0,0.0,0.0,0.0
F,0.0,0.0,0.0,0.0
F,0.0,0.0,0.0,0.0
F,0.0,0.0,0.0,0.0
F,0.0,0.0,0.0,0.0
F,0.0,0.0,0.0,0.0
F,0.0,0.0,0.0,0.0
F,0.0,0.0,0.0,0.0
F,0.0,0.0,0.0,0.0
F,0.0,0.0,0.0,0.0
F,0.0,0.0,0.0,0.0
F,0.0,0.0,0.0,0.0
F,0.0,0.0,0.0,0.0
F,0.0,0.0,0.0,0.0
F,0.0131432,0.0,0.0,0.0131432
F,0.0,0.0,0.0,0.0
F,0.0,0.0,0.0,0.0
F,0.0,0.0,0.0,0.0
F,0.0,0.0,0.0,0.0
F,0.0,0.0,0.0,0.0
F,0.0,0.0,0.0,0.0
F,0.0,0.0,0.0,0.0
F,0.0,0.0,0.0,0.0
F,0.0,0.0,0.0,0.0
F,0.0,0.0,0.0,0.0
F,0.0,0.0,0.0,0.0
F,0.0,0.0,0.0,0.0
F,0.0,0.0,0.0,0.0
F,0.0,0.0,0.0,0.0
F,0.0,0.0,0.0,0.0
F,-0.00912809,0.0,0.0,-0.00912809
F,0.0,0.0,0.0,0.0
F,0.0,0.0,0.0,0.0
F,0.0,0.0,0.0,0.0
F,0.0,0.0,0.0,0.0
F,-0.0644377,0.0,0.0,-0.0644377
F,0.0,0.0,0.0,0.0
F,0.0,0.0,0.0,0.0
F,0.0,0.0,0.0,0.0
F,-0.023553,0.0,0.0,-0.023553
F,0.0,0.0,0.0,0.0
F,0.0,0.0,0.0,0.0
F,0.0,0.0,0.0,0.0
F,0.0,0.0,0.0,0.0
F,0.0,0.0,0.0,0.0
F,0.0,0.0,0.0,0.0
F,-0.0702594,0.0,0.0,-0.0702594
F,0.0,0.0,0.0,0.0
F,0.0,0.0,0.0,0.0
F,0.0,0.0,0.0,0.0
F,0.0,0.0,0.0,0.0
F,0.0,0.0,0.0,0.0
F,0.0,0.0,0.0,0.0
F,0.0,0.0,0.0,0.0
F,0.0,0.0,0.0,0.0
F,0.0183904,0.0,0.0,0.0183904
F,0.0,0.0,0.0,0.0
F,0.0,0.0,0.0,0.0
F,0.0,0.0,0.0,0.0
F,0.0176232,0.0,0.0,0.0176232
F,0.0,0.0,0.0,0.0
F,0.0,0.0,0.0,0.0
F,0.0,0.0,0.0,0.0
F,0.0,0.0,0.0,0.0
F,0.0,0.0,0.0,0.0
F,-0.0308263,0.0,0.0,-0.0308263
F,0.0,0.0,0.0,0.0
F,0.0,0.0,0.0,0.0
F,0.0,0.0,0.0,0.0
F,0.0,0.0,0.0,0.0
F,0.0,0.0,0.0,0.0
F,0.0,0.0,0.0,0.0
F,0.0,0.0,0.0,0.0
F,0.0,0.0,0.0,0.0
F,0.0,0.0,0.0,0.0
F,0.0,0.0,0.0,0.0
F,0.0,0.0,0.0,0.0
F,0.0,0.0,0.0,0.0
F,0.0,0.0,0.0,0.0
F,0.0,0.0,0.0,0.0
F,-0.0415103,0.0,0.0,-0.0415103
F,0.0,0.0,0.0,0.0
F,0.0,0.0,0.0,0.0
F,0.0,0.0,0.0,0.0
F,0.0,0.0,0.0,0.0
F,0.0,0.0,0.0,0.0
F,0.0,0.0,0.0,0.0
F,0.0,0.0,0.0,0.0
F,0.0,0.0,0.0,0.0
F,0.0,0.0,0.0,0.0
F,0.0,0.0,0.0,0.0
F,0.0,0.0,0.0,0.0
F,0.0,0.0,0.0,0.0
F,0.0,0.0,0.0,0.0
F,0.0,0.0,0.0,0.0
F,0.0,0.0,0.0,0.0
F,0.0,0.0,0.0,0.0
F,0.0,0.0,0.0,0.0
F,0.0,0.0,0.0,0.0
F,0.0,0.0,0.0,0.0
F,0.0,0.0,0.0,0.0
F,0.0,0.0,0.0,0.0
F,0.0,0.0,0.0,0.0
F,0.0,0.0,0.0,0.0
F,0.0,0.0,0.0,0.0
F,0.0,0.0,0.0,0.0
F,-0.0281069,0.0,0.0,-0.0281069
F,0.0,0.0,0.0,0.0
F,0.00872997,0.0,0.0,0.00872997
F,0.0,0.0,0.0,0.0
F,0.0,0.0,0.0,0.0
F,-0.00707204,0.0,0.0,-0.00707204
F,0.0,0.0,0.0,0.0
F,0.0,0.0,0.0,0.0
F,0.0,0.0,0.0,0.0
F,0.0,0.0,0.0,0.0
F,0.0,0.0,0.0,0.0
F,0.0,0.0,0.0,0.0
F,0.0,-0.0401535,-0.0401535,-0.0401535
F,0.0,0.0,0.0,0.0
F,0.0,0.0,0.0,0.0
F,0.0122894,0.0,0.0,0.0122894
F,-0.0569257,0.0,0.0,-0.0569257
F,0.0,0.0,0.0,0.0
F,0.0,0.0,0.0,0.0
F,0.0,0.0,0.0,0.0
F,0.0,0.0,0.0,0.0
F,0.0,0.0,0.0,0.0
F,-0.158276,0.0,0.0,-0.158276
F,0.0,0.0,0.0,0.0
F,0.0,0.0,0.0,0.0
F,0.0,0.0,0.0,0.0
F,0.0,0.0,0.0,0.0
F,0.0,0.0,0.0,0.0
F,0.0,0.0,0.0,0.0
F,-0.0755398,0.0,0.0,-0.0755398
F,0.0,0.0,0.0,0.0
F,0.0,0.0,0.0,0.0
F,0.00524814,0.0,0.0,0.00524814
F,0.0,0.0,0.0,0.0
F,0.0940863,0.0,0.0,0.0940863
F,0.0183904,0.0,0.0,0.0183904
F,0.0,0.0,0.0,0.0
F,0.0,0.0,0.0,0.0
F,0.0,0.0,0.0,0.0
F,0.0,0.0,0.0,0.0
F,0.0,0.0,0.0,0.0
F,0.0,0.0,0.0,0.0
F,0.0,0.0,0.0,0.0
F,0.0,0.0,0.0,0.0
F,0.0,0.0,0.0,0.0
F,0.0,0.0,0.0,0.0
F,0.0,0.0,0.0,0.0
F,-0.047906,0.0,0.0,-0.047906
F,0.0,0.0,0.0,0.0
F,0.0,0.0,0.0,0.0
F,0.0,0.0,0.0,0.0
F,0.0,0.0,0.0,0.0
F,-0.0631226,0.0,0.0,-0.0631226
F,0.160506,0.0,0.0,0.160506
F,0.0,0.0,0.0,0.0
F,0.0,0.0,0.0,0.0
F,0.0,0.0,0.0,0.0
F,0.0,0.0,0.0,0.0
F,0.0,0.0,0.0,0.0
F,0.0,0.0,0.0,0.0
F,-0.0181275,0.0,0.0,-0.0181275
F,0.0,0.0,0.0,0.0
F,0.0114613,0.0,0.0,0.0114613
F,0.0218373,0.0,0.0,0.0218373
F,0.0,0.0,0.0,0.0
F,0.0,0.0,0.0,0.0
F,0.0,0.0,0.0,0.0
F,-0.00447802,0.0,0.0,-0.00447802
F,0.0,0.0,0.0,0.0
F,0.0,0.0,0.0,0.0
F,0.0,0.0,0.0,0.0
F,-0.0744221,0.0,0.0,-0.0744221
F,-0.0239923,0.0,0.0,-0.0239923
F,0.0,0.0,0.0,0.0
F,0.0,0.0,0.0,0.0
F,0.0,0.0,0.0,0.0
F,-0.0176105,0.0,0.0,-0.0176105
F,0.0,0.0,0.0,0.0
F,0.0,0.0,0.0,0.0
F,0.00932516,0.0,0.0,0.00932516
F,0.0,0.0,0.0,0.0
F,0.00983626,0.0,0.0,0.00983626
F,0.0,0.0,0.0,0.0
F,0.0,0.0,0.0,0.0
F,0.0,0.0,0.0,0.0
F,-0.0284457,0.0,0.0,-0.0284457
F,0.0814314,0.0,0.0,0.0814314
F,0.0,0.0,0.0,0.0
F,0.0,0.0,0.0,0.0
F,0.0,0.0,0.0,0.0
F,0.0,0.0,0.0,0.0
F,0.0,0.0,0.0,0.0
F,0.0,0.0,0.0,0.0
F,0.0,0.0,0.0,0.0
F,0.0,0.0,0.0,0.0
F,0.0,0.0,0.0,0.0
F,0.0,0.0,0.0,0.0
F,0.0,0.0,0.0,0.0
F,-0.0133161,0.0,0.0,-0.0133161
F,0.0,0.0,0.0,0.0
F,0.0,0.0,0.0,0.0
F,0.0,0.0,0.0,0.0
F,-0.0492719,0.0,0.0,-0.0492719
F,0.0,0.0,0.0,0.0
F,0.0,0.0,0.0,0.0
F,0.0,0.0,0.0,0.0
F,0.0,0.0,0.0,0.0
F,0.0,0.0,0.0,0.0
F,0.0,0.0,0.0,0.0
F,0.00532025,0.0,0.0,0.00532025
F,0.0,0.0,0.0,0.0
F,0.0,0.0,0.0,0.0
F,0.0,0.0,0.0,0.0
F,0.0,0.0,0.0,0.0
F,0.0,0.0,0.0,0.0
F,0.0428035,0.0,0.0,0.0428035
F,0.0,0.0,0.0,0.0
F,0.0,0.0,0.0,0.0
F,0.0,0.0,0.0,0.0
F,0.0235714,0.0242625,0.0242625,0.0478339
F,0.0,0.0,0.0,0.0
F,0.0,0.0,0.0,0.0
F,0.0,0.0,0.0,0.0
F,0.0,0.0,0.0,0.0
F,0.0,0.0,0.0,0.0
F,0.0,0.0,0.0,0.0
F,0.0,0.0,0.0,0.0
F,0.0,0.0,0.0,0.0
F,0.0,0.0,0.0,0.0
F,0.0,0.0,0.0,0.0
F,0.0,0.0,0.0,0.0
F,0.0,0.0,0.0,0.0
F,0.0,0.0,0.0,0.0
F,0.0,0.0,0.0,0.0
F,0.0,0.0,0.0,0.0
F,0.0,0.0,0.0,0.0
F,0.0,0.0,0.0,0.0
F,0.0,0.0,0.0,0.0
F,0.0,0.0,0.0,0.0
F,0.0,0.0,0.0,0.0
F,0.0,0.0,0.0,0.0
F,0.0,0.0,0.0,0.0
F,0.0,0.0,0.0,0.0
F,0.0,0.0,0.0,0.0
F,0.0418863,0.0,0.0,0.0418863
F,0.0,0.0,0.0,0.0
F,0.0,0.0,0.0,0.0
F,0.0,0.0,0.0,0.0
F,0.0,0.0,0.0,0.0
F,0.0,0.0,0.0,0.0
F,0.0,0.0,0.0,0.0
F,0.0,0.0,0.0,0.0
F,0.0,0.0,0.0,0.0
F,0.0,0.0,0.0,0.0
F,0.0,0.0,0.0,0.0
F,0.0,0.0,0.0,0.0
F,0.0,0.0,0.0,0.0
F,0.0,0.0,0.0,0.0
F,0.0,0.0,0.0,0.0
F,0.0,0.0,0.0,0.0
F,0.0,0.0,0.0,0.0
F,0.0,0.0,0.0,0.0
F,-0.103257,0.0,0.0,-0.103257
F,0.0,0.0,0.0,0.0
F,0.0,0.0,0.0,0.0
F,0.0,0.0,0.0,0.0
F,0.0,0.0,0.0,0.0
F,0.0,0.0,0.0,0.0
F,0.0,0.0,0.0,0.0
F,0.0,0.0,0.0,0.0
F,0.0,0.0,0.0,0.0
F,0.0,0.0,0.0,0.0
F,0.0,0.0,0.0,0.0
F,0.0,0.0,0.0,0.0
F,0.0,0.0,0.0,0.0
F,0.0,0.0,0.0,0.0
F,0.0,0.0,0.0,0.0
F,0.0,0.0,0.0,0.0
F,0.0,0.0,0.0,0.0
F,-0.00554849,0.0,0.0,-0.00554849
F,0.0,0.0,0.0,0.0
F,0.0,0.0,0.0,0.0
F,0.0150194,0.0,0.0,0.0150194
F,0.0,0.0,0.0,0.0
F,0.0,0.0,0.0,0.0
F,0.0,0.0,0.0,0.0
F,0.0,0.0,0.0,0.0
F,-0.0221904,0.0,0.0,-0.0221904
F,0.0,0.0,0.0,0.0
F,0.0641995,0.0,0.0,0.0641995
F,0.0,0.0,0.0,0.0
F,0.0,0.0,0.0,0.0
F,0.0,0.0,0.0,0.0
F,0.0,0.0,0.0,0.0
F,0.0,0.0,0.0,0.0
F,0.0,0.0,0.0,0.0
F,0.0,0.0,0.0,0.0
F,0.041146,0.0,0.0,0.041146
F,0.0,0.0,0.0,0.0
F,0.090573,0.0,0.0,0.090573
F,0.0,0.0,0.0,0.0
F,0.0,0.0,0.0,0.0
F,0.0,0.0,0.0,0.0
F,0.0,0.0,0.0,0.0
F,0.0,0.0,0.0,0.0
F,0.0,0.0,0.0,0.0
F,0.0,0.0,0.0,0.0
F,0.0,0.0,0.0,0.0
F,0.0,0.0,0.0,0.0
F,0.0,0.0,0.0,0.0
F,0.0,0.0,0.0,0.0
F,0.0,0.0,0.0,0.0
F,0.0,0.0,0.0,0.0
F,0.0,0.0,0.0,0.0
F,0.0,0.0,0.0,0.0
F,0.0,0.0,0.0,0.0
F,0.0,0.0,0.0,0.0
F,0.0,0.0,0.0,0.0
F,0.0,0.0242625,0.0242625,0.0242625
F,0.0,0.0,0.0,0.0
F,0.0,0.0,0.0,0.0
F,0.0,0.0,0.0,0.0
F,0.0,0.0,0.0,0.0
F,-0.0155006,0.0,0.0,-0.0155006
F,0.0,0.0,0.0,0.0
F,0.0,0.0,0.0,0.0
F,0.0,0.0,0.0,0.0
F,0.0,0.0,0.0,0.0
F,0.0,0.0,0.0,0.0
F,0.0,0.0,0.0,0.0
F,-0.0272775,0.0,0.0,-0.0272775
F,0.0,0.0,0.0,0.0
F,0.0,0.0,0.0,0.0
F,0.0,0.0,0.0,0.0
F,0.0,0.0,0.0,0.0
F,0.0,0.0,0.0,0.0
F,0.0,0.0,0.0,0.0
F,0.0,0.0,0.0,0.0
F,0.0,0.0,0.0,0.0
F,0.0,0.0,0.0,0.0
F,0.0,0.0,0.0,0.0
F,0.0,0.0,0.0,0.0
F,0.0,0.0,0.0,0.0
F,0.0188733,0.0,0.0,0.0188733
F,0.0344263,0.0,0.0,0.0344263
F,0.0,0.0,0.0,0.0
F,0.0,0.0,0.0,0.0
F,-0.0316313,0.0,0.0,-0.0316313
F,0.0,0.0,0.0,0.0
F,0.120919,0.0,0.0,0.120919
F,0.0,0.0,0.0,0.0
F,0.0,0.0,0.0,0.0
F,0.0,0.0,0.0,0.0
F,0.0,0.0,0.0,0.0
F,0.0,0.0,0.0,0.0
F,0.0,0.0,0.0,0.0
F,0.0,0.0,0.0,0.0
F,0.0,0.0,0.0,0.0
F,0.0,0.0,0.0,0.0
F,0.0,0.0,0.0,0.0
F,0.0,0.0,0.0,0.0
F,0.0,0.0,0.0,0.0
F,0.0,0.0,0.0,0.0
F,0.0,0.0,0.0,0.0
F,0.0,0.0,0.0,0.0
F,0.0,0.0,0.0,0.0
F,0.0,0.0,0.0,0.0
F,0.0,0.0,0.0,0.0
F,0.0,0.0,0.0,0.0
F,0.0,0.0,0.0,0.0
F,0.0110854,0.0,0.0,0.0110854
F,0.0,0.0,0.0,0.0
F,0.0,0.0,0.0,0.0
F,0.0,0.0,0.0,0.0
F,0.0,0.0,0.0,0.0
F,0.0,0.0,0.0,0.0
F,0.0,0.0,0.0,0.0
F,0.0,0.0,0.0,0.0
F,0.0,0.0,0.0,0.0
F,0.0,0.0,0.0,0.0
F,0.0,0.0,0.0,0.0
F,0.0,0.0,0.0,0.0
F,0.0,0.0,0.0,0.0
F,0.0,0.0,0.0,0.0
F,0.0159482,0.0,0.0,0.0159482
F,0.0,0.0,0.0,0.0
F,0.0,0.0,0.0,0.0
F,0.0,0.0,0.0,0.0
F,0.0,0.0,0.0,0.0
F,0.0,0.0,0.0,0.0
F,0.0,0.0,0.0,0.0
F,-0.00483856,0.0,0.0,-0.00483856
F,0.0,0.0,0.0,0.0
F,0.0,0.0,0.0,0.0
F,0.0,0.0,0.0,0.0
F,0.0,0.0,0.0,0.0
F,0.0,0.0,0.0,0.0
F,0.0,0.0,0.0,0.0
F,0.0,0.0,0.0,0.0
F,0.0,0.0,0.0,0.0
F,0.0,0.0,0.0,0.0
F,0.0,0.0,0.0,0.0
F,0.0,0.0,0.0,0.0
F,-0.0139814,0.0,0.0,-0.0139814
F,0.0,0.0,0.0,0.0
F,0.0240331,0.0,0.0,0.0240331
F,0.0,0.0,0.0,0.0
F,0.0,0.0,0.0,0.0
F,0.0,0.0,0.0,0.0
F,0.0,0.0,0.0,0.0
F,0.0,0.0,0.0,0.0
F,0.0,0.0,0.0,0.0
F,0.0814314,0.0,0.0,0.0814314
F,0.0,0.0,0.0,0.0
F,0.0,0.0,0.0,0.0
F,0.0,0.0,0.0,0.0
F,0.133257,0.0,0.0,0.133257
F,0.0,0.0,0.0,0.0
F,0.0,0.0,0.0,0.0
F,0.0,0.0,0.0,0.0
F,0.0,0.0,0.0,0.0
F,0.0,0.0,0.0,0.0
F,0.0,0.0,0.0,0.0
F,-0.051201,0.0,0.0,-0.051201
F,0.0,0.0,0.0,0.0
F,0.0,0.0,0.0,0.0
F,0.0,0.0,0.0,0.0
F,0.0,0.0,0.0,0.0
F,0.0,0.0,0.0,0.0
F,0.0,0.0,0.0,0.0
F,0.0,0.0,0.0,0.0
F,0.0,0.0,0.0,0.0
F,0.0,0.0,0.0,0.0
F,0.00615808,0.0,0.0,0.00615808
F,0.0441144,0.0,0.0,0.0441144
F,0.0,0.0,0.0,0.0
F,0.0,0.0,0.0,0.0
F,0.0,0.0,0.0,0.0
F,0.0,0.0,0.0,0.0
F,0.0,0.0,0.0,0.0
F,0.0,0.0,0.0,0.0
F,0.0,0.0,0.0,0.0
F,0.0,0.0,0.0,0.0
F,0.0,0.0,0.0,0.0
F,0.0,0.0,0.0,0.0
F,0.0,0.0,0.0,0.0
F,0.0,0.0,0.0,0.0
F,0.0,0.0,0.0,0.0
F,0.0,0.0,0.0,0.0
F,0.0,0.0,0.0,0.0
F,0.0,0.0,0.0,0.0
F,0.0,0.0,0.0,0.0
F,0.0,0.0,0.0,0.0
F,0.0,0.0,0.0,0.0
F,0.0,0.0,0.0,0.0
F,0.0,0.0,0.0,0.0
F,0.0,0.0,0.0,0.0
F,0.0,0.0,0.0,0.0
F,0.0,0.0,0.0,0.0
F,0.0,0.0,0.0,0.0
F,0.0,0.0,0.0,0.0
F,0.0,0.0,0.0,0.0
F,0.0,0.0,0.0,0.0
F,0.0,0.0,0.0,0.0
F,0.00072639,0.0,0.0,0.00072639
F,0.0,0.0,0.0,0.0
F,0.0,0.0,0.0,0.0
F,0.0210395,0.0,0.0,0.0210395
F,-0.0256783,0.0,0.0,-0.0256783
F,0.0,0.0,0.0,0.0
F,0.0,0.0,0.0,0.0
F,-0.0221904,0.0,0.0,-0.0221904
F,0.0,0.0,0.0,0.0
F,0.0,0.0,0.0,0.0
F,0.0,0.0,0.0,0.0
F,0.0,0.0,0.0,0.0
F,0.0,0.0,0.0,0.0
F,0.0,0.0,0.0,0.0
F,0.0,0.0,0.0,0.0
F,-0.0466118,0.0,0.0,-0.0466118
F,0.0,0.0,0.0,0.0
F,0.0,0.0,0.0,0.0
F,0.0,0.0,0.0,0.0
F,0.0,0.0,0.0,0.0
F,0.0,0.0,0.0,0.0
F,0.0,0.0,0.0,0.0
F,0.0,0.0,0.0,0.0
F,0.0,0.0,0.0,0.0
F,0.0,0.0,0.0,0.0
F,0.0,0.0,0.0,0.0
F,0.101637,0.0,0.0,0.101637
F,0.0,0.0,0.0,0.0
F,0.0,0.0,0.0,0.0
F,0.0,0.0,0.0,0.0
F,0.0111299,0.0,0.0,0.0111299
F,0.0,0.0,0.0,0.0
F,0.0,0.0,0.0,0.0
F,0.0217953,0.0,0.0,0.0217953
F,0.0,0.0,0.0,0.0
F,0.0,0.0,0.0,0.0
F,0.0,0.0,0.0,0.0
F,0.0,0.0,0.0,0.0
F,0.0,0.0,0.0,0.0
F,0.0,0.0,0.0,0.0
F,0.0,0.0,0.0,0.0
F,0.0,0.0,0.0,0.0
F,0.0,0.0,0.0,0.0
F,0.0581522,0.0,0.0,0.0581522
F,0.0,0.0,0.0,0.0
F,0.0,0.0,0.0,0.0
F,0.0,0.0,0.0,0.0
F,0.0,0.0,0.0,0.0
F,0.0,0.0,0.0,0.0
F,0.0,0.0,0.0,0.0
F,0.0,0.0,0.0,0.0
F,0.0,0.0,0.0,0.0
F,0.0,0.0,0.0,0.0
F,0.0,0.0,0.0,0.0
F,0.0,0.0,0.0,0.0
F,0.0,0.0,0.0,0.0
F,0.00552197,0.0,0.0,0.00552197
F,0.0,0.0,0.0,0.0
F,0.0,0.0,0.0,0.0
F,-0.0838312,0.0,0.0,-0.0838312
F,0.0,0.0,0.0,0.0
F,0.0,0.0,0.0,0.0
F,0.0,0.0,0.0,0.0
F,0.0,0.0,0.0,0.0
F,0.0,0.0,0.0,0.0
F,0.0,0.0,0.0,0.0
F,0.0196773,0.0,0.0,0.0196773
F,-0.0295424,0.0,0.0,-0.0295424
F,0.0,0.0,0.0,0.0
F,0.0,0.0,0.0,0.0
F,0.0,0.0,0.0,0.0
F,-0.0353407,0.0,0.0,-0.0353407
F,0.0,0.0,0.0,0.0
F,0.0,0.0,0.0,0.0
F,0.0,0.0,0.0,0.0
F,-0.101804,0.0,0.0,-0.101804
F,0.0,0.0,0.0,0.0
F,0.0734344,0.0,0.0,0.0734344
F,0.0,0.0,0.0,0.0
F,0.0,0.0,0.0,0.0
F,0.0,0.0,0.0,0.0
F,0.0,0.0,0.0,0.0
F,0.0,0.0,0.0,0.0
F,0.0,0.0,0.0,0.0
F,0.0,0.0,0.0,0.0
F,0.0,0.0,0.0,0.0
F,0.0,0.0,0.0,0.0
F,0.0,0.0,0.0,0.0
F,0.0,0.0,0.0,0.0
F,0.0,0.0,0.0,0.0
F,0.0,0.0,0.0,0.0
F,0.0,0.0,0.0,0.0
F,-0.0621068,0.0,0.0,-0.0621068
F,0.0,0.0,0.0,0.0
F,0.0,0.0,0.0,0.0
F,0.0,0.0,0.0,0.0
F,0.0,0.0,0.0,0.0
F,0.0,0.0,0.0,0.0
F,0.0,0.0,0.0,0.0
F,0.0,0.0,0.0,0.0
F,0.0,0.0,0.0,0.0
F,-0.036965,0.0,0.0,-0.036965
F,0.0,0.0,0.0,0.0
F,0.0,0.0,0.0,0.0
F,-0.0238793,0.0,0.0,-0.0238793
F,0.0,0.0,0.0,0.0
F,0.0,0.0,0.0,0.0
F,0.0,0.0,0.0,0.0
F,0.0,0.0,0.0,0.0
F,-0.00298768,0.0,0.0,-0.00298768
F,-0.0166803,0.0,0.0,-0.0166803
F,0.0,0.0,0.0,0.0
F,0.0,0.0,0.0,0.0
F,0.0420806,0.0,0.0,0.0420806
F,0.0,0.0,0.0,0.0
F,0.0,0.0,0.0,0.0
F,0.0,0.0,0.0,0.0
F,0.0,0.0,0.0,0.0
F,0.0,0.0,0.0,0.0
F,0.0,0.0,0.0,0.0
F,0.0,0.0,0.0,0.0
F,0.0,0.0,0.0,0.0
F,0.0,0.0,0.0,0.0
F,0.0,0.0,0.0,0.0
F,0.0,0.0,0.0,0.0
F,-0.0357666,0.0,0.0,-0.0357666
F,0.0,0.0,0.0,0.0
F,0.0,0.0,0.0,0.0
F,0.0,0.0,0.0,0.0
F,0.0,0.0,0.0,0.0
F,0.0,0.0,0.0,0.0
F,0.0,0.0,0.0,0.0
F,0.0,0.0,0.0,0.0
F,0.0,0.0,0.0,0.0
F,0.0,0.0,0.0,0.0
F,0.0,0.0,0.0,0.0
F,0.0,-0.0156155,-0.0156155,-0.0156155
F,0.0,0.0,0.0,0.0
F,0.0,0.0,0.0,0.0
F,-0.00663616,0.0,0.0,-0.00663616
F,0.0505461,0.0,0.0,0.0505461
F,-0.010778,0.0,0.0,-0.010778
F,0.0362361,0.0,0.0,0.0362361
F,0.0,0.0,0.0,0.0
F,0.0,0.0,0.0,0.0
F,0.0,0.0,0.0,0.0
F,0.0122004,0.0,0.0,0.0122004
F,0.0,0.0,0.0,0.0
F,0.0,0.0,0.0,0.0
F,0.0,0.0,0.0,0.0
F,0.0,0.0,0.0,0.0
F,-0.0842714,0.0,0.0,-0.0842714
F,0.0,0.0,0.0,0.0
F,0.0,0.0,0.0,0.0
F,0.0,0.0,0.0,0.0
F,0.0383579,0.0,0.0,0.0383579
F,0.0,0.0,0.0,0.0
F,0.0,0.0,0.0,0.0
F,0.0,0.0,0.0,0.0
F,0.0,0.0,0.0,0.0
F,0.0,0.0,0.0,0.0
F,0.0,0.0,0.0,0.0
F,0.0,0.0,0.0,0.0
F,0.0,0.0,0.0,0.0
F,0.0,0.0,0.0,0.0
F,0.0,0.0,0.0,0.0
F,0.0212704,0.0,0.0,0.0212704
F,0.0,0.0,0.0,0.0
F,-0.0694685,0.0,0.0,-0.0694685
F,0.0296656,0.0,0.0,0.0296656
F,0.0,0.0,0.0,0.0
F,0.0,0.0,0.0,0.0
F,-0.209967,0.0,0.0,-0.209967
F,0.0,0.0,0.0,0.0
F,0.0,0.0,0.0,0.0
F,0.0,0.0,0.0,0.0
F,0.0,0.0,0.0,0.0
F,0.0,0.0,0.0,0.0
F,0.0,0.0,0.0,0.0
F,-0.039965,0.0,0.0,-0.039965
F,0.0,0.0,0.0,0.0
F,-0.0672512,0.0,0.0,-0.0672512
F,-0.0380926,0.0,0.0,-0.0380926
F,0.0,0.0,0.0,0.0
F,0.0940863,0.0,0.0,0.0940863
F,0.0,0.0,0.0,0.0
F,0.0,0.0,0.0,0.0
F,0.0,0.0,0.0,0.0
F,0.0,0.0,0.0,0.0
F,0.0,0.0,0.0,0.0
F,0.0071364,0.0,0.0,0.0071364
F,0.0,0.0,0.0,0.0
F,0.0,0.0,0.0,0.0
F,0.0,0.0,0.0,0.0
F,0.0,0.0,0.0,0.0
F,0.0344263,0.0,0.0,0.0344263
F,0.0,0.0,0.0,0.0
F,0.0,0.0,0.0,0.0
F,0.00546724,0.0,0.0,0.00546724
F,0.0,0.0,0.0,0.0
F,0.0,0.0,0.0,0.0
F,0.0,0.0,0.0,0.0
F,0.0,0.0,0.0,0.0
F,0.0,0.0,0.0,0.0
F,-0.0089809,0.0,0.0,-0.0089809
F,0.0,0.0,0.0,0.0
F,0.0,0.0,0.0,0.0
F,0.0,0.0,0.0,0.0
F,0.0,0.0,0.0,0.0
F,0.0,0.0,0.0,0.0
F,-0.0466118,0.0,0.0,-0.0466118
F,0.0,0.0,0.0,0.0
F,0.0,0.0,0.0,0.0
F,-0.0672512,0.0,0.0,-0.0672512
F,0.0,0.0,0.0,0.0
F,-0.0237442,0.0,0.0,-0.0237442
F,0.0,0.0,0.0,0.0
F,0.0,0.0,0.0,0.0
F,0.0,0.0,0.0,0.0
F,0.0,0.0,0.0,0.0
F,0.0,0.0,0.0,0.0
F,0.0,0.0,0.0,0.0
F,0.0,0.0,0.0,0.0
F,-0.0221904,0.0,0.0,-0.0221904
F,0.0,0.0,0.0,0.0
F,0.0,0.0,0.0,0.0
F,0.0,0.0,0.0,0.0
F,0.0,0.0,0.0,0.0
F,0.0,0.0,0.0,0.0
F,0.0,0.0,0.0,0.0
F,0.0,0.0,0.0,0.0
F,0.114244,0.0,0.0,0.114244
F,0.0,0.0,0.0,0.0
F,0.0,0.0,0.0,0.0
F,0.0,0.0,0.0,0.0
F,0.0,0.0,0.0,0.0
F,0.0,0.0,0.0,0.0
F,0.0,0.0,0.0,0.0
F,0.0,0.0,0.0,0.0
F,0.0,0.0,0.0,0.0
F,0.0,0.0,0.0,0.0
F,0.0,0.0,0.0,0.0
F,-0.0299857,0.0,0.0,-0.0299857
F,-0.0154534,0.0,0.0,-0.0154534
F,0.0511236,0.0,0.0,0.0511236
F,0.0,0.0,0.0,0.0
F,-0.0166803,0.0,0.0,-0.0166803
F,0.0,0.0,0.0,0.0
F,0.0,0.0,0.0,0.0
F,0.0,0.0,0.0,0.0
F,-0.0516559,0.0,0.0,-0.0516559
F,0.0,0.0,0.0,0.0
F,0.0,0.0,0.0,0.0
F,0.0,0.0,0.0,0.0
F,-0.00230062,0.0,0.0,-0.00230062
F,0.0,0.0,0.0,0.0
F,0.0,0.0,0.0,0.0
F,0.0,0.0,0.0,0.0
F,0.0,0.0,0.0,0.0
F,0.00769895,0.0,0.0,0.00769895
F,0.0,0.0,0.0,0.0
F,0.0,0.0,0.0,0.0
F,-0.00433699,0.0,0.0,-0.00433699
F,0.0,0.0,0.0,0.0
F,0.0,0.0,0.0,0.0
F,0.0,0.0,0.0,0.0
F,-0.0867756,0.0,0.0,-0.0867756
F,0.0,0.0,0.0,0.0
F,-0.0139814,0.0,0.0,-0.0139814
F,0.0,0.0,0.0,0.0
F,-0.0801797,0.0,0.0,-0.0801797
F,0.0,0.0,0.0,0.0
F,0.0,0.0,0.0,0.0
F,0.0,0.0,0.0,0.0
F,-0.0341368,0.0,0.0,-0.0341368
F,0.0,0.0,0.0,0.0
F,-0.0376798,0.0,0.0,-0.0376798
F,0.0,0.0,0.0,0.0
F,0.0,0.0,0.0,0.0
F,0.0,0.0,0.0,0.0
F,0.0,0.0,0.0,0.0
F,0.0,0.0,0.0,0.0
F,-0.0315886,0.0,0.0,-0.0315886
F,0.0,0.0,0.0,0.0
F,0.0,0.0,0.0,0.0
F,0.0,0.0,0.0,0.0
F,0.0,0.0,0.0,0.0
F,0.0,0.0,0.0,0.0
F,0.0,0.0,0.0,0.0
F,-0.0389072,0.0,0.0,-0.0389072
F,0.0,0.0,0.0,0.0
F,-0.0242955,0.0765248,0.0765248,0.0522293
F,0.0,0.0,0.0,0.0
F,0.0,0.0,0.0,0.0
F,0.0,0.0,0.0,0.0
F,0.0,0.0,0.0,0.0
F,0.0,0.0,0.0,0.0
F,-0.00650002,0.0,0.0,-0.00650002
F,0.0,0.0,0.0,0.0
F,0.0,0.0,0.0,0.0
F,0.0,0.0,0.0,0.0
F,0.0,0.0,0.0,0.0
F,0.0,0.0,0.0,0.0
F,0.0,0.0,0.0,0.0
F,0.0207651,0.0,0.0,0.0207651
F,0.0,0.0,0.0,0.0
F,0.0,0.0,0.0,0.0
F,0.0,0.0,0.0,0.0
F,0.0,0.0,0.0,0.0
F,0.0,0.0,0.0,0.0
F,0.0,0.0,0.0,0.0
F,0.0,0.0,0.0,0.0
F,0.0,0.0,0.0,0.0
F,0.0,0.0,0.0,0.0
F,0.0,0.0,0.0,0.0
F,0.0,0.0,0.0,0.0
F,0.0,0.0,0.0,0.0
F,0.0,0.0,0.0,0.0
F,0.0,0.0,0.0,0.0
F,0.00932516,0.0,0.0,0.00932516
F,0.0,0.0,0.0,0.0
F,0.0,0.0,0.0,0.0
F,-0.101804,0.0,0.0,-0.101804
F,0.0,0.0,0.0,0.0
F,0.0,0.0,0.0,0.0
F,0.0,0.0,0.0,0.0
F,0.0,0.0,0.0,0.0
F,0.0,0.0,0.0,0.0
F,0.0,0.0,0.0,0.0
F,0.0,0.0,0.0,0.0
F,0.0,0.0,0.0,0.0
F,0.0,0.0,0.0,0.0
F,0.0,0.0,0.0,0.0
F,0.0,0.0,0.0,0.0
F,0.0,0.0,0.0,0.0
F,0.0,0.0,0.0,0.0
F,0.0,0.0,0.0,0.0
F,0.0,0.0,0.0,0.0
F,0.0,0.0,0.0,0.0
F,0.0,0.0,0.0,0.0
F,0.0,0.0,0.0,0.0
F,-0.0744221,0.0,0.0,-0.0744221
F,0.0,0.0,0.0,0.0
F,0.0,0.0,0.0,0.0
F,0.0,0.0,0.0,0.0
F,0.0,0.0,0.0,0.0
F,0.0,0.0,0.0,0.0
F,0.0,0.0,0.0,0.0
F,0.0,0.0,0.0,0.0
F,0.0,0.0,0.0,0.0
F,0.0412179,0.0,0.0,0.0412179
F,0.0,0.0,0.0,0.0
F,0.0,0.0,0.0,0.0
F,0.0,0.0,0.0,0.0
F,-0.041677,0.0,0.0,-0.041677
F,0.0,0.0,0.0,0.0
F,0.0,0.0,0.0,0.0
F,0.0735586,0.0,0.0,0.0735586
F,0.0,0.0,0.0,0.0
F,0.0,0.0,0.0,0.0
F,0.0,0.0,0.0,0.0
F,0.0,0.0,0.0,0.0
F,0.0413425,0.0,0.0,0.0413425
F,0.134402,0.0,0.0,0.134402
F,0.0,0.0,0.0,0.0
F,0.0,0.0,0.0,0.0
F,0.0,0.0,0.0,0.0
F,0.0,0.0,0.0,0.0
F,0.0,0.0,0.0,0.0
F,0.0,0.0,0.0,0.0
F,0.0,0.0,0.0,0.0
F,0.0,0.0,0.0,0.0
F,0.0,0.0,0.0,0.0
F,0.0,0.0,0.0,0.0
F,0.0,0.0,0.0,0.0
F,0.00186028,0.0,0.0,0.00186028
F,0.0355585,0.0,0.0,0.0355585
F,0.0,0.0,0.0,0.0
F,0.0,0.0,0.0,0.0
F,0.0,0.0,0.0,0.0
F,-0.0101927,0.0,0.0,-0.0101927
F,0.0,0.0,0.0,0.0
F,0.0,0.0,0.0,0.0
F,0.0,0.0,0.0,0.0
F,0.0,0.0,0.0,0.0
F,0.0,0.0,0.0,0.0
F,0.0,0.0,0.0,0.0
F,0.0,0.0,0.0,0.0
F,0.0,0.0,0.0,0.0
F,0.0355585,0.0,0.0,0.0355585
F,0.0,0.0,0.0,0.0
F,0.0,0.0,0.0,0.0
F,-0.0587229,0.0,0.0,-0.0587229
F,0.0,0.0,0.0,0.0
F,0.0,0.0,0.0,0.0
F,0.0,0.0,0.0,0.0
F,0.0,0.0,0.0,0.0
F,0.0,0.0,0.0,0.0
F,0.0,0.0,0.0,0.0
F,0.176617,0.0,0.0,0.176617
F,0.0,0.0,0.0,0.0
F,0.0,0.0,0.0,0.0
F,0.0,0.0,0.0,0.0
F,0.0,0.0,0.0,0.0
F,0.0,0.0,0.0,0.0
F,0.0,0.0,0.0,0.0
F,0.0,0.0,0.0,0.0
F,0.0,0.0,0.0,0.0
F,0.0,0.0,0.0,0.0
F,0.0,0.0,0.0,0.0
F,0.0,0.0,0.0,0.0
F,0.0,0.0,0.0,0.0
F,0.0,0.0,0.0,0.0
F,0.0,0.0,0.0,0.0
F,0.0,0.0,0.0,0.0
F,0.0,0.0,0.0,0.0
F,0.0,0.0,0.0,0.0
F,0.0,0.0,0.0,0.0
F,0.0,0.0,0.0,0.0
F,0.0,0.0,0.0,0.0
F,0.0,0.0,0.0,0.0
F,0.0,0.0,0.0,0.0
F,0.0,0.0,0.0,0.0
F,0.0,0.0,0.0,0.0
F,0.0,0.0,0.0,0.0
F,0.0,0.0,0.0,0.0
F,0.0,0.0,0.0,0.0
F,0.0,0.0,0.0,0.0
F,0.0,0.0,0.0,0.0
F,0.0,0.0,0.0,0.0
F,0.0,0.0,0.0,0.0
F,0.0,0.0,0.0,0.0
F,-0.0266709,0.0,0.0,-0.0266709
F,0.0,0.0,0.0,0.0
F,0.0,0.0,0.0,0.0
F,0.0,0.0,0.0,0.0
F,0.0,0.0,0.0,0.0
F,0.0,0.0,0.0,0.0
F,0.0,0.0,0.0,0.0
F,0.0,0.0,0.0,0.0
F,0.0,0.0,0.0,0.0
F,0.0,0.0,0.0,0.0
F,0.0,0.0,0.0,0.0
F,0.0203424,0.0,0.0,0.0203424
F,0.0309726,0.0,0.0,0.0309726
F,0.0,0.0,0.0,0.0
F,0.0,0.0,0.0,0.0
F,0.0,0.0,0.0,0.0
F,0.0,0.0,0.0,0.0
F,0.0,0.0,0.0,0.0
F,0.0,0.0,0.0,0.0
F,0.0,0.0,0.0,0.0
F,0.0,0.0,0.0,0.0
F,0.0,-0.0891052,-0.0891052,-0.0891052
F,0.0656857,0.0,0.0,0.0656857
F,-0.0780411,0.0,0.0,-0.0780411
F,0.0,0.0,0.0,0.0
F,0.0,0.0,0.0,0.0
F,0.0,0.0,0.0,0.0
F,0.0,0.0,0.0,0.0
F,0.0,0.0,0.0,0.0
F,0.0,0.0,0.0,0.0
F,0.0,0.0,0.0,0.0
F,0.0,0.0,0.0,0.0
F,-0.0265671,0.0,0.0,-0.0265671
F,0.0,0.0,0.0,0.0
F,0.0,0.0,0.0,0.0
F,-0.0779498,0.0,0.0,-0.0779498
F,0.0,0.0,0.0,0.0
F,0.0,0.0,0.0,0.0
F,0.0,0.0,0.0,0.0
F,0.0,0.0,0.0,0.0
F,-0.0101927,0.0,0.0,-0.0101927
F,0.0,0.0,0.0,0.0
F,0.0,0.0,0.0,0.0
F,-0.0744221,0.0,0.0,-0.0744221
F,0.0,0.0,0.0,0.0
F,0.133257,0.0,0.0,0.133257
F,0.0,0.0,0.0,0.0
F,-0.0761411,0.0,0.0,-0.0761411
F,0.0,0.0,0.0,0.0
F,0.0,0.0,0.0,0.0
F,0.0,0.0,0.0,0.0
F,0.00656875,0.0,0.0,0.00656875
F,0.0,0.0,0.0,0.0
F,0.0,0.0,0.0,0.0
F,0.0,0.0,0.0,0.0
F,0.0,0.0,0.0,0.0
F,0.0150194,0.0,0.0,0.0150194
F,0.0,0.0,0.0,0.0
F,0.0774334,0.0,0.0,0.0774334
F,0.0,0.0,0.0,0.0
F,0.0,0.0,0.0,0.0
F,0.0,0.0,0.0,0.0
F,0.0,0.0,0.0,0.0
F,0.0,0.0,0.0,0.0
F,0.0,0.0,0.0,0.0
F,0.0,0.0,0.0,0.0
F,0.0,0.0,0.0,0.0
F,0.0,0.0,0.0,0.0
F,0.0571157,0.0,0.0,0.0571157
F,0.0,0.0,0.0,0.0
F,0.0386447,0.0,0.0,0.0386447
F,0.0,0.0,0.0,0.0
F,0.0,0.0,0.0,0.0
F,0.0,0.0,0.0,0.0
F,0.0,0.0,0.0,0.0
F,0.0,0.0,0.0,0.0
F,0.0,0.0,0.0,0.0
F,0.0,0.0,0.0,0.0
F,0.0,0.0,0.0,0.0
F,0.0,0.0,0.0,0.0
F,0.0,0.0,0.0,0.0
F,0.0,0.0,0.0,0.0
F,0.0,0.0,0.0,0.0
F,0.0,0.0,0.0,0.0
F,0.0,0.0,0.0,0.0
F,0.0,0.0,0.0,0.0
F,0.0,0.0,0.0,0.0
F,0.0,0.0,0.0,0.0
F,0.0,0.0,0.0,0.0
F,0.0,0.06488,0.06488,0.06488
F,0.0,0.0,0.0,0.0
F,-0.0648665,0.0,0.0,-0.0648665
F,0.0,0.0,0.0,0.0
F,0.0,0.0,0.0,0.0
F,0.0,0.0,0.0,0.0
F,0.0,0.0,0.0,0.0
F,0.0,0.0,0.0,0.0
F,0.0,0.0,0.0,0.0
F,0.0,0.0,0.0,0.0
F,0.0,0.0,0.0,0.0
F,0.0,0.0,0.0,0.0
F,0.0,0.0,0.0,0.0
F,-0.0231606,0.0,0.0,-0.0231606
F,0.0,0.0,0.0,0.0
F,0.0,0.0,0.0,0.0
F,0.0,0.0,0.0,0.0
F,0.0,0.0,0.0,0.0
F,0.0,0.0,0.0,0.0
F,0.0,0.0,0.0,0.0
F,0.0,0.0,0.0,0.0
F,0.0,0.0,0.0,0.0
F,0.0,0.0,0.0,0.0
F,0.0,0.0,0.0,0.0
F,0.0,0.0,0.0,0.0
F,0.0,0.0,0.0,0.0
F,0.0,0.0,0.0,0.0
F,0.0,0.0,0.0,0.0
F,0.0,0.0,0.0,0.0
F,0.0,0.0,0.0,0.0
F,0.00791029,0.0,0.0,0.00791029
F,0.0,0.0,0.0,0.0
F,0.0,0.0,0.0,0.0
F,0.0,0.0,0.0,0.0
F,0.0,0.0,0.0,0.0
F,0.0,0.0,0.0,0.0
F,0.0,0.0,0.0,0.0
F,-0.00912809,0.0,0.0,-0.00912809
F,0.0,0.0,0.0,0.0
F,0.0,0.0,0.0,0.0
F,0.0,0.0,0.0,0.0
F,0.0,0.0,0.0,0.0
F,0.0,0.0,0.0,0.0
F,0.0,0.0,0.0,0.0
F,0.0042423,0.0,0.0,0.0042423
F,0.0,0.0,0.0,0.0
F,0.0,0.0,0.0,0.0
F,0.0131432,0.0,0.0,0.0131432
F,0.0,0.0,0.0,0.0
F,-0.00787582,0.0,0.0,-0.00787582
F,0.0,0.0,0.0,0.0
F,0.0,0.0,0.0,0.0
F,0.0,0.0,0.0,0.0
F,-0.0357666,0.0,0.0,-0.0357666
F,-0.030135,0.0,0.0,-0.030135
F,0.0,0.0,0.0,0.0
F,-0.00912809,0.0,0.0,-0.00912809
F,0.0,0.0,0.0,0.0
F,0.0183904,0.0,0.0,0.0183904
F,0.0,0.0,0.0,0.0
F,0.0,0.0,0.0,0.0
F,0.0,0.0,0.0,0.0
F,0.0,0.0,0.0,0.0
F,0.0,0.0,0.0,0.0
F,0.0,0.0,0.0,0.0
F,0.0,0.0,0.0,0.0
F,0.0,0.0,0.0,0.0
F,0.0,0.0,0.0,0.0
F,-0.0761513,0.0,0.0,-0.0761513
F,0.0,0.0,0.0,0.0
F,0.00345834,0.0,0.0,0.00345834
F,0.0,0.0,0.0,0.0
F,0.0,0.0,0.0,0.0
F,0.0,0.0,0.0,0.0
F,0.0,0.0,0.0,0.0
F,0.0225846,0.0,0.0,0.0225846
F,0.0605241,0.0,0.0,0.0605241
F,-0.0221904,0.0,0.0,-0.0221904
F,-0.00433699,0.0,0.0,-0.00433699
F,0.0183805,0.0,0.0,0.0183805
F,0.0,0.0,0.0,0.0
F,0.0,0.0,0.0,0.0
F,0.0,0.0,0.0,0.0
F,0.0,0.0,0.0,0.0
F,-0.0944185,0.0,0.0,-0.0944185
F,0.0,0.0,0.0,0.0
F,0.0,0.0,0.0,0.0
F,0.0612502,0.0,0.0,0.0612502
F,0.0131432,0.0,0.0,0.0131432
F,0.0,0.0,0.0,0.0
F,0.0,0.0,0.0,0.0
F,0.0,0.0,0.0,0.0
F,0.0,0.0,0.0,0.0
F,0.0,0.0,0.0,0.0
F,0.0,0.0,0.0,0.0
F,0.0,0.0,0.0,0.0
F,0.000486691,0.0,0.0,0.000486691
F,0.0,0.0,0.0,0.0
F,0.0,0.0,0.0,0.0
F,0.0,0.0,0.0,0.0
F,0.0,0.0,0.0,0.0
F,0.0,0.0,0.0,0.0
F,0.0,0.0,0.0,0.0
F,0.0,0.0,0.0,0.0
F,0.0210395,0.0,0.0,0.0210395
F,-0.0231606,0.0,0.0,-0.0231606
F,0.0,0.0,0.0,0.0
F,0.0,0.0,0.0,0.0
F,0.0,0.0,0.0,0.0
F,0.0,0.0,0.0,0.0
F,0.0,0.0,0.0,0.0
F,0.0,0.0,0.0,0.0
F,0.0,0.0,0.0,0.0
F,0.0,0.0,0.0,0.0
F,0.116778,0.0,0.0,0.116778
F,0.0,0.0,0.0,0.0
F,0.0,0.0,0.0,0.0
F,0.0,0.0,0.0,0.0
F,0.0,0.0,0.0,0.0
F,0.0,0.0,0.0,0.0
F,0.0,0.0,0.0,0.0
F,0.0,0.0,0.0,0.0
F,-0.0785042,0.0,0.0,-0.0785042
F,0.0,0.0,0.0,0.0
F,0.0,0.0,0.0,0.0
F,-0.0392345,0.0,0.0,-0.0392345
F,0.0,0.0,0.0,0.0
F,0.0,0.0,0.0,0.0
F,-0.0895364,0.0,0.0,-0.0895364
F,0.0,0.0,0.0,0.0
F,0.0568625,0.0,0.0,0.0568625
F,0.0,0.0,0.0,0.0
F,0.0,0.0,0.0,0.0
F,0.0,0.0,0.0,0.0
F,0.0,0.0,0.0,0.0
F,0.00932516,0.0,0.0,0.00932516
F,-0.0598021,0.0,0.0,-0.0598021
F,0.0,0.0,0.0,0.0
F,0.0,0.0,0.0,0.0
F,0.0408703,0.0,0.0,0.0408703
F,0.0,0.0,0.0,0.0
F,0.0,0.0,0.0,0.0
F,0.0255746,0.0,0.0,0.0255746
F,-0.1451,0.0,0.0,-0.1451
F,0.0,0.0,0.0,0.0
F,0.0,0.0,0.0,0.0
F,0.0,0.0,0.0,0.0
F,0.0,0.0,0.0,0.0
F,0.0,0.0,0.0,0.0
F,0.0,0.0,0.0,0.0
F,-0.0308263,0.0,0.0,-0.0308263
F,0.0,0.0,0.0,0.0
F,0.0,0.0,0.0,0.0
F,0.0,0.0,0.0,0.0
F,0.0,0.0,0.0,0.0
F,0.0,0.0,0.0,0.0
F,0.0,0.0,0.0,0.0
F,0.0,0.0,0.0,0.0
F,0.0,0.0,0.0,0.0
F,0.0,0.0,0.0,0.0
F,0.0359459,0.0,0.0,0.0359459
F,0.0,0.0,0.0,0.0
F,0.0,0.0,0.0,0.0
F,0.0,0.0,0.0,0.0
F,0.0,0.0,0.0,0.0
F,0.0,0.0,0.0,0.0
F,0.0,0.0,0.0,0.0
F,0.0,0.0,0.0,0.0
F,0.0,0.0,0.0,0.0
F,0.0,0.0,0.0,0.0
F,0.0,0.0,0.0,0.0
F,0.0,0.0,0.0,0.0
F,0.0944876,0.0,0.0,0.0944876
F,-0.072043,0.0,0.0,-0.072043
F,0.0,0.0,0.0,0.0
F,0.0,0.0,0.0,0.0
F,0.0,0.0,0.0,0.0
F,0.0,0.0,0.0,0.0
F,0.00983626,0.0,0.0,0.00983626
F,0.0,0.0,0.0,0.0
F,0.0,0.0,0.0,0.0
F,0.00398623,0.0,0.0,0.00398623
F,0.0,0.0,0.0,0.0
F,0.0,0.0,0.0,0.0
F,0.0,0.0,0.0,0.0
F,0.0,0.0,0.0,0.0
F,0.0,0.0,0.0,0.0
F,0.0,0.0,0.0,0.0
F,0.0,0.0,0.0,0.0
F,0.0,0.0,0.0,0.0
F,0.0,0.0,0.0,0.0
F,0.0,0.0,0.0,0.0
F,0.0,0.0,0.0,0.0
F,0.0593041,0.0,0.0,0.0593041
F,0.0,0.0,0.0,0.0
F,0.0,0.0,0.0,0.0
F,0.0,0.0,0.0,0.0
F,0.0,0.0,0.0,0.0
F,0.0,0.0,0.0,0.0
F,0.0,0.0,0.0,0.0
F,0.0,0.0,0.0,0.0
F,0.0,0.0,0.0,0.0
F,0.0,0.0,0.0,0.0
F,0.0,0.0,0.0,0.0
F,0.0,0.0,0.0,0.0
F,0.0,0.0,0.0,0.0
F,0.0,0.0,0.0,0.0
F,0.0,0.0,0.0,0.0
F,0.0,0.0,0.0,0.0
F,0.0,0.0,0.0,0.0
F,0.0,0.0,0.0,0.0
F,0.0,0.0,0.0,0.0
F,0.0,0.0,0.0,0.0
F,0.0418863,0.0,0.0,0.0418863
F,-0.00912809,0.0,0.0,-0.00912809
F,0.0,0.0,0.0,0.0
F,0.00932516,0.0,0.0,0.00932516
F,0.0,0.0,0.0,0.0
F,0.0,0.0,0.0,0.0
F,0.0,0.0,0.0,0.0
F,0.0,0.0,0.0,0.0
F,0.0,0.0,0.0,0.0
F,0.0,0.0,0.0,0.0
F,0.0104192,0.0,0.0,0.0104192
F,0.0,0.0,0.0,0.0
F,0.0,0.0,0.0,0.0
F,0.0,0.0,0.0,0.0
F,0.0,0.0,0.0,0.0
F,-0.0243853,0.0,0.0,-0.0243853
F,0.0,0.0,0.0,0.0
F,0.0,0.0,0.0,0.0
F,-0.0272775,0.0,0.0,-0.0272775
F,0.0,0.0,0.0,0.0
F,0.0,0.0,0.0,0.0
F,0.0,0.0,0.0,0.0
F,0.0,0.0,0.0,0.0
F,0.0,0.0,0.0,0.0
F,0.0,0.0,0.0,0.0
F,0.0,0.0,0.0,0.0
F,0.0,0.0,0.0,0.0
F,-0.102714,0.0,0.0,-0.102714
F,0.0,0.0,0.0,0.0
F,0.0,0.0,0.0,0.0
F,0.0,0.0,0.0,0.0
F,0.0,0.0,0.0,0.0
F,0.0,0.0,0.0,0.0
F,0.0,-0.0146947,-0.0146947,-0.0146947
F,0.0,0.0,0.0,0.0
F,0.0,0.0,0.0,0.0
F,0.0,0.0,0.0,0.0
F,-0.0295961,0.0,0.0,-0.0295961
F,0.0,0.0,0.0,0.0
F,0.0,0.0,0.0,0.0
F,0.0,0.0,0.0,0.0
F,0.0,0.0,0.0,0.0
F,0.0,0.0,0.0,0.0
F,0.0,0.0,0.0,0.0
F,0.0,0.0,0.0,0.0
F,0.0,0.0,0.0,0.0
F,0.0,0.0,0.0,0.0
F,0.0,0.0,0.0,0.0
F,0.0,-0.0891052,-0.0891052,-0.0891052
F,0.0,0.0,0.0,0.0
F,0.0,0.0,0.0,0.0
F,0.0,0.0,0.0,0.0
F,0.0,0.0,0.0,0.0
F,-0.0295293,0.0,0.0,-0.0295293
F,0.0,0.0,0.0,0.0
F,0.0,0.0,0.0,0.0
F,-0.0365668,0.0,0.0,-0.0365668
F,0.0,0.0,0.0,0.0
F,0.0,0.0,0.0,0.0
F,0.0,0.0,0.0,0.0
F,0.0,0.0,0.0,0.0
F,0.0,0.0,0.0,0.0
F,0.0,0.0,0.0,0.0
F,0.0,0.0,0.0,0.0
F,0.0124621,0.0,0.0,0.0124621
F,0.0,0.0,0.0,0.0
F,0.0,0.0,0.0,0.0
F,0.0,0.0,0.0,0.0
F,0.0,0.0765248,0.0765248,0.0765248
F,0.0,0.0,0.0,0.0
F,0.0451322,0.0,0.0,0.0451322
F,-0.051201,0.0,0.0,-0.051201
F,0.0,0.0,0.0,0.0
F,0.0,0.0,0.0,0.0
F,0.0,0.0,0.0,0.0
F,0.0164484,0.0,0.0,0.0164484
F,0.0,0.0,0.0,0.0
F,0.0,0.0,0.0,0.0
F,0.0,0.0,0.0,0.0
F,0.00178042,0.0,0.0,0.00178042
F,0.0,0.0,0.0,0.0
F,0.0,0.0,0.0,0.0
F,0.0,0.0,0.0,0.0
F,0.0,0.0,0.0,0.0
F,0.0,0.0,0.0,0.0
F,0.0,0.0,0.0,0.0
F,0.0,0.0,0.0,0.0
F,0.0,0.0,0.0,0.0
F,0.0,0.0,0.0,0.0
F,0.0,0.0,0.0,0.0
F,0.0,0.0,0.0,0.0
F,0.0,0.0,0.0,0.0
F,0.0,0.0,0.0,0.0
F,0.0,0.0,0.0,0.0
F,0.0,0.0,0.0,0.0
F,0.0,0.0,0.0,0.0
F,-0.00360133,0.0,0.0,-0.00360133
F,0.0937651,0.0,0.0,0.0937651
F,0.0,0.0,0.0,0.0
F,0.0,0.0,0.0,0.0
F,0.0354016,0.0,0.0,0.0354016
F,0.0,0.0,0.0,0.0
F,0.0,0.0242625,0.0242625,0.0242625
F,0.0,0.0,0.0,0.0
F,0.0,0.0,0.0,0.0
F,0.00210697,0.0,0.0,0.00210697
F,0.0,0.0,0.0,0.0
F,0.0,0.0,0.0,0.0
F,0.0,0.0,0.0,0.0
F,0.0338936,0.0,0.0,0.0338936
F,0.0,0.0,0.0,0.0
F,0.0,0.0,0.0,0.0
F,0.0,0.0,0.0,0.0
F,-0.0181275,0.0,0.0,-0.0181275
F,0.0,0.0,0.0,0.0
F,0.0,0.0,0.0,0.0
F,0.0,0.0,0.0,0.0
F,0.0,0.0,0.0,0.0
F,0.0,0.0,0.0,0.0
F,0.0,0.0,0.0,0.0
F,0.0,0.0,0.0,0.0
F,0.0,0.0,0.0,0.0
F,0.0,0.0,0.0,0.0
F,0.0,0.0,0.0,0.0
F,0.0,0.0,0.0,0.0
F,0.0,0.0,0.0,0.0
F,0.0,0.0,0.0,0.0
F,0.0,0.0,0.0,0.0
F,0.0,0.0,0.0,0.0
F,0.0,0.0,0.0,0.0
F,0.0581522,0.0,0.0,0.0581522
F,0.0,0.0,0.0,0.0
F,0.0203424,0.0,0.0,0.0203424
F,0.0,0.0,0.0,0.0
F,0.0,0.0,0.0,0.0
F,-0.0866235,0.0,0.0,-0.0866235
F,0.0,0.0,0.0,0.0
F,0.0,0.0,0.0,0.0
F,0.0,0.0,0.0,0.0
F,0.0,0.0,0.0,0.0
F,0.0,0.0,0.0,0.0
F,0.0,0.0,0.0,0.0
F,0.0,0.0,0.0,0.0
F,0.0,0.0,0.0,0.0
F,-0.130301,0.0,0.0,-0.130301
F,0.0,0.0,0.0,0.0
F,0.0,0.0,0.0,0.0
F,0.0,0.0,0.0,0.0
F,0.0,0.0,0.0,0.0
F,0.0,0.0,0.0,0.0
F,0.0,0.0,0.0,0.0
F,-0.0166803,0.0,0.0,-0.0166803
F,0.0,0.0,0.0,0.0
F,0.0,0.0,0.0,0.0
F,0.0,0.0,0.0,0.0
F,-0.0492719,0.0,0.0,-0.0492719
F,-0.0357666,0.0,0.0,-0.0357666
F,0.0,0.0,0.0,0.0
F,-0.0367883,0.0,0.0,-0.0367883
F,0.0,0.0,0.0,0.0
F,0.0,0.0,0.0,0.0
F,-0.101804,0.0,0.0,-0.101804
F,0.0,0.0,0.0,0.0
F,0.0,0.0,0.0,0.0
F,0.0,0.0,0.0,0.0
F,0.0,0.0,0.0,0.0
F,0.0,0.0,0.0,0.0
F,0.0,0.0,0.0,0.0
F,-0.136545,0.0,0.0,-0.136545
F,0.0,0.0,0.0,0.0
F,0.0,0.0,0.0,0.0
F,0.0,0.0,0.0,0.0
F,0.0,0.0,0.0,0.0
F,0.0,0.0,0.0,0.0
F,0.0,0.0,0.0,0.0
F,0.0,0.0,0.0,0.0
F,0.0,0.0,0.0,0.0
F,0.0,0.0,0.0,0.0
F,0.0,0.0,0.0,0.0
F,0.0,0.0,0.0,0.0
F,0.0,0.0,0.0,0.0
F,0.0,0.0,0.0,0.0
F,0.0571599,0.0,0.0,0.0571599
F,-0.0711678,0.0,0.0,-0.0711678
F,0.0,0.0,0.0,0.0
F,0.0124621,0.0,0.0,0.0124621
F,0.0,0.0,0.0,0.0
F,0.0,0.0,0.0,0.0
F,0.00333907,0.0,0.0,0.00333907
F,0.0,0.0,0.0,0.0
F,0.0,0.0,0.0,0.0
F,0.0,0.0,0.0,0.0
F,0.0,0.0,0.0,0.0
F,0.0,0.0,0.0,0.0
F,0.0,0.0,0.0,0.0
F,0.0,0.0,0.0,0.0
F,0.0,0.0,0.0,0.0
F,0.0,0.0,0.0,0.0
F,0.0,0.0,0.0,0.0
F,0.0,0.0,0.0,0.0
F,-0.00912809,0.0,0.0,-0.00912809
F,0.0,0.0,0.0,0.0
F,0.0,0.0,0.0,0.0
F,0.0196773,0.0,0.0,0.0196773
F,0.0,0.0,0.0,0.0
F,0.0,0.0,0.0,0.0
F,-0.0846185,0.0,0.0,-0.0846185
F,0.0,0.0,0.0,0.0
F,0.0,0.0,0.0,0.0
F,0.0,0.0,0.0,0.0
F,0.0,0.0,0.0,0.0
F,0.0,0.0,0.0,0.0
F,0.0,0.0,0.0,0.0
F,0.0,0.0,0.0,0.0
F,0.0,0.0,0.0,0.0
F,0.0,0.0,0.0,0.0
F,0.0,0.0,0.0,0.0
F,-0.0582534,0.0,0.0,-0.0582534
F,0.0,0.0,0.0,0.0
F,0.0,0.0,0.0,0.0
F,0.0,0.0,0.0,0.0
F,0.0,0.0,0.0,0.0
F,0.0,0.0,0.0,0.0
F,0.0,0.0,0.0,0.0
F,0.0,0.0,0.0,0.0
F,0.0,0.0,0.0,0.0
F,0.0283523,0.0,0.0,0.0283523
F,0.0,0.0,0.0,0.0
F,0.0,0.0,0.0,0.0
F,0.0,0.0,0.0,0.0
F,-0.0116468,0.0,0.0,-0.0116468
F,0.0,0.0,0.0,0.0
F,0.0,0.0,0.0,0.0
F,0.0,0.0,0.0,0.0
F,0.0,0.0,0.0,0.0
F,0.0,0.0,0.0,0.0
F,0.0,0.0,0.0,0.0
F,0.0,0.0,0.0,0.0
F,0.0,0.0,0.0,0.0
F,0.0590431,0.0,0.0,0.0590431
F,0.0,0.0,0.0,0.0
F,0.0,0.0,0.0,0.0
F,0.0,0.0,0.0,0.0
F,0.00546724,0.0,0.0,0.00546724
F,0.0,0.0,0.0,0.0
F,0.0,0.0,0.0,0.0
F,0.0,0.0,0.0,0.0
F,0.0120521,0.0,0.0,0.0120521
F,0.0,0.0,0.0,0.0
F,0.0,0.0,0.0,0.0
F,0.0,0.0,0.0,0.0
F,0.0,0.0,0.0,0.0
F,0.0,0.0,0.0,0.0
F,0.0,0.0,0.0,0.0
F,0.0,0.0,0.0,0.0
F,0.0,0.0,0.0,0.0
F,0.0,0.0,0.0,0.0
F,0.0,0.0,0.0,0.0
F,0.0,0.0,0.0,0.0
F,0.0,0.0,0.0,0.0
F,0.0,0.0,0.0,0.0
F,0.0151656,0.0,0.0,0.0151656
F,-0.0357666,0.0,0.0,-0.0357666
F,0.0,0.0,0.0,0.0
F,0.0256053,0.0,0.0,0.0256053
F,0.0,0.0,0.0,0.0
F,-0.00663616,0.0,0.0,-0.00663616
F,0.0,0.0,0.0,0.0
F,0.00387418,0.0,0.0,0.00387418
F,-0.0281069,0.0,0.0,-0.0281069
F,0.00656875,0.0,0.0,0.00656875
F,0.0,0.0,0.0,0.0
F,0.0,0.0,0.0,0.0
F,-0.0470023,0.0,0.0,-0.0470023
F,0.0,0.0,0.0,0.0
F,0.0,0.0,0.0,0.0
F,0.0,0.0,0.0,0.0
F,0.0171529,0.0,0.0,0.0171529
F,0.0,0.0,0.0,0.0
F,0.0,0.0,0.0,0.0
F,0.0,0.0,0.0,0.0
F,0.0,0.0,0.0,0.0
F,0.0,0.0,0.0,0.0
F,0.0,0.0,0.0,0.0
F,-0.000451564,0.0,0.0,-0.000451564
F,0.0,0.0,0.0,0.0
F,0.0,0.0,0.0,0.0
F,0.0590431,0.0,0.0,0.0590431
F,0.0,0.0,0.0,0.0
F,0.0,0.0,0.0,0.0
F,0.12953,0.0,0.0,0.12953
F,0.0,0.0,0.0,0.0
F,0.0,0.0,0.0,0.0
F,0.0,0.0,0.0,0.0
F,-0.0895364,0.0,0.0,-0.0895364
F,0.0,0.0,0.0,0.0
F,0.0,0.0,0.0,0.0
F,0.0,0.0,0.0,0.0
F,0.0,0.0,0.0,0.0
F,0.00983626,0.0,0.0,0.00983626
F,0.0,0.0,0.0,0.0
F,-0.0470023,0.0,0.0,-0.0470023
F,0.0,0.0,0.0,0.0
F,-0.00854258,0.0,0.0,-0.00854258
F,0.0937651,0.0,0.0,0.0937651
F,0.0,0.0,0.0,0.0
F,0.0,0.0,0.0,0.0
F,0.0,0.0,0.0,0.0
F,0.0,0.0,0.0,0.0
F,0.0,0.0,0.0,0.0
F,0.0,0.0,0.0,0.0
F,0.0,0.0,0.0,0.0
F,0.0,0.0,0.0,0.0
F,0.0,0.0,0.0,0.0
F,0.0,0.0,0.0,0.0
F,0.0,0.0,0.0,0.0
F,0.0,0.0,0.0,0.0
F,0.0,0.0,0.0,0.0
F,0.0,0.0,0.0,0.0
F,-0.000738724,0.0,0.0,-0.000738724
F,0.0,0.0,0.0,0.0
F,0.0308098,0.0,0.0,0.0308098
F,0.0,0.0,0.0,0.0
F,0.0,0.0,0.0,0.0
F,0.0,0.0,0.0,0.0
F,0.0,0.0,0.0,0.0
F,0.00779917,0.0,0.0,0.00779917
F,0.0,0.0,0.0,0.0
F,0.0,0.0,0.0,0.0
F,0.0,0.0,0.0,0.0
F,0.0,0.0,0.0,0.0
F,0.0,0.0,0.0,0.0
F,0.0,0.0,0.0,0.0
F,0.0,0.0,0.0,0.0
F,-0.0299857,0.0,0.0,-0.0299857
F,0.0,0.0,0.0,0.0
F,0.0,0.0,0.0,0.0
F,0.0,0.0,0.0,0.0
F,0.0,0.0,0.0,0.0
F,0.0124916,0.0,0.0,0.0124916
F,0.0,0.0,0.0,0.0
F,0.0,0.0,0.0,0.0
F,0.0386417,0.0,0.0,0.0386417
F,0.0,0.0,0.0,0.0
F,0.0,0.0,0.0,0.0
F,0.0,0.0,0.0,0.0
F,0.0,0.0,0.0,0.0
F,0.0,0.0,0.0,0.0
F,0.0787126,0.0,0.0,0.0787126
F,0.0,0.0,0.0,0.0
F,-0.0128061,0.0,0.0,-0.0128061
F,0.0,0.0,0.0,0.0
F,0.0,0.0,0.0,0.0
F,0.0,0.0,0.0,0.0
F,0.0,0.0,0.0,0.0
F,0.0,0.0,0.0,0.0
F,-0.00236268,0.0,0.0,-0.00236268
F,0.0,0.0,0.0,0.0
F,0.0,0.0,0.0,0.0
F,0.0548227,0.0,0.0,0.0548227
F,0.0,0.0,0.0,0.0
F,0.0,0.0,0.0,0.0
F,0.0,0.0,0.0,0.0
F,0.0,0.0,0.0,0.0
F,0.0,0.0,0.0,0.0
F,0.0,0.0,0.0,0.0
F,0.0,0.0,0.0,0.0
F,0.0,0.0,0.0,0.0
F,0.0,0.0,0.0,0.0
F,0.0,0.0,0.0,0.0
F,0.0,0.0,0.0,0.0
F,0.0411927,0.0,0.0,0.0411927
F,0.0,0.0,0.0,0.0
F,0.0,0.0,0.0,0.0
F,0.0,0.0,0.0,0.0
F,0.00768623,0.0,0.0,0.00768623
F,0.0813298,0.0,0.0,0.0813298
F,0.0,0.0,0.0,0.0
F,0.0,0.0,0.0,0.0
F,0.0,0.0,0.0,0.0
F,0.0,0.0,0.0,0.0
F,0.0,0.0,0.0,0.0
F,-0.0139814,0.0,0.0,-0.0139814
F,0.0,0.0,0.0,0.0
F,0.0,0.0,0.0,0.0
F,0.0196773,0.0,0.0,0.0196773
F,0.0,0.0,0.0,0.0
F,0.0,0.0,0.0,0.0
F,0.0,0.0,0.0,0.0
F,0.0,0.0,0.0,0.0
F,0.0,0.0,0.0,0.0
F,0.101637,0.0,0.0,0.101637
F,-0.0365655,0.0,0.0,-0.0365655
F,0.0,0.0,0.0,0.0
F,0.0,0.0,0.0,0.0
F,0.0,0.0,0.0,0.0
F,0.0,0.0,0.0,0.0
F,0.0,0.0,0.0,0.0
F,0.0,0.0,0.0,0.0
F,0.0,0.0,0.0,0.0
F,-0.0466118,0.0,0.0,-0.0466118
F,0.0,0.0,0.0,0.0
F,0.0,0.0,0.0,0.0
F,0.0,0.0,0.0,0.0
F,0.0,0.0,0.0,0.0
F,0.0,0.0,0.0,0.0
F,0.0,0.0,0.0,0.0
F,0.0,0.0,0.0,0.0
F,0.0,0.0,0.0,0.0
F,0.0,0.0,0.0,0.0
F,0.0,0.0,0.0,0.0
F,0.0590431,0.0,0.0,0.0590431
F,0.0,0.0,0.0,0.0
F,0.0,0.0,0.0,0.0
F,0.0,0.0,0.0,0.0
F,0.0,0.0,0.0,0.0
F,0.0,0.0,0.0,0.0
F,0.0,0.0,0.0,0.0
F,0.0,0.0,0.0,0.0
F,0.0,0.0,0.0,0.0
F,0.0,0.0,0.0,0.0
F,0.0,0.0,0.0,0.0
F,0.0,0.0,0.0,0.0
F,0.0,0.0,0.0,0.0
F,0.0,0.0,0.0,0.0
F,0.0,0.0,0.0,0.0
F,0.0,0.0,0.0,0.0
F,0.0,0.0,0.0,0.0
F,0.0,0.0,0.0,0.0
F,0.0,0.0,0.0,0.0
F,0.0,0.0,0.0,0.0
F,0.0,0.0,0.0,0.0
F,0.0,0.0,0.0,0.0
F,0.0500515,0.0,0.0,0.0500515
F,0.0,0.0,0.0,0.0
F,0.0,0.0,0.0,0.0
F,0.0,0.0,0.0,0.0
F,0.0,0.0,0.0,0.0
F,0.0,0.0,0.0,0.0
F,0.0,0.0,0.0,0.0
F,-0.00433699,0.0,0.0,-0.00433699
F,0.0,0.0,0.0,0.0
F,0.0,0.0,0.0,0.0
F,-0.0316313,0.0,0.0,-0.0316313
F,0.0,0.0,0.0,0.0
F,0.0,0.0,0.0,0.0
F,0.0,0.0,0.0,0.0
F,0.0,0.0,0.0,0.0
F,0.0,0.0,0.0,0.0
F,0.0,0.0,0.0,0.0
F,0.0,0.0,0.0,0.0
F,0.0,0.0,0.0,0.0
F,0.0,0.0,0.0,0.0
F,0.0,0.0,0.0,0.0
F,0.0,0.0,0.0,0.0
F,0.0,0.0,0.0,0.0
F,0.0,0.0,0.0,0.0
F,-0.0243853,0.0,0.0,-0.0243853
F,0.0,0.0,0.0,0.0
F,0.0,0.0,0.0,0.0
F,0.0,0.0,0.0,0.0
F,0.0,0.0,0.0,0.0
F,0.0,0.0,0.0,0.0
F,0.0,0.0,0.0,0.0
F,0.0,0.0,0.0,0.0
F,0.0,0.0,0.0,0.0
F,0.0,0.0,0.0,0.0
F,-0.0679493,0.0,0.0,-0.0679493
F,0.0,0.0,0.0,0.0
F,-0.00447802,0.0,0.0,-0.00447802
F,0.0,0.0,0.0,0.0
F,0.0,0.0,0.0,0.0
F,0.0,0.0,0.0,0.0
F,0.0,0.0,0.0,0.0
F,0.0,0.0,0.0,0.0
F,0.0,0.0,0.0,0.0
F,0.0,0.0,0.0,0.0
F,0.0,0.0,0.0,0.0
F,0.054919,0.0,0.0,0.054919
F,0.0,0.0,0.0,0.0
F,0.0,0.0,0.0,0.0
F,0.0,0.0,0.0,0.0
F,0.0,0.0,0.0,0.0
F,0.0422249,0.0,0.0,0.0422249
F,0.0,0.0,0.0,0.0
F,0.00670053,0.0,0.0,0.00670053
F,0.0,0.0,0.0,0.0
F,0.0,0.0,0.0,0.0
F,0.0,0.0,0.0,0.0
F,0.0,0.0,0.0,0.0
F,0.0,0.0,0.0,0.0
F,0.0,0.0,0.0,0.0
F,-0.0155006,0.0,0.0,-0.0155006
F,0.0,0.0,0.0,0.0
F,0.0,0.0,0.0,0.0
F,0.0,0.0,0.0,0.0
F,0.0,0.0,0.0,0.0
F,0.0,0.0,0.0,0.0
F,0.0,0.0,0.0,0.0
F,0.08398,0.0,0.0,0.08398
F,0.0,0.0,0.0,0.0
F,0.0,0.0,0.0,0.0
F,-0.0492719,0.0,0.0,-0.0492719
F,0.132885,0.0,0.0,0.132885
F,0.0,0.0,0.0,0.0
F,0.0,0.0,0.0,0.0
F,0.0,0.0,0.0,0.0
F,0.0,0.0,0.0,0.0
F,0.0,0.0,0.0,0.0
F,0.0,0.0,0.0,0.0
F,0.0,0.0,0.0,0.0
F,0.0,0.0,0.0,0.0
F,0.0,0.0,0.0,0.0
F,0.0596349,0.0,0.0,0.0596349
F,0.0,0.0,0.0,0.0
F,0.0,0.0,0.0,0.0
F,0.0,0.0,0.0,0.0
F,0.0,0.0,0.0,0.0
F,0.0,0.0,0.0,0.0
F,0.0163442,0.0,0.0,0.0163442
F,0.0,0.0,0.0,0.0
F,0.0,0.0,0.0,0.0
F,0.0,0.0,0.0,0.0
F,0.0,0.0,0.0,0.0
F,0.0,0.0,0.0,0.0
F,0.0149382,0.0,0.0,0.0149382
F,-0.0944185,0.0,0.0,-0.0944185
F,0.0,0.0,0.0,0.0
F,0.0,0.0,0.0,0.0
F,0.0,0.0,0.0,0.0
F,0.0,0.0,0.0,0.0
F,0.0,0.0,0.0,0.0
F,0.0,0.0,0.0,0.0
F,0.0,0.0,0.0,0.0
F,0.0,0.0,0.0,0.0
F,0.0,0.0,0.0,0.0
F,0.0,0.0,0.0,0.0
F,0.0,0.0,0.0,0.0
F,0.0,0.0,0.0,0.0
F,0.0563189,0.0,0.0,0.0563189
F,0.00231234,0.0,0.0,0.00231234
F,0.0,0.0,0.0,0.0
F,0.0,0.0,0.0,0.0
F,0.0,0.0,0.0,0.0
F,0.0,-0.0392506,-0.0392506,-0.0392506
F,0.0,0.0,0.0,0.0
F,0.0,0.0,0.0,0.0
F,-0.00958517,0.0,0.0,-0.00958517
F,-0.0193559,0.0,0.0,-0.0193559
F,0.0,0.0,0.0,0.0
F,0.0,0.0,0.0,0.0
F,0.0,0.0,0.0,0.0
F,0.0,0.0,0.0,0.0
F,0.0,0.0,0.0,0.0
F,0.0,0.0,0.0,0.0
F,-0.0342494,0.0,0.0,-0.0342494
F,0.0,0.0,0.0,0.0
F,0.0,0.0,0.0,0.0
F,0.0,0.0,0.0,0.0
F,0.0,0.0,0.0,0.0
F,0.0,0.0,0.0,0.0
F,0.0,0.0,0.0,0.0
F,0.0,0.0,0.0,0.0
F,0.0,0.0,0.0,0.0
F,0.0,0.0,0.0,0.0
F,0.0380692,0.0,0.0,0.0380692
F,0.0,0.0,0.0,0.0
F,0.0,0.0,0.0,0.0
F,0.0,0.0,0.0,0.0
F,-0.0399911,0.0,0.0,-0.0399911
F,0.0,0.0,0.0,0.0
F,0.0,0.0,0.0,0.0
F,-0.0941258,0.0,0.0,-0.0941258
F,0.0,0.0,0.0,0.0
F,0.0,0.0,0.0,0.0
F,0.0,0.0,0.0,0.0
F,-0.0565875,0.0,0.0,-0.0565875
F,0.0308098,0.0,0.0,0.0308098
F,0.0,0.0,0.0,0.0
F,0.0,0.0,0.0,0.0
F,-0.0166803,0.0,0.0,-0.0166803
F,0.0,0.0,0.0,0.0
F,0.0,0.0,0.0,0.0
F,0.0,0.0,0.0,0.0
F,0.0,0.0,0.0,0.0
F,0.0,0.0,0.0,0.0
F,0.0357489,0.0,0.0,0.0357489
F,0.0,0.0,0.0,0.0
F,0.0,0.0,0.0,0.0
F,0.0,0.0,0.0,0.0
F,0.0,0.0,0.0,0.0
F,0.0,0.0,0.0,0.0
F,-0.0415103,0.0,0.0,-0.0415103
F,0.0,0.0,0.0,0.0
F,0.0,0.0,0.0,0.0
F,0.0,0.0,0.0,0.0
F,0.121683,0.0,0.0,0.121683
F,0.0,0.0,0.0,0.0
F,0.0,0.0,0.0,0.0
F,0.0,0.0,0.0,0.0
F,0.0,0.0,0.0,0.0
F,0.0,0.0,0.0,0.0
F,-0.036965,0.0,0.0,-0.036965
F,0.0,0.0,0.0,0.0
F,0.0,0.0,0.0,0.0
F,0.0,0.0,0.0,0.0
F,0.0,0.0,0.0,0.0
F,0.0,0.0,0.0,0.0
F,0.0,0.0,0.0,0.0
F,0.0,0.0,0.0,0.0
F,0.0,0.0,0.0,0.0
F,0.0,0.0,0.0,0.0
F,0.0,0.0,0.0,0.0
F,0.0,0.0,0.0,0.0
F,0.0,0.0,0.0,0.0
F,0.0,0.0,0.0,0.0
F,0.0,0.0,0.0,0.0
F,-0.046046,0.0,0.0,-0.046046
F,0.0,0.0,0.0,0.0
F,0.0,0.0,0.0,0.0
F,0.0,0.0,0.0,0.0
F,0.0,0.0,0.0,0.0
F,0.0,0.0,0.0,0.0
F,0.0,0.0,0.0,0.0
F,0.0,0.0,0.0,0.0
F,0.0331334,0.0,0.0,0.0331334
F,-0.072043,0.0,0.0,-0.072043
F,0.0,0.0,0.0,0.0
F,0.0,0.0,0.0,0.0
F,0.0,0.0,0.0,0.0
F,0.0,0.0,0.0,0.0
F,0.0149889,0.0,0.0,0.0149889
F,-0.0315886,0.0,0.0,-0.0315886
F,0.0,0.0,0.0,0.0
F,0.0,0.0,0.0,0.0
F,0.0,0.0,0.0,0.0
F,0.0,0.0,0.0,0.0
F,0.0,0.0,0.0,0.0
F,0.0,0.0,0.0,0.0
F,0.0,0.0,0.0,0.0
F,0.0,0.0,0.0,0.0
F,0.0,0.0,0.0,0.0
F,0.0,0.0,0.0,0.0
F,0.0,0.0,0.0,0.0
F,-0.0265671,0.0,0.0,-0.0265671
F,0.0,0.0,0.0,0.0
F,0.0,0.0,0.0,0.0
F,-0.0588434,0.0,0.0,-0.0588434
F,0.0,0.0,0.0,0.0
F,0.0,0.0,0.0,0.0
F,0.0,0.0,0.0,0.0
F,-0.0588434,0.0,0.0,-0.0588434
F,0.0,0.0,0.0,0.0
F,0.0,0.0,0.0,0.0
F,0.0,0.0,0.0,0.0
F,0.0,0.0765248,0.0765248,0.0765248
F,0.0,0.0,0.0,0.0
F,0.0,0.0,0.0,0.0
F,0.0699821,0.0,0.0,0.0699821
F,0.0,0.0,0.0,0.0
F,0.0,0.0,0.0,0.0
F,0.0,0.0,0.0,0.0
F,0.0,0.0,0.0,0.0
F,0.0,0.0,0.0,0.0
F,0.0,0.0,0.0,0.0
F,-0.0527175,0.0,0.0,-0.0527175
F,0.0,0.0,0.0,0.0
F,0.0,0.0,0.0,0.0
F,0.0,0.0,0.0,0.0
F,0.0,0.0,0.0,0.0
F,0.0,0.0,0.0,0.0
F,0.0,0.0,0.0,0.0
F,-0.00554849,0.0,0.0,-0.00554849
F,0.0,0.0,0.0,0.0
F,0.0334112,0.0,0.0,0.0334112
F,0.00798478,0.0,0.0,0.00798478
F,0.0,0.0,0.0,0.0
F,0.0,0.0,0.0,0.0
F,0.0,0.0,0.0,0.0
F,0.0,0.0,0.0,0.0
F,0.0,0.0,0.0,0.0
F,0.0,0.0,0.0,0.0
F,0.0,0.0,0.0,0.0
F,0.0370509,0.0,0.0,0.0370509
F,0.0,0.0,0.0,0.0
F,0.0,0.0,0.0,0.0
F,0.0,0.0,0.0,0.0
F,0.0,0.0,0.0,0.0
F,0.0,0.0,0.0,0.0
F,0.054919,0.0,0.0,0.054919
F,0.0,0.0,0.0,0.0
F,0.0,0.0,0.0,0.0
F,0.0,0.0,0.0,0.0
F,0.0,0.0,0.0,0.0
F,0.0,0.0,0.0,0.0
F,0.0,0.0,0.0,0.0
F,0.0,0.0,0.0,0.0
F,0.0,0.0,0.0,0.0
F,0.0,0.0,0.0,0.0
F,0.0,0.0,0.0,0.0
F,0.0,0.0,0.0,0.0
F,0.0,0.0,0.0,0.0
F,0.0,0.0,0.0,0.0
F,0.0,0.0,0.0,0.0
F,0.0,0.0,0.0,0.0
F,0.0,0.0,0.0,0.0
F,0.0,0.0,0.0,0.0
F,-0.00905828,0.0,0.0,-0.00905828
F,0.0,0.0,0.0,0.0
F,0.0,0.0,0.0,0.0
F,-0.00365107,0.0,0.0,-0.00365107
F,0.0,0.0,0.0,0.0
F,0.0,0.0,0.0,0.0
F,0.0,0.0,0.0,0.0
F,0.0,0.0,0.0,0.0
F,-0.0496657,0.0,0.0,-0.0496657
F,0.0,0.0,0.0,0.0
F,-0.047906,0.0,0.0,-0.047906
F,0.0,0.0,0.0,0.0
F,0.063245,0.0,0.0,0.063245
F,0.0,0.0,0.0,0.0
F,0.0,0.0,0.0,0.0
F,0.0,0.0,0.0,0.0
F,0.0,0.0,0.0,0.0
F,0.0,0.0,0.0,0.0
F,-0.014634,0.0,0.0,-0.014634
F,0.000409507,0.0,0.0,0.000409507
F,0.0,0.0,0.0,0.0
F,0.0,0.0,0.0,0.0
F,0.0,0.0,0.0,0.0
F,0.0,0.0,0.0,0.0
F,0.133106,0.0,0.0,0.133106
F,0.0,0.0,0.0,0.0
F,0.0,0.0,0.0,0.0
F,0.0122894,0.0,0.0,0.0122894
F,0.0,0.0,0.0,0.0
F,0.0,0.0,0.0,0.0
F,0.0,0.0,0.0,0.0
F,0.116778,0.0242625,0.0242625,0.141041
F,-0.030764,0.0,0.0,-0.030764
F,0.0,0.0,0.0,0.0
F,0.0,0.0,0.0,0.0
F,-0.0357666,0.0,0.0,-0.0357666
F,0.0,0.0,0.0,0.0
F,0.0,0.0,0.0,0.0
F,0.0,0.0,0.0,0.0
F,0.0,0.0,0.0,0.0
F,0.0,0.0,0.0,0.0
F,0.0,0.0,0.0,0.0
F,0.0,0.0,0.0,0.0
F,0.0,0.0,0.0,0.0
F,0.0,0.0,0.0,0.0
F,0.0,0.0,0.0,0.0
F,0.0,0.0,0.0,0.0
F,0.0,0.0,0.0,0.0
F,0.0,0.0,0.0,0.0
F,0.0,0.0,0.0,0.0
F,0.0,0.0,0.0,0.0
F,0.0,0.0,0.0,0.0
F,0.0,0.0,0.0,0.0
F,0.0,0.0,0.0,0.0
F,-0.0272775,0.0,0.0,-0.0272775
F,0.0,0.0,0.0,0.0
F,0.0,0.0,0.0,0.0
F,0.0,0.0,0.0,0.0
F,0.0,0.0,0.0,0.0
F,0.0,0.0,0.0,0.0
F,0.0,0.0,0.0,0.0
F,0.0171529,0.0,0.0,0.0171529
F,0.0124621,0.0,0.0,0.0124621
F,0.0,0.0,0.0,0.0
F,0.0,0.0,0.0,0.0
F,0.0,0.0,0.0,0.0
F,0.0,0.0,0.0,0.0
F,0.0,0.0,0.0,0.0
F,0.0,0.0,0.0,0.0
F,-0.00765238,0.0,0.0,-0.00765238
F,-0.0145842,0.0,0.0,-0.0145842
F,0.0,0.0,0.0,0.0
F,0.0,0.0,0.0,0.0
F,0.0,0.0,0.0,0.0
F,0.0,0.0,0.0,0.0
F,0.0,0.0,0.0,0.0
F,0.0556634,0.0,0.0,0.0556634
F,0.0163442,0.0,0.0,0.0163442
F,0.0,0.0,0.0,0.0
F,0.0,0.0,0.0,0.0
F,0.0,0.0,0.0,0.0
F,0.0,0.0,0.0,0.0
F,0.0,0.0,0.0,0.0
F,0.0,0.0,0.0,0.0
F,0.0,0.0,0.0,0.0
F,-0.0133161,0.0,0.0,-0.0133161
F,0.0,0.0,0.0,0.0
F,0.0,0.0,0.0,0.0
F,0.0,0.0,0.0,0.0
F,0.133741,0.0,0.0,0.133741
F,0.0,0.0,0.0,0.0
F,0.0,0.0,0.0,0.0
F,0.0,0.0,0.0,0.0
F,0.0,0.0,0.0,0.0
F,-0.101804,0.0,0.0,-0.101804
F,0.0,0.0,0.0,0.0
F,0.0,0.0,0.0,0.0
F,0.0,0.0,0.0,0.0
F,0.00457472,0.0,0.0,0.00457472
F,0.0,0.0,0.0,0.0
F,-0.0227439,0.0,0.0,-0.0227439
F,-0.0046672,0.0,0.0,-0.0046672
F,0.0,0.0,0.0,0.0
F,0.00398623,0.0,0.0,0.00398623
F,0.0,0.0,0.0,0.0
F,0.0648831,0.0,0.0,0.0648831
F,0.0,0.0,0.0,0.0
F,0.0,0.0,0.0,0.0
F,0.0,0.0,0.0,0.0
F,0.0,0.0,0.0,0.0
F,0.0946111,0.0,0.0,0.0946111
F,0.0,0.0,0.0,0.0
F,0.0,0.0,0.0,0.0
F,0.0,0.0,0.0,0.0
F,0.0,0.0,0.0,0.0
F,0.0,0.0,0.0,0.0
F,0.0,0.0,0.0,0.0
M,0.0,0.0,0.0,0.0
M,-0.00953446,0.0,0.0,-0.00953446
M,0.0,0.0,0.0,0.0
M,0.0,0.0,0.0,0.0
M,0.0,0.0,0.0,0.0
M,0.0,0.0,0.0,0.0
M,0.0,0.0,0.0,0.0
M,-0.0116649,0.0,0.0,-0.0116649
M,-0.00706432,0.0,0.0,-0.00706432
M,0.0,0.0,0.0,0.0
M,0.0,0.0,0.0,0.0
M,0.0,0.0,0.0,0.0
M,0.0,0.0,0.0,0.0
M,0.0589361,0.0,0.0,0.0589361
M,0.0,0.0,0.0,0.0
M,0.0,0.0,0.0,0.0
M,0.0,0.0,0.0,0.0
M,0.0,0.0,0.0,0.0
M,0.0,0.0,0.0,0.0
M,0.0,0.0,0.0,0.0
M,0.0,0.0,0.0,0.0
M,0.0,0.0,0.0,0.0
M,0.0,0.0,0.0,0.0
M,0.0,0.0,0.0,0.0
M,0.0,0.0,0.0,0.0
M,0.112625,0.0,0.0,0.112625
M,0.0,0.0,0.0,0.0
M,0.0,0.0,0.0,0.0
M,0.0,0.0,0.0,0.0
M,0.0,0.0,0.0,0.0
M,0.0,0.0,0.0,0.0
M,0.0,0.0,0.0,0.0
M,0.0,0.0,0.0,0.0
M,0.0,0.0,0.0,0.0
M,0.0,0.0,0.0,0.0
M,0.0,0.0,0.0,0.0
M,0.0,0.0,0.0,0.0
M,0.0,0.0,0.0,0.0
M,0.0402302,0.0,0.0,0.0402302
M,0.0182383,0.0,0.0,0.0182383
M,0.0330583,0.0,0.0,0.0330583
M,0.0225335,0.0,0.0,0.0225335
M,0.0,0.0,0.0,0.0
M,0.0,0.0,0.0,0.0
M,0.0,0.0,0.0,0.0
M,0.0,0.0,0.0,0.0
M,-0.0371583,0.0,0.0,-0.0371583
M,-0.0256676,0.0,0.0,-0.0256676
M,0.0,0.0,0.0,0.0
M,0.0,0.0,0.0,0.0
M,0.0,0.0,0.0,0.0
M,0.0,0.0,0.0,0.0
M,0.032531,0.0,0.0,0.032531
M,0.0,0.0,0.0,0.0
M,0.0,0.0,0.0,0.0
M,0.0,0.0,0.0,0.0
M,0.0,0.0,0.0,0.0
M,0.0,0.0,0.0,0.0
M,0.0,0.0,0.0,0.0
M,0.0,0.0,0.0,0.0
M,0.0,0.0,0.0,0.0
M,0.0,0.0,0.0,0.0
M,0.0,0.0,0.0,0.0
M,0.0,0.046983,0.046983,0.046983
M,0.0,0.0,0.0,0.0
M,0.0,0.0,0.0,0.0
M,0.0,0.0,0.0,0.0
M,0.0,0.0,0.0,0.0
M,0.0,0.0,0.0,0.0
M,0.0,0.0,0.0,0.0
M,0.0,0.0,0.0,0.0
M,0.0,0.0,0.0,0.0
M,0.0,0.0,0.0,0.0
M,0.0405494,0.0,0.0,0.0405494
M,0.0,0.0,0.0,0.0
M,0.0,0.0,0.0,0.0
M,0.00594515,0.0,0.0,0.00594515
M,0.0,0.0,0.0,0.0
M,0.0,0.0,0.0,0.0
M,0.0,0.0,0.0,0.0
M,0.0,0.0,0.0,0.0
M,0.0,0.0,0.0,0.0
M,0.0,0.0,0.0,0.0
M,-0.0856273,0.0,0.0,-0.0856273
M,0.0,0.0,0.0,0.0
M,0.0,0.0,0.0,0.0
M,0.0225335,0.0,0.0,0.0225335
M,0.0,0.0,0.0,0.0
M,0.0,0.0,0.0,0.0
M,-0.0501102,0.0,0.0,-0.0501102
M,0.0,0.0,0.0,0.0
M,0.0,0.0,0.0,0.0
M,0.0,0.0,0.0,0.0
M,0.0,0.0,0.0,0.0
M,0.0,0.0,0.0,0.0
M,-0.0345636,0.0,0.0,-0.0345636
M,0.0,0.0,0.0,0.0
M,0.0,0.0,0.0,0.0
M,0.0,0.0,0.0,0.0
M,0.0,0.0,0.0,0.0
M,0.0,0.0,0.0,0.0
M,0.0,0.0,0.0,0.0
M,0.0,0.0,0.0,0.0
M,-0.0116307,0.0,0.0,-0.0116307
M,-0.121547,0.0,0.0,-0.121547
M,0.0,0.0,0.0,0.0
M,0.0109321,0.0,0.0,0.0109321
M,0.0,0.0,0.0,0.0
M,0.0,0.0,0.0,0.0
M,0.0,0.0,0.0,0.0
M,0.0,0.0,0.0,0.0
M,0.0,0.0,0.0,0.0
M,0.0,0.0,0.0,0.0
M,0.0,0.0,0.0,0.0
M,0.0,0.0,0.0,0.0
M,0.0,0.0,0.0,0.0
M,0.0,0.0,0.0,0.0
M,0.0,0.0,0.0,0.0
M,0.0,0.0,0.0,0.0
M,0.0,0.0,0.0,0.0
M,0.0,0.0,0.0,0.0
M,0.112625,0.0,0.0,0.112625
M,0.0,0.0,0.0,0.0
M,0.0,0.0,0.0,0.0
M,0.0,0.0,0.0,0.0
M,0.0,0.0,0.0,0.0
M,0.0,0.0,0.0,0.0
M,0.0,0.0,0.0,0.0
M,0.0,0.0,0.0,0.0
M,0.0,0.0,0.0,0.0
M,0.0,0.0,0.0,0.0
M,0.0,0.0,0.0,0.0
M,0.0,0.0,0.0,0.0
M,-0.045981,0.0,0.0,-0.045981
M,0.0,0.0,0.0,0.0
M,0.0,0.0,0.0,0.0
M,0.0,0.0,0.0,0.0
M,-0.0100447,0.0,0.0,-0.0100447
M,0.0,0.0,0.0,0.0
M,0.0,0.0,0.0,0.0
M,-0.00953446,0.0,0.0,-0.00953446
M,0.0,0.0,0.0,0.0
M,0.0,0.0,0.0,0.0
M,0.0751186,0.0,0.0,0.0751186
M,0.0,0.0,0.0,0.0
M,0.0,0.0,0.0,0.0
M,-0.0110263,0.0,0.0,-0.0110263
M,0.0,0.0,0.0,0.0
M,0.0,0.0,0.0,0.0
M,0.0539159,0.0,0.0,0.0539159
M,0.0,0.0,0.0,0.0
M,0.0,0.0,0.0,0.0
M,0.0,0.0,0.0,0.0
M,0.0,0.0,0.0,0.0
M,0.0,0.0,0.0,0.0
M,0.0,0.0,0.0,0.0
M,0.0,0.0,0.0,0.0
M,0.0,0.0,0.0,0.0
M,0.0,0.0,0.0,0.0
M,0.00629671,0.0,0.0,0.00629671
M,0.0,0.0,0.0,0.0
M,0.0,0.0,0.0,0.0
M,0.0,0.0,0.0,0.0
M,0.0,0.0,0.0,0.0
M,-0.0501102,0.0,0.0,-0.0501102
M,0.0,0.0,0.0,0.0
M,0.0,0.0,0.0,0.0
M,0.0,0.0,0.0,0.0
M,0.0,0.0,0.0,0.0
M,0.0,0.0,0.0,0.0
M,0.0,0.0,0.0,0.0
M,0.0,0.0,0.0,0.0
M,0.0,0.0,0.0,0.0
M,0.000324088,0.0,0.0,0.000324088
M,0.0,0.0,0.0,0.0
M,0.0,0.0,0.0,0.0
M,0.0,0.0,0.0,0.0
M,0.0,0.0,0.0,0.0
M,0.0,0.0,0.0,0.0
M,0.0,0.0,0.0,0.0
M,0.0,0.0,0.0,0.0
M,0.0,0.0,0.0,0.0
M,0.0,0.0,0.0,0.0
M,0.0,0.0,0.0,0.0
M,0.0,0.0,0.0,0.0
M,0.0,0.0,0.0,0.0
M,0.0452822,0.0,0.0,0.0452822
M,0.0,0.0,0.0,0.0
M,0.0,0.0,0.0,0.0
M,0.0,0.0,0.0,0.0
M,0.0,0.0,0.0,0.0
M,0.0,0.0,0.0,0.0
M,-0.0137158,0.0,0.0,-0.0137158
M,0.0,0.0,0.0,0.0
M,0.0,0.0,0.0,0.0
M,0.0357135,0.0,0.0,0.0357135
M,0.0,0.0,0.0,0.0
M,0.0,0.0,0.0,0.0
M,0.0,0.0,0.0,0.0
M,-0.00458685,0.0,0.0,-0.00458685
M,0.0,0.0,0.0,0.0
M,0.0,0.0,0.0,0.0
M,0.0,0.0,0.0,0.0
M,0.0,0.0,0.0,0.0
M,0.0,0.0,0.0,0.0
M,0.0,0.0,0.0,0.0
M,-0.0271431,0.0,0.0,-0.0271431
M,0.0,0.0,0.0,0.0
M,0.0,0.0,0.0,0.0
M,0.0,0.0,0.0,0.0
M,0.0,0.0,0.0,0.0
M,-0.0276268,0.0,0.0,-0.0276268
M,0.0,0.0,0.0,0.0
M,0.0,0.0,0.0,0.0
M,0.0,0.0,0.0,0.0
M,0.0,0.0,0.0,0.0
M,0.0,0.0,0.0,0.0
M,0.0,0.0,0.0,0.0
M,0.0,0.0,0.0,0.0
M,0.0,0.0,0.0,0.0
M,0.0,0.0,0.0,0.0
M,0.0,0.0,0.0,0.0
M,0.0,0.0,0.0,0.0
M,0.0,0.0,0.0,0.0
M,0.0,0.0,0.0,0.0
M,0.0,0.0,0.0,0.0
M,0.0,0.0,0.0,0.0
M,0.0,0.0,0.0,0.0
M,0.0,0.0,0.0,0.0
M,0.0,0.0,0.0,0.0
M,0.0,0.0,0.0,0.0
M,0.0,0.0,0.0,0.0
M,0.0,0.0,0.0,0.0
M,0.0,0.0,0.0,0.0
M,0.0,0.0,0.0,0.0
M,0.0405494,0.0,0.0,0.0405494
M,0.0,0.0,0.0,0.0
M,0.0,0.0,0.0,0.0
M,0.0,0.0,0.0,0.0
M,0.0,0.0,0.0,0.0
M,0.0,0.0,0.0,0.0
M,0.0,0.0,0.0,0.0
M,0.0,0.0,0.0,0.0
M,0.0,0.0,0.0,0.0
M,0.0,0.0,0.0,0.0
M,0.00188589,0.0,0.0,0.00188589
M,0.0,0.0,0.0,0.0
M,0.0,0.0,0.0,0.0
M,0.0,0.0,0.0,0.0
M,0.0,0.0,0.0,0.0
M,0.0,0.0,0.0,0.0
M,0.0,0.0,0.0,0.0
M,0.0,0.0,0.0,0.0
M,-0.0198559,0.0,0.0,-0.0198559
M,-0.0771407,0.0,0.0,-0.0771407
M,0.0,0.0,0.0,0.0
M,0.0,-0.0691097,-0.0691097,-0.0691097
M,0.0,0.0,0.0,0.0
M,0.0,0.0,0.0,0.0
M,0.0,0.0,0.0,0.0
M,0.0,0.0,0.0,0.0
M,0.0,0.0,0.0,0.0
M,0.0,0.0,0.0,0.0
M,0.0,0.0,0.0,0.0
M,0.0,0.0,0.0,0.0
M,0.0,0.0,0.0,0.0
M,0.0,0.0,0.0,0.0
M,0.0,0.0,0.0,0.0
M,0.0,0.0,0.0,0.0
M,0.0,0.0,0.0,0.0
M,0.0,0.0,0.0,0.0
M,0.0,0.0,0.0,0.0
M,0.0,0.0,0.0,0.0
M,0.0,0.0,0.0,0.0
M,0.0,0.0,0.0,0.0
M,0.0,0.0,0.0,0.0
M,0.0,0.0,0.0,0.0
M,0.0,0.0,0.0,0.0
M,0.0,0.0,0.0,0.0
M,0.0,0.0,0.0,0.0
M,0.0,0.0,0.0,0.0
M,0.0,0.0,0.0,0.0
M,0.0440367,0.0,0.0,0.0440367
M,0.0,0.0,0.0,0.0
M,-0.0139337,0.0,0.0,-0.0139337
M,0.0,0.0,0.0,0.0
M,0.0,-0.0237008,-0.0237008,-0.0237008
M,0.0,0.0,0.0,0.0
M,0.0,0.0,0.0,0.0
M,0.0776688,0.0,0.0,0.0776688
M,0.0,0.0,0.0,0.0
M,0.0,0.0,0.0,0.0
M,0.0,0.0,0.0,0.0
M,0.0,0.0,0.0,0.0
M,0.0,0.0,0.0,0.0
M,0.0,0.0,0.0,0.0
M,0.0,0.0,0.0,0.0
M,-0.0790831,0.0,0.0,-0.0790831
M,0.0,0.0,0.0,0.0
M,0.0,0.0,0.0,0.0
M,0.0,0.0,0.0,0.0
M,0.0,0.0,0.0,0.0
M,0.0,0.0,0.0,0.0
M,0.0,0.0,0.0,0.0
M,0.0,0.0,0.0,0.0
M,0.0,0.0,0.0,0.0
M,0.0,0.0,0.0,0.0
M,0.0,0.0,0.0,0.0
M,-0.0102701,0.0,0.0,-0.0102701
M,0.0,0.0,0.0,0.0
M,0.0,0.0,0.0,0.0
M,0.0,0.0,0.0,0.0
M,-0.0523906,0.0,0.0,-0.0523906
M,0.0,0.0,0.0,0.0
M,0.0,0.0,0.0,0.0
M,0.0,0.0,0.0,0.0
M,0.0,0.0,0.0,0.0
M,0.0,0.0,0.0,0.0
M,0.0,0.0,0.0,0.0
M,0.0,0.0,0.0,0.0
M,0.0,0.0,0.0,0.0
M,0.000803695,0.0,0.0,0.000803695
M,0.0,0.0,0.0,0.0
M,-0.000178653,0.0,0.0,-0.000178653
M,0.0869665,0.0,0.0,0.0869665
M,0.0,0.0,0.0,0.0
M,0.0,0.0,0.0,0.0
M,0.0169528,0.0,0.0,0.0169528
M,0.0,0.0,0.0,0.0
M,0.0,0.0,0.0,0.0
M,0.0,0.0,0.0,0.0
M,0.0,0.0,0.0,0.0
M,0.0,0.0,0.0,0.0
M,0.00569328,0.0,0.0,0.00569328
M,-0.0367323,0.0,0.0,-0.0367323
M,0.0,0.0,0.0,0.0
M,0.0,0.0,0.0,0.0
M,0.0,0.0,0.0,0.0
M,0.0,0.0,0.0,0.0
M,0.0,0.0,0.0,0.0
M,0.0,0.0,0.0,0.0
M,0.0,0.0,0.0,0.0
M,0.0,0.0,0.0,0.0
M,0.0321712,0.0,0.0,0.0321712
M,0.0705441,0.0,0.0,0.0705441
M,-0.0881469,0.0,0.0,-0.0881469
M,0.0,0.0,0.0,0.0
M,0.0,0.0,0.0,0.0
M,0.0203463,0.0,0.0,0.0203463
M,0.0,0.0,0.0,0.0
M,0.0,0.0,0.0,0.0
M,0.0496598,0.0,0.0,0.0496598
M,0.0,0.0,0.0,0.0
M,0.0,0.0,0.0,0.0
M,0.0,0.0,0.0,0.0
M,0.0,0.0,0.0,0.0
M,0.0,0.0,0.0,0.0
M,0.0,0.0,0.0,0.0
M,0.0,0.0,0.0,0.0
M,0.0405494,0.0,0.0,0.0405494
M,0.0,0.0,0.0,0.0
M,0.0,0.0,0.0,0.0
M,0.0,0.0,0.0,0.0
M,0.0467905,0.0,0.0,0.0467905
M,0.0,0.0,0.0,0.0
M,-0.000813275,0.0,0.0,-0.000813275
M,0.0,0.0,0.0,0.0
M,0.0,0.0,0.0,0.0
M,0.0,0.0,0.0,0.0
M,-0.0566973,0.0,0.0,-0.0566973
M,0.0,0.0,0.0,0.0
M,0.0,0.0,0.0,0.0
M,0.0,0.0,0.0,0.0
M,0.0330583,0.0,0.0,0.0330583
M,0.0,0.0,0.0,0.0
M,0.0,0.0,0.0,0.0
M,0.0,0.0,0.0,0.0
M,0.0,0.0,0.0,0.0
M,0.0,0.0,0.0,0.0
M,-0.00862504,0.0,0.0,-0.00862504
M,0.0,0.0,0.0,0.0
M,0.0,0.0,0.0,0.0
M,0.0,0.0,0.0,0.0
M,0.0,0.0,0.0,0.0
M,0.0,0.0,0.0,0.0
M,0.0427623,0.0,0.0,0.0427623
M,-0.0323481,0.0,0.0,-0.0323481
M,0.0,0.0,0.0,0.0
M,0.0,0.0,0.0,0.0
M,0.0,0.0,0.0,0.0
M,-0.0348434,0.0,0.0,-0.0348434
M,0.0,0.0,0.0,0.0
M,0.0,0.0,0.0,0.0
M,-0.000813275,0.0,0.0,-0.000813275
M,0.0,0.0,0.0,0.0
M,0.0,0.0,0.0,0.0
M,0.0,0.0,0.0,0.0
M,0.0,0.0,0.0,0.0
M,0.0,0.0,0.0,0.0
M,0.0,0.0,0.0,0.0
M,0.0,0.0,0.0,0.0
M,0.00189295,0.0,0.0,0.00189295
M,0.0,0.0,0.0,0.0
M,0.0,0.0,0.0,0.0
M,0.0634115,0.0703942,0.0703942,0.133806
M,0.0,0.0,0.0,0.0
M,0.0,0.0,0.0,0.0
M,-0.00163036,0.0,0.0,-0.00163036
M,0.0,0.0,0.0,0.0
M,0.0,0.0,0.0,0.0
M,0.0,0.0,0.0,0.0
M,0.0,-0.0121621,-0.0121621,-0.0121621
M,0.0,0.0,0.0,0.0
M,0.0,0.0,0.0,0.0
M,0.0,0.0,0.0,0.0
M,0.0,0.0,0.0,0.0
M,0.0,0.0,0.0,0.0
M,0.0769886,0.0,0.0,0.0769886
M,-0.0367323,0.0,0.0,-0.0367323
M,0.0,0.0,0.0,0.0
M,0.0,0.0,0.0,0.0
M,0.0,0.0,0.0,0.0
M,0.0,0.0,0.0,0.0
M,0.0,0.0,0.0,0.0
M,0.0,0.0,0.0,0.0
M,0.0,0.0,0.0,0.0
M,0.0,0.0,0.0,0.0
M,-0.0181024,0.0,0.0,-0.0181024
M,0.0,0.0,0.0,0.0
M,0.0,0.0,0.0,0.0
M,0.0,0.0,0.0,0.0
M,0.0107561,0.0,0.0,0.0107561
M,0.0,0.0,0.0,0.0
M,0.0816468,0.0,0.0,0.0816468
M,-0.0595971,0.0,0.0,-0.0595971
M,0.0,0.0,0.0,0.0
M,0.0,0.0,0.0,0.0
M,0.0,0.0,0.0,0.0
M,0.0,0.0,0.0,0.0
M,0.0,0.0,0.0,0.0
M,0.0,0.0,0.0,0.0
M,0.0,0.0,0.0,0.0
M,0.0699906,0.0,0.0,0.0699906
M,0.0,0.0,0.0,0.0
M,-0.0516528,0.0,0.0,-0.0516528
M,0.0,0.0,0.0,0.0
M,0.0,0.0,0.0,0.0
M,0.0,0.0,0.0,0.0
M,0.0,0.0,0.0,0.0
M,-0.0966342,0.0,0.0,-0.0966342
M,0.0,0.0,0.0,0.0
M,0.0,0.0,0.0,0.0
M,0.0,0.0,0.0,0.0
M,0.0,0.0,0.0,0.0
M,0.0,0.0,0.0,0.0
M,0.0137519,0.0,0.0,0.0137519
M,0.0,0.0,0.0,0.0
M,0.0,0.0,0.0,0.0
M,0.0,0.0,0.0,0.0
M,0.0,0.0,0.0,0.0
M,0.0,0.0,0.0,0.0
M,0.0,0.0,0.0,0.0
M,0.049212,0.0,0.0,0.049212
M,0.0,0.0,0.0,0.0
M,-0.0459127,0.0,0.0,-0.0459127
M,-0.0699417,0.0,0.0,-0.0699417
M,0.0,0.0,0.0,0.0
M,0.0,0.0,0.0,0.0
M,0.0,0.0,0.0,0.0
M,0.0,0.0,0.0,0.0
M,0.0,0.0,0.0,0.0
M,0.0,0.0,0.0,0.0
M,0.0,0.0,0.0,0.0
M,0.0735644,0.0,0.0,0.0735644
M,0.0,0.0,0.0,0.0
M,0.0,0.0,0.0,0.0
M,0.0253253,0.0,0.0,0.0253253
M,0.0,0.0,0.0,0.0
M,0.0,0.0,0.0,0.0
M,0.0,0.0,0.0,0.0
M,0.0596925,0.0,0.0,0.0596925
M,0.0,0.0,0.0,0.0
M,0.0,0.0,0.0,0.0
M,0.00749955,0.0,0.0,0.00749955
M,0.0,0.0,0.0,0.0
M,0.0,0.0,0.0,0.0
M,0.0,0.0,0.0,0.0
M,0.0,0.0,0.0,0.0
M,0.0,0.0,0.0,0.0
M,0.0,0.0,0.0,0.0
M,0.0,0.0,0.0,0.0
M,0.0,0.0,0.0,0.0
M,0.0,0.0,0.0,0.0
M,0.0,0.0,0.0,0.0
M,0.0,0.0,0.0,0.0
M,0.0,0.0,0.0,0.0
M,0.0,0.0,0.0,0.0
M,0.0,0.0,0.0,0.0
M,0.0,0.0,0.0,0.0
M,0.0,0.0,0.0,0.0
M,0.0,0.0,0.0,0.0
M,0.0728478,0.0,0.0,0.0728478
M,0.0,0.0,0.0,0.0
M,0.0,0.0,0.0,0.0
M,-0.0516528,0.0,0.0,-0.0516528
M,0.0,0.0,0.0,0.0
M,0.0,0.0,0.0,0.0
M,0.0,0.0,0.0,0.0
M,0.00180259,0.0,0.0,0.00180259
M,0.0,0.0,0.0,0.0
M,0.0,0.0,0.0,0.0
M,0.0,0.0,0.0,0.0
M,0.0,0.0,0.0,0.0
M,0.0,0.0,0.0,0.0
M,0.0,0.0,0.0,0.0
M,0.0,0.0,0.0,0.0
M,0.00405593,0.0,0.0,0.00405593
M,0.0,0.0,0.0,0.0
M,0.0,0.0,0.0,0.0
M,0.0,0.0,0.0,0.0
M,0.0,0.0,0.0,0.0
M,0.0,0.0,0.0,0.0
M,0.0,0.0,0.0,0.0
M,0.0,0.0,0.0,0.0
M,0.0,0.0,0.0,0.0
M,-0.0336059,0.0,0.0,-0.0336059
M,0.0,0.0,0.0,0.0
M,0.0,0.0,0.0,0.0
M,0.0,0.0,0.0,0.0
M,0.0223035,0.0,0.0,0.0223035
M,0.0,0.0,0.0,0.0
M,0.0,0.0,0.0,0.0
M,0.0,0.0,0.0,0.0
M,0.0,0.0,0.0,0.0
M,0.0,0.0,0.0,0.0
M,0.0,0.0,0.0,0.0
M,0.0,0.0,0.0,0.0
M,0.0,0.0,0.0,0.0
M,0.0,0.0,0.0,0.0
M,0.0,0.0,0.0,0.0
M,0.0,0.0,0.0,0.0
M,0.0690582,0.0,0.0,0.0690582
M,0.00180259,0.0,0.0,0.00180259
M,0.0136111,0.0,0.0,0.0136111
M,0.0,0.0,0.0,0.0
M,0.0,0.0,0.0,0.0
M,0.0,0.0,0.0,0.0
M,0.0,0.0,0.0,0.0
M,0.00569328,0.0,0.0,0.00569328
M,0.0,0.0,0.0,0.0
M,-0.0307926,0.0,0.0,-0.0307926
M,0.0,0.0,0.0,0.0
M,0.0,0.0,0.0,0.0
M,0.0,0.0,0.0,0.0
M,0.0,0.0,0.0,0.0
M,0.0,0.0,0.0,0.0
M,0.0,0.0,0.0,0.0
M,0.0,0.0,0.0,0.0
M,0.0,0.0,0.0,0.0
M,0.0,0.0,0.0,0.0
M,0.0,0.0,0.0,0.0
M,0.0,0.0,0.0,0.0
M,0.0,0.0,0.0,0.0
M,0.0,0.0,0.0,0.0
M,0.0,0.0,0.0,0.0
M,0.0,0.0,0.0,0.0
M,0.0,-0.0237008,-0.0237008,-0.0237008
M,-0.0198559,0.0,0.0,-0.0198559
M,0.0,0.0,0.0,0.0
M,0.0,0.0,0.0,0.0
M,-0.0697757,0.0,0.0,-0.0697757
M,0.0,0.0,0.0,0.0
M,0.0927159,0.0,0.0,0.0927159
M,0.0,0.0,0.0,0.0
M,-0.00887943,0.0,0.0,-0.00887943
M,0.0,0.0,0.0,0.0
M,0.0905625,0.0,0.0,0.0905625
M,0.0,0.0,0.0,0.0
M,0.0,0.0,0.0,0.0
M,0.0,0.0,0.0,0.0
M,0.0,0.0,0.0,0.0
M,0.0,0.0,0.0,0.0
M,0.0,0.0,0.0,0.0
M,0.0,0.0,0.0,0.0
M,0.0,0.0,0.0,0.0
M,0.0,0.0,0.0,0.0
M,0.0,0.0,0.0,0.0
M,0.0,0.0,0.0,0.0
M,-0.0294821,0.0,0.0,-0.0294821
M,0.107037,0.0,0.0,0.107037
M,0.0,0.0,0.0,0.0
M,0.0,0.0,0.0,0.0
M,0.0,0.0,0.0,0.0
M,0.0,0.0,0.0,0.0
M,0.0,0.0,0.0,0.0
M,0.0,0.0,0.0,0.0
M,0.0,0.0,0.0,0.0
M,0.0,0.0,0.0,0.0
M,0.0,0.0,0.0,0.0
M,0.0,0.0,0.0,0.0
M,0.0,0.0,0.0,0.0
M,0.0,0.0,0.0,0.0
M,0.0,0.0,0.0,0.0
M,0.0,0.0,0.0,0.0
M,0.0,0.0,0.0,0.0
M,0.0,0.0,0.0,0.0
M,0.0,0.0,0.0,0.0
M,0.0,0.0,0.0,0.0
M,0.0,0.0,0.0,0.0
M,0.0,0.0,0.0,0.0
M,-0.0531977,0.0,0.0,-0.0531977
M,0.0,0.0,0.0,0.0
M,0.0,0.0,0.0,0.0
M,0.0,0.0,0.0,0.0
M,0.0,0.0,0.0,0.0
M,0.0,0.0,0.0,0.0
M,0.0,0.0,0.0,0.0
M,0.0,0.0,0.0,0.0
M,0.0499511,0.0,0.0,0.0499511
M,0.0,0.0,0.0,0.0
M,0.0,0.0,0.0,0.0
M,0.0,0.0,0.0,0.0
M,0.0,0.0,0.0,0.0
M,0.0,0.0,0.0,0.0
M,0.0,0.0,0.0,0.0
M,-0.00887943,0.0,0.0,-0.00887943
M,0.0,0.0,0.0,0.0
M,0.0,0.0,0.0,0.0
M,0.0,0.0,0.0,0.0
M,0.0,0.0,0.0,0.0
M,0.0,0.0,0.0,0.0
M,0.0,0.0,0.0,0.0
M,0.0,0.0,0.0,0.0
M,0.0,0.0,0.0,0.0
M,0.0,0.0,0.0,0.0
M,-0.0150637,0.0,0.0,-0.0150637
M,0.0,0.0,0.0,0.0
M,0.0,0.0,0.0,0.0
M,0.0182383,0.0,0.0,0.0182383
M,0.0,0.0,0.0,0.0
M,-0.0570442,0.0,0.0,-0.0570442
M,0.0,0.0,0.0,0.0
M,-0.0300129,0.0,0.0,-0.0300129
M,0.0,0.0,0.0,0.0
M,0.0,0.0,0.0,0.0
M,0.0,0.0,0.0,0.0
M,0.0,0.0,0.0,0.0
M,0.0,0.0,0.0,0.0
M,-0.0677629,0.0,0.0,-0.0677629
M,-0.0566973,0.0,0.0,-0.0566973
M,0.0,0.0,0.0,0.0
M,0.0,0.0,0.0,0.0
M,0.0,0.0,0.0,0.0
M,0.0,0.0,0.0,0.0
M,0.0,0.0,0.0,0.0
M,-0.00946318,0.0,0.0,-0.00946318
M,0.0,0.0,0.0,0.0
M,0.0,0.0,0.0,0.0
M,0.0,0.0,0.0,0.0
M,0.0,0.0,0.0,0.0
M,0.0,0.0,0.0,0.0
M,0.0,0.0,0.0,0.0
M,0.0,0.0,0.0,0.0
M,0.0,0.0,0.0,0.0
M,0.0,0.0,0.0,0.0
M,0.0,0.0,0.0,0.0
M,0.037124,0.0,0.0,0.037124
M,0.0,0.0,0.0,0.0
M,0.0405494,0.0,0.0,0.0405494
M,0.0,0.0,0.0,0.0
M,0.0,0.0,0.0,0.0
M,-0.0233716,0.0,0.0,-0.0233716
M,0.112625,0.0,0.0,0.112625
M,0.0,0.0,0.0,0.0
M,0.0,0.0,0.0,0.0
M,0.0,0.0,0.0,0.0
M,0.0,0.0,0.0,0.0
M,0.0,0.0,0.0,0.0
M,0.0,0.0,0.0,0.0
M,0.0,0.0,0.0,0.0
M,-0.0818725,0.0,0.0,-0.0818725
M,0.0,0.0,0.0,0.0
M,0.0,0.0,0.0,0.0
M,0.0,0.0,0.0,0.0
M,0.0,0.0,0.0,0.0
M,0.0,0.0,0.0,0.0
M,0.0,0.0,0.0,0.0
M,0.0,0.0,0.0,0.0
M,0.0,0.0,0.0,0.0
M,0.0,0.0,0.0,0.0
M,0.0,0.0,0.0,0.0
M,0.00951122,0.0,0.0,0.00951122
M,-0.0396999,0.0,0.0,-0.0396999
M,0.0,0.0,0.0,0.0
M,0.0,0.0,0.0,0.0
M,0.0,0.0,0.0,0.0
M,0.0,0.0,0.0,0.0
M,0.0,0.0,0.0,0.0
M,0.0,0.0,0.0,0.0
M,0.0,0.0,0.0,0.0
M,0.0,0.0,0.0,0.0
M,0.0,0.0,0.0,0.0
M,0.0,0.0,0.0,0.0
M,-0.00460849,0.0,0.0,-0.00460849
M,0.0,0.0,0.0,0.0
M,0.0,0.0,0.0,0.0
M,0.0,0.0,0.0,0.0
M,0.0,0.0,0.0,0.0
M,0.0,0.0,0.0,0.0
M,0.0,0.0,0.0,0.0
M,0.0,0.0,0.0,0.0
M,0.0,0.0,0.0,0.0
M,-0.102587,0.0,0.0,-0.102587
M,0.0,0.0,0.0,0.0
M,0.0,0.0,0.0,0.0
M,0.0,0.0,0.0,0.0
M,0.0,0.0,0.0,0.0
M,0.0,0.0,0.0,0.0
M,0.0,0.0,0.0,0.0
M,-0.0566973,0.0,0.0,-0.0566973
M,0.0247782,0.0,0.0,0.0247782
M,0.0,0.0,0.0,0.0
M,0.0,0.0,0.0,0.0
M,-0.0792517,0.0,0.0,-0.0792517
M,0.0,0.0,0.0,0.0
M,0.0,0.0,0.0,0.0
M,0.0,0.0,0.0,0.0
M,-0.013521,0.0,0.0,-0.013521
M,0.0266702,0.0,0.0,0.0266702
M,0.0,0.0,0.0,0.0
M,0.0,0.0,0.0,0.0
M,0.0,0.0,0.0,0.0
M,0.0,0.0,0.0,0.0
M,0.0,0.0,0.0,0.0
M,0.0,0.0,0.0,0.0
M,0.0,0.0,0.0,0.0
M,0.0,0.0,0.0,0.0
M,0.0,0.0,0.0,0.0
M,-0.0198559,0.0,0.0,-0.0198559
M,0.0,0.0,0.0,0.0
M,0.0,0.0,0.0,0.0
M,0.0,0.0,0.0,0.0
M,0.0,0.0,0.0,0.0
M,0.0,0.0,0.0,0.0
M,0.0,0.0,0.0,0.0
M,0.0,0.0,0.0,0.0
M,0.0,0.0,0.0,0.0
M,0.0,0.0,0.0,0.0
M,0.0,0.0,0.0,0.0
M,0.0,0.0,0.0,0.0
M,-0.0347299,0.0,0.0,-0.0347299
M,0.0,0.0,0.0,0.0
M,0.0,0.0,0.0,0.0
M,0.0,0.0,0.0,0.0
M,0.0,0.0,0.0,0.0
M,0.0,0.0,0.0,0.0
M,0.0,0.0,0.0,0.0
M,0.0268636,0.0,0.0,0.0268636
M,0.0,0.0,0.0,0.0
M,0.0342565,0.0,0.0,0.0342565
M,0.0,0.0,0.0,0.0
M,0.0,0.0,0.0,0.0
M,0.0,0.0,0.0,0.0
M,0.0,0.0,0.0,0.0
M,0.0,0.0,0.0,0.0
M,0.0500938,0.0,0.0,0.0500938
M,0.0,0.0,0.0,0.0
M,0.0,0.0,0.0,0.0
M,0.0,0.0,0.0,0.0
M,0.0,0.0,0.0,0.0
M,0.0,0.0,0.0,0.0
M,-0.0377941,0.0,0.0,-0.0377941
M,0.0,0.0,0.0,0.0
M,0.0,0.0,0.0,0.0
M,0.0,0.0,0.0,0.0
M,0.0,0.0,0.0,0.0
M,0.0,0.0,0.0,0.0
M,0.0,0.0,0.0,0.0
M,0.0,0.0,0.0,0.0
M,0.0,0.0,0.0,0.0
M,0.0,0.0,0.0,0.0
M,0.0,0.0,0.0,0.0
M,0.0,0.0,0.0,0.0
M,0.0,0.0,0.0,0.0
M,-0.0348762,-0.0148161,-0.0148161,-0.0496922
M,0.0,0.0,0.0,0.0
M,0.0,0.0,0.0,0.0
M,0.0,0.0,0.0,0.0
M,0.0,0.0,0.0,0.0
M,-0.00460849,0.0,0.0,-0.00460849
M,0.0,0.0,0.0,0.0
M,0.0,0.0,0.0,0.0
M,0.0,0.0,0.0,0.0
M,0.0,0.0,0.0,0.0
M,0.0,0.0,0.0,0.0
M,0.0,0.0,0.0,0.0
M,0.0,0.0,0.0,0.0
M,0.0,0.0,0.0,0.0
M,0.0,0.0,0.0,0.0
M,0.0,0.0,0.0,0.0
M,0.0,0.0,0.0,0.0
M,0.0,0.0,0.0,0.0
M,0.0,0.0,0.0,0.0
M,0.0,0.0,0.0,0.0
M,0.0,0.0,0.0,0.0
M,-0.0295516,0.0,0.0,-0.0295516
M,0.0,0.0,0.0,0.0
M,0.0,0.0,0.0,0.0
M,-0.0672196,0.0,0.0,-0.0672196
M,0.0,0.0,0.0,0.0
M,0.0,0.0,0.0,0.0
M,0.0,0.0,0.0,0.0
M,0.0,0.0,0.0,0.0
M,0.0,0.0,0.0,0.0
M,-0.0158889,0.0,0.0,-0.0158889
M,0.0,0.0,0.0,0.0
M,-0.0600453,0.0,0.0,-0.0600453
M,-0.00163036,0.0,0.0,-0.00163036
M,0.0,0.0,0.0,0.0
M,0.0,0.0,0.0,0.0
M,0.0,0.0,0.0,0.0
M,0.0,0.0,0.0,0.0
M,0.0,0.0,0.0,0.0
M,0.0,0.0,0.0,0.0
M,0.0,0.0,0.0,0.0
M,0.0,0.0,0.0,0.0
M,0.0,0.0,0.0,0.0
M,0.0,0.0,0.0,0.0
M,0.0,0.0,0.0,0.0
M,0.0,0.0,0.0,0.0
M,0.0,0.0,0.0,0.0
M,0.0,0.0,0.0,0.0
M,0.0137519,0.0,0.0,0.0137519
M,0.0,0.0,0.0,0.0
M,0.0,0.0,0.0,0.0
M,0.0,0.0,0.0,0.0
M,0.0,0.0,0.0,0.0
M,0.0,0.0,0.0,0.0
M,0.0,0.0,0.0,0.0
M,0.0,0.0,0.0,0.0
M,0.0,0.0,0.0,0.0
M,0.0,0.0,0.0,0.0
M,0.0,0.0,0.0,0.0
M,0.0183861,0.0,0.0,0.0183861
M,-0.00709793,0.0,0.0,-0.00709793
M,0.0,0.0,0.0,0.0
M,0.0,0.0,0.0,0.0
M,0.0,0.0,0.0,0.0
M,0.0,0.0,0.0,0.0
M,0.0,0.0,0.0,0.0
M,0.0,0.0,0.0,0.0
M,0.0,0.0,0.0,0.0
M,-0.0116649,0.0,0.0,-0.0116649
M,0.0144891,0.0,0.0,0.0144891
M,0.0,0.0,0.0,0.0
M,0.0,0.0,0.0,0.0
M,0.0,0.0,0.0,0.0
M,0.0,0.0,0.0,0.0
M,0.0,0.0,0.0,0.0
M,0.0,0.0,0.0,0.0
M,0.0,0.0,0.0,0.0
M,0.0,0.0,0.0,0.0
M,0.0,0.0,0.0,0.0
M,0.0,0.0,0.0,0.0
M,0.0,0.0,0.0,0.0
M,0.0,0.0,0.0,0.0
M,0.0,0.0,0.0,0.0
M,0.0,0.0,0.0,0.0
M,0.0,0.0,0.0,0.0
M,0.0,0.0,0.0,0.0
M,0.0,0.0,0.0,0.0
M,0.0,0.0,0.0,0.0
M,0.0,0.0,0.0,0.0
M,0.0,0.0,0.0,0.0
M,0.0,0.0,0.0,0.0
M,0.0,0.0,0.0,0.0
M,0.0,0.0,0.0,0.0
M,0.0,0.0,0.0,0.0
M,0.0,0.0,0.0,0.0
M,0.0,0.0,0.0,0.0
M,0.0,0.0,0.0,0.0
M,0.0,0.0,0.0,0.0
M,0.0,0.0,0.0,0.0
M,0.0,0.0,0.0,0.0
M,0.0,0.0,0.0,0.0
M,0.0,0.0,0.0,0.0
M,0.0,0.0,0.0,0.0
M,0.0,0.0,0.0,0.0
M,0.0,0.0,0.0,0.0
M,0.0,0.0,0.0,0.0
M,0.0,0.0,0.0,0.0
M,0.0,0.0,0.0,0.0
M,0.0,0.0,0.0,0.0
M,0.0,0.0,0.0,0.0
M,0.0,0.0,0.0,0.0
M,0.0,0.0,0.0,0.0
M,0.0,0.0,0.0,0.0
M,0.0,0.0,0.0,0.0
M,0.0,0.0,0.0,0.0
M,0.0,0.0,0.0,0.0
M,0.0,0.0,0.0,0.0
M,0.0,0.0,0.0,0.0
M,0.0,0.0,0.0,0.0
M,0.0,0.0,0.0,0.0
M,0.0,0.0,0.0,0.0
M,0.0,0.0,0.0,0.0
M,0.0,0.0,0.0,0.0
M,0.0,0.0,0.0,0.0
M,0.0,0.0,0.0,0.0
M,0.0,0.0,0.0,0.0
M,0.0,0.0,0.0,0.0
M,0.0,0.0,0.0,0.0
M,0.0,0.0,0.0,0.0
M,0.0,0.0,0.0,0.0
M,-0.0179552,0.0,0.0,-0.0179552
M,0.0,0.0,0.0,0.0
M,-0.0377941,0.0,0.0,-0.0377941
M,0.0,0.0,0.0,0.0
M,0.0,0.0,0.0,0.0
M,0.0,0.0,0.0,0.0
M,0.0422676,0.0,0.0,0.0422676
M,0.0,0.0,0.0,0.0
M,0.0,0.0,0.0,0.0
M,0.0,0.0,0.0,0.0
M,0.0,0.0,0.0,0.0
M,0.0,0.0,0.0,0.0
M,0.0,0.0,0.0,0.0
M,0.0,0.0,0.0,0.0
M,-0.0989088,0.0,0.0,-0.0989088
M,-0.0114254,0.0,0.0,-0.0114254
M,0.0,0.0,0.0,0.0
M,0.0,0.0,0.0,0.0
M,0.0,0.0,0.0,0.0
M,0.0,0.0,0.0,0.0
M,0.0,0.0,0.0,0.0
M,0.0,0.0,0.0,0.0
M,0.0,0.0,0.0,0.0
M,-0.0593017,0.0,0.0,-0.0593017
M,0.0,0.0,0.0,0.0
M,0.0,0.0,0.0,0.0
M,0.0,0.0,0.0,0.0
M,0.0,0.0,0.0,0.0
M,0.0,0.0,0.0,0.0
M,0.00645341,0.0,0.0,0.00645341
M,0.0,0.0,0.0,0.0
M,-0.003276,0.0,0.0,-0.003276
M,-0.0762191,0.0,0.0,-0.0762191
M,0.0,0.0,0.0,0.0
M,0.0,0.0,0.0,0.0
M,0.0,0.0,0.0,0.0
M,0.0,0.0,0.0,0.0
M,0.0,0.0,0.0,0.0
M,0.0,0.0,0.0,0.0
M,0.0,0.0,0.0,0.0
M,0.0470187,0.0,0.0,0.0470187
M,0.0,0.0,0.0,0.0
M,0.0,0.0,0.0,0.0
M,0.0,0.0,0.0,0.0
M,0.0,0.0,0.0,0.0
M,-0.00339685,0.0,0.0,-0.00339685
M,0.0776688,0.0,0.0,0.0776688
M,0.0,0.0,0.0,0.0
M,0.0,0.0,0.0,0.0
M,0.0,0.0,0.0,0.0
M,0.000148934,0.0,0.0,0.000148934
M,0.0,0.0,0.0,0.0
M,0.0,0.0,0.0,0.0
M,0.0,0.0,0.0,0.0
M,0.0,0.0,0.0,0.0
M,0.0,0.0,0.0,0.0
M,0.0,0.0,0.0,0.0
M,0.0,0.0,0.0,0.0
M,-0.0437096,0.0,0.0,-0.0437096
M,0.0,0.0,0.0,0.0
M,0.0,0.0,0.0,0.0
M,0.0,0.0,0.0,0.0
M,0.0,0.0,0.0,0.0
M,0.0,0.0,0.0,0.0
M,0.0,0.0,0.0,0.0
M,-0.0162734,0.0,0.0,-0.0162734
M,0.0,0.0,0.0,0.0
M,0.0,0.0,0.0,0.0
M,0.0,0.0,0.0,0.0
M,0.0,0.0,0.0,0.0
M,-0.0298729,0.0,0.0,-0.0298729
M,0.0,0.0,0.0,0.0
M,0.0,0.0,0.0,0.0
M,0.0,0.0,0.0,0.0
M,0.0,0.0,0.0,0.0
M,0.0,0.0,0.0,0.0
M,0.0423242,0.0,0.0,0.0423242
M,-0.00546587,0.0,0.0,-0.00546587
M,0.0,0.0,0.0,0.0
M,0.00261157,0.0,0.0,0.00261157
M,0.0,0.0,0.0,0.0
M,0.0,0.0,0.0,0.0
M,0.0626404,0.0,0.0,0.0626404
M,0.0,0.0,0.0,0.0
M,0.0,0.0,0.0,0.0
M,0.0,0.0,0.0,0.0
M,0.0,0.0,0.0,0.0
M,0.0,0.0,0.0,0.0
M,0.0,0.0,0.0,0.0
M,0.0,0.0,0.0,0.0
M,0.0,0.0,0.0,0.0
M,0.0,0.0,0.0,0.0
M,0.0,0.0,0.0,0.0
M,0.0,0.0,0.0,0.0
M,0.0,0.0,0.0,0.0
M,0.0,0.0,0.0,0.0
M,0.0,0.0,0.0,0.0
M,0.0,0.0,0.0,0.0
M,0.0,0.0,0.0,0.0
M,0.0,0.0,0.0,0.0
M,0.0,0.0,0.0,0.0
M,0.0,0.0,0.0,0.0
M,0.0,0.0,0.0,0.0
M,0.0,0.0,0.0,0.0
M,0.0,0.0,0.0,0.0
M,0.0,0.0,0.0,0.0
M,0.0,0.0,0.0,0.0
M,0.0,0.0,0.0,0.0
M,0.0,0.0,0.0,0.0
M,0.0,0.0,0.0,0.0
M,0.0,0.0,0.0,0.0
M,0.0,0.0,0.0,0.0
M,0.0,0.0,0.0,0.0
M,0.0,0.0,0.0,0.0
M,0.0,0.0,0.0,0.0
M,-0.0681605,0.0,0.0,-0.0681605
M,0.0,0.0,0.0,0.0
M,0.0,0.0,0.0,0.0
M,0.0,0.0,0.0,0.0
M,0.0,0.0,0.0,0.0
M,0.0,0.0,0.0,0.0
M,0.0,0.0,0.0,0.0
M,0.0577568,0.0,0.0,0.0577568
M,0.0,0.0,0.0,0.0
M,0.0,0.0,0.0,0.0
M,0.0,0.0,0.0,0.0
M,0.0,0.0,0.0,0.0
M,-0.00535383,0.0,0.0,-0.00535383
M,0.0,0.0,0.0,0.0
M,0.0,0.0,0.0,0.0
M,0.0,0.0,0.0,0.0
M,0.0,0.0,0.0,0.0
M,0.0,0.0,0.0,0.0
M,0.0,0.0,0.0,0.0
M,0.0,0.0,0.0,0.0
M,0.0,0.0,0.0,0.0
M,0.0,0.0,0.0,0.0
M,0.0,0.0,0.0,0.0
M,0.0,0.0,0.0,0.0
M,0.0,0.0,0.0,0.0
M,-0.00460849,0.0,0.0,-0.00460849
M,0.0,0.0,0.0,0.0
M,0.0296166,0.0,0.0,0.0296166
M,0.0539159,0.0,0.0,0.0539159
M,0.0,0.0,0.0,0.0
M,0.0,0.0,0.0,0.0
M,0.0,0.0,0.0,0.0
M,0.0,0.0,0.0,0.0
M,0.0,0.0,0.0,0.0
M,0.0,0.0,0.0,0.0
M,0.0,0.0,0.0,0.0
M,0.0,0.0,0.0,0.0
M,0.037124,0.0,0.0,0.037124
M,0.0,0.0,0.0,0.0
M,0.0,0.0,0.0,0.0
M,0.0,0.0,0.0,0.0
M,-0.0377941,0.0,0.0,-0.0377941
M,-0.107776,0.0,0.0,-0.107776
M,0.0,0.0,0.0,0.0
M,0.0,0.0,0.0,0.0
M,0.0,0.0,0.0,0.0
M,0.0,0.0,0.0,0.0
M,0.0,0.0,0.0,0.0
M,-0.0751237,0.0,0.0,-0.0751237
M,0.0,0.0,0.0,0.0
M,0.0,0.0,0.0,0.0
M,0.0,0.0,0.0,0.0
M,0.0,0.0,0.0,0.0
M,0.0322835,0.0,0.0,0.0322835
M,0.00594515,0.0,0.0,0.00594515
M,0.0,0.0,0.0,0.0
M,0.0,0.0,0.0,0.0
M,0.0644546,0.0,0.0,0.0644546
M,0.0,0.0,0.0,0.0
M,0.0,0.0,0.0,0.0
M,0.101431,0.0,0.0,0.101431
M,0.0,0.0,0.0,0.0
M,0.0,0.0,0.0,0.0
M,0.0,0.0,0.0,0.0
M,0.0,0.0,0.0,0.0
M,0.0183838,0.0,0.0,0.0183838
M,0.0,0.0,0.0,0.0
M,0.0,0.0,0.0,0.0
M,0.0,0.0,0.0,0.0
M,0.0,0.0,0.0,0.0
M,0.0693541,0.0,0.0,0.0693541
M,-0.0274273,0.0,0.0,-0.0274273
M,0.0,0.0,0.0,0.0
M,0.0,0.0,0.0,0.0
M,0.0,0.0,0.0,0.0
M,0.0,0.0,0.0,0.0
M,0.0,0.0,0.0,0.0
M,0.0,0.0,0.0,0.0
M,0.0,0.0,0.0,0.0
M,0.0,0.0,0.0,0.0
M,0.0,0.0,0.0,0.0
M,-0.00986452,0.0,0.0,-0.00986452
M,-0.00337513,0.0,0.0,-0.00337513
M,0.0,0.0,0.0,0.0
M,0.0,0.0,0.0,0.0
M,0.0,0.0,0.0,0.0
M,0.0,0.0,0.0,0.0
M,0.0,0.0,0.0,0.0
M,0.0,0.0,0.0,0.0
M,0.0,0.0,0.0,0.0
M,0.0,0.0,0.0,0.0
M,0.0,0.0,0.0,0.0
M,0.0,0.0,0.0,0.0
M,0.0,0.0,0.0,0.0
M,0.0693541,0.0,0.0,0.0693541
M,0.0,0.0,0.0,0.0
M,0.0,0.0,0.0,0.0
M,0.0,0.0,0.0,0.0
M,0.0,0.0,0.0,0.0
M,0.0,0.0,0.0,0.0
M,0.0,0.0,0.0,0.0
M,0.0,0.0,0.0,0.0
M,0.0,0.0,0.0,0.0
M,0.0,0.0,0.0,0.0
M,0.0,0.0,0.0,0.0
M,0.0,0.0,0.0,0.0
M,0.0,0.0,0.0,0.0
M,-0.0278617,0.0,0.0,-0.0278617
M,0.0,0.0,0.0,0.0
M,0.0,0.0,0.0,0.0
M,0.0,0.0,0.0,0.0
M,0.0,0.0,0.0,0.0
M,0.0,0.0,0.0,0.0
M,-0.00535383,0.0,0.0,-0.00535383
M,0.00754869,0.0,0.0,0.00754869
M,0.0,0.0,0.0,0.0
M,0.0,0.0,0.0,0.0
M,0.0,0.0,0.0,0.0
M,0.0,0.0,0.0,0.0
M,0.0,0.0,0.0,0.0
M,0.0103305,0.0,0.0,0.0103305
M,0.0,0.0,0.0,0.0
M,0.0,0.0,0.0,0.0
M,0.0,0.0,0.0,0.0
M,0.0,0.0,0.0,0.0
M,0.0,0.0,0.0,0.0
M,0.0,0.0,0.0,0.0
M,0.0423488,0.0,0.0,0.0423488
M,0.0,0.0,0.0,0.0
M,0.0452822,0.0,0.0,0.0452822
M,0.0,0.0,0.0,0.0
M,0.0,0.0,0.0,0.0
M,0.0,0.0,0.0,0.0
M,0.0,0.0,0.0,0.0
M,0.0,0.0,0.0,0.0
M,0.0,0.0,0.0,0.0
M,0.0,0.0,0.0,0.0
M,0.0,0.0,0.0,0.0
M,0.0,0.0,0.0,0.0
M,0.0,0.0,0.0,0.0
M,0.0,0.0,0.0,0.0
M,0.0,0.0,0.0,0.0
M,0.0,0.0,0.0,0.0
M,0.0,0.0,0.0,0.0
M,0.0,0.0,0.0,0.0
M,0.0,0.0,0.0,0.0
M,0.0,0.0,0.0,0.0
M,0.0,0.0,0.0,0.0
M,0.0,0.0,0.0,0.0
M,0.0,0.0,0.0,0.0
M,0.0,0.0,0.0,0.0
M,0.0,0.0,0.0,0.0
M,0.0,0.0,0.0,0.0
M,0.0,0.0,0.0,0.0
M,0.0,0.0,0.0,0.0
M,-0.0378832,0.0,0.0,-0.0378832
M,0.0,0.0,0.0,0.0
M,0.0,0.0,0.0,0.0
M,0.0,0.0,0.0,0.0
M,0.0,0.0,0.0,0.0
M,0.0,0.0,0.0,0.0
M,0.0,0.0,0.0,0.0
M,0.0,0.0,0.0,0.0
M,-0.0377941,0.0,0.0,-0.0377941
M,0.0,0.0,0.0,0.0
M,0.0,0.0,0.0,0.0
M,0.0,0.0,0.0,0.0
M,0.0,0.0,0.0,0.0
M,0.0,0.0,0.0,0.0
M,0.0779633,0.0,0.0,0.0779633
M,0.0,0.0,0.0,0.0
M,0.07467,0.0,0.0,0.07467
M,0.0,0.0,0.0,0.0
M,0.0,0.0,0.0,0.0
M,-0.0295516,0.0,0.0,-0.0295516
M,7.13206e-05,0.0,0.0,7.13206e-05
M,0.0,0.0,0.0,0.0
M,0.0581034,0.0,0.0,0.0581034
M,0.0,0.0,0.0,0.0
M,0.0,0.0,0.0,0.0
M,-0.0185764,0.0,0.0,-0.0185764
M,0.0,0.0,0.0,0.0
M,0.0,0.0,0.0,0.0
M,0.0,0.0,0.0,0.0
M,0.0,0.0,0.0,0.0
M,0.0,0.0,0.0,0.0
M,0.0,0.0,0.0,0.0
M,0.0,0.0,0.0,0.0
M,0.0,0.0,0.0,0.0
M,0.0,0.0,0.0,0.0
M,0.0,0.0,0.0,0.0
M,0.0,0.0,0.0,0.0
M,0.0,0.0,0.0,0.0
M,0.0,0.0,0.0,0.0
M,-0.00862504,0.0,0.0,-0.00862504
M,0.0,0.0,0.0,0.0
M,0.0,0.0,0.0,0.0
M,0.0,0.0,0.0,0.0
M,-0.0164664,0.0,0.0,-0.0164664
M,0.0,0.0,0.0,0.0
M,0.0,0.0,0.0,0.0
M,0.0,0.0,0.0,0.0
M,0.0,0.0,0.0,0.0
M,0.0,0.0,0.0,0.0
M,0.0,0.0,0.0,0.0
M,0.0,0.0,0.0,0.0
M,0.0,0.0,0.0,0.0
M,-0.024795,0.0,0.0,-0.024795
M,0.0,0.0,0.0,0.0
M,0.00903846,0.0,0.0,0.00903846
M,0.0,0.0,0.0,0.0
M,0.0,0.0,0.0,0.0
M,0.0,0.0,0.0,0.0
M,0.0,0.0,0.0,0.0
M,0.0209974,0.0,0.0,0.0209974
M,0.0,0.0,0.0,0.0
M,0.0,0.0,0.0,0.0
M,0.0,0.0,0.0,0.0
M,0.0,0.0,0.0,0.0
M,0.039453,0.0,0.0,0.039453
M,0.0,0.0,0.0,0.0
M,0.0,0.0,0.0,0.0
M,0.0,0.0,0.0,0.0
M,0.0,0.0,0.0,0.0
M,0.0,0.0,0.0,0.0
M,0.0,0.0,0.0,0.0
M,0.0,0.0,0.0,0.0
M,0.088122,0.0,0.0,0.088122
M,0.0,0.0,0.0,0.0
M,0.0,0.0,0.0,0.0
M,0.0,0.0,0.0,0.0
M,0.0,0.0,0.0,0.0
M,0.0,0.0,0.0,0.0
M,0.0,0.0,0.0,0.0
M,0.0,0.0,0.0,0.0
M,0.00709897,0.0,0.0,0.00709897
M,0.0,0.0,0.0,0.0
M,0.0,0.0,0.0,0.0
M,0.0,0.0,0.0,0.0
M,0.0,0.0,0.0,0.0
M,0.0,0.0,0.0,0.0
M,0.0,0.0,0.0,0.0
M,0.0,0.0,0.0,0.0
M,0.0,0.0,0.0,0.0
M,0.0,0.0,0.0,0.0
M,0.0,0.0,0.0,0.0
M,0.0,0.0,0.0,0.0
M,0.0,0.0,0.0,0.0
M,0.0,0.0,0.0,0.0
M,0.0,0.0,0.0,0.0
M,0.0,0.0,0.0,0.0
M,0.0,0.0,0.0,0.0
M,0.0,0.0,0.0,0.0
M,0.0,0.0,0.0,0.0
M,0.0,0.0,0.0,0.0
M,0.0,0.0,0.0,0.0
M,0.0,0.0,0.0,0.0
M,0.0,0.0,0.0,0.0
M,0.0,0.0,0.0,0.0
M,0.0,0.0,0.0,0.0
M,0.0,0.0,0.0,0.0
M,0.0634115,0.0,0.0,0.0634115
M,0.0,0.0,0.0,0.0
M,0.0,0.0,0.0,0.0
M,0.0,0.0,0.0,0.0
M,0.0,0.0,0.0,0.0
M,-0.0645149,0.0,0.0,-0.0645149
M,0.0,0.0,0.0,0.0
M,0.0,0.0,0.0,0.0
M,0.0,0.0,0.0,0.0
M,0.0,0.0,0.0,0.0
M,0.0,0.0,0.0,0.0
M,0.0,0.0,0.0,0.0
M,-0.0248461,0.0,0.0,-0.0248461
M,0.0,0.0,0.0,0.0
M,0.0,0.0,0.0,0.0
M,0.0,0.0,0.0,0.0
M,0.0,0.0,0.0,0.0
M,-0.024504,0.0,0.0,-0.024504
M,0.0,0.0,0.0,0.0
M,0.0,0.0,0.0,0.0
M,0.0,0.0,0.0,0.0
M,0.0630695,0.0,0.0,0.0630695
M,-0.0114254,0.0,0.0,-0.0114254
M,0.0275261,0.0,0.0,0.0275261
M,0.0,0.0,0.0,0.0
M,0.0,0.0,0.0,0.0
M,0.0,0.0,0.0,0.0
M,0.0,0.0,0.0,0.0
M,0.0,0.0,0.0,0.0
M,0.0,0.0,0.0,0.0
M,0.0,0.0,0.0,0.0
M,0.0,0.0,0.0,0.0
M,0.0,0.0,0.0,0.0
M,-0.0121522,0.0,0.0,-0.0121522
M,0.0,0.0,0.0,0.0
M,0.0,0.0,0.0,0.0
M,0.0,0.0,0.0,0.0
M,0.0,0.0,0.0,0.0
M,0.0,0.0,0.0,0.0
M,0.0,0.0,0.0,0.0
M,0.0,0.0,0.0,0.0
M,0.0,0.0,0.0,0.0
M,0.0,0.0,0.0,0.0
M,0.0,0.0,0.0,0.0
M,0.0,0.0,0.0,0.0
M,0.0,0.0,0.0,0.0
M,0.0,0.0,0.0,0.0
M,0.0,0.0,0.0,0.0
M,-0.0645317,0.0,0.0,-0.0645317
M,0.0,0.0,0.0,0.0
M,0.00206412,0.0,0.0,0.00206412
M,0.0,0.0,0.0,0.0
M,0.0,0.0,0.0,0.0
M,0.0,0.0,0.0,0.0
M,0.0,0.0,0.0,0.0
M,-0.029441,0.0,0.0,-0.029441
M,-0.0256676,0.0,0.0,-0.0256676
M,0.0,0.0,0.0,0.0
M,0.0,0.0,0.0,0.0
M,0.0,0.0,0.0,0.0
M,0.0627566,0.0,0.0,0.0627566
M,0.0429267,0.0,0.0,0.0429267
M,0.0,0.0,0.0,0.0
M,0.0,0.0,0.0,0.0
M,0.0,0.0,0.0,0.0
M,0.0,0.0,0.0,0.0
M,0.0,0.0,0.0,0.0
M,0.0,0.0,0.0,0.0
M,0.0,0.0,0.0,0.0
M,0.0,0.0,0.0,0.0
M,0.0,0.0,0.0,0.0
M,0.0,0.0,0.0,0.0
M,0.0,0.0,0.0,0.0
M,0.0,0.0,0.0,0.0
M,0.0,0.0,0.0,0.0
M,-0.0248457,0.0,0.0,-0.0248457
M,0.0,0.0,0.0,0.0
M,0.0,0.0,0.0,0.0
M,0.0,0.0,0.0,0.0
M,0.0,0.0,0.0,0.0
M,0.0,0.0,0.0,0.0
M,0.0,0.0,0.0,0.0
M,0.0,0.0,0.0,0.0
M,0.0,0.0,0.0,0.0
M,0.0,0.0,0.0,0.0
M,0.0,0.0,0.0,0.0
M,0.0,0.0,0.0,0.0
M,0.0,0.0,0.0,0.0
M,0.0,0.0,0.0,0.0
M,0.0,0.0,0.0,0.0
M,0.0,0.0,0.0,0.0
M,0.0,0.0,0.0,0.0
M,0.0,0.0,0.0,0.0
M,0.0799925,0.0,0.0,0.0799925
M,0.0,0.0,0.0,0.0
M,0.0,0.0,0.0,0.0
M,0.0,0.0,0.0,0.0
M,0.0,0.0,0.0,0.0
M,0.0,0.0,0.0,0.0
M,0.0,0.0,0.0,0.0
M,-0.0462284,0.0,0.0,-0.0462284
M,0.0,0.0,0.0,0.0
M,0.0,0.0,0.0,0.0
M,0.0,0.0,0.0,0.0
M,0.0,0.0,0.0,0.0
M,0.0,0.0,0.0,0.0
M,0.0,0.0,0.0,0.0
M,0.0,0.0,0.0,0.0
M,0.0467905,0.0,0.0,0.0467905
M,0.0,0.0,0.0,0.0
M,0.0,0.0,0.0,0.0
M,0.0735644,0.0,0.0,0.0735644
M,0.0,0.0,0.0,0.0
M,0.0,0.0,0.0,0.0
M,-0.0293795,0.0,0.0,-0.0293795
M,0.0,0.0,0.0,0.0
M,0.00594515,0.0,0.0,0.00594515
M,-0.0179552,0.0,0.0,-0.0179552
M,0.0,0.0,0.0,0.0
M,0.0,0.0,0.0,0.0
M,0.0,0.0,0.0,0.0
M,0.0,0.0,0.0,0.0
M,0.00952537,0.0,0.0,0.00952537
M,0.0220113,0.0,0.0,0.0220113
M,0.0,0.0,0.0,0.0
M,0.04451,0.0,0.0,0.04451
M,0.0,0.0,0.0,0.0
M,0.0,0.0,0.0,0.0
M,0.0,0.0,0.0,0.0
M,0.0,0.0,0.0,0.0
M,0.0,0.0,0.0,0.0
M,0.0,0.0,0.0,0.0
M,0.0,0.0,0.0,0.0
M,-0.00137118,0.0,0.0,-0.00137118
M,-0.0300129,0.0,0.0,-0.0300129
M,0.0,0.0,0.0,0.0
M,0.0,0.0,0.0,0.0
M,0.0,0.0,0.0,0.0
M,0.0,0.0,0.0,0.0
M,0.0,0.0,0.0,0.0
M,0.0,0.0,0.0,0.0
M,0.0,0.0,0.0,0.0
M,0.0,0.0,0.0,0.0
M,0.0,0.0,0.0,0.0
M,0.0152989,0.0,0.0,0.0152989
M,0.0,0.0,0.0,0.0
M,0.0,0.0,0.0,0.0
M,0.0,0.0,0.0,0.0
M,-0.0562627,0.0,0.0,-0.0562627
M,0.0,0.0,0.0,0.0
M,0.0,0.0,0.0,0.0
M,0.0,0.0,0.0,0.0
M,0.0,0.0,0.0,0.0
M,0.0,0.0,0.0,0.0
M,0.0,0.0,0.0,0.0
M,0.0,0.0,0.0,0.0
M,-0.0428188,0.0,0.0,-0.0428188
M,-0.0348762,0.0,0.0,-0.0348762
M,-0.0106271,0.0,0.0,-0.0106271
M,0.0,0.0,0.0,0.0
M,0.0,0.0,0.0,0.0
M,0.0,0.0,0.0,0.0
M,0.0,0.0,0.0,0.0
M,0.0,0.0,0.0,0.0
M,0.0,0.0,0.0,0.0
M,0.0,0.0,0.0,0.0
M,0.0,0.0,0.0,0.0
M,0.0,0.0,0.0,0.0
M,0.0,0.0,0.0,0.0
M,0.0,0.0,0.0,0.0
M,0.0,0.0,0.0,0.0
M,0.0,0.0,0.0,0.0
M,0.0,0.0,0.0,0.0
M,-0.0645317,0.0,0.0,-0.0645317
M,0.0,0.0,0.0,0.0
M,0.0,0.0,0.0,0.0
M,0.0,0.0,0.0,0.0
M,0.0,0.0,0.0,0.0
M,0.0,0.0,0.0,0.0
M,-0.00870375,0.0,0.0,-0.00870375
M,0.0,0.0,0.0,0.0
M,0.0,0.0,0.0,0.0
M,-0.00953446,0.0,0.0,-0.00953446
M,0.0,0.0,0.0,0.0
M,0.0,0.0,0.0,0.0
M,0.0,0.0,0.0,0.0
M,0.0,0.0,0.0,0.0
M,0.0,0.0,0.0,0.0
M,0.0,0.0,0.0,0.0
M,0.0,0.0,0.0,0.0
M,0.0,0.0,0.0,0.0
M,0.0,0.0,0.0,0.0
M,0.0,0.0,0.0,0.0
M,0.0,0.0,0.0,0.0
M,0.0266702,0.0,0.0,0.0266702
M,0.0,0.0,0.0,0.0
M,0.0,0.0,0.0,0.0
M,0.012038,0.0,0.0,0.012038
M,0.0,0.0,0.0,0.0
M,-0.0408724,0.0,0.0,-0.0408724
M,0.0,0.0,0.0,0.0
M,0.0,0.0,0.0,0.0
M,0.0247782,0.0,0.0,0.0247782
M,0.0,0.0,0.0,0.0
M,0.0,0.0,0.0,0.0
M,0.0,0.0,0.0,0.0
M,0.0,0.0,0.0,0.0
M,0.0,0.0,0.0,0.0
M,0.0,0.0,0.0,0.0
M,0.0,0.0,0.0,0.0
M,0.0,0.0,0.0,0.0
M,0.0,0.0,0.0,0.0
M,0.0,0.0,0.0,0.0
M,0.0,0.0,0.0,0.0
M,-0.0250575,0.0,0.0,-0.0250575
M,0.0,0.0,0.0,0.0
M,0.0,0.0,0.0,0.0
M,0.0,0.0,0.0,0.0
M,0.0,0.0,0.0,0.0
M,0.0,0.0,0.0,0.0
M,0.0,0.0,0.0,0.0
M,-0.0558628,0.0,0.0,-0.0558628
M,0.0,0.0,0.0,0.0
M,0.0,0.0,0.0,0.0
M,0.0,0.0,0.0,0.0
M,0.0,0.0,0.0,0.0
M,0.0209974,0.0,0.0,0.0209974
M,0.0,0.0,0.0,0.0
M,-0.00339685,0.0,0.0,-0.00339685
M,0.0,0.0,0.0,0.0
M,0.0,0.0,0.0,0.0
M,0.0,0.0,0.0,0.0
M,0.0,0.0,0.0,0.0
M,0.0,0.0,0.0,0.0
M,0.0,0.0,0.0,0.0
M,0.0,0.0,0.0,0.0
M,0.0,0.0,0.0,0.0
M,0.0,0.0,0.0,0.0
M,0.0,0.0,0.0,0.0
M,-0.00759741,0.0,0.0,-0.00759741
M,0.0,0.0,0.0,0.0
M,0.0,0.0,0.0,0.0
M,0.0,0.0,0.0,0.0
M,0.0,0.0,0.0,0.0
M,0.0,0.0,0.0,0.0
M,0.0,0.0,0.0,0.0
M,-0.0272994,0.0,0.0,-0.0272994
M,0.0,0.0,0.0,0.0
M,0.0229012,0.0,0.0,0.0229012
M,0.00186006,0.0,0.0,0.00186006
M,0.0,0.0,0.0,0.0
M,-0.003276,0.0,0.0,-0.003276
M,-0.0419061,0.0,0.0,-0.0419061
M,0.0,0.0,0.0,0.0
M,0.0,0.0,0.0,0.0
M,0.0604663,0.0,0.0,0.0604663
M,0.0,0.0,0.0,0.0
M,0.0508599,0.0,0.0,0.0508599
M,0.0,0.0,0.0,0.0
M,0.0,0.0,0.0,0.0
M,0.0,0.0,0.0,0.0
M,0.0,0.0,0.0,0.0
M,0.0,0.0,0.0,0.0
M,0.0,0.0,0.0,0.0
M,0.0,0.0,0.0,0.0
M,0.0,0.0,0.0,0.0
M,0.0,0.0,0.0,0.0
M,0.0,0.0,0.0,0.0
M,0.0105114,0.0,0.0,0.0105114
M,0.0,0.0,0.0,0.0
M,0.0,0.0,0.0,0.0
M,0.0,0.0,0.0,0.0
M,0.0,0.0,0.0,0.0
M,0.0,0.0,0.0,0.0
M,0.0,0.0,0.0,0.0
M,0.0,0.0,0.0,0.0
M,0.0,0.0,0.0,0.0
M,0.0,0.0,0.0,0.0
M,0.0,0.0,0.0,0.0
M,-0.00567162,0.0,0.0,-0.00567162
M,0.0,0.0,0.0,0.0
M,0.0,0.0,0.0,0.0
M,0.0,0.0,0.0,0.0
M,0.0,0.0,0.0,0.0
M,-0.0377941,0.0,0.0,-0.0377941
M,0.0,0.0,0.0,0.0
M,0.0,0.0,0.0,0.0
M,0.0,0.0,0.0,0.0
M,0.0,0.0,0.0,0.0
M,0.0,0.0,0.0,0.0
M,0.0,0.0,0.0,0.0
M,0.0,0.0,0.0,0.0
M,0.0,0.0,0.0,0.0
M,0.0,0.0,0.0,0.0
M,0.0,0.0,0.0,0.0
M,0.0,0.0,0.0,0.0
M,0.0,0.0,0.0,0.0
M,0.0,0.0,0.0,0.0
M,0.0,0.0,0.0,0.0
M,0.0,0.0,0.0,0.0
M,0.0,0.0,0.0,0.0
M,0.0,0.0,0.0,0.0
M,0.0,0.0,0.0,0.0
M,0.0,0.0,0.0,0.0
M,0.0351936,0.0,0.0,0.0351936
M,0.0,0.0,0.0,0.0
M,0.0,0.0,0.0,0.0
M,0.0,0.0,0.0,0.0
M,0.0,0.0,0.0,0.0
M,0.0,0.0,0.0,0.0
M,0.0,0.0,0.0,0.0
M,0.0,0.0,0.0,0.0
M,0.0,0.0,0.0,0.0
M,0.0,0.0,0.0,0.0
M,0.0185828,0.0,0.0,0.0185828
M,0.0,0.0,0.0,0.0
M,0.0,0.0,0.0,0.0
M,-0.0119772,0.0,0.0,-0.0119772
M,0.0,0.0,0.0,0.0
M,0.0,0.0,0.0,0.0
M,0.0,0.0,0.0,0.0
M,0.0330583,0.0,0.0,0.0330583
M,0.0,0.0,0.0,0.0
M,-0.00535383,0.0,0.0,-0.00535383
M,0.0,0.0,0.0,0.0
M,0.0,0.0,0.0,0.0
M,0.0,0.0,0.0,0.0
M,0.0,0.0,0.0,0.0
M,0.0,0.0,0.0,0.0
M,0.0,0.0,0.0,0.0
M,0.0,0.0,0.0,0.0
M,0.0,0.0,0.0,0.0
M,0.0,0.0,0.0,0.0
M,0.0,0.0,0.0,0.0
M,0.0,0.0,0.0,0.0
M,0.0,0.0,0.0,0.0
M,0.0,0.0,0.0,0.0
M,0.0,0.0,0.0,0.0
M,0.0,0.0,0.0,0.0
M,0.0,0.0,0.0,0.0
M,-0.0240466,0.0,0.0,-0.0240466
M,0.0,0.0,0.0,0.0
M,0.0,0.0,0.0,0.0
M,0.0,0.0,0.0,0.0
M,-0.0751237,0.0,0.0,-0.0751237
M,0.0,0.0,0.0,0.0
M,0.0,0.0,0.0,0.0
M,0.0,0.0,0.0,0.0
M,0.0,0.0,0.0,0.0
M,0.0,0.0,0.0,0.0
M,-0.0419061,0.0,0.0,-0.0419061
M,0.0,0.0,0.0,0.0
M,-0.035703,0.0,0.0,-0.035703
M,0.0,0.0,0.0,0.0
M,0.0,0.0,0.0,0.0
M,0.0,0.0,0.0,0.0
M,-0.0158889,0.0,0.0,-0.0158889
M,0.0,0.0,0.0,0.0
M,0.0,0.0,0.0,0.0
M,0.0,0.0,0.0,0.0
M,0.0,0.0,0.0,0.0
M,0.0,0.0,0.0,0.0
M,0.0634115,0.0,0.0,0.0634115
M,0.0,0.0,0.0,0.0
M,0.0,0.0,0.0,0.0
M,0.0,0.0,0.0,0.0
M,0.0,0.0,0.0,0.0
M,0.0,0.0,0.0,0.0
M,0.0,0.0,0.0,0.0
M,0.0,0.0,0.0,0.0
M,0.0,0.0,0.0,0.0
M,0.0,0.0,0.0,0.0
M,0.0,0.0,0.0,0.0
M,0.0,0.0,0.0,0.0
M,-0.0150637,0.0,0.0,-0.0150637
M,0.0,0.0,0.0,0.0
M,0.0,0.0,0.0,0.0
M,0.0,0.0,0.0,0.0
M,0.0,0.0,0.0,0.0
M,0.0,0.0,0.0,0.0
M,0.0,0.0,0.0,0.0
M,0.0,0.0,0.0,0.0
M,0.0,0.0,0.0,0.0
M,0.0140566,0.0,0.0,0.0140566
M,-0.0635368,0.0,0.0,-0.0635368
M,0.0,0.0,0.0,0.0
M,0.0,0.0,0.0,0.0
M,0.0,0.0,0.0,0.0
M,0.0,0.0,0.0,0.0
M,0.0,0.0,0.0,0.0
M,0.0,0.0,0.0,0.0
M,0.0,0.0,0.0,0.0
M,0.0,0.0,0.0,0.0
M,0.0,0.0,0.0,0.0
M,0.0,0.0,0.0,0.0
M,0.0,0.0,0.0,0.0
M,0.0,0.0,0.0,0.0
M,0.0,0.0,0.0,0.0
M,-0.0165576,0.0,0.0,-0.0165576
M,0.0,0.0,0.0,0.0
M,0.0,0.0,0.0,0.0
M,0.0,0.0,0.0,0.0
M,-0.0191352,0.0,0.0,-0.0191352
M,-0.0180467,0.0,0.0,-0.0180467
M,0.0,0.0,0.0,0.0
M,0.0,0.0,0.0,0.0
M,0.0,0.0,0.0,0.0
M,0.0,0.0,0.0,0.0
M,0.0,0.0,0.0,0.0
M,0.0,0.0,0.0,0.0
M,0.0,0.0,0.0,0.0
M,0.0,0.0,0.0,0.0
M,0.0,0.0,0.0,0.0
M,-0.0752615,0.0,0.0,-0.0752615
M,-0.0685867,0.0,0.0,-0.0685867
M,0.0690582,0.0,0.0,0.0690582
M,-0.0612856,0.0,0.0,-0.0612856
M,0.0,0.0,0.0,0.0
M,0.0,0.0,0.0,0.0
M,0.0,0.0,0.0,0.0
M,0.0,0.0,0.0,0.0
M,0.0,0.0,0.0,0.0
M,0.0,0.0,0.0,0.0
M,0.0,0.0,0.0,0.0
M,0.0,0.0,0.0,0.0
M,-0.0158889,0.0,0.0,-0.0158889
M,0.0,0.0,0.0,0.0
M,-0.102738,0.0,0.0,-0.102738
M,0.0,0.0,0.0,0.0
M,0.0,0.0,0.0,0.0
M,0.0,0.0,0.0,0.0
M,0.00951122,0.0,0.0,0.00951122
M,0.0,0.0,0.0,0.0
M,0.0,0.0,0.0,0.0
M,0.00335925,0.0,0.0,0.00335925
M,0.0,0.0,0.0,0.0
M,0.0,0.0,0.0,0.0
M,0.0103305,0.0,0.0,0.0103305
M,0.0,0.0,0.0,0.0
M,0.0,0.0,0.0,0.0
M,0.0,0.0,0.0,0.0
M,0.0,0.0,0.0,0.0
M,0.0,0.0,0.0,0.0
M,0.0,0.0,0.0,0.0
M,0.0,0.0,0.0,0.0
M,0.0,0.0,0.0,0.0
M,0.0,0.0,0.0,0.0
M,0.0,0.0,0.0,0.0
M,0.0,0.0,0.0,0.0
M,0.0,0.0,0.0,0.0
M,0.0,0.0,0.0,0.0
M,0.0,0.0,0.0,0.0
M,0.0109321,0.0,0.0,0.0109321
M,0.0,0.0,0.0,0.0
M,0.0,0.0,0.0,0.0
M,0.0,0.0,0.0,0.0
M,0.0,0.0,0.0,0.0
M,0.0,0.0,0.0,0.0
M,0.0,0.0,0.0,0.0
M,0.0,0.0,0.0,0.0
M,0.0,0.0,0.0,0.0
M,0.0,0.0,0.0,0.0
M,0.0,0.0,0.0,0.0
M,0.0,0.0,0.0,0.0
M,0.0,0.0,0.0,0.0
M,0.0,0.0,0.0,0.0
M,0.0,0.0,0.0,0.0
M,0.0,0.0,0.0,0.0
M,0.0,0.0,0.0,0.0
M,0.0,0.0,0.0,0.0
M,0.0,0.0,0.0,0.0
M,0.0,0.0,0.0,0.0
M,0.0,0.0,0.0,0.0
M,0.0,0.0,0.0,0.0
M,0.0,0.0,0.0,0.0
M,0.0,0.0,0.0,0.0
M,0.0,0.0,0.0,0.0
M,0.0,0.0,0.0,0.0
M,0.0,0.0,0.0,0.0
M,0.0,0.0,0.0,0.0
M,0.0,0.0,0.0,0.0
M,0.0,0.0,0.0,0.0
M,0.0,0.0,0.0,0.0
M,0.0,0.0,0.0,0.0
M,-0.0635868,0.0,0.0,-0.0635868
M,0.0,0.0,0.0,0.0
M,0.0,0.0,0.0,0.0
M,0.0,0.0,0.0,0.0
M,0.0,0.0,0.0,0.0
M,0.0,0.0,0.0,0.0
M,0.00709897,0.0,0.0,0.00709897
M,0.0,0.0,0.0,0.0
M,0.0,0.0,0.0,0.0
M,0.0698508,0.0,0.0,0.0698508
M,0.0,0.0,0.0,0.0
M,-0.0989088,0.0,0.0,-0.0989088
M,-0.0198559,0.0,0.0,-0.0198559
M,0.0,0.0,0.0,0.0
M,0.0,0.0,0.0,0.0
M,0.0,0.0,0.0,0.0
M,0.0,0.0,0.0,0.0
M,0.0137519,0.0,0.0,0.0137519
M,0.0,0.0,0.0,0.0
M,-0.00203902,0.0,0.0,-0.00203902
M,0.0,0.0,0.0,0.0
M,0.0268636,0.0,0.0,0.0268636
M,0.0,0.0,0.0,0.0
M,0.0,0.0,0.0,0.0
M,0.0,0.0,0.0,0.0
M,0.0,0.0,0.0,0.0
M,0.0,0.0,0.0,0.0
M,0.0,0.0,0.0,0.0
M,0.00826907,0.0,0.0,0.00826907
M,0.0,0.0,0.0,0.0
M,0.0,0.0,0.0,0.0
M,0.0,0.0,0.0,0.0
M,0.0,0.0,0.0,0.0
M,0.0,0.0,0.0,0.0
M,0.0,0.0,0.0,0.0
M,0.0,0.0,0.0,0.0
M,0.0275261,0.0,0.0,0.0275261
M,0.0,0.0,0.0,0.0
M,0.0,0.0,0.0,0.0
M,-9.19683e-05,0.0,0.0,-9.19683e-05
M,0.0,0.0,0.0,0.0
M,-0.0881033,0.0,0.0,-0.0881033
M,0.0,0.0,0.0,0.0
M,0.0,0.0,0.0,0.0
M,0.0,0.0,0.0,0.0
M,0.0,0.0,0.0,0.0
M,0.0,0.0,0.0,0.0
M,7.13206e-05,0.0,0.0,7.13206e-05
M,0.0,0.0,0.0,0.0
M,0.0,0.0,0.0,0.0
M,0.0,0.0,0.0,0.0
M,0.00843507,0.0,0.0,0.00843507
M,0.00961254,0.0,0.0,0.00961254
M,0.0,0.0,0.0,0.0
M,0.0,-0.0696092,-0.0696092,-0.0696092
M,0.0,0.0,0.0,0.0
M,0.0,0.0,0.0,0.0
M,0.0,0.0,0.0,0.0
M,0.0,0.0,0.0,0.0
M,0.0,0.0,0.0,0.0
M,0.0,0.0,0.0,0.0
M,0.0,0.0,0.0,0.0
M,0.0,0.0,0.0,0.0
M,0.0,0.0,0.0,0.0
M,0.0,0.0,0.0,0.0
M,-0.067791,0.0,0.0,-0.067791
M,0.0,0.0,0.0,0.0
M,-0.102449,0.0,0.0,-0.102449
M,0.0,0.0,0.0,0.0
M,0.0,-0.0696092,-0.0696092,-0.0696092
M,0.0,0.0,0.0,0.0
M,0.0,0.0,0.0,0.0
M,0.0,0.0,0.0,0.0
M,0.0,0.0,0.0,0.0
M,0.0,0.0,0.0,0.0
M,0.0,0.0,0.0,0.0
M,0.0,0.0,0.0,0.0
M,0.0,0.0,0.0,0.0
M,0.0,0.0,0.0,0.0
M,0.0,0.0,0.0,0.0
M,0.0,0.0,0.0,0.0
M,0.0,0.0,0.0,0.0
M,0.0,0.0,0.0,0.0
M,0.0,0.0,0.0,0.0
M,0.0,0.0,0.0,0.0
M,0.0,0.0,0.0,0.0
M,0.0,0.0,0.0,0.0
M,0.0,0.0,0.0,0.0
M,0.0533087,0.0,0.0,0.0533087
M,0.0,0.0,0.0,0.0
M,0.0,0.0549857,0.0549857,0.0549857
M,0.0690582,0.0,0.0,0.0690582
M,0.0082305,0.0,0.0,0.0082305
M,0.0,0.0,0.0,0.0
M,0.0,0.0,0.0,0.0
M,0.0,0.0,0.0,0.0
M,0.0,0.0,0.0,0.0
M,0.0,0.0,0.0,0.0
M,0.0,0.0,0.0,0.0
M,0.0,0.0,0.0,0.0
M,0.0,0.0,0.0,0.0
M,0.0,0.0,0.0,0.0
M,0.0,0.0,0.0,0.0
M,0.0207854,0.0,0.0,0.0207854
M,0.0,0.0,0.0,0.0
M,0.0,0.0,0.0,0.0
M,0.0,0.0,0.0,0.0
M,0.0,0.0,0.0,0.0
M,0.0,0.0,0.0,0.0
M,0.0,0.0,0.0,0.0
M,0.0,0.0,0.0,0.0
M,0.0,0.0,0.0,0.0
M,0.0,0.0,0.0,0.0
M,0.0,0.0,0.0,0.0
M,0.0,0.0,0.0,0.0
M,0.0,0.0,0.0,0.0
M,0.0,0.0,0.0,0.0
M,0.0,0.0,0.0,0.0
M,0.0,0.0,0.0,0.0
M,0.0,0.0,0.0,0.0
M,0.0,0.0,0.0,0.0
M,0.0,0.0,0.0,0.0
M,-0.0494478,0.0,0.0,-0.0494478
M,0.0,0.0,0.0,0.0
M,-0.0572386,0.0,0.0,-0.0572386
M,0.0,0.0,0.0,0.0
M,0.0,0.0,0.0,0.0
M,0.141543,0.0,0.0,0.141543
M,-0.0397624,0.0,0.0,-0.0397624
M,0.0,0.0,0.0,0.0
M,0.0,0.0,0.0,0.0
M,0.0,0.0,0.0,0.0
M,0.0,0.0,0.0,0.0
M,0.0,0.0,0.0,0.0
M,0.0,0.0,0.0,0.0
M,0.0,0.0,0.0,0.0
M,-0.0878716,0.0,0.0,-0.0878716
M,0.0,0.0,0.0,0.0
M,-0.0112389,0.0,0.0,-0.0112389
M,-0.00243034,0.0,0.0,-0.00243034
M,0.0,0.0,0.0,0.0
M,0.0,0.0,0.0,0.0
M,0.0,0.0,0.0,0.0
M,0.0,0.0,0.0,0.0
M,-0.0256676,0.0,0.0,-0.0256676
M,0.0,0.0,0.0,0.0
M,0.0,0.0,0.0,0.0
M,0.0,0.0,0.0,0.0
M,0.0,0.0,0.0,0.0
M,0.0634115,0.0,0.0,0.0634115
M,0.0,0.0,0.0,0.0
M,0.0,0.0,0.0,0.0
M,0.0,0.0,0.0,0.0
M,0.0,0.0,0.0,0.0
M,0.0,0.0,0.0,0.0
M,0.0,0.0,0.0,0.0
M,0.0,0.0,0.0,0.0
M,0.0,0.0,0.0,0.0
M,0.0,0.0,0.0,0.0
M,0.0,0.0,0.0,0.0
M,0.0,0.0,0.0,0.0
M,0.0,0.0,0.0,0.0
M,-0.0233716,0.0,0.0,-0.0233716
M,0.0,0.0,0.0,0.0
M,0.0,0.0,0.0,0.0
M,0.0,0.0,0.0,0.0
M,0.0,0.0,0.0,0.0
M,0.0,0.0,0.0,0.0
M,0.0,0.0,0.0,0.0
M,0.0,0.0,0.0,0.0
M,0.0,0.0,0.0,0.0
M,0.0,0.0,0.0,0.0
M,0.0,0.0,0.0,0.0
M,0.0,0.0,0.0,0.0
M,0.0,0.0,0.0,0.0
M,0.0,0.0,0.0,0.0
M,-0.0826701,0.0,0.0,-0.0826701
M,0.0,0.0,0.0,0.0
M,0.0,0.0,0.0,0.0
M,0.0,0.0,0.0,0.0
M,0.0,0.0,0.0,0.0
M,0.0,0.0,0.0,0.0
M,0.0,0.0,0.0,0.0
M,0.0,0.0,0.0,0.0
M,-0.0194721,0.0,0.0,-0.0194721
M,0.0,0.0,0.0,0.0
M,0.0,0.0,0.0,0.0
M,0.0,0.0,0.0,0.0
M,0.0,0.0,0.0,0.0
M,0.0,0.0,0.0,0.0
M,0.0,0.0,0.0,0.0
M,0.0,-0.0121621,-0.0121621,-0.0121621
M,0.0,0.0,0.0,0.0
M,0.0,0.0,0.0,0.0
M,0.0,0.0,0.0,0.0
M,0.0,0.0,0.0,0.0
M,0.0,0.0,0.0,0.0
M,0.0,0.0,0.0,0.0
M,0.0,0.0,0.0,0.0
M,0.0,0.0,0.0,0.0
M,0.0,0.0,0.0,0.0
M,0.0303276,0.0,0.0,0.0303276
M,0.0,0.0,0.0,0.0
M,0.0,0.0,0.0,0.0
M,-0.0318851,0.0,0.0,-0.0318851
M,0.0,0.0,0.0,0.0
M,0.0,0.0,0.0,0.0
M,0.0,0.0,0.0,0.0
M,0.0535919,0.0,0.0,0.0535919
M,0.0,0.0,0.0,0.0
M,0.0,0.0703942,0.0703942,0.0703942
M,0.0,0.0,0.0,0.0
M,0.0,0.0,0.0,0.0
M,0.0961145,0.0,0.0,0.0961145
M,0.0,0.0,0.0,0.0
M,0.0,0.0,0.0,0.0
M,0.0,0.0,0.0,0.0
M,0.0,0.0,0.0,0.0
M,0.0,0.0,0.0,0.0
M,-0.0415916,0.0,0.0,-0.0415916
M,0.0,0.0,0.0,0.0
M,0.0,0.0,0.0,0.0
M,0.0,0.0,0.0,0.0
M,0.0,0.0,0.0,0.0
M,0.0559046,0.0,0.0,0.0559046
M,0.0,0.0,0.0,0.0
M,0.0,0.0,0.0,0.0
M,0.0,0.0,0.0,0.0
M,0.0409201,0.0,0.0,0.0409201
M,0.0,0.0,0.0,0.0
M,0.0,0.0,0.0,0.0
M,0.0,0.0,0.0,0.0
M,0.0,0.0,0.0,0.0
M,0.0,0.0,0.0,0.0
M,0.0,0.0,0.0,0.0
M,-0.0898939,0.0,0.0,-0.0898939
M,0.0,0.0,0.0,0.0
M,0.0,0.0,0.0,0.0
M,0.0,0.0,0.0,0.0
M,0.0,0.0,0.0,0.0
M,0.0,0.0,0.0,0.0
M,0.0,0.0,0.0,0.0
M,0.0,0.0,0.0,0.0
M,0.0,0.0,0.0,0.0
M,0.0,0.0,0.0,0.0
M,0.0,0.0,0.0,0.0
M,0.0,0.0,0.0,0.0
M,0.0,0.0,0.0,0.0
M,0.0,0.0,0.0,0.0
M,0.0103305,0.0,0.0,0.0103305
M,0.0,0.0,0.0,0.0
M,0.0,0.0,0.0,0.0
M,0.0,0.0,0.0,0.0
M,0.0,0.0,0.0,0.0
M,0.0,0.0,0.0,0.0
M,0.0,0.0,0.0,0.0
M,0.0,0.0,0.0,0.0
M,0.0,0.0,0.0,0.0
M,-0.0612537,0.0,0.0,-0.0612537
M,0.0,0.0,0.0,0.0
M,0.0,0.0,0.0,0.0
M,0.0,0.0,0.0,0.0
M,-0.00535383,0.0,0.0,-0.00535383
M,0.0,0.0,0.0,0.0
M,0.0,0.0,0.0,0.0
M,0.0,0.0,0.0,0.0
M,0.0,0.0,0.0,0.0
M,0.0,0.0,0.0,0.0
M,0.0,0.0,0.0,0.0
M,0.0,0.0,0.0,0.0
M,0.0,0.0,0.0,0.0
M,0.0,0.0,0.0,0.0
M,0.0,0.0,0.0,0.0
M,0.0,0.0,0.0,0.0
M,0.0,0.0,0.0,0.0
M,0.0,0.0,0.0,0.0
M,0.0,0.0,0.0,0.0
M,0.0,0.0,0.0,0.0
M,0.0,0.0,0.0,0.0
M,0.0,0.0,0.0,0.0
M,0.0,0.0,0.0,0.0
M,0.0,0.0,0.0,0.0
M,0.0,0.0,0.0,0.0
M,0.0,0.0,0.0,0.0
M,0.0,0.0,0.0,0.0
M,0.0,0.0,0.0,0.0
M,0.0,0.0,0.0,0.0
M,0.0,0.0,0.0,0.0
M,0.0,0.0,0.0,0.0
M,0.0,0.0,0.0,0.0
M,0.0,0.0,0.0,0.0
M,0.0,0.0,0.0,0.0
M,0.0,0.0,0.0,0.0
M,0.0,0.0,0.0,0.0
M,0.0,0.0,0.0,0.0
M,0.00206412,0.0,0.0,0.00206412
M,0.0,0.0,0.0,0.0
M,0.0,0.0,0.0,0.0
M,0.0,0.0,0.0,0.0
M,0.0,0.0,0.0,0.0
M,0.0,0.0,0.0,0.0
M,0.0,0.0,0.0,0.0
M,0.0,0.0,0.0,0.0
M,-0.0595971,0.0,0.0,-0.0595971
M,0.0,0.0,0.0,0.0
M,0.0,0.0,0.0,0.0
M,0.0,0.0,0.0,0.0
M,0.0,0.0,0.0,0.0
M,0.0,0.0,0.0,0.0
M,-0.0322228,0.0,0.0,-0.0322228
M,0.0,0.0,0.0,0.0
M,0.0,0.0,0.0,0.0
M,0.0,0.0,0.0,0.0
M,0.0,0.0,0.0,0.0
M,0.0,0.0,0.0,0.0
M,-0.062083,0.0,0.0,-0.062083
M,0.0,0.0,0.0,0.0
M,0.0,0.0,0.0,0.0
M,0.0,0.0,0.0,0.0
M,0.0,0.0,0.0,0.0
M,0.0,0.0,0.0,0.0
M,0.0,0.0,0.0,0.0
M,0.0,0.0,0.0,0.0
M,0.0,0.0,0.0,0.0
M,0.0,0.0,0.0,0.0
M,0.0,0.0,0.0,0.0
M,0.0,0.0,0.0,0.0
M,0.0,0.0,0.0,0.0
M,0.0,0.0,0.0,0.0
M,0.0,0.0,0.0,0.0
M,0.0,0.0,0.0,0.0
M,0.0,0.0,0.0,0.0
M,0.0,0.0,0.0,0.0
M,0.0,0.0,0.0,0.0
M,0.0,0.0,0.0,0.0
M,0.0,0.0,0.0,0.0
M,0.0,0.0,0.0,0.0
M,0.0849752,0.0,0.0,0.0849752
M,0.0,0.0,0.0,0.0
M,0.0,0.0,0.0,0.0
M,0.0,0.0,0.0,0.0
M,0.0,0.0,0.0,0.0
M,0.0,0.0,0.0,0.0
M,0.0,0.0,0.0,0.0
M,-0.111169,0.0,0.0,-0.111169
M,0.0,0.0,0.0,0.0
M,0.0,0.0,0.0,0.0
M,0.0,0.0,0.0,0.0
M,-0.0979491,0.0,0.0,-0.0979491
M,0.0,0.0,0.0,0.0
M,0.0,0.0,0.0,0.0
M,0.0,0.0,0.0,0.0
M,0.0,0.0,0.0,0.0
M,0.0,0.0,0.0,0.0
M,0.0,0.0,0.0,0.0
M,0.0,0.0,0.0,0.0
M,0.0,0.0,0.0,0.0
M,0.0,0.0,0.0,0.0
M,-0.0170696,0.0,0.0,-0.0170696
M,0.0,-0.0314056,-0.0314056,-0.0314056
M,0.0,0.0,0.0,0.0
M,0.0,0.0,0.0,0.0
M,0.0,0.0,0.0,0.0
M,0.0,0.0,0.0,0.0
M,0.0,0.0,0.0,0.0
M,0.0,0.0,0.0,0.0
M,0.0,0.0,0.0,0.0
M,0.0,0.0,0.0,0.0
M,0.0,0.0,0.0,0.0
M,0.0,0.0,0.0,0.0
M,0.0,0.0,0.0,0.0
M,0.0,0.0,0.0,0.0
M,0.0,0.0,0.0,0.0
M,0.0137519,0.0,0.0,0.0137519
M,0.0,0.0,0.0,0.0
M,0.0,0.0,0.0,0.0
M,0.0,0.0,0.0,0.0
M,0.0500938,0.0,0.0,0.0500938
M,0.00180259,0.0,0.0,0.00180259
M,-0.0419061,0.0,0.0,-0.0419061
M,0.0,0.0,0.0,0.0
M,0.0,0.0,0.0,0.0
M,-0.0246709,0.0,0.0,-0.0246709
M,0.0,0.0,0.0,0.0
M,0.0,0.0,0.0,0.0
M,0.0,0.0,0.0,0.0
M,0.0634115,0.0,0.0,0.0634115
M,0.0,0.0,0.0,0.0
M,0.0,0.0,0.0,0.0
M,-0.0121663,0.0,0.0,-0.0121663
M,0.0,0.0,0.0,0.0
M,0.0,0.0,0.0,0.0
M,0.0,0.0,0.0,0.0
M,0.0,0.0,0.0,0.0
M,-0.0342316,0.0,0.0,-0.0342316
M,0.0,0.0,0.0,0.0
M,0.0,0.0,0.0,0.0
M,0.0,0.0,0.0,0.0
M,0.0,0.0,0.0,0.0
M,0.0,0.0,0.0,0.0
M,0.0135224,0.0,0.0,0.0135224
M,0.0,0.0,0.0,0.0
M,0.0,0.0,0.0,0.0
M,0.0,0.0,0.0,0.0
M,0.0,0.0,0.0,0.0
M,0.0,0.0,0.0,0.0
M,0.0,0.0,0.0,0.0
M,0.0,0.0,0.0,0.0
M,0.0,0.0,0.0,0.0
M,0.0,0.0,0.0,0.0
M,0.0,0.0,0.0,0.0
M,0.0,0.0,0.0,0.0
M,-0.0502795,0.0,0.0,-0.0502795
M,0.0451886,0.0,0.0,0.0451886
M,0.0736293,0.0,0.0,0.0736293
M,0.0,0.0,0.0,0.0
M,0.0,0.0,0.0,0.0
M,-0.0732836,0.0,0.0,-0.0732836
M,0.0,0.0,0.0,0.0
M,0.0479229,0.0,0.0,0.0479229
M,0.0,0.0,0.0,0.0
M,0.0,0.0,0.0,0.0
M,0.0,0.0,0.0,0.0
M,0.0,0.0,0.0,0.0
M,0.0,0.0,0.0,0.0
M,0.0,0.0,0.0,0.0
M,0.0,0.0,0.0,0.0
M,0.0,0.0,0.0,0.0
M,0.0,0.0,0.0,0.0
M,-0.0409104,0.0,0.0,-0.0409104
M,0.0,0.0,0.0,0.0
M,0.0,0.0,0.0,0.0
M,0.0,0.0,0.0,0.0
M,0.0,0.0,0.0,0.0
M,0.0,0.0,0.0,0.0
M,0.0,0.0,0.0,0.0
M,0.0,0.0,0.0,0.0
M,0.0,0.0,0.0,0.0
M,0.0,0.0,0.0,0.0
M,0.0,0.0,0.0,0.0
M,0.0,0.0,0.0,0.0
M,0.0,0.0,0.0,0.0
M,0.0,0.0,0.0,0.0
M,0.0,0.0,0.0,0.0
M,0.0,0.0,0.0,0.0
M,0.0,0.0,0.0,0.0
M,0.00594515,0.0,0.0,0.00594515
M,0.0,0.0,0.0,0.0
M,0.0,0.0,0.0,0.0
M,0.0,0.0,0.0,0.0
M,0.0,0.0,0.0,0.0
M,0.0,0.0,0.0,0.0
M,0.0,0.0,0.0,0.0
M,0.0,0.0,0.0,0.0
M,-0.0252668,0.0,0.0,-0.0252668
M,-0.00887943,0.0,0.0,-0.00887943
M,0.0,0.0,0.0,0.0
M,0.0,0.0,0.0,0.0
M,0.0,0.0,0.0,0.0
M,0.00594515,0.0,0.0,0.00594515
M,0.0264914,0.0,0.0,0.0264914
M,-0.035703,0.0,0.0,-0.035703
M,0.0,0.0,0.0,0.0
M,0.0,0.0,0.0,0.0
M,0.0,0.0,0.0,0.0
M,-0.0102843,0.0,0.0,-0.0102843
M,0.0,0.0,0.0,0.0
M,0.0073969,0.0,0.0,0.0073969
M,0.0,0.0,0.0,0.0
M,0.0,0.0,0.0,0.0
M,0.0,0.0,0.0,0.0
M,0.0,0.0,0.0,0.0
M,0.0,0.0,0.0,0.0
M,0.0,0.0,0.0,0.0
M,0.0,0.0,0.0,0.0
M,0.0,0.0,0.0,0.0
M,0.0,0.0,0.0,0.0
M,0.0,0.0,0.0,0.0
M,0.0,0.0,0.0,0.0
M,-0.068183,0.0,0.0,-0.068183
M,0.0,0.0,0.0,0.0
M,0.0,0.0,0.0,0.0
M,0.0,0.0,0.0,0.0
M,0.0,0.0,0.0,0.0
M,0.0,0.0,0.0,0.0
M,0.0,0.0,0.0,0.0
M,0.0,0.0,0.0,0.0
M,0.088122,0.0,0.0,0.088122
M,0.0,0.0,0.0,0.0
M,0.0,0.0,0.0,0.0
M,0.0,0.0,0.0,0.0
M,-0.000813275,0.0,0.0,-0.000813275
M,0.0,0.0,0.0,0.0
M,-0.0699417,0.0,0.0,-0.0699417
M,0.0,0.0,0.0,0.0
M,0.0,0.0,0.0,0.0
M,0.0,0.0,0.0,0.0
M,0.0,0.0,0.0,0.0
M,0.0,0.0,0.0,0.0
M,0.0,0.0,0.0,0.0
M,0.0,0.0,0.0,0.0
M,0.0,0.0,0.0,0.0
M,0.0,0.0,0.0,0.0
M,0.0,0.0,0.0,0.0
M,0.0,0.0,0.0,0.0
M,0.0,0.0,0.0,0.0
M,0.0,0.0,0.0,0.0
M,0.0,0.0,0.0,0.0
M,0.0,0.0,0.0,0.0
M,0.00951122,0.0,0.0,0.00951122
M,0.0,0.0,0.0,0.0
M,0.0,0.0,0.0,0.0
M,0.0,0.0,0.0,0.0
M,0.0,0.0,0.0,0.0
M,0.0,0.0,0.0,0.0
M,0.0,0.0,0.0,0.0
M,0.0,0.0,0.0,0.0
M,0.0,0.0,0.0,0.0
M,0.0404229,0.0,0.0,0.0404229
M,0.0,0.0,0.0,0.0
M,0.0152989,0.0,0.0,0.0152989
M,0.0,0.0,0.0,0.0
M,0.0,0.0,0.0,0.0
M,0.0,0.0,0.0,0.0
M,-0.0415916,0.0,0.0,-0.0415916
M,0.0,0.0,0.0,0.0
M,0.0,0.0,0.0,0.0
M,0.0,0.0,0.0,0.0
M,0.0,0.0,0.0,0.0
M,0.0,0.0,0.0,0.0
M,0.0,0.0,0.0,0.0
M,0.0,0.0,0.0,0.0
M,0.0,0.0,0.0,0.0
M,0.0,0.0,0.0,0.0
M,0.0,0.0,0.0,0.0
M,-0.013521,0.0,0.0,-0.013521
M,-0.0677629,0.0,0.0,-0.0677629
M,0.0,0.0,0.0,0.0
M,0.0,0.0,0.0,0.0
M,0.0,0.0,0.0,0.0
M,0.0,0.0,0.0,0.0
M,0.000324088,0.0,0.0,0.000324088
M,0.0,0.0,0.0,0.0
M,-0.00410361,0.0,0.0,-0.00410361
M,0.0,0.0,0.0,0.0
M,0.0,0.0,0.0,0.0
M,-0.0502795,0.0,0.0,-0.0502795
M,0.0686479,0.0,0.0,0.0686479
M,0.000803695,0.0,0.0,0.000803695
M,0.0,0.0,0.0,0.0
M,0.0,0.0,0.0,0.0
M,0.0,0.0,0.0,0.0
M,0.00419032,0.0,0.0,0.00419032
M,0.0,0.0,0.0,0.0
M,0.0,0.0,0.0,0.0
M,0.0,0.0,0.0,0.0
M,-0.0278665,0.0,0.0,-0.0278665
M,0.0,0.0,0.0,0.0
M,0.0,0.0,0.0,0.0
M,0.0,0.0,0.0,0.0
M,0.0,0.0,0.0,0.0
M,0.0,0.0,0.0,0.0
M,0.0,0.0,0.0,0.0
M,0.0,0.0,0.0,0.0
M,0.0,0.0,0.0,0.0
M,0.0,0.0,0.0,0.0
M,0.0,0.0,0.0,0.0
M,0.0,0.0,0.0,0.0
M,0.0,0.0,0.0,0.0
M,0.0,0.0,0.0,0.0
M,0.0,0.0,0.0,0.0
M,-0.0443257,0.0,0.0,-0.0443257
M,0.0,0.0,0.0,0.0
M,-0.0628444,0.0,0.0,-0.0628444
M,0.0,0.0,0.0,0.0
M,0.0,0.0,0.0,0.0
M,0.0,0.046983,0.046983,0.046983
M,0.0,0.0,0.0,0.0
M,0.0,0.0,0.0,0.0
M,-0.000992505,0.0,0.0,-0.000992505
M,0.0,0.0,0.0,0.0
M,0.0,0.0,0.0,0.0
M,0.0,0.0,0.0,0.0
M,0.0,0.0,0.0,0.0
M,0.0,0.0,0.0,0.0
M,-0.0158889,0.0,0.0,-0.0158889
M,0.0,0.0,0.0,0.0
M,0.0,0.0,0.0,0.0
M,0.0,0.0,0.0,0.0
M,0.0,0.0,0.0,0.0
M,0.0,0.0,0.0,0.0
M,0.0,0.0,0.0,0.0
M,0.0,0.0,0.0,0.0
M,0.0,0.0,0.0,0.0
M,0.0,0.0,0.0,0.0
M,0.0,0.046983,0.046983,0.046983
M,0.0,0.0,0.0,0.0
M,0.0247782,0.0,0.0,0.0247782
M,0.0,0.0,0.0,0.0
M,-0.0836874,0.0,0.0,-0.0836874
M,-0.116047,0.0,0.0,-0.116047
M,0.0,0.0,0.0,0.0
M,0.0,0.0,0.0,0.0
M,0.0,0.0,0.0,0.0
M,0.0442702,0.0,0.0,0.0442702
M,0.0,0.0,0.0,0.0
M,0.109953,0.0,0.0,0.109953
M,0.0,0.0,0.0,0.0
M,0.0,0.0,0.0,0.0
M,0.0,0.0,0.0,0.0
M,0.0,0.0,0.0,0.0
M,0.0,0.0,0.0,0.0
M,0.0105473,0.0,0.0,0.0105473
M,0.0,0.0,0.0,0.0
M,0.0,0.0,0.0,0.0
M,0.0,0.0,0.0,0.0
M,-0.0571211,0.0,0.0,-0.0571211
M,0.0,0.0,0.0,0.0
M,0.0,0.0,0.0,0.0
M,0.0268636,0.0,0.0,0.0268636
M,0.0,0.0,0.0,0.0
M,0.0,0.0,0.0,0.0
M,0.0,0.0,0.0,0.0
M,0.0,0.0,0.0,0.0
M,0.0,0.0,0.0,0.0
M,0.0,0.0,0.0,0.0
M,0.0,0.0,0.0,0.0
M,0.0,0.0,0.0,0.0
M,0.0,0.0,0.0,0.0
M,0.0605708,0.0,0.0,0.0605708
M,0.0,0.0,0.0,0.0
M,0.0182383,0.0,0.0,0.0182383
M,0.0,0.0,0.0,0.0
M,0.0,0.0,0.0,0.0
M,0.0,0.0,0.0,0.0
M,0.0,0.0,0.0,0.0
M,0.0,0.0,0.0,0.0
M,0.0,0.0,0.0,0.0
M,0.0,0.0,0.0,0.0
M,0.074461,0.0,0.0,0.074461
M,-0.0260848,0.0,0.0,-0.0260848
M,0.0,0.0,0.0,0.0
M,0.0,0.0,0.0,0.0
M,0.0,0.0,0.0,0.0
M,0.0,0.0,0.0,0.0
M,0.0,0.0,0.0,0.0
M,0.0,0.0,0.0,0.0
M,-0.0116307,0.0,0.0,-0.0116307
M,0.0,0.0,0.0,0.0
M,0.00206412,0.0,0.0,0.00206412
M,0.0712936,0.0,0.0,0.0712936
M,-0.0317135,0.0,0.0,-0.0317135
M,0.0,0.0,0.0,0.0
M,0.0,0.0,0.0,0.0
M,0.0,0.0,0.0,0.0
M,0.0,0.0,0.0,0.0
M,0.0,0.0,0.0,0.0
M,0.0,0.0,0.0,0.0
M,0.0,0.0,0.0,0.0
M,0.0,0.0,0.0,0.0
M,0.0,0.0,0.0,0.0
M,0.0,0.0,0.0,0.0
M,0.0,0.0,0.0,0.0
M,0.0,0.0,0.0,0.0
M,0.0,0.0,0.0,0.0
M,0.0,0.0,0.0,0.0
M,-0.0165576,0.0,0.0,-0.0165576
M,0.0,0.0,0.0,0.0
M,0.0,0.0,0.0,0.0
M,0.0,0.0,0.0,0.0
M,0.0,0.0,0.0,0.0
M,0.0,0.0,0.0,0.0
M,0.0,0.0,0.0,0.0
M,0.0,0.0,0.0,0.0
M,0.0,0.0,0.0,0.0
M,0.0,0.0,0.0,0.0
M,0.0,0.0,0.0,0.0
M,0.0,0.0,0.0,0.0
M,0.0,0.0,0.0,0.0
M,0.0,0.0,0.0,0.0
M,0.0,0.0,0.0,0.0
M,0.057049,0.0,0.0,0.057049
M,0.0,0.0,0.0,0.0
M,0.0,0.0,0.0,0.0
M,0.0,0.0,0.0,0.0
M,0.0,0.0,0.0,0.0
M,0.0,0.0,0.0,0.0
M,0.0,0.0,0.0,0.0
M,0.0103305,0.0,0.0,0.0103305
M,0.0,0.0,0.0,0.0
M,0.0,0.0,0.0,0.0
M,0.0,0.0,0.0,0.0
M,-0.0516528,0.0,0.0,-0.0516528
M,0.0136111,0.0,0.0,0.0136111
M,0.0,0.0,0.0,0.0
M,0.0,0.0,0.0,0.0
M,0.0,0.0,0.0,0.0
M,0.0,0.0,0.0,0.0
M,0.0224387,0.0,0.0,0.0224387
M,0.0,0.0,0.0,0.0
M,0.0,0.0,0.0,0.0
M,0.0,0.0,0.0,0.0
M,0.0,0.0,0.0,0.0
M,0.0,0.0,0.0,0.0
M,0.0,0.0,0.0,0.0
M,0.0849752,0.0,0.0,0.0849752
M,0.0,0.0,0.0,0.0
M,0.0,0.0,0.0,0.0
M,0.0220113,0.0,0.0,0.0220113
M,0.0427623,0.0,0.0,0.0427623
M,0.0,0.0,0.0,0.0
M,0.0137359,0.0,0.0,0.0137359
M,0.0,0.0,0.0,0.0
M,0.0,0.0,0.0,0.0
M,0.0,0.0,0.0,0.0
M,-0.0150637,0.0,0.0,-0.0150637
M,0.0,0.0,0.0,0.0
M,0.0,0.0,0.0,0.0
M,0.0,0.0,0.0,0.0
M,0.0,0.0,0.0,0.0
M,0.0,0.0,0.0,0.0
M,0.0,0.0,0.0,0.0
M,0.0,0.0,0.0,0.0
M,0.0,0.0,0.0,0.0
M,0.0,0.0,0.0,0.0
M,0.0,0.0,0.0,0.0
M,0.0,0.0,0.0,0.0
M,0.0,0.0,0.0,0.0
M,0.0,0.0,0.0,0.0
M,0.0169528,0.0,0.0,0.0169528
M,0.0,0.0,0.0,0.0
M,0.0,0.0,0.0,0.0
M,0.0,0.0,0.0,0.0
M,-0.0469937,0.0,0.0,-0.0469937
M,0.0,0.0,0.0,0.0
M,0.0,0.0,0.0,0.0
M,0.0,0.0,0.0,0.0
M,0.0,0.0,0.0,0.0
M,0.0,0.0,0.0,0.0
M,0.0,0.0,0.0,0.0
M,0.0,0.0,0.0,0.0
M,0.0,0.0,0.0,0.0
M,0.0460208,0.0,0.0,0.0460208
M,0.0,0.0,0.0,0.0
M,0.0,0.0,0.0,0.0
M,0.0,0.0,0.0,0.0
M,0.0,0.0,0.0,0.0
M,0.0,0.0,0.0,0.0
M,-0.0566973,0.0,0.0,-0.0566973
M,0.0,0.0,0.0,0.0
M,0.0,0.0,0.0,0.0
M,0.0,0.0,0.0,0.0
M,0.0,0.0,0.0,0.0
M,0.0507968,0.0,0.0,0.0507968
M,0.0,-0.0237008,-0.0237008,-0.0237008
M,0.0816468,0.0,0.0,0.0816468
M,0.0,0.0,0.0,0.0
M,0.0,0.0,0.0,0.0
M,0.0,0.0,0.0,0.0
M,0.0,0.0,0.0,0.0
M,0.0,0.0,0.0,0.0
M,0.0,0.0,0.0,0.0
M,0.0,0.0,0.0,0.0
M,0.0,0.0,0.0,0.0
M,0.0,0.0,0.0,0.0
M,0.0,0.0,0.0,0.0
M,0.0,0.0,0.0,0.0
M,-0.00535383,0.0,0.0,-0.00535383
M,0.0,0.0,0.0,0.0
M,0.0,0.0,0.0,0.0
M,0.0,0.0,0.0,0.0
M,0.0,0.0,0.0,0.0
M,0.0,0.0,0.0,0.0
M,0.0,0.0,0.0,0.0
M,0.0,0.0,0.0,0.0
M,0.0,0.0,0.0,0.0
M,0.0,0.0,0.0,0.0
M,0.0,0.0,0.0,0.0
M,0.0,0.0,0.0,0.0
M,0.0,0.0,0.0,0.0
M,0.0,0.0,0.0,0.0
M,0.0,0.0,0.0,0.0
M,0.0,0.0,0.0,0.0
M,0.0,0.0,0.0,0.0
M,0.0,0.0,0.0,0.0
M,0.0,0.0,0.0,0.0
M,0.0,0.0,0.0,0.0
M,0.0,0.0,0.0,0.0
M,0.00826907,0.0,0.0,0.00826907
M,0.0,0.0,0.0,0.0
M,0.0,0.0,0.0,0.0
M,0.0,0.0,0.0,0.0
M,0.0,0.0,0.0,0.0
M,0.0,0.0,0.0,0.0
M,0.0,0.0,0.0,0.0
M,0.0,0.0,0.0,0.0
M,0.0,0.0,0.0,0.0
M,0.0,0.0,0.0,0.0
M,0.0,0.0,0.0,0.0
M,0.0,0.0,0.0,0.0
M,0.0,0.0,0.0,0.0
M,0.0686479,0.0,0.0,0.0686479
M,0.0,0.0,0.0,0.0
M,-0.0260848,0.0,0.0,-0.0260848
M,0.0,0.0,0.0,0.0
M,0.0,0.0,0.0,0.0
M,0.0,0.0,0.0,0.0
M,0.0,0.0,0.0,0.0
M,0.0,0.0,0.0,0.0
M,-0.0116307,0.0,0.0,-0.0116307
M,0.0,0.0,0.0,0.0
M,0.0,0.0,0.0,0.0
M,0.0,0.0,0.0,0.0
M,0.0,0.0,0.0,0.0
M,0.0,0.0,0.0,0.0
M,0.0,0.0,0.0,0.0
M,0.0,0.0,0.0,0.0
M,-0.0112389,0.0,0.0,-0.0112389
M,0.0,0.0,0.0,0.0
M,0.0,0.0,0.0,0.0
M,0.0,0.0,0.0,0.0
M,0.0,0.0,0.0,0.0
M,0.0,0.0,0.0,0.0
M,-0.0813671,0.0,0.0,-0.0813671
M,0.0,0.0,0.0,0.0
M,0.0,0.0,0.0,0.0
M,0.0,0.0,0.0,0.0
M,0.0,0.0,0.0,0.0
M,0.0,0.0,0.0,0.0
M,0.0,0.0,0.0,0.0
M,0.0139352,0.0,0.0,0.0139352
M,0.0,0.0,0.0,0.0
M,0.0,0.0,0.0,0.0
M,0.0,0.0,0.0,0.0
M,0.0,0.0,0.0,0.0
M,0.0,0.0,0.0,0.0
M,0.0,0.0,0.0,0.0
M,0.0,0.0,0.0,0.0
M,0.0,0.0,0.0,0.0
M,0.0,0.0,0.0,0.0
M,0.0,0.0,0.0,0.0
M,0.0,0.0,0.0,0.0
M,0.0103305,0.0,0.0,0.0103305
M,0.0,0.0,0.0,0.0
M,0.0,0.0,0.0,0.0
M,0.0,0.0,0.0,0.0
M,0.0,0.0,0.0,0.0
M,0.0,0.0,0.0,0.0
M,0.0,0.0,0.0,0.0
M,-0.0836874,0.0,0.0,-0.0836874
M,0.0,0.0,0.0,0.0
M,0.0,0.0,0.0,0.0
M,0.0,0.0,0.0,0.0
M,0.0,0.0,0.0,0.0
M,0.0,0.0,0.0,0.0
M,0.00206412,0.0,0.0,0.00206412
M,0.0,0.0,0.0,0.0
M,0.0,0.0,0.0,0.0
M,0.0,0.0,0.0,0.0
M,0.0,0.0,0.0,0.0
M,0.0,0.0,0.0,0.0
M,0.0,0.0,0.0,0.0
M,0.0,0.0,0.0,0.0
M,0.0,0.0,0.0,0.0
M,0.0,0.0,0.0,0.0
M,0.0,0.0,0.0,0.0
M,0.0,0.0,0.0,0.0
M,0.0,0.0,0.0,0.0
M,0.0,0.0,0.0,0.0
M,0.0,0.0,0.0,0.0
M,0.0,0.0,0.0,0.0
M,0.0,0.0,0.0,0.0
M,0.00473695,0.0,0.0,0.00473695
M,0.0,0.0,0.0,0.0
M,0.0,0.0,0.0,0.0
M,0.0,0.0,0.0,0.0
M,0.0,0.0,0.0,0.0
M,0.0,0.0,0.0,0.0
M,0.0,0.0,0.0,0.0
M,0.0,0.0,0.0,0.0
M,0.0,0.0,0.0,0.0
M,0.0,0.0,0.0,0.0
M,0.0,0.0,0.0,0.0
M,0.0,0.0,0.0,0.0
M,0.0,0.0,0.0,0.0
M,0.0,0.0,0.0,0.0
M,0.0,0.0,0.0,0.0
M,0.0,0.0,0.0,0.0
M,0.0,-0.0121621,-0.0121621,-0.0121621
M,0.0,0.0,0.0,0.0
M,0.0,0.0,0.0,0.0
M,0.0,0.0,0.0,0.0
M,0.0824996,0.0,0.0,0.0824996
M,-0.0317135,0.0,0.0,-0.0317135
M,0.0,0.0,0.0,0.0
M,0.0,0.0,0.0,0.0
M,0.0,0.0,0.0,0.0
M,0.0,0.0,0.0,0.0
M,-0.0112389,0.0,0.0,-0.0112389
M,0.0,0.0,0.0,0.0
M,0.0,0.0,0.0,0.0
M,0.0,0.0,0.0,0.0
M,0.0,0.0,0.0,0.0
M,0.0,0.0,0.0,0.0
M,0.0,0.0,0.0,0.0
M,0.0,0.0,0.0,0.0
M,0.0,0.0,0.0,0.0
M,0.0,0.0,0.0,0.0
M,0.0,0.0,0.0,0.0
M,0.0,0.0,0.0,0.0
M,0.0,0.0,0.0,0.0
M,0.0,0.0,0.0,0.0
M,0.0,0.0,0.0,0.0
M,0.0,0.0,0.0,0.0
M,0.0,0.0,0.0,0.0
M,0.0,0.0,0.0,0.0
M,0.0,0.0,0.0,0.0
M,0.0,0.0,0.0,0.0
M,0.0,0.0,0.0,0.0
M,0.123953,0.0,0.0,0.123953
M,0.0,0.0,0.0,0.0
M,0.0,0.0,0.0,0.0
M,0.0,0.0,0.0,0.0
M,0.0,0.0,0.0,0.0
M,0.0,0.0,0.0,0.0
M,0.0,0.0,0.0,0.0
M,0.0110441,0.0,0.0,0.0110441
M,0.0,0.0,0.0,0.0
M,0.0,0.0,0.0,0.0
M,0.0,0.0,0.0,0.0
M,0.0,0.0,0.0,0.0
M,-0.118577,0.0,0.0,-0.118577
M,0.0,0.0,0.0,0.0
M,0.0,0.0,0.0,0.0
M,0.0,0.0,0.0,0.0
M,0.0,0.0,0.0,0.0
M,0.045971,0.0,0.0,0.045971
M,0.0,0.0,0.0,0.0
M,0.0,0.0,0.0,0.0
M,0.0,0.0,0.0,0.0
M,0.0,0.0,0.0,0.0
M,0.0,0.0,0.0,0.0
M,0.0,0.0,0.0,0.0
M,0.0,0.0,0.0,0.0
M,0.0,0.0,0.0,0.0
M,0.0,0.0,0.0,0.0
M,0.0,0.0,0.0,0.0
M,0.0,0.0,0.0,0.0
M,0.0,0.0,0.0,0.0
M,0.0,0.0,0.0,0.0
M,0.0,0.0,0.0,0.0
M,0.0,0.0,0.0,0.0
M,0.0,0.0,0.0,0.0
M,0.0,0.0,0.0,0.0
M,0.0,0.0,0.0,0.0
M,0.00629671,0.0,0.0,0.00629671
M,0.0,0.0,0.0,0.0
M,0.0,0.0,0.0,0.0
M,0.0,0.0,0.0,0.0
M,0.0,0.0,0.0,0.0
M,-0.0250575,0.0,0.0,-0.0250575
M,0.0,0.0,0.0,0.0
M,0.0,0.0,0.0,0.0
M,0.0169528,0.0,0.0,0.0169528
M,0.0,0.0,0.0,0.0
M,0.0,0.0,0.0,0.0
M,0.0,0.0,0.0,0.0
M,0.0,0.0,0.0,0.0
M,0.0,0.0,0.0,0.0
M,0.0,0.0,0.0,0.0
M,0.0,0.0,0.0,0.0
M,0.0,0.0,0.0,0.0
M,0.0,0.0,0.0,0.0
M,0.0,0.0,0.0,0.0
M,0.0,0.0,0.0,0.0
M,0.0,0.0,0.0,0.0
M,0.0,0.0,0.0,0.0
M,0.0204771,0.0,0.0,0.0204771
M,0.0,0.0,0.0,0.0
M,0.0,0.0,0.0,0.0
M,0.0,0.0,0.0,0.0
M,-0.102449,0.0,0.0,-0.102449
M,0.0,0.0,0.0,0.0
M,0.0,0.0,0.0,0.0
M,-0.0137158,0.0,0.0,-0.0137158
M,0.0,0.0,0.0,0.0
M,-0.0252668,0.0,0.0,-0.0252668
M,0.0,0.0,0.0,0.0
M,0.0,0.0,0.0,0.0
M,0.0,0.0,0.0,0.0
M,-0.024795,0.0,0.0,-0.024795
M,0.0,0.0,0.0,0.0
M,0.0,0.0,0.0,0.0
M,0.0,0.0,0.0,0.0
M,0.0,0.0,0.0,0.0
M,0.0,0.0,0.0,0.0
M,-0.00910559,0.0,0.0,-0.00910559
M,0.0,0.0,0.0,0.0
M,0.0,0.0,0.0,0.0
M,0.0,0.0,0.0,0.0
M,0.0,0.0,0.0,0.0
M,0.0,0.0,0.0,0.0
M,0.0,0.0,0.0,0.0
M,0.000319417,0.0,0.0,0.000319417
M,0.0,0.0,0.0,0.0
M,0.0,0.0,0.0,0.0
M,0.0,0.0,0.0,0.0
M,0.0,0.0,0.0,0.0
M,0.0,0.0,0.0,0.0
M,0.0,0.0,0.0,0.0
M,0.0,0.0,0.0,0.0
M,0.0,0.0,0.0,0.0
M,0.0,0.0,0.0,0.0
M,0.0,0.0,0.0,0.0
M,0.0,0.0,0.0,0.0
M,0.0,0.0,0.0,0.0
M,0.0,0.0,0.0,0.0
M,0.0181941,0.0,0.0,0.0181941
M,0.0,0.0,0.0,0.0
M,0.0,0.0,0.0,0.0
M,0.0,0.0,0.0,0.0
M,0.0,0.0,0.0,0.0
M,0.0,0.0,0.0,0.0
M,0.0,0.0,0.0,0.0
M,0.0,0.0,0.0,0.0
M,-0.0351053,0.0,0.0,-0.0351053
M,0.0,0.0,0.0,0.0
M,-0.0298729,0.0,0.0,-0.0298729
M,0.0,0.0,0.0,0.0
M,0.0203463,0.0,0.0,0.0203463
M,0.0,0.0,0.0,0.0
M,0.0,0.0,0.0,0.0
M,0.0901082,0.0,0.0,0.0901082
M,0.0,0.0,0.0,0.0
M,0.0,0.0,0.0,0.0
M,0.0,0.0,0.0,0.0
M,-0.0724266,0.0,0.0,-0.0724266
M,0.0,0.0,0.0,0.0
M,0.0,0.0,0.0,0.0
M,0.0,0.0,0.0,0.0
M,0.0,0.0,0.0,0.0
M,-0.0109917,0.0,0.0,-0.0109917
M,-0.0147056,0.0,0.0,-0.0147056
M,0.0,0.0,0.0,0.0
M,-0.0751237,0.0,0.0,-0.0751237
M,0.0,0.0,0.0,0.0
M,0.0,0.0,0.0,0.0
M,0.0,0.0,0.0,0.0
M,0.0991047,0.0,0.0,0.0991047
M,0.0,0.0,0.0,0.0
M,-0.0139337,0.0,0.0,-0.0139337
M,0.0,0.0,0.0,0.0
M,0.0,0.0,0.0,0.0
M,0.0,0.0,0.0,0.0
M,0.00754869,0.0,0.0,0.00754869
M,0.0,0.0,0.0,0.0
M,0.0,0.0,0.0,0.0
M,0.0,0.0,0.0,0.0
M,-0.00554458,0.0,0.0,-0.00554458
M,0.0,0.0,0.0,0.0
M,0.0,0.0,0.0,0.0
M,0.0,0.0,0.0,0.0
M,0.0,0.0,0.0,0.0
M,0.0,0.0,0.0,0.0
M,0.0,0.0,0.0,0.0
M,0.0,0.0,0.0,0.0
M,0.0,0.0,0.0,0.0
M,0.0,0.0,0.0,0.0
M,0.0,0.0,0.0,0.0
M,0.0,0.0,0.0,0.0
M,0.0,0.0,0.0,0.0
M,0.0,0.0,0.0,0.0
M,-0.0371583,0.0,0.0,-0.0371583
M,0.0,0.0,0.0,0.0
M,0.0,0.0,0.0,0.0
M,0.0,0.0,0.0,0.0
M,0.0,0.0,0.0,0.0
M,0.0,0.0,0.0,0.0
M,0.0,0.0,0.0,0.0
M,0.0,0.0,0.0,0.0
M,0.0,0.0,0.0,0.0
M,0.0,0.0,0.0,0.0
M,0.0,0.0,0.0,0.0
M,-0.00709793,0.0,0.0,-0.00709793
M,0.0,0.0,0.0,0.0
M,0.0,0.0,0.0,0.0
M,0.0,0.0,0.0,0.0
M,0.0,0.0,0.0,0.0
M,0.0,0.0,0.0,0.0
M,0.0,0.0,0.0,0.0
M,0.0,0.0,0.0,0.0
M,0.0,0.0,0.0,0.0
M,0.0,0.0,0.0,0.0
M,0.0,0.0,0.0,0.0
M,0.0,0.0,0.0,0.0
M,0.0,0.0,0.0,0.0
M,0.0,0.0,0.0,0.0
M,0.0,0.0,0.0,0.0
M,0.0,0.0,0.0,0.0
M,0.0,0.0,0.0,0.0
M,0.0,0.0,0.0,0.0
M,0.0,0.0,0.0,0.0
M,0.0,0.0,0.0,0.0
M,0.0,0.0,0.0,0.0
M,0.0,0.0,0.0,0.0
M,0.0905625,0.0,0.0,0.0905625
M,0.143449,0.0,0.0,0.143449
M,0.0,0.0,0.0,0.0
M,0.0,0.0,0.0,0.0
M,0.0,0.0,0.0,0.0
M,0.0,0.0,0.0,0.0
M,0.0,0.0,0.0,0.0
M,0.0344348,0.0,0.0,0.0344348
M,-0.0681605,0.0,0.0,-0.0681605
M,0.0340661,0.0,0.0,0.0340661
M,0.0,0.0,0.0,0.0
M,0.0,0.0,0.0,0.0
M,0.0,0.0,0.0,0.0
M,0.0,0.0,0.0,0.0
M,0.0,0.0,0.0,0.0
M,-0.0170696,0.0,0.0,-0.0170696
M,0.0,0.0,0.0,0.0
M,0.0,0.0,0.0,0.0
M,0.0,0.0,0.0,0.0
M,0.0,0.0,0.0,0.0
M,0.0209974,0.0,0.0,0.0209974
M,0.0,0.0,0.0,0.0
M,0.0,0.0,0.0,0.0
M,0.0,0.0,0.0,0.0
M,0.0,0.0,0.0,0.0
M,-0.0685867,0.0,0.0,-0.0685867
M,0.0,0.0,0.0,0.0
M,0.0,0.0,0.0,0.0
M,0.0,0.0,0.0,0.0
M,0.0,0.0,0.0,0.0
M,0.0,0.0,0.0,0.0
M,0.0,0.0,0.0,0.0
M,0.0,0.0,0.0,0.0
M,0.0,0.0,0.0,0.0
M,0.0,0.0,0.0,0.0
M,0.0,0.0,0.0,0.0
M,0.0,0.0,0.0,0.0
M,0.0,0.0,0.0,0.0
M,0.0,0.0,0.0,0.0
M,0.0,0.0,0.0,0.0
M,0.0,0.0,0.0,0.0
M,0.0207854,0.0,0.0,0.0207854
M,0.0,0.0,0.0,0.0
M,0.0,0.0,0.0,0.0
M,0.0,0.0,0.0,0.0
M,0.0,0.0,0.0,0.0
M,0.0,0.0,0.0,0.0
M,0.0,0.0,0.0,0.0
M,0.0,0.0,0.0,0.0
M,0.0,0.0,0.0,0.0
M,0.0,0.0,0.0,0.0
M,0.0,0.0,0.0,0.0
M,0.0,0.0,0.0,0.0
M,0.0,0.0,0.0,0.0
M,0.0,0.0,0.0,0.0
M,0.0,0.0,0.0,0.0
M,0.0,0.0,0.0,0.0
M,0.0,0.0,0.0,0.0
M,0.0,0.0,0.0,0.0
M,0.0,0.0,0.0,0.0
M,-0.114792,0.0,0.0,-0.114792
M,0.0,0.0,0.0,0.0
M,0.0,0.0,0.0,0.0
M,0.00419032,0.0,0.0,0.00419032
M,0.0,0.0,0.0,0.0
M,0.0,0.0,0.0,0.0
M,0.00679571,0.0,0.0,0.00679571
M,0.0,0.0,0.0,0.0
M,0.0,0.0,0.0,0.0
M,0.0,0.0,0.0,0.0
M,0.0,0.0,0.0,0.0
M,0.0225335,0.0,0.0,0.0225335
M,0.0,0.0,0.0,0.0
M,0.101431,0.0,0.0,0.101431
M,-0.0245089,0.0,0.0,-0.0245089
M,0.0,0.0,0.0,0.0
M,0.0,0.0,0.0,0.0
M,0.0,0.0,0.0,0.0
M,0.0,0.0,0.0,0.0
M,0.0,0.0,0.0,0.0
M,0.0165018,0.0,0.0,0.0165018
M,0.0,0.0,0.0,0.0
M,0.0,0.0,0.0,0.0
M,0.0,0.0,0.0,0.0
M,0.0,0.0,0.0,0.0
M,0.0,0.0,0.0,0.0
M,0.0,0.0,0.0,0.0
M,0.0,0.0,0.0,0.0
M,0.0,0.0,0.0,0.0
M,0.0,0.0,0.0,0.0
M,0.0,0.0,0.0,0.0
M,0.0,0.0,0.0,0.0
M,0.0,0.0,0.0,0.0
M,-0.0845249,0.0,0.0,-0.0845249
M,0.0,0.0,0.0,0.0
M,0.0,0.0,0.0,0.0
M,0.0,0.0,0.0,0.0
M,0.0,0.0,0.0,0.0
M,0.0,0.0,0.0,0.0
M,0.0,0.0,0.0,0.0
M,0.0634115,0.0,0.0,0.0634115
M,0.0,0.0,0.0,0.0
M,0.0,0.0,0.0,0.0
M,0.0,0.0,0.0,0.0
M,0.0,0.0,0.0,0.0
M,0.0,0.0,0.0,0.0
M,0.0,0.0,0.0,0.0
M,0.0,0.0,0.0,0.0
M,0.0,0.0,0.0,0.0
M,0.0,0.0,0.0,0.0
M,0.0,0.0,0.0,0.0
M,0.00569328,0.0,0.0,0.00569328
M,0.0,0.0,0.0,0.0
M,0.0,0.0,0.0,0.0
M,0.0,0.0,0.0,0.0
M,0.0,0.0,0.0,0.0
M,0.0957238,0.0,0.0,0.0957238
M,0.0,0.0,0.0,0.0
M,0.0,0.0,0.0,0.0
M,0.0,0.0,0.0,0.0
M,0.0,0.0,0.0,0.0
M,0.0,0.0,0.0,0.0
M,0.0,0.0,0.0,0.0
M,0.0,0.0,0.0,0.0
M,0.0,0.0,0.0,0.0
M,0.0,0.0,0.0,0.0
M,0.0,0.0,0.0,0.0
M,0.0,0.0,0.0,0.0
M,0.0,0.0,0.0,0.0
M,0.0,0.0,0.0,0.0
M,0.0,0.0,0.0,0.0
M,0.0,0.0,0.0,0.0
M,-0.0194721,0.0,0.0,-0.0194721
M,0.0,0.0,0.0,0.0
M,0.0,0.0,0.0,0.0
M,0.0,0.0,0.0,0.0
M,0.0,0.0,0.0,0.0
M,0.0,0.0,0.0,0.0
M,0.0,0.0,0.0,0.0
M,0.0,0.0,0.0,0.0
M,0.0,0.0,0.0,0.0
M,0.0,0.0,0.0,0.0
M,0.0,0.0,0.0,0.0
M,0.0,0.0,0.0,0.0
M,0.0,0.0,0.0,0.0
M,0.0,0.0,0.0,0.0
M,0.0,0.0,0.0,0.0
M,0.0,0.0,0.0,0.0
M,0.0,0.0,0.0,0.0
M,0.0,0.0,0.0,0.0
M,0.0,0.0,0.0,0.0
M,0.0,0.0,0.0,0.0
M,0.0,0.0,0.0,0.0
M,0.0,0.0,0.0,0.0
M,0.0,0.0,0.0,0.0
M,0.0,0.0,0.0,0.0
M,0.0,0.0,0.0,0.0
M,0.0,0.0,0.0,0.0
M,0.0,0.0,0.0,0.0
M,0.0,0.0,0.0,0.0
M,0.0,0.0,0.0,0.0
M,0.119566,0.0,0.0,0.119566
M,0.0429267,0.0,0.0,0.0429267
M,-0.06513,0.0,0.0,-0.06513
M,0.0,0.0,0.0,0.0
M,0.0,0.0,0.0,0.0
M,0.0,0.0,0.0,0.0
M,0.0,0.0,0.0,0.0
M,0.0,0.0,0.0,0.0
M,0.0,0.0,0.0,0.0
M,-0.0194721,0.0,0.0,-0.0194721
M,0.0,0.0,0.0,0.0
M,0.0,0.0,0.0,0.0
M,0.0,0.0,0.0,0.0
M,0.0,0.0,0.0,0.0
M,0.0,0.0,0.0,0.0
M,0.0,0.0,0.0,0.0
M,-0.0367323,0.0,0.0,-0.0367323
M,0.0,0.0,0.0,0.0
M,0.0,0.0,0.0,0.0
M,0.0,0.0,0.0,0.0
M,0.0,0.0,0.0,0.0
M,0.0,0.0,0.0,0.0
M,0.0,0.0,0.0,0.0
M,0.0,0.0,0.0,0.0
M,0.0,0.0,0.0,0.0
M,0.0152989,0.0,0.0,0.0152989
M,0.0,0.0,0.0,0.0
M,0.0,0.0,0.0,0.0
M,0.0,0.0,0.0,0.0
M,0.0,0.0,0.0,0.0
M,0.0,0.0,0.0,0.0
M,0.0,0.0,0.0,0.0
M,-0.0762191,0.0,0.0,-0.0762191
M,-0.0528698,0.0,0.0,-0.0528698
M,0.0363507,0.0,0.0,0.0363507
M,0.0,0.0,0.0,0.0
M,0.0316255,0.0,0.0,0.0316255
M,0.0,0.0,0.0,0.0
M,0.0,0.0,0.0,0.0
M,0.00464001,0.0,0.0,0.00464001
M,0.0,0.0,0.0,0.0
M,0.0,0.0,0.0,0.0
M,0.0,0.0,0.0,0.0
M,0.0,0.0,0.0,0.0
M,0.0,-0.0148161,-0.0148161,-0.0148161
M,0.0448716,0.0,0.0,0.0448716
M,0.0,0.0,0.0,0.0
M,0.0,0.0,0.0,0.0
M,-0.0362229,0.0,0.0,-0.0362229
M,0.0,0.0,0.0,0.0
M,-0.0351053,0.0,0.0,-0.0351053
M,0.0,0.0,0.0,0.0
M,0.0,0.0,0.0,0.0
M,0.0,0.0,0.0,0.0
M,0.0,0.0,0.0,0.0
M,0.0,0.0,0.0,0.0
M,0.0,0.0,0.0,0.0
M,0.0,0.0,0.0,0.0
M,0.0,0.0,0.0,0.0
M,0.0103305,0.0,0.0,0.0103305
M,0.0,0.0,0.0,0.0
M,-0.0158889,0.0,0.0,-0.0158889
M,0.0,0.0,0.0,0.0
M,0.0,0.0,0.0,0.0
M,-0.00275956,0.0,0.0,-0.00275956
M,0.0,0.0,0.0,0.0
M,0.0,0.0,0.0,0.0
M,0.0,0.0,0.0,0.0
M,0.0,0.0,0.0,0.0
M,0.0,0.0,0.0,0.0
M,0.0,0.0,0.0,0.0
M,0.0,0.0,0.0,0.0
M,0.0,0.0,0.0,0.0
M,0.0,0.0,0.0,0.0
M,0.0991047,0.0,0.0,0.0991047
M,0.0,0.0,0.0,0.0
M,0.0,0.0,0.0,0.0
M,0.0,0.0,0.0,0.0
M,0.0,0.0,0.0,0.0
M,0.0,0.0,0.0,0.0
M,0.0,0.0,0.0,0.0
M,0.0,0.0,0.0,0.0
M,0.0,0.0,0.0,0.0
M,0.0,0.0,0.0,0.0
M,0.0,0.0,0.0,0.0
M,0.0,0.0,0.0,0.0
M,0.0,0.0,0.0,0.0
M,0.0,0.0,0.0,0.0
M,0.0,0.0,0.0,0.0
M,0.0,0.0,0.0,0.0
M,0.0991047,0.0,0.0,0.0991047
M,0.0,0.0,0.0,0.0
M,0.0,0.0,0.0,0.0
M,0.0,0.0,0.0,0.0
M,0.0,0.0,0.0,0.0
M,0.0,0.046983,0.046983,0.046983
M,0.0,0.0,0.0,0.0
M,0.0,0.0,0.0,0.0
M,0.0,0.0,0.0,0.0
M,0.0,0.0,0.0,0.0
M,0.0,0.0,0.0,0.0
M,0.0,0.0,0.0,0.0
M,-0.0100447,0.0,0.0,-0.0100447
M,-0.00275956,0.0,0.0,-0.00275956
M,0.00569328,0.0,0.0,0.00569328
M,0.0,0.0,0.0,0.0
M,-0.0501102,0.0,0.0,-0.0501102
M,0.0,0.0,0.0,0.0
M,0.0484267,0.0,0.0,0.0484267
M,0.0,0.0,0.0,0.0
M,0.0,0.0,0.0,0.0
M,0.0,0.0,0.0,0.0
M,-0.0842354,0.0,0.0,-0.0842354
M,-0.0188653,0.0,0.0,-0.0188653
M,-0.136624,0.0,0.0,-0.136624
M,0.0,0.0,0.0,0.0
M,0.0,0.0,0.0,0.0
M,0.0,0.0,0.0,0.0
M,0.0,0.0,0.0,0.0
M,0.0,0.0,0.0,0.0
M,0.0,0.0,0.0,0.0
M,0.0,0.0,0.0,0.0
M,0.0,0.0,0.0,0.0
M,0.0,0.0,0.0,0.0
M,0.0,0.0,0.0,0.0
M,0.0,0.0,0.0,0.0
M,0.0,0.0,0.0,0.0
M,0.0,0.0,0.0,0.0
M,0.0,0.0,0.0,0.0
M,0.0137482,0.0,0.0,0.0137482
M,0.0,0.0,0.0,0.0
M,0.0,0.0,0.0,0.0
M,0.0,0.0,0.0,0.0
M,0.0,0.0,0.0,0.0
M,0.0,0.0,0.0,0.0
M,0.0,0.0,0.0,0.0
M,0.0,0.0,0.0,0.0
M,0.000324088,0.0,0.0,0.000324088
M,0.0,0.0,0.0,0.0
M,0.0,0.0,0.0,0.0
M,0.0,0.0,0.0,0.0
M,0.0,0.0,0.0,0.0
M,0.0,0.0,0.0,0.0
M,0.0,0.0,0.0,0.0
M,0.0,0.0,0.0,0.0
M,0.0,0.0,0.0,0.0
M,0.0,0.0,0.0,0.0
M,0.0,0.0,0.0,0.0
M,0.0,0.0,0.0,0.0
M,-0.00887943,0.0,0.0,-0.00887943
M,-0.0194721,0.0,0.0,-0.0194721
M,0.0,0.0,0.0,0.0
M,0.0,0.0,0.0,0.0
M,-0.00205497,0.0,0.0,-0.00205497
M,0.0,0.0,0.0,0.0
M,0.0,0.0,0.0,0.0
M,0.0735644,0.0,0.0,0.0735644
M,0.0,0.0,0.0,0.0
M,0.0,0.0,0.0,0.0
M,0.0,0.0,0.0,0.0
M,0.0,0.0,0.0,0.0
M,0.0,0.0,0.0,0.0
M,0.0225335,0.0,0.0,0.0225335
M,0.000803695,0.0,0.0,0.000803695
M,0.0,0.0,0.0,0.0
M,0.0,0.0,0.0,0.0
M,-0.0566973,0.0,0.0,-0.0566973
M,0.0,0.0,0.0,0.0
M,0.0,0.0,0.0,0.0
M,0.0344348,0.0,0.0,0.0344348
M,0.0,0.0,0.0,0.0
M,0.0,0.0,0.0,0.0
M,0.0,0.0,0.0,0.0
M,-0.0856273,0.0,0.0,-0.0856273
M,0.0,0.0,0.0,0.0
M,0.0,0.0,0.0,0.0
M,0.0,0.0,0.0,0.0
M,-0.0298729,0.0,0.0,-0.0298729
M,0.0,0.0,0.0,0.0
M,0.0,0.0,0.0,0.0
M,0.0,0.0,0.0,0.0
M,0.0,0.0,0.0,0.0
M,0.0,0.0,0.0,0.0
M,0.0,0.0,0.0,0.0
M,-0.0624679,0.0,0.0,-0.0624679
M,0.0,0.0,0.0,0.0
M,0.0,0.0,0.0,0.0
M,0.0,0.0,0.0,0.0
M,0.0,0.0,0.0,0.0
M,0.0,0.0,0.0,0.0
M,0.0,0.0,0.0,0.0
M,0.0,0.0,0.0,0.0
M,0.0,0.0,0.0,0.0
M,0.0,0.0,0.0,0.0
M,0.0,0.0,0.0,0.0
M,0.0,0.0,0.0,0.0
M,-0.0301631,0.0,0.0,-0.0301631
M,0.0,0.0,0.0,0.0
M,0.0,0.0,0.0,0.0
M,0.0479229,0.0,0.0,0.0479229
M,0.0,0.0,0.0,0.0
M,0.0,0.0,0.0,0.0
M,0.00206412,0.0,0.0,0.00206412
M,0.0,0.0,0.0,0.0
M,0.0,0.0,0.0,0.0
M,0.0,0.0,0.0,0.0
M,0.0,0.0,0.0,0.0
M,0.0,0.0,0.0,0.0
M,0.0,0.0,0.0,0.0
M,0.0,0.0,0.0,0.0
M,-0.0149569,0.0,0.0,-0.0149569
M,0.0,0.0,0.0,0.0
M,0.0,0.0,0.0,0.0
M,0.0,0.0,0.0,0.0
M,0.0,0.0,0.0,0.0
M,0.0,0.0,0.0,0.0
M,0.0,0.0,0.0,0.0
M,0.0,0.0,0.0,0.0
M,-0.0622558,0.0,0.0,-0.0622558
M,0.0,0.0,0.0,0.0
M,0.0,0.0,0.0,0.0
M,0.0,0.0,0.0,0.0
M,0.0,0.0,0.0,0.0
M,0.0,0.0,0.0,0.0
M,0.0,0.0,0.0,0.0
M,0.0,0.0,0.0,0.0
M,0.0,0.0,0.0,0.0
M,0.0,0.0,0.0,0.0
M,0.0,0.0,0.0,0.0
M,-0.0543737,0.0,0.0,-0.0543737
M,0.0,0.0,0.0,0.0
M,0.0,0.0,0.0,0.0
M,0.0,0.0,0.0,0.0
M,0.0422676,0.0,0.0,0.0422676
M,0.0577568,0.0,0.0,0.0577568
M,0.0,0.0,0.0,0.0
M,0.0,0.0,0.0,0.0
M,0.0,0.0,0.0,0.0
M,0.0,0.0,0.0,0.0
M,0.0,0.0,0.0,0.0
M,0.0,0.0,0.0,0.0
M,0.0,0.0,0.0,0.0
M,0.0,0.0,0.0,0.0
M,0.0,0.0,0.0,0.0
M,0.0,0.0,0.0,0.0
M,0.0,0.0,0.0,0.0
M,0.0,0.0,0.0,0.0
M,0.0,0.0,0.0,0.0
M,0.0,0.0,0.0,0.0
M,0.0,0.0,0.0,0.0
M,0.0,0.0,0.0,0.0
M,0.0,0.0,0.0,0.0
M,0.0,0.0,0.0,0.0
M,0.0,0.0,0.0,0.0
M,0.0,0.0,0.0,0.0
M,0.0,0.0,0.0,0.0
M,0.0,0.0,0.0,0.0
M,0.0,0.0,0.0,0.0
M,0.0,0.0,0.0,0.0
M,0.0,0.0,0.0,0.0
M,0.0,0.0,0.0,0.0
M,0.0,0.0,0.0,0.0
M,0.0,0.0,0.0,0.0
M,0.0,0.0,0.0,0.0
M,0.0,0.0,0.0,0.0
M,0.0,0.0,0.0,0.0
M,0.0,0.0,0.0,0.0
M,0.0,0.0,0.0,0.0
M,0.0,0.0,0.0,0.0
M,0.0,0.0,0.0,0.0
M,0.0,0.0,0.0,0.0
M,0.0,0.0,0.0,0.0
M,0.0,0.0,0.0,0.0
M,0.0,0.0,0.0,0.0
M,0.0,0.0,0.0,0.0
M,0.00261157,0.0,0.0,0.00261157
M,0.0,0.0,0.0,0.0
M,0.0,0.0,0.0,0.0
M,0.0,0.0,0.0,0.0
M,0.0,0.0,0.0,0.0
M,0.0,0.0,0.0,0.0
M,0.0,0.0,0.0,0.0
M,0.0,0.0,0.0,0.0
M,0.0,0.0,0.0,0.0
M,0.0,0.0,0.0,0.0
M,0.0,0.0,0.0,0.0
M,0.122871,0.0,0.0,0.122871
M,0.0,0.0,0.0,0.0
M,0.0,0.0,0.0,0.0
M,0.0,0.0,0.0,0.0
M,0.0,0.0,0.0,0.0
M,0.0,0.0,0.0,0.0
M,-0.0672196,0.0,0.0,-0.0672196
M,0.0,0.0,0.0,0.0
M,0.0,0.0,0.0,0.0
M,0.0275261,0.0,0.0,0.0275261
M,0.0,0.0,0.0,0.0
M,0.0,0.0,0.0,0.0
M,0.0,0.0,0.0,0.0
M,0.0,0.0,0.0,0.0
M,0.0,0.0,0.0,0.0
M,0.0,0.0,0.0,0.0
M,-0.0486087,0.0,0.0,-0.0486087
M,0.0,0.0,0.0,0.0
M,0.0,0.0,0.0,0.0
M,0.0,0.0,0.0,0.0
M,0.0,0.0,0.0,0.0
M,0.0,0.0,0.0,0.0
M,0.0,0.0,0.0,0.0
M,0.0,0.0,0.0,0.0
M,0.0,0.0,0.0,0.0
M,0.0423488,0.0,0.0,0.0423488
M,0.0,0.0,0.0,0.0
M,0.0,0.0,0.0,0.0
M,0.0,0.0,0.0,0.0
M,-0.0293749,0.0,0.0,-0.0293749
M,-0.0133804,0.0,0.0,-0.0133804
M,0.0,0.0,0.0,0.0
M,0.0,0.0,0.0,0.0
M,0.0,0.0,0.0,0.0
M,0.0,0.0,0.0,0.0
M,0.0,0.0,0.0,0.0
M,0.0,0.0,0.0,0.0
M,0.0,0.0,0.0,0.0
M,0.0,0.0,0.0,0.0
M,0.0,0.0,0.0,0.0
M,0.0,0.0,0.0,0.0
M,0.0,0.0,0.0,0.0
M,0.0,0.0,0.0,0.0
M,0.0,0.0,0.0,0.0
M,0.0,0.0,0.0,0.0
M,0.0,0.0,0.0,0.0
M,-0.0299742,0.0,0.0,-0.0299742
M,0.0,0.0,0.0,0.0
M,0.0,0.0,0.0,0.0
M,0.0,0.0,0.0,0.0
M,0.0,0.0,0.0,0.0
M,0.0,0.0,0.0,0.0
M,0.0,0.0,0.0,0.0
M,0.0578705,0.0,0.0,0.0578705
M,0.0,0.0,0.0,0.0
M,0.0,0.0,0.0,0.0
M,0.011613,0.0,0.0,0.011613
M,0.0,0.0,0.0,0.0
M,0.00489402,0.0,0.0,0.00489402
M,-0.0635868,0.0,0.0,-0.0635868
M,0.0,0.0,0.0,0.0
M,0.0,0.0,0.0,0.0
M,0.0,0.0,0.0,0.0
M,0.0,0.0,0.0,0.0
M,0.0,0.0,0.0,0.0
M,0.0,0.0,0.0,0.0
M,0.0,0.0,0.0,0.0
M,-0.0147902,0.0,0.0,-0.0147902
M,0.0,0.0,0.0,0.0
M,0.0,0.0,0.0,0.0
M,0.0,0.0,0.0,0.0
M,0.0,0.0,0.0,0.0
M,0.0,0.0,0.0,0.0
M,-0.0150637,0.0,0.0,-0.0150637
M,0.0,0.0,0.0,0.0
M,0.0,0.0,0.0,0.0
M,0.0,0.0,0.0,0.0
M,0.0,0.0,0.0,0.0
M,0.0,0.0,0.0,0.0
M,0.0,0.0,0.0,0.0
M,0.0,0.0,0.0,0.0
M,0.0,0.0,0.0,0.0
M,0.0,0.0,0.0,0.0
M,0.0,0.0,0.0,0.0
M,0.0,0.0,0.0,0.0
M,0.0,0.0,0.0,0.0
M,0.0,0.0,0.0,0.0
M,-0.0137158,0.0,0.0,-0.0137158
M,0.0,0.0,0.0,0.0
M,0.0,0.0,0.0,0.0
M,0.0,0.0,0.0,0.0
M,0.0,0.0,0.0,0.0
M,0.0,0.0,0.0,0.0
M,0.0,0.0,0.0,0.0
M,0.0,0.0,0.0,0.0
M,0.0,0.0,0.0,0.0
M,0.0,0.0,0.0,0.0
M,0.0,0.0,0.0,0.0
M,0.0,0.0,0.0,0.0
M,0.0,0.0,0.0,0.0
M,0.0,0.0,0.0,0.0
M,0.0,0.0,0.0,0.0
M,0.0,0.0,0.0,0.0
M,0.0,0.0,0.0,0.0
M,0.0,0.0,0.0,0.0
M,0.0,0.0,0.0,0.0
M,0.0,0.0,0.0,0.0
M,0.0125995,0.0,0.0,0.0125995
M,0.0,0.0,0.0,0.0
M,0.0,0.0,0.0,0.0
M,0.0,0.0,0.0,0.0
M,0.0,0.0,0.0,0.0
M,0.00571077,0.0,0.0,0.00571077
M,0.0,0.0,0.0,0.0
M,0.0,0.0,0.0,0.0
M,0.0,0.0,0.0,0.0
M,0.0,0.0,0.0,0.0
M,0.0,0.0,0.0,0.0
M,0.0,0.0,0.0,0.0
M,0.0,0.0,0.0,0.0
M,0.0,0.0,0.0,0.0
M,0.0,0.0,0.0,0.0
M,0.0,0.0,0.0,0.0
M,-0.0872196,0.0,0.0,-0.0872196
M,0.0,0.0,0.0,0.0
M,0.0,0.0,0.0,0.0
M,0.0,0.0,0.0,0.0
M,0.0,0.0,0.0,0.0
M,0.0,0.0,0.0,0.0
M,0.0,0.0,0.0,0.0
M,-0.0208661,0.0,0.0,-0.0208661
M,-0.0878716,0.0,0.0,-0.0878716
M,0.0,0.0,0.0,0.0
M,0.0,0.0,0.0,0.0
M,0.0,0.0,0.0,0.0
M,0.0,0.0,0.0,0.0
M,0.0,0.0,0.0,0.0
M,0.0,0.0,0.0,0.0
M,0.0,0.0,0.0,0.0
M,0.0,0.0,0.0,0.0
M,0.0073969,0.0,0.0,0.0073969
M,0.0,0.0,0.0,0.0
M,0.0,0.0,0.0,0.0
M,0.0,0.0,0.0,0.0
M,0.0,0.0,0.0,0.0
M,0.0,0.0,0.0,0.0
M,0.0,0.0,0.0,0.0
M,0.0,0.0,0.0,0.0
M,0.0,0.0,0.0,0.0
M,0.0,0.0,0.0,0.0
M,0.0,0.0,0.0,0.0
M,0.0,0.0,0.0,0.0
M,0.0,0.0,0.0,0.0
M,0.0,0.0,0.0,0.0
M,0.0,0.0,0.0,0.0
M,0.0,0.0,0.0,0.0
M,0.0,0.0,0.0,0.0
M,0.0,0.0,0.0,0.0
M,0.0,0.0,0.0,0.0
M,0.0,0.0,0.0,0.0
M,0.0,0.0,0.0,0.0
M,0.0,0.0,0.0,0.0
M,0.0,0.0,0.0,0.0
M,0.0,0.0,0.0,0.0
M,0.0,0.0,0.0,0.0
M,0.0,0.0,0.0,0.0
M,0.0,0.0,0.0,0.0
M,0.0,0.0,0.0,0.0
M,0.0343682,0.0,0.0,0.0343682
M,0.0,0.0,0.0,0.0
M,-0.0116307,0.0,0.0,-0.0116307
M,0.0,0.0,0.0,0.0
M,0.0,0.0,0.0,0.0
M,0.0,0.0,0.0,0.0
M,0.0,0.0,0.0,0.0
M,-0.000813275,0.0,0.0,-0.000813275
M,0.0,0.0,0.0,0.0
M,0.0,0.0,0.0,0.0
M,0.0,0.0,0.0,0.0
M,0.0,0.0,0.0,0.0
M,0.0,0.0,0.0,0.0
M,-0.0114254,0.0,0.0,-0.0114254
M,0.0,0.0,0.0,0.0
M,0.0,0.0,0.0,0.0
M,0.0266702,0.0,0.0,0.0266702
M,0.0,0.0,0.0,0.0
M,0.036895,0.0,0.0,0.036895
M,0.0,0.0,0.0,0.0
M,0.0,0.0,0.0,0.0
M,0.00206412,0.0,0.0,0.00206412
M,0.00180259,0.0,0.0,0.00180259
M,-0.0672196,0.0,0.0,-0.0672196
M,0.0,0.0,0.0,0.0
M,0.0,0.0,0.0,0.0
M,0.0,0.0,0.0,0.0
M,0.0,0.0,0.0,0.0
M,0.0,0.0,0.0,0.0
M,0.0,0.0,0.0,0.0
M,0.0,0.0,0.0,0.0
M,0.0,0.0,0.0,0.0
M,0.0,0.0,0.0,0.0
M,0.0,0.0,0.0,0.0
M,0.0,0.0,0.0,0.0
M,0.0,0.0,0.0,0.0
M,0.0,0.0,0.0,0.0
M,0.0,0.0,0.0,0.0
M,0.0103433,0.0,0.0,0.0103433
M,0.0,0.0,0.0,0.0
M,0.0,0.0,0.0,0.0
M,0.0,0.0,0.0,0.0
M,0.0,0.0,0.0,0.0
M,0.0,0.0,0.0,0.0
M,0.0,0.0,0.0,0.0
M,0.0,0.0,0.0,0.0
M,0.0,0.0,0.0,0.0
M,0.0,0.0,0.0,0.0
M,0.0,0.0,0.0,0.0
M,0.0,0.0,0.0,0.0
M,0.0,0.0,0.0,0.0
M,0.0154996,0.0,0.0,0.0154996
M,0.0,0.0,0.0,0.0
M,0.0,0.0,0.0,0.0
M,0.0,0.0,0.0,0.0
M,0.0,0.0,0.0,0.0
M,0.0442224,0.0,0.0,0.0442224
M,0.0,0.0,0.0,0.0
M,0.0,0.0,0.0,0.0
M,0.0,0.0,0.0,0.0
M,0.0,0.0,0.0,0.0
M,0.0324038,0.0,0.0,0.0324038
M,0.00961833,0.0,0.0,0.00961833
M,0.0,0.0,0.0,0.0
M,0.0,0.0,0.0,0.0
M,0.0127333,0.0,0.0,0.0127333
M,0.0,0.0,0.0,0.0
M,0.0,0.0,0.0,0.0
M,0.0,0.0,0.0,0.0
M,0.0,0.0,0.0,0.0
M,0.0,0.0,0.0,0.0
M,0.0,0.0,0.0,0.0
M,0.0,0.0,0.0,0.0
M,0.0,0.0,0.0,0.0
M,0.0,0.0,0.0,0.0
M,0.0,0.0,0.0,0.0
M,0.0,0.0,0.0,0.0
M,0.032531,0.0,0.0,0.032531
M,0.0,0.0,0.0,0.0
M,-0.0172772,0.0,0.0,-0.0172772
M,0.0,0.0,0.0,0.0
M,0.0,0.0,0.0,0.0
M,0.0,0.0,0.0,0.0
M,-0.0835832,0.0,0.0,-0.0835832
M,0.0,0.0,0.0,0.0
M,0.0,0.0,0.0,0.0
M,0.0,0.0,0.0,0.0
M,0.0,0.0,0.0,0.0
M,0.0,0.0,0.0,0.0
M,0.0,0.0,0.0,0.0
M,0.0,0.0,0.0,0.0
M,-0.0150351,0.0,0.0,-0.0150351
M,0.0,0.0,0.0,0.0
M,0.0,0.0,0.0,0.0
M,0.0,0.0,0.0,0.0
M,0.0,0.0,0.0,0.0
M,0.0,0.0,0.0,0.0
M,0.0,0.0,0.0,0.0
M,0.0,0.0,0.0,0.0
M,0.0,0.0,0.0,0.0
M,0.0,0.0,0.0,0.0
M,0.0,0.0,0.0,0.0
M,0.0,0.0,0.0,0.0
M,0.0,0.0,0.0,0.0
M,0.0,0.0,0.0,0.0
M,0.0,0.0,0.0,0.0
M,0.0,0.0,0.0,0.0
M,0.0,0.0,0.0,0.0
M,0.0,0.0,0.0,0.0
M,0.0,0.0,0.0,0.0
M,0.0,0.0,0.0,0.0
M,0.0,0.0,0.0,0.0
M,0.0,0.0,0.0,0.0
M,0.0,0.0,0.0,0.0
M,0.0,0.0,0.0,0.0
M,0.0137519,0.0,0.0,0.0137519
M,0.0,0.0,0.0,0.0
M,0.0,0.0,0.0,0.0
M,0.0127333,0.0,0.0,0.0127333
M,0.0,0.0,0.0,0.0
M,0.0,0.0,0.0,0.0
M,0.0634115,0.0,0.0,0.0634115
M,0.0,0.0,0.0,0.0
M,0.119362,0.0,0.0,0.119362
M,0.0,0.0,0.0,0.0
M,0.0,0.0,0.0,0.0
M,0.0,0.0,0.0,0.0
M,0.0,0.0,0.0,0.0
M,0.0,0.0,0.0,0.0
M,0.0,0.0,0.0,0.0
M,0.0,0.0,0.0,0.0
M,0.0,0.0,0.0,0.0
M,0.0,0.0,0.0,0.0
M,0.0,0.0,0.0,0.0
M,0.0,0.0,0.0,0.0
M,0.0,0.0,0.0,0.0
M,0.0,0.0,0.0,0.0
M,0.0,0.0,0.0,0.0
M,0.0,0.0,0.0,0.0
M,0.0,0.0,0.0,0.0
M,-0.0294821,0.0,0.0,-0.0294821
M,0.0,0.0,0.0,0.0
M,0.0,0.0,0.0,0.0
M,0.0,0.0,0.0,0.0
M,0.0,0.0,0.0,0.0
M,0.0,0.0,0.0,0.0
M,0.0,-0.0148161,-0.0148161,-0.0148161
M,0.0,0.0,0.0,0.0
M,0.0,0.0,0.0,0.0
M,0.0,0.0,0.0,0.0
M,0.0,0.0,0.0,0.0
M,0.0,0.0,0.0,0.0
M,0.0,0.0,0.0,0.0
M,0.0,0.0,0.0,0.0
M,-0.0699417,0.0,0.0,-0.0699417
M,0.0,0.0,0.0,0.0
M,0.0,0.0,0.0,0.0
M,0.0,0.0,0.0,0.0
M,0.0,0.0,0.0,0.0
M,0.0,0.0,0.0,0.0
M,0.0,0.0,0.0,0.0
M,0.0,0.0,0.0,0.0
M,0.0,0.0,0.0,0.0
M,0.0,0.0,0.0,0.0
M,0.0,0.0,0.0,0.0
M,-0.0751237,0.0,0.0,-0.0751237
M,0.0,0.0,0.0,0.0
M,0.0,0.0,0.0,0.0
M,0.0,0.0,0.0,0.0
M,0.0,0.0,0.0,0.0
M,0.0,0.0,0.0,0.0
M,0.0,0.0,0.0,0.0
M,0.0,0.0,0.0,0.0
M,0.0,0.0,0.0,0.0
M,0.0,0.0,0.0,0.0
M,0.0,0.0,0.0,0.0
M,0.0,0.0,0.0,0.0
M,0.0,0.0,0.0,0.0
M,0.0,0.0,0.0,0.0
M,0.0,0.0,0.0,0.0
M,0.0,0.0,0.0,0.0
M,0.122871,0.0,0.0,0.122871
M,0.0,0.0,0.0,0.0
M,0.0,0.0,0.0,0.0
M,0.0374946,0.0,0.0,0.0374946
M,-0.0419061,0.0,0.0,-0.0419061
M,0.0,0.0,0.0,0.0
M,0.0,0.0,0.0,0.0
M,0.0,0.0,0.0,0.0
M,-0.0348762,0.0,0.0,-0.0348762
M,0.0,0.0,0.0,0.0
M,-0.209776,0.0,0.0,-0.209776
M,0.0,0.0,0.0,0.0
M,0.000324088,0.0,0.0,0.000324088
M,0.0,0.0,0.0,0.0
M,0.0,0.0,0.0,0.0
M,0.0,0.0,0.0,0.0
M,0.0,0.0,0.0,0.0
M,0.0,0.0,0.0,0.0
M,0.0,0.0,0.0,0.0
M,0.0,0.0,0.0,0.0
M,0.0,0.0,0.0,0.0
M,0.0,0.0,0.0,0.0
M,0.0,0.0,0.0,0.0
M,-0.0194721,0.0,0.0,-0.0194721
M,0.0246218,0.0,0.0,0.0246218
M,0.0,0.0,0.0,0.0
M,0.0,0.0,0.0,0.0
M,0.0,0.0,0.0,0.0
M,0.0,0.0,0.0,0.0
M,0.0,0.0,0.0,0.0
M,0.0,0.0,0.0,0.0
M,0.0,0.0,0.0,0.0
M,-0.00870375,0.0,0.0,-0.00870375
M,0.0,0.0,0.0,0.0
M,0.0,0.0,0.0,0.0
M,-0.0790831,0.0,0.0,-0.0790831
M,0.0,0.0,0.0,0.0
M,0.0,0.0,0.0,0.0
M,0.0,0.0,0.0,0.0
M,0.0,0.0,0.0,0.0
M,0.0,0.0,0.0,0.0
M,0.0,0.0,0.0,0.0
M,0.0,0.0,0.0,0.0
M,0.0,0.0,0.0,0.0
M,0.0,0.0,0.0,0.0
M,0.0,0.0,0.0,0.0
M,0.0,0.0,0.0,0.0
M,0.0,0.0,0.0,0.0
M,0.0,0.0,0.0,0.0
M,0.0,-0.0691097,-0.0691097,-0.0691097
M,0.0,0.0,0.0,0.0
M,0.0,0.0,0.0,0.0
M,0.0,0.0,0.0,0.0
M,0.0,0.0,0.0,0.0
M,0.0,0.0,0.0,0.0
M,0.0,0.0,0.0,0.0
M,0.0,0.0,0.0,0.0
M,-0.0182299,0.0,0.0,-0.0182299
M,0.0,0.0,0.0,0.0
M,0.0,0.0,0.0,0.0
M,-0.0251444,0.0,0.0,-0.0251444
M,0.0,0.0,0.0,0.0
M,-0.0675711,0.0,0.0,-0.0675711
M,0.0,0.0,0.0,0.0
M,-0.0194721,0.0,0.0,-0.0194721
M,0.0,0.0,0.0,0.0
M,0.0,0.0,0.0,0.0
M,-0.0897785,0.0,0.0,-0.0897785
M,0.0,0.0,0.0,0.0
M,0.0,0.0,0.0,0.0
M,0.0,0.0,0.0,0.0
M,0.0,0.0,0.0,0.0
M,0.0405494,0.0,0.0,0.0405494
M,0.0,0.0,0.0,0.0
M,0.0642741,0.0,0.0,0.0642741
M,0.0,0.0,0.0,0.0
M,0.0,0.0,0.0,0.0
M,0.0,0.0,0.0,0.0
M,0.0,0.0,0.0,0.0
M,0.0,0.0,0.0,0.0
M,0.0,0.0,0.0,0.0
M,-0.00339685,0.0,0.0,-0.00339685
M,0.0,0.0,0.0,0.0
M,0.0,0.0,0.0,0.0
M,0.0,0.0,0.0,0.0
M,0.0,0.0,0.0,0.0
M,0.0,0.0,0.0,0.0
M,0.0,0.0,0.0,0.0
M,-0.0159441,0.0,0.0,-0.0159441
M,0.0,0.0,0.0,0.0
M,0.0,0.0,0.0,0.0
M,0.0,0.0,0.0,0.0
M,0.0,0.0,0.0,0.0
M,0.0,0.0,0.0,0.0
M,0.0,0.0,0.0,0.0
M,0.000324088,0.0,0.0,0.000324088
M,0.0,0.0,0.0,0.0
M,0.0,0.0,0.0,0.0
M,0.0,0.0,0.0,0.0
M,0.0,0.0,0.0,0.0
M,0.0,0.0,0.0,0.0
M,0.0,0.0,0.0,0.0
M,-0.0751237,0.0,0.0,-0.0751237
M,0.0,0.0,0.0,0.0
M,-0.0109352,0.0,0.0,-0.0109352
M,0.0,0.0,0.0,0.0
M,0.0,0.0,0.0,0.0
M,0.0,0.0,0.0,0.0
M,0.0,0.0,0.0,0.0
M,0.0443327,0.0,0.0,0.0443327
M,0.0,0.0,0.0,0.0
M,0.0,0.0,0.0,0.0
M,0.0,0.0,0.0,0.0
M,0.074461,0.0,0.0,0.074461
M,0.0,0.0,0.0,0.0
M,0.0,0.0,0.0,0.0
M,0.0,0.0,0.0,0.0
M,-0.0688859,0.0,0.0,-0.0688859
M,0.0,0.0,0.0,0.0
M,0.0,0.0,0.0,0.0
M,0.0,0.0,0.0,0.0
M,0.0,0.0,0.0,0.0
M,0.0,0.0,0.0,0.0
M,0.0,0.0,0.0,0.0
M,0.0,0.0,0.0,0.0
M,0.0,0.0,0.0,0.0
M,0.0,0.0,0.0,0.0
M,0.0,0.0,0.0,0.0
M,0.0,0.0,0.0,0.0
M,0.0,0.0,0.0,0.0
M,0.0,0.0,0.0,0.0
M,0.0,0.0,0.0,0.0
M,0.0,0.0,0.0,0.0
M,0.0,0.0,0.0,0.0
M,0.0,0.0,0.0,0.0
M,0.0,0.0,0.0,0.0
M,0.0,0.0,0.0,0.0
M,0.0,0.0,0.0,0.0
M,0.0,0.0,0.0,0.0
M,0.0,0.0,0.0,0.0
M,0.0,0.0,0.0,0.0
M,0.0,0.0,0.0,0.0
M,-0.0677629,0.0,0.0,-0.0677629
M,0.0,0.0,0.0,0.0
M,0.0905625,0.0,0.0,0.0905625
M,0.0,0.0,0.0,0.0
M,0.0,0.0,0.0,0.0
M,0.0,0.0,0.0,0.0
M,0.0550889,0.0,0.0,0.0550889
M,0.0,0.0,0.0,0.0
M,0.0,0.0,0.0,0.0
M,0.0,0.0,0.0,0.0
M,0.0,0.0,0.0,0.0
M,0.0,0.0,0.0,0.0
M,0.0,0.0,0.0,0.0
M,0.0,0.0,0.0,0.0
M,-0.00910559,0.0,0.0,-0.00910559
M,0.0,0.0,0.0,0.0
M,0.0,0.0,0.0,0.0
M,0.0,0.0,0.0,0.0
M,0.0,0.0,0.0,0.0
M,0.0,0.0,0.0,0.0
M,0.0,0.0,0.0,0.0
M,0.0,0.0,0.0,0.0
M,-0.031919,0.0,0.0,-0.031919
M,0.0,0.0,0.0,0.0
M,0.0460208,0.0,0.0,0.0460208
M,0.0,0.0,0.0,0.0
M,0.0,0.0,0.0,0.0
M,0.0,0.0,0.0,0.0
M,0.0,0.0,0.0,0.0
M,-0.00410361,0.0,0.0,-0.00410361
M,0.0,0.0,0.0,0.0
M,0.0,0.0,0.0,0.0
M,0.0,0.0,0.0,0.0
M,-0.0675711,0.0,0.0,-0.0675711
M,0.0,0.0,0.0,0.0
M,0.0204771,0.0,0.0,0.0204771
M,0.0,0.0,0.0,0.0
M,0.0,0.0,0.0,0.0
M,-0.0607042,0.0,0.0,-0.0607042
M,0.0268636,0.0,0.0,0.0268636
M,0.0507968,0.0,0.0,0.0507968
M,0.0,0.0,0.0,0.0
M,0.0,0.0,0.0,0.0
M,0.0,0.0,0.0,0.0
M,0.0,0.0,0.0,0.0
M,0.0,0.0,0.0,0.0
M,-0.0371583,0.0,0.0,-0.0371583
M,0.0,0.0,0.0,0.0
M,-0.0862771,0.0,0.0,-0.0862771
M,0.0,0.0,0.0,0.0
M,0.0,0.0,0.0,0.0
M,0.0,0.0,0.0,0.0
M,0.0,0.0,0.0,0.0
M,0.0,0.0,0.0,0.0
M,0.0,0.0,0.0,0.0
M,0.0,0.0,0.0,0.0
M,0.0,0.0,0.0,0.0
M,0.0,0.0,0.0,0.0
M,0.0,0.0,0.0,0.0
M,0.0,0.0,0.0,0.0
M,-0.0697757,0.0,0.0,-0.0697757
M,0.0,0.0,0.0,0.0
M,0.0,0.0,0.0,0.0
M,0.0,0.0,0.0,0.0
M,0.0,0.0,0.0,0.0
M,0.0,0.0,0.0,0.0
M,0.0,0.0,0.0,0.0
M,0.0,0.0,0.0,0.0
M,0.0,0.0,0.0,0.0
M,0.0,0.0,0.0,0.0
M,0.0152989,0.0,0.0,0.0152989
M,-0.00862504,0.0,0.0,-0.00862504
M,0.0496598,0.0,0.0,0.0496598
M,-0.0106271,0.0,0.0,-0.0106271
M,0.0,0.0,0.0,0.0
M,0.0,0.0,0.0,0.0
M,0.0,0.0,0.0,0.0
M,0.0,0.0,0.0,0.0
M,0.0,0.0,0.0,0.0
M,0.0,0.0,0.0,0.0
M,0.0,0.0,0.0,0.0
M,0.0,0.0,0.0,0.0
M,0.0,0.0,0.0,0.0
M,0.0,0.0,0.0,0.0
M,0.0,0.0,0.0,0.0
M,0.0,0.0,0.0,0.0
M,0.0,0.0,0.0,0.0
M,0.0,0.0,0.0,0.0
M,0.0,0.0,0.0,0.0
M,0.0,0.0,0.0,0.0
M,0.0,0.0,0.0,0.0
M,0.0405494,0.0,0.0,0.0405494
M,0.00952537,0.0,0.0,0.00952537
M,0.0,0.0,0.0,0.0
M,0.0,0.0,0.0,0.0
M,0.0,0.0,0.0,0.0
M,0.0,0.0,0.0,0.0
M,0.0,0.0,0.0,0.0
M,0.0,0.0,0.0,0.0
M,0.0,0.0,0.0,0.0
M,-0.0150637,0.0,0.0,-0.0150637
M,0.0,0.0,0.0,0.0
M,0.0,0.0,0.0,0.0
M,0.0,0.0,0.0,0.0
M,0.0,0.0,0.0,0.0
M,0.0,0.0631717,0.0631717,0.0631717
M,0.0,0.0,0.0,0.0
M,0.0,0.0,0.0,0.0
M,0.0,0.0,0.0,0.0
M,0.0,0.0,0.0,0.0
M,0.0,0.0,0.0,0.0
M,0.0,0.0,0.0,0.0
M,0.0,0.0,0.0,0.0
M,0.0,0.0,0.0,0.0
M,-0.0622558,0.0,0.0,-0.0622558
M,0.0,0.0,0.0,0.0
M,0.0,0.0,0.0,0.0
M,0.0,0.0,0.0,0.0
M,0.0,0.0,0.0,0.0
M,0.0144891,0.0,0.0,0.0144891
M,0.0,0.0,0.0,0.0
M,0.0,0.0,0.0,0.0
M,0.0,0.0,0.0,0.0
M,0.0,0.0,0.0,0.0
M,0.0,0.0,0.0,0.0
M,0.0,0.0,0.0,0.0
M,0.0,0.0,0.0,0.0
M,0.0,0.0,0.0,0.0
M,0.0,0.0,0.0,0.0
M,0.0,0.0,0.0,0.0
M,0.0,0.0,0.0,0.0
M,0.0,0.0,0.0,0.0
M,0.0,0.0,0.0,0.0
M,0.0,0.0,0.0,0.0
M,0.0,0.0,0.0,0.0
M,0.0452822,0.0,0.0,0.0452822
M,0.0,0.0,0.0,0.0
M,0.0,0.0,0.0,0.0
M,0.0,0.0,0.0,0.0
M,0.0,0.0,0.0,0.0
M,0.0,0.0,0.0,0.0
M,0.0,0.0,0.0,0.0
M,0.0,0.0,0.0,0.0
M,0.0,0.0,0.0,0.0
M,0.0,0.0,0.0,0.0
M,0.0,0.0,0.0,0.0
M,0.0,0.0,0.0,0.0
M,0.0,0.0,0.0,0.0
M,0.0,0.0,0.0,0.0
M,0.0,0.0,0.0,0.0
M,0.0,0.0,0.0,0.0
M,0.0,0.0,0.0,0.0
M,0.0,0.0,0.0,0.0
M,0.0,0.0,0.0,0.0
M,0.0,0.0,0.0,0.0
M,0.0,0.0,0.0,0.0
M,0.0,0.0,0.0,0.0
M,0.0,0.0,0.0,0.0
M,0.0,0.0,0.0,0.0
M,0.0,0.0,0.0,0.0
M,-0.0612856,0.0,0.0,-0.0612856
M,0.0452171,0.0,0.0,0.0452171
M,0.0,0.0,0.0,0.0
M,0.0,0.0,0.0,0.0
M,0.0,0.0,0.0,0.0
M,0.0,0.0,0.0,0.0
M,0.0,0.0,0.0,0.0
M,0.0,0.0,0.0,0.0
M,0.0,0.0,0.0,0.0
M,0.0,0.0,0.0,0.0
M,-0.0150351,0.0,0.0,-0.0150351
M,0.0,0.0,0.0,0.0
M,0.0,0.0,0.0,0.0
M,0.0,0.0,0.0,0.0
M,-0.0151653,0.0,0.0,-0.0151653
M,0.0,0.0,0.0,0.0
M,0.0,0.0549857,0.0549857,0.0549857
M,0.0,0.0,0.0,0.0
M,0.0,0.0,0.0,0.0
M,0.0,0.0,0.0,0.0
M,0.0,0.0,0.0,0.0
M,0.0,0.0,0.0,0.0
M,0.0,0.0,0.0,0.0
M,0.0,0.0,0.0,0.0
M,0.0197771,0.0,0.0,0.0197771
M,0.0,0.0,0.0,0.0
M,0.0,0.0,0.0,0.0
M,0.0,0.0,0.0,0.0
M,0.0,0.0,0.0,0.0
M,0.0,0.0,0.0,0.0
M,0.00419032,0.0,0.0,0.00419032
M,0.0,0.0,0.0,0.0
M,0.0,0.0,0.0,0.0
M,-0.0401461,0.0,0.0,-0.0401461
M,0.0405494,0.0,0.0,0.0405494
M,0.0,0.0,0.0,0.0
M,0.0262305,0.0,0.0,0.0262305
M,0.0,0.0,0.0,0.0
M,0.0249718,0.0,0.0,0.0249718
M,0.0,0.0,0.0,0.0
M,0.0,0.0,0.0,0.0
M,0.0,0.0,0.0,0.0
M,0.0,0.0,0.0,0.0
M,0.0,0.0,0.0,0.0
M,0.0,0.0,0.0,0.0
M,0.0,0.0,0.0,0.0
M,0.0,0.0,0.0,0.0
M,0.0,0.0,0.0,0.0
M,0.0,0.0,0.0,0.0
M,0.0,0.0,0.0,0.0
M,0.0,0.0,0.0,0.0
M,0.0,0.0,0.0,0.0
M,0.0,0.0,0.0,0.0
M,0.0,0.0,0.0,0.0
M,0.0,0.0,0.0,0.0
M,0.0,0.0,0.0,0.0
M,0.0,0.0,0.0,0.0
M,0.0,0.0,0.0,0.0
M,0.0,0.0,0.0,0.0
M,-0.120268,0.0,0.0,-0.120268
M,0.0,0.0,0.0,0.0
M,0.0,0.0,0.0,0.0
M,0.0646288,0.0,0.0,0.0646288
M,0.0,0.0,0.0,0.0
M,-0.00709793,0.0,0.0,-0.00709793
M,0.0,0.0,0.0,0.0
M,0.0,0.0,0.0,0.0
M,0.0,0.0,0.0,0.0
M,0.0254792,0.0,0.0,0.0254792
M,0.00594515,0.0,0.0,0.00594515
M,0.0,0.0,0.0,0.0
M,0.0,0.0,0.0,0.0
M,0.0,0.0,0.0,0.0
M,0.0,0.0,0.0,0.0
M,0.0,0.0,0.0,0.0
M,0.0,0.0,0.0,0.0
M,0.0,0.0,0.0,0.0
M,0.0,0.0,0.0,0.0
M,0.0,0.0,0.0,0.0
M,0.0,0.0,0.0,0.0
M,0.0,0.0,0.0,0.0
M,0.0,0.0,0.0,0.0
M,0.0248879,0.0,0.0,0.0248879
M,0.0,0.0,0.0,0.0
M,0.0,0.0,0.0,0.0
M,0.0,0.0,0.0,0.0
M,0.0,0.0,0.0,0.0
M,0.0,0.0,0.0,0.0
M,0.0,0.0,0.0,0.0
M,0.0,0.0,0.0,0.0
M,0.0,0.0,0.0,0.0
M,-0.0172772,0.0,0.0,-0.0172772
M,0.0,0.0,0.0,0.0
M,0.0,0.0,0.0,0.0
M,0.0,0.0,0.0,0.0
M,0.0,0.0,0.0,0.0
M,0.0,0.0,0.0,0.0
M,0.0,0.0,0.0,0.0
M,0.0,0.0,0.0,0.0
M,0.0,0.0,0.0,0.0
M,0.0,0.0,0.0,0.0
M,0.0,0.0,0.0,0.0
M,0.0,0.0,0.0,0.0
M,-0.0675711,0.0,0.0,-0.0675711
M,0.0,0.0,0.0,0.0
M,0.0,0.0,0.0,0.0
M,0.0,0.0,0.0,0.0
M,0.0,0.0,0.0,0.0
M,0.0,0.0,0.0,0.0
M,0.0,0.0,0.0,0.0
M,0.0,0.0,0.0,0.0
M,0.0,0.0,0.0,0.0
M,0.0,0.0,0.0,0.0
M,0.107037,0.0,0.0,0.107037
M,0.0,0.0,0.0,0.0
M,0.0,0.0,0.0,0.0
M,0.0,0.0,0.0,0.0
M,0.0296166,0.0,0.0,0.0296166
M,0.0,0.0,0.0,0.0
M,0.0,0.0,0.0,0.0
M,0.0,0.0,0.0,0.0
M,0.0,0.0,0.0,0.0
M,0.0709181,0.0,0.0,0.0709181
M,0.0,0.0,0.0,0.0
M,0.0693894,0.0,0.0,0.0693894
M,0.0,0.0,0.0,0.0
M,0.0,0.0,0.0,0.0
M,0.0,0.0,0.0,0.0
M,0.0,0.0,0.0,0.0
M,0.0,0.0,0.0,0.0
M,-0.00458685,0.0,0.0,-0.00458685
M,0.0,0.0,0.0,0.0
M,0.0,0.0,0.0,0.0
M,0.0,0.0,0.0,0.0
M,0.0296551,0.0,0.0,0.0296551
M,0.0,0.0,0.0,0.0
M,0.0,0.0,0.0,0.0
M,0.0,0.0,0.0,0.0
M,0.0,0.0,0.0,0.0
M,0.0,0.0,0.0,0.0
M,0.0,0.0,0.0,0.0
M,0.0,0.0,0.0,0.0
M,0.0,0.0,0.0,0.0
M,0.0,0.0,0.0,0.0
M,0.0,0.0,0.0,0.0
M,0.0,0.0,0.0,0.0
M,0.0811943,0.0,0.0,0.0811943
M,0.0,0.0,0.0,0.0
M,0.0,0.0,0.0,0.0
M,0.0,0.0,0.0,0.0
M,-0.0256676,0.0,0.0,-0.0256676
M,-0.0106271,0.0,0.0,-0.0106271
M,0.0,0.0,0.0,0.0
M,0.0630275,0.0,0.0,0.0630275
M,0.0,0.0,0.0,0.0
M,0.0,0.0,0.0,0.0
M,0.0,0.0,0.0,0.0
M,0.0,0.0,0.0,0.0
M,-0.00661523,0.0,0.0,-0.00661523
M,0.0,0.0,0.0,0.0
M,0.0550889,0.0,0.0,0.0550889
M,0.0,0.0,0.0,0.0
M,0.0,0.0,0.0,0.0
M,0.0,0.0,0.0,0.0
M,0.0,0.0,0.0,0.0
M,0.0,0.0,0.0,0.0
M,0.0,0.0,0.0,0.0
M,0.0,0.0,0.0,0.0
M,0.0,0.0,0.0,0.0
M,0.00206412,0.0,0.0,0.00206412
M,0.0,0.0,0.0,0.0
M,-0.00661523,0.0,0.0,-0.00661523
M,0.0,0.0,0.0,0.0
M,0.0,0.0,0.0,0.0
M,0.0,0.0,0.0,0.0
M,0.0,0.0,0.0,0.0
M,0.0,0.0,0.0,0.0
M,0.0,0.0,0.0,0.0
M,0.0,0.0,0.0,0.0
M,0.0,0.0,0.0,0.0
M,0.0,0.0,0.0,0.0
M,0.0,0.0,0.0,0.0
M,0.0,0.0,0.0,0.0
M,0.0,0.0,0.0,0.0
M,-0.102449,0.0,0.0,-0.102449
M,0.0,0.0,0.0,0.0
M,0.0,0.0,0.0,0.0
M,0.0,0.0,0.0,0.0
M,0.0,0.0,0.0,0.0
M,0.0,0.0,0.0,0.0
M,0.0,0.0,0.0,0.0
M,0.0,0.0,0.0,0.0
M,0.0,0.0,0.0,0.0
M,0.0,0.0,0.0,0.0
M,0.0,0.0,0.0,0.0
M,0.0,0.0,0.0,0.0
M,0.0,0.0,0.0,0.0
M,0.0,0.0,0.0,0.0
M,0.0,0.0,0.0,0.0
M,0.0,0.0,0.0,0.0
M,0.0,0.0,0.0,0.0
M,0.0,0.0,0.0,0.0
M,0.0,0.0,0.0,0.0
M,0.0,0.0,0.0,0.0
M,0.0,0.0,0.0,0.0
M,0.0,0.0,0.0,0.0
M,0.0,0.0,0.0,0.0
M,0.0,0.0,0.0,0.0
M,0.0,0.0,0.0,0.0
M,0.0,0.0,0.0,0.0
M,0.0,0.0,0.0,0.0
M,0.0,0.0,0.0,0.0
M,-0.114792,0.0,0.0,-0.114792
M,0.0,0.0,0.0,0.0
M,-0.0121663,0.0,0.0,-0.0121663
M,0.0,0.0,0.0,0.0
M,0.0,0.0,0.0,0.0
M,0.0,0.0,0.0,0.0
M,0.0,0.0,0.0,0.0
M,0.0,0.0,0.0,0.0
M,0.00576868,0.0,0.0,0.00576868
M,0.0,0.0,0.0,0.0
M,-0.0172772,0.0,0.0,-0.0172772
M,0.0,0.0,0.0,0.0
M,0.0,0.0,0.0,0.0
M,0.0,0.0,0.0,0.0
M,0.0,0.0,0.0,0.0
M,-0.0699417,0.0,0.0,-0.0699417
M,0.0,0.0,0.0,0.0
M,0.0,0.0,0.0,0.0
M,0.0169108,0.0,0.0,0.0169108
M,0.0,0.0,0.0,0.0
M,0.0,0.0,0.0,0.0
M,0.0,0.0,0.0,0.0
M,0.0,0.0,0.0,0.0
M,0.0,0.0,0.0,0.0
M,0.0,0.0,0.0,0.0
M,0.0,0.0,0.0,0.0
M,0.0,0.0,0.0,0.0
M,0.0,0.0,0.0,0.0
M,0.0,0.0,0.0,0.0
M,0.0398181,0.0,0.0,0.0398181
M,0.0,0.0,0.0,0.0
M,0.0,0.0,0.0,0.0
M,0.000324088,0.0,0.0,0.000324088
M,0.0,0.0,0.0,0.0
M,0.0103357,0.0,0.0,0.0103357
M,0.0,0.0,0.0,0.0
M,0.0,0.0,0.0,0.0
M,0.0,0.0,0.0,0.0
M,0.0,0.0,0.0,0.0
M,0.0,0.0,0.0,0.0
M,0.0,0.0,0.0,0.0
M,0.0,0.0,0.0,0.0
M,0.0104727,0.0,0.0,0.0104727
M,0.0,0.0,0.0,0.0
M,0.0,0.0,0.0,0.0
M,-0.00887943,0.0,0.0,-0.00887943
M,-0.0219541,0.0,0.0,-0.0219541
M,0.0,0.0,0.0,0.0
M,0.0,0.0,0.0,0.0
M,0.0,0.0,0.0,0.0
M,0.0,0.0,0.0,0.0
M,0.0,0.0,0.0,0.0
M,0.0,0.0,0.0,0.0
M,0.0,0.0,0.0,0.0
M,0.0,0.0,0.0,0.0
M,0.0,0.0,0.0,0.0
M,0.0,0.0,0.0,0.0
M,0.0,0.0,0.0,0.0
M,0.0,0.0,0.0,0.0
M,0.0,0.0,0.0,0.0
M,0.0,0.0,0.0,0.0
M,0.0,0.0,0.0,0.0
M,0.0,0.0,0.0,0.0
M,0.0500938,0.0,0.0,0.0500938
M,0.0,0.0,0.0,0.0
M,0.0,0.0,0.0,0.0
M,0.0,0.0,0.0,0.0
M,0.0,0.0,0.0,0.0
M,0.0,0.0,0.0,0.0
M,0.0,0.0,0.0,0.0
M,0.0,0.0,0.0,0.0
M,0.0,0.0,0.0,0.0
M,0.0,0.0,0.0,0.0
M,0.0,0.0,0.0,0.0
M,0.0266702,0.0,0.0,0.0266702
M,0.0,0.0,0.0,0.0
M,0.0,0.0,0.0,0.0
M,0.0,0.0,0.0,0.0
M,0.0,0.0,0.0,0.0
M,0.0,0.0,0.0,0.0
M,0.0,0.0,0.0,0.0
M,0.0,0.0,0.0,0.0
M,0.0,0.0,0.0,0.0
M,0.0624036,0.0,0.0,0.0624036
M,0.0,0.0,0.0,0.0
M,0.0577568,0.0,0.0,0.0577568
M,0.0,0.0,0.0,0.0
M,0.0,0.0,0.0,0.0
M,0.0,0.0,0.0,0.0
M,0.0,0.0,0.0,0.0
M,0.0,0.0,0.0,0.0
M,0.0,0.0,0.0,0.0
M,0.0,0.0,0.0,0.0
M,0.0,0.0,0.0,0.0
M,0.0,0.0,0.0,0.0
M,-0.0856273,0.0,0.0,-0.0856273
M,0.0,0.0,0.0,0.0
M,-0.0116649,0.0,0.0,-0.0116649
M,0.0,0.0,0.0,0.0
M,0.0,0.0,0.0,0.0
M,0.0,0.0,0.0,0.0
M,0.0686479,0.0,0.0,0.0686479
M,0.0,0.0,0.0,0.0
M,0.0,0.0,0.0,0.0
M,-0.00512091,0.0,0.0,-0.00512091
M,0.0,0.0,0.0,0.0
M,0.0373638,0.0,0.0,0.0373638
M,0.00180259,0.0,0.0,0.00180259
M,0.0,0.0,0.0,0.0
M,0.0,0.0,0.0,0.0
M,0.0,0.0,0.0,0.0
M,0.0,0.0,0.0,0.0
M,-0.0161597,0.0,0.0,-0.0161597
M,0.0,0.0,0.0,0.0
M,0.0,0.0,0.0,0.0
M,0.0,0.0,0.0,0.0
M,0.0,0.0,0.0,0.0
M,0.0,0.0,0.0,0.0
M,0.0,0.0,0.0,0.0
M,0.0,0.0,0.0,0.0
M,0.0,0.0,0.0,0.0
M,0.0,0.0,0.0,0.0
M,0.0,0.0,0.0,0.0
M,0.0,0.0,0.0,0.0
M,0.0,0.0,0.0,0.0
M,0.0,0.0,0.0,0.0
M,0.0,0.0,0.0,0.0
M,0.0,0.0,0.0,0.0
M,0.0,0.0,0.0,0.0
M,0.0,0.0,0.0,0.0
M,0.0,0.0,0.0,0.0
M,0.0103305,0.0,0.0,0.0103305
M,0.0,0.0,0.0,0.0
M,0.0,0.0,0.0,0.0
M,0.0,0.0,0.0,0.0
M,0.0,0.0,0.0,0.0
M,0.0,0.0,0.0,0.0
M,0.0,0.0,0.0,0.0
M,0.0,0.0,0.0,0.0
M,0.0277233,0.0,0.0,0.0277233
M,0.0,-0.0148161,-0.0148161,-0.0148161
M,0.0,0.0,0.0,0.0
M,0.0,0.0,0.0,0.0
M,0.0,0.0,0.0,0.0
M,0.0,0.0,0.0,0.0
M,0.0,0.0,0.0,0.0
M,0.0,0.0,0.0,0.0
M,0.0,0.0,0.0,0.0
M,0.0,0.0,0.0,0.0
M,0.0,0.0,0.0,0.0
M,0.0,0.0,0.0,0.0
M,-0.114792,0.0,0.0,-0.114792
M,0.0,0.0,0.0,0.0
M,0.0,0.0,0.0,0.0
M,-0.00661523,0.0,0.0,-0.00661523
M,0.0,0.0,0.0,0.0
M,-0.00887943,0.0,0.0,-0.00887943
M,0.0,0.0,0.0,0.0
M,0.0,0.0,0.0,0.0
M,0.0,0.0,0.0,0.0
M,0.0,0.0,0.0,0.0
M,0.0,0.0,0.0,0.0
M,0.0,0.0,0.0,0.0
M,0.0,0.0,0.0,0.0
M,0.0,0.0,0.0,0.0
M,0.0,0.0,0.0,0.0
M,0.0,0.0,0.0,0.0
M,0.0,0.0,0.0,0.0
M,0.0,0.0,0.0,0.0
M,0.0,0.0,0.0,0.0
M,0.0,0.0,0.0,0.0
M,0.0,0.0,0.0,0.0
M,0.0,0.0,0.0,0.0
M,0.00419032,0.0,0.0,0.00419032
M,0.0,0.0,0.0,0.0
M,0.0,0.0,0.0,0.0
M,0.0,0.0,0.0,0.0
M,0.0,0.0,0.0,0.0
M,0.0,0.0,0.0,0.0
M,0.00751539,0.0,0.0,0.00751539
M,0.0,0.0,0.0,0.0
M,-0.0566973,0.0,0.0,-0.0566973
M,0.0,0.0,0.0,0.0
M,0.0,0.0,0.0,0.0
M,0.0,0.0,0.0,0.0
M,0.0,0.0,0.0,0.0
M,0.0,0.0,0.0,0.0
M,0.0,0.0,0.0,0.0
M,0.0,0.0,0.0,0.0
M,0.0,0.0,0.0,0.0
M,0.0,0.0,0.0,0.0
M,0.0,0.0,0.0,0.0
M,0.0,0.0,0.0,0.0
M,0.0,0.0,0.0,0.0
M,0.0,0.0,0.0,0.0
M,0.0,0.0,0.0,0.0
M,0.0,0.0,0.0,0.0
M,-0.0593998,0.0,0.0,-0.0593998
M,0.0,0.0,0.0,0.0
M,0.0,0.0,0.0,0.0
M,0.0,0.0,0.0,0.0
M,0.0,0.0,0.0,0.0
M,0.0,0.0,0.0,0.0
M,0.0,0.0,0.0,0.0
M,0.0,0.0,0.0,0.0
M,0.0,0.0,0.0,0.0
M,0.0,0.0,0.0,0.0
M,0.0,0.0,0.0,0.0
M,0.0,0.0,0.0,0.0
M,0.0,0.0,0.0,0.0
M,0.0,0.0,0.0,0.0
M,0.0,0.0,0.0,0.0
M,0.087013,0.0,0.0,0.087013
M,0.0,0.0,0.0,0.0
M,0.0,0.0,0.0,0.0
M,0.0,0.0,0.0,0.0
M,0.0,0.0,0.0,0.0
M,0.0,0.0,0.0,0.0
M,0.0,0.0,0.0,0.0
M,0.0,0.0,0.0,0.0
M,0.0,0.0,0.0,0.0
M,0.0,0.0,0.0,0.0
M,0.0,0.0,0.0,0.0
M,0.0,0.0,0.0,0.0
M,0.0,0.0,0.0,0.0
M,-0.0454977,0.0,0.0,-0.0454977
M,0.0,0.0,0.0,0.0
M,0.0,0.0,0.0,0.0
M,-0.00378055,0.0,0.0,-0.00378055
M,0.0,0.0,0.0,0.0
M,0.00538597,0.0,0.0,0.00538597
M,0.0,0.0,0.0,0.0
M,0.0,0.0,0.0,0.0
M,0.0,0.0,0.0,0.0
M,0.0,0.0,0.0,0.0
M,-0.0278681,0.0,0.0,-0.0278681
M,0.0144891,0.0,0.0,0.0144891
M,0.0,0.0,0.0,0.0
M,0.0,0.0,0.0,0.0
M,0.0,0.0,0.0,0.0
M,-0.0293749,0.0,0.0,-0.0293749
M,0.0,0.0,0.0,0.0
M,0.0,0.0,0.0,0.0
M,0.0,0.0,0.0,0.0
M,-0.0137158,0.0,0.0,-0.0137158
M,0.0,0.0,0.0,0.0
M,0.0,0.0,0.0,0.0
M,0.0,0.0,0.0,0.0
M,-0.0348434,0.0,0.0,-0.0348434
M,0.0,0.0,0.0,0.0
M,0.0,0.0,0.0,0.0
M,0.0,0.0,0.0,0.0
M,0.0,0.0,0.0,0.0
M,0.0,0.0,0.0,0.0
M,0.0,0.0,0.0,0.0
M,0.0,0.0,0.0,0.0
M,0.0,0.0,0.0,0.0
M,0.0,0.0,0.0,0.0
M,0.0,0.0,0.0,0.0
M,0.0,0.0,0.0,0.0
M,-0.0607042,0.0,0.0,-0.0607042
M,0.0,0.0,0.0,0.0
M,0.0,0.0,0.0,0.0
M,0.0,0.0,0.0,0.0
M,0.0,0.0,0.0,0.0
M,0.0,0.0,0.0,0.0
M,0.0,0.0,0.0,0.0
M,0.0,0.0,0.0,0.0
M,0.0,0.0,0.0,0.0
M,0.0,0.0,0.0,0.0
M,0.0244909,0.0,0.0,0.0244909
M,0.0,0.0,0.0,0.0
M,0.0,0.0,0.0,0.0
M,0.0,0.0,0.0,0.0
M,0.0,0.0,0.0,0.0
M,0.0,0.0,0.0,0.0
M,0.0500938,0.0,0.0,0.0500938
M,0.0,0.0,0.0,0.0
M,0.0,0.0,0.0,0.0
M,0.0,0.0,0.0,0.0
M,0.0,0.0,0.0,0.0
M,0.0,0.0,0.0,0.0
M,0.0736293,0.0,0.0,0.0736293
M,0.0,0.0,0.0,0.0
M,0.0,0.0,0.0,0.0
M,0.0,0.0,0.0,0.0
M,0.0,0.0,0.0,0.0
M,0.0693894,0.0,0.0,0.0693894
M,0.0,0.0,0.0,0.0
M,0.0,0.0,0.0,0.0
M,0.0,0.0,0.0,0.0
M,0.0,0.0,0.0,0.0
M,0.0,0.0,0.0,0.0
M,0.0,0.0,0.0,0.0
M,0.0,0.0,0.0,0.0
M,0.0,0.0,0.0,0.0
M,-0.0771844,0.0,0.0,-0.0771844
M,0.0,0.0,0.0,0.0
M,0.0,0.0,0.0,0.0
M,0.0,0.0,0.0,0.0
M,0.0,0.0,0.0,0.0
M,0.0,0.0,0.0,0.0
M,0.0,0.0,0.0,0.0
M,0.0,0.0,0.0,0.0
M,0.0,0.0,0.0,0.0
M,0.0,0.0,0.0,0.0
M,0.0,0.0,0.0,0.0
M,0.0,0.0,0.0,0.0
M,0.0,0.0,0.0,0.0
M,0.0,0.0,0.0,0.0
M,0.0,0.0,0.0,0.0
M,0.0,0.0,0.0,0.0
M,0.0,0.0,0.0,0.0
M,0.0,0.0,0.0,0.0
M,0.0634115,0.0,0.0,0.0634115
M,0.0,0.0,0.0,0.0
M,-0.003276,0.0,0.0,-0.003276
M,0.0,0.0,0.0,0.0
M,0.0,0.0,0.0,0.0
M,0.0,0.0,0.0,0.0
M,0.0,0.0,0.0,0.0
M,0.0,0.0,0.0,0.0
M,-0.0500889,0.0,0.0,-0.0500889
M,0.0,0.0,0.0,0.0
M,0.0,0.0,0.0,0.0
M,0.0,0.0,0.0,0.0
M,0.0,0.0,0.0,0.0
M,0.0,0.0,0.0,0.0
M,0.0,0.0,0.0,0.0
M,0.0,0.0,0.0,0.0
M,0.0,0.0,0.0,0.0
M,0.0,0.0,0.0,0.0
M,0.0,0.0,0.0,0.0
M,0.0,0.0,0.0,0.0
M,0.0,0.0,0.0,0.0
M,0.0,0.0,0.0,0.0
M,0.0,0.0,0.0,0.0
M,0.0,0.0,0.0,0.0
M,0.0,0.0,0.0,0.0
M,0.0,0.0,0.0,0.0
M,0.0,0.0,0.0,0.0
M,0.0,0.0,0.0,0.0
M,0.0,0.0,0.0,0.0
M,0.0,0.0,0.0,0.0
M,0.0,0.0,0.0,0.0
M,0.0,0.0,0.0,0.0
M,0.0,0.0,0.0,0.0
M,0.0,0.0,0.0,0.0
M,0.0,0.0,0.0,0.0
M,0.0,0.0,0.0,0.0
M,0.0,0.0,0.0,0.0
M,0.0,0.0,0.0,0.0
M,0.0,0.0,0.0,0.0
M,0.0,0.0,0.0,0.0
M,0.0404229,0.0,0.0,0.0404229
M,0.0323082,0.0,0.0,0.0323082
M,0.0,0.0,0.0,0.0
M,0.0340661,0.0,0.0,0.0340661
M,0.00594515,0.0,0.0,0.00594515
M,0.0,0.0,0.0,0.0
M,0.0,0.0,0.0,0.0
M,-0.0612537,0.0,0.0,-0.0612537
M,-0.00706432,0.0,0.0,-0.00706432
M,0.0,0.0,0.0,0.0
M,0.0296166,0.0,0.0,0.0296166
M,0.0,0.0,0.0,0.0
M,0.0,0.0,0.0,0.0
M,0.0,0.0,0.0,0.0
M,0.0,0.0,0.0,0.0
M,0.0,0.0,0.0,0.0
M,0.0,0.0,0.0,0.0
M,0.0,0.0,0.0,0.0
M,0.0,0.0,0.0,0.0
M,-0.0344923,0.0,0.0,-0.0344923
M,0.0,0.0,0.0,0.0
M,0.0,0.0,0.0,0.0
M,0.0,0.0,0.0,0.0
M,0.0,0.0,0.0,0.0
M,0.0,0.0,0.0,0.0
M,0.0,0.0,0.0,0.0
M,0.0,0.0,0.0,0.0
M,0.0,0.0,0.0,0.0
M,0.0,0.0,0.0,0.0
M,0.0,0.0,0.0,0.0
M,0.0,0.0,0.0,0.0
M,0.0,0.0,0.0,0.0
M,0.0,0.0,0.0,0.0
M,0.0586032,0.0,0.0,0.0586032
M,0.0570122,0.0,0.0,0.0570122
M,0.0,0.0,0.0,0.0
M,0.0,0.0,0.0,0.0
M,0.0,0.0,0.0,0.0
M,0.0,0.0,0.0,0.0
M,0.0,0.0,0.0,0.0
M,0.0,0.0,0.0,0.0
M,0.0,0.0,0.0,0.0
M,-0.0256676,0.0,0.0,-0.0256676
M,0.0325984,0.0,0.0,0.0325984
M,0.0,0.0,0.0,0.0
M,0.0,0.0,0.0,0.0
M,0.0,0.0,0.0,0.0
M,0.000324088,0.0,0.0,0.000324088
M,0.0,0.0,0.0,0.0
M,0.0991047,0.0,0.0,0.0991047
M,0.0,0.0,0.0,0.0
M,0.0,0.0,0.0,0.0
M,0.0,0.0,0.0,0.0
M,0.0,0.0,0.0,0.0
M,0.0,0.0,0.0,0.0
M,0.0,0.0,0.0,0.0
M,0.0,0.0,0.0,0.0
M,0.0,0.0,0.0,0.0
M,0.0,0.0,0.0,0.0
M,0.0,0.0,0.0,0.0
M,0.0,0.0,0.0,0.0
M,0.0,0.0,0.0,0.0
M,-0.0396999,0.0,0.0,-0.0396999
M,0.0,0.0,0.0,0.0
M,0.0,0.0,0.0,0.0
M,0.0342565,-0.0148161,-0.0148161,0.0194404
M,0.0,0.0,0.0,0.0
M,0.0,0.0,0.0,0.0
M,0.0,0.0,0.0,0.0
M,0.037124,0.0,0.0,0.037124
M,0.0,0.0,0.0,0.0
M,0.0,0.0,0.0,0.0
M,0.0,0.0,0.0,0.0
M,0.0,0.0,0.0,0.0
M,0.0,0.0,0.0,0.0
M,0.0,0.0,0.0,0.0
M,0.0,0.0,0.0,0.0
M,0.0,0.0,0.0,0.0
M,0.0,0.0,0.0,0.0
M,-0.0459127,0.0,0.0,-0.0459127
M,0.0,0.0,0.0,0.0
M,0.0,0.0,0.0,0.0
M,0.0,0.0,0.0,0.0
M,0.0,0.0,0.0,0.0
M,0.0,0.0,0.0,0.0
M,0.0788947,0.0,0.0,0.0788947
M,0.00464001,0.0,0.0,0.00464001
M,0.0,0.0,0.0,0.0
M,0.0,0.0,0.0,0.0
M,-0.0813671,0.0,0.0,-0.0813671
M,0.0,0.0,0.0,0.0
M,0.0,0.0,0.0,0.0
M,0.0,0.0,0.0,0.0
M,0.0,0.0,0.0,0.0
M,0.0,0.0,0.0,0.0
M,0.0,0.0,0.0,0.0
M,0.0,0.0,0.0,0.0
M,0.0,0.0,0.0,0.0
M,0.0,0.0,0.0,0.0
M,0.0,0.0,0.0,0.0
M,0.0,0.0,0.0,0.0
M,0.0,0.0,0.0,0.0
M,0.0,0.0,0.0,0.0
M,-0.003276,0.0,0.0,-0.003276
M,0.0,0.0,0.0,0.0
M,0.0,0.0,0.0,0.0
M,0.0,0.0,0.0,0.0
M,0.0,0.0,0.0,0.0
M,0.0,0.0,0.0,0.0
M,-0.000813275,0.0,0.0,-0.000813275
M,0.0,0.0,0.0,0.0
M,0.0,0.0,0.0,0.0
M,0.0,0.0,0.0,0.0
M,0.0,0.0,0.0,0.0
M,-0.0878716,0.0,0.0,-0.0878716
M,0.0,0.0,0.0,0.0
M,0.0,0.0,0.0,0.0
M,0.0,0.0,0.0,0.0
M,0.0,0.0,0.0,0.0
M,0.0,0.0,0.0,0.0
M,0.0,0.0,0.0,0.0
M,0.0,0.0,0.0,0.0
M,0.0405494,0.0,0.0,0.0405494
M,0.0,0.0,0.0,0.0
M,0.0,0.0,0.0,0.0
M,0.0,0.0,0.0,0.0
M,0.0,0.0,0.0,0.0
M,0.0,0.0,0.0,0.0
M,0.0,0.0,0.0,0.0
M,0.0,0.0,0.0,0.0
M,0.0,0.0,0.0,0.0
M,-0.0699417,0.0,0.0,-0.0699417
M,0.0,0.0,0.0,0.0
M,0.0,0.0,0.0,0.0
M,0.0,0.0,0.0,0.0
M,0.0,0.0,0.0,0.0
M,0.0,0.0,0.0,0.0
M,0.0,0.0,0.0,0.0
M,0.0,0.0,0.0,0.0
M,0.0,0.0,0.0,0.0
M,0.0,0.0,0.0,0.0
M,0.0,0.0,0.0,0.0
M,0.0373638,0.0,0.0,0.0373638
M,0.0,0.0,0.0,0.0
M,0.0,0.0,0.0,0.0
M,0.0,0.0,0.0,0.0
M,0.0,0.0,0.0,0.0
M,0.0,0.0,0.0,0.0
M,0.0,0.0,0.0,0.0
M,0.0,0.0,0.0,0.0
M,0.0,0.0,0.0,0.0
M,0.0,0.0,0.0,0.0
M,0.00206412,0.0,0.0,0.00206412
M,0.0,0.0,0.0,0.0
M,0.00139819,0.0,0.0,0.00139819
M,0.0,0.0,0.0,0.0
M,0.0,0.0,0.0,0.0
M,-0.0378832,0.0,0.0,-0.0378832
M,-0.0245089,0.0,0.0,-0.0245089
M,-0.0300129,0.0,0.0,-0.0300129
M,0.0,0.0,0.0,0.0
M,0.0,0.0,0.0,0.0
M,0.0,0.0,0.0,0.0
M,0.0429267,0.0,0.0,0.0429267
M,0.0,0.0,0.0,0.0
M,0.0,0.0,0.0,0.0
M,0.0,0.0,0.0,0.0
M,0.0,0.0,0.0,0.0
M,0.0,0.0,0.0,0.0
M,-0.0300129,0.0,0.0,-0.0300129
M,-0.0415916,0.0,0.0,-0.0415916
M,0.0,0.0,0.0,0.0
M,0.0,0.0,0.0,0.0
M,0.0,0.0,0.0,0.0
M,0.0,0.0,0.0,0.0
M,0.0,0.0,0.0,0.0
M,0.0,0.0,0.0,0.0
M,0.0,0.0,0.0,0.0
M,0.0,0.0,0.0,0.0
M,-0.0460634,0.0,0.0,-0.0460634
M,0.0,0.0,0.0,0.0
M,0.0,0.0,0.0,0.0
M,-0.0169906,0.0,0.0,-0.0169906
M,-0.0395459,0.0,0.0,-0.0395459
M,-0.00339685,0.0,0.0,-0.00339685
M,0.0,0.0,0.0,0.0
M,0.0526881,0.0,0.0,0.0526881
M,0.0,0.0,0.0,0.0
M,0.0,0.0,0.0,0.0
M,0.0,0.0,0.0,0.0
M,0.0,0.0,0.0,0.0
M,0.0,0.0,0.0,0.0
M,0.0,0.0,0.0,0.0
M,0.0,0.0,0.0,0.0
M,0.0,0.0,0.0,0.0
M,0.0154996,0.0,0.0,0.0154996
M,0.0,0.0,0.0,0.0
M,0.0,0.0,0.0,0.0
M,0.0,0.0,0.0,0.0
M,0.0,0.0,0.0,0.0
M,0.0,0.0,0.0,0.0
M,0.0,0.0,0.0,0.0
M,0.0735712,0.0,0.0,0.0735712
M,0.0342565,0.0,0.0,0.0342565
M,0.0,0.0,0.0,0.0
M,0.0,0.0,0.0,0.0
M,0.0,0.0,0.0,0.0
M,0.0,0.0,0.0,0.0
M,0.0,0.0,0.0,0.0
M,0.0,0.0,0.0,0.0
M,0.0,0.0,0.0,0.0
M,0.0,0.0,0.0,0.0
M,0.0,0.0,0.0,0.0
M,0.0,0.0,0.0,0.0
M,0.0,0.0,0.0,0.0
M,0.0,0.0,0.0,0.0
M,0.0,0.0,0.0,0.0
M,0.0,0.0,0.0,0.0
M,0.0,0.0,0.0,0.0
M,0.0,0.0,0.0,0.0
M,0.0389327,0.0,0.0,0.0389327
M,0.0,0.0,0.0,0.0
M,0.00594515,0.0,0.0,0.00594515
M,0.0,0.0,0.0,0.0
M,0.0,0.0,0.0,0.0
M,0.0,0.0,0.0,0.0
M,0.0,0.0,0.0,0.0
M,0.0,0.0,0.0,0.0
M,0.0,0.0,0.0,0.0
M,0.0,0.0,0.0,0.0
M,0.0,0.0,0.0,0.0
M,0.0,0.0,0.0,0.0
M,0.0,0.0,0.0,0.0
M,0.0,0.0,0.0,0.0
M,0.0137519,0.0,0.0,0.0137519
M,0.0,0.0,0.0,0.0
M,0.0,0.0,0.0,0.0
M,-0.0516528,0.0,0.0,-0.0516528
M,0.0,0.0,0.0,0.0
M,0.0,0.0,0.0,0.0
M,0.0,0.0,0.0,0.0
M,0.0,0.0,0.0,0.0
M,0.0,0.0,0.0,0.0
M,0.0,0.0,0.0,0.0
M,0.0,0.0,0.0,0.0
M,0.0,0.0,0.0,0.0
M,0.0,0.0,0.0,0.0
M,0.0,0.0,0.0,0.0
M,0.0,0.0,0.0,0.0
M,-0.00601649,0.0,0.0,-0.00601649
M,0.0,0.0,0.0,0.0
M,0.0,0.0,0.0,0.0
M,0.0,0.0,0.0,0.0
M,0.0,0.0,0.0,0.0
M,0.0,0.0,0.0,0.0
M,0.0,0.0,0.0,0.0
M,0.0266702,0.0,0.0,0.0266702
M,0.0,0.0,0.0,0.0
M,0.0,0.0,0.0,0.0
M,0.0,0.0,0.0,0.0
M,0.0,0.0,0.0,0.0
M,0.0,0.0,0.0,0.0
M,0.0,0.0,0.0,0.0
M,-0.0116649,0.0,0.0,-0.0116649
M,0.0,0.0,0.0,0.0
M,0.0,0.0,0.0,0.0
M,0.0,0.0,0.0,0.0
M,0.0,0.0,0.0,0.0
M,-0.0139337,0.0,0.0,-0.0139337
M,0.0,0.0,0.0,0.0
M,-0.0697757,0.0,0.0,-0.0697757
M,0.0,0.0,0.0,0.0
M,0.0,0.0,0.0,0.0
M,-0.0112389,0.0,0.0,-0.0112389
M,0.0,0.0,0.0,0.0
M,-0.100825,0.0,0.0,-0.100825
M,0.0352213,0.0,0.0,0.0352213
M,0.0,0.0,0.0,0.0
M,0.0,0.0,0.0,0.0
M,0.0,0.0,0.0,0.0
M,0.0,0.0,0.0,0.0
M,0.0,0.0,0.0,0.0
M,0.0,0.0,0.0,0.0
M,0.0,0.0,0.0,0.0
M,0.0,0.0,0.0,0.0
M,-0.0789344,0.0,0.0,-0.0789344
M,0.0,0.0,0.0,0.0
M,-0.029441,0.0,0.0,-0.029441
M,0.0,0.0,0.0,0.0
M,0.0,0.0,0.0,0.0
M,0.0,0.0,0.0,0.0
M,0.0,0.0,0.0,0.0
M,0.0577568,0.0,0.0,0.0577568
M,0.0,0.0,0.0,0.0
M,0.0,0.0,0.0,0.0
M,0.0,0.0,0.0,0.0
M,0.0,0.0,0.0,0.0
M,0.0,0.0,0.0,0.0
M,0.0,0.0,0.0,0.0
M,0.0,0.0,0.0,0.0
M,0.0,0.0,0.0,0.0
M,0.0,0.0,0.0,0.0
M,0.0,0.0,0.0,0.0
M,0.0,0.0,0.0,0.0
M,-0.0216992,0.0,0.0,-0.0216992
M,0.0109321,0.0,0.0,0.0109321
M,-0.0106271,0.0,0.0,-0.0106271
M,-0.0516528,0.0,0.0,-0.0516528
M,0.0,0.0,0.0,0.0
M,0.0,0.0,0.0,0.0
M,0.0,0.0,0.0,0.0
M,0.0,0.0,0.0,0.0
M,0.0,0.0,0.0,0.0
M,0.0,0.0,0.0,0.0
M,0.0,0.0,0.0,0.0
M,0.0,0.0,0.0,0.0
M,-0.055937,0.0,0.0,-0.055937
M,0.032531,0.0,0.0,0.032531
M,0.0,0.0,0.0,0.0
M,0.0,0.0,0.0,0.0
M,0.0,0.0,0.0,0.0
M,0.0,0.0,0.0,0.0
M,0.0,0.0,0.0,0.0
M,0.0,0.0,0.0,0.0
M,0.0,0.0,0.0,0.0
M,0.0,0.0,0.0,0.0
M,0.0,0.0,0.0,0.0
M,0.0507968,0.0,0.0,0.0507968
M,0.0,0.0,0.0,0.0
M,0.0,0.0,0.0,0.0
M,0.0,0.0,0.0,0.0
M,0.0,0.0,0.0,0.0
M,0.0,0.0,0.0,0.0
M,-0.0790831,0.0,0.0,-0.0790831
M,0.0,0.0,0.0,0.0
M,0.0,0.0,0.0,0.0
M,-0.0158889,0.0,0.0,-0.0158889
M,0.0,0.0,0.0,0.0
M,0.0,0.0,0.0,0.0
M,0.0,0.0,0.0,0.0
M,0.0,0.0,0.0,0.0
M,0.0,0.0,0.0,0.0
M,0.0,0.0,0.0,0.0
M,0.0,0.0,0.0,0.0
M,0.0,0.0,0.0,0.0
M,0.0,-0.0148161,-0.0148161,-0.0148161
M,0.0,0.0,0.0,0.0
M,0.0,0.0,0.0,0.0
M,0.0,0.0,0.0,0.0
M,0.0,0.0,0.0,0.0
M,0.0,0.0,0.0,0.0
M,0.0,0.0,0.0,0.0
M,0.0,0.0,0.0,0.0
M,0.0,0.0,0.0,0.0
M,0.0,0.0,0.0,0.0
M,0.0,0.0,0.0,0.0
M,0.0,0.0,0.0,0.0
M,0.0169108,0.0,0.0,0.0169108
M,0.0,0.0,0.0,0.0
M,0.0,0.0,0.0,0.0
M,0.0,0.0,0.0,0.0
M,0.0,0.0,0.0,0.0
M,0.0,0.0,0.0,0.0
M,0.0,0.0,0.0,0.0
M,0.0,0.0,0.0,0.0
M,-0.00661523,0.0,0.0,-0.00661523
M,0.0,0.0,0.0,0.0
M,0.0,0.0,0.0,0.0
M,0.0,0.0,0.0,0.0
M,0.0,0.0,0.0,0.0
M,0.0,0.0,0.0,0.0
M,0.0,0.0,0.0,0.0
M,0.0,0.0,0.0,0.0
M,0.0,0.0,0.0,0.0
M,0.0,0.0,0.0,0.0
M,0.0,0.0,0.0,0.0
M,0.0,0.0,0.0,0.0
M,0.0,0.0,0.0,0.0
M,0.0173828,0.0,0.0,0.0173828
M,0.0,0.0,0.0,0.0
M,0.0,0.0,0.0,0.0
M,0.0,0.0,0.0,0.0
M,0.0,0.0,0.0,0.0
M,0.0,0.0,0.0,0.0
M,0.0,0.0,0.0,0.0
M,0.0,0.0,0.0,0.0
M,0.0,0.0,0.0,0.0
M,0.0,0.0,0.0,0.0
M,0.0,0.0,0.0,0.0
M,0.0,0.0,0.0,0.0
M,0.0,0.0,0.0,0.0
M,0.0,0.0,0.0,0.0
M,0.0,0.0,0.0,0.0
M,0.0,0.0,0.0,0.0
M,0.0,0.0,0.0,0.0
M,0.0,0.0,0.0,0.0
M,0.0,0.0,0.0,0.0
M,0.0,0.0,0.0,0.0
M,0.0,0.0,0.0,0.0
M,0.0,0.0,0.0,0.0
M,0.0,0.0,0.0,0.0
M,-0.0842354,0.0,0.0,-0.0842354
M,0.0,0.0,0.0,0.0
M,0.0,0.0,0.0,0.0
M,0.0,0.0,0.0,0.0
M,0.0,0.0,0.0,0.0
M,0.0,0.0,0.0,0.0
M,0.0,0.0,0.0,0.0
M,0.0,0.0,0.0,0.0
M,0.0,0.0,0.0,0.0
M,0.0,0.0,0.0,0.0
M,0.0,0.0,0.0,0.0
M,0.0,0.0,0.0,0.0
M,0.0,0.0,0.0,0.0
M,0.0,0.0,0.0,0.0
M,0.0,0.0,0.0,0.0
M,0.0,0.0,0.0,0.0
M,0.0,0.0,0.0,0.0
M,0.0,0.0,0.0,0.0
M,0.0,0.0,0.0,0.0
M,0.0429267,0.0,0.0,0.0429267
M,0.0,0.0,0.0,0.0
M,-0.0116649,0.0,0.0,-0.0116649
M,0.0,0.0,0.0,0.0
M,0.0,0.0,0.0,0.0
M,0.0,0.0,0.0,0.0
M,0.0,0.0,0.0,0.0
M,0.0736293,0.0,0.0,0.0736293
M,0.0,0.0,0.0,0.0
M,0.0,0.0,0.0,0.0
M,0.0,0.0,0.0,0.0
M,0.0,0.0,0.0,0.0
M,0.0,0.0,0.0,0.0
M,0.0,0.0,0.0,0.0
M,0.0,0.0,0.0,0.0
M,0.0,0.0,0.0,0.0
M,0.0,0.0,0.0,0.0
M,0.0,0.0,0.0,0.0
M,0.0,0.0,0.0,0.0
M,0.0,0.0,0.0,0.0
M,0.0,0.0,0.0,0.0
M,0.0405494,0.0,0.0,0.0405494
M,0.0,0.0,0.0,0.0
M,0.0,0.0,0.0,0.0
M,0.0,0.0,0.0,0.0
M,0.0,0.0,0.0,0.0
M,0.011613,0.0,0.0,0.011613
M,0.0,-0.0148161,-0.0148161,-0.0148161
M,0.0,0.0,0.0,0.0
M,0.0,0.0,0.0,0.0
M,0.0,0.0,0.0,0.0
M,0.00709897,0.0,0.0,0.00709897
M,0.0,0.0,0.0,0.0
M,0.0,0.0,0.0,0.0
M,0.0,0.0,0.0,0.0
M,0.0,0.0,0.0,0.0
M,0.0,0.0,0.0,0.0
