F,0.0935899,0.0520541,0.0520541,0.145644
F,0.441269,0.0527109,0.0527109,0.49398
F,0.27159,0.0527109,0.0527109,0.324301
F,-0.267369,0.0880922,0.0880922,-0.179276
F,-0.000741557,0.0520541,0.0520541,0.0513126
F,-0.267735,0.0527109,0.0527109,-0.215024
F,-0.134709,0.0488907,0.0488907,-0.0858186
F,-0.242683,0.0520541,0.0520541,-0.190628
F,-0.0708996,0.0527109,0.0527109,-0.0181887
F,0.18263,0.0691658,0.0691658,0.251795
F,0.149169,0.0527109,0.0527109,0.20188
F,0.0380982,0.0527109,0.0527109,0.0908091
F,0.0511182,0.0880922,0.0880922,0.13921
F,0.303436,0.0527109,0.0527109,0.356146
F,0.081128,0.0880922,0.0880922,0.16922
F,0.157471,0.0527109,0.0527109,0.210182
F,0.143344,0.0880922,0.0880922,0.231436
F,0.0804651,0.0520541,0.0520541,0.132519
F,-0.375226,0.0488907,0.0488907,-0.326335
F,-0.0696067,0.121237,0.121237,0.0516301
F,0.326242,0.0192226,0.0192226,0.345465
F,0.384528,0.0880922,0.0880922,0.47262
F,-0.358039,0.0527109,0.0527109,-0.305328
F,-0.133811,-0.045437,-0.045437,-0.179248
F,0.00103064,0.0491544,0.0491544,0.050185
F,-0.129294,0.0192226,0.0192226,-0.110071
F,-0.183485,0.0520541,0.0520541,-0.131431
F,0.382366,0.0527109,0.0527109,0.435077
F,-0.153823,0.011723,0.011723,-0.1421
F,0.116494,0.0491544,0.0491544,0.165648
F,-0.0256162,0.117053,0.117053,0.0914369
F,-0.0835997,0.0192226,0.0192226,-0.0643772
F,0.1581,0.0527109,0.0527109,0.210811
F,-0.245136,0.0880922,0.0880922,-0.157044
F,0.00365717,0.0880922,0.0880922,0.0917494
F,-0.289531,0.0527109,0.0527109,-0.23682
F,0.0307279,0.0880922,0.0880922,0.11882
F,-0.188866,0.0520541,0.0520541,-0.136812
F,-0.311248,-0.045437,-0.045437,-0.356685
F,-0.356168,0.0488907,0.0488907,-0.307278
F,0.183125,0.0918082,0.0918082,0.274934
F,0.123321,0.0527109,0.0527109,0.176032
F,0.216779,0.0520541,0.0520541,0.268833
F,-0.200665,0.0691658,0.0691658,-0.131499
F,0.182964,0.0880922,0.0880922,0.271056
F,-0.306678,0.0527109,0.0527109,-0.253967
F,0.228139,0.0527109,0.0527109,0.280849
F,0.0986623,0.0527109,0.0527109,0.151373
F,-0.0199617,0.0880922,0.0880922,0.0681305
F,-0.220624,0.0527109,0.0527109,-0.167913
F,-0.025388,0.0867945,0.0867945,0.0614065
F,-0.0585356,0.0520541,0.0520541,-0.00648147
F,0.294417,0.0491544,0.0491544,0.343571
F,0.0952296,0.0520541,0.0520541,0.147284
F,0.291417,0.0488907,0.0488907,0.340307
F,0.189189,0.0527109,0.0527109,0.2419
F,-0.305506,0.0691658,0.0691658,-0.23634
F,0.161687,-0.00214317,-0.00214317,0.159544
F,-0.278204,0.0520541,0.0520541,-0.22615
F,0.185395,0.0527109,0.0527109,0.238106
F,0.223327,0.121237,0.121237,0.344564
F,-0.152694,0.0690012,0.0690012,-0.0836927
F,-0.110858,0.0520541,0.0520541,-0.0588039
F,0.0169689,0.011723,0.011723,0.0286919
F,0.102989,0.0918082,0.0918082,0.194797
F,0.128314,0.011723,0.011723,0.140037
F,-0.186981,-0.045437,-0.045437,-0.232418
F,-0.276549,0.0654893,0.0654893,-0.211059
F,-0.488754,0.0527109,0.0527109,-0.436043
F,-0.326144,0.0520541,0.0520541,-0.27409
F,0.0354019,0.011723,0.011723,0.0471249
F,0.160777,0.0520541,0.0520541,0.212831
F,-0.0140797,0.0867945,0.0867945,0.0727148
F,-0.0501953,0.011723,0.011723,-0.0384723
F,0.0586993,0.0527109,0.0527109,0.11141
F,-0.119639,0.0527109,0.0527109,-0.0669283
F,-0.0298251,0.0488907,0.0488907,0.0190656
F,-0.175177,0.0527109,0.0527109,-0.122466
F,-0.160727,0.0867945,0.0867945,-0.0739322
F,0.0210659,0.0880922,0.0880922,0.109158
F,-0.145866,0.0691658,0.0691658,-0.0767003
F,0.122544,0.0520541,0.0520541,0.174599
F,-0.019593,0.0867945,0.0867945,0.0672015
F,-0.15133,-0.045437,-0.045437,-0.196767
F,-0.085449,0.0880922,0.0880922,0.0026432
F,0.120647,0.0520541,0.0520541,0.172702
F,-0.188872,0.0880922,0.0880922,-0.10078
F,0.0258738,0.0488907,0.0488907,0.0747645
F,0.492052,0.0520541,0.0520541,0.544107
F,0.031483,0.208161,0.208161,0.239644
F,-0.178486,0.0867945,0.0867945,-0.0916915
F,0.0246035,0.0880922,0.0880922,0.112696
F,-0.102695,-0.045437,-0.045437,-0.148132
F,-0.0226822,0.0520541,0.0520541,0.0293719
F,0.241991,0.0565378,0.0565378,0.298529
F,-0.244466,0.0880922,0.0880922,-0.156374
F,0.169061,0.0867945,0.0867945,0.255856
F,-0.198525,0.0491544,0.0491544,-0.149371
F,-0.261182,0.104672,0.104672,-0.15651
F,-0.27842,-0.045437,-0.045437,-0.323857
F,-0.136735,0.0491544,0.0491544,-0.0875808
F,-0.0326543,0.0192226,0.0192226,-0.0134317
F,-0.546762,0.0691658,0.0691658,-0.477597
F,0.00462731,0.0691658,0.0691658,0.0737931
F,0.189392,0.0520541,0.0520541,0.241446
F,-0.137639,-0.045437,-0.045437,-0.183076
F,-0.332543,0.0520541,0.0520541,-0.280489
F,-0.0230115,0.0491544,0.0491544,0.0261429
F,-0.319406,0.0520541,0.0520541,-0.267352
F,-0.0433766,0.0491544,0.0491544,0.00577773
F,0.127283,0.0918082,0.0918082,0.219092
F,-0.121551,0.117053,0.117053,-0.00449813
F,0.109482,0.0527109,0.0527109,0.162193
F,0.417477,0.0880922,0.0880922,0.505569
F,0.314186,0.0880922,0.0880922,0.402279
F,-0.0451185,0.0527109,0.0527109,0.00759239
F,-0.0974653,0.0867945,0.0867945,-0.0106708
F,-0.387764,0.0520541,0.0520541,-0.33571
F,-0.255939,0.0691658,0.0691658,-0.186773
F,-0.106515,0.0527109,0.0527109,-0.0538046
F,-0.0769953,0.0491544,0.0491544,-0.0278409
F,-0.654265,0.0527109,0.0527109,-0.601555
F,-0.10587,0.0880922,0.0880922,-0.0177783
F,0.167224,0.133136,0.133136,0.30036
F,0.0863689,0.0527109,0.0527109,0.13908
F,0.10746,0.0488907,0.0488907,0.15635
F,0.127208,0.0880922,0.0880922,0.2153
F,-0.382899,0.0488907,0.0488907,-0.334009
F,0.150579,0.0491544,0.0491544,0.199733
F,0.351868,0.0691658,0.0691658,0.421034
F,-0.243199,0.0880922,0.0880922,-0.155106
F,0.186469,0.0520541,0.0520541,0.238523
F,-0.100099,0.0520541,0.0520541,-0.0480449
F,-0.351294,0.0527109,0.0527109,-0.298583
F,-0.597853,0.0691658,0.0691658,-0.528687
F,0.233039,0.0527109,0.0527109,0.28575
F,0.270347,0.0520541,0.0520541,0.322401
F,-0.210198,0.0880922,0.0880922,-0.122106
F,-0.134454,0.0918082,0.0918082,-0.0426459
F,-0.0225784,0.0880922,0.0880922,0.0655138
F,-0.134221,0.0867945,0.0867945,-0.0474263
F,-0.124137,0.0520541,0.0520541,-0.0720827
F,0.135058,0.0691658,0.0691658,0.204224
F,-0.206118,0.0691658,0.0691658,-0.136952
F,0.0413988,0.164795,0.164795,0.206194
F,-0.0188577,0.0867945,0.0867945,0.0679368
F,-0.0100405,0.0520541,0.0520541,0.0420136
F,-0.0191546,0.0867945,0.0867945,0.0676399
F,-0.208279,0.0527109,0.0527109,-0.155569
F,-0.0648452,0.011723,0.011723,-0.0531222
F,-0.0850728,0.0520541,0.0520541,-0.0330187
F,-0.306484,0.093491,0.093491,-0.212993
F,0.0841464,0.0488907,0.0488907,0.133037
F,-0.0914721,0.0527109,0.0527109,-0.0387612
F,-0.0373646,-0.045437,-0.045437,-0.0828016
F,-0.520316,0.0520541,0.0520541,-0.468262
F,-0.301354,0.0520541,0.0520541,-0.2493
F,0.249328,0.126246,0.126246,0.375573
F,0.0217741,0.0520541,0.0520541,0.0738282
F,0.096241,0.057812,0.057812,0.154053
F,-0.26745,0.0880922,0.0880922,-0.179358
F,-0.0990045,-0.0285421,-0.0285421,-0.127547
F,0.271021,0.0691658,0.0691658,0.340186
F,-0.293603,0.0520541,0.0520541,-0.241549
F,-0.102048,0.0918082,0.0918082,-0.0102402
F,-0.244122,0.0527109,0.0527109,-0.191411
F,-0.426413,0.011723,0.011723,-0.414689
F,0.193323,0.011723,0.011723,0.205046
F,0.0269701,0.126246,0.126246,0.153216
F,-0.474208,0.0520541,0.0520541,-0.422154
F,0.250651,0.0527109,0.0527109,0.303362
F,0.107304,0.0880922,0.0880922,0.195396
F,-0.250275,0.0880922,0.0880922,-0.162183
F,-0.0794783,0.126246,0.126246,0.0467674
F,-0.0332282,0.0527109,0.0527109,0.0194827
F,0.0537625,-0.045437,-0.045437,0.00832547
F,0.105042,0.0527109,0.0527109,0.157753
F,-0.159736,0.0880922,0.0880922,-0.0716437
F,-0.401204,0.0527109,0.0527109,-0.348493
F,0.120374,0.0527109,0.0527109,0.173085
F,-0.103607,0.0520541,0.0520541,-0.0515527
F,-0.0647203,0.0691658,0.0691658,0.0044455
F,-0.0354264,0.0527109,0.0527109,0.0172845
F,0.205913,0.0527109,0.0527109,0.258624
F,0.107941,0.0867945,0.0867945,0.194735
F,-0.0612539,0.0520541,0.0520541,-0.00919982
F,-0.216536,0.0527109,0.0527109,-0.163826
F,0.0581942,0.0520541,0.0520541,0.110248
F,0.490883,0.057812,0.057812,0.548695
F,0.00903863,0.0520541,0.0520541,0.0610927
F,0.0644527,0.0527109,0.0527109,0.117164
F,-0.109379,0.011723,0.011723,-0.0976558
F,-0.102514,0.0520541,0.0520541,-0.0504597
F,-0.376186,0.057812,0.057812,-0.318374
F,-0.178406,0.0527109,0.0527109,-0.125696
F,0.433806,0.0691658,0.0691658,0.502972
F,-0.0386684,0.0520541,0.0520541,0.0133857
F,-0.0628537,0.0520541,0.0520541,-0.0107996
F,-0.0664537,0.0690012,0.0690012,0.0025475
F,-0.101977,0.0527109,0.0527109,-0.0492663
F,0.0487468,0.0690012,0.0690012,0.117748
F,-0.261252,0.0918082,0.0918082,-0.169444
F,0.1507,0.011723,0.011723,0.162423
F,0.204891,0.121237,0.121237,0.326128
F,0.142388,-0.045437,-0.045437,0.0969508
F,-0.253911,0.0520541,0.0520541,-0.201856
F,0.263871,0.057812,0.057812,0.321683
F,0.249703,0.0527109,0.0527109,0.302414
F,-0.0462311,0.0520541,0.0520541,0.00582306
F,-0.0805343,0.0491544,0.0491544,-0.0313799
F,-0.0812616,0.121237,0.121237,0.0399752
F,-0.0570123,0.0880922,0.0880922,0.0310799
F,-0.591605,0.0269871,0.0269871,-0.564617
F,-0.27337,0.0527109,0.0527109,-0.220659
F,-0.100321,0.0488907,0.0488907,-0.0514307
F,-0.419821,0.208161,0.208161,-0.21166
F,-0.0488134,0.0880922,0.0880922,0.0392788
F,-0.186775,0.0491544,0.0491544,-0.13762
F,-0.247242,0.0867945,0.0867945,-0.160448
F,0.206763,0.0880922,0.0880922,0.294855
F,0.10858,0.0527109,0.0527109,0.161291
F,-0.106647,0.0520541,0.0520541,-0.0545928
F,-0.0942038,0.113574,0.113574,0.0193706
F,-0.0225637,0.0527109,0.0527109,0.0301472
F,0.0482183,0.0269871,0.0269871,0.0752054
F,-0.209905,0.0527109,0.0527109,-0.157194
F,-0.0530299,0.0880922,0.0880922,0.0350623
F,0.132131,0.0491544,0.0491544,0.181286
F,-0.373153,0.0520541,0.0520541,-0.321098
F,-0.167053,0.011723,0.011723,-0.15533
F,-0.047523,0.0527109,0.0527109,0.00518787
F,-0.46805,0.0527109,0.0527109,-0.415339
F,0.0528678,0.0867945,0.0867945,0.139662
F,-0.115281,0.0527109,0.0527109,-0.06257
F,0.0834699,0.0880922,0.0880922,0.171562
F,0.321106,0.0269871,0.0269871,0.348093
F,-0.131803,0.0527109,0.0527109,-0.0790921
F,-0.00504269,-0.045437,-0.045437,-0.0504797
F,0.165669,0.0527109,0.0527109,0.21838
F,-0.275509,0.0691658,0.0691658,-0.206343
F,0.050428,0.011723,0.011723,0.062151
F,0.076142,0.0867945,0.0867945,0.162937
F,0.0635252,0.0527109,0.0527109,0.116236
F,0.0830453,0.0527109,0.0527109,0.135756
F,0.0939603,0.0192226,0.0192226,0.113183
F,0.216189,-0.045437,-0.045437,0.170752
F,-0.0959629,-0.045437,-0.045437,-0.1414
F,-0.1652,0.0690012,0.0690012,-0.0961991
F,-0.546513,0.0491544,0.0491544,-0.497358
F,-0.286224,0.121237,0.121237,-0.164987
F,0.183769,0.0269871,0.0269871,0.210756
F,-0.193897,0.011723,0.011723,-0.182174
F,0.16263,0.0527109,0.0527109,0.21534
F,-0.27847,0.0520541,0.0520541,-0.226416
F,-0.658157,0.0488907,0.0488907,-0.609267
F,-0.336972,0.011723,0.011723,-0.325249
F,0.0397098,0.0867945,0.0867945,0.126504
F,0.0708382,0.0520541,0.0520541,0.122892
F,0.0957933,0.0527109,0.0527109,0.148504
F,-0.164817,0.0520541,0.0520541,-0.112763
F,-0.119808,0.0880922,0.0880922,-0.0317157
F,-0.384443,0.0691658,0.0691658,-0.315277
F,0.0361123,0.0880922,0.0880922,0.124205
F,-0.260473,0.0520541,0.0520541,-0.208419
F,-0.134253,0.0880922,0.0880922,-0.0461608
F,0.358455,0.0654893,0.0654893,0.423944
F,-0.212941,0.0520541,0.0520541,-0.160887
F,-0.204865,0.0527109,0.0527109,-0.152154
F,-0.0467815,0.0527109,0.0527109,0.00592938
F,0.0737074,0.0445636,0.0445636,0.118271
F,0.0442908,0.0520541,0.0520541,0.096345
F,-0.021077,0.0488907,0.0488907,0.0278136
F,-0.324563,0.0867945,0.0867945,-0.237769
F,0.017523,0.0867945,0.0867945,0.104318
F,0.107896,0.0918082,0.0918082,0.199704
F,0.0727177,0.0880922,0.0880922,0.16081
F,-0.00390486,0.0760878,0.0760878,0.0721829
F,-0.0190753,0.0520541,0.0520541,0.0329788
F,-0.252726,0.121237,0.121237,-0.131489
F,-0.261341,0.0520541,0.0520541,-0.209286
F,-0.600416,0.0880922,0.0880922,-0.512324
F,-0.116456,0.0488907,0.0488907,-0.0675655
F,-0.157172,0.0691658,0.0691658,-0.0880058
F,0.362681,0.011723,0.011723,0.374404
F,0.280406,0.0520541,0.0520541,0.33246
F,-0.191609,0.0527109,0.0527109,-0.138898
F,0.0812067,0.0867945,0.0867945,0.168001
F,-0.257956,0.0520541,0.0520541,-0.205902
F,0.297993,0.0527109,0.0527109,0.350704
F,-0.0196387,0.0527109,0.0527109,0.0330722
F,0.0447795,0.0690012,0.0690012,0.113781
F,-0.0699454,0.011723,0.011723,-0.0582224
F,0.12403,0.0491544,0.0491544,0.173184
F,-0.229616,0.121237,0.121237,-0.10838
F,0.0158476,0.057812,0.057812,0.0736596
F,-0.197261,0.0867945,0.0867945,-0.110467
F,-0.137556,0.0527109,0.0527109,-0.0848453
F,-0.117419,0.0527109,0.0527109,-0.0647085
F,-0.031552,0.011723,0.011723,-0.019829
F,-0.372347,0.0527109,0.0527109,-0.319637
F,0.122389,0.0527109,0.0527109,0.1751
F,-0.0832071,0.0520541,0.0520541,-0.031153
F,0.159354,0.0520541,0.0520541,0.211408
F,0.248024,0.0520541,0.0520541,0.300078
F,-0.144617,-0.045437,-0.045437,-0.190054
F,0.0550162,0.0527109,0.0527109,0.107727
F,-0.29242,0.0527109,0.0527109,-0.239709
F,-0.41849,0.0527109,0.0527109,-0.365779
F,-0.20703,0.0867945,0.0867945,-0.120235
F,-0.241026,0.0690012,0.0690012,-0.172024
F,0.19487,0.0867945,0.0867945,0.281664
F,-0.334244,0.0527109,0.0527109,-0.281534
F,0.113733,0.0527109,0.0527109,0.166444
F,0.0777965,0.0527109,0.0527109,0.130507
F,-0.0509163,0.0691658,0.0691658,0.0182495
F,-0.146112,0.011723,0.011723,-0.134389
F,-0.00250574,0.0867945,0.0867945,0.0842888
F,0.233492,0.0880922,0.0880922,0.321584
F,-0.00892543,0.0527109,0.0527109,0.0437855
F,-0.457108,0.126246,0.126246,-0.330862
F,0.0600277,0.0527109,0.0527109,0.112739
F,-0.0446201,0.0565378,0.0565378,0.0119177
F,-0.233825,0.0192226,0.0192226,-0.214602
F,-0.115652,0.0880922,0.0880922,-0.0275594
F,-0.209715,-0.045437,-0.045437,-0.255152
F,-0.524501,0.0520541,0.0520541,-0.472447
F,0.206057,0.0520541,0.0520541,0.258111
F,-0.310817,0.0527109,0.0527109,-0.258106
F,-0.139659,0.0491544,0.0491544,-0.0905043
F,0.190216,0.0867945,0.0867945,0.277011
F,-0.221037,-0.045437,-0.045437,-0.266474
F,-0.25316,0.0880922,0.0880922,-0.165068
F,0.17141,0.0527109,0.0527109,0.224121
F,-0.0583049,0.0192226,0.0192226,-0.0390823
F,-0.0348802,0.0918082,0.0918082,0.056928
F,0.0239137,0.0691658,0.0691658,0.0930795
F,-0.0163635,0.0520541,0.0520541,0.0356906
F,-0.458616,0.0880922,0.0880922,-0.370524
F,-0.0649443,0.0491544,0.0491544,-0.01579
F,-0.172663,0.0491544,0.0491544,-0.123509
F,-0.0782026,0.0527109,0.0527109,-0.0254917
F,-0.0938922,0.0867945,0.0867945,-0.00709768
F,-0.0682544,-0.00214317,-0.00214317,-0.0703976
F,0.0827042,0.0918082,0.0918082,0.174512
F,0.0471582,0.0192226,0.0192226,0.0663808
F,-0.0121994,0.0527109,0.0527109,0.0405114
F,-0.251148,0.0880922,0.0880922,-0.163056
F,0.150809,0.0192226,0.0192226,0.170032
F,-0.23047,0.0527109,0.0527109,-0.17776
F,-0.0592723,0.0520541,0.0520541,-0.00721818
F,-0.126839,0.121237,0.121237,-0.00560257
F,-0.311611,0.133136,0.133136,-0.178475
F,0.111745,0.0520541,0.0520541,0.163799
F,0.252051,0.0691658,0.0691658,0.321216
F,0.134635,0.0527109,0.0527109,0.187346
F,0.0775249,0.0527109,0.0527109,0.130236
F,0.0391787,0.126246,0.126246,0.165424
F,-0.0248257,0.0527109,0.0527109,0.0278852
F,-0.172745,0.0491544,0.0491544,-0.123591
F,-0.238037,0.011723,0.011723,-0.226314
F,-0.183322,0.0488907,0.0488907,-0.134431
F,-0.0793278,0.0867945,0.0867945,0.00746669
F,-0.142945,0.0527109,0.0527109,-0.0902339
F,-0.122151,0.208161,0.208161,0.0860103
F,-0.0722785,0.0488907,0.0488907,-0.0233878
F,0.0530637,0.0527109,0.0527109,0.105775
F,0.115796,0.0527109,0.0527109,0.168507
F,-0.12047,0.0880922,0.0880922,-0.0323774
F,-0.103449,0.0918082,0.0918082,-0.0116412
F,0.13453,0.0488907,0.0488907,0.183421
F,-0.089324,0.0520541,0.0520541,-0.0372699
F,-0.430246,0.0880922,0.0880922,-0.342154
F,0.10934,0.0527109,0.0527109,0.162051
F,0.296673,0.011723,0.011723,0.308396
F,-0.413778,0.0520541,0.0520541,-0.361724
F,-0.105389,0.126246,0.126246,0.0208567
F,0.169813,0.0691658,0.0691658,0.238979
F,-0.221972,0.0520541,0.0520541,-0.169918
F,0.0325546,0.0691658,0.0691658,0.10172
F,0.0913762,0.0867945,0.0867945,0.178171
F,-0.0190303,0.0880922,0.0880922,0.0690619
F,-0.188931,-0.045437,-0.045437,-0.234368
F,-0.111526,0.104672,0.104672,-0.00685345
F,-0.292674,0.0520541,0.0520541,-0.24062
F,-0.00724632,0.0880922,0.0880922,0.0808459
F,0.120774,0.0527109,0.0527109,0.173484
F,-0.114694,0.0867945,0.0867945,-0.0278992
F,-0.284086,0.0269871,0.0269871,-0.257099
F,0.126243,0.0842015,0.0842015,0.210445
F,-0.0735818,0.093491,0.093491,0.0199093
F,-0.320219,0.0520541,0.0520541,-0.268165
F,-0.269584,0.0527109,0.0527109,-0.216873
F,0.120242,0.011723,0.011723,0.131965
F,0.122413,0.121237,0.121237,0.24365
F,0.132816,0.0867945,0.0867945,0.219611
F,-0.150722,0.0520541,0.0520541,-0.0986677
F,-0.10076,0.0880922,0.0880922,-0.0126674
F,0.27274,0.0880922,0.0880922,0.360833
F,-0.259064,0.0880922,0.0880922,-0.170972
F,-0.299234,0.011723,0.011723,-0.287511
F,-0.113292,0.0654893,0.0654893,-0.0478023
F,-0.183758,0.0527109,0.0527109,-0.131047
F,0.207964,0.0491544,0.0491544,0.257118
F,-0.0915709,0.0527109,0.0527109,-0.0388601
F,0.0458711,0.0402169,0.0402169,0.086088
F,-0.175746,0.0520541,0.0520541,-0.123691
F,-0.0990536,-0.00214317,-0.00214317,-0.101197
F,-0.299509,0.0527109,0.0527109,-0.246798
F,0.0882781,0.0527109,0.0527109,0.140989
F,-0.593411,0.011723,0.011723,-0.581688
F,-0.272962,0.011723,0.011723,-0.261239
F,0.00142298,0.117053,0.117053,0.118476
F,0.175312,0.011723,0.011723,0.187035
F,-0.0182822,0.0527109,0.0527109,0.0344287
F,-0.260227,0.0488907,0.0488907,-0.211337
F,-0.0728763,0.0690012,0.0690012,-0.00387511
F,-0.12636,0.0880922,0.0880922,-0.0382679
F,-0.223629,0.0527109,0.0527109,-0.170918
F,0.0977188,0.0527109,0.0527109,0.15043
F,-0.257475,0.0691658,0.0691658,-0.188309
F,0.0437026,0.0520541,0.0520541,0.0957567
F,0.097096,0.0520541,0.0520541,0.14915
F,0.0236198,0.0527109,0.0527109,0.0763306
F,-0.198623,0.0527109,0.0527109,-0.145913
F,-0.40594,0.121237,0.121237,-0.284704
F,-0.0396271,0.0488907,0.0488907,0.00926356
F,0.0503134,0.0527109,0.0527109,0.103024
F,-0.474233,0.0520541,0.0520541,-0.422179
F,-0.102415,0.0520541,0.0520541,-0.0503613
F,0.0947648,0.057812,0.057812,0.152577
F,0.0623512,0.0192226,0.0192226,0.0815738
F,0.0875407,0.0527109,0.0527109,0.140252
F,0.0937368,0.0488907,0.0488907,0.142627
F,-0.135085,0.0520541,0.0520541,-0.0830304
F,0.0429894,0.0527109,0.0527109,0.0957003
F,0.0348871,0.0691658,0.0691658,0.104053
F,0.0926657,-0.045437,-0.045437,0.0472287
F,0.203235,0.0527109,0.0527109,0.255946
F,0.352127,0.093491,0.093491,0.445618
F,-0.125886,0.0691658,0.0691658,-0.0567205
F,-0.2962,0.0491544,0.0491544,-0.247046
F,-0.195249,0.0269871,0.0269871,-0.168262
F,-0.0242626,0.0491544,0.0491544,0.0248918
F,-0.139014,0.0488907,0.0488907,-0.0901234
F,0.0567795,0.0867945,0.0867945,0.143574
F,-0.193596,0.0520541,0.0520541,-0.141542
F,-0.254646,0.0880922,0.0880922,-0.166554
F,-0.16881,0.0880922,0.0880922,-0.0807177
F,0.245469,0.0527109,0.0527109,0.29818
F,-0.279063,0.0520541,0.0520541,-0.227009
F,0.25201,0.0867945,0.0867945,0.338805
F,-0.431798,0.0867945,0.0867945,-0.345003
F,0.185325,0.0690012,0.0690012,0.254326
F,-0.0231797,0.0527109,0.0527109,0.0295312
F,-0.482679,0.0880922,0.0880922,-0.394587
F,-0.0590067,0.0520541,0.0520541,-0.00695263
F,-0.00348853,0.0527109,0.0527109,0.0492224
F,-0.161607,0.011723,0.011723,-0.149884
F,0.0786483,0.0491544,0.0491544,0.127803
F,0.247901,0.0527109,0.0527109,0.300611
F,-0.243412,0.0520541,0.0520541,-0.191358
F,-0.413193,0.0488907,0.0488907,-0.364302
F,0.10063,0.0520541,0.0520541,0.152684
F,-0.0682673,0.0520541,0.0520541,-0.0162131
F,0.0293447,0.0520541,0.0520541,0.0813988
F,-0.180356,0.0880922,0.0880922,-0.092264
F,0.235909,0.011723,0.011723,0.247632
F,-0.0537497,0.0520541,0.0520541,-0.0016956
F,0.0463799,0.0880922,0.0880922,0.134472
F,-0.271319,0.121237,0.121237,-0.150082
F,0.193644,0.0520541,0.0520541,0.245698
F,0.0218631,0.0491544,0.0491544,0.0710174
F,0.0545675,0.0527109,0.0527109,0.107278
F,0.22899,0.0520541,0.0520541,0.281044
F,-0.423891,0.0880922,0.0880922,-0.335799
F,-0.348612,0.0691658,0.0691658,-0.279446
F,-0.358631,0.117053,0.117053,-0.241578
F,-0.357737,0.0918082,0.0918082,-0.265929
F,0.0195231,0.0520541,0.0520541,0.0715772
F,-0.0607235,0.0520541,0.0520541,-0.00866939
F,-0.0243824,0.0520541,0.0520541,0.0276717
F,-0.141962,0.011723,0.011723,-0.130239
F,0.0885707,0.0691658,0.0691658,0.157736
F,-0.0878208,0.121237,0.121237,0.033416
F,0.166222,-0.045437,-0.045437,0.120785
F,0.0905407,0.0918082,0.0918082,0.182349
F,-0.123924,0.0520541,0.0520541,-0.0718695
F,0.0493358,0.0488907,0.0488907,0.0982265
F,-0.167092,0.0867945,0.0867945,-0.0802977
F,-0.12759,0.121237,0.121237,-0.0063534
F,-0.347317,0.0520541,0.0520541,-0.295263
F,-0.351243,0.0520541,0.0520541,-0.299189
F,-0.22389,0.0527109,0.0527109,-0.171179
F,-0.136566,0.0527109,0.0527109,-0.0838551
F,-0.0431955,-0.045437,-0.045437,-0.0886326
F,0.198015,0.0488907,0.0488907,0.246905
F,-0.0232939,0.0527109,0.0527109,0.029417
F,-0.202527,-0.045437,-0.045437,-0.247964
F,-0.0860883,0.0527109,0.0527109,-0.0333774
F,-0.02068,0.0491544,0.0491544,0.0284743
F,-0.0624333,0.0867945,0.0867945,0.0243612
F,-0.0287112,0.093491,0.093491,0.0647799
F,-0.0613769,0.0491544,0.0491544,-0.0122226
F,-0.00879368,0.0880922,0.0880922,0.0792985
F,-0.189418,0.0491544,0.0491544,-0.140264
F,0.0233253,0.0520541,0.0520541,0.0753794
F,-0.17784,0.0880922,0.0880922,-0.0897475
F,0.292184,0.0192226,0.0192226,0.311407
F,0.235574,0.0527109,0.0527109,0.288285
F,0.178763,0.0491544,0.0491544,0.227917
F,0.00713457,0.0527109,0.0527109,0.0598455
F,-0.171264,0.0527109,0.0527109,-0.118553
F,-0.0399172,0.117053,0.117053,0.0771359
F,0.249164,0.0527109,0.0527109,0.301875
F,-0.296858,0.0520541,0.0520541,-0.244804
F,0.0487556,0.121237,0.121237,0.169992
F,0.00605695,0.0918082,0.0918082,0.0978651
F,-0.146382,0.0491544,0.0491544,-0.097228
F,-0.166088,0.0527109,0.0527109,-0.113377
F,-0.204558,0.0691658,0.0691658,-0.135393
F,0.386795,0.0520541,0.0520541,0.438849
F,-0.158381,0.0527109,0.0527109,-0.105671
F,0.0484314,0.0527109,0.0527109,0.101142
F,-0.296848,0.0520541,0.0520541,-0.244794
F,-0.0866956,0.0867945,0.0867945,9.88596e-05
F,-0.363581,0.0520541,0.0520541,-0.311527
F,-0.235317,0.0520541,0.0520541,-0.183263
F,-0.290519,0.0918082,0.0918082,-0.19871
F,-0.142978,0.0690012,0.0690012,-0.0739768
F,-0.300651,0.0527109,0.0527109,-0.24794
F,0.231099,0.0867945,0.0867945,0.317893
F,-0.191457,0.0527109,0.0527109,-0.138746
F,0.235908,0.0520541,0.0520541,0.287962
F,-0.292014,0.0491544,0.0491544,-0.24286
F,-0.0515891,0.0527109,0.0527109,0.00112178
F,-0.264658,0.0520541,0.0520541,-0.212604
F,0.283089,0.0527109,0.0527109,0.3358
F,-0.154864,0.0690012,0.0690012,-0.0858625
F,0.0205848,0.011723,0.011723,0.0323078
F,-0.118291,0.0880922,0.0880922,-0.0301991
F,-0.203336,0.0691658,0.0691658,-0.13417
F,-0.414143,-0.045437,-0.045437,-0.45958
F,-0.134031,0.0527109,0.0527109,-0.0813203
F,0.0705553,0.0867945,0.0867945,0.15735
F,0.0567347,0.0520541,0.0520541,0.108789
F,-0.165199,0.0527109,0.0527109,-0.112489
F,-0.0220693,0.0527109,0.0527109,0.0306416
F,-0.285945,0.0527109,0.0527109,-0.233234
F,-0.284864,0.0527109,0.0527109,-0.232153
F,0.168512,0.0880922,0.0880922,0.256604
F,0.0473154,0.0527109,0.0527109,0.100026
F,-0.431,0.0269871,0.0269871,-0.404012
F,0.0839985,0.0880922,0.0880922,0.172091
F,-0.129278,0.0527109,0.0527109,-0.0765671
F,0.19432,0.0690012,0.0690012,0.263321
F,-0.0982783,0.104672,0.104672,0.00639374
F,-0.240874,0.0918082,0.0918082,-0.149066
F,0.067333,0.0520541,0.0520541,0.119387
F,-0.0458564,0.0192226,0.0192226,-0.0266339
F,-0.204438,0.0520541,0.0520541,-0.152384
F,-0.275115,0.0691658,0.0691658,-0.205949
F,-0.165056,0.0867945,0.0867945,-0.0782614
F,-0.268844,-0.0285421,-0.0285421,-0.297387
F,-0.200594,0.0527109,0.0527109,-0.147883
F,0.0660016,0.0691658,0.0691658,0.135167
F,-0.0598236,0.0520541,0.0520541,-0.00776947
F,-0.254421,0.0527109,0.0527109,-0.20171
F,-0.0376663,0.011723,0.011723,-0.0259433
F,-0.0296354,0.0867945,0.0867945,0.0571591
F,0.096933,0.0527109,0.0527109,0.149644
F,-0.192504,0.0520541,0.0520541,-0.14045
F,0.155321,0.0527109,0.0527109,0.208032
F,-0.101068,0.0880922,0.0880922,-0.0129755
F,-0.183136,0.0691658,0.0691658,-0.113971
F,0.144274,0.0520541,0.0520541,0.196328
F,-0.21967,0.0520541,0.0520541,-0.167616
F,-0.446053,0.0520541,0.0520541,-0.393999
F,-0.130236,0.0527109,0.0527109,-0.077525
F,0.0512772,0.0527109,0.0527109,0.103988
F,0.18779,0.0520541,0.0520541,0.239844
F,-0.29251,0.0488907,0.0488907,-0.243619
F,0.0118396,0.0880922,0.0880922,0.0999318
F,0.0804166,0.0520541,0.0520541,0.132471
F,0.210112,0.117053,0.117053,0.327165
F,-0.126256,0.011723,0.011723,-0.114533
F,-0.404319,-0.045437,-0.045437,-0.449756
F,-0.204433,0.0192226,0.0192226,-0.185211
F,-0.0255811,0.0269871,0.0269871,0.00140605
F,-0.313579,0.011723,0.011723,-0.301856
F,-0.178474,0.0520541,0.0520541,-0.12642
F,0.115159,0.0520541,0.0520541,0.167213
F,0.125454,0.0527109,0.0527109,0.178164
F,0.219761,0.0691658,0.0691658,0.288927
F,0.260167,0.0527109,0.0527109,0.312878
F,-0.286567,0.0488907,0.0488907,-0.237677
F,-0.385956,0.0880922,0.0880922,-0.297864
F,-0.123191,0.0520541,0.0520541,-0.0711364
F,0.0435689,0.0520541,0.0520541,0.095623
F,0.0474894,0.0527109,0.0527109,0.1002
F,-0.529399,-0.0471123,-0.0471123,-0.576511
F,0.1189,0.0520541,0.0520541,0.170955
F,-0.292276,0.0527109,0.0527109,-0.239565
F,-0.200784,0.011723,0.011723,-0.189061
F,0.0399334,0.0867945,0.0867945,0.126728
F,0.0784549,0.117053,0.117053,0.195508
F,0.0431265,0.0527109,0.0527109,0.0958374
F,0.00929334,0.0520541,0.0520541,0.0613475
F,0.0563843,0.0520541,0.0520541,0.108438
F,0.0929418,0.0527109,0.0527109,0.145653
F,-0.165954,0.0527109,0.0527109,-0.113243
F,0.00538777,0.0527109,0.0527109,0.0580987
F,0.0432084,0.126246,0.126246,0.169454
F,-0.0219392,0.0880922,0.0880922,0.066153
F,-0.0865652,0.0880922,0.0880922,0.00152701
F,0.0396475,0.0691658,0.0691658,0.108813
F,-0.214866,0.0269871,0.0269871,-0.187879
F,0.0858452,0.0491544,0.0491544,0.135
F,-0.307318,0.0520541,0.0520541,-0.255264
F,0.100911,0.0520541,0.0520541,0.152966
F,-0.212801,0.0527109,0.0527109,-0.16009
F,-0.32569,0.0491544,0.0491544,-0.276535
F,-0.208876,0.0527109,0.0527109,-0.156165
F,-0.0798389,0.0488907,0.0488907,-0.0309482
F,-0.350922,0.0520541,0.0520541,-0.298868
F,0.0239312,0.0520541,0.0520541,0.0759853
F,0.110962,0.0192226,0.0192226,0.130185
F,-0.407211,0.0527109,0.0527109,-0.3545
F,0.169847,0.0269871,0.0269871,0.196835
F,-0.0386541,0.0691658,0.0691658,0.0305117
F,-0.0340465,0.0690012,0.0690012,0.0349548
F,0.0629464,0.0654893,0.0654893,0.128436
F,-0.391512,0.0520541,0.0520541,-0.339458
F,-0.177634,0.117053,0.117053,-0.0605812
F,-0.325658,0.0527109,0.0527109,-0.272947
F,-0.0804695,0.0520541,0.0520541,-0.0284154
F,-0.0693259,0.0867945,0.0867945,0.0174686
F,-0.0994508,0.011723,0.011723,-0.0877278
F,-0.161388,0.0691658,0.0691658,-0.0922222
F,-0.166436,0.0520541,0.0520541,-0.114382
F,0.180723,0.0867945,0.0867945,0.267518
F,0.101276,0.0918082,0.0918082,0.193084
F,0.0944363,0.0527109,0.0527109,0.147147
F,-0.38484,0.0527109,0.0527109,-0.332129
F,0.0110887,0.0527109,0.0527109,0.0637996
F,-0.293077,0.104672,0.104672,-0.188405
F,-0.0595258,0.0520541,0.0520541,-0.00747171
F,0.1381,0.121237,0.121237,0.259337
F,-0.0323795,0.104672,0.104672,0.0722926
F,0.0453795,0.0691658,0.0691658,0.114545
F,-0.273029,0.0691658,0.0691658,-0.203863
F,-0.333415,0.0491544,0.0491544,-0.284261
F,-0.250063,0.0527109,0.0527109,-0.197352
F,0.00797827,0.0269871,0.0269871,0.0349654
F,-0.140212,0.0520541,0.0520541,-0.0881582
F,-0.202178,0.0880922,0.0880922,-0.114086
F,-0.164645,0.0880922,0.0880922,-0.0765526
F,0.10675,0.121237,0.121237,0.227987
F,0.201688,0.0527109,0.0527109,0.254399
F,-0.373376,0.0520541,0.0520541,-0.321322
F,-0.147291,0.121237,0.121237,-0.0260543
F,-0.359786,0.093491,0.093491,-0.266295
F,0.118279,0.0880922,0.0880922,0.206371
F,-0.104527,0.117053,0.117053,0.0125265
F,-0.370211,0.093491,0.093491,-0.27672
F,0.0424069,0.0527109,0.0527109,0.0951178
F,-0.0615426,0.0527109,0.0527109,-0.00883169
F,0.0283586,0.0880922,0.0880922,0.116451
F,-0.065539,0.0880922,0.0880922,0.0225532
F,0.181643,0.0867945,0.0867945,0.268438
F,-0.178578,0.0520541,0.0520541,-0.126523
F,-0.082126,0.0520541,0.0520541,-0.0300719
F,0.0682155,0.0690012,0.0690012,0.137217
F,-0.184372,0.0520541,0.0520541,-0.132318
F,-0.0153688,0.0527109,0.0527109,0.037342
F,-0.730747,0.126246,0.126246,-0.604501
F,-0.271304,0.011723,0.011723,-0.259581
F,-0.143002,0.011723,0.011723,-0.131279
F,-0.00400583,-0.045437,-0.045437,-0.0494429
F,-0.0843471,0.0520541,0.0520541,-0.032293
F,-0.0737303,0.0527109,0.0527109,-0.0210195
F,0.160683,0.0565378,0.0565378,0.21722
F,0.118025,0.0520541,0.0520541,0.170079
F,0.250798,0.057812,0.057812,0.30861
F,0.263893,0.011723,0.011723,0.275616
F,-0.268373,0.0520541,0.0520541,-0.216319
F,-0.105698,0.0690012,0.0690012,-0.0366969
F,-0.12962,0.0918082,0.0918082,-0.0378119
F,-0.0165189,0.0654893,0.0654893,0.0489704
F,0.368486,0.0527109,0.0527109,0.421197
F,-0.194011,0.0918082,0.0918082,-0.102203
F,-0.263727,0.0527109,0.0527109,-0.211016
F,-0.0233598,0.0918082,0.0918082,0.0684484
F,0.228586,0.0488907,0.0488907,0.277477
F,-0.0235327,0.0520541,0.0520541,0.0285214
F,-0.0359599,0.0880922,0.0880922,0.0521323
F,-0.378353,0.011723,0.011723,-0.36663
F,0.0722154,0.0840965,0.0840965,0.156312
F,-0.203099,0.0527109,0.0527109,-0.150388
F,0.0273683,0.0488907,0.0488907,0.076259
F,0.0188242,0.0867945,0.0867945,0.105619
F,0.264756,0.0867945,0.0867945,0.351551
F,0.239007,0.0520541,0.0520541,0.291061
F,0.0757195,0.0520541,0.0520541,0.127774
F,-0.300094,0.0691658,0.0691658,-0.230928
F,-0.450977,0.0842015,0.0842015,-0.366775
F,-0.145534,0.0520541,0.0520541,-0.0934795
F,0.0733225,0.0520541,0.0520541,0.125377
F,-0.211288,0.0520541,0.0520541,-0.159234
F,0.0376597,0.0520541,0.0520541,0.0897138
F,-0.506503,-0.045437,-0.045437,-0.55194
F,0.0606705,0.121237,0.121237,0.181907
F,0.248104,0.0491544,0.0491544,0.297258
F,0.00475748,0.121237,0.121237,0.125994
F,0.0150667,0.0520541,0.0520541,0.0671208
F,-0.170919,0.0867945,0.0867945,-0.084124
F,-0.349927,0.0520541,0.0520541,-0.297873
F,-0.129002,0.0527109,0.0527109,-0.0762914
F,-0.175449,0.093491,0.093491,-0.0819583
F,-0.065673,-0.045437,-0.045437,-0.11111
F,0.050155,0.0880922,0.0880922,0.138247
F,-0.443321,0.0527109,0.0527109,-0.39061
F,0.0952833,0.0690012,0.0690012,0.164285
F,-0.0837577,0.011723,0.011723,-0.0720347
F,-0.180193,0.0880922,0.0880922,-0.0921012
F,-0.252927,0.0520541,0.0520541,-0.200873
F,-0.129436,0.0880922,0.0880922,-0.0413442
F,0.218371,0.0654893,0.0654893,0.28386
F,-0.208689,0.0918082,0.0918082,-0.116881
F,-0.000961049,0.121237,0.121237,0.120276
F,-0.0140063,0.011723,0.011723,-0.00228328
F,0.0594396,0.0527109,0.0527109,0.11215
F,-0.101321,0.0491544,0.0491544,-0.0521669
F,-0.183854,0.0867945,0.0867945,-0.0970598
F,-0.146011,0.057812,0.057812,-0.0881987
F,0.265415,0.0491544,0.0491544,0.314569
F,-0.208514,0.0918082,0.0918082,-0.116706
F,0.0952015,0.0520541,0.0520541,0.147256
F,0.100131,0.0867945,0.0867945,0.186925
F,0.0474483,-0.0162618,-0.0162618,0.0311865
F,-0.277709,0.0691658,0.0691658,-0.208543
F,0.112978,0.0918082,0.0918082,0.204786
F,-0.601297,0.0402169,0.0402169,-0.56108
F,-0.136402,0.0491544,0.0491544,-0.0872481
F,0.0540211,0.0520541,0.0520541,0.106075
F,0.184444,0.0527109,0.0527109,0.237155
F,-0.300735,-0.045437,-0.045437,-0.346172
F,-0.113388,0.0527109,0.0527109,-0.0606769
F,0.257971,0.0520541,0.0520541,0.310025
F,0.371493,0.0918082,0.0918082,0.463301
F,0.395932,0.0690012,0.0690012,0.464934
F,-0.0837123,0.0520541,0.0520541,-0.0316582
F,0.0113336,0.0520541,0.0520541,0.0633877
F,-0.326885,0.0527109,0.0527109,-0.274174
F,-0.0405482,0.0520541,0.0520541,0.0115059
F,-0.135035,0.0654893,0.0654893,-0.069546
F,-0.116359,0.0488907,0.0488907,-0.0674682
F,0.119365,0.0867945,0.0867945,0.206159
F,0.0699317,0.0488907,0.0488907,0.118822
F,0.0915427,0.0527109,0.0527109,0.144254
F,-0.335347,0.0527109,0.0527109,-0.282636
F,-0.207651,0.0488907,0.0488907,-0.158761
F,-0.0304389,0.0520541,0.0520541,0.0216152
F,0.261704,0.0527109,0.0527109,0.314415
F,-0.0714101,0.0520541,0.0520541,-0.019356
F,-0.368303,0.0880922,0.0880922,-0.280211
F,-0.249,0.0520541,0.0520541,-0.196946
F,-0.0690978,0.121237,0.121237,0.0521391
F,-0.0260558,0.164795,0.164795,0.138739
F,-0.0303303,0.0527109,0.0527109,0.0223806
F,-0.136769,0.0691658,0.0691658,-0.067603
F,-0.0338271,0.0520541,0.0520541,0.018227
F,-0.0757979,0.0488907,0.0488907,-0.0269072
F,-0.198933,0.0491544,0.0491544,-0.149779
F,0.112791,0.0520541,0.0520541,0.164845
F,-0.449695,0.0520541,0.0520541,-0.397641
F,-0.0415278,0.0527109,0.0527109,0.0111831
F,-0.119023,0.208161,0.208161,0.0891377
F,1.84271e-05,0.0491544,0.0491544,0.0491728
F,-0.290312,0.0527109,0.0527109,-0.237601
F,-0.0622712,0.0520541,0.0520541,-0.0102171
F,-0.348345,0.0520541,0.0520541,-0.296291
F,0.514333,0.0880922,0.0880922,0.602425
F,-0.0467617,0.0527109,0.0527109,0.00594917
F,0.238531,0.0691658,0.0691658,0.307697
F,-0.129767,0.0867945,0.0867945,-0.0429723
F,0.294053,0.0527109,0.0527109,0.346764
F,0.326139,0.011723,0.011723,0.337862
F,-0.334223,0.0918082,0.0918082,-0.242414
F,-0.0462211,0.0867945,0.0867945,0.0405734
F,-0.0143856,0.0520541,0.0520541,0.0376685
F,0.16667,0.0520541,0.0520541,0.218724
F,0.0831802,-0.045437,-0.045437,0.0377432
F,-0.237793,0.0520541,0.0520541,-0.185739
F,-0.110137,0.0488907,0.0488907,-0.0612461
F,-0.340346,0.0867945,0.0867945,-0.253552
F,-0.308041,0.0488907,0.0488907,-0.25915
F,-0.229764,0.0527109,0.0527109,-0.177053
F,-0.162622,0.0880922,0.0880922,-0.0745302
F,0.180843,0.0527109,0.0527109,0.233554
F,0.278111,0.0520541,0.0520541,0.330165
F,0.0340777,0.0527109,0.0527109,0.0867885
F,0.112463,0.0520541,0.0520541,0.164517
F,-0.19453,0.0520541,0.0520541,-0.142476
F,0.0710975,0.0527109,0.0527109,0.123808
F,-0.022642,0.0880922,0.0880922,0.0654502
F,0.183958,0.0867945,0.0867945,0.270752
F,-0.141492,0.0520541,0.0520541,-0.0894377
F,-0.287102,0.0527109,0.0527109,-0.234391
F,0.0359369,0.121237,0.121237,0.157174
F,-0.216568,0.0491544,0.0491544,-0.167414
F,-0.0575228,0.0527109,0.0527109,-0.00481193
F,-0.170957,-0.045437,-0.045437,-0.216394
F,-0.292432,0.0795002,0.0795002,-0.212931
F,-0.153762,0.0520541,0.0520541,-0.101708
F,-0.1827,0.0527109,0.0527109,-0.129989
F,-0.29044,0.0880922,0.0880922,-0.202348
F,-0.29103,0.0488907,0.0488907,-0.242139
F,0.315874,0.0527109,0.0527109,0.368585
F,-0.13156,0.0691658,0.0691658,-0.0623944
F,0.0443729,0.0880922,0.0880922,0.132465
F,-0.160238,0.0527109,0.0527109,-0.107527
F,-0.0112946,0.0491544,0.0491544,0.0378597
F,-0.0846373,0.0520541,0.0520541,-0.0325831
F,0.140803,0.0880922,0.0880922,0.228895
F,-0.160711,0.0880922,0.0880922,-0.0726192
F,-0.141978,0.0520541,0.0520541,-0.0899234
F,-0.144183,0.0918082,0.0918082,-0.0523746
F,0.0312714,0.0880922,0.0880922,0.119364
F,-0.0190426,0.121237,0.121237,0.102194
F,-0.213526,0.0867945,0.0867945,-0.126732
F,-0.104134,0.0527109,0.0527109,-0.0514229
F,-0.0374036,0.0527109,0.0527109,0.0153073
F,-0.0620725,0.0520541,0.0520541,-0.0100184
F,0.00925184,0.133136,0.133136,0.142388
F,-0.1319,0.0520541,0.0520541,-0.0798459
F,-0.080444,0.0520541,0.0520541,-0.0283899
F,-0.403622,-0.045437,-0.045437,-0.449059
F,-0.152827,0.0690012,0.0690012,-0.0838258
F,-0.141282,0.0491544,0.0491544,-0.0921278
F,-0.00562709,0.117053,0.117053,0.111426
F,0.142819,0.121237,0.121237,0.264056
F,-0.382586,0.0527109,0.0527109,-0.329875
F,0.00925907,0.0520541,0.0520541,0.0613132
F,-0.0741599,0.0918082,0.0918082,0.0176482
F,0.204836,0.0491544,0.0491544,0.25399
F,0.0442754,0.0488907,0.0488907,0.0931661
F,-0.198082,0.0520541,0.0520541,-0.146028
F,0.0848347,0.057812,0.057812,0.142647
F,-0.219421,0.0520541,0.0520541,-0.167366
F,-0.119087,0.0867945,0.0867945,-0.0322927
F,-0.248238,0.0488907,0.0488907,-0.199347
F,0.029113,-0.045437,-0.045437,-0.0163241
F,-0.252881,-0.045437,-0.045437,-0.298318
F,0.106478,0.0880922,0.0880922,0.19457
F,-0.0767144,0.0520541,0.0520541,-0.0246603
F,-0.14681,0.126246,0.126246,-0.0205642
F,-0.300828,0.0527109,0.0527109,-0.248117
F,-0.410337,0.0520541,0.0520541,-0.358283
F,-0.173737,-0.045437,-0.045437,-0.219174
F,-0.00311681,0.0867945,0.0867945,0.0836777
F,-0.0904258,0.0520541,0.0520541,-0.0383717
F,-0.183349,0.0527109,0.0527109,-0.130638
F,-0.0525576,0.0918082,0.0918082,0.0392506
F,-0.5597,0.0491544,0.0491544,-0.510545
F,-0.268513,0.0867945,0.0867945,-0.181719
F,0.16746,0.0527109,0.0527109,0.220171
F,-0.147812,0.0527109,0.0527109,-0.0951012
F,0.0175006,0.0520541,0.0520541,0.0695547
F,-0.246206,0.0520541,0.0520541,-0.194151
F,-0.0724835,0.0527109,0.0527109,-0.0197726
F,0.0130783,0.0527109,0.0527109,0.0657892
F,-0.339298,0.0690012,0.0690012,-0.270296
F,-0.0675645,0.0192226,0.0192226,-0.0483419
F,-0.0205209,0.0527109,0.0527109,0.03219
F,-0.193296,0.0918082,0.0918082,-0.101487
F,0.425267,0.0527109,0.0527109,0.477978
F,-0.0440568,0.0520541,0.0520541,0.00799734
F,-0.194493,0.0527109,0.0527109,-0.141782
F,0.178129,0.0527109,0.0527109,0.23084
F,-0.295551,0.0691658,0.0691658,-0.226385
F,0.0282451,0.0527109,0.0527109,0.080956
F,-0.323317,0.0527109,0.0527109,-0.270606
F,-0.202494,0.0520541,0.0520541,-0.15044
F,0.00408033,-0.045437,-0.045437,-0.0413567
F,0.0814933,0.0527109,0.0527109,0.134204
F,-0.0346002,0.0520541,0.0520541,0.0174539
F,0.196611,0.0918082,0.0918082,0.288419
F,-0.078485,0.0880922,0.0880922,0.00960719
F,0.046697,0.0488907,0.0488907,0.0955877
F,0.0410767,0.0880922,0.0880922,0.129169
F,-0.187386,0.0918082,0.0918082,-0.0955775
F,0.115467,0.0880922,0.0880922,0.203559
F,0.0377091,0.0527109,0.0527109,0.09042
F,0.085472,0.011723,0.011723,0.097195
F,-0.0764956,0.0520541,0.0520541,-0.0244415
F,0.0196187,0.0269871,0.0269871,0.0466059
F,0.0606046,0.0520541,0.0520541,0.112659
F,0.196431,0.0527109,0.0527109,0.249142
F,-0.0456834,0.0491544,0.0491544,0.00347094
F,-0.507422,0.121237,0.121237,-0.386185
F,-0.365554,0.0520541,0.0520541,-0.3135
F,0.141392,0.113574,0.113574,0.254966
F,-0.0532592,0.011723,0.011723,-0.0415362
F,-0.0814214,0.0192226,0.0192226,-0.0621988
F,-0.037735,0.011723,0.011723,-0.026012
F,0.0556386,0.0488907,0.0488907,0.104529
F,0.11483,0.0527109,0.0527109,0.167541
F,0.187655,0.0690012,0.0690012,0.256657
F,-0.00161023,0.0527109,0.0527109,0.0511007
F,0.278145,0.011723,0.011723,0.289868
F,-0.453517,0.011723,0.011723,-0.441794
F,0.083592,0.011723,0.011723,0.095315
F,0.0326376,0.0918082,0.0918082,0.124446
F,0.0195706,0.0527109,0.0527109,0.0722814
F,-0.168649,0.0880922,0.0880922,-0.0805564
F,-0.0764882,0.0520541,0.0520541,-0.0244341
F,0.0845952,0.0880922,0.0880922,0.172687
F,-0.109399,0.0527109,0.0527109,-0.056688
F,-0.286924,0.0488907,0.0488907,-0.238033
F,-0.107327,0.0760878,0.0760878,-0.0312395
F,-0.186244,0.0880922,0.0880922,-0.0981518
F,-0.00414226,0.0880922,0.0880922,0.0839499
F,-0.510561,0.0520541,0.0520541,-0.458507
F,-0.35245,0.0527109,0.0527109,-0.299739
F,-0.301376,0.0520541,0.0520541,-0.249322
F,-0.05784,0.0488907,0.0488907,-0.00894932
F,-0.559595,0.0880922,0.0880922,-0.471502
F,0.0467638,0.0520541,0.0520541,0.0988179
F,0.260669,0.0880922,0.0880922,0.348761
F,-0.207039,0.0527109,0.0527109,-0.154328
F,-0.138104,0.0520541,0.0520541,-0.0860504
F,0.09615,0.0527109,0.0527109,0.148861
F,0.0546014,0.0520541,0.0520541,0.106655
F,-0.106586,0.126246,0.126246,0.0196601
F,0.0393646,0.011723,0.011723,0.0510876
F,-0.0598726,-0.045437,-0.045437,-0.10531
F,-0.0251854,0.0192226,0.0192226,-0.00596286
F,-0.123934,0.0520541,0.0520541,-0.0718798
F,-0.0216596,0.0520541,0.0520541,0.0303946
F,0.353632,0.0520541,0.0520541,0.405686
F,0.0525315,0.0491544,0.0491544,0.101686
F,-0.315056,0.0880922,0.0880922,-0.226964
F,-0.0361372,0.0690012,0.0690012,0.032864
F,-0.132082,0.0488907,0.0488907,-0.0831912
F,0.00151224,0.0918082,0.0918082,0.0933204
F,-0.0184707,0.011723,0.011723,-0.00674772
F,-0.236523,0.0867945,0.0867945,-0.149728
F,0.0600973,0.104672,0.104672,0.164769
F,-0.334033,0.121237,0.121237,-0.212796
F,-0.156653,0.0527109,0.0527109,-0.103942
F,0.216979,0.011723,0.011723,0.228702
F,-0.260192,0.0520541,0.0520541,-0.208137
F,0.0829823,0.0654893,0.0654893,0.148472
F,-0.209562,0.0880922,0.0880922,-0.121469
F,-0.369196,0.0192226,0.0192226,-0.349974
F,-0.0126258,0.0527109,0.0527109,0.0400851
F,-0.224326,0.0520541,0.0520541,-0.172271
F,-0.0303551,0.0691658,0.0691658,0.0388107
F,0.0183193,0.0527109,0.0527109,0.0710302
F,-0.104153,0.0880922,0.0880922,-0.0160605
F,-0.0416626,0.0520541,0.0520541,0.0103915
F,-0.0662845,0.0867945,0.0867945,0.02051
F,-0.079547,0.0918082,0.0918082,0.0122612
F,-0.0204383,0.0520541,0.0520541,0.0316158
F,-0.100453,0.0520541,0.0520541,-0.0483986
F,0.0668182,0.0880922,0.0880922,0.15491
F,-0.155198,0.0867945,0.0867945,-0.0684039
F,-0.303797,0.0654893,0.0654893,-0.238308
F,-0.273559,0.0527109,0.0527109,-0.220848
F,-0.241173,0.0520541,0.0520541,-0.189119
F,0.209144,0.0654893,0.0654893,0.274633
F,-0.0159642,0.011723,0.011723,-0.00424116
F,-0.246678,0.0520541,0.0520541,-0.194624
F,0.150191,0.0520541,0.0520541,0.202245
F,-0.0147855,0.0527109,0.0527109,0.0379254
F,-0.187662,0.0520541,0.0520541,-0.135608
F,-0.299665,0.0269871,0.0269871,-0.272678
F,0.0209743,0.011723,0.011723,0.0326973
F,-0.30861,0.0527109,0.0527109,-0.255899
F,0.0802825,0.126246,0.126246,0.206528
F,0.33656,0.011723,0.011723,0.348283
F,0.174069,0.0491544,0.0491544,0.223223
F,-0.331154,0.0402169,0.0402169,-0.290937
F,0.216709,0.0520541,0.0520541,0.268763
F,0.519981,0.0527109,0.0527109,0.572692
F,0.0225912,0.0520541,0.0520541,0.0746453
F,-0.398214,0.093491,0.093491,-0.304723
F,-0.0185834,0.0192226,0.0192226,0.000639156
F,0.148447,0.0192226,0.0192226,0.16767
F,0.163556,0.0867945,0.0867945,0.25035
F,-0.15799,0.117053,0.117053,-0.0409365
F,0.0992892,0.0520541,0.0520541,0.151343
F,-0.218182,0.0520541,0.0520541,-0.166128
F,-0.0116942,0.0520541,0.0520541,0.0403599
F,0.133026,0.0527109,0.0527109,0.185737
F,-0.461696,0.0880922,0.0880922,-0.373603
F,0.07371,0.164795,0.164795,0.238505
F,-0.446601,0.0527109,0.0527109,-0.39389
F,-0.394783,0.0520541,0.0520541,-0.342729
F,0.20316,0.0867945,0.0867945,0.289954
F,0.000530868,0.0491544,0.0491544,0.0496852
F,-0.201054,0.0520541,0.0520541,-0.149
F,-0.145675,0.0880922,0.0880922,-0.0575826
F,-0.255711,0.0867945,0.0867945,-0.168917
F,-0.0937778,0.057812,0.057812,-0.0359658
F,0.194568,0.0192226,0.0192226,0.213791
F,0.0787205,0.117053,0.117053,0.195774
F,-0.320294,0.0880922,0.0880922,-0.232201
F,0.0865928,0.0520541,0.0520541,0.138647
F,0.233009,0.0527109,0.0527109,0.285719
F,0.022879,0.0880922,0.0880922,0.110971
F,0.000580468,0.0511162,0.0511162,0.0516966
F,0.160828,0.0269871,0.0269871,0.187816
F,-0.184881,0.011723,0.011723,-0.173158
F,0.0598462,0.0527109,0.0527109,0.112557
F,0.00517068,0.0527109,0.0527109,0.0578816
F,-0.235046,0.057812,0.057812,-0.177234
F,0.0812353,0.011723,0.011723,0.0929583
F,-0.0822811,0.121237,0.121237,0.0389557
F,0.0403349,0.0520541,0.0520541,0.092389
F,-0.103353,0.0906206,0.0906206,-0.0127319
F,0.0513907,0.0654893,0.0654893,0.11688
F,0.0504582,0.0491544,0.0491544,0.0996125
F,-0.159952,0.0520541,0.0520541,-0.107898
F,0.12699,0.0527109,0.0527109,0.179701
F,0.225994,0.0880922,0.0880922,0.314087
F,0.0503299,0.057812,0.057812,0.108142
F,-0.136564,0.0527109,0.0527109,-0.0838527
F,-0.067755,0.0691658,0.0691658,0.00141079
F,-0.489048,0.0527109,0.0527109,-0.436337
F,-0.291654,0.0520541,0.0520541,-0.2396
F,-0.0225165,-0.00214317,-0.00214317,-0.0246597
F,-0.0527594,0.0491544,0.0491544,-0.00360503
F,-0.130671,0.0269871,0.0269871,-0.103684
F,-0.232299,0.0520541,0.0520541,-0.180245
F,-0.114412,0.0520541,0.0520541,-0.0623577
F,-0.0932724,0.0520541,0.0520541,-0.0412183
F,0.101048,0.011723,0.011723,0.112771
F,-0.245564,0.0527109,0.0527109,-0.192853
F,-0.0730926,0.0491544,0.0491544,-0.0239382
F,-0.409189,0.0520541,0.0520541,-0.357135
F,-0.380694,0.011723,0.011723,-0.368971
F,0.26612,0.0691658,0.0691658,0.335286
F,-0.0420644,0.0867945,0.0867945,0.04473
F,-0.0458988,0.011723,0.011723,-0.0341758
F,-0.179926,0.0192226,0.0192226,-0.160704
F,0.0898919,0.0491544,0.0491544,0.139046
F,-0.120638,0.0918082,0.0918082,-0.0288294
F,0.142636,0.0880922,0.0880922,0.230728
F,0.236185,0.0867945,0.0867945,0.32298
F,0.0253179,0.0527109,0.0527109,0.0780288
F,-0.0323751,0.0520541,0.0520541,0.019679
F,-0.238979,0.0520541,0.0520541,-0.186925
F,-0.0853916,0.0520541,0.0520541,-0.0333375
F,-0.145374,0.0488907,0.0488907,-0.0964835
F,-0.0759311,0.0527109,0.0527109,-0.0232202
F,0.0274823,0.0527109,0.0527109,0.0801932
F,0.018841,0.0918082,0.0918082,0.110649
F,0.127009,0.22363,0.22363,0.350639
F,0.0768087,0.0520541,0.0520541,0.128863
F,-0.27411,0.0520541,0.0520541,-0.222056
F,0.119315,0.0527109,0.0527109,0.172026
F,-0.264943,0.0491544,0.0491544,-0.215788
F,0.102396,0.0491544,0.0491544,0.151551
F,0.0196785,0.011723,0.011723,0.0314015
F,-0.207067,-0.045437,-0.045437,-0.252504
F,0.159505,0.0520541,0.0520541,0.211559
F,-0.142536,0.011723,0.011723,-0.130813
F,-0.00410498,0.0488907,0.0488907,0.0447857
F,-0.198299,0.110887,0.110887,-0.0874119
F,-0.364418,0.0867945,0.0867945,-0.277623
F,0.401764,0.0918082,0.0918082,0.493572
F,-0.319181,0.0527109,0.0527109,-0.26647
F,0.0882525,0.0520541,0.0520541,0.140307
F,-0.249803,0.0527109,0.0527109,-0.197092
F,-0.0755532,0.0527109,0.0527109,-0.0228424
F,0.193203,0.0488907,0.0488907,0.242093
F,0.108519,0.0520541,0.0520541,0.160573
F,0.0464931,0.117053,0.117053,0.163546
F,0.0430851,0.0527109,0.0527109,0.095796
F,-0.0203411,0.0880922,0.0880922,0.0677511
F,-0.0966089,0.0867945,0.0867945,-0.00981436
F,0.192902,0.0527109,0.0527109,0.245613
F,-0.337677,0.0867945,0.0867945,-0.250882
F,0.0596235,0.011723,0.011723,0.0713465
F,0.0858529,0.0527109,0.0527109,0.138564
F,0.24444,0.0520541,0.0520541,0.296494
F,-0.0306903,0.0691658,0.0691658,0.0384755
F,-0.126697,0.0520541,0.0520541,-0.0746433
F,-0.708019,0.0527109,0.0527109,-0.655308
F,-0.0651221,0.0527109,0.0527109,-0.0124113
F,-0.288962,0.0867945,0.0867945,-0.202168
F,0.312777,0.117053,0.117053,0.42983
F,-0.356516,0.0867945,0.0867945,-0.269721
F,0.0432485,0.0527109,0.0527109,0.0959594
F,-0.457752,0.011723,0.011723,-0.446029
F,-0.042687,0.0527109,0.0527109,0.0100239
F,0.114294,0.117053,0.117053,0.231347
F,0.104854,0.0527109,0.0527109,0.157565
F,0.109843,0.0880922,0.0880922,0.197936
F,-0.108728,0.0491544,0.0491544,-0.0595739
F,-0.0323749,0.057812,0.057812,0.025437
F,-0.0594746,0.0520541,0.0520541,-0.00742053
F,0.287007,0.0867945,0.0867945,0.373802
F,0.0677147,0.0269871,0.0269871,0.0947019
F,0.115595,0.0880922,0.0880922,0.203687
F,-0.0572937,0.0880922,0.0880922,0.0307985
F,0.140303,0.0491544,0.0491544,0.189457
F,0.095629,0.0527109,0.0527109,0.14834
F,0.423882,0.0527109,0.0527109,0.476593
F,-0.262398,0.0880922,0.0880922,-0.174306
F,-0.0456665,0.0491544,0.0491544,0.00348791
F,-0.141254,0.104672,0.104672,-0.0365816
F,-0.0554252,0.0527109,0.0527109,-0.0027143
F,-0.237888,0.0527109,0.0527109,-0.185177
F,-0.407791,0.121237,0.121237,-0.286554
F,-0.196932,0.0520541,0.0520541,-0.144878
F,-0.117993,-0.00214317,-0.00214317,-0.120136
F,-0.262883,0.0488907,0.0488907,-0.213992
F,-0.216068,0.0269871,0.0269871,-0.189081
F,-0.297222,0.0527109,0.0527109,-0.244511
F,-0.754416,0.0520541,0.0520541,-0.702362
F,0.234068,0.0520541,0.0520541,0.286122
F,-0.0374021,0.0520541,0.0520541,0.014652
F,-0.0525502,0.0880922,0.0880922,0.035542
F,-0.00392558,0.0269871,0.0269871,0.0230616
F,-0.339178,0.208161,0.208161,-0.131017
F,0.262755,0.0488907,0.0488907,0.311646
F,0.157869,0.0867945,0.0867945,0.244664
F,0.256861,0.0867945,0.0867945,0.343655
F,-0.39969,0.0654893,0.0654893,-0.334201
F,0.00731942,0.0269871,0.0269871,0.0343066
F,-0.0745799,0.0520541,0.0520541,-0.0225258
F,-0.214872,0.0269871,0.0269871,-0.187885
F,-0.205156,0.0527109,0.0527109,-0.152445
F,-0.00520248,0.011723,0.011723,0.00652052
F,-0.176305,0.0880922,0.0880922,-0.0882124
F,0.0601235,0.0527109,0.0527109,0.112834
F,0.280955,0.0527109,0.0527109,0.333666
F,-0.234678,0.0527109,0.0527109,-0.181967
F,-0.00409592,0.0520541,0.0520541,0.0479582
F,0.00462749,0.011723,0.011723,0.0163505
F,-0.363065,0.0880922,0.0880922,-0.274973
F,-0.13418,0.0691658,0.0691658,-0.0650138
F,-0.254683,-0.045437,-0.045437,-0.30012
F,-0.259011,0.0880922,0.0880922,-0.170919
F,-0.105881,0.208161,0.208161,0.10228
F,0.148851,0.0520541,0.0520541,0.200905
F,-0.162258,0.0520541,0.0520541,-0.110204
F,-0.345484,0.0488907,0.0488907,-0.296593
F,0.0632063,0.126246,0.126246,0.189452
F,-0.273389,0.011723,0.011723,-0.261666
F,-0.31142,0.0867945,0.0867945,-0.224625
F,-0.0758999,0.0880922,0.0880922,0.0121923
F,-0.0944524,0.0520541,0.0520541,-0.0423982
F,-0.121576,0.0520541,0.0520541,-0.069522
F,0.104434,0.0520541,0.0520541,0.156488
F,0.030767,0.0488907,0.0488907,0.0796576
F,-0.135563,0.0880922,0.0880922,-0.0474705
F,-0.0137732,0.011723,0.011723,-0.00205017
F,-0.165967,0.0491544,0.0491544,-0.116813
F,-0.0227278,-0.0285421,-0.0285421,-0.0512699
F,0.00796162,0.011723,0.011723,0.0196846
F,-0.349233,0.093491,0.093491,-0.255742
F,-0.0513178,0.093491,0.093491,0.0421732
F,-0.0126698,0.0520541,0.0520541,0.0393843
F,-0.0496377,0.104672,0.104672,0.0550343
F,0.0224254,0.0520541,0.0520541,0.0744795
F,-0.349668,0.011723,0.011723,-0.337945
F,-0.24206,0.0867945,0.0867945,-0.155265
F,0.252594,0.0867945,0.0867945,0.339389
F,0.0644606,0.0867945,0.0867945,0.151255
F,0.0438097,0.0520541,0.0520541,0.0958638
F,0.123145,0.0527109,0.0527109,0.175856
F,-0.420929,0.011723,0.011723,-0.409206
F,0.240932,0.0527109,0.0527109,0.293642
F,-0.00865009,0.0691658,0.0691658,0.0605157
F,-0.112452,-0.045437,-0.045437,-0.15789
F,0.0281363,0.0520541,0.0520541,0.0801904
F,0.0337462,0.104672,0.104672,0.138418
F,-0.0441661,0.0880922,0.0880922,0.0439261
F,-0.21465,0.0918082,0.0918082,-0.122841
F,-0.195998,0.0488907,0.0488907,-0.147108
F,-0.336297,0.0867945,0.0867945,-0.249502
F,-0.220006,0.0527109,0.0527109,-0.167295
F,-0.0392847,0.011723,0.011723,-0.0275617
F,0.121014,0.0520541,0.0520541,0.173068
F,-0.14325,0.0867945,0.0867945,-0.0564555
F,0.0369064,0.0867945,0.0867945,0.123701
F,0.411216,0.0527109,0.0527109,0.463927
F,-0.00773406,0.0527109,0.0527109,0.0449768
F,-0.117589,-0.0162618,-0.0162618,-0.133851
F,-0.123204,0.0520541,0.0520541,-0.0711501
F,-0.273651,0.0488907,0.0488907,-0.224761
F,-0.222255,0.0691658,0.0691658,-0.15309
F,0.0189015,0.011723,0.011723,0.0306245
F,0.0786071,0.0269871,0.0269871,0.105594
F,0.331305,0.0520541,0.0520541,0.383359
F,-0.0728579,0.0520541,0.0520541,-0.0208038
F,-0.0511836,0.011723,0.011723,-0.0394606
F,-0.120293,0.0527109,0.0527109,-0.0675823
F,0.0746968,0.0488907,0.0488907,0.123587
F,-0.276216,0.0520541,0.0520541,-0.224162
F,-0.0671839,-0.045437,-0.045437,-0.112621
F,0.0103092,0.0520541,0.0520541,0.0623634
F,0.210025,0.0488907,0.0488907,0.258916
F,0.0984417,0.0488907,0.0488907,0.147332
F,-0.238572,0.0520541,0.0520541,-0.186518
F,-0.148184,0.0527109,0.0527109,-0.0954734
F,-0.361801,0.0527109,0.0527109,-0.30909
F,-0.154212,0.0691658,0.0691658,-0.0850463
F,-0.0824247,0.0488907,0.0488907,-0.0335341
F,-0.102544,0.0880922,0.0880922,-0.0144514
F,-0.0285771,0.057812,0.057812,0.0292349
F,0.0115886,0.011723,0.011723,0.0233116
F,-0.28494,0.0527109,0.0527109,-0.232229
F,-0.105384,0.0488907,0.0488907,-0.056493
F,0.105743,0.011723,0.011723,0.117466
F,-0.314945,0.0527109,0.0527109,-0.262234
F,0.137532,0.057812,0.057812,0.195344
F,-0.0630634,0.0527109,0.0527109,-0.0103525
F,-0.0486292,0.0520541,0.0520541,0.00342496
F,-0.595293,0.121237,0.121237,-0.474056
F,-0.372181,0.0520541,0.0520541,-0.320127
F,0.367907,0.0880922,0.0880922,0.455999
F,-0.090972,0.0880922,0.0880922,-0.0028798
F,-0.126659,0.0690012,0.0690012,-0.0576582
F,0.109556,0.0527109,0.0527109,0.162267
F,-0.506823,0.0880922,0.0880922,-0.418731
F,0.0770386,0.0520541,0.0520541,0.129093
F,0.167188,0.0880922,0.0880922,0.255281
F,-0.269828,0.0527109,0.0527109,-0.217117
F,-0.261695,0.0488907,0.0488907,-0.212805
F,-0.356762,0.0691658,0.0691658,-0.287596
F,-0.260891,0.0918082,0.0918082,-0.169083
F,-0.195325,0.0918082,0.0918082,-0.103517
F,-0.0229281,0.0918082,0.0918082,0.0688801
F,-0.177481,0.0690012,0.0690012,-0.10848
F,-0.0269182,0.0491544,0.0491544,0.0222362
F,-0.0843709,0.0520541,0.0520541,-0.0323168
F,0.26435,0.0488907,0.0488907,0.313241
F,-0.122723,0.0520541,0.0520541,-0.0706691
F,0.268653,0.0520541,0.0520541,0.320708
F,0.113442,0.0691658,0.0691658,0.182608
F,-0.36148,0.0527109,0.0527109,-0.308769
F,-0.0963461,-0.045437,-0.045437,-0.141783
F,-0.0757588,0.0520541,0.0520541,-0.0237046
F,-0.0692994,0.0918082,0.0918082,0.0225088
F,0.228577,0.0527109,0.0527109,0.281288
F,-0.0824393,0.0880922,0.0880922,0.00565295
F,0.26878,0.0867945,0.0867945,0.355575
F,-0.160849,0.0520541,0.0520541,-0.108795
F,-0.0428721,0.0527109,0.0527109,0.00983875
F,0.399008,0.0691658,0.0691658,0.468174
F,-0.490212,0.0269871,0.0269871,-0.463225
F,0.0462278,0.0491544,0.0491544,0.0953821
F,0.0426801,0.0527109,0.0527109,0.095391
F,-0.167192,0.0867945,0.0867945,-0.080398
F,0.0477951,0.0520541,0.0520541,0.0998492
F,0.0683993,0.0527109,0.0527109,0.12111
F,-0.0651027,0.0488907,0.0488907,-0.0162121
F,-0.213038,0.0527109,0.0527109,-0.160327
F,-0.250927,0.0520541,0.0520541,-0.198873
F,-0.173493,0.0880922,0.0880922,-0.0854009
F,-0.098,0.0867945,0.0867945,-0.0112055
F,-0.0213888,0.0520541,0.0520541,0.0306653
F,0.0771439,0.0867945,0.0867945,0.163938
F,0.144509,0.0520541,0.0520541,0.196563
F,-0.0243809,0.0527109,0.0527109,0.02833
F,-0.341686,0.104672,0.104672,-0.237013
F,-0.0271137,0.0520541,0.0520541,0.0249404
F,0.410248,0.0691658,0.0691658,0.479414
F,-0.195677,0.057812,0.057812,-0.137865
F,-0.129109,0.0520541,0.0520541,-0.077055
F,-0.0572317,0.0527109,0.0527109,-0.00452078
F,-0.125557,0.011723,0.011723,-0.113834
F,0.0505149,0.0527109,0.0527109,0.103226
F,-0.0600205,0.0520541,0.0520541,-0.00796643
F,-0.0777015,0.117053,0.117053,0.0393515
F,-0.109741,0.0527109,0.0527109,-0.0570299
F,0.105672,0.0880922,0.0880922,0.193764
F,0.0943535,0.0654893,0.0654893,0.159843
F,0.00166783,0.0488907,0.0488907,0.0505585
F,0.157163,0.0520541,0.0520541,0.209217
F,-0.259009,0.164795,0.164795,-0.094214
F,0.115769,0.0691658,0.0691658,0.184935
F,-0.160172,0.011723,0.011723,-0.148449
F,-0.144893,0.0880922,0.0880922,-0.0568009
F,-0.180365,0.0491544,0.0491544,-0.13121
F,0.204383,0.0527109,0.0527109,0.257093
F,0.124483,0.0527109,0.0527109,0.177194
F,-0.0758747,0.0520541,0.0520541,-0.0238206
F,-0.359186,0.0527109,0.0527109,-0.306475
F,-0.341315,0.0760878,0.0760878,-0.265227
F,-0.197147,0.0491544,0.0491544,-0.147992
F,-0.196479,0.0880922,0.0880922,-0.108387
F,0.0809874,0.0520541,0.0520541,0.133041
F,0.0177887,0.0918082,0.0918082,0.109597
F,0.231627,0.0520541,0.0520541,0.283681
F,0.0114406,0.0520541,0.0520541,0.0634947
F,-0.157875,-0.045437,-0.045437,-0.203312
F,-0.105164,0.104672,0.104672,-0.000491706
F,0.0901633,0.0527109,0.0527109,0.142874
F,0.165524,0.0527109,0.0527109,0.218234
F,-0.272875,0.0880922,0.0880922,-0.184783
F,0.130121,0.0691658,0.0691658,0.199287
F,0.0736909,0.0880922,0.0880922,0.161783
F,-0.111323,0.0880922,0.0880922,-0.0232311
F,-0.173781,0.0520541,0.0520541,-0.121727
F,-0.248342,0.0654893,0.0654893,-0.182853
F,-0.275538,0.0491544,0.0491544,-0.226384
F,-0.294174,0.0520541,0.0520541,-0.24212
F,-0.047882,0.057812,0.057812,0.00993002
F,-0.257311,0.0867945,0.0867945,-0.170517
F,-0.319061,0.0690012,0.0690012,-0.250059
F,-0.0265932,0.0654893,0.0654893,0.0388961
F,-0.139359,0.0654893,0.0654893,-0.0738696
F,-0.325658,0.0527109,0.0527109,-0.272947
F,0.154695,0.0527109,0.0527109,0.207406
F,0.196601,0.0520541,0.0520541,0.248655
F,0.0655887,0.0527109,0.0527109,0.1183
F,-0.05977,0.0520541,0.0520541,-0.00771591
F,-0.0877488,0.0527109,0.0527109,-0.0350379
F,-0.261814,0.0520541,0.0520541,-0.20976
F,0.385373,0.0527109,0.0527109,0.438084
F,-0.097053,-0.045437,-0.045437,-0.14249
F,-0.194408,-0.045437,-0.045437,-0.239845
F,0.0511072,0.0192226,0.0192226,0.0703298
F,-0.185035,0.0527109,0.0527109,-0.132324
F,0.406181,0.0488907,0.0488907,0.455072
F,-0.303658,0.0520541,0.0520541,-0.251604
F,-0.247989,0.0488907,0.0488907,-0.199099
F,-0.312867,0.0520541,0.0520541,-0.260813
F,0.0300667,0.0565378,0.0565378,0.0866045
F,0.288479,0.0488907,0.0488907,0.33737
F,0.0820665,0.0520541,0.0520541,0.134121
F,0.0185698,0.0520541,0.0520541,0.0706239
F,-0.379703,0.0527109,0.0527109,-0.326992
F,-0.331915,0.0520541,0.0520541,-0.279861
F,-0.157129,0.0520541,0.0520541,-0.105075
F,-0.0531245,0.0520541,0.0520541,-0.00107038
F,-0.202482,0.0520541,0.0520541,-0.150428
F,0.0135039,0.011723,0.011723,0.0252269
F,-0.770056,0.011723,0.011723,-0.758333
F,0.0874043,0.0520541,0.0520541,0.139458
F,0.645764,0.0488907,0.0488907,0.694654
F,0.303134,0.0527109,0.0527109,0.355845
F,-0.0162257,0.0654893,0.0654893,0.0492636
F,0.201512,-0.045437,-0.045437,0.156075
F,-0.292685,0.0520541,0.0520541,-0.24063
F,-0.0908875,0.0691658,0.0691658,-0.0217217
F,-0.143324,0.104672,0.104672,-0.0386521
F,-0.078226,0.093491,0.093491,0.0152651
F,0.18786,0.0918082,0.0918082,0.279668
F,-0.0725991,0.0520541,0.0520541,-0.0205449
F,0.0580037,0.0867945,0.0867945,0.144798
F,-0.0485608,0.0520541,0.0520541,0.00349334
F,-0.160256,0.093491,0.093491,-0.0667646
F,0.0257684,0.0867945,0.0867945,0.112563
F,0.221425,-0.045437,-0.045437,0.175988
F,0.0419665,0.0520541,0.0520541,0.0940206
F,-0.152896,0.0527109,0.0527109,-0.100185
F,0.146039,0.0527109,0.0527109,0.19875
F,0.351812,0.057812,0.057812,0.409624
F,-0.137781,0.0520541,0.0520541,-0.0857264
F,-0.11328,0.0491544,0.0491544,-0.064126
F,0.188566,0.0527109,0.0527109,0.241277
F,-0.0786405,0.0527109,0.0527109,-0.0259296
F,0.192364,0.0527109,0.0527109,0.245075
F,0.235171,0.0491544,0.0491544,0.284325
F,0.131063,0.0520541,0.0520541,0.183118
F,-0.0833556,0.0520541,0.0520541,-0.0313014
F,-0.00907384,0.117053,0.117053,0.107979
F,-0.354329,0.0880922,0.0880922,-0.266237
F,-0.0879271,0.0491544,0.0491544,-0.0387727
F,0.334444,0.0565378,0.0565378,0.390982
F,-0.0269159,0.0527109,0.0527109,0.025795
F,-0.0796802,0.0269871,0.0269871,-0.0526931
F,-0.147631,0.0520541,0.0520541,-0.0955766
F,-0.401226,0.0491544,0.0491544,-0.352072
F,0.17592,0.0520541,0.0520541,0.227974
F,0.187058,0.0269871,0.0269871,0.214045
F,-0.0683901,0.0565378,0.0565378,-0.0118523
F,-0.0848908,0.0690012,0.0690012,-0.0158895
F,0.00652824,0.0520541,0.0520541,0.0585823
F,0.24812,0.0488907,0.0488907,0.297011
F,-0.224517,0.0488907,0.0488907,-0.175626
F,-0.15942,0.0527109,0.0527109,-0.106709
F,-0.243919,0.0880922,0.0880922,-0.155827
F,0.000856662,0.0520541,0.0520541,0.0529108
F,-0.333126,0.0520541,0.0520541,-0.281072
F,0.178248,0.0880922,0.0880922,0.266341
F,0.11257,0.0520541,0.0520541,0.164624
F,0.24371,0.0520541,0.0520541,0.295764
F,-0.0541047,0.0867945,0.0867945,0.0326898
F,0.235947,0.0527109,0.0527109,0.288658
F,-0.0626845,0.0491544,0.0491544,-0.0135301
F,0.236751,0.0880922,0.0880922,0.324843
F,-0.201804,0.0520541,0.0520541,-0.14975
F,-0.0727987,0.0918082,0.0918082,0.0190094
F,-0.267918,0.0520541,0.0520541,-0.215864
F,-0.0827729,0.0520541,0.0520541,-0.0307188
F,0.0346326,0.0488907,0.0488907,0.0835232
F,-0.0207183,0.0192226,0.0192226,-0.00149578
F,-0.220422,0.011723,0.011723,-0.208699
F,-0.0980465,0.126246,0.126246,0.0281992
F,0.105021,0.0867945,0.0867945,0.191816
F,0.216646,0.0867945,0.0867945,0.303441
F,0.0349114,0.0867945,0.0867945,0.121706
F,-0.0520787,0.0654893,0.0654893,0.0134106
F,0.065694,0.0880922,0.0880922,0.153786
F,0.00597961,0.0269871,0.0269871,0.0329667
F,-0.0795141,0.0691658,0.0691658,-0.0103483
F,0.00179333,0.0867945,0.0867945,0.0885878
F,0.328322,0.0527109,0.0527109,0.381033
F,0.266468,0.0527109,0.0527109,0.319179
F,-0.026475,0.0527109,0.0527109,0.0262359
F,-0.348727,0.0527109,0.0527109,-0.296016
F,-0.215823,0.0867945,0.0867945,-0.129029
F,-0.104798,0.0192226,0.0192226,-0.0855753
F,0.146757,0.0690012,0.0690012,0.215758
F,-0.29567,0.0520541,0.0520541,-0.243616
F,0.28665,0.0867945,0.0867945,0.373445
F,-0.026649,0.0488907,0.0488907,0.0222417
F,-0.0399676,0.0918082,0.0918082,0.0518406
F,0.0115048,0.0527109,0.0527109,0.0642156
F,0.234457,0.0527109,0.0527109,0.287168
F,-0.0397517,0.0691658,0.0691658,0.0294141
F,-0.279647,0.0527109,0.0527109,-0.226936
F,-0.195246,-0.045437,-0.045437,-0.240683
F,-0.0528343,0.0527109,0.0527109,-0.000123448
F,0.0512694,0.0527109,0.0527109,0.10398
F,-0.426661,0.0520541,0.0520541,-0.374607
F,0.0338861,0.0520541,0.0520541,0.0859402
F,0.198043,0.011723,0.011723,0.209766
F,-0.0278678,0.0520541,0.0520541,0.0241863
F,-0.201039,0.0527109,0.0527109,-0.148328
F,0.0303533,0.0527109,0.0527109,0.0830642
F,0.380122,0.0918082,0.0918082,0.47193
F,-0.410154,0.0520541,0.0520541,-0.3581
F,0.187694,0.0527109,0.0527109,0.240405
F,0.261852,0.0269871,0.0269871,0.288839
F,-0.365569,0.0867945,0.0867945,-0.278775
F,0.198394,0.0520541,0.0520541,0.250448
F,-0.162448,0.0691658,0.0691658,-0.0932823
F,-0.106925,0.0520541,0.0520541,-0.0548705
F,-0.046271,0.0488907,0.0488907,0.00261971
F,-0.276123,0.0527109,0.0527109,-0.223412
F,0.213575,-0.045437,-0.045437,0.168137
F,0.0183687,0.0527109,0.0527109,0.0710796
F,-0.0614064,0.0520541,0.0520541,-0.00935229
F,-0.089022,0.0491544,0.0491544,-0.0398677
F,-0.235903,0.0880922,0.0880922,-0.147811
F,-0.186984,0.0520541,0.0520541,-0.134929
F,0.0849447,0.0269871,0.0269871,0.111932
F,0.0195183,0.0880922,0.0880922,0.107611
F,-0.10121,0.0520541,0.0520541,-0.0491561
F,-0.245844,0.0491544,0.0491544,-0.19669
F,-0.144572,0.0527109,0.0527109,-0.091861
F,0.0346277,0.0527109,0.0527109,0.0873386
F,0.0445722,0.0520541,0.0520541,0.0966263
F,-0.0483445,0.0520541,0.0520541,0.00370965
F,0.083297,0.0867945,0.0867945,0.170092
F,-0.0508017,0.0488907,0.0488907,-0.00191105
F,-0.0797761,0.011723,0.011723,-0.0680531
F,0.118743,0.0906206,0.0906206,0.209363
F,-0.000374784,0.0520541,0.0520541,0.0516793
F,0.0273742,0.057812,0.057812,0.0851862
F,-0.232664,-0.045437,-0.045437,-0.278101
F,0.388091,0.0527109,0.0527109,0.440802
F,-0.432988,0.0520541,0.0520541,-0.380934
F,-0.109357,0.0488907,0.0488907,-0.0604661
F,0.148223,0.0488907,0.0488907,0.197114
F,0.0508975,0.0488907,0.0488907,0.0997881
F,0.0236562,0.0520541,0.0520541,0.0757104
F,-0.194065,0.121237,0.121237,-0.072828
F,0.199248,0.104672,0.104672,0.30392
F,-0.0376492,0.0520541,0.0520541,0.0144049
F,-0.059937,0.0867945,0.0867945,0.0268575
F,-0.260191,0.0520541,0.0520541,-0.208137
F,0.206691,0.0880922,0.0880922,0.294783
F,-0.130922,0.0867945,0.0867945,-0.044128
F,0.232329,0.0867945,0.0867945,0.319123
F,-0.0733738,0.0520541,0.0520541,-0.0213197
F,0.131882,0.0527109,0.0527109,0.184593
F,-0.334459,0.0527109,0.0527109,-0.281749
F,-0.242677,0.0488907,0.0488907,-0.193786
F,-0.129862,0.0527109,0.0527109,-0.0771513
F,0.121933,0.126246,0.126246,0.248179
F,-0.142081,0.011723,0.011723,-0.130358
F,0.0833848,0.121237,0.121237,0.204622
F,-0.0257879,0.0918082,0.0918082,0.0660203
F,-0.165335,0.117053,0.117053,-0.0482817
F,0.0966431,0.0527109,0.0527109,0.149354
F,-0.221466,0.0520541,0.0520541,-0.169412
F,-0.312272,0.0192226,0.0192226,-0.293049
F,-0.225196,0.0520541,0.0520541,-0.173142
F,-0.156123,0.0527109,0.0527109,-0.103412
F,0.0298521,0.0527109,0.0527109,0.082563
F,-0.0110748,-0.045437,-0.045437,-0.0565118
F,0.310641,0.0880922,0.0880922,0.398733
F,-0.289464,0.011723,0.011723,-0.277741
F,0.0758434,0.0654893,0.0654893,0.141333
F,-0.241915,0.0690012,0.0690012,-0.172913
F,-0.152913,0.0867945,0.0867945,-0.0661181
F,-0.157641,0.0527109,0.0527109,-0.104931
F,-0.262878,0.0527109,0.0527109,-0.210167
F,-0.0759904,0.0867945,0.0867945,0.0108041
F,0.21462,0.0520541,0.0520541,0.266674
F,-0.220364,0.0867945,0.0867945,-0.13357
F,-0.256219,0.121237,0.121237,-0.134982
F,0.0364028,0.011723,0.011723,0.0481258
F,-0.241799,0.011723,0.011723,-0.230076
F,-0.27522,0.0527109,0.0527109,-0.222509
F,-0.274027,0.0488907,0.0488907,-0.225136
F,-0.253802,0.0491544,0.0491544,-0.204648
F,-0.334771,0.0867945,0.0867945,-0.247976
F,0.197105,0.0520541,0.0520541,0.24916
F,-0.230507,0.117053,0.117053,-0.113454
F,-0.15414,0.0867945,0.0867945,-0.0673459
F,-0.143,0.0691658,0.0691658,-0.0738339
F,-0.179994,0.011723,0.011723,-0.168271
F,-0.51334,0.0520541,0.0520541,-0.461286
F,0.216901,0.0527109,0.0527109,0.269612
F,-0.156473,0.0654893,0.0654893,-0.0909833
F,-0.317958,0.0491544,0.0491544,-0.268804
F,-0.127232,0.0918082,0.0918082,-0.035424
F,0.157661,0.011723,0.011723,0.169384
F,0.0234626,0.208161,0.208161,0.231624
F,-0.0754526,0.0527109,0.0527109,-0.0227417
F,0.0350875,0.0690012,0.0690012,0.104089
F,-0.346755,0.0527109,0.0527109,-0.294044
F,0.144219,0.0918082,0.0918082,0.236027
F,-0.0161399,0.0192226,0.0192226,0.00308265
F,0.146285,0.0690012,0.0690012,0.215286
F,-0.0109488,0.0795002,0.0795002,0.0685514
F,0.168307,0.0520541,0.0520541,0.220361
F,-0.185522,0.0192226,0.0192226,-0.166299
F,-0.420595,0.0527109,0.0527109,-0.367884
F,-0.171551,0.0527109,0.0527109,-0.11884
F,0.133336,0.0488907,0.0488907,0.182227
F,-0.0777477,0.011723,0.011723,-0.0660247
F,-0.0371969,0.0491544,0.0491544,0.0119575
F,-0.339275,0.0880922,0.0880922,-0.251183
F,0.124385,0.0918082,0.0918082,0.216193
F,-0.0350683,0.0880922,0.0880922,0.0530239
F,-0.0814342,0.0527109,0.0527109,-0.0287234
F,0.101601,0.0690012,0.0690012,0.170603
F,-0.156832,0.0520541,0.0520541,-0.104778
F,-0.353029,0.0520541,0.0520541,-0.300975
F,-0.0957533,0.0488907,0.0488907,-0.0468626
F,0.0293478,0.0880922,0.0880922,0.11744
F,-0.0649062,0.0527109,0.0527109,-0.0121953
F,-0.0914192,0.0880922,0.0880922,-0.00332704
F,0.0532563,0.0520541,0.0520541,0.10531
F,-0.213441,0.0527109,0.0527109,-0.16073
F,0.0450754,0.0867945,0.0867945,0.13187
F,-0.0380142,0.0520541,0.0520541,0.01404
F,-0.0595207,0.0488907,0.0488907,-0.01063
F,-0.377975,0.0527109,0.0527109,-0.325264
F,-0.163117,0.0527109,0.0527109,-0.110406
F,0.108487,0.0488907,0.0488907,0.157377
F,-0.626724,0.0491544,0.0491544,-0.57757
F,0.122306,0.0520541,0.0520541,0.174361
F,-0.134153,0.0880922,0.0880922,-0.046061
F,-0.262491,0.0867945,0.0867945,-0.175697
F,0.0872363,0.0491544,0.0491544,0.136391
F,0.100227,0.0880922,0.0880922,0.188319
F,0.319769,-0.0285421,-0.0285421,0.291227
F,0.342133,-0.045437,-0.045437,0.296696
F,-0.188664,0.0520541,0.0520541,-0.136609
F,-0.0211593,0.0880922,0.0880922,0.0669329
F,0.128165,0.0527109,0.0527109,0.180876
F,0.167245,0.0867945,0.0867945,0.25404
F,-0.238419,0.011723,0.011723,-0.226696
F,0.0591134,0.011723,0.011723,0.0708364
F,-0.365194,0.0296159,0.0296159,-0.335578
F,-0.134374,0.0488907,0.0488907,-0.0854833
F,-0.231662,0.121237,0.121237,-0.110425
F,0.00850608,0.0520541,0.0520541,0.0605602
F,0.174637,0.0867945,0.0867945,0.261431
F,0.137302,0.0520541,0.0520541,0.189356
F,0.109894,0.0918082,0.0918082,0.201702
F,0.268823,0.0880922,0.0880922,0.356916
F,-0.21621,0.0520541,0.0520541,-0.164156
F,-0.172196,0.0527109,0.0527109,-0.119485
F,-0.0553042,0.0880922,0.0880922,0.032788
F,-0.0685177,0.0527109,0.0527109,-0.0158068
F,-0.148377,0.0880922,0.0880922,-0.060285
F,-0.246356,0.0880922,0.0880922,-0.158264
F,0.104731,0.0867945,0.0867945,0.191525
F,-0.0266163,0.0520541,0.0520541,0.0254378
F,-0.0641362,0.0880922,0.0880922,0.023956
F,0.0481962,0.0527109,0.0527109,0.100907
F,0.0508146,0.0527109,0.0527109,0.103526
F,-0.320958,0.0918082,0.0918082,-0.229149
F,-0.537274,0.0488907,0.0488907,-0.488384
F,-0.280507,0.0527109,0.0527109,-0.227796
F,0.0604129,0.0488907,0.0488907,0.109304
F,-0.225753,0.0527109,0.0527109,-0.173042
F,0.177523,0.0491544,0.0491544,0.226677
F,-0.222228,0.0527109,0.0527109,-0.169517
F,0.249131,0.0527109,0.0527109,0.301842
F,-0.13763,0.0880922,0.0880922,-0.0495373
F,-0.0617788,0.0691658,0.0691658,0.00738696
F,0.172412,-0.0285421,-0.0285421,0.143869
F,-0.193984,0.0520541,0.0520541,-0.141929
F,-0.147859,0.0520541,0.0520541,-0.0958044
F,-0.322825,0.0488907,0.0488907,-0.273935
F,-0.124599,0.0488907,0.0488907,-0.0757085
F,0.0113879,0.0527109,0.0527109,0.0640987
F,0.265913,0.057812,0.057812,0.323725
F,-0.1221,0.0520541,0.0520541,-0.0700459
F,-0.160508,0.0918082,0.0918082,-0.0686996
F,-0.057426,0.0918082,0.0918082,0.0343822
F,0.273837,0.0867945,0.0867945,0.360632
F,0.078589,0.117053,0.117053,0.195642
F,-0.117591,0.0520541,0.0520541,-0.0655367
F,0.233147,-0.045437,-0.045437,0.18771
F,-0.592153,0.0402169,0.0402169,-0.551936
F,0.330744,-0.045437,-0.045437,0.285307
F,0.0557855,0.0520541,0.0520541,0.10784
F,0.0896466,0.0527109,0.0527109,0.142358
F,-0.296575,0.0488907,0.0488907,-0.247684
F,-0.192669,0.0269871,0.0269871,-0.165682
F,0.0776978,0.0520541,0.0520541,0.129752
F,0.16705,0.0527109,0.0527109,0.219761
F,0.0138029,0.0691658,0.0691658,0.0829687
F,-0.302243,0.0520541,0.0520541,-0.250189
F,-0.353271,0.0654893,0.0654893,-0.287782
F,-0.281232,0.0520541,0.0520541,-0.229178
F,0.0789169,0.0520541,0.0520541,0.130971
F,0.0741634,0.121237,0.121237,0.1954
F,-0.206374,0.104672,0.104672,-0.101702
F,0.192915,0.0880922,0.0880922,0.281007
F,0.0286962,0.0527109,0.0527109,0.0814071
F,-0.299894,0.0691658,0.0691658,-0.230729
F,-0.039264,0.0880922,0.0880922,0.0488282
F,0.252142,0.0527109,0.0527109,0.304853
F,-0.0226846,0.0269871,0.0269871,0.00430257
F,-0.337464,0.093491,0.093491,-0.243973
F,-0.255019,0.0520541,0.0520541,-0.202964
F,0.0779782,0.0691658,0.0691658,0.147144
F,0.147472,0.0691658,0.0691658,0.216637
F,-0.0257772,0.0527109,0.0527109,0.0269337
F,-0.217995,0.0520541,0.0520541,-0.165941
F,0.166336,0.0880922,0.0880922,0.254428
F,-0.0733809,0.057812,0.057812,-0.0155689
F,0.183465,0.0527109,0.0527109,0.236176
F,-0.150692,0.0691658,0.0691658,-0.0815258
F,0.181325,0.0918082,0.0918082,0.273133
F,0.0541493,0.0918082,0.0918082,0.145957
F,0.132601,0.0520541,0.0520541,0.184656
F,0.252861,0.0691658,0.0691658,0.322027
F,-0.166814,0.104672,0.104672,-0.0621415
F,-0.331735,0.0760878,0.0760878,-0.255647
F,-0.0177823,0.0867945,0.0867945,0.0690122
F,0.0703153,0.0918082,0.0918082,0.162123
F,-0.137327,-0.045437,-0.045437,-0.182764
F,-0.0200864,0.0918082,0.0918082,0.0717217
F,0.418484,0.0520541,0.0520541,0.470538
F,-0.227355,0.121237,0.121237,-0.106118
F,-0.168634,0.0691658,0.0691658,-0.0994687
F,-0.3693,-0.045437,-0.045437,-0.414737
F,0.229762,0.117053,0.117053,0.346815
F,0.163765,0.0867945,0.0867945,0.25056
F,0.0596481,0.0520541,0.0520541,0.111702
F,-0.212975,0.0520541,0.0520541,-0.16092
F,-0.410062,0.011723,0.011723,-0.398339
F,0.223516,0.011723,0.011723,0.235239
F,0.17628,0.0488907,0.0488907,0.225171
F,-0.47247,0.0527109,0.0527109,-0.419759
F,0.097447,0.0527109,0.0527109,0.150158
F,-0.191296,0.0690012,0.0690012,-0.122295
F,-0.242559,0.0527109,0.0527109,-0.189848
F,0.0613228,0.0520541,0.0520541,0.113377
F,-0.136222,0.0867945,0.0867945,-0.0494276
F,0.0968033,0.0867945,0.0867945,0.183598
F,-0.152768,0.0867945,0.0867945,-0.0659731
F,-0.277135,0.0867945,0.0867945,-0.19034
F,0.0160684,0.0918082,0.0918082,0.107877
F,0.0689684,0.0488907,0.0488907,0.117859
F,0.338903,0.0544335,0.0544335,0.393336
F,-0.313447,0.0918082,0.0918082,-0.221639
F,-0.0263197,0.0527109,0.0527109,0.0263912
F,-0.277661,0.0880922,0.0880922,-0.189569
F,-0.109488,0.011723,0.011723,-0.0977654
F,-0.248467,0.126246,0.126246,-0.122221
F,-0.281826,0.0520541,0.0520541,-0.229772
F,-0.123766,0.0527109,0.0527109,-0.0710554
F,0.0886839,0.0880922,0.0880922,0.176776
F,-0.036247,0.0520541,0.0520541,0.0158071
F,0.345612,0.0527109,0.0527109,0.398323
F,0.108777,0.121237,0.121237,0.230014
F,-0.257465,0.0880922,0.0880922,-0.169373
F,-0.0354696,0.0690012,0.0690012,0.0335316
F,-0.0975062,0.0527109,0.0527109,-0.0447953
F,-0.0272089,0.0491544,0.0491544,0.0219454
F,0.260115,0.0918082,0.0918082,0.351923
F,-0.224766,0.0527109,0.0527109,-0.172055
F,-0.273178,0.0527109,0.0527109,-0.220467
F,-0.397754,0.0880922,0.0880922,-0.309662
F,-0.337468,0.0520541,0.0520541,-0.285413
F,0.074003,0.126246,0.126246,0.200249
F,0.0116435,0.0520541,0.0520541,0.0636976
F,-0.361572,0.0520541,0.0520541,-0.309518
F,-0.101518,0.0520541,0.0520541,-0.0494643
F,-0.38737,0.011723,0.011723,-0.375647
F,0.00701108,0.0527109,0.0527109,0.059722
F,0.129585,0.0867945,0.0867945,0.216379
F,0.00760283,0.0867945,0.0867945,0.0943973
F,-0.383896,0.0192226,0.0192226,-0.364673
F,0.161302,0.0880922,0.0880922,0.249394
F,-0.0122606,0.0491544,0.0491544,0.0368937
F,-0.305437,0.117053,0.117053,-0.188384
F,-0.177461,0.121237,0.121237,-0.0562244
F,-0.0726634,-0.045437,-0.045437,-0.1181
F,0.107662,0.0690012,0.0690012,0.176663
F,0.00390541,0.057812,0.057812,0.0617174
F,0.256764,0.0880922,0.0880922,0.344856
F,-0.074952,0.0867945,0.0867945,0.0118425
F,0.125863,0.0880922,0.0880922,0.213955
F,0.301319,0.0520541,0.0520541,0.353373
F,-0.251425,0.0867945,0.0867945,-0.164631
F,-0.0827854,0.0918082,0.0918082,0.00902278
F,-0.348418,0.0527109,0.0527109,-0.295707
F,0.132694,0.0691658,0.0691658,0.20186
F,0.0417706,0.0880922,0.0880922,0.129863
F,0.0254154,0.0491544,0.0491544,0.0745697
F,0.251766,0.0488907,0.0488907,0.300657
F,-0.0711283,0.0527109,0.0527109,-0.0184174
F,-0.142692,0.0520541,0.0520541,-0.0906377
F,0.0340409,0.0918082,0.0918082,0.125849
F,0.242066,0.0867945,0.0867945,0.32886
F,-0.14595,0.0691658,0.0691658,-0.0767846
F,-0.625088,0.133136,0.133136,-0.491952
F,-0.178588,0.0527109,0.0527109,-0.125877
F,0.264264,0.0491544,0.0491544,0.313418
F,0.298648,0.0269871,0.0269871,0.325635
F,-0.084174,0.0488907,0.0488907,-0.0352833
F,-0.0244504,0.0654893,0.0654893,0.0410389
F,-0.107977,0.117053,0.117053,0.00907648
F,0.130565,-0.045437,-0.045437,0.0851277
F,-0.38884,0.0520541,0.0520541,-0.336786
F,0.131013,0.0520541,0.0520541,0.183067
F,0.165572,0.0520541,0.0520541,0.217626
F,-0.0489156,0.0520541,0.0520541,0.00313851
F,-0.192605,0.0520541,0.0520541,-0.140551
F,0.323038,0.0491544,0.0491544,0.372193
F,0.0153335,-0.045437,-0.045437,-0.0301036
F,0.0611535,0.121237,0.121237,0.18239
F,0.0307686,0.0880922,0.0880922,0.118861
F,-0.0238711,0.0488907,0.0488907,0.0250195
F,0.23232,0.0488907,0.0488907,0.281211
F,0.138199,0.0867945,0.0867945,0.224993
F,-0.194382,-0.045437,-0.045437,-0.239819
F,-0.0341503,0.0527109,0.0527109,0.0185606
F,-0.107345,0.0520541,0.0520541,-0.055291
F,0.253437,0.0527109,0.0527109,0.306148
F,-7.15146e-05,0.0520541,0.0520541,0.0519826
F,-0.395746,0.0880922,0.0880922,-0.307654
F,-0.175874,0.0690012,0.0690012,-0.106873
F,-0.21692,0.0880922,0.0880922,-0.128828
F,-0.303234,0.0269871,0.0269871,-0.276247
F,-0.126525,0.0520541,0.0520541,-0.0744706
F,-0.0706223,0.0154573,0.0154573,-0.055165
F,0.227149,0.011723,0.011723,0.238872
F,0.166373,0.0192226,0.0192226,0.185595
F,0.00666397,0.0527109,0.0527109,0.0593749
F,0.0319404,0.011723,0.011723,0.0436634
F,0.0369191,0.0867945,0.0867945,0.123714
F,-0.458704,0.0880922,0.0880922,-0.370611
F,-0.0670211,0.0488907,0.0488907,-0.0181304
F,-0.362913,0.0527109,0.0527109,-0.310202
F,0.198135,0.0520541,0.0520541,0.25019
F,-0.280927,0.0527109,0.0527109,-0.228216
F,-0.246777,0.0527109,0.0527109,-0.194067
F,-0.10034,0.0488907,0.0488907,-0.0514497
F,-0.137178,0.057812,0.057812,-0.0793665
F,-0.0571137,0.0527109,0.0527109,-0.00440281
F,0.0227979,0.0880922,0.0880922,0.11089
F,-0.370672,0.0840965,0.0840965,-0.286576
F,0.0974962,0.0520541,0.0520541,0.14955
F,-0.305732,0.0880922,0.0880922,-0.21764
F,0.0239467,0.133136,0.133136,0.157083
F,-0.204721,0.0691658,0.0691658,-0.135555
F,-0.228441,0.0918082,0.0918082,-0.136633
F,-0.0118041,0.011723,0.011723,-8.10602e-05
F,0.453318,0.0527109,0.0527109,0.506028
F,-0.23049,0.011723,0.011723,-0.218767
F,-0.0241226,0.0491544,0.0491544,0.0250317
F,-0.233958,0.0880922,0.0880922,-0.145866
F,0.235813,0.0520541,0.0520541,0.287868
F,-0.156367,0.0880922,0.0880922,-0.0682748
F,-0.0431715,0.0520541,0.0520541,0.00888258
F,-0.0474675,0.0880922,0.0880922,0.0406247
F,0.12067,0.0691658,0.0691658,0.189836
F,-0.168765,0.0527109,0.0527109,-0.116054
F,-0.0142743,0.0527109,0.0527109,0.0384366
F,0.185156,0.121237,0.121237,0.306392
F,0.0544764,0.0867945,0.0867945,0.141271
F,0.173993,0.0520541,0.0520541,0.226047
F,0.00645189,0.0918082,0.0918082,0.0982601
F,-0.00930974,0.0867945,0.0867945,0.0774848
F,0.216611,0.0880922,0.0880922,0.304703
F,0.0853678,0.0488907,0.0488907,0.134258
F,-0.339825,0.0880922,0.0880922,-0.251733
F,0.113201,0.0488907,0.0488907,0.162091
F,0.0459601,0.0269871,0.0269871,0.0729472
F,-0.250353,0.0691658,0.0691658,-0.181187
F,-0.187449,0.117053,0.117053,-0.0703955
F,-0.478752,0.057812,0.057812,-0.42094
F,0.0680751,0.0491544,0.0491544,0.117229
F,0.093617,0.0654893,0.0654893,0.159106
F,-0.165595,0.0527109,0.0527109,-0.112884
F,-0.221617,0.0520541,0.0520541,-0.169563
F,-0.112054,0.0691658,0.0691658,-0.0428887
F,0.0229588,0.0527109,0.0527109,0.0756696
F,-0.416751,0.0918082,0.0918082,-0.324943
F,0.0590866,0.0527109,0.0527109,0.111797
F,-0.38737,0.0691658,0.0691658,-0.318204
F,-0.242676,0.0520541,0.0520541,-0.190622
F,0.0356371,0.0520541,0.0520541,0.0876912
F,-0.0429363,0.133136,0.133136,0.0901996
F,-0.0736081,0.133136,0.133136,0.0595279
F,-0.419279,0.133136,0.133136,-0.286143
F,0.339208,0.0520541,0.0520541,0.391263
F,-0.133748,0.0527109,0.0527109,-0.0810375
F,0.0983965,0.0520541,0.0520541,0.150451
F,0.176926,0.011723,0.011723,0.188649
F,-0.123742,0.0488907,0.0488907,-0.0748516
F,0.230375,0.0520541,0.0520541,0.282429
F,-0.395211,0.208161,0.208161,-0.187049
F,-0.312153,0.0880922,0.0880922,-0.224061
F,-0.471093,0.0867945,0.0867945,-0.384298
F,-0.22239,0.0520541,0.0520541,-0.170335
F,-0.0461497,0.0527109,0.0527109,0.00656122
F,-0.024327,0.011723,0.011723,-0.012604
F,-0.230811,0.0918082,0.0918082,-0.139003
F,0.0514742,0.0867945,0.0867945,0.138269
F,-0.00482899,0.0867945,0.0867945,0.0819655
F,0.0443964,-0.045437,-0.045437,-0.00104063
F,-0.275558,0.0527109,0.0527109,-0.222848
F,-0.228636,0.0488907,0.0488907,-0.179746
F,-0.0553826,0.0520541,0.0520541,-0.00332852
F,-0.374936,0.0880922,0.0880922,-0.286844
F,-0.120953,0.0520541,0.0520541,-0.0688993
F,0.0912973,0.0691658,0.0691658,0.160463
F,0.0110566,0.0880922,0.0880922,0.0991488
F,0.131045,0.0691658,0.0691658,0.200211
F,-0.0337142,0.0691658,0.0691658,0.0354516
F,-0.118335,0.011723,0.011723,-0.106612
F,-0.0324655,0.011723,0.011723,-0.0207425
F,-0.125736,0.0691658,0.0691658,-0.0565704
F,-0.433342,0.0520541,0.0520541,-0.381288
F,0.175893,0.0867945,0.0867945,0.262687
F,0.0245813,0.113574,0.113574,0.138156
F,-0.0183729,0.0491544,0.0491544,0.0307815
F,-0.289015,0.0880922,0.0880922,-0.200923
F,0.141065,0.011723,0.011723,0.152788
F,-0.0989224,0.0527109,0.0527109,-0.0462116
F,-0.104744,0.0527109,0.0527109,-0.0520334
F,-0.284561,0.164795,0.164795,-0.119766
F,-0.125794,0.0867945,0.0867945,-0.0389995
F,-0.0932585,0.0527109,0.0527109,-0.0405476
F,-0.0453829,0.0527109,0.0527109,0.00732802
F,-0.110252,0.0491544,0.0491544,-0.0610973
F,0.0237044,0.0402169,0.0402169,0.0639213
F,-0.156711,0.0867945,0.0867945,-0.0699161
F,-0.421425,0.0520541,0.0520541,-0.369371
F,-0.163817,0.0867945,0.0867945,-0.0770225
F,-0.332112,0.104672,0.104672,-0.22744
F,-0.140261,0.0520541,0.0520541,-0.0882064
F,-0.150967,0.0520541,0.0520541,-0.0989126
F,-0.106529,0.0880922,0.0880922,-0.0184366
F,-0.146772,0.0269871,0.0269871,-0.119785
F,-0.0721856,0.0520541,0.0520541,-0.0201315
F,-0.0881406,0.0918082,0.0918082,0.00366752
F,-0.167726,0.093491,0.093491,-0.0742346
F,-0.0907938,0.0691658,0.0691658,-0.021628
F,-0.453569,0.0690012,0.0690012,-0.384568
F,0.0322719,0.057812,0.057812,0.0900839
F,0.0221736,0.011723,0.011723,0.0338966
F,-0.0760047,0.0691658,0.0691658,-0.00683894
F,-0.159114,0.0488907,0.0488907,-0.110223
F,-0.318401,0.057812,0.057812,-0.260589
F,-0.189477,0.0527109,0.0527109,-0.136766
F,-0.272264,0.0867945,0.0867945,-0.185469
F,-0.0696381,0.0527109,0.0527109,-0.0169272
F,-0.217741,0.0691658,0.0691658,-0.148576
F,-0.116353,0.0491544,0.0491544,-0.0671984
F,0.230338,0.121237,0.121237,0.351575
F,-0.0473644,0.0520541,0.0520541,0.00468976
F,0.00940302,0.0880922,0.0880922,0.0974952
F,-0.110284,0.0880922,0.0880922,-0.0221922
F,-0.027236,0.0527109,0.0527109,0.0254749
F,-0.170961,0.0520541,0.0520541,-0.118907
F,0.0600373,0.0520541,0.0520541,0.112091
F,-0.231693,0.0488907,0.0488907,-0.182803
F,-0.145478,0.0488907,0.0488907,-0.0965874
F,0.101307,0.0880922,0.0880922,0.189399
F,-0.306306,0.0488907,0.0488907,-0.257416
F,-0.16999,0.121237,0.121237,-0.0487531
F,0.0464989,0.0906206,0.0906206,0.13712
F,0.0780779,0.0192226,0.0192226,0.0973005
F,-0.324514,0.0527109,0.0527109,-0.271803
F,0.139125,0.0488907,0.0488907,0.188015
F,-0.0023506,0.121237,0.121237,0.118886
F,0.231044,0.0867945,0.0867945,0.317838
F,0.13807,0.0520541,0.0520541,0.190124
F,-0.368268,0.0491544,0.0491544,-0.319113
F,0.200339,0.0520541,0.0520541,0.252393
F,-0.368923,0.0520541,0.0520541,-0.316869
F,0.110842,0.104672,0.104672,0.215514
F,-0.250228,0.0520541,0.0520541,-0.198174
F,-0.0356949,0.0527109,0.0527109,0.017016
F,-0.392978,0.0527109,0.0527109,-0.340267
F,0.257204,0.0918082,0.0918082,0.349012
F,0.237478,0.0488907,0.0488907,0.286369
F,-0.041103,0.0527109,0.0527109,0.0116079
F,0.0581058,-0.045437,-0.045437,0.0126688
F,0.365866,0.0520541,0.0520541,0.41792
F,-0.0989315,0.0527109,0.0527109,-0.0462207
F,0.00651601,0.0527109,0.0527109,0.0592269
F,-0.0787759,0.0488907,0.0488907,-0.0298853
F,-0.0365483,0.0527109,0.0527109,0.0161625
F,-0.132011,0.0527109,0.0527109,-0.0793002
F,-0.178355,0.0690012,0.0690012,-0.109353
F,-0.0317328,0.0445636,0.0445636,0.0128308
F,-0.266558,0.0691658,0.0691658,-0.197392
F,0.026678,0.0842015,0.0842015,0.11088
F,-0.136696,0.057812,0.057812,-0.0788841
F,-0.0858525,0.0654893,0.0654893,-0.0203632
F,0.0304415,0.057812,0.057812,0.0882535
F,-0.209801,0.208161,0.208161,-0.00163971
F,0.133906,0.0918082,0.0918082,0.225714
F,-0.107699,0.104672,0.104672,-0.00302691
F,-0.219334,0.0867945,0.0867945,-0.132539
F,0.0461922,0.0527109,0.0527109,0.0989031
F,-0.0921361,0.0520541,0.0520541,-0.040082
F,0.112626,0.0488907,0.0488907,0.161517
F,-0.159945,0.0520541,0.0520541,-0.107891
F,0.227872,0.0520541,0.0520541,0.279926
F,-0.142568,0.0520541,0.0520541,-0.0905135
F,0.0392768,0.011723,0.011723,0.0509998
F,-0.106684,0.0867945,0.0867945,-0.0198893
F,0.0586746,0.0488907,0.0488907,0.107565
F,-0.00551798,0.011723,0.011723,0.00620502
F,-0.061788,0.0527109,0.0527109,-0.00907712
F,0.0147039,0.0520541,0.0520541,0.066758
F,0.0103941,-0.045437,-0.045437,-0.0350429
F,0.160807,0.0520541,0.0520541,0.212861
F,-0.0418849,0.0520541,0.0520541,0.0101692
F,-0.0630683,0.0880922,0.0880922,0.0250239
F,-0.187688,0.0520541,0.0520541,-0.135633
F,-0.0715115,0.0520541,0.0520541,-0.0194574
F,0.338141,0.0269871,0.0269871,0.365128
F,-0.189185,0.121237,0.121237,-0.0679486
F,-0.658736,0.0192226,0.0192226,-0.639513
F,-0.131548,-0.045437,-0.045437,-0.176986
F,0.0678376,0.0488907,0.0488907,0.116728
F,-0.185233,0.0520541,0.0520541,-0.133179
F,0.292612,0.208161,0.208161,0.500773
F,-0.114783,-0.0285421,-0.0285421,-0.143325
F,-0.256194,-0.00214317,-0.00214317,-0.258337
F,0.217777,0.0520541,0.0520541,0.269831
F,-0.203964,0.0880922,0.0880922,-0.115871
F,-0.186768,0.057812,0.057812,-0.128956
F,0.00652435,0.0520541,0.0520541,0.0585785
F,0.0599651,0.0867945,0.0867945,0.14676
F,0.048914,0.0520541,0.0520541,0.100968
F,0.212462,0.0565378,0.0565378,0.269
F,0.0283316,0.0880922,0.0880922,0.116424
F,-0.252202,0.0192226,0.0192226,-0.23298
F,0.0332793,0.0691658,0.0691658,0.102445
F,-0.100595,0.0520541,0.0520541,-0.0485406
F,-0.0282103,0.0445636,0.0445636,0.0163533
F,-0.338586,0.0867945,0.0867945,-0.251792
F,-0.398619,0.0527109,0.0527109,-0.345908
F,0.237914,0.0527109,0.0527109,0.290625
F,0.0559294,0.0520541,0.0520541,0.107984
F,-0.256951,0.0520541,0.0520541,-0.204897
F,-0.246913,0.0691658,0.0691658,-0.177747
F,0.0934626,0.0520541,0.0520541,0.145517
F,0.011109,0.0527109,0.0527109,0.0638198
F,-0.0916126,-0.0285421,-0.0285421,-0.120155
F,-0.324126,0.0192226,0.0192226,-0.304904
F,-0.0503846,0.164795,0.164795,0.11441
F,-0.415971,-0.045437,-0.045437,-0.461408
F,-0.264722,0.0488907,0.0488907,-0.215832
F,-0.0606316,0.0654893,0.0654893,0.00485767
F,-0.337205,0.0527109,0.0527109,-0.284495
F,-0.00178281,0.104672,0.104672,0.102889
F,0.281774,0.0269871,0.0269871,0.308761
F,0.0985105,0.0691658,0.0691658,0.167676
F,-0.184713,0.0488907,0.0488907,-0.135823
F,-0.170998,0.0527109,0.0527109,-0.118287
F,0.0430599,0.0520541,0.0520541,0.095114
F,0.123323,0.0527109,0.0527109,0.176034
F,0.0666026,0.0527109,0.0527109,0.119314
F,-0.159229,0.0527109,0.0527109,-0.106518
F,-0.289991,0.0488907,0.0488907,-0.241101
F,0.0243453,0.0269871,0.0269871,0.0513324
F,-0.229141,-0.045437,-0.045437,-0.274578
F,0.358073,0.0880922,0.0880922,0.446165
F,-0.20109,0.121237,0.121237,-0.079853
F,-0.023093,0.0488907,0.0488907,0.0257976
F,0.00071639,0.0527109,0.0527109,0.0534273
F,-0.0150845,-0.045437,-0.045437,-0.0605216
F,0.00799152,0.0527109,0.0527109,0.0607024
F,-0.130753,0.0527109,0.0527109,-0.078042
F,-0.0386514,0.0527109,0.0527109,0.0140595
F,0.211278,0.0192226,0.0192226,0.2305
F,-0.161334,0.0520541,0.0520541,-0.10928
F,-0.323535,0.0527109,0.0527109,-0.270824
F,-0.192355,0.0691658,0.0691658,-0.12319
F,0.0677126,0.0488907,0.0488907,0.116603
F,-0.0273678,0.0445636,0.0445636,0.0171958
F,-0.0999342,0.0488907,0.0488907,-0.0510435
F,-0.157396,0.0269871,0.0269871,-0.130409
F,0.265724,0.0527109,0.0527109,0.318435
F,0.103883,0.0488907,0.0488907,0.152774
F,0.192277,0.0654893,0.0654893,0.257766
F,-0.320811,0.121237,0.121237,-0.199574
F,-0.0968085,0.0488907,0.0488907,-0.0479178
F,-0.346648,0.0520541,0.0520541,-0.294594
F,-0.0952286,0.0527109,0.0527109,-0.0425177
F,-0.0578554,0.0527109,0.0527109,-0.00514454
F,0.337328,0.0527109,0.0527109,0.390039
F,-0.0219743,0.0488907,0.0488907,0.0269163
F,0.0567168,0.0867945,0.0867945,0.143511
F,-0.176132,0.104672,0.104672,-0.0714598
F,-0.116938,-0.045437,-0.045437,-0.162375
F,-0.335737,0.0880922,0.0880922,-0.247645
F,-0.339427,0.093491,0.093491,-0.245936
F,0.107485,0.0880922,0.0880922,0.195577
F,0.225794,0.0520541,0.0520541,0.277848
F,0.0090495,0.0880922,0.0880922,0.0971417
F,0.286159,0.0491544,0.0491544,0.335313
F,-0.448347,0.0269871,0.0269871,-0.42136
F,-0.144818,0.0269871,0.0269871,-0.11783
F,-0.197029,0.0520541,0.0520541,-0.144975
F,0.00140659,-0.0162618,-0.0162618,-0.0148552
F,-0.221898,0.0520541,0.0520541,-0.169844
F,0.0378803,0.0520541,0.0520541,0.0899345
F,-0.0460793,0.0690012,0.0690012,0.022922
F,-0.0600323,0.0867945,0.0867945,0.0267622
F,0.249237,0.132019,0.132019,0.381256
F,-0.167308,0.057812,0.057812,-0.109496
F,-0.104541,0.057812,0.057812,-0.0467286
F,0.171751,0.0918082,0.0918082,0.263559
F,-0.242109,0.0520541,0.0520541,-0.190055
F,0.164485,0.0880922,0.0880922,0.252577
F,-0.202373,-0.045437,-0.045437,-0.24781
F,-0.268895,0.0918082,0.0918082,-0.177087
F,-0.11428,0.0527109,0.0527109,-0.0615694
F,-0.431209,0.0527109,0.0527109,-0.378498
F,0.0368544,0.0491544,0.0491544,0.0860087
F,-0.206527,0.0520541,0.0520541,-0.154472
F,0.0526892,0.0691658,0.0691658,0.121855
F,-0.0514501,0.0527109,0.0527109,0.00126079
F,0.0941186,0.0491544,0.0491544,0.143273
F,-0.144121,0.0527109,0.0527109,-0.0914103
F,0.0598203,0.0527109,0.0527109,0.112531
F,-0.533307,0.0527109,0.0527109,-0.480596
F,-0.21902,-0.0285421,-0.0285421,-0.247562
F,0.258679,0.0491544,0.0491544,0.307833
F,-0.30816,0.0491544,0.0491544,-0.259006
F,0.045894,0.011723,0.011723,0.057617
F,-0.629072,0.0527109,0.0527109,-0.576361
F,0.172434,0.0527109,0.0527109,0.225145
F,0.0527378,0.0491544,0.0491544,0.101892
F,0.157696,0.0488907,0.0488907,0.206586
F,-0.00319605,0.0527109,0.0527109,0.0495148
F,0.0541574,-0.045437,-0.045437,0.00872033
F,-0.0231899,0.0527109,0.0527109,0.029521
F,0.294465,-0.045437,-0.045437,0.249028
F,-0.0836141,0.0527109,0.0527109,-0.0309032
F,-0.09643,0.0867945,0.0867945,-0.00963546
F,0.14718,0.0527109,0.0527109,0.199891
F,0.259772,0.0527109,0.0527109,0.312483
F,-0.252094,0.0520541,0.0520541,-0.20004
F,-0.302988,0.0880922,0.0880922,-0.214895
F,-0.241692,0.0520541,0.0520541,-0.189638
F,0.0412013,0.011723,0.011723,0.0529243
F,-0.0167321,0.0520541,0.0520541,0.0353221
F,-0.0867195,0.0527109,0.0527109,-0.0340087
F,-0.200019,0.0880922,0.0880922,-0.111927
F,-0.332983,0.0527109,0.0527109,-0.280272
F,-0.136081,0.0488907,0.0488907,-0.0871901
F,-0.0422722,0.0867945,0.0867945,0.0445223
F,0.0868047,0.011723,0.011723,0.0985277
F,0.0470189,0.0842015,0.0842015,0.13122
F,-0.120741,0.0491544,0.0491544,-0.0715866
F,0.289235,0.011723,0.011723,0.300958
F,-0.0118386,0.121237,0.121237,0.109398
F,0.0998006,0.0880922,0.0880922,0.187893
F,-0.0224412,0.0527109,0.0527109,0.0302697
F,0.0335266,0.0527109,0.0527109,0.0862375
F,0.260781,0.0491544,0.0491544,0.309935
F,0.33543,0.0918082,0.0918082,0.427238
F,-0.0705844,0.0527109,0.0527109,-0.0178735
F,-0.111694,0.0527109,0.0527109,-0.0589835
F,-0.158893,0.0880922,0.0880922,-0.0708007
F,-0.0756645,0.093491,0.093491,0.0178266
F,-0.263094,0.0520541,0.0520541,-0.21104
F,0.137053,0.0520541,0.0520541,0.189107
F,-0.0561772,0.0880922,0.0880922,0.031915
F,-0.077436,0.0527109,0.0527109,-0.0247251
F,0.0520172,0.0691658,0.0691658,0.121183
F,-0.202282,0.0880922,0.0880922,-0.11419
F,-0.170948,0.0867945,0.0867945,-0.0841535
F,-0.0655375,0.0402169,0.0402169,-0.0253207
F,-0.0851712,0.0691658,0.0691658,-0.0160054
F,-0.277408,0.0527109,0.0527109,-0.224698
F,-0.0956701,0.093491,0.093491,-0.00217908
F,-0.201231,0.0867945,0.0867945,-0.114437
F,0.132054,0.0691658,0.0691658,0.20122
F,-0.130771,0.0527109,0.0527109,-0.0780603
F,0.0119329,0.0918082,0.0918082,0.103741
F,-0.131692,0.0867945,0.0867945,-0.0448976
F,-0.0834621,0.0520541,0.0520541,-0.031408
F,0.0840907,0.0520541,0.0520541,0.136145
F,0.129837,0.208161,0.208161,0.337998
F,-0.0437728,0.0527109,0.0527109,0.00893808
F,0.323537,0.0520541,0.0520541,0.375591
F,0.0669843,0.0488907,0.0488907,0.115875
F,0.0778589,-0.045437,-0.045437,0.0324218
F,-0.044866,0.216729,0.216729,0.171863
F,0.103056,0.0527109,0.0527109,0.155767
F,0.117644,0.011723,0.011723,0.129367
F,0.293608,0.0527109,0.0527109,0.346319
F,0.00697967,0.0520541,0.0520541,0.0590338
F,-0.17249,0.0488907,0.0488907,-0.1236
F,-0.0451747,-0.045437,-0.045437,-0.0906117
F,0.0771605,0.0842015,0.0842015,0.161362
F,0.0117833,0.0918082,0.0918082,0.103591
F,-0.316265,0.0527109,0.0527109,-0.263554
F,0.164103,0.0520541,0.0520541,0.216158
F,-0.0356855,0.011723,0.011723,-0.0239625
F,-0.0492233,0.0565378,0.0565378,0.00731456
F,-0.0777173,0.0520541,0.0520541,-0.0256632
F,-0.392519,0.0527109,0.0527109,-0.339808
F,-0.406089,0.0880922,0.0880922,-0.317996
F,0.0830301,0.0520541,0.0520541,0.135084
F,-0.0575453,0.0654893,0.0654893,0.00794402
F,-0.0186954,0.126246,0.126246,0.10755
F,-0.471192,0.121237,0.121237,-0.349955
F,-0.0934221,0.0520541,0.0520541,-0.041368
F,-0.423548,0.117053,0.117053,-0.306495
F,0.149504,0.0527109,0.0527109,0.202215
F,-0.116156,0.0880922,0.0880922,-0.0280637
F,0.348195,0.0520541,0.0520541,0.400249
F,-0.165554,0.0488907,0.0488907,-0.116664
F,0.478154,0.0867945,0.0867945,0.564948
F,-0.148513,0.0491544,0.0491544,-0.0993582
F,-0.0777226,0.0491544,0.0491544,-0.0285682
F,-0.242495,0.0527109,0.0527109,-0.189784
F,-0.013246,0.0527109,0.0527109,0.0394649
F,0.178284,0.0527109,0.0527109,0.230995
F,-0.20856,0.0488907,0.0488907,-0.15967
F,0.0658435,0.0691658,0.0691658,0.135009
F,-0.432033,0.117053,0.117053,-0.31498
F,-0.0885031,0.011723,0.011723,-0.0767801
F,0.130181,0.0527109,0.0527109,0.182891
F,0.130844,0.0488907,0.0488907,0.179735
F,-0.346448,0.0918082,0.0918082,-0.25464
F,-0.00265663,0.0527109,0.0527109,0.0500543
F,0.118781,0.0654893,0.0654893,0.18427
F,-0.22103,0.0527109,0.0527109,-0.16832
F,-0.0249108,0.0867945,0.0867945,0.0618837
F,0.110555,0.0527109,0.0527109,0.163266
F,-0.146742,0.0691658,0.0691658,-0.0775761
F,-0.135466,0.0527109,0.0527109,-0.0827556
F,0.060829,0.0867945,0.0867945,0.147623
F,-0.0567038,0.0527109,0.0527109,-0.00399293
F,-0.0338899,0.0520541,0.0520541,0.0181642
F,-0.318017,0.0527109,0.0527109,-0.265306
F,-0.0775549,0.0527109,0.0527109,-0.024844
F,-0.349766,0.0691658,0.0691658,-0.2806
F,-0.0328227,0.011723,0.011723,-0.0210997
F,-0.393171,0.011723,0.011723,-0.381448
F,0.0329503,-0.045437,-0.045437,-0.0124867
F,0.222394,0.0520541,0.0520541,0.274448
F,-0.0743504,0.0491544,0.0491544,-0.025196
F,-0.00976121,0.057812,0.057812,0.0480508
F,-0.285485,-0.045437,-0.045437,-0.330922
F,0.152115,0.0867945,0.0867945,0.238909
F,-0.126572,0.0520541,0.0520541,-0.0745182
F,-0.148226,0.0520541,0.0520541,-0.0961718
F,-0.162059,0.0527109,0.0527109,-0.109348
F,0.189891,-0.00214317,-0.00214317,0.187748
F,0.412649,0.057812,0.057812,0.470461
F,0.0686509,0.0527109,0.0527109,0.121362
F,-0.0861817,0.0520541,0.0520541,-0.0341275
F,-0.0643594,0.0520541,0.0520541,-0.0123053
F,-0.349391,0.0520541,0.0520541,-0.297336
F,-0.153305,0.0520541,0.0520541,-0.101251
F,0.31129,0.0690012,0.0690012,0.380291
F,-0.17491,0.0520541,0.0520541,-0.122856
F,0.236698,0.0269871,0.0269871,0.263685
F,0.213128,0.0527109,0.0527109,0.265839
F,-0.249896,0.0488907,0.0488907,-0.201006
F,-0.0823163,0.0527109,0.0527109,-0.0296054
F,-0.334144,0.0527109,0.0527109,-0.281433
F,-0.0568732,0.0520541,0.0520541,-0.00481913
F,-0.0668454,0.011723,0.011723,-0.0551224
F,-0.275431,0.0520541,0.0520541,-0.223377
F,-0.627806,0.0880922,0.0880922,-0.539714
F,-0.242524,0.0691658,0.0691658,-0.173358
F,0.0214208,0.0520541,0.0520541,0.0734749
F,-0.251532,-0.045437,-0.045437,-0.296969
F,0.0333007,0.0690012,0.0690012,0.102302
F,-0.170612,0.0867945,0.0867945,-0.0838171
F,-0.0274464,0.0488907,0.0488907,0.0214443
F,-0.059642,0.0527109,0.0527109,-0.00693116
F,0.0956317,0.0880922,0.0880922,0.183724
F,-0.0353444,0.0527109,0.0527109,0.0173664
F,-0.242269,0.0527109,0.0527109,-0.189559
F,0.239071,0.0491544,0.0491544,0.288226
F,0.287083,0.0690012,0.0690012,0.356084
F,-0.0952484,-0.045437,-0.045437,-0.140685
F,0.0416409,-0.0285421,-0.0285421,0.0130988
F,0.0573642,0.0527109,0.0527109,0.110075
F,-0.0925451,0.0527109,0.0527109,-0.0398342
F,-0.209424,0.0654893,0.0654893,-0.143935
F,-0.174983,0.0488907,0.0488907,-0.126092
F,0.0654666,-0.0285421,-0.0285421,0.0369244
F,0.00313086,0.0527109,0.0527109,0.0558417
F,0.198314,0.0520541,0.0520541,0.250368
F,0.200849,0.0520541,0.0520541,0.252903
F,-0.183065,-0.045437,-0.045437,-0.228502
F,-0.139448,0.0520541,0.0520541,-0.0873938
F,0.195226,0.132019,0.132019,0.327245
F,0.0237913,0.0691658,0.0691658,0.0929571
F,0.0274859,0.0491544,0.0491544,0.0766403
F,-0.272617,0.0880922,0.0880922,-0.184525
F,-0.132497,0.0520541,0.0520541,-0.0804426
F,-0.125647,0.0520541,0.0520541,-0.0735925
F,-0.0973935,0.126246,0.126246,0.0288522
F,0.0533905,0.0527109,0.0527109,0.106101
F,-0.551629,0.0527109,0.0527109,-0.498918
F,0.275008,0.0880922,0.0880922,0.3631
F,0.0811212,-0.045437,-0.045437,0.0356842
F,0.0168188,0.0918082,0.0918082,0.108627
F,-0.198466,0.0527109,0.0527109,-0.145756
F,-0.35438,0.011723,0.011723,-0.342657
F,-0.192301,0.0269871,0.0269871,-0.165313
F,-0.326774,0.0520541,0.0520541,-0.274719
F,-0.0413212,0.0527109,0.0527109,0.0113897
F,-0.0183537,0.0527109,0.0527109,0.0343572
F,-0.0738658,0.0795002,0.0795002,0.00563445
F,-0.0870559,0.0520541,0.0520541,-0.0350018
F,-0.321233,0.0527109,0.0527109,-0.268522
F,0.230055,0.0880922,0.0880922,0.318148
F,0.357249,-0.045437,-0.045437,0.311812
F,-0.0844272,-0.045437,-0.045437,-0.129864
F,-0.191462,0.0488907,0.0488907,-0.142571
F,-0.00891548,0.0269871,0.0269871,0.0180717
F,-0.488732,0.0520541,0.0520541,-0.436678
F,-0.104357,0.0880922,0.0880922,-0.0162644
F,-0.231977,0.0527109,0.0527109,-0.179266
F,-0.028975,0.0520541,0.0520541,0.0230791
F,-0.0544541,0.126246,0.126246,0.0717916
F,-0.00153781,0.0520541,0.0520541,0.0505163
F,0.0194638,0.0491544,0.0491544,0.0686182
F,-0.0661965,0.011723,0.011723,-0.0544735
F,0.0659398,0.0880922,0.0880922,0.154032
F,0.0532131,0.0880922,0.0880922,0.141305
F,0.00779,0.0527109,0.0527109,0.0605009
F,0.167395,0.0867945,0.0867945,0.254189
F,-0.743404,0.057812,0.057812,-0.685592
F,0.0319262,0.0520541,0.0520541,0.0839803
F,0.155621,0.0527109,0.0527109,0.208332
F,0.00373595,0.0527109,0.0527109,0.0564468
F,-0.302193,0.0690012,0.0690012,-0.233192
F,-0.0409647,0.0880922,0.0880922,0.0471275
F,-0.123514,0.0520541,0.0520541,-0.0714597
F,0.0674486,0.0520541,0.0520541,0.119503
F,0.018576,0.0527109,0.0527109,0.0712868
F,-0.0533165,-0.0285421,-0.0285421,-0.0818586
F,0.244238,0.0867945,0.0867945,0.331033
F,0.020389,0.104672,0.104672,0.125061
F,-0.114317,0.0527109,0.0527109,-0.0616065
F,-0.124246,0.0867945,0.0867945,-0.037452
F,-0.182739,0.0918082,0.0918082,-0.0909308
F,-0.136687,0.0269871,0.0269871,-0.1097
F,0.15271,0.0527109,0.0527109,0.205421
F,-0.000253672,0.0520541,0.0520541,0.0518004
F,-0.39326,0.0520541,0.0520541,-0.341206
F,-0.0128676,0.0527109,0.0527109,0.0398433
F,0.249966,0.0488907,0.0488907,0.298856
F,-0.0499512,0.0520541,0.0520541,0.00210291
F,0.142648,0.0690012,0.0690012,0.211649
F,-0.330229,0.0880922,0.0880922,-0.242136
F,-0.079884,0.133136,0.133136,0.0532519
F,0.0515612,0.0269871,0.0269871,0.0785483
F,0.175639,0.0520541,0.0520541,0.227693
F,0.049354,0.0880922,0.0880922,0.137446
F,-0.263818,0.0520541,0.0520541,-0.211764
F,-0.085952,0.093491,0.093491,0.00753904
F,-0.139174,0.104672,0.104672,-0.0345016
F,-0.00308486,0.0491544,0.0491544,0.0460695
F,0.576096,0.0691658,0.0691658,0.645261
F,0.204492,0.0192226,0.0192226,0.223715
F,0.134813,0.0527109,0.0527109,0.187524
F,0.280527,0.0527109,0.0527109,0.333238
F,-0.147925,0.0867945,0.0867945,-0.0611302
F,-0.173537,0.0691658,0.0691658,-0.104371
F,-0.147037,0.0690012,0.0690012,-0.078036
F,-0.175163,0.0488907,0.0488907,-0.126273
F,0.000199419,0.0527109,0.0527109,0.0529103
F,-0.021356,0.0527109,0.0527109,0.0313549
F,-0.180634,0.0527109,0.0527109,-0.127924
F,-0.17683,0.011723,0.011723,-0.165107
F,0.0805041,0.0527109,0.0527109,0.133215
F,-0.217023,0.0491544,0.0491544,-0.167869
F,0.495952,0.117053,0.117053,0.613005
F,-0.172821,0.0867945,0.0867945,-0.0860263
F,0.289197,0.0520541,0.0520541,0.341252
F,-0.00678499,0.0520541,0.0520541,0.0452691
F,-0.008287,0.0691658,0.0691658,0.0608788
F,0.22711,0.0491544,0.0491544,0.276264
F,0.0529957,0.0527109,0.0527109,0.105707
F,0.406093,0.0880922,0.0880922,0.494185
F,0.0762915,0.0880922,0.0880922,0.164384
F,-0.451314,0.0269871,0.0269871,-0.424327
F,0.0133299,0.011723,0.011723,0.0250529
F,0.202281,0.216729,0.216729,0.419011
F,-0.00686553,0.0488907,0.0488907,0.0420251
F,0.0530356,0.0520541,0.0520541,0.10509
F,-0.0231612,0.0520541,0.0520541,0.0288929
F,-0.145256,0.0880922,0.0880922,-0.0571633
F,-0.00628731,0.0690012,0.0690012,0.0627139
F,-0.373672,0.126246,0.126246,-0.247426
F,0.0979965,0.0527109,0.0527109,0.150707
F,0.211515,0.117053,0.117053,0.328568
F,-0.11989,0.0527109,0.0527109,-0.0671788
F,0.143663,0.06042,0.06042,0.204083
F,0.415262,0.0520541,0.0520541,0.467316
F,-0.400022,0.0488907,0.0488907,-0.351132
F,0.0768468,0.0488907,0.0488907,0.125737
F,-0.580554,0.0527109,0.0527109,-0.527843
F,-0.149041,0.0491544,0.0491544,-0.0998862
F,0.127076,0.0520541,0.0520541,0.17913
F,0.197822,0.0520541,0.0520541,0.249877
F,-0.216112,0.0867945,0.0867945,-0.129317
F,-0.248832,0.117053,0.117053,-0.131779
F,0.483226,0.0527109,0.0527109,0.535937
F,-0.0573892,0.0520541,0.0520541,-0.00533504
F,-0.0354296,0.0880922,0.0880922,0.0526626
F,-0.0597818,0.0520541,0.0520541,-0.00772768
F,0.0827183,0.0527109,0.0527109,0.135429
F,-0.352071,0.0880922,0.0880922,-0.263979
F,-0.0988982,0.0880922,0.0880922,-0.010806
F,0.340749,0.011723,0.011723,0.352472
F,-0.0170185,0.0520541,0.0520541,0.0350356
F,-0.0418733,0.0527109,0.0527109,0.0108376
F,0.17655,0.0867945,0.0867945,0.263345
F,-0.0958576,-0.045437,-0.045437,-0.141295
F,-0.0403095,0.057812,0.057812,0.0175025
F,-0.0475486,0.0691658,0.0691658,0.0216172
F,0.226784,0.0654893,0.0654893,0.292274
F,-0.0190293,0.0867945,0.0867945,0.0677652
F,-0.423226,0.0488907,0.0488907,-0.374336
F,0.0527978,0.0867945,0.0867945,0.139592
F,-0.0169469,0.011723,0.011723,-0.00522388
F,0.0632747,-0.045437,-0.045437,0.0178376
F,-0.0737133,0.0527109,0.0527109,-0.0210024
F,-0.148509,-0.045437,-0.045437,-0.193946
F,0.22814,0.0520541,0.0520541,0.280194
F,-0.0499224,0.0269871,0.0269871,-0.0229353
F,-0.053053,0.0918082,0.0918082,0.0387552
F,-0.0706816,0.0880922,0.0880922,0.0174106
F,0.136038,0.0527109,0.0527109,0.188749
F,-0.108919,0.0520541,0.0520541,-0.0568647
F,0.154192,0.0491544,0.0491544,0.203346
F,-0.276268,0.0867945,0.0867945,-0.189473
F,-0.0466817,0.0867945,0.0867945,0.0401128
F,-0.203998,0.0520541,0.0520541,-0.151944
F,0.117831,0.0527109,0.0527109,0.170542
F,-0.162219,0.0488907,0.0488907,-0.113329
F,-0.0520679,0.0918082,0.0918082,0.0397403
F,-0.259467,0.0520541,0.0520541,-0.207413
F,-0.0602402,0.0491544,0.0491544,-0.0110858
F,0.190584,0.0491544,0.0491544,0.239738
F,-0.178624,0.133136,0.133136,-0.0454883
F,-0.155069,0.0520541,0.0520541,-0.103015
F,0.0197892,0.0918082,0.0918082,0.111597
F,-0.195747,0.0527109,0.0527109,-0.143036
F,0.0195142,0.0691658,0.0691658,0.08868
F,-0.255533,0.0527109,0.0527109,-0.202822
F,-0.0958237,0.0520541,0.0520541,-0.0437696
F,0.212313,0.0269871,0.0269871,0.2393
F,-0.119748,0.0269871,0.0269871,-0.0927607
F,-0.158168,0.0402169,0.0402169,-0.117952
F,-0.0180653,-0.045437,-0.045437,-0.0635024
F,0.103482,-0.045437,-0.045437,0.0580448
F,-0.300166,0.0527109,0.0527109,-0.247455
F,-0.11665,0.0520541,0.0520541,-0.0645957
F,0.163298,0.0491544,0.0491544,0.212452
F,0.085415,-0.045437,-0.045437,0.039978
F,-0.234366,0.0690012,0.0690012,-0.165365
F,0.143512,0.0880922,0.0880922,0.231604
F,0.305694,0.0520541,0.0520541,0.357748
F,0.0535748,0.0527109,0.0527109,0.106286
F,0.0499268,0.121237,0.121237,0.171164
F,-0.023621,0.0488907,0.0488907,0.0252696
F,-0.251907,0.011723,0.011723,-0.240184
F,-0.0536327,0.0880922,0.0880922,0.0344595
F,-0.028111,0.126246,0.126246,0.0981347
F,-0.0848857,0.0527109,0.0527109,-0.0321749
F,-0.113267,0.0527109,0.0527109,-0.0605558
F,0.276343,0.011723,0.011723,0.288066
F,-0.125637,0.0867945,0.0867945,-0.0388426
F,0.0720616,0.0880922,0.0880922,0.160154
F,0.0836128,0.0491544,0.0491544,0.132767
F,-0.0661703,0.0880922,0.0880922,0.0219219
F,0.0013157,0.0491544,0.0491544,0.0504701
F,-0.0996571,0.104672,0.104672,0.00501498
F,-0.130426,0.0867945,0.0867945,-0.0436316
F,-0.254156,0.0520541,0.0520541,-0.202102
F,-0.00582251,0.0520541,0.0520541,0.0462316
F,0.12067,0.0527109,0.0527109,0.173381
F,-0.0976026,0.0527109,0.0527109,-0.0448917
F,-0.010093,0.0520541,0.0520541,0.0419611
F,-0.240274,0.104672,0.104672,-0.135602
F,-0.282855,0.0527109,0.0527109,-0.230144
F,-0.109843,0.0520541,0.0520541,-0.0577888
F,0.0243872,0.0520541,0.0520541,0.0764414
F,-0.332505,0.0867945,0.0867945,-0.24571
F,0.0486072,0.121237,0.121237,0.169844
F,0.139847,0.0527109,0.0527109,0.192558
F,0.198072,0.011723,0.011723,0.209795
F,0.224266,0.0527109,0.0527109,0.276977
F,-0.255684,0.0527109,0.0527109,-0.202973
F,-0.133244,0.0520541,0.0520541,-0.0811902
F,-0.0503046,0.0520541,0.0520541,0.00174948
F,-0.200918,0.0527109,0.0527109,-0.148207
F,0.41566,0.0527109,0.0527109,0.468371
F,-0.0882347,0.0867945,0.0867945,-0.00144023
F,0.469437,0.0269871,0.0269871,0.496424
F,-0.158404,0.0520541,0.0520541,-0.10635
F,0.036495,0.0867945,0.0867945,0.123289
F,0.182877,0.0527109,0.0527109,0.235588
F,0.00716087,0.117053,0.117053,0.124214
F,-0.0673385,0.0488907,0.0488907,-0.0184478
F,0.280538,0.0527109,0.0527109,0.333249
F,-0.151863,0.0880922,0.0880922,-0.0637711
F,0.382866,0.0880922,0.0880922,0.470958
F,0.290933,0.0491544,0.0491544,0.340088
F,0.098618,0.0520541,0.0520541,0.150672
F,0.0571143,0.0520541,0.0520541,0.109168
F,-0.461922,0.121237,0.121237,-0.340685
F,-0.130939,0.0527109,0.0527109,-0.0782285
F,-0.0375386,0.0520541,0.0520541,0.0145155
F,0.217649,0.057812,0.057812,0.275461
F,0.0981732,0.0654893,0.0654893,0.163663
F,-0.417808,0.0527109,0.0527109,-0.365097
F,0.0679707,0.0527109,0.0527109,0.120682
F,0.359162,0.0527109,0.0527109,0.411872
F,-0.238038,0.0488907,0.0488907,-0.189147
F,-0.272061,0.0527109,0.0527109,-0.21935
F,-0.102392,0.0520541,0.0520541,-0.0503381
F,-0.0127725,0.0520541,0.0520541,0.0392816
F,0.114472,0.0867945,0.0867945,0.201267
F,-0.222087,0.0527109,0.0527109,-0.169376
F,-0.109719,0.104672,0.104672,-0.00504664
F,-0.096056,0.0520541,0.0520541,-0.0440019
F,-0.124857,0.0520541,0.0520541,-0.0728027
F,0.225661,0.0527109,0.0527109,0.278372
F,0.171666,0.0918082,0.0918082,0.263474
F,-0.389689,0.011723,0.011723,-0.377966
F,0.255135,0.0520541,0.0520541,0.30719
F,0.0220985,0.0527109,0.0527109,0.0748093
F,-0.248502,-0.045437,-0.045437,-0.293939
F,0.392807,0.0867945,0.0867945,0.479601
F,-0.0274503,0.0520541,0.0520541,0.0246038
F,0.128645,0.133136,0.133136,0.26178
F,-0.230495,0.0520541,0.0520541,-0.178441
F,-0.116027,0.0527109,0.0527109,-0.0633163
F,-0.17419,0.0867945,0.0867945,-0.0873958
F,0.0691744,0.0527109,0.0527109,0.121885
F,0.10284,0.0491544,0.0491544,0.151994
F,-0.263981,0.0520541,0.0520541,-0.211927
F,0.160968,0.0520541,0.0520541,0.213022
F,-0.27608,0.0491544,0.0491544,-0.226926
F,-0.150294,0.011723,0.011723,-0.138571
F,-0.101797,0.0520541,0.0520541,-0.0497433
F,0.00962005,0.104672,0.104672,0.114292
F,-0.14631,0.0690012,0.0690012,-0.077309
F,0.197223,0.057812,0.057812,0.255035
F,0.0221584,-0.045437,-0.045437,-0.0232786
F,0.0217269,0.0880922,0.0880922,0.109819
F,-0.292278,0.0520541,0.0520541,-0.240224
F,0.0120719,0.011723,0.011723,0.0237949
F,0.337306,0.057812,0.057812,0.395118
F,0.223378,0.0520541,0.0520541,0.275432
F,0.198936,0.0880922,0.0880922,0.287028
F,-0.187837,0.0880922,0.0880922,-0.0997449
F,-0.30008,0.0520541,0.0520541,-0.248026
F,0.0328573,0.0520541,0.0520541,0.0849114
F,0.299871,0.0867945,0.0867945,0.386666
F,-0.247669,0.121237,0.121237,-0.126432
F,0.314256,0.093491,0.093491,0.407747
F,-0.223831,0.0520541,0.0520541,-0.171777
F,-0.0336148,0.0527109,0.0527109,0.019096
F,-0.183959,0.117053,0.117053,-0.0669055
F,0.0174389,0.0527109,0.0527109,0.0701498
F,-0.167356,0.0527109,0.0527109,-0.114645
F,-0.0463141,0.0691658,0.0691658,0.0228517
F,-0.00176157,0.0520541,0.0520541,0.0502925
F,0.100065,0.0491544,0.0491544,0.149219
F,0.104132,0.0654893,0.0654893,0.169621
F,0.106265,0.0880922,0.0880922,0.194358
F,-0.274452,0.0269871,0.0269871,-0.247465
F,-0.302736,0.011723,0.011723,-0.291013
F,-0.117221,0.057812,0.057812,-0.0594087
F,-0.0913955,0.0691658,0.0691658,-0.0222298
F,-0.313685,0.0520541,0.0520541,-0.261631
F,-0.188864,0.0880922,0.0880922,-0.100772
F,-0.0538439,0.0918082,0.0918082,0.0379642
F,-0.364898,0.0918082,0.0918082,-0.27309
F,-0.242158,0.0527109,0.0527109,-0.189447
F,-0.270457,0.0691658,0.0691658,-0.201291
F,-0.0642154,0.0488907,0.0488907,-0.0153247
F,0.226483,0.0192226,0.0192226,0.245706
F,0.273795,0.0192226,0.0192226,0.293017
F,-0.406181,0.0867945,0.0867945,-0.319387
F,-0.101148,0.0918082,0.0918082,-0.00934005
F,-0.309768,0.011723,0.011723,-0.298045
F,-0.124191,0.0690012,0.0690012,-0.0551902
F,-0.210243,0.0880922,0.0880922,-0.122151
F,0.100478,0.0520541,0.0520541,0.152532
F,-0.0339557,0.0488907,0.0488907,0.0149349
F,-0.245121,0.0527109,0.0527109,-0.19241
F,0.268457,0.0488907,0.0488907,0.317347
F,-0.0353196,-0.00214317,-0.00214317,-0.0374628
F,-0.0123017,0.0918082,0.0918082,0.0795065
F,0.130646,0.0520541,0.0520541,0.1827
F,0.166267,-0.045437,-0.045437,0.12083
F,0.240136,0.121237,0.121237,0.361373
F,0.1526,0.0520541,0.0520541,0.204654
F,-0.129972,0.0691658,0.0691658,-0.0608066
F,-0.171177,0.0527109,0.0527109,-0.118466
F,-0.136737,0.0527109,0.0527109,-0.0840257
F,-0.222496,0.117053,0.117053,-0.105443
F,-0.125407,0.0654893,0.0654893,-0.0599181
F,-0.172418,0.0527109,0.0527109,-0.119707
F,0.153863,0.0527109,0.0527109,0.206574
F,-0.0430802,0.0520541,0.0520541,0.00897392
F,0.00460086,0.0867945,0.0867945,0.0913954
F,-0.340885,0.121237,0.121237,-0.219648
F,0.154321,0.0527109,0.0527109,0.207032
F,-0.350791,0.0527109,0.0527109,-0.29808
F,0.0176457,0.22363,0.22363,0.241276
F,-0.214937,0.0527109,0.0527109,-0.162226
F,-0.132596,0.0527109,0.0527109,-0.0798853
F,0.13888,0.104672,0.104672,0.243552
F,0.0281082,-0.045437,-0.045437,-0.0173289
F,0.170695,0.0867945,0.0867945,0.257489
F,-0.196136,0.0491544,0.0491544,-0.146982
F,0.0942408,0.0691658,0.0691658,0.163407
F,-0.131125,0.0520541,0.0520541,-0.0790708
F,-0.0479341,0.0491544,0.0491544,0.00122028
F,0.0510346,0.0488907,0.0488907,0.0999253
F,-0.299889,0.011723,0.011723,-0.288166
F,-0.343905,0.0488907,0.0488907,-0.295014
F,-0.0732118,0.0527109,0.0527109,-0.0205009
F,-0.21628,0.117053,0.117053,-0.0992266
F,0.0514756,0.0488907,0.0488907,0.100366
F,-0.143995,0.0192226,0.0192226,-0.124772
F,0.0671426,0.0520541,0.0520541,0.119197
F,0.157966,0.0527109,0.0527109,0.210677
F,-0.216614,0.0520541,0.0520541,-0.164559
F,-0.162581,0.0880922,0.0880922,-0.0744883
F,-0.0393886,0.0511162,0.0511162,0.0117275
F,0.0424564,0.0867945,0.0867945,0.129251
F,0.168894,0.0691658,0.0691658,0.23806
F,-0.290261,0.0527109,0.0527109,-0.23755
F,0.477512,0.0690012,0.0690012,0.546513
F,0.110844,0.0520541,0.0520541,0.162898
F,0.111819,0.0880922,0.0880922,0.199911
F,-0.0890885,0.0691658,0.0691658,-0.0199227
F,0.117138,0.117053,0.117053,0.234191
F,-0.446283,-0.045437,-0.045437,-0.49172
F,0.0207028,0.0918082,0.0918082,0.112511
F,-0.393736,0.0867945,0.0867945,-0.306941
F,-0.647937,0.0880922,0.0880922,-0.559845
F,-0.0928398,0.0867945,0.0867945,-0.00604533
F,0.14347,0.0867945,0.0867945,0.230265
F,-0.104272,0.0520541,0.0520541,-0.0522175
F,-0.281892,0.0520541,0.0520541,-0.229838
F,-0.0740619,0.0520541,0.0520541,-0.0220077
F,0.205777,0.0880922,0.0880922,0.293869
F,-0.190022,0.0880922,0.0880922,-0.10193
F,0.0345018,0.0520541,0.0520541,0.0865559
F,-0.429147,0.011723,0.011723,-0.417424
F,0.315624,0.0527109,0.0527109,0.368335
F,-0.217275,0.011723,0.011723,-0.205552
F,-0.000579564,0.0654893,0.0654893,0.0649097
F,-0.0606703,-0.045437,-0.045437,-0.106107
F,-0.260091,0.0527109,0.0527109,-0.20738
F,-0.0277076,0.126246,0.126246,0.0985381
F,-0.18448,0.0269871,0.0269871,-0.157493
F,0.247943,0.0880922,0.0880922,0.336035
F,-0.185867,0.057812,0.057812,-0.128055
F,-0.0395144,0.0491544,0.0491544,0.00963993
F,-0.24385,0.0520541,0.0520541,-0.191796
F,0.336206,0.0520541,0.0520541,0.38826
F,-0.417044,0.0269871,0.0269871,-0.390057
F,-0.094736,0.0527109,0.0527109,-0.0420252
F,-0.0502454,0.0520541,0.0520541,0.00180873
F,-0.0473994,0.0527109,0.0527109,0.00531145
F,0.22806,0.0527109,0.0527109,0.280771
F,-0.0350209,0.117053,0.117053,0.0820321
F,0.196844,0.0520541,0.0520541,0.248898
F,-0.158203,0.0527109,0.0527109,-0.105492
F,0.466446,0.0527109,0.0527109,0.519157
F,0.148105,0.0880922,0.0880922,0.236198
F,0.42124,0.0520541,0.0520541,0.473294
F,-0.0877582,0.0269871,0.0269871,-0.0607711
F,-0.227753,0.0527109,0.0527109,-0.175042
F,-0.00653431,0.0488907,0.0488907,0.0423564
F,-0.336942,0.0491544,0.0491544,-0.287788
F,0.156579,0.0527109,0.0527109,0.20929
F,-0.0119045,0.0520541,0.0520541,0.0401496
F,-0.347738,0.0520541,0.0520541,-0.295684
F,-0.0133967,0.0527109,0.0527109,0.0393142
F,-0.0914289,0.0527109,0.0527109,-0.038718
F,0.113702,0.0488907,0.0488907,0.162593
F,-0.179098,0.126246,0.126246,-0.0528519
F,0.280745,0.0488907,0.0488907,0.329636
F,-0.0298735,0.0491544,0.0491544,0.0192808
F,-0.0795771,0.0520541,0.0520541,-0.0275229
F,-0.222046,0.0527109,0.0527109,-0.169335
F,0.00394052,0.0520541,0.0520541,0.0559946
F,0.0585254,0.0880922,0.0880922,0.146618
F,-0.228622,0.0520541,0.0520541,-0.176568
F,0.0748661,0.0527109,0.0527109,0.127577
F,-0.0131736,0.0867945,0.0867945,0.0736209
F,0.109784,0.0760878,0.0760878,0.185872
F,-0.242672,0.0880922,0.0880922,-0.15458
F,-0.153382,0.011723,0.011723,-0.141659
F,-0.0287445,0.0527109,0.0527109,0.0239664
F,-0.0275547,0.0520541,0.0520541,0.0244994
F,0.123612,0.0520541,0.0520541,0.175667
F,-0.132012,0.0520541,0.0520541,-0.0799584
F,-0.114501,0.0488907,0.0488907,-0.0656103
F,0.0835174,0.0867945,0.0867945,0.170312
F,0.105966,0.117053,0.117053,0.223019
F,-0.0337018,0.0690012,0.0690012,0.0352995
F,0.00607321,0.0867945,0.0867945,0.0928677
F,0.0751339,0.0520541,0.0520541,0.127188
F,-0.173488,-0.00214317,-0.00214317,-0.175632
F,-0.0976726,0.0867945,0.0867945,-0.0108781
F,-0.41361,0.0690012,0.0690012,-0.344609
F,-0.000348183,0.0527109,0.0527109,0.0523627
F,0.118623,-0.0288972,-0.0288972,0.0897258
F,0.0248068,0.0880922,0.0880922,0.112899
F,0.0361033,0.0565378,0.0565378,0.0926411
F,-0.241937,0.0654893,0.0654893,-0.176447
F,-0.160753,-0.045437,-0.045437,-0.20619
F,-0.0456064,0.0488907,0.0488907,0.00328423
F,0.331492,0.0520541,0.0520541,0.383546
F,-0.0272751,0.0520541,0.0520541,0.024779
F,-0.153335,0.0520541,0.0520541,-0.101281
F,-0.116327,0.0691658,0.0691658,-0.0471611
F,-0.173809,0.126246,0.126246,-0.0475629
F,0.0427018,-0.045437,-0.045437,-0.00273523
F,0.14229,0.0527109,0.0527109,0.195
F,0.12515,0.0527109,0.0527109,0.177861
F,-0.143375,0.121237,0.121237,-0.0221377
F,0.0203577,0.0880922,0.0880922,0.10845
F,-0.387177,0.0690012,0.0690012,-0.318175
F,-0.130432,0.0520541,0.0520541,-0.0783777
F,-0.0493228,0.0654893,0.0654893,0.0161665
F,0.0972456,0.0880922,0.0880922,0.185338
F,-0.372011,0.0690012,0.0690012,-0.30301
F,-0.154085,0.011723,0.011723,-0.142362
F,-0.118149,0.0488907,0.0488907,-0.0692588
F,-0.166901,0.011723,0.011723,-0.155178
F,0.0440981,0.0527109,0.0527109,0.096809
F,-0.0580839,0.0527109,0.0527109,-0.00537297
F,0.093516,0.0527109,0.0527109,0.146227
F,-0.0280386,0.0520541,0.0520541,0.0240155
F,-0.160988,0.0690012,0.0690012,-0.0919872
F,0.20029,0.0520541,0.0520541,0.252344
F,0.125587,0.0520541,0.0520541,0.177641
F,-0.419553,0.0520541,0.0520541,-0.367499
F,0.0391163,0.0524166,0.0524166,0.0915329
F,-0.0407238,0.0520541,0.0520541,0.0113303
F,0.0542787,0.0527109,0.0527109,0.10699
F,0.111916,0.0691658,0.0691658,0.181081
F,0.157971,0.0880922,0.0880922,0.246064
F,-0.0162999,0.0690012,0.0690012,0.0527014
F,-0.0789808,0.0520541,0.0520541,-0.0269267
F,-0.24608,0.0880922,0.0880922,-0.157988
F,-0.161278,0.0880922,0.0880922,-0.0731861
F,-0.221341,0.0527109,0.0527109,-0.16863
F,0.184253,0.0488907,0.0488907,0.233143
F,-0.17865,0.0918082,0.0918082,-0.0868417
F,-0.245711,0.0527109,0.0527109,-0.193
F,-0.191434,0.0880922,0.0880922,-0.103342
F,-0.247635,0.0520541,0.0520541,-0.19558
F,0.134088,0.0527109,0.0527109,0.186799
F,-0.0892762,0.0520541,0.0520541,-0.0372221
F,-0.0701865,0.0182564,0.0182564,-0.05193
F,-0.00393013,0.0520541,0.0520541,0.048124
F,-0.0254646,0.0520541,0.0520541,0.0265896
F,-0.0582128,0.0520541,0.0520541,-0.0061587
F,-0.0678998,-0.045437,-0.045437,-0.113337
F,0.0447461,0.0691658,0.0691658,0.113912
F,-0.052412,0.0867945,0.0867945,0.0343825
F,0.15068,0.117053,0.117053,0.267733
F,0.0384341,0.164795,0.164795,0.203229
F,-0.135631,0.0527109,0.0527109,-0.0829199
F,-0.0916709,0.0488907,0.0488907,-0.0427802
F,-0.0194268,0.0520541,0.0520541,0.0326273
F,-0.307367,0.133136,0.133136,-0.174231
F,-0.228534,0.011723,0.011723,-0.216811
F,-0.158559,-0.00214317,-0.00214317,-0.160703
F,-0.0437634,0.0520541,0.0520541,0.00829072
F,-0.0819259,0.057812,0.057812,-0.0241139
F,0.435368,0.0527109,0.0527109,0.488079
F,-0.252444,0.0867945,0.0867945,-0.165649
F,0.144334,0.121237,0.121237,0.265571
F,0.0939425,0.011723,0.011723,0.105666
F,0.00222775,0.0918082,0.0918082,0.0940359
F,0.252894,0.0691658,0.0691658,0.32206
F,0.0149921,0.0520541,0.0520541,0.0670462
F,-0.2131,-0.045437,-0.045437,-0.258537
F,-0.223877,0.0491544,0.0491544,-0.174723
F,-0.14617,0.093491,0.093491,-0.0526787
F,0.139711,0.121237,0.121237,0.260948
F,-0.274366,0.0527109,0.0527109,-0.221655
F,-0.535356,0.0520541,0.0520541,-0.483302
F,-0.199552,0.0527109,0.0527109,-0.146842
F,-0.092289,0.0527109,0.0527109,-0.0395781
F,0.0220685,-0.045437,-0.045437,-0.0233686
F,-0.0268684,0.0527109,0.0527109,0.0258425
F,-0.0413842,0.0880922,0.0880922,0.046708
F,-0.0400145,0.0488907,0.0488907,0.00887615
F,0.0316802,0.0880922,0.0880922,0.119772
F,0.229879,0.104672,0.104672,0.334551
F,-0.300109,0.133136,0.133136,-0.166973
F,-0.0354288,0.0269871,0.0269871,-0.00844167
F,-0.0600232,0.0527109,0.0527109,-0.00731233
F,-0.152148,0.0520541,0.0520541,-0.100094
F,-0.0689798,0.0192226,0.0192226,-0.0497572
F,-0.451765,0.0527109,0.0527109,-0.399054
F,0.0509642,0.0880922,0.0880922,0.139056
F,-0.408945,0.0491544,0.0491544,-0.35979
F,-0.0662712,0.0520541,0.0520541,-0.0142171
F,-0.240608,0.0527109,0.0527109,-0.187897
F,-0.0506497,0.011723,0.011723,-0.0389267
F,0.000384041,0.0520541,0.0520541,0.0524382
F,-0.306421,0.0880922,0.0880922,-0.218329
F,0.136818,0.0269871,0.0269871,0.163806
F,0.122064,0.0520541,0.0520541,0.174119
F,-0.358329,0.0918082,0.0918082,-0.266521
F,-0.217013,0.0918082,0.0918082,-0.125205
F,-0.23257,0.0488907,0.0488907,-0.183679
F,0.00993653,0.117053,0.117053,0.12699
F,-0.143628,0.0527109,0.0527109,-0.0909172
F,-0.213841,-0.00214317,-0.00214317,-0.215984
F,0.146483,0.0880922,0.0880922,0.234575
F,-0.0568145,0.0880922,0.0880922,0.0312777
F,0.214315,0.0691658,0.0691658,0.283481
F,-0.0615989,0.0269871,0.0269871,-0.0346118
F,-0.142265,0.0527109,0.0527109,-0.0895543
F,0.220731,0.0520541,0.0520541,0.272785
F,-0.0344782,0.011723,0.011723,-0.0227552
F,-0.0361164,0.0880922,0.0880922,0.0519758
F,-0.198236,0.0691658,0.0691658,-0.129071
F,-0.314933,0.011723,0.011723,-0.30321
F,-0.0803387,0.133136,0.133136,0.0527973
F,-0.191417,0.0527109,0.0527109,-0.138706
F,-0.112218,-0.045437,-0.045437,-0.157655
F,-0.149063,0.0527109,0.0527109,-0.0963523
F,-0.203579,0.0491544,0.0491544,-0.154425
F,-0.140189,0.0867945,0.0867945,-0.0533947
F,-0.199521,0.0527109,0.0527109,-0.14681
F,-0.426098,0.0520541,0.0520541,-0.374044
F,0.0688827,0.0867945,0.0867945,0.155677
F,-0.161355,0.0520541,0.0520541,-0.1093
F,0.110642,0.0867945,0.0867945,0.197437
F,-0.624008,0.0527109,0.0527109,-0.571297
F,-0.292645,0.0520541,0.0520541,-0.24059
F,-0.304585,0.0867945,0.0867945,-0.217791
F,-0.334778,0.0520541,0.0520541,-0.282724
F,0.0892043,0.0880922,0.0880922,0.177297
F,0.121542,0.0527109,0.0527109,0.174253
F,-0.0981093,0.0192226,0.0192226,-0.0788867
F,0.150067,0.0880922,0.0880922,0.23816
F,0.111684,0.0527109,0.0527109,0.164395
F,-0.370855,0.0527109,0.0527109,-0.318144
F,0.372295,0.0654893,0.0654893,0.437784
F,0.272462,0.0880922,0.0880922,0.360554
F,-0.293134,-0.045437,-0.045437,-0.338571
F,0.0417941,0.0527109,0.0527109,0.094505
F,-0.145825,0.0491544,0.0491544,-0.0966707
F,-0.313688,0.057812,0.057812,-0.255876
F,0.294897,0.0691658,0.0691658,0.364062
F,-0.166022,0.0880922,0.0880922,-0.0779294
F,-0.0629362,0.0520541,0.0520541,-0.0108821
F,0.154183,0.0880922,0.0880922,0.242275
F,-0.143287,0.0192226,0.0192226,-0.124064
F,0.258468,0.0520541,0.0520541,0.310522
F,-0.149974,0.0867945,0.0867945,-0.0631794
F,-0.313566,-0.00214317,-0.00214317,-0.315709
F,-0.145665,0.0918082,0.0918082,-0.0538572
F,0.173735,0.057812,0.057812,0.231547
F,-0.0152042,0.0520541,0.0520541,0.0368499
F,0.173832,0.0527109,0.0527109,0.226543
F,0.238431,0.0520541,0.0520541,0.290485
F,0.271268,0.011723,0.011723,0.282991
F,-0.0561734,0.0867945,0.0867945,0.0306211
F,-0.035911,0.0491544,0.0491544,0.0132433
F,-0.219218,0.0880922,0.0880922,-0.131126
F,-0.0846728,0.0520541,0.0520541,-0.0326187
F,-0.152596,0.0867945,0.0867945,-0.0658015
F,0.149694,0.0520541,0.0520541,0.201748
F,-0.135704,0.011723,0.011723,-0.123981
F,0.0122584,0.011723,0.011723,0.0239814
F,-0.251947,0.0520541,0.0520541,-0.199893
F,0.161528,0.0520541,0.0520541,0.213582
F,0.161665,0.0527109,0.0527109,0.214376
F,-0.0812812,0.0491544,0.0491544,-0.0321269
F,-0.138021,0.0867945,0.0867945,-0.0512263
F,-0.273753,0.0520541,0.0520541,-0.221699
F,0.0219371,-0.045437,-0.045437,-0.0234999
F,0.10863,0.0520541,0.0520541,0.160684
F,0.0563682,0.0488907,0.0488907,0.105259
F,-0.449567,0.0691658,0.0691658,-0.380401
F,-0.111086,0.0691658,0.0691658,-0.0419203
F,-0.0278186,0.0491544,0.0491544,0.0213358
F,-0.459163,0.0880922,0.0880922,-0.371071
F,0.218137,0.0880922,0.0880922,0.306229
F,0.0508826,0.0520541,0.0520541,0.102937
F,-0.129222,-0.045437,-0.045437,-0.174659
F,-0.0560048,0.0527109,0.0527109,-0.00329396
F,0.0215347,-0.0285421,-0.0285421,-0.00700741
F,0.0824165,0.0488907,0.0488907,0.131307
F,0.330082,0.0520541,0.0520541,0.382136
F,-0.00111557,0.0654893,0.0654893,0.0643737
F,-0.0220468,0.0520541,0.0520541,0.0300073
F,-0.227415,0.0488907,0.0488907,-0.178524
F,0.115899,0.0527109,0.0527109,0.16861
F,-0.197474,-0.045437,-0.045437,-0.242911
F,-0.343574,0.0867945,0.0867945,-0.25678
F,0.171986,0.0918082,0.0918082,0.263794
F,0.244106,0.0488907,0.0488907,0.292997
F,-0.394489,0.0488907,0.0488907,-0.345598
F,0.125612,0.0691658,0.0691658,0.194778
F,0.175331,0.0527109,0.0527109,0.228042
F,-0.295834,0.0520541,0.0520541,-0.24378
F,-0.0329998,0.0520541,0.0520541,0.0190543
F,0.18408,0.0520541,0.0520541,0.236134
F,0.297981,0.0691658,0.0691658,0.367147
F,0.0942273,0.0488907,0.0488907,0.143118
F,-0.0259061,0.0691658,0.0691658,0.0432597
F,0.319257,0.117053,0.117053,0.43631
F,-0.0390915,0.0691658,0.0691658,0.0300743
F,-0.281564,0.0520541,0.0520541,-0.22951
F,-0.0565731,0.0296159,0.0296159,-0.0269571
F,0.0353921,0.0867945,0.0867945,0.122187
F,-0.18209,0.0880922,0.0880922,-0.0939979
F,0.0114522,0.0488907,0.0488907,0.0603428
F,0.0377157,0.0880922,0.0880922,0.125808
F,-0.110343,0.0527109,0.0527109,-0.0576318
F,-0.418998,0.117053,0.117053,-0.301945
F,-0.122968,0.0527109,0.0527109,-0.0702573
F,-0.23737,0.0527109,0.0527109,-0.184659
F,-0.135793,0.0520541,0.0520541,-0.0837388
F,6.81357e-05,0.0527109,0.0527109,0.052779
F,-0.0323561,0.0520541,0.0520541,0.019698
F,-0.219396,0.0527109,0.0527109,-0.166685
F,0.195679,0.0918082,0.0918082,0.287488
F,0.00929974,0.0269871,0.0269871,0.0362869
F,-0.205335,0.0520541,0.0520541,-0.153281
F,-0.20031,0.0488907,0.0488907,-0.151419
F,-0.301508,0.0880922,0.0880922,-0.213416
F,0.145172,0.0690012,0.0690012,0.214173
F,-0.0207567,0.0520541,0.0520541,0.0312974
F,-0.0850285,0.0192226,0.0192226,-0.0658059
F,-0.292,0.0690012,0.0690012,-0.222998
F,0.00920195,0.0527109,0.0527109,0.0619128
F,-0.122168,0.0867945,0.0867945,-0.0353731
F,0.0740178,-0.045437,-0.045437,0.0285807
F,-0.046753,-0.0285421,-0.0285421,-0.0752951
F,-0.114229,0.208161,0.208161,0.0939318
F,-0.163871,0.0520541,0.0520541,-0.111817
F,-0.0298607,0.0527109,0.0527109,0.0228502
F,0.15406,0.0880922,0.0880922,0.242152
F,0.117097,0.011723,0.011723,0.12882
F,-0.210841,0.0520541,0.0520541,-0.158787
F,0.0448178,0.0880922,0.0880922,0.13291
F,-0.145779,0.117053,0.117053,-0.028726
F,0.100509,0.0520541,0.0520541,0.152563
F,0.305569,0.0520541,0.0520541,0.357623
F,0.153226,0.0520541,0.0520541,0.20528
F,-0.130127,0.0527109,0.0527109,-0.0774164
F,-0.237774,0.0491544,0.0491544,-0.188619
F,0.032496,0.0527109,0.0527109,0.0852068
F,-0.119567,0.0491544,0.0491544,-0.0704121
F,0.0819486,0.0520541,0.0520541,0.134003
F,0.159733,0.0691658,0.0691658,0.228899
F,0.154691,0.0488907,0.0488907,0.203582
F,0.0643442,0.0488907,0.0488907,0.113235
F,-0.093921,0.0654893,0.0654893,-0.0284317
F,0.31226,0.011723,0.011723,0.323983
F,0.0873557,0.0880922,0.0880922,0.175448
F,-0.457848,0.104672,0.104672,-0.353176
F,-0.122148,0.0520541,0.0520541,-0.0700941
F,0.0259935,0.0527109,0.0527109,0.0787044
F,0.0485494,0.011723,0.011723,0.0602724
F,0.110549,0.0691658,0.0691658,0.179715
F,-0.130824,0.0488907,0.0488907,-0.081933
F,-0.124344,0.0520541,0.0520541,-0.0722899
F,0.158999,0.0527109,0.0527109,0.21171
F,-0.269518,0.0880922,0.0880922,-0.181425
F,-0.00354842,0.0520541,0.0520541,0.0485057
F,-0.14182,0.0527109,0.0527109,-0.0891093
F,-0.0758055,0.0867945,0.0867945,0.010989
F,-0.161089,0.0491544,0.0491544,-0.111935
F,-0.0703042,0.011723,0.011723,-0.0585812
F,-0.059928,0.0520541,0.0520541,-0.00787393
F,-0.0107831,-0.045437,-0.045437,-0.0562202
F,-0.262987,0.0880922,0.0880922,-0.174895
F,0.436509,0.0520541,0.0520541,0.488563
F,-0.231998,0.0527109,0.0527109,-0.179288
F,-0.509286,0.0527109,0.0527109,-0.456575
F,0.208872,0.0520541,0.0520541,0.260926
F,-0.224641,-0.00214317,-0.00214317,-0.226784
F,0.207484,0.164795,0.164795,0.372279
F,0.152554,0.0269871,0.0269871,0.179541
F,-0.198317,0.0918082,0.0918082,-0.106509
F,-0.12891,0.057812,0.057812,-0.0710982
F,-0.283977,0.011723,0.011723,-0.272254
F,-0.22898,0.0880922,0.0880922,-0.140888
F,-0.0665556,0.0527109,0.0527109,-0.0138447
F,-0.0443738,-0.0285421,-0.0285421,-0.0729159
F,0.395154,0.0488907,0.0488907,0.444044
F,-0.0741757,0.0527109,0.0527109,-0.0214648
F,-0.0824312,0.0520541,0.0520541,-0.030377
F,-0.323121,0.0491544,0.0491544,-0.273966
F,-0.295657,0.0520541,0.0520541,-0.243603
F,-0.0202761,0.0880922,0.0880922,0.0678161
F,-0.0687548,0.0520541,0.0520541,-0.0167007
F,-0.0103484,0.0520541,0.0520541,0.0417057
F,0.140635,0.0918082,0.0918082,0.232443
F,-0.114354,0.0402169,0.0402169,-0.074137
F,0.264293,0.0880922,0.0880922,0.352385
F,-0.0122299,0.0880922,0.0880922,0.0758623
F,-0.129841,0.0527109,0.0527109,-0.0771298
F,0.0814901,0.0527109,0.0527109,0.134201
F,0.175091,0.093491,0.093491,0.268582
F,-0.0126833,0.0654893,0.0654893,0.052806
F,0.148681,0.0918082,0.0918082,0.24049
F,-0.27749,0.0527109,0.0527109,-0.224779
F,-0.25471,0.057812,0.057812,-0.196898
F,0.259787,0.0520541,0.0520541,0.311841
F,0.222349,0.057812,0.057812,0.280161
F,0.0736401,0.0520541,0.0520541,0.125694
F,0.083987,0.0488907,0.0488907,0.132878
F,-0.253161,0.0520541,0.0520541,-0.201107
F,0.0904542,0.0527109,0.0527109,0.143165
F,-0.231477,-0.045437,-0.045437,-0.276915
F,-0.0425772,0.0527109,0.0527109,0.0101337
F,0.037895,0.0527109,0.0527109,0.0906059
F,-0.0990792,0.0527109,0.0527109,-0.0463683
F,-0.146379,0.0269871,0.0269871,-0.119392
F,-0.0109092,0.117053,0.117053,0.106144
F,0.0939585,0.0527109,0.0527109,0.146669
F,0.0555881,0.0880922,0.0880922,0.14368
F,-6.51823e-06,-0.045437,-0.045437,-0.0454436
F,-0.22646,0.0491544,0.0491544,-0.177305
F,0.345126,0.0867945,0.0867945,0.43192
F,-0.155426,0.0488907,0.0488907,-0.106536
F,-0.0373903,0.0491544,0.0491544,0.0117641
F,-0.232567,0.121237,0.121237,-0.11133
F,-0.23579,0.0880922,0.0880922,-0.147698
F,0.0306511,0.0520541,0.0520541,0.0827052
F,-0.175039,0.0691658,0.0691658,-0.105873
F,0.308666,0.0527109,0.0527109,0.361377
F,0.186553,0.011723,0.011723,0.198276
F,-0.145418,0.0691658,0.0691658,-0.076252
F,-0.188512,0.0269871,0.0269871,-0.161525
F,-0.0627683,0.0192226,0.0192226,-0.0435457
F,-0.176737,0.0918082,0.0918082,-0.0849287
F,0.0273124,0.0488907,0.0488907,0.076203
F,0.129097,0.0527109,0.0527109,0.181808
F,-0.0722941,0.0880922,0.0880922,0.0157981
F,-0.109659,0.0520541,0.0520541,-0.057605
F,-0.257734,0.0520541,0.0520541,-0.205679
F,-0.0262022,0.0918082,0.0918082,0.065606
F,-0.0091671,0.0520541,0.0520541,0.042887
F,-0.002428,-0.045437,-0.045437,-0.047865
F,-0.0854324,0.0520541,0.0520541,-0.0333783
F,-0.148212,0.0520541,0.0520541,-0.0961581
F,-0.0362836,0.093491,0.093491,0.0572075
F,0.107228,0.0527109,0.0527109,0.159939
F,0.211483,0.0520541,0.0520541,0.263537
F,0.0172002,0.0918082,0.0918082,0.109008
F,-0.42753,-0.045437,-0.045437,-0.472967
F,-0.179433,-0.045437,-0.045437,-0.22487
F,-0.0616048,0.0527109,0.0527109,-0.00889391
F,0.172764,0.0520541,0.0520541,0.224818
F,-0.186534,0.0867945,0.0867945,-0.0997397
F,0.364933,0.0690012,0.0690012,0.433935
F,-0.105199,0.0520541,0.0520541,-0.0531447
F,0.035298,0.0520541,0.0520541,0.0873521
F,-0.270134,0.0520541,0.0520541,-0.21808
F,-0.205451,0.011723,0.011723,-0.193728
F,0.365322,0.0880922,0.0880922,0.453415
F,-0.279473,0.0520541,0.0520541,-0.227419
F,-0.18717,0.0527109,0.0527109,-0.13446
F,-0.16006,0.0654893,0.0654893,-0.0945709
F,-0.111966,0.0691658,0.0691658,-0.0428005
F,-0.0539062,0.0520541,0.0520541,-0.00185207
F,-0.372433,0.0867945,0.0867945,-0.285639
F,0.155431,0.0880922,0.0880922,0.243524
F,-0.127066,0.0520541,0.0520541,-0.0750122
F,-0.11551,0.0527109,0.0527109,-0.0627987
F,-0.316246,0.0520541,0.0520541,-0.264192
F,-0.00208413,0.0527109,0.0527109,0.0506268
F,-0.575257,0.0880922,0.0880922,-0.487165
F,-0.3862,0.0527109,0.0527109,-0.333489
F,0.0295688,0.0520541,0.0520541,0.081623
F,0.201244,0.0527109,0.0527109,0.253954
F,-0.00639415,0.121237,0.121237,0.114843
F,-0.0320041,0.121237,0.121237,0.0892328
F,-0.220011,-0.045437,-0.045437,-0.265448
F,-0.217577,0.0520541,0.0520541,-0.165523
F,-0.427925,0.121237,0.121237,-0.306688
F,-0.0691074,0.104672,0.104672,0.0355647
F,-0.0307844,0.0527109,0.0527109,0.0219265
F,-0.311766,0.0520541,0.0520541,-0.259712
F,-0.144321,0.0488907,0.0488907,-0.0954299
F,-0.376608,0.0527109,0.0527109,-0.323897
F,0.0152974,0.057812,0.057812,0.0731094
F,0.224031,0.0491544,0.0491544,0.273185
F,-0.00403429,0.0867945,0.0867945,0.0827602
F,-0.183882,0.0491544,0.0491544,-0.134727
F,0.139917,0.110887,0.110887,0.250805
F,0.14171,0.0527109,0.0527109,0.194421
F,0.129769,0.0880922,0.0880922,0.217861
F,-0.375033,0.117053,0.117053,-0.25798
F,0.299018,0.0880922,0.0880922,0.38711
F,0.0272894,0.0880922,0.0880922,0.115382
F,-0.18519,0.0527109,0.0527109,-0.132479
F,-0.104513,-0.045437,-0.045437,-0.14995
F,-0.109409,0.0527109,0.0527109,-0.0566984
F,-0.357056,0.0520541,0.0520541,-0.305002
F,0.405804,0.0488907,0.0488907,0.454695
F,-0.228848,-0.00214317,-0.00214317,-0.230991
F,0.023679,0.0520541,0.0520541,0.0757331
F,0.0709602,0.093491,0.093491,0.164451
F,0.0900638,0.0520541,0.0520541,0.142118
F,-0.267536,0.0867945,0.0867945,-0.180741
F,-0.0688225,0.0880922,0.0880922,0.0192697
F,0.214048,0.0880922,0.0880922,0.30214
F,-0.137898,-0.0285421,-0.0285421,-0.166441
F,-0.449352,-0.045437,-0.045437,-0.494789
F,-0.0147556,0.0527109,0.0527109,0.0379553
F,-0.0229157,-0.00214317,-0.00214317,-0.0250589
F,-0.382013,0.0520541,0.0520541,-0.329959
F,0.0259532,0.0918082,0.0918082,0.117761
F,0.0576287,0.0867945,0.0867945,0.144423
F,0.052673,0.0527109,0.0527109,0.105384
F,-0.0382238,-0.045437,-0.045437,-0.0836609
F,-0.0346141,-0.045437,-0.045437,-0.0800512
F,-0.296319,0.0520541,0.0520541,-0.244265
F,-0.0829905,0.0527109,0.0527109,-0.0302796
F,-0.295069,0.121237,0.121237,-0.173833
F,-0.382752,0.0269871,0.0269871,-0.355765
F,0.00878474,0.0760878,0.0760878,0.0848725
F,0.0289409,0.0880922,0.0880922,0.117033
F,-0.336824,0.0520541,0.0520541,-0.28477
F,-0.169218,0.0527109,0.0527109,-0.116507
F,0.198805,0.0527109,0.0527109,0.251516
F,-0.134892,0.011723,0.011723,-0.123169
F,0.0776774,0.0527109,0.0527109,0.130388
F,-0.128098,0.0867945,0.0867945,-0.0413037
F,-0.0591456,0.0491544,0.0491544,-0.00999118
F,-0.0810319,0.0491544,0.0491544,-0.0318776
F,0.0289911,0.0527109,0.0527109,0.081702
F,0.0314782,0.133136,0.133136,0.164614
F,-0.365274,0.0880922,0.0880922,-0.277182
F,-0.355492,0.0880922,0.0880922,-0.267399
F,0.128809,0.0520541,0.0520541,0.180863
F,0.0178894,0.057812,0.057812,0.0757013
F,-0.0294983,0.0842015,0.0842015,0.0547033
F,0.0044548,0.0880922,0.0880922,0.092547
F,-0.372717,0.0527109,0.0527109,-0.320006
F,-0.355599,0.011723,0.011723,-0.343876
F,-0.455641,0.0520541,0.0520541,-0.403587
F,0.0261408,0.0690012,0.0690012,0.0951421
F,0.000476764,0.0491544,0.0491544,0.0496311
F,-0.0493941,0.0527109,0.0527109,0.00331675
F,-0.148362,0.0880922,0.0880922,-0.0602702
F,0.311324,0.0691658,0.0691658,0.38049
F,-0.330921,0.0527109,0.0527109,-0.27821
F,-0.0317058,0.0880922,0.0880922,0.0563864
F,0.28702,0.0867945,0.0867945,0.373814
F,0.0442711,0.121237,0.121237,0.165508
F,-0.153492,0.0520541,0.0520541,-0.101438
F,-0.234974,0.0520541,0.0520541,-0.18292
F,0.190468,0.0488907,0.0488907,0.239359
F,-0.306489,0.0491544,0.0491544,-0.257335
F,-0.143315,0.121237,0.121237,-0.0220779
F,-0.183806,0.104672,0.104672,-0.0791341
F,-0.0362813,0.0880922,0.0880922,0.0518109
F,0.0385811,0.0520541,0.0520541,0.0906352
F,-0.174318,0.133136,0.133136,-0.0411824
F,-0.198826,0.0527109,0.0527109,-0.146116
F,0.422358,0.0691658,0.0691658,0.491524
F,0.0341324,0.0691658,0.0691658,0.103298
F,-0.187402,0.0520541,0.0520541,-0.135348
F,0.175236,0.0520541,0.0520541,0.227291
F,0.216779,0.0527109,0.0527109,0.26949
F,0.0882643,0.132019,0.132019,0.220283
F,0.107967,-0.0162618,-0.0162618,0.091705
F,0.14703,0.0520541,0.0520541,0.199084
F,-0.0795658,0.0520541,0.0520541,-0.0275116
F,-0.0403689,0.0918082,0.0918082,0.0514393
F,-0.0891128,0.0192226,0.0192226,-0.0698902
F,-0.0773111,-0.00214317,-0.00214317,-0.0794543
F,0.0675988,0.0880922,0.0880922,0.155691
F,-0.0572162,0.0918082,0.0918082,0.0345919
F,-0.249152,0.011723,0.011723,-0.237429
F,-0.0731762,0.0918082,0.0918082,0.0186319
F,0.212763,0.0691658,0.0691658,0.281929
F,0.110814,0.0880922,0.0880922,0.198906
F,0.206914,0.0520541,0.0520541,0.258968
F,-0.116401,0.0520541,0.0520541,-0.0643473
F,-0.416511,0.113574,0.113574,-0.302937
F,0.000815322,0.0488907,0.0488907,0.049706
F,0.141159,0.0691658,0.0691658,0.210325
F,0.163439,0.117053,0.117053,0.280492
F,-0.35474,0.0192226,0.0192226,-0.335517
F,-0.0763079,0.011723,0.011723,-0.0645849
F,-0.0306781,0.0488907,0.0488907,0.0182126
F,-0.118,0.121237,0.121237,0.00323718
F,-0.0546799,0.0192226,0.0192226,-0.0354573
F,0.137788,0.0867945,0.0867945,0.224583
F,0.375562,0.0527109,0.0527109,0.428273
F,-0.103341,0.0527109,0.0527109,-0.0506302
F,0.252678,0.0520541,0.0520541,0.304732
F,-0.0505413,0.011723,0.011723,-0.0388183
F,-0.0845524,0.0527109,0.0527109,-0.0318415
F,0.241927,-0.045437,-0.045437,0.19649
F,0.292297,0.0867945,0.0867945,0.379091
F,0.0599633,0.0491544,0.0491544,0.109118
F,-0.0920991,0.0918082,0.0918082,-0.000290975
F,-0.0846434,0.0867945,0.0867945,0.00215106
F,-0.00140527,0.0520541,0.0520541,0.0506488
F,-0.134009,0.0402169,0.0402169,-0.0937921
F,-0.013705,0.0520541,0.0520541,0.0383491
F,-0.189159,0.0527109,0.0527109,-0.136448
F,-0.0967245,0.011723,0.011723,-0.0850015
F,-0.230439,-0.045437,-0.045437,-0.275876
F,0.181195,0.0520541,0.0520541,0.233249
F,0.201159,0.0867945,0.0867945,0.287953
F,-0.0443059,0.011723,0.011723,-0.0325829
F,-0.0773637,0.0527109,0.0527109,-0.0246528
F,-0.0652605,0.057812,0.057812,-0.00744853
F,-0.322498,0.0520541,0.0520541,-0.270444
F,0.279167,0.0491544,0.0491544,0.328322
F,0.269292,0.0880922,0.0880922,0.357384
F,-0.0615474,0.093491,0.093491,0.0319437
F,-0.0612182,0.0269871,0.0269871,-0.0342311
F,0.0320276,0.0527109,0.0527109,0.0847385
F,0.060212,0.0527109,0.0527109,0.112923
F,-0.207582,0.0691658,0.0691658,-0.138416
F,-0.373759,0.0491544,0.0491544,-0.324604
F,-0.106159,0.0691658,0.0691658,-0.0369933
F,-0.196562,0.0488907,0.0488907,-0.147671
F,-0.481178,0.0527109,0.0527109,-0.428467
F,-0.169332,0.0520541,0.0520541,-0.117277
F,-0.125384,0.0880922,0.0880922,-0.0372922
F,0.117464,0.0527109,0.0527109,0.170175
F,0.0162351,0.0527109,0.0527109,0.068946
F,-0.0671914,0.0880922,0.0880922,0.0209008
F,-0.284436,0.0520541,0.0520541,-0.232382
F,0.354141,0.0192226,0.0192226,0.373364
F,0.339874,0.011723,0.011723,0.351597
F,-0.133587,-0.045437,-0.045437,-0.179024
F,0.0978256,0.0520541,0.0520541,0.14988
F,-0.0187663,0.0520541,0.0520541,0.0332878
F,-0.406465,0.0691658,0.0691658,-0.337299
F,0.0584823,0.0488907,0.0488907,0.107373
F,-0.0242246,0.0269871,0.0269871,0.00276252
F,-0.39528,0.0880922,0.0880922,-0.307188
F,-0.0246848,0.0491544,0.0491544,0.0244695
F,-0.214006,0.0520541,0.0520541,-0.161952
F,0.358805,0.011723,0.011723,0.370528
F,-0.0696466,0.0527109,0.0527109,-0.0169357
F,-0.114972,0.0867945,0.0867945,-0.0281778
F,-0.181518,0.0527109,0.0527109,-0.128807
F,-0.130526,0.0520541,0.0520541,-0.0784718
F,-0.494426,0.0527109,0.0527109,-0.441715
F,0.0604129,0.0918082,0.0918082,0.152221
F,-0.0721159,0.0527109,0.0527109,-0.019405
F,0.228738,-0.0285421,-0.0285421,0.200196
F,0.0952981,0.0520541,0.0520541,0.147352
F,-0.101419,0.0527109,0.0527109,-0.0487085
F,0.332654,0.0269871,0.0269871,0.359641
F,-0.0934465,0.0867945,0.0867945,-0.006652
F,0.036605,0.0520541,0.0520541,0.0886591
F,-0.160501,0.0527109,0.0527109,-0.10779
F,-0.365794,0.0491544,0.0491544,-0.316639
F,0.387788,-0.0162618,-0.0162618,0.371526
F,0.320458,0.0880922,0.0880922,0.40855
F,-0.344062,0.0520541,0.0520541,-0.292008
F,-0.0163211,0.011723,0.011723,-0.00459811
F,-0.368317,0.011723,0.011723,-0.356594
F,-0.0770159,-0.045437,-0.045437,-0.122453
F,-0.445913,0.0527109,0.0527109,-0.393202
F,0.0207136,0.0520541,0.0520541,0.0727677
F,0.331408,0.0491544,0.0491544,0.380562
F,0.175449,0.0488907,0.0488907,0.22434
F,-0.11759,0.208161,0.208161,0.0905707
F,-0.0773538,0.0520541,0.0520541,-0.0252997
F,-0.275293,0.0520541,0.0520541,-0.223238
F,-0.42825,0.0520541,0.0520541,-0.376195
F,-0.0838831,0.0867945,0.0867945,0.00291139
F,-0.127608,0.0918082,0.0918082,-0.0357995
F,-0.0485164,0.117053,0.117053,0.0685366
F,-0.185418,0.0918082,0.0918082,-0.0936098
F,0.036028,0.0880922,0.0880922,0.12412
F,-0.000402191,0.0520541,0.0520541,0.0516519
F,0.181203,-0.0162618,-0.0162618,0.164941
F,-0.119444,0.0491544,0.0491544,-0.0702898
F,0.106519,0.0491544,0.0491544,0.155674
F,-0.184703,0.0867945,0.0867945,-0.0979084
F,-0.258962,0.0880922,0.0880922,-0.170869
F,0.0340379,0.0880922,0.0880922,0.12213
F,0.0570779,0.0842015,0.0842015,0.141279
F,-0.288999,0.0880922,0.0880922,-0.200907
F,-0.480719,0.0880922,0.0880922,-0.392627
F,0.137581,0.113574,0.113574,0.251155
F,-0.266177,0.0691658,0.0691658,-0.197011
F,-0.199638,0.0520541,0.0520541,-0.147584
F,0.223419,0.0520541,0.0520541,0.275473
F,0.120278,0.0520541,0.0520541,0.172332
F,-0.140952,0.0488907,0.0488907,-0.0920612
F,0.145963,0.0527109,0.0527109,0.198673
F,-0.331935,0.0520541,0.0520541,-0.27988
F,-0.0827851,0.0491544,0.0491544,-0.0336307
F,-0.0279714,0.0488907,0.0488907,0.0209192
F,-0.271403,0.0527109,0.0527109,-0.218692
F,-0.0560362,0.0269871,0.0269871,-0.029049
F,-0.179723,0.0269871,0.0269871,-0.152736
F,0.00275374,0.121237,0.121237,0.123991
F,0.0511719,0.0520541,0.0520541,0.103226
F,-0.0907612,0.0880922,0.0880922,-0.00266897
F,0.268797,0.0527109,0.0527109,0.321507
F,-0.280504,0.0527109,0.0527109,-0.227793
F,-0.202421,0.0527109,0.0527109,-0.14971
F,0.470815,0.0520541,0.0520541,0.522869
F,-0.376057,0.0520541,0.0520541,-0.324003
F,-0.167455,0.0840965,0.0840965,-0.0833582
F,-0.232625,0.0691658,0.0691658,-0.163459
F,0.239188,0.0527109,0.0527109,0.291899
F,-0.117304,0.0527109,0.0527109,-0.0645929
F,-0.345149,0.117053,0.117053,-0.228096
F,0.122677,0.117053,0.117053,0.23973
F,0.0442915,0.0488907,0.0488907,0.0931821
F,-0.335181,0.0520541,0.0520541,-0.283127
F,0.0891545,0.0691658,0.0691658,0.15832
F,-0.0849197,0.0918082,0.0918082,0.0068885
F,0.0499902,0.0880922,0.0880922,0.138082
F,-0.148892,0.104672,0.104672,-0.0442202
F,0.13392,0.0269871,0.0269871,0.160907
F,-0.365311,0.0880922,0.0880922,-0.277219
F,0.035908,0.0527109,0.0527109,0.0886189
F,0.0953872,0.0192226,0.0192226,0.11461
F,0.158773,0.0527109,0.0527109,0.211484
F,-0.520279,0.0520541,0.0520541,-0.468225
F,-0.0753423,0.0269871,0.0269871,-0.0483552
F,-0.330473,0.0880922,0.0880922,-0.242381
F,-0.105957,0.0520541,0.0520541,-0.053903
F,-0.0700087,0.0527109,0.0527109,-0.0172978
F,-0.0207837,0.0867945,0.0867945,0.0660108
F,0.0865866,0.011723,0.011723,0.0983096
F,-0.0726442,0.0491544,0.0491544,-0.0234898
F,-0.247546,0.0527109,0.0527109,-0.194835
F,-0.295083,0.0402169,0.0402169,-0.254866
F,0.138092,0.0527109,0.0527109,0.190803
F,-0.144343,0.011723,0.011723,-0.13262
F,-0.093232,0.0269871,0.0269871,-0.0662448
F,-0.329272,0.0527109,0.0527109,-0.276561
F,-0.0653481,0.0520541,0.0520541,-0.013294
F,-0.53091,0.011723,0.011723,-0.519187
F,-0.0102658,0.0918082,0.0918082,0.0815424
F,-0.0268421,0.057812,0.057812,0.0309698
F,-0.0187939,-0.045437,-0.045437,-0.0642309
F,0.0512917,0.22363,0.22363,0.274922
F,0.0646021,0.0867945,0.0867945,0.151397
F,0.049336,0.0880922,0.0880922,0.137428
F,0.0442847,-0.0288972,-0.0288972,0.0153875
F,-0.0135536,0.0192226,0.0192226,0.00566901
F,-0.057507,0.0527109,0.0527109,-0.00479612
F,0.0519554,0.0918082,0.0918082,0.143764
F,-0.37538,0.0520541,0.0520541,-0.323326
F,-0.292234,0.093491,0.093491,-0.198743
F,-0.120476,0.0527109,0.0527109,-0.0677649
F,-0.106831,0.0880922,0.0880922,-0.0187391
F,0.294776,0.0527109,0.0527109,0.347487
F,0.0880106,0.0520541,0.0520541,0.140065
F,0.203311,0.0867945,0.0867945,0.290106
F,-0.510345,0.0527109,0.0527109,-0.457634
F,-0.140705,0.0880922,0.0880922,-0.0526132
F,-0.154715,0.0527109,0.0527109,-0.102004
F,-0.0144814,0.0269871,0.0269871,0.0125057
F,-0.15409,0.0527109,0.0527109,-0.101379
F,-0.128006,0.0527109,0.0527109,-0.0752949
F,-0.39934,0.057812,0.057812,-0.341528
F,0.0411089,0.0867945,0.0867945,0.127903
F,-0.149734,0.0488907,0.0488907,-0.100843
F,-0.0839371,0.011723,0.011723,-0.0722141
F,-0.0641011,0.0491544,0.0491544,-0.0149468
F,0.0216736,0.0527109,0.0527109,0.0743845
F,0.320653,0.0918082,0.0918082,0.412461
F,-0.178901,0.0527109,0.0527109,-0.12619
F,-0.124512,0.0527109,0.0527109,-0.0718011
F,-0.136204,0.0691658,0.0691658,-0.0670385
F,0.210673,0.0880922,0.0880922,0.298765
F,-0.221677,0.0520541,0.0520541,-0.169623
F,0.120407,0.0527109,0.0527109,0.173118
F,-0.264944,0.0918082,0.0918082,-0.173136
F,0.347791,0.0867945,0.0867945,0.434585
F,-0.372868,0.011723,0.011723,-0.361145
F,-0.192779,0.0867945,0.0867945,-0.105985
F,-0.217687,0.0691658,0.0691658,-0.148521
F,-0.115466,0.0527109,0.0527109,-0.0627554
F,0.238575,0.011723,0.011723,0.250298
F,0.274811,0.121237,0.121237,0.396048
F,-0.418256,0.0520541,0.0520541,-0.366202
F,-0.291311,0.0488907,0.0488907,-0.242421
F,-0.247766,0.011723,0.011723,-0.236043
F,-0.445268,0.0520541,0.0520541,-0.393214
F,-0.136177,0.0488907,0.0488907,-0.0872864
F,0.0604825,0.121237,0.121237,0.181719
F,0.0141216,0.0520541,0.0520541,0.0661757
F,-0.00952161,0.0491544,0.0491544,0.0396328
F,-0.399816,0.0760878,0.0760878,-0.323729
F,0.0104802,0.0867945,0.0867945,0.0972747
F,0.186344,0.0491544,0.0491544,0.235498
F,-0.219354,0.0527109,0.0527109,-0.166643
F,-0.0399792,0.0527109,0.0527109,0.0127317
F,-0.442921,0.0520541,0.0520541,-0.390867
F,-0.441582,0.0520541,0.0520541,-0.389528
F,0.0371205,0.0918082,0.0918082,0.128929
F,0.0217779,0.0527109,0.0527109,0.0744888
F,-0.113684,0.0880922,0.0880922,-0.0255916
F,-0.0706292,0.0527109,0.0527109,-0.0179183
F,0.0163319,0.0880922,0.0880922,0.104424
F,-0.227085,0.011723,0.011723,-0.215362
F,-0.11552,0.0527109,0.0527109,-0.062809
F,-0.128854,0.011723,0.011723,-0.117131
F,0.137913,0.0520541,0.0520541,0.189967
F,-0.390347,0.0527109,0.0527109,-0.337636
F,-0.163095,0.0488907,0.0488907,-0.114204
F,0.434835,0.0918082,0.0918082,0.526644
F,-0.278428,0.0192226,0.0192226,-0.259205
F,0.0559822,0.0691658,0.0691658,0.125148
F,-0.441855,0.093491,0.093491,-0.348364
F,-0.06754,-0.00214317,-0.00214317,-0.0696832
F,-0.324281,0.0527109,0.0527109,-0.271571
F,-0.259848,0.0520541,0.0520541,-0.207794
F,-0.243667,0.121237,0.121237,-0.122431
F,-0.152366,0.0527109,0.0527109,-0.0996548
F,-0.132947,0.0520541,0.0520541,-0.0808933
F,-0.0703126,0.0520541,0.0520541,-0.0182585
F,-0.0575502,0.126246,0.126246,0.0686954
F,0.180885,0.0520541,0.0520541,0.23294
F,-0.485956,0.0488907,0.0488907,-0.437065
F,-0.274497,0.057812,0.057812,-0.216685
F,0.258283,0.0918082,0.0918082,0.350091
F,-0.456845,0.011723,0.011723,-0.445122
F,-0.0536664,0.0520541,0.0520541,-0.00161226
F,-0.239946,0.0842015,0.0842015,-0.155745
F,-0.0667805,0.113574,0.113574,0.0467939
F,0.0131826,0.0488907,0.0488907,0.0620733
F,0.110585,0.0520541,0.0520541,0.162639
F,-0.30588,0.011723,0.011723,-0.294157
F,-0.12196,0.0527109,0.0527109,-0.0692488
F,-0.10345,0.0527109,0.0527109,-0.0507388
F,-0.199402,0.0527109,0.0527109,-0.146691
F,-0.207223,0.011723,0.011723,-0.1955
F,0.328949,0.164795,0.164795,0.493743
F,-0.168269,0.0691658,0.0691658,-0.099103
F,-0.111557,0.0880922,0.0880922,-0.0234646
F,-0.210388,0.0527109,0.0527109,-0.157677
F,-0.293345,0.0880922,0.0880922,-0.205253
F,0.172548,0.121237,0.121237,0.293785
F,-0.134633,0.0269871,0.0269871,-0.107646
F,-0.043514,0.0527109,0.0527109,0.0091969
F,0.530952,0.0520541,0.0520541,0.583006
F,-0.201824,0.0918082,0.0918082,-0.110016
F,-0.0126771,0.0269871,0.0269871,0.01431
F,-0.105653,0.011723,0.011723,-0.0939299
F,-0.0978404,0.0527109,0.0527109,-0.0451295
F,0.0300927,0.057812,0.057812,0.0879047
F,-0.0646195,0.0932353,0.0932353,0.0286158
F,-0.0660167,0.0527109,0.0527109,-0.0133058
F,0.0733271,0.0880922,0.0880922,0.161419
F,-0.0396793,0.011723,0.011723,-0.0279563
F,-0.353187,0.0527109,0.0527109,-0.300476
F,-0.0326747,-0.045437,-0.045437,-0.0781118
F,-0.200136,0.0691658,0.0691658,-0.130971
F,-0.134494,0.0488907,0.0488907,-0.0856037
F,0.392467,0.0520541,0.0520541,0.444521
F,-0.280572,0.0867945,0.0867945,-0.193777
F,-0.0898365,0.0867945,0.0867945,-0.003042
F,0.203904,0.0880922,0.0880922,0.291996
F,0.021397,-0.0162618,-0.0162618,0.00513524
F,0.0523519,0.057812,0.057812,0.110164
F,-0.131227,0.0867945,0.0867945,-0.0444321
F,-0.323238,0.0445636,0.0445636,-0.278674
F,0.0989264,0.0527109,0.0527109,0.151637
F,0.454749,0.0527109,0.0527109,0.50746
F,0.109905,0.0691658,0.0691658,0.179071
F,-0.152422,0.0867945,0.0867945,-0.0656278
F,-0.407197,-0.0162618,-0.0162618,-0.423459
F,0.0461107,0.0527109,0.0527109,0.0988216
F,-0.0861332,0.0760878,0.0760878,-0.0100455
F,-0.353637,0.011723,0.011723,-0.341914
F,-0.0623331,0.0880922,0.0880922,0.0257591
F,-0.49208,0.0520541,0.0520541,-0.440026
F,-0.0986975,0.121237,0.121237,0.0225393
F,-0.363454,0.0527109,0.0527109,-0.310743
F,0.151642,0.0527109,0.0527109,0.204353
F,-0.205987,0.0880922,0.0880922,-0.117895
F,-0.271272,0.0527109,0.0527109,-0.218562
F,-0.158777,0.0269871,0.0269871,-0.131789
F,-0.0130873,0.011723,0.011723,-0.00136434
F,-0.149287,0.0527109,0.0527109,-0.0965763
F,0.0876207,0.0867945,0.0867945,0.174415
F,-0.129097,0.0296159,0.0296159,-0.0994812
F,-0.30641,0.0192226,0.0192226,-0.287188
F,0.268979,0.0880922,0.0880922,0.357071
F,-0.203715,0.0527109,0.0527109,-0.151004
F,0.0201545,0.0690012,0.0690012,0.0891558
F,-0.00733245,0.0880922,0.0880922,0.0807597
F,0.0511146,0.0527109,0.0527109,0.103825
F,0.387235,0.0691658,0.0691658,0.456401
F,-0.0879332,0.0527109,0.0527109,-0.0352223
F,0.0525606,0.0527109,0.0527109,0.105271
F,-0.252632,0.0520541,0.0520541,-0.200578
F,0.238784,0.0527109,0.0527109,0.291495
F,0.0238066,0.0527109,0.0527109,0.0765175
F,0.0742907,0.0691658,0.0691658,0.143456
F,-0.192893,0.0491544,0.0491544,-0.143739
F,-0.244747,0.0918082,0.0918082,-0.152938
F,-0.178367,0.057812,0.057812,-0.120556
F,-0.231664,0.0491544,0.0491544,-0.18251
F,-0.239932,0.0918082,0.0918082,-0.148124
F,-0.168765,0.0690012,0.0690012,-0.0997634
F,-0.058433,0.057812,0.057812,-0.00062099
F,-0.0840054,0.0880922,0.0880922,0.00408676
F,-0.0285735,0.0527109,0.0527109,0.0241374
F,-0.087487,0.0527109,0.0527109,-0.0347761
F,-0.273406,0.0520541,0.0520541,-0.221352
F,0.164153,0.0520541,0.0520541,0.216207
F,-0.106984,0.011723,0.011723,-0.0952608
F,0.0947177,0.0491544,0.0491544,0.143872
F,0.125042,0.0880922,0.0880922,0.213135
F,-0.193491,0.0520541,0.0520541,-0.141437
F,0.0947042,0.0691658,0.0691658,0.16387
F,0.080659,0.0520541,0.0520541,0.132713
F,0.112823,0.0520541,0.0520541,0.164877
F,-0.0649746,0.117053,0.117053,0.0520785
F,-0.153237,0.0520541,0.0520541,-0.101183
F,0.217266,0.0867945,0.0867945,0.30406
F,-0.421174,0.0880922,0.0880922,-0.333082
F,-0.44638,0.0880922,0.0880922,-0.358288
F,-0.046595,0.011723,0.011723,-0.034872
F,0.372866,0.0527109,0.0527109,0.425577
F,-0.211179,0.0527109,0.0527109,-0.158468
F,0.34428,-0.045437,-0.045437,0.298843
F,0.109861,0.0867945,0.0867945,0.196655
F,0.0785592,0.0520541,0.0520541,0.130613
F,0.131794,0.0867945,0.0867945,0.218589
F,-0.0116414,0.121237,0.121237,0.109595
F,-0.310574,0.0488907,0.0488907,-0.261683
F,0.27134,0.0520541,0.0520541,0.323394
F,0.277779,0.0880922,0.0880922,0.365871
F,-0.43547,0.0527109,0.0527109,-0.382759
F,-0.209721,0.011723,0.011723,-0.197998
F,0.0822145,0.0527109,0.0527109,0.134925
F,0.143723,0.0402169,0.0402169,0.18394
F,-0.31536,0.0488907,0.0488907,-0.266469
F,0.281961,0.011723,0.011723,0.293684
F,0.0731718,0.0520541,0.0520541,0.125226
F,-0.0154213,0.216729,0.216729,0.201308
F,0.0406041,0.0527109,0.0527109,0.093315
F,0.0123043,0.0918082,0.0918082,0.104112
F,-0.06096,0.011723,0.011723,-0.049237
F,-0.253453,0.0520541,0.0520541,-0.201399
F,0.0526441,0.0880922,0.0880922,0.140736
F,-0.220473,0.011723,0.011723,-0.20875
F,-0.0224633,0.0527109,0.0527109,0.0302476
F,-0.22139,0.0445636,0.0445636,-0.176826
F,0.106524,0.0880922,0.0880922,0.194616
F,0.0964634,0.0520541,0.0520541,0.148517
F,-0.218956,0.0880922,0.0880922,-0.130864
F,-0.143553,0.0488907,0.0488907,-0.0946624
F,-0.251857,0.0520541,0.0520541,-0.199803
F,0.227613,0.011723,0.011723,0.239336
F,-0.16555,0.0527109,0.0527109,-0.112839
F,0.0067587,0.0692001,0.0692001,0.0759588
F,0.426677,0.0520541,0.0520541,0.478731
F,-0.319909,0.011723,0.011723,-0.308186
F,0.0846354,0.0527109,0.0527109,0.137346
F,-0.227875,0.0491544,0.0491544,-0.178721
F,-0.488646,0.0527109,0.0527109,-0.435935
F,-0.304594,0.0867945,0.0867945,-0.217799
F,0.0667881,0.0527109,0.0527109,0.119499
F,-0.0939532,0.0867945,0.0867945,-0.00715874
F,0.0806482,0.0192226,0.0192226,0.0998708
F,0.0820799,-0.045437,-0.045437,0.0366429
F,0.0881616,0.0867945,0.0867945,0.174956
F,0.35753,0.0491544,0.0491544,0.406685
F,-0.396653,0.0527109,0.0527109,-0.343942
F,-0.0557243,0.0520541,0.0520541,-0.00367016
F,-0.0718781,0.0269871,0.0269871,-0.044891
F,-0.0297803,0.0527109,0.0527109,0.0229306
F,0.176649,0.011723,0.011723,0.188372
F,-0.194082,0.0527109,0.0527109,-0.141371
F,0.0422172,0.0488907,0.0488907,0.0911078
F,-0.0469105,0.093491,0.093491,0.0465805
F,-0.260778,0.126246,0.126246,-0.134532
F,-0.257599,0.0520541,0.0520541,-0.205545
F,0.202623,0.126246,0.126246,0.328868
F,-0.0313698,0.0402169,0.0402169,0.00884709
F,-0.258149,0.0520541,0.0520541,-0.206095
F,0.163851,0.0880922,0.0880922,0.251944
F,-0.240439,0.0527109,0.0527109,-0.187728
F,0.235176,0.0527109,0.0527109,0.287887
F,-0.146738,0.0520541,0.0520541,-0.094684
F,-0.190491,0.0491544,0.0491544,-0.141337
F,-0.114783,0.0527109,0.0527109,-0.0620722
F,-0.290282,-0.045437,-0.045437,-0.335719
F,0.0643255,0.0527109,0.0527109,0.117036
F,-0.127625,0.0880922,0.0880922,-0.0395325
F,0.361459,0.0527109,0.0527109,0.41417
F,-0.0790928,0.121237,0.121237,0.042144
F,-0.0949438,-0.045437,-0.045437,-0.140381
F,-0.0476558,0.0520541,0.0520541,0.00439832
F,-0.410261,0.0520541,0.0520541,-0.358207
F,0.276912,0.0527109,0.0527109,0.329623
F,-0.281072,0.0527109,0.0527109,-0.228361
F,-0.197542,0.133136,0.133136,-0.0644057
F,0.0657523,0.0520541,0.0520541,0.117806
F,-0.396723,0.0880922,0.0880922,-0.308631
F,-0.204886,0.0867945,0.0867945,-0.118091
F,-0.122188,0.0880922,0.0880922,-0.0340957
F,-0.0173934,0.0520541,0.0520541,0.0346607
F,0.346723,0.0520541,0.0520541,0.398778
F,-0.0119031,0.0867945,0.0867945,0.0748914
F,-0.230632,0.0527109,0.0527109,-0.177921
F,-0.108708,0.0520541,0.0520541,-0.0566536
F,-0.0110463,0.0488907,0.0488907,0.0378444
F,0.127699,0.0491544,0.0491544,0.176853
F,0.20361,0.0527109,0.0527109,0.256321
F,0.122903,0.093491,0.093491,0.216394
F,-0.496432,0.0880922,0.0880922,-0.40834
F,-0.0246389,0.0880922,0.0880922,0.0634533
F,0.155313,0.0691658,0.0691658,0.224479
F,0.0260749,0.0654893,0.0654893,0.0915641
F,0.0922177,0.0527109,0.0527109,0.144929
F,-0.0678483,0.0520541,0.0520541,-0.0157942
F,-0.22706,0.0527109,0.0527109,-0.17435
F,0.0409528,0.0880922,0.0880922,0.129045
F,-0.0107529,0.011723,0.011723,0.000970078
F,-0.183607,0.0488907,0.0488907,-0.134717
F,-0.0626721,0.0520541,0.0520541,-0.010618
F,0.24928,0.0520541,0.0520541,0.301334
F,-0.16065,0.0527109,0.0527109,-0.10794
F,-0.20554,0.0654893,0.0654893,-0.140051
F,-0.151522,0.0445636,0.0445636,-0.106959
F,0.0204903,0.0488907,0.0488907,0.069381
F,-0.152098,0.0690012,0.0690012,-0.0830968
F,0.059227,0.0491544,0.0491544,0.108381
F,-0.132115,0.0527109,0.0527109,-0.0794045
F,0.249278,0.0691658,0.0691658,0.318444
F,0.0624199,0.0520541,0.0520541,0.114474
F,-0.129635,0.0520541,0.0520541,-0.0775811
F,-0.133382,0.0918082,0.0918082,-0.0415737
F,-0.045469,0.0527109,0.0527109,0.0072419
F,0.0112397,0.0520541,0.0520541,0.0632938
F,-0.0278873,0.0520541,0.0520541,0.0241669
F,0.0786107,0.0520541,0.0520541,0.130665
F,0.0340008,-0.045437,-0.045437,-0.0114363
F,-0.213981,0.0527109,0.0527109,-0.16127
F,0.003093,0.117053,0.117053,0.120146
F,-0.663672,0.0527109,0.0527109,-0.610961
F,0.105682,0.0527109,0.0527109,0.158393
F,0.0115105,0.0880922,0.0880922,0.0996027
F,-0.211276,0.0527109,0.0527109,-0.158565
F,-0.0528056,0.0520541,0.0520541,-0.000751521
F,-0.270348,0.011723,0.011723,-0.258625
F,-0.320147,0.0527109,0.0527109,-0.267436
F,0.107124,0.0520541,0.0520541,0.159178
F,0.0926047,0.121237,0.121237,0.213842
F,-0.313307,0.0867945,0.0867945,-0.226513
F,-0.560904,0.0520541,0.0520541,-0.50885
F,0.0494606,0.0527109,0.0527109,0.102171
F,0.00396852,0.0527109,0.0527109,0.0566794
F,0.440956,0.0520541,0.0520541,0.493011
F,-0.329266,0.0488907,0.0488907,-0.280376
F,0.439365,0.0269871,0.0269871,0.466352
F,-0.118446,0.0520541,0.0520541,-0.0663924
F,-0.298594,0.0880922,0.0880922,-0.210502
F,0.198503,0.0491544,0.0491544,0.247658
F,0.102021,0.0880922,0.0880922,0.190114
F,-0.258517,0.0520541,0.0520541,-0.206463
F,0.191224,0.0520541,0.0520541,0.243279
F,-0.167421,0.0491544,0.0491544,-0.118266
F,0.0879602,0.0527109,0.0527109,0.140671
F,-0.0234481,0.0880922,0.0880922,0.0646441
F,-0.108022,0.0690012,0.0690012,-0.0390211
F,-0.0259769,0.0527109,0.0527109,0.026734
F,-0.0689041,0.0520541,0.0520541,-0.01685
F,0.126679,0.0527109,0.0527109,0.17939
F,0.0822745,0.0520541,0.0520541,0.134329
F,0.154647,0.0690012,0.0690012,0.223648
F,0.0938301,0.0527109,0.0527109,0.146541
F,-0.33946,0.0527109,0.0527109,-0.286749
F,-0.340024,-0.0285421,-0.0285421,-0.368566
F,0.356345,0.0880922,0.0880922,0.444437
F,-0.0961807,0.0269871,0.0269871,-0.0691936
F,-0.0104104,0.0654893,0.0654893,0.0550789
F,-0.170431,0.0880922,0.0880922,-0.082339
F,-0.0953176,0.0867945,0.0867945,-0.00852307
F,-0.259823,0.0527109,0.0527109,-0.207113
F,0.121615,0.0527109,0.0527109,0.174326
F,-0.190695,0.0488907,0.0488907,-0.141804
F,0.0263528,0.121237,0.121237,0.14759
F,-0.0475608,0.011723,0.011723,-0.0358378
F,0.106062,0.093491,0.093491,0.199553
F,-0.0263119,0.057812,0.057812,0.0315001
F,0.209451,0.0918082,0.0918082,0.301259
F,0.102425,0.0527109,0.0527109,0.155136
F,-0.128277,0.0269871,0.0269871,-0.10129
F,0.0590182,0.0527109,0.0527109,0.111729
F,0.00933171,0.0527109,0.0527109,0.0620426
F,0.172184,0.0527109,0.0527109,0.224895
F,-0.163219,0.0918082,0.0918082,-0.0714112
F,-0.17693,0.0520541,0.0520541,-0.124876
F,-0.0983381,0.0880922,0.0880922,-0.0102459
F,-0.102671,0.0691658,0.0691658,-0.0335051
F,-0.346364,0.0192226,0.0192226,-0.327141
F,-0.279305,0.0527109,0.0527109,-0.226594
F,-0.0126194,0.011723,0.011723,-0.00089641
F,0.0504997,0.208161,0.208161,0.258661
F,-0.0807027,0.057812,0.057812,-0.0228907
F,0.21891,0.0867945,0.0867945,0.305705
F,-0.394731,0.0520541,0.0520541,-0.342677
F,-0.351831,-0.045437,-0.045437,-0.397268
F,0.128466,0.0488907,0.0488907,0.177357
F,-0.378492,0.0906206,0.0906206,-0.287871
F,0.009332,0.0691658,0.0691658,0.0784978
F,-0.111957,0.0691658,0.0691658,-0.0427915
F,0.0270423,0.0520541,0.0520541,0.0790964
F,-0.173462,0.0520541,0.0520541,-0.121408
F,-0.102097,0.0192226,0.0192226,-0.0828745
F,-0.157259,0.0527109,0.0527109,-0.104548
F,-0.139575,0.0880922,0.0880922,-0.051483
F,-0.463468,0.011723,0.011723,-0.451745
F,-0.354276,-0.0162618,-0.0162618,-0.370538
F,-0.105244,0.0192226,0.0192226,-0.0860214
F,0.302041,0.0527109,0.0527109,0.354752
F,-0.383806,0.0491544,0.0491544,-0.334651
F,-0.0587651,-0.00214317,-0.00214317,-0.0609083
F,-0.234714,0.0880922,0.0880922,-0.146621
F,0.0500371,0.0867945,0.0867945,0.136832
F,0.06082,0.121237,0.121237,0.182057
F,0.0150447,0.121237,0.121237,0.136282
F,0.215825,0.0867945,0.0867945,0.302619
F,-0.0117519,0.0880922,0.0880922,0.0763403
F,0.0689541,0.0527109,0.0527109,0.121665
F,-0.217362,0.0520541,0.0520541,-0.165308
F,-0.336433,0.0520541,0.0520541,-0.284379
F,-0.302913,0.011723,0.011723,-0.29119
F,-0.031659,0.0527109,0.0527109,0.0210519
F,0.112998,0.0867945,0.0867945,0.199793
F,-0.357105,0.0880922,0.0880922,-0.269013
F,-0.00713878,0.0520541,0.0520541,0.0449153
F,0.211328,0.0654893,0.0654893,0.276818
F,0.119152,0.011723,0.011723,0.130875
F,-0.282518,0.0520541,0.0520541,-0.230464
F,-0.0406169,0.0520541,0.0520541,0.0114372
F,-0.0837174,0.0918082,0.0918082,0.00809076
F,0.204694,0.0192226,0.0192226,0.223917
F,-0.308226,0.0527109,0.0527109,-0.255515
F,-0.21065,0.0690012,0.0690012,-0.141649
F,-0.272752,0.0527109,0.0527109,-0.220041
F,0.0344219,0.0880922,0.0880922,0.122514
F,-0.231589,0.0520541,0.0520541,-0.179535
F,-0.0864166,-0.045437,-0.045437,-0.131854
F,0.12937,0.0867945,0.0867945,0.216164
F,-0.0509975,0.0527109,0.0527109,0.00171341
F,0.283761,0.0880922,0.0880922,0.371853
F,-0.136935,0.0527109,0.0527109,-0.0842237
F,-0.0525514,0.0527109,0.0527109,0.000159521
F,0.0380713,0.0880922,0.0880922,0.126163
F,-0.0636749,0.0520541,0.0520541,-0.0116208
F,0.0397044,0.0520541,0.0520541,0.0917585
F,-0.229452,0.011723,0.011723,-0.217729
F,-0.139161,0.0520541,0.0520541,-0.0871065
F,-0.124212,0.0527109,0.0527109,-0.0715013
F,-0.107391,0.0880922,0.0880922,-0.0192983
F,-0.27061,0.132019,0.132019,-0.138592
F,-0.0735181,0.0491544,0.0491544,-0.0243638
F,-0.0484129,0.0527109,0.0527109,0.00429803
F,-0.638897,0.0918082,0.0918082,-0.547089
F,0.1757,-0.0162618,-0.0162618,0.159438
F,-0.403371,0.121237,0.121237,-0.282134
F,-0.0197883,0.0867945,0.0867945,0.0670062
F,0.186544,0.0527109,0.0527109,0.239255
F,-0.276824,0.011723,0.011723,-0.265101
F,-0.362832,0.133136,0.133136,-0.229696
F,-0.228244,0.057812,0.057812,-0.170432
F,-0.0983055,0.0488907,0.0488907,-0.0494148
F,-0.159356,0.0880922,0.0880922,-0.0712638
F,-0.254896,0.0520541,0.0520541,-0.202841
F,0.0723916,0.0527109,0.0527109,0.125102
F,0.280949,0.0520541,0.0520541,0.333003
F,0.20231,0.0488907,0.0488907,0.2512
F,0.0909731,0.0527109,0.0527109,0.143684
F,-0.191947,0.0527109,0.0527109,-0.139236
F,-0.337879,0.0544335,0.0544335,-0.283445
F,-0.165124,0.011723,0.011723,-0.153401
F,-0.137576,0.0527109,0.0527109,-0.0848655
F,-0.0976701,0.0527109,0.0527109,-0.0449592
F,-0.157136,0.0691658,0.0691658,-0.0879705
F,0.144722,0.0880922,0.0880922,0.232814
F,-0.00585127,0.0488907,0.0488907,0.0430394
F,0.0381833,0.0520541,0.0520541,0.0902374
F,-0.437598,0.0488907,0.0488907,-0.388707
F,-0.0158888,0.0269871,0.0269871,0.0110984
F,-0.0576102,-0.045437,-0.045437,-0.103047
F,0.022359,0.0527109,0.0527109,0.0750699
F,-0.0610293,0.0488907,0.0488907,-0.0121386
F,-0.0184738,0.0520541,0.0520541,0.0335803
F,-0.0770265,0.0867945,0.0867945,0.00976804
F,0.296684,0.0654893,0.0654893,0.362173
F,0.0988214,0.0520541,0.0520541,0.150876
F,0.243572,0.0488907,0.0488907,0.292463
F,-0.224777,0.0520541,0.0520541,-0.172723
F,-0.111117,0.011723,0.011723,-0.0993941
F,0.0755664,0.0527109,0.0527109,0.128277
F,-0.0621112,0.0867945,0.0867945,0.0246833
F,0.212897,0.126246,0.126246,0.339143
F,-0.298346,0.057812,0.057812,-0.240534
F,0.22423,0.0880922,0.0880922,0.312322
F,-0.0854537,0.0527109,0.0527109,-0.0327428
F,0.187358,0.0867945,0.0867945,0.274152
F,0.040798,-0.045437,-0.045437,-0.00463902
F,0.0071583,0.011723,0.011723,0.0188813
F,-0.111625,0.0520541,0.0520541,-0.0595711
F,-0.164896,0.011723,0.011723,-0.153173
F,0.280334,-0.045437,-0.045437,0.234897
F,-0.0210697,0.0880922,0.0880922,0.0670225
F,-0.018697,0.117053,0.117053,0.098356
F,-0.10237,0.0520541,0.0520541,-0.0503157
F,-0.241814,0.0880922,0.0880922,-0.153722
F,0.23873,0.011723,0.011723,0.250453
F,-0.18063,0.0488907,0.0488907,-0.13174
F,-0.271207,0.104672,0.104672,-0.166535
F,0.427473,0.0520541,0.0520541,0.479527
F,-0.339668,0.011723,0.011723,-0.327945
F,-0.331581,0.0520541,0.0520541,-0.279527
F,-0.000964886,0.0880922,0.0880922,0.0871273
F,0.218813,0.093491,0.093491,0.312304
F,0.209062,-0.00214317,-0.00214317,0.206919
F,-0.0598093,0.0491544,0.0491544,-0.0106549
F,-0.309538,-0.045437,-0.045437,-0.354975
F,0.278951,-0.045437,-0.045437,0.233514
F,0.134946,0.0520541,0.0520541,0.187
F,-0.382911,-0.045437,-0.045437,-0.428348
F,-0.350022,0.0520541,0.0520541,-0.297968
F,0.154059,0.0918082,0.0918082,0.245868
F,-0.0322915,0.0867945,0.0867945,0.054503
F,-0.231276,0.0527109,0.0527109,-0.178565
F,0.0940628,0.0527109,0.0527109,0.146774
F,0.0912161,0.0527109,0.0527109,0.143927
F,-0.0674221,0.0880922,0.0880922,0.0206701
F,-0.171448,0.0520541,0.0520541,-0.119394
F,-0.0451221,0.0520541,0.0520541,0.00693202
F,-0.137968,0.0842015,0.0842015,-0.0537664
F,0.0290592,0.0527109,0.0527109,0.0817701
F,-0.0115218,0.0918082,0.0918082,0.0802864
F,-0.334591,0.0690012,0.0690012,-0.26559
F,-0.0510101,0.0527109,0.0527109,0.0017008
F,-0.0718452,0.0520541,0.0520541,-0.0197911
F,-0.188661,0.0192226,0.0192226,-0.169438
F,0.0903801,0.0527109,0.0527109,0.143091
F,0.0507209,0.0527109,0.0527109,0.103432
F,-0.205496,0.0527109,0.0527109,-0.152785
F,0.303253,0.0880922,0.0880922,0.391345
F,-0.0611272,0.104672,0.104672,0.0435449
F,0.0447317,0.0269871,0.0269871,0.0717189
F,-0.298758,0.117053,0.117053,-0.181705
F,0.00968098,0.0918082,0.0918082,0.101489
F,0.117937,-0.045437,-0.045437,0.0724997
F,0.0125287,0.0527109,0.0527109,0.0652396
F,-0.144303,0.0527109,0.0527109,-0.0915917
F,-0.475334,0.0520541,0.0520541,-0.42328
F,-0.101081,0.0867945,0.0867945,-0.0142868
F,-0.0873165,0.011723,0.011723,-0.0755935
F,0.0695363,0.0520541,0.0520541,0.12159
F,0.142176,0.0880922,0.0880922,0.230268
F,-0.0418963,0.011723,0.011723,-0.0301733
F,-0.0936796,0.0527109,0.0527109,-0.0409687
F,-0.151036,0.011723,0.011723,-0.139313
F,0.0706278,0.0488907,0.0488907,0.119518
F,-0.133487,0.0520541,0.0520541,-0.0814332
F,-0.282468,0.0520541,0.0520541,-0.230414
F,-0.0360434,0.0491544,0.0491544,0.013111
F,-0.340461,0.0527109,0.0527109,-0.28775
F,-0.0283584,0.0527109,0.0527109,0.0243525
F,0.0708975,0.0488907,0.0488907,0.119788
F,0.143417,0.057812,0.057812,0.201229
F,-0.404274,0.0527109,0.0527109,-0.351563
F,-0.143778,0.0520541,0.0520541,-0.0917235
F,0.172802,0.0527109,0.0527109,0.225513
F,0.0129813,0.0520541,0.0520541,0.0650354
F,0.133705,0.0880922,0.0880922,0.221797
F,0.0694305,0.0488907,0.0488907,0.118321
F,-0.394203,0.133136,0.133136,-0.261067
F,-0.0102106,0.0488907,0.0488907,0.03868
F,0.187022,0.0690012,0.0690012,0.256023
F,-0.138237,0.011723,0.011723,-0.126514
F,-0.122052,-0.045437,-0.045437,-0.167489
F,-0.124437,0.0527109,0.0527109,-0.0717257
F,0.0577339,0.0520541,0.0520541,0.109788
F,0.0573434,0.0867945,0.0867945,0.144138
F,-0.0831875,0.0880922,0.0880922,0.00490469
F,0.132214,0.0520541,0.0520541,0.184269
F,-0.47815,0.0691658,0.0691658,-0.408985
F,0.469591,0.0520541,0.0520541,0.521645
F,-0.149454,0.0880922,0.0880922,-0.0613619
F,-0.294164,0.0527109,0.0527109,-0.241453
F,0.357084,0.0565378,0.0565378,0.413622
F,0.0226937,0.011723,0.011723,0.0344167
F,0.260497,0.0527109,0.0527109,0.313208
F,-0.0830494,0.0690012,0.0690012,-0.0140481
F,-0.321017,-0.045437,-0.045437,-0.366454
F,-0.0267807,0.0880922,0.0880922,0.0613115
F,-0.344482,0.093491,0.093491,-0.250991
F,-0.0838373,0.104672,0.104672,0.0208348
F,0.0515031,0.011723,0.011723,0.0632261
F,-0.353861,0.011723,0.011723,-0.342138
F,0.183085,0.0520541,0.0520541,0.235139
F,-0.620922,0.0527109,0.0527109,-0.568211
F,-0.0664765,0.0918082,0.0918082,0.0253316
F,0.0230002,0.104672,0.104672,0.127672
F,0.0951317,0.126246,0.126246,0.221377
F,-0.195088,0.0527109,0.0527109,-0.142377
F,-0.222657,0.011723,0.011723,-0.210934
F,0.0815868,0.0520541,0.0520541,0.133641
F,-0.398759,0.0527109,0.0527109,-0.346048
F,-0.0839495,0.0690012,0.0690012,-0.0149482
F,-0.0569353,0.0880922,0.0880922,0.0311569
F,-0.0236471,0.011723,0.011723,-0.011924
F,-0.273794,0.0918082,0.0918082,-0.181986
F,0.0274993,0.011723,0.011723,0.0392223
F,-0.0150066,0.0520541,0.0520541,0.0370475
F,0.124542,-0.0162618,-0.0162618,0.10828
F,0.345913,0.0488907,0.0488907,0.394804
F,-0.195389,-0.00214317,-0.00214317,-0.197532
F,-0.00798445,0.0880922,0.0880922,0.0801078
F,-0.0444741,-0.00214317,-0.00214317,-0.0466173
F,0.091196,0.0691658,0.0691658,0.160362
F,0.22157,0.0690012,0.0690012,0.290572
F,0.442823,0.011723,0.011723,0.454546
F,0.173122,0.0867945,0.0867945,0.259916
F,0.105174,0.0520541,0.0520541,0.157228
F,-0.105507,-0.0285421,-0.0285421,-0.134049
F,-0.154906,0.0527109,0.0527109,-0.102195
F,0.0183196,0.0488907,0.0488907,0.0672103
F,-0.064315,-0.045437,-0.045437,-0.109752
F,-0.0825738,0.0880922,0.0880922,0.00551837
F,-0.162944,0.0527109,0.0527109,-0.110233
F,-0.096959,0.0520541,0.0520541,-0.0449049
F,-0.281472,0.0269871,0.0269871,-0.254485
F,-0.257609,0.0527109,0.0527109,-0.204898
F,-0.0342943,0.011723,0.011723,-0.0225713
F,0.211033,0.0491544,0.0491544,0.260187
F,0.0571589,0.0880922,0.0880922,0.145251
F,0.328358,0.0527109,0.0527109,0.381069
F,0.00119139,0.0520541,0.0520541,0.0532455
F,-0.116175,0.0527109,0.0527109,-0.0634644
F,-0.0220493,0.0654893,0.0654893,0.04344
F,-0.104695,0.0491544,0.0491544,-0.0555402
F,-0.182362,0.0488907,0.0488907,-0.133471
F,-0.461957,0.0654893,0.0654893,-0.396467
F,0.0452092,0.0491544,0.0491544,0.0943636
F,0.0278649,0.0520541,0.0520541,0.079919
F,-0.161988,0.0520541,0.0520541,-0.109934
F,-0.257466,0.011723,0.011723,-0.245743
F,-0.0681812,0.0527109,0.0527109,-0.0154703
F,-0.346235,0.0918082,0.0918082,-0.254427
F,0.207763,0.0527109,0.0527109,0.260473
F,-0.294539,0.0654893,0.0654893,-0.22905
F,-0.13979,0.0527109,0.0527109,-0.0870789
F,0.111616,0.0690012,0.0690012,0.180617
F,0.0190058,0.0867945,0.0867945,0.1058
F,-0.251268,0.0654893,0.0654893,-0.185779
F,0.0849158,0.22363,0.22363,0.308546
F,-0.156756,0.0880922,0.0880922,-0.068664
F,-0.119426,0.126246,0.126246,0.00681959
F,0.0145208,0.0520541,0.0520541,0.0665749
F,0.0435182,0.0192226,0.0192226,0.0627408
F,0.00384104,0.057812,0.057812,0.061653
F,-0.014885,0.0527109,0.0527109,0.0378259
F,0.0819043,0.0527109,0.0527109,0.134615
F,-0.0667179,0.0520541,0.0520541,-0.0146638
F,0.0736694,0.0867945,0.0867945,0.160464
F,0.283188,0.0488907,0.0488907,0.332079
F,-0.0924134,-0.00214317,-0.00214317,-0.0945565
F,-0.0579754,0.0520541,0.0520541,-0.00592129
F,-0.0399512,0.0880922,0.0880922,0.048141
F,-0.144486,0.0691658,0.0691658,-0.0753203
F,0.00811047,0.0527109,0.0527109,0.0608214
F,-0.126142,0.011723,0.011723,-0.114419
F,-0.0959088,0.0520541,0.0520541,-0.0438546
F,-0.00137604,0.0520541,0.0520541,0.0506781
F,-0.130237,0.0520541,0.0520541,-0.0781827
F,0.130586,0.011723,0.011723,0.142309
F,-0.328554,0.0527109,0.0527109,-0.275843
F,-0.361289,0.0867945,0.0867945,-0.274494
F,0.010456,0.0867945,0.0867945,0.0972505
F,-0.150154,0.0691658,0.0691658,-0.0809887
F,-0.267872,0.0527109,0.0527109,-0.215161
F,-0.146739,0.0527109,0.0527109,-0.094028
F,-0.0149746,0.0527109,0.0527109,0.0377363
F,0.177529,0.0867945,0.0867945,0.264323
F,-0.12168,0.0867945,0.0867945,-0.0348857
F,-0.224068,0.0520541,0.0520541,-0.172014
F,-0.255364,0.121237,0.121237,-0.134127
F,0.168763,0.0520541,0.0520541,0.220818
F,-0.203818,0.0880922,0.0880922,-0.115726
F,0.216637,0.0867945,0.0867945,0.303431
F,-0.14613,0.0520541,0.0520541,-0.0940761
F,0.0851559,0.0520541,0.0520541,0.13721
F,-0.0729154,0.208161,0.208161,0.135246
F,-0.297019,0.121237,0.121237,-0.175783
F,0.221853,0.0867945,0.0867945,0.308647
F,0.0388228,0.011723,0.011723,0.0505458
F,0.324433,0.0527109,0.0527109,0.377143
F,-0.124054,0.0488907,0.0488907,-0.0751635
F,0.0847459,0.0880922,0.0880922,0.172838
F,-0.224453,0.121237,0.121237,-0.103216
F,0.0466052,0.011723,0.011723,0.0583282
F,-0.200192,-0.045437,-0.045437,-0.245629
F,0.312199,0.0867945,0.0867945,0.398993
F,0.064777,0.0491544,0.0491544,0.113931
F,-0.117776,0.0527109,0.0527109,-0.065065
F,0.0811291,0.0880922,0.0880922,0.169221
F,0.270343,0.0527109,0.0527109,0.323054
F,-0.213555,-0.045437,-0.045437,-0.258992
F,-0.788917,0.0527109,0.0527109,-0.736206
F,-0.0248733,0.0880922,0.0880922,0.0632189
F,-0.175329,0.0520541,0.0520541,-0.123275
F,0.0585943,0.093491,0.093491,0.152085
F,-0.10112,0.0867945,0.0867945,-0.0143256
F,-0.343074,0.0520541,0.0520541,-0.29102
F,-0.0923009,0.0192226,0.0192226,-0.0730784
F,0.158246,0.0527109,0.0527109,0.210957
F,0.199436,0.0491544,0.0491544,0.248591
F,-0.223984,0.0654893,0.0654893,-0.158495
F,-0.116481,0.0488907,0.0488907,-0.0675907
F,-0.349867,0.0527109,0.0527109,-0.297156
F,0.020498,0.0520541,0.0520541,0.0725521
F,-0.149001,0.093491,0.093491,-0.0555095
F,0.0276463,-0.045437,-0.045437,-0.0177907
F,-0.162394,0.011723,0.011723,-0.150671
F,-0.214441,0.0880922,0.0880922,-0.126349
F,0.22707,0.0867945,0.0867945,0.313865
F,0.153702,-0.045437,-0.045437,0.108265
F,-0.063082,0.0691658,0.0691658,0.00608376
F,-0.131649,-0.0285421,-0.0285421,-0.160191
F,-0.524204,0.0527109,0.0527109,-0.471493
F,0.0131195,0.104672,0.104672,0.117792
F,-0.0737537,0.104672,0.104672,0.0309184
F,0.0692617,0.0527109,0.0527109,0.121973
F,0.235036,0.057812,0.057812,0.292848
F,0.438358,0.011723,0.011723,0.450081
F,-0.0595602,0.0520541,0.0520541,-0.00750608
F,0.0200561,-0.045437,-0.045437,-0.0253809
F,0.0220407,0.0527109,0.0527109,0.0747516
F,-0.0924668,-0.045437,-0.045437,-0.137904
F,0.0573713,0.0269871,0.0269871,0.0843584
F,-0.0543746,0.117053,0.117053,0.0626784
F,-0.40497,0.0654893,0.0654893,-0.339481
F,0.0566149,0.117053,0.117053,0.173668
F,-0.111339,0.0880922,0.0880922,-0.0232469
F,0.0809004,-0.045437,-0.045437,0.0354633
F,-0.0766159,0.0880922,0.0880922,0.0114764
F,0.274786,0.0527109,0.0527109,0.327497
F,-0.0102912,0.0520541,0.0520541,0.041763
F,-0.0952992,0.0520541,0.0520541,-0.0432451
F,-0.0279196,0.011723,0.011723,-0.0161966
F,-0.134929,0.0491544,0.0491544,-0.0857742
F,0.287932,0.0491544,0.0491544,0.337086
F,-0.334097,0.0527109,0.0527109,-0.281386
F,-0.134763,0.0527109,0.0527109,-0.0820525
F,-0.29956,0.0867945,0.0867945,-0.212766
F,-0.190404,0.0527109,0.0527109,-0.137693
F,-0.209774,0.0880922,0.0880922,-0.121682
F,0.415851,0.0520541,0.0520541,0.467905
F,-0.278355,0.126246,0.126246,-0.15211
F,0.0840357,0.0867945,0.0867945,0.17083
F,-0.270597,0.0527109,0.0527109,-0.217886
F,0.00574345,0.117053,0.117053,0.122796
F,0.0231125,0.0527109,0.0527109,0.0758234
F,-0.352644,0.0918082,0.0918082,-0.260835
F,-0.174178,-0.045437,-0.045437,-0.219615
F,0.248588,0.011723,0.011723,0.260311
F,-0.166707,0.0520541,0.0520541,-0.114653
F,0.122109,-0.045437,-0.045437,0.0766715
F,-0.119177,0.0520541,0.0520541,-0.0671234
F,-0.10336,0.0269871,0.0269871,-0.076373
F,-0.0198256,0.0918082,0.0918082,0.0719826
F,-0.131766,0.0520541,0.0520541,-0.0797115
F,-0.287733,0.0867945,0.0867945,-0.200939
F,-0.385051,0.011723,0.011723,-0.373328
F,0.0224835,0.0269871,0.0269871,0.0494706
F,-0.0818472,0.0488907,0.0488907,-0.0329565
F,0.307179,0.0491544,0.0491544,0.356333
F,-0.119733,0.0520541,0.0520541,-0.0676793
F,0.317705,0.0690012,0.0690012,0.386706
F,-0.309745,0.0527109,0.0527109,-0.257034
F,0.242803,0.126246,0.126246,0.369049
F,0.0445131,0.0527109,0.0527109,0.0972239
F,0.183088,0.121237,0.121237,0.304325
F,0.0174148,0.0691658,0.0691658,0.0865806
F,0.231495,0.0867945,0.0867945,0.318289
F,-0.15665,0.0654893,0.0654893,-0.0911603
F,-0.0297454,0.0491544,0.0491544,0.019409
F,-0.251916,0.0491544,0.0491544,-0.202761
F,-0.133956,0.0880922,0.0880922,-0.0458635
F,-0.0523012,0.0520541,0.0520541,-0.000247039
F,-0.151642,0.0520541,0.0520541,-0.0995877
F,-0.0732979,0.0690012,0.0690012,-0.00429663
F,0.0749169,0.0527109,0.0527109,0.127628
F,0.193477,0.0520541,0.0520541,0.245531
F,0.108843,0.0867945,0.0867945,0.195637
F,-0.178943,0.0880922,0.0880922,-0.090851
F,0.0461738,0.0880922,0.0880922,0.134266
F,0.0321006,0.0527109,0.0527109,0.0848114
F,-0.171273,0.0880922,0.0880922,-0.0831807
F,-0.00814641,0.117053,0.117053,0.108907
F,-0.225367,0.0880922,0.0880922,-0.137275
F,-0.122796,0.011723,0.011723,-0.111073
F,0.351106,0.121237,0.121237,0.472343
F,-0.276273,0.104672,0.104672,-0.171601
F,-0.116801,0.0880922,0.0880922,-0.0287086
F,-0.38134,0.104672,0.104672,-0.276668
F,-0.22167,0.0691658,0.0691658,-0.152504
F,-0.292154,0.0880922,0.0880922,-0.204062
F,0.465392,0.0520541,0.0520541,0.517446
F,0.428427,0.0842015,0.0842015,0.512628
F,0.135341,0.0488907,0.0488907,0.184232
F,0.234618,0.0520541,0.0520541,0.286672
F,-0.208344,0.0520541,0.0520541,-0.15629
F,-0.208572,0.0527109,0.0527109,-0.155861
F,0.220455,0.0880922,0.0880922,0.308547
F,0.245948,0.0520541,0.0520541,0.298002
F,-0.0776146,0.117053,0.117053,0.0394385
F,-0.394183,0.104672,0.104672,-0.289511
F,-0.0375831,0.0527109,0.0527109,0.0151278
F,-0.0885261,0.0880922,0.0880922,-0.000433901
F,0.195062,0.0520541,0.0520541,0.247116
F,-0.105981,0.0520541,0.0520541,-0.0539268
F,0.0332325,0.0520541,0.0520541,0.0852866
F,0.259679,-0.045437,-0.045437,0.214242
F,0.119222,0.0488907,0.0488907,0.168112
F,-0.0697361,0.0691658,0.0691658,-0.000570304
F,-0.112763,0.0491544,0.0491544,-0.0636085
F,-0.551065,0.0880922,0.0880922,-0.462973
F,0.113484,0.0527109,0.0527109,0.166195
F,-0.1456,0.0527109,0.0527109,-0.0928889
F,-0.248489,0.0527109,0.0527109,-0.195778
F,-0.218675,0.0880922,0.0880922,-0.130583
F,-0.124314,0.0691658,0.0691658,-0.0551479
F,-0.276151,0.0488907,0.0488907,-0.227261
F,-0.377396,0.011723,0.011723,-0.365673
F,-0.262724,0.0527109,0.0527109,-0.210013
F,-0.231426,0.0691658,0.0691658,-0.162261
F,-0.185188,0.057812,0.057812,-0.127376
F,-0.418963,0.0488907,0.0488907,-0.370073
F,-0.276905,0.011723,0.011723,-0.265182
F,0.229332,0.0527109,0.0527109,0.282043
F,0.0645034,0.121237,0.121237,0.18574
F,-0.464406,0.0520541,0.0520541,-0.412352
F,-0.115542,0.0691658,0.0691658,-0.0463767
F,-0.163296,0.057812,0.057812,-0.105484
F,0.108182,0.0527109,0.0527109,0.160893
F,-0.432402,0.0867945,0.0867945,-0.345608
F,0.0333487,0.0527109,0.0527109,0.0860596
F,0.0964177,0.0880922,0.0880922,0.18451
F,-0.0451447,0.0867945,0.0867945,0.0416498
F,-0.191482,0.0690012,0.0690012,-0.122481
F,0.0503654,0.0491544,0.0491544,0.0995197
F,-0.0844206,0.057812,0.057812,-0.0266086
F,-0.162424,0.0527109,0.0527109,-0.109713
F,-0.0809319,0.0691658,0.0691658,-0.0117661
F,-0.223431,0.0527109,0.0527109,-0.17072
F,0.229159,0.0654893,0.0654893,0.294648
F,0.135312,0.0527109,0.0527109,0.188023
F,-0.240388,0.0192226,0.0192226,-0.221165
F,0.00656133,0.0488907,0.0488907,0.055452
F,0.16607,0.0527109,0.0527109,0.218781
F,-0.126413,0.0527109,0.0527109,-0.0737017
F,-0.485438,0.0527109,0.0527109,-0.432728
F,-0.000188639,0.0918082,0.0918082,0.0916195
F,-0.226563,0.0520541,0.0520541,-0.174509
F,-0.207492,0.011723,0.011723,-0.195769
F,-0.253443,0.0520541,0.0520541,-0.201389
F,-0.246147,0.057812,0.057812,-0.188335
F,-0.179644,0.0520541,0.0520541,-0.12759
F,0.0567527,0.0527109,0.0527109,0.109464
F,0.293384,0.0269871,0.0269871,0.320371
F,0.176454,0.0520541,0.0520541,0.228508
F,0.0955681,0.0918082,0.0918082,0.187376
F,-0.302423,0.0488907,0.0488907,-0.253532
F,-0.0109032,0.011723,0.011723,0.000819766
F,-0.278105,0.0520541,0.0520541,-0.226051
F,-0.0077554,0.0520541,0.0520541,0.0442987
F,-0.0895208,0.0880922,0.0880922,-0.00142857
F,-0.222347,0.0691658,0.0691658,-0.153182
F,-0.0451131,0.011723,0.011723,-0.0333901
F,0.138667,0.0520541,0.0520541,0.190721
F,0.0403987,0.0527109,0.0527109,0.0931095
F,0.212693,0.0918082,0.0918082,0.304501
F,0.0619871,0.0520541,0.0520541,0.114041
F,-0.0511663,0.0520541,0.0520541,0.000887771
F,-0.0265354,0.117053,0.117053,0.0905176
F,0.235419,0.0488907,0.0488907,0.28431
F,0.0824531,0.057812,0.057812,0.140265
F,0.0488197,0.0520541,0.0520541,0.100874
F,-0.26354,0.011723,0.011723,-0.251817
F,-0.0592248,0.0520541,0.0520541,-0.00717067
F,0.0741677,0.011723,0.011723,0.0858907
F,0.301649,0.0520541,0.0520541,0.353703
F,-0.481494,0.0867945,0.0867945,-0.394699
F,0.0837754,-0.00214317,-0.00214317,0.0816323
F,-0.277548,0.011723,0.011723,-0.265825
F,-0.161674,0.0491544,0.0491544,-0.11252
F,0.434446,0.0880922,0.0880922,0.522538
F,0.191791,0.0527109,0.0527109,0.244502
F,-0.307578,0.0880922,0.0880922,-0.219486
F,0.27843,0.104672,0.104672,0.383102
F,-0.122346,-0.045437,-0.045437,-0.167783
F,-0.0419645,-0.045437,-0.045437,-0.0874016
F,-0.28172,0.0520541,0.0520541,-0.229666
F,0.0621304,0.0527109,0.0527109,0.114841
F,0.306177,0.0520541,0.0520541,0.358231
F,-0.0654404,0.057812,0.057812,-0.00762843
F,-0.0185106,0.0690012,0.0690012,0.0504906
F,-0.00514362,0.0527109,0.0527109,0.0475673
F,-0.0308191,0.0691658,0.0691658,0.0383467
F,-0.241439,0.057812,0.057812,-0.183627
F,-0.296703,-0.045437,-0.045437,-0.342141
F,-0.0193041,0.0527109,0.0527109,0.0334068
F,-0.293358,0.164795,0.164795,-0.128563
F,-0.0459192,0.0527109,0.0527109,0.00679172
F,-0.197698,0.0520541,0.0520541,-0.145644
F,-0.084994,0.0520541,0.0520541,-0.0329399
F,0.148216,0.0520541,0.0520541,0.20027
F,0.0524997,0.0491544,0.0491544,0.101654
F,-0.0607261,0.0527109,0.0527109,-0.00801522
F,0.018925,0.126246,0.126246,0.145171
F,0.113939,0.0867945,0.0867945,0.200733
F,-0.298356,0.0880922,0.0880922,-0.210263
F,0.158334,0.0520541,0.0520541,0.210388
F,0.180001,0.0520541,0.0520541,0.232055
F,-0.545541,0.0269871,0.0269871,-0.518554
F,-0.104114,0.0491544,0.0491544,-0.0549595
F,-0.343879,0.0527109,0.0527109,-0.291168
F,-0.261915,0.0527109,0.0527109,-0.209204
F,0.153956,0.0527109,0.0527109,0.206667
F,-0.366481,0.0527109,0.0527109,-0.31377
F,-0.112872,0.121237,0.121237,0.00836504
F,-0.460217,0.011723,0.011723,-0.448494
F,0.157442,0.0520541,0.0520541,0.209496
F,0.0313592,0.0544335,0.0544335,0.0857927
F,0.223247,0.0520541,0.0520541,0.275301
F,-0.300531,0.0691658,0.0691658,-0.231365
F,-0.214798,0.0691658,0.0691658,-0.145632
F,0.0952458,-0.045437,-0.045437,0.0498088
F,0.0218166,0.0867945,0.0867945,0.108611
F,-0.264379,0.0918082,0.0918082,-0.172571
F,0.272123,0.0269871,0.0269871,0.29911
F,-0.421987,0.0527109,0.0527109,-0.369276
F,-0.000968811,0.0690012,0.0690012,0.0680324
F,0.104524,0.0488907,0.0488907,0.153415
F,-0.356634,0.117053,0.117053,-0.239581
F,0.0420446,0.011723,0.011723,0.0537676
F,-0.377961,0.0527109,0.0527109,-0.32525
F,-0.211559,0.0880922,0.0880922,-0.123467
F,0.116535,0.0527109,0.0527109,0.169246
F,0.17737,0.093491,0.093491,0.270861
F,-0.179058,0.0690012,0.0690012,-0.110056
F,-0.0762374,0.0527109,0.0527109,-0.0235266
F,-0.410559,0.0520541,0.0520541,-0.358504
F,-0.223879,0.0527109,0.0527109,-0.171168
F,-0.103844,0.0520541,0.0520541,-0.0517897
F,-0.327508,0.0527109,0.0527109,-0.274797
F,-0.414035,0.057812,0.057812,-0.356223
F,-0.334043,0.0527109,0.0527109,-0.281332
F,-0.0352219,0.0760878,0.0760878,0.0408658
F,0.137961,0.0867945,0.0867945,0.224755
F,-0.0445587,0.0880922,0.0880922,0.0435335
F,-0.486624,0.0906206,0.0906206,-0.396003
F,-0.222519,0.0520541,0.0520541,-0.170465
F,0.170813,0.0488907,0.0488907,0.219703
F,0.00872255,0.0880922,0.0880922,0.0968148
F,0.106114,0.0918082,0.0918082,0.197922
F,0.0515025,0.208161,0.208161,0.259664
F,-0.152622,0.0520541,0.0520541,-0.100568
F,-0.0401428,0.0527109,0.0527109,0.0125681
F,-0.0355889,0.0527109,0.0527109,0.017122
F,0.0809395,0.0867945,0.0867945,0.167734
F,-0.329947,0.0520541,0.0520541,-0.277893
F,0.00263155,0.0527109,0.0527109,0.0553424
F,-0.0990663,0.0867945,0.0867945,-0.0122718
F,0.014347,0.0520541,0.0520541,0.0664012
F,-0.184366,0.0527109,0.0527109,-0.131655
F,-0.475919,0.0488907,0.0488907,-0.427029
F,-0.275415,0.0691658,0.0691658,-0.206249
F,0.314548,0.0520541,0.0520541,0.366602
F,-0.0531423,0.0269871,0.0269871,-0.0261552
F,-0.0230583,0.0880922,0.0880922,0.0650339
F,-0.141867,0.104672,0.104672,-0.0371948
F,0.0955842,0.0520541,0.0520541,0.147638
F,0.0452833,0.057812,0.057812,0.103095
F,0.146968,0.0880922,0.0880922,0.23506
F,-0.183781,0.0691658,0.0691658,-0.114615
F,-0.30148,0.0527109,0.0527109,-0.248769
F,-0.0421019,0.0527109,0.0527109,0.010609
F,-0.413843,0.0867945,0.0867945,-0.327048
F,0.0659948,0.0491544,0.0491544,0.115149
F,0.177827,0.0520541,0.0520541,0.229882
F,-0.293018,0.0488907,0.0488907,-0.244127
F,0.0564176,0.057812,0.057812,0.11423
F,0.511913,0.0527109,0.0527109,0.564623
F,-0.0588703,0.126246,0.126246,0.0673754
F,-0.202571,0.0520541,0.0520541,-0.150517
F,-0.39622,0.0491544,0.0491544,-0.347065
F,-0.304573,0.0520541,0.0520541,-0.252519
F,-0.0510672,0.0520541,0.0520541,0.000986931
F,-0.101655,0.0527109,0.0527109,-0.0489442
F,-0.389443,0.011723,0.011723,-0.37772
F,-0.0397621,0.0691658,0.0691658,0.0294037
F,-0.130523,0.0491544,0.0491544,-0.0813682
F,-0.159405,0.121237,0.121237,-0.038168
F,-0.228266,0.121237,0.121237,-0.107029
F,-0.17742,0.0880922,0.0880922,-0.089328
F,0.0829954,0.0269871,0.0269871,0.109983
F,-0.0919127,0.0488907,0.0488907,-0.043022
F,-0.157554,0.0520541,0.0520541,-0.1055
F,-0.0192168,0.0867945,0.0867945,0.0675777
F,0.121799,0.0691658,0.0691658,0.190965
F,-0.242251,0.0527109,0.0527109,-0.189541
F,-0.117374,0.0488907,0.0488907,-0.0684834
F,0.169818,0.0520541,0.0520541,0.221872
F,0.128869,0.0918082,0.0918082,0.220677
F,-0.242903,0.0520541,0.0520541,-0.190849
F,-0.0194931,0.0918082,0.0918082,0.0723151
F,-0.079012,0.0527109,0.0527109,-0.0263011
F,-0.195006,0.0691658,0.0691658,-0.12584
F,-0.0931084,0.093491,0.093491,0.000382683
F,-0.0970102,0.057812,0.057812,-0.0391982
F,-0.129333,0.0527109,0.0527109,-0.0766216
F,-0.0995953,0.0880922,0.0880922,-0.0115031
F,-0.151868,0.0520541,0.0520541,-0.0998135
F,0.24411,0.0880922,0.0880922,0.332202
F,-0.186058,0.0867945,0.0867945,-0.0992636
F,-0.0951153,0.0520541,0.0520541,-0.0430612
F,-0.0816634,0.0520541,0.0520541,-0.0296092
F,-0.092561,0.0488907,0.0488907,-0.0436703
F,0.158701,0.0527109,0.0527109,0.211412
F,-0.0940951,0.011723,0.011723,-0.0823721
F,-0.17039,0.057812,0.057812,-0.112578
F,0.125873,0.011723,0.011723,0.137596
F,0.00925349,0.093491,0.093491,0.102745
F,0.118828,0.0918082,0.0918082,0.210636
F,-0.116602,0.0520541,0.0520541,-0.0645478
F,0.2136,0.117053,0.117053,0.330653
F,0.045039,0.216729,0.216729,0.261768
F,-0.0694223,0.0269871,0.0269871,-0.0424352
F,0.250729,0.0880922,0.0880922,0.338821
F,0.140791,-0.00214317,-0.00214317,0.138648
F,0.119428,0.0527109,0.0527109,0.172139
F,-0.0616952,0.0690012,0.0690012,0.00730604
F,-0.124246,0.0488907,0.0488907,-0.0753556
F,0.433703,0.093491,0.093491,0.527195
F,0.184403,0.0527109,0.0527109,0.237113
F,-0.0908706,0.0527109,0.0527109,-0.0381597
F,-0.0550054,0.0690012,0.0690012,0.0139958
F,0.121465,0.0880922,0.0880922,0.209557
F,-0.253621,0.011723,0.011723,-0.241898
F,-0.113179,0.0654893,0.0654893,-0.0476899
F,-0.171588,0.0520541,0.0520541,-0.119534
F,0.0968517,0.0527109,0.0527109,0.149563
F,-0.0898473,0.0527109,0.0527109,-0.0371364
F,0.38157,0.0491544,0.0491544,0.430724
F,0.0528308,0.0690012,0.0690012,0.121832
F,-0.480434,0.104672,0.104672,-0.375762
F,0.0501369,0.0527109,0.0527109,0.102848
F,-0.0584256,0.0488907,0.0488907,-0.00953493
F,-0.035779,0.0690012,0.0690012,0.0332222
F,-0.0796316,0.0654893,0.0654893,-0.0141423
F,-0.311702,0.0690012,0.0690012,-0.242701
F,0.023745,0.0691658,0.0691658,0.0929108
F,-0.193045,0.133136,0.133136,-0.0599086
F,-0.312985,0.0760878,0.0760878,-0.236897
F,-0.260597,0.0527109,0.0527109,-0.207886
F,0.083096,0.0488907,0.0488907,0.131987
F,-0.227552,0.0527109,0.0527109,-0.174841
F,-0.193685,0.0527109,0.0527109,-0.140974
F,-0.0268845,0.0520541,0.0520541,0.0251696
F,0.149393,0.104672,0.104672,0.254065
F,-0.0983782,0.0527109,0.0527109,-0.0456673
F,-0.015166,0.0520541,0.0520541,0.0368881
F,0.080614,0.0918082,0.0918082,0.172422
F,0.203307,0.0867945,0.0867945,0.290101
F,0.103749,0.0192226,0.0192226,0.122971
F,-0.162524,0.0691658,0.0691658,-0.0933586
F,0.123576,0.0269871,0.0269871,0.150563
F,-0.00572552,0.0880922,0.0880922,0.0823667
F,-0.115226,0.0880922,0.0880922,-0.0271342
F,-0.228015,0.0402169,0.0402169,-0.187798
F,-0.000989272,0.0691658,0.0691658,0.0681765
F,-0.148293,0.0520541,0.0520541,-0.0962392
F,-0.291562,0.0527109,0.0527109,-0.238851
F,-0.343101,0.0488907,0.0488907,-0.294211
F,0.245539,0.0880922,0.0880922,0.333631
F,-0.069828,0.0918082,0.0918082,0.0219802
F,-0.0629026,0.0520541,0.0520541,-0.0108485
F,-0.0622364,0.0520541,0.0520541,-0.0101823
F,-0.125202,0.0760878,0.0760878,-0.0491139
F,-0.043033,0.057812,0.057812,0.014779
F,0.0447498,0.0491544,0.0491544,0.0939042
F,-0.149952,0.0520541,0.0520541,-0.0978981
F,0.456841,0.117053,0.117053,0.573894
F,-0.169001,0.0488907,0.0488907,-0.12011
F,0.0376658,0.0691658,0.0691658,0.106832
F,-0.190537,0.0488907,0.0488907,-0.141646
F,-0.24268,0.121237,0.121237,-0.121443
F,-0.243129,0.0691658,0.0691658,-0.173963
F,-0.044218,0.0488907,0.0488907,0.00467265
F,0.0864714,0.0491544,0.0491544,0.135626
F,-0.319052,0.0690012,0.0690012,-0.25005
F,-0.0239029,-0.045437,-0.045437,-0.0693399
F,0.148612,-0.045437,-0.045437,0.103175
F,-0.242324,0.0520541,0.0520541,-0.19027
F,0.100042,-0.0285421,-0.0285421,0.0714999
F,0.262674,0.0488907,0.0488907,0.311564
F,-0.234142,0.0520541,0.0520541,-0.182088
F,-0.162603,0.0867945,0.0867945,-0.0758087
F,0.082282,0.0880922,0.0880922,0.170374
F,0.36076,0.0527109,0.0527109,0.413471
F,0.0217558,0.0918082,0.0918082,0.113564
F,-0.0375589,0.0520541,0.0520541,0.0144952
F,0.0557343,0.0488907,0.0488907,0.104625
F,-0.054984,0.0488907,0.0488907,-0.00609334
F,0.00698414,0.0880922,0.0880922,0.0950763
F,0.127878,0.0192226,0.0192226,0.147101
F,-0.125587,0.126246,0.126246,0.000658244
F,-0.21807,0.0867945,0.0867945,-0.131276
F,-0.372945,0.0520541,0.0520541,-0.32089
F,-0.0547341,0.0488907,0.0488907,-0.00584347
F,-0.220126,0.0527109,0.0527109,-0.167415
F,-0.336639,0.0520541,0.0520541,-0.284585
F,-0.0732316,0.0269871,0.0269871,-0.0462444
F,-0.150595,0.104672,0.104672,-0.0459227
F,-0.170595,0.0867945,0.0867945,-0.0838004
F,0.0664839,0.0867945,0.0867945,0.153278
F,0.0778569,0.0520541,0.0520541,0.129911
F,-0.00498952,0.011723,0.011723,0.00673349
F,0.170761,0.0520541,0.0520541,0.222815
F,0.0966066,0.0918082,0.0918082,0.188415
F,-0.322807,0.0527109,0.0527109,-0.270096
F,-0.147146,-0.045437,-0.045437,-0.192583
F,-0.246924,0.0491544,0.0491544,-0.197769
F,0.055819,0.0527109,0.0527109,0.10853
F,-0.0436594,0.0880922,0.0880922,0.0444328
F,-0.331999,0.0691658,0.0691658,-0.262833
F,-0.271462,0.0527109,0.0527109,-0.218751
F,0.0760715,0.0520541,0.0520541,0.128126
F,0.0377927,0.0690012,0.0690012,0.106794
F,-0.177156,0.011723,0.011723,-0.165433
F,-0.0224234,0.0520541,0.0520541,0.0296307
F,-0.174158,0.0880922,0.0880922,-0.086066
F,-0.230101,0.0520541,0.0520541,-0.178047
F,0.022978,0.0520541,0.0520541,0.0750321
F,-0.035683,0.0491544,0.0491544,0.0134713
F,0.157624,0.0527109,0.0527109,0.210334
F,-0.263238,0.0520541,0.0520541,-0.211184
F,-0.0287245,0.0488907,0.0488907,0.0201661
F,-0.817853,0.0527109,0.0527109,-0.765142
F,0.25108,0.0867945,0.0867945,0.337875
F,-0.167055,0.0867945,0.0867945,-0.0802605
F,-0.0904649,0.0527109,0.0527109,-0.037754
F,-0.0262766,0.0654893,0.0654893,0.0392127
F,0.304708,0.0520541,0.0520541,0.356762
F,-0.0382521,0.0520541,0.0520541,0.013802
F,-0.343452,0.0918082,0.0918082,-0.251644
F,-0.216528,0.0918082,0.0918082,-0.12472
F,-0.320343,0.0527109,0.0527109,-0.267632
F,-0.0526675,0.121237,0.121237,0.0685693
F,-0.218508,0.0867945,0.0867945,-0.131713
F,-0.0851305,-0.045437,-0.045437,-0.130568
F,-0.18057,0.0880922,0.0880922,-0.0924781
F,-0.0162374,0.0527109,0.0527109,0.0364735
F,-0.0516006,0.0867945,0.0867945,0.0351938
F,-0.101547,0.0880922,0.0880922,-0.0134548
F,-0.0125304,0.057812,0.057812,0.0452816
F,0.0654403,0.0520541,0.0520541,0.117494
F,-0.197507,0.0527109,0.0527109,-0.144796
F,0.0039758,0.011723,0.011723,0.0156988
F,-0.106941,0.0880922,0.0880922,-0.0188487
F,-0.0637556,0.0520541,0.0520541,-0.0117014
F,-0.263733,0.0520541,0.0520541,-0.211678
F,0.046891,0.0527109,0.0527109,0.0996019
F,0.0983665,0.0880922,0.0880922,0.186459
F,0.181167,0.0867945,0.0867945,0.267961
F,0.259293,0.0527109,0.0527109,0.312004
F,-0.295714,0.0520541,0.0520541,-0.24366
F,-0.0512445,0.0488907,0.0488907,-0.00235386
F,0.0115626,0.0520541,0.0520541,0.0636167
F,0.286114,0.0867945,0.0867945,0.372909
F,0.332798,0.0520541,0.0520541,0.384852
F,-0.141714,0.0527109,0.0527109,-0.0890029
F,-0.0139598,0.0527109,0.0527109,0.038751
F,0.373156,0.0527109,0.0527109,0.425867
F,-0.130859,0.0880922,0.0880922,-0.0427671
F,-0.0870882,-0.00214317,-0.00214317,-0.0892314
F,0.281145,0.0488907,0.0488907,0.330035
F,0.176711,0.0880922,0.0880922,0.264803
F,-0.072431,0.0918082,0.0918082,0.0193772
F,0.0057346,0.011723,0.011723,0.0174576
F,-0.0626384,0.0527109,0.0527109,-0.00992752
F,0.239048,0.0527109,0.0527109,0.291759
F,0.149726,0.0488907,0.0488907,0.198616
F,-0.270746,0.0269871,0.0269871,-0.243759
F,-0.116923,0.0867945,0.0867945,-0.0301286
F,-0.204266,0.0491544,0.0491544,-0.155112
F,-0.00167732,0.0520541,0.0520541,0.0503768
F,-0.140535,0.0192226,0.0192226,-0.121313
F,-0.145011,0.0520541,0.0520541,-0.0929572
F,0.0266847,0.0491544,0.0491544,0.0758391
F,-0.394443,0.0520541,0.0520541,-0.342389
F,-0.467475,0.0527109,0.0527109,-0.414764
F,-0.329199,0.0520541,0.0520541,-0.277145
F,-0.30915,0.057812,0.057812,-0.251338
F,0.165514,0.0520541,0.0520541,0.217568
F,0.053071,0.0527109,0.0527109,0.105782
F,0.0791967,0.0880922,0.0880922,0.167289
F,0.10918,0.104672,0.104672,0.213852
F,-0.22625,0.117053,0.117053,-0.109197
F,0.141724,0.0520541,0.0520541,0.193778
F,0.18569,0.0520541,0.0520541,0.237744
F,0.0575214,0.0867945,0.0867945,0.144316
F,0.226016,-0.045437,-0.045437,0.180579
F,-0.153662,0.0527109,0.0527109,-0.100951
F,-0.0347601,0.104672,0.104672,0.069912
F,-0.318576,0.0520541,0.0520541,-0.266522
F,0.0327393,0.110887,0.110887,0.143627
F,-0.254937,0.0269871,0.0269871,-0.22795
F,0.140563,0.0488907,0.0488907,0.189454
F,-0.119772,0.0880922,0.0880922,-0.0316801
F,-0.455495,0.0867945,0.0867945,-0.368701
F,0.181721,0.0520541,0.0520541,0.233775
F,-0.0825042,0.104672,0.104672,0.0221678
F,0.108968,0.0511162,0.0511162,0.160084
F,-0.274416,0.121237,0.121237,-0.15318
F,0.175935,0.0880922,0.0880922,0.264027
F,0.049463,0.0690012,0.0690012,0.118464
F,-0.230397,0.0520541,0.0520541,-0.178343
F,0.432425,0.0654893,0.0654893,0.497914
F,0.0976745,0.0527109,0.0527109,0.150385
F,0.159977,0.011723,0.011723,0.1717
F,-0.100278,0.0527109,0.0527109,-0.0475672
F,0.0764389,0.0527109,0.0527109,0.12915
F,-0.0804039,0.0520541,0.0520541,-0.0283498
F,-0.0837419,0.121237,0.121237,0.0374949
F,-0.0701703,0.0867945,0.0867945,0.0166242
F,0.0761174,0.0269871,0.0269871,0.103105
F,-0.307154,0.0691658,0.0691658,-0.237988
F,0.264099,-0.045437,-0.045437,0.218662
F,0.255676,0.0690012,0.0690012,0.324677
F,0.0771305,0.0527109,0.0527109,0.129841
F,-0.211603,0.0488907,0.0488907,-0.162712
F,0.443322,0.0520541,0.0520541,0.495376
F,-0.0626287,0.0691658,0.0691658,0.00653713
F,0.0187007,0.0691658,0.0691658,0.0878665
F,0.0624864,0.0527109,0.0527109,0.115197
F,-0.311472,0.0880922,0.0880922,-0.22338
F,-0.401806,0.0867945,0.0867945,-0.315012
F,0.176612,0.0527109,0.0527109,0.229323
F,0.0231762,0.011723,0.011723,0.0348992
F,-0.172427,0.0867945,0.0867945,-0.0856327
F,-0.103563,0.0192226,0.0192226,-0.0843408
F,-0.414304,0.0491544,0.0491544,-0.36515
F,-0.169619,0.0488907,0.0488907,-0.120729
F,-0.0606455,0.0488907,0.0488907,-0.0117548
F,0.0569477,0.0488907,0.0488907,0.105838
F,-0.263242,0.0654893,0.0654893,-0.197753
F,0.0215931,0.0527109,0.0527109,0.0743039
F,0.239564,0.0691658,0.0691658,0.30873
F,-0.0767059,-0.045437,-0.045437,-0.122143
F,0.010152,0.0520541,0.0520541,0.0622061
F,-0.0884338,0.0527109,0.0527109,-0.0357229
F,-0.068262,0.0520541,0.0520541,-0.0162079
F,-0.0739658,0.0880922,0.0880922,0.0141264
F,0.0174773,0.0867945,0.0867945,0.104272
F,0.0629445,0.0691658,0.0691658,0.13211
F,0.00895403,0.0867945,0.0867945,0.0957485
F,-0.293657,0.0527109,0.0527109,-0.240946
F,0.12387,0.0520541,0.0520541,0.175924
F,0.111189,0.0527109,0.0527109,0.1639
F,0.264223,0.0527109,0.0527109,0.316934
F,-0.170331,0.132019,0.132019,-0.0383119
F,-0.0387536,0.0488907,0.0488907,0.0101371
F,0.0504516,0.0520541,0.0520541,0.102506
F,-0.107382,0.0527109,0.0527109,-0.054671
F,0.314273,0.0880922,0.0880922,0.402365
F,-0.396004,0.164795,0.164795,-0.231209
F,-0.583583,0.0520541,0.0520541,-0.531529
F,0.00846776,0.0527109,0.0527109,0.0611786
F,-0.0867393,0.0880922,0.0880922,0.00135291
F,0.00595342,0.0488907,0.0488907,0.0548441
F,-0.184303,0.0491544,0.0491544,-0.135148
F,0.0895452,0.117053,0.117053,0.206598
F,-0.389686,0.0691658,0.0691658,-0.32052
F,-0.252467,0.0527109,0.0527109,-0.199756
F,-0.250243,0.0527109,0.0527109,-0.197532
F,0.0731985,0.0654893,0.0654893,0.138688
F,0.215537,0.0565378,0.0565378,0.272075
F,0.0593334,0.121237,0.121237,0.18057
F,-0.300249,0.0918082,0.0918082,-0.208441
F,-0.0943523,0.0880922,0.0880922,-0.00626007
F,-0.213411,0.0654893,0.0654893,-0.147922
F,0.225149,0.0527109,0.0527109,0.27786
F,0.0978663,0.0520541,0.0520541,0.14992
F,-0.0599025,0.011723,0.011723,-0.0481795
F,0.131124,0.0918082,0.0918082,0.222932
F,-0.0947392,0.0880922,0.0880922,-0.00664695
F,-0.276691,0.0880922,0.0880922,-0.188599
F,-0.486881,0.057812,0.057812,-0.429069
F,-0.254517,0.011723,0.011723,-0.242794
F,-0.0246735,0.0527109,0.0527109,0.0280374
F,-0.0237976,0.0527109,0.0527109,0.0289133
F,-0.439983,0.0488907,0.0488907,-0.391093
F,-0.00510654,0.0880922,0.0880922,0.0829857
F,-0.145676,0.0192226,0.0192226,-0.126454
F,-0.425474,0.0527109,0.0527109,-0.372763
F,-0.0256163,0.0527109,0.0527109,0.0270946
F,-0.249978,-0.045437,-0.045437,-0.295416
F,-0.18575,0.011723,0.011723,-0.174027
F,-0.385,0.0527109,0.0527109,-0.332289
F,0.19498,-0.045437,-0.045437,0.149543
F,-0.0303785,0.0488907,0.0488907,0.0185121
F,0.0681448,0.0269871,0.0269871,0.095132
F,0.327598,0.0691658,0.0691658,0.396764
F,-0.112035,0.0918082,0.0918082,-0.0202268
F,0.218809,-0.045437,-0.045437,0.173372
F,-0.307515,0.0527109,0.0527109,-0.254804
F,-0.0201857,0.0488907,0.0488907,0.028705
F,-0.148048,0.0691658,0.0691658,-0.0788819
F,-0.421288,0.0192226,0.0192226,-0.402065
F,-0.113144,0.0527109,0.0527109,-0.0604332
F,-0.320635,0.0690012,0.0690012,-0.251633
F,-0.215662,0.0520541,0.0520541,-0.163608
F,-0.0140991,0.0520541,0.0520541,0.037955
F,-0.442808,0.0918082,0.0918082,-0.351
F,0.112073,0.0527109,0.0527109,0.164784
F,-0.0195592,0.0527109,0.0527109,0.0331517
F,0.160461,0.0520541,0.0520541,0.212515
F,-0.191861,0.0527109,0.0527109,-0.13915
F,-0.0869811,0.0880922,0.0880922,0.00111108
F,-0.45268,0.0520541,0.0520541,-0.400626
F,-0.0341545,0.0565378,0.0565378,0.0223833
F,0.194031,0.0491544,0.0491544,0.243186
F,0.284821,0.0880922,0.0880922,0.372913
F,0.186086,0.117053,0.117053,0.303139
F,-0.217585,0.093491,0.093491,-0.124094
F,-0.10643,0.0520541,0.0520541,-0.0543757
F,0.00416183,0.0867945,0.0867945,0.0909563
F,-0.508154,0.104672,0.104672,-0.403482
F,0.144136,0.0880922,0.0880922,0.232228
F,-0.11834,0.0880922,0.0880922,-0.0302473
F,0.193566,0.0527109,0.0527109,0.246277
F,-0.426353,0.126246,0.126246,-0.300107
F,-0.0471747,0.057812,0.057812,0.0106373
F,0.110518,0.0520541,0.0520541,0.162572
F,-0.262767,0.0520541,0.0520541,-0.210713
F,-0.357451,0.0491544,0.0491544,-0.308296
F,0.238146,0.0491544,0.0491544,0.2873
F,0.0294209,0.0527109,0.0527109,0.0821318
F,-0.120753,0.0918082,0.0918082,-0.0289452
F,-0.133552,0.0880922,0.0880922,-0.04546
F,-0.531535,-0.0285421,-0.0285421,-0.560077
F,0.0530018,0.0880922,0.0880922,0.141094
F,0.0256306,0.0520541,0.0520541,0.0776847
F,0.143587,0.0527109,0.0527109,0.196298
F,-0.0595478,0.0488907,0.0488907,-0.0106571
F,-0.113879,0.0491544,0.0491544,-0.064725
F,-0.266099,0.0867945,0.0867945,-0.179304
F,-0.246433,0.0527109,0.0527109,-0.193722
F,-0.246468,0.0691658,0.0691658,-0.177302
F,-0.519352,0.0269871,0.0269871,-0.492365
F,0.0774353,0.0867945,0.0867945,0.16423
F,0.0170426,0.0527109,0.0527109,0.0697535
F,-0.0383158,0.0402169,0.0402169,0.00190102
F,0.0548018,0.0488907,0.0488907,0.103692
F,0.096484,0.0880922,0.0880922,0.184576
F,0.145306,0.0691658,0.0691658,0.214471
F,0.039299,0.0880922,0.0880922,0.127391
F,-0.198759,0.0527109,0.0527109,-0.146048
F,-0.0995133,0.0918082,0.0918082,-0.00770516
F,0.0613755,0.0520541,0.0520541,0.11343
F,-0.0990058,0.0867945,0.0867945,-0.0122113
F,0.0256382,0.0488907,0.0488907,0.0745289
F,0.156056,0.0867945,0.0867945,0.24285
F,0.137116,0.0690012,0.0690012,0.206117
F,-0.077148,0.0527109,0.0527109,-0.0244371
F,-0.176523,0.0488907,0.0488907,-0.127633
F,0.0658613,0.0520541,0.0520541,0.117915
F,-0.00863519,0.0527109,0.0527109,0.0440757
F,0.0402144,0.011723,0.011723,0.0519374
F,-0.0716755,0.0527109,0.0527109,-0.0189646
F,-0.0533847,0.0491544,0.0491544,-0.00423031
F,-0.0201061,0.0867945,0.0867945,0.0666884
F,-0.141052,0.0488907,0.0488907,-0.0921609
F,0.370542,0.0918082,0.0918082,0.46235
F,0.166808,0.0520541,0.0520541,0.218862
F,-0.0352865,0.0880922,0.0880922,0.0528057
F,-0.157917,0.0192226,0.0192226,-0.138695
F,-0.281609,0.0192226,0.0192226,-0.262387
F,0.0532592,0.0491544,0.0491544,0.102414
F,-0.304333,0.0691658,0.0691658,-0.235167
F,-0.0798004,0.0527109,0.0527109,-0.0270895
F,0.0812776,0.06042,0.06042,0.141698
F,0.0692187,-0.045437,-0.045437,0.0237816
F,-0.49933,0.0867945,0.0867945,-0.412536
F,0.036337,0.057812,0.057812,0.094149
F,0.203593,0.0520541,0.0520541,0.255648
F,0.124895,0.0488907,0.0488907,0.173786
F,-0.0972288,0.0491544,0.0491544,-0.0480745
F,0.0170656,0.0527109,0.0527109,0.0697765
F,0.278375,0.0527109,0.0527109,0.331086
F,-0.259695,0.0520541,0.0520541,-0.207641
F,-0.0653271,-0.045437,-0.045437,-0.110764
F,-0.272935,0.0269871,0.0269871,-0.245948
F,0.165673,0.0520541,0.0520541,0.217727
F,-0.0311109,0.0488907,0.0488907,0.0177798
F,-0.48414,0.0488907,0.0488907,-0.435249
F,-0.0656446,0.0867945,0.0867945,0.0211499
F,0.0807975,0.133136,0.133136,0.213933
F,-0.360286,0.0488907,0.0488907,-0.311396
F,-0.145213,0.0867945,0.0867945,-0.058418
F,0.207302,0.0192226,0.0192226,0.226524
F,-0.111757,-0.045437,-0.045437,-0.157194
F,0.0343841,0.0527109,0.0527109,0.087095
F,0.0158123,0.0520541,0.0520541,0.0678664
F,-0.194203,0.0527109,0.0527109,-0.141492
F,-0.0622716,0.0527109,0.0527109,-0.00956072
F,-0.0423578,0.0527109,0.0527109,0.0103531
F,-0.144943,0.057812,0.057812,-0.0871308
F,-0.0362441,0.0880922,0.0880922,0.0518481
F,0.158677,0.0192226,0.0192226,0.1779
F,-0.0141832,0.0867945,0.0867945,0.0726113
F,0.122817,0.0918082,0.0918082,0.214625
F,-0.163974,0.0520541,0.0520541,-0.11192
F,-0.403621,0.0520541,0.0520541,-0.351567
F,-0.242285,-0.045437,-0.045437,-0.287722
F,0.114193,0.0520541,0.0520541,0.166247
F,0.0170635,0.0491544,0.0491544,0.0662179
F,0.0931625,-0.045437,-0.045437,0.0477255
F,-0.132227,0.0880922,0.0880922,-0.0441343
F,0.0452516,0.0520541,0.0520541,0.0973057
F,0.0270071,0.0488907,0.0488907,0.0758978
F,0.437558,0.0527109,0.0527109,0.490268
F,0.0839101,0.0867945,0.0867945,0.170705
F,0.299477,0.011723,0.011723,0.3112
F,-0.13359,0.0527109,0.0527109,-0.0808794
F,0.243192,0.0527109,0.0527109,0.295903
F,-0.160086,-0.045437,-0.045437,-0.205523
F,-0.200578,0.0880922,0.0880922,-0.112486
F,0.348767,0.0691658,0.0691658,0.417933
F,0.106803,0.0520541,0.0520541,0.158857
F,-0.173685,0.0520541,0.0520541,-0.12163
F,-0.0216523,0.011723,0.011723,-0.00992928
F,-0.230356,0.0520541,0.0520541,-0.178301
F,-0.173202,0.0867945,0.0867945,-0.0864074
F,-0.0706473,0.0691658,0.0691658,-0.00148153
F,0.15492,0.0520541,0.0520541,0.206974
F,0.209478,0.0192226,0.0192226,0.228701
F,0.191721,0.0690012,0.0690012,0.260722
F,-0.0717234,0.0527109,0.0527109,-0.0190126
F,0.36317,0.0918082,0.0918082,0.454978
F,-0.190046,0.0867945,0.0867945,-0.103251
F,-0.199861,-0.045437,-0.045437,-0.245298
F,0.0537904,0.0867945,0.0867945,0.140585
F,0.062344,0.0527109,0.0527109,0.115055
F,0.0732912,0.0520541,0.0520541,0.125345
F,-0.164817,0.0691658,0.0691658,-0.0956512
F,0.00442287,0.0867945,0.0867945,0.0912174
F,0.0985851,0.0867945,0.0867945,0.18538
F,-0.088413,0.0527109,0.0527109,-0.0357021
F,0.0253965,0.0192226,0.0192226,0.044619
F,-0.0540987,0.0520541,0.0520541,-0.00204458
F,0.0618874,0.0918082,0.0918082,0.153696
F,0.117606,0.0520541,0.0520541,0.16966
F,0.216383,0.0520541,0.0520541,0.268437
F,0.241503,0.0527109,0.0527109,0.294214
F,-0.0626042,0.0491544,0.0491544,-0.0134498
F,0.0225804,0.0488907,0.0488907,0.071471
F,-0.161812,0.0691658,0.0691658,-0.0926461
F,-0.0847725,0.117053,0.117053,0.0322805
F,-0.116569,0.0527109,0.0527109,-0.0638578
F,-0.079463,-0.00214317,-0.00214317,-0.0816062
F,-0.397276,0.0691658,0.0691658,-0.328111
F,-0.359229,0.06042,0.06042,-0.298809
F,-0.137966,0.0527109,0.0527109,-0.0852554
F,-0.0477262,0.0880922,0.0880922,0.040366
F,0.37819,0.0527109,0.0527109,0.430901
F,-0.100645,0.0880922,0.0880922,-0.0125529
F,-0.179436,0.011723,0.011723,-0.167713
F,-0.0640207,0.0880922,0.0880922,0.0240715
F,-0.290108,0.0520541,0.0520541,-0.238053
F,0.17264,0.0520541,0.0520541,0.224694
F,-0.194422,0.0488907,0.0488907,-0.145531
F,0.125965,0.0520541,0.0520541,0.178019
F,-0.209196,0.0527109,0.0527109,-0.156485
F,0.199165,0.0520541,0.0520541,0.251219
F,-0.242107,-0.045437,-0.045437,-0.287544
F,-0.026214,0.0491544,0.0491544,0.0229404
F,0.0776799,0.0527109,0.0527109,0.130391
F,-0.440432,0.0520541,0.0520541,-0.388378
F,-0.221436,0.0520541,0.0520541,-0.169382
F,-0.0564548,0.0520541,0.0520541,-0.0044007
F,0.110528,0.0527109,0.0527109,0.163238
F,0.667708,0.0760878,0.0760878,0.743796
F,-0.10688,0.0880922,0.0880922,-0.0187874
F,0.199798,0.0527109,0.0527109,0.252509
F,-0.0328012,0.011723,0.011723,-0.0210782
F,-0.219557,0.0402169,0.0402169,-0.17934
F,-0.275109,0.208161,0.208161,-0.066948
F,-0.135492,0.011723,0.011723,-0.123769
F,0.0522853,0.0491544,0.0491544,0.10144
F,0.0386297,0.0491544,0.0491544,0.0877841
F,0.102396,0.0867945,0.0867945,0.189191
F,0.186906,0.0192226,0.0192226,0.206128
F,-0.29307,0.057812,0.057812,-0.235258
F,0.164331,0.0918082,0.0918082,0.256139
F,0.21981,0.0192226,0.0192226,0.239032
F,-0.171701,0.093491,0.093491,-0.0782103
F,-0.338887,0.0527109,0.0527109,-0.286176
F,-0.251459,0.0527109,0.0527109,-0.198748
F,-0.0992132,0.0527109,0.0527109,-0.0465023
F,-0.0137782,0.0520541,0.0520541,0.0382759
F,-0.0353273,0.0880922,0.0880922,0.0527649
F,-0.128676,0.0880922,0.0880922,-0.0405835
F,-0.165361,0.0520541,0.0520541,-0.113307
F,-0.165684,0.0527109,0.0527109,-0.112973
F,-0.3408,0.0269871,0.0269871,-0.313813
F,-0.0165077,0.126246,0.126246,0.109738
F,-0.0621024,0.0491544,0.0491544,-0.0129481
F,0.0445839,0.0690012,0.0690012,0.113585
F,-0.0669829,0.121237,0.121237,0.0542539
F,0.314121,0.0691658,0.0691658,0.383287
F,-0.0188101,0.0880922,0.0880922,0.0692821
F,-0.379494,-0.045437,-0.045437,-0.424931
F,0.0733081,0.0491544,0.0491544,0.122462
F,-0.1342,0.0520541,0.0520541,-0.0821454
F,-0.287126,0.0527109,0.0527109,-0.234415
F,-0.281924,0.0527109,0.0527109,-0.229213
F,-0.213271,0.0527109,0.0527109,-0.16056
F,0.172549,0.0527109,0.0527109,0.225259
F,0.0972996,0.0527109,0.0527109,0.15001
F,-0.0950611,0.0690012,0.0690012,-0.0260599
F,-0.220241,0.0520541,0.0520541,-0.168187
F,-0.180959,0.0867945,0.0867945,-0.0941648
F,-0.191536,0.0880922,0.0880922,-0.103444
F,-0.425485,0.0527109,0.0527109,-0.372774
F,0.0951638,0.0867945,0.0867945,0.181958
F,0.0987316,0.208161,0.208161,0.306893
F,-0.271217,0.0192226,0.0192226,-0.251995
F,-0.115454,0.0192226,0.0192226,-0.0962315
F,-0.102073,0.0527109,0.0527109,-0.0493625
F,-0.107983,0.0527109,0.0527109,-0.0552723
F,0.100733,0.093491,0.093491,0.194224
F,-0.310516,0.0867945,0.0867945,-0.223722
F,-0.205281,0.0488907,0.0488907,-0.15639
F,0.0411535,0.0880922,0.0880922,0.129246
F,0.283528,0.126246,0.126246,0.409774
F,-0.335264,0.0491544,0.0491544,-0.28611
F,0.181103,0.0520541,0.0520541,0.233157
F,-0.293248,0.0527109,0.0527109,-0.240537
F,-0.194012,0.0880922,0.0880922,-0.10592
F,0.0345133,-0.0285421,-0.0285421,0.00597117
F,0.120346,0.011723,0.011723,0.132069
F,-0.117718,0.0520541,0.0520541,-0.065664
F,-0.0723354,0.0691658,0.0691658,-0.00316957
F,0.239082,0.057812,0.057812,0.296894
F,0.0661892,0.0527109,0.0527109,0.1189
F,-0.340536,0.117053,0.117053,-0.223483
F,0.0719352,-0.045437,-0.045437,0.0264982
F,0.373246,-0.045437,-0.045437,0.327809
F,0.333785,0.0527109,0.0527109,0.386496
F,-0.242965,0.0527109,0.0527109,-0.190254
F,-0.0750256,0.011723,0.011723,-0.0633026
F,-0.220501,0.0880922,0.0880922,-0.132409
F,-0.170334,0.0491544,0.0491544,-0.12118
F,-0.198069,0.0520541,0.0520541,-0.146015
F,-0.151101,-0.045437,-0.045437,-0.196538
F,-0.205277,0.0918082,0.0918082,-0.113469
F,0.0886623,0.0527109,0.0527109,0.141373
F,0.0495046,0.0520541,0.0520541,0.101559
F,-0.179943,0.0491544,0.0491544,-0.130789
F,-0.21677,0.0520541,0.0520541,-0.164716
F,-0.0841462,0.0918082,0.0918082,0.00766194
F,0.00255356,0.0520541,0.0520541,0.0546077
F,0.319574,0.0918082,0.0918082,0.411382
F,0.333803,0.0269871,0.0269871,0.36079
F,-0.0144198,0.0691658,0.0691658,0.054746
F,0.0206951,-0.045437,-0.045437,-0.024742
F,0.107,0.0520541,0.0520541,0.159054
F,0.00752444,0.0520541,0.0520541,0.0595786
F,0.0936598,-0.045437,-0.045437,0.0482227
F,-0.00645153,0.0520541,0.0520541,0.0456026
F,-0.0508617,0.0654893,0.0654893,0.0146276
F,-0.308717,-0.045437,-0.045437,-0.354154
F,0.219898,0.0520541,0.0520541,0.271952
F,0.041481,0.0880922,0.0880922,0.129573
F,0.0843206,0.117053,0.117053,0.201374
F,0.0570714,0.126246,0.126246,0.183317
F,-0.419269,0.121237,0.121237,-0.298032
F,-0.0402343,0.011723,0.011723,-0.0285113
F,-0.0225146,0.0520541,0.0520541,0.0295395
F,0.0724796,0.0867945,0.0867945,0.159274
F,-0.0709616,0.0918082,0.0918082,0.0208466
F,-0.362027,0.057812,0.057812,-0.304215
F,-0.323029,0.0867945,0.0867945,-0.236235
F,-0.297246,0.011723,0.011723,-0.285523
F,0.0600642,0.0880922,0.0880922,0.148156
F,0.161643,0.0527109,0.0527109,0.214354
F,0.125628,0.0269871,0.0269871,0.152615
F,0.00331591,0.0520541,0.0520541,0.05537
F,0.0533508,0.0795002,0.0795002,0.132851
F,-0.0609363,0.057812,0.057812,-0.00312428
F,-0.490114,0.0520541,0.0520541,-0.43806
F,-0.0829167,0.0527109,0.0527109,-0.0302058
F,0.132972,0.011723,0.011723,0.144695
F,0.117654,0.011723,0.011723,0.129377
F,-0.0435549,0.0520541,0.0520541,0.00849922
F,-0.129239,0.104672,0.104672,-0.0245667
F,-0.204858,0.126246,0.126246,-0.0786125
F,0.0281378,0.0520541,0.0520541,0.0801919
F,-0.0616965,0.0918082,0.0918082,0.0301116
F,-0.152506,0.121237,0.121237,-0.0312692
F,-0.0414684,0.0488907,0.0488907,0.00742226
F,-0.0438487,0.0520541,0.0520541,0.00820545
F,-0.355129,0.0527109,0.0527109,-0.302419
F,-0.22036,0.0918082,0.0918082,-0.128552
F,-0.229026,0.0527109,0.0527109,-0.176315
F,-0.104124,0.133136,0.133136,0.0290123
F,0.189344,-0.045437,-0.045437,0.143907
F,-0.0335735,0.0520541,0.0520541,0.0184806
F,-0.0202815,0.0520541,0.0520541,0.0317726
F,0.0867379,0.0867945,0.0867945,0.173532
F,0.100112,0.0520541,0.0520541,0.152166
F,-0.237066,0.0880922,0.0880922,-0.148974
F,-0.123862,0.0527109,0.0527109,-0.0711515
F,-0.068665,-0.045437,-0.045437,-0.114102
F,0.0665283,0.0880922,0.0880922,0.154621
F,-0.0293804,0.0654893,0.0654893,0.0361089
F,-0.0930942,0.0520541,0.0520541,-0.0410401
F,-0.399943,0.0527109,0.0527109,-0.347232
F,0.27407,0.0760878,0.0760878,0.350158
F,0.262535,0.0520541,0.0520541,0.314589
F,0.0154538,0.0527109,0.0527109,0.0681647
F,0.460638,0.0520541,0.0520541,0.512692
F,-0.265393,0.0527109,0.0527109,-0.212682
F,0.267134,0.0527109,0.0527109,0.319845
F,-0.43732,0.0520541,0.0520541,-0.385266
F,-0.00676643,0.0880922,0.0880922,0.0813258
F,-0.441809,0.0520541,0.0520541,-0.389755
F,0.0744476,0.0520541,0.0520541,0.126502
F,-0.271897,0.0527109,0.0527109,-0.219186
F,-0.109652,0.0880922,0.0880922,-0.0215601
F,-0.01933,0.0488907,0.0488907,0.0295607
F,0.0690636,0.0867945,0.0867945,0.155858
F,0.0398761,0.0527109,0.0527109,0.092587
F,0.156459,0.0491544,0.0491544,0.205613
F,-0.420454,0.121237,0.121237,-0.299217
F,-0.183771,0.0880922,0.0880922,-0.0956791
F,0.183276,0.0527109,0.0527109,0.235987
F,0.00933486,0.0880922,0.0880922,0.0974271
F,0.211813,0.0867945,0.0867945,0.298608
F,-0.167487,0.0880922,0.0880922,-0.0793952
F,0.0463223,0.0527109,0.0527109,0.0990332
F,0.0951694,0.0867945,0.0867945,0.181964
F,-0.431415,0.0488907,0.0488907,-0.382524
F,-0.210717,0.0867945,0.0867945,-0.123922
F,-0.0699654,0.0880922,0.0880922,0.0181268
F,0.0485266,0.0402169,0.0402169,0.0887434
F,0.162128,0.0269871,0.0269871,0.189115
F,-0.109691,0.0880922,0.0880922,-0.0215989
F,0.0764421,0.117053,0.117053,0.193495
F,0.119108,0.0491544,0.0491544,0.168263
F,-0.0853772,0.0488907,0.0488907,-0.0364866
F,-0.317553,0.0527109,0.0527109,-0.264842
F,-0.110601,0.0867945,0.0867945,-0.0238068
F,-0.0256698,0.093491,0.093491,0.0678212
F,0.155653,0.133136,0.133136,0.288789
F,0.0188674,0.0488907,0.0488907,0.067758
F,-0.181201,0.0527109,0.0527109,-0.12849
F,-0.044555,0.0520541,0.0520541,0.00749914
F,-0.0242633,0.0527109,0.0527109,0.0284476
F,-0.180524,0.0867945,0.0867945,-0.0937291
F,-0.110418,0.011723,0.011723,-0.098695
F,-0.0848581,0.0690012,0.0690012,-0.0158569
F,-0.0265849,0.0520541,0.0520541,0.0254692
F,0.289715,-0.045437,-0.045437,0.244278
F,-0.497453,0.0520541,0.0520541,-0.445399
F,0.155958,0.0880922,0.0880922,0.24405
F,-0.199673,0.011723,0.011723,-0.18795
F,0.192354,0.0527109,0.0527109,0.245065
F,0.195372,0.0488907,0.0488907,0.244262
F,-0.0361047,0.0880922,0.0880922,0.0519875
F,0.0375813,0.0880922,0.0880922,0.125674
F,-0.118191,0.0527109,0.0527109,-0.0654798
F,0.192538,0.0520541,0.0520541,0.244592
F,-0.114119,0.0918082,0.0918082,-0.0223109
F,-0.0449122,0.0880922,0.0880922,0.04318
F,0.123629,0.0880922,0.0880922,0.211721
F,-0.383513,0.0527109,0.0527109,-0.330802
F,-0.175805,0.0691658,0.0691658,-0.106639
F,0.0501742,-0.045437,-0.045437,0.0047372
F,0.294678,-0.045437,-0.045437,0.249241
F,-0.102141,0.0520541,0.0520541,-0.0500871
F,0.041581,0.0880922,0.0880922,0.129673
F,0.203585,0.121237,0.121237,0.324822
F,0.180659,0.0491544,0.0491544,0.229813
F,-0.0247976,0.011723,0.011723,-0.0130746
F,0.113485,-0.045437,-0.045437,0.0680477
F,0.0812328,0.0269871,0.0269871,0.10822
F,-0.0028455,0.0867945,0.0867945,0.083949
F,-0.308429,0.0880922,0.0880922,-0.220337
F,-0.157305,0.0192226,0.0192226,-0.138082
F,0.216718,0.0192226,0.0192226,0.23594
F,0.0560246,-0.045437,-0.045437,0.0105876
F,-0.39589,0.0527109,0.0527109,-0.343179
F,0.168082,0.0520541,0.0520541,0.220136
F,-0.12491,0.0520541,0.0520541,-0.0728564
F,0.172488,0.0269871,0.0269871,0.199475
F,-0.0959517,0.0527109,0.0527109,-0.0432408
F,0.166352,0.0918082,0.0918082,0.25816
F,0.00537232,0.011723,0.011723,0.0170953
F,-0.225923,0.121237,0.121237,-0.104686
F,-0.122378,0.0691658,0.0691658,-0.0532123
F,0.116725,-0.045437,-0.045437,0.0712876
F,0.164731,0.0488907,0.0488907,0.213621
F,0.156653,0.0520541,0.0520541,0.208707
F,-0.280653,0.011723,0.011723,-0.26893
F,0.194153,0.0527109,0.0527109,0.246864
F,0.140512,0.0520541,0.0520541,0.192566
F,0.0995935,0.0867945,0.0867945,0.186388
F,-0.172486,0.0488907,0.0488907,-0.123596
F,0.042374,0.0520541,0.0520541,0.0944281
F,-0.159668,0.0527109,0.0527109,-0.106957
F,-0.276442,0.0527109,0.0527109,-0.223731
F,-0.0747768,0.0520541,0.0520541,-0.0227227
F,-0.0419965,0.0880922,0.0880922,0.0460957
F,-0.191113,0.0527109,0.0527109,-0.138402
F,-0.0838018,0.093491,0.093491,0.00968921
F,-0.109693,0.0918082,0.0918082,-0.0178852
F,0.235868,0.0867945,0.0867945,0.322662
F,0.164158,0.0918082,0.0918082,0.255967
F,0.10168,0.0488907,0.0488907,0.150571
F,0.0347505,0.0269871,0.0269871,0.0617377
F,-0.17955,0.0527109,0.0527109,-0.126839
F,0.0427289,0.0654893,0.0654893,0.108218
F,-0.192898,0.0527109,0.0527109,-0.140187
F,-0.205188,0.0488907,0.0488907,-0.156297
F,-0.296674,0.057812,0.057812,-0.238862
M,-0.0627606,0.0465662,0.0465662,-0.0161945
M,-0.290324,-0.145172,-0.145172,-0.435496
M,0.180232,0.00950019,0.00950019,0.189732
M,-0.214404,-0.0526643,-0.0526643,-0.267068
M,-0.147411,0.0580896,0.0580896,-0.0893218
M,-0.00372503,0.000270658,0.000270658,-0.00345437
M,-0.0492073,-0.0526643,-0.0526643,-0.101872
M,-0.219207,0.00950019,0.00950019,-0.209707
M,-0.328574,-0.0526643,-0.0526643,-0.381238
M,-0.043459,0.0413922,0.0413922,-0.00206686
M,0.270777,0.000270658,0.000270658,0.271048
M,-0.0570144,-0.145172,-0.145172,-0.202187
M,-0.0760885,0.121286,0.121286,0.0451977
M,0.0717018,-0.0526643,-0.0526643,0.0190376
M,0.0831007,0.0599689,0.0599689,0.14307
M,0.164194,-0.0526643,-0.0526643,0.11153
M,-0.22866,0.103342,0.103342,-0.125318
M,-0.0215769,0.121286,0.121286,0.0997093
M,0.13822,0.0580896,0.0580896,0.19631
M,-0.167405,-0.0526643,-0.0526643,-0.220069
M,0.323137,0.00950019,0.00950019,0.332637
M,0.299107,0.103342,0.103342,0.402449
M,0.105565,-0.0526643,-0.0526643,0.0529007
M,-0.0123656,0.0580896,0.0580896,0.045724
M,0.0207063,0.0580896,0.0580896,0.0787959
M,-0.248123,0.113453,0.113453,-0.13467
M,0.298275,0.0174645,0.0174645,0.31574
M,0.215326,0.0580896,0.0580896,0.273416
M,0.0745887,0.0456302,0.0456302,0.120219
M,-0.00514039,0.169339,0.169339,0.164199
M,-0.171334,-0.0526643,-0.0526643,-0.223998
M,0.117919,0.000270658,0.000270658,0.11819
M,-0.152217,0.0580896,0.0580896,-0.0941272
M,0.202482,0.000270658,0.000270658,0.202752
M,-0.132683,-0.145172,-0.145172,-0.277855
M,-0.316301,0.0599689,0.0599689,-0.256332
M,0.141028,0.0174645,0.0174645,0.158493
M,0.280095,-0.0526643,-0.0526643,0.22743
M,-0.314116,-0.0526643,-0.0526643,-0.366781
M,-0.0266087,0.103342,0.103342,0.0767334
M,-0.0597389,-0.0526643,-0.0526643,-0.112403
M,0.0754399,0.103342,0.103342,0.178782
M,-0.0675871,0.0413922,0.0413922,-0.0261949
M,-0.260745,0.0599689,0.0599689,-0.200776
M,-0.249091,-0.0526643,-0.0526643,-0.301756
M,-0.0764517,0.103342,0.103342,0.0268904
M,0.287737,0.0413922,0.0413922,0.329129
M,-0.0270262,-0.0526643,-0.0526643,-0.0796905
M,0.483535,-0.0526643,-0.0526643,0.43087
M,0.0879299,0.0599689,0.0599689,0.147899
M,-0.0431068,0.103342,0.103342,0.0602353
M,0.288137,-0.0468309,-0.0468309,0.241306
M,-0.373849,0.000270658,0.000270658,-0.373579
M,-0.00614953,0.000270658,0.000270658,-0.00587887
M,0.165514,-0.0295082,-0.0295082,0.136006
M,-0.00625288,0.0781914,0.0781914,0.0719385
M,-0.371311,0.0413922,0.0413922,-0.329919
M,-0.101462,-0.0526643,-0.0526643,-0.154126
M,0.331168,0.0413922,0.0413922,0.37256
M,0.117029,0.000270658,0.000270658,0.1173
M,-0.0188192,0.00950019,0.00950019,-0.00931899
M,-0.112661,-0.0526643,-0.0526643,-0.165325
M,-0.160245,0.103342,0.103342,-0.0569027
M,-0.0971365,0.00950019,0.00950019,-0.0876363
M,-0.270664,0.0174645,0.0174645,-0.253199
M,-0.385403,-0.0526643,-0.0526643,-0.438067
M,0.0373407,-0.0526643,-0.0526643,-0.0153236
M,0.201871,0.0580896,0.0580896,0.259961
M,-0.0234967,0.0174645,0.0174645,-0.00603218
M,0.289383,-0.145172,-0.145172,0.144211
M,-0.322236,-0.0526643,-0.0526643,-0.3749
M,-0.536957,0.000270658,0.000270658,-0.536686
M,-0.200915,-0.0526643,-0.0526643,-0.25358
M,-0.0758615,0.0580896,0.0580896,-0.0177719
M,0.0989368,0.0413922,0.0413922,0.140329
M,-0.272969,-0.0468309,-0.0468309,-0.3198
M,-0.0602068,0.0580896,0.0580896,-0.00211723
M,0.414486,-0.0526643,-0.0526643,0.361822
M,0.0830846,-0.0526643,-0.0526643,0.0304203
M,0.287336,0.0413922,0.0413922,0.328728
M,-0.229711,0.0413922,0.0413922,-0.188319
M,-0.25589,0.0580896,0.0580896,-0.1978
M,-0.224851,0.0413922,0.0413922,-0.183459
M,0.111891,0.103342,0.103342,0.215233
M,-0.167513,0.0174645,0.0174645,-0.150048
M,-0.145718,0.12368,0.12368,-0.0220387
M,-0.0123543,-0.145172,-0.145172,-0.157526
M,-0.055674,0.0174645,0.0174645,-0.0382095
M,0.00715177,-0.145172,-0.145172,-0.13802
M,0.126764,-0.0526643,-0.0526643,0.0740995
M,0.389196,0.00950019,0.00950019,0.398696
M,0.147749,0.0792397,0.0792397,0.226989
M,-0.231856,0.0413922,0.0413922,-0.190464
M,-0.167599,0.103342,0.103342,-0.0642567
M,0.077022,0.0456302,0.0456302,0.122652
M,-0.0433198,0.0174645,0.0174645,-0.0258553
M,0.0940412,0.0580896,0.0580896,0.152131
M,0.286178,-0.0526643,-0.0526643,0.233514
M,-0.0807634,0.000270658,0.000270658,-0.0804927
M,0.0590006,-0.0526643,-0.0526643,0.00633633
M,0.149401,-0.0526643,-0.0526643,0.096737
M,0.240601,0.121286,0.121286,0.361887
M,0.00965076,-0.0526643,-0.0526643,-0.0430135
M,-0.403681,0.0413922,0.0413922,-0.362289
M,-0.214368,0.103342,0.103342,-0.111026
M,-0.154707,0.0174645,0.0174645,-0.137243
M,0.0509851,0.121286,0.121286,0.172271
M,0.0805705,-0.145172,-0.145172,-0.0646017
M,0.122905,0.0599689,0.0599689,0.182874
M,-0.110522,0.0599689,0.0599689,-0.0505526
M,0.0708614,-0.0526643,-0.0526643,0.0181971
M,-0.264904,-0.0526643,-0.0526643,-0.317568
M,-0.157399,-0.122583,-0.122583,-0.279982
M,0.0622086,0.0792397,0.0792397,0.141448
M,0.163237,0.0599689,0.0599689,0.223206
M,0.174759,0.103342,0.103342,0.278101
M,0.0283962,-0.0526643,-0.0526643,-0.0242681
M,0.00117433,0.0599689,0.0599689,0.0611433
M,-0.288059,0.0599689,0.0599689,-0.22809
M,0.0745974,0.103342,0.103342,0.17794
M,0.0529938,0.0465662,0.0465662,0.09956
M,0.264241,0.103342,0.103342,0.367584
M,0.0929404,0.121286,0.121286,0.214227
M,-0.0607357,-0.0526643,-0.0526643,-0.1134
M,0.00632895,-0.0526643,-0.0526643,-0.0463353
M,-0.515689,-0.0526643,-0.0526643,-0.568353
M,-0.0144985,0.0715971,0.0715971,0.0570985
M,0.125842,0.121286,0.121286,0.247128
M,0.316405,0.103342,0.103342,0.419747
M,-0.176325,0.0580896,0.0580896,-0.118236
M,-0.0415603,-0.0526643,-0.0526643,-0.0942246
M,0.146242,0.0456302,0.0456302,0.191872
M,0.309093,0.0599689,0.0599689,0.369062
M,0.113789,-0.0526643,-0.0526643,0.061125
M,0.244973,0.0580896,0.0580896,0.303062
M,0.000393866,-0.0526643,-0.0526643,-0.0522704
M,-0.120649,0.0465662,0.0465662,-0.0740826
M,-0.0552039,0.0580896,0.0580896,0.00288573
M,-0.0339819,0.121286,0.121286,0.0873043
M,-0.201376,0.103342,0.103342,-0.0980342
M,-0.590365,0.0580896,0.0580896,-0.532276
M,-0.161903,0.0174645,0.0174645,-0.144438
M,-0.010349,0.00950019,0.00950019,-0.000848812
M,0.194552,0.0174645,0.0174645,0.212017
M,-0.029786,0.0715971,0.0715971,0.0418111
M,0.0992962,0.0413922,0.0413922,0.140688
M,-0.0849816,0.116656,0.116656,0.0316742
M,-0.54276,0.121286,0.121286,-0.421474
M,-0.186977,0.0174645,0.0174645,-0.169512
M,-0.153619,0.0580896,0.0580896,-0.0955289
M,0.00852577,0.0413922,0.0413922,0.049918
M,-0.158635,-0.0526643,-0.0526643,-0.2113
M,0.085533,0.103342,0.103342,0.188875
M,0.276803,0.0580896,0.0580896,0.334893
M,-0.0167339,0.00950019,0.00950019,-0.00723369
M,0.408999,-0.0526643,-0.0526643,0.356335
M,0.085099,-0.0526643,-0.0526643,0.0324347
M,0.108687,-0.0526643,-0.0526643,0.0560231
M,-0.0212101,0.0580896,0.0580896,0.0368795
M,0.184846,0.0580896,0.0580896,0.242936
M,-0.268118,-0.0526643,-0.0526643,-0.320782
M,-0.0903829,0.0495102,0.0495102,-0.0408727
M,0.135699,0.103342,0.103342,0.239041
M,-0.17709,0.0580896,0.0580896,-0.119001
M,0.00594204,-0.0526643,-0.0526643,-0.0467222
M,-0.139132,-0.0526643,-0.0526643,-0.191796
M,0.0588213,-0.0526643,-0.0526643,0.00615698
M,-0.0792693,0.0413922,0.0413922,-0.0378771
M,-0.0246519,-0.0526643,-0.0526643,-0.0773161
M,-0.117049,0.103342,0.103342,-0.0137072
M,-0.166957,0.0580896,0.0580896,-0.108868
M,-0.0638522,0.0580896,0.0580896,-0.00576259
M,0.196409,-0.0526643,-0.0526643,0.143745
M,0.305795,-0.0526643,-0.0526643,0.25313
M,0.134,0.000270658,0.000270658,0.134271
M,-0.246522,0.0580896,0.0580896,-0.188432
M,0.291084,0.0413922,0.0413922,0.332476
M,0.296482,0.103342,0.103342,0.399824
M,-0.210303,0.0174645,0.0174645,-0.192838
M,-0.322844,0.0580896,0.0580896,-0.264755
M,-0.0364345,0.000270658,0.000270658,-0.0361639
M,-0.0637928,0.0465662,0.0465662,-0.0172266
M,0.133211,0.103342,0.103342,0.236553
M,-0.235705,0.0174645,0.0174645,-0.218241
M,-0.152087,0.103342,0.103342,-0.0487446
M,-0.0299086,0.0580896,0.0580896,0.028181
M,0.119022,0.000270658,0.000270658,0.119293
M,-0.194276,0.103342,0.103342,-0.0909334
M,-0.0267967,-0.0526643,-0.0526643,-0.079461
M,-0.280517,0.0465662,0.0465662,-0.233951
M,0.18028,-0.0526643,-0.0526643,0.127616
M,-0.284076,0.103342,0.103342,-0.180734
M,-0.140871,0.0413922,0.0413922,-0.0994787
M,-0.0533782,0.0465662,0.0465662,-0.00681205
M,0.274837,0.00950019,0.00950019,0.284337
M,0.612015,-0.145172,-0.145172,0.466843
M,0.052109,0.0580896,0.0580896,0.110199
M,-0.202087,0.0465662,0.0465662,-0.155521
M,0.00880841,-0.0687917,-0.0687917,-0.0599833
M,0.0754831,0.000270658,0.000270658,0.0757538
M,-0.410743,-0.0526643,-0.0526643,-0.463408
M,-0.240816,-0.0526643,-0.0526643,-0.29348
M,-0.0104835,0.0174645,0.0174645,0.00698098
M,-0.0850221,-0.0526643,-0.0526643,-0.137686
M,-0.277299,-0.0526643,-0.0526643,-0.329963
M,0.0791057,-0.0526643,-0.0526643,0.0264414
M,0.0587091,-0.0295082,-0.0295082,0.0292009
M,0.043243,0.103342,0.103342,0.146585
M,-0.132854,-0.0526643,-0.0526643,-0.185519
M,-0.314222,0.000270658,0.000270658,-0.313952
M,0.246376,0.00950019,0.00950019,0.255876
M,-0.118366,-0.0687917,-0.0687917,-0.187158
M,-0.519393,0.0413922,0.0413922,-0.478
M,-0.221302,0.0413922,0.0413922,-0.17991
M,0.245524,-0.0468309,-0.0468309,0.198693
M,-0.15999,0.103342,0.103342,-0.0566474
M,0.079253,0.0174645,0.0174645,0.0967175
M,0.0537468,0.0413922,0.0413922,0.095139
M,0.175558,0.103342,0.103342,0.2789
M,0.193342,0.0580896,0.0580896,0.251432
M,-0.205041,0.121286,0.121286,-0.0837544
M,-0.0391306,0.0781914,0.0781914,0.0390608
M,-0.061123,0.00950019,0.00950019,-0.0516228
M,0.01805,0.103342,0.103342,0.121392
M,0.0341441,0.0413922,0.0413922,0.0755363
M,-0.343138,0.106452,0.106452,-0.236687
M,-0.176384,0.000270658,0.000270658,-0.176113
M,-0.0975096,-0.145172,-0.145172,-0.242682
M,-0.0815455,0.0495102,0.0495102,-0.0320353
M,-0.0686812,0.0580896,0.0580896,-0.0105916
M,-0.115815,0.0456302,0.0456302,-0.0701849
M,-0.170285,0.0174645,0.0174645,-0.152821
M,-0.013406,0.0580896,0.0580896,0.0446836
M,-0.059574,-0.0526643,-0.0526643,-0.112238
M,0.0183568,0.0580896,0.0580896,0.0764464
M,0.0438894,-0.0526643,-0.0526643,-0.00877486
M,-0.176498,0.0580896,0.0580896,-0.118409
M,0.154225,-0.0526643,-0.0526643,0.10156
M,-0.0526216,-0.0526643,-0.0526643,-0.105286
M,-0.360933,-0.0526643,-0.0526643,-0.413597
M,-0.0681711,-0.0526643,-0.0526643,-0.120835
M,0.229199,-0.0526643,-0.0526643,0.176535
M,-0.280111,0.0456302,0.0456302,-0.234481
M,0.113354,0.103342,0.103342,0.216696
M,-0.0332635,0.0599689,0.0599689,0.0267054
M,-0.609753,0.0174645,0.0174645,-0.592289
M,-0.322447,0.116656,0.116656,-0.205791
M,-0.191032,0.00950019,0.00950019,-0.181532
M,0.109792,-0.0526643,-0.0526643,0.0571274
M,0.0493647,0.00950019,0.00950019,0.0588649
M,-0.0240269,0.0580896,0.0580896,0.0340627
M,-0.00116819,0.0580896,0.0580896,0.0569214
M,0.17182,0.0174645,0.0174645,0.189284
M,0.114641,0.0580896,0.0580896,0.17273
M,-0.11504,0.113453,0.113453,-0.00158632
M,-0.172493,-0.0468309,-0.0468309,-0.219324
M,-0.190616,0.121286,0.121286,-0.0693299
M,-0.263629,-0.145172,-0.145172,-0.408801
M,-0.284985,-0.0482347,-0.0482347,-0.33322
M,0.112877,-0.0526643,-0.0526643,0.0602128
M,0.420595,0.103342,0.103342,0.523937
M,0.0725503,0.0495102,0.0495102,0.122061
M,-0.142357,0.0580896,0.0580896,-0.0842672
M,-0.0786177,0.0580896,0.0580896,-0.0205281
M,-0.0463961,0.0495102,0.0495102,0.00311409
M,0.375091,0.0413922,0.0413922,0.416483
M,0.187107,0.0781914,0.0781914,0.265298
M,-0.306777,0.0465662,0.0465662,-0.260211
M,-0.209739,-0.0526643,-0.0526643,-0.262403
M,0.117164,0.103342,0.103342,0.220506
M,0.156803,0.0495102,0.0495102,0.206313
M,0.0547455,0.116656,0.116656,0.171401
M,-0.217923,0.0580896,0.0580896,-0.159834
M,0.116143,0.0174645,0.0174645,0.133607
M,0.0623364,0.0599689,0.0599689,0.122305
M,0.455089,0.0174645,0.0174645,0.472553
M,-0.217637,0.103342,0.103342,-0.114295
M,0.0714578,0.103342,0.103342,0.1748
M,-0.10017,0.0599689,0.0599689,-0.0402012
M,-0.0118041,-0.0526643,-0.0526643,-0.0644684
M,-0.0961109,0.0413922,0.0413922,-0.0547187
M,0.175129,0.0174645,0.0174645,0.192594
M,0.0354672,0.0456302,0.0456302,0.0810974
M,-0.151626,0.00950019,0.00950019,-0.142125
M,-0.246728,-0.145172,-0.145172,-0.391901
M,0.171818,-0.0526643,-0.0526643,0.119154
M,0.245548,-0.0526643,-0.0526643,0.192883
M,0.0160986,0.0580896,0.0580896,0.0741882
M,-0.463916,0.0599689,0.0599689,-0.403947
M,-0.157285,0.121286,0.121286,-0.0359987
M,0.00680856,0.000270658,0.000270658,0.00707922
M,0.0172778,-0.0687917,-0.0687917,-0.0515139
M,-0.163566,0.103342,0.103342,-0.0602237
M,-0.134438,-0.0526643,-0.0526643,-0.187102
M,0.0433737,-0.0526643,-0.0526643,-0.00929064
M,-0.243474,0.0580896,0.0580896,-0.185384
M,0.0397013,0.0174645,0.0174645,0.0571657
M,0.298917,0.106452,0.106452,0.405368
M,0.0820823,0.103342,0.103342,0.185424
M,-0.201979,-0.0526643,-0.0526643,-0.254643
M,-0.486604,0.00950019,0.00950019,-0.477103
M,-0.0459051,0.0465662,0.0465662,0.00066108
M,-0.13277,-0.0687917,-0.0687917,-0.201562
M,0.0835178,0.0580896,0.0580896,0.141607
M,0.155193,0.0580896,0.0580896,0.213283
M,-0.0571968,-0.0526643,-0.0526643,-0.109861
M,0.28293,-0.0526643,-0.0526643,0.230265
M,-0.0350898,0.0580896,0.0580896,0.0229999
M,-0.211038,-0.015574,-0.015574,-0.226612
M,0.305677,-0.0526643,-0.0526643,0.253012
M,0.199512,-0.0526643,-0.0526643,0.146848
M,0.126715,0.103342,0.103342,0.230057
M,0.0621541,0.103342,0.103342,0.165496
M,0.0491318,-0.145172,-0.145172,-0.0960404
M,0.219571,0.0580896,0.0580896,0.277661
M,-0.134047,0.0715971,0.0715971,-0.0624496
M,-0.096675,0.0580896,0.0580896,-0.0385854
M,0.0442054,-0.145172,-0.145172,-0.100967
M,-0.314413,0.00950019,0.00950019,-0.304913
M,-0.221532,0.0580896,0.0580896,-0.163442
M,-0.0967033,0.103342,0.103342,0.00663879
M,-0.234939,0.000270658,0.000270658,-0.234668
M,-0.259931,0.103342,0.103342,-0.156589
M,0.0377591,0.0580896,0.0580896,0.0958487
M,-0.234849,0.0580896,0.0580896,-0.17676
M,0.0082736,-0.0526643,-0.0526643,-0.0443907
M,0.279019,0.113453,0.113453,0.392473
M,-0.0811877,0.0174645,0.0174645,-0.0637232
M,0.237249,-0.0526643,-0.0526643,0.184585
M,-0.0780552,0.0174645,0.0174645,-0.0605907
M,-0.154943,0.0465662,0.0465662,-0.108377
M,0.0490098,-0.0526643,-0.0526643,-0.00365446
M,0.127015,0.0599689,0.0599689,0.186984
M,-0.0862891,0.0580896,0.0580896,-0.0281995
M,0.187875,0.0174645,0.0174645,0.20534
M,0.058973,0.0413922,0.0413922,0.100365
M,0.351275,-0.145172,-0.145172,0.206103
M,0.0374176,0.0599689,0.0599689,0.0973865
M,-0.18176,0.0174645,0.0174645,-0.164296
M,-0.0972756,-0.145172,-0.145172,-0.242448
M,0.0885411,-0.0526643,-0.0526643,0.0358768
M,0.122625,0.0580896,0.0580896,0.180714
M,-0.131831,-0.0526643,-0.0526643,-0.184495
M,0.053956,0.0781914,0.0781914,0.132147
M,-0.460162,0.121286,0.121286,-0.338875
M,0.0279254,0.0174645,0.0174645,0.0453899
M,-0.0783554,0.0580896,0.0580896,-0.0202658
M,-0.00246367,-0.0526643,-0.0526643,-0.055128
M,-0.473122,0.103342,0.103342,-0.36978
M,0.00853699,0.0580896,0.0580896,0.0666266
M,-0.186183,-0.0687917,-0.0687917,-0.254974
M,0.0363613,-0.112391,-0.112391,-0.0760302
M,-0.0628251,0.0580896,0.0580896,-0.00473546
M,-0.337176,0.0580896,0.0580896,-0.279087
M,-0.0429117,-0.0526643,-0.0526643,-0.095576
M,-0.276554,-0.0526643,-0.0526643,-0.329218
M,-0.141787,0.00950019,0.00950019,-0.132287
M,-0.20905,0.0174645,0.0174645,-0.191586
M,0.105446,-0.015574,-0.015574,0.089872
M,0.00372412,0.0456302,0.0456302,0.0493543
M,-0.199786,0.0580896,0.0580896,-0.141697
M,0.148947,-0.0526643,-0.0526643,0.0962827
M,-0.00810627,0.0413922,0.0413922,0.0332859
M,-0.33674,0.169339,0.169339,-0.167401
M,-0.161494,-0.0526643,-0.0526643,-0.214159
M,-0.0611535,0.0781914,0.0781914,0.0170379
M,-0.0946899,-0.0526643,-0.0526643,-0.147354
M,0.066717,0.116656,0.116656,0.183373
M,-0.115161,0.0599689,0.0599689,-0.0551918
M,0.133849,0.113453,0.113453,0.247302
M,-0.156863,0.0174645,0.0174645,-0.139399
M,0.0546625,-0.0526643,-0.0526643,0.00199823
M,0.0459685,0.0465662,0.0465662,0.0925347
M,-0.217752,0.0781914,0.0781914,-0.13956
M,-0.0627125,0.0580896,0.0580896,-0.00462294
M,-0.113406,-0.0526643,-0.0526643,-0.166071
M,0.118683,0.0580896,0.0580896,0.176773
M,0.0374387,-0.145172,-0.145172,-0.107733
M,0.188666,0.0465662,0.0465662,0.235232
M,-0.352059,0.0781914,0.0781914,-0.273868
M,-0.254444,0.0599689,0.0599689,-0.194475
M,-0.00743044,-0.0526643,-0.0526643,-0.0600947
M,-0.0355639,0.121286,0.121286,0.0857223
M,0.0819575,0.0174645,0.0174645,0.099422
M,-0.00183577,0.00950019,0.00950019,0.00766442
M,-0.0740894,-0.0526643,-0.0526643,-0.126754
M,-0.123289,0.121286,0.121286,-0.00200232
M,-0.00889241,0.103342,0.103342,0.0944497
M,-0.0861187,0.0174645,0.0174645,-0.0686543
M,-0.0665812,-0.0526643,-0.0526643,-0.119246
M,-0.180572,0.0781914,0.0781914,-0.102381
M,-0.0662904,0.0413922,0.0413922,-0.0248982
M,-0.119589,0.0174645,0.0174645,-0.102125
M,0.131692,0.103342,0.103342,0.235034
M,-0.249788,0.0465662,0.0465662,-0.203222
M,-0.152876,-0.0526643,-0.0526643,-0.20554
M,-0.248902,0.0413922,0.0413922,-0.20751
M,-0.158987,0.0174645,0.0174645,-0.141523
M,-0.0596622,-0.0295082,-0.0295082,-0.0891704
M,-0.369117,0.103342,0.103342,-0.265775
M,-0.0111326,-0.0526643,-0.0526643,-0.0637969
M,0.00980244,-0.112391,-0.112391,-0.102589
M,0.209626,-0.0526643,-0.0526643,0.156962
M,-0.148081,0.000270658,0.000270658,-0.14781
M,-0.207774,-0.0526643,-0.0526643,-0.260438
M,-0.435191,0.0580896,0.0580896,-0.377102
M,0.0282293,0.0580896,0.0580896,0.0863189
M,-0.63624,0.000270658,0.000270658,-0.635969
M,0.132935,-0.0526643,-0.0526643,0.0802703
M,-0.0356981,0.0781914,0.0781914,0.0424933
M,0.0375005,-0.0526643,-0.0526643,-0.0151638
M,-0.00838372,0.0781914,0.0781914,0.0698076
M,-0.12372,-0.0526643,-0.0526643,-0.176384
M,0.30805,-0.0687917,-0.0687917,0.239258
M,0.294943,0.0174645,0.0174645,0.312408
M,0.245912,-0.145172,-0.145172,0.10074
M,-0.292749,0.000270658,0.000270658,-0.292479
M,0.17873,0.103342,0.103342,0.282072
M,0.0320499,0.00950019,0.00950019,0.0415501
M,-0.312606,0.00950019,0.00950019,-0.303106
M,0.0190395,0.0580896,0.0580896,0.0771291
M,-0.0952172,0.0580896,0.0580896,-0.0371276
M,-0.102188,-0.0526643,-0.0526643,-0.154852
M,-0.214185,0.0580896,0.0580896,-0.156095
M,-0.0547828,0.0580896,0.0580896,0.00330684
M,0.188225,-0.0526643,-0.0526643,0.135561
M,-0.0570677,-0.0295082,-0.0295082,-0.0865759
M,0.0413352,0.0580896,0.0580896,0.0994248
M,0.0734722,0.103342,0.103342,0.176814
M,0.20582,0.0580896,0.0580896,0.26391
M,-0.173602,-0.0526643,-0.0526643,-0.226267
M,-0.0123581,0.0580896,0.0580896,0.0457315
M,0.302979,0.103342,0.103342,0.406322
M,-0.10143,0.113453,0.113453,0.0120233
M,-0.0386568,-0.145172,-0.145172,-0.183829
M,-0.122292,0.0413922,0.0413922,-0.0809
M,0.0180287,0.0580896,0.0580896,0.0761183
M,0.123816,-0.0526643,-0.0526643,0.0711516
M,0.453997,0.103342,0.103342,0.557339
M,0.135046,-0.0526643,-0.0526643,0.0823816
M,0.0379998,0.0580896,0.0580896,0.0960894
M,0.237018,0.0580896,0.0580896,0.295107
M,-0.0845528,0.116656,0.116656,0.032103
M,0.193724,0.0580896,0.0580896,0.251814
M,0.0859745,0.116656,0.116656,0.20263
M,-0.0062892,0.103342,0.103342,0.0970529
M,0.0172669,-0.0526643,-0.0526643,-0.0353974
M,0.269355,-0.0526643,-0.0526643,0.216691
M,0.0182231,0.0413922,0.0413922,0.0596153
M,-0.120139,0.103342,0.103342,-0.0167965
M,0.122808,0.103342,0.103342,0.22615
M,0.212673,0.0174645,0.0174645,0.230137
M,-0.17295,0.0599689,0.0599689,-0.112981
M,-0.0674529,-0.145172,-0.145172,-0.212625
M,0.0461065,-0.145172,-0.145172,-0.0990657
M,-0.22479,0.000270658,0.000270658,-0.224519
M,0.0311397,-0.0526643,-0.0526643,-0.0215245
M,-0.0223149,-0.0295082,-0.0295082,-0.0518232
M,0.24128,0.103342,0.103342,0.344622
M,0.335129,0.113453,0.113453,0.448582
M,0.108545,0.0781914,0.0781914,0.186736
M,0.0476845,0.0792397,0.0792397,0.126924
M,-0.0811174,-0.0526643,-0.0526643,-0.133782
M,-0.125244,0.103342,0.103342,-0.0219018
M,0.133446,-0.0526643,-0.0526643,0.080782
M,-0.110929,0.0174645,0.0174645,-0.0934642
M,-0.172124,0.0174645,0.0174645,-0.15466
M,0.031769,0.113453,0.113453,0.145222
M,0.438786,-0.0526643,-0.0526643,0.386122
M,0.057398,0.103342,0.103342,0.16074
M,0.274487,-0.0526643,-0.0526643,0.221823
M,-0.235476,-0.0526643,-0.0526643,-0.28814
M,-0.495,0.000270658,0.000270658,-0.49473
M,0.0153141,0.0580896,0.0580896,0.0734037
M,-0.332359,0.0174645,0.0174645,-0.314894
M,-0.365742,-0.0526643,-0.0526643,-0.418406
M,0.155401,-0.0526643,-0.0526643,0.102737
M,0.145936,0.0174645,0.0174645,0.1634
M,-0.152468,0.0781914,0.0781914,-0.0742761
M,0.0821713,-0.0482347,-0.0482347,0.0339366
M,-0.19398,0.0174645,0.0174645,-0.176516
M,-0.000421561,0.0495102,0.0495102,0.0490887
M,-0.310413,-0.0295082,-0.0295082,-0.339921
M,0.058206,0.0495102,0.0495102,0.107716
M,0.0309918,-0.0468309,-0.0468309,-0.0158392
M,0.450894,0.0174645,0.0174645,0.468359
M,-0.0237169,0.121286,0.121286,0.0975693
M,-0.320308,-0.145172,-0.145172,-0.46548
M,0.169698,-0.145172,-0.145172,0.0245261
M,0.055418,0.0580896,0.0580896,0.113508
M,0.277054,-0.0526643,-0.0526643,0.22439
M,-0.260444,0.0580896,0.0580896,-0.202355
M,-0.00372992,-0.0468309,-0.0468309,-0.0505608
M,-0.00509288,0.0781914,0.0781914,0.0730985
M,0.0663555,0.000270658,0.000270658,0.0666262
M,0.0828851,0.103342,0.103342,0.186227
M,0.0282188,0.113453,0.113453,0.141672
M,0.331143,0.0715971,0.0715971,0.40274
M,0.0175455,0.0580896,0.0580896,0.0756351
M,-0.0788459,-0.0468309,-0.0468309,-0.125677
M,-0.0385539,0.0599689,0.0599689,0.0214151
M,-0.054129,0.00950019,0.00950019,-0.0446288
M,0.216057,0.00950019,0.00950019,0.225557
M,-0.172096,0.0174645,0.0174645,-0.154632
M,0.143492,0.0599689,0.0599689,0.203461
M,0.20054,-0.0526643,-0.0526643,0.147876
M,-0.232723,0.000270658,0.000270658,-0.232452
M,-0.40755,0.00950019,0.00950019,-0.398049
M,-0.112664,0.0580896,0.0580896,-0.0545744
M,0.0202258,0.0580896,0.0580896,0.0783154
M,-0.139046,0.0580896,0.0580896,-0.0809565
M,-0.088553,0.000895017,0.000895017,-0.087658
M,-0.00528638,-0.0526643,-0.0526643,-0.0579507
M,-0.179448,0.0413922,0.0413922,-0.138055
M,-0.41617,0.0781914,0.0781914,-0.337978
M,-0.144192,0.0599689,0.0599689,-0.0842226
M,-0.0164801,0.0174645,0.0174645,0.000984425
M,0.0231805,0.0174645,0.0174645,0.040645
M,0.296342,0.0580896,0.0580896,0.354431
M,0.34842,-0.0687917,-0.0687917,0.279628
M,0.311739,0.121286,0.121286,0.433025
M,-0.266347,0.0413922,0.0413922,-0.224955
M,0.105947,0.0413922,0.0413922,0.147339
M,-0.183292,-0.0526643,-0.0526643,-0.235956
M,0.209205,0.0781914,0.0781914,0.287396
M,0.148843,0.0599689,0.0599689,0.208812
M,0.0615249,-0.0526643,-0.0526643,0.00886056
M,0.158983,-0.145172,-0.145172,0.0138104
M,-0.278411,0.0174645,0.0174645,-0.260947
M,0.234494,0.0413922,0.0413922,0.275886
M,0.0488513,0.0465662,0.0465662,0.0954174
M,0.217252,0.0174645,0.0174645,0.234717
M,-0.18172,0.00950019,0.00950019,-0.172219
M,-0.252285,0.103342,0.103342,-0.148943
M,-0.428052,-0.0526643,-0.0526643,-0.480717
M,-0.150607,-0.0526643,-0.0526643,-0.203271
M,-0.086696,0.0781914,0.0781914,-0.00850462
M,-0.221632,-0.0526643,-0.0526643,-0.274296
M,-0.182496,-0.145172,-0.145172,-0.327669
M,-0.318354,-0.145172,-0.145172,-0.463527
M,0.105531,0.0580896,0.0580896,0.16362
M,-0.226805,0.0174645,0.0174645,-0.209341
M,0.287994,-0.0526643,-0.0526643,0.235329
M,0.0430375,0.0174645,0.0174645,0.060502
M,-0.0600754,0.0580896,0.0580896,-0.00198582
M,-0.150386,0.0580896,0.0580896,-0.0922967
M,-0.154057,-0.0526643,-0.0526643,-0.206721
M,-0.134439,0.0792397,0.0792397,-0.0551996
M,-0.225188,0.0413922,0.0413922,-0.183795
M,-0.068555,0.0580896,0.0580896,-0.0104654
M,-0.283547,-0.0526643,-0.0526643,-0.336211
M,0.0409641,0.0580896,0.0580896,0.0990537
M,-0.190316,-0.0687917,-0.0687917,-0.259108
M,-0.165363,0.0781914,0.0781914,-0.0871716
M,-0.155494,0.103342,0.103342,-0.052152
M,0.216238,-0.0526643,-0.0526643,0.163574
M,-0.183628,0.103342,0.103342,-0.0802854
M,0.108614,-0.145172,-0.145172,-0.0365578
M,0.171449,0.0580896,0.0580896,0.229539
M,-0.151399,0.000270658,0.000270658,-0.151129
M,0.164702,-0.0526643,-0.0526643,0.112038
M,-0.02917,-0.0526643,-0.0526643,-0.0818343
M,-0.0550059,0.103342,0.103342,0.0483362
M,0.1518,0.121286,0.121286,0.273086
M,0.028209,-0.0526643,-0.0526643,-0.0244553
M,-0.0868578,0.0781914,0.0781914,-0.0086664
M,0.0368399,0.0465662,0.0465662,0.0834061
M,0.0493184,0.0580896,0.0580896,0.107408
M,0.0490862,0.0580896,0.0580896,0.107176
M,-0.052344,-0.145172,-0.145172,-0.197516
M,0.00603334,0.0580896,0.0580896,0.0641229
M,0.00334907,0.0174645,0.0174645,0.0208136
M,-0.202342,0.0781914,0.0781914,-0.124151
M,-0.153804,0.000270658,0.000270658,-0.153534
M,0.0586258,0.103342,0.103342,0.161968
M,0.0804324,-0.145172,-0.145172,-0.0647398
M,0.0255631,-0.112391,-0.112391,-0.0868284
M,-0.0064155,-0.0526643,-0.0526643,-0.0590798
M,-0.0468113,-0.0526643,-0.0526643,-0.0994756
M,0.0194943,0.0580896,0.0580896,0.0775839
M,-0.0717832,0.103342,0.103342,0.0315589
M,0.139379,-0.0526643,-0.0526643,0.086715
M,-0.134382,0.0580896,0.0580896,-0.0762926
M,-0.0592109,0.0413922,0.0413922,-0.0178187
M,0.0428838,0.0174645,0.0174645,0.0603483
M,-0.00959064,-0.0526643,-0.0526643,-0.0622549
M,-0.0530407,0.000270658,0.000270658,-0.0527701
M,0.0266656,0.0599689,0.0599689,0.0866345
M,-0.155786,0.0174645,0.0174645,-0.138322
M,0.0205005,0.0413922,0.0413922,0.0618927
M,-0.0485754,0.00950019,0.00950019,-0.0390752
M,0.124468,0.0580896,0.0580896,0.182557
M,-0.165828,0.103342,0.103342,-0.0624863
M,0.0356818,0.103342,0.103342,0.139024
M,-0.0149489,0.0781914,0.0781914,0.0632425
M,-0.156803,0.0580896,0.0580896,-0.0987132
M,0.0702807,-0.0526643,-0.0526643,0.0176164
M,-0.0502475,0.0456302,0.0456302,-0.00461732
M,-0.101789,0.00950019,0.00950019,-0.0922889
M,-0.0369206,-0.0526643,-0.0526643,-0.0895849
M,0.234786,0.0580896,0.0580896,0.292876
M,-0.0394993,0.116656,0.116656,0.0771565
M,-0.0260539,0.0456302,0.0456302,0.0195762
M,-0.0100648,0.0580896,0.0580896,0.0480248
M,0.0871675,-0.0526643,-0.0526643,0.0345032
M,-0.0984587,0.0413922,0.0413922,-0.0570665
M,-0.106144,-0.0526643,-0.0526643,-0.158808
M,-0.351456,0.0580896,0.0580896,-0.293367
M,-0.262615,0.000270658,0.000270658,-0.262345
M,-0.135011,0.0456302,0.0456302,-0.0893804
M,-0.215116,0.121286,0.121286,-0.0938295
M,-0.0200544,0.0465662,0.0465662,0.0265117
M,-0.156443,0.0580896,0.0580896,-0.0983538
M,0.0643226,-0.0526643,-0.0526643,0.0116583
M,-0.281546,0.0580896,0.0580896,-0.223456
M,0.191164,-0.0687917,-0.0687917,0.122372
M,0.0946421,0.121286,0.121286,0.215928
M,0.203593,-0.0526643,-0.0526643,0.150929
M,-0.0928434,-0.0687917,-0.0687917,-0.161635
M,-0.235667,0.000270658,0.000270658,-0.235396
M,0.0699979,0.0413922,0.0413922,0.11139
M,0.222918,0.0599689,0.0599689,0.282887
M,-0.0571682,0.0599689,0.0599689,0.00280076
M,-0.319416,0.121286,0.121286,-0.19813
M,0.195476,0.0580896,0.0580896,0.253566
M,-0.0494894,0.0580896,0.0580896,0.00860025
M,-0.178204,0.0580896,0.0580896,-0.120114
M,0.0543903,0.0580896,0.0580896,0.11248
M,0.119658,0.00950019,0.00950019,0.129158
M,-0.104036,-0.0526643,-0.0526643,-0.1567
M,0.0356972,0.103342,0.103342,0.139039
M,0.200025,-0.0295082,-0.0295082,0.170517
M,-0.189883,0.0580896,0.0580896,-0.131793
M,0.372754,0.0580896,0.0580896,0.430844
M,0.307041,0.0413922,0.0413922,0.348433
M,0.0897416,0.0580896,0.0580896,0.147831
M,-0.0243096,0.0174645,0.0174645,-0.00684512
M,-0.0154247,0.103342,0.103342,0.0879174
M,-0.255013,-0.0526643,-0.0526643,-0.307677
M,0.0678686,0.0465662,0.0465662,0.114435
M,0.00322068,0.0580896,0.0580896,0.0613103
M,0.18285,0.0580896,0.0580896,0.24094
M,-0.0612403,0.0580896,0.0580896,-0.00315071
M,0.340359,0.121286,0.121286,0.461645
M,-0.120773,0.0580896,0.0580896,-0.0626833
M,-0.00916737,-0.0526643,-0.0526643,-0.0618317
M,0.221348,0.0465662,0.0465662,0.267914
M,-0.316099,0.103342,0.103342,-0.212757
M,-0.388594,0.0174645,0.0174645,-0.371129
M,-0.234112,-0.145172,-0.145172,-0.379284
M,0.153159,-0.145172,-0.145172,0.00798719
M,-0.00145453,0.0580896,0.0580896,0.0566351
M,-0.164288,0.0174645,0.0174645,-0.146823
M,-0.00246999,0.0580896,0.0580896,0.0556196
M,0.0242806,0.103342,0.103342,0.127623
M,0.0448501,0.0580896,0.0580896,0.10294
M,0.171184,0.00950019,0.00950019,0.180685
M,0.219138,-0.0526643,-0.0526643,0.166474
M,-0.0422704,-0.0526643,-0.0526643,-0.0949347
M,-0.0881244,0.103342,0.103342,0.0152177
M,0.0174157,0.116656,0.116656,0.134072
M,-0.159085,0.0580896,0.0580896,-0.100996
M,0.124907,0.0781914,0.0781914,0.203098
M,0.13343,0.0580896,0.0580896,0.191519
M,-0.246989,0.103342,0.103342,-0.143647
M,0.200273,0.103342,0.103342,0.303615
M,-0.211721,-0.015574,-0.015574,-0.227295
M,0.00800086,0.00950019,0.00950019,0.017501
M,-0.123475,0.0781914,0.0781914,-0.045284
M,0.38861,0.0413922,0.0413922,0.430003
M,0.140238,0.103342,0.103342,0.24358
M,-0.0354358,0.0781914,0.0781914,0.0427556
M,-0.383772,0.103342,0.103342,-0.28043
M,-0.0276766,0.113453,0.113453,0.0857767
M,0.186492,0.0781914,0.0781914,0.264683
M,0.0337377,0.0599689,0.0599689,0.0937066
M,0.439625,-0.0526643,-0.0526643,0.386961
M,0.255524,0.0580896,0.0580896,0.313614
M,0.579746,0.0580896,0.0580896,0.637836
M,0.218328,-0.0526643,-0.0526643,0.165663
M,0.152679,0.0580896,0.0580896,0.210768
M,-0.484239,-0.0526643,-0.0526643,-0.536903
M,0.0874226,0.103342,0.103342,0.190765
M,0.135949,0.103342,0.103342,0.239291
M,0.0252065,-0.0526643,-0.0526643,-0.0274577
M,-0.0748854,0.0580896,0.0580896,-0.0167957
M,-0.141917,0.0580896,0.0580896,-0.0838271
M,-0.305889,0.0580896,0.0580896,-0.247799
M,0.132982,0.0580896,0.0580896,0.191071
M,0.460102,-0.0526643,-0.0526643,0.407438
M,0.101141,0.0580896,0.0580896,0.159231
M,-0.155183,-0.0526643,-0.0526643,-0.207847
M,-0.335049,0.0413922,0.0413922,-0.293657
M,-0.0946443,0.000270658,0.000270658,-0.0943737
M,-0.0974931,-0.0526643,-0.0526643,-0.150157
M,0.233264,0.0580896,0.0580896,0.291353
M,0.134516,-0.0526643,-0.0526643,0.0818519
M,-0.0614657,0.0413922,0.0413922,-0.0200736
M,-0.256689,0.0174645,0.0174645,-0.239224
M,-0.137013,-0.0526643,-0.0526643,-0.189677
M,0.0922127,-0.0526643,-0.0526643,0.0395484
M,0.110687,-0.0526643,-0.0526643,0.0580228
M,0.161794,-0.0526643,-0.0526643,0.109129
M,-0.0659825,-0.0526643,-0.0526643,-0.118647
M,0.117521,-0.0526643,-0.0526643,0.0648568
M,0.0378322,0.103342,0.103342,0.141174
M,-0.145091,0.0465662,0.0465662,-0.0985244
M,-0.0415434,0.0495102,0.0495102,0.00796684
M,-0.0759735,-0.0526643,-0.0526643,-0.128638
M,0.0576325,-0.0526643,-0.0526643,0.00496819
M,0.0811228,-0.0687917,-0.0687917,0.0123311
M,-0.154863,0.0580896,0.0580896,-0.0967735
M,-0.418375,0.0580896,0.0580896,-0.360285
M,-0.0384617,0.0599689,0.0599689,0.0215072
M,0.0578438,0.0580896,0.0580896,0.115933
M,0.124141,0.0781914,0.0781914,0.202332
M,-0.120352,0.0413922,0.0413922,-0.0789598
M,-0.362347,0.000270658,0.000270658,-0.362076
M,0.261051,0.000270658,0.000270658,0.261322
M,0.26779,0.0580896,0.0580896,0.32588
M,-0.14052,0.0580896,0.0580896,-0.0824301
M,0.18376,0.0580896,0.0580896,0.24185
M,-0.116941,0.0580896,0.0580896,-0.0588517
M,0.193291,-0.0526643,-0.0526643,0.140627
M,-0.25332,-0.0295082,-0.0295082,-0.282828
M,-0.0299756,0.0174645,0.0174645,-0.0125111
M,-0.431247,0.0580896,0.0580896,-0.373157
M,0.329948,0.0456302,0.0456302,0.375578
M,0.0954082,0.103342,0.103342,0.19875
M,0.127783,0.0580896,0.0580896,0.185873
M,-0.121501,-0.0526643,-0.0526643,-0.174166
M,-0.146294,-0.145172,-0.145172,-0.291466
M,-0.369565,-0.0526643,-0.0526643,-0.422229
M,-0.118697,0.00950019,0.00950019,-0.109197
M,0.138317,-0.0526643,-0.0526643,0.0856524
M,-0.156678,0.0413922,0.0413922,-0.115286
M,0.00447401,-0.145172,-0.145172,-0.140698
M,0.205949,-0.0526643,-0.0526643,0.153284
M,0.00848974,0.00950019,0.00950019,0.0179899
M,-0.0311836,0.121286,0.121286,0.0901026
M,-0.0703876,0.0413922,0.0413922,-0.0289954
M,0.182063,-0.015574,-0.015574,0.166489
M,-0.0600206,0.103342,0.103342,0.0433215
M,-0.691884,0.0580896,0.0580896,-0.633795
M,0.118805,0.00950019,0.00950019,0.128305
M,-0.207456,-0.015574,-0.015574,-0.22303
M,-0.0815696,-0.0526643,-0.0526643,-0.134234
M,0.0517371,0.0580896,0.0580896,0.109827
M,0.392041,0.0580896,0.0580896,0.45013
M,-0.228005,0.000270658,0.000270658,-0.227735
M,-0.113005,0.0580896,0.0580896,-0.0549155
M,-0.234824,0.0580896,0.0580896,-0.176734
M,0.0772721,-0.0532222,-0.0532222,0.0240499
M,0.122407,0.0599689,0.0599689,0.182376
M,0.135009,-0.122583,-0.122583,0.0124266
M,-0.189409,-0.0468309,-0.0468309,-0.23624
M,0.17087,-0.0526643,-0.0526643,0.118205
M,0.224676,-0.145172,-0.145172,0.0795041
M,-0.202474,0.0781914,0.0781914,-0.124283
M,0.274924,0.0174645,0.0174645,0.292388
M,0.518275,0.0413922,0.0413922,0.559667
M,-0.138442,0.0580896,0.0580896,-0.0803523
M,-0.0210774,0.103342,0.103342,0.0822647
M,0.0253943,-0.0526643,-0.0526643,-0.02727
M,-0.0777511,0.00950019,0.00950019,-0.0682509
M,0.0403326,-0.145172,-0.145172,-0.10484
M,-0.11731,0.0413922,0.0413922,-0.075918
M,-0.193801,0.0174645,0.0174645,-0.176337
M,-0.201536,0.0174645,0.0174645,-0.184072
M,-0.17821,0.0792397,0.0792397,-0.0989701
M,0.063374,0.113453,0.113453,0.176827
M,-0.255275,0.103342,0.103342,-0.151933
M,-0.361939,-0.0526643,-0.0526643,-0.414604
M,-0.198184,0.0580896,0.0580896,-0.140094
M,-0.0508963,0.0781914,0.0781914,0.0272951
M,0.0527129,0.0580896,0.0580896,0.110802
M,0.0582423,0.103342,0.103342,0.161584
M,-0.279009,0.0580896,0.0580896,-0.220919
M,0.109034,0.116656,0.116656,0.225689
M,-0.0194808,-0.0526643,-0.0526643,-0.0721451
M,-0.0400425,0.0495102,0.0495102,0.0094677
M,0.205654,0.0781914,0.0781914,0.283846
M,0.0292522,0.0580896,0.0580896,0.0873418
M,-0.366879,0.00950019,0.00950019,-0.357379
M,-0.337251,0.000270658,0.000270658,-0.33698
M,-0.103826,0.0580896,0.0580896,-0.0457362
M,0.0815452,0.000270658,0.000270658,0.0818158
M,0.167927,-0.0526643,-0.0526643,0.115262
M,-0.277356,0.116656,0.116656,-0.160701
M,-0.140425,0.0580896,0.0580896,-0.082335
M,-0.304058,-0.0687917,-0.0687917,-0.372849
M,-0.0487076,0.0580896,0.0580896,0.009382
M,-0.0884179,0.0580896,0.0580896,-0.0303283
M,0.111518,-0.0526643,-0.0526643,0.0588541
M,-0.0377595,0.0580896,0.0580896,0.0203302
M,-0.0960377,0.103342,0.103342,0.00730445
M,0.156833,0.000270658,0.000270658,0.157104
M,-0.270682,0.0456302,0.0456302,-0.225052
M,0.0205474,0.000270658,0.000270658,0.0208181
M,-0.0588774,-0.0526643,-0.0526643,-0.111542
M,0.0324823,0.0495102,0.0495102,0.0819926
M,-0.476131,0.0580896,0.0580896,-0.418041
M,-0.166601,0.113453,0.113453,-0.053148
M,-0.114956,-0.0526643,-0.0526643,-0.16762
M,0.0383963,0.0580896,0.0580896,0.0964859
M,-0.237819,0.103342,0.103342,-0.134477
M,0.146661,0.121286,0.121286,0.267947
M,0.00531094,-0.0526643,-0.0526643,-0.0473533
M,-0.152903,0.0599689,0.0599689,-0.092934
M,-0.0312744,0.0580896,0.0580896,0.0268152
M,0.245876,0.121286,0.121286,0.367162
M,0.0227108,0.0465662,0.0465662,0.069277
M,-0.0852294,0.0580896,0.0580896,-0.0271397
M,-0.134371,0.0580896,0.0580896,-0.0762819
M,-0.239287,-0.0295082,-0.0295082,-0.268795
M,-0.0913952,0.000270658,0.000270658,-0.0911246
M,-0.168603,-0.145172,-0.145172,-0.313775
M,-0.200671,0.00950019,0.00950019,-0.191171
M,0.183156,0.000270658,0.000270658,0.183426
M,-0.301574,0.0456302,0.0456302,-0.255944
M,-0.182464,0.0599689,0.0599689,-0.122495
M,-0.118896,0.00950019,0.00950019,-0.109396
M,0.252885,-0.145172,-0.145172,0.107713
M,-0.200616,0.0599689,0.0599689,-0.140647
M,0.0155541,0.0495102,0.0495102,0.0650643
M,0.375936,0.0580896,0.0580896,0.434026
M,0.113422,0.0599689,0.0599689,0.173391
M,-0.129066,-0.0526643,-0.0526643,-0.181731
M,-0.0402238,0.0495102,0.0495102,0.00928648
M,-0.147435,-0.0526643,-0.0526643,-0.2001
M,-0.372335,0.103342,0.103342,-0.268993
M,-0.0442027,0.103342,0.103342,0.0591394
M,-0.271436,0.0413922,0.0413922,-0.230043
M,0.13609,0.0580896,0.0580896,0.194179
M,-0.220961,0.121286,0.121286,-0.0996746
M,-0.269447,0.121286,0.121286,-0.14816
M,-0.0892418,0.0456302,0.0456302,-0.0436116
M,-0.0414743,-0.0526643,-0.0526643,-0.0941386
M,-0.141672,0.103342,0.103342,-0.0383303
M,0.025166,0.121286,0.121286,0.146452
M,0.126194,0.0465662,0.0465662,0.17276
M,-0.171813,0.103342,0.103342,-0.0684709
M,0.254808,0.116656,0.116656,0.371464
M,0.253517,-0.0526643,-0.0526643,0.200853
M,0.0450656,-0.145172,-0.145172,-0.100107
M,0.393023,-0.145172,-0.145172,0.247851
M,-0.0389038,0.121286,0.121286,0.0823824
M,0.164865,0.0580896,0.0580896,0.222955
M,-0.0142951,0.0465662,0.0465662,0.0322711
M,0.368343,0.0599689,0.0599689,0.428311
M,0.0641151,0.103342,0.103342,0.167457
M,0.128134,0.103342,0.103342,0.231476
M,-0.0912269,-0.0526643,-0.0526643,-0.143891
M,0.0867121,0.0580896,0.0580896,0.144802
M,0.0522469,-0.0526643,-0.0526643,-0.000417379
M,-0.212481,-0.0526643,-0.0526643,-0.265145
M,0.169167,0.103342,0.103342,0.272509
M,-0.0752411,0.0580896,0.0580896,-0.0171515
M,-0.349976,0.103342,0.103342,-0.246634
M,-0.0590057,-0.0526643,-0.0526643,-0.11167
M,-0.0492206,-0.145172,-0.145172,-0.194393
M,0.184022,0.103342,0.103342,0.287364
M,-0.101556,0.0715971,0.0715971,-0.0299588
M,0.204064,0.000270658,0.000270658,0.204335
M,-0.296521,-0.0526643,-0.0526643,-0.349186
M,-0.204151,0.000270658,0.000270658,-0.203881
M,-0.255521,0.000270658,0.000270658,-0.25525
M,0.249472,0.121286,0.121286,0.370758
M,-0.272292,0.00950019,0.00950019,-0.262791
M,-0.287291,-0.145172,-0.145172,-0.432463
M,0.135232,0.0580896,0.0580896,0.193322
M,-0.1469,-0.0526643,-0.0526643,-0.199564
M,0.0874456,0.121286,0.121286,0.208732
M,0.215943,0.0413922,0.0413922,0.257336
M,0.0195294,0.0456302,0.0456302,0.0651596
M,-0.136159,0.00950019,0.00950019,-0.126659
M,0.173075,0.0580896,0.0580896,0.231165
M,0.133758,-0.0687917,-0.0687917,0.0649659
M,-0.111045,-0.0526643,-0.0526643,-0.163709
M,0.153916,-0.0526643,-0.0526643,0.101252
M,0.129889,0.0580896,0.0580896,0.187978
M,-0.159606,0.0580896,0.0580896,-0.101517
M,-0.0723167,0.000270658,0.000270658,-0.072046
M,0.0973456,0.000270658,0.000270658,0.0976163
M,0.000172921,-0.0526643,-0.0526643,-0.0524914
M,-0.0408009,-0.145172,-0.145172,-0.185973
M,0.105396,0.121286,0.121286,0.226682
M,0.02144,0.0580896,0.0580896,0.0795296
M,-0.155584,0.0792397,0.0792397,-0.0763444
M,-0.184714,-0.145172,-0.145172,-0.329886
M,-0.0325624,0.0580896,0.0580896,0.0255272
M,0.302131,0.000270658,0.000270658,0.302402
M,0.00517555,-0.0526643,-0.0526643,-0.0474887
M,-0.393692,0.0599689,0.0599689,-0.333723
M,-0.0617235,-0.0526643,-0.0526643,-0.114388
M,-0.26663,0.142309,0.142309,-0.124321
M,-0.227452,-0.0526643,-0.0526643,-0.280116
M,-0.0760448,0.113453,0.113453,0.0374085
M,0.315374,0.103342,0.103342,0.418716
M,-0.196087,-0.0526643,-0.0526643,-0.248752
M,-0.00316491,0.0495102,0.0495102,0.0463453
M,0.153441,0.0456302,0.0456302,0.199071
M,-0.072564,0.0599689,0.0599689,-0.0125951
M,0.244456,0.103342,0.103342,0.347798
M,-0.309971,0.0580896,0.0580896,-0.251882
M,-0.183966,-0.0295082,-0.0295082,-0.213474
M,0.25709,0.0495102,0.0495102,0.306601
M,-0.039835,0.121286,0.121286,0.0814512
M,0.0284769,-0.0526643,-0.0526643,-0.0241874
M,0.238273,0.0413922,0.0413922,0.279665
M,-0.515603,-0.0526643,-0.0526643,-0.568267
M,0.0292698,0.0580896,0.0580896,0.0873594
M,-0.289069,0.0580896,0.0580896,-0.23098
M,0.0531239,-0.0526643,-0.0526643,0.000459586
M,0.0427626,-0.0526643,-0.0526643,-0.00990167
M,0.157077,-0.0468309,-0.0468309,0.110246
M,-0.212845,0.0580896,0.0580896,-0.154756
M,-0.228107,-0.0526643,-0.0526643,-0.280772
M,-0.0123576,-0.0526643,-0.0526643,-0.0650218
M,-0.201141,-0.061501,-0.061501,-0.262642
M,0.0145676,0.0174645,0.0174645,0.0320321
M,0.272855,0.0174645,0.0174645,0.290319
M,0.423776,-0.0526643,-0.0526643,0.371111
M,0.275362,0.0174645,0.0174645,0.292827
M,-0.21824,0.103342,0.103342,-0.114898
M,0.20185,-0.0526643,-0.0526643,0.149186
M,-0.204508,0.000270658,0.000270658,-0.204237
M,0.187935,0.103342,0.103342,0.291277
M,-0.0329468,0.103342,0.103342,0.0703954
M,0.0747689,0.0456302,0.0456302,0.120399
M,0.314399,0.0174645,0.0174645,0.331863
M,-0.17858,0.103342,0.103342,-0.0752376
M,0.420742,0.0413922,0.0413922,0.462135
M,0.127651,0.0174645,0.0174645,0.145115
M,-0.014589,0.0792397,0.0792397,0.0646507
M,-0.159533,0.0580896,0.0580896,-0.101444
M,-0.252993,0.000270658,0.000270658,-0.252722
M,0.0390916,-0.0295082,-0.0295082,0.00958338
M,-0.447285,0.0413922,0.0413922,-0.405892
M,0.121079,0.0580896,0.0580896,0.179168
M,0.214085,-0.0526643,-0.0526643,0.161421
M,-0.219499,-0.0240406,-0.0240406,-0.24354
M,-0.202215,0.0580896,0.0580896,-0.144126
M,-0.0450168,-0.0526643,-0.0526643,-0.097681
M,0.0997741,0.000270658,0.000270658,0.100045
M,-0.45273,0.0580896,0.0580896,-0.39464
M,0.0655678,0.00950019,0.00950019,0.0750679
M,-0.162905,0.000270658,0.000270658,-0.162634
M,-0.148826,0.0580896,0.0580896,-0.0907367
M,-0.200858,-0.0526643,-0.0526643,-0.253523
M,-0.00622637,0.0715971,0.0715971,0.0653707
M,0.439447,0.103342,0.103342,0.54279
M,0.186795,0.0413922,0.0413922,0.228187
M,-0.0948867,-0.145172,-0.145172,-0.240059
M,-0.169225,0.103342,0.103342,-0.065883
M,0.328817,0.0495102,0.0495102,0.378327
M,0.185828,0.0580896,0.0580896,0.243918
M,-0.118442,0.0599689,0.0599689,-0.0584728
M,0.418601,0.0174645,0.0174645,0.436066
M,0.0172182,0.0580896,0.0580896,0.0753078
M,-0.135295,0.000270658,0.000270658,-0.135025
M,-0.0238202,0.103342,0.103342,0.079522
M,-0.312536,0.0580896,0.0580896,-0.254446
M,-0.164898,0.169339,0.169339,0.00444063
M,-0.0879507,0.0465662,0.0465662,-0.0413845
M,-0.150129,0.0580896,0.0580896,-0.0920391
M,-0.0832321,-0.0526643,-0.0526643,-0.135896
M,-0.594959,0.103342,0.103342,-0.491617
M,-0.0362036,0.0580896,0.0580896,0.021886
M,-0.181294,-0.0526643,-0.0526643,-0.233958
M,-0.17644,0.00950019,0.00950019,-0.16694
M,-0.0310967,0.103342,0.103342,0.0722455
M,0.0480324,0.0580896,0.0580896,0.106122
M,0.00597778,0.0465662,0.0465662,0.0525439
M,0.144195,0.0413922,0.0413922,0.185587
M,0.0181753,0.0599689,0.0599689,0.0781442
M,0.174718,0.0580896,0.0580896,0.232808
M,0.171979,0.0174645,0.0174645,0.189444
M,0.093633,0.000270658,0.000270658,0.0939037
M,0.157721,0.0174645,0.0174645,0.175186
M,0.0573858,0.0465662,0.0465662,0.103952
M,0.339955,0.103342,0.103342,0.443297
M,-0.392738,-0.0526643,-0.0526643,-0.445402
M,0.575955,-0.0526643,-0.0526643,0.523291
M,0.145571,0.0465662,0.0465662,0.192138
M,0.103956,-0.0526643,-0.0526643,0.0512918
M,0.2116,0.0580896,0.0580896,0.269689
M,0.0201591,0.0599689,0.0599689,0.080128
M,-0.135501,-0.0526643,-0.0526643,-0.188165
M,0.263339,0.0580896,0.0580896,0.321428
M,0.0532375,-0.0526643,-0.0526643,0.000573242
M,-0.281087,0.00950019,0.00950019,-0.271587
M,0.154164,-0.0526643,-0.0526643,0.1015
M,-0.298371,0.00950019,0.00950019,-0.288871
M,0.0155444,0.0580896,0.0580896,0.073634
M,0.0410228,0.0174645,0.0174645,0.0584872
M,-0.234225,0.0580896,0.0580896,-0.176135
M,0.155094,-0.0526643,-0.0526643,0.102429
M,-0.1225,0.103342,0.103342,-0.0191579
M,-0.201356,0.0580896,0.0580896,-0.143266
M,0.221128,0.0668751,0.0668751,0.288003
M,-0.330708,0.0580896,0.0580896,-0.272619
M,0.30235,0.0580896,0.0580896,0.36044
M,-0.354042,0.0599689,0.0599689,-0.294074
M,-0.0597059,-0.0295082,-0.0295082,-0.0892141
M,-0.14947,0.0580896,0.0580896,-0.0913806
M,0.06796,0.0413922,0.0413922,0.109352
M,-0.180659,0.0580896,0.0580896,-0.12257
M,0.132797,-0.0410304,-0.0410304,0.0917668
M,0.13917,-0.0526643,-0.0526643,0.0865056
M,-0.204309,0.103342,0.103342,-0.100967
M,0.041968,-0.0526643,-0.0526643,-0.0106963
M,-0.157033,0.0781914,0.0781914,-0.0788417
M,-0.0759605,0.0413922,0.0413922,-0.0345683
M,0.148062,0.113453,0.113453,0.261516
M,-0.470983,0.116656,0.116656,-0.354327
M,-0.1457,-0.0526643,-0.0526643,-0.198364
M,-0.09416,-0.0687917,-0.0687917,-0.162952
M,0.163732,-0.0295082,-0.0295082,0.134223
M,0.165631,0.103342,0.103342,0.268973
M,-0.123463,0.121286,0.121286,-0.00217645
M,-0.188837,0.0413922,0.0413922,-0.147444
M,-0.135409,0.0465662,0.0465662,-0.0888431
M,0.0739484,-0.0526643,-0.0526643,0.0212841
M,0.117848,0.103342,0.103342,0.22119
M,-0.123325,0.0413922,0.0413922,-0.0819325
M,0.185732,0.0465662,0.0465662,0.232298
M,0.0447165,0.0174645,0.0174645,0.062181
M,-0.3474,0.103342,0.103342,-0.244058
M,-0.188356,-0.0526643,-0.0526643,-0.24102
M,0.254105,0.0781914,0.0781914,0.332297
M,0.228222,0.103342,0.103342,0.331565
M,0.0141123,0.000270658,0.000270658,0.0143829
M,-0.218884,0.0781914,0.0781914,-0.140693
M,0.0272497,0.0599689,0.0599689,0.0872186
M,-0.280631,0.103342,0.103342,-0.177289
M,-0.339109,-0.145172,-0.145172,-0.484282
M,-0.2274,0.0580896,0.0580896,-0.16931
M,0.577415,-0.145172,-0.145172,0.432243
M,-0.0145584,-0.145172,-0.145172,-0.159731
M,-0.0472016,0.000270658,0.000270658,-0.0469309
M,0.0942609,0.0599689,0.0599689,0.15423
M,-0.20262,0.0599689,0.0599689,-0.142651
M,0.0656672,0.0456302,0.0456302,0.111297
M,-0.0570586,0.0495102,0.0495102,-0.00754833
M,-0.0467238,0.103342,0.103342,0.0566183
M,0.0504417,0.0580896,0.0580896,0.108531
M,-0.0160005,0.113453,0.113453,0.0974529
M,0.0540737,0.103342,0.103342,0.157416
M,-0.0908329,0.0580896,0.0580896,-0.0327433
M,0.0205639,0.0599689,0.0599689,0.0805328
M,0.379611,0.0465662,0.0465662,0.426177
M,0.0446685,0.0580896,0.0580896,0.102758
M,0.0291353,0.0580896,0.0580896,0.0872249
M,0.173314,0.0413922,0.0413922,0.214706
M,0.51439,0.000270658,0.000270658,0.51466
M,-0.44628,0.121286,0.121286,-0.324994
M,-0.0660008,0.0413922,0.0413922,-0.0246087
M,0.164453,0.00950019,0.00950019,0.173954
M,0.00736055,0.0781914,0.0781914,0.0855519
M,-0.043752,0.103342,0.103342,0.0595902
M,-0.147197,-0.0526643,-0.0526643,-0.199861
M,-0.244481,0.0465662,0.0465662,-0.197915
M,0.0444859,-0.0526643,-0.0526643,-0.00817836
M,-0.0633816,-0.0526643,-0.0526643,-0.116046
M,0.0799057,0.0781914,0.0781914,0.158097
M,-0.191879,0.0580896,0.0580896,-0.133789
M,0.133565,0.0580896,0.0580896,0.191655
M,-0.177288,-0.0687917,-0.0687917,-0.24608
M,0.090155,0.0174645,0.0174645,0.10762
M,0.0924117,0.121286,0.121286,0.213698
M,0.200682,0.0413922,0.0413922,0.242075
M,0.0766196,0.103342,0.103342,0.179962
M,0.238864,0.00950019,0.00950019,0.248364
M,-0.054998,-0.145172,-0.145172,-0.20017
M,-0.312829,0.0580896,0.0580896,-0.25474
M,-0.422178,-0.0526643,-0.0526643,-0.474842
M,0.0819899,0.0580896,0.0580896,0.14008
M,-0.0941866,0.0174645,0.0174645,-0.0767221
M,0.195894,0.103342,0.103342,0.299236
M,0.0906425,-0.0526643,-0.0526643,0.0379782
M,-0.120243,-0.0526643,-0.0526643,-0.172907
M,0.068655,0.0580896,0.0580896,0.126745
M,0.0837263,-0.0526643,-0.0526643,0.031062
M,0.0747067,-0.0526643,-0.0526643,0.0220424
M,0.0397739,0.0580896,0.0580896,0.0978635
M,-0.243812,0.0599689,0.0599689,-0.183843
M,-0.039104,0.0599689,0.0599689,0.0208649
M,0.240084,0.0174645,0.0174645,0.257548
M,0.522757,0.000270658,0.000270658,0.523028
M,0.0246762,-0.0526643,-0.0526643,-0.0279881
M,-0.0751375,0.0580896,0.0580896,-0.0170479
M,-0.256242,-0.0687917,-0.0687917,-0.325034
M,-0.0288941,0.000270658,0.000270658,-0.0286235
M,0.0797693,0.0174645,0.0174645,0.0972338
M,0.0328342,0.103342,0.103342,0.136176
M,0.414341,0.0580896,0.0580896,0.47243
M,0.127916,0.0465662,0.0465662,0.174482
M,-0.0286747,0.0792397,0.0792397,0.050565
M,-0.197233,0.000270658,0.000270658,-0.196963
M,-0.0997585,0.0599689,0.0599689,-0.0397896
M,-0.177959,0.0580896,0.0580896,-0.119869
M,0.252697,0.0495102,0.0495102,0.302207
M,-0.336799,0.0413922,0.0413922,-0.295407
M,0.0984957,0.0792397,0.0792397,0.177735
M,0.0394687,-0.0526643,-0.0526643,-0.0131956
M,-0.0598626,0.0580896,0.0580896,-0.00177303
M,0.103591,0.0174645,0.0174645,0.121055
M,-0.351275,0.121286,0.121286,-0.229989
M,-0.106425,0.0580896,0.0580896,-0.0483353
M,-0.0503168,-0.145172,-0.145172,-0.195489
M,0.204566,0.0174645,0.0174645,0.222031
M,-0.477633,0.103342,0.103342,-0.374291
M,-0.0931052,-0.0526643,-0.0526643,-0.145769
M,-0.187763,0.000270658,0.000270658,-0.187492
M,0.0806955,-0.0410304,-0.0410304,0.0396651
M,-0.152719,0.0580896,0.0580896,-0.0946292
M,-0.0619466,-0.0526643,-0.0526643,-0.114611
M,0.17415,0.0580896,0.0580896,0.23224
M,-0.0214636,-0.145172,-0.145172,-0.166636
M,0.0816697,-0.145172,-0.145172,-0.0635024
M,0.0211021,0.0413922,0.0413922,0.0624943
M,0.185106,-0.0526643,-0.0526643,0.132442
M,0.294848,0.103342,0.103342,0.39819
M,0.168075,0.121286,0.121286,0.289361
M,-0.0951365,0.0580896,0.0580896,-0.0370469
M,0.36891,0.000270658,0.000270658,0.36918
M,0.109189,-0.0526643,-0.0526643,0.0565245
M,-0.26473,-0.0468309,-0.0468309,-0.311561
M,0.183487,0.0413922,0.0413922,0.224879
M,0.178949,-0.0526643,-0.0526643,0.126285
M,-0.053959,0.0174645,0.0174645,-0.0364945
M,0.0909658,0.0413922,0.0413922,0.132358
M,-0.168158,0.0580896,0.0580896,-0.110069
M,-0.236014,0.000270658,0.000270658,-0.235743
M,-0.277328,0.113453,0.113453,-0.163875
M,-0.090211,0.0580896,0.0580896,-0.0321214
M,-0.0670397,0.0580896,0.0580896,-0.00895012
M,0.159932,-0.0526643,-0.0526643,0.107268
M,-0.132452,0.0580896,0.0580896,-0.0743619
M,-0.124215,0.121286,0.121286,-0.00292846
M,-0.146641,0.000895017,0.000895017,-0.145746
M,-0.219601,0.0465662,0.0465662,-0.173035
M,-0.214139,0.121286,0.121286,-0.0928524
M,0.180947,0.0580896,0.0580896,0.239037
M,-0.140835,0.103342,0.103342,-0.0374927
M,-0.0520982,0.0781914,0.0781914,0.0260931
M,0.151063,0.12368,0.12368,0.274743
M,-0.0558191,0.0413922,0.0413922,-0.0144269
M,-0.34163,0.0580896,0.0580896,-0.283541
M,0.00139429,0.0580896,0.0580896,0.0594839
M,0.128161,0.00950019,0.00950019,0.137661
M,-0.262246,0.0580896,0.0580896,-0.204156
M,-0.0279949,0.103342,0.103342,0.0753473
M,0.0144311,0.000270658,0.000270658,0.0147018
M,-0.0316773,-0.0526643,-0.0526643,-0.0843416
M,0.0999216,0.000270658,0.000270658,0.100192
M,0.285862,0.0766754,0.0766754,0.362537
M,0.0143145,-0.0526643,-0.0526643,-0.0383498
M,0.227287,-0.0526643,-0.0526643,0.174622
M,-0.16297,0.0580896,0.0580896,-0.10488
M,-0.234265,0.0580896,0.0580896,-0.176176
M,0.363248,0.0781914,0.0781914,0.441439
M,0.109174,0.0580896,0.0580896,0.167264
M,-0.19959,0.000270658,0.000270658,-0.19932
M,0.0467878,0.0174645,0.0174645,0.0642523
M,-0.309985,-0.0526643,-0.0526643,-0.362649
M,0.194881,0.0580896,0.0580896,0.25297
M,-0.145541,-0.0526643,-0.0526643,-0.198205
M,0.277341,0.0580896,0.0580896,0.335431
M,0.0180249,-0.145172,-0.145172,-0.127147
M,-0.634863,0.0781914,0.0781914,-0.556671
M,0.0671987,0.121286,0.121286,0.188485
M,0.00387038,0.0174645,0.0174645,0.0213349
M,0.0102465,0.0580896,0.0580896,0.0683361
M,-0.0642915,0.0495102,0.0495102,-0.0147813
M,-0.182093,-0.0526643,-0.0526643,-0.234757
M,0.0157109,-0.0526643,-0.0526643,-0.0369534
M,0.219236,0.0174645,0.0174645,0.236701
M,0.152839,0.0174645,0.0174645,0.170303
M,-0.0770008,0.00950019,0.00950019,-0.0675006
M,-0.172493,0.0580896,0.0580896,-0.114403
M,0.0411661,0.121286,0.121286,0.162452
M,0.22919,0.0580896,0.0580896,0.287279
M,-0.36386,-0.0297358,-0.0297358,-0.393595
M,0.0844979,0.0413922,0.0413922,0.12589
M,0.151327,0.0413922,0.0413922,0.192719
M,-0.173893,-0.112391,-0.112391,-0.286285
M,-0.0989202,0.000270658,0.000270658,-0.0986495
M,-0.0660205,-0.0526643,-0.0526643,-0.118685
M,0.160284,0.0580896,0.0580896,0.218374
M,0.157098,-0.0526643,-0.0526643,0.104433
M,0.0582437,0.103342,0.103342,0.161586
M,0.0587281,0.0580896,0.0580896,0.116818
M,-0.09232,0.0580896,0.0580896,-0.0342304
M,-0.0332164,-0.0526643,-0.0526643,-0.0858806
M,0.380497,0.0174645,0.0174645,0.397961
M,-0.00343986,0.103342,0.103342,0.0999023
M,0.123334,0.0580896,0.0580896,0.181424
M,-0.211342,0.103342,0.103342,-0.108
M,-0.0498305,-0.0526643,-0.0526643,-0.102495
M,0.0153224,0.0580896,0.0580896,0.073412
M,-0.0486964,0.0413922,0.0413922,-0.00730423
M,-0.0556118,0.0599689,0.0599689,0.00435715
M,0.0899608,0.00950019,0.00950019,0.099461
M,-0.456907,0.0580896,0.0580896,-0.398817
M,0.18409,0.0580896,0.0580896,0.24218
M,0.165344,0.103342,0.103342,0.268686
M,0.271582,-0.0687917,-0.0687917,0.20279
M,-0.309998,-0.0526643,-0.0526643,-0.362662
M,0.0866439,0.121286,0.121286,0.20793
M,0.124004,0.0465662,0.0465662,0.170571
M,0.0678537,0.103342,0.103342,0.171196
M,0.136531,0.0413922,0.0413922,0.177923
M,-0.0678329,0.0174645,0.0174645,-0.0503685
M,0.142193,-0.0526643,-0.0526643,0.0895284
M,-0.0540424,0.0599689,0.0599689,0.0059265
M,0.172993,0.00950019,0.00950019,0.182493
M,0.11142,0.0413922,0.0413922,0.152812
M,-0.0625654,0.0174645,0.0174645,-0.0451009
M,-0.271736,0.0580896,0.0580896,-0.213646
M,0.150052,0.0495102,0.0495102,0.199562
M,0.291705,0.0580896,0.0580896,0.349795
M,0.283036,-0.0687917,-0.0687917,0.214244
M,-0.187862,0.0599689,0.0599689,-0.127893
M,0.106068,-0.015574,-0.015574,0.0904942
M,-0.185104,0.103342,0.103342,-0.0817614
M,0.11642,0.0174645,0.0174645,0.133885
M,-0.230047,0.00950019,0.00950019,-0.220547
M,0.0466093,0.000270658,0.000270658,0.04688
M,0.0288587,0.000895017,0.000895017,0.0297537
M,-0.105236,-0.0526643,-0.0526643,-0.1579
M,-0.435725,-0.0526643,-0.0526643,-0.488389
M,-0.332803,0.0174645,0.0174645,-0.315338
M,-0.0281504,-0.0526643,-0.0526643,-0.0808147
M,0.207474,0.0495102,0.0495102,0.256985
M,0.371639,0.103342,0.103342,0.474981
M,0.0919579,0.0580896,0.0580896,0.150047
M,-0.0992818,-0.0687917,-0.0687917,-0.168073
M,-0.0578854,0.103342,0.103342,0.0454567
M,-0.105849,0.0580896,0.0580896,-0.0477593
M,0.0242521,0.00950019,0.00950019,0.0337523
M,0.112171,0.0580896,0.0580896,0.170261
M,0.456198,0.113453,0.113453,0.569651
M,-0.0978721,0.103342,0.103342,0.00547003
M,0.0882733,0.121286,0.121286,0.20956
M,0.0697899,-0.145172,-0.145172,-0.0753823
M,0.139767,-0.0526643,-0.0526643,0.0871031
M,-0.0107376,0.0465662,0.0465662,0.0358286
M,0.181138,0.0599689,0.0599689,0.241107
M,-0.356441,0.0580896,0.0580896,-0.298352
M,-0.0699703,0.0580896,0.0580896,-0.0118807
M,0.0581857,0.000270658,0.000270658,0.0584563
M,0.155691,-0.145172,-0.145172,0.0105184
M,-0.0174367,0.0174645,0.0174645,2.78173e-05
M,-0.0434829,0.121286,0.121286,0.0778033
M,0.106324,0.0580896,0.0580896,0.164413
M,0.159014,0.113453,0.113453,0.272468
M,-0.123292,0.000270658,0.000270658,-0.123021
M,-0.204091,0.0413922,0.0413922,-0.162699
M,0.0298025,-0.0526643,-0.0526643,-0.0228618
M,0.105356,-0.0526643,-0.0526643,0.0526915
M,0.247155,0.106452,0.106452,0.353606
M,0.0696919,0.0580896,0.0580896,0.127782
M,0.266896,0.0580896,0.0580896,0.324985
M,0.0102939,0.0465662,0.0465662,0.05686
M,0.0875209,-0.0526643,-0.0526643,0.0348566
M,0.143313,-0.0526643,-0.0526643,0.0906489
M,0.17528,0.0580896,0.0580896,0.233369
M,-0.00710041,-0.112391,-0.112391,-0.119492
M,-0.132902,-0.0526643,-0.0526643,-0.185566
M,0.593808,0.0781914,0.0781914,0.672
M,-0.252099,0.0580896,0.0580896,-0.194009
M,-0.00699986,0.0465662,0.0465662,0.0395663
M,-0.109349,0.0580896,0.0580896,-0.0512596
M,0.156261,0.0174645,0.0174645,0.173726
M,0.115375,-0.112391,-0.112391,0.00298373
M,-0.16228,0.121286,0.121286,-0.0409936
M,-0.0382897,-0.0687917,-0.0687917,-0.107081
M,-0.146103,-0.0526643,-0.0526643,-0.198767
M,0.113765,-0.0526643,-0.0526643,0.0611009
M,-0.257945,-0.0526643,-0.0526643,-0.310609
M,0.0306882,-0.0526643,-0.0526643,-0.0219761
M,-0.146025,0.0580896,0.0580896,-0.0879358
M,0.0474722,-0.0526643,-0.0526643,-0.00519212
M,-0.108509,0.121286,0.121286,0.0127776
M,-0.0551415,0.0580896,0.0580896,0.00294812
M,0.022254,-0.0526643,-0.0526643,-0.0304103
M,-0.244802,-0.0468309,-0.0468309,-0.291633
M,0.227531,0.103342,0.103342,0.330873
M,0.0645349,0.0580896,0.0580896,0.122625
M,-0.243431,-0.145172,-0.145172,-0.388603
M,0.0386539,-0.0526643,-0.0526643,-0.0140104
M,0.239873,0.0495102,0.0495102,0.289383
M,-0.0534228,0.0781914,0.0781914,0.0247685
M,-0.053143,-0.122583,-0.122583,-0.175726
M,-0.0952952,-0.145172,-0.145172,-0.240467
M,-0.0841134,0.00950019,0.00950019,-0.0746132
M,-0.218655,-0.0482347,-0.0482347,-0.26689
M,0.0517804,0.103342,0.103342,0.155123
M,-0.23415,-0.0526643,-0.0526643,-0.286814
M,0.411089,0.0174645,0.0174645,0.428553
M,0.0745036,0.000270658,0.000270658,0.0747743
M,-0.044874,-0.0295082,-0.0295082,-0.0743822
M,-0.0259688,0.0580896,0.0580896,0.0321208
M,0.122943,0.169339,0.169339,0.292282
M,-0.122878,0.0580896,0.0580896,-0.0647886
M,-0.219348,0.0781914,0.0781914,-0.141157
M,-0.0061601,0.00950019,0.00950019,0.00334009
M,-0.155516,0.000270658,0.000270658,-0.155245
M,0.143079,0.0495102,0.0495102,0.192589
M,-0.183541,0.121286,0.121286,-0.0622548
M,-0.0195823,0.0413922,0.0413922,0.0218099
M,0.229085,-0.0526643,-0.0526643,0.176421
M,-0.201304,0.0174645,0.0174645,-0.183839
M,-0.463089,0.113453,0.113453,-0.349635
M,-0.131506,-0.145172,-0.145172,-0.276678
M,-0.291692,0.000270658,0.000270658,-0.291421
M,-0.0956709,0.0495102,0.0495102,-0.0461606
M,-0.0535357,-0.0526643,-0.0526643,-0.1062
M,0.218093,0.0580896,0.0580896,0.276183
M,-0.00794733,-0.0526643,-0.0526643,-0.0606116
M,-0.0222026,0.0413922,0.0413922,0.0191896
M,0.236814,0.0580896,0.0580896,0.294904
M,-0.473807,0.103342,0.103342,-0.370465
M,-0.141086,0.000270658,0.000270658,-0.140815
M,-0.236106,0.0174645,0.0174645,-0.218641
M,-0.152555,0.0580896,0.0580896,-0.0944652
M,-0.844835,0.0580896,0.0580896,-0.786745
M,-0.307778,0.0413922,0.0413922,-0.266386
M,0.302738,0.0580896,0.0580896,0.360827
M,-0.0672953,0.121286,0.121286,0.0539909
M,0.0252981,0.0413922,0.0413922,0.0666903
M,-0.256671,0.0174645,0.0174645,-0.239206
M,-0.274656,-0.0526643,-0.0526643,-0.32732
M,-0.195071,0.103342,0.103342,-0.091729
M,-0.0585276,0.0580896,0.0580896,-0.000437986
M,0.0228807,0.0413922,0.0413922,0.0642729
M,-0.146644,0.121286,0.121286,-0.0253575
M,0.20808,0.0580896,0.0580896,0.26617
M,-0.194531,0.0580896,0.0580896,-0.136441
M,0.141453,0.0456302,0.0456302,0.187083
M,-0.0929697,0.0580896,0.0580896,-0.0348801
M,0.086116,0.0599689,0.0599689,0.146085
M,-0.150878,-0.145172,-0.145172,-0.29605
M,-0.0786815,0.103342,0.103342,0.0246606
M,-0.10591,0.00950019,0.00950019,-0.09641
M,-0.140273,0.103342,0.103342,-0.0369305
M,-0.156978,-0.0687917,-0.0687917,-0.22577
M,0.0388873,-0.0526643,-0.0526643,-0.0137769
M,0.120756,-0.0283089,-0.0283089,0.0924467
M,0.131856,0.0174645,0.0174645,0.149321
M,0.0605258,-0.0526643,-0.0526643,0.00786156
M,0.129057,0.0174645,0.0174645,0.146521
M,-0.253655,0.103342,0.103342,-0.150313
M,0.272972,0.0580896,0.0580896,0.331062
M,-0.154312,-0.145172,-0.145172,-0.299484
M,0.0909283,-0.0526643,-0.0526643,0.038264
M,-0.256389,0.000270658,0.000270658,-0.256118
M,0.0440088,0.103342,0.103342,0.147351
M,0.0586147,0.0599689,0.0599689,0.118584
M,0.0765071,0.0174645,0.0174645,0.0939716
M,0.0883314,0.0580896,0.0580896,0.146421
M,-0.239871,0.0580896,0.0580896,-0.181781
M,0.372171,0.00950019,0.00950019,0.381671
M,-0.0436347,0.000179563,0.000179563,-0.0434551
M,-0.0865709,0.0580896,0.0580896,-0.0284813
M,-0.284073,-0.145172,-0.145172,-0.429246
M,0.315071,0.00950019,0.00950019,0.324571
M,-0.115196,0.0174645,0.0174645,-0.0977315
M,-0.306846,-0.0526643,-0.0526643,-0.359511
M,0.0282715,-0.145172,-0.145172,-0.116901
M,0.0670378,0.0715971,0.0715971,0.138635
M,-0.0701381,0.0781914,0.0781914,0.00805324
M,0.197072,0.103342,0.103342,0.300414
M,0.417115,0.121286,0.121286,0.538401
M,-0.126299,-0.0526643,-0.0526643,-0.178964
M,0.156432,0.0580896,0.0580896,0.214521
M,0.108781,-0.0687917,-0.0687917,0.0399889
M,-0.0347136,0.0987305,0.0987305,0.0640169
M,-0.231519,0.000270658,0.000270658,-0.231248
M,-0.0562544,0.0580896,0.0580896,0.00183524
M,-0.247389,0.0174645,0.0174645,-0.229925
M,0.13219,0.103342,0.103342,0.235533
M,-0.134047,0.0174645,0.0174645,-0.116583
M,-0.0813395,-0.0526643,-0.0526643,-0.134004
M,0.0556348,0.0413922,0.0413922,0.097027
M,0.462447,0.0413922,0.0413922,0.503839
M,0.0317007,-0.0526643,-0.0526643,-0.0209636
M,-0.13682,0.0413922,0.0413922,-0.0954275
M,-0.246221,0.00950019,0.00950019,-0.236721
M,0.1183,0.0792397,0.0792397,0.19754
M,-0.244333,0.121286,0.121286,-0.123047
M,-0.172173,0.142309,0.142309,-0.0298645
M,0.194502,-0.0526643,-0.0526643,0.141838
M,0.173651,-0.0468309,-0.0468309,0.12682
M,-0.387488,-0.0526643,-0.0526643,-0.440152
M,-0.225216,0.0781914,0.0781914,-0.147024
M,-0.235514,0.0599689,0.0599689,-0.175545
M,0.0253969,-0.0526643,-0.0526643,-0.0272674
M,-0.281626,0.0580896,0.0580896,-0.223537
M,0.109036,-0.0526643,-0.0526643,0.0563716
M,-0.13951,0.103342,0.103342,-0.0361682
M,-0.102666,-0.122583,-0.122583,-0.225249
M,-0.276642,0.00950019,0.00950019,-0.267142
M,-0.386782,0.00950019,0.00950019,-0.377282
M,-0.0430144,-0.0526643,-0.0526643,-0.0956787
M,-0.227415,0.0580896,0.0580896,-0.169325
M,-0.244003,0.0781914,0.0781914,-0.165811
M,0.0402363,-0.0526643,-0.0526643,-0.012428
M,0.17279,0.000270658,0.000270658,0.173061
M,-0.436116,0.00950019,0.00950019,-0.426616
M,0.298564,0.0580896,0.0580896,0.356654
M,-0.193756,0.0781914,0.0781914,-0.115565
M,-0.0678785,-0.0468309,-0.0468309,-0.114709
M,0.172139,0.0580896,0.0580896,0.230228
M,0.16366,-0.0526643,-0.0526643,0.110996
M,-0.343619,0.00950019,0.00950019,-0.334119
M,0.108475,0.000270658,0.000270658,0.108746
M,0.195813,-0.0526643,-0.0526643,0.143149
M,0.247013,0.0174645,0.0174645,0.264478
M,0.0423236,0.0580896,0.0580896,0.100413
M,0.107065,-0.0526643,-0.0526643,0.0544005
M,-0.245336,0.0580896,0.0580896,-0.187247
M,-0.0158734,-0.145172,-0.145172,-0.161046
M,-0.290837,0.0413922,0.0413922,-0.249445
M,-0.097517,0.0580896,0.0580896,-0.0394274
M,-0.0779965,0.0599689,0.0599689,-0.0180276
M,-0.142419,0.103342,0.103342,-0.039077
M,0.0932205,0.113453,0.113453,0.206674
M,0.0460318,-0.145172,-0.145172,-0.0991404
M,0.00620326,-0.0526643,-0.0526643,-0.046461
M,0.0869256,0.121286,0.121286,0.208212
M,-0.137909,-0.145172,-0.145172,-0.283081
M,-0.338783,0.0580896,0.0580896,-0.280694
M,-0.1679,0.0580896,0.0580896,-0.10981
M,-0.289987,0.0174645,0.0174645,-0.272522
M,-0.0699376,0.0599689,0.0599689,-0.00996871
M,0.154395,0.0580896,0.0580896,0.212484
M,-0.0647677,-0.0526643,-0.0526643,-0.117432
M,-0.196151,0.000270658,0.000270658,-0.19588
M,-0.113177,-0.0526643,-0.0526643,-0.165842
M,0.0923926,0.0792397,0.0792397,0.171632
M,0.0832478,0.169339,0.169339,0.252587
M,-0.210724,0.0580896,0.0580896,-0.152634
M,0.153128,0.0580896,0.0580896,0.211218
M,0.21927,-0.015574,-0.015574,0.203696
M,-0.25083,0.0174645,0.0174645,-0.233365
M,-0.0056349,0.0456302,0.0456302,0.0399953
M,-0.335983,0.106452,0.106452,-0.229532
M,-0.249818,0.000270658,0.000270658,-0.249548
M,0.305109,0.0174645,0.0174645,0.322574
M,0.254716,-0.015574,-0.015574,0.239142
M,0.0628681,-0.0526643,-0.0526643,0.0102038
M,0.0449153,0.0413922,0.0413922,0.0863075
M,-0.141581,-0.0468309,-0.0468309,-0.188412
M,0.0028246,0.103342,0.103342,0.106167
M,-0.315041,0.103342,0.103342,-0.211699
M,0.184125,0.0580896,0.0580896,0.242215
M,0.0694358,-0.0526643,-0.0526643,0.0167716
M,0.113197,0.113453,0.113453,0.22665
M,0.282896,0.0599689,0.0599689,0.342865
M,-0.131642,0.0413922,0.0413922,-0.0902498
M,0.0396201,0.0495102,0.0495102,0.0891303
M,-0.1126,0.0456302,0.0456302,-0.0669697
M,-0.0954322,0.0174645,0.0174645,-0.0779678
M,-0.14205,-0.0295082,-0.0295082,-0.171558
M,-0.237173,-0.0526643,-0.0526643,-0.289837
M,0.0394311,0.103342,0.103342,0.142773
M,-0.0609893,0.000270658,0.000270658,-0.0607187
M,0.192304,0.00950019,0.00950019,0.201804
M,-0.0131143,0.0174645,0.0174645,0.00435016
M,0.0657761,0.0580896,0.0580896,0.123866
M,-0.359744,0.000270658,0.000270658,-0.359473
M,0.112504,-0.145172,-0.145172,-0.0326679
M,-0.188081,0.0599689,0.0599689,-0.128112
M,-0.313203,0.00950019,0.00950019,-0.303703
M,0.0708943,0.000270658,0.000270658,0.0711649
M,-0.326257,0.0580896,0.0580896,-0.268168
M,-0.0583327,-0.0687917,-0.0687917,-0.127124
M,-0.018238,-0.145172,-0.145172,-0.16341
M,-0.0854853,0.0174645,0.0174645,-0.0680209
M,-0.0512332,-0.0526643,-0.0526643,-0.103897
M,0.232166,-0.0526643,-0.0526643,0.179502
M,0.00192965,-0.0410304,-0.0410304,-0.0391008
M,-0.11693,0.117201,0.117201,0.000270986
M,0.129414,0.000270658,0.000270658,0.129684
M,-0.0272727,0.000270658,0.000270658,-0.027002
M,-0.026496,0.0580896,0.0580896,0.0315936
M,0.00725516,-0.0526643,-0.0526643,-0.0454091
M,0.265498,0.0580896,0.0580896,0.323588
M,0.354253,0.0495102,0.0495102,0.403763
M,-0.227046,0.00950019,0.00950019,-0.217545
M,-0.00441974,0.103342,0.103342,0.0989224
M,0.173733,-0.0526643,-0.0526643,0.121069
M,0.206316,-0.0295082,-0.0295082,0.176808
M,0.0965876,-0.145172,-0.145172,-0.0485846
M,-0.257258,0.0580896,0.0580896,-0.199168
M,0.172164,0.0580896,0.0580896,0.230254
M,-0.430669,0.0580896,0.0580896,-0.372579
M,-0.032858,0.000270658,0.000270658,-0.0325874
M,0.226636,0.158642,0.158642,0.385278
M,0.0361383,0.103342,0.103342,0.13948
M,-0.35347,0.0413922,0.0413922,-0.312078
M,-0.0183166,0.0599689,0.0599689,0.0416523
M,-0.0322617,0.113453,0.113453,0.0811916
M,-0.292797,0.0465662,0.0465662,-0.246231
M,0.0113833,0.0456302,0.0456302,0.0570135
M,0.205322,0.113453,0.113453,0.318776
M,-0.209907,0.0465662,0.0465662,-0.163341
M,-0.0856496,-0.112391,-0.112391,-0.198041
M,-0.291972,-0.0526643,-0.0526643,-0.344636
M,-0.0490554,0.0465662,0.0465662,-0.00248921
M,0.207201,0.0580896,0.0580896,0.26529
M,-0.173088,-0.0526643,-0.0526643,-0.225752
M,0.0550781,0.0580896,0.0580896,0.113168
M,-0.0841125,-0.0526643,-0.0526643,-0.136777
M,-0.391762,0.0413922,0.0413922,-0.35037
M,0.188409,0.113453,0.113453,0.301862
M,0.00631453,0.00950019,0.00950019,0.0158147
M,-0.171049,-0.145172,-0.145172,-0.316221
M,-0.199272,0.0715971,0.0715971,-0.127675
M,0.0526878,-0.0526643,-0.0526643,2.34859e-05
M,-0.00635512,-0.0532222,-0.0532222,-0.0595773
M,-0.119821,0.0599689,0.0599689,-0.0598521
M,-0.0443566,0.0580896,0.0580896,0.013733
M,0.0593309,-0.145172,-0.145172,-0.0858413
M,-0.202096,0.0495102,0.0495102,-0.152586
M,-0.236056,0.0174645,0.0174645,-0.218591
M,-0.143587,0.0792397,0.0792397,-0.0643477
M,0.127501,0.121286,0.121286,0.248787
M,0.0171939,0.103342,0.103342,0.120536
M,-0.138037,0.103342,0.103342,-0.0346951
M,-0.0456643,0.0580896,0.0580896,0.0124253
M,0.0277809,-0.0526643,-0.0526643,-0.0248834
M,-0.0352101,0.0580896,0.0580896,0.0228795
M,-0.246433,0.0580896,0.0580896,-0.188344
M,-0.0590386,-0.0468309,-0.0468309,-0.105869
M,0.344001,0.0580896,0.0580896,0.402091
M,-0.0978621,0.0174645,0.0174645,-0.0803976
M,0.0012331,0.121286,0.121286,0.122519
M,-0.00754604,-0.0526643,-0.0526643,-0.0602103
M,-0.156871,0.103342,0.103342,-0.0535285
M,-0.13509,0.00950019,0.00950019,-0.125589
M,-0.233059,0.0413922,0.0413922,-0.191667
M,-0.179922,0.0413922,0.0413922,-0.138529
M,-0.208512,-0.0526643,-0.0526643,-0.261176
M,0.0310134,-0.0526643,-0.0526643,-0.0216509
M,0.206668,-0.0526643,-0.0526643,0.154003
M,0.0802417,-0.0410304,-0.0410304,0.0392112
M,-0.227844,0.103342,0.103342,-0.124502
M,0.0706547,0.0580896,0.0580896,0.128744
M,0.2425,0.0580896,0.0580896,0.300589
M,0.303832,-0.0526643,-0.0526643,0.251167
M,0.328822,0.0413922,0.0413922,0.370214
M,-0.0790485,-0.145172,-0.145172,-0.224221
M,0.0777344,0.0580896,0.0580896,0.135824
M,-0.15589,0.000270658,0.000270658,-0.155619
M,-0.252576,0.0599689,0.0599689,-0.192607
M,-0.2399,0.103342,0.103342,-0.136557
M,0.21492,0.0174645,0.0174645,0.232385
M,0.142052,0.00950019,0.00950019,0.151552
M,0.00672578,0.0465662,0.0465662,0.0532919
M,0.0480125,-0.0283089,-0.0283089,0.0197035
M,-0.269584,-0.145172,-0.145172,-0.414756
M,0.597139,0.0495102,0.0495102,0.646649
M,-0.24737,0.0465662,0.0465662,-0.200804
M,-0.0693064,0.0599689,0.0599689,-0.00933746
M,-0.0457685,0.0580896,0.0580896,0.0123211
M,0.173382,0.0580896,0.0580896,0.231472
M,-0.175319,-0.0526643,-0.0526643,-0.227983
M,-0.185936,0.103342,0.103342,-0.0825941
M,0.0661753,-0.0526643,-0.0526643,0.013511
M,0.12303,0.0174645,0.0174645,0.140495
M,0.227225,0.0580896,0.0580896,0.285315
M,-0.128775,0.116656,0.116656,-0.0121192
M,-0.0906076,-0.0526643,-0.0526643,-0.143272
M,0.166142,0.000270658,0.000270658,0.166413
M,0.016335,0.103342,0.103342,0.119677
M,-0.118088,0.0580896,0.0580896,-0.059998
M,0.26502,0.0781914,0.0781914,0.343211
M,-0.14331,-0.0240406,-0.0240406,-0.16735
M,-0.205946,-0.145172,-0.145172,-0.351118
M,-0.129673,0.0599689,0.0599689,-0.0697044
M,-0.14738,-0.0687917,-0.0687917,-0.216172
M,-0.069783,0.000270658,0.000270658,-0.0695123
M,0.265412,0.000270658,0.000270658,0.265683
M,-0.116832,0.0580896,0.0580896,-0.058742
M,0.0636734,0.0580896,0.0580896,0.121763
M,-0.0506575,0.0580896,0.0580896,0.0074321
M,0.106218,-0.0526643,-0.0526643,0.0535542
M,-0.179745,0.000270658,0.000270658,-0.179474
M,-0.0660564,0.00950019,0.00950019,-0.0565563
M,-0.028603,-0.0283089,-0.0283089,-0.0569119
M,-0.144735,0.103342,0.103342,-0.041393
M,-0.0401105,0.0413922,0.0413922,0.00128166
M,-0.0456813,0.103342,0.103342,0.0576608
M,0.116756,-0.061501,-0.061501,0.0552552
M,0.131653,0.103342,0.103342,0.234996
M,-0.178305,0.0495102,0.0495102,-0.128795
M,0.0473155,0.000270658,0.000270658,0.0475862
M,-0.360612,-0.0526643,-0.0526643,-0.413276
M,-0.138737,-0.015574,-0.015574,-0.154311
M,-0.311248,0.0580896,0.0580896,-0.253158
M,0.183903,0.0174645,0.0174645,0.201368
M,-0.150328,0.169339,0.169339,0.0190114
M,-0.0704613,0.0580896,0.0580896,-0.0123717
M,-0.0400868,0.0580896,0.0580896,0.0180028
M,-0.23687,-0.0526643,-0.0526643,-0.289535
M,-0.031789,-0.0526643,-0.0526643,-0.0844533
M,0.178424,0.0580896,0.0580896,0.236514
M,-0.128884,0.0465662,0.0465662,-0.0823178
M,-0.0541514,0.113453,0.113453,0.0593019
M,-0.333976,0.0580896,0.0580896,-0.275886
M,0.0475699,0.000270658,0.000270658,0.0478405
M,0.15928,0.0456302,0.0456302,0.204911
M,-0.236277,-0.0526643,-0.0526643,-0.288941
M,-0.260726,0.0413922,0.0413922,-0.219333
M,-0.0575406,0.00950019,0.00950019,-0.0480404
M,0.134372,0.0781914,0.0781914,0.212563
M,-0.230093,0.0580896,0.0580896,-0.172003
M,0.053884,0.000270658,0.000270658,0.0541546
M,0.207563,0.0580896,0.0580896,0.265652
M,-0.098187,0.0580896,0.0580896,-0.0400974
M,0.0385127,0.0580896,0.0580896,0.0966023
M,0.0835492,-0.145172,-0.145172,-0.061623
M,0.177365,-0.0526643,-0.0526643,0.124701
M,-0.0461526,0.0174645,0.0174645,-0.0286881
M,-0.460259,0.103342,0.103342,-0.356917
M,0.181309,0.0781914,0.0781914,0.259501
M,0.0485674,0.0792397,0.0792397,0.127807
M,-0.0822423,0.121286,0.121286,0.0390439
M,0.278196,0.103342,0.103342,0.381538
M,-0.261773,0.121286,0.121286,-0.140487
M,0.0319685,0.0580896,0.0580896,0.0900581
M,0.0216595,0.113453,0.113453,0.135113
M,-0.305556,0.0580896,0.0580896,-0.247466
M,0.0629898,0.0599689,0.0599689,0.122959
M,-0.323384,0.0456302,0.0456302,-0.277754
M,0.118357,0.0580896,0.0580896,0.176447
M,-0.117323,-0.0526643,-0.0526643,-0.169987
M,0.0646924,0.0174645,0.0174645,0.0821569
M,0.0994501,-0.0687917,-0.0687917,0.0306584
M,-0.17319,-0.0526643,-0.0526643,-0.225854
M,0.0934949,0.0465662,0.0465662,0.140061
M,-0.0317726,0.0174645,0.0174645,-0.0143081
M,0.176277,0.0465662,0.0465662,0.222843
M,-0.539209,0.0599689,0.0599689,-0.47924
M,-0.105016,0.0413922,0.0413922,-0.0636242
M,0.385135,0.0495102,0.0495102,0.434645
M,0.0842166,0.0580896,0.0580896,0.142306
M,-0.265652,0.116656,0.116656,-0.148996
M,-0.198374,0.142309,0.142309,-0.0560656
M,-0.401014,0.103342,0.103342,-0.297672
M,-0.149217,0.0174645,0.0174645,-0.131753
M,0.122413,-0.0526643,-0.0526643,0.0697491
M,0.0113737,-0.145172,-0.145172,-0.133798
M,0.232731,0.0599689,0.0599689,0.2927
M,0.1391,0.00950019,0.00950019,0.1486
M,0.131305,-0.0526643,-0.0526643,0.078641
M,-0.143477,0.0580896,0.0580896,-0.0853875
M,-0.0657241,-0.0526643,-0.0526643,-0.118388
M,-0.222541,0.0174645,0.0174645,-0.205077
M,0.133999,0.0580896,0.0580896,0.192089
M,0.15537,0.0580896,0.0580896,0.21346
M,-0.298832,0.0781914,0.0781914,-0.220641
M,-0.181942,0.000270658,0.000270658,-0.181672
M,0.00247594,0.0174645,0.0174645,0.0199404
M,-0.291319,0.000270658,0.000270658,-0.291049
M,-0.364677,-0.0295082,-0.0295082,-0.394186
M,0.0656541,-0.0526643,-0.0526643,0.0129898
M,0.0340423,0.0580896,0.0580896,0.0921319
M,-0.263386,-0.0526643,-0.0526643,-0.316051
M,-0.0781998,0.000270658,0.000270658,-0.0779291
M,-0.336555,-0.015574,-0.015574,-0.352129
M,0.103645,0.000270658,0.000270658,0.103916
M,0.0983342,0.0781914,0.0781914,0.176526
M,-0.252337,0.103342,0.103342,-0.148995
M,-0.230266,0.0781914,0.0781914,-0.152075
M,-0.255657,0.0715971,0.0715971,-0.18406
M,-0.0801831,0.103342,0.103342,0.0231591
M,0.223025,0.0174645,0.0174645,0.24049
M,-0.106296,-0.145172,-0.145172,-0.251468
M,-0.120682,0.0580896,0.0580896,-0.0625929
M,-0.120154,0.0456302,0.0456302,-0.0745239
M,-0.255958,-0.0526643,-0.0526643,-0.308623
M,-0.225059,0.0580896,0.0580896,-0.16697
M,0.111966,-0.0526643,-0.0526643,0.0593014
M,-0.0108541,0.0413922,0.0413922,0.0305381
M,0.0261478,-0.0526643,-0.0526643,-0.0265165
M,0.090804,0.0781914,0.0781914,0.168995
M,0.370603,-0.0526643,-0.0526643,0.317939
M,-0.203336,-0.015574,-0.015574,-0.21891
M,0.0517142,0.0715971,0.0715971,0.123311
M,0.187911,-0.0526643,-0.0526643,0.135247
M,0.183662,0.0413922,0.0413922,0.225054
M,0.0497228,0.103342,0.103342,0.153065
M,0.244019,-0.0526643,-0.0526643,0.191355
M,0.276794,0.0580896,0.0580896,0.334884
M,-0.183228,0.0580896,0.0580896,-0.125138
M,0.240254,0.0580896,0.0580896,0.298343
M,-0.269337,0.0580896,0.0580896,-0.211248
M,0.0871617,-0.0526643,-0.0526643,0.0344974
M,-0.206561,-0.0526643,-0.0526643,-0.259225
M,0.126536,0.0580896,0.0580896,0.184626
M,-0.164648,-0.145172,-0.145172,-0.30982
M,0.1038,0.103342,0.103342,0.207143
M,0.33373,-0.0526643,-0.0526643,0.281065
M,-0.115559,0.00950019,0.00950019,-0.106059
M,0.436399,0.0413922,0.0413922,0.477791
M,0.448599,0.0781914,0.0781914,0.52679
M,-0.250266,0.00950019,0.00950019,-0.240765
M,-0.361911,0.0413922,0.0413922,-0.320519
M,-0.192358,-0.0687917,-0.0687917,-0.26115
M,-0.407683,0.0580896,0.0580896,-0.349593
M,0.118673,0.113453,0.113453,0.232126
M,-0.0140259,0.00950019,0.00950019,-0.00452575
M,0.146293,-0.145172,-0.145172,0.00112129
M,-0.283029,0.0413922,0.0413922,-0.241637
M,0.278463,0.113453,0.113453,0.391916
M,-0.173084,-0.0526643,-0.0526643,-0.225748
M,0.302662,0.0580896,0.0580896,0.360752
M,-0.13005,0.0580896,0.0580896,-0.0719607
M,-0.176016,0.0781914,0.0781914,-0.0978246
M,-0.0515318,0.0580896,0.0580896,0.00655779
M,-0.179844,-0.145172,-0.145172,-0.325017
M,0.0990145,-0.0687917,-0.0687917,0.0302228
M,0.068696,-0.112391,-0.112391,-0.0436954
M,0.0411277,0.0580896,0.0580896,0.0992173
M,-0.18951,-0.0526643,-0.0526643,-0.242175
M,0.157547,0.00950019,0.00950019,0.167047
M,-0.111897,0.0580896,0.0580896,-0.0538074
M,0.442666,0.103342,0.103342,0.546008
M,0.115064,0.103342,0.103342,0.218407
M,0.0571755,0.0580896,0.0580896,0.115265
M,0.192596,-0.0526643,-0.0526643,0.139932
M,0.0394305,0.0580896,0.0580896,0.0975201
M,-0.458953,-0.0526643,-0.0526643,-0.511617
M,-0.145585,0.0580896,0.0580896,-0.0874955
M,0.0258336,0.000270658,0.000270658,0.0261043
M,-0.336512,0.121286,0.121286,-0.215226
M,-0.348252,-0.0526643,-0.0526643,-0.400916
M,-0.181703,0.103342,0.103342,-0.078361
M,0.151179,0.103342,0.103342,0.254521
M,0.392958,0.00950019,0.00950019,0.402459
M,-0.0511747,0.0174645,0.0174645,-0.0337102
M,0.0665101,0.0599689,0.0599689,0.126479
M,0.1251,0.0174645,0.0174645,0.142564
M,0.0174468,-0.0526643,-0.0526643,-0.0352175
M,-0.233392,0.103342,0.103342,-0.13005
M,-0.242515,0.0599689,0.0599689,-0.182546
M,0.108283,-0.0687917,-0.0687917,0.0394918
M,0.133877,-0.0526643,-0.0526643,0.0812126
M,-0.199721,0.103342,0.103342,-0.0963793
M,-0.116356,0.113453,0.113453,-0.00290234
M,-0.274952,0.0580896,0.0580896,-0.216863
M,-0.229622,0.0495102,0.0495102,-0.180111
M,-0.236939,0.103342,0.103342,-0.133597
M,0.329479,0.0174645,0.0174645,0.346943
M,-0.0362242,-0.0526643,-0.0526643,-0.0888884
M,-0.170976,-0.0526643,-0.0526643,-0.223641
M,0.27596,0.0413922,0.0413922,0.317352
M,-0.171649,0.0174645,0.0174645,-0.154184
M,-0.140142,0.0413922,0.0413922,-0.0987497
M,0.117662,0.0580896,0.0580896,0.175752
M,-0.0512454,0.0580896,0.0580896,0.0068442
M,-0.244474,0.0580896,0.0580896,-0.186384
M,0.155896,0.0580896,0.0580896,0.213986
M,0.0205285,0.0580896,0.0580896,0.0786181
M,0.0794456,-0.0526643,-0.0526643,0.0267813
M,-0.0452706,0.103342,0.103342,0.0580715
M,0.178959,0.121286,0.121286,0.300245
M,-0.121589,0.0413922,0.0413922,-0.0801973
M,-0.2728,0.0781914,0.0781914,-0.194609
M,-0.467228,0.0580896,0.0580896,-0.409139
M,-0.381203,0.0174645,0.0174645,-0.363739
M,-0.0304703,-0.0526643,-0.0526643,-0.0831346
M,-0.210362,0.00950019,0.00950019,-0.200862
M,0.265799,0.0465662,0.0465662,0.312365
M,0.0405557,0.0599689,0.0599689,0.100525
M,-0.317067,0.00950019,0.00950019,-0.307567
M,-0.0600102,0.103342,0.103342,0.0433319
M,0.500194,0.00950019,0.00950019,0.509694
M,-0.313522,-0.0526643,-0.0526643,-0.366187
M,0.210484,0.116656,0.116656,0.32714
M,0.337904,0.0580896,0.0580896,0.395993
M,-0.00305556,0.0413922,0.0413922,0.0383366
M,-0.31427,-0.0526643,-0.0526643,-0.366934
M,-0.146741,0.0174645,0.0174645,-0.129277
M,-0.0706436,0.0413922,0.0413922,-0.0292514
M,0.180187,0.0580896,0.0580896,0.238276
M,-0.284323,0.103342,0.103342,-0.180981
M,0.221341,0.0781914,0.0781914,0.299532
M,-0.0119072,0.103342,0.103342,0.0914349
M,-0.204013,0.0599689,0.0599689,-0.144044
M,0.0573983,0.0715971,0.0715971,0.128995
M,0.151378,-0.0526643,-0.0526643,0.0987137
M,-0.0926509,0.0599689,0.0599689,-0.0326819
M,-0.208017,0.0174645,0.0174645,-0.190553
M,-0.133776,0.0580896,0.0580896,-0.075686
M,0.0830567,0.0465662,0.0465662,0.129623
M,-0.213648,-0.0526643,-0.0526643,-0.266312
M,-0.0766687,0.103342,0.103342,0.0266734
M,-0.226196,0.103342,0.103342,-0.122854
M,-0.139504,0.116656,0.116656,-0.0228484
M,-0.0728762,0.0715971,0.0715971,-0.00127912
M,-0.35285,-0.0526643,-0.0526643,-0.405514
M,-0.20636,-0.0526643,-0.0526643,-0.259024
M,-0.225953,0.103342,0.103342,-0.12261
M,0.121005,0.0465662,0.0465662,0.167571
M,-0.295387,0.113453,0.113453,-0.181934
M,0.272412,0.0580896,0.0580896,0.330502
M,-0.101012,0.000270658,0.000270658,-0.100741
M,-0.0282202,-0.0526643,-0.0526643,-0.0808844
M,-0.30349,-0.0526643,-0.0526643,-0.356154
M,-0.156819,-0.0526643,-0.0526643,-0.209483
M,-0.0661626,0.00950019,0.00950019,-0.0566624
M,0.154934,-0.112391,-0.112391,0.0425425
M,-0.130517,0.0174645,0.0174645,-0.113052
M,-0.0912526,0.142309,0.142309,0.0510562
M,0.136619,0.0580896,0.0580896,0.194708
M,0.0125194,0.0599689,0.0599689,0.0724884
M,0.00725536,-0.0526643,-0.0526643,-0.0454089
M,-0.05199,0.0580896,0.0580896,0.00609956
M,-0.117929,0.103342,0.103342,-0.0145871
M,0.290741,-0.0526643,-0.0526643,0.238077
M,-0.144806,-0.0526643,-0.0526643,-0.19747
M,0.186264,0.0599689,0.0599689,0.246233
M,-0.117126,-0.0526643,-0.0526643,-0.169791
M,0.172484,0.103342,0.103342,0.275826
M,-0.164908,0.0580896,0.0580896,-0.106818
M,0.155312,0.0580896,0.0580896,0.213401
M,0.498263,0.0599689,0.0599689,0.558232
M,-0.0216102,0.103342,0.103342,0.081732
M,0.0401569,0.121286,0.121286,0.161443
M,-0.186228,0.0580896,0.0580896,-0.128138
M,-0.0324798,0.0580896,0.0580896,0.0256099
M,-0.135794,0.0580896,0.0580896,-0.0777045
M,-0.0190147,0.0413922,0.0413922,0.0223775
M,0.381071,0.0580896,0.0580896,0.439161
M,0.081256,0.0495102,0.0495102,0.130766
M,-0.143798,0.0413922,0.0413922,-0.102406
M,0.0498573,0.0174645,0.0174645,0.0673218
M,-0.0269727,0.0580896,0.0580896,0.0311169
M,0.257426,-0.0526643,-0.0526643,0.204761
M,-0.0224597,0.0465662,0.0465662,0.0241065
M,-0.205675,-0.0526643,-0.0526643,-0.258339
M,-0.0236229,-0.0526643,-0.0526643,-0.0762871
M,-0.0999499,-0.0526643,-0.0526643,-0.152614
M,0.290852,0.0456302,0.0456302,0.336482
M,0.423764,0.0580896,0.0580896,0.481854
M,0.254552,0.0174645,0.0174645,0.272016
M,-0.000230959,0.0580896,0.0580896,0.0578586
M,-0.0259857,0.0580896,0.0580896,0.0321039
M,0.171856,0.0465662,0.0465662,0.218423
M,0.219204,0.0580896,0.0580896,0.277293
M,-0.0180468,0.0580896,0.0580896,0.0400429
M,-0.220135,0.0580896,0.0580896,-0.162045
M,0.0476584,-0.0526643,-0.0526643,-0.00500592
M,-0.266798,0.0781914,0.0781914,-0.188606
M,-0.380108,0.0580896,0.0580896,-0.322018
M,-0.120647,-0.145172,-0.145172,-0.265819
M,-0.0211666,0.0580896,0.0580896,0.036923
M,0.229278,0.0580896,0.0580896,0.287367
M,-0.200987,0.0456302,0.0456302,-0.155357
M,0.144669,0.000270658,0.000270658,0.14494
M,0.321546,0.103342,0.103342,0.424888
M,-0.147425,0.103342,0.103342,-0.0440833
M,-0.10628,0.0413922,0.0413922,-0.064888
M,0.17818,-0.0526643,-0.0526643,0.125516
M,-0.332824,-0.0526643,-0.0526643,-0.385489
M,-0.16946,0.0580896,0.0580896,-0.11137
M,0.0226167,0.103342,0.103342,0.125959
M,-0.0281677,0.0413922,0.0413922,0.0132245
M,0.256766,0.00950019,0.00950019,0.266266
M,0.17145,0.0599689,0.0599689,0.231419
M,0.234762,-0.0526643,-0.0526643,0.182097
M,0.0440083,0.0413922,0.0413922,0.0854004
M,0.171104,0.0781914,0.0781914,0.249295
M,-0.208734,-0.0526643,-0.0526643,-0.261399
M,0.0293054,0.0580896,0.0580896,0.087395
M,0.0854873,-0.0526643,-0.0526643,0.032823
M,-0.106914,-0.0526643,-0.0526643,-0.159578
M,0.132472,0.0580896,0.0580896,0.190562
M,0.251951,0.0456302,0.0456302,0.297581
M,-0.101688,-0.0526643,-0.0526643,-0.154353
M,-0.0584007,0.0580896,0.0580896,-0.000311088
M,-0.0414482,0.00950019,0.00950019,-0.031948
M,0.202132,0.0580896,0.0580896,0.260222
M,-0.0805618,0.103342,0.103342,0.0227803
M,0.261197,0.0580896,0.0580896,0.319286
M,-0.203385,-0.0526643,-0.0526643,-0.25605
M,-0.287353,0.0174645,0.0174645,-0.269889
M,-0.117814,0.0495102,0.0495102,-0.0683034
M,0.040031,-0.145172,-0.145172,-0.105141
M,-0.0400133,0.103342,0.103342,0.0633288
M,-0.11594,0.0580896,0.0580896,-0.0578505
M,-0.269842,0.103342,0.103342,-0.1665
M,-0.339938,0.0174645,0.0174645,-0.322473
M,0.0434149,0.0599689,0.0599689,0.103384
M,-0.169296,0.0174645,0.0174645,-0.151831
M,0.0968911,-0.0687917,-0.0687917,0.0280994
M,-0.227863,-0.0526643,-0.0526643,-0.280527
M,-0.34388,0.103342,0.103342,-0.240538
M,0.275057,0.103342,0.103342,0.378399
M,-0.197317,-0.0526643,-0.0526643,-0.249981
M,-0.158782,0.0465662,0.0465662,-0.112216
M,-0.474958,-0.015574,-0.015574,-0.490532
M,-0.107734,-0.0526643,-0.0526643,-0.160398
M,0.445706,-0.0526643,-0.0526643,0.393042
M,0.258432,0.0580896,0.0580896,0.316522
M,0.154639,-0.0240406,-0.0240406,0.130599
M,-0.245854,-0.0526643,-0.0526643,-0.298518
M,-0.110571,0.0781914,0.0781914,-0.0323795
M,-0.0582263,-0.0526643,-0.0526643,-0.110891
M,0.181419,0.0599689,0.0599689,0.241387
M,-0.0423062,0.0580896,0.0580896,0.0157834
M,-0.0416293,0.0599689,0.0599689,0.0183397
M,-0.230956,0.0580896,0.0580896,-0.172866
M,0.417685,0.0580896,0.0580896,0.475775
M,-0.10977,0.000270658,0.000270658,-0.1095
M,-0.154954,0.0465662,0.0465662,-0.108387
M,-0.0251648,0.0781914,0.0781914,0.0530265
M,-0.0771272,-0.145172,-0.145172,-0.222299
M,0.0884818,0.0495102,0.0495102,0.137992
M,-0.0116883,0.0781914,0.0781914,0.0665031
M,-0.353093,0.103342,0.103342,-0.24975
M,-0.0101018,0.0580896,0.0580896,0.0479878
M,0.141446,-0.0526643,-0.0526643,0.0887822
M,0.22376,-0.0526643,-0.0526643,0.171095
M,0.370346,-0.0526643,-0.0526643,0.317682
M,0.0559636,0.0174645,0.0174645,0.0734281
M,-0.150551,-0.0526643,-0.0526643,-0.203215
M,-0.146551,-0.0526643,-0.0526643,-0.199215
M,0.311834,0.0495102,0.0495102,0.361344
M,0.25156,0.0413922,0.0413922,0.292952
M,0.194041,0.0580896,0.0580896,0.25213
M,-0.292254,-0.0526643,-0.0526643,-0.344919
M,0.0388058,0.0580896,0.0580896,0.0968954
M,-0.0996135,0.0580896,0.0580896,-0.0415239
M,0.155399,-0.0526643,-0.0526643,0.102735
M,-0.240151,-0.0526643,-0.0526643,-0.292815
M,-0.0913675,0.0174645,0.0174645,-0.073903
M,-0.0985322,0.0174645,0.0174645,-0.0810678
M,-0.308915,0.0174645,0.0174645,-0.291451
M,0.0529117,-0.0526643,-0.0526643,0.000247412
M,-0.0117035,0.0174645,0.0174645,0.00576102
M,-0.125481,0.000270658,0.000270658,-0.125211
M,-0.0282821,-0.145172,-0.145172,-0.173454
M,-0.00408679,0.00950019,0.00950019,0.0054134
M,0.24109,0.0599689,0.0599689,0.301059
M,0.0372801,0.0174645,0.0174645,0.0547446
M,0.0374408,0.0174645,0.0174645,0.0549053
M,0.0521906,-0.0526643,-0.0526643,-0.000473724
M,0.028746,0.0580896,0.0580896,0.0868356
M,0.286972,-0.0526643,-0.0526643,0.234308
M,-0.193792,0.0580896,0.0580896,-0.135702
M,0.251575,0.0580896,0.0580896,0.309665
M,0.094314,0.103342,0.103342,0.197656
M,0.0908136,0.0580896,0.0580896,0.148903
M,-0.361,0.0580896,0.0580896,-0.302911
M,-0.227522,0.0413922,0.0413922,-0.18613
M,-0.130285,0.00950019,0.00950019,-0.120785
M,0.12878,0.000270658,0.000270658,0.129051
M,0.0712018,0.0580896,0.0580896,0.129291
M,-0.0081172,0.000270658,0.000270658,-0.00784654
M,-0.0838183,0.103342,0.103342,0.0195238
M,-0.326132,0.00950019,0.00950019,-0.316632
M,0.0201082,0.113453,0.113453,0.133562
M,0.00831664,0.103342,0.103342,0.111659
M,0.23928,0.0580896,0.0580896,0.29737
M,0.368112,-0.0526643,-0.0526643,0.315448
M,-0.0417503,0.0174645,0.0174645,-0.0242858
M,-0.252756,0.0413922,0.0413922,-0.211364
M,-0.127192,0.0580896,0.0580896,-0.0691025
M,-0.347196,0.0580896,0.0580896,-0.289106
M,-0.197121,0.0580896,0.0580896,-0.139031
M,0.0598255,0.0580896,0.0580896,0.117915
M,-0.672586,0.0413922,0.0413922,-0.631193
M,0.0738935,0.103342,0.103342,0.177236
M,-0.150286,-0.0526643,-0.0526643,-0.202951
M,0.0542248,0.000270658,0.000270658,0.0544954
M,0.258015,0.0599689,0.0599689,0.317984
M,-0.105557,0.0580896,0.0580896,-0.0474675
M,-0.0662896,0.0599689,0.0599689,-0.00632065
M,0.0426836,0.0580896,0.0580896,0.100773
M,-0.242512,0.0580896,0.0580896,-0.184422
M,0.112597,0.0792397,0.0792397,0.191837
M,0.00810738,0.103342,0.103342,0.111449
M,-0.0605767,0.0580896,0.0580896,-0.00248707
M,-0.371649,-0.0687917,-0.0687917,-0.440441
M,-0.189353,0.0781914,0.0781914,-0.111161
M,-0.0183342,0.0599689,0.0599689,0.0416348
M,0.0875872,0.0456302,0.0456302,0.133217
M,-0.327109,0.0174645,0.0174645,-0.309644
M,0.200251,-0.0526643,-0.0526643,0.147587
M,0.309103,0.000270658,0.000270658,0.309374
M,0.0307858,0.0580896,0.0580896,0.0888754
M,-0.117352,-0.0468309,-0.0468309,-0.164183
M,-0.316312,0.0495102,0.0495102,-0.266802
M,0.0186899,0.0580896,0.0580896,0.0767795
M,-0.107712,0.00950019,0.00950019,-0.0982119
M,0.0061418,-0.145172,-0.145172,-0.13903
M,0.144659,-0.145172,-0.145172,-0.000513475
M,0.0948974,-0.0526643,-0.0526643,0.0422331
M,-0.162725,0.0715971,0.0715971,-0.0911281
M,0.118381,0.0580896,0.0580896,0.17647
M,0.129632,0.0580896,0.0580896,0.187721
M,-0.442374,0.0413922,0.0413922,-0.400982
M,-0.428656,0.0174645,0.0174645,-0.411192
M,-0.353632,0.0465662,0.0465662,-0.307066
M,0.0955181,-0.145172,-0.145172,-0.0496541
M,0.175718,-0.0526643,-0.0526643,0.123053
M,-0.158488,0.0413922,0.0413922,-0.117096
M,0.365666,0.0599689,0.0599689,0.425634
M,-0.0742606,0.0580896,0.0580896,-0.016171
M,0.00368836,0.103342,0.103342,0.10703
M,-0.0500082,0.0580896,0.0580896,0.00808139
M,0.0481284,0.0413922,0.0413922,0.0895206
M,-0.102964,-0.0687917,-0.0687917,-0.171756
M,-0.0415071,0.0174645,0.0174645,-0.0240426
M,-0.262268,0.0580896,0.0580896,-0.204178
M,0.272697,0.0599689,0.0599689,0.332666
M,0.194335,0.00950019,0.00950019,0.203835
M,0.166602,0.0456302,0.0456302,0.212232
M,-0.0712209,0.0580896,0.0580896,-0.0131313
M,-0.331072,0.103342,0.103342,-0.22773
M,-0.0990618,0.0174645,0.0174645,-0.0815974
M,-0.0189814,0.0456302,0.0456302,0.0266488
M,0.0600629,-0.0526643,-0.0526643,0.00739863
M,-0.208859,0.0580896,0.0580896,-0.150769
M,0.177459,-0.0526643,-0.0526643,0.124794
M,0.0930635,0.142309,0.142309,0.235372
M,-0.423019,-0.145172,-0.145172,-0.568192
M,-0.147258,0.0715971,0.0715971,-0.0756605
M,0.0417983,0.0580896,0.0580896,0.0998879
M,0.332592,-0.0295082,-0.0295082,0.303084
M,0.170422,-0.0687917,-0.0687917,0.10163
M,-0.0116932,0.0580896,0.0580896,0.0463964
M,-0.138226,0.0413922,0.0413922,-0.0968343
M,0.157967,-0.0295082,-0.0295082,0.128458
M,-0.229744,-0.0468309,-0.0468309,-0.276575
M,0.280315,0.103342,0.103342,0.383657
M,-0.192356,0.103342,0.103342,-0.0890137
M,0.182518,0.0580896,0.0580896,0.240608
M,0.0677832,0.103342,0.103342,0.171125
M,0.0631981,0.121286,0.121286,0.184484
M,0.143016,-0.0526643,-0.0526643,0.0903522
M,-0.199657,-0.0526643,-0.0526643,-0.252322
M,-0.478604,0.103342,0.103342,-0.375262
M,-0.541075,0.0413922,0.0413922,-0.499682
M,0.221919,0.0580896,0.0580896,0.280009
M,0.233231,0.0580896,0.0580896,0.29132
M,-0.117428,0.0792397,0.0792397,-0.0381884
M,0.155089,-0.0526643,-0.0526643,0.102425
M,-0.00140639,0.0781914,0.0781914,0.076785
M,0.11725,0.0580896,0.0580896,0.17534
M,-0.464559,0.0174645,0.0174645,-0.447094
M,0.0258451,0.0174645,0.0174645,0.0433096
M,0.0888108,0.0781914,0.0781914,0.167002
M,-0.146256,0.121286,0.121286,-0.0249698
M,-0.0190342,-0.0526643,-0.0526643,-0.0716985
M,-0.0410844,0.0599689,0.0599689,0.0188845
M,-0.117485,0.0781914,0.0781914,-0.0392933
M,-0.106934,0.000270658,0.000270658,-0.106663
M,-0.270085,0.000270658,0.000270658,-0.269814
M,-0.199941,0.0174645,0.0174645,-0.182476
M,0.0538673,0.0580896,0.0580896,0.111957
M,-0.208064,-0.0526643,-0.0526643,-0.260728
M,0.42522,0.000270658,0.000270658,0.425491
M,-0.161191,0.0413922,0.0413922,-0.119799
M,0.089159,0.0580896,0.0580896,0.147249
M,0.271152,-0.0526643,-0.0526643,0.218488
M,0.0166618,0.0413922,0.0413922,0.058054
M,0.0593754,0.00950019,0.00950019,0.0688756
M,-0.061447,-0.0687917,-0.0687917,-0.130239
M,0.132371,0.0456302,0.0456302,0.178001
M,-0.115299,0.0580896,0.0580896,-0.0572096
M,-0.323434,0.0174645,0.0174645,-0.305969
M,-0.151215,0.0413922,0.0413922,-0.109822
M,0.00704677,0.0580896,0.0580896,0.0651364
M,-0.315354,0.0580896,0.0580896,-0.257264
M,-0.0383421,0.0174645,0.0174645,-0.0208776
M,0.0202993,-0.0526643,-0.0526643,-0.032365
M,0.194389,0.0174645,0.0174645,0.211854
M,0.226101,0.0174645,0.0174645,0.243565
M,-0.180407,0.0580896,0.0580896,-0.122317
M,-0.202639,-0.0886807,-0.0886807,-0.29132
M,0.0444638,0.0580896,0.0580896,0.102553
M,-0.0500752,0.0580896,0.0580896,0.00801441
M,-0.0885178,-0.0526643,-0.0526643,-0.141182
M,-0.0452883,0.113453,0.113453,0.068165
M,0.240119,0.0580896,0.0580896,0.298208
M,0.0344852,-0.0526643,-0.0526643,-0.0181791
M,0.0849217,0.0580896,0.0580896,0.143011
M,-0.0615543,0.0465662,0.0465662,-0.0149882
M,0.00879656,0.0413922,0.0413922,0.0501887
M,0.00683822,0.0456302,0.0456302,0.0524684
M,0.183111,0.000270658,0.000270658,0.183382
M,0.211936,0.000270658,0.000270658,0.212207
M,0.208555,0.0781914,0.0781914,0.286746
M,0.16107,-0.0526643,-0.0526643,0.108405
M,-0.272812,0.0174645,0.0174645,-0.255347
M,0.0708386,0.0413922,0.0413922,0.112231
M,-0.140336,-0.0526643,-0.0526643,-0.193001
M,-0.232466,0.0580896,0.0580896,-0.174376
M,0.00716064,0.0413922,0.0413922,0.0485528
M,-0.474832,0.0580896,0.0580896,-0.416742
M,-0.205923,0.0580896,0.0580896,-0.147833
M,-0.112128,0.0456302,0.0456302,-0.0664973
M,0.0522965,0.0580896,0.0580896,0.110386
M,0.0522427,0.0174645,0.0174645,0.0697072
M,0.00946086,-0.0687917,-0.0687917,-0.0593308
M,0.143153,0.000270658,0.000270658,0.143424
M,-0.469729,0.103342,0.103342,-0.366387
M,-0.0257748,0.103342,0.103342,0.0775673
M,-0.197286,-0.0526643,-0.0526643,-0.24995
M,0.0127815,-0.0526643,-0.0526643,-0.0398828
M,-0.00822014,-0.0468309,-0.0468309,-0.0550511
M,0.101779,-0.112391,-0.112391,-0.0106126
M,0.104796,0.0599689,0.0599689,0.164765
M,-0.0927701,0.0580896,0.0580896,-0.0346805
M,-0.0599752,0.00950019,0.00950019,-0.050475
M,-0.154911,0.0580896,0.0580896,-0.0968218
M,0.0325456,-0.0526643,-0.0526643,-0.0201187
M,-0.017424,0.103342,0.103342,0.0859181
M,-0.0487278,0.103342,0.103342,0.0546143
M,0.174987,-0.0526643,-0.0526643,0.122323
M,0.224503,0.0580896,0.0580896,0.282593
M,-0.194218,-0.0526643,-0.0526643,-0.246883
M,-0.0576711,0.0174645,0.0174645,-0.0402066
M,-0.0108433,-0.145172,-0.145172,-0.156016
M,0.00164645,0.0580896,0.0580896,0.0597361
M,0.102739,-0.0295082,-0.0295082,0.0732306
M,0.285401,-0.0526643,-0.0526643,0.232736
M,-0.323036,0.0580896,0.0580896,-0.264947
M,0.0771662,0.0580896,0.0580896,0.135256
M,-0.023179,0.169339,0.169339,0.14616
M,0.365564,0.0580896,0.0580896,0.423654
M,0.0598328,0.0580896,0.0580896,0.117922
M,-0.144918,0.0580896,0.0580896,-0.0868284
M,-0.140061,0.000270658,0.000270658,-0.139791
M,0.104982,-0.145172,-0.145172,-0.0401897
M,0.23741,0.0413922,0.0413922,0.278803
M,0.0144518,0.103342,0.103342,0.117794
M,0.171246,-0.145172,-0.145172,0.0260736
M,-0.318077,0.116656,0.116656,-0.201422
M,-0.112614,0.0174645,0.0174645,-0.0951493
M,0.19324,-0.0526643,-0.0526643,0.140576
M,-0.00410433,-0.0526643,-0.0526643,-0.0567686
M,-0.162306,0.103342,0.103342,-0.0589638
M,-0.102279,-0.0687917,-0.0687917,-0.17107
M,0.276378,-0.0526643,-0.0526643,0.223714
M,-0.190082,0.103342,0.103342,-0.0867396
M,-0.455856,0.103342,0.103342,-0.352514
M,-0.256522,0.0580896,0.0580896,-0.198432
M,0.190473,-0.0526643,-0.0526643,0.137809
M,-0.209146,0.0580896,0.0580896,-0.151056
M,0.00375539,0.0456302,0.0456302,0.0493856
M,-0.123713,0.0174645,0.0174645,-0.106249
M,-0.161296,0.000270658,0.000270658,-0.161025
M,-0.200483,-0.145172,-0.145172,-0.345655
M,-0.374252,-0.0526643,-0.0526643,-0.426916
M,-0.178524,0.0715971,0.0715971,-0.106927
M,-0.475856,0.0580896,0.0580896,-0.417766
M,0.015465,-0.145172,-0.145172,-0.129707
M,-0.163333,0.0781914,0.0781914,-0.0851418
M,-0.12352,0.113453,0.113453,-0.0100672
M,-0.447911,0.00950019,0.00950019,-0.438411
M,-0.0553069,0.0495102,0.0495102,-0.00579663
M,-0.106234,0.0580896,0.0580896,-0.0481439
M,0.197005,0.0580896,0.0580896,0.255095
M,-0.130668,0.0580896,0.0580896,-0.0725787
M,0.0522574,0.0174645,0.0174645,0.0697219
M,-0.223448,-0.0526643,-0.0526643,-0.276113
M,-0.326378,0.103342,0.103342,-0.223036
M,0.341007,-0.0526643,-0.0526643,0.288343
M,0.25923,-0.145172,-0.145172,0.114058
M,-0.140001,-0.0526643,-0.0526643,-0.192666
M,0.145639,-0.0526643,-0.0526643,0.0929745
M,0.11762,0.0580896,0.0580896,0.17571
M,-0.0227132,0.0580896,0.0580896,0.0353764
M,-0.246336,0.0174645,0.0174645,-0.228871
M,0.0815464,0.103342,0.103342,0.184888
M,0.0744052,-0.0526643,-0.0526643,0.0217409
M,-0.0588437,0.0580896,0.0580896,-0.000754057
M,0.239703,0.00950019,0.00950019,0.249203
M,0.00348892,0.0580896,0.0580896,0.0615785
M,0.0788645,-0.0526643,-0.0526643,0.0262002
M,-0.457562,0.0781914,0.0781914,-0.379371
M,-0.0699289,0.0413922,0.0413922,-0.0285367
M,-0.296177,0.000270658,0.000270658,-0.295906
M,0.00396633,-0.0526643,-0.0526643,-0.048698
M,0.248605,0.0495102,0.0495102,0.298116
M,0.15336,0.000270658,0.000270658,0.153631
M,0.00918585,0.0413922,0.0413922,0.050578
M,-0.115023,0.0456302,0.0456302,-0.0693931
M,0.313681,0.0465662,0.0465662,0.360247
M,-0.0538683,0.0413922,0.0413922,-0.0124761
M,-0.0762985,0.0781914,0.0781914,0.00189285
M,0.0158437,0.0781914,0.0781914,0.0940351
M,-0.182522,-0.0526643,-0.0526643,-0.235186
M,-0.282834,0.0580896,0.0580896,-0.224744
M,-0.107263,-0.0526643,-0.0526643,-0.159927
M,-0.303182,-0.0526643,-0.0526643,-0.355847
M,0.133054,0.113453,0.113453,0.246507
M,0.0275535,0.103342,0.103342,0.130896
M,-0.245904,0.116656,0.116656,-0.129248
M,-0.413624,-0.0526643,-0.0526643,-0.466289
M,0.0985893,0.103342,0.103342,0.201931
M,0.142266,-0.0526643,-0.0526643,0.0896013
M,-0.145891,0.0599689,0.0599689,-0.0859223
M,-0.294647,-0.0526643,-0.0526643,-0.347311
M,0.21075,0.0580896,0.0580896,0.26884
M,0.00820549,-0.0526643,-0.0526643,-0.0444588
M,0.18973,-0.0526643,-0.0526643,0.137066
M,-0.103823,-0.0526643,-0.0526643,-0.156487
M,0.0209868,0.0580896,0.0580896,0.0790764
M,-0.0713367,0.0580896,0.0580896,-0.0132471
M,0.241,0.0781914,0.0781914,0.319191
M,-0.418849,-0.145172,-0.145172,-0.564021
M,0.0715694,-0.145172,-0.145172,-0.0736028
M,-0.0243197,0.0174645,0.0174645,-0.00685525
M,-0.0788165,-0.0526643,-0.0526643,-0.131481
M,0.198203,-0.0283089,-0.0283089,0.169894
M,-0.334177,0.103342,0.103342,-0.230835
M,-0.00442597,0.0413922,0.0413922,0.0369662
M,0.194373,-0.0526643,-0.0526643,0.141708
M,-0.374452,0.00950019,0.00950019,-0.364951
M,0.175026,-0.145172,-0.145172,0.0298533
M,-0.102122,0.103342,0.103342,0.00121974
M,-0.152364,-0.0526643,-0.0526643,-0.205028
M,0.055713,-0.0526643,-0.0526643,0.00304873
M,-0.114267,0.116656,0.116656,0.00238916
M,0.163406,0.0495102,0.0495102,0.212917
M,0.0588131,-0.0526643,-0.0526643,0.00614878
M,0.37919,-0.0526643,-0.0526643,0.326525
M,-0.123397,0.000270658,0.000270658,-0.123126
M,0.135757,-0.0526643,-0.0526643,0.0830925
M,-0.0730422,0.0413922,0.0413922,-0.03165
M,0.0142027,0.0413922,0.0413922,0.0555948
M,0.1137,0.0456302,0.0456302,0.15933
M,0.13639,-0.0526643,-0.0526643,0.0837259
M,-0.155014,0.0580896,0.0580896,-0.0969239
M,-0.122133,0.0413922,0.0413922,-0.0807412
M,-0.0153552,0.00950019,0.00950019,-0.00585506
M,0.339256,0.113453,0.113453,0.452709
M,0.256619,0.0580896,0.0580896,0.314709
M,-0.0673983,0.000270658,0.000270658,-0.0671276
M,-0.176344,-0.0687917,-0.0687917,-0.245136
M,-0.252883,0.0580896,0.0580896,-0.194794
M,-0.103139,0.0413922,0.0413922,-0.0617466
M,0.344642,0.0580896,0.0580896,0.402731
M,-0.179452,0.000270658,0.000270658,-0.179181
M,-0.24012,0.0580896,0.0580896,-0.18203
M,-0.14379,0.113453,0.113453,-0.0303368
M,-0.147374,-0.145172,-0.145172,-0.292546
M,-0.0404748,0.103342,0.103342,0.0628673
M,-0.155394,0.0174645,0.0174645,-0.13793
M,-0.129415,0.000270658,0.000270658,-0.129145
M,-0.0289109,0.0465662,0.0465662,0.0176553
M,-0.258229,0.0580896,0.0580896,-0.20014
M,-0.0197232,0.0580896,0.0580896,0.0383664
M,-0.217479,0.0413922,0.0413922,-0.176087
M,-0.0585134,0.0580896,0.0580896,-0.000423772
M,-0.25763,-0.0526643,-0.0526643,-0.310294
M,-0.224919,0.0413922,0.0413922,-0.183527
M,0.118401,0.0580896,0.0580896,0.176491
M,-0.234274,0.0781914,0.0781914,-0.156083
M,0.551466,0.103342,0.103342,0.654808
M,-0.106989,0.000270658,0.000270658,-0.106719
M,-0.199837,-0.145172,-0.145172,-0.345009
M,0.118638,-0.0526643,-0.0526643,0.0659737
M,0.01036,0.0599689,0.0599689,0.0703289
M,-0.410965,0.0580896,0.0580896,-0.352876
M,-0.278079,0.0174645,0.0174645,-0.260615
M,-0.100636,-0.0526643,-0.0526643,-0.1533
M,0.062424,-0.0687917,-0.0687917,-0.00636771
M,0.267907,0.0465662,0.0465662,0.314473
M,0.184449,0.0580896,0.0580896,0.242539
M,0.232726,0.113453,0.113453,0.34618
M,-0.256187,-0.0526643,-0.0526643,-0.308851
M,0.0227161,0.0781914,0.0781914,0.100907
M,-0.0822025,-0.0526643,-0.0526643,-0.134867
M,0.00597532,0.103342,0.103342,0.109317
M,0.0659126,-0.0526643,-0.0526643,0.0132483
M,0.399286,0.0599689,0.0599689,0.459255
M,-0.123312,-0.0526643,-0.0526643,-0.175976
M,-0.164932,0.0599689,0.0599689,-0.104963
M,0.46967,0.000270658,0.000270658,0.46994
M,0.17671,0.103342,0.103342,0.280052
M,-0.00548851,0.103342,0.103342,0.0978536
M,0.0112668,0.0580896,0.0580896,0.0693565
M,0.000670886,-0.0526643,-0.0526643,-0.0519934
M,-0.188883,-0.0526643,-0.0526643,-0.241547
M,-0.0870352,-0.145172,-0.145172,-0.232207
M,0.0836049,0.0456302,0.0456302,0.129235
M,0.181713,0.000270658,0.000270658,0.181984
M,-0.0908088,0.000270658,0.000270658,-0.0905381
M,-0.0398165,0.000270658,0.000270658,-0.0395458
M,-0.213875,0.0599689,0.0599689,-0.153906
M,0.0406253,-0.0526643,-0.0526643,-0.0120389
M,0.28281,0.00950019,0.00950019,0.29231
M,0.407035,0.00950019,0.00950019,0.416535
M,-0.00659375,-0.0526643,-0.0526643,-0.059258
M,-0.0975701,0.0599689,0.0599689,-0.0376012
M,-0.454625,0.0413922,0.0413922,-0.413233
M,-0.0713932,0.103342,0.103342,0.031949
M,-0.00130539,0.0174645,0.0174645,0.0161591
M,-0.212239,-0.145172,-0.145172,-0.357411
M,0.381248,0.000270658,0.000270658,0.381519
M,0.218751,0.103342,0.103342,0.322093
M,-0.185677,-0.0526643,-0.0526643,-0.238341
M,0.0435137,0.0781914,0.0781914,0.121705
M,-0.222214,0.0456302,0.0456302,-0.176583
M,0.299467,-0.0526643,-0.0526643,0.246803
M,-0.0768574,0.103342,0.103342,0.0264847
M,-0.0723948,0.000270658,0.000270658,-0.0721241
M,-0.305962,0.0781914,0.0781914,-0.22777
M,-0.138897,0.113453,0.113453,-0.0254439
M,0.448568,-0.0526643,-0.0526643,0.395903
M,0.106538,-0.0119407,-0.0119407,0.0945974
M,-0.130893,0.0413922,0.0413922,-0.0895009
M,0.222311,-0.0526643,-0.0526643,0.169647
M,0.165395,-0.0526643,-0.0526643,0.112731
M,-0.106819,-0.0482347,-0.0482347,-0.155054
M,0.00367118,0.000270658,0.000270658,0.00394183
M,-0.1341,0.000270658,0.000270658,-0.13383
M,-0.312174,0.0580896,0.0580896,-0.254085
M,0.26878,0.0580896,0.0580896,0.326869
M,-0.0118214,-0.0526643,-0.0526643,-0.0644857
M,0.277633,-0.0526643,-0.0526643,0.224968
M,0.0186508,0.00950019,0.00950019,0.028151
M,-0.170601,0.0413922,0.0413922,-0.129209
M,0.311059,-0.0526643,-0.0526643,0.258394
M,0.0155016,0.0599689,0.0599689,0.0754705
M,-0.357082,0.00950019,0.00950019,-0.347582
M,-0.0206208,0.0174645,0.0174645,-0.00315628
M,-0.246168,-0.0526643,-0.0526643,-0.298832
M,0.143657,0.103342,0.103342,0.246999
M,-0.227913,-0.0526643,-0.0526643,-0.280577
M,0.044832,0.0599689,0.0599689,0.104801
M,-0.54522,0.0580896,0.0580896,-0.487131
M,0.420016,0.0413922,0.0413922,0.461408
M,-0.119901,0.0879779,0.0879779,-0.0319234
M,-0.191886,0.0580896,0.0580896,-0.133797
M,0.0080721,0.00950019,0.00950019,0.0175723
M,0.113751,0.0174645,0.0174645,0.131215
M,0.172313,0.103342,0.103342,0.275655
M,-0.210983,0.0456302,0.0456302,-0.165353
M,-0.182775,-0.0526643,-0.0526643,-0.23544
M,0.141646,0.0580896,0.0580896,0.199736
M,0.0576234,-0.0526643,-0.0526643,0.00495913
M,0.418598,0.0580896,0.0580896,0.476688
M,0.0200697,-0.0526643,-0.0526643,-0.0325946
M,0.228051,0.0413922,0.0413922,0.269443
M,0.129788,-0.0526643,-0.0526643,0.0771233
M,-0.0213422,0.103342,0.103342,0.0819999
M,0.173741,0.103342,0.103342,0.277083
M,-0.269073,0.0580896,0.0580896,-0.210983
M,-0.157901,0.103342,0.103342,-0.0545587
M,0.134484,0.0599689,0.0599689,0.194453
M,0.132822,-0.0526643,-0.0526643,0.080158
M,-0.214163,0.0413922,0.0413922,-0.17277
M,-0.00775965,0.103342,0.103342,0.0955825
M,-0.0832379,0.0174645,0.0174645,-0.0657734
M,0.258537,0.0413922,0.0413922,0.299929
M,-0.187252,0.0599689,0.0599689,-0.127283
M,-0.200743,0.0413922,0.0413922,-0.159351
M,0.187479,0.0580896,0.0580896,0.245569
M,-0.18168,-0.145172,-0.145172,-0.326852
M,0.0230268,0.103342,0.103342,0.126369
M,-0.21672,0.000270658,0.000270658,-0.216449
M,0.0314097,0.0580896,0.0580896,0.0894993
M,0.0506865,0.000270658,0.000270658,0.0509572
M,0.0262117,-0.0526643,-0.0526643,-0.0264525
M,-0.00844887,-0.0526643,-0.0526643,-0.0611132
M,-0.320219,-0.0687917,-0.0687917,-0.389011
M,0.0554944,0.0599689,0.0599689,0.115463
M,0.163398,0.0174645,0.0174645,0.180862
M,-0.108858,0.0580896,0.0580896,-0.0507683
M,0.232517,0.000270658,0.000270658,0.232787
M,0.0219107,0.0174645,0.0174645,0.0393752
M,0.153663,0.0174645,0.0174645,0.171128
M,-0.325084,0.0174645,0.0174645,-0.307619
M,-0.00726342,-0.0526643,-0.0526643,-0.0599277
M,0.0150299,0.103342,0.103342,0.118372
M,-0.160833,-0.0526643,-0.0526643,-0.213497
M,0.535174,0.0174645,0.0174645,0.552639
M,-0.0864319,-0.0526643,-0.0526643,-0.139096
M,0.0222315,0.000895017,0.000895017,0.0231265
M,-0.241268,0.0174645,0.0174645,-0.223804
M,0.164587,0.00950019,0.00950019,0.174087
M,0.130564,-0.0526643,-0.0526643,0.0779
M,0.121628,0.0580896,0.0580896,0.179717
M,-0.228404,0.0174645,0.0174645,-0.21094
M,-0.128458,0.000270658,0.000270658,-0.128188
M,-0.116418,0.0174645,0.0174645,-0.0989539
M,0.0679521,-0.0526643,-0.0526643,0.0152878
M,-0.413656,0.0580896,0.0580896,-0.355567
M,-0.253573,-0.0526643,-0.0526643,-0.306237
M,-0.119824,-0.0526643,-0.0526643,-0.172489
M,0.104089,0.0413922,0.0413922,0.145481
M,0.184558,0.0599689,0.0599689,0.244527
M,-0.000192224,-0.0526643,-0.0526643,-0.0528565
M,-0.167875,-0.0526643,-0.0526643,-0.22054
M,-0.109202,-0.0526643,-0.0526643,-0.161866
M,-0.292867,-0.0526643,-0.0526643,-0.345531
M,0.2835,-0.112391,-0.112391,0.171109
M,-0.31371,0.0599689,0.0599689,-0.253741
M,0.291547,0.0599689,0.0599689,0.351516
M,-0.206052,0.0465662,0.0465662,-0.159486
M,-0.0885021,0.00950019,0.00950019,-0.0790019
M,-0.0575112,0.103342,0.103342,0.0458309
M,-0.00781186,0.000270658,0.000270658,-0.00754121
M,0.0802448,0.0580896,0.0580896,0.138334
M,-0.0480777,0.0456302,0.0456302,-0.00244748
M,0.254978,0.0781914,0.0781914,0.333169
M,-0.256605,-0.0526643,-0.0526643,-0.309269
M,-0.084299,0.103342,0.103342,0.0190431
M,-0.0109309,0.0580896,0.0580896,0.0471588
M,-0.255767,-0.145172,-0.145172,-0.400939
M,0.201633,0.103342,0.103342,0.304975
M,0.00966411,-0.112391,-0.112391,-0.102727
M,0.0344424,0.0413922,0.0413922,0.0758346
M,-0.0431193,-0.0468309,-0.0468309,-0.0899502
M,-0.310435,-0.0526643,-0.0526643,-0.363099
M,0.103297,0.0879779,0.0879779,0.191275
M,0.105051,0.0580896,0.0580896,0.163141
M,0.139375,-0.0526643,-0.0526643,0.0867102
M,-0.214358,0.0781914,0.0781914,-0.136167
M,-0.111112,0.000270658,0.000270658,-0.110841
M,-0.115337,-0.0687917,-0.0687917,-0.184129
M,-0.346021,-0.0526643,-0.0526643,-0.398685
M,0.170902,0.0580896,0.0580896,0.228992
M,-0.037269,0.0781914,0.0781914,0.0409224
M,-0.10847,0.0599689,0.0599689,-0.0485012
M,-0.151509,0.0781914,0.0781914,-0.0733179
M,0.0935424,-0.0526643,-0.0526643,0.0408781
M,-0.0805955,0.103342,0.103342,0.0227466
M,-0.0360995,0.0413922,0.0413922,0.0052927
M,0.247624,0.0465662,0.0465662,0.29419
M,-0.0609081,0.0580896,0.0580896,-0.00281847
M,-0.380163,-0.0526643,-0.0526643,-0.432827
M,0.174778,0.000270658,0.000270658,0.175048
M,-0.0346171,0.0465662,0.0465662,0.0119491
M,-0.109268,0.0599689,0.0599689,-0.0492987
M,0.0260876,0.0580896,0.0580896,0.0841772
M,0.229625,0.0879779,0.0879779,0.317603
M,-0.248948,0.103342,0.103342,-0.145606
M,-0.0374624,-0.0526643,-0.0526643,-0.0901267
M,-0.0843565,0.0174645,0.0174645,-0.066892
M,-0.0203648,0.00950019,0.00950019,-0.0108646
M,-0.254995,0.0580896,0.0580896,-0.196905
M,0.153251,-0.0526643,-0.0526643,0.100587
M,-0.20508,0.116656,0.116656,-0.0884237
M,-0.00864704,0.0781914,0.0781914,0.0695443
M,0.346042,0.0580896,0.0580896,0.404132
M,-0.267925,-0.0526643,-0.0526643,-0.320589
M,0.362634,0.103342,0.103342,0.465976
M,-0.196591,-0.0687917,-0.0687917,-0.265382
M,0.141481,0.0580896,0.0580896,0.199571
M,0.129791,0.000270658,0.000270658,0.130062
M,-0.0232102,0.000270658,0.000270658,-0.0229395
M,-0.0483376,0.000270658,0.000270658,-0.0480669
M,0.067056,-0.0687917,-0.0687917,-0.00173566
M,-0.110997,0.0580896,0.0580896,-0.0529079
M,0.118697,0.0781914,0.0781914,0.196889
M,0.127723,0.000270658,0.000270658,0.127994
M,-0.0224054,-0.0526643,-0.0526643,-0.0750697
M,0.0752053,-0.0526643,-0.0526643,0.022541
M,0.0745583,-0.0526643,-0.0526643,0.021894
M,-0.288103,-0.0526643,-0.0526643,-0.340767
M,-0.221722,0.0174645,0.0174645,-0.204257
M,0.235808,0.0580896,0.0580896,0.293898
M,-0.244337,0.0174645,0.0174645,-0.226872
M,-0.212004,0.0174645,0.0174645,-0.19454
M,-0.0162635,0.000270658,0.000270658,-0.0159929
M,0.13679,0.121286,0.121286,0.258076
M,0.275313,0.0580896,0.0580896,0.333403
M,-0.0873053,0.103342,0.103342,0.0160368
M,0.0538162,0.000270658,0.000270658,0.0540869
M,-0.183218,0.103342,0.103342,-0.079876
M,0.0970623,-0.0526643,-0.0526643,0.044398
M,-0.0364294,-0.0526643,-0.0526643,-0.0890937
M,0.417437,-0.0526643,-0.0526643,0.364773
M,0.0862759,0.103342,0.103342,0.189618
M,-0.162245,0.0580896,0.0580896,-0.104155
M,0.28283,-0.015574,-0.015574,0.267256
M,0.0206612,0.0456302,0.0456302,0.0662914
M,-0.16113,-0.0526643,-0.0526643,-0.213794
M,-0.145153,0.0465662,0.0465662,-0.0985871
M,-0.134815,0.0580896,0.0580896,-0.0767255
M,-0.104097,-0.0468309,-0.0468309,-0.150928
M,0.156033,0.0580896,0.0580896,0.214123
M,-0.19347,0.103342,0.103342,-0.090128
M,0.137426,0.0766754,0.0766754,0.214102
M,0.240319,0.0599689,0.0599689,0.300288
M,0.204466,0.0580896,0.0580896,0.262556
M,0.0131796,0.000270658,0.000270658,0.0134503
M,0.0945421,0.0580896,0.0580896,0.152632
M,-0.129181,0.103342,0.103342,-0.0258386
M,0.355809,0.0580896,0.0580896,0.413898
M,-0.249219,0.0580896,0.0580896,-0.191129
M,-0.114773,0.0580896,0.0580896,-0.0566835
M,-0.146646,0.0174645,0.0174645,-0.129182
M,0.0356311,0.0174645,0.0174645,0.0530955
M,-0.174627,0.0580896,0.0580896,-0.116538
M,0.0940858,-0.145172,-0.145172,-0.0510864
M,0.192968,-0.0526643,-0.0526643,0.140304
M,0.0550107,0.0413922,0.0413922,0.0964029
M,-0.0908875,0.0580896,0.0580896,-0.0327979
M,-0.0963482,0.0715971,0.0715971,-0.0247511
M,0.242514,0.0465662,0.0465662,0.28908
M,0.0350465,0.000270658,0.000270658,0.0353171
M,-0.223568,-0.0410304,-0.0410304,-0.264598
M,0.205211,0.0580896,0.0580896,0.263301
M,0.0355441,0.0580896,0.0580896,0.0936337
M,-0.226158,-0.0526643,-0.0526643,-0.278823
M,-0.0788345,0.0580896,0.0580896,-0.0207449
M,0.0683937,-0.0526643,-0.0526643,0.0157294
M,0.402959,0.0580896,0.0580896,0.461049
M,-0.261087,-0.0295082,-0.0295082,-0.290595
M,0.172856,-0.0526643,-0.0526643,0.120192
M,-0.318861,0.0580896,0.0580896,-0.260772
M,0.0429652,0.0580896,0.0580896,0.101055
M,-0.13248,0.0580896,0.0580896,-0.0743903
M,-0.180245,0.0174645,0.0174645,-0.16278
M,-0.143217,0.0580896,0.0580896,-0.0851273
M,0.045974,-0.0526643,-0.0526643,-0.00669031
M,-0.0824195,0.000270658,0.000270658,-0.0821489
M,0.0486797,0.0766754,0.0766754,0.125355
M,-0.040209,-0.0687917,-0.0687917,-0.109001
M,-0.0101755,0.00950019,0.00950019,-0.000675275
M,-0.0411251,-0.145172,-0.145172,-0.186297
M,0.129344,0.0495102,0.0495102,0.178854
M,0.175172,0.0580896,0.0580896,0.233262
M,-0.205083,0.0580896,0.0580896,-0.146993
M,0.0509723,0.121286,0.121286,0.172258
M,0.0837529,0.0781914,0.0781914,0.161944
M,-0.0853029,0.0580896,0.0580896,-0.0272133
M,-0.0875773,-0.0526643,-0.0526643,-0.140242
M,0.15743,0.0599689,0.0599689,0.217399
M,-0.0818283,-0.0283089,-0.0283089,-0.110137
M,-0.0438193,0.0781914,0.0781914,0.0343721
M,0.119255,0.0781914,0.0781914,0.197447
M,-0.079558,0.103342,0.103342,0.0237841
M,0.00366597,0.0580896,0.0580896,0.0617556
M,-0.00705365,-0.0526643,-0.0526643,-0.0597179
M,-0.130716,0.0495102,0.0495102,-0.0812061
M,0.338368,0.000270658,0.000270658,0.338638
M,-0.150194,0.0580896,0.0580896,-0.0921043
M,-0.268464,0.00950019,0.00950019,-0.258964
M,-0.290624,-0.0526643,-0.0526643,-0.343288
M,0.0416486,0.000270658,0.000270658,0.0419193
M,-0.0141068,-0.0526643,-0.0526643,-0.0667711
M,0.0507102,0.000270658,0.000270658,0.0509809
M,0.237073,0.0580896,0.0580896,0.295163
M,0.0448502,0.0599689,0.0599689,0.104819
M,-0.0853031,0.00950019,0.00950019,-0.0758029
M,0.17416,0.0465662,0.0465662,0.220726
M,0.371893,0.0495102,0.0495102,0.421403
M,-0.149548,0.0456302,0.0456302,-0.103918
M,-0.202389,0.0580896,0.0580896,-0.1443
M,-0.131341,0.0580896,0.0580896,-0.0732512
M,0.118978,0.0580896,0.0580896,0.177067
M,-0.00185631,-0.0526643,-0.0526643,-0.0545206
M,0.341667,0.0174645,0.0174645,0.359132
M,-0.200065,0.0781914,0.0781914,-0.121874
M,-0.151634,0.000270658,0.000270658,-0.151364
M,-0.0718355,-0.0526643,-0.0526643,-0.1245
M,-0.146129,0.0580896,0.0580896,-0.0880394
M,-0.141028,-0.0323404,-0.0323404,-0.173368
M,-0.0708123,-0.122583,-0.122583,-0.193395
M,0.293852,-0.0297358,-0.0297358,0.264116
M,-0.153578,0.103342,0.103342,-0.0502357
M,-0.153247,0.0495102,0.0495102,-0.103737
M,0.113587,0.000270658,0.000270658,0.113858
M,0.0764148,0.0580896,0.0580896,0.134504
M,-0.00330581,-0.0526643,-0.0526643,-0.0559701
M,-0.139114,-0.0526643,-0.0526643,-0.191778
M,0.126151,0.121286,0.121286,0.247437
M,-0.0186389,-0.0687917,-0.0687917,-0.0874306
M,0.0178866,0.0715971,0.0715971,0.0894837
M,-0.0963126,0.0580896,0.0580896,-0.038223
M,0.100119,0.0792397,0.0792397,0.179359
M,0.116413,0.000270658,0.000270658,0.116683
M,-0.0866504,-0.0526643,-0.0526643,-0.139315
M,-0.0275593,-0.0526643,-0.0526643,-0.0802236
M,0.118993,-0.0526643,-0.0526643,0.0663288
M,-0.0387822,0.103342,0.103342,0.06456
M,-0.0294391,0.103342,0.103342,0.073903
M,0.00868303,0.0599689,0.0599689,0.068652
M,0.353471,0.000270658,0.000270658,0.353742
M,-0.0420651,0.0174645,0.0174645,-0.0246006
M,-0.24522,0.000270658,0.000270658,-0.244949
M,0.0961947,0.000270658,0.000270658,0.0964654
M,-0.00373746,-0.0687917,-0.0687917,-0.0725292
M,0.185246,-0.0119407,-0.0119407,0.173305
M,-0.273269,0.103342,0.103342,-0.169927
M,-0.0663409,0.106452,0.106452,0.0401107
M,0.0955536,0.0599689,0.0599689,0.155523
M,0.460485,0.0580896,0.0580896,0.518574
M,0.0728505,0.0174645,0.0174645,0.0903149
M,0.0986301,0.0580896,0.0580896,0.15672
M,0.210196,-0.0526643,-0.0526643,0.157532
M,0.21144,-0.0526643,-0.0526643,0.158775
M,0.190553,0.0580896,0.0580896,0.248642
M,-0.05774,-0.0526643,-0.0526643,-0.110404
M,-0.131347,0.103342,0.103342,-0.028005
M,0.172788,0.00950019,0.00950019,0.182288
M,-0.0666385,0.121286,0.121286,0.0546477
M,0.0919793,0.0599689,0.0599689,0.151948
M,0.00196943,0.0580896,0.0580896,0.060059
M,-0.0810244,0.0792397,0.0792397,-0.00178471
M,-0.304778,0.121286,0.121286,-0.183491
M,-0.0113402,0.103342,0.103342,0.0920019
M,0.00506367,-0.0526643,-0.0526643,-0.0476006
M,-0.389827,0.0580896,0.0580896,-0.331738
M,-0.155756,0.0599689,0.0599689,-0.0957873
M,-0.206441,-0.0482347,-0.0482347,-0.254676
M,-0.0893644,0.0715971,0.0715971,-0.0177673
M,-0.259759,0.121286,0.121286,-0.138473
M,0.320408,-0.0526643,-0.0526643,0.267744
M,0.0649939,0.0580896,0.0580896,0.123083
M,0.00191136,0.0599689,0.0599689,0.0618803
M,-0.114739,0.0174645,0.0174645,-0.0972742
M,-0.132303,0.0879779,0.0879779,-0.0443256
M,-0.0689696,0.103342,0.103342,0.0343725
M,-0.115502,0.0174645,0.0174645,-0.0980375
M,0.145771,0.0580896,0.0580896,0.203861
M,0.0390798,-0.0532222,-0.0532222,-0.0141424
M,-0.105112,0.0599689,0.0599689,-0.0451432
M,-0.297128,0.0174645,0.0174645,-0.279663
M,-0.240715,0.103342,0.103342,-0.137373
M,-0.159353,0.103342,0.103342,-0.0560113
M,-0.389478,0.113453,0.113453,-0.276024
M,-0.281215,-0.145172,-0.145172,-0.426387
M,-0.136827,0.103342,0.103342,-0.0334846
M,-0.0420851,0.0580896,0.0580896,0.0160045
M,0.11574,0.000270658,0.000270658,0.11601
M,-0.085886,0.0580896,0.0580896,-0.0277964
M,-0.216147,0.121286,0.121286,-0.0948604
M,0.348117,0.106452,0.106452,0.454569
M,0.210465,-0.145172,-0.145172,0.0652926
M,-0.240241,0.0413922,0.0413922,-0.198849
M,-0.0920413,0.103342,0.103342,0.0113008
M,-0.210922,0.0174645,0.0174645,-0.193458
M,-0.282907,0.0580896,0.0580896,-0.224817
M,-0.382764,0.0580896,0.0580896,-0.324675
M,0.183925,0.0413922,0.0413922,0.225317
M,-0.11026,-0.0526643,-0.0526643,-0.162925
M,-0.42635,-0.015574,-0.015574,-0.441924
M,0.0097356,0.0580896,0.0580896,0.0678252
M,-0.19167,-0.0687917,-0.0687917,-0.260462
M,-0.250266,-0.0526643,-0.0526643,-0.302931
M,0.0236181,0.0174645,0.0174645,0.0410826
M,-0.100832,0.0580896,0.0580896,-0.0427426
M,-0.207786,-0.0526643,-0.0526643,-0.26045
M,0.171613,0.0599689,0.0599689,0.231582
M,-0.331099,-0.0526643,-0.0526643,-0.383764
M,-0.174644,0.0781914,0.0781914,-0.0964531
M,0.197504,0.0580896,0.0580896,0.255594
M,0.0119193,0.0495102,0.0495102,0.0614295
M,-0.204873,0.0174645,0.0174645,-0.187408
M,0.391352,0.0781914,0.0781914,0.469543
M,0.049115,0.0580896,0.0580896,0.107205
M,0.1958,0.0413922,0.0413922,0.237192
M,-0.369033,-0.0526643,-0.0526643,-0.421697
M,0.175146,0.0174645,0.0174645,0.19261
M,0.204216,0.0580896,0.0580896,0.262305
M,-0.0329734,0.0580896,0.0580896,0.0251162
M,-0.040564,0.0174645,0.0174645,-0.0230995
M,-0.0106565,0.0781914,0.0781914,0.0675349
M,-0.157604,-0.0468309,-0.0468309,-0.204435
M,-0.201408,0.0580896,0.0580896,-0.143318
M,0.00356048,0.0792397,0.0792397,0.0828002
M,0.0973621,0.000270658,0.000270658,0.0976327
M,0.0982791,0.0413922,0.0413922,0.139671
M,0.0704235,0.0599689,0.0599689,0.130392
M,0.131005,0.000270658,0.000270658,0.131276
M,-0.117968,0.0413922,0.0413922,-0.0765754
M,0.12424,-0.145172,-0.145172,-0.0209319
M,0.153975,0.116656,0.116656,0.270631
M,-0.379148,-0.0283089,-0.0283089,-0.407457
M,-0.23403,0.0174645,0.0174645,-0.216566
M,0.0180828,0.0580896,0.0580896,0.0761724
M,0.131483,0.0174645,0.0174645,0.148948
M,-0.325819,0.103342,0.103342,-0.222476
M,-0.0325808,-0.0526643,-0.0526643,-0.0852451
M,-0.0901102,0.00950019,0.00950019,-0.08061
M,-0.19605,0.0465662,0.0465662,-0.149484
M,-0.479562,-0.0526643,-0.0526643,-0.532227
M,-0.0189977,0.0580896,0.0580896,0.0390919
M,0.0299428,0.0580896,0.0580896,0.0880325
M,-0.191925,0.0580896,0.0580896,-0.133835
M,-0.0369737,-0.0526643,-0.0526643,-0.089638
M,0.115563,0.0174645,0.0174645,0.133028
M,-0.141335,0.103342,0.103342,-0.0379929
M,-0.190406,0.0580896,0.0580896,-0.132316
M,-0.0190686,0.0580896,0.0580896,0.039021
M,-0.198141,0.0580896,0.0580896,-0.140051
M,-0.106959,-0.0526643,-0.0526643,-0.159623
M,-0.129602,0.0465662,0.0465662,-0.0830357
M,-0.144612,0.0174645,0.0174645,-0.127147
M,-0.123092,0.103342,0.103342,-0.0197501
M,0.0133185,0.0599689,0.0599689,0.0732875
M,-0.186656,0.121286,0.121286,-0.0653694
M,-0.135098,0.0174645,0.0174645,-0.117633
M,-0.106265,-0.0687917,-0.0687917,-0.175057
M,-0.0627174,0.103342,0.103342,0.0406247
M,0.376795,0.0599689,0.0599689,0.436764
M,0.258666,-0.0526643,-0.0526643,0.206002
M,0.0975191,-0.0526643,-0.0526643,0.0448548
M,0.228801,0.103342,0.103342,0.332144
M,-0.0954683,0.0580896,0.0580896,-0.0373787
M,0.118747,0.0580896,0.0580896,0.176837
M,0.173505,0.106452,0.106452,0.279957
M,-0.0283674,0.0599689,0.0599689,0.0316015
M,0.0959502,0.000895017,0.000895017,0.0968453
M,0.0250709,0.113453,0.113453,0.138524
M,-0.0499322,-0.0526643,-0.0526643,-0.102596
M,0.163083,0.103342,0.103342,0.266425
M,-0.402751,-0.0526643,-0.0526643,-0.455415
M,0.144789,0.0413922,0.0413922,0.186181
M,-0.0605902,0.0174645,0.0174645,-0.0431258
M,-0.201707,0.103342,0.103342,-0.0983645
M,-0.244488,0.0495102,0.0495102,-0.194978
M,-0.20458,0.0781914,0.0781914,-0.126389
M,-0.0393702,0.000270658,0.000270658,-0.0390995
M,-0.128013,0.0465662,0.0465662,-0.0814468
M,-0.373788,0.0580896,0.0580896,-0.315699
M,-0.0304671,0.0465662,0.0465662,0.0160991
M,0.0679056,0.121286,0.121286,0.189192
M,0.261791,0.0599689,0.0599689,0.32176
M,0.162485,0.0174645,0.0174645,0.179949
M,-0.239017,0.103342,0.103342,-0.135674
M,-0.178058,-0.0526643,-0.0526643,-0.230722
M,-0.190709,0.0599689,0.0599689,-0.13074
M,-0.0526472,0.0413922,0.0413922,-0.011255
M,-0.0644796,0.0580896,0.0580896,-0.00639002
M,-0.230589,-0.145172,-0.145172,-0.375762
M,0.0162591,-0.0526643,-0.0526643,-0.0364052
M,0.069651,-0.145172,-0.145172,-0.0755212
M,-0.258717,0.00950019,0.00950019,-0.249217
M,0.313588,0.0792397,0.0792397,0.392827
M,0.248047,0.103342,0.103342,0.351389
M,-0.235902,0.103342,0.103342,-0.13256
M,-0.0209833,0.0580896,0.0580896,0.0371063
M,-0.444633,0.0781914,0.0781914,-0.366442
M,0.283224,0.0599689,0.0599689,0.343193
M,0.291982,0.103342,0.103342,0.395324
M,-0.0596432,0.103342,0.103342,0.0436989
M,-0.160316,0.0580896,0.0580896,-0.102227
M,-0.256611,0.000270658,0.000270658,-0.25634
M,0.22707,0.0580896,0.0580896,0.28516
M,-0.065182,0.0456302,0.0456302,-0.0195518
M,-0.0941249,0.0599689,0.0599689,-0.0341559
M,-0.0663331,0.103342,0.103342,0.037009
M,0.0781278,-0.0526643,-0.0526643,0.0254635
M,0.290185,0.0413922,0.0413922,0.331578
M,0.110145,0.0766754,0.0766754,0.186821
M,-0.000474689,-0.0526643,-0.0526643,-0.053139
M,0.0643563,0.0879779,0.0879779,0.152334
M,0.123173,0.0599689,0.0599689,0.183142
M,-0.246829,-0.0297358,-0.0297358,-0.276565
M,0.225414,0.0580896,0.0580896,0.283503
M,0.264204,-0.0526643,-0.0526643,0.21154
M,-0.281068,0.103342,0.103342,-0.177725
M,0.182436,-0.0526643,-0.0526643,0.129771
M,0.0995728,-0.0526643,-0.0526643,0.0469085
M,-0.305694,0.0580896,0.0580896,-0.247605
M,-0.300278,0.000270658,0.000270658,-0.300007
M,-0.0436303,0.0580896,0.0580896,0.0144593
M,0.121579,0.113453,0.113453,0.235032
M,-0.189445,-0.0526643,-0.0526643,-0.24211
M,-0.182878,-0.122583,-0.122583,-0.305461
M,0.617624,0.0599689,0.0599689,0.677593
M,0.00573546,-0.0526643,-0.0526643,-0.0469288
M,-0.168172,0.0580896,0.0580896,-0.110082
M,0.166559,0.0781914,0.0781914,0.24475
M,-0.187344,-0.145172,-0.145172,-0.332516
M,-0.0305398,0.121286,0.121286,0.0907464
M,0.0105502,0.103342,0.103342,0.113892
M,0.0287233,-0.0526643,-0.0526643,-0.023941
M,-0.125768,0.000270658,0.000270658,-0.125497
M,0.195535,0.000270658,0.000270658,0.195806
M,0.168566,0.0580896,0.0580896,0.226656
M,-0.148122,0.0781914,0.0781914,-0.0699307
M,0.21333,0.0174645,0.0174645,0.230794
M,-0.181887,0.0580896,0.0580896,-0.123798
M,0.0476226,-0.145172,-0.145172,-0.0975496
M,0.169956,0.0580896,0.0580896,0.228046
M,-0.0646081,-0.0526643,-0.0526643,-0.117272
M,-0.0289112,0.0456302,0.0456302,0.016719
M,-0.174673,0.0413922,0.0413922,-0.133281
M,-0.180435,0.0456302,0.0456302,-0.134804
M,0.0864811,-0.0526643,-0.0526643,0.0338169
M,0.169821,0.0413922,0.0413922,0.211213
M,0.273167,-0.0687917,-0.0687917,0.204375
M,0.115719,-0.0526643,-0.0526643,0.0630548
M,-0.204584,-0.0526643,-0.0526643,-0.257248
M,-0.18852,-0.0526643,-0.0526643,-0.241184
M,-0.137317,0.103342,0.103342,-0.033975
M,-0.166611,0.0580896,0.0580896,-0.108521
M,-0.346804,0.000270658,0.000270658,-0.346533
M,0.162525,0.000270658,0.000270658,0.162796
M,0.144715,-0.0526643,-0.0526643,0.0920505
M,-0.166628,-0.145172,-0.145172,-0.3118
M,-0.230168,-0.0526643,-0.0526643,-0.282832
M,0.247881,0.000270658,0.000270658,0.248152
M,-0.0342713,0.103342,0.103342,0.0690708
M,-0.138193,-0.0306111,-0.0306111,-0.168804
M,-0.00532847,-0.0526643,-0.0526643,-0.0579928
M,-0.201154,0.0580896,0.0580896,-0.143064
M,-0.391666,0.103342,0.103342,-0.288324
M,0.00675286,0.0580896,0.0580896,0.0648425
M,-0.0347178,0.103342,0.103342,0.0686243
M,-0.204986,0.000270658,0.000270658,-0.204715
M,-0.367825,0.103342,0.103342,-0.264482
M,-0.306049,0.0580896,0.0580896,-0.24796
M,0.153814,0.0580896,0.0580896,0.211904
M,0.176254,0.0456302,0.0456302,0.221884
M,-0.178731,0.0413922,0.0413922,-0.137339
M,-0.0716965,0.103342,0.103342,0.0316456
M,-0.0857664,0.116656,0.116656,0.0308894
M,0.193019,0.0781914,0.0781914,0.27121
M,0.0304924,0.0781914,0.0781914,0.108684
M,0.0704145,0.0792397,0.0792397,0.149654
M,-0.178317,0.000270658,0.000270658,-0.178046
M,0.133924,-0.0526643,-0.0526643,0.0812599
M,-0.0526707,0.0599689,0.0599689,0.00729826
M,-0.0013346,-0.145172,-0.145172,-0.146507
M,-0.332893,0.0580896,0.0580896,-0.274804
M,-0.138521,-0.0526643,-0.0526643,-0.191185
M,0.373503,0.0781914,0.0781914,0.451694
M,-0.292604,-0.0526643,-0.0526643,-0.345268
M,-0.234496,0.0580896,0.0580896,-0.176406
M,0.190255,0.0174645,0.0174645,0.207719
M,-0.15537,0.0495102,0.0495102,-0.10586
M,-0.00305897,-0.0119407,-0.0119407,-0.0149997
M,0.059405,0.0465662,0.0465662,0.105971
M,-0.163782,-0.145172,-0.145172,-0.308954
M,-0.376604,0.0599689,0.0599689,-0.316635
M,-0.255648,0.0413922,0.0413922,-0.214256
M,-0.113262,0.00950019,0.00950019,-0.103762
M,-0.285857,0.103342,0.103342,-0.182515
M,-0.23072,-0.0526643,-0.0526643,-0.283385
M,-0.0585495,0.0580896,0.0580896,-0.000459907
M,-0.0243982,0.0781914,0.0781914,0.0537932
M,-0.246428,0.0465662,0.0465662,-0.199862
M,-0.58268,0.0781914,0.0781914,-0.504489
M,-0.435267,-0.0526643,-0.0526643,-0.487932
M,-0.0442436,-0.0526643,-0.0526643,-0.0969079
M,0.0310513,-0.0526643,-0.0526643,-0.021613
M,0.139122,-0.0526643,-0.0526643,0.0864573
M,-0.0146696,0.0599689,0.0599689,0.0452993
M,0.000194941,0.000270658,0.000270658,0.000465598
M,0.0145735,0.000270658,0.000270658,0.0148442
M,-0.116784,-0.0526643,-0.0526643,-0.169448
M,0.146499,0.00950019,0.00950019,0.155999
M,-0.251525,-0.145172,-0.145172,-0.396697
M,-0.233854,0.0781914,0.0781914,-0.155663
M,0.351859,0.0599689,0.0599689,0.411828
M,-0.0838414,0.0413922,0.0413922,-0.0424492
M,-0.283071,0.000270658,0.000270658,-0.282801
M,0.0710023,-0.0526643,-0.0526643,0.018338
M,0.227611,0.0781914,0.0781914,0.305803
M,-0.14422,-0.145172,-0.145172,-0.289392
M,-0.216185,-0.145172,-0.145172,-0.361358
M,-0.0312455,0.103342,0.103342,0.0720966
M,0.0276056,0.0580896,0.0580896,0.0856952
M,-0.234827,-0.0526643,-0.0526643,-0.287491
M,-0.387669,0.0580896,0.0580896,-0.329579
M,0.034702,0.0413922,0.0413922,0.0760941
M,0.1108,-0.0687917,-0.0687917,0.0420084
M,0.0330201,0.0599689,0.0599689,0.092989
M,0.0535668,0.0580896,0.0580896,0.111656
M,0.308755,-0.145172,-0.145172,0.163583
M,-0.0178504,-0.0526643,-0.0526643,-0.0705147
M,-0.319594,-0.0526643,-0.0526643,-0.372258
M,0.0648352,-0.0687917,-0.0687917,-0.00395652
M,0.344574,-0.0526643,-0.0526643,0.291909
M,0.299286,0.0580896,0.0580896,0.357376
M,0.0580648,0.103342,0.103342,0.161407
M,0.146456,0.0781914,0.0781914,0.224647
M,-0.166916,-0.145172,-0.145172,-0.312088
M,0.0563641,0.0580896,0.0580896,0.114454
M,-0.188118,-0.0526643,-0.0526643,-0.240782
M,-0.0929482,-0.0526643,-0.0526643,-0.145612
M,0.049052,-0.0687917,-0.0687917,-0.0197397
M,-0.0605982,0.0465662,0.0465662,-0.014032
M,-0.0752853,0.103342,0.103342,0.0280568
M,-0.149558,0.0715971,0.0715971,-0.0779605
M,0.133636,-0.0526643,-0.0526643,0.0809714
M,-0.357112,-0.0526643,-0.0526643,-0.409777
M,-0.438605,0.0413922,0.0413922,-0.397212
M,-0.374028,0.000270658,0.000270658,-0.373758
M,0.326633,0.0174645,0.0174645,0.344098
M,0.128918,0.103342,0.103342,0.23226
M,-0.0403534,-0.0526643,-0.0526643,-0.0930177
M,-0.259655,0.000270658,0.000270658,-0.259385
M,0.0976147,0.0174645,0.0174645,0.115079
M,0.0351597,0.0580896,0.0580896,0.0932493
M,-0.136526,-0.0526643,-0.0526643,-0.18919
M,0.360258,-0.0526643,-0.0526643,0.307593
M,0.27052,0.0580896,0.0580896,0.328609
M,0.116637,0.0413922,0.0413922,0.158029
M,-0.0760304,-0.0468309,-0.0468309,-0.122861
M,-0.0931892,-0.0687917,-0.0687917,-0.161981
M,-0.0193664,-0.0526643,-0.0526643,-0.0720307
M,0.361043,0.0495102,0.0495102,0.410554
M,-0.241333,0.103342,0.103342,-0.137991
M,0.186519,0.0580896,0.0580896,0.244609
M,0.236721,0.0580896,0.0580896,0.29481
M,-0.00932537,0.0413922,0.0413922,0.0320668
M,0.297311,0.0413922,0.0413922,0.338703
M,0.220601,0.113453,0.113453,0.334055
M,0.113678,0.0781914,0.0781914,0.191869
M,0.305533,-0.0468309,-0.0468309,0.258702
M,-0.0680639,0.103342,0.103342,0.0352783
M,0.076187,0.0413922,0.0413922,0.117579
M,-0.258341,0.0174645,0.0174645,-0.240876
M,-0.320889,0.113453,0.113453,-0.207435
M,-0.0532925,-0.0468309,-0.0468309,-0.100123
M,-0.470492,0.0580896,0.0580896,-0.412402
M,-0.481041,-0.0526643,-0.0526643,-0.533705
M,-0.00829777,0.0580896,0.0580896,0.0497918
M,0.178824,-0.0526643,-0.0526643,0.12616
M,0.00226263,-0.0526643,-0.0526643,-0.0504017
M,-0.176275,0.0580896,0.0580896,-0.118185
M,0.0453379,-0.112391,-0.112391,-0.0670536
M,0.0176406,0.0781914,0.0781914,0.095832
M,-0.313184,0.0413922,0.0413922,-0.271792
M,-0.1801,0.0580896,0.0580896,-0.12201
M,0.0679842,-0.145172,-0.145172,-0.0771879
M,-0.0504255,0.121286,0.121286,0.0708607
M,0.12033,0.0599689,0.0599689,0.180299
M,0.289059,0.0580896,0.0580896,0.347149
M,0.0663528,0.103342,0.103342,0.169695
M,-0.101141,-0.145172,-0.145172,-0.246313
M,0.122881,0.113453,0.113453,0.236334
M,0.00888679,0.113453,0.113453,0.12234
M,-0.159028,-0.0283089,-0.0283089,-0.187337
M,-0.155082,-0.0526643,-0.0526643,-0.207746
M,-0.0336437,0.0413922,0.0413922,0.00774853
M,0.0585939,-0.112391,-0.112391,-0.0537976
M,-0.21142,0.103342,0.103342,-0.108078
M,-0.155178,0.0580896,0.0580896,-0.0970888
M,0.382688,-0.0526643,-0.0526643,0.330024
M,0.0520233,0.0580896,0.0580896,0.110113
M,0.0739992,0.0580896,0.0580896,0.132089
M,-0.0164863,0.0580896,0.0580896,0.0416033
M,0.102289,0.103342,0.103342,0.205631
M,0.0314158,-0.0526643,-0.0526643,-0.0212485
M,0.265072,0.103342,0.103342,0.368414
M,0.0732366,0.0465662,0.0465662,0.119803
M,-0.273886,0.0174645,0.0174645,-0.256421
M,-0.236677,0.0792397,0.0792397,-0.157437
M,0.192313,0.113453,0.113453,0.305766
M,-0.0721016,0.0580896,0.0580896,-0.014012
M,0.318719,-0.145172,-0.145172,0.173546
M,0.157495,0.0599689,0.0599689,0.217464
M,-0.145688,0.116656,0.116656,-0.0290319
M,0.000918686,-0.0526643,-0.0526643,-0.0517456
M,-0.0533576,0.0599689,0.0599689,0.0066113
M,0.0943389,-0.0526643,-0.0526643,0.0416746
M,-0.379095,-0.0526643,-0.0526643,-0.431759
M,-0.00585716,0.0580896,0.0580896,0.0522325
M,-0.614068,0.0456302,0.0456302,-0.568438
M,-0.22207,0.0580896,0.0580896,-0.16398
M,0.25029,0.0580896,0.0580896,0.30838
M,0.0168949,0.000270658,0.000270658,0.0171656
M,-0.0633492,-0.0526643,-0.0526643,-0.116013
M,-0.0828019,-0.0526643,-0.0526643,-0.135466
M,-0.344016,0.0580896,0.0580896,-0.285926
M,0.0707233,-0.145172,-0.145172,-0.0744489
M,-0.053909,-0.0526643,-0.0526643,-0.106573
M,0.121901,0.142309,0.142309,0.26421
M,-0.252154,0.0580896,0.0580896,-0.194065
M,-0.0582764,0.0413922,0.0413922,-0.0168843
M,-0.0489882,0.0766754,0.0766754,0.0276871
M,-0.197166,0.000270658,0.000270658,-0.196895
M,-0.0499318,-0.0295082,-0.0295082,-0.07944
M,0.238395,0.0580896,0.0580896,0.296485
M,0.322384,-0.0526643,-0.0526643,0.269719
M,-0.0464346,-0.0526643,-0.0526643,-0.0990989
M,-0.0855693,0.103342,0.103342,0.0177728
M,-0.0341022,0.103342,0.103342,0.0692399
M,-0.0741092,0.0413922,0.0413922,-0.032717
M,-0.117309,0.00950019,0.00950019,-0.107809
M,-0.114751,0.0599689,0.0599689,-0.0547816
M,0.100976,0.0580896,0.0580896,0.159065
M,-0.464823,0.0580896,0.0580896,-0.406734
M,0.657815,-0.0526643,-0.0526643,0.605151
M,-0.0173392,0.0580896,0.0580896,0.0407504
M,0.0207251,0.106452,0.106452,0.127177
M,-0.0228503,0.0174645,0.0174645,-0.00538585
M,-0.214086,0.0580896,0.0580896,-0.155997
M,-0.0823494,0.000270658,0.000270658,-0.0820788
M,-0.125502,0.0580896,0.0580896,-0.0674128
M,0.0307292,0.0580896,0.0580896,0.0888188
M,-0.0134007,-0.0526643,-0.0526643,-0.066065
M,-0.127899,0.0781914,0.0781914,-0.049708
M,-0.0641188,-0.0526643,-0.0526643,-0.116783
M,0.132594,-0.0526643,-0.0526643,0.0799293
M,0.13132,-0.112391,-0.112391,0.0189285
M,-0.198916,0.0580896,0.0580896,-0.140827
M,-0.121482,0.0495102,0.0495102,-0.0719716
M,-0.28469,0.0599689,0.0599689,-0.224721
M,0.131043,0.0781914,0.0781914,0.209234
M,0.210705,0.000270658,0.000270658,0.210976
M,0.0239787,0.00950019,0.00950019,0.0334788
M,-0.066251,0.0413922,0.0413922,-0.0248589
M,-0.183452,-0.0526643,-0.0526643,-0.236116
M,-0.0161596,0.0781914,0.0781914,0.0620317
M,-0.245219,0.0580896,0.0580896,-0.18713
M,-0.228086,0.103342,0.103342,-0.124744
M,0.30315,0.0580896,0.0580896,0.36124
M,0.0799915,-0.0526643,-0.0526643,0.0273272
M,-0.263048,0.103342,0.103342,-0.159706
M,-0.0816782,-0.0526643,-0.0526643,-0.134342
M,-0.327728,0.0580896,0.0580896,-0.269638
M,-0.256691,0.0580896,0.0580896,-0.198602
M,0.187848,0.0580896,0.0580896,0.245938
M,0.212642,0.0580896,0.0580896,0.270732
M,0.0941376,0.121286,0.121286,0.215424
M,-0.487566,-0.0526643,-0.0526643,-0.54023
M,-0.18004,0.0580896,0.0580896,-0.121951
M,-0.0421898,0.103342,0.103342,0.0611524
M,0.0765972,0.0580896,0.0580896,0.134687
M,-0.0311232,0.0580896,0.0580896,0.0269664
M,0.290921,-0.103463,-0.103463,0.187458
M,-0.0197734,0.0465662,0.0465662,0.0267928
M,0.340903,0.0580896,0.0580896,0.398992
M,0.293235,0.0456302,0.0456302,0.338865
M,0.0201034,-0.0283089,-0.0283089,-0.00820555
M,-0.413941,-0.0526643,-0.0526643,-0.466606
M,-0.0185456,0.0580896,0.0580896,0.039544
M,-0.199423,-0.0410304,-0.0410304,-0.240453
M,-0.0171759,0.0174645,0.0174645,0.000288587
M,0.292778,0.0781914,0.0781914,0.370969
M,-0.346437,0.0781914,0.0781914,-0.268245
M,0.0516518,0.0580896,0.0580896,0.109741
M,0.0334513,0.0580896,0.0580896,0.0915409
M,0.189283,-0.0468309,-0.0468309,0.142452
M,-0.35077,-0.0468309,-0.0468309,-0.397601
M,-0.0358243,0.0599689,0.0599689,0.0241446
M,-0.229632,-0.0526643,-0.0526643,-0.282296
M,-0.22786,0.0174645,0.0174645,-0.210395
M,0.0382823,0.0174645,0.0174645,0.0557468
M,-0.163118,-0.0295082,-0.0295082,-0.192626
M,-0.372936,0.0174645,0.0174645,-0.355472
M,-0.272829,0.0580896,0.0580896,-0.214739
M,0.250994,0.113453,0.113453,0.364447
M,0.159552,0.0580896,0.0580896,0.217641
M,0.0446335,0.0580896,0.0580896,0.102723
M,-0.239514,-0.0240406,-0.0240406,-0.263554
M,0.0616582,0.0465662,0.0465662,0.108224
M,-0.0774107,0.103342,0.103342,0.0259314
M,0.506557,-0.0526643,-0.0526643,0.453893
M,-0.0850607,0.103342,0.103342,0.0182814
M,0.00921849,0.103342,0.103342,0.112561
M,-0.0174208,0.0580896,0.0580896,0.0406688
M,0.193747,0.0174645,0.0174645,0.211211
M,0.121685,0.0413922,0.0413922,0.163077
M,-0.0547753,0.0580896,0.0580896,0.00331434
M,0.0342919,0.0580896,0.0580896,0.0923816
M,0.29868,0.0781914,0.0781914,0.376871
M,-0.0791539,0.0495102,0.0495102,-0.0296436
M,0.00498697,-0.112391,-0.112391,-0.107405
M,0.0418862,0.0413922,0.0413922,0.0832784
M,-0.245832,0.0456302,0.0456302,-0.200202
M,0.179288,0.0599689,0.0599689,0.239257
M,0.292047,0.0580896,0.0580896,0.350136
M,0.0744525,0.103342,0.103342,0.177795
M,0.20019,-0.145172,-0.145172,0.0550178
M,-0.130118,0.0781914,0.0781914,-0.0519263
M,-0.496225,0.0599689,0.0599689,-0.436256
M,-0.132482,0.103342,0.103342,-0.0291402
M,0.129772,0.000270658,0.000270658,0.130043
M,-0.0110452,-0.145172,-0.145172,-0.156217
M,-0.0399165,0.0413922,0.0413922,0.00147564
M,0.292632,-0.0526643,-0.0526643,0.239967
M,-0.13639,-0.0295082,-0.0295082,-0.165898
M,0.13485,0.0580896,0.0580896,0.19294
M,0.115208,0.0580896,0.0580896,0.173298
M,-0.0244711,0.0580896,0.0580896,0.0336185
M,-0.088308,0.00950019,0.00950019,-0.0788078
M,-0.130793,0.0781914,0.0781914,-0.0526018
M,0.176202,-0.0526643,-0.0526643,0.123538
M,0.0849187,0.0580896,0.0580896,0.143008
M,-0.250527,0.0580896,0.0580896,-0.192438
M,0.0548647,0.0599689,0.0599689,0.114834
M,-0.253927,-0.0526643,-0.0526643,-0.306592
M,0.0719062,0.0580896,0.0580896,0.129996
M,-0.274328,0.0580896,0.0580896,-0.216238
M,0.161628,0.0456302,0.0456302,0.207258
M,-0.180905,-0.0526643,-0.0526643,-0.23357
M,-0.0227796,0.0456302,0.0456302,0.0228506
M,-0.333735,0.103342,0.103342,-0.230392
M,0.150309,0.0413922,0.0413922,0.191701
M,-0.13294,0.103342,0.103342,-0.0295974
M,0.0627922,0.0580896,0.0580896,0.120882
M,0.0685947,0.0495102,0.0495102,0.118105
M,0.0738687,0.0580896,0.0580896,0.131958
M,0.0018101,0.103342,0.103342,0.105152
M,-0.000295991,0.103342,0.103342,0.103046
M,-0.460905,0.0781914,0.0781914,-0.382714
M,-0.109978,0.0174645,0.0174645,-0.0925136
M,-0.0323614,0.103342,0.103342,0.0709807
M,0.175054,0.0413922,0.0413922,0.216446
M,-0.20374,0.0781914,0.0781914,-0.125548
M,0.199802,-0.0526643,-0.0526643,0.147138
M,0.165974,0.103342,0.103342,0.269316
M,-0.00227514,-0.0526643,-0.0526643,-0.0549394
M,0.112271,0.0580896,0.0580896,0.170361
M,0.373443,0.0580896,0.0580896,0.431532
M,0.0831012,-0.0526643,-0.0526643,0.0304369
M,0.059022,-0.0526643,-0.0526643,0.00635768
M,0.0123108,0.0599689,0.0599689,0.0722797
M,0.0048692,-0.0687917,-0.0687917,-0.0639225
M,0.0715836,0.0580896,0.0580896,0.129673
M,0.25708,0.0174645,0.0174645,0.274544
M,-0.13024,0.0580896,0.0580896,-0.0721504
M,-0.162253,0.0413922,0.0413922,-0.120861
M,0.241671,0.0715971,0.0715971,0.313269
M,-0.186889,0.0580896,0.0580896,-0.128799
M,-0.110606,0.000270658,0.000270658,-0.110336
M,0.0220732,-0.0526643,-0.0526643,-0.0305911
M,0.0774925,0.0495102,0.0495102,0.127003
M,0.224323,0.169339,0.169339,0.393662
M,-0.0322473,0.116656,0.116656,0.0844086
M,-0.0953294,0.103342,0.103342,0.00801273
M,0.162975,-0.0526643,-0.0526643,0.11031
M,-0.117156,0.169339,0.169339,0.052183
M,0.328376,0.0456302,0.0456302,0.374006
M,0.155931,0.0174645,0.0174645,0.173395
M,-0.102329,0.0580896,0.0580896,-0.044239
M,0.115697,-0.0526643,-0.0526643,0.0630326
M,0.139554,0.0580896,0.0580896,0.197644
M,0.0215801,0.0580896,0.0580896,0.0796697
M,0.184769,0.0413922,0.0413922,0.226162
M,-0.240688,0.0580896,0.0580896,-0.182598
M,-0.233528,0.0580896,0.0580896,-0.175438
M,0.0719432,0.000270658,0.000270658,0.0722139
M,-0.189857,-0.0526643,-0.0526643,-0.242521
M,0.17265,0.0580896,0.0580896,0.23074
M,-0.311593,-0.0687917,-0.0687917,-0.380385
M,0.0166569,0.0465662,0.0465662,0.063223
M,-0.122768,-0.0526643,-0.0526643,-0.175433
M,-0.000219033,0.0580896,0.0580896,0.0578706
M,0.36483,0.0580896,0.0580896,0.422919
M,-0.0778794,0.103342,0.103342,0.0254627
M,0.128188,0.0580896,0.0580896,0.186277
M,-0.0254741,-0.0526643,-0.0526643,-0.0781384
M,-0.34596,-0.0526643,-0.0526643,-0.398624
M,0.330613,0.0580896,0.0580896,0.388703
M,0.107,-0.0526643,-0.0526643,0.0543354
M,-0.0825088,0.000270658,0.000270658,-0.0822382
M,-0.00765198,0.0580896,0.0580896,0.0504376
M,0.0595419,0.0599689,0.0599689,0.119511
M,0.0725894,0.0580896,0.0580896,0.130679
M,0.037717,0.0580896,0.0580896,0.0958066
M,0.0719243,-0.0526643,-0.0526643,0.01926
M,0.276017,0.00950019,0.00950019,0.285517
M,-0.211033,0.0174645,0.0174645,-0.193569
M,0.179725,0.0580896,0.0580896,0.237814
M,-0.214116,0.0781914,0.0781914,-0.135924
M,0.103457,0.0580896,0.0580896,0.161546
M,0.0740949,-0.145172,-0.145172,-0.0710773
M,-0.110634,0.0580896,0.0580896,-0.0525448
M,-0.143896,0.103342,0.103342,-0.0405536
M,-0.109318,-0.145172,-0.145172,-0.25449
M,-0.103596,0.0599689,0.0599689,-0.0436266
M,-0.0664271,-0.0526643,-0.0526643,-0.119091
M,0.0874438,0.0580896,0.0580896,0.145533
M,0.104892,0.0792397,0.0792397,0.184132
M,-0.0313911,0.0465662,0.0465662,0.0151751
M,-0.293989,0.103342,0.103342,-0.190647
M,0.242722,0.0580896,0.0580896,0.300811
M,-0.255193,-0.0526643,-0.0526643,-0.307857
M,0.005716,0.000270658,0.000270658,0.00598666
M,0.0835621,0.0781914,0.0781914,0.161753
M,-0.203347,-0.015574,-0.015574,-0.218921
M,0.0560024,0.0413922,0.0413922,0.0973946
M,-0.117862,0.0413922,0.0413922,-0.0764699
M,0.0302003,0.0465662,0.0465662,0.0767665
M,0.139037,-0.0526643,-0.0526643,0.0863723
M,-0.026587,-0.0532222,-0.0532222,-0.0798092
M,-0.117891,0.121286,0.121286,0.0033956
M,-0.131664,0.103342,0.103342,-0.028322
M,-0.158194,-0.0526643,-0.0526643,-0.210859
M,0.0539512,0.103342,0.103342,0.157293
M,-0.289923,0.0580896,0.0580896,-0.231833
M,0.00299417,-0.0526643,-0.0526643,-0.0496701
M,-0.0853324,0.103342,0.103342,0.0180097
M,0.223471,0.0580896,0.0580896,0.281561
M,-0.350902,-0.145172,-0.145172,-0.496074
M,-0.349943,0.0174645,0.0174645,-0.332478
M,0.148589,0.116656,0.116656,0.265245
M,0.0473907,-0.0526643,-0.0526643,-0.00527355
M,-0.108577,0.103342,0.103342,-0.00523444
M,-0.0200829,-0.0526643,-0.0526643,-0.0727471
M,-0.0279162,-0.145172,-0.145172,-0.173088
M,0.185136,0.0580896,0.0580896,0.243225
M,-0.167774,0.0465662,0.0465662,-0.121208
M,0.154062,0.00950019,0.00950019,0.163562
M,0.208811,0.000270658,0.000270658,0.209082
M,-0.227619,0.0580896,0.0580896,-0.169529
M,-0.128236,-0.0526643,-0.0526643,-0.180901
M,-0.14292,0.0580896,0.0580896,-0.0848301
M,-0.142828,0.0599689,0.0599689,-0.082859
M,0.0316872,-0.0526643,-0.0526643,-0.0209771
M,-0.310651,0.00950019,0.00950019,-0.301151
M,0.514409,0.0599689,0.0599689,0.574378
M,-0.176099,0.0580896,0.0580896,-0.118009
M,-0.00946119,-0.0526643,-0.0526643,-0.0621255
M,0.146254,0.0174645,0.0174645,0.163719
M,-0.0172631,0.0599689,0.0599689,0.0427059
M,-0.146828,0.000270658,0.000270658,-0.146557
M,-0.147521,-0.0482347,-0.0482347,-0.195756
M,0.0172354,-0.0526643,-0.0526643,-0.0354288
M,0.163137,0.116656,0.116656,0.279793
M,-0.14905,0.0413922,0.0413922,-0.107658
M,0.0292111,0.0599689,0.0599689,0.0891801
M,-0.262392,0.0580896,0.0580896,-0.204302
M,0.251279,0.000270658,0.000270658,0.251549
M,0.144632,0.0580896,0.0580896,0.202722
M,-0.21552,0.0599689,0.0599689,-0.155551
M,0.0899642,0.0456302,0.0456302,0.135594
M,-0.490835,-0.0526643,-0.0526643,-0.543499
M,-0.0201579,0.0599689,0.0599689,0.039811
M,0.355556,-0.0526643,-0.0526643,0.302892
M,-0.211394,0.0174645,0.0174645,-0.193929
M,-0.435854,-0.0526643,-0.0526643,-0.488518
M,0.046754,-0.145172,-0.145172,-0.0984182
M,-0.0652353,0.103342,0.103342,0.0381068
M,-0.347529,0.0413922,0.0413922,-0.306137
M,-0.0353759,0.103342,0.103342,0.0679662
M,0.239347,0.0792397,0.0792397,0.318586
M,0.178481,0.00950019,0.00950019,0.187981
M,-0.247816,-0.015574,-0.015574,-0.26339
M,-0.25651,-0.0468309,-0.0468309,-0.303341
M,0.129027,0.103342,0.103342,0.232369
M,-0.198493,0.0580896,0.0580896,-0.140403
M,-0.121007,0.000270658,0.000270658,-0.120737
M,-0.224989,0.0456302,0.0456302,-0.179358
M,0.149017,0.0174645,0.0174645,0.166481
M,0.11271,-0.0687917,-0.0687917,0.0439181
M,-0.183969,0.0792397,0.0792397,-0.104729
M,-0.432083,0.0413922,0.0413922,-0.390691
M,0.0693016,0.103342,0.103342,0.172644
M,-0.0865241,0.000270658,0.000270658,-0.0862535
M,0.130682,-0.0526643,-0.0526643,0.078018
M,0.190488,0.0599689,0.0599689,0.250457
M,0.361788,0.0413922,0.0413922,0.40318
M,-0.0663372,-0.0526643,-0.0526643,-0.119001
M,0.212199,-0.0526643,-0.0526643,0.159535
M,0.0770441,0.0174645,0.0174645,0.0945086
M,0.170334,-0.0526643,-0.0526643,0.11767
M,0.150898,-0.0687917,-0.0687917,0.0821068
M,0.088431,0.000270658,0.000270658,0.0887016
M,0.073764,0.0781914,0.0781914,0.151955
M,0.0393466,0.106452,0.106452,0.145798
M,-0.516837,0.103342,0.103342,-0.413495
M,-0.21004,-0.112391,-0.112391,-0.322432
M,0.0997073,0.113453,0.113453,0.213161
M,0.252076,0.0599689,0.0599689,0.312045
M,-0.0962815,0.103342,0.103342,0.00706063
M,-0.129557,0.0580896,0.0580896,-0.0714677
M,0.0814822,-0.0526643,-0.0526643,0.0288179
M,-0.0455484,0.000270658,0.000270658,-0.0452777
M,0.150216,-0.0526643,-0.0526643,0.0975522
M,0.113642,0.000270658,0.000270658,0.113913
M,0.154107,0.0413922,0.0413922,0.195499
M,0.0194534,0.0174645,0.0174645,0.0369179
M,-0.24682,0.0580896,0.0580896,-0.188731
M,0.197506,0.0781914,0.0781914,0.275697
M,-0.0573036,-0.0526643,-0.0526643,-0.109968
M,0.0915799,0.0174645,0.0174645,0.109044
M,0.145377,-0.0526643,-0.0526643,0.0927126
M,-0.0940638,-0.0687917,-0.0687917,-0.162855
M,-0.193095,0.113453,0.113453,-0.079642
M,0.0174907,0.000270658,0.000270658,0.0177614
M,-0.0200449,-0.0526643,-0.0526643,-0.0727092
M,-0.181661,0.0174645,0.0174645,-0.164197
M,0.155595,0.0580896,0.0580896,0.213684
M,0.218543,-0.0687917,-0.0687917,0.149751
M,-0.0565854,-0.145172,-0.145172,-0.201758
M,-0.119918,0.000270658,0.000270658,-0.119647
M,-0.294098,-0.0526643,-0.0526643,-0.346762
M,0.183492,0.0413922,0.0413922,0.224885
M,-0.322897,0.0580896,0.0580896,-0.264807
M,-0.169545,0.0174645,0.0174645,-0.15208
M,-0.133936,0.0668751,0.0668751,-0.0670612
M,0.116201,-0.0526643,-0.0526643,0.0635371
M,-0.0943365,0.0580896,0.0580896,-0.0362469
M,0.481162,-0.0526643,-0.0526643,0.428498
M,-0.214162,0.0456302,0.0456302,-0.168532
M,-0.085657,0.103342,0.103342,0.0176851
M,-0.199573,-0.0526643,-0.0526643,-0.252238
M,-0.0931563,0.0580896,0.0580896,-0.0350667
M,-0.035071,0.0599689,0.0599689,0.0248979
M,0.0698422,0.103342,0.103342,0.173184
M,-0.0346724,0.116656,0.116656,0.0819834
M,-0.120023,0.0413922,0.0413922,-0.0786308
M,-0.226419,-0.0526643,-0.0526643,-0.279084
M,-0.254058,0.0580896,0.0580896,-0.195969
M,0.170061,0.0580896,0.0580896,0.228151
M,-0.137549,0.0580896,0.0580896,-0.0794598
M,0.0741653,-0.0526643,-0.0526643,0.021501
M,0.0926503,0.0580896,0.0580896,0.15074
M,0.237747,0.0174645,0.0174645,0.255212
M,-0.0708083,-0.0526643,-0.0526643,-0.123473
M,-0.106978,0.116656,0.116656,0.00967743
M,0.0328323,-0.0526643,-0.0526643,-0.019832
M,0.197859,0.0174645,0.0174645,0.215323
M,0.0608162,-0.0526643,-0.0526643,0.00815192
M,-0.110992,-0.0687917,-0.0687917,-0.179784
M,-0.0374076,-0.166591,-0.166591,-0.203998
M,-0.20646,-0.015574,-0.015574,-0.222034
M,-0.364106,0.0580896,0.0580896,-0.306016
M,-0.12273,-0.0526643,-0.0526643,-0.175394
M,0.340162,0.0456302,0.0456302,0.385793
M,0.0647148,0.0413922,0.0413922,0.106107
M,0.288153,0.0580896,0.0580896,0.346243
M,-0.0580435,-0.0526643,-0.0526643,-0.110708
M,0.0814398,0.0413922,0.0413922,0.122832
M,0.0314674,-0.0526643,-0.0526643,-0.0211969
M,0.272717,0.0580896,0.0580896,0.330806
M,0.0860132,0.0580896,0.0580896,0.144103
M,0.0918216,0.000270658,0.000270658,0.0920922
M,0.204423,0.0465662,0.0465662,0.250989
M,0.100017,0.103342,0.103342,0.203359
M,0.139222,0.0413922,0.0413922,0.180614
M,-0.221748,-0.0526643,-0.0526643,-0.274412
M,-0.0775867,0.000270658,0.000270658,-0.077316
M,-0.116504,0.0781914,0.0781914,-0.0383128
M,0.182685,-0.0526643,-0.0526643,0.130021
M,-0.144448,0.0580896,0.0580896,-0.0863581
M,-0.173536,0.0580896,0.0580896,-0.115446
M,0.175917,0.000270658,0.000270658,0.176188
M,0.37028,0.0781914,0.0781914,0.448471
M,-0.328611,0.0465662,0.0465662,-0.282045
M,-0.135839,0.00950019,0.00950019,-0.126339
M,0.0243063,0.0456302,0.0456302,0.0699365
M,0.321668,-0.0526643,-0.0526643,0.269004
M,-0.0465828,-0.0482347,-0.0482347,-0.0948175
M,-0.181971,0.0456302,0.0456302,-0.136341
M,0.250225,0.0781914,0.0781914,0.328416
M,-0.133465,0.000270658,0.000270658,-0.133194
M,0.24564,-0.0526643,-0.0526643,0.192975
M,-0.427053,0.103342,0.103342,-0.323711
M,-0.535056,0.103342,0.103342,-0.431714
M,0.10018,0.103342,0.103342,0.203522
M,-0.216085,0.0781914,0.0781914,-0.137894
M,-0.297842,0.103342,0.103342,-0.1945
M,-0.308806,0.103342,0.103342,-0.205464
M,0.0357881,0.0174645,0.0174645,0.0532526
M,0.082411,0.0580896,0.0580896,0.140501
M,0.108399,0.103342,0.103342,0.211741
M,0.0912702,0.103342,0.103342,0.194612
M,0.176146,0.103342,0.103342,0.279488
M,-0.038537,-0.145172,-0.145172,-0.183709
M,0.0628229,0.103342,0.103342,0.166165
M,-0.342555,0.121286,0.121286,-0.221269
M,-0.109497,0.0174645,0.0174645,-0.0920326
M,0.153758,-0.0526643,-0.0526643,0.101094
M,0.0337138,-0.0295082,-0.0295082,0.00420552
M,-0.227474,-0.0526643,-0.0526643,-0.280138
M,-0.178467,0.121286,0.121286,-0.0571813
M,-0.314434,0.0413922,0.0413922,-0.273042
M,-0.140127,0.0580896,0.0580896,-0.0820371
M,-0.164716,0.0174645,0.0174645,-0.147251
M,0.0563303,0.121286,0.121286,0.177616
M,-0.0868298,-0.0526643,-0.0526643,-0.139494
M,0.103797,0.0580896,0.0580896,0.161887
M,0.23963,-0.0295082,-0.0295082,0.210121
M,-0.00841304,0.0580896,0.0580896,0.0496766
M,0.309341,-0.0526643,-0.0526643,0.256676
M,-0.0355387,0.0413922,0.0413922,0.00585344
M,0.0443826,0.0599689,0.0599689,0.104352
M,-0.186846,-0.0526643,-0.0526643,-0.23951
M,-0.174684,0.000270658,0.000270658,-0.174413
M,-0.0779857,0.0413922,0.0413922,-0.0365935
M,-0.30355,-0.0526643,-0.0526643,-0.356214
M,-0.0791492,0.103342,0.103342,0.0241929
M,-0.288629,-0.0687917,-0.0687917,-0.357421
M,0.134109,-0.0526643,-0.0526643,0.0814444
M,0.156127,0.0580896,0.0580896,0.214216
M,0.247243,-0.0295082,-0.0295082,0.217735
M,0.0983705,0.0580896,0.0580896,0.15646
M,0.280304,-0.0526643,-0.0526643,0.22764
M,0.116812,0.0580896,0.0580896,0.174901
M,0.166878,0.0580896,0.0580896,0.224967
M,-0.15796,0.0580896,0.0580896,-0.0998706
M,-0.268753,0.0174645,0.0174645,-0.251289
M,0.22525,0.0580896,0.0580896,0.28334
M,-0.0939088,-0.0482347,-0.0482347,-0.142143
M,-0.128506,0.121286,0.121286,-0.00721985
M,0.0825477,-0.0526643,-0.0526643,0.0298835
M,-0.114585,-0.061501,-0.061501,-0.176086
M,-0.482969,-0.166591,-0.166591,-0.64956
M,-0.119828,0.113453,0.113453,-0.00637422
M,-0.12016,0.0174645,0.0174645,-0.102695
M,0.0154049,-0.0687917,-0.0687917,-0.0533868
M,-0.182015,0.0580896,0.0580896,-0.123925
M,-0.303392,0.0580896,0.0580896,-0.245302
M,-0.0979211,0.0599689,0.0599689,-0.0379522
M,-0.0462597,-0.0526643,-0.0526643,-0.0989239
M,-0.0459907,0.103342,0.103342,0.0573514
M,0.254601,0.000270658,0.000270658,0.254872
M,0.0251378,0.103342,0.103342,0.12848
M,0.122667,0.0580896,0.0580896,0.180756
M,0.123757,0.000270658,0.000270658,0.124028
M,0.127102,0.0580896,0.0580896,0.185191
M,0.0509178,-0.145172,-0.145172,-0.0942544
M,-0.296055,-0.0468309,-0.0468309,-0.342886
M,-0.134505,-0.0526643,-0.0526643,-0.187169
M,0.135401,-0.145172,-0.145172,-0.00977103
M,0.346449,0.0580896,0.0580896,0.404538
M,0.043876,0.000270658,0.000270658,0.0441467
M,-0.0953851,0.0599689,0.0599689,-0.0354162
M,0.126847,-0.145172,-0.145172,-0.0183256
M,-0.110012,-0.0526643,-0.0526643,-0.162676
M,-0.0915446,0.0580896,0.0580896,-0.033455
M,0.102197,-0.0526643,-0.0526643,0.0495332
M,0.0899453,-0.0526643,-0.0526643,0.037281
M,0.00468106,-0.0526643,-0.0526643,-0.0479832
M,0.0881589,0.0580896,0.0580896,0.146249
M,-0.300621,0.0580896,0.0580896,-0.242531
M,-0.454018,-0.0526643,-0.0526643,-0.506682
M,-0.126888,-0.145172,-0.145172,-0.27206
M,0.124924,0.00950019,0.00950019,0.134424
M,-0.110898,-0.0687917,-0.0687917,-0.179689
M,-0.15365,-0.0295082,-0.0295082,-0.183158
M,-0.10783,0.0580896,0.0580896,-0.0497402
M,0.366052,-0.0687917,-0.0687917,0.29726
M,-0.00232794,-0.0526643,-0.0526643,-0.0549922
M,-0.0325958,0.0580896,0.0580896,0.0254938
M,-0.208245,0.113453,0.113453,-0.0947919
M,-0.255607,0.0413922,0.0413922,-0.214215
M,-0.535609,0.0580896,0.0580896,-0.477519
M,-0.161257,0.103342,0.103342,-0.0579152
M,-0.0402782,-0.0526643,-0.0526643,-0.0929425
M,-0.0433609,0.000270658,0.000270658,-0.0430902
M,-0.0156084,0.103342,0.103342,0.0877337
M,0.156478,0.0580896,0.0580896,0.214567
M,-0.270861,-0.0526643,-0.0526643,-0.323525
M,0.024034,-0.0526643,-0.0526643,-0.0286303
M,0.0946682,-0.0468309,-0.0468309,0.0478373
M,-0.00806001,0.0580896,0.0580896,0.0500296
M,0.33049,0.0781914,0.0781914,0.408682
M,-0.142256,-0.0526643,-0.0526643,-0.19492
M,-0.0456604,0.000270658,0.000270658,-0.0453898
M,-0.0244487,0.0599689,0.0599689,0.0355202
M,-0.213677,0.0580896,0.0580896,-0.155587
M,0.340973,0.0580896,0.0580896,0.399063
M,-0.282041,0.0599689,0.0599689,-0.222072
M,-0.172047,-0.0526643,-0.0526643,-0.224712
M,0.0866847,-0.145172,-0.145172,-0.0584875
M,0.121185,-0.0526643,-0.0526643,0.0685203
M,-0.179526,0.0413922,0.0413922,-0.138134
M,-0.0473277,0.106452,0.106452,0.0591239
M,-0.248929,0.103342,0.103342,-0.145587
M,0.0138101,-0.0526643,-0.0526643,-0.0388542
M,0.667734,0.0495102,0.0495102,0.717245
M,0.273163,0.121286,0.121286,0.394449
M,-0.0157297,-0.0526643,-0.0526643,-0.0683939
M,0.183976,-0.145172,-0.145172,0.0388042
M,-0.0412744,0.0174645,0.0174645,-0.0238099
M,0.165211,-0.0295082,-0.0295082,0.135703
M,0.120248,0.0580896,0.0580896,0.178338
M,-0.115846,0.0413922,0.0413922,-0.0744534
M,0.0488597,0.0781914,0.0781914,0.127051
M,0.188507,0.0580896,0.0580896,0.246597
M,-0.0518552,0.000895017,0.000895017,-0.0509602
M,-0.135374,-0.0687917,-0.0687917,-0.204165
M,-0.032641,0.0174645,0.0174645,-0.0151765
M,-0.22213,0.0781914,0.0781914,-0.143938
M,0.193822,0.00950019,0.00950019,0.203322
M,0.279235,-0.112391,-0.112391,0.166844
M,-0.369697,-0.0526643,-0.0526643,-0.422361
M,0.255579,-0.0526643,-0.0526643,0.202914
M,-0.039646,0.0413922,0.0413922,0.00174616
M,0.00125692,0.103342,0.103342,0.104599
M,-0.268748,-0.0526643,-0.0526643,-0.321412
M,-0.278419,-0.145172,-0.145172,-0.423591
M,-0.161468,0.0174645,0.0174645,-0.144003
M,-0.00393459,0.0495102,0.0495102,0.0455756
M,0.0316992,0.0580896,0.0580896,0.0897889
M,-0.222759,0.0174645,0.0174645,-0.205295
M,-0.425585,-0.0526643,-0.0526643,-0.478249
M,-0.303643,-0.0526643,-0.0526643,-0.356307
M,-0.159679,-0.0119407,-0.0119407,-0.17162
M,0.0354919,0.0413922,0.0413922,0.076884
M,0.108512,0.000270658,0.000270658,0.108783
M,0.203793,0.00950019,0.00950019,0.213293
M,-0.0491035,-0.0468309,-0.0468309,-0.0959345
M,-0.031461,0.103342,0.103342,0.0718811
M,-0.0892101,0.142309,0.142309,0.0530986
M,0.0880775,0.0413922,0.0413922,0.12947
M,0.268699,0.0495102,0.0495102,0.318209
M,0.219645,0.0580896,0.0580896,0.277735
M,-0.185265,0.0781914,0.0781914,-0.107074
M,-0.275526,0.0580896,0.0580896,-0.217436
M,-0.128656,0.103342,0.103342,-0.0253143
M,0.0547302,0.0580896,0.0580896,0.11282
M,0.246289,-0.219225,-0.219225,0.0270637
M,0.0549985,-0.0526643,-0.0526643,0.00233418
M,-0.13402,0.0495102,0.0495102,-0.0845096
M,0.0407604,0.00950019,0.00950019,0.0502606
M,-0.185488,0.0456302,0.0456302,-0.139857
M,-0.066914,0.0781914,0.0781914,0.0112773
M,0.36578,0.0580896,0.0580896,0.423869
M,0.102226,0.0580896,0.0580896,0.160315
M,-0.220412,0.00950019,0.00950019,-0.210912
M,-0.00543062,0.103342,0.103342,0.0979115
M,-0.0774338,0.0580896,0.0580896,-0.0193442
M,-0.190543,-0.0526643,-0.0526643,-0.243208
M,0.18829,-0.0526643,-0.0526643,0.135626
M,0.0553618,0.00950019,0.00950019,0.064862
M,-0.0724983,0.0580896,0.0580896,-0.0144087
M,-0.0604239,0.0599689,0.0599689,-0.000454932
M,-0.102549,0.000270658,0.000270658,-0.102279
M,0.432928,-0.0526643,-0.0526643,0.380264
M,-0.138068,0.103342,0.103342,-0.0347261
M,0.272924,-0.0295082,-0.0295082,0.243415
M,-0.163589,-0.0687917,-0.0687917,-0.232381
M,0.0194136,0.0599689,0.0599689,0.0793825
M,-0.00689663,0.103342,0.103342,0.0964455
M,-0.133602,-0.0526643,-0.0526643,-0.186266
M,-0.0213106,-0.0526643,-0.0526643,-0.0739749
M,-0.150289,-0.0526643,-0.0526643,-0.202954
M,0.0248525,0.0174645,0.0174645,0.042317
M,0.0903107,0.0465662,0.0465662,0.136877
M,0.0128757,0.0580896,0.0580896,0.0709653
M,-0.29835,0.000270658,0.000270658,-0.298079
M,-0.121302,0.113453,0.113453,-0.00784839
M,-2.99062e-05,0.000270658,0.000270658,0.000240751
M,-0.20549,0.0781914,0.0781914,-0.127299
M,-0.137886,0.0781914,0.0781914,-0.0596948
M,-0.0671234,0.0174645,0.0174645,-0.0496589
M,0.106185,-0.0295082,-0.0295082,0.0766772
M,-0.195049,0.113453,0.113453,-0.0815961
M,-0.104676,0.0580896,0.0580896,-0.0465861
M,0.03702,0.000270658,0.000270658,0.0372907
M,0.143877,0.0174645,0.0174645,0.161342
M,-0.0566555,0.0174645,0.0174645,-0.039191
M,-0.296249,0.103342,0.103342,-0.192907
M,-0.0345238,0.00950019,0.00950019,-0.0250237
M,0.219269,-0.0526643,-0.0526643,0.166605
M,0.0564057,-0.145172,-0.145172,-0.0887665
M,-0.0926149,0.0580896,0.0580896,-0.0345253
M,-0.276082,0.0781914,0.0781914,-0.197891
M,-0.343911,0.000270658,0.000270658,-0.343641
M,-0.136355,-0.145172,-0.145172,-0.281527
M,-0.326492,0.121286,0.121286,-0.205205
M,-0.0902593,0.0174645,0.0174645,-0.0727948
M,-0.121449,0.113453,0.113453,-0.00799609
M,-0.0468516,-0.145172,-0.145172,-0.192024
M,0.031086,0.121286,0.121286,0.152372
M,0.0436752,0.0580896,0.0580896,0.101765
M,-0.0616623,0.0456302,0.0456302,-0.0160321
M,-0.0551242,0.0580896,0.0580896,0.00296543
M,-0.219735,0.0580896,0.0580896,-0.161645
M,-0.241287,-0.0526643,-0.0526643,-0.293951
M,-0.155953,0.103342,0.103342,-0.0526111
M,-0.151902,0.0495102,0.0495102,-0.102392
M,0.0572455,0.121286,0.121286,0.178532
M,-0.37191,0.0580896,0.0580896,-0.313821
M,0.113782,0.0413922,0.0413922,0.155174
M,0.0402549,-0.0295082,-0.0295082,0.0107466
M,0.1481,0.0580896,0.0580896,0.20619
M,-0.229869,-0.0526643,-0.0526643,-0.282533
M,-0.252039,0.103342,0.103342,-0.148697
M,0.167187,0.0174645,0.0174645,0.184651
M,-0.0229944,0.0413922,0.0413922,0.0183978
M,-0.0542224,0.116656,0.116656,0.0624334
M,0.12398,0.103342,0.103342,0.227322
M,-0.458704,0.0580896,0.0580896,-0.400615
M,-0.020965,0.103342,0.103342,0.0823771
M,-0.0720546,0.103342,0.103342,0.0312875
M,-0.0896958,0.0413922,0.0413922,-0.0483036
M,0.107792,-0.145172,-0.145172,-0.0373806
M,0.032831,0.106452,0.106452,0.139283
M,-0.201067,-0.0526643,-0.0526643,-0.253731
M,0.0525806,0.116656,0.116656,0.169236
M,0.337,0.0174645,0.0174645,0.354464
M,0.135328,-0.0468309,-0.0468309,0.0884967
M,0.276825,0.121286,0.121286,0.398111
M,0.271734,0.0580896,0.0580896,0.329823
M,-0.410589,-0.0886807,-0.0886807,-0.49927
M,0.184129,0.0580896,0.0580896,0.242218
M,-0.0953897,-0.145172,-0.145172,-0.240562
M,0.0410629,-0.0526643,-0.0526643,-0.0116014
M,-0.188029,0.103342,0.103342,-0.0846874
M,-0.212642,0.0174645,0.0174645,-0.195178
M,-0.219798,0.0580896,0.0580896,-0.161709
M,-0.327157,0.113453,0.113453,-0.213704
M,-0.100148,0.0580896,0.0580896,-0.0420582
M,0.237007,0.103342,0.103342,0.340349
M,0.3668,-0.145172,-0.145172,0.221628
M,-0.199282,0.0792397,0.0792397,-0.120042
M,-0.134329,0.116656,0.116656,-0.0176736
M,-0.215967,-0.0410304,-0.0410304,-0.256997
M,-0.220149,-0.0526643,-0.0526643,-0.272813
M,0.214194,-0.0526643,-0.0526643,0.161529
M,-0.192263,-0.0526643,-0.0526643,-0.244927
M,0.163873,0.0766754,0.0766754,0.240548
M,-0.0811586,0.00950019,0.00950019,-0.0716584
M,-0.161145,0.0456302,0.0456302,-0.115515
M,0.385358,0.0781914,0.0781914,0.46355
M,0.172343,0.0413922,0.0413922,0.213735
M,-0.042621,-0.0526643,-0.0526643,-0.0952853
M,-0.0913381,-0.0468309,-0.0468309,-0.138169
M,-0.0835814,0.113453,0.113453,0.029872
M,-0.0766457,0.000270658,0.000270658,-0.076375
M,0.0170751,0.0580896,0.0580896,0.0751647
M,-0.107667,0.0599689,0.0599689,-0.0476982
M,0.17291,0.103342,0.103342,0.276252
M,0.221013,0.103342,0.103342,0.324356
M,-0.394457,0.0580896,0.0580896,-0.336367
M,0.253336,0.0781914,0.0781914,0.331528
M,-0.064107,0.0456302,0.0456302,-0.0184768
M,0.0941321,0.0781914,0.0781914,0.172323
M,0.172605,0.0580896,0.0580896,0.230695
M,0.049872,-0.145172,-0.145172,-0.0953002
M,0.13382,-0.0526643,-0.0526643,0.0811562
M,-0.103661,0.103342,0.103342,-0.000318893
M,-0.152811,0.0781914,0.0781914,-0.0746201
M,-0.114359,0.113453,0.113453,-0.000906063
M,-0.14736,-0.0526643,-0.0526643,-0.200024
M,-0.249353,0.0174645,0.0174645,-0.231888
M,-0.036684,0.113453,0.113453,0.0767693
M,0.115598,0.0413922,0.0413922,0.156991
M,-0.0531216,0.0174645,0.0174645,-0.0356571
M,0.310021,0.0781914,0.0781914,0.388212
M,-0.0599355,0.103342,0.103342,0.0434066
M,-0.140729,0.103342,0.103342,-0.0373868
M,-0.0188028,-0.0526643,-0.0526643,-0.0714671
M,0.18562,0.000270658,0.000270658,0.18589
M,0.0576378,0.103342,0.103342,0.16098
M,-0.00888992,0.0495102,0.0495102,0.0406203
M,0.0880013,0.0580896,0.0580896,0.146091
M,-0.0195737,-0.0526643,-0.0526643,-0.072238
M,0.0185323,0.0413922,0.0413922,0.0599244
M,0.04229,-0.0687917,-0.0687917,-0.0265017
M,-0.044713,0.0413922,0.0413922,-0.00332086
M,-0.303452,0.0465662,0.0465662,-0.256886
M,0.31834,0.0174645,0.0174645,0.335805
M,-0.0995033,0.0580896,0.0580896,-0.0414137
M,-0.11953,0.103342,0.103342,-0.0161882
M,0.0604792,0.0580896,0.0580896,0.118569
M,-0.169032,0.0580896,0.0580896,-0.110942
M,-0.149892,0.0580896,0.0580896,-0.0918023
M,0.0741682,0.0174645,0.0174645,0.0916326
M,-0.392384,0.103342,0.103342,-0.289042
M,-0.188957,0.000270658,0.000270658,-0.188687
M,-0.154527,0.0781914,0.0781914,-0.0763359
M,-0.063165,0.0580896,0.0580896,-0.00507536
M,-0.24786,0.113453,0.113453,-0.134407
M,0.0645293,0.0413922,0.0413922,0.105921
M,-0.0883292,0.0580896,0.0580896,-0.0302396
M,0.03068,0.0781914,0.0781914,0.108871
M,-0.286002,0.00950019,0.00950019,-0.276502
M,0.218555,-0.0526643,-0.0526643,0.165891
M,-0.174271,-0.0526643,-0.0526643,-0.226935
M,-0.20263,-0.0526643,-0.0526643,-0.255294
M,-0.153598,0.00950019,0.00950019,-0.144097
M,-0.366102,0.00950019,0.00950019,-0.356602
M,0.0310805,0.103342,0.103342,0.134423
M,-0.0375667,0.0580896,0.0580896,0.0205229
M,0.121473,0.0781914,0.0781914,0.199664
M,-0.378536,-0.0526643,-0.0526643,-0.431201
M,-0.20921,-0.0526643,-0.0526643,-0.261874
M,0.15735,0.0715971,0.0715971,0.228947
M,-0.598306,-0.0526643,-0.0526643,-0.650971
M,0.0723352,0.000270658,0.000270658,0.0726058
M,0.0630695,-0.0526643,-0.0526643,0.0104052
M,-0.155584,0.0580896,0.0580896,-0.0974946
M,0.109088,0.0580896,0.0580896,0.167178
M,0.0270111,0.0465662,0.0465662,0.0735773
M,0.14871,0.0580896,0.0580896,0.2068
M,-0.38883,-0.0526643,-0.0526643,-0.441494
M,-0.0414245,-0.0526643,-0.0526643,-0.0940887
M,-0.176279,0.0599689,0.0599689,-0.11631
M,0.0616989,0.121286,0.121286,0.182985
M,0.116384,0.0465662,0.0465662,0.16295
M,-0.062752,0.0465662,0.0465662,-0.0161858
M,-0.216485,0.0413922,0.0413922,-0.175093
M,-0.0726901,0.0580896,0.0580896,-0.0146005
M,-0.279566,0.0580896,0.0580896,-0.221476
M,0.370431,0.0174645,0.0174645,0.387896
M,-0.0377687,-0.0526643,-0.0526643,-0.090433
M,-0.0144802,0.000270658,0.000270658,-0.0142095
M,-0.161437,-0.0526643,-0.0526643,-0.214102
M,0.0585465,-0.0295082,-0.0295082,0.0290383
M,0.00716472,0.103342,0.103342,0.110507
M,-0.34646,0.116656,0.116656,-0.229804
M,0.183737,-0.0526643,-0.0526643,0.131073
M,-0.0368044,0.0580896,0.0580896,0.0212852
M,0.0405515,0.103342,0.103342,0.143894
M,-0.346489,0.0580896,0.0580896,-0.288399
M,0.0518853,-0.0526643,-0.0526643,-0.000778983
M,-0.152399,0.0174645,0.0174645,-0.134934
M,-0.356513,0.0599689,0.0599689,-0.296544
M,-0.0117529,0.0413922,0.0413922,0.0296393
M,-0.326088,0.0781914,0.0781914,-0.247897
M,-0.256969,0.0413922,0.0413922,-0.215577
M,0.236763,-0.0526643,-0.0526643,0.184098
M,-0.263465,0.000270658,0.000270658,-0.263194
M,0.137044,0.0580896,0.0580896,0.195134
M,0.0802574,0.0599689,0.0599689,0.140226
M,-0.0126288,-0.0526643,-0.0526643,-0.0652931
M,-0.0423048,0.103342,0.103342,0.0610373
M,0.159104,0.0580896,0.0580896,0.217194
M,0.00264623,-0.0526643,-0.0526643,-0.0500181
M,-0.00167841,0.0580896,0.0580896,0.0564112
M,0.235377,-0.0526643,-0.0526643,0.182713
M,0.166414,0.103342,0.103342,0.269756
M,0.109689,0.121286,0.121286,0.230976
M,-0.11099,0.0580896,0.0580896,-0.0529001
M,0.151275,-0.0468309,-0.0468309,0.104444
M,-0.326817,0.0580896,0.0580896,-0.268727
M,-0.216723,0.103342,0.103342,-0.113381
M,-0.246605,0.0174645,0.0174645,-0.22914
M,-0.071789,0.0580896,0.0580896,-0.0136994
M,0.315222,0.0465662,0.0465662,0.361788
M,0.08941,0.0781914,0.0781914,0.167601
M,0.429904,-0.0295082,-0.0295082,0.400396
M,0.339251,0.0580896,0.0580896,0.39734
M,-0.00235204,0.0413922,0.0413922,0.0390401
M,0.246354,0.0495102,0.0495102,0.295865
M,-0.0931461,-0.0687917,-0.0687917,-0.161938
M,-0.0582695,0.113453,0.113453,0.0551838
M,-0.3428,0.116656,0.116656,-0.226144
M,-0.221186,0.000270658,0.000270658,-0.220916
M,-0.489055,0.121286,0.121286,-0.367768
M,0.0234558,-0.145172,-0.145172,-0.121716
M,-0.114302,0.0580896,0.0580896,-0.0562122
M,-0.00253046,-0.0526643,-0.0526643,-0.0551948
M,0.188489,-0.0526643,-0.0526643,0.135825
M,-0.0300277,0.000270658,0.000270658,-0.029757
M,0.290438,-0.0526643,-0.0526643,0.237773
M,0.429472,-0.0526643,-0.0526643,0.376808
M,-0.250473,-0.0526643,-0.0526643,-0.303137
M,0.329468,0.113453,0.113453,0.442921
M,0.0233106,0.0465662,0.0465662,0.0698768
M,0.0455875,0.0174645,0.0174645,0.063052
M,-0.164194,0.00950019,0.00950019,-0.154694
M,0.492526,0.103342,0.103342,0.595868
M,0.248966,0.0599689,0.0599689,0.308935
M,0.131687,0.0580896,0.0580896,0.189776
M,0.0976949,0.0580896,0.0580896,0.155785
M,0.238928,0.0580896,0.0580896,0.297018
M,-0.23468,0.0627079,0.0627079,-0.171972
M,0.184004,-0.0526643,-0.0526643,0.13134
M,-0.346196,0.103342,0.103342,-0.242854
M,0.199047,-0.015574,-0.015574,0.183473
M,-0.3362,-0.112391,-0.112391,-0.448592
M,-0.375815,-0.0526643,-0.0526643,-0.42848
M,-0.259128,0.0580896,0.0580896,-0.201038
M,-0.421898,0.0174645,0.0174645,-0.404434
M,-0.201819,0.0580896,0.0580896,-0.14373
M,0.0901402,0.0599689,0.0599689,0.150109
M,0.295719,-0.0526643,-0.0526643,0.243054
M,-0.199997,0.0781914,0.0781914,-0.121806
M,-0.143528,0.103342,0.103342,-0.0401857
M,-0.0471049,0.0781914,0.0781914,0.0310864
M,0.0293001,0.0599689,0.0599689,0.089269
M,0.315652,0.00950019,0.00950019,0.325152
M,-0.282472,-0.0526643,-0.0526643,-0.335136
M,0.331362,0.0413922,0.0413922,0.372754
M,-0.0506626,0.0580896,0.0580896,0.007427
M,-0.162737,0.121286,0.121286,-0.0414505
M,0.217009,0.0413922,0.0413922,0.258402
M,-0.347259,0.0781914,0.0781914,-0.269068
M,0.197767,-0.145172,-0.145172,0.0525946
M,-0.140417,0.0599689,0.0599689,-0.0804476
M,-0.169717,0.103342,0.103342,-0.066375
M,0.0830098,0.0495102,0.0495102,0.13252
M,-0.445793,0.121286,0.121286,-0.324506
M,0.0605318,0.103342,0.103342,0.163874
M,-0.155804,0.000270658,0.000270658,-0.155534
M,0.0506809,0.0580896,0.0580896,0.108771
M,-0.286027,0.103342,0.103342,-0.182685
M,-0.164496,0.0599689,0.0599689,-0.104527
M,0.143154,0.0413922,0.0413922,0.184546
M,-0.13529,0.113453,0.113453,-0.0218371
M,0.120544,0.0413922,0.0413922,0.161936
M,-0.189683,-0.0526643,-0.0526643,-0.242347
M,-0.0544031,-0.0526643,-0.0526643,-0.107067
M,0.0347639,0.103342,0.103342,0.138106
M,-0.371964,-0.0526643,-0.0526643,-0.424628
M,0.00451349,0.103342,0.103342,0.107856
M,0.286113,-0.0526643,-0.0526643,0.233449
M,0.416318,0.0599689,0.0599689,0.476287
M,-0.0410946,0.0413922,0.0413922,0.000297582
M,-0.254867,0.142309,0.142309,-0.112558
M,0.0435973,-0.00861035,-0.00861035,0.0349869
M,0.143666,0.0456302,0.0456302,0.189296
M,0.0796573,0.0599689,0.0599689,0.139626
M,-0.138032,-0.0526643,-0.0526643,-0.190696
M,0.226861,0.0840059,0.0840059,0.310867
M,-0.0288943,0.0174645,0.0174645,-0.0114298
M,-0.307482,0.0580896,0.0580896,-0.249392
M,0.0816102,0.103342,0.103342,0.184952
M,-0.226564,0.0715971,0.0715971,-0.154967
M,-0.0765434,-0.145172,-0.145172,-0.221716
M,0.0290598,0.0580896,0.0580896,0.0871494
M,-0.00259235,0.103342,0.103342,0.10075
M,0.142821,0.103342,0.103342,0.246163
M,0.155118,-0.0526643,-0.0526643,0.102453
M,0.00116366,0.103342,0.103342,0.104506
M,-0.246697,0.103342,0.103342,-0.143355
M,-0.0623956,0.000270658,0.000270658,-0.0621249
M,-0.185265,0.00950019,0.00950019,-0.175765
M,0.150306,-0.145172,-0.145172,0.00513412
M,-0.0323206,-0.0526643,-0.0526643,-0.0849849
M,-0.0711012,0.121286,0.121286,0.050185
M,0.0312145,-0.0526643,-0.0526643,-0.0214498
M,-0.39194,-0.0526643,-0.0526643,-0.444605
M,-0.0203168,0.0413922,0.0413922,0.0210754
M,-0.214787,0.0413922,0.0413922,-0.173395
M,0.11417,0.0781914,0.0781914,0.192362
M,0.137852,0.000270658,0.000270658,0.138123
M,0.11117,0.0174645,0.0174645,0.128635
M,-0.406916,0.000270658,0.000270658,-0.406645
M,-0.350131,0.121286,0.121286,-0.228845
M,-0.192241,0.113453,0.113453,-0.0787873
M,-0.469125,0.129415,0.129415,-0.33971
M,-0.220707,0.0580896,0.0580896,-0.162618
M,-0.102947,0.0599689,0.0599689,-0.0429783
M,0.032779,-0.0526643,-0.0526643,-0.0198853
M,0.222838,-0.145172,-0.145172,0.0776657
M,-0.188427,-0.0119407,-0.0119407,-0.200367
M,-0.051946,0.0580896,0.0580896,0.00614361
M,0.111623,-0.0526643,-0.0526643,0.0589589
M,-0.0659258,-0.0526643,-0.0526643,-0.11859
M,-0.0633968,0.0174645,0.0174645,-0.0459323
M,-0.138035,0.000270658,0.000270658,-0.137764
M,0.00113756,0.0174645,0.0174645,0.018602
M,0.0703297,0.0413922,0.0413922,0.111722
M,-0.114269,-0.0526643,-0.0526643,-0.166934
M,0.116134,0.0174645,0.0174645,0.133598
M,-0.117839,0.0465662,0.0465662,-0.0712726
M,-0.0944111,-0.0468309,-0.0468309,-0.141242
M,0.0725153,0.0580896,0.0580896,0.130605
M,0.0227565,0.0668751,0.0668751,0.0896316
M,-0.014187,0.0580896,0.0580896,0.0439026
M,0.0347641,0.00950019,0.00950019,0.0442642
M,-0.00646244,0.0580896,0.0580896,0.0516272
M,0.261293,-0.0526643,-0.0526643,0.208629
M,-0.0594206,0.0580896,0.0580896,-0.00133101
M,-0.0206361,-0.0526643,-0.0526643,-0.0733004
M,0.151762,0.0580896,0.0580896,0.209852
M,-0.0239107,0.103342,0.103342,0.0794314
M,-0.0271501,0.0413922,0.0413922,0.0142421
M,-0.269182,0.0580896,0.0580896,-0.211092
M,0.0295649,-0.0526643,-0.0526643,-0.0230994
M,0.0471075,-0.145172,-0.145172,-0.0980647
M,-0.101222,0.121286,0.121286,0.0200647
M,0.256756,0.0174645,0.0174645,0.27422
M,-0.28319,0.0580896,0.0580896,-0.225101
M,-0.174404,-0.0526643,-0.0526643,-0.227068
M,-0.109524,-0.0482347,-0.0482347,-0.157759
M,-0.0846806,0.00950019,0.00950019,-0.0751804
M,0.197024,-0.0526643,-0.0526643,0.144359
M,-0.0976968,0.0413922,0.0413922,-0.0563046
M,0.00895746,-0.0687917,-0.0687917,-0.0598342
M,0.489833,-0.0526643,-0.0526643,0.437168
M,-0.242372,-0.0526643,-0.0526643,-0.295037
M,0.0679345,-0.0526643,-0.0526643,0.0152703
M,0.199218,0.103342,0.103342,0.30256
M,0.100579,-0.0526643,-0.0526643,0.0479145
M,-0.0252738,0.103342,0.103342,0.0780683
M,0.240448,-0.0526643,-0.0526643,0.187783
M,0.0734437,0.0174645,0.0174645,0.0909082
M,-0.556037,-0.0468309,-0.0468309,-0.602868
M,0.263845,-0.0526643,-0.0526643,0.211181
M,-0.0667885,0.0413922,0.0413922,-0.0253964
M,-0.504971,-0.0526643,-0.0526643,-0.557636
M,-0.269374,0.113453,0.113453,-0.15592
M,-0.135818,0.0580896,0.0580896,-0.0777285
M,-0.255455,0.0580896,0.0580896,-0.197365
M,-0.126082,0.000270658,0.000270658,-0.125811
M,0.00104318,-0.145172,-0.145172,-0.144129
M,-0.365977,0.113453,0.113453,-0.252524
M,0.160878,-0.0526643,-0.0526643,0.108214
M,-0.0872352,0.103342,0.103342,0.0161069
M,-0.380162,0.103342,0.103342,-0.27682
M,-0.0451517,0.0580896,0.0580896,0.012938
M,-0.118355,-0.145172,-0.145172,-0.263528
M,-0.219658,0.000270658,0.000270658,-0.219388
M,-0.469061,0.000270658,0.000270658,-0.468791
M,0.152826,0.0580896,0.0580896,0.210915
M,0.196227,0.0456302,0.0456302,0.241857
M,0.222494,0.0599689,0.0599689,0.282463
M,0.185454,0.0781914,0.0781914,0.263645
M,0.239108,0.113453,0.113453,0.352561
M,0.38622,-0.145172,-0.145172,0.241048
M,-0.147392,-0.0526643,-0.0526643,-0.200056
M,0.182263,0.0456302,0.0456302,0.227893
M,-0.192856,0.0413922,0.0413922,-0.151464
M,-0.0919312,0.103342,0.103342,0.0114109
M,0.59001,0.0465662,0.0465662,0.636576
M,0.183805,-0.0526643,-0.0526643,0.13114
M,-0.243263,0.0599689,0.0599689,-0.183294
M,-0.295874,0.000270658,0.000270658,-0.295604
M,-0.0381454,-0.0119407,-0.0119407,-0.0500861
M,-0.0545922,0.0580896,0.0580896,0.00349741
M,0.0612457,0.103342,0.103342,0.164588
M,0.0532694,0.0580896,0.0580896,0.111359
M,-0.103137,-0.0526643,-0.0526643,-0.155801
M,0.0176236,0.113453,0.113453,0.131077
M,-0.0379697,-0.0526643,-0.0526643,-0.090634
M,-0.489289,0.0781914,0.0781914,-0.411098
M,-0.143603,0.0174645,0.0174645,-0.126139
M,-0.260493,0.103342,0.103342,-0.157151
M,-0.142443,-0.0526643,-0.0526643,-0.195108
M,-0.0753498,0.0465662,0.0465662,-0.0287837
M,-0.0425972,0.0580896,0.0580896,0.0154924
M,-0.0297774,0.0174645,0.0174645,-0.0123129
M,0.262683,0.0580896,0.0580896,0.320773
M,0.0459337,-0.0526643,-0.0526643,-0.00673055
M,0.120032,0.0781914,0.0781914,0.198224
M,-0.199246,0.121286,0.121286,-0.0779596
M,-0.0175655,0.0413922,0.0413922,0.0238267
M,0.0141748,0.000270658,0.000270658,0.0144454
M,-0.123258,0.0174645,0.0174645,-0.105793
M,0.0315304,-0.0526643,-0.0526643,-0.0211339
M,-0.500734,0.0580896,0.0580896,-0.442645
M,0.139102,0.00950019,0.00950019,0.148602
M,0.00178383,-0.0526643,-0.0526643,-0.0508805
M,-0.296045,-0.0526643,-0.0526643,-0.348709
M,0.11751,0.0580896,0.0580896,0.1756
M,-0.15936,-0.0687917,-0.0687917,-0.228152
M,0.199155,0.0580896,0.0580896,0.257245
M,-0.138215,0.0580896,0.0580896,-0.080125
M,-0.32902,0.000270658,0.000270658,-0.32875
M,-0.00621616,-0.0526643,-0.0526643,-0.0588805
M,-0.166169,0.121286,0.121286,-0.0448825
M,0.0276416,0.103342,0.103342,0.130984
M,0.206869,0.000270658,0.000270658,0.20714
M,-0.10945,0.000270658,0.000270658,-0.109179
M,-0.231811,0.0781914,0.0781914,-0.15362
M,-0.351435,0.0413922,0.0413922,-0.310043
M,-0.0860398,0.0792397,0.0792397,-0.00680013
M,-0.345324,0.000270658,0.000270658,-0.345053
M,-0.305002,-0.145172,-0.145172,-0.450174
M,-0.190432,0.0580896,0.0580896,-0.132343
M,0.128506,-0.145172,-0.145172,-0.0166661
M,0.00654343,-0.0526643,-0.0526643,-0.0461209
M,-0.545295,0.00950019,0.00950019,-0.535795
M,0.161471,0.0413922,0.0413922,0.202863
M,0.322476,-0.0526643,-0.0526643,0.269811
M,-0.385959,-0.0526643,-0.0526643,-0.438623
M,-0.04655,-0.0526643,-0.0526643,-0.0992143
M,-0.286151,0.0413922,0.0413922,-0.244759
M,0.0499472,-0.0526643,-0.0526643,-0.0027171
M,0.0537821,-0.0526643,-0.0526643,0.00111779
M,0.514303,0.103342,0.103342,0.617645
M,0.10801,-0.00861035,-0.00861035,0.0994001
M,-0.134603,0.0781914,0.0781914,-0.0564115
M,0.0387328,0.0495102,0.0495102,0.0882431
M,-0.00259835,-0.0526643,-0.0526643,-0.0552626
M,0.178807,0.0792397,0.0792397,0.258047
M,-0.102864,-0.0306111,-0.0306111,-0.133475
M,0.15076,-0.0526643,-0.0526643,0.0980959
M,-0.141202,-0.145172,-0.145172,-0.286375
M,-0.134404,0.0174645,0.0174645,-0.116939
M,-0.136368,0.0580896,0.0580896,-0.0782782
M,-0.119424,-0.0687917,-0.0687917,-0.188216
M,0.0333868,0.113453,0.113453,0.14684
M,-0.370667,0.0465662,0.0465662,-0.324101
M,0.091836,0.113453,0.113453,0.205289
M,-0.0727007,0.0580896,0.0580896,-0.014611
M,-0.0191358,0.0413922,0.0413922,0.0222564
M,-0.0323316,0.103342,0.103342,0.0710105
M,-0.00777024,0.0781914,0.0781914,0.0704211
M,-0.132061,0.103342,0.103342,-0.0287193
M,-0.173681,-0.0526643,-0.0526643,-0.226346
M,0.211621,0.116656,0.116656,0.328277
M,-0.362571,0.0174645,0.0174645,-0.345107
M,-0.123502,-0.0526643,-0.0526643,-0.176166
M,0.253731,0.116656,0.116656,0.370386
M,0.0605817,-0.0526643,-0.0526643,0.00791739
M,0.0344046,0.103342,0.103342,0.137747
M,-0.0994423,0.0456302,0.0456302,-0.0538121
M,-0.345403,0.0599689,0.0599689,-0.285434
M,-0.450427,0.000270658,0.000270658,-0.450156
M,0.0377987,0.0580896,0.0580896,0.0958883
M,0.330099,0.0580896,0.0580896,0.388188
M,-0.031533,0.0580896,0.0580896,0.0265566
M,-0.0626121,0.0174645,0.0174645,-0.0451476
M,0.00816395,0.0580896,0.0580896,0.0662536
M,0.200465,0.116656,0.116656,0.317121
M,-0.282533,0.0580896,0.0580896,-0.224443
M,0.143531,0.0580896,0.0580896,0.20162
M,0.157553,-0.0526643,-0.0526643,0.104889
M,0.2623,0.0413922,0.0413922,0.303692
M,0.116837,0.0580896,0.0580896,0.174927
M,-0.293142,0.0465662,0.0465662,-0.246576
M,-0.0431895,0.000895017,0.000895017,-0.0422945
M,-0.117814,-0.0295082,-0.0295082,-0.147322
M,0.0660391,0.0599689,0.0599689,0.126008
M,-0.140962,-0.112391,-0.112391,-0.253353
M,-0.425509,0.0599689,0.0599689,-0.36554
M,0.0268758,-0.0295082,-0.0295082,-0.00263241
M,-0.297396,0.0413922,0.0413922,-0.256004
M,-0.0791371,-0.0526643,-0.0526643,-0.131801
M,0.144584,0.0580896,0.0580896,0.202674
M,-0.135925,0.000270658,0.000270658,-0.135655
M,-0.143774,0.0580896,0.0580896,-0.085684
M,-0.0265331,-0.0526643,-0.0526643,-0.0791974
M,-0.0726462,0.0174645,0.0174645,-0.0551817
M,0.113479,0.0599689,0.0599689,0.173448
M,-0.385613,0.000270658,0.000270658,-0.385342
M,-0.0579634,-0.0687917,-0.0687917,-0.126755
M,-0.0747579,0.0580896,0.0580896,-0.0166683
M,0.061218,0.0413922,0.0413922,0.10261
M,-0.125444,0.103342,0.103342,-0.0221016
M,0.225677,0.0599689,0.0599689,0.285646
M,0.316189,-0.0526643,-0.0526643,0.263524
M,-0.374774,0.103342,0.103342,-0.271432
M,-0.057823,0.116656,0.116656,0.0588328
M,0.304472,0.000270658,0.000270658,0.304742
M,-0.237274,-0.0526643,-0.0526643,-0.289938
M,-0.189021,-0.0526643,-0.0526643,-0.241685
M,0.049567,0.0174645,0.0174645,0.0670315
M,-0.358197,-0.0526643,-0.0526643,-0.410861
M,0.336579,0.121286,0.121286,0.457865
M,-0.0220642,0.113453,0.113453,0.0913892
M,-0.116509,-0.0526643,-0.0526643,-0.169174
M,-0.0582024,0.116656,0.116656,0.0584534
M,0.0550375,0.0580896,0.0580896,0.113127
M,-0.340852,-0.0526643,-0.0526643,-0.393516
M,-0.181121,0.0580896,0.0580896,-0.123031
M,0.131982,0.103342,0.103342,0.235324
M,0.164475,0.0465662,0.0465662,0.211042
M,-0.30266,0.0580896,0.0580896,-0.24457
M,0.202,-0.0526643,-0.0526643,0.149336
M,0.137263,0.00950019,0.00950019,0.146763
M,-0.133527,-0.0526643,-0.0526643,-0.186191
M,-0.0816914,0.103342,0.103342,0.0216507
M,-0.348182,0.0465662,0.0465662,-0.301616
M,0.0920172,0.103342,0.103342,0.195359
M,-0.0816867,-0.0526643,-0.0526643,-0.134351
M,0.0122952,0.0174645,0.0174645,0.0297597
M,0.0658447,0.0465662,0.0465662,0.112411
M,-0.140063,0.000270658,0.000270658,-0.139793
M,0.133849,0.103342,0.103342,0.237191
M,0.126106,-0.0526643,-0.0526643,0.073442
M,-0.165708,0.0413922,0.0413922,-0.124316
M,-0.358035,0.103342,0.103342,-0.254693
M,0.161349,0.0495102,0.0495102,0.210859
M,-0.0326204,0.0580896,0.0580896,0.0254692
M,-0.0516118,0.0580896,0.0580896,0.00647785
M,0.191368,-0.0482347,-0.0482347,0.143134
M,-0.178316,0.0580896,0.0580896,-0.120226
M,0.0566198,0.0456302,0.0456302,0.10225
M,-0.206798,0.000270658,0.000270658,-0.206528
M,-0.104271,0.0781914,0.0781914,-0.0260794
M,0.0493917,0.0174645,0.0174645,0.0668562
M,0.0318113,-0.145172,-0.145172,-0.113361
M,-0.156448,0.000270658,0.000270658,-0.156178
M,0.229706,0.0174645,0.0174645,0.247171
M,-0.121045,0.0580896,0.0580896,-0.0629556
M,0.0556736,0.0580896,0.0580896,0.113763
M,0.0612918,-0.0526643,-0.0526643,0.00862747
M,-0.152787,0.103342,0.103342,-0.0494449
M,-0.31744,0.0781914,0.0781914,-0.239248
M,0.026585,0.103342,0.103342,0.129927
M,0.259991,0.0781914,0.0781914,0.338182
M,-0.247576,-0.0526643,-0.0526643,-0.30024
M,-0.0848135,-0.0295082,-0.0295082,-0.114322
M,-0.157956,-0.0526643,-0.0526643,-0.21062
M,-0.1338,0.0174645,0.0174645,-0.116336
M,-0.254886,0.0174645,0.0174645,-0.237421
M,0.248414,-0.0526643,-0.0526643,0.19575
M,-0.142331,0.0580896,0.0580896,-0.0842412
M,-0.0417426,-0.145172,-0.145172,-0.186915
M,-0.0933942,0.0456302,0.0456302,-0.047764
M,0.224349,0.0781914,0.0781914,0.30254
M,0.204611,0.121286,0.121286,0.325897
M,-0.246516,0.0580896,0.0580896,-0.188426
M,0.331268,0.0580896,0.0580896,0.389357
M,0.0572004,0.0456302,0.0456302,0.102831
M,-0.213919,0.0580896,0.0580896,-0.15583
M,-0.0769124,-0.0526643,-0.0526643,-0.129577
M,0.310166,-0.0526643,-0.0526643,0.257502
M,-0.102902,-0.0526643,-0.0526643,-0.155566
M,-0.188116,0.0465662,0.0465662,-0.14155
M,-0.30348,0.0580896,0.0580896,-0.245391
M,0.00538288,-0.0526643,-0.0526643,-0.0472814
M,-0.283277,-0.0687917,-0.0687917,-0.352069
M,-0.118396,0.0580896,0.0580896,-0.060306
M,0.175434,0.0599689,0.0599689,0.235403
M,-0.418451,-0.0526643,-0.0526643,-0.471115
M,0.153361,-0.145172,-0.145172,0.00818929
M,-0.0809791,0.0174645,0.0174645,-0.0635146
M,-0.0826999,-0.0526643,-0.0526643,-0.135364
M,0.0135006,0.0580896,0.0580896,0.0715902
M,0.233002,0.0495102,0.0495102,0.282512
M,0.19907,0.0580896,0.0580896,0.25716
M,0.102028,0.0580896,0.0580896,0.160118
M,0.218925,0.0580896,0.0580896,0.277015
M,0.0872152,0.0495102,0.0495102,0.136725
M,-0.216731,0.000270658,0.000270658,-0.21646
M,-0.552784,0.0413922,0.0413922,-0.511392
M,-0.381096,0.113453,0.113453,-0.267642
M,-0.112749,0.0781914,0.0781914,-0.0345572
M,-0.163746,0.0580896,0.0580896,-0.105656
M,0.0587105,-0.0526643,-0.0526643,0.0060462
M,0.0251007,0.0715971,0.0715971,0.0966978
M,-0.0557904,0.0174645,0.0174645,-0.0383259
M,0.121139,0.0580896,0.0580896,0.179229
M,0.120428,-0.0526643,-0.0526643,0.0677637
M,-0.188777,0.0456302,0.0456302,-0.143147
M,-0.493424,0.103342,0.103342,-0.390082
M,0.0342068,0.103342,0.103342,0.137549
M,-0.0840095,0.0174645,0.0174645,-0.066545
M,-0.197132,-0.0468309,-0.0468309,-0.243963
M,-0.056153,0.116656,0.116656,0.0605028
M,-0.293954,0.103342,0.103342,-0.190611
M,0.303412,0.0495102,0.0495102,0.352922
M,-0.232075,0.103342,0.103342,-0.128733
M,-0.374584,0.0599689,0.0599689,-0.314615
M,-0.0597399,0.0413922,0.0413922,-0.0183477
M,0.0453424,0.0495102,0.0495102,0.0948527
M,-0.0537456,0.0580896,0.0580896,0.00434403
M,0.237196,-0.0526643,-0.0526643,0.184532
M,0.146341,0.121286,0.121286,0.267627
M,0.373754,-0.0526643,-0.0526643,0.321089
M,-0.153788,0.00950019,0.00950019,-0.144288
M,-0.423309,0.0580896,0.0580896,-0.365219
M,-0.303608,-0.0526643,-0.0526643,-0.356272
M,-0.139392,0.0174645,0.0174645,-0.121928
M,-0.0394056,0.0580896,0.0580896,0.018684
M,-0.0754912,0.000270658,0.000270658,-0.0752205
M,0.0425647,0.0580896,0.0580896,0.100654
M,-0.226779,0.000270658,0.000270658,-0.226508
M,0.2704,0.0456302,0.0456302,0.31603
M,-0.336672,0.0174645,0.0174645,-0.319208
M,-0.203706,0.0781914,0.0781914,-0.125514
M,-0.0631881,0.103342,0.103342,0.040154
M,0.100188,0.121286,0.121286,0.221475
M,0.253041,0.103342,0.103342,0.356383
M,0.00289626,0.0174645,0.0174645,0.0203607
M,0.0404509,0.0580896,0.0580896,0.0985405
M,-0.282487,0.0580896,0.0580896,-0.224398
M,-0.124186,-0.015574,-0.015574,-0.13976
M,-0.255621,0.000270658,0.000270658,-0.25535
M,-0.156544,0.0599689,0.0599689,-0.0965752
M,0.0900344,0.103342,0.103342,0.193377
M,-0.0931331,0.103342,0.103342,0.0102091
M,-0.0108902,0.0580896,0.0580896,0.0471994
M,0.153454,0.0413922,0.0413922,0.194846
M,0.155512,-0.0482347,-0.0482347,0.107278
M,-0.315795,0.0580896,0.0580896,-0.257706
M,0.127495,0.0580896,0.0580896,0.185585
M,0.154302,0.0580896,0.0580896,0.212391
M,-0.384236,-0.0526643,-0.0526643,-0.4369
M,0.218942,-0.0526643,-0.0526643,0.166277
M,-0.395066,0.121286,0.121286,-0.27378
M,0.0949668,0.0580896,0.0580896,0.153056
M,0.0755482,0.0413922,0.0413922,0.11694
M,0.15365,-0.0410304,-0.0410304,0.112619
M,0.0786804,0.0599689,0.0599689,0.138649
M,0.123933,0.121286,0.121286,0.24522
M,-0.196673,-0.0526643,-0.0526643,-0.249337
M,-0.0732064,0.0599689,0.0599689,-0.0132374
M,-0.191906,-0.0687917,-0.0687917,-0.260697
M,-0.351661,0.103342,0.103342,-0.248318
M,-0.0677435,0.0465662,0.0465662,-0.0211773
M,0.694097,0.00950019,0.00950019,0.703597
M,0.0436703,0.0580896,0.0580896,0.10176
M,-0.00910853,0.000270658,0.000270658,-0.00883787
M,-0.0293439,0.00950019,0.00950019,-0.0198437
M,0.105288,-0.145172,-0.145172,-0.039884
M,-0.302293,0.0580896,0.0580896,-0.244203
M,-0.359166,-0.0526643,-0.0526643,-0.411831
M,-0.0160689,-0.145172,-0.145172,-0.161241
M,-0.0349162,-0.0526643,-0.0526643,-0.0875804
M,0.195844,0.00950019,0.00950019,0.205344
M,0.0444192,0.0456302,0.0456302,0.0900494
M,-0.0329963,0.0580896,0.0580896,0.0250933
M,-0.059399,0.000895017,0.000895017,-0.058504
M,-0.0978122,-0.0526643,-0.0526643,-0.150476
M,-0.0760474,-0.0295082,-0.0295082,-0.105556
M,0.340826,-0.0526643,-0.0526643,0.288162
M,-0.236292,0.0580896,0.0580896,-0.178202
M,0.211571,-0.145172,-0.145172,0.0663988
M,-0.236073,-0.145172,-0.145172,-0.381245
M,-0.0249777,0.000270658,0.000270658,-0.0247071
M,-0.0241362,0.0781914,0.0781914,0.0540551
M,-0.283322,0.0580896,0.0580896,-0.225232
M,0.38028,0.103342,0.103342,0.483622
M,-0.422123,0.0580896,0.0580896,-0.364033
M,0.0680297,-0.0526643,-0.0526643,0.0153654
M,-0.00459083,-0.0526643,-0.0526643,-0.0572551
M,0.122834,0.121286,0.121286,0.24412
M,0.138873,0.103342,0.103342,0.242215
M,-0.323391,0.0174645,0.0174645,-0.305926
M,0.100148,0.0781914,0.0781914,0.178339
M,-0.169913,0.000270658,0.000270658,-0.169643
M,-0.359187,0.121286,0.121286,-0.237901
M,-0.47219,0.0781914,0.0781914,-0.393999
M,0.101723,0.121286,0.121286,0.223009
M,-0.0122995,0.169339,0.169339,0.157039
M,-0.233786,0.0599689,0.0599689,-0.173817
M,-0.0277019,0.000270658,0.000270658,-0.0274312
M,0.279413,0.0580896,0.0580896,0.337502
M,-0.590867,0.000270658,0.000270658,-0.590596
M,-0.104551,0.0456302,0.0456302,-0.0589212
M,-0.245755,-0.0526643,-0.0526643,-0.298419
M,-0.0139087,-0.0526643,-0.0526643,-0.066573
M,-0.0584561,0.000895017,0.000895017,-0.0575611
M,0.224118,0.103342,0.103342,0.32746
M,-0.188495,-0.0526643,-0.0526643,-0.24116
M,-0.27157,0.0792397,0.0792397,-0.19233
M,-0.202753,-0.015574,-0.015574,-0.218327
M,-0.264316,0.116656,0.116656,-0.14766
M,-0.0250865,0.0174645,0.0174645,-0.00762202
M,0.116873,0.0580896,0.0580896,0.174963
M,-0.0573186,0.103342,0.103342,0.0460236
M,-0.130541,0.0580896,0.0580896,-0.0724518
M,0.149487,0.0580896,0.0580896,0.207577
M,0.0589506,-0.0468309,-0.0468309,0.0121197
M,0.0869419,0.000270658,0.000270658,0.0872126
M,-0.0103472,0.103342,0.103342,0.0929949
M,-0.23422,0.103342,0.103342,-0.130878
M,-0.159428,0.0580896,0.0580896,-0.101338
M,-0.125066,-0.0532222,-0.0532222,-0.178288
M,-0.0643202,-0.0526643,-0.0526643,-0.116984
M,0.0591868,-0.0526643,-0.0526643,0.00652246
M,0.234309,0.0174645,0.0174645,0.251773
M,0.247942,0.0413922,0.0413922,0.289334
M,0.167875,0.0174645,0.0174645,0.18534
M,-0.13847,0.0495102,0.0495102,-0.0889593
M,0.0364376,0.0413922,0.0413922,0.0778298
M,-0.213475,-0.015574,-0.015574,-0.229049
M,0.101249,-0.0526643,-0.0526643,0.0485847
M,-0.16082,-0.0295082,-0.0295082,-0.190329
M,-0.136308,-0.0526643,-0.0526643,-0.188972
M,0.0288963,0.0668751,0.0668751,0.0957714
M,-0.192192,0.113453,0.113453,-0.0787385
M,0.144344,0.0580896,0.0580896,0.202433
M,-0.0385086,-0.015574,-0.015574,-0.0540826
M,0.0787323,0.0580896,0.0580896,0.136822
M,-0.248077,0.0580896,0.0580896,-0.189987
M,-0.210406,-0.0526643,-0.0526643,-0.26307
M,-0.275492,0.0781914,0.0781914,-0.1973
M,0.323577,0.198523,0.198523,0.522099
M,-0.0233431,0.0580896,0.0580896,0.0347465
M,-0.3713,-0.145172,-0.145172,-0.516472
M,-0.202111,0.103342,0.103342,-0.0987692
M,-0.152021,0.116656,0.116656,-0.035365
M,0.150715,0.0580896,0.0580896,0.208804
M,-0.04782,0.0580896,0.0580896,0.0102696
M,0.0817421,-0.0526643,-0.0526643,0.0290778
M,-0.201022,0.0580896,0.0580896,-0.142933
M,-0.308345,0.0413922,0.0413922,-0.266953
M,-0.28731,-0.145172,-0.145172,-0.432482
M,-0.195726,0.0580896,0.0580896,-0.137637
M,0.22311,0.0580896,0.0580896,0.2812
M,-0.25818,-0.0687917,-0.0687917,-0.326972
M,-0.0148383,-0.0283089,-0.0283089,-0.0431472
M,0.0269062,0.103342,0.103342,0.130248
M,0.12306,0.121286,0.121286,0.244346
M,0.324454,0.0174645,0.0174645,0.341918
M,-0.0258562,0.0580896,0.0580896,0.0322334
M,0.539956,0.103342,0.103342,0.643298
M,-0.10289,0.0781914,0.0781914,-0.0246988
M,0.129171,-0.0468309,-0.0468309,0.08234
M,0.0699886,0.0413922,0.0413922,0.111381
M,0.0725519,-0.145172,-0.145172,-0.0726203
M,0.22459,0.000270658,0.000270658,0.224861
M,0.337685,-0.145172,-0.145172,0.192513
M,0.0630266,0.103342,0.103342,0.166369
M,-0.069058,0.0580896,0.0580896,-0.0109684
M,-0.0572051,0.0174645,0.0174645,-0.0397406
M,0.0857742,0.0456302,0.0456302,0.131404
M,0.250654,0.000270658,0.000270658,0.250924
M,-0.00278344,0.0580896,0.0580896,0.0553062
M,0.214653,0.0792397,0.0792397,0.293893
M,-0.0323575,-0.0526643,-0.0526643,-0.0850218
M,0.0414924,0.121286,0.121286,0.162779
M,0.028834,0.0781914,0.0781914,0.107025
M,-0.351813,0.0580896,0.0580896,-0.293724
M,-0.0223329,-0.0526643,-0.0526643,-0.0749972
M,0.00912373,0.0580896,0.0580896,0.0672133
M,0.0112843,0.103342,0.103342,0.114626
M,0.0782826,0.0580896,0.0580896,0.136372
M,0.0233492,0.000270658,0.000270658,0.0236198
M,0.597866,-0.0526643,-0.0526643,0.545202
M,0.483426,-0.0526643,-0.0526643,0.430762
M,0.260623,-0.0526643,-0.0526643,0.207959
M,-0.216591,0.0599689,0.0599689,-0.156622
M,0.146601,-0.0468309,-0.0468309,0.0997697
M,0.0998622,0.103342,0.103342,0.203204
M,-0.449433,-0.0526643,-0.0526643,-0.502097
M,-0.135019,-0.0526643,-0.0526643,-0.187683
M,-0.0526954,-0.0526643,-0.0526643,-0.10536
M,-0.248074,-0.0295082,-0.0295082,-0.277583
M,0.172695,-0.0526643,-0.0526643,0.120031
M,0.06385,0.0599689,0.0599689,0.123819
M,-0.0774477,0.198523,0.198523,0.121075
M,-0.265994,0.0495102,0.0495102,-0.216484
M,-0.0630435,0.0174645,0.0174645,-0.045579
M,-0.0923352,0.000270658,0.000270658,-0.0920645
M,-0.253236,-0.145172,-0.145172,-0.398408
M,0.298146,-0.0526643,-0.0526643,0.245482
M,-0.104797,0.0580896,0.0580896,-0.0467079
M,-0.0161599,0.0599689,0.0599689,0.043809
M,-0.0880072,0.000270658,0.000270658,-0.0877365
M,-0.0500378,0.0580896,0.0580896,0.00805183
M,-0.0487317,0.0580896,0.0580896,0.00935788
M,-0.117274,0.103342,0.103342,-0.013932
M,-0.0869861,0.0781914,0.0781914,-0.00879475
M,-0.0318076,0.0456302,0.0456302,0.0138226
M,0.0624434,0.0174645,0.0174645,0.0799079
M,-0.0169028,-0.0468309,-0.0468309,-0.0637338
M,0.0117655,-0.0526643,-0.0526643,-0.0408988
M,0.0321371,-0.0526643,-0.0526643,-0.0205272
M,0.164107,0.0495102,0.0495102,0.213618
M,-0.290641,-0.0427094,-0.0427094,-0.33335
M,-0.401329,0.0599689,0.0599689,-0.34136
M,-0.0316981,0.0580896,0.0580896,0.0263915
M,-0.352868,0.0495102,0.0495102,-0.303358
M,-0.0607744,0.0413922,0.0413922,-0.0193822
M,-0.256921,0.0413922,0.0413922,-0.215528
M,0.0536433,0.0580896,0.0580896,0.111733
M,-0.196898,-0.145172,-0.145172,-0.34207
M,-0.427572,-0.145172,-0.145172,-0.572744
M,-0.154497,0.0413922,0.0413922,-0.113105
M,0.319396,-0.0687917,-0.0687917,0.250605
M,0.268714,0.0413922,0.0413922,0.310106
M,-0.220742,0.00950019,0.00950019,-0.211242
M,-0.045989,-0.0526643,-0.0526643,-0.0986533
M,-0.110541,-0.0526643,-0.0526643,-0.163206
M,0.072654,0.103342,0.103342,0.175996
M,0.152406,-0.145172,-0.145172,0.00723425
M,0.0635379,0.121286,0.121286,0.184824
M,0.350021,0.00950019,0.00950019,0.359521
M,0.207374,0.0580896,0.0580896,0.265464
M,0.122737,-0.0283089,-0.0283089,0.0944276
M,-0.270204,-0.0526643,-0.0526643,-0.322868
M,-0.28576,-0.0687917,-0.0687917,-0.354552
M,0.124422,-0.145172,-0.145172,-0.0207502
M,0.0718825,0.0174645,0.0174645,0.089347
M,-0.233762,-0.145172,-0.145172,-0.378935
M,-0.175115,0.103342,0.103342,-0.071773
M,0.231608,0.0580896,0.0580896,0.289697
M,-0.280711,0.0580896,0.0580896,-0.222622
M,-0.29138,0.0495102,0.0495102,-0.24187
M,-0.320654,-0.0526643,-0.0526643,-0.373318
M,-0.0816336,0.0413922,0.0413922,-0.0402415
M,-0.51251,-0.0526643,-0.0526643,-0.565174
M,0.0105432,0.0413922,0.0413922,0.0519354
M,-0.197395,-0.145172,-0.145172,-0.342568
M,0.0805693,-0.0526643,-0.0526643,0.027905
M,-0.0912869,0.0599689,0.0599689,-0.031318
M,0.0355686,-0.0526643,-0.0526643,-0.0170957
M,0.170619,0.0599689,0.0599689,0.230588
M,0.0882156,0.0781914,0.0781914,0.166407
M,-0.183219,0.0599689,0.0599689,-0.12325
M,0.22992,-0.0526643,-0.0526643,0.177255
M,-0.181956,0.0599689,0.0599689,-0.121987
M,0.00431048,-0.0526643,-0.0526643,-0.0483538
M,-0.154139,0.0715971,0.0715971,-0.0825424
M,0.291068,0.121286,0.121286,0.412354
M,-0.166265,0.00950019,0.00950019,-0.156765
M,0.199161,0.103342,0.103342,0.302504
M,-0.317572,0.000270658,0.000270658,-0.317302
M,-0.294122,0.121286,0.121286,-0.172836
M,0.415313,0.103342,0.103342,0.518655
M,0.00792574,-0.0526643,-0.0526643,-0.0447386
M,0.287926,0.113453,0.113453,0.401379
M,0.00605682,0.0781914,0.0781914,0.0842482
M,-0.0933399,0.0781914,0.0781914,-0.0151485
M,-0.0846785,0.0599689,0.0599689,-0.0247095
M,0.147949,0.103342,0.103342,0.251291
M,0.186482,-0.0526643,-0.0526643,0.133818
M,0.185026,0.0580896,0.0580896,0.243116
M,-0.0291586,-0.122583,-0.122583,-0.151741
M,0.0782345,0.0174645,0.0174645,0.095699
M,0.235102,0.0580896,0.0580896,0.293191
M,-0.337286,0.0580896,0.0580896,-0.279196
M,-0.273419,0.103342,0.103342,-0.170077
M,0.0590065,-0.0526643,-0.0526643,0.00634221
M,0.0937884,0.103342,0.103342,0.197131
M,0.0977396,0.000270658,0.000270658,0.0980103
M,-0.223865,0.103342,0.103342,-0.120523
M,-0.115178,0.000270658,0.000270658,-0.114908
M,-0.0640216,-0.0526643,-0.0526643,-0.116686
M,-0.0789681,0.0599689,0.0599689,-0.0189992
M,-0.149928,0.000270658,0.000270658,-0.149657
M,-0.0999639,0.0781914,0.0781914,-0.0217725
M,0.00548093,-0.0526643,-0.0526643,-0.0471834
M,0.0567546,0.0413922,0.0413922,0.0981468
M,0.118854,0.0580896,0.0580896,0.176944
M,-0.070033,0.0781914,0.0781914,0.0081584
M,-0.132584,0.0781914,0.0781914,-0.0543924
M,0.23814,0.0465662,0.0465662,0.284707
M,0.0465019,-0.0526643,-0.0526643,-0.00616239
M,0.260664,0.0781914,0.0781914,0.338856
M,-0.229433,0.0580896,0.0580896,-0.171343
M,0.110564,0.0413922,0.0413922,0.151956
M,0.316432,0.0413922,0.0413922,0.357824
M,-0.0526042,0.000270658,0.000270658,-0.0523336
M,0.110773,0.103342,0.103342,0.214115
M,0.177554,0.00950019,0.00950019,0.187054
M,0.109649,-0.0468309,-0.0468309,0.0628183
M,-0.0213407,0.113453,0.113453,0.0921126
M,-0.217939,-0.0526643,-0.0526643,-0.270603
M,0.313268,-0.0526643,-0.0526643,0.260604
M,-0.298564,0.0580896,0.0580896,-0.240475
M,0.106198,-0.0295082,-0.0295082,0.0766893
M,-0.104986,0.0599689,0.0599689,-0.0450169
M,-0.262222,0.0580896,0.0580896,-0.204133
M,-0.0804193,-0.0526643,-0.0526643,-0.133084
M,-0.227874,0.0495102,0.0495102,-0.178364
M,-0.235267,0.000270658,0.000270658,-0.234997
M,-0.305584,-0.0526643,-0.0526643,-0.358249
M,-0.0940548,0.0174645,0.0174645,-0.0765903
M,-0.0756914,0.103342,0.103342,0.0276508
M,-0.206786,0.0580896,0.0580896,-0.148696
M,-0.468142,0.0413922,0.0413922,-0.42675
M,-0.0490672,-0.0526643,-0.0526643,-0.101732
M,0.196078,-0.0526643,-0.0526643,0.143414
M,0.0981247,-0.0526643,-0.0526643,0.0454604
M,0.283314,0.0580896,0.0580896,0.341403
M,0.110356,0.103342,0.103342,0.213698
M,-0.0205491,0.0845931,0.0845931,0.064044
M,0.226802,0.103342,0.103342,0.330145
M,-0.56317,0.0580896,0.0580896,-0.50508
M,-0.131089,0.0599689,0.0599689,-0.0711202
M,-0.0836034,0.0781914,0.0781914,-0.00541199
M,-0.00707212,-0.0526643,-0.0526643,-0.0597364
M,0.051936,0.000270658,0.000270658,0.0522066
M,-0.0533,-0.145172,-0.145172,-0.198472
M,-0.22657,0.113453,0.113453,-0.113117
M,0.191019,0.0580896,0.0580896,0.249109
M,-0.0276924,0.103342,0.103342,0.0756498
M,-0.121301,0.000270658,0.000270658,-0.121031
M,-0.301766,0.0580896,0.0580896,-0.243676
M,0.0496536,0.113453,0.113453,0.163107
M,0.0806499,-0.0526643,-0.0526643,0.0279856
M,-0.210725,0.106452,0.106452,-0.104274
M,-0.164033,-0.0526643,-0.0526643,-0.216697
M,-0.0720931,0.103342,0.103342,0.031249
M,0.22134,0.0580896,0.0580896,0.27943
M,-0.196118,0.0174645,0.0174645,-0.178654
M,-0.485898,0.103342,0.103342,-0.382555
M,0.0921816,0.103342,0.103342,0.195524
M,0.0484867,0.106452,0.106452,0.154938
M,-0.0677516,0.103342,0.103342,0.0355905
M,0.0750639,0.0174645,0.0174645,0.0925284
M,0.191829,0.113453,0.113453,0.305282
M,-0.0792755,-0.0526643,-0.0526643,-0.13194
M,-0.134376,-0.145172,-0.145172,-0.279548
M,-0.304346,0.121286,0.121286,-0.183059
M,-0.0321275,0.103342,0.103342,0.0712146
M,-0.280897,0.0580896,0.0580896,-0.222808
M,0.0576894,0.0413922,0.0413922,0.0990816
M,0.318872,0.0495102,0.0495102,0.368382
M,-0.142781,0.0580896,0.0580896,-0.0846912
M,0.320205,0.103342,0.103342,0.423547
M,0.166875,0.0495102,0.0495102,0.216385
M,-0.165951,0.0580896,0.0580896,-0.107861
M,0.21509,-0.0526643,-0.0526643,0.162426
M,0.176748,0.00950019,0.00950019,0.186248
M,-0.0387558,0.0580896,0.0580896,0.0193338
M,-0.240204,-0.0526643,-0.0526643,-0.292868
M,0.250152,0.0413922,0.0413922,0.291545
M,-0.163104,-0.0526643,-0.0526643,-0.215768
M,-0.248187,0.0456302,0.0456302,-0.202556
M,0.152744,-0.0295082,-0.0295082,0.123236
M,-0.165269,0.0580896,0.0580896,-0.10718
M,0.032947,0.000270658,0.000270658,0.0332177
M,0.141211,0.0413922,0.0413922,0.182603
M,-0.136654,0.103342,0.103342,-0.0333115
M,-0.0692975,0.000270658,0.000270658,-0.0690268
M,-0.330023,-0.0526643,-0.0526643,-0.382687
M,-0.161294,0.0580896,0.0580896,-0.103204
M,-0.017537,-0.0687917,-0.0687917,-0.0863287
M,-0.0611241,0.0580896,0.0580896,-0.00303451
M,0.149005,0.0465662,0.0465662,0.195571
M,-0.357791,0.121286,0.121286,-0.236505
M,0.0779419,-0.145172,-0.145172,-0.0672303
M,-0.365034,0.103342,0.103342,-0.261692
M,0.0685926,0.0495102,0.0495102,0.118103
M,0.325905,0.0580896,0.0580896,0.383995
M,0.0194993,-0.0526643,-0.0526643,-0.033165
M,-0.0781096,0.0580896,0.0580896,-0.02002
M,0.0337418,-0.145172,-0.145172,-0.11143
M,0.0443157,0.0580896,0.0580896,0.102405
M,0.128484,0.103342,0.103342,0.231826
M,0.469762,0.103342,0.103342,0.573104
M,-0.130986,0.000270658,0.000270658,-0.130715
M,0.373531,0.0495102,0.0495102,0.423041
M,0.216322,0.0580896,0.0580896,0.274412
M,-0.100231,-0.0526643,-0.0526643,-0.152895
M,0.0980777,0.103342,0.103342,0.20142
M,-0.245228,0.0580896,0.0580896,-0.187138
M,-0.250942,-0.145172,-0.145172,-0.396114
M,0.0365096,0.0781914,0.0781914,0.114701
M,-0.327484,0.000270658,0.000270658,-0.327213
M,-0.146358,0.000270658,0.000270658,-0.146087
M,0.0771619,0.0413922,0.0413922,0.118554
M,0.022104,-0.0526643,-0.0526643,-0.0305603
M,0.0306042,0.103342,0.103342,0.133946
M,0.259334,-0.145172,-0.145172,0.114162
M,0.171429,0.000270658,0.000270658,0.171699
M,-0.0106199,-0.0526643,-0.0526643,-0.0632841
M,-0.0340293,0.0580896,0.0580896,0.0240603
M,0.153271,0.103342,0.103342,0.256614
M,-0.130588,0.0580896,0.0580896,-0.0724988
M,-0.251356,-0.0526643,-0.0526643,-0.30402
M,-0.252797,0.0580896,0.0580896,-0.194707
M,-0.201197,0.121286,0.121286,-0.0799104
M,-0.229409,0.0580896,0.0580896,-0.171319
M,0.0297114,0.000270658,0.000270658,0.0299821
M,0.0514999,-0.0526643,-0.0526643,-0.00116443
M,0.0858466,-0.0526643,-0.0526643,0.0331823
M,-0.505571,-0.0526643,-0.0526643,-0.558235
M,-0.145853,-0.0526643,-0.0526643,-0.198517
M,0.0946183,0.0580896,0.0580896,0.152708
M,0.223218,0.116656,0.116656,0.339874
M,0.143212,0.0174645,0.0174645,0.160676
M,0.111011,0.0174645,0.0174645,0.128475
M,0.0525123,0.0781914,0.0781914,0.130704
M,-0.115537,0.121286,0.121286,0.00574928
M,-0.0463798,0.0580896,0.0580896,0.0117098
M,-0.424189,-0.166591,-0.166591,-0.59078
M,0.227473,-0.0687917,-0.0687917,0.158681
M,-0.168415,-0.0119407,-0.0119407,-0.180356
M,0.183889,0.0781914,0.0781914,0.26208
M,0.0694423,0.103342,0.103342,0.172784
M,-0.0946686,-0.0526643,-0.0526643,-0.147333
M,-0.115099,0.0174645,0.0174645,-0.0976343
M,-0.0240475,-0.0295082,-0.0295082,-0.0535557
M,0.402118,0.103342,0.103342,0.50546
M,-0.0789064,0.0580896,0.0580896,-0.0208168
M,-0.200851,-0.0526643,-0.0526643,-0.253515
M,0.28241,0.000270658,0.000270658,0.28268
M,0.261553,0.000270658,0.000270658,0.261824
M,0.0440944,-0.0526643,-0.0526643,-0.00856993
M,0.0830842,0.0495102,0.0495102,0.132594
M,0.0960081,-0.145172,-0.145172,-0.0491641
M,0.271784,0.121286,0.121286,0.39307
M,-0.318374,-0.145172,-0.145172,-0.463546
M,-0.23724,0.0599689,0.0599689,-0.177271
M,0.193578,0.0599689,0.0599689,0.253547
M,0.117948,0.0580896,0.0580896,0.176037
M,0.134907,0.0465662,0.0465662,0.181473
M,-0.148162,-0.0526643,-0.0526643,-0.200827
M,-0.324032,0.00950019,0.00950019,-0.314532
M,-0.0830958,0.00950019,0.00950019,-0.0735956
M,0.25827,0.0174645,0.0174645,0.275735
M,-0.242014,0.0580896,0.0580896,-0.183925
M,0.0107709,0.000270658,0.000270658,0.0110415
M,0.0913861,0.0174645,0.0174645,0.108851
M,-0.34724,-0.015574,-0.015574,-0.362814
M,-0.0539188,0.000270658,0.000270658,-0.0536481
M,0.255892,0.0465662,0.0465662,0.302458
M,-0.0112212,-0.0526643,-0.0526643,-0.0638855
M,0.00969533,0.0174645,0.0174645,0.0271598
M,-0.192466,0.0580896,0.0580896,-0.134376
M,0.0780643,0.0580896,0.0580896,0.136154
M,0.0213436,0.0580896,0.0580896,0.0794332
M,0.351254,0.0580896,0.0580896,0.409344
M,-0.146974,-0.0526643,-0.0526643,-0.199638
M,-0.209249,0.0781914,0.0781914,-0.131057
M,0.0951039,0.0781914,0.0781914,0.173295
M,-0.118217,0.103342,0.103342,-0.0148753
M,0.155714,-0.0526643,-0.0526643,0.103049
M,0.0551313,0.0174645,0.0174645,0.0725958
M,-0.107426,-0.0526643,-0.0526643,-0.16009
M,0.0244167,-0.0526643,-0.0526643,-0.0282476
M,-0.026832,-0.145172,-0.145172,-0.172004
M,-0.254847,0.0580896,0.0580896,-0.196758
M,0.299408,-0.0482347,-0.0482347,0.251173
M,-0.260143,0.103342,0.103342,-0.156801
M,-0.0728382,0.0781914,0.0781914,0.00535321
M,-0.265098,0.0174645,0.0174645,-0.247633
M,-0.151012,0.0174645,0.0174645,-0.133547
M,0.050179,-0.0526643,-0.0526643,-0.0024853
M,0.0583429,0.000270658,0.000270658,0.0586136
M,-0.119926,0.103342,0.103342,-0.0165837
M,-0.0377124,0.000270658,0.000270658,-0.0374417
M,-0.48808,-0.0526643,-0.0526643,-0.540745
M,-0.0547398,0.0580896,0.0580896,0.00334983
M,0.16443,0.103342,0.103342,0.267772
M,0.14089,0.0413922,0.0413922,0.182282
M,-0.0662215,0.00950019,0.00950019,-0.0567213
M,-0.301928,0.0413922,0.0413922,-0.260536
M,0.136227,0.0599689,0.0599689,0.196196
M,0.0555428,0.0174645,0.0174645,0.0730073
M,-0.159867,0.0174645,0.0174645,-0.142403
M,-0.311567,0.0580896,0.0580896,-0.253478
M,-0.0730882,0.0599689,0.0599689,-0.0131193
M,-0.131033,-0.0526643,-0.0526643,-0.183697
M,0.0634726,-0.0526643,-0.0526643,0.0108083
M,0.0544651,-0.015574,-0.015574,0.0388911
M,-0.0530471,0.0174645,0.0174645,-0.0355826
M,-0.251834,0.0580896,0.0580896,-0.193744
M,0.0463809,0.0174645,0.0174645,0.0638454
M,-0.266639,0.116656,0.116656,-0.149983
M,0.0668581,0.0174645,0.0174645,0.0843226
M,0.347893,0.113453,0.113453,0.461346
M,0.0369854,0.0580896,0.0580896,0.095075
M,-0.375526,-0.145172,-0.145172,-0.520698
M,-0.0446242,0.00950019,0.00950019,-0.035124
M,0.0292449,0.0580896,0.0580896,0.0873345
M,-0.00705373,0.0495102,0.0495102,0.0424565
M,-0.136285,-0.0526643,-0.0526643,-0.188949
M,-0.14485,0.00950019,0.00950019,-0.13535
M,0.061279,-0.0526643,-0.0526643,0.00861468
M,-0.222372,0.121286,0.121286,-0.101086
M,-0.0267395,0.113453,0.113453,0.0867139
M,-0.26622,0.0456302,0.0456302,-0.220589
M,-0.443397,0.103342,0.103342,-0.340055
M,-0.137532,0.000270658,0.000270658,-0.137261
M,-0.251587,0.0456302,0.0456302,-0.205957
M,-0.0213341,0.0580896,0.0580896,0.0367555
M,0.0503458,0.0781914,0.0781914,0.128537
M,0.0501913,0.0599689,0.0599689,0.11016
M,0.00327959,0.000270658,0.000270658,0.00355025
M,-0.211227,0.0580896,0.0580896,-0.153137
M,0.0246022,0.0781914,0.0781914,0.102794
M,0.107839,-0.145172,-0.145172,-0.037333
M,-0.133517,-0.0526643,-0.0526643,-0.186181
M,-0.0857851,-0.0526643,-0.0526643,-0.138449
M,0.0462274,0.103342,0.103342,0.149569
M,-0.125673,0.113453,0.113453,-0.0122199
M,0.179193,-0.0526643,-0.0526643,0.126529
M,0.0366009,0.0174645,0.0174645,0.0540654
M,0.176136,-0.0526643,-0.0526643,0.123471
M,0.103817,0.0781914,0.0781914,0.182008
M,0.152397,0.00950019,0.00950019,0.161897
M,-0.0356189,0.0413922,0.0413922,0.00577327
M,-0.0945125,-0.0526643,-0.0526643,-0.147177
M,0.137548,-0.0687917,-0.0687917,0.0687565
M,0.163729,0.00950019,0.00950019,0.173229
M,-0.0677161,-0.0526643,-0.0526643,-0.12038
M,-0.2176,-0.145172,-0.145172,-0.362772
M,-0.153916,0.00950019,0.00950019,-0.144415
M,-0.105183,-0.0526643,-0.0526643,-0.157847
M,0.34167,0.113453,0.113453,0.455123
M,0.208556,0.0599689,0.0599689,0.268525
M,-0.0185003,0.000270658,0.000270658,-0.0182296
M,0.125418,-0.0526643,-0.0526643,0.0727538
M,-0.351087,0.0781914,0.0781914,-0.272896
M,0.0910866,0.0413922,0.0413922,0.132479
M,-0.175331,0.0580896,0.0580896,-0.117241
M,0.25757,0.103342,0.103342,0.360912
M,-0.00856698,0.103342,0.103342,0.0947751
M,-0.0564888,0.0580896,0.0580896,0.00160079
M,-0.157817,0.0580896,0.0580896,-0.0997271
M,0.0172879,-0.0526643,-0.0526643,-0.0353763
M,0.0607361,0.0599689,0.0599689,0.120705
M,-0.0105916,0.0580896,0.0580896,0.047498
M,-0.326034,0.0715971,0.0715971,-0.254437
M,0.12693,0.103342,0.103342,0.230272
M,0.263118,0.000270658,0.000270658,0.263389
M,-0.105429,0.103342,0.103342,-0.00208687
M,0.375954,-0.0468309,-0.0468309,0.329123
M,-0.0585205,0.103342,0.103342,0.0448216
M,0.0781124,0.0580896,0.0580896,0.136202
M,-0.192985,0.0174645,0.0174645,-0.175521
M,0.00522034,-0.0526643,-0.0526643,-0.0474439
M,0.275406,-0.0468309,-0.0468309,0.228575
M,0.00879097,0.0174645,0.0174645,0.0262555
M,0.08846,0.0580896,0.0580896,0.14655
M,0.0976248,-0.145172,-0.145172,-0.0475474
M,-0.0390168,-0.0526643,-0.0526643,-0.0916811
M,0.0769043,-0.0468309,-0.0468309,0.0300734
M,-0.108329,0.000270658,0.000270658,-0.108059
M,-0.182259,0.0174645,0.0174645,-0.164794
M,0.0236898,-0.0526643,-0.0526643,-0.0289745
M,-0.0945458,0.0580896,0.0580896,-0.0364562
M,0.22155,0.0465662,0.0465662,0.268116
M,0.213567,0.0495102,0.0495102,0.263078
M,-0.286059,0.103342,0.103342,-0.182717
M,0.141514,-0.145172,-0.145172,-0.00365809
M,-0.291672,-0.0526643,-0.0526643,-0.344336
M,0.0994863,0.0413922,0.0413922,0.140879
M,0.0402583,-0.0526643,-0.0526643,-0.012406
M,0.363354,0.103342,0.103342,0.466696
M,-0.121135,0.0781914,0.0781914,-0.0429437
M,-0.111394,-0.0526643,-0.0526643,-0.164059
M,-0.260793,0.0580896,0.0580896,-0.202704
M,-0.121183,-0.0468309,-0.0468309,-0.168014
M,-0.123218,-0.145172,-0.145172,-0.26839
M,0.123617,-0.0526643,-0.0526643,0.0709529
M,0.0999383,0.000270658,0.000270658,0.100209
M,-0.413199,-0.0526643,-0.0526643,-0.465863
M,0.0239885,-0.015574,-0.015574,0.00841453
M,-0.0287179,-0.0526643,-0.0526643,-0.0813822
M,0.0915901,0.103342,0.103342,0.194932
M,-0.315568,-0.0687917,-0.0687917,-0.38436
M,0.19992,-0.0526643,-0.0526643,0.147256
M,-0.0207451,-0.0526643,-0.0526643,-0.0734094
M,-0.0740623,0.0781914,0.0781914,0.00412906
M,0.0768298,-0.0526643,-0.0526643,0.0241655
M,-0.304001,0.00950019,0.00950019,-0.294501
M,0.30283,0.103342,0.103342,0.406172
M,-0.0259847,0.103342,0.103342,0.0773575
M,-0.0471374,0.117201,0.117201,0.070064
M,0.0554043,0.103342,0.103342,0.158746
M,0.230762,0.0599689,0.0599689,0.290731
M,0.00951792,0.103342,0.103342,0.11286
M,-0.00875961,0.0580896,0.0580896,0.04933
M,-0.1156,0.0413922,0.0413922,-0.0742076
M,0.191815,-0.0526643,-0.0526643,0.139151
M,-0.211458,0.103342,0.103342,-0.108116
M,-0.175648,-0.0526643,-0.0526643,-0.228313
M,-0.0926336,0.0715971,0.0715971,-0.0210366
M,-0.032412,0.0792397,0.0792397,0.0468277
M,-0.316748,0.0465662,0.0465662,-0.270182
M,-0.0180324,0.0174645,0.0174645,-0.000567882
M,-0.0599171,-0.0526643,-0.0526643,-0.112581
M,0.284109,0.0174645,0.0174645,0.301573
M,0.17865,0.0456302,0.0456302,0.22428
M,-0.0515534,-0.0526643,-0.0526643,-0.104218
M,-0.281425,0.129415,0.129415,-0.15201
M,-0.54172,-0.0526643,-0.0526643,-0.594385
M,-0.110296,-0.0526643,-0.0526643,-0.16296
M,0.140173,0.103342,0.103342,0.243515
M,-0.435317,0.0580896,0.0580896,-0.377227
M,-0.0353389,0.0413922,0.0413922,0.00605325
M,0.266301,-0.0526643,-0.0526643,0.213637
M,-0.191133,-0.0526643,-0.0526643,-0.243797
M,0.411092,-0.0526643,-0.0526643,0.358428
M,0.0856438,0.0174645,0.0174645,0.103108
M,-0.341707,-0.0526643,-0.0526643,-0.394371
M,-0.0215349,-0.0526643,-0.0526643,-0.0741992
M,0.176668,-0.145172,-0.145172,0.0314955
M,0.00662885,0.0792397,0.0792397,0.0858686
M,-0.23169,0.0413922,0.0413922,-0.190298
M,-0.420361,-0.145172,-0.145172,-0.565534
M,0.0414682,0.0174645,0.0174645,0.0589327
M,-0.0188214,0.000270658,0.000270658,-0.0185507
M,0.124813,-0.0526643,-0.0526643,0.0721491
M,0.27929,0.0456302,0.0456302,0.32492
M,-0.0882124,-0.0526643,-0.0526643,-0.140877
M,-0.276175,0.0495102,0.0495102,-0.226665
M,0.0742814,0.103342,0.103342,0.177623
M,-0.0984096,0.116656,0.116656,0.0182462
M,-0.196909,0.0580896,0.0580896,-0.138819
M,-0.145813,0.0465662,0.0465662,-0.0992471
M,-0.150459,0.000270658,0.000270658,-0.150188
M,-0.181503,0.0413922,0.0413922,-0.140111
M,-0.168687,0.0580896,0.0580896,-0.110597
M,-0.215433,0.0715971,0.0715971,-0.143836
M,0.150215,-0.0687917,-0.0687917,0.0814236
M,-0.249933,0.0580896,0.0580896,-0.191844
M,-0.0271163,0.0599689,0.0599689,0.0328527
M,-0.175339,0.103342,0.103342,-0.0719974
M,0.133735,0.0599689,0.0599689,0.193704
M,0.0686763,0.0580896,0.0580896,0.126766
M,-0.522523,0.0580896,0.0580896,-0.464434
M,0.0150794,-0.0526643,-0.0526643,-0.0375849
M,-0.0760058,0.103342,0.103342,0.0273363
M,-0.0511774,-0.0526643,-0.0526643,-0.103842
M,0.0672845,0.00950019,0.00950019,0.0767847
M,0.291246,-0.112391,-0.112391,0.178855
M,-0.0839765,0.0781914,0.0781914,-0.00578514
M,-0.0338056,0.000270658,0.000270658,-0.033535
M,-0.140634,-0.0526643,-0.0526643,-0.193298
M,-0.151068,0.0580896,0.0580896,-0.0929781
M,-0.466958,0.000270658,0.000270658,-0.466688
M,-0.176681,0.106452,0.106452,-0.0702298
M,-0.0537847,0.0715971,0.0715971,0.0178124
M,-0.0732977,0.0580896,0.0580896,-0.0152081
M,-0.0202134,0.103342,0.103342,0.0831287
M,0.231354,-0.0526643,-0.0526643,0.17869
M,-0.12848,0.0580896,0.0580896,-0.0703901
M,0.203832,0.0465662,0.0465662,0.250399
M,-0.109233,0.0580896,0.0580896,-0.0511433
M,-0.11857,0.0599689,0.0599689,-0.0586009
M,0.00770535,-0.0687917,-0.0687917,-0.0610863
M,-0.113045,-0.0526643,-0.0526643,-0.16571
M,0.223437,-0.0526643,-0.0526643,0.170773
M,-0.0653113,0.0413922,0.0413922,-0.0239191
M,-0.313127,0.0580896,0.0580896,-0.255037
M,-0.141967,0.0456302,0.0456302,-0.0963369
M,-0.0457145,-0.0526643,-0.0526643,-0.0983787
M,0.217735,-0.0526643,-0.0526643,0.165071
M,-0.497602,0.121286,0.121286,-0.376316
M,0.271859,0.0174645,0.0174645,0.289323
M,0.0505459,-0.0526643,-0.0526643,-0.00211839
M,-0.552501,-0.145172,-0.145172,-0.697673
M,-0.419006,0.0413922,0.0413922,-0.377613
M,0.0474359,0.000270658,0.000270658,0.0477066
M,0.140629,-0.0526643,-0.0526643,0.0879643
M,0.585027,0.0174645,0.0174645,0.602491
M,0.169652,0.0580896,0.0580896,0.227741
M,0.340031,0.0580896,0.0580896,0.398121
M,-0.0684682,0.0413922,0.0413922,-0.027076
M,-0.18396,-0.0526643,-0.0526643,-0.236624
M,-0.0427215,0.0174645,0.0174645,-0.0252571
M,-0.0348011,0.103342,0.103342,0.0685411
M,-0.105843,0.0465662,0.0465662,-0.0592767
M,-0.285173,0.000270658,0.000270658,-0.284902
M,-0.366898,0.103342,0.103342,-0.263556
M,0.0832678,0.0580896,0.0580896,0.141357
M,-0.335244,0.00950019,0.00950019,-0.325744
M,0.162427,0.0174645,0.0174645,0.179892
M,0.167455,0.00950019,0.00950019,0.176955
M,-0.178051,0.0580896,0.0580896,-0.119961
M,0.136918,0.00950019,0.00950019,0.146418
M,-0.168707,0.121286,0.121286,-0.0474207
M,0.0111519,0.0174645,0.0174645,0.0286164
M,-0.13036,0.0580896,0.0580896,-0.0722702
M,-0.491461,-0.145172,-0.145172,-0.636633
M,0.0279349,0.0465662,0.0465662,0.0745011
M,0.295126,0.0580896,0.0580896,0.353216
M,-0.0943076,0.0580896,0.0580896,-0.036218
M,0.286175,-0.0526643,-0.0526643,0.233511
M,0.219492,0.121286,0.121286,0.340778
M,-0.483151,-0.166591,-0.166591,-0.649741
M,0.136366,0.0580896,0.0580896,0.194456
M,0.0549626,-0.0526643,-0.0526643,0.00229826
M,0.120879,-0.0526643,-0.0526643,0.0682152
M,0.212018,0.0456302,0.0456302,0.257649
M,-0.0322294,0.0580896,0.0580896,0.0258602
M,-0.212646,-0.0295082,-0.0295082,-0.242154
M,-0.0109397,-0.0526643,-0.0526643,-0.063604
M,-0.298606,0.0495102,0.0495102,-0.249095
M,-0.0150272,0.0580896,0.0580896,0.0430624
M,0.0394107,0.039716,0.039716,0.0791267
M,-0.387655,0.0174645,0.0174645,-0.370191
M,0.253491,0.0781914,0.0781914,0.331683
M,-0.283457,0.103342,0.103342,-0.180115
M,-0.390622,0.0580896,0.0580896,-0.332532
M,0.0590637,-0.0295082,-0.0295082,0.0295554
M,0.141582,0.000270658,0.000270658,0.141853
M,-0.0838307,-0.0295082,-0.0295082,-0.113339
M,-0.318534,-0.0526643,-0.0526643,-0.371198
M,-0.0191742,0.0715971,0.0715971,0.0524228
M,0.097546,0.000270658,0.000270658,0.0978167
M,-0.0122018,-0.0526643,-0.0526643,-0.0648661
M,0.0335452,0.0465662,0.0465662,0.0801114
M,-0.0634218,0.0580896,0.0580896,-0.00533222
M,-0.0541415,0.0580896,0.0580896,0.00394806
M,0.0191872,0.0413922,0.0413922,0.0605794
M,-0.240201,-0.0526643,-0.0526643,-0.292865
M,0.245416,-0.0468309,-0.0468309,0.198586
M,-0.360726,-0.145172,-0.145172,-0.505898
M,-0.452699,-0.145172,-0.145172,-0.597871
M,-0.430176,-0.0526643,-0.0526643,-0.482841
M,-0.00343534,0.0413922,0.0413922,0.0379568
M,-0.118134,-0.0526643,-0.0526643,-0.170798
M,-0.00566446,0.0495102,0.0495102,0.0438458
M,-0.11243,0.0465662,0.0465662,-0.0658633
M,-0.154407,-0.145172,-0.145172,-0.299579
M,0.201916,0.0465662,0.0465662,0.248482
M,-0.564919,0.0599689,0.0599689,-0.50495
M,0.143479,0.121286,0.121286,0.264765
M,0.337139,0.0413922,0.0413922,0.378531
M,-0.223692,0.0580896,0.0580896,-0.165603
M,0.135787,0.103342,0.103342,0.239129
M,-0.26578,-0.145172,-0.145172,-0.410952
M,-0.100974,0.0495102,0.0495102,-0.051464
M,0.0855462,0.103342,0.103342,0.188888
M,-0.197695,0.103342,0.103342,-0.0943524
M,-0.134079,0.0174645,0.0174645,-0.116614
M,-0.10262,0.0174645,0.0174645,-0.0851557
M,0.0350545,0.0580896,0.0580896,0.0931441
M,0.253613,0.000270658,0.000270658,0.253884
M,-0.160314,-0.015574,-0.015574,-0.175888
M,0.0559064,0.000270658,0.000270658,0.056177
M,0.268186,-0.145172,-0.145172,0.123014
M,-0.235349,0.0580896,0.0580896,-0.17726
M,0.177404,-0.0526643,-0.0526643,0.124739
M,-0.00577348,0.113453,0.113453,0.10768
M,-0.140634,0.00950019,0.00950019,-0.131134
M,0.110005,-0.0526643,-0.0526643,0.0573411
M,-0.157647,-0.145172,-0.145172,-0.302819
M,0.0604005,-0.145172,-0.145172,-0.0847717
M,-0.161711,0.000270658,0.000270658,-0.161441
M,-0.112801,0.0456302,0.0456302,-0.0671707
M,0.168489,0.103342,0.103342,0.271831
M,0.117336,0.0580896,0.0580896,0.175425
M,0.182751,0.0580896,0.0580896,0.240841
M,0.0014162,0.0580896,0.0580896,0.0595058
M,-0.116506,-0.0526643,-0.0526643,-0.169171
M,-0.0080608,0.0580896,0.0580896,0.0500288
M,-0.0511646,0.0413922,0.0413922,-0.00977246
M,0.0457784,0.000270658,0.000270658,0.046049
M,0.259052,-0.145172,-0.145172,0.11388
M,0.102096,0.000270658,0.000270658,0.102367
M,0.205589,0.0465662,0.0465662,0.252155
M,-0.00702586,0.0495102,0.0495102,0.0424844
M,0.00033185,0.0174645,0.0174645,0.0177963
M,-0.127288,0.103342,0.103342,-0.0239464
M,0.217873,0.0174645,0.0174645,0.235338
M,0.332061,0.0580896,0.0580896,0.390151
M,0.369442,0.0580896,0.0580896,0.427532
M,0.0831014,-0.0468309,-0.0468309,0.0362705
M,-0.018469,0.0781914,0.0781914,0.0597224
M,0.230338,0.0599689,0.0599689,0.290307
M,-0.343036,-0.0119407,-0.0119407,-0.354977
M,-0.247563,0.0580896,0.0580896,-0.189474
M,-0.028229,0.0174645,0.0174645,-0.0107645
M,0.102051,-0.0468309,-0.0468309,0.0552204
M,0.0446992,0.103342,0.103342,0.148041
M,-0.410595,-0.0526643,-0.0526643,-0.463259
M,-0.0398594,0.103342,0.103342,0.0634827
M,0.187156,0.000270658,0.000270658,0.187427
M,-0.0379226,0.0580896,0.0580896,0.020167
M,-0.00286028,0.116656,0.116656,0.113796
M,-0.000543907,0.000270658,0.000270658,-0.00027325
M,-0.201434,0.103342,0.103342,-0.0980921
M,-0.381862,0.0580896,0.0580896,-0.323773
M,-0.075533,0.0580896,0.0580896,-0.0174434
M,-0.128604,0.0580896,0.0580896,-0.0705142
M,-0.195359,0.103342,0.103342,-0.0920173
M,-0.592748,0.0599689,0.0599689,-0.532779
M,0.00585132,0.0580896,0.0580896,0.0639409
M,0.138512,0.000270658,0.000270658,0.138783
M,-0.308347,0.0580896,0.0580896,-0.250258
M,0.0160012,-0.0526643,-0.0526643,-0.0366631
M,0.452247,0.113453,0.113453,0.5657
M,-0.27964,0.0580896,0.0580896,-0.221551
M,-0.081558,-0.145172,-0.145172,-0.22673
M,-0.0525218,0.0792397,0.0792397,0.0267179
M,-0.201072,0.0599689,0.0599689,-0.141103
M,0.153547,0.0174645,0.0174645,0.171012
M,-0.0365493,0.0174645,0.0174645,-0.0190848
M,0.148948,0.0580896,0.0580896,0.207038
M,-0.13433,0.0599689,0.0599689,-0.0743611
M,-0.110882,0.0580896,0.0580896,-0.052792
M,-0.0102118,0.0781914,0.0781914,0.0679796
M,0.224279,0.103342,0.103342,0.327621
M,0.0237551,0.000270658,0.000270658,0.0240257
M,-0.0801107,-0.0468309,-0.0468309,-0.126942
M,-0.210998,0.0413922,0.0413922,-0.169606
M,0.120382,-0.0526643,-0.0526643,0.067718
M,-0.0608342,0.0580896,0.0580896,-0.00274464
M,0.456067,0.0580896,0.0580896,0.514157
M,0.128795,0.0599689,0.0599689,0.188764
M,0.206533,0.0174645,0.0174645,0.223998
M,-0.102806,0.0580896,0.0580896,-0.0447163
M,-0.190562,-0.0526643,-0.0526643,-0.243226
M,0.133466,0.00950019,0.00950019,0.142967
M,0.00563755,0.0792397,0.0792397,0.0848772
M,-0.101615,0.0174645,0.0174645,-0.0841508
M,0.00298188,0.0580896,0.0580896,0.0610715
M,-0.0140675,0.0781914,0.0781914,0.0641238
M,-0.33764,0.103342,0.103342,-0.234298
M,-0.127784,0.0599689,0.0599689,-0.0678152
M,-0.181606,-0.0295082,-0.0295082,-0.211114
M,0.244952,-0.0526643,-0.0526643,0.192287
M,-0.0048327,-0.0687917,-0.0687917,-0.0736244
M,0.221198,-0.0526643,-0.0526643,0.168533
M,-0.0560612,0.0792397,0.0792397,0.0231785
M,0.01585,0.0580896,0.0580896,0.0739396
M,0.15542,0.0456302,0.0456302,0.20105
M,0.140556,0.0599689,0.0599689,0.200525
M,-0.0676301,-0.0526643,-0.0526643,-0.120294
M,0.0792019,0.0580896,0.0580896,0.137292
M,-0.229333,-0.0526643,-0.0526643,-0.281997
M,-0.0281362,0.0580896,0.0580896,0.0299534
M,0.10112,0.00950019,0.00950019,0.11062
M,0.44923,0.0781914,0.0781914,0.527421
M,-0.367302,-0.0526643,-0.0526643,-0.419967
M,-0.205698,-0.015574,-0.015574,-0.221272
M,0.235938,-0.0526643,-0.0526643,0.183273
M,-0.137789,-0.0526643,-0.0526643,-0.190453
M,0.0646709,-0.145172,-0.145172,-0.0805013
M,-0.370836,-0.0526643,-0.0526643,-0.423501
M,-0.202998,-0.015574,-0.015574,-0.218572
M,-0.20416,0.000270658,0.000270658,-0.203889
M,0.117985,0.000270658,0.000270658,0.118256
M,-0.0130584,0.0580896,0.0580896,0.0450312
M,-0.256375,0.0580896,0.0580896,-0.198286
M,-0.115749,-0.0295082,-0.0295082,-0.145257
M,-0.247376,0.0580896,0.0580896,-0.189287
M,-0.196657,0.0580896,0.0580896,-0.138567
M,0.0515341,0.0174645,0.0174645,0.0689986
M,-0.0683477,0.113453,0.113453,0.0451056
M,0.110664,0.000270658,0.000270658,0.110935
M,-0.235721,-0.0526643,-0.0526643,-0.288385
M,-0.151571,0.0174645,0.0174645,-0.134107
M,-0.061339,-0.0526643,-0.0526643,-0.114003
M,-0.359377,0.0599689,0.0599689,-0.299408
M,-0.331996,0.000270658,0.000270658,-0.331725
M,0.00885128,0.0580896,0.0580896,0.0669409
M,0.266299,-0.0526643,-0.0526643,0.213635
M,-0.00813115,0.103342,0.103342,0.095211
M,-0.0787316,0.0599689,0.0599689,-0.0187626
M,0.134149,0.0599689,0.0599689,0.194118
M,0.122322,0.113453,0.113453,0.235775
M,0.0699876,-0.0526643,-0.0526643,0.0173234
