F,0.0,0.0,0.0,0.0
F,0.0,0.0,0.0,0.0
F,0.0,0.0,0.0,0.0
F,-0.0258255,0.0,0.0,-0.0258255
F,0.0,0.0,0.0,0.0
F,0.0,0.0,0.0,0.0
F,0.0,0.0,0.0,0.0
F,-0.0642054,0.0,0.0,-0.0642054
F,0.0,0.0,0.0,0.0
F,0.0,0.0,0.0,0.0
F,0.0,0.0,0.0,0.0
F,0.0,0.0,0.0,0.0
F,0.0,0.0,0.0,0.0
F,0.0,0.0,0.0,0.0
F,0.0,0.0,0.0,0.0
F,0.0,0.0,0.0,0.0
F,0.0,0.0,0.0,0.0
F,0.0,0.0,0.0,0.0
F,0.0,0.0,0.0,0.0
F,0.0,0.0,0.0,0.0
F,0.0,0.0,0.0,0.0
F,0.0,0.0,0.0,0.0
F,0.0,0.0,0.0,0.0
F,0.0,0.0,0.0,0.0
F,0.0,0.0,0.0,0.0
F,0.0,0.0,0.0,0.0
F,0.0,0.0,0.0,0.0
F,0.0,0.0,0.0,0.0
F,-0.00995832,0.0,0.0,-0.00995832
F,0.0,0.0,0.0,0.0
F,0.0,0.0,0.0,0.0
F,0.0,0.0,0.0,0.0
F,0.0,0.0,0.0,0.0
F,-0.0607104,0.0,0.0,-0.0607104
F,0.0302132,0.0,0.0,0.0302132
F,0.0,0.0,0.0,0.0
F,0.0,0.0,0.0,0.0
F,0.086032,0.0,0.0,0.086032
F,0.0,0.0,0.0,0.0
F,0.0,0.0,0.0,0.0
F,0.0,0.0,0.0,0.0
F,0.0,0.0,0.0,0.0
F,0.0,0.0,0.0,0.0
F,0.0,0.0,0.0,0.0
F,0.0,0.0,0.0,0.0
F,-0.0332163,0.0,0.0,-0.0332163
F,0.00856652,0.0,0.0,0.00856652
F,0.0,0.0,0.0,0.0
F,0.0,0.0,0.0,0.0
F,0.0,0.0,0.0,0.0
F,-0.00286301,0.0,0.0,-0.00286301
F,0.00204624,0.0,0.0,0.00204624
F,0.0,0.0,0.0,0.0
F,0.0,0.0,0.0,0.0
F,0.0,0.0,0.0,0.0
F,0.0,0.0,0.0,0.0
F,0.0,0.0,0.0,0.0
F,-0.0331293,0.0,0.0,-0.0331293
F,0.0,0.0,0.0,0.0
F,0.0533508,0.0,0.0,0.0533508
F,0.0,0.0,0.0,0.0
F,0.0,0.0,0.0,0.0
F,0.0407115,0.0,0.0,0.0407115
F,0.0,0.0,0.0,0.0
F,0.0,0.0,0.0,0.0
F,0.0,0.0,0.0,0.0
F,0.0,0.0,0.0,0.0
F,0.0,0.0,0.0,0.0
F,0.0,-0.0287773,-0.0287773,-0.0287773
F,0.0894258,0.0,0.0,0.0894258
F,0.0,0.0,0.0,0.0
F,0.0,0.0,0.0,0.0
F,0.0,0.0,0.0,0.0
F,0.0,0.0,0.0,0.0
F,0.0,0.0,0.0,0.0
F,-0.122965,0.0,0.0,-0.122965
F,0.0,0.0,0.0,0.0
F,0.0,0.0,0.0,0.0
F,0.0,0.0,0.0,0.0
F,0.0,-0.0203132,-0.0203132,-0.0203132
F,0.0,0.0,0.0,0.0
F,0.0,0.0,0.0,0.0
F,0.0,0.0,0.0,0.0
F,0.0,0.0,0.0,0.0
F,0.0,0.0,0.0,0.0
F,0.0212865,0.0,0.0,0.0212865
F,0.0,0.0,0.0,0.0
F,0.0,0.0,0.0,0.0
F,0.00349311,0.0,0.0,0.00349311
F,0.0,0.0,0.0,0.0
F,0.0,0.0,0.0,0.0
F,0.0,0.0,0.0,0.0
F,0.0,0.0,0.0,0.0
F,0.0,0.0,0.0,0.0
F,0.0,0.0,0.0,0.0
F,0.0,0.0,0.0,0.0
F,0.0,0.0,0.0,0.0
F,0.0,0.0,0.0,0.0
F,0.0,0.0,0.0,0.0
F,0.0,0.0,0.0,0.0
F,0.0,0.0,0.0,0.0
F,0.0,0.0,0.0,0.0
F,0.0,0.0,0.0,0.0
F,0.0,0.0,0.0,0.0
F,0.0,0.0,0.0,0.0
F,0.0,0.0,0.0,0.0
F,0.0,0.0,0.0,0.0
F,0.0,0.0,0.0,0.0
F,0.0,0.0,0.0,0.0
F,0.0,0.0,0.0,0.0
F,0.0,0.0,0.0,0.0
F,0.0,0.0,0.0,0.0
F,0.0,0.0,0.0,0.0
F,0.0,0.0,0.0,0.0
F,0.0,0.0,0.0,0.0
F,0.0,0.0,0.0,0.0
F,0.0,0.0,0.0,0.0
F,0.0,0.0,0.0,0.0
F,0.0,0.0,0.0,0.0
F,0.0,0.0,0.0,0.0
F,0.00328187,0.0,0.0,0.00328187
F,0.0,0.0,0.0,0.0
F,-0.0516654,0.0,0.0,-0.0516654
F,0.0,0.0,0.0,0.0
F,0.0,0.0,0.0,0.0
F,0.0,0.0,0.0,0.0
F,0.0,0.0,0.0,0.0
F,0.0,0.0,0.0,0.0
F,0.0,0.0,0.0,0.0
F,0.0,0.0,0.0,0.0
F,0.0,0.0,0.0,0.0
F,0.0,0.0,0.0,0.0
F,0.0,0.0,0.0,0.0
F,0.0,0.0,0.0,0.0
F,0.0,0.0,0.0,0.0
F,0.0,0.0,0.0,0.0
F,0.0,0.0,0.0,0.0
F,0.0,0.0,0.0,0.0
F,0.0,0.0,0.0,0.0
F,0.0,0.0,0.0,0.0
F,0.0,0.0,0.0,0.0
F,0.0,0.0,0.0,0.0
F,0.0,0.0,0.0,0.0
F,0.0,0.0,0.0,0.0
F,0.0405897,0.0,0.0,0.0405897
F,0.0,0.0,0.0,0.0
F,0.0,0.0,0.0,0.0
F,0.0,0.0,0.0,0.0
F,0.0,0.0,0.0,0.0
F,0.0,0.0,0.0,0.0
F,0.0,0.0,0.0,0.0
F,0.0,0.0,0.0,0.0
F,0.0,0.0,0.0,0.0
F,0.0,0.0,0.0,0.0
F,0.0,0.0,0.0,0.0
F,0.0,0.0,0.0,0.0
F,0.0,0.0,0.0,0.0
F,0.0,0.0,0.0,0.0
F,0.0,0.0,0.0,0.0
F,0.0,0.0,0.0,0.0
F,0.0,0.0,0.0,0.0
F,0.0,0.0,0.0,0.0
F,0.0,0.0,0.0,0.0
F,0.0,0.0,0.0,0.0
F,0.0,0.0,0.0,0.0
F,0.0267947,0.0,0.0,0.0267947
F,0.0,0.0,0.0,0.0
F,0.0,0.0,0.0,0.0
F,0.0,0.0,0.0,0.0
F,0.0,0.0,0.0,0.0
F,0.0,0.0,0.0,0.0
F,0.0,0.0,0.0,0.0
F,0.0,0.0,0.0,0.0
F,0.0,0.0,0.0,0.0
F,0.0,0.0,0.0,0.0
F,0.0,0.0,0.0,0.0
F,0.0,0.0,0.0,0.0
F,0.0,0.0,0.0,0.0
F,0.0,0.0,0.0,0.0
F,0.0,0.0,0.0,0.0
F,0.0,0.0,0.0,0.0
F,0.0,0.0,0.0,0.0
F,0.0,0.0,0.0,0.0
F,0.0,0.0,0.0,0.0
F,0.0,0.0,0.0,0.0
F,0.0,0.0,0.0,0.0
F,0.0,0.0,0.0,0.0
F,0.0,0.0,0.0,0.0
F,0.0,0.0,0.0,0.0
F,0.0,0.0,0.0,0.0
F,0.0116983,0.0,0.0,0.0116983
F,0.0,0.0,0.0,0.0
F,0.0,0.0,0.0,0.0
F,0.0,0.0,0.0,0.0
F,-0.0212617,0.0,0.0,-0.0212617
F,0.0,0.0,0.0,0.0
F,0.0,0.0,0.0,0.0
F,0.0,0.0,0.0,0.0
F,0.0,0.0,0.0,0.0
F,0.0,0.0,0.0,0.0
F,0.0,0.0,0.0,0.0
F,0.0,0.0,0.0,0.0
F,0.0,0.0,0.0,0.0
F,0.0,0.0,0.0,0.0
F,0.0,0.0,0.0,0.0
F,0.0,0.0,0.0,0.0
F,0.0,0.0,0.0,0.0
F,0.0,0.0,0.0,0.0
F,0.0,0.0,0.0,0.0
F,0.0,0.0,0.0,0.0
F,0.0,0.0,0.0,0.0
F,0.0395528,0.0,0.0,0.0395528
F,0.0,0.0,0.0,0.0
F,0.0,0.0,0.0,0.0
F,0.0,0.0,0.0,0.0
F,0.0,0.0,0.0,0.0
F,0.0,0.0,0.0,0.0
F,0.0420836,0.0,0.0,0.0420836
F,-0.0640999,0.0,0.0,-0.0640999
F,0.0433764,0.0,0.0,0.0433764
F,0.0,0.0,0.0,0.0
F,0.0,0.0,0.0,0.0
F,0.0,0.0,0.0,0.0
F,0.0,0.0,0.0,0.0
F,0.0,0.0,0.0,0.0
F,0.0,0.0,0.0,0.0
F,0.0,0.0,0.0,0.0
F,0.0,0.0,0.0,0.0
F,-0.078214,0.0,0.0,-0.078214
F,0.0,0.0,0.0,0.0
F,0.0,0.0,0.0,0.0
F,0.0285196,0.0,0.0,0.0285196
F,0.0292665,0.0,0.0,0.0292665
F,0.0,0.0,0.0,0.0
F,-0.164186,0.0,0.0,-0.164186
F,0.015397,0.0,0.0,0.015397
F,0.0,0.0,0.0,0.0
F,-0.00713566,0.0,0.0,-0.00713566
F,0.0,0.0,0.0,0.0
F,0.0,0.0,0.0,0.0
F,0.0,0.0,0.0,0.0
F,0.0,0.0,0.0,0.0
F,0.0,0.0,0.0,0.0
F,0.0,0.0,0.0,0.0
F,0.0,0.0,0.0,0.0
F,0.0,0.0,0.0,0.0
F,0.0,0.0,0.0,0.0
F,0.0,0.0,0.0,0.0
F,0.0,0.0,0.0,0.0
F,0.0,0.0,0.0,0.0
F,0.0,0.0,0.0,0.0
F,0.0209036,0.0,0.0,0.0209036
F,0.0,0.0,0.0,0.0
F,0.0,0.0,0.0,0.0
F,0.0,0.0,0.0,0.0
F,0.0,0.0,0.0,0.0
F,0.0,0.0,0.0,0.0
F,0.0,0.0,0.0,0.0
F,0.0,0.0,0.0,0.0
F,0.0,0.0,0.0,0.0
F,0.0,0.0,0.0,0.0
F,0.0,0.0,0.0,0.0
F,0.0,0.0,0.0,0.0
F,0.0,0.0,0.0,0.0
F,0.0,0.0,0.0,0.0
F,-0.0150907,0.0,0.0,-0.0150907
F,0.0,0.0,0.0,0.0
F,0.0,0.0,0.0,0.0
F,0.0,0.0,0.0,0.0
F,0.0,0.0,0.0,0.0
F,0.0,0.0,0.0,0.0
F,0.0,0.0,0.0,0.0
F,0.0547899,0.0,0.0,0.0547899
F,0.0,0.0,0.0,0.0
F,0.00426736,0.0,0.0,0.00426736
F,0.0,0.0,0.0,0.0
F,0.0,0.0,0.0,0.0
F,0.0,0.0,0.0,0.0
F,0.0,0.0,0.0,0.0
F,0.0,0.0,0.0,0.0
F,0.0420728,0.0,0.0,0.0420728
F,0.0,0.0,0.0,0.0
F,0.0,0.0,0.0,0.0
F,0.111851,0.0,0.0,0.111851
F,0.0,0.0,0.0,0.0
F,-0.0664902,0.0,0.0,-0.0664902
F,0.0,0.0,0.0,0.0
F,0.0,0.0,0.0,0.0
F,0.0,0.0,0.0,0.0
F,0.0,0.0,0.0,0.0
F,0.0,0.0,0.0,0.0
F,0.0,0.0,0.0,0.0
F,0.0,0.0,0.0,0.0
F,0.0,0.0,0.0,0.0
F,0.0,0.0,0.0,0.0
F,0.0616365,0.0,0.0,0.0616365
F,0.0,0.0,0.0,0.0
F,0.0,0.0,0.0,0.0
F,0.0,0.0,0.0,0.0
F,0.0,0.0,0.0,0.0
F,0.0,0.0,0.0,0.0
F,-0.00325621,0.0,0.0,-0.00325621
F,0.0,0.0,0.0,0.0
F,-0.0211678,0.0,0.0,-0.0211678
F,0.0,0.0,0.0,0.0
F,0.0,0.0,0.0,0.0
F,-0.0060497,0.0,0.0,-0.0060497
F,0.0,0.0,0.0,0.0
F,0.0,0.0,0.0,0.0
F,0.0,0.0,0.0,0.0
F,0.0,0.0,0.0,0.0
F,0.0,0.0,0.0,0.0
F,0.0,0.0,0.0,0.0
F,0.0,0.0,0.0,0.0
F,0.0,0.0,0.0,0.0
F,0.0,0.0,0.0,0.0
F,-0.030557,0.0,0.0,-0.030557
F,0.0,0.0,0.0,0.0
F,0.0,0.0,0.0,0.0
F,0.0,0.0,0.0,0.0
F,0.0,0.0,0.0,0.0
F,0.0,0.0,0.0,0.0
F,0.0,0.0,0.0,0.0
F,0.0,0.0,0.0,0.0
F,0.0,0.0,0.0,0.0
F,0.0,0.0,0.0,0.0
F,0.0,0.0,0.0,0.0
F,0.0,0.0,0.0,0.0
F,0.0,0.0,0.0,0.0
F,0.0,0.0,0.0,0.0
F,0.0,0.0,0.0,0.0
F,0.0,0.0,0.0,0.0
F,0.0,0.0,0.0,0.0
F,0.0,0.0,0.0,0.0
F,0.0324884,0.0,0.0,0.0324884
F,-0.00235095,0.0,0.0,-0.00235095
F,0.0,0.0,0.0,0.0
F,0.0,-0.0552143,-0.0552143,-0.0552143
F,0.0,0.0,0.0,0.0
F,0.0,0.0,0.0,0.0
F,0.0,0.0,0.0,0.0
F,0.0,0.0,0.0,0.0
F,0.0,0.0,0.0,0.0
F,0.0,0.0,0.0,0.0
F,0.0,0.0,0.0,0.0
F,0.0,0.0,0.0,0.0
F,0.0,0.0,0.0,0.0
F,0.0,0.0,0.0,0.0
F,0.0,0.0,0.0,0.0
F,0.0,0.0,0.0,0.0
F,0.0,0.0,0.0,0.0
F,0.0,0.0,0.0,0.0
F,0.0,0.0,0.0,0.0
F,0.0,0.0,0.0,0.0
F,0.0,0.0,0.0,0.0
F,0.0,0.0,0.0,0.0
F,0.0293341,0.0,0.0,0.0293341
F,0.0,0.0,0.0,0.0
F,0.0,0.0,0.0,0.0
F,0.0,0.0,0.0,0.0
F,0.0,0.0,0.0,0.0
F,0.0791143,0.0,0.0,0.0791143
F,0.0,0.0,0.0,0.0
F,0.0,0.0,0.0,0.0
F,0.0,0.0,0.0,0.0
F,0.0,0.0,0.0,0.0
F,0.0,0.0,0.0,0.0
F,-0.0386212,0.0,0.0,-0.0386212
F,0.0,0.0,0.0,0.0
F,0.0,0.0,0.0,0.0
F,-0.00381989,0.0,0.0,-0.00381989
F,0.0,0.0,0.0,0.0
F,0.0,0.0,0.0,0.0
F,-0.00421994,0.0,0.0,-0.00421994
F,0.0,0.0,0.0,0.0
F,0.0,0.0,0.0,0.0
F,-0.0307094,0.0,0.0,-0.0307094
F,-0.0114069,0.0,0.0,-0.0114069
F,0.0,0.0,0.0,0.0
F,0.0,0.0,0.0,0.0
F,0.0,0.0,0.0,0.0
F,0.0,0.0,0.0,0.0
F,0.0,0.0,0.0,0.0
F,0.0,0.0,0.0,0.0
F,0.0,0.0,0.0,0.0
F,0.0,0.0,0.0,0.0
F,0.0791143,0.0,0.0,0.0791143
F,0.0,0.0,0.0,0.0
F,0.0,0.0,0.0,0.0
F,0.0,0.0,0.0,0.0
F,0.0,0.0,0.0,0.0
F,0.0,0.0,0.0,0.0
F,0.0,0.0,0.0,0.0
F,-0.0943605,0.0,0.0,-0.0943605
F,0.0,0.0,0.0,0.0
F,0.0,0.0,0.0,0.0
F,0.0667064,0.0,0.0,0.0667064
F,0.0,0.0,0.0,0.0
F,0.0,0.0,0.0,0.0
F,0.0,0.0,0.0,0.0
F,0.0,0.0,0.0,0.0
F,0.0158735,0.0,0.0,0.0158735
F,0.0,0.0,0.0,0.0
F,0.0,0.0,0.0,0.0
F,0.0,0.0,0.0,0.0
F,0.0237118,0.0,0.0,0.0237118
F,0.0,0.0,0.0,0.0
F,0.0,0.0,0.0,0.0
F,0.0,0.0,0.0,0.0
F,0.0,0.0,0.0,0.0
F,0.0,0.0,0.0,0.0
F,-0.00727523,0.0,0.0,-0.00727523
F,0.0,0.0,0.0,0.0
F,-0.112501,0.0,0.0,-0.112501
F,0.0,0.0,0.0,0.0
F,0.0,0.0,0.0,0.0
F,0.0,0.0,0.0,0.0
F,0.0,0.0,0.0,0.0
F,0.0,0.0,0.0,0.0
F,0.0,0.0,0.0,0.0
F,0.0,0.0,0.0,0.0
F,0.0652731,0.0,0.0,0.0652731
F,0.0,0.0,0.0,0.0
F,0.0,0.0,0.0,0.0
F,0.0,0.0,0.0,0.0
F,0.0,0.0,0.0,0.0
F,0.0,0.0,0.0,0.0
F,0.0,0.0,0.0,0.0
F,0.0,0.0,0.0,0.0
F,0.0,0.0,0.0,0.0
F,0.0,0.0,0.0,0.0
F,0.0,0.0,0.0,0.0
F,0.0,0.0,0.0,0.0
F,0.0,0.0,0.0,0.0
F,0.0,0.0,0.0,0.0
F,0.0,0.0,0.0,0.0
F,0.0,0.0,0.0,0.0
F,0.0,0.0,0.0,0.0
F,0.0,0.0,0.0,0.0
F,0.0,0.0,0.0,0.0
F,0.0,0.0,0.0,0.0
F,-0.0117772,0.0,0.0,-0.0117772
F,0.0,0.0,0.0,0.0
F,0.0,0.0,0.0,0.0
F,0.0,0.0,0.0,0.0
F,0.0,0.0,0.0,0.0
F,0.0,0.0,0.0,0.0
F,0.0,0.0,0.0,0.0
F,0.0,0.0,0.0,0.0
F,0.0,0.0,0.0,0.0
F,0.0583283,0.0,0.0,0.0583283
F,-0.00442409,0.0,0.0,-0.00442409
F,0.0,0.0,0.0,0.0
F,0.0,0.0,0.0,0.0
F,0.0,0.0,0.0,0.0
F,0.0,0.0,0.0,0.0
F,0.0,0.0,0.0,0.0
F,0.0,0.0,0.0,0.0
F,0.0,0.0,0.0,0.0
F,0.0,0.0,0.0,0.0
F,0.0,0.0,0.0,0.0
F,0.0,0.0,0.0,0.0
F,0.0,0.0,0.0,0.0
F,0.0,0.0,0.0,0.0
F,0.0659997,0.0,0.0,0.0659997
F,0.00889965,0.0,0.0,0.00889965
F,0.0,0.0,0.0,0.0
F,0.0,0.00949962,0.00949962,0.00949962
F,0.0,0.0,0.0,0.0
F,0.0614415,0.0,0.0,0.0614415
F,0.0,0.0,0.0,0.0
F,0.0,0.0,0.0,0.0
F,0.0,0.0,0.0,0.0
F,0.0,0.0,0.0,0.0
F,-0.0459822,0.0,0.0,-0.0459822
F,0.0,0.0,0.0,0.0
F,0.0,0.0,0.0,0.0
F,0.0,0.0,0.0,0.0
F,0.0,0.0,0.0,0.0
F,0.0,0.0,0.0,0.0
F,0.0,0.0,0.0,0.0
F,0.0,0.0,0.0,0.0
F,-0.00575659,0.0,0.0,-0.00575659
F,0.0,0.0,0.0,0.0
F,0.0375659,0.0,0.0,0.0375659
F,0.0,0.0,0.0,0.0
F,0.0,0.0,0.0,0.0
F,0.0388406,0.0,0.0,0.0388406
F,0.0,0.0,0.0,0.0
F,0.0,0.0,0.0,0.0
F,0.0,0.0,0.0,0.0
F,0.0741096,0.0,0.0,0.0741096
F,0.0,0.0,0.0,0.0
F,0.0,0.0,0.0,0.0
F,0.0,0.0,0.0,0.0
F,0.0,0.0,0.0,0.0
F,0.0,0.0,0.0,0.0
F,0.0,0.0,0.0,0.0
F,0.0,0.0,0.0,0.0
F,0.0,0.0,0.0,0.0
F,0.0,0.0,0.0,0.0
F,-0.0331293,0.0,0.0,-0.0331293
F,0.0,0.0,0.0,0.0
F,0.0,0.0,0.0,0.0
F,0.0,0.0,0.0,0.0
F,0.0,0.0,0.0,0.0
F,-0.0573118,0.0,0.0,-0.0573118
F,0.0,0.0,0.0,0.0
F,0.0,0.0,0.0,0.0
F,0.0,0.0,0.0,0.0
F,0.0,0.0,0.0,0.0
F,0.0,0.0,0.0,0.0
F,0.0,0.0,0.0,0.0
F,0.0,0.0,0.0,0.0
F,0.0,0.0,0.0,0.0
F,0.0,0.0,0.0,0.0
F,0.0,0.0,0.0,0.0
F,0.0,0.0,0.0,0.0
F,0.0,0.0,0.0,0.0
F,-0.0516654,-0.0552143,-0.0552143,-0.10688
F,0.0,0.0,0.0,0.0
F,0.0,0.0,0.0,0.0
F,0.0,0.0,0.0,0.0
F,0.0,0.0,0.0,0.0
F,0.0,0.0,0.0,0.0
F,0.0,0.0,0.0,0.0
F,0.0,0.0,0.0,0.0
F,0.0,0.0,0.0,0.0
F,0.0,0.0,0.0,0.0
F,0.0,0.0,0.0,0.0
F,0.0,0.0,0.0,0.0
F,0.0,0.0,0.0,0.0
F,0.0,0.0,0.0,0.0
F,0.0,0.0,0.0,0.0
F,0.0,0.0,0.0,0.0
F,0.0,0.0,0.0,0.0
F,0.0,0.0,0.0,0.0
F,0.0,0.0,0.0,0.0
F,0.0,0.0,0.0,0.0
F,-0.0508331,0.0,0.0,-0.0508331
F,0.0,0.0,0.0,0.0
F,0.0,0.0,0.0,0.0
F,0.0,0.0,0.0,0.0
F,0.0,0.0,0.0,0.0
F,0.0,0.0,0.0,0.0
F,-0.012317,0.0,0.0,-0.012317
F,0.0,0.0,0.0,0.0
F,0.0,0.0,0.0,0.0
F,0.0,0.0,0.0,0.0
F,0.0,0.0,0.0,0.0
F,0.0,0.0,0.0,0.0
F,0.0,0.0,0.0,0.0
F,0.0,0.0,0.0,0.0
F,0.0,0.0,0.0,0.0
F,0.0,0.0,0.0,0.0
F,0.0,0.0,0.0,0.0
F,0.0,0.0,0.0,0.0
F,0.0,0.0,0.0,0.0
F,-0.00979166,0.0,0.0,-0.00979166
F,0.0,0.0,0.0,0.0
F,0.0164092,0.0,0.0,0.0164092
F,0.0,0.0,0.0,0.0
F,0.0,0.0,0.0,0.0
F,0.0,0.0,0.0,0.0
F,0.0,0.0,0.0,0.0
F,0.0,0.0,0.0,0.0
F,0.0,0.0,0.0,0.0
F,0.0,0.0,0.0,0.0
F,0.0,0.0,0.0,0.0
F,0.0,0.0,0.0,0.0
F,0.0,0.0,0.0,0.0
F,0.0,0.0,0.0,0.0
F,0.0073608,0.0,0.0,0.0073608
F,0.0,0.0,0.0,0.0
F,0.0,0.0,0.0,0.0
F,0.0,0.0,0.0,0.0
F,-0.00575659,0.0,0.0,-0.00575659
F,0.0,0.0,0.0,0.0
F,0.0209036,0.0,0.0,0.0209036
F,0.0,0.0,0.0,0.0
F,-0.0490855,0.0,0.0,-0.0490855
F,0.0,0.0,0.0,0.0
F,0.0,0.0,0.0,0.0
F,0.0,0.0,0.0,0.0
F,0.0,0.0,0.0,0.0
F,0.0,0.0,0.0,0.0
F,0.0,0.0,0.0,0.0
F,0.0,0.0,0.0,0.0
F,0.0,0.0,0.0,0.0
F,0.0,0.0,0.0,0.0
F,0.0804195,0.0,0.0,0.0804195
F,-0.0363326,0.0,0.0,-0.0363326
F,0.0,0.0,0.0,0.0
F,-0.0208759,0.0,0.0,-0.0208759
F,-0.0540021,0.0,0.0,-0.0540021
F,0.00254085,0.0,0.0,0.00254085
F,0.0,0.0,0.0,0.0
F,0.0,0.0,0.0,0.0
F,0.0,0.0,0.0,0.0
F,0.0,0.0,0.0,0.0
F,0.0,0.0,0.0,0.0
F,0.0,0.0,0.0,0.0
F,0.0,0.0,0.0,0.0
F,0.0,0.0,0.0,0.0
F,0.0,0.0,0.0,0.0
F,0.0,0.0,0.0,0.0
F,0.0,0.0,0.0,0.0
F,0.0368236,0.0,0.0,0.0368236
F,0.0,0.0,0.0,0.0
F,0.0,0.0,0.0,0.0
F,0.0,0.0,0.0,0.0
F,0.0,0.0,0.0,0.0
F,0.0,0.0,0.0,0.0
F,0.0,0.0,0.0,0.0
F,0.0,0.0,0.0,0.0
F,-0.0085108,0.0,0.0,-0.0085108
F,0.0,0.0,0.0,0.0
F,0.0659997,0.0,0.0,0.0659997
F,-0.0646305,0.0,0.0,-0.0646305
F,0.0,0.0,0.0,0.0
F,0.0,0.0,0.0,0.0
F,0.0,0.0,0.0,0.0
F,0.0,0.0,0.0,0.0
F,0.0,0.0,0.0,0.0
F,0.0,0.0,0.0,0.0
F,0.0,0.0,0.0,0.0
F,0.0117373,0.0,0.0,0.0117373
F,-0.00462255,0.0,0.0,-0.00462255
F,0.0,0.0,0.0,0.0
F,0.0,0.0,0.0,0.0
F,0.02526,0.0,0.0,0.02526
F,0.0,0.0,0.0,0.0
F,0.0,0.0,0.0,0.0
F,0.0,0.0,0.0,0.0
F,0.0,0.0,0.0,0.0
F,0.0,0.0,0.0,0.0
F,0.0,0.0,0.0,0.0
F,0.0,0.0,0.0,0.0
F,0.0,0.0,0.0,0.0
F,0.0,0.0,0.0,0.0
F,-0.0361159,0.0,0.0,-0.0361159
F,0.0,0.0,0.0,0.0
F,0.0,0.0,0.0,0.0
F,0.0,0.0,0.0,0.0
F,0.0833264,0.0,0.0,0.0833264
F,0.0,0.0,0.0,0.0
F,-0.0122263,0.0,0.0,-0.0122263
F,0.0,0.0,0.0,0.0
F,0.0,0.0,0.0,0.0
F,0.0,0.0,0.0,0.0
F,0.0,0.0,0.0,0.0
F,0.0,0.0,0.0,0.0
F,0.0,0.0,0.0,0.0
F,0.0,0.0,0.0,0.0
F,0.0,0.0,0.0,0.0
F,0.0,0.0,0.0,0.0
F,0.0547899,0.0,0.0,0.0547899
F,0.0,0.0,0.0,0.0
F,0.0,0.0,0.0,0.0
F,0.0237269,0.0,0.0,0.0237269
F,0.0,0.0,0.0,0.0
F,0.0,0.0,0.0,0.0
F,0.0,0.0,0.0,0.0
F,0.0,0.0,0.0,0.0
F,0.0,-0.0203132,-0.0203132,-0.0203132
F,0.00580477,0.0,0.0,0.00580477
F,0.00961093,0.0,0.0,0.00961093
F,0.0,0.0,0.0,0.0
F,0.0,0.0,0.0,0.0
F,0.0,0.0,0.0,0.0
F,0.0,0.0,0.0,0.0
F,0.0,0.0,0.0,0.0
F,0.0,0.0,0.0,0.0
F,0.0,0.0,0.0,0.0
F,-0.021796,0.0,0.0,-0.021796
F,0.0,0.0,0.0,0.0
F,0.0,0.0,0.0,0.0
F,0.0,0.0,0.0,0.0
F,0.0,0.0,0.0,0.0
F,0.0,0.0,0.0,0.0
F,0.0,0.0,0.0,0.0
F,0.0,0.0,0.0,0.0
F,0.0,0.0,0.0,0.0
F,0.0,0.0,0.0,0.0
F,0.0481059,0.0,0.0,0.0481059
F,0.0,0.0,0.0,0.0
F,0.00562305,0.0,0.0,0.00562305
F,0.0127621,0.0,0.0,0.0127621
F,0.0,0.0,0.0,0.0
F,0.0,0.0,0.0,0.0
F,0.0,0.0,0.0,0.0
F,0.0,0.0,0.0,0.0
F,0.0,0.0,0.0,0.0
F,0.0,0.0,0.0,0.0
F,0.0,0.0,0.0,0.0
F,0.0,0.0,0.0,0.0
F,-0.051998,0.0,0.0,-0.051998
F,0.0,0.0,0.0,0.0
F,0.0,0.0,0.0,0.0
F,0.0153455,0.0,0.0,0.0153455
F,0.0,0.0,0.0,0.0
F,0.0,0.0,0.0,0.0
F,0.0,0.0,0.0,0.0
F,0.0,0.0,0.0,0.0
F,0.0,0.0,0.0,0.0
F,0.00897973,0.0,0.0,0.00897973
F,0.00415897,0.0,0.0,0.00415897
F,0.0,0.0,0.0,0.0
F,0.0,0.0,0.0,0.0
F,0.0,0.0,0.0,0.0
F,0.0237118,0.0,0.0,0.0237118
F,0.0,0.0,0.0,0.0
F,0.0,0.0,0.0,0.0
F,0.0,0.0,0.0,0.0
F,0.0,0.0,0.0,0.0
F,0.0,0.0,0.0,0.0
F,0.0,0.0,0.0,0.0
F,0.0,0.0,0.0,0.0
F,0.0,0.0,0.0,0.0
F,0.0,0.0,0.0,0.0
F,0.0,0.0,0.0,0.0
F,0.0420728,0.0,0.0,0.0420728
F,0.0,0.0,0.0,0.0
F,0.0,0.0,0.0,0.0
F,0.0,0.0,0.0,0.0
F,0.0,0.0,0.0,0.0
F,0.00482077,0.0,0.0,0.00482077
F,0.0,0.0,0.0,0.0
F,0.0,0.0,0.0,0.0
F,0.0,0.0,0.0,0.0
F,0.0,0.0,0.0,0.0
F,0.0229077,0.0,0.0,0.0229077
F,0.0,0.0,0.0,0.0
F,-0.0389801,0.0,0.0,-0.0389801
F,0.0,0.0,0.0,0.0
F,0.0,-0.00400594,-0.00400594,-0.00400594
F,0.0,0.0,0.0,0.0
F,0.031292,0.0,0.0,0.031292
F,0.0,0.0,0.0,0.0
F,0.0,0.0,0.0,0.0
F,0.0,0.0,0.0,0.0
F,0.0,0.0,0.0,0.0
F,0.0,0.0,0.0,0.0
F,0.0,0.0,0.0,0.0
F,-0.0156819,0.0,0.0,-0.0156819
F,0.0,0.0,0.0,0.0
F,-0.135909,0.0,0.0,-0.135909
F,0.0,0.0,0.0,0.0
F,0.0,0.0,0.0,0.0
F,0.0,0.0,0.0,0.0
F,-0.0273472,0.0,0.0,-0.0273472
F,0.0,0.0,0.0,0.0
F,0.0,0.0,0.0,0.0
F,0.0894258,0.0,0.0,0.0894258
F,0.0,0.0,0.0,0.0
F,0.0,0.0,0.0,0.0
F,0.0,0.0,0.0,0.0
F,0.0497563,0.0,0.0,0.0497563
F,0.0,0.0,0.0,0.0
F,0.0,0.0,0.0,0.0
F,0.0,0.0,0.0,0.0
F,0.0544292,0.0,0.0,0.0544292
F,0.0,0.0,0.0,0.0
F,0.0,0.0,0.0,0.0
F,0.0,0.0,0.0,0.0
F,0.0,0.0,0.0,0.0
F,0.0,0.0,0.0,0.0
F,0.0,0.0,0.0,0.0
F,-0.0277864,0.0,0.0,-0.0277864
F,0.0,0.0,0.0,0.0
F,0.0,0.0,0.0,0.0
F,0.0,0.0,0.0,0.0
F,0.0,0.0,0.0,0.0
F,0.0,0.0,0.0,0.0
F,0.0,0.0,0.0,0.0
F,0.0,0.0,0.0,0.0
F,0.0,0.0,0.0,0.0
F,0.0,0.0,0.0,0.0
F,0.0,0.0,0.0,0.0
F,0.0,0.0,0.0,0.0
F,0.0,0.0,0.0,0.0
F,0.116148,0.0,0.0,0.116148
F,0.0,0.0,0.0,0.0
F,0.0237118,0.0,0.0,0.0237118
F,0.0,0.0,0.0,0.0
F,0.0,0.0,0.0,0.0
F,0.0,0.0,0.0,0.0
F,0.0,0.0,0.0,0.0
F,0.0,0.0,0.0,0.0
F,0.0,0.0,0.0,0.0
F,0.0,0.0,0.0,0.0
F,0.0417997,0.0,0.0,0.0417997
F,0.0,0.0,0.0,0.0
F,0.0,0.0,0.0,0.0
F,0.0551509,0.0,0.0,0.0551509
F,0.0,0.0,0.0,0.0
F,0.0322223,0.0,0.0,0.0322223
F,0.0,0.0,0.0,0.0
F,0.0,0.0,0.0,0.0
F,-0.113479,0.0,0.0,-0.113479
F,0.0477791,0.0,0.0,0.0477791
F,0.0,0.0,0.0,0.0
F,0.0,0.0,0.0,0.0
F,0.0,0.0,0.0,0.0
F,0.0,0.0,0.0,0.0
F,0.0,0.0,0.0,0.0
F,0.0,0.0,0.0,0.0
F,0.0,0.0,0.0,0.0
F,0.0,0.0,0.0,0.0
F,0.0,0.0,0.0,0.0
F,0.0,0.0,0.0,0.0
F,0.0,0.0,0.0,0.0
F,0.0,0.0,0.0,0.0
F,0.0275616,0.0,0.0,0.0275616
F,0.0,0.0,0.0,0.0
F,0.0,0.0,0.0,0.0
F,0.0419201,0.0,0.0,0.0419201
F,0.0,0.0,0.0,0.0
F,0.0614415,0.0,0.0,0.0614415
F,0.0,0.0,0.0,0.0
F,0.0,0.0,0.0,0.0
F,0.0,0.0,0.0,0.0
F,0.0,0.0,0.0,0.0
F,-0.0632494,0.0,0.0,-0.0632494
F,0.0,0.0,0.0,0.0
F,0.0,0.0,0.0,0.0
F,0.0,0.0,0.0,0.0
F,0.0,0.0,0.0,0.0
F,0.0,0.0,0.0,0.0
F,-0.00300004,0.0,0.0,-0.00300004
F,0.0,0.0,0.0,0.0
F,0.0,0.0,0.0,0.0
F,0.0246477,0.0,0.0,0.0246477
F,0.0,0.0,0.0,0.0
F,0.0,0.0,0.0,0.0
F,0.0,0.0,0.0,0.0
F,0.0,0.0,0.0,0.0
F,0.0,0.0,0.0,0.0
F,0.0,0.0,0.0,0.0
F,0.0,0.0,0.0,0.0
F,0.0,0.0,0.0,0.0
F,0.0,0.0,0.0,0.0
F,0.0477791,0.0,0.0,0.0477791
F,0.0,0.0,0.0,0.0
F,0.0,0.0,0.0,0.0
F,-0.00462255,0.0,0.0,-0.00462255
F,0.0,0.0,0.0,0.0
F,0.0,0.0,0.0,0.0
F,0.0,0.0,0.0,0.0
F,-0.0199292,0.0,0.0,-0.0199292
F,0.0,0.0,0.0,0.0
F,0.0,0.0,0.0,0.0
F,-0.0161913,0.0,0.0,-0.0161913
F,0.0,0.0,0.0,0.0
F,0.0,0.0,0.0,0.0
F,0.0,0.0,0.0,0.0
F,0.0,0.0,0.0,0.0
F,0.0354323,0.0,0.0,0.0354323
F,0.0,0.0,0.0,0.0
F,0.0,0.0,0.0,0.0
F,0.0,0.0,0.0,0.0
F,0.0,0.0,0.0,0.0
F,0.0,0.0,0.0,0.0
F,0.0420728,0.0,0.0,0.0420728
F,0.0,0.0,0.0,0.0
F,0.0,0.0,0.0,0.0
F,0.0,0.0,0.0,0.0
F,0.0,0.0,0.0,0.0
F,0.0,0.0,0.0,0.0
F,0.0,0.0,0.0,0.0
F,0.0733304,0.0,0.0,0.0733304
F,-0.000167451,0.0,0.0,-0.000167451
F,0.0,0.0,0.0,0.0
F,0.0,0.0,0.0,0.0
F,-0.0580656,0.0,0.0,-0.0580656
F,0.0,0.0,0.0,0.0
F,0.0,0.0,0.0,0.0
F,0.0,0.0,0.0,0.0
F,0.0,0.0,0.0,0.0
F,0.0,0.0,0.0,0.0
F,0.0,0.0,0.0,0.0
F,0.0,0.0,0.0,0.0
F,-0.00727523,0.0,0.0,-0.00727523
F,0.0,0.0,0.0,0.0
F,0.0,0.0,0.0,0.0
F,0.0,0.0,0.0,0.0
F,0.0,0.0,0.0,0.0
F,0.0,0.0,0.0,0.0
F,0.0,0.0,0.0,0.0
F,0.0,0.0,0.0,0.0
F,0.0,0.0,0.0,0.0
F,0.0,0.0,0.0,0.0
F,0.0,0.0,0.0,0.0
F,0.0,0.0,0.0,0.0
F,0.0,0.0,0.0,0.0
F,0.0,0.0,0.0,0.0
F,0.0,0.0,0.0,0.0
F,-0.0307094,0.0,0.0,-0.0307094
F,0.0,0.0,0.0,0.0
F,0.0791143,0.0,0.0,0.0791143
F,0.0,0.0,0.0,0.0
F,0.0,0.0,0.0,0.0
F,0.0,0.0,0.0,0.0
F,0.0,0.0,0.0,0.0
F,0.0,0.0,0.0,0.0
F,0.0,0.0,0.0,0.0
F,0.0433764,0.0,0.0,0.0433764
F,0.0,0.0,0.0,0.0
F,0.0,0.0,0.0,0.0
F,0.0420728,0.0,0.0,0.0420728
F,0.0,0.0,0.0,0.0
F,0.0,0.0,0.0,0.0
F,0.0,0.0,0.0,0.0
F,0.0,0.0,0.0,0.0
F,0.0,0.0,0.0,0.0
F,0.0,0.0,0.0,0.0
F,0.0,0.0,0.0,0.0
F,0.0,0.0,0.0,0.0
F,0.0,0.0,0.0,0.0
F,0.0,0.0,0.0,0.0
F,0.0,0.0,0.0,0.0
F,0.0,0.0,0.0,0.0
F,0.0,0.0,0.0,0.0
F,0.0,0.0,0.0,0.0
F,0.0,0.0,0.0,0.0
F,0.0,0.0,0.0,0.0
F,0.0,0.0,0.0,0.0
F,0.0,0.0,0.0,0.0
F,0.0,0.0,0.0,0.0
F,0.0108424,0.0,0.0,0.0108424
F,0.0,0.0,0.0,0.0
F,0.0,0.0,0.0,0.0
F,0.0,0.0,0.0,0.0
F,0.0,0.0,0.0,0.0
F,0.0,0.0,0.0,0.0
F,0.0,0.0,0.0,0.0
F,0.0,0.0,0.0,0.0
F,0.0,0.0,0.0,0.0
F,0.0,0.0,0.0,0.0
F,-0.0490855,0.0,0.0,-0.0490855
F,0.0,0.0,0.0,0.0
F,0.0,0.0,0.0,0.0
F,0.0,0.0,0.0,0.0
F,0.0,0.0,0.0,0.0
F,0.0,0.0,0.0,0.0
F,0.0,0.0,0.0,0.0
F,-0.0268082,0.0304191,0.0304191,0.00361086
F,0.0,0.0,0.0,0.0
F,0.0,0.0,0.0,0.0
F,0.0,0.0,0.0,0.0
F,0.0,0.0,0.0,0.0
F,0.0,0.0,0.0,0.0
F,0.0,0.0,0.0,0.0
F,0.0149897,0.0,0.0,0.0149897
F,0.0168464,0.0,0.0,0.0168464
F,0.0,0.0,0.0,0.0
F,0.0675535,0.0,0.0,0.0675535
F,0.0,0.0,0.0,0.0
F,0.0,0.0,0.0,0.0
F,-0.00777444,0.0,0.0,-0.00777444
F,0.0,0.0,0.0,0.0
F,0.0,0.0,0.0,0.0
F,0.0,0.0,0.0,0.0
F,0.0,0.0,0.0,0.0
F,0.0,0.0,0.0,0.0
F,0.0,0.0,0.0,0.0
F,0.0,0.0,0.0,0.0
F,0.0,0.0,0.0,0.0
F,0.0,0.0,0.0,0.0
F,0.0,0.0,0.0,0.0
F,-0.00331661,0.0,0.0,-0.00331661
F,0.0,0.0,0.0,0.0
F,0.0,0.0,0.0,0.0
F,0.0,0.0,0.0,0.0
F,0.0,0.0,0.0,0.0
F,0.0,0.0,0.0,0.0
F,0.0,0.0,0.0,0.0
F,0.0,0.0,0.0,0.0
F,0.0,0.0,0.0,0.0
F,0.0,0.0,0.0,0.0
F,0.0,0.0,0.0,0.0
F,0.0,0.0,0.0,0.0
F,0.0,0.0,0.0,0.0
F,0.0,0.0,0.0,0.0
F,0.0,0.0,0.0,0.0
F,0.0,0.0,0.0,0.0
F,0.0,0.0,0.0,0.0
F,0.0,0.0,0.0,0.0
F,0.0,0.0,0.0,0.0
F,0.0,0.0,0.0,0.0
F,0.0,0.0,0.0,0.0
F,0.0,0.0,0.0,0.0
F,0.0,0.0,0.0,0.0
F,0.0,0.0,0.0,0.0
F,0.0,0.0,0.0,0.0
F,0.0,0.0,0.0,0.0
F,0.0,0.0,0.0,0.0
F,0.0,0.0,0.0,0.0
F,0.0,0.0,0.0,0.0
F,0.0,0.0,0.0,0.0
F,0.0,0.0,0.0,0.0
F,0.0,0.0,0.0,0.0
F,0.0,0.0,0.0,0.0
F,-0.0276652,0.0,0.0,-0.0276652
F,0.0369849,0.0,0.0,0.0369849
F,0.0,0.0,0.0,0.0
F,0.0,0.0,0.0,0.0
F,-0.0361159,0.0,0.0,-0.0361159
F,0.0,0.0,0.0,0.0
F,0.0,0.0,0.0,0.0
F,0.0,0.0,0.0,0.0
F,0.0,0.0,0.0,0.0
F,0.0,0.0,0.0,0.0
F,0.0,0.0,0.0,0.0
F,0.0,0.0,0.0,0.0
F,-0.0361159,0.0,0.0,-0.0361159
F,0.0,0.0,0.0,0.0
F,0.0,0.0,0.0,0.0
F,0.0,0.0,0.0,0.0
F,0.0,0.0,0.0,0.0
F,0.0,0.0,0.0,0.0
F,0.0,0.0697899,0.0697899,0.0697899
F,0.0,0.0,0.0,0.0
F,0.0,0.0,0.0,0.0
F,0.0,0.0,0.0,0.0
F,0.0,0.0,0.0,0.0
F,0.0788462,0.0,0.0,0.0788462
F,0.0,0.0,0.0,0.0
F,0.0,0.0,0.0,0.0
F,0.0,0.0,0.0,0.0
F,0.0,0.0,0.0,0.0
F,0.0,0.0,0.0,0.0
F,0.0728197,0.0,0.0,0.0728197
F,0.0,0.0,0.0,0.0
F,0.0,0.0,0.0,0.0
F,0.0,0.0,0.0,0.0
F,0.0,0.0,0.0,0.0
F,0.0,0.0,0.0,0.0
F,0.0,0.0,0.0,0.0
F,0.0,0.0,0.0,0.0
F,0.0,0.0,0.0,0.0
F,0.015397,0.0,0.0,0.015397
F,0.0,0.0,0.0,0.0
F,0.0,0.0,0.0,0.0
F,0.0,0.0,0.0,0.0
F,0.0,0.0,0.0,0.0
F,0.0,0.0,0.0,0.0
F,0.0,0.0,0.0,0.0
F,0.0,0.0,0.0,0.0
F,0.0,0.0,0.0,0.0
F,0.0,0.0,0.0,0.0
F,0.0,0.0,0.0,0.0
F,0.0,0.0,0.0,0.0
F,-0.0198958,0.0,0.0,-0.0198958
F,0.0,0.0,0.0,0.0
F,0.0,0.0,0.0,0.0
F,0.0,0.0,0.0,0.0
F,0.0,0.0,0.0,0.0
F,0.0,0.0,0.0,0.0
F,0.0,0.0,0.0,0.0
F,0.0,0.0,0.0,0.0
F,0.0,0.0,0.0,0.0
F,-0.0887884,0.0,0.0,-0.0887884
F,0.0,0.0,0.0,0.0
F,0.0,0.0,0.0,0.0
F,0.0,0.0,0.0,0.0
F,-0.0654232,0.0,0.0,-0.0654232
F,0.0,0.0,0.0,0.0
F,0.0,0.0,0.0,0.0
F,0.0,0.0,0.0,0.0
F,0.0,0.0,0.0,0.0
F,0.0,0.0,0.0,0.0
F,0.0,0.0,0.0,0.0
F,0.0,0.0,0.0,0.0
F,0.0,0.0,0.0,0.0
F,0.0,0.0,0.0,0.0
F,0.0,0.0,0.0,0.0
F,0.0,0.0,0.0,0.0
F,0.0,0.0,0.0,0.0
F,0.0,0.0,0.0,0.0
F,0.0,0.0,0.0,0.0
F,0.0,0.0,0.0,0.0
F,0.0,0.0,0.0,0.0
F,0.0,0.0,0.0,0.0
F,0.0,0.0,0.0,0.0
F,0.0,0.0,0.0,0.0
F,0.0,0.0,0.0,0.0
F,0.0,0.0,0.0,0.0
F,0.0189585,0.0,0.0,0.0189585
F,0.0,0.0,0.0,0.0
F,0.0,0.0,0.0,0.0
F,0.0,0.0,0.0,0.0
F,0.0,0.0,0.0,0.0
F,0.0,0.0,0.0,0.0
F,0.0,0.0,0.0,0.0
F,-0.0383785,0.0,0.0,-0.0383785
F,0.0,0.0,0.0,0.0
F,0.0,0.0,0.0,0.0
F,0.0,0.0,0.0,0.0
F,0.0,0.0,0.0,0.0
F,0.0,0.0,0.0,0.0
F,0.0,0.0,0.0,0.0
F,0.0,0.0,0.0,0.0
F,0.0,0.0,0.0,0.0
F,-0.0185386,0.0,0.0,-0.0185386
F,0.0,0.0,0.0,0.0
F,0.0,0.0,0.0,0.0
F,0.0,0.0,0.0,0.0
F,0.0,0.0,0.0,0.0
F,0.0,0.0,0.0,0.0
F,0.0,0.0,0.0,0.0
F,0.0,0.0,0.0,0.0
F,0.0,0.0,0.0,0.0
F,0.0,0.0,0.0,0.0
F,0.0,0.0,0.0,0.0
F,-0.00950653,0.0,0.0,-0.00950653
F,0.0,0.0,0.0,0.0
F,0.0,0.0,0.0,0.0
F,0.0,0.0,0.0,0.0
F,0.0,0.0,0.0,0.0
F,0.0,0.0,0.0,0.0
F,0.0,0.0,0.0,0.0
F,-0.164186,0.0,0.0,-0.164186
F,0.0,0.0,0.0,0.0
F,0.0,0.0,0.0,0.0
F,0.0,0.0,0.0,0.0
F,0.0,0.0,0.0,0.0
F,0.0,0.0,0.0,0.0
F,0.0,0.0,0.0,0.0
F,0.0,0.0,0.0,0.0
F,0.0,0.0,0.0,0.0
F,0.0,0.0,0.0,0.0
F,0.0,0.0,0.0,0.0
F,0.0,0.0,0.0,0.0
F,0.0,0.0,0.0,0.0
F,0.0,0.0,0.0,0.0
F,0.0,0.0,0.0,0.0
F,-0.0123371,0.0,0.0,-0.0123371
F,0.0,0.0,0.0,0.0
F,-0.024028,0.0,0.0,-0.024028
F,0.0,0.0,0.0,0.0
F,0.0,0.0,0.0,0.0
F,-0.0541851,0.0,0.0,-0.0541851
F,0.0,0.0,0.0,0.0
F,0.0,0.0,0.0,0.0
F,0.0,0.0,0.0,0.0
F,0.0,0.0,0.0,0.0
F,0.0,0.0,0.0,0.0
F,0.0,0.0,0.0,0.0
F,0.0,0.0,0.0,0.0
F,0.0,0.0,0.0,0.0
F,0.0,0.0,0.0,0.0
F,0.0,0.0,0.0,0.0
F,0.0,0.0,0.0,0.0
F,0.0,0.0,0.0,0.0
F,0.0,0.0,0.0,0.0
F,0.00762758,0.0,0.0,0.00762758
F,0.0,0.0,0.0,0.0
F,-0.00713566,0.0,0.0,-0.00713566
F,0.0,0.0,0.0,0.0
F,0.0894258,0.0,0.0,0.0894258
F,0.0,0.0,0.0,0.0
F,0.0,0.0,0.0,0.0
F,0.0159401,0.0,0.0,0.0159401
F,0.0,0.0,0.0,0.0
F,0.0,0.0,0.0,0.0
F,0.0,0.0,0.0,0.0
F,0.0,0.0,0.0,0.0
F,0.0,0.0,0.0,0.0
F,0.0,0.0,0.0,0.0
F,0.0645624,0.0,0.0,0.0645624
F,0.0,0.0,0.0,0.0
F,0.0,0.0,0.0,0.0
F,0.0,0.0,0.0,0.0
F,0.0,0.0,0.0,0.0
F,0.0,0.0,0.0,0.0
F,0.0,0.0,0.0,0.0
F,0.0,0.0,0.0,0.0
F,0.0,0.0,0.0,0.0
F,0.0,0.0,0.0,0.0
F,0.0,0.0,0.0,0.0
F,0.0,0.0,0.0,0.0
F,-0.0331661,0.0,0.0,-0.0331661
F,0.0,0.0,0.0,0.0
F,0.0,0.0,0.0,0.0
F,0.0,0.0,0.0,0.0
F,0.0,0.0,0.0,0.0
F,0.0,0.0,0.0,0.0
F,0.0,0.0,0.0,0.0
F,0.0,0.0,0.0,0.0
F,0.0,0.0,0.0,0.0
F,0.0,0.0,0.0,0.0
F,0.0,0.0,0.0,0.0
F,0.0,0.0,0.0,0.0
F,0.0,0.0,0.0,0.0
F,0.0,0.0,0.0,0.0
F,0.0108424,0.0,0.0,0.0108424
F,0.0,0.0,0.0,0.0
F,0.0,0.0,0.0,0.0
F,0.0,0.0,0.0,0.0
F,0.0,0.0,0.0,0.0
F,0.0,0.0,0.0,0.0
F,0.0,0.0,0.0,0.0
F,0.0,0.0,0.0,0.0
F,0.0,0.0,0.0,0.0
F,0.0,0.0,0.0,0.0
F,0.0,0.0,0.0,0.0
F,0.0,0.0,0.0,0.0
F,0.0,0.0,0.0,0.0
F,0.0,0.0,0.0,0.0
F,-0.0651392,0.0,0.0,-0.0651392
F,0.0,0.0,0.0,0.0
F,0.0,0.0,0.0,0.0
F,0.0,0.0,0.0,0.0
F,0.0,0.0,0.0,0.0
F,0.0,0.0,0.0,0.0
F,-0.0702082,0.0,0.0,-0.0702082
F,0.0,0.0,0.0,0.0
F,0.0,0.0,0.0,0.0
F,0.0,0.0,0.0,0.0
F,-0.0219154,0.0,0.0,-0.0219154
F,0.0982535,0.0,0.0,0.0982535
F,0.0,0.0,0.0,0.0
F,0.0,0.0,0.0,0.0
F,0.025938,0.0,0.0,0.025938
F,0.0,0.0,0.0,0.0
F,0.0,0.0,0.0,0.0
F,0.0,0.0,0.0,0.0
F,0.0,0.0,0.0,0.0
F,0.0,0.0,0.0,0.0
F,-0.0282818,0.0,0.0,-0.0282818
F,0.0,0.0,0.0,0.0
F,0.0,0.0,0.0,0.0
F,0.0,0.0,0.0,0.0
F,0.0602564,0.0,0.0,0.0602564
F,0.0,0.0,0.0,0.0
F,0.0,0.0,0.0,0.0
F,0.0,0.0,0.0,0.0
F,0.0,0.0,0.0,0.0
F,-0.078214,0.0,0.0,-0.078214
F,0.0,0.0,0.0,0.0
F,0.0,0.0,0.0,0.0
F,0.0,0.0,0.0,0.0
F,0.0,0.0,0.0,0.0
F,0.0,0.0,0.0,0.0
F,0.0284229,0.0,0.0,0.0284229
F,0.0,0.0,0.0,0.0
F,0.0353772,0.0,0.0,0.0353772
F,0.0,0.0,0.0,0.0
F,0.0,0.0,0.0,0.0
F,0.0,0.0,0.0,0.0
F,0.0,0.0,0.0,0.0
F,0.0,0.0,0.0,0.0
F,0.0,0.0,0.0,0.0
F,0.0,0.0,0.0,0.0
F,0.0,0.0,0.0,0.0
F,0.0,0.0,0.0,0.0
F,0.0,0.0,0.0,0.0
F,0.0,0.0,0.0,0.0
F,0.0,0.0,0.0,0.0
F,0.0,0.0,0.0,0.0
F,0.057286,0.0,0.0,0.057286
F,0.0,0.0,0.0,0.0
F,0.0,0.0,0.0,0.0
F,0.0,0.0,0.0,0.0
F,0.0,0.0,0.0,0.0
F,0.0,0.0,0.0,0.0
F,0.0,0.0,0.0,0.0
F,0.0,0.0,0.0,0.0
F,0.0,0.0,0.0,0.0
F,0.0,0.0,0.0,0.0
F,0.0,0.0,0.0,0.0
F,0.0,0.0,0.0,0.0
F,-0.024028,0.0,0.0,-0.024028
F,0.0,0.0,0.0,0.0
F,0.0,0.0,0.0,0.0
F,0.0,0.0,0.0,0.0
F,0.0,0.0,0.0,0.0
F,0.0159401,0.0,0.0,0.0159401
F,-0.00621978,0.0,0.0,-0.00621978
F,0.0,0.0,0.0,0.0
F,0.0,0.0,0.0,0.0
F,0.0,0.0,0.0,0.0
F,0.0,0.0,0.0,0.0
F,0.0,0.0,0.0,0.0
F,0.0,0.0,0.0,0.0
F,0.0183,0.0,0.0,0.0183
F,-0.0264111,0.0,0.0,-0.0264111
F,-0.0150907,0.0,0.0,-0.0150907
F,0.0,0.0,0.0,0.0
F,-0.0738422,0.0,0.0,-0.0738422
F,0.0,0.0,0.0,0.0
F,0.0152643,0.0,0.0,0.0152643
F,0.0,0.0,0.0,0.0
F,0.0159401,0.0,0.0,0.0159401
F,0.0,0.0,0.0,0.0
F,0.0,0.0,0.0,0.0
F,0.0,0.0,0.0,0.0
F,0.0,0.0,0.0,0.0
F,0.0,0.0,0.0,0.0
F,0.0,0.0,0.0,0.0
F,0.0,0.0,0.0,0.0
F,0.0489031,0.0,0.0,0.0489031
F,0.0,0.0,0.0,0.0
F,0.0,0.0721706,0.0721706,0.0721706
F,0.0,0.0,0.0,0.0
F,0.0,0.0,0.0,0.0
F,0.0,0.0,0.0,0.0
F,0.0,0.0,0.0,0.0
F,0.0,0.0,0.0,0.0
F,0.0,0.0,0.0,0.0
F,0.00415897,0.0,0.0,0.00415897
F,0.0,0.0,0.0,0.0
F,0.0,0.0,0.0,0.0
F,0.0,0.0,0.0,0.0
F,0.0,0.0,0.0,0.0
F,0.0,0.0,0.0,0.0
F,0.0,0.0,0.0,0.0
F,0.0,0.0,0.0,0.0
F,0.0,0.0,0.0,0.0
F,0.0,0.0,0.0,0.0
F,-0.0394059,0.0,0.0,-0.0394059
F,-0.0926436,0.0,0.0,-0.0926436
F,0.0469608,0.0,0.0,0.0469608
F,0.0,0.0,0.0,0.0
F,0.0,0.0,0.0,0.0
F,0.0,0.0,0.0,0.0
F,0.0309856,0.0,0.0,0.0309856
F,0.0,0.0,0.0,0.0
F,0.0,0.0,0.0,0.0
F,0.0,0.0,0.0,0.0
F,-0.104579,0.0,0.0,-0.104579
F,0.0,0.0,0.0,0.0
F,0.0,0.0,0.0,0.0
F,0.0,0.0,0.0,0.0
F,0.0,0.0,0.0,0.0
F,0.0,0.0,0.0,0.0
F,0.0,0.0,0.0,0.0
F,0.0,0.0,0.0,0.0
F,0.0,0.0,0.0,0.0
F,0.0,0.0,0.0,0.0
F,0.0,0.0,0.0,0.0
F,0.0472219,0.0,0.0,0.0472219
F,0.0,0.0,0.0,0.0
F,0.0,0.0,0.0,0.0
F,0.0,0.0,0.0,0.0
F,0.0,0.0,0.0,0.0
F,0.0,0.0,0.0,0.0
F,0.0,0.0,0.0,0.0
F,0.0,0.0,0.0,0.0
F,0.0,0.0,0.0,0.0
F,0.0,0.0,0.0,0.0
F,0.0,0.0,0.0,0.0
F,0.0,0.0,0.0,0.0
F,0.0,0.0,0.0,0.0
F,0.0,0.0,0.0,0.0
F,0.0,0.0,0.0,0.0
F,0.0,0.0,0.0,0.0
F,0.0,0.0,0.0,0.0
F,0.0468707,0.0,0.0,0.0468707
F,0.0,0.0,0.0,0.0
F,0.0,0.0,0.0,0.0
F,0.0,0.0,0.0,0.0
F,0.0,0.0,0.0,0.0
F,0.0,0.0,0.0,0.0
F,0.0,0.0,0.0,0.0
F,0.0,0.0,0.0,0.0
F,0.0,0.0,0.0,0.0
F,0.0,0.0,0.0,0.0
F,0.0,0.0,0.0,0.0
F,0.0,0.0,0.0,0.0
F,0.0,0.0,0.0,0.0
F,0.0,0.0,0.0,0.0
F,0.0,0.0,0.0,0.0
F,0.0,0.0,0.0,0.0
F,0.0,0.0,0.0,0.0
F,0.0,0.0,0.0,0.0
F,0.0,0.0,0.0,0.0
F,0.0,0.0,0.0,0.0
F,0.0,0.0,0.0,0.0
F,0.0,0.0,0.0,0.0
F,0.0,0.0,0.0,0.0
F,0.0,0.0,0.0,0.0
F,0.0,0.0,0.0,0.0
F,0.0,0.0,0.0,0.0
F,0.0,0.0,0.0,0.0
F,-0.0884051,0.0,0.0,-0.0884051
F,-0.00727523,0.0,0.0,-0.00727523
F,0.0,0.0,0.0,0.0
F,0.0,0.0,0.0,0.0
F,0.0,0.0,0.0,0.0
F,0.0,0.0,0.0,0.0
F,0.0,0.0,0.0,0.0
F,0.0,0.0,0.0,0.0
F,0.0,0.0,0.0,0.0
F,0.0,0.0,0.0,0.0
F,0.0,0.0,0.0,0.0
F,0.0,0.0,0.0,0.0
F,0.0,0.0,0.0,0.0
F,0.0,0.0,0.0,0.0
F,0.0,0.0,0.0,0.0
F,0.0,0.0,0.0,0.0
F,0.0276188,0.0,0.0,0.0276188
F,0.0,0.0,0.0,0.0
F,0.0,0.0,0.0,0.0
F,0.0,0.0,0.0,0.0
F,0.0,0.0,0.0,0.0
F,0.0,0.0,0.0,0.0
F,0.0,0.0,0.0,0.0
F,0.0,0.0,0.0,0.0
F,0.0,0.0,0.0,0.0
F,0.0,-0.00246143,-0.00246143,-0.00246143
F,0.0,0.0,0.0,0.0
F,0.0,0.0,0.0,0.0
F,0.0,0.0,0.0,0.0
F,0.0,0.0,0.0,0.0
F,0.0,0.0,0.0,0.0
F,0.025938,0.0,0.0,0.025938
F,-0.0331661,0.0,0.0,-0.0331661
F,-0.00727523,0.0,0.0,-0.00727523
F,0.0,0.0,0.0,0.0
F,0.0,0.0,0.0,0.0
F,0.0,0.0,0.0,0.0
F,0.0,0.0,0.0,0.0
F,0.0,0.0,0.0,0.0
F,-0.00329917,0.0,0.0,-0.00329917
F,0.0,0.0,0.0,0.0
F,-0.0965903,0.0,0.0,-0.0965903
F,0.0467365,0.0,0.0,0.0467365
F,0.0,0.0,0.0,0.0
F,0.0,-0.0828451,-0.0828451,-0.0828451
F,0.0,0.0,0.0,0.0
F,0.0,0.0,0.0,0.0
F,0.00152858,0.0,0.0,0.00152858
F,0.0,0.0,0.0,0.0
F,0.0,0.0,0.0,0.0
F,0.0,0.0,0.0,0.0
F,0.0,0.0,0.0,0.0
F,0.0,0.0,0.0,0.0
F,0.0,0.0,0.0,0.0
F,0.0,0.0,0.0,0.0
F,-0.0327046,0.0,0.0,-0.0327046
F,0.0,0.0,0.0,0.0
F,0.0,0.0,0.0,0.0
F,0.0,0.0,0.0,0.0
F,0.0,0.0,0.0,0.0
F,0.0,0.0,0.0,0.0
F,-0.0140621,0.0,0.0,-0.0140621
F,0.0,0.0,0.0,0.0
F,0.0,0.0,0.0,0.0
F,0.0,0.0,0.0,0.0
F,-0.00816748,0.0,0.0,-0.00816748
F,0.0,0.0,0.0,0.0
F,0.0,0.0,0.0,0.0
F,0.0503707,0.0,0.0,0.0503707
F,0.0,0.0,0.0,0.0
F,0.0,0.0,0.0,0.0
F,0.0,0.0,0.0,0.0
F,0.0,0.0,0.0,0.0
F,-0.0210516,0.0304191,0.0304191,0.00936746
F,0.0,0.0,0.0,0.0
F,0.0419201,0.0,0.0,0.0419201
F,0.0,0.0,0.0,0.0
F,0.0,0.0,0.0,0.0
F,0.0,0.0,0.0,0.0
F,0.0,0.0,0.0,0.0
F,0.0,0.0,0.0,0.0
F,0.0,0.0,0.0,0.0
F,0.0,0.0,0.0,0.0
F,0.0,0.0,0.0,0.0
F,0.0,0.0,0.0,0.0
F,0.0,0.0,0.0,0.0
F,0.0,0.0,0.0,0.0
F,0.00325219,0.0,0.0,0.00325219
F,0.0,0.0,0.0,0.0
F,-0.0646404,0.0,0.0,-0.0646404
F,0.0,0.0,0.0,0.0
F,0.0,0.0,0.0,0.0
F,-0.132974,0.0,0.0,-0.132974
F,0.0,0.0,0.0,0.0
F,0.0,0.0,0.0,0.0
F,0.0237118,0.0,0.0,0.0237118
F,0.0,0.0,0.0,0.0
F,0.0,0.0,0.0,0.0
F,0.0,0.0,0.0,0.0
F,0.0,0.0,0.0,0.0
F,0.0,0.0,0.0,0.0
F,0.0,0.0,0.0,0.0
F,0.0229219,0.0,0.0,0.0229219
F,0.0,0.0,0.0,0.0
F,0.0,0.0,0.0,0.0
F,0.0,0.0,0.0,0.0
F,0.0,0.0,0.0,0.0
F,0.0,0.0,0.0,0.0
F,0.0,0.0,0.0,0.0
F,0.0,0.0,0.0,0.0
F,0.0,0.0,0.0,0.0
F,0.0,0.0,0.0,0.0
F,0.0551509,0.0,0.0,0.0551509
F,0.0,0.0,0.0,0.0
F,0.0,0.0,0.0,0.0
F,0.0,0.0,0.0,0.0
F,0.0472219,0.0,0.0,0.0472219
F,0.0,0.0,0.0,0.0
F,-0.0646004,0.0,0.0,-0.0646004
F,0.0,0.0,0.0,0.0
F,0.0,0.0,0.0,0.0
F,0.0,0.0,0.0,0.0
F,0.0,0.0,0.0,0.0
F,0.0,0.0,0.0,0.0
F,0.0,0.0,0.0,0.0
F,0.0,0.0,0.0,0.0
F,0.0,0.0,0.0,0.0
F,0.0,0.0,0.0,0.0
F,0.0,0.0,0.0,0.0
F,0.0,0.0,0.0,0.0
F,0.0,0.0,0.0,0.0
F,0.0,0.0,0.0,0.0
F,0.0,0.0,0.0,0.0
F,0.0,0.0,0.0,0.0
F,0.0434864,0.0,0.0,0.0434864
F,0.0,0.0,0.0,0.0
F,0.0,0.0,0.0,0.0
F,0.0186923,0.0,0.0,0.0186923
F,0.0,0.0,0.0,0.0
F,0.0,0.0,0.0,0.0
F,0.0,0.0,0.0,0.0
F,0.0,0.0,0.0,0.0
F,0.0,0.0,0.0,0.0
F,0.0,0.0,0.0,0.0
F,0.0,0.0,0.0,0.0
F,-0.0646004,0.0,0.0,-0.0646004
F,0.0,0.0,0.0,0.0
F,0.0,0.0,0.0,0.0
F,0.0,0.0,0.0,0.0
F,0.0,0.0,0.0,0.0
F,0.0,0.0,0.0,0.0
F,0.0,0.0,0.0,0.0
F,0.0,-0.0828451,-0.0828451,-0.0828451
F,0.0,0.0,0.0,0.0
F,0.0,0.0,0.0,0.0
F,0.0,0.0,0.0,0.0
F,0.0,0.0,0.0,0.0
F,0.0,0.0,0.0,0.0
F,0.0,0.0,0.0,0.0
F,0.0,0.0,0.0,0.0
F,0.0,0.0,0.0,0.0
F,0.0,0.0,0.0,0.0
F,0.0,0.0,0.0,0.0
F,0.0,0.0,0.0,0.0
F,0.0,0.0,0.0,0.0
F,0.0,0.0,0.0,0.0
F,0.0,0.0,0.0,0.0
F,0.0,0.0,0.0,0.0
F,0.0,0.0,0.0,0.0
F,0.0,0.0,0.0,0.0
F,-0.078214,0.0,0.0,-0.078214
F,-0.00331661,0.0,0.0,-0.00331661
F,0.0,0.0,0.0,0.0
F,-0.0580656,0.0,0.0,-0.0580656
F,0.0,0.0,0.0,0.0
F,0.0,0.0,0.0,0.0
F,0.0586817,0.0,0.0,0.0586817
F,0.0,0.0,0.0,0.0
F,0.0,0.0,0.0,0.0
F,-0.0305391,0.0,0.0,-0.0305391
F,0.0419201,0.0,0.0,0.0419201
F,0.0,0.0,0.0,0.0
F,0.0,0.0,0.0,0.0
F,0.0,0.0,0.0,0.0
F,0.0,0.0,0.0,0.0
F,0.0,0.0,0.0,0.0
F,0.0,0.0,0.0,0.0
F,0.0,0.0,0.0,0.0
F,0.031292,0.0,0.0,0.031292
F,0.0,0.0,0.0,0.0
F,0.0,0.0,0.0,0.0
F,0.0,0.0,0.0,0.0
F,0.0,0.0,0.0,0.0
F,-0.0369745,0.0,0.0,-0.0369745
F,0.0,0.0,0.0,0.0
F,-0.0423089,0.0,0.0,-0.0423089
F,0.0,0.0,0.0,0.0
F,0.0,0.0,0.0,0.0
F,0.0,0.0,0.0,0.0
F,0.0,0.0,0.0,0.0
F,0.1152,0.0,0.0,0.1152
F,0.0,0.0,0.0,0.0
F,0.0,0.0,0.0,0.0
F,0.0,0.0,0.0,0.0
F,0.0,0.0,0.0,0.0
F,-0.0269787,0.0,0.0,-0.0269787
F,0.0,0.0,0.0,0.0
F,0.0,0.0,0.0,0.0
F,0.0,0.0,0.0,0.0
F,0.0,0.0,0.0,0.0
F,0.0,0.0,0.0,0.0
F,0.0,0.0,0.0,0.0
F,0.0,0.0,0.0,0.0
F,0.0,0.0,0.0,0.0
F,0.0,0.0,0.0,0.0
F,0.0,0.0,0.0,0.0
F,0.0,0.0,0.0,0.0
F,0.0,0.0,0.0,0.0
F,0.0,0.0,0.0,0.0
F,0.0,0.0,0.0,0.0
F,0.0,0.0,0.0,0.0
F,0.0,0.0,0.0,0.0
F,0.0,0.0,0.0,0.0
F,0.0,0.0,0.0,0.0
F,-0.00331661,0.0,0.0,-0.00331661
F,0.0,0.0,0.0,0.0
F,0.0,0.0,0.0,0.0
F,0.0,0.0,0.0,0.0
F,0.0,0.0,0.0,0.0
F,-0.012317,0.0,0.0,-0.012317
F,0.0,0.0,0.0,0.0
F,-0.00462255,0.0,0.0,-0.00462255
F,0.0,0.0,0.0,0.0
F,0.0,0.0,0.0,0.0
F,0.0,0.0,0.0,0.0
F,0.0,0.0,0.0,0.0
F,0.0,0.0,0.0,0.0
F,0.0,0.0,0.0,0.0
F,0.0,0.0,0.0,0.0
F,0.0,0.0,0.0,0.0
F,0.0,0.0,0.0,0.0
F,0.0,0.0,0.0,0.0
F,0.0,0.0,0.0,0.0
F,0.0,0.0,0.0,0.0
F,0.0,0.0,0.0,0.0
F,0.0,0.0,0.0,0.0
F,0.0,0.0,0.0,0.0
F,0.0,0.0,0.0,0.0
F,0.0,0.0,0.0,0.0
F,0.0,0.0,0.0,0.0
F,0.0452913,0.0,0.0,0.0452913
F,0.0,0.0,0.0,0.0
F,0.0,0.0,0.0,0.0
F,0.0,0.0,0.0,0.0
F,0.0,0.0,0.0,0.0
F,0.0,0.0,0.0,0.0
F,0.0,0.0,0.0,0.0
F,-0.0051549,0.0,0.0,-0.0051549
F,0.0,0.0,0.0,0.0
F,0.0690416,0.0,0.0,0.0690416
F,0.0,0.0,0.0,0.0
F,0.0790711,0.0,0.0,0.0790711
F,0.0,0.0,0.0,0.0
F,-0.00848571,0.0,0.0,-0.00848571
F,0.0,0.0,0.0,0.0
F,0.0,0.0,0.0,0.0
F,0.0,0.0,0.0,0.0
F,0.0,0.0,0.0,0.0
F,0.0,0.0,0.0,0.0
F,0.0,0.0,0.0,0.0
F,0.0,0.0,0.0,0.0
F,0.0,0.0,0.0,0.0
F,0.0,0.0,0.0,0.0
F,0.0,0.0,0.0,0.0
F,0.0,0.0,0.0,0.0
F,0.0,0.0,0.0,0.0
F,0.0,0.0,0.0,0.0
F,0.0,0.0,0.0,0.0
F,0.0,0.0,0.0,0.0
F,0.0,0.0,0.0,0.0
F,0.0,0.0,0.0,0.0
F,0.0,0.0,0.0,0.0
F,0.005801,0.0,0.0,0.005801
F,0.0,0.0,0.0,0.0
F,-0.0532407,0.0,0.0,-0.0532407
F,0.0,0.0,0.0,0.0
F,0.0,0.0,0.0,0.0
F,0.0,0.0,0.0,0.0
F,0.0,0.0,0.0,0.0
F,0.0,0.0,0.0,0.0
F,0.0,0.0,0.0,0.0
F,0.0,0.0,0.0,0.0
F,-0.113479,0.0,0.0,-0.113479
F,0.0,0.0,0.0,0.0
F,0.0,0.0,0.0,0.0
F,0.0,0.0,0.0,0.0
F,0.0,0.0,0.0,0.0
F,0.103871,0.0,0.0,0.103871
F,-0.0573118,0.0,0.0,-0.0573118
F,0.0,0.0,0.0,0.0
F,0.0,0.0,0.0,0.0
F,0.0,0.0,0.0,0.0
F,0.0,0.0,0.0,0.0
F,0.0,0.0,0.0,0.0
F,0.0,0.0,0.0,0.0
F,0.0,0.0,0.0,0.0
F,-0.135909,0.0,0.0,-0.135909
F,0.0,0.0,0.0,0.0
F,0.0,0.0,0.0,0.0
F,0.0,0.0,0.0,0.0
F,0.0,0.0,0.0,0.0
F,0.0,0.0,0.0,0.0
F,0.0,0.0,0.0,0.0
F,0.0,0.0,0.0,0.0
F,0.0,0.0,0.0,0.0
F,0.0,0.0,0.0,0.0
F,0.0,0.0,0.0,0.0
F,-0.0646305,0.0,0.0,-0.0646305
F,-0.0184013,0.0,0.0,-0.0184013
F,0.0,0.0,0.0,0.0
F,0.0,0.0,0.0,0.0
F,0.0,0.0,0.0,0.0
F,0.0,0.0,0.0,0.0
F,0.0,0.0,0.0,0.0
F,0.0,0.0,0.0,0.0
F,0.0,0.0,0.0,0.0
F,0.0,0.0,0.0,0.0
F,0.0,0.0,0.0,0.0
F,0.0,0.0,0.0,0.0
F,0.0,0.0,0.0,0.0
F,0.0,0.0,0.0,0.0
F,0.0,0.0,0.0,0.0
F,0.0,0.0,0.0,0.0
F,0.0,0.0,0.0,0.0
F,-0.024028,0.0,0.0,-0.024028
F,-0.078214,0.0,0.0,-0.078214
F,0.0180563,0.0,0.0,0.0180563
F,0.0,0.0,0.0,0.0
F,0.0,0.0,0.0,0.0
F,0.0,0.0,0.0,0.0
F,0.0,0.0,0.0,0.0
F,0.0,0.0,0.0,0.0
F,0.0,0.0,0.0,0.0
F,0.0,0.0,0.0,0.0
F,0.0,0.0,0.0,0.0
F,-0.0392288,0.0,0.0,-0.0392288
F,0.0,0.0,0.0,0.0
F,0.0,0.0,0.0,0.0
F,0.0,0.0,0.0,0.0
F,0.0,0.0,0.0,0.0
F,0.0,0.0,0.0,0.0
F,0.0,0.0,0.0,0.0
F,0.0,0.0,0.0,0.0
F,0.0,0.0,0.0,0.0
F,0.0,0.0,0.0,0.0
F,0.0,0.0,0.0,0.0
F,0.0,0.0,0.0,0.0
F,0.0,0.0,0.0,0.0
F,0.0,0.0,0.0,0.0
F,0.0,0.0,0.0,0.0
F,0.0,0.0,0.0,0.0
F,0.0,0.0,0.0,0.0
F,-0.0331293,0.0,0.0,-0.0331293
F,0.0,0.0,0.0,0.0
F,0.0,0.0,0.0,0.0
F,-0.0438565,0.0,0.0,-0.0438565
F,0.0,0.0,0.0,0.0
F,-0.0658826,0.0,0.0,-0.0658826
F,0.0,0.0,0.0,0.0
F,0.0,0.0,0.0,0.0
F,-0.0130088,0.0,0.0,-0.0130088
F,0.0,0.0,0.0,0.0
F,0.0,0.0,0.0,0.0
F,0.0,0.0,0.0,0.0
F,0.0,0.0,0.0,0.0
F,0.0,0.0,0.0,0.0
F,0.0,0.0,0.0,0.0
F,0.122278,0.0,0.0,0.122278
F,0.0481059,0.0,0.0,0.0481059
F,0.0,0.0,0.0,0.0
F,0.0,0.0,0.0,0.0
F,0.0,0.0,0.0,0.0
F,-0.0465568,0.0,0.0,-0.0465568
F,0.0,0.0,0.0,0.0
F,-0.078214,0.0,0.0,-0.078214
F,0.0,0.0,0.0,0.0
F,0.0,0.0,0.0,0.0
F,0.0,0.0,0.0,0.0
F,0.0,0.0,0.0,0.0
F,0.0,0.0,0.0,0.0
F,0.0,0.0,0.0,0.0
F,-0.0161913,0.0,0.0,-0.0161913
F,0.0,0.0,0.0,0.0
F,0.0,0.0697899,0.0697899,0.0697899
F,0.0,0.0,0.0,0.0
F,0.0,0.0,0.0,0.0
F,0.0,0.0,0.0,0.0
F,0.0,0.0,0.0,0.0
F,0.0,0.0,0.0,0.0
F,0.0,0.0,0.0,0.0
F,0.0,0.0,0.0,0.0
F,0.0,0.0,0.0,0.0
F,0.0,0.0,0.0,0.0
F,0.0,0.0,0.0,0.0
F,0.0,0.0,0.0,0.0
F,0.0,0.0,0.0,0.0
F,0.0,0.0,0.0,0.0
F,0.0148968,0.0,0.0,0.0148968
F,0.0,0.0,0.0,0.0
F,0.0,0.0,0.0,0.0
F,0.0,0.0,0.0,0.0
F,0.0,0.0,0.0,0.0
F,0.0,0.0,0.0,0.0
F,0.0,0.0,0.0,0.0
F,0.0,0.0,0.0,0.0
F,0.0131403,0.0,0.0,0.0131403
F,0.0,0.0,0.0,0.0
F,0.0,0.0,0.0,0.0
F,0.0,0.0,0.0,0.0
F,0.0,0.0,0.0,0.0
F,0.0,0.0,0.0,0.0
F,0.0488192,0.0,0.0,0.0488192
F,0.106168,0.0,0.0,0.106168
F,0.0,0.0,0.0,0.0
F,0.0,0.0,0.0,0.0
F,0.0,0.0,0.0,0.0
F,0.0,0.0,0.0,0.0
F,0.0,0.0,0.0,0.0
F,0.0,0.0,0.0,0.0
F,-0.0622691,0.0,0.0,-0.0622691
F,0.0,0.0,0.0,0.0
F,0.0,0.0,0.0,0.0
F,0.0421965,0.0,0.0,0.0421965
F,0.0,0.0,0.0,0.0
F,0.0,0.0,0.0,0.0
F,0.0,0.0,0.0,0.0
F,0.0,0.0,0.0,0.0
F,0.0,0.0,0.0,0.0
F,0.0,0.0,0.0,0.0
F,0.0,0.0,0.0,0.0
F,0.0,0.0,0.0,0.0
F,0.0,0.0,0.0,0.0
F,0.0,0.0,0.0,0.0
F,0.0,0.0,0.0,0.0
F,0.0,0.0,0.0,0.0
F,0.0,0.0,0.0,0.0
F,0.0,0.0,0.0,0.0
F,0.0,0.0,0.0,0.0
F,0.0,0.0,0.0,0.0
F,0.0,0.0,0.0,0.0
F,0.0,0.0,0.0,0.0
F,0.0,0.0,0.0,0.0
F,0.0,0.0,0.0,0.0
F,0.0,0.0,0.0,0.0
F,0.0210083,0.0,0.0,0.0210083
F,0.0,0.0,0.0,0.0
F,-0.0536053,0.0,0.0,-0.0536053
F,0.0,0.0,0.0,0.0
F,0.0,0.0,0.0,0.0
F,0.0,0.0,0.0,0.0
F,0.0337805,0.0,0.0,0.0337805
F,-0.0335565,0.0,0.0,-0.0335565
F,0.0,0.0,0.0,0.0
F,0.0,0.0,0.0,0.0
F,0.0,0.0,0.0,0.0
F,0.0273423,0.0,0.0,0.0273423
F,0.0,0.0,0.0,0.0
F,0.0,0.0,0.0,0.0
F,0.0,0.0,0.0,0.0
F,0.0,0.0,0.0,0.0
F,0.0337805,0.0,0.0,0.0337805
F,0.0,0.0,0.0,0.0
F,0.0,0.0,0.0,0.0
F,0.0,0.0,0.0,0.0
F,0.0,0.0,0.0,0.0
F,0.0,0.0,0.0,0.0
F,0.0,0.0,0.0,0.0
F,0.0,0.0,0.0,0.0
F,-0.0361159,0.0,0.0,-0.0361159
F,0.0,0.0,0.0,0.0
F,0.0,0.0,0.0,0.0
F,0.0,0.0,0.0,0.0
F,0.0,0.0,0.0,0.0
F,0.0,0.0,0.0,0.0
F,0.0,0.0,0.0,0.0
F,0.0,0.0,0.0,0.0
F,0.0,0.0,0.0,0.0
F,0.0,0.0,0.0,0.0
F,0.0,0.0,0.0,0.0
F,0.0,0.0,0.0,0.0
F,0.0,0.0,0.0,0.0
F,0.0237118,0.0,0.0,0.0237118
F,-0.0104756,0.0,0.0,-0.0104756
F,0.0,0.0,0.0,0.0
F,0.0,0.0,0.0,0.0
F,0.0,0.0,0.0,0.0
F,0.0,0.0,0.0,0.0
F,0.0,0.0,0.0,0.0
F,0.0,0.0,0.0,0.0
F,0.0,0.0,0.0,0.0
F,0.0,0.0,0.0,0.0
F,0.0,0.0,0.0,0.0
F,0.0451293,0.0,0.0,0.0451293
F,0.0,0.0,0.0,0.0
F,0.0,0.0,0.0,0.0
F,0.0,0.0,0.0,0.0
F,0.0,0.0,0.0,0.0
F,-0.0599846,0.0,0.0,-0.0599846
F,0.0,0.0,0.0,0.0
F,0.0,0.0,0.0,0.0
F,0.0,0.0,0.0,0.0
F,0.0,0.0,0.0,0.0
F,0.0,0.0,0.0,0.0
F,0.0,0.0,0.0,0.0
F,0.0,0.0,0.0,0.0
F,0.0,0.0,0.0,0.0
F,0.0,0.0,0.0,0.0
F,0.0337805,0.0,0.0,0.0337805
F,-0.0101177,0.0,0.0,-0.0101177
F,0.0,0.0,0.0,0.0
F,0.0,0.0,0.0,0.0
F,0.0,0.0,0.0,0.0
F,0.0,0.0,0.0,0.0
F,0.0,0.0,0.0,0.0
F,0.0,0.0,0.0,0.0
F,0.0,0.0,0.0,0.0
F,0.0,0.0,0.0,0.0
F,0.0,0.0,0.0,0.0
F,0.0,0.0,0.0,0.0
F,0.0452913,0.0,0.0,0.0452913
F,-0.00381989,0.0,0.0,-0.00381989
F,0.0568108,0.0,0.0,0.0568108
F,0.0,0.0,0.0,0.0
F,-0.00300004,0.0,0.0,-0.00300004
F,0.0,0.0,0.0,0.0
F,-0.0640999,0.0,0.0,-0.0640999
F,0.0,0.0,0.0,0.0
F,0.0420728,0.0,0.0,0.0420728
F,0.0,0.0,0.0,0.0
F,0.0,0.0,0.0,0.0
F,0.0,0.0,0.0,0.0
F,0.0,0.0,0.0,0.0
F,0.0,0.0,0.0,0.0
F,0.0,0.0,0.0,0.0
F,0.0,0.0,0.0,0.0
F,0.0,0.0,0.0,0.0
F,0.0,0.0,0.0,0.0
F,0.0,0.0,0.0,0.0
F,0.0,0.0,0.0,0.0
F,0.0,0.0,0.0,0.0
F,0.0733304,0.0,0.0,0.0733304
F,0.0,0.0,0.0,0.0
F,0.0,0.0,0.0,0.0
F,0.0,0.0,0.0,0.0
F,0.0,0.0,0.0,0.0
F,0.0292665,0.0,0.0,0.0292665
F,0.0,0.0,0.0,0.0
F,0.0,0.0,0.0,0.0
F,0.0,0.0,0.0,0.0
F,0.0,0.0,0.0,0.0
F,0.0,0.0,0.0,0.0
F,-0.00617542,0.0,0.0,-0.00617542
F,0.0,0.0,0.0,0.0
F,0.0116983,0.0,0.0,0.0116983
F,0.0,0.0,0.0,0.0
F,0.0894258,0.0,0.0,0.0894258
F,0.0,0.0,0.0,0.0
F,0.0,0.0,0.0,0.0
F,0.0,0.0,0.0,0.0
F,0.0,0.0,0.0,0.0
F,0.0,0.0,0.0,0.0
F,0.0,0.0,0.0,0.0
F,0.0,0.0,0.0,0.0
F,0.0,0.0,0.0,0.0
F,0.0,0.0,0.0,0.0
F,0.0,0.0,0.0,0.0
F,0.0,0.0,0.0,0.0
F,-0.00462255,0.0,0.0,-0.00462255
F,0.0,0.0,0.0,0.0
F,0.0,0.0,0.0,0.0
F,0.0280988,0.0,0.0,0.0280988
F,0.0,0.0,0.0,0.0
F,0.0,0.0,0.0,0.0
F,0.0,0.0,0.0,0.0
F,0.0,0.0,0.0,0.0
F,0.0,0.0,0.0,0.0
F,0.0268711,0.0,0.0,0.0268711
F,-0.0646004,0.0,0.0,-0.0646004
F,0.0,0.0,0.0,0.0
F,0.0,0.0,0.0,0.0
F,0.0,0.0,0.0,0.0
F,0.0,0.0,0.0,0.0
F,0.0,0.0,0.0,0.0
F,0.0,0.0,0.0,0.0
F,0.0,0.0,0.0,0.0
F,0.0,0.0,0.0,0.0
F,0.0,0.0,0.0,0.0
F,0.022415,0.0,0.0,0.022415
F,0.0,0.0,0.0,0.0
F,0.0,0.0,0.0,0.0
F,0.0,0.0,0.0,0.0
F,0.0,0.0,0.0,0.0
F,0.0,0.0,0.0,0.0
F,-0.00421994,0.0,0.0,-0.00421994
F,0.0,0.0,0.0,0.0
F,-0.0124182,0.0,0.0,-0.0124182
F,0.0,0.0,0.0,0.0
F,0.0,0.0,0.0,0.0
F,0.0,0.0,0.0,0.0
F,0.0,0.0,0.0,0.0
F,0.0,0.0,0.0,0.0
F,0.045155,0.0,0.0,0.045155
F,0.0,0.0,0.0,0.0
F,0.0,0.0,0.0,0.0
F,0.0,0.0,0.0,0.0
F,-0.0312107,0.0,0.0,-0.0312107
F,0.0,0.0,0.0,0.0
F,0.0,0.0,0.0,0.0
F,0.0,0.0,0.0,0.0
F,0.0,0.0,0.0,0.0
F,0.0180563,0.0,0.0,0.0180563
F,0.0,0.0,0.0,0.0
F,0.0,0.0,0.0,0.0
F,0.0,0.0,0.0,0.0
F,0.0,0.0,0.0,0.0
F,0.0,0.0,0.0,0.0
F,0.0,0.0,0.0,0.0
F,0.0,0.0,0.0,0.0
F,-0.0562178,0.0,0.0,-0.0562178
F,0.0,0.0,0.0,0.0
F,0.0,0.0,0.0,0.0
F,0.0,0.0,0.0,0.0
F,0.0,0.0,0.0,0.0
F,0.0110367,0.0,0.0,0.0110367
F,0.0,0.0,0.0,0.0
F,0.0,0.0,0.0,0.0
F,0.0,0.0,0.0,0.0
F,0.0,-0.0315162,-0.0315162,-0.0315162
F,0.0,0.0,0.0,0.0
F,0.0,0.0,0.0,0.0
F,0.0551509,0.0,0.0,0.0551509
F,0.0,0.0,0.0,0.0
F,0.0,0.0,0.0,0.0
F,0.0,0.0,0.0,0.0
F,0.0,0.0,0.0,0.0
F,0.0,0.0,0.0,0.0
F,0.0,0.0,0.0,0.0
F,0.0,0.0,0.0,0.0
F,-0.0185386,0.0,0.0,-0.0185386
F,0.0,-0.0203132,-0.0203132,-0.0203132
F,0.0,0.0,0.0,0.0
F,0.0,0.0,0.0,0.0
F,0.0,0.0,0.0,0.0
F,0.0,0.0,0.0,0.0
F,0.0,0.0,0.0,0.0
F,0.0406844,0.0,0.0,0.0406844
F,0.0,0.0,0.0,0.0
F,0.0,0.0,0.0,0.0
F,-0.0211883,0.0,0.0,-0.0211883
F,0.0,0.0,0.0,0.0
F,0.0,0.0,0.0,0.0
F,0.0,0.0,0.0,0.0
F,0.0,0.0,0.0,0.0
F,0.0,0.0,0.0,0.0
F,0.0,0.0,0.0,0.0
F,-0.0489355,0.0,0.0,-0.0489355
F,0.0,0.0,0.0,0.0
F,0.0078279,0.0,0.0,0.0078279
F,0.0,0.0,0.0,0.0
F,0.0,0.0,0.0,0.0
F,-0.045117,0.0,0.0,-0.045117
F,0.0,0.0,0.0,0.0
F,0.0,0.0,0.0,0.0
F,0.0468492,0.0,0.0,0.0468492
F,0.0,0.0,0.0,0.0
F,0.0309329,0.0,0.0,0.0309329
F,-0.00317232,0.0,0.0,-0.00317232
F,0.0,0.0,0.0,0.0
F,0.0,0.0,0.0,0.0
F,0.0,0.0,0.0,0.0
F,0.0,0.0,0.0,0.0
F,0.0604898,0.0,0.0,0.0604898
F,0.0,0.0,0.0,0.0
F,0.0,0.0,0.0,0.0
F,0.0,0.0,0.0,0.0
F,0.0,0.0,0.0,0.0
F,0.0,0.0,0.0,0.0
F,0.0,0.0,0.0,0.0
F,0.0,0.0,0.0,0.0
F,0.0,0.0,0.0,0.0
F,0.0,0.0,0.0,0.0
F,0.0,0.0,0.0,0.0
F,0.0,0.0,0.0,0.0
F,-0.00331661,0.0,0.0,-0.00331661
F,0.0,0.0,0.0,0.0
F,0.0,0.0,0.0,0.0
F,-0.0361159,0.0,0.0,-0.0361159
F,0.0,0.0,0.0,0.0
F,0.0,0.0,0.0,0.0
F,0.0,0.0,0.0,0.0
F,0.0,0.0,0.0,0.0
F,0.0,0.0,0.0,0.0
F,0.0,0.0,0.0,0.0
F,0.0,0.0,0.0,0.0
F,0.0,0.0,0.0,0.0
F,0.108539,0.0,0.0,0.108539
F,0.0,0.0,0.0,0.0
F,0.0,0.0,0.0,0.0
F,0.0,0.0,0.0,0.0
F,0.0,0.0,0.0,0.0
F,0.0,0.0,0.0,0.0
F,0.0,0.0,0.0,0.0
F,0.0,0.0,0.0,0.0
F,0.0,0.0,0.0,0.0
F,0.0,0.0,0.0,0.0
F,0.0,0.0,0.0,0.0
F,0.0930067,0.0,0.0,0.0930067
F,0.0276123,0.0,0.0,0.0276123
F,0.0,0.0,0.0,0.0
F,0.0,0.0,0.0,0.0
F,-0.0123371,0.0,0.0,-0.0123371
F,0.0,0.0,0.0,0.0
F,0.0,0.0,0.0,0.0
F,0.0,0.0,0.0,0.0
F,0.0,0.0,0.0,0.0
F,0.0,0.0,0.0,0.0
F,0.0,0.0,0.0,0.0
F,0.0,0.0,0.0,0.0
F,0.0,0.0,0.0,0.0
F,-0.00777444,0.0,0.0,-0.00777444
F,0.0,0.0,0.0,0.0
F,0.0,0.0,0.0,0.0
F,0.0,0.0,0.0,0.0
F,0.0,0.0,0.0,0.0
F,0.0,0.0,0.0,0.0
F,0.0,0.0,0.0,0.0
F,0.0,0.0,0.0,0.0
F,0.0,0.0,0.0,0.0
F,0.0,0.0,0.0,0.0
F,0.0,0.0,0.0,0.0
F,0.0,0.0,0.0,0.0
F,0.0,0.0,0.0,0.0
F,0.0,0.0,0.0,0.0
F,0.0,0.0,0.0,0.0
F,0.0,0.0,0.0,0.0
F,0.0,0.0,0.0,0.0
F,0.0,0.0,0.0,0.0
F,0.0,0.0,0.0,0.0
F,0.0,0.0,0.0,0.0
F,0.0,0.0,0.0,0.0
F,-0.082561,0.0,0.0,-0.082561
F,0.0,0.0,0.0,0.0
F,0.0707743,0.0,0.0,0.0707743
F,0.0271601,0.0,0.0,0.0271601
F,0.0,0.0,0.0,0.0
F,0.0,0.0,0.0,0.0
F,0.0,0.0,0.0,0.0
F,0.0,0.0,0.0,0.0
F,0.0,0.0,0.0,0.0
F,0.0,0.0,0.0,0.0
F,0.0,0.0,0.0,0.0
F,0.0,0.0,0.0,0.0
F,0.0,0.0,0.0,0.0
F,0.0,0.0,0.0,0.0
F,0.0,0.0,0.0,0.0
F,0.0,0.0,0.0,0.0
F,0.0,0.0,0.0,0.0
F,0.0,0.0,0.0,0.0
F,0.0,0.0,0.0,0.0
F,-0.0997395,0.0,0.0,-0.0997395
F,0.0,0.0,0.0,0.0
F,0.0,0.0,0.0,0.0
F,0.0,0.0,0.0,0.0
F,0.0,0.0,0.0,0.0
F,0.0,0.0,0.0,0.0
F,0.0,0.0,0.0,0.0
F,0.0,0.0,0.0,0.0
F,-0.00462255,0.0,0.0,-0.00462255
F,0.0,0.0,0.0,0.0
F,-0.00374705,0.0,0.0,-0.00374705
F,0.0,0.0,0.0,0.0
F,0.0,0.0,0.0,0.0
F,0.0,0.0,0.0,0.0
F,-0.024028,0.0,0.0,-0.024028
F,0.0,0.0,0.0,0.0
F,0.0,0.0,0.0,0.0
F,0.111851,0.0,0.0,0.111851
F,-0.0669135,0.0,0.0,-0.0669135
F,-0.0312394,0.0,0.0,-0.0312394
F,0.0,0.0,0.0,0.0
F,0.0,0.0,0.0,0.0
F,0.0,0.0,0.0,0.0
F,0.0,0.0,0.0,0.0
F,0.0,0.0,0.0,0.0
F,0.0,0.0,0.0,0.0
F,0.0,0.0,0.0,0.0
F,0.0,0.0,0.0,0.0
F,0.0,0.0,0.0,0.0
F,0.0,0.0,0.0,0.0
F,0.0,0.0,0.0,0.0
F,0.0,0.0,0.0,0.0
F,0.0,0.0,0.0,0.0
F,0.0,0.0,0.0,0.0
F,0.0,0.0,0.0,0.0
F,0.0,0.0,0.0,0.0
F,0.0,0.0,0.0,0.0
F,0.0,0.0,0.0,0.0
F,0.0628166,0.0,0.0,0.0628166
F,0.0,0.0,0.0,0.0
F,0.0,0.0,0.0,0.0
F,0.0,0.0,0.0,0.0
F,0.0,0.0,0.0,0.0
F,0.0,0.0,0.0,0.0
F,0.0,0.0,0.0,0.0
F,0.0,0.0,0.0,0.0
F,0.0,0.0,0.0,0.0
F,0.0,0.0,0.0,0.0
F,0.0,0.0,0.0,0.0
F,0.0,0.0,0.0,0.0
F,0.0,0.0,0.0,0.0
F,0.0,0.0,0.0,0.0
F,0.0,0.0,0.0,0.0
F,0.0,0.0,0.0,0.0
F,0.0,0.0,0.0,0.0
F,0.0,0.0,0.0,0.0
F,0.00650669,0.0,0.0,0.00650669
F,0.0,0.0,0.0,0.0
F,0.0,0.0,0.0,0.0
F,0.0,0.0,0.0,0.0
F,0.0,0.0,0.0,0.0
F,0.0,0.0,0.0,0.0
F,0.0,0.0,0.0,0.0
F,0.0,0.0,0.0,0.0
F,0.0,0.0,0.0,0.0
F,0.0,0.0,0.0,0.0
F,0.0,0.0,0.0,0.0
F,0.0,0.0,0.0,0.0
F,0.0,0.0,0.0,0.0
F,0.0,0.0,0.0,0.0
F,0.0,0.0,0.0,0.0
F,0.0,0.0,0.0,0.0
F,0.0,0.0,0.0,0.0
F,0.0,0.0,0.0,0.0
F,0.0,0.0,0.0,0.0
F,0.0,0.0,0.0,0.0
F,0.0,0.0,0.0,0.0
F,0.0,0.0,0.0,0.0
F,0.0,0.0,0.0,0.0
F,0.0,0.0,0.0,0.0
F,0.0,0.0,0.0,0.0
F,0.0,0.0,0.0,0.0
F,0.0,0.0,0.0,0.0
F,0.0,0.0,0.0,0.0
F,0.0,0.0,0.0,0.0
F,0.0,0.0,0.0,0.0
F,0.0,0.0,0.0,0.0
F,0.0,0.0,0.0,0.0
F,0.0,0.0,0.0,0.0
F,0.0,0.0,0.0,0.0
F,0.0,0.0,0.0,0.0
F,0.0,0.0,0.0,0.0
F,0.0,0.0,0.0,0.0
F,0.0,0.0,0.0,0.0
F,0.022415,0.0,0.0,0.022415
F,0.0,0.0,0.0,0.0
F,0.0186923,0.0,0.0,0.0186923
F,0.0147396,0.0,0.0,0.0147396
F,0.0,0.0,0.0,0.0
F,0.0,0.0,0.0,0.0
F,0.0,0.0,0.0,0.0
F,0.0,0.0,0.0,0.0
F,0.0,0.0,0.0,0.0
F,0.0,0.0,0.0,0.0
F,0.0,0.0,0.0,0.0
F,0.0,0.0,0.0,0.0
F,0.0,0.0,0.0,0.0
F,0.0,0.0,0.0,0.0
F,0.0254265,0.0,0.0,0.0254265
F,0.0,0.0,0.0,0.0
F,0.0,0.0,0.0,0.0
F,-0.0543556,0.0,0.0,-0.0543556
F,0.0,0.0,0.0,0.0
F,0.0,0.0,0.0,0.0
F,0.0,0.0,0.0,0.0
F,0.0,0.0,0.0,0.0
F,0.0659901,0.0,0.0,0.0659901
F,-0.00191093,0.0,0.0,-0.00191093
F,0.0,0.0,0.0,0.0
F,0.0,0.0,0.0,0.0
F,0.0,0.0,0.0,0.0
F,0.0198558,0.0,0.0,0.0198558
F,0.0,0.0,0.0,0.0
F,0.0,0.0,0.0,0.0
F,0.0,0.0,0.0,0.0
F,0.0,0.0,0.0,0.0
F,-0.0866874,0.0,0.0,-0.0866874
F,0.0221087,0.0,0.0,0.0221087
F,-0.00462255,0.0,0.0,-0.00462255
F,0.0,0.0,0.0,0.0
F,0.0,0.0,0.0,0.0
F,0.0,0.0,0.0,0.0
F,0.0,0.0,0.0,0.0
F,0.0733304,0.0,0.0,0.0733304
F,0.0,0.0,0.0,0.0
F,0.0,0.0,0.0,0.0
F,0.0,0.0,0.0,0.0
F,0.0,0.0,0.0,0.0
F,0.0,0.0,0.0,0.0
F,0.0,0.0,0.0,0.0
F,0.0,0.0,0.0,0.0
F,0.0,0.0,0.0,0.0
F,0.0,0.0,0.0,0.0
F,0.0,0.0,0.0,0.0
F,0.0,0.0,0.0,0.0
F,-0.0327816,0.0,0.0,-0.0327816
F,0.0,0.0,0.0,0.0
F,0.0,0.0,0.0,0.0
F,0.0,0.0,0.0,0.0
F,0.0,0.0,0.0,0.0
F,-0.0411539,0.0,0.0,-0.0411539
F,0.0,0.0,0.0,0.0
F,-0.00979166,0.0,0.0,-0.00979166
F,0.0,0.0,0.0,0.0
F,0.0,0.0,0.0,0.0
F,0.0,0.0,0.0,0.0
F,0.0123291,0.0,0.0,0.0123291
F,0.0,0.0,0.0,0.0
F,0.0,0.0,0.0,0.0
F,0.0,0.0,0.0,0.0
F,0.0,0.0,0.0,0.0
F,0.0,0.0,0.0,0.0
F,0.0,0.0,0.0,0.0
F,0.0,0.0,0.0,0.0
F,0.0,0.0,0.0,0.0
F,0.0773561,0.0,0.0,0.0773561
F,0.0,0.0,0.0,0.0
F,0.0,0.0,0.0,0.0
F,0.0,0.0,0.0,0.0
F,0.0,0.0,0.0,0.0
F,0.0,0.0,0.0,0.0
F,0.0,0.0,0.0,0.0
F,-0.00577842,0.0,0.0,-0.00577842
F,0.0,0.0,0.0,0.0
F,0.0,0.0,0.0,0.0
F,0.0,0.0,0.0,0.0
F,0.0,0.0,0.0,0.0
F,0.0,0.0,0.0,0.0
F,0.0863645,0.0,0.0,0.0863645
F,0.0,0.0,0.0,0.0
F,0.0,0.0,0.0,0.0
F,0.0,0.0,0.0,0.0
F,0.0,0.0,0.0,0.0
F,0.0,0.0,0.0,0.0
F,0.0,0.0,0.0,0.0
F,0.0,0.0,0.0,0.0
F,0.0,0.0,0.0,0.0
F,0.0424907,0.0,0.0,0.0424907
F,0.0,0.0,0.0,0.0
F,0.0,0.0,0.0,0.0
F,-0.100969,0.0,0.0,-0.100969
F,0.0,0.0,0.0,0.0
F,0.0,0.0,0.0,0.0
F,0.020758,0.0,0.0,0.020758
F,0.0,0.0,0.0,0.0
F,0.0,0.0,0.0,0.0
F,0.0,0.0,0.0,0.0
F,0.0,0.0,0.0,0.0
F,0.0,0.0,0.0,0.0
F,-0.00575659,0.0,0.0,-0.00575659
F,0.0,0.0,0.0,0.0
F,0.0,0.0,0.0,0.0
F,0.10936,0.0,0.0,0.10936
F,0.0,0.0,0.0,0.0
F,0.0,0.0,0.0,0.0
F,0.0,0.0,0.0,0.0
F,0.0,0.0,0.0,0.0
F,0.0,0.0,0.0,0.0
F,0.0,0.0,0.0,0.0
F,0.0,0.0,0.0,0.0
F,0.0,0.0,0.0,0.0
F,0.0,0.0,0.0,0.0
F,0.0,0.0,0.0,0.0
F,0.0,0.0,0.0,0.0
F,0.0,0.0,0.0,0.0
F,0.0661998,0.0,0.0,0.0661998
F,0.0,0.0,0.0,0.0
F,0.0,0.0,0.0,0.0
F,0.0,0.0,0.0,0.0
F,0.0,0.0,0.0,0.0
F,0.15356,0.0,0.0,0.15356
F,0.0,0.0,0.0,0.0
F,0.0,0.0,0.0,0.0
F,0.0,0.0,0.0,0.0
F,0.0,0.0,0.0,0.0
F,0.0,0.0,0.0,0.0
F,0.0,0.0,0.0,0.0
F,0.0,0.0,0.0,0.0
F,0.0,0.0,0.0,0.0
F,0.0,0.0,0.0,0.0
F,0.0,0.0,0.0,0.0
F,0.0,0.0,0.0,0.0
F,0.0,0.0,0.0,0.0
F,0.0,0.0,0.0,0.0
F,0.0,0.0,0.0,0.0
F,0.0,0.0,0.0,0.0
F,-0.0185386,0.0,0.0,-0.0185386
F,-0.0259098,0.0,0.0,-0.0259098
F,0.0,0.0,0.0,0.0
F,0.0,0.0,0.0,0.0
F,0.0,0.0,0.0,0.0
F,0.0,0.0,0.0,0.0
F,0.0,0.0,0.0,0.0
F,0.0117373,0.0,0.0,0.0117373
F,0.0,0.0,0.0,0.0
F,0.0,0.0,0.0,0.0
F,0.0,0.0,0.0,0.0
F,0.0,0.0,0.0,0.0
F,0.0,0.0,0.0,0.0
F,0.0,0.0,0.0,0.0
F,0.0,0.0,0.0,0.0
F,0.0363297,0.0,0.0,0.0363297
F,-0.0605031,0.0,0.0,-0.0605031
F,0.0,0.0,0.0,0.0
F,0.131143,0.0,0.0,0.131143
F,0.118934,0.0,0.0,0.118934
F,0.0,0.0,0.0,0.0
F,0.0503707,0.0,0.0,0.0503707
F,-0.00462255,0.0,0.0,-0.00462255
F,0.0,0.0,0.0,0.0
F,0.0,0.0,0.0,0.0
F,0.0,0.0,0.0,0.0
F,0.0,0.0,0.0,0.0
F,-0.082561,0.0,0.0,-0.082561
F,0.0196443,0.0,0.0,0.0196443
F,0.0,0.0,0.0,0.0
F,0.0,0.0,0.0,0.0
F,0.0,0.0,0.0,0.0
F,0.0,0.0,0.0,0.0
F,0.0,0.0,0.0,0.0
F,0.0,0.0,0.0,0.0
F,0.0,0.0,0.0,0.0
F,0.0,0.0,0.0,0.0
F,0.0,0.0,0.0,0.0
F,0.0,0.0,0.0,0.0
F,0.0,0.0,0.0,0.0
F,0.0,0.0,0.0,0.0
F,0.0,0.0,0.0,0.0
F,0.0,0.0,0.0,0.0
F,0.0,0.0,0.0,0.0
F,0.0,0.0,0.0,0.0
F,0.0,0.0,0.0,0.0
F,0.0,0.0,0.0,0.0
F,0.0,0.0,0.0,0.0
F,0.0,0.0,0.0,0.0
F,0.0,0.0,0.0,0.0
F,0.0,0.0,0.0,0.0
F,0.0319015,0.0,0.0,0.0319015
F,0.0,0.0,0.0,0.0
F,0.0,0.0,0.0,0.0
F,0.0,0.0,0.0,0.0
F,0.0,0.0,0.0,0.0
F,0.0,0.0,0.0,0.0
F,0.0,0.0,0.0,0.0
F,-0.0185386,0.0,0.0,-0.0185386
F,0.0,0.0,0.0,0.0
F,0.0,0.0,0.0,0.0
F,0.0,0.0,0.0,0.0
F,0.0,0.0,0.0,0.0
F,0.0,0.0,0.0,0.0
F,0.0,0.0,0.0,0.0
F,0.0,0.0,0.0,0.0
F,-0.0808486,0.0,0.0,-0.0808486
F,0.0,0.0,0.0,0.0
F,0.0,0.0,0.0,0.0
F,0.0,0.0,0.0,0.0
F,0.0,0.0,0.0,0.0
F,-0.0211678,0.0,0.0,-0.0211678
F,0.0,0.0,0.0,0.0
F,0.0150849,0.0,0.0,0.0150849
F,0.0,0.0,0.0,0.0
F,0.0,0.0,0.0,0.0
F,0.0,0.0,0.0,0.0
F,0.0,0.0,0.0,0.0
F,0.0,0.0,0.0,0.0
F,0.0,0.0,0.0,0.0
F,0.0,0.0,0.0,0.0
F,0.0,0.0,0.0,0.0
F,0.0,0.0,0.0,0.0
F,0.0,0.0,0.0,0.0
F,0.0,0.0,0.0,0.0
F,0.0,0.0,0.0,0.0
F,0.0,0.0,0.0,0.0
F,0.0,0.0,0.0,0.0
F,0.0,0.0,0.0,0.0
F,0.0,0.0,0.0,0.0
F,0.0,0.0,0.0,0.0
F,0.0,0.0,0.0,0.0
F,0.0,0.0,0.0,0.0
F,0.0,0.0,0.0,0.0
F,0.0,0.0,0.0,0.0
F,0.0,0.0,0.0,0.0
F,-0.0171057,0.0,0.0,-0.0171057
F,0.0,0.0,0.0,0.0
F,0.0,0.0,0.0,0.0
F,0.00482077,0.0,0.0,0.00482077
F,0.0,0.0,0.0,0.0
F,0.0268711,0.0,0.0,0.0268711
F,0.0,0.0,0.0,0.0
F,0.0,0.0,0.0,0.0
F,0.0,0.0,0.0,0.0
F,0.0,0.0,0.0,0.0
F,0.0,0.0,0.0,0.0
F,0.0,0.0,0.0,0.0
F,0.0,0.0,0.0,0.0
F,0.0,0.0,0.0,0.0
F,0.0,0.0,0.0,0.0
F,0.0,0.0,0.0,0.0
F,0.0,0.0,0.0,0.0
F,0.0,0.0,0.0,0.0
F,0.0,0.0,0.0,0.0
F,0.0,0.0,0.0,0.0
F,0.0,0.0,0.0,0.0
F,0.0,0.0,0.0,0.0
F,0.0,0.0,0.0,0.0
F,0.0024095,0.0,0.0,0.0024095
F,0.0,0.0,0.0,0.0
F,0.0730121,0.0,0.0,0.0730121
F,0.0,0.0,0.0,0.0
F,0.0,0.0,0.0,0.0
F,0.0,0.0,0.0,0.0
F,0.0,0.0,0.0,0.0
F,0.0,0.0,0.0,0.0
F,0.0,0.0,0.0,0.0
F,0.0,0.0,0.0,0.0
F,0.0,0.0,0.0,0.0
F,0.0,0.0,0.0,0.0
F,0.0,0.0,0.0,0.0
F,0.0,0.0,0.0,0.0
F,-0.0122263,0.0,0.0,-0.0122263
F,0.0,0.0,0.0,0.0
F,0.0,0.0,0.0,0.0
F,0.0,0.0,0.0,0.0
F,0.0,0.0,0.0,0.0
F,0.0,0.0,0.0,0.0
F,0.0,0.0,0.0,0.0
F,0.0,0.0,0.0,0.0
F,0.0,0.0,0.0,0.0
F,0.0,0.0,0.0,0.0
F,0.0,0.0,0.0,0.0
F,0.0,0.0,0.0,0.0
F,0.0,0.0,0.0,0.0
F,0.0,0.0,0.0,0.0
F,0.0,0.0,0.0,0.0
F,0.0,0.0,0.0,0.0
F,0.0,0.0,0.0,0.0
F,0.0,0.0,0.0,0.0
F,0.0,0.0,0.0,0.0
F,0.00336691,0.0,0.0,0.00336691
F,0.0420728,0.0,0.0,0.0420728
F,0.0645624,0.0,0.0,0.0645624
F,0.0558823,0.0,0.0,0.0558823
F,0.0,0.0,0.0,0.0
F,0.0,0.0,0.0,0.0
F,0.0,0.0,0.0,0.0
F,0.0,0.0,0.0,0.0
F,0.0,0.0,0.0,0.0
F,0.0,0.0,0.0,0.0
F,0.0,0.0,0.0,0.0
F,0.0,0.0,0.0,0.0
F,0.0,0.0,0.0,0.0
F,0.0,0.0,0.0,0.0
F,0.0,0.0,0.0,0.0
F,0.0,0.0,0.0,0.0
F,0.0,0.0,0.0,0.0
F,0.0,-0.0552143,-0.0552143,-0.0552143
F,0.0469608,0.0,0.0,0.0469608
F,0.0,0.0,0.0,0.0
F,0.0,0.0,0.0,0.0
F,0.0,0.0,0.0,0.0
F,0.0,0.0,0.0,0.0
F,0.0,0.0,0.0,0.0
F,-0.0263459,0.0,0.0,-0.0263459
F,0.0,0.0,0.0,0.0
F,0.0,0.0,0.0,0.0
F,0.0,0.0,0.0,0.0
F,0.0,0.0,0.0,0.0
F,0.0,0.0,0.0,0.0
F,0.0,0.0,0.0,0.0
F,0.0,0.0,0.0,0.0
F,0.0284229,0.0,0.0,0.0284229
F,-0.088979,0.0,0.0,-0.088979
F,0.0,0.0,0.0,0.0
F,0.0,0.0,0.0,0.0
F,0.0,0.0,0.0,0.0
F,0.0246477,0.0,0.0,0.0246477
F,0.0,0.0,0.0,0.0
F,0.0,0.0,0.0,0.0
F,0.0,0.0,0.0,0.0
F,0.0,0.0,0.0,0.0
F,0.0,0.0,0.0,0.0
F,0.0,0.0,0.0,0.0
F,0.0661998,0.0,0.0,0.0661998
F,0.0,0.0,0.0,0.0
F,0.0,0.0,0.0,0.0
F,0.0,0.0,0.0,0.0
F,0.0,0.0,0.0,0.0
F,0.0,0.0,0.0,0.0
F,0.0,0.0,0.0,0.0
F,0.0,0.0,0.0,0.0
F,0.0,0.0,0.0,0.0
F,0.0,0.0,0.0,0.0
F,0.0,0.0,0.0,0.0
F,0.0,0.0,0.0,0.0
F,0.0,0.0,0.0,0.0
F,0.0116983,0.0,0.0,0.0116983
F,0.0,0.0,0.0,0.0
F,0.0,0.0,0.0,0.0
F,0.0,0.0,0.0,0.0
F,0.0,0.0,0.0,0.0
F,0.0,0.0,0.0,0.0
F,0.0,0.0,0.0,0.0
F,0.0968995,0.0,0.0,0.0968995
F,0.0,0.0,0.0,0.0
F,0.0,0.0,0.0,0.0
F,0.0,0.0,0.0,0.0
F,0.0,0.0,0.0,0.0
F,0.0,0.0,0.0,0.0
F,0.0,0.0,0.0,0.0
F,0.0,0.0,0.0,0.0
F,0.0,0.0,0.0,0.0
F,0.0,0.0,0.0,0.0
F,0.0,0.0,0.0,0.0
F,0.0,0.0,0.0,0.0
F,0.0,0.0,0.0,0.0
F,0.0,0.0,0.0,0.0
F,0.0,0.0,0.0,0.0
F,0.0,0.0,0.0,0.0
F,0.0,0.0,0.0,0.0
F,0.0503707,0.0,0.0,0.0503707
F,0.0,0.0,0.0,0.0
F,0.0,0.0,0.0,0.0
F,0.0,0.0,0.0,0.0
F,0.0,0.0,0.0,0.0
F,0.0,0.0,0.0,0.0
F,0.0120512,0.0,0.0,0.0120512
F,0.0,0.0,0.0,0.0
F,0.0,0.0,0.0,0.0
F,0.0,0.0,0.0,0.0
F,0.0,0.0,0.0,0.0
F,0.0,0.0,0.0,0.0
F,0.0,0.0,0.0,0.0
F,0.0,0.0,0.0,0.0
F,0.103871,0.0,0.0,0.103871
F,0.0,0.0,0.0,0.0
F,0.0,0.0,0.0,0.0
F,0.0,0.0,0.0,0.0
F,0.0,0.0,0.0,0.0
F,0.0,0.0,0.0,0.0
F,0.0,0.0,0.0,0.0
F,0.0,0.0,0.0,0.0
F,0.0,0.0,0.0,0.0
F,0.0420728,0.0,0.0,0.0420728
F,0.0,0.0,0.0,0.0
F,0.0,0.0,0.0,0.0
F,0.0,0.0,0.0,0.0
F,0.0,0.0,0.0,0.0
F,0.0,0.0,0.0,0.0
F,0.0,0.0,0.0,0.0
F,0.0,0.0,0.0,0.0
F,0.0,0.0,0.0,0.0
F,0.0,0.0,0.0,0.0
F,0.0,0.0,0.0,0.0
F,0.0,0.0,0.0,0.0
F,0.0,0.0,0.0,0.0
F,0.0,0.0,0.0,0.0
F,0.0,0.0,0.0,0.0
F,0.0,0.0,0.0,0.0
F,0.0,0.0,0.0,0.0
F,0.0,0.0,0.0,0.0
F,0.0353772,0.0,0.0,0.0353772
F,0.0,0.0,0.0,0.0
F,0.0,0.0,0.0,0.0
F,0.118934,0.0,0.0,0.118934
F,0.0,0.0,0.0,0.0
F,0.00544951,0.0,0.0,0.00544951
F,-0.0392288,0.0,0.0,-0.0392288
F,0.0,0.0,0.0,0.0
F,0.0,0.0,0.0,0.0
F,0.0,0.0,0.0,0.0
F,0.0,0.0,0.0,0.0
F,0.0,0.0,0.0,0.0
F,0.0,0.0,0.0,0.0
F,0.0,0.0,0.0,0.0
F,0.0164092,0.0,0.0,0.0164092
F,0.0,0.0,0.0,0.0
F,-0.0409177,0.0,0.0,-0.0409177
F,0.0,0.0,0.0,0.0
F,0.0,0.0,0.0,0.0
F,0.0,0.0,0.0,0.0
F,0.0,0.0,0.0,0.0
F,-0.000167451,0.0,0.0,-0.000167451
F,0.0,0.0,0.0,0.0
F,0.0,0.0,0.0,0.0
F,0.0,0.0,0.0,0.0
F,0.0,0.0,0.0,0.0
F,0.0,0.0,0.0,0.0
F,0.0,0.0,0.0,0.0
F,0.0,0.0,0.0,0.0
F,0.0,0.0,0.0,0.0
F,0.0,0.0,0.0,0.0
F,0.0,0.0,0.0,0.0
F,0.0,0.0,0.0,0.0
F,0.0,0.0,0.0,0.0
F,0.0326469,0.0,0.0,0.0326469
F,0.0,0.0,0.0,0.0
F,0.0,0.0,0.0,0.0
F,0.0,0.0,0.0,0.0
F,0.0,0.0,0.0,0.0
F,0.0,0.0,0.0,0.0
F,0.0,0.0,0.0,0.0
F,0.0833264,0.0,0.0,0.0833264
F,-0.0355179,0.0,0.0,-0.0355179
F,-0.0328386,0.0,0.0,-0.0328386
F,0.0149762,0.0,0.0,0.0149762
F,-0.0170734,0.0,0.0,-0.0170734
F,0.0,0.0,0.0,0.0
F,0.0,0.0,0.0,0.0
F,0.0,0.0,0.0,0.0
F,0.0,0.0,0.0,0.0
F,0.0,0.0,0.0,0.0
F,0.0,0.0,0.0,0.0
F,0.0,0.0,0.0,0.0
F,0.0,0.0,0.0,0.0
F,0.0,0.0,0.0,0.0
F,0.0,0.0,0.0,0.0
F,0.0,0.0,0.0,0.0
F,0.0,0.0,0.0,0.0
F,0.0,0.0,0.0,0.0
F,0.0,0.0,0.0,0.0
F,0.0,0.0,0.0,0.0
F,0.0,0.0,0.0,0.0
F,0.0,0.0,0.0,0.0
F,0.0,0.0,0.0,0.0
F,0.0,0.0,0.0,0.0
F,0.0,0.0,0.0,0.0
F,0.0,0.0,0.0,0.0
F,0.0,0.0,0.0,0.0
F,0.0,0.0,0.0,0.0
F,0.0,0.0,0.0,0.0
F,0.0,0.0,0.0,0.0
F,0.0,0.0,0.0,0.0
F,0.0,0.0,0.0,0.0
F,0.0,0.0,0.0,0.0
F,0.0,0.0,0.0,0.0
F,0.0,0.0,0.0,0.0
F,0.0,0.0,0.0,0.0
F,0.0,0.0,0.0,0.0
F,0.0,0.0,0.0,0.0
F,0.0,0.0,0.0,0.0
F,0.0322653,0.0,0.0,0.0322653
F,0.0,0.0,0.0,0.0
F,0.0,0.0,0.0,0.0
F,0.0,0.0,0.0,0.0
F,0.00328187,0.0,0.0,0.00328187
F,0.0,0.0,0.0,0.0
F,0.0,0.0,0.0,0.0
F,0.0,0.0,0.0,0.0
F,0.0,0.0,0.0,0.0
F,0.0,0.0,0.0,0.0
F,0.0,0.0,0.0,0.0
F,0.0,0.0,0.0,0.0
F,0.0,0.0,0.0,0.0
F,0.0,0.0,0.0,0.0
F,0.0,0.0,0.0,0.0
F,0.0,0.0,0.0,0.0
F,0.0150849,0.0,0.0,0.0150849
F,0.0,0.0,0.0,0.0
F,0.0,0.0,0.0,0.0
F,0.0,0.0,0.0,0.0
F,0.0,0.0,0.0,0.0
F,0.0,0.0,0.0,0.0
F,0.0,0.0,0.0,0.0
F,0.0,0.0,0.0,0.0
F,0.0268711,0.0,0.0,0.0268711
F,0.0,0.0,0.0,0.0
F,0.0,0.0,0.0,0.0
F,-0.0210516,0.0304191,0.0304191,0.00936746
F,0.0,0.0,0.0,0.0
F,0.0,0.0,0.0,0.0
F,0.0,0.0,0.0,0.0
F,0.0587769,0.0,0.0,0.0587769
F,0.0,0.0,0.0,0.0
F,0.0,0.0,0.0,0.0
F,0.0,0.0,0.0,0.0
F,0.0,0.0,0.0,0.0
F,0.0,0.0,0.0,0.0
F,0.0,0.0,0.0,0.0
F,0.0,0.0,0.0,0.0
F,0.0,0.0,0.0,0.0
F,0.0,0.0,0.0,0.0
F,0.0,0.0,0.0,0.0
F,0.0,0.0,0.0,0.0
F,-0.102451,0.0,0.0,-0.102451
F,-0.0232101,0.0,0.0,-0.0232101
F,-0.0219154,0.0,0.0,-0.0219154
F,0.0,0.0,0.0,0.0
F,0.0,0.0,0.0,0.0
F,0.0,0.0,0.0,0.0
F,0.0,0.0,0.0,0.0
F,0.0,0.0,0.0,0.0
F,0.0,0.0,0.0,0.0
F,0.0,0.0,0.0,0.0
F,0.0,0.0,0.0,0.0
F,-0.0392288,0.0,0.0,-0.0392288
F,0.0,0.0,0.0,0.0
F,0.0,0.0,0.0,0.0
F,0.0,0.0,0.0,0.0
F,-0.113479,0.0,0.0,-0.113479
F,-0.036651,0.0,0.0,-0.036651
F,0.0,0.0,0.0,0.0
F,0.0,0.0,0.0,0.0
F,0.0,0.0,0.0,0.0
F,0.0,0.0,0.0,0.0
F,0.0,0.0,0.0,0.0
F,0.0,0.0,0.0,0.0
F,0.0,0.0,0.0,0.0
F,0.0,0.0,0.0,0.0
F,0.0,0.0,0.0,0.0
F,0.0,0.0,0.0,0.0
F,0.0,0.0,0.0,0.0
F,0.0,0.0,0.0,0.0
F,0.0,0.0,0.0,0.0
F,0.0,0.0,0.0,0.0
F,0.0,0.0,0.0,0.0
F,0.0,0.0,0.0,0.0
F,0.0352661,0.0,0.0,0.0352661
F,0.0,0.0,0.0,0.0
F,0.0,0.0,0.0,0.0
F,0.0,0.0,0.0,0.0
F,0.0,0.0,0.0,0.0
F,0.0,0.0,0.0,0.0
F,0.0,0.0,0.0,0.0
F,-0.0809039,0.0,0.0,-0.0809039
F,0.0,0.0,0.0,0.0
F,0.0,0.0,0.0,0.0
F,0.0,0.0,0.0,0.0
F,0.0,0.0,0.0,0.0
F,0.0,0.0,0.0,0.0
F,0.0,0.0,0.0,0.0
F,0.0,0.0,0.0,0.0
F,-0.0394059,0.0,0.0,-0.0394059
F,0.0,0.0,0.0,0.0
F,0.0,0.0,0.0,0.0
F,0.0,0.0,0.0,0.0
F,-0.0680887,0.0,0.0,-0.0680887
F,0.0,0.0,0.0,0.0
F,0.0,0.0,0.0,0.0
F,0.0,0.0,0.0,0.0
F,0.0,0.0,0.0,0.0
F,0.0,0.0,0.0,0.0
F,0.0,0.0,0.0,0.0
F,0.0,0.0,0.0,0.0
F,0.0,0.0,0.0,0.0
F,0.0,0.0,0.0,0.0
F,0.0,0.0,0.0,0.0
F,0.0,0.0,0.0,0.0
F,0.0,0.0,0.0,0.0
F,-0.0245767,0.0,0.0,-0.0245767
F,0.0,0.0,0.0,0.0
F,0.0,0.0,0.0,0.0
F,0.0,0.0,0.0,0.0
F,0.0,0.0,0.0,0.0
F,0.0,0.0,0.0,0.0
F,0.0,0.0,0.0,0.0
F,0.0,0.0,0.0,0.0
F,0.0,0.0,0.0,0.0
F,0.0,0.0,0.0,0.0
F,0.0,0.0,0.0,0.0
F,0.0,0.0,0.0,0.0
F,0.0,0.0,0.0,0.0
F,0.0,0.0,0.0,0.0
F,0.0,0.0,0.0,0.0
F,0.10113,0.0,0.0,0.10113
F,0.0420728,0.0,0.0,0.0420728
F,0.0,0.0,0.0,0.0
F,0.0434864,0.0,0.0,0.0434864
F,0.0,0.0,0.0,0.0
F,0.0,0.0,0.0,0.0
F,0.0,0.0,0.0,0.0
F,0.0,0.0,0.0,0.0
F,0.084,0.0,0.0,0.084
F,0.0,0.0,0.0,0.0
F,0.0,0.0,0.0,0.0
F,0.0,0.0,0.0,0.0
F,0.0,0.0,0.0,0.0
F,0.0,0.0,0.0,0.0
F,0.0,0.0,0.0,0.0
F,0.0,0.0,0.0,0.0
F,0.0,0.0,0.0,0.0
F,0.0,0.0,0.0,0.0
F,0.0,0.0,0.0,0.0
F,0.0411344,0.0,0.0,0.0411344
F,0.0,0.0,0.0,0.0
F,0.0,0.0,0.0,0.0
F,0.0,0.0,0.0,0.0
F,0.0,0.0,0.0,0.0
F,0.0,0.0,0.0,0.0
F,0.0,0.0,0.0,0.0
F,0.0,0.0,0.0,0.0
F,0.0,0.0,0.0,0.0
F,0.0291016,0.0,0.0,0.0291016
F,0.0112514,0.0,0.0,0.0112514
F,0.0,0.0,0.0,0.0
F,0.0,0.0,0.0,0.0
F,0.0,0.0,0.0,0.0
F,0.0,0.0,0.0,0.0
F,0.0,0.0,0.0,0.0
F,0.0,0.0,0.0,0.0
F,0.0,0.0,0.0,0.0
F,0.0,0.0,0.0,0.0
F,0.0,0.0,0.0,0.0
F,0.0,0.0,0.0,0.0
F,0.0,0.0,0.0,0.0
F,-0.00777444,0.0,0.0,-0.00777444
F,0.0,0.0,0.0,0.0
F,-0.00448578,0.0,0.0,-0.00448578
F,0.0,0.0,0.0,0.0
F,0.0,0.0,0.0,0.0
F,0.0,0.0,0.0,0.0
F,0.0,0.0,0.0,0.0
F,0.0,0.0,0.0,0.0
F,0.00415897,0.0,0.0,0.00415897
F,0.0,0.0,0.0,0.0
F,0.0,0.0,0.0,0.0
F,0.0,0.0,0.0,0.0
F,0.0,0.0,0.0,0.0
F,0.0547771,0.0,0.0,0.0547771
F,0.0,0.0,0.0,0.0
F,0.0,0.0,0.0,0.0
F,0.0,0.0,0.0,0.0
F,0.0,0.0,0.0,0.0
F,0.00686658,0.0,0.0,0.00686658
F,0.0,0.0,0.0,0.0
F,-0.00329917,0.0,0.0,-0.00329917
F,0.0,0.0,0.0,0.0
F,0.0,0.0,0.0,0.0
F,-0.0296883,0.0,0.0,-0.0296883
F,0.0,0.0,0.0,0.0
F,0.0,0.0,0.0,0.0
F,0.0,0.0,0.0,0.0
F,0.0,0.0,0.0,0.0
F,0.0,0.0,0.0,0.0
F,0.0,0.0,0.0,0.0
F,-0.0807618,0.0,0.0,-0.0807618
F,-0.012317,0.0,0.0,-0.012317
F,0.0,0.0,0.0,0.0
F,0.0,0.0,0.0,0.0
F,0.0,0.0,0.0,0.0
F,0.0,0.0,0.0,0.0
F,0.0,0.0,0.0,0.0
F,0.0,0.0,0.0,0.0
F,0.0,0.0,0.0,0.0
F,0.0,0.0,0.0,0.0
F,0.0,0.0,0.0,0.0
F,0.0,0.0,0.0,0.0
F,0.0155847,0.0,0.0,0.0155847
F,0.0,0.0,0.0,0.0
F,0.0,0.0,0.0,0.0
F,0.0,0.0,0.0,0.0
F,0.0,0.0,0.0,0.0
F,-0.164186,0.0,0.0,-0.164186
F,0.0,0.0,0.0,0.0
F,0.0,0.0,0.0,0.0
F,0.0,0.0,0.0,0.0
F,0.0,0.0,0.0,0.0
F,0.00803771,0.0,0.0,0.00803771
F,0.0,0.0,0.0,0.0
F,0.0,0.0,0.0,0.0
F,-0.0536053,0.0,0.0,-0.0536053
F,0.0,0.0,0.0,0.0
F,0.0,0.0,0.0,0.0
F,0.0,0.0,0.0,0.0
F,0.0,0.0,0.0,0.0
F,0.0,0.0,0.0,0.0
F,0.0,0.0,0.0,0.0
F,0.0,0.0,0.0,0.0
F,0.0,0.0,0.0,0.0
F,0.0551509,0.0,0.0,0.0551509
F,0.0,0.0,0.0,0.0
F,0.0,0.0,0.0,0.0
F,0.0,0.0,0.0,0.0
F,0.0,0.0,0.0,0.0
F,0.0,0.0,0.0,0.0
F,0.0,0.0,0.0,0.0
F,0.133235,0.0,0.0,0.133235
F,0.0,0.0,0.0,0.0
F,0.0,0.0,0.0,0.0
F,0.0,0.0,0.0,0.0
F,0.0,0.0,0.0,0.0
F,0.0,0.0,0.0,0.0
F,0.0,0.0,0.0,0.0
F,0.00762758,0.0,0.0,0.00762758
F,0.0,0.0,0.0,0.0
F,0.0,0.0,0.0,0.0
F,0.0,-0.0203132,-0.0203132,-0.0203132
F,0.0,0.0,0.0,0.0
F,0.0,0.0,0.0,0.0
F,0.0602564,0.0,0.0,0.0602564
F,0.0,0.0,0.0,0.0
F,0.0,0.0,0.0,0.0
F,0.0324884,0.0,0.0,0.0324884
F,0.0,0.0,0.0,0.0
F,0.0,0.0,0.0,0.0
F,0.0,0.0,0.0,0.0
F,0.0,0.0,0.0,0.0
F,0.0,0.0,0.0,0.0
F,0.0,0.0,0.0,0.0
F,0.0,0.0,0.0,0.0
F,-0.00617542,0.0,0.0,-0.00617542
F,0.0197397,0.0,0.0,0.0197397
F,0.0,0.0,0.0,0.0
F,0.00325219,0.0,0.0,0.00325219
F,0.0,0.0,0.0,0.0
F,0.0,0.0,0.0,0.0
F,0.0,0.0,0.0,0.0
F,0.0,0.0,0.0,0.0
F,0.0,0.0,0.0,0.0
F,0.0,0.0,0.0,0.0
F,0.0,0.0,0.0,0.0
F,0.0752945,0.0,0.0,0.0752945
F,0.0,0.0,0.0,0.0
F,-0.0263459,0.0,0.0,-0.0263459
F,0.0,0.0,0.0,0.0
F,0.0,0.0,0.0,0.0
F,0.0,0.0,0.0,0.0
F,0.0,0.0,0.0,0.0
F,0.0,0.0,0.0,0.0
F,-0.00628866,0.0,0.0,-0.00628866
F,0.0,0.0,0.0,0.0
F,-0.000374115,0.0,0.0,-0.000374115
F,0.0733304,0.0,0.0,0.0733304
F,0.0,0.0,0.0,0.0
F,0.0,0.0,0.0,0.0
F,0.0,0.0,0.0,0.0
F,0.0,0.0,0.0,0.0
F,0.0,0.0,0.0,0.0
F,0.0,0.0,0.0,0.0
F,-0.00381989,0.0,0.0,-0.00381989
F,0.0,0.0,0.0,0.0
F,0.0349326,0.0,0.0,0.0349326
F,0.0,0.0,0.0,0.0
F,-0.0312394,0.0,0.0,-0.0312394
F,0.0,0.0,0.0,0.0
F,0.0,0.0,0.0,0.0
F,0.0,0.0,0.0,0.0
F,0.0,0.0,0.0,0.0
F,0.0,0.0,0.0,0.0
F,0.0,0.0,0.0,0.0
F,0.063228,0.0,0.0,0.063228
F,0.0,0.0,0.0,0.0
F,0.0,0.0,0.0,0.0
F,-0.0637674,0.0,0.0,-0.0637674
F,0.0,0.0,0.0,0.0
F,0.0,0.0,0.0,0.0
F,0.0,0.0,0.0,0.0
F,0.0,0.0,0.0,0.0
F,0.0,0.0,0.0,0.0
F,0.0,0.0,0.0,0.0
F,0.0,0.0,0.0,0.0
F,0.0,0.0,0.0,0.0
F,0.0,0.0,0.0,0.0
F,0.0,0.0,0.0,0.0
F,0.0,0.0,0.0,0.0
F,0.0,0.0,0.0,0.0
F,0.0,0.0,0.0,0.0
F,-0.0590236,0.0,0.0,-0.0590236
F,0.0,0.0,0.0,0.0
F,0.0,0.0,0.0,0.0
F,-0.0183029,0.0,0.0,-0.0183029
F,0.00708834,0.0,0.0,0.00708834
F,0.0,0.0,0.0,0.0
F,0.0,0.0,0.0,0.0
F,0.0,0.0,0.0,0.0
F,0.0,0.0,0.0,0.0
F,0.0,0.0,0.0,0.0
F,0.0,0.0,0.0,0.0
F,0.0,0.0,0.0,0.0
F,0.0,0.0,0.0,0.0
F,0.031292,0.0,0.0,0.031292
F,0.0,0.0,0.0,0.0
F,0.0,0.0,0.0,0.0
F,0.0,0.0,0.0,0.0
F,0.0,0.0,0.0,0.0
F,0.0468455,0.0,0.0,0.0468455
F,0.0,0.0,0.0,0.0
F,-0.00829929,0.0,0.0,-0.00829929
F,0.0,0.0,0.0,0.0
F,0.0,0.0,0.0,0.0
F,0.0,0.0,0.0,0.0
F,0.0,0.0,0.0,0.0
F,0.0,0.0,0.0,0.0
F,0.0,0.0,0.0,0.0
F,0.0,0.0,0.0,0.0
F,0.0,0.0,0.0,0.0
F,-0.0149267,0.0,0.0,-0.0149267
F,0.0,0.0,0.0,0.0
F,0.0,0.0,0.0,0.0
F,0.0149897,0.0,0.0,0.0149897
F,0.0,0.0,0.0,0.0
F,0.0,0.0,0.0,0.0
F,0.0,0.0,0.0,0.0
F,0.0,0.0,0.0,0.0
F,0.0,0.0,0.0,0.0
F,0.0,0.0,0.0,0.0
F,0.0,0.0,0.0,0.0
F,0.0,0.0,0.0,0.0
F,0.0,0.0,0.0,0.0
F,0.0,0.0,0.0,0.0
F,0.0,0.0,0.0,0.0
F,0.0,0.0,0.0,0.0
F,0.0,0.0,0.0,0.0
F,0.0,0.0,0.0,0.0
F,0.0,0.0,0.0,0.0
F,0.0,0.0,0.0,0.0
F,0.0,0.0,0.0,0.0
F,0.0,0.0,0.0,0.0
F,0.0659997,0.0,0.0,0.0659997
F,0.0,0.0,0.0,0.0
F,0.0,0.0,0.0,0.0
F,0.0,0.0,0.0,0.0
F,0.0,0.0,0.0,0.0
F,0.0,0.0,0.0,0.0
F,0.0,0.0,0.0,0.0
F,0.0,0.0,0.0,0.0
F,0.0,0.0,0.0,0.0
F,0.0,0.0,0.0,0.0
F,0.0,0.0,0.0,0.0
F,0.0,0.0,0.0,0.0
F,-0.00448578,0.0,0.0,-0.00448578
F,0.0,0.0,0.0,0.0
F,0.0,0.0,0.0,0.0
F,0.0,0.0,0.0,0.0
F,0.0,0.0,0.0,0.0
F,-0.0183029,0.0,0.0,-0.0183029
F,0.0,0.0,0.0,0.0
F,0.0,0.0,0.0,0.0
F,0.0,0.0,0.0,0.0
F,0.0,0.0,0.0,0.0
F,0.0,0.0,0.0,0.0
F,0.0,0.0,0.0,0.0
F,0.0,0.0,0.0,0.0
F,0.0,0.0,0.0,0.0
F,0.0,0.0,0.0,0.0
F,0.0,0.0,0.0,0.0
F,0.0,0.0,0.0,0.0
F,-0.0658826,0.0,0.0,-0.0658826
F,0.0,0.0,0.0,0.0
F,0.0,0.0,0.0,0.0
F,0.0,0.0,0.0,0.0
F,0.0,0.0,0.0,0.0
F,0.0,0.0,0.0,0.0
F,0.0,0.0,0.0,0.0
F,0.0,0.0,0.0,0.0
F,0.0,0.0,0.0,0.0
F,0.0,0.0,0.0,0.0
F,0.0,0.0,0.0,0.0
F,0.00415897,0.0,0.0,0.00415897
F,0.0,0.0,0.0,0.0
F,0.0,0.0,0.0,0.0
F,0.0,0.0,0.0,0.0
F,0.0434864,0.0,0.0,0.0434864
F,0.0,0.0,0.0,0.0
F,0.0,0.0,0.0,0.0
F,0.0,0.0,0.0,0.0
F,0.0,0.0,0.0,0.0
F,0.0,0.0,0.0,0.0
F,0.0,0.0,0.0,0.0
F,0.0,0.0,0.0,0.0
F,0.0,0.0,0.0,0.0
F,0.0,0.0,0.0,0.0
F,0.0,0.0,0.0,0.0
F,0.0,0.0,0.0,0.0
F,0.0,0.0,0.0,0.0
F,-0.0212617,0.0,0.0,-0.0212617
F,0.0,0.0,0.0,0.0
F,0.0,0.0,0.0,0.0
F,0.0,0.0,0.0,0.0
F,-0.113479,0.0,0.0,-0.113479
F,0.0,0.0,0.0,0.0
F,0.0,0.0,0.0,0.0
F,0.0,0.0,0.0,0.0
F,-0.0411539,0.0,0.0,-0.0411539
F,0.0,0.0,0.0,0.0
F,0.0159401,0.0,0.0,0.0159401
F,-0.0085108,0.0,0.0,-0.0085108
F,0.0,0.0,0.0,0.0
F,0.0,0.0,0.0,0.0
F,0.0,0.0,0.0,0.0
F,0.0,0.0,0.0,0.0
F,0.0,0.0,0.0,0.0
F,0.0,0.0,0.0,0.0
F,-0.00966812,0.0,0.0,-0.00966812
F,0.0,0.0,0.0,0.0
F,0.0,0.0,0.0,0.0
F,0.0,0.0,0.0,0.0
F,0.0,0.0,0.0,0.0
F,0.0,0.0,0.0,0.0
F,0.0,-0.0552143,-0.0552143,-0.0552143
F,0.0,0.0,0.0,0.0
F,0.0,0.0,0.0,0.0
F,0.0368152,0.0,0.0,0.0368152
F,0.065128,0.0,0.0,0.065128
F,0.0,0.0,0.0,0.0
F,0.0,0.0,0.0,0.0
F,0.0,0.0,0.0,0.0
F,0.0,0.0,0.0,0.0
F,0.0,0.0,0.0,0.0
F,0.0,0.0,0.0,0.0
F,-0.0226373,0.0,0.0,-0.0226373
F,0.0,0.0,0.0,0.0
F,0.0,0.0,0.0,0.0
F,0.0,0.0,0.0,0.0
F,0.0,0.0,0.0,0.0
F,0.0,0.0,0.0,0.0
F,0.0,0.0,0.0,0.0
F,0.0,0.0,0.0,0.0
F,-0.082561,0.0,0.0,-0.082561
F,0.0,0.0,0.0,0.0
F,0.0,0.0,0.0,0.0
F,0.00784157,0.0,0.0,0.00784157
F,0.0,0.0,0.0,0.0
F,0.0,0.0,0.0,0.0
F,0.0,0.0,0.0,0.0
F,0.0,0.0,0.0,0.0
F,0.0,0.0,0.0,0.0
F,0.0,0.0,0.0,0.0
F,-0.0384833,0.0,0.0,-0.0384833
F,-0.021796,0.0441943,0.0441943,0.0223983
F,0.0,0.0,0.0,0.0
F,0.101358,0.0,0.0,0.101358
F,0.0,0.0,0.0,0.0
F,0.0,0.0,0.0,0.0
F,0.0,0.0,0.0,0.0
F,0.0,0.0,0.0,0.0
F,0.0,0.0,0.0,0.0
F,0.0,0.0165067,0.0165067,0.0165067
F,0.0,0.0,0.0,0.0
F,0.0659997,0.0267195,0.0267195,0.0927192
F,0.0,0.0,0.0,0.0
F,0.0,0.0,0.0,0.0
F,0.0,0.0,0.0,0.0
F,0.0,0.0,0.0,0.0
F,0.0,0.0,0.0,0.0
F,0.0,0.0267195,0.0267195,0.0267195
F,0.0,0.0,0.0,0.0
F,0.0,0.0,0.0,0.0
F,0.0,0.0,0.0,0.0
F,0.0,0.0,0.0,0.0
F,0.0,0.0,0.0,0.0
F,0.0,0.0,0.0,0.0
F,0.0,0.0,0.0,0.0
F,0.0,0.0,0.0,0.0
F,0.0,0.0,0.0,0.0
F,0.0,0.0,0.0,0.0
F,0.0,0.0,0.0,0.0
F,0.0,0.0,0.0,0.0
F,0.0,0.0,0.0,0.0
F,0.0,0.0,0.0,0.0
F,0.0,0.0,0.0,0.0
F,0.0,0.0,0.0,0.0
F,0.0,0.0,0.0,0.0
F,0.0,0.0,0.0,0.0
F,0.0,0.0,0.0,0.0
F,0.0,0.0,0.0,0.0
F,0.0,0.0,0.0,0.0
F,0.0,0.0,0.0,0.0
F,0.0,0.0,0.0,0.0
F,0.0,0.0,0.0,0.0
F,0.0,0.0,0.0,0.0
F,0.0,0.0,0.0,0.0
F,0.0,0.0,0.0,0.0
F,0.0,0.0,0.0,0.0
F,0.0,0.0,0.0,0.0
F,0.0,0.0,0.0,0.0
F,0.0,0.0,0.0,0.0
F,0.0,0.0,0.0,0.0
F,0.0,0.0,0.0,0.0
F,0.0,0.0,0.0,0.0
F,0.0,0.0,0.0,0.0
F,0.0,0.0,0.0,0.0
F,0.00184268,0.0,0.0,0.00184268
F,0.0,0.0,0.0,0.0
F,0.0,0.0,0.0,0.0
F,-0.0573118,0.0,0.0,-0.0573118
F,0.0,0.0,0.0,0.0
F,0.0,0.0,0.0,0.0
F,0.0,0.0,0.0,0.0
F,0.0,0.0,0.0,0.0
F,-0.0598158,0.0,0.0,-0.0598158
F,-0.00725389,0.0,0.0,-0.00725389
F,0.0,0.0,0.0,0.0
F,0.0,0.0,0.0,0.0
F,0.0,0.0,0.0,0.0
F,0.0,0.0,0.0,0.0
F,-0.0652192,0.0,0.0,-0.0652192
F,0.0,0.0,0.0,0.0
F,0.0,0.0,0.0,0.0
F,-0.0495866,0.0,0.0,-0.0495866
F,0.0,0.0,0.0,0.0
F,0.00415897,0.0,0.0,0.00415897
F,0.0,0.0,0.0,0.0
F,0.0,0.0,0.0,0.0
F,0.0,0.0,0.0,0.0
F,0.0,0.0,0.0,0.0
F,0.0,0.0,0.0,0.0
F,0.0,0.0,0.0,0.0
F,0.0,0.0,0.0,0.0
F,0.0,0.0,0.0,0.0
F,0.0,0.0,0.0,0.0
F,0.0,0.0,0.0,0.0
F,0.0,0.0,0.0,0.0
F,0.0,0.0,0.0,0.0
F,0.0,0.0,0.0,0.0
F,0.0,0.0,0.0,0.0
F,0.0,0.0,0.0,0.0
F,0.0359722,0.0,0.0,0.0359722
F,0.0,0.0,0.0,0.0
F,0.0,0.0,0.0,0.0
F,0.0,0.0,0.0,0.0
F,0.0,0.0,0.0,0.0
F,0.00537122,0.0,0.0,0.00537122
F,0.0,0.0,0.0,0.0
F,0.0,0.0,0.0,0.0
F,0.0,0.0,0.0,0.0
F,0.0,0.0,0.0,0.0
F,0.0,0.0,0.0,0.0
F,0.0,0.0,0.0,0.0
F,0.0,0.0,0.0,0.0
F,0.0,0.0,0.0,0.0
F,0.0346429,0.0,0.0,0.0346429
F,0.0,0.0,0.0,0.0
F,0.0,0.0,0.0,0.0
F,0.0,0.0,0.0,0.0
F,0.0,0.0,0.0,0.0
F,0.0,0.0,0.0,0.0
F,0.0,0.0,0.0,0.0
F,0.0117373,0.0,0.0,0.0117373
F,0.0,0.0,0.0,0.0
F,0.0,0.0,0.0,0.0
F,0.0,0.0,0.0,0.0
F,0.0,0.0,0.0,0.0
F,0.0,0.0,0.0,0.0
F,0.0,0.0,0.0,0.0
F,0.0,0.0,0.0,0.0
F,0.0,0.0,0.0,0.0
F,-0.021796,0.0,0.0,-0.021796
F,0.0,0.0,0.0,0.0
F,0.0,0.0,0.0,0.0
F,0.0159401,0.0,0.0,0.0159401
F,0.0,0.0,0.0,0.0
F,0.0,0.0,0.0,0.0
F,0.0,0.0,0.0,0.0
F,0.0,0.0,0.0,0.0
F,0.0,0.0,0.0,0.0
F,0.0,0.0,0.0,0.0
F,0.0,0.0,0.0,0.0
F,0.0,0.0,0.0,0.0
F,0.0,-0.0203132,-0.0203132,-0.0203132
F,0.0,0.0,0.0,0.0
F,0.00875897,0.0,0.0,0.00875897
F,0.0,0.0,0.0,0.0
F,0.0,0.0,0.0,0.0
F,0.0,0.0,0.0,0.0
F,0.0,0.0,0.0,0.0
F,0.0,0.0,0.0,0.0
F,0.0,0.0,0.0,0.0
F,0.0,0.0,0.0,0.0
F,0.0,0.0,0.0,0.0
F,0.0,0.0,0.0,0.0
F,0.0,0.0,0.0,0.0
F,0.0,0.0,0.0,0.0
F,0.0,0.0,0.0,0.0
F,0.0,0.0,0.0,0.0
F,0.0,0.0,0.0,0.0
F,0.0,0.0,0.0,0.0
F,0.0,0.0,0.0,0.0
F,0.0,0.0,0.0,0.0
F,0.0,0.0,0.0,0.0
F,0.0,0.0,0.0,0.0
F,0.0352758,0.0,0.0,0.0352758
F,0.0,0.0,0.0,0.0
F,0.00961093,0.0,0.0,0.00961093
F,0.0420728,0.0,0.0,0.0420728
F,0.0211701,0.0,0.0,0.0211701
F,0.0,0.0,0.0,0.0
F,0.0,0.0,0.0,0.0
F,0.0,0.0,0.0,0.0
F,0.0,0.0,0.0,0.0
F,0.0,0.0,0.0,0.0
F,0.0,0.0,0.0,0.0
F,0.0,0.0,0.0,0.0
F,0.0,0.0,0.0,0.0
F,0.0,0.0,0.0,0.0
F,0.0,0.0,0.0,0.0
F,0.0,0.0,0.0,0.0
F,0.0,0.0,0.0,0.0
F,-0.0411539,0.0,0.0,-0.0411539
F,0.0,0.0,0.0,0.0
F,0.0,0.0,0.0,0.0
F,0.0,0.0,0.0,0.0
F,0.0,0.0,0.0,0.0
F,0.0,0.0,0.0,0.0
F,0.0,0.0,0.0,0.0
F,0.0237288,0.0,0.0,0.0237288
F,0.0,0.0,0.0,0.0
F,0.0,0.0,0.0,0.0
F,0.0,0.0,0.0,0.0
F,0.0291016,0.0,0.0,0.0291016
F,0.0,0.0,0.0,0.0
F,0.0,0.0,0.0,0.0
F,0.0,0.0,0.0,0.0
F,0.0,0.0,0.0,0.0
F,0.0,0.0,0.0,0.0
F,0.0,0.0,0.0,0.0
F,0.0,0.0,0.0,0.0
F,0.0,0.0,0.0,0.0
F,0.0,0.0,0.0,0.0
F,0.0,0.0,0.0,0.0
F,0.0,0.0,0.0,0.0
F,0.0,0.0,0.0,0.0
F,0.0,0.0,0.0,0.0
F,0.0,0.0,0.0,0.0
F,0.0,0.0,0.0,0.0
F,0.0,0.0,0.0,0.0
F,0.0,0.0,0.0,0.0
F,0.0,0.0,0.0,0.0
F,0.0,0.0,0.0,0.0
F,0.0,0.0,0.0,0.0
F,0.0186923,0.0,0.0,0.0186923
F,0.0,0.0,0.0,0.0
F,0.0,0.0,0.0,0.0
F,0.0,0.0,0.0,0.0
F,0.0,0.0,0.0,0.0
F,0.0,0.0,0.0,0.0
F,0.0,0.0,0.0,0.0
F,0.0,0.0,0.0,0.0
F,0.0,0.0,0.0,0.0
F,0.0,0.0,0.0,0.0
F,0.0,0.0,0.0,0.0
F,0.0,0.0,0.0,0.0
F,0.0,0.0,0.0,0.0
F,0.0,0.0,0.0,0.0
F,0.0468492,0.0,0.0,0.0468492
F,0.0148306,0.0,0.0,0.0148306
F,0.0,0.0,0.0,0.0
F,0.0,0.0,0.0,0.0
F,0.0,0.0,0.0,0.0
F,0.0,0.0,0.0,0.0
F,0.0,0.0,0.0,0.0
F,0.0,0.0,0.0,0.0
F,0.0,0.0,0.0,0.0
F,0.0,0.0,0.0,0.0
F,0.0,0.0,0.0,0.0
F,0.0,0.0,0.0,0.0
F,0.0,0.0,0.0,0.0
F,-0.0399312,0.0,0.0,-0.0399312
F,0.0,0.0,0.0,0.0
F,0.0,0.0,0.0,0.0
F,0.0,0.0,0.0,0.0
F,0.0,0.0,0.0,0.0
F,0.0,0.0,0.0,0.0
F,0.0203233,0.0,0.0,0.0203233
F,0.0733304,0.0,0.0,0.0733304
F,0.0,0.0,0.0,0.0
F,0.0,0.0,0.0,0.0
F,0.0,0.0,0.0,0.0
F,0.0209036,0.0,0.0,0.0209036
F,0.0,0.0,0.0,0.0
F,0.0,0.0,0.0,0.0
F,0.0,0.0,0.0,0.0
F,0.0,0.0,0.0,0.0
F,-0.021796,0.0,0.0,-0.021796
F,0.0,0.0,0.0,0.0
F,0.0,0.0,0.0,0.0
F,0.0,0.0,0.0,0.0
F,0.0,0.0,0.0,0.0
F,0.0,0.0,0.0,0.0
F,0.0,0.0,0.0,0.0
F,0.0,0.0,0.0,0.0
F,0.0925982,0.0,0.0,0.0925982
F,0.0,0.0,0.0,0.0
F,0.0411344,0.0,0.0,0.0411344
F,0.0,0.0,0.0,0.0
F,0.0,0.0,0.0,0.0
F,0.0,0.0,0.0,0.0
F,0.0,0.0,0.0,0.0
F,0.0428716,0.0,0.0,0.0428716
F,0.0168464,0.0,0.0,0.0168464
F,-0.0361159,0.0,0.0,-0.0361159
F,0.0,0.0,0.0,0.0
F,0.0,0.0,0.0,0.0
F,-0.164186,0.0,0.0,-0.164186
F,0.0,0.0,0.0,0.0
F,0.0,0.0,0.0,0.0
F,0.0,0.0,0.0,0.0
F,0.0,0.0,0.0,0.0
F,0.0,0.0,0.0,0.0
F,0.0,0.0,0.0,0.0
F,0.0,0.0,0.0,0.0
F,0.0,0.0,0.0,0.0
F,0.0,0.0,0.0,0.0
F,-0.021796,0.0,0.0,-0.021796
F,0.0,0.0,0.0,0.0
F,0.0221087,0.0,0.0,0.0221087
F,0.0,0.0,0.0,0.0
F,0.0,0.0,0.0,0.0
F,0.0,0.0,0.0,0.0
F,0.0,0.0,0.0,0.0
F,0.0,0.0,0.0,0.0
F,-0.0458293,0.0,0.0,-0.0458293
F,0.0,0.0,0.0,0.0
F,0.0,0.0,0.0,0.0
F,0.0838369,0.0,0.0,0.0838369
F,0.0,0.0,0.0,0.0
F,0.0,0.0,0.0,0.0
F,0.0,0.0,0.0,0.0
F,-0.0113586,0.0,0.0,-0.0113586
F,0.0,0.0,0.0,0.0
F,0.0,0.0,0.0,0.0
F,0.0,0.0,0.0,0.0
F,0.0,0.0,0.0,0.0
F,-0.0277864,0.0,0.0,-0.0277864
F,0.0,0.0,0.0,0.0
F,0.0,0.0,0.0,0.0
F,-0.0511374,0.0,0.0,-0.0511374
F,0.0,0.0,0.0,0.0
F,0.0,0.0,0.0,0.0
F,0.0,0.0,0.0,0.0
F,0.0,0.0,0.0,0.0
F,0.0,0.0,0.0,0.0
F,0.0252355,0.0,0.0,0.0252355
F,0.131143,0.0,0.0,0.131143
F,0.0,0.0,0.0,0.0
F,-0.0130088,0.0,0.0,-0.0130088
F,0.0,0.0,0.0,0.0
F,0.0,0.0,0.0,0.0
F,0.0,0.0,0.0,0.0
F,0.0,0.0,0.0,0.0
F,0.0,0.0,0.0,0.0
F,0.0,0.0,0.0,0.0
F,0.0,0.0,0.0,0.0
F,0.0,0.0,0.0,0.0
F,0.0,0.0,0.0,0.0
F,0.0,0.0,0.0,0.0
F,0.0,0.0,0.0,0.0
F,0.0,0.0,0.0,0.0
F,0.0,0.0,0.0,0.0
F,0.0,0.0,0.0,0.0
F,0.0,0.0,0.0,0.0
F,0.0,0.0,0.0,0.0
F,0.0,0.0,0.0,0.0
F,0.0,0.0,0.0,0.0
F,0.0,0.0,0.0,0.0
F,0.0291016,0.0,0.0,0.0291016
F,0.118686,0.0,0.0,0.118686
F,0.00385579,0.0,0.0,0.00385579
F,0.0,0.0,0.0,0.0
F,0.0,0.0,0.0,0.0
F,0.0,0.0,0.0,0.0
F,0.0,0.0,0.0,0.0
F,0.0,0.0,0.0,0.0
F,0.0,0.0,0.0,0.0
F,0.0159401,0.0,0.0,0.0159401
F,0.0,0.0,0.0,0.0
F,0.0,0.0,0.0,0.0
F,0.0,0.0,0.0,0.0
F,0.0,0.0,0.0,0.0
F,0.0186923,0.0,0.0,0.0186923
F,0.0,0.0,0.0,0.0
F,-0.0122302,0.0,0.0,-0.0122302
F,0.0,0.0,0.0,0.0
F,0.0,0.0,0.0,0.0
F,0.0,0.0,0.0,0.0
F,0.0,0.0,0.0,0.0
F,0.0,0.0,0.0,0.0
F,0.0,0.0,0.0,0.0
F,0.0,0.0,0.0,0.0
F,0.0,0.0,0.0,0.0
F,0.0,0.0,0.0,0.0
F,0.0,0.0,0.0,0.0
F,0.0,0.0,0.0,0.0
F,0.0,0.0,0.0,0.0
F,0.0,0.0,0.0,0.0
F,0.0,0.0,0.0,0.0
F,0.0,0.0,0.0,0.0
F,0.0,0.0,0.0,0.0
F,0.0,0.0,0.0,0.0
F,0.0,0.0,0.0,0.0
F,0.0,0.0,0.0,0.0
F,0.0,0.0,0.0,0.0
F,0.0,0.0,0.0,0.0
F,0.0,0.0,0.0,0.0
F,0.0,0.0,0.0,0.0
F,0.0,0.0,0.0,0.0
F,0.0,0.0,0.0,0.0
F,0.0,0.0,0.0,0.0
F,0.0,0.0,0.0,0.0
F,0.0,0.0,0.0,0.0
F,0.0,0.0,0.0,0.0
F,-0.0109497,0.0,0.0,-0.0109497
F,0.0,0.0,0.0,0.0
F,0.0158735,0.0,0.0,0.0158735
F,0.0,0.0,0.0,0.0
F,-0.0226373,0.0,0.0,-0.0226373
F,0.0,0.0,0.0,0.0
F,0.0,0.0,0.0,0.0
F,0.0,0.0,0.0,0.0
F,-0.0226373,0.0,0.0,-0.0226373
F,0.00580477,0.0,0.0,0.00580477
F,0.0,0.0,0.0,0.0
F,0.0,0.0,0.0,0.0
F,0.0,0.0,0.0,0.0
F,0.0,0.0,0.0,0.0
F,0.0,0.0,0.0,0.0
F,0.0,0.0,0.0,0.0
F,0.0,0.0,0.0,0.0
F,0.0,0.0,0.0,0.0
F,0.0,0.0,0.0,0.0
F,-0.00409203,0.0,0.0,-0.00409203
F,0.0,0.0,0.0,0.0
F,0.0,0.0,0.0,0.0
F,0.0,0.0,0.0,0.0
F,0.0,0.0,0.0,0.0
F,0.0434864,0.0,0.0,0.0434864
F,0.0,0.0,0.0,0.0
F,0.0,0.0,0.0,0.0
F,0.0,0.0,0.0,0.0
F,0.0,0.0,0.0,0.0
F,0.0,0.0,0.0,0.0
F,-0.0212617,0.0,0.0,-0.0212617
F,0.0,0.0,0.0,0.0
F,0.0,0.0,0.0,0.0
F,0.0,0.0,0.0,0.0
F,0.0,0.0,0.0,0.0
F,0.0,0.0,0.0,0.0
F,0.0,0.0,0.0,0.0
F,0.0,0.0,0.0,0.0
F,0.0,0.0,0.0,0.0
F,0.0,0.0,0.0,0.0
F,0.0,0.0,0.0,0.0
F,0.0,0.0,0.0,0.0
F,0.0,0.0,0.0,0.0
F,0.0,0.0,0.0,0.0
F,0.0,0.0,0.0,0.0
F,0.0,0.0,0.0,0.0
F,0.0,0.0,0.0,0.0
F,0.0363297,0.0,0.0,0.0363297
F,0.0,0.0,0.0,0.0
F,0.0,0.0,0.0,0.0
F,0.0,0.0,0.0,0.0
F,0.0,0.0,0.0,0.0
F,0.0,0.0,0.0,0.0
F,0.0,0.0,0.0,0.0
F,0.0,0.0,0.0,0.0
F,0.0,0.0,0.0,0.0
F,0.0,0.0,0.0,0.0
F,0.0,0.0,0.0,0.0
F,0.0,0.0,0.0,0.0
F,0.0,0.0,0.0,0.0
F,0.0,0.0,0.0,0.0
F,0.0,0.0,0.0,0.0
F,0.106317,0.0,0.0,0.106317
F,0.0,0.0,0.0,0.0
F,0.0,0.0,0.0,0.0
F,0.0,0.0,0.0,0.0
F,0.0,0.0,0.0,0.0
F,0.0,0.0,0.0,0.0
F,0.0,0.0,0.0,0.0
F,0.0,0.0,0.0,0.0
F,0.0,0.0,0.0,0.0
F,0.0,0.0,0.0,0.0
F,0.0,0.0,0.0,0.0
F,0.0,0.0,0.0,0.0
F,0.0,0.0,0.0,0.0
F,0.0,0.0,0.0,0.0
F,0.0,0.0,0.0,0.0
F,0.0,0.0857972,0.0857972,0.0857972
F,0.00415897,0.0,0.0,0.00415897
F,0.0,0.0,0.0,0.0
F,0.0,0.0,0.0,0.0
F,0.0,0.0,0.0,0.0
F,0.0,0.0,0.0,0.0
F,0.0143647,0.0,0.0,0.0143647
F,0.0,0.0,0.0,0.0
F,0.0,0.0,0.0,0.0
F,0.0,0.0,0.0,0.0
F,0.0,0.0,0.0,0.0
F,0.0,0.0,0.0,0.0
F,0.0,0.0,0.0,0.0
F,0.0,0.0,0.0,0.0
F,0.0,0.0,0.0,0.0
F,0.0,0.0,0.0,0.0
F,0.0,0.0,0.0,0.0
F,0.0,0.0,0.0,0.0
F,0.0,0.0,0.0,0.0
F,0.0,0.0,0.0,0.0
F,0.0403446,0.0,0.0,0.0403446
F,0.0,0.0,0.0,0.0
F,0.0,0.0,0.0,0.0
F,0.0,0.0,0.0,0.0
F,0.0,0.0,0.0,0.0
F,0.0,0.0,0.0,0.0
F,0.0,0.0,0.0,0.0
F,0.0,0.0,0.0,0.0
F,0.0,0.0,0.0,0.0
F,0.0,0.0,0.0,0.0
F,0.0,0.0,0.0,0.0
F,0.0,0.0,0.0,0.0
F,0.0,0.0,0.0,0.0
F,0.0,0.0,0.0,0.0
F,0.0,0.0,0.0,0.0
F,0.0,0.0,0.0,0.0
F,0.0,0.0,0.0,0.0
F,0.0,0.0,0.0,0.0
F,0.0,0.0,0.0,0.0
F,0.0920444,0.0,0.0,0.0920444
F,0.0,0.0,0.0,0.0
F,0.0,0.0,0.0,0.0
F,0.0,0.0,0.0,0.0
F,-0.024028,0.0,0.0,-0.024028
F,0.0,0.0,0.0,0.0
F,0.0,0.0,0.0,0.0
F,0.0,0.0,0.0,0.0
F,0.0,0.0,0.0,0.0
F,0.0,0.0,0.0,0.0
F,0.0280988,0.0,0.0,0.0280988
F,0.0,0.0,0.0,0.0
F,0.0,0.0,0.0,0.0
F,0.0,0.0,0.0,0.0
F,0.0,0.0,0.0,0.0
F,0.0,0.0,0.0,0.0
F,0.0,0.0,0.0,0.0
F,0.0,0.0,0.0,0.0
F,0.0,0.0,0.0,0.0
F,0.0,0.0,0.0,0.0
F,-0.036924,0.0,0.0,-0.036924
F,0.0,0.0,0.0,0.0
F,-0.0113586,0.0,0.0,-0.0113586
F,0.0,0.0,0.0,0.0
F,0.0,0.0,0.0,0.0
F,0.0,0.0,0.0,0.0
F,0.0,0.0,0.0,0.0
F,0.0,0.0,0.0,0.0
F,0.0,0.0,0.0,0.0
F,0.0,0.0,0.0,0.0
F,0.0,0.0,0.0,0.0
F,0.0,0.0,0.0,0.0
F,0.0,0.0,0.0,0.0
F,-0.00331661,0.0,0.0,-0.00331661
F,0.0,0.0,0.0,0.0
F,0.0,0.0,0.0,0.0
F,0.0,0.0,0.0,0.0
F,0.0,0.0,0.0,0.0
F,0.0,0.0,0.0,0.0
F,0.0,0.0,0.0,0.0
F,0.0,0.0,0.0,0.0
F,0.0,0.0,0.0,0.0
F,0.0,0.0,0.0,0.0
F,0.0,0.0,0.0,0.0
F,0.0,0.0,0.0,0.0
F,0.0,0.0,0.0,0.0
F,0.0,0.0,0.0,0.0
F,0.0,0.0165067,0.0165067,0.0165067
F,0.0,0.0,0.0,0.0
F,0.0,0.0,0.0,0.0
F,0.0,0.0,0.0,0.0
F,0.0,0.0,0.0,0.0
F,0.0,0.0,0.0,0.0
F,0.0,0.0,0.0,0.0
F,-0.00331661,0.0,0.0,-0.00331661
F,0.0,0.0,0.0,0.0
F,0.0,0.0,0.0,0.0
F,0.0,0.0,0.0,0.0
F,-0.0346582,0.0,0.0,-0.0346582
F,0.0,0.0,0.0,0.0
F,0.0,0.0,0.0,0.0
F,0.0,0.0,0.0,0.0
F,0.0,0.0,0.0,0.0
F,0.0,0.0,0.0,0.0
F,0.181227,0.0,0.0,0.181227
F,0.0,0.0,0.0,0.0
F,0.0,0.0,0.0,0.0
F,0.0,0.0,0.0,0.0
F,-0.00846202,0.0,0.0,-0.00846202
F,0.0,0.0,0.0,0.0
F,0.0,0.0,0.0,0.0
F,0.0,0.0,0.0,0.0
F,0.0,0.0,0.0,0.0
F,0.0,0.0,0.0,0.0
F,0.0,0.0,0.0,0.0
F,0.0,0.0,0.0,0.0
F,0.0,0.0,0.0,0.0
F,0.0,0.0,0.0,0.0
F,0.0,0.0,0.0,0.0
F,0.0,0.0,0.0,0.0
F,0.0,0.0,0.0,0.0
F,0.0,0.0,0.0,0.0
F,0.0,0.0,0.0,0.0
F,-0.040395,0.0,0.0,-0.040395
F,0.0,0.0,0.0,0.0
F,0.0,0.0,0.0,0.0
F,0.0,0.0,0.0,0.0
F,0.0,0.0,0.0,0.0
F,0.0,0.0,0.0,0.0
F,0.0,0.0,0.0,0.0
F,0.0,0.0,0.0,0.0
F,0.0,0.0,0.0,0.0
F,0.0,0.0,0.0,0.0
F,0.0,0.0,0.0,0.0
F,0.0,0.0,0.0,0.0
F,0.0,0.0,0.0,0.0
F,0.0,0.0,0.0,0.0
F,0.0,0.0,0.0,0.0
F,0.0,0.0,0.0,0.0
F,0.0,0.0,0.0,0.0
F,0.0,0.0,0.0,0.0
F,-0.0690185,0.0,0.0,-0.0690185
F,0.0,0.0,0.0,0.0
F,0.0,0.0,0.0,0.0
F,0.0,0.0,0.0,0.0
F,-0.017266,0.0,0.0,-0.017266
F,0.0,0.0,0.0,0.0
F,0.0,0.0,0.0,0.0
F,0.0,0.0,0.0,0.0
F,0.0,0.0,0.0,0.0
F,0.0,0.0,0.0,0.0
F,0.0,0.0,0.0,0.0
F,0.0,0.0,0.0,0.0
F,0.0,0.0,0.0,0.0
F,0.0,0.0,0.0,0.0
F,-0.00286301,0.0,0.0,-0.00286301
F,0.0,0.0,0.0,0.0
F,0.0,0.0,0.0,0.0
F,0.118934,0.0,0.0,0.118934
F,0.0,0.0,0.0,0.0
F,0.0,0.0,0.0,0.0
F,0.0,0.0,0.0,0.0
F,0.0,0.0,0.0,0.0
F,0.0,0.0,0.0,0.0
F,0.0,0.0,0.0,0.0
F,0.0,0.0,0.0,0.0
F,0.0,0.0,0.0,0.0
F,0.0,0.0,0.0,0.0
F,0.0,0.0,0.0,0.0
F,0.0,0.0,0.0,0.0
F,-0.0156049,0.0,0.0,-0.0156049
F,0.0,0.0,0.0,0.0
F,0.0,0.0,0.0,0.0
F,0.0,0.0,0.0,0.0
F,0.0,0.0,0.0,0.0
F,0.0,0.0,0.0,0.0
F,0.0,0.0,0.0,0.0
F,0.0,0.0,0.0,0.0
F,0.0,0.0,0.0,0.0
F,0.0,0.0,0.0,0.0
F,-0.00727523,0.0,0.0,-0.00727523
F,0.0,0.0,0.0,0.0
F,0.0,0.0,0.0,0.0
F,0.0551509,0.0,0.0,0.0551509
F,0.0,0.0,0.0,0.0
F,-0.0392288,0.0,0.0,-0.0392288
F,0.0,0.0,0.0,0.0
F,0.0,0.0,0.0,0.0
F,0.0,0.0,0.0,0.0
F,0.0,0.0,0.0,0.0
F,0.0,0.0,0.0,0.0
F,0.0,0.0,0.0,0.0
F,0.0,0.0,0.0,0.0
F,0.0,0.0,0.0,0.0
F,-0.0238159,0.0,0.0,-0.0238159
F,0.0,0.0,0.0,0.0
F,0.0,0.0,0.0,0.0
F,0.0,0.0,0.0,0.0
F,-0.0347366,0.0,0.0,-0.0347366
F,-0.0211678,0.0,0.0,-0.0211678
F,-0.00617542,0.0,0.0,-0.00617542
F,0.0,0.0,0.0,0.0
F,0.0,0.0,0.0,0.0
F,0.0,0.0,0.0,0.0
F,0.0,0.0,0.0,0.0
F,0.0,0.0,0.0,0.0
F,0.0,0.0,0.0,0.0
F,0.140261,0.0,0.0,0.140261
F,0.0,0.0,0.0,0.0
F,0.0,0.0,0.0,0.0
F,0.0,0.0,0.0,0.0
F,0.0,0.0,0.0,0.0
F,0.0,0.0,0.0,0.0
F,0.0,0.0,0.0,0.0
F,0.0,0.0,0.0,0.0
F,0.0,0.0,0.0,0.0
F,0.000261794,0.0,0.0,0.000261794
F,0.0,0.0,0.0,0.0
F,0.0,0.0,0.0,0.0
F,0.0544292,0.0,0.0,0.0544292
F,0.0,0.0,0.0,0.0
F,0.0,0.0,0.0,0.0
F,0.0,0.0,0.0,0.0
F,0.0,0.0,0.0,0.0
F,0.0,0.0,0.0,0.0
F,0.0,0.0,0.0,0.0
F,0.0,0.0,0.0,0.0
F,0.0,0.0,0.0,0.0
F,0.0,0.0,0.0,0.0
F,0.0,0.0,0.0,0.0
F,0.0,0.0,0.0,0.0
F,0.0,0.0,0.0,0.0
F,0.0,0.0,0.0,0.0
F,0.0,0.0,0.0,0.0
F,0.0,0.0,0.0,0.0
F,0.0,0.0,0.0,0.0
F,0.0,0.0,0.0,0.0
F,0.0,0.0,0.0,0.0
F,0.0,0.0,0.0,0.0
F,0.0562509,0.0,0.0,0.0562509
F,0.0,0.0,0.0,0.0
F,0.0,0.0,0.0,0.0
F,0.0,0.0,0.0,0.0
F,0.0,0.0,0.0,0.0
F,0.0,0.0,0.0,0.0
F,-0.0161913,0.0,0.0,-0.0161913
F,0.0,0.0,0.0,0.0
F,0.0,0.0,0.0,0.0
F,0.0,0.0,0.0,0.0
F,0.0,0.0,0.0,0.0
F,0.0197397,0.0,0.0,0.0197397
F,0.0,0.0,0.0,0.0
F,0.0,0.0,0.0,0.0
F,0.0,0.0,0.0,0.0
F,0.0,0.0,0.0,0.0
F,0.0,0.0,0.0,0.0
F,0.0,0.0,0.0,0.0
F,0.0,0.0,0.0,0.0
F,0.0,0.0,0.0,0.0
F,-0.0137799,0.0,0.0,-0.0137799
F,0.0,0.0,0.0,0.0
F,0.0,0.0,0.0,0.0
F,0.0,0.0,0.0,0.0
F,0.0,0.0,0.0,0.0
F,0.0,0.0,0.0,0.0
F,0.0,0.0,0.0,0.0
F,0.0198558,0.0,0.0,0.0198558
F,0.0208566,0.0,0.0,0.0208566
F,0.0,0.0,0.0,0.0
F,0.0,0.0,0.0,0.0
F,-0.0994334,0.0,0.0,-0.0994334
F,0.0,0.0,0.0,0.0
F,0.0,0.0,0.0,0.0
F,0.0565739,0.0,0.0,0.0565739
F,0.0,0.0,0.0,0.0
F,0.0,0.0,0.0,0.0
F,0.0,0.0,0.0,0.0
F,-0.0495866,0.0,0.0,-0.0495866
F,0.0,0.0,0.0,0.0
F,0.0,0.0,0.0,0.0
F,0.0,0.0,0.0,0.0
F,0.0,0.0,0.0,0.0
F,0.0,0.0,0.0,0.0
F,0.0,0.0,0.0,0.0
F,0.0,0.0,0.0,0.0
F,0.0,0.0,0.0,0.0
F,0.0,0.0,0.0,0.0
F,-0.0411539,0.0,0.0,-0.0411539
F,0.0291016,0.0,0.0,0.0291016
F,0.0,0.0,0.0,0.0
F,0.0,0.0,0.0,0.0
F,0.0,0.0,0.0,0.0
F,0.0,0.0,0.0,0.0
F,0.0,0.0,0.0,0.0
F,0.0,0.0,0.0,0.0
F,0.0,0.0,0.0,0.0
F,-0.0656265,0.0,0.0,-0.0656265
F,0.0,0.0,0.0,0.0
F,0.0,0.0,0.0,0.0
F,0.0,0.0,0.0,0.0
F,0.0,0.0,0.0,0.0
F,0.0,0.0,0.0,0.0
F,0.0,0.0,0.0,0.0
F,0.0,0.0,0.0,0.0
F,0.0,0.0,0.0,0.0
F,0.0,0.0,0.0,0.0
F,0.0,0.0,0.0,0.0
F,0.0,0.0,0.0,0.0
F,0.0,0.0,0.0,0.0
F,0.0,0.0,0.0,0.0
F,0.0,0.0,0.0,0.0
F,0.0,0.0,0.0,0.0
F,0.0,0.0,0.0,0.0
F,0.0,0.0,0.0,0.0
F,0.0,0.0,0.0,0.0
F,0.0,0.0,0.0,0.0
F,0.0,0.0,0.0,0.0
F,0.0,0.0,0.0,0.0
F,0.0,0.0,0.0,0.0
F,0.0,0.0,0.0,0.0
F,0.0,0.0,0.0,0.0
F,0.0,0.0,0.0,0.0
F,0.0,0.0,0.0,0.0
F,0.0,0.0,0.0,0.0
F,0.0,0.0,0.0,0.0
F,0.0,0.0,0.0,0.0
F,0.0,0.0,0.0,0.0
F,0.0,0.0,0.0,0.0
F,0.0614415,0.0,0.0,0.0614415
F,0.0,0.0,0.0,0.0
F,0.0138989,0.0,0.0,0.0138989
F,0.0,0.0,0.0,0.0
F,0.0,0.0,0.0,0.0
F,0.0752945,0.0,0.0,0.0752945
F,0.0,0.0,0.0,0.0
F,0.0,0.0,0.0,0.0
F,0.0,0.0,0.0,0.0
F,0.0,0.0,0.0,0.0
F,0.0,0.0,0.0,0.0
F,0.0,0.0,0.0,0.0
F,0.0,0.0,0.0,0.0
F,0.0291016,0.0,0.0,0.0291016
F,0.0,0.0,0.0,0.0
F,0.0,0.0,0.0,0.0
F,0.0,0.0,0.0,0.0
F,0.0,0.0,0.0,0.0
F,0.0,0.0,0.0,0.0
F,0.0,0.0,0.0,0.0
F,0.0,0.0,0.0,0.0
F,0.0,0.0,0.0,0.0
F,0.0,0.0,0.0,0.0
F,0.0,0.0,0.0,0.0
F,-0.0869947,0.0,0.0,-0.0869947
F,0.0,0.0,0.0,0.0
F,0.0,0.0,0.0,0.0
F,0.0,0.0,0.0,0.0
F,0.0,0.0,0.0,0.0
F,0.0,0.0,0.0,0.0
F,0.0,0.0,0.0,0.0
F,0.0,0.0,0.0,0.0
F,0.0,0.0,0.0,0.0
F,0.0,0.0,0.0,0.0
F,0.0,0.0,0.0,0.0
F,0.0,0.0,0.0,0.0
F,0.0,0.0,0.0,0.0
F,-0.0109497,0.0,0.0,-0.0109497
F,0.0,0.0,0.0,0.0
F,0.0,0.0,0.0,0.0
F,0.0,0.0,0.0,0.0
F,0.0,0.0,0.0,0.0
F,0.0,0.0,0.0,0.0
F,0.0,0.0,0.0,0.0
F,0.0,0.0,0.0,0.0
F,0.0,0.0,0.0,0.0
F,0.0,0.0,0.0,0.0
F,0.0,0.0,0.0,0.0
F,0.0,0.0,0.0,0.0
F,0.0,0.0,0.0,0.0
F,0.0,0.0,0.0,0.0
F,-0.0285384,0.0,0.0,-0.0285384
F,0.0,0.0,0.0,0.0
F,0.0,0.0,0.0,0.0
F,0.0,0.0,0.0,0.0
F,0.0,0.0,0.0,0.0
F,0.0,0.0,0.0,0.0
F,0.00430336,0.0,0.0,0.00430336
F,0.0,0.0,0.0,0.0
F,-0.0060497,0.0,0.0,-0.0060497
F,0.0,0.0,0.0,0.0
F,0.0352661,0.0,0.0,0.0352661
F,-0.0536053,0.0,0.0,-0.0536053
F,0.0,0.0,0.0,0.0
F,0.0459751,0.0,0.0,0.0459751
F,0.0,0.0,0.0,0.0
F,0.0,0.0,0.0,0.0
F,0.0,0.0,0.0,0.0
F,0.0,0.0,0.0,0.0
F,-0.0221512,0.0,0.0,-0.0221512
F,0.0,0.0,0.0,0.0
F,0.0,0.0,0.0,0.0
F,0.00482077,0.0,0.0,0.00482077
F,0.0,0.0,0.0,0.0
F,0.0,0.0,0.0,0.0
F,0.0,0.0,0.0,0.0
F,0.0,0.0,0.0,0.0
F,-0.0800913,0.0,0.0,-0.0800913
F,0.0,0.0,0.0,0.0
F,0.0,0.0,0.0,0.0
F,-0.0269787,0.0,0.0,-0.0269787
F,0.0,0.0,0.0,0.0
F,0.0,0.0,0.0,0.0
F,0.0,0.0,0.0,0.0
F,0.0,0.0,0.0,0.0
F,0.0,0.0,0.0,0.0
F,0.0887279,0.0,0.0,0.0887279
F,0.0,0.0,0.0,0.0
F,0.0,0.0,0.0,0.0
F,0.0,0.0,0.0,0.0
F,0.0,0.0,0.0,0.0
F,0.0,0.0,0.0,0.0
F,0.0,0.0,0.0,0.0
F,0.0,0.0,0.0,0.0
F,-0.135909,0.0,0.0,-0.135909
F,0.0,0.0,0.0,0.0
F,0.0,0.0,0.0,0.0
F,0.0,0.0,0.0,0.0
F,0.0,0.0,0.0,0.0
F,0.00325219,0.0,0.0,0.00325219
F,0.0,0.0,0.0,0.0
F,0.0,0.0,0.0,0.0
F,0.0,0.0,0.0,0.0
F,0.0,0.0,0.0,0.0
F,0.0,0.0,0.0,0.0
F,0.0,0.0,0.0,0.0
F,0.0,0.0,0.0,0.0
F,0.0,0.0,0.0,0.0
F,0.00325219,0.0,0.0,0.00325219
F,0.0,0.0,0.0,0.0
F,0.0,0.0,0.0,0.0
F,0.0,0.0,0.0,0.0
F,0.0,0.0,0.0,0.0
F,0.0,0.0,0.0,0.0
F,0.0,0.0,0.0,0.0
F,0.0,0.0,0.0,0.0
F,0.0,0.0,0.0,0.0
F,0.0552993,0.0,0.0,0.0552993
F,0.0237118,0.0,0.0,0.0237118
F,0.0,0.0,0.0,0.0
F,0.0,0.0,0.0,0.0
F,-0.0334763,0.0,0.0,-0.0334763
F,0.0,0.0,0.0,0.0
F,-0.0447097,0.0,0.0,-0.0447097
F,0.0,0.0,0.0,0.0
F,0.0,0.0,0.0,0.0
F,0.0,0.0,0.0,0.0
F,0.0,0.0,0.0,0.0
F,0.0,0.0,0.0,0.0
F,0.0,0.0,0.0,0.0
F,0.0,0.0,0.0,0.0
F,0.0,0.0,0.0,0.0
F,0.0,0.0,0.0,0.0
F,0.0,0.0,0.0,0.0
F,0.0,0.0,0.0,0.0
F,0.0,0.0,0.0,0.0
F,0.0,0.0,0.0,0.0
F,0.0,0.0,0.0,0.0
F,0.0,0.0,0.0,0.0
F,0.0,0.0,0.0,0.0
F,0.0,0.0,0.0,0.0
F,0.0,0.0,0.0,0.0
F,0.0,0.0,0.0,0.0
F,0.0,0.0,0.0,0.0
F,0.0,0.0,0.0,0.0
F,0.0,0.0,0.0,0.0
F,0.0,0.0,0.0,0.0
F,0.0,0.0,0.0,0.0
F,-0.0392288,0.0,0.0,-0.0392288
F,0.0,0.0,0.0,0.0
F,0.0,0.0,0.0,0.0
F,0.0,0.0,0.0,0.0
F,0.0,0.0,0.0,0.0
F,0.0,0.0,0.0,0.0
F,0.0,0.0,0.0,0.0
F,0.0,0.0,0.0,0.0
F,0.0,0.0,0.0,0.0
F,0.0,0.0,0.0,0.0
F,0.0302132,0.0,0.0,0.0302132
F,0.0,0.0,0.0,0.0
F,0.0,0.0,0.0,0.0
F,0.0363297,0.0,0.0,0.0363297
F,0.0,0.0,0.0,0.0
F,0.0,0.0,0.0,0.0
F,0.0,0.0,0.0,0.0
F,0.0562509,0.0,0.0,0.0562509
F,0.0,0.0,0.0,0.0
F,0.0,0.0,0.0,0.0
F,0.0,0.0,0.0,0.0
F,0.0,0.0,0.0,0.0
F,0.0,0.0,0.0,0.0
F,0.0,0.0,0.0,0.0
F,0.0,0.0,0.0,0.0
F,0.0,0.0,0.0,0.0
F,0.0,0.0,0.0,0.0
F,0.0,0.0,0.0,0.0
F,0.022415,0.0,0.0,0.022415
F,0.0,0.0,0.0,0.0
F,0.0,0.0,0.0,0.0
F,0.0,0.0325065,0.0325065,0.0325065
F,0.0,0.0,0.0,0.0
F,0.0,0.0,0.0,0.0
F,0.0368666,0.0,0.0,0.0368666
F,0.0,0.0,0.0,0.0
F,0.0,0.0,0.0,0.0
F,0.00784157,0.0,0.0,0.00784157
F,0.0,0.0,0.0,0.0
F,0.0,0.0,0.0,0.0
F,0.00950505,0.0,0.0,0.00950505
F,0.0,0.0,0.0,0.0
F,0.0,0.0,0.0,0.0
F,0.0,0.0,0.0,0.0
F,0.0,0.0,0.0,0.0
F,0.0,0.0,0.0,0.0
F,0.0,0.0,0.0,0.0
F,0.0,0.0,0.0,0.0
F,0.0,0.0,0.0,0.0
F,0.0,0.0,0.0,0.0
F,0.0,0.0,0.0,0.0
F,0.0,0.0,0.0,0.0
F,0.0,0.0,0.0,0.0
F,0.0,0.0,0.0,0.0
F,0.0,0.0,0.0,0.0
F,-0.135909,0.0,0.0,-0.135909
F,-0.000903826,0.0,0.0,-0.000903826
F,0.0,0.0,0.0,0.0
F,0.0,0.0,0.0,0.0
F,0.0,0.0,0.0,0.0
F,0.0,0.0,0.0,0.0
F,0.0,0.0,0.0,0.0
F,0.0117373,0.0,0.0,0.0117373
F,0.0,0.0,0.0,0.0
F,0.0,0.0,0.0,0.0
F,0.0,0.0,0.0,0.0
F,0.0,0.0,0.0,0.0
F,0.0,0.0,0.0,0.0
F,0.0,0.0,0.0,0.0
F,0.0,0.0,0.0,0.0
F,0.0,0.0,0.0,0.0
F,0.0,0.0,0.0,0.0
F,-0.168946,0.0,0.0,-0.168946
F,0.0,0.0,0.0,0.0
F,0.0,0.0,0.0,0.0
F,0.0,0.0,0.0,0.0
F,0.00328187,0.0,0.0,0.00328187
F,0.0650409,0.0,0.0,0.0650409
F,0.0,0.0,0.0,0.0
F,0.0,0.0,0.0,0.0
F,0.0,0.0,0.0,0.0
F,0.0,0.0,0.0,0.0
F,0.0,0.0,0.0,0.0
F,0.0,0.0,0.0,0.0
F,0.0,0.0,0.0,0.0
F,0.0,0.0,0.0,0.0
F,0.0,0.0,0.0,0.0
F,-0.00777444,0.0,0.0,-0.00777444
F,0.0,0.0,0.0,0.0
F,0.0,0.0,0.0,0.0
F,0.0,0.0,0.0,0.0
F,-0.0212617,0.0,0.0,-0.0212617
F,0.0,0.0,0.0,0.0
F,0.0,0.0,0.0,0.0
F,0.0,0.0,0.0,0.0
F,0.0,0.0,0.0,0.0
F,0.107106,0.0,0.0,0.107106
F,0.0,-0.0552143,-0.0552143,-0.0552143
F,0.0,0.0,0.0,0.0
F,0.0,0.0,0.0,0.0
F,0.0,0.0,0.0,0.0
F,0.0,0.0,0.0,0.0
F,0.0,0.0,0.0,0.0
F,0.0,0.0,0.0,0.0
F,0.0,0.0,0.0,0.0
F,0.0,0.0,0.0,0.0
F,0.0,0.0,0.0,0.0
F,0.0,0.0,0.0,0.0
F,0.0,0.0,0.0,0.0
F,0.0,0.0,0.0,0.0
F,0.0,0.0,0.0,0.0
F,0.0,0.0,0.0,0.0
F,0.0,0.0,0.0,0.0
F,0.0,0.0,0.0,0.0
F,0.0727784,0.0,0.0,0.0727784
F,-0.0495866,0.0,0.0,-0.0495866
F,-0.0532019,0.0,0.0,-0.0532019
F,0.0,0.0,0.0,0.0
F,0.0,0.0,0.0,0.0
F,-0.00777444,0.0,0.0,-0.00777444
F,0.0,0.0,0.0,0.0
F,-0.00575659,0.0,0.0,-0.00575659
F,0.0,0.0,0.0,0.0
F,0.0,0.0,0.0,0.0
F,0.0,0.0,0.0,0.0
F,0.0,0.0,0.0,0.0
F,0.0,0.0,0.0,0.0
F,0.0,0.0,0.0,0.0
F,0.0,0.0,0.0,0.0
F,-0.0609932,0.0,0.0,-0.0609932
F,0.0,0.0,0.0,0.0
F,0.0,0.0,0.0,0.0
F,-0.0342049,0.0,0.0,-0.0342049
F,0.0,0.0,0.0,0.0
F,0.123554,0.0,0.0,0.123554
F,0.0,0.0,0.0,0.0
F,-0.0769825,0.0,0.0,-0.0769825
F,0.0,0.0,0.0,0.0
F,0.0,0.0,0.0,0.0
F,0.0,0.0,0.0,0.0
F,0.0,0.0,0.0,0.0
F,0.0,0.0,0.0,0.0
F,0.0,0.0,0.0,0.0
F,0.0,0.0,0.0,0.0
F,0.0,0.0,0.0,0.0
F,0.0,0.0,0.0,0.0
F,0.0,0.0,0.0,0.0
F,0.0,0.0,0.0,0.0
F,0.0,0.0,0.0,0.0
F,0.0,0.0,0.0,0.0
F,0.0117607,0.0,0.0,0.0117607
F,0.0,0.0,0.0,0.0
F,0.0,0.0,0.0,0.0
F,0.0,0.0,0.0,0.0
F,0.0,0.0,0.0,0.0
F,0.0,0.0,0.0,0.0
F,-0.0060497,0.0,0.0,-0.0060497
F,0.0,0.0,0.0,0.0
F,0.0,0.0,0.0,0.0
F,-0.00292097,0.0,0.0,-0.00292097
F,0.0,0.0,0.0,0.0
F,0.0,0.0,0.0,0.0
F,0.0,0.0,0.0,0.0
F,-0.0590482,0.0,0.0,-0.0590482
F,0.0,0.0,0.0,0.0
F,0.0,0.0,0.0,0.0
F,0.0,0.0,0.0,0.0
F,0.0434864,0.0,0.0,0.0434864
F,0.0,0.0,0.0,0.0
F,0.0,0.0,0.0,0.0
F,0.0,0.0,0.0,0.0
F,0.0,0.0,0.0,0.0
F,0.0,0.0,0.0,0.0
F,0.0,0.0,0.0,0.0
F,0.0,0.0,0.0,0.0
F,0.0,0.0,0.0,0.0
F,0.0,0.0,0.0,0.0
F,0.0,0.0,0.0,0.0
F,0.0,0.0,0.0,0.0
F,-0.0664902,0.0,0.0,-0.0664902
F,0.0,0.0,0.0,0.0
F,0.0,0.0,0.0,0.0
F,0.0,0.0,0.0,0.0
F,0.0,0.0,0.0,0.0
F,0.0,0.0,0.0,0.0
F,0.0,0.0,0.0,0.0
F,0.0,0.0,0.0,0.0
F,0.0,0.0,0.0,0.0
F,0.0,0.0,0.0,0.0
F,0.00415897,0.0,0.0,0.00415897
F,0.0,0.0,0.0,0.0
F,0.0,0.0,0.0,0.0
F,0.0,0.0,0.0,0.0
F,0.0,0.0,0.0,0.0
F,0.0,0.0,0.0,0.0
F,0.0,0.0,0.0,0.0
F,0.0,0.0,0.0,0.0
F,0.0295897,0.0,0.0,0.0295897
F,0.0,0.0,0.0,0.0
F,0.0,0.0,0.0,0.0
F,0.0,0.0,0.0,0.0
F,0.0,0.0,0.0,0.0
F,0.0,0.0,0.0,0.0
F,0.0,0.0,0.0,0.0
F,0.0,0.0,0.0,0.0
F,0.0,0.0,0.0,0.0
F,0.0,0.0,0.0,0.0
F,0.0,0.0,0.0,0.0
F,0.0,0.0,0.0,0.0
F,0.0,0.0,0.0,0.0
F,0.0,0.0,0.0,0.0
F,0.0,0.0,0.0,0.0
F,0.0,0.0,0.0,0.0
F,0.0,0.0,0.0,0.0
F,0.0,0.0,0.0,0.0
F,0.0,0.0,0.0,0.0
F,0.0,0.0,0.0,0.0
F,0.0,0.0,0.0,0.0
F,0.0,0.0,0.0,0.0
F,0.0,0.0,0.0,0.0
F,0.0,0.0,0.0,0.0
F,0.0,0.0,0.0,0.0
F,0.0,0.0,0.0,0.0
F,0.0,0.0,0.0,0.0
F,0.0,0.0,0.0,0.0
F,0.00415897,0.0,0.0,0.00415897
F,0.0,0.0,0.0,0.0
F,0.0,0.0,0.0,0.0
F,-0.00979166,0.0,0.0,-0.00979166
F,0.0467365,0.0,0.0,0.0467365
F,-0.0403529,0.0,0.0,-0.0403529
F,0.0,0.0,0.0,0.0
F,0.0,0.0,0.0,0.0
F,0.0,0.0,0.0,0.0
F,0.0,0.0,0.0,0.0
F,0.0,0.0,0.0,0.0
F,0.0544292,0.0,0.0,0.0544292
F,-0.00756836,0.0,0.0,-0.00756836
F,0.0,0.0,0.0,0.0
F,0.0,0.0,0.0,0.0
F,0.0,0.0,0.0,0.0
F,0.0,0.0,0.0,0.0
F,0.0,0.0,0.0,0.0
F,-0.0132458,0.0,0.0,-0.0132458
F,0.0,0.0,0.0,0.0
F,0.0,0.0,0.0,0.0
F,0.0,0.0,0.0,0.0
F,0.0,0.0,0.0,0.0
F,0.0,0.0,0.0,0.0
F,0.0,0.0,0.0,0.0
F,0.0,0.0,0.0,0.0
F,0.0,0.0,0.0,0.0
F,0.0,0.0,0.0,0.0
F,0.0,0.0,0.0,0.0
F,0.0,0.0,0.0,0.0
F,0.0,0.0,0.0,0.0
F,0.0193875,0.0,0.0,0.0193875
F,-0.037925,0.0,0.0,-0.037925
F,-0.133176,0.0,0.0,-0.133176
F,0.0,0.0,0.0,0.0
F,0.0,0.0,0.0,0.0
F,0.0,0.0,0.0,0.0
F,0.0,0.0,0.0,0.0
F,-0.0212617,0.0,0.0,-0.0212617
F,0.0,0.0,0.0,0.0
F,0.0,0.0,0.0,0.0
F,0.0,0.0,0.0,0.0
F,0.0,0.0,0.0,0.0
F,0.0,0.0,0.0,0.0
F,0.0,0.0,0.0,0.0
F,0.0,0.0,0.0,0.0
F,0.0,0.0,0.0,0.0
F,0.0,0.0,0.0,0.0
F,0.0,0.0,0.0,0.0
F,0.0,0.0,0.0,0.0
F,0.0,0.0,0.0,0.0
F,0.065631,0.0,0.0,0.065631
F,0.0,0.0,0.0,0.0
F,0.00303879,0.0,0.0,0.00303879
F,0.0,0.0,0.0,0.0
F,0.0,0.0,0.0,0.0
F,0.0,0.0,0.0,0.0
F,0.0,0.0,0.0,0.0
F,0.0,0.0,0.0,0.0
F,-0.0273472,0.0,0.0,-0.0273472
F,0.0,0.0,0.0,0.0
F,0.0,0.0,0.0,0.0
F,0.0,0.0,0.0,0.0
F,0.0,0.0,0.0,0.0
F,0.0,0.0,0.0,0.0
F,0.0,0.0,0.0,0.0
F,0.0,0.0,0.0,0.0
F,0.0,0.0,0.0,0.0
F,0.0,0.0,0.0,0.0
F,0.0,0.0,0.0,0.0
F,0.0,0.0,0.0,0.0
F,0.0,0.0,0.0,0.0
F,0.0,0.0,0.0,0.0
F,0.0,0.0,0.0,0.0
F,0.0,0.0,0.0,0.0
F,0.0,0.0,0.0,0.0
F,0.0,0.0,0.0,0.0
F,0.0,0.0,0.0,0.0
F,0.0,0.0,0.0,0.0
F,0.0,0.0,0.0,0.0
F,0.0,0.0,0.0,0.0
F,0.0,0.0,0.0,0.0
F,0.0,0.0,0.0,0.0
F,-0.024028,0.0,0.0,-0.024028
F,0.0,0.0,0.0,0.0
F,0.0,0.0,0.0,0.0
F,0.0,0.0,0.0,0.0
F,0.0254265,0.0,0.0,0.0254265
F,0.0,0.0,0.0,0.0
F,0.0,0.0,0.0,0.0
F,0.0,0.0,0.0,0.0
F,0.0,0.0,0.0,0.0
F,0.0,0.0,0.0,0.0
F,0.0,0.0,0.0,0.0
F,0.0,0.0,0.0,0.0
F,0.0,0.0,0.0,0.0
F,0.0,0.0,0.0,0.0
F,0.0,0.0,0.0,0.0
F,0.0,0.0,0.0,0.0
F,0.0,0.0,0.0,0.0
F,-0.0519289,0.0,0.0,-0.0519289
F,0.0,0.0,0.0,0.0
F,-0.0361159,0.0,0.0,-0.0361159
F,0.0,0.0,0.0,0.0
F,0.0,0.0,0.0,0.0
F,0.0,0.0,0.0,0.0
F,-0.00575659,0.0,0.0,-0.00575659
F,0.0102707,0.0,0.0,0.0102707
F,0.0,0.0,0.0,0.0
F,0.0,0.0,0.0,0.0
F,0.0,0.0,0.0,0.0
F,0.0,0.0,0.0,0.0
F,0.0,0.0,0.0,0.0
F,0.0,0.0,0.0,0.0
F,0.0,0.0,0.0,0.0
F,0.0,0.0,0.0,0.0
F,0.0,0.0,0.0,0.0
F,0.0,0.0,0.0,0.0
F,0.0,0.0,0.0,0.0
F,0.0,0.0,0.0,0.0
F,0.0,0.0,0.0,0.0
F,0.0,0.0,0.0,0.0
F,0.0,0.0,0.0,0.0
F,0.0,0.0,0.0,0.0
F,0.0,0.0,0.0,0.0
F,0.0,0.0,0.0,0.0
F,-0.0642054,0.0,0.0,-0.0642054
F,0.0,0.0,0.0,0.0
F,0.0,0.0,0.0,0.0
F,0.0,0.0,0.0,0.0
F,0.0,0.0,0.0,0.0
F,0.0,0.0,0.0,0.0
F,0.0,0.0,0.0,0.0
F,0.0,0.0,0.0,0.0
F,-0.0565008,-0.0203132,-0.0203132,-0.0768139
F,0.0544292,0.0,0.0,0.0544292
F,0.0,0.0,0.0,0.0
F,0.0,0.0,0.0,0.0
F,0.0,0.0,0.0,0.0
F,0.0,0.0,0.0,0.0
F,0.0,0.0,0.0,0.0
F,0.0,0.0,0.0,0.0
F,0.0,0.0,0.0,0.0
F,0.0,0.0,0.0,0.0
F,0.0,0.0,0.0,0.0
F,0.0168464,0.0,0.0,0.0168464
F,0.0,0.0,0.0,0.0
F,0.0,0.0,0.0,0.0
F,0.0,0.0,0.0,0.0
F,-0.0277864,0.0,0.0,-0.0277864
F,0.0,0.0,0.0,0.0
F,0.0,0.0,0.0,0.0
F,0.0,0.0,0.0,0.0
F,0.0,0.0,0.0,0.0
F,0.0,0.0,0.0,0.0
F,0.0,0.0,0.0,0.0
F,0.0202929,0.0,0.0,0.0202929
F,-0.021796,0.0,0.0,-0.021796
F,0.0,0.0,0.0,0.0
F,0.0602564,0.0,0.0,0.0602564
F,0.0,0.0,0.0,0.0
F,0.0,0.0,0.0,0.0
F,0.0,0.0,0.0,0.0
F,0.0,0.0,0.0,0.0
F,0.0468455,0.0,0.0,0.0468455
F,0.0,0.0,0.0,0.0
F,0.0,0.0,0.0,0.0
F,0.0,0.0,0.0,0.0
F,0.0368152,0.0,0.0,0.0368152
F,0.0164092,0.0,0.0,0.0164092
F,0.0,0.0,0.0,0.0
F,0.0,0.0,0.0,0.0
F,0.0,0.0,0.0,0.0
F,0.0,0.0,0.0,0.0
F,0.0,0.0,0.0,0.0
F,0.0,0.0,0.0,0.0
F,0.0,0.0,0.0,0.0
F,0.0,0.0,0.0,0.0
F,0.0,0.0,0.0,0.0
F,0.0,0.0,0.0,0.0
F,0.0,0.0,0.0,0.0
F,0.0,0.0,0.0,0.0
F,0.0,0.0,0.0,0.0
F,0.0,0.0,0.0,0.0
F,0.0,0.0,0.0,0.0
F,0.0,0.0,0.0,0.0
F,0.0,0.0,0.0,0.0
F,0.0,0.0,0.0,0.0
F,0.0,0.0,0.0,0.0
F,0.0,0.0,0.0,0.0
F,0.0,0.0,0.0,0.0
F,0.0533508,0.0,0.0,0.0533508
F,0.0,0.0,0.0,0.0
F,0.0,0.0,0.0,0.0
F,0.0,0.0,0.0,0.0
F,0.0,0.0,0.0,0.0
F,0.00580477,0.0,0.0,0.00580477
F,0.065128,0.0,0.0,0.065128
F,0.0,0.0,0.0,0.0
F,-0.00331661,0.0,0.0,-0.00331661
F,0.0,0.0,0.0,0.0
F,0.0,0.0,0.0,0.0
F,0.0,0.0,0.0,0.0
F,0.0363297,0.0,0.0,0.0363297
F,-0.0312394,0.0,0.0,-0.0312394
F,0.0,0.0,0.0,0.0
F,0.0,0.0,0.0,0.0
F,0.0,0.0,0.0,0.0
F,0.0,0.0,0.0,0.0
F,0.0,0.0,0.0,0.0
F,0.0,0.0,0.0,0.0
F,0.0,0.0,0.0,0.0
F,0.0,0.0,0.0,0.0
F,-0.00979166,0.0,0.0,-0.00979166
F,0.0,0.0,0.0,0.0
F,0.0,0.0,0.0,0.0
F,0.0,0.0,0.0,0.0
F,0.0,0.0,0.0,0.0
F,0.0,0.0,0.0,0.0
F,0.0,0.0,0.0,0.0
F,0.0,0.0,0.0,0.0
F,0.0,0.0,0.0,0.0
F,0.0155847,0.0,0.0,0.0155847
F,0.0,0.0,0.0,0.0
F,0.0645624,0.0,0.0,0.0645624
F,0.0,0.0,0.0,0.0
F,0.00562305,0.0,0.0,0.00562305
F,0.0,0.0,0.0,0.0
F,0.0,0.0,0.0,0.0
F,0.0,0.0,0.0,0.0
F,0.0,0.0,0.0,0.0
F,-0.0573118,0.0,0.0,-0.0573118
F,0.0,0.0,0.0,0.0
F,0.0,0.0,0.0,0.0
F,-0.036924,0.0,0.0,-0.036924
F,0.0,0.0,0.0,0.0
F,0.0,0.0,0.0,0.0
F,0.0,0.0,0.0,0.0
F,0.0,0.0,0.0,0.0
F,0.0,0.0,0.0,0.0
F,0.0,0.0,0.0,0.0
F,0.0,0.0,0.0,0.0
F,-0.0331617,0.0,0.0,-0.0331617
F,0.0,0.0,0.0,0.0
F,0.0,0.0,0.0,0.0
F,0.0,0.0,0.0,0.0
F,0.0,0.0,0.0,0.0
F,0.0544292,0.0,0.0,0.0544292
F,0.0,0.0,0.0,0.0
F,0.0,0.0,0.0,0.0
F,0.0,0.0,0.0,0.0
F,0.0,0.0,0.0,0.0
F,0.0,0.0,0.0,0.0
F,0.0,0.0,0.0,0.0
F,0.0,0.0,0.0,0.0
F,0.0,0.0,0.0,0.0
F,0.0,0.0,0.0,0.0
F,0.0420728,0.0,0.0,0.0420728
F,0.0,0.0,0.0,0.0
F,0.0554913,0.0,0.0,0.0554913
F,0.0,0.0,0.0,0.0
F,-0.021395,0.0,0.0,-0.021395
F,0.0,0.0,0.0,0.0
F,-0.0211678,0.0,0.0,-0.0211678
F,0.0,0.0,0.0,0.0
F,0.0,0.0,0.0,0.0
F,0.0,0.0,0.0,0.0
F,-0.0185386,0.0,0.0,-0.0185386
F,0.0,0.0,0.0,0.0
F,0.0,0.0,0.0,0.0
F,0.0514372,0.0,0.0,0.0514372
F,0.0,0.0,0.0,0.0
F,0.0,0.0,0.0,0.0
F,0.0,0.0,0.0,0.0
F,0.0240805,0.0,0.0,0.0240805
F,0.0,0.0,0.0,0.0
F,0.0,0.0,0.0,0.0
F,0.0,0.0,0.0,0.0
F,0.0,0.0,0.0,0.0
F,0.0,0.0,0.0,0.0
F,0.0,0.0,0.0,0.0
F,0.0,0.0,0.0,0.0
F,0.0,0.0,0.0,0.0
F,0.0,0.0,0.0,0.0
F,-0.024834,0.0,0.0,-0.024834
F,0.0,0.0,0.0,0.0
F,0.0,0.0,0.0,0.0
F,0.0,0.0,0.0,0.0
F,0.124998,0.0,0.0,0.124998
F,0.0,0.0,0.0,0.0
F,0.0,0.0,0.0,0.0
F,0.0,0.0,0.0,0.0
F,0.0,0.0,0.0,0.0
F,0.0,0.0,0.0,0.0
F,0.0,0.0,0.0,0.0
F,0.0,0.0,0.0,0.0
F,-0.0238974,0.0,0.0,-0.0238974
F,0.0,0.0,0.0,0.0
F,-0.0165135,0.0,0.0,-0.0165135
F,0.0,0.0,0.0,0.0
F,0.0,0.0,0.0,0.0
F,0.0,0.0,0.0,0.0
F,0.0,0.0,0.0,0.0
F,0.0,0.0,0.0,0.0
F,0.0,0.0,0.0,0.0
F,0.0,0.0,0.0,0.0
F,0.0,0.0,0.0,0.0
F,0.0,0.0,0.0,0.0
F,-0.144161,0.0,0.0,-0.144161
F,0.0,0.0,0.0,0.0
F,0.0,0.0,0.0,0.0
F,0.0,0.0,0.0,0.0
F,0.0,0.0,0.0,0.0
F,0.0,0.0,0.0,0.0
F,0.0,0.0,0.0,0.0
F,0.0,0.0,0.0,0.0
F,0.0,0.0,0.0,0.0
F,0.0,0.0,0.0,0.0
F,0.0,0.0,0.0,0.0
F,0.0,0.0,0.0,0.0
F,0.0,0.0,0.0,0.0
F,0.0,0.0,0.0,0.0
F,0.0,0.0,0.0,0.0
F,0.0,0.0,0.0,0.0
F,0.0,0.0,0.0,0.0
F,0.0,0.0,0.0,0.0
F,0.0,0.0,0.0,0.0
F,0.0,0.0,0.0,0.0
F,0.0,0.0,0.0,0.0
F,0.0,0.0,0.0,0.0
F,0.0388406,0.0,0.0,0.0388406
F,0.0,0.0,0.0,0.0
F,0.0,0.0,0.0,0.0
F,0.0,0.0,0.0,0.0
F,0.0,0.0,0.0,0.0
F,0.0,0.0,0.0,0.0
F,0.0,0.0,0.0,0.0
F,0.0,0.0,0.0,0.0
F,0.0468707,0.0,0.0,0.0468707
F,0.0,0.0,0.0,0.0
F,0.0,0.0,0.0,0.0
F,0.0,0.0,0.0,0.0
F,0.0,0.0,0.0,0.0
F,0.0,0.0,0.0,0.0
F,0.0,0.0,0.0,0.0
F,0.0,0.0,0.0,0.0
F,0.0,0.0,0.0,0.0
F,0.0,0.0,0.0,0.0
F,0.0,0.0,0.0,0.0
F,0.0,0.0,0.0,0.0
F,0.0,0.0,0.0,0.0
F,0.0,0.0,0.0,0.0
F,0.00273462,0.0,0.0,0.00273462
F,0.0,0.0,0.0,0.0
F,0.0237359,0.0,0.0,0.0237359
F,0.0659997,0.0,0.0,0.0659997
F,0.0,0.0,0.0,0.0
F,0.0,0.0,0.0,0.0
F,0.0,0.0,0.0,0.0
F,0.0,0.0,0.0,0.0
F,0.0,0.0,0.0,0.0
F,0.0,0.0,0.0,0.0
F,0.0,0.0,0.0,0.0
F,0.0,0.0,0.0,0.0
F,0.0,0.0,0.0,0.0
F,0.0147396,0.0,0.0,0.0147396
F,0.0,0.0,0.0,0.0
F,-0.0610573,0.0,0.0,-0.0610573
F,0.0,0.0,0.0,0.0
F,0.0,0.0,0.0,0.0
F,0.0,0.0,0.0,0.0
F,0.0580994,0.0,0.0,0.0580994
F,0.0898471,0.0,0.0,0.0898471
F,-0.0245767,0.0,0.0,-0.0245767
F,0.0,0.0,0.0,0.0
F,0.0,0.0,0.0,0.0
F,0.0,0.0,0.0,0.0
F,-0.0490855,0.0,0.0,-0.0490855
F,0.00275257,0.0,0.0,0.00275257
F,-0.0880523,0.0,0.0,-0.0880523
F,0.0,0.0,0.0,0.0
F,0.0,0.0,0.0,0.0
F,0.0,0.0,0.0,0.0
F,0.0,0.0,0.0,0.0
F,0.0,0.0,0.0,0.0
F,0.0,0.0,0.0,0.0
F,0.0,0.0,0.0,0.0
F,0.0,0.0,0.0,0.0
F,-0.00979166,0.0,0.0,-0.00979166
F,0.0,0.0,0.0,0.0
F,-0.0185386,0.0,0.0,-0.0185386
F,0.0,0.0,0.0,0.0
F,0.0,0.0,0.0,0.0
F,0.0,0.0,0.0,0.0
F,0.0,0.0,0.0,0.0
F,0.0,0.0,0.0,0.0
F,0.0,0.0,0.0,0.0
F,0.0,0.0,0.0,0.0
F,0.0,0.0,0.0,0.0
F,0.0,0.0,0.0,0.0
F,0.0,0.0,0.0,0.0
F,0.0748095,0.0,0.0,0.0748095
F,0.0,0.0,0.0,0.0
F,0.0,0.0,0.0,0.0
F,0.0,0.0,0.0,0.0
F,-0.0609932,0.0,0.0,-0.0609932
F,0.0,0.0,0.0,0.0
F,0.0,0.0,0.0,0.0
F,0.0,0.0,0.0,0.0
F,0.0,0.0,0.0,0.0
F,0.0,0.0,0.0,0.0
F,0.0,0.0,0.0,0.0
F,0.0,0.0,0.0,0.0
F,0.0,0.0,0.0,0.0
F,0.0,0.0,0.0,0.0
F,0.0,0.0,0.0,0.0
F,0.0,0.0,0.0,0.0
F,0.0,0.0,0.0,0.0
F,0.0,0.0,0.0,0.0
F,0.0,0.0,0.0,0.0
F,0.0,0.0,0.0,0.0
F,0.005801,0.0,0.0,0.005801
F,0.0,0.0,0.0,0.0
F,0.0,0.0,0.0,0.0
F,0.0,0.0,0.0,0.0
F,0.0,0.0,0.0,0.0
F,0.0,0.0,0.0,0.0
F,0.0515137,0.0,0.0,0.0515137
F,0.0,0.0,0.0,0.0
F,-0.036924,0.0,0.0,-0.036924
F,0.0,0.0,0.0,0.0
F,-0.0646004,0.0,0.0,-0.0646004
F,0.0,0.0,0.0,0.0
F,0.0,0.0,0.0,0.0
F,0.0,0.0,0.0,0.0
F,0.0,0.0,0.0,0.0
F,0.00829452,0.0,0.0,0.00829452
F,0.0,0.0,0.0,0.0
F,0.0,0.0,0.0,0.0
F,0.0,0.0,0.0,0.0
F,0.0,0.0721706,0.0721706,0.0721706
F,0.0,0.0,0.0,0.0
F,0.0,0.0,0.0,0.0
F,0.0,0.0,0.0,0.0
F,-0.00777444,0.0,0.0,-0.00777444
F,0.0237118,0.0,0.0,0.0237118
F,0.0,0.0,0.0,0.0
F,0.0,0.0,0.0,0.0
F,0.0,0.0,0.0,0.0
F,-0.0307094,0.0,0.0,-0.0307094
F,0.0,0.0,0.0,0.0
F,0.0,0.0,0.0,0.0
F,-0.00726326,0.0,0.0,-0.00726326
F,0.0,0.0,0.0,0.0
F,0.0,0.0,0.0,0.0
F,0.0148539,0.0,0.0,0.0148539
F,0.0,0.0,0.0,0.0
F,0.0,0.0,0.0,0.0
F,0.131143,0.0,0.0,0.131143
F,0.0,0.0,0.0,0.0
F,0.0,0.0,0.0,0.0
F,0.0,0.0,0.0,0.0
F,0.0,0.0,0.0,0.0
F,0.0117758,0.0,0.0,0.0117758
F,0.0,0.0,0.0,0.0
F,0.0,0.0,0.0,0.0
F,0.0,0.0,0.0,0.0
F,0.0,0.0,0.0,0.0
F,0.0,0.0,0.0,0.0
F,0.00537122,0.0,0.0,0.00537122
F,0.0,0.0,0.0,0.0
F,0.0,0.0,0.0,0.0
F,0.0,0.0,0.0,0.0
F,0.0,0.0,0.0,0.0
F,0.0,0.0,0.0,0.0
F,0.0,0.0,0.0,0.0
F,0.0,0.0,0.0,0.0
F,0.0,0.0,0.0,0.0
F,-0.0169273,0.0,0.0,-0.0169273
F,0.0,0.0,0.0,0.0
F,0.0,0.0,0.0,0.0
F,-0.0574546,0.0,0.0,-0.0574546
F,-0.017266,0.0,0.0,-0.017266
F,0.0,0.0,0.0,0.0
F,0.0,0.0,0.0,0.0
F,0.0,0.0,0.0,0.0
F,0.0,0.0,0.0,0.0
F,0.0,0.0,0.0,0.0
F,0.0,0.0,0.0,0.0
F,0.0,0.0,0.0,0.0
F,0.0733304,0.0,0.0,0.0733304
F,0.0,0.0,0.0,0.0
F,0.0,0.0,0.0,0.0
F,0.0,0.0,0.0,0.0
F,0.0,0.0,0.0,0.0
F,0.0,0.0,0.0,0.0
F,0.0,0.0,0.0,0.0
F,0.0,0.0,0.0,0.0
F,0.0,0.0,0.0,0.0
F,0.0,0.0,0.0,0.0
F,0.0,0.0,0.0,0.0
F,0.0,0.0,0.0,0.0
F,0.0,0.0,0.0,0.0
F,0.0,0.0,0.0,0.0
F,0.0,0.0,0.0,0.0
F,0.0,0.0,0.0,0.0
F,0.0,0.0,0.0,0.0
F,-0.037925,0.0,0.0,-0.037925
F,0.0,0.0,0.0,0.0
F,0.0168607,0.0,0.0,0.0168607
F,0.0,0.0,0.0,0.0
F,0.0,0.0,0.0,0.0
F,0.0,0.0,0.0,0.0
F,0.0180563,0.0,0.0,0.0180563
F,0.0,0.0,0.0,0.0
F,0.0,0.0,0.0,0.0
F,0.0,0.0,0.0,0.0
F,0.0,0.0,0.0,0.0
F,0.0,0.0,0.0,0.0
F,0.0,0.0,0.0,0.0
F,0.0,0.0,0.0,0.0
F,0.0,0.0,0.0,0.0
F,0.0,0.0,0.0,0.0
F,0.0,0.0,0.0,0.0
F,0.0,0.0,0.0,0.0
F,0.0,0.0,0.0,0.0
F,0.0,0.0,0.0,0.0
F,0.0,0.0,0.0,0.0
F,0.0,0.0,0.0,0.0
F,0.00415897,-0.0591982,-0.0591982,-0.0550392
F,0.0,0.0,0.0,0.0
F,0.0,0.0,0.0,0.0
F,0.0,0.0,0.0,0.0
F,0.0,0.0,0.0,0.0
F,0.0,0.0,0.0,0.0
F,-0.0334763,0.0,0.0,-0.0334763
F,0.0186923,0.0,0.0,0.0186923
F,0.0,0.0,0.0,0.0
F,0.0,0.0,0.0,0.0
F,0.0,0.0,0.0,0.0
F,0.0,0.0,0.0,0.0
F,0.0912714,0.0,0.0,0.0912714
F,0.0,0.0721706,0.0721706,0.0721706
F,0.0,0.0,0.0,0.0
F,0.0,0.0,0.0,0.0
F,0.0,0.0,0.0,0.0
F,0.0,0.0,0.0,0.0
F,0.0919233,0.0,0.0,0.0919233
F,0.0,0.0,0.0,0.0
F,0.0,0.0,0.0,0.0
F,0.0,0.0,0.0,0.0
F,0.0,0.0,0.0,0.0
F,-0.00448578,0.0,0.0,-0.00448578
F,0.0601735,0.0,0.0,0.0601735
F,0.0,0.0,0.0,0.0
F,0.0,0.0,0.0,0.0
F,0.0,0.0,0.0,0.0
F,0.0,0.0,0.0,0.0
F,0.0,0.0,0.0,0.0
F,0.0,0.0,0.0,0.0
F,0.0,0.0,0.0,0.0
F,0.0,0.0,0.0,0.0
F,0.0,0.0,0.0,0.0
F,0.0,0.0,0.0,0.0
F,0.0,0.0,0.0,0.0
F,0.0,0.0,0.0,0.0
F,0.0,0.0,0.0,0.0
F,0.0,0.0,0.0,0.0
F,0.0,0.0,0.0,0.0
F,0.0,0.0,0.0,0.0
F,0.0,0.0,0.0,0.0
F,0.0,0.0,0.0,0.0
F,0.0,0.0,0.0,0.0
F,0.0,0.0,0.0,0.0
F,0.0,0.0,0.0,0.0
F,0.0,0.0,0.0,0.0
F,0.0,0.0,0.0,0.0
F,0.0,0.0,0.0,0.0
F,0.0,0.0,0.0,0.0
F,0.0,0.0,0.0,0.0
F,0.0,0.0,0.0,0.0
F,0.0,0.0,0.0,0.0
F,-0.0519289,0.0,0.0,-0.0519289
F,0.0,0.0,0.0,0.0
F,0.0,0.0,0.0,0.0
F,0.0,0.0,0.0,0.0
F,-0.0690185,0.0,0.0,-0.0690185
F,0.0,0.0,0.0,0.0
F,0.00254085,0.0,0.0,0.00254085
F,0.0,0.0,0.0,0.0
F,0.0,0.0,0.0,0.0
F,-0.00727523,0.0,0.0,-0.00727523
F,0.0,0.0,0.0,0.0
F,0.0,0.0,0.0,0.0
F,0.0,0.0,0.0,0.0
F,0.0,0.0,0.0,0.0
F,0.0,0.0,0.0,0.0
F,0.0,0.0,0.0,0.0
F,0.0,0.0,0.0,0.0
F,0.0,0.0,0.0,0.0
F,0.0419201,0.0,0.0,0.0419201
F,0.0,0.0,0.0,0.0
F,0.0,0.0,0.0,0.0
F,0.0,0.0,0.0,0.0
F,0.0,0.0,0.0,0.0
F,0.0,0.0,0.0,0.0
F,0.00415897,0.0,0.0,0.00415897
F,0.00961093,0.0,0.0,0.00961093
F,0.0,0.0,0.0,0.0
F,0.0,0.0,0.0,0.0
F,0.0,0.0,0.0,0.0
F,0.0,0.0,0.0,0.0
F,0.0114656,0.0,0.0,0.0114656
F,0.0155847,0.0,0.0,0.0155847
F,0.0,0.0,0.0,0.0
F,0.0,0.0,0.0,0.0
F,0.0,0.0,0.0,0.0
F,0.0420836,0.0,0.0,0.0420836
F,0.0,0.0,0.0,0.0
F,0.0,0.0394347,0.0394347,0.0394347
F,0.0,0.0,0.0,0.0
F,0.0,0.0,0.0,0.0
F,0.0368152,0.0,0.0,0.0368152
F,0.0,0.0,0.0,0.0
F,-0.0658826,0.0,0.0,-0.0658826
F,0.0,0.0,0.0,0.0
F,0.0,0.0,0.0,0.0
F,0.0,0.0,0.0,0.0
M,0.0,0.0,0.0,0.0
M,-0.0346967,0.0,0.0,-0.0346967
M,0.0,0.0,0.0,0.0
M,0.0,0.0,0.0,0.0
M,0.0,0.0,0.0,0.0
M,0.0,0.0,0.0,0.0
M,0.0,0.0,0.0,0.0
M,0.0,0.0,0.0,0.0
M,0.0,0.0340836,0.0340836,0.0340836
M,-0.180314,0.0,0.0,-0.180314
M,0.0,0.0,0.0,0.0
M,0.0,0.0,0.0,0.0
M,0.0,0.0,0.0,0.0
M,0.0,0.0,0.0,0.0
M,0.0,0.0,0.0,0.0
M,-0.107348,0.0,0.0,-0.107348
M,0.0,0.0,0.0,0.0
M,0.0,0.0,0.0,0.0
M,0.0,0.0,0.0,0.0
M,-0.0120606,0.0,0.0,-0.0120606
M,0.0,0.0,0.0,0.0
M,0.0,0.0,0.0,0.0
M,-0.000327274,0.0,0.0,-0.000327274
M,0.0,0.0,0.0,0.0
M,0.0,0.0,0.0,0.0
M,-0.0721454,0.0,0.0,-0.0721454
M,0.0,0.0,0.0,0.0
M,0.048644,0.0,0.0,0.048644
M,-0.0174154,0.0,0.0,-0.0174154
M,0.0,0.0,0.0,0.0
M,0.0,0.0,0.0,0.0
M,0.0816761,0.0,0.0,0.0816761
M,0.0,0.0,0.0,0.0
M,0.0,0.0,0.0,0.0
M,0.0,0.0,0.0,0.0
M,0.0,0.0,0.0,0.0
M,-0.0027336,0.0,0.0,-0.0027336
M,0.0,0.0,0.0,0.0
M,0.0595529,0.0,0.0,0.0595529
M,0.0,0.0,0.0,0.0
M,0.0,0.0,0.0,0.0
M,0.0,0.0,0.0,0.0
M,0.0,0.0,0.0,0.0
M,0.0,0.0,0.0,0.0
M,0.0,0.0,0.0,0.0
M,0.0,0.0,0.0,0.0
M,0.0,0.0,0.0,0.0
M,-0.0151982,0.0,0.0,-0.0151982
M,0.0,0.0,0.0,0.0
M,0.0,0.0,0.0,0.0
M,0.0194874,0.0,0.0,0.0194874
M,0.0,0.0,0.0,0.0
M,0.0,0.0,0.0,0.0
M,0.0,0.0,0.0,0.0
M,0.0,0.0,0.0,0.0
M,0.0,0.0,0.0,0.0
M,0.0,0.0,0.0,0.0
M,0.0,0.0,0.0,0.0
M,0.0,0.0,0.0,0.0
M,0.0185522,0.0,0.0,0.0185522
M,0.0,0.0,0.0,0.0
M,0.0,0.0,0.0,0.0
M,0.0,0.0,0.0,0.0
M,0.0,0.0,0.0,0.0
M,0.0,0.0,0.0,0.0
M,0.0,0.0,0.0,0.0
M,0.0,0.0,0.0,0.0
M,0.0,0.0,0.0,0.0
M,0.0,0.0,0.0,0.0
M,0.0,0.0,0.0,0.0
M,0.0,0.0,0.0,0.0
M,0.0,0.0,0.0,0.0
M,0.0,0.0,0.0,0.0
M,0.0,0.0,0.0,0.0
M,-0.0137177,0.0,0.0,-0.0137177
M,0.0,0.0,0.0,0.0
M,0.0,0.0,0.0,0.0
M,0.0,0.0,0.0,0.0
M,0.0,0.0,0.0,0.0
M,0.0,0.0,0.0,0.0
M,0.0,0.0,0.0,0.0
M,0.0,0.0,0.0,0.0
M,0.0,0.0,0.0,0.0
M,0.000445674,0.0,0.0,0.000445674
M,0.0,0.0,0.0,0.0
M,-0.0690867,0.0,0.0,-0.0690867
M,0.0,0.0,0.0,0.0
M,0.0,0.0,0.0,0.0
M,0.0,0.0,0.0,0.0
M,-0.00593377,0.0,0.0,-0.00593377
M,0.0,0.0,0.0,0.0
M,0.0,0.0,0.0,0.0
M,-0.024795,0.0,0.0,-0.024795
M,0.0,0.0,0.0,0.0
M,0.0,0.0,0.0,0.0
M,0.0,0.0,0.0,0.0
M,0.0,0.0,0.0,0.0
M,0.0,0.0,0.0,0.0
M,0.0,0.0,0.0,0.0
M,0.0,0.0,0.0,0.0
M,0.0,0.0,0.0,0.0
M,0.0,0.0,0.0,0.0
M,0.0,0.0,0.0,0.0
M,0.0,0.00526723,0.00526723,0.00526723
M,0.0,0.0,0.0,0.0
M,0.0,0.0,0.0,0.0
M,0.0,0.0,0.0,0.0
M,-0.0360656,0.0,0.0,-0.0360656
M,0.0,0.0,0.0,0.0
M,0.0,0.0,0.0,0.0
M,0.0,0.0,0.0,0.0
M,-0.00962679,0.0,0.0,-0.00962679
M,0.0,0.0,0.0,0.0
M,-0.0908533,0.0,0.0,-0.0908533
M,0.0,0.0,0.0,0.0
M,0.0328779,0.0,0.0,0.0328779
M,0.0,0.0,0.0,0.0
M,0.0,0.0,0.0,0.0
M,0.0,0.0,0.0,0.0
M,0.0322328,0.0,0.0,0.0322328
M,-0.0547391,0.0,0.0,-0.0547391
M,0.0,0.0,0.0,0.0
M,0.0,0.0,0.0,0.0
M,-0.0176848,0.0,0.0,-0.0176848
M,0.0,0.0,0.0,0.0
M,0.0,0.0,0.0,0.0
M,0.0,0.0,0.0,0.0
M,0.0,0.0,0.0,0.0
M,-0.00783127,0.0,0.0,-0.00783127
M,0.0,0.0,0.0,0.0
M,0.0,0.0,0.0,0.0
M,0.0,0.0,0.0,0.0
M,0.0,0.0,0.0,0.0
M,0.0,0.0,0.0,0.0
M,0.0,0.0,0.0,0.0
M,0.0,0.0,0.0,0.0
M,0.0,0.0,0.0,0.0
M,0.0,0.0,0.0,0.0
M,0.0,0.0,0.0,0.0
M,-0.0755545,0.0,0.0,-0.0755545
M,0.0816761,0.0,0.0,0.0816761
M,0.0,0.0,0.0,0.0
M,0.0,0.0,0.0,0.0
M,0.0,0.0,0.0,0.0
M,0.0,0.0,0.0,0.0
M,0.0,0.0,0.0,0.0
M,0.0,0.0,0.0,0.0
M,0.0,0.0,0.0,0.0
M,0.0,0.0,0.0,0.0
M,0.0925054,0.0,0.0,0.0925054
M,0.0,0.0,0.0,0.0
M,0.0,0.0,0.0,0.0
M,0.0,0.0,0.0,0.0
M,0.0,0.0,0.0,0.0
M,0.0,0.0,0.0,0.0
M,0.0,0.0,0.0,0.0
M,0.0,0.0,0.0,0.0
M,0.0,0.0,0.0,0.0
M,0.0,0.0,0.0,0.0
M,0.0,0.0,0.0,0.0
M,0.0,0.0,0.0,0.0
M,-0.0562666,0.0,0.0,-0.0562666
M,0.0,0.0,0.0,0.0
M,-0.0721454,0.0,0.0,-0.0721454
M,0.00297599,0.0,0.0,0.00297599
M,0.0,0.0,0.0,0.0
M,0.0,0.0,0.0,0.0
M,0.0,0.0,0.0,0.0
M,-0.00670669,0.0,0.0,-0.00670669
M,0.0,0.0,0.0,0.0
M,0.0,0.0,0.0,0.0
M,0.0,0.0,0.0,0.0
M,0.0,0.0,0.0,0.0
M,0.0,0.0,0.0,0.0
M,0.0,0.0,0.0,0.0
M,0.0,0.0,0.0,0.0
M,0.00572504,0.0,0.0,0.00572504
M,-0.0632657,0.0,0.0,-0.0632657
M,0.0,0.0,0.0,0.0
M,0.0,0.0,0.0,0.0
M,0.0,0.0,0.0,0.0
M,0.12147,0.0,0.0,0.12147
M,0.0,0.0,0.0,0.0
M,0.0,0.0,0.0,0.0
M,0.0,0.0,0.0,0.0
M,0.0,0.0,0.0,0.0
M,0.0,0.0,0.0,0.0
M,0.0,0.0,0.0,0.0
M,0.0,0.0,0.0,0.0
M,0.0,0.0,0.0,0.0
M,0.0,0.0,0.0,0.0
M,0.0,0.0,0.0,0.0
M,0.0,0.0,0.0,0.0
M,0.0,0.0,0.0,0.0
M,0.0,0.0,0.0,0.0
M,0.0,0.0,0.0,0.0
M,0.0,0.0,0.0,0.0
M,0.0,0.0,0.0,0.0
M,0.0,0.0,0.0,0.0
M,0.0,0.0,0.0,0.0
M,0.0,0.0,0.0,0.0
M,0.0,0.0,0.0,0.0
M,0.0,0.0,0.0,0.0
M,0.0,0.0,0.0,0.0
M,-0.0677615,0.0,0.0,-0.0677615
M,0.0,0.0,0.0,0.0
M,0.0,0.0,0.0,0.0
M,0.00802323,0.0,0.0,0.00802323
M,0.0,0.0,0.0,0.0
M,0.0,0.0,0.0,0.0
M,0.0,0.0,0.0,0.0
M,0.0,0.0,0.0,0.0
M,0.0,0.0,0.0,0.0
M,0.0,0.0,0.0,0.0
M,0.0,0.0,0.0,0.0
M,0.0,0.0,0.0,0.0
M,0.0,0.0,0.0,0.0
M,0.0,0.0,0.0,0.0
M,0.0,0.0,0.0,0.0
M,0.0,0.0,0.0,0.0
M,0.0,0.0,0.0,0.0
M,0.0,0.0,0.0,0.0
M,0.0,0.0,0.0,0.0
M,0.0,0.0,0.0,0.0
M,0.0,0.0,0.0,0.0
M,0.0,0.0,0.0,0.0
M,0.0,0.0,0.0,0.0
M,0.0,0.0,0.0,0.0
M,0.0,0.0,0.0,0.0
M,0.0,0.0,0.0,0.0
M,0.0,0.0,0.0,0.0
M,0.0,0.0,0.0,0.0
M,0.0,0.0,0.0,0.0
M,0.0,0.0,0.0,0.0
M,0.0356138,0.0,0.0,0.0356138
M,0.0,-0.0469943,-0.0469943,-0.0469943
M,0.0,0.0,0.0,0.0
M,-0.0859162,0.0,0.0,-0.0859162
M,0.0,0.0,0.0,0.0
M,0.0,0.0,0.0,0.0
M,0.0,0.0,0.0,0.0
M,0.0,0.0,0.0,0.0
M,0.0,0.0,0.0,0.0
M,0.0,0.0,0.0,0.0
M,0.0372133,0.0,0.0,0.0372133
M,-0.0213855,0.0,0.0,-0.0213855
M,0.0,0.0,0.0,0.0
M,0.0,0.0,0.0,0.0
M,0.0,0.0,0.0,0.0
M,0.0,0.0,0.0,0.0
M,0.0,0.0,0.0,0.0
M,0.0,0.0,0.0,0.0
M,0.0,0.0,0.0,0.0
M,0.0,0.0,0.0,0.0
M,0.0,0.0,0.0,0.0
M,0.0,0.0,0.0,0.0
M,0.0,0.0,0.0,0.0
M,0.0,0.0,0.0,0.0
M,0.0,0.0,0.0,0.0
M,0.0,0.0,0.0,0.0
M,0.0,0.0,0.0,0.0
M,0.0,0.0,0.0,0.0
M,0.0,0.0,0.0,0.0
M,0.0,0.0,0.0,0.0
M,0.0,0.0,0.0,0.0
M,0.0,0.0,0.0,0.0
M,0.0,0.0,0.0,0.0
M,0.0,0.0,0.0,0.0
M,0.0529561,0.0,0.0,0.0529561
M,0.0,0.0,0.0,0.0
M,0.0,0.0,0.0,0.0
M,0.0,0.0,0.0,0.0
M,0.0,0.0,0.0,0.0
M,0.0,0.0,0.0,0.0
M,0.052768,0.0,0.0,0.052768
M,0.0,0.0,0.0,0.0
M,0.0,0.0,0.0,0.0
M,-0.0108727,0.0,0.0,-0.0108727
M,0.0,0.0,0.0,0.0
M,0.0,0.0,0.0,0.0
M,-0.077683,0.0,0.0,-0.077683
M,-0.0538312,0.0,0.0,-0.0538312
M,0.0,0.0,0.0,0.0
M,0.0,0.0,0.0,0.0
M,0.0,0.0,0.0,0.0
M,0.0,0.0,0.0,0.0
M,0.0,0.0,0.0,0.0
M,0.0148662,0.0,0.0,0.0148662
M,0.0495316,0.0,0.0,0.0495316
M,0.0,0.0,0.0,0.0
M,0.0,0.0,0.0,0.0
M,0.0,0.0,0.0,0.0
M,0.0,0.0,0.0,0.0
M,0.0,0.0,0.0,0.0
M,0.0,0.0,0.0,0.0
M,-0.0339558,0.0,0.0,-0.0339558
M,0.0,0.0,0.0,0.0
M,0.0,0.0,0.0,0.0
M,0.0171319,0.0,0.0,0.0171319
M,0.00929694,0.0,0.0,0.00929694
M,0.0,0.0,0.0,0.0
M,0.0,0.0,0.0,0.0
M,0.0,0.0,0.0,0.0
M,0.0384295,0.0,0.0,0.0384295
M,-0.0236945,0.0,0.0,-0.0236945
M,0.0,0.0,0.0,0.0
M,0.0,0.0,0.0,0.0
M,0.0,0.0,0.0,0.0
M,0.0,0.0,0.0,0.0
M,0.0,0.0,0.0,0.0
M,0.0165388,0.0,0.0,0.0165388
M,0.0,0.0,0.0,0.0
M,0.0,0.0,0.0,0.0
M,0.0922234,0.0,0.0,0.0922234
M,0.0,0.0,0.0,0.0
M,0.0,0.0,0.0,0.0
M,0.0126789,0.0,0.0,0.0126789
M,0.0,0.0,0.0,0.0
M,0.0,0.0,0.0,0.0
M,0.0,0.0,0.0,0.0
M,-0.0499091,0.0,0.0,-0.0499091
M,0.0,0.0,0.0,0.0
M,0.0,0.0,0.0,0.0
M,0.0,0.0,0.0,0.0
M,0.0,0.0,0.0,0.0
M,0.0,0.0,0.0,0.0
M,-0.00796191,0.0,0.0,-0.00796191
M,0.0,0.0,0.0,0.0
M,0.0,0.0,0.0,0.0
M,0.0,0.0,0.0,0.0
M,0.0,0.0,0.0,0.0
M,0.0,0.0,0.0,0.0
M,-0.0137177,0.0,0.0,-0.0137177
M,0.0,0.0,0.0,0.0
M,0.0,0.0,0.0,0.0
M,0.0,0.0,0.0,0.0
M,0.0,0.0,0.0,0.0
M,0.0,0.0,0.0,0.0
M,0.0,0.0,0.0,0.0
M,0.0,0.0,0.0,0.0
M,0.0,0.0,0.0,0.0
M,0.0,0.0,0.0,0.0
M,0.0,0.0,0.0,0.0
M,0.0,0.0,0.0,0.0
M,0.0,0.0,0.0,0.0
M,-0.013099,0.0,0.0,-0.013099
M,0.0,0.0,0.0,0.0
M,0.0,0.0,0.0,0.0
M,0.0,0.0,0.0,0.0
M,0.0200639,0.0,0.0,0.0200639
M,0.0,0.0,0.0,0.0
M,-0.0151982,0.0,0.0,-0.0151982
M,0.0,0.0,0.0,0.0
M,0.0,0.0,0.0,0.0
M,0.0,0.0,0.0,0.0
M,0.0,0.0,0.0,0.0
M,0.0,0.0,0.0,0.0
M,0.0,0.0,0.0,0.0
M,0.0,0.0,0.0,0.0
M,0.0,0.0,0.0,0.0
M,0.0,0.0,0.0,0.0
M,-0.0234327,0.0,0.0,-0.0234327
M,0.0,0.0,0.0,0.0
M,0.0207349,0.0,0.0,0.0207349
M,0.0,0.0,0.0,0.0
M,-0.0605225,0.0,0.0,-0.0605225
M,0.0,0.0,0.0,0.0
M,0.0,0.0,0.0,0.0
M,0.0,0.0,0.0,0.0
M,0.0,0.0,0.0,0.0
M,0.0,0.0,0.0,0.0
M,0.0,0.0,0.0,0.0
M,0.0,0.0,0.0,0.0
M,0.0,0.0,0.0,0.0
M,0.0,0.0,0.0,0.0
M,-0.00258246,0.0,0.0,-0.00258246
M,0.0,0.0,0.0,0.0
M,0.0,0.0,0.0,0.0
M,0.0,0.0,0.0,0.0
M,0.0,0.0,0.0,0.0
M,0.0,0.0,0.0,0.0
M,0.0666116,0.0,0.0,0.0666116
M,0.0,0.0,0.0,0.0
M,0.0,0.0,0.0,0.0
M,0.0,0.0,0.0,0.0
M,0.0,0.0,0.0,0.0
M,0.0501911,0.0,0.0,0.0501911
M,-0.0126098,0.0,0.0,-0.0126098
M,0.0,0.0,0.0,0.0
M,0.0,0.0,0.0,0.0
M,0.0,0.0,0.0,0.0
M,0.0,0.0,0.0,0.0
M,0.0,0.0,0.0,0.0
M,0.0523083,0.0,0.0,0.0523083
M,0.0172985,0.0,0.0,0.0172985
M,0.0,0.0,0.0,0.0
M,0.0,0.0,0.0,0.0
M,0.0,0.0,0.0,0.0
M,0.0,0.0,0.0,0.0
M,0.0,0.0,0.0,0.0
M,0.0,0.0,0.0,0.0
M,0.0,0.0,0.0,0.0
M,0.0,0.0,0.0,0.0
M,0.0,0.0,0.0,0.0
M,-0.0238165,0.0,0.0,-0.0238165
M,0.0,0.0,0.0,0.0
M,0.0,0.0,0.0,0.0
M,0.017121,0.0,0.0,0.017121
M,0.0,0.0,0.0,0.0
M,0.0,0.0,0.0,0.0
M,0.0,0.0,0.0,0.0
M,0.0,0.0,0.0,0.0
M,0.0,0.0,0.0,0.0
M,0.0,0.0,0.0,0.0
M,0.0,0.0,0.0,0.0
M,0.0,0.0,0.0,0.0
M,0.0,0.0,0.0,0.0
M,0.0,0.0,0.0,0.0
M,0.0,0.0,0.0,0.0
M,0.0,0.0,0.0,0.0
M,-0.00607997,0.0,0.0,-0.00607997
M,0.0,0.0,0.0,0.0
M,0.0216596,0.0,0.0,0.0216596
M,0.0,0.0,0.0,0.0
M,0.0301734,0.0,0.0,0.0301734
M,0.0,0.0,0.0,0.0
M,0.0,0.0,0.0,0.0
M,0.0,0.0,0.0,0.0
M,-0.00607997,0.0,0.0,-0.00607997
M,0.0,0.0,0.0,0.0
M,0.0,0.0,0.0,0.0
M,0.0,0.0,0.0,0.0
M,0.0,0.0,0.0,0.0
M,0.0,0.0,0.0,0.0
M,0.0,0.0,0.0,0.0
M,0.0,0.0,0.0,0.0
M,0.0,0.0,0.0,0.0
M,0.0,0.0,0.0,0.0
M,0.0,0.0,0.0,0.0
M,0.0,0.0,0.0,0.0
M,0.0,0.0,0.0,0.0
M,0.0,0.0,0.0,0.0
M,0.0,0.0,0.0,0.0
M,0.0,0.0,0.0,0.0
M,0.0,0.0,0.0,0.0
M,0.0,0.0,0.0,0.0
M,0.0,0.0,0.0,0.0
M,0.0,0.0,0.0,0.0
M,0.0,0.0,0.0,0.0
M,0.0,0.0,0.0,0.0
M,0.0171319,0.0,0.0,0.0171319
M,-0.0378485,0.0,0.0,-0.0378485
M,0.0,0.0,0.0,0.0
M,0.0,0.0,0.0,0.0
M,0.0,0.0,0.0,0.0
M,0.0,0.0,0.0,0.0
M,0.0,0.0,0.0,0.0
M,0.0,0.0,0.0,0.0
M,0.0,0.0,0.0,0.0
M,0.0,0.0,0.0,0.0
M,0.0,0.0,0.0,0.0
M,0.0,0.0,0.0,0.0
M,0.0,0.0,0.0,0.0
M,-0.0195255,0.0,0.0,-0.0195255
M,0.0,0.0,0.0,0.0
M,0.0,0.0,0.0,0.0
M,0.0,0.0,0.0,0.0
M,0.0,0.0,0.0,0.0
M,0.0,0.0,0.0,0.0
M,0.0,0.0,0.0,0.0
M,0.0323576,0.0,0.0,0.0323576
M,0.0293372,0.0,0.0,0.0293372
M,0.0,0.0,0.0,0.0
M,0.0,0.0,0.0,0.0
M,0.0,0.0,0.0,0.0
M,0.0,0.0,0.0,0.0
M,0.0322328,0.0,0.0,0.0322328
M,0.0,0.0,0.0,0.0
M,0.0,0.0,0.0,0.0
M,-0.0239269,0.0,0.0,-0.0239269
M,0.0,0.0,0.0,0.0
M,0.0,0.0,0.0,0.0
M,0.0,0.0,0.0,0.0
M,-0.0849523,0.0,0.0,-0.0849523
M,0.0,0.0,0.0,0.0
M,0.0,0.0,0.0,0.0
M,0.0,0.0,0.0,0.0
M,0.0,0.0,0.0,0.0
M,0.0,0.0,0.0,0.0
M,0.0,0.0,0.0,0.0
M,0.0,0.0,0.0,0.0
M,0.0,0.0,0.0,0.0
M,0.0,0.0,0.0,0.0
M,0.0,0.0,0.0,0.0
M,0.0,0.0,0.0,0.0
M,0.0,0.0,0.0,0.0
M,0.0,0.0,0.0,0.0
M,0.0,0.0,0.0,0.0
M,0.0,0.0,0.0,0.0
M,0.0,0.0,0.0,0.0
M,0.0,0.0,0.0,0.0
M,0.0,0.0,0.0,0.0
M,0.0,0.0,0.0,0.0
M,0.0,0.0,0.0,0.0
M,0.0,0.0,0.0,0.0
M,0.0,0.0,0.0,0.0
M,0.0,0.0,0.0,0.0
M,0.0,0.0,0.0,0.0
M,0.0,0.0,0.0,0.0
M,0.0,0.0,0.0,0.0
M,0.0,0.0,0.0,0.0
M,0.0542909,0.0,0.0,0.0542909
M,0.0,0.0,0.0,0.0
M,0.0,0.0,0.0,0.0
M,0.0,0.0,0.0,0.0
M,0.0,0.0,0.0,0.0
M,0.0,0.0,0.0,0.0
M,0.0,0.0,0.0,0.0
M,0.0,0.0,0.0,0.0
M,0.0,0.0,0.0,0.0
M,0.0,0.0,0.0,0.0
M,0.0,0.0,0.0,0.0
M,0.0152071,0.0,0.0,0.0152071
M,0.0,0.0,0.0,0.0
M,0.0,0.0,0.0,0.0
M,0.0,0.0,0.0,0.0
M,0.0,0.0,0.0,0.0
M,-0.0442159,0.0,0.0,-0.0442159
M,0.0,0.0,0.0,0.0
M,0.0,0.0,0.0,0.0
M,0.0,0.0,0.0,0.0
M,0.0,0.0,0.0,0.0
M,0.0,0.0,0.0,0.0
M,0.0,0.0,0.0,0.0
M,-0.0114531,0.0,0.0,-0.0114531
M,0.017121,0.0,0.0,0.017121
M,0.0,0.0,0.0,0.0
M,0.0,0.0,0.0,0.0
M,0.0,0.0,0.0,0.0
M,-0.00593377,0.0,0.0,-0.00593377
M,-0.0302086,0.0,0.0,-0.0302086
M,0.0472656,0.0,0.0,0.0472656
M,-0.0141603,0.0,0.0,-0.0141603
M,0.0,0.0,0.0,0.0
M,0.0,0.0,0.0,0.0
M,0.0,0.0,0.0,0.0
M,0.0,0.0,0.0,0.0
M,0.0,0.0,0.0,0.0
M,0.0,0.0,0.0,0.0
M,0.0,0.0,0.0,0.0
M,0.0,0.0,0.0,0.0
M,0.0,0.0,0.0,0.0
M,0.0,-0.0394024,-0.0394024,-0.0394024
M,0.0,0.0,0.0,0.0
M,0.0,0.0,0.0,0.0
M,0.0,0.0,0.0,0.0
M,0.0,0.0,0.0,0.0
M,0.0,0.0,0.0,0.0
M,0.0,0.0,0.0,0.0
M,0.0,0.0,0.0,0.0
M,0.0,0.0,0.0,0.0
M,0.0,0.0,0.0,0.0
M,-0.000118211,0.0,0.0,-0.000118211
M,0.0,0.0,0.0,0.0
M,0.0,0.0,0.0,0.0
M,0.0,0.0,0.0,0.0
M,-0.0236945,0.0,0.0,-0.0236945
M,0.0,0.0,0.0,0.0
M,0.0,0.0,0.0,0.0
M,0.0,0.0,0.0,0.0
M,0.0168767,0.0,0.0,0.0168767
M,0.0,0.0,0.0,0.0
M,-0.0721454,0.0,0.0,-0.0721454
M,0.0,0.0,0.0,0.0
M,0.0,0.0,0.0,0.0
M,0.0,0.0,0.0,0.0
M,0.0,0.0,0.0,0.0
M,0.0,0.0,0.0,0.0
M,0.0,0.0,0.0,0.0
M,0.0,0.0,0.0,0.0
M,0.0,0.0,0.0,0.0
M,0.0,0.0,0.0,0.0
M,0.0,0.0,0.0,0.0
M,0.0,0.0,0.0,0.0
M,0.0,0.0,0.0,0.0
M,0.0,0.0,0.0,0.0
M,0.0,0.0,0.0,0.0
M,0.0,0.0,0.0,0.0
M,0.0,0.0,0.0,0.0
M,0.0674324,0.0,0.0,0.0674324
M,0.0,0.0,0.0,0.0
M,0.0,0.0,0.0,0.0
M,0.0,0.0,0.0,0.0
M,-0.0636463,0.0,0.0,-0.0636463
M,0.0,0.0,0.0,0.0
M,0.0,0.0,0.0,0.0
M,0.0,0.0,0.0,0.0
M,0.0,0.0,0.0,0.0
M,0.0,0.0,0.0,0.0
M,0.0,0.0,0.0,0.0
M,0.0,0.0,0.0,0.0
M,0.0,0.0,0.0,0.0
M,0.0,0.0,0.0,0.0
M,0.0,0.0,0.0,0.0
M,0.0,0.0,0.0,0.0
M,0.0,0.0,0.0,0.0
M,-0.0804461,0.0,0.0,-0.0804461
M,0.0,0.0,0.0,0.0
M,0.0666116,0.0,0.0,0.0666116
M,0.0,0.0,0.0,0.0
M,0.0,0.0,0.0,0.0
M,-0.00601695,0.0,0.0,-0.00601695
M,0.0,0.0,0.0,0.0
M,0.0,0.0,0.0,0.0
M,0.0,0.0,0.0,0.0
M,0.0,0.0,0.0,0.0
M,0.0,0.0,0.0,0.0
M,-0.0238165,0.0,0.0,-0.0238165
M,0.0,0.0,0.0,0.0
M,0.0,0.0,0.0,0.0
M,0.0,0.0,0.0,0.0
M,0.0,0.0,0.0,0.0
M,0.0,0.0,0.0,0.0
M,0.0,0.0,0.0,0.0
M,0.0,0.0,0.0,0.0
M,0.0,0.0,0.0,0.0
M,0.0,0.0,0.0,0.0
M,0.0,0.0,0.0,0.0
M,0.0,0.0,0.0,0.0
M,0.0,0.0,0.0,0.0
M,0.0,0.0,0.0,0.0
M,0.0,0.0,0.0,0.0
M,0.0,0.0,0.0,0.0
M,0.0,0.0,0.0,0.0
M,-0.0667518,0.0,0.0,-0.0667518
M,0.0,0.0,0.0,0.0
M,0.0,0.0,0.0,0.0
M,0.0,0.0,0.0,0.0
M,0.0745225,0.0,0.0,0.0745225
M,0.0,0.0,0.0,0.0
M,-0.0230769,0.0,0.0,-0.0230769
M,0.0,0.0,0.0,0.0
M,0.0,0.0,0.0,0.0
M,0.0,0.0,0.0,0.0
M,0.0,0.0,0.0,0.0
M,0.0541549,0.0,0.0,0.0541549
M,0.0,0.0,0.0,0.0
M,0.0,0.0,0.0,0.0
M,0.0,0.0,0.0,0.0
M,0.0,0.0,0.0,0.0
M,0.0,0.0,0.0,0.0
M,0.0361328,0.0,0.0,0.0361328
M,-0.038244,0.0,0.0,-0.038244
M,0.0,0.0,0.0,0.0
M,0.0,0.0,0.0,0.0
M,0.0,0.0,0.0,0.0
M,0.0,0.0,0.0,0.0
M,0.0,0.0,0.0,0.0
M,0.0,0.0,0.0,0.0
M,0.0,0.0,0.0,0.0
M,0.0,0.0,0.0,0.0
M,0.0252218,0.0,0.0,0.0252218
M,0.0,0.0,0.0,0.0
M,0.0,0.0,0.0,0.0
M,0.0,0.0,0.0,0.0
M,0.0,0.0,0.0,0.0
M,0.0,0.0,0.0,0.0
M,0.0,0.0,0.0,0.0
M,0.0,0.0,0.0,0.0
M,0.0,0.0,0.0,0.0
M,0.0,0.0,0.0,0.0
M,0.0,0.0,0.0,0.0
M,0.011117,0.0,0.0,0.011117
M,-0.0295232,0.0,0.0,-0.0295232
M,0.0,0.0,0.0,0.0
M,0.0,0.0,0.0,0.0
M,0.0,0.0,0.0,0.0
M,0.0,0.0,0.0,0.0
M,0.0,0.0,0.0,0.0
M,0.0,0.0,0.0,0.0
M,0.0,0.0,0.0,0.0
M,-0.0452001,0.0,0.0,-0.0452001
M,0.0,0.0,0.0,0.0
M,0.0,0.0,0.0,0.0
M,0.0,0.0,0.0,0.0
M,0.0,0.0,0.0,0.0
M,0.0,0.0,0.0,0.0
M,0.0,0.0,0.0,0.0
M,0.0,0.0,0.0,0.0
M,0.0,0.0,0.0,0.0
M,0.0,0.0,0.0,0.0
M,0.0,0.0,0.0,0.0
M,-0.108662,0.0,0.0,-0.108662
M,0.0,0.0,0.0,0.0
M,-0.0434891,0.0,0.0,-0.0434891
M,0.0,0.0,0.0,0.0
M,0.0,0.0,0.0,0.0
M,0.0,0.0,0.0,0.0
M,0.0,0.0,0.0,0.0
M,0.0,0.0,0.0,0.0
M,0.0,0.0,0.0,0.0
M,0.0,0.0,0.0,0.0
M,0.0,0.0,0.0,0.0
M,0.0,0.0,0.0,0.0
M,0.0,0.0,0.0,0.0
M,0.0,0.0,0.0,0.0
M,0.0,0.0,0.0,0.0
M,0.0,0.0,0.0,0.0
M,0.0,0.0,0.0,0.0
M,0.0,0.0,0.0,0.0
M,0.0,0.0,0.0,0.0
M,0.0,0.0,0.0,0.0
M,0.0,0.0,0.0,0.0
M,0.0,0.0,0.0,0.0
M,0.0,0.0,0.0,0.0
M,0.0,0.0,0.0,0.0
M,0.0,0.0,0.0,0.0
M,0.0,0.0,0.0,0.0
M,0.0,0.0,0.0,0.0
M,0.0,0.0,0.0,0.0
M,0.0,0.0,0.0,0.0
M,0.0,0.0,0.0,0.0
M,0.0,0.0,0.0,0.0
M,0.0,0.0,0.0,0.0
M,0.0,0.0,0.0,0.0
M,0.0,0.0,0.0,0.0
M,0.0,0.0,0.0,0.0
M,0.0,0.0,0.0,0.0
M,0.0,0.0,0.0,0.0
M,0.0483153,0.0,0.0,0.0483153
M,0.0,0.0,0.0,0.0
M,0.0,0.0,0.0,0.0
M,0.0,0.0,0.0,0.0
M,0.0,0.0,0.0,0.0
M,0.0,0.0,0.0,0.0
M,0.0,0.0,0.0,0.0
M,0.0,0.0,0.0,0.0
M,0.0,0.0,0.0,0.0
M,0.0,0.0,0.0,0.0
M,-0.0239269,0.0,0.0,-0.0239269
M,0.0,0.0,0.0,0.0
M,0.0,0.0,0.0,0.0
M,0.00572504,0.0,0.0,0.00572504
M,0.0,0.0,0.0,0.0
M,0.0,0.0,0.0,0.0
M,0.0,0.0,0.0,0.0
M,-0.0137177,0.0,0.0,-0.0137177
M,0.0,0.0,0.0,0.0
M,0.0,0.0,0.0,0.0
M,0.0,0.0,0.0,0.0
M,0.0,0.0,0.0,0.0
M,0.0,0.0,0.0,0.0
M,0.0,0.0,0.0,0.0
M,0.0,0.0,0.0,0.0
M,0.0,0.0,0.0,0.0
M,0.0,0.0,0.0,0.0
M,0.0,0.0,0.0,0.0
M,0.0,0.0,0.0,0.0
M,0.0,0.0,0.0,0.0
M,0.0,0.0,0.0,0.0
M,0.0,0.0,0.0,0.0
M,0.0355776,0.0,0.0,0.0355776
M,0.0,0.0,0.0,0.0
M,0.0,0.0,0.0,0.0
M,0.0,0.0156492,0.0156492,0.0156492
M,0.0,0.0,0.0,0.0
M,0.0501911,0.0,0.0,0.0501911
M,0.0,0.0,0.0,0.0
M,0.0,0.0,0.0,0.0
M,0.0,0.0,0.0,0.0
M,0.0,0.0,0.0,0.0
M,0.0,0.0,0.0,0.0
M,0.0,0.0,0.0,0.0
M,0.0,0.0,0.0,0.0
M,-0.0137177,0.0,0.0,-0.0137177
M,0.0,0.0,0.0,0.0
M,0.0,0.0,0.0,0.0
M,0.0,0.0,0.0,0.0
M,0.0,0.0,0.0,0.0
M,0.0,0.0,0.0,0.0
M,0.0191284,0.0,0.0,0.0191284
M,0.0,0.0,0.0,0.0
M,0.0,0.0,0.0,0.0
M,0.0,0.0,0.0,0.0
M,0.0,0.0,0.0,0.0
M,0.0,0.0,0.0,0.0
M,0.0,0.0,0.0,0.0
M,-0.0179339,0.0,0.0,-0.0179339
M,0.0,0.0,0.0,0.0
M,0.0,0.0,0.0,0.0
M,0.0,0.0,0.0,0.0
M,0.0,0.0,0.0,0.0
M,0.0,-0.00689158,-0.00689158,-0.00689158
M,0.0,0.0,0.0,0.0
M,0.0,0.0,0.0,0.0
M,0.0,0.0,0.0,0.0
M,0.0425847,0.0,0.0,0.0425847
M,0.0,0.0,0.0,0.0
M,0.0,0.0,0.0,0.0
M,0.0,0.0,0.0,0.0
M,0.0,0.0,0.0,0.0
M,0.0,0.0,0.0,0.0
M,0.0,0.0,0.0,0.0
M,0.027268,0.0,0.0,0.027268
M,0.0,0.0,0.0,0.0
M,0.0,0.0,0.0,0.0
M,0.0,0.0,0.0,0.0
M,0.0755175,0.0,0.0,0.0755175
M,0.0,0.0,0.0,0.0
M,0.0,0.0,0.0,0.0
M,0.0,0.0,0.0,0.0
M,0.0,0.0,0.0,0.0
M,0.0,0.0,0.0,0.0
M,0.0,0.0,0.0,0.0
M,0.0,0.0,0.0,0.0
M,0.0,0.0,0.0,0.0
M,0.0,0.0,0.0,0.0
M,0.0,0.0,0.0,0.0
M,0.0,0.0,0.0,0.0
M,0.0,0.0,0.0,0.0
M,0.0,0.0,0.0,0.0
M,0.0,0.0,0.0,0.0
M,0.0,0.0,0.0,0.0
M,0.0,0.0,0.0,0.0
M,0.0752399,0.0,0.0,0.0752399
M,0.0,0.0,0.0,0.0
M,0.0,0.0,0.0,0.0
M,0.0,0.0,0.0,0.0
M,0.0,0.0,0.0,0.0
M,0.0,0.0,0.0,0.0
M,0.0,0.0,0.0,0.0
M,0.0301734,0.0,0.0,0.0301734
M,0.0,0.0,0.0,0.0
M,0.0,0.0,0.0,0.0
M,0.0,0.0,0.0,0.0
M,0.0261531,0.0,0.0,0.0261531
M,0.0,0.0,0.0,0.0
M,0.0,0.0,0.0,0.0
M,0.0,0.0,0.0,0.0
M,0.0,0.0,0.0,0.0
M,0.0242484,0.0,0.0,0.0242484
M,0.0,0.0,0.0,0.0
M,0.0,0.0,0.0,0.0
M,0.0,0.0,0.0,0.0
M,0.0,0.0,0.0,0.0
M,0.0,0.0,0.0,0.0
M,0.0,0.0,0.0,0.0
M,0.0,0.0,0.0,0.0
M,0.0,0.0,0.0,0.0
M,-0.0278986,0.0,0.0,-0.0278986
M,0.0,0.0,0.0,0.0
M,0.0,0.0,0.0,0.0
M,0.0,0.0,0.0,0.0
M,0.0,0.0,0.0,0.0
M,0.0,0.0,0.0,0.0
M,0.0,0.0,0.0,0.0
M,0.0449214,0.0,0.0,0.0449214
M,-0.00570888,0.102302,0.102302,0.0965929
M,-0.013876,0.0,0.0,-0.013876
M,0.0,0.0,0.0,0.0
M,0.0,0.0,0.0,0.0
M,0.0,0.0,0.0,0.0
M,0.0,0.0,0.0,0.0
M,0.0,0.0,0.0,0.0
M,0.0,0.0,0.0,0.0
M,0.0,0.0,0.0,0.0
M,0.0,0.0,0.0,0.0
M,0.0,0.0,0.0,0.0
M,0.0,0.0,0.0,0.0
M,0.0,0.0,0.0,0.0
M,0.0,0.0,0.0,0.0
M,-0.0325877,0.0,0.0,-0.0325877
M,0.0301734,0.0,0.0,0.0301734
M,0.0,0.0,0.0,0.0
M,0.0,0.0,0.0,0.0
M,0.0,0.0,0.0,0.0
M,0.0,0.0,0.0,0.0
M,0.0,0.0,0.0,0.0
M,0.0,0.0,0.0,0.0
M,0.0,0.0,0.0,0.0
M,0.0,0.0,0.0,0.0
M,0.0,0.0,0.0,0.0
M,0.0441976,0.0,0.0,0.0441976
M,0.0,0.0,0.0,0.0
M,0.0,0.0,0.0,0.0
M,0.0,0.0,0.0,0.0
M,0.0,0.0,0.0,0.0
M,0.0,0.0,0.0,0.0
M,0.0,0.0,0.0,0.0
M,0.0,0.0,0.0,0.0
M,0.0,0.0,0.0,0.0
M,0.0501631,0.0,0.0,0.0501631
M,0.0,0.0,0.0,0.0
M,0.0,0.0,0.0,0.0
M,0.0226078,0.0,0.0,0.0226078
M,0.0480241,0.0,0.0,0.0480241
M,0.0,0.0,0.0,0.0
M,0.0235082,0.0,0.0,0.0235082
M,0.0523083,0.0,0.0,0.0523083
M,0.0,0.0,0.0,0.0
M,0.0,0.0,0.0,0.0
M,0.0,0.0,0.0,0.0
M,0.0,0.0,0.0,0.0
M,0.0,0.0,0.0,0.0
M,0.0,0.0,0.0,0.0
M,0.0,0.0,0.0,0.0
M,0.0,0.0,0.0,0.0
M,0.0,0.0,0.0,0.0
M,0.0,0.0,0.0,0.0
M,0.0,0.0,0.0,0.0
M,0.0,0.0,0.0,0.0
M,-0.0126994,0.0,0.0,-0.0126994
M,0.0,0.0,0.0,0.0
M,0.0,0.0,0.0,0.0
M,0.0,0.0,0.0,0.0
M,0.0,0.0,0.0,0.0
M,0.0,0.0,0.0,0.0
M,0.0,0.0,0.0,0.0
M,0.0,0.0,0.0,0.0
M,0.0,0.0,0.0,0.0
M,0.0,0.0,0.0,0.0
M,-0.0216028,0.0,0.0,-0.0216028
M,0.0,0.0,0.0,0.0
M,0.0,0.0,0.0,0.0
M,0.0,0.0,0.0,0.0
M,0.0,0.0,0.0,0.0
M,0.0,0.0,0.0,0.0
M,0.0,0.0,0.0,0.0
M,0.0,0.0,0.0,0.0
M,0.0,-0.0469943,-0.0469943,-0.0469943
M,0.0,0.0,0.0,0.0
M,0.0,0.0,0.0,0.0
M,0.0,0.0,0.0,0.0
M,0.0,0.0,0.0,0.0
M,0.0,0.0,0.0,0.0
M,0.0,0.0,0.0,0.0
M,0.0,0.0,0.0,0.0
M,0.0,0.0,0.0,0.0
M,0.0,0.0,0.0,0.0
M,-0.0529075,0.0,0.0,-0.0529075
M,0.0,0.0,0.0,0.0
M,0.0,0.0,0.0,0.0
M,0.0,0.0,0.0,0.0
M,0.0,0.0,0.0,0.0
M,0.0,0.0,0.0,0.0
M,0.0,0.0,0.0,0.0
M,0.0,0.0,0.0,0.0
M,0.0,0.0,0.0,0.0
M,0.0,0.0,0.0,0.0
M,-0.0297608,0.0,0.0,-0.0297608
M,0.0,0.0,0.0,0.0
M,0.0,0.0,0.0,0.0
M,0.0,0.0,0.0,0.0
M,0.0,0.0,0.0,0.0
M,0.0,0.0,0.0,0.0
M,0.0,0.0,0.0,0.0
M,0.0,0.0,0.0,0.0
M,0.0,0.0,0.0,0.0
M,0.0,0.0,0.0,0.0
M,0.0,0.0,0.0,0.0
M,0.0,0.0,0.0,0.0
M,0.0,0.0,0.0,0.0
M,-0.0849468,0.0,0.0,-0.0849468
M,-0.0452657,0.0,0.0,-0.0452657
M,0.0,0.0,0.0,0.0
M,0.0,0.0,0.0,0.0
M,0.0,0.0,0.0,0.0
M,0.0,0.0,0.0,0.0
M,0.0,0.0,0.0,0.0
M,0.0,0.0,0.0,0.0
M,0.0,0.0,0.0,0.0
M,0.0,0.0,0.0,0.0
M,0.0148789,0.0,0.0,0.0148789
M,-0.108662,0.0,0.0,-0.108662
M,0.0,0.0,0.0,0.0
M,-0.00558195,0.0,0.0,-0.00558195
M,-0.0636463,0.0,0.0,-0.0636463
M,0.0,0.0,0.0,0.0
M,0.0,0.0,0.0,0.0
M,-0.038998,-0.0763786,-0.0763786,-0.115377
M,0.0,0.0,0.0,0.0
M,0.0,0.0,0.0,0.0
M,0.0,0.0,0.0,0.0
M,0.0,0.0,0.0,0.0
M,0.0,0.0,0.0,0.0
M,0.0452196,0.0,0.0,0.0452196
M,0.0,0.0,0.0,0.0
M,0.0,0.0,0.0,0.0
M,0.106273,0.0,0.0,0.106273
M,0.0,0.0,0.0,0.0
M,0.0,0.0,0.0,0.0
M,0.0,0.0,0.0,0.0
M,0.0,0.0,0.0,0.0
M,0.0,0.0,0.0,0.0
M,0.0,0.0,0.0,0.0
M,0.0,0.0,0.0,0.0
M,0.0,0.0,0.0,0.0
M,0.148046,0.0,0.0,0.148046
M,0.0,0.0,0.0,0.0
M,0.0,0.0,0.0,0.0
M,0.0922234,0.0,0.0,0.0922234
M,0.0,0.0,0.0,0.0
M,0.0,0.00190092,0.00190092,0.00190092
M,0.0,0.0,0.0,0.0
M,0.0,0.0,0.0,0.0
M,0.0,0.0,0.0,0.0
M,0.0,0.0,0.0,0.0
M,0.0,0.0,0.0,0.0
M,0.0,0.0,0.0,0.0
M,0.0,0.0,0.0,0.0
M,0.0,0.0,0.0,0.0
M,0.0,0.0,0.0,0.0
M,0.0,0.0,0.0,0.0
M,0.0,0.0,0.0,0.0
M,0.0710338,0.0,0.0,0.0710338
M,0.0,0.0,0.0,0.0
M,0.0,0.0,0.0,0.0
M,0.0,0.0,0.0,0.0
M,0.0,0.0,0.0,0.0
M,0.0,0.0,0.0,0.0
M,0.0,0.0,0.0,0.0
M,0.0,0.0,0.0,0.0
M,0.0,0.0,0.0,0.0
M,0.0,0.0,0.0,0.0
M,0.0,0.0,0.0,0.0
M,0.0,0.0,0.0,0.0
M,0.0,0.0,0.0,0.0
M,0.0,0.0,0.0,0.0
M,0.0,0.0,0.0,0.0
M,0.0,0.0,0.0,0.0
M,0.0,0.0,0.0,0.0
M,0.0,0.0,0.0,0.0
M,0.0,0.0,0.0,0.0
M,0.0,0.0,0.0,0.0
M,0.0,0.0,0.0,0.0
M,0.0,0.0,0.0,0.0
M,-0.0107027,0.0,0.0,-0.0107027
M,0.077725,0.0,0.0,0.077725
M,0.0,0.0,0.0,0.0
M,0.0,0.0,0.0,0.0
M,0.0464603,0.0,0.0,0.0464603
M,0.0,0.0,0.0,0.0
M,0.0,0.0,0.0,0.0
M,0.0,0.0,0.0,0.0
M,0.0,0.0,0.0,0.0
M,0.0,0.0,0.0,0.0
M,0.0,0.0,0.0,0.0
M,-0.0599241,0.0,0.0,-0.0599241
M,0.0,0.0,0.0,0.0
M,0.0,0.0,0.0,0.0
M,0.0,0.0,0.0,0.0
M,0.0410428,0.0,0.0,0.0410428
M,0.0,0.0,0.0,0.0
M,0.0,0.0,0.0,0.0
M,0.0,0.0,0.0,0.0
M,0.0,0.0,0.0,0.0
M,0.0,0.0,0.0,0.0
M,0.0,0.0,0.0,0.0
M,0.0923765,0.0,0.0,0.0923765
M,0.0,0.0,0.0,0.0
M,0.0,0.0,0.0,0.0
M,0.0,0.0,0.0,0.0
M,0.0,0.0,0.0,0.0
M,0.0,0.0,0.0,0.0
M,0.0,0.0,0.0,0.0
M,0.0,0.0,0.0,0.0
M,0.0,0.0,0.0,0.0
M,0.0,0.0,0.0,0.0
M,0.0,0.0,0.0,0.0
M,0.00957117,0.0,0.0,0.00957117
M,0.0,0.0,0.0,0.0
M,0.0,0.0,0.0,0.0
M,0.0,0.0,0.0,0.0
M,0.0807288,0.0,0.0,0.0807288
M,0.0,0.0,0.0,0.0
M,0.0,0.0,0.0,0.0
M,0.0,0.0,0.0,0.0
M,0.0,0.0,0.0,0.0
M,0.0,0.0,0.0,0.0
M,0.0,0.0,0.0,0.0
M,0.0595529,0.0,0.0,0.0595529
M,0.0,0.0,0.0,0.0
M,0.0,0.0,0.0,0.0
M,0.0,0.0,0.0,0.0
M,0.0,0.0,0.0,0.0
M,0.0,0.0,0.0,0.0
M,0.0,0.0,0.0,0.0
M,0.0325722,0.0,0.0,0.0325722
M,0.0403199,0.0,0.0,0.0403199
M,0.0,0.0,0.0,0.0
M,0.0,0.0,0.0,0.0
M,0.0,0.0,0.0,0.0
M,0.0,0.0,0.0,0.0
M,-0.0515251,0.0,0.0,-0.0515251
M,0.0,0.0,0.0,0.0
M,-0.00962679,0.0,0.0,-0.00962679
M,0.0,0.0,0.0,0.0
M,0.0,0.0,0.0,0.0
M,0.0,0.0,0.0,0.0
M,0.0,0.0,0.0,0.0
M,0.0,0.0,0.0,0.0
M,0.0,0.0,0.0,0.0
M,0.0,0.0,0.0,0.0
M,0.0,0.0,0.0,0.0
M,0.0,0.0,0.0,0.0
M,0.0,0.0,0.0,0.0
M,0.0,0.0,0.0,0.0
M,0.0,0.0,0.0,0.0
M,0.0,0.0,0.0,0.0
M,-0.00750954,0.0,0.0,-0.00750954
M,0.0,0.0,0.0,0.0
M,0.0,0.0,0.0,0.0
M,0.0,0.0,0.0,0.0
M,0.0,0.0,0.0,0.0
M,0.0,0.0,0.0,0.0
M,0.0,0.0,0.0,0.0
M,0.0,0.0,0.0,0.0
M,0.0,0.0,0.0,0.0
M,0.0,0.0,0.0,0.0
M,0.0,0.0,0.0,0.0
M,0.0,0.0,0.0,0.0
M,0.0,0.0,0.0,0.0
M,0.0,0.0,0.0,0.0
M,0.0,0.0,0.0,0.0
M,0.0,0.0,0.0,0.0
M,0.0,0.0,0.0,0.0
M,0.0,0.0,0.0,0.0
M,0.0,0.0,0.0,0.0
M,-0.0718616,0.0,0.0,-0.0718616
M,0.0,0.0,0.0,0.0
M,-0.0231896,0.0,0.0,-0.0231896
M,0.0,0.0,0.0,0.0
M,0.0,0.0,0.0,0.0
M,0.0,0.0,0.0,0.0
M,0.0,0.0,0.0,0.0
M,0.0,0.0,0.0,0.0
M,-0.051167,0.0,0.0,-0.051167
M,0.00391335,0.0,0.0,0.00391335
M,0.0,0.0,0.0,0.0
M,0.0,0.0,0.0,0.0
M,0.0,0.0,0.0,0.0
M,0.0,0.0,0.0,0.0
M,0.0,0.0,0.0,0.0
M,0.0,0.0,0.0,0.0
M,0.0,0.0,0.0,0.0
M,0.0,0.0,0.0,0.0
M,0.0,0.0,0.0,0.0
M,0.0,0.0,0.0,0.0
M,0.0,0.0,0.0,0.0
M,0.0,0.0,0.0,0.0
M,0.0,0.0,0.0,0.0
M,0.00849908,0.0,0.0,0.00849908
M,0.0596241,0.0,0.0,0.0596241
M,0.0,0.0,0.0,0.0
M,0.0,0.0,0.0,0.0
M,0.0,0.0,0.0,0.0
M,0.0,0.0,0.0,0.0
M,0.0,0.0,0.0,0.0
M,0.0,0.0,0.0,0.0
M,0.0,0.0,0.0,0.0
M,-0.111122,0.0,0.0,-0.111122
M,0.0,0.0,0.0,0.0
M,-0.0197938,0.0,0.0,-0.0197938
M,0.0,0.0,0.0,0.0
M,0.0,0.0,0.0,0.0
M,0.0,0.0,0.0,0.0
M,-0.0137177,0.0,0.0,-0.0137177
M,0.0,0.0,0.0,0.0
M,0.0,0.0,0.0,0.0
M,0.0,0.0,0.0,0.0
M,-0.01068,0.0,0.0,-0.01068
M,0.0,0.0,0.0,0.0
M,0.0,0.0,0.0,0.0
M,0.0,0.0,0.0,0.0
M,0.0,0.0,0.0,0.0
M,0.0,0.0,0.0,0.0
M,0.0,0.0,0.0,0.0
M,0.0,0.0,0.0,0.0
M,0.0,0.0,0.0,0.0
M,0.0,0.0,0.0,0.0
M,0.0,0.0,0.0,0.0
M,0.0,0.0,0.0,0.0
M,0.0707707,0.0,0.0,0.0707707
M,0.0,0.0,0.0,0.0
M,0.0,0.0,0.0,0.0
M,0.0,0.0,0.0,0.0
M,0.0,0.0,0.0,0.0
M,-0.0482047,0.0,0.0,-0.0482047
M,0.00217952,0.0,0.0,0.00217952
M,0.0,0.0,0.0,0.0
M,0.0,0.0,0.0,0.0
M,0.0,0.0,0.0,0.0
M,0.0,0.0,0.0,0.0
M,0.0,0.0,0.0,0.0
M,0.0,0.0,0.0,0.0
M,0.0,0.0,0.0,0.0
M,0.0,0.0,0.0,0.0
M,-0.0239647,0.0,0.0,-0.0239647
M,0.0,0.0,0.0,0.0
M,0.0,0.0,0.0,0.0
M,0.0,0.0,0.0,0.0
M,0.0,0.0,0.0,0.0
M,0.0,0.0,0.0,0.0
M,0.0,0.0,0.0,0.0
M,0.0,0.0,0.0,0.0
M,0.0,0.0,0.0,0.0
M,0.0,0.0,0.0,0.0
M,0.00156644,0.0,0.0,0.00156644
M,0.0,0.0,0.0,0.0
M,0.0,0.0,0.0,0.0
M,0.0,0.0,0.0,0.0
M,0.0816761,0.0,0.0,0.0816761
M,0.0,0.0,0.0,0.0
M,0.0,0.0,0.0,0.0
M,0.0,0.0,0.0,0.0
M,0.0,0.0,0.0,0.0
M,0.0,0.0,0.0,0.0
M,0.0,0.0,0.0,0.0
M,0.0,0.0,0.0,0.0
M,0.0,0.0,0.0,0.0
M,0.0,0.0,0.0,0.0
M,0.0293372,0.0,0.0,0.0293372
M,0.0,0.0,0.0,0.0
M,0.0,0.0,0.0,0.0
M,0.0,0.0,0.0,0.0
M,-0.0397897,0.0,0.0,-0.0397897
M,0.0,0.0,0.0,0.0
M,0.0,0.0,0.0,0.0
M,0.0,0.0,0.0,0.0
M,0.0,0.0,0.0,0.0
M,0.0,0.0,0.0,0.0
M,0.0,0.0,0.0,0.0
M,0.0,0.0,0.0,0.0
M,0.0,0.0,0.0,0.0
M,0.0,0.0,0.0,0.0
M,0.0,0.0,0.0,0.0
M,0.0,0.0,0.0,0.0
M,0.0,0.0,0.0,0.0
M,-0.00021217,0.0,0.0,-0.00021217
M,0.0,0.0,0.0,0.0
M,-0.0298912,0.0,0.0,-0.0298912
M,0.0,0.0,0.0,0.0
M,0.0,0.0,0.0,0.0
M,0.0,0.0,0.0,0.0
M,0.0,0.0,0.0,0.0
M,0.0,0.0,0.0,0.0
M,0.0,0.0,0.0,0.0
M,-0.0190267,0.0,0.0,-0.0190267
M,0.0,0.0,0.0,0.0
M,0.0,0.0,0.0,0.0
M,0.0,0.0,0.0,0.0
M,0.0,0.0,0.0,0.0
M,0.0,0.0,0.0,0.0
M,0.0,0.0,0.0,0.0
M,0.0248542,0.0,0.0,0.0248542
M,0.0,0.0,0.0,0.0
M,0.0,0.0,0.0,0.0
M,-0.0775386,0.0,0.0,-0.0775386
M,0.0,0.0,0.0,0.0
M,0.0130061,0.0,0.0,0.0130061
M,0.0,0.0,0.0,0.0
M,0.0,0.0,0.0,0.0
M,0.0,0.0,0.0,0.0
M,0.0,0.0,0.0,0.0
M,0.0,0.0,0.0,0.0
M,0.0,0.0,0.0,0.0
M,0.0,0.0,0.0,0.0
M,0.0,0.0,0.0,0.0
M,-0.00796191,0.0,0.0,-0.00796191
M,0.0,0.0,0.0,0.0
M,0.0,0.0,0.0,0.0
M,0.0,0.0,0.0,0.0
M,0.0602092,0.0,0.0,0.0602092
M,0.0,0.0,0.0,0.0
M,0.0,0.0,0.0,0.0
M,0.0,0.0,0.0,0.0
M,0.0,0.0,0.0,0.0
M,0.0,0.0,0.0,0.0
M,0.0,0.0,0.0,0.0
M,0.0816761,0.0,0.0,0.0816761
M,-0.0551331,0.0,0.0,-0.0551331
M,0.0,0.0,0.0,0.0
M,0.0,0.0,0.0,0.0
M,0.0,0.0,0.0,0.0
M,0.0,0.0,0.0,0.0
M,0.0,0.0,0.0,0.0
M,0.00388364,0.0,0.0,0.00388364
M,0.0851185,0.0,0.0,0.0851185
M,-0.0252414,0.0,0.0,-0.0252414
M,0.0,0.0,0.0,0.0
M,0.0,0.0,0.0,0.0
M,-0.00437696,0.0339022,0.0339022,0.0295252
M,0.0,0.0,0.0,0.0
M,0.0,0.0,0.0,0.0
M,0.0,0.0,0.0,0.0
M,0.0,0.0,0.0,0.0
M,0.0,0.0,0.0,0.0
M,0.0,0.0,0.0,0.0
M,0.0,0.0,0.0,0.0
M,0.0,0.0,0.0,0.0
M,0.0,0.0,0.0,0.0
M,0.0,0.0,0.0,0.0
M,0.0,0.0,0.0,0.0
M,0.0,0.0,0.0,0.0
M,0.0,0.0,0.0,0.0
M,0.0,0.0,0.0,0.0
M,-0.0253795,0.0,0.0,-0.0253795
M,0.0,0.0,0.0,0.0
M,-0.081179,0.0,0.0,-0.081179
M,0.0,0.0,0.0,0.0
M,0.0,0.0,0.0,0.0
M,0.0,0.0,0.0,0.0
M,0.0,0.0,0.0,0.0
M,0.0,0.0,0.0,0.0
M,0.0,0.0,0.0,0.0
M,0.0,0.0,0.0,0.0
M,0.0,0.0,0.0,0.0
M,0.0,0.0,0.0,0.0
M,0.0,0.0,0.0,0.0
M,0.0,0.0,0.0,0.0
M,-0.0394794,0.0,0.0,-0.0394794
M,0.0,0.0,0.0,0.0
M,0.0,0.0,0.0,0.0
M,0.0,0.0,0.0,0.0
M,0.0209348,0.0,0.0,0.0209348
M,0.0,0.0,0.0,0.0
M,-0.0437324,0.0,0.0,-0.0437324
M,0.0,0.0,0.0,0.0
M,0.0,0.0,0.0,0.0
M,0.0,0.0,0.0,0.0
M,0.0,0.0,0.0,0.0
M,0.107898,0.0,0.0,0.107898
M,0.0,0.0,0.0,0.0
M,0.0,0.0,0.0,0.0
M,0.0,0.0,0.0,0.0
M,0.0,0.0,0.0,0.0
M,0.0,0.0,0.0,0.0
M,0.0,0.0,0.0,0.0
M,0.0,0.0,0.0,0.0
M,0.0,0.0,0.0,0.0
M,0.0,0.0,0.0,0.0
M,0.0,0.0,0.0,0.0
M,0.0,0.0,0.0,0.0
M,0.0,0.0,0.0,0.0
M,0.0,0.0,0.0,0.0
M,0.0,0.0,0.0,0.0
M,0.0,0.0,0.0,0.0
M,0.0,0.0,0.0,0.0
M,0.0,0.0,0.0,0.0
M,0.0,0.0,0.0,0.0
M,0.0,0.0,0.0,0.0
M,0.0,0.0,0.0,0.0
M,0.0,0.0,0.0,0.0
M,0.0,0.0,0.0,0.0
M,0.0,0.0,0.0,0.0
M,0.0,0.0,0.0,0.0
M,0.0,0.0,0.0,0.0
M,0.0,0.0,0.0,0.0
M,0.0,0.0,0.0,0.0
M,0.0,0.0,0.0,0.0
M,0.0,0.0,0.0,0.0
M,0.0,0.00190092,0.00190092,0.00190092
M,0.0,0.0,0.0,0.0
M,0.0,0.0,0.0,0.0
M,0.0,0.0,0.0,0.0
M,0.0,0.0,0.0,0.0
M,0.0,0.0,0.0,0.0
M,0.0,0.0,0.0,0.0
M,0.0,0.0,0.0,0.0
M,0.0,0.0,0.0,0.0
M,0.0234672,0.0,0.0,0.0234672
M,0.0,0.0,0.0,0.0
M,0.0,0.0,0.0,0.0
M,0.0,0.0,0.0,0.0
M,0.0,0.0,0.0,0.0
M,0.0,0.0,0.0,0.0
M,0.0,0.0,0.0,0.0
M,0.0,0.0,0.0,0.0
M,0.0,0.0,0.0,0.0
M,0.0,0.0,0.0,0.0
M,0.0301734,0.0,0.0,0.0301734
M,0.0,0.0,0.0,0.0
M,0.0,0.0,0.0,0.0
M,0.0,0.0,0.0,0.0
M,0.0,0.0,0.0,0.0
M,0.0325722,0.0,0.0,0.0325722
M,-0.031355,0.0,0.0,-0.031355
M,0.0,0.0,0.0,0.0
M,0.0,0.0,0.0,0.0
M,0.010028,0.0,0.0,0.010028
M,0.0,0.0,0.0,0.0
M,0.0,0.0,0.0,0.0
M,0.0,0.0,0.0,0.0
M,0.0,0.0,0.0,0.0
M,0.0,0.0,0.0,0.0
M,0.0,0.0,0.0,0.0
M,0.0,0.0,0.0,0.0
M,0.0,0.0,0.0,0.0
M,0.0,0.0,0.0,0.0
M,0.0,0.0,0.0,0.0
M,0.0,0.0,0.0,0.0
M,0.0,0.0,0.0,0.0
M,0.0,0.0,0.0,0.0
M,0.0,0.0,0.0,0.0
M,0.0,0.0,0.0,0.0
M,0.0,0.0,0.0,0.0
M,0.0,0.0,0.0,0.0
M,0.0578349,0.0,0.0,0.0578349
M,0.0,0.0,0.0,0.0
M,0.0,0.0,0.0,0.0
M,0.0,0.0,0.0,0.0
M,0.0,0.0,0.0,0.0
M,0.0,0.0,0.0,0.0
M,0.0,0.0,0.0,0.0
M,0.0,0.0,0.0,0.0
M,0.0,0.0,0.0,0.0
M,0.0,0.0,0.0,0.0
M,0.0,0.0,0.0,0.0
M,0.0,0.0,0.0,0.0
M,0.0,0.0,0.0,0.0
M,0.0,0.0,0.0,0.0
M,0.135806,0.0,0.0,0.135806
M,0.0,0.0,0.0,0.0
M,0.0324936,0.0,0.0,0.0324936
M,0.0,0.0,0.0,0.0
M,0.0,0.0,0.0,0.0
M,0.0,0.0,0.0,0.0
M,0.0,0.0,0.0,0.0
M,0.0,0.0,0.0,0.0
M,0.0,0.0,0.0,0.0
M,0.0386265,0.0,0.0,0.0386265
M,0.0,0.0,0.0,0.0
M,0.0,0.0,0.0,0.0
M,0.0144232,0.0,0.0,0.0144232
M,0.0361208,0.0,0.0,0.0361208
M,0.0,0.0,0.0,0.0
M,0.00365317,0.0,0.0,0.00365317
M,0.0,0.0,0.0,0.0
M,0.0,0.0,0.0,0.0
M,0.0,0.0,0.0,0.0
M,0.0,0.0,0.0,0.0
M,0.0,0.0,0.0,0.0
M,0.0,0.0,0.0,0.0
M,0.0165388,0.0,0.0,0.0165388
M,0.0,0.0,0.0,0.0
M,0.0,0.0,0.0,0.0
M,0.0,0.0,0.0,0.0
M,0.0,0.0,0.0,0.0
M,0.0,0.0,0.0,0.0
M,0.0,0.0,0.0,0.0
M,0.0483153,0.0,0.0,0.0483153
M,0.0100996,0.0,0.0,0.0100996
M,0.0,0.0,0.0,0.0
M,0.0,0.0,0.0,0.0
M,0.0,0.0,0.0,0.0
M,0.0,0.0,0.0,0.0
M,0.0,0.0,0.0,0.0
M,0.0,0.0,0.0,0.0
M,-0.0226534,0.0,0.0,-0.0226534
M,0.0,0.0,0.0,0.0
M,0.0,0.0,0.0,0.0
M,0.0,0.0,0.0,0.0
M,0.0,0.0,0.0,0.0
M,0.0,0.0,0.0,0.0
M,0.000445674,0.0,0.0,0.000445674
M,0.0,0.0,0.0,0.0
M,0.0,0.0,0.0,0.0
M,0.0,0.0,0.0,0.0
M,0.0,0.0,0.0,0.0
M,0.0,0.0,0.0,0.0
M,0.0,0.0,0.0,0.0
M,0.0,0.0,0.0,0.0
M,0.0,0.0,0.0,0.0
M,0.0,0.0,0.0,0.0
M,0.0,0.0,0.0,0.0
M,0.0,0.0,0.0,0.0
M,0.0,0.0,0.0,0.0
M,0.0,0.0,0.0,0.0
M,0.0,0.0,0.0,0.0
M,0.0,0.0,0.0,0.0
M,0.0,0.0,0.0,0.0
M,-0.0315201,0.0,0.0,-0.0315201
M,0.0,0.0,0.0,0.0
M,0.0,0.0,0.0,0.0
M,0.0,0.0,0.0,0.0
M,0.0,0.0,0.0,0.0
M,0.0,0.0,0.0,0.0
M,0.0,0.0,0.0,0.0
M,0.0,0.0,0.0,0.0
M,0.0,0.0,0.0,0.0
M,0.0,0.0,0.0,0.0
M,0.0,0.0,0.0,0.0
M,0.0,0.0,0.0,0.0
M,0.0,0.0,0.0,0.0
M,0.0,0.0,0.0,0.0
M,0.0,0.0,0.0,0.0
M,0.0,0.0,0.0,0.0
M,0.0,0.0,0.0,0.0
M,0.0,0.0,0.0,0.0
M,-0.0379592,0.0,0.0,-0.0379592
M,0.0,0.0,0.0,0.0
M,0.0,0.0,0.0,0.0
M,0.0,0.0,0.0,0.0
M,0.0,0.0,0.0,0.0
M,0.0,0.0,0.0,0.0
M,0.0,0.0,0.0,0.0
M,0.0,0.0,0.0,0.0
M,0.0,0.0,0.0,0.0
M,0.0,0.0,0.0,0.0
M,0.0,0.0,0.0,0.0
M,0.0,0.0,0.0,0.0
M,0.0,0.0,0.0,0.0
M,0.0,0.0,0.0,0.0
M,0.0,0.0,0.0,0.0
M,0.0,0.0,0.0,0.0
M,0.0,0.0,0.0,0.0
M,0.0,0.0,0.0,0.0
M,0.0,0.0,0.0,0.0
M,0.0,0.0,0.0,0.0
M,0.0,0.0,0.0,0.0
M,0.0,0.0,0.0,0.0
M,-0.0842377,0.0,0.0,-0.0842377
M,0.0,0.0,0.0,0.0
M,0.0,0.0,0.0,0.0
M,0.12147,0.0,0.0,0.12147
M,0.0,0.0,0.0,0.0
M,0.0,0.0,0.0,0.0
M,0.0,0.0,0.0,0.0
M,0.0,0.0,0.0,0.0
M,0.0,0.0,0.0,0.0
M,0.0,0.0,0.0,0.0
M,0.0,0.0,0.0,0.0
M,0.0,0.0,0.0,0.0
M,-0.0636463,0.0,0.0,-0.0636463
M,0.0,0.0,0.0,0.0
M,-0.0137177,0.0,0.0,-0.0137177
M,0.000669657,0.0,0.0,0.000669657
M,0.0,0.0,0.0,0.0
M,0.0,0.0,0.0,0.0
M,-0.0276817,0.0,0.0,-0.0276817
M,0.0,0.0,0.0,0.0
M,0.0,0.0,0.0,0.0
M,0.0,0.0,0.0,0.0
M,0.0,0.0,0.0,0.0
M,0.0,0.0,0.0,0.0
M,0.0172985,0.0,0.0,0.0172985
M,0.0,0.0,0.0,0.0
M,0.0,0.0,0.0,0.0
M,0.054105,0.0,0.0,0.054105
M,0.0,0.0,0.0,0.0
M,0.0,0.0,0.0,0.0
M,0.0,0.0,0.0,0.0
M,0.0,0.0,0.0,0.0
M,-0.0230746,0.0,0.0,-0.0230746
M,0.0,0.0,0.0,0.0
M,0.0,0.0,0.0,0.0
M,0.0259321,0.0,0.0,0.0259321
M,0.0,0.0,0.0,0.0
M,0.0,0.0,0.0,0.0
M,0.0,0.0,0.0,0.0
M,0.0449425,0.0,0.0,0.0449425
M,-0.0636463,0.0,0.0,-0.0636463
M,0.0,0.0,0.0,0.0
M,0.0,0.0,0.0,0.0
M,0.0,0.0,0.0,0.0
M,0.0,0.0,0.0,0.0
M,0.0,0.0,0.0,0.0
M,0.0,0.0,0.0,0.0
M,0.0,0.0,0.0,0.0
M,0.0,0.0,0.0,0.0
M,0.0,0.0,0.0,0.0
M,0.0,0.0,0.0,0.0
M,0.0,0.0,0.0,0.0
M,0.0,0.0,0.0,0.0
M,0.0,0.0,0.0,0.0
M,0.0,0.0,0.0,0.0
M,0.0,0.0,0.0,0.0
M,0.0,0.0,0.0,0.0
M,0.0,0.0,0.0,0.0
M,0.0,0.0,0.0,0.0
M,-0.0888222,0.0,0.0,-0.0888222
M,0.0,0.0,0.0,0.0
M,0.0,0.0,0.0,0.0
M,0.0153457,0.0,0.0,0.0153457
M,0.0,0.0,0.0,0.0
M,0.0,0.0,0.0,0.0
M,0.0,0.0,0.0,0.0
M,0.0,0.0,0.0,0.0
M,0.0,0.0,0.0,0.0
M,0.0,0.0,0.0,0.0
M,-0.0141603,0.0,0.0,-0.0141603
M,0.0,0.0,0.0,0.0
M,-0.00803673,0.0,0.0,-0.00803673
M,-0.0771386,0.0,0.0,-0.0771386
M,0.0,0.0,0.0,0.0
M,-0.00369004,0.0,0.0,-0.00369004
M,0.0,0.0,0.0,0.0
M,0.0,0.0,0.0,0.0
M,0.0,0.0,0.0,0.0
M,0.0,0.0,0.0,0.0
M,0.0,0.0,0.0,0.0
M,0.0,0.0,0.0,0.0
M,0.0,0.0,0.0,0.0
M,0.0,0.102302,0.102302,0.102302
M,0.0,0.0,0.0,0.0
M,0.0,0.0,0.0,0.0
M,0.0,0.0,0.0,0.0
M,0.0,0.0,0.0,0.0
M,0.0,0.0,0.0,0.0
M,0.0,0.0,0.0,0.0
M,0.0,0.0,0.0,0.0
M,0.0,0.0,0.0,0.0
M,0.0,0.0,0.0,0.0
M,0.0,0.0,0.0,0.0
M,0.0,0.0,0.0,0.0
M,0.0,0.0,0.0,0.0
M,0.0,0.0,0.0,0.0
M,0.0,0.0,0.0,0.0
M,0.0111397,0.0,0.0,0.0111397
M,0.0,0.0,0.0,0.0
M,0.0,0.0,0.0,0.0
M,0.0,0.0,0.0,0.0
M,0.0,0.0,0.0,0.0
M,0.0,0.0,0.0,0.0
M,0.0,0.0,0.0,0.0
M,0.0,0.0,0.0,0.0
M,0.0,0.0,0.0,0.0
M,0.0,0.0,0.0,0.0
M,0.0,0.0,0.0,0.0
M,-8.46565e-05,0.0,0.0,-8.46565e-05
M,0.0,0.0,0.0,0.0
M,0.0,0.0,0.0,0.0
M,0.0207349,0.0,0.0,0.0207349
M,0.0,0.0,0.0,0.0
M,-0.0353291,0.0,0.0,-0.0353291
M,0.0,0.0,0.0,0.0
M,0.0,0.0,0.0,0.0
M,0.0,0.0,0.0,0.0
M,0.0,0.0,0.0,0.0
M,0.0,0.0,0.0,0.0
M,0.0,0.0,0.0,0.0
M,0.0,0.0,0.0,0.0
M,0.0,0.0,0.0,0.0
M,0.0,0.0,0.0,0.0
M,0.0,0.0,0.0,0.0
M,-0.0316134,0.0,0.0,-0.0316134
M,0.0,0.0,0.0,0.0
M,0.0,0.0,0.0,0.0
M,0.110641,0.0,0.0,0.110641
M,0.0,0.0,0.0,0.0
M,0.0,0.0,0.0,0.0
M,0.0,0.0,0.0,0.0
M,-0.0116309,0.0,0.0,-0.0116309
M,0.0,0.0,0.0,0.0
M,0.0,0.0,0.0,0.0
M,0.0,0.0,0.0,0.0
M,0.0,0.0,0.0,0.0
M,0.0,0.0,0.0,0.0
M,0.0,0.0,0.0,0.0
M,0.0,0.0,0.0,0.0
M,0.0,0.0,0.0,0.0
M,0.0,0.0,0.0,0.0
M,0.0,0.0,0.0,0.0
M,0.0,0.0,0.0,0.0
M,0.0,0.0,0.0,0.0
M,0.0,0.0,0.0,0.0
M,0.0,0.0,0.0,0.0
M,0.0,0.0,0.0,0.0
M,0.0,0.0,0.0,0.0
M,0.0,0.0,0.0,0.0
M,0.0,0.0,0.0,0.0
M,0.0,0.0,0.0,0.0
M,0.0,0.0,0.0,0.0
M,0.0,0.0,0.0,0.0
M,0.0,0.0,0.0,0.0
M,0.0,-0.0325118,-0.0325118,-0.0325118
M,0.0,0.0,0.0,0.0
M,0.0,0.0,0.0,0.0
M,0.0,0.0,0.0,0.0
M,0.0,0.0,0.0,0.0
M,0.0,0.0,0.0,0.0
M,0.0,0.0,0.0,0.0
M,-0.0551574,0.0,0.0,-0.0551574
M,0.0,0.0,0.0,0.0
M,0.0523083,0.0,0.0,0.0523083
M,0.0,0.0,0.0,0.0
M,0.0,0.0,0.0,0.0
M,0.0,0.0,0.0,0.0
M,0.0,0.0,0.0,0.0
M,0.0,0.0,0.0,0.0
M,0.0,0.0,0.0,0.0
M,-0.010773,0.0,0.0,-0.010773
M,0.0,0.0,0.0,0.0
M,0.0,0.0,0.0,0.0
M,0.0,0.0,0.0,0.0
M,-0.0407535,0.0,0.0,-0.0407535
M,0.0,0.0,0.0,0.0
M,0.0,0.0,0.0,0.0
M,0.0,0.0,0.0,0.0
M,0.0,0.0,0.0,0.0
M,-0.0293914,0.0,0.0,-0.0293914
M,0.0,0.0,0.0,0.0
M,0.0,0.0,0.0,0.0
M,0.0,0.0,0.0,0.0
M,0.0,0.0,0.0,0.0
M,0.0,0.0,0.0,0.0
M,0.0,0.0,0.0,0.0
M,0.0,0.0,0.0,0.0
M,0.0,0.0,0.0,0.0
M,0.0,0.0,0.0,0.0
M,0.0,0.0,0.0,0.0
M,-0.0325877,0.0,0.0,-0.0325877
M,0.0,0.0,0.0,0.0
M,0.0148789,0.0,0.0,0.0148789
M,0.0,0.0,0.0,0.0
M,0.0,0.0,0.0,0.0
M,0.0,0.0,0.0,0.0
M,0.0830357,0.0,0.0,0.0830357
M,0.0,0.0,0.0,0.0
M,0.12147,0.0,0.0,0.12147
M,0.0595529,0.0,0.0,0.0595529
M,0.0,0.0,0.0,0.0
M,0.0,0.0,0.0,0.0
M,0.0523315,0.0,0.0,0.0523315
M,0.0,0.0,0.0,0.0
M,0.0,0.0,0.0,0.0
M,0.0954335,0.0,0.0,0.0954335
M,0.0,0.0,0.0,0.0
M,0.0,0.0,0.0,0.0
M,0.0,0.0,0.0,0.0
M,0.0,0.0,0.0,0.0
M,0.0,0.0,0.0,0.0
M,0.0752399,0.0,0.0,0.0752399
M,0.0,0.0,0.0,0.0
M,0.0185522,0.0,0.0,0.0185522
M,0.0,0.0,0.0,0.0
M,0.0,0.0,0.0,0.0
M,0.0,0.0,0.0,0.0
M,0.0,0.0,0.0,0.0
M,0.0,0.0,0.0,0.0
M,-0.0124217,0.0,0.0,-0.0124217
M,0.0,0.0,0.0,0.0
M,0.0,0.0,0.0,0.0
M,0.0,0.0,0.0,0.0
M,0.0,0.0,0.0,0.0
M,0.0,0.0,0.0,0.0
M,0.0,0.0,0.0,0.0
M,0.0,0.0,0.0,0.0
M,0.0,0.0,0.0,0.0
M,0.0,0.0,0.0,0.0
M,0.0,0.0,0.0,0.0
M,0.0,0.0,0.0,0.0
M,0.0,0.0,0.0,0.0
M,-0.015086,0.0,0.0,-0.015086
M,0.0,0.0,0.0,0.0
M,0.0,0.0,0.0,0.0
M,0.00652669,0.0,0.0,0.00652669
M,0.0,0.0,0.0,0.0
M,0.0,0.0,0.0,0.0
M,0.0,0.0,0.0,0.0
M,0.0,0.0,0.0,0.0
M,0.0,0.0,0.0,0.0
M,0.0,0.0,0.0,0.0
M,0.0,0.0,0.0,0.0
M,0.0,0.0,0.0,0.0
M,0.0,0.0,0.0,0.0
M,0.0,0.0,0.0,0.0
M,0.0,0.0,0.0,0.0
M,0.0,0.0,0.0,0.0
M,0.0226078,0.0,0.0,0.0226078
M,0.0,0.0,0.0,0.0
M,0.0,0.0,0.0,0.0
M,0.0,0.0,0.0,0.0
M,0.0,0.0,0.0,0.0
M,0.0249683,0.0,0.0,0.0249683
M,0.0,0.0,0.0,0.0
M,0.0325722,0.0,0.0,0.0325722
M,0.0,0.0,0.0,0.0
M,0.0,0.0,0.0,0.0
M,0.0,0.0,0.0,0.0
M,0.0,0.0,0.0,0.0
M,0.0,0.0,0.0,0.0
M,0.0,0.0,0.0,0.0
M,0.0,0.0,0.0,0.0
M,-0.068526,0.0,0.0,-0.068526
M,0.0,0.0,0.0,0.0
M,0.0185522,0.0,0.0,0.0185522
M,0.0,0.0,0.0,0.0
M,0.0,0.0,0.0,0.0
M,0.0,0.0,0.0,0.0
M,0.0,0.0,0.0,0.0
M,0.0,0.0,0.0,0.0
M,0.0,0.0,0.0,0.0
M,0.0,0.0,0.0,0.0
M,0.0,0.0,0.0,0.0
M,0.0,0.0,0.0,0.0
M,0.0,0.0,0.0,0.0
M,-0.0430263,0.0,0.0,-0.0430263
M,0.00411703,0.0,0.0,0.00411703
M,0.0,0.0,0.0,0.0
M,0.0,0.0,0.0,0.0
M,0.0,0.0,0.0,0.0
M,0.0,0.0,0.0,0.0
M,0.0,0.0,0.0,0.0
M,0.0,0.0,0.0,0.0
M,0.0,0.0,0.0,0.0
M,0.0,0.0,0.0,0.0
M,0.0,0.0,0.0,0.0
M,0.0247798,0.0,0.0,0.0247798
M,0.0,0.0,0.0,0.0
M,0.0,0.0,0.0,0.0
M,0.0,0.0,0.0,0.0
M,0.0,0.0,0.0,0.0
M,0.0,0.0,0.0,0.0
M,0.0,0.0,0.0,0.0
M,0.0,0.0,0.0,0.0
M,0.0,0.0,0.0,0.0
M,0.0,0.0,0.0,0.0
M,0.0,0.0,0.0,0.0
M,0.0,0.0,0.0,0.0
M,0.0,0.0,0.0,0.0
M,0.0,0.0,0.0,0.0
M,0.0186998,0.0,0.0,0.0186998
M,0.0437617,0.0,0.0,0.0437617
M,0.0,0.0,0.0,0.0
M,0.0,0.0,0.0,0.0
M,0.0,0.0,0.0,0.0
M,0.0,0.0,0.0,0.0
M,0.0,0.0,0.0,0.0
M,0.0,0.0,0.0,0.0
M,0.0,0.0,0.0,0.0
M,-0.0176551,0.0,0.0,-0.0176551
M,0.091576,0.0,0.0,0.091576
M,0.0,0.0,0.0,0.0
M,0.0,0.0,0.0,0.0
M,0.0,0.0,0.0,0.0
M,-0.0756301,0.0,0.0,-0.0756301
M,0.0,0.0,0.0,0.0
M,0.0,0.0,0.0,0.0
M,0.0,0.0,0.0,0.0
M,0.0,0.0,0.0,0.0
M,0.0,0.0,0.0,0.0
M,0.0523083,0.0,0.0,0.0523083
M,0.0,0.0,0.0,0.0
M,0.0,0.0,0.0,0.0
M,0.0,0.0,0.0,0.0
M,0.0,0.0,0.0,0.0
M,0.0,0.0,0.0,0.0
M,0.0,0.0,0.0,0.0
M,0.0,0.0,0.0,0.0
M,0.0,0.0,0.0,0.0
M,0.0,0.0,0.0,0.0
M,0.0,0.0,0.0,0.0
M,0.0,0.0,0.0,0.0
M,0.0,0.0,0.0,0.0
M,0.0,0.0,0.0,0.0
M,0.0,0.0,0.0,0.0
M,0.0,0.0,0.0,0.0
M,0.0,0.0,0.0,0.0
M,-0.00404536,0.0,0.0,-0.00404536
M,0.0,0.0,0.0,0.0
M,0.0,0.0,0.0,0.0
M,0.0,0.0,0.0,0.0
M,0.0,0.0,0.0,0.0
M,0.0,0.0,0.0,0.0
M,0.0,0.0,0.0,0.0
M,0.0,0.0,0.0,0.0
M,0.0,0.0,0.0,0.0
M,0.0,0.0,0.0,0.0
M,0.0,0.0,0.0,0.0
M,0.0,0.0,0.0,0.0
M,0.0,0.0,0.0,0.0
M,0.0,0.0,0.0,0.0
M,0.0,0.0,0.0,0.0
M,0.0,0.0,0.0,0.0
M,0.0,0.0,0.0,0.0
M,0.0,0.0,0.0,0.0
M,0.0,0.0,0.0,0.0
M,0.0,0.0,0.0,0.0
M,0.0,0.0,0.0,0.0
M,0.0523083,0.0,0.0,0.0523083
M,0.0,0.0,0.0,0.0
M,0.0,0.0,0.0,0.0
M,-0.0908533,0.0,0.0,-0.0908533
M,0.0,0.0,0.0,0.0
M,0.0,0.0,0.0,0.0
M,0.0,0.0,0.0,0.0
M,0.0,0.0,0.0,0.0
M,0.0,0.0,0.0,0.0
M,0.0,0.0,0.0,0.0
M,0.0,0.0,0.0,0.0
M,0.0,0.0,0.0,0.0
M,0.0,0.0,0.0,0.0
M,0.0,0.0,0.0,0.0
M,0.0,0.0,0.0,0.0
M,0.0,0.0,0.0,0.0
M,0.0,0.0,0.0,0.0
M,0.0,0.0,0.0,0.0
M,0.0,0.0,0.0,0.0
M,0.0,0.0,0.0,0.0
M,0.0,0.0,0.0,0.0
M,0.0,0.0,0.0,0.0
M,0.0301734,0.0,0.0,0.0301734
M,0.0,0.0,0.0,0.0
M,0.0,0.0,0.0,0.0
M,0.0,0.0,0.0,0.0
M,0.00477415,0.0,0.0,0.00477415
M,0.0,0.0,0.0,0.0
M,0.0,0.0,0.0,0.0
M,0.0,0.0,0.0,0.0
M,0.0,0.00190092,0.00190092,0.00190092
M,0.0,0.0,0.0,0.0
M,0.0,0.0,0.0,0.0
M,-0.0167735,0.0,0.0,-0.0167735
M,0.0,0.0,0.0,0.0
M,0.0,0.0,0.0,0.0
M,0.0,0.0,0.0,0.0
M,0.0,0.0,0.0,0.0
M,0.0,0.0,0.0,0.0
M,0.0,0.0,0.0,0.0
M,0.0,0.0,0.0,0.0
M,0.0,0.0,0.0,0.0
M,0.0,0.0,0.0,0.0
M,0.0,0.0,0.0,0.0
M,0.0,0.0,0.0,0.0
M,0.0,0.0,0.0,0.0
M,0.0,0.0,0.0,0.0
M,0.0,0.0,0.0,0.0
M,0.0,0.0,0.0,0.0
M,0.0876894,0.0,0.0,0.0876894
M,0.0,0.0,0.0,0.0
M,0.0,0.0,0.0,0.0
M,0.0,0.0,0.0,0.0
M,-0.0420004,0.0,0.0,-0.0420004
M,0.0,0.0,0.0,0.0
M,0.052768,0.0,0.0,0.052768
M,0.0,0.0,0.0,0.0
M,0.0,0.0,0.0,0.0
M,0.0,0.0,0.0,0.0
M,-0.0636463,0.0,0.0,-0.0636463
M,0.0,0.0,0.0,0.0
M,0.0,0.0,0.0,0.0
M,0.0,0.0,0.0,0.0
M,0.0,0.0,0.0,0.0
M,0.0,0.0,0.0,0.0
M,0.0,0.0,0.0,0.0
M,0.0,0.0,0.0,0.0
M,0.0,0.0,0.0,0.0
M,0.0,0.0,0.0,0.0
M,0.0,0.0,0.0,0.0
M,0.0,0.0,0.0,0.0
M,-0.0205602,0.0,0.0,-0.0205602
M,0.00283464,0.0,0.0,0.00283464
M,0.0,0.0,0.0,0.0
M,0.0,0.0,0.0,0.0
M,0.0,0.0,0.0,0.0
M,0.0,0.0,0.0,0.0
M,0.0,0.0,0.0,0.0
M,0.0,0.0,0.0,0.0
M,0.0,0.0,0.0,0.0
M,0.0,0.0,0.0,0.0
M,0.0,0.0,0.0,0.0
M,0.0,0.0,0.0,0.0
M,0.0,0.0,0.0,0.0
M,0.0,0.0,0.0,0.0
M,-0.0191854,0.0,0.0,-0.0191854
M,0.0,0.0,0.0,0.0
M,0.0,0.0,0.0,0.0
M,0.0,0.0,0.0,0.0
M,0.0,0.0,0.0,0.0
M,0.0,0.0,0.0,0.0
M,0.0,0.0,0.0,0.0
M,0.0,0.0,0.0,0.0
M,0.0,0.0,0.0,0.0
M,0.0,0.0,0.0,0.0
M,-0.0120606,0.0,0.0,-0.0120606
M,-0.0346967,0.0,0.0,-0.0346967
M,0.0,0.0,0.0,0.0
M,0.0,0.0,0.0,0.0
M,0.0,0.0,0.0,0.0
M,0.0,0.0,0.0,0.0
M,0.0,0.0,0.0,0.0
M,0.0654885,0.0,0.0,0.0654885
M,0.0,0.0,0.0,0.0
M,0.0,0.0,0.0,0.0
M,0.0165388,0.0,0.0,0.0165388
M,0.0,0.0,0.0,0.0
M,0.0,0.0,0.0,0.0
M,0.0135365,0.0,0.0,0.0135365
M,0.0,0.0,0.0,0.0
M,0.0,0.0,0.0,0.0
M,0.0235844,0.0,0.0,0.0235844
M,0.0,0.0,0.0,0.0
M,0.0,0.0,0.0,0.0
M,0.0703947,0.0,0.0,0.0703947
M,0.0,0.0,0.0,0.0
M,0.0,0.0,0.0,0.0
M,0.0,0.0,0.0,0.0
M,0.0,0.0,0.0,0.0
M,0.0,0.0,0.0,0.0
M,0.0,0.0,0.0,0.0
M,0.0,0.0,0.0,0.0
M,0.0,0.0,0.0,0.0
M,0.0,0.0,0.0,0.0
M,0.0,0.0,0.0,0.0
M,0.0,0.0,0.0,0.0
M,0.0,0.0,0.0,0.0
M,0.0,0.0,0.0,0.0
M,0.0,0.0,0.0,0.0
M,0.0,0.0,0.0,0.0
M,0.0,0.0,0.0,0.0
M,0.0389569,0.0,0.0,0.0389569
M,0.0,0.0,0.0,0.0
M,0.0,0.0,0.0,0.0
M,0.0,0.0,0.0,0.0
M,-0.0849523,0.0,0.0,-0.0849523
M,0.0,0.0,0.0,0.0
M,-0.0547391,0.0,0.0,-0.0547391
M,0.0,0.0,0.0,0.0
M,0.0,0.0,0.0,0.0
M,0.0,0.0,0.0,0.0
M,0.0,0.0,0.0,0.0
M,0.027268,0.0,0.0,0.027268
M,0.0,0.0,0.0,0.0
M,0.0,0.0,0.0,0.0
M,0.0,0.0,0.0,0.0
M,0.0,0.0,0.0,0.0
M,0.0,0.0,0.0,0.0
M,0.0,0.0,0.0,0.0
M,0.0,0.0,0.0,0.0
M,0.0207349,0.0,0.0,0.0207349
M,0.0165388,0.0,0.0,0.0165388
M,0.0,0.0,0.0,0.0
M,0.0,0.0,0.0,0.0
M,0.0,0.0,0.0,0.0
M,0.0,0.0,0.0,0.0
M,0.0,0.0,0.0,0.0
M,0.0,0.0,0.0,0.0
M,0.0,0.0,0.0,0.0
M,0.0,0.0,0.0,0.0
M,0.0,0.0,0.0,0.0
M,0.0,0.0,0.0,0.0
M,0.0,0.0,0.0,0.0
M,0.0,0.0,0.0,0.0
M,0.0,0.0,0.0,0.0
M,0.0,0.0,0.0,0.0
M,0.0301734,0.0,0.0,0.0301734
M,0.0,0.0,0.0,0.0
M,0.0,0.0,0.0,0.0
M,0.0,0.0,0.0,0.0
M,-0.0346967,0.0,0.0,-0.0346967
M,0.000832029,0.0,0.0,0.000832029
M,0.0,0.0,0.0,0.0
M,0.0,0.0,0.0,0.0
M,0.0,0.0,0.0,0.0
M,-0.0663173,0.0,0.0,-0.0663173
M,0.0,0.0,0.0,0.0
M,0.0,0.0,0.0,0.0
M,0.0,0.0,0.0,0.0
M,-0.0545732,0.0,0.0,-0.0545732
M,0.0,0.0,0.0,0.0
M,0.0,0.0,0.0,0.0
M,0.0,0.0,0.0,0.0
M,0.0,0.0,0.0,0.0
M,0.0,0.0,0.0,0.0
M,0.0,0.0,0.0,0.0
M,0.0,0.0,0.0,0.0
M,0.0,0.0,0.0,0.0
M,0.0293828,0.0,0.0,0.0293828
M,0.0,0.0,0.0,0.0
M,0.0,0.0,0.0,0.0
M,0.0,0.0,0.0,0.0
M,0.0,0.0,0.0,0.0
M,0.0,0.0,0.0,0.0
M,0.0,0.0,0.0,0.0
M,0.0283355,0.0,0.0,0.0283355
M,0.0,0.0,0.0,0.0
M,0.0,0.0,0.0,0.0
M,0.0,0.0,0.0,0.0
M,0.0,0.0,0.0,0.0
M,0.0,0.0,0.0,0.0
M,0.0,0.0,0.0,0.0
M,0.0,0.0156492,0.0156492,0.0156492
M,0.0,0.0,0.0,0.0
M,0.0,0.0,0.0,0.0
M,0.0,0.0,0.0,0.0
M,0.0,0.0,0.0,0.0
M,0.0,0.0,0.0,0.0
M,-0.00432632,0.0,0.0,-0.00432632
M,0.0,0.0,0.0,0.0
M,0.0,0.0,0.0,0.0
M,0.0,0.0,0.0,0.0
M,0.0261531,0.0,0.0,0.0261531
M,-0.0300144,0.0,0.0,-0.0300144
M,-0.00214635,0.0,0.0,-0.00214635
M,0.0,0.0,0.0,0.0
M,0.0,0.0,0.0,0.0
M,0.0,0.0,0.0,0.0
M,0.0,0.0,0.0,0.0
M,0.0,0.0,0.0,0.0
M,0.0,0.0,0.0,0.0
M,0.032568,0.0,0.0,0.032568
M,0.0,0.0,0.0,0.0
M,0.0,0.0,0.0,0.0
M,0.0,0.0,0.0,0.0
M,0.0,0.0,0.0,0.0
M,0.00609662,0.0,0.0,0.00609662
M,0.0,0.0,0.0,0.0
M,0.0,0.0,0.0,0.0
M,0.0,0.0,0.0,0.0
M,0.0,0.0,0.0,0.0
M,0.0,0.0,0.0,0.0
M,-0.0276043,0.0318267,0.0318267,0.00422231
M,0.0242484,0.0,0.0,0.0242484
M,0.0,0.0,0.0,0.0
M,0.0,0.0,0.0,0.0
M,0.0,0.0,0.0,0.0
M,0.0,0.0,0.0,0.0
M,0.0,0.0,0.0,0.0
M,0.0,0.0,0.0,0.0
M,0.0,0.0,0.0,0.0
M,0.0,0.0,0.0,0.0
M,0.0,0.0,0.0,0.0
M,0.0,0.0,0.0,0.0
M,0.0,0.0,0.0,0.0
M,0.0,0.0,0.0,0.0
M,0.0,0.0,0.0,0.0
M,0.0,0.0,0.0,0.0
M,0.0,0.0,0.0,0.0
M,-0.0492,0.0,0.0,-0.0492
M,0.0,0.0,0.0,0.0
M,0.00652669,0.0,0.0,0.00652669
M,0.0,0.0,0.0,0.0
M,-0.0804461,0.0,0.0,-0.0804461
M,0.0,0.0,0.0,0.0
M,0.0,0.0,0.0,0.0
M,0.0126789,0.0,0.0,0.0126789
M,0.0,0.0,0.0,0.0
M,0.0,0.0,0.0,0.0
M,0.0,0.0,0.0,0.0
M,0.0,0.0,0.0,0.0
M,0.0,0.0,0.0,0.0
M,-0.0151982,0.0,0.0,-0.0151982
M,-0.0238165,0.0,0.0,-0.0238165
M,0.0,0.0,0.0,0.0
M,0.0,0.0,0.0,0.0
M,0.0,0.0,0.0,0.0
M,0.0259208,0.0,0.0,0.0259208
M,0.0,0.0,0.0,0.0
M,0.0,0.0,0.0,0.0
M,0.0,0.0,0.0,0.0
M,-0.000870973,0.0,0.0,-0.000870973
M,0.0,0.0,0.0,0.0
M,0.0,0.0,0.0,0.0
M,-0.0560404,0.0,0.0,-0.0560404
M,0.0,0.0,0.0,0.0
M,0.0,0.0,0.0,0.0
M,0.0,0.0,0.0,0.0
M,-0.0462252,0.0,0.0,-0.0462252
M,0.0,0.0,0.0,0.0
M,0.0,0.0,0.0,0.0
M,0.0,0.0,0.0,0.0
M,0.0,0.0,0.0,0.0
M,0.0,0.0,0.0,0.0
M,0.0,0.0,0.0,0.0
M,0.0,0.0,0.0,0.0
M,0.0,0.0,0.0,0.0
M,0.0,0.0,0.0,0.0
M,0.0,0.0,0.0,0.0
M,0.0,0.0,0.0,0.0
M,0.0,0.0,0.0,0.0
M,-0.00021217,0.0,0.0,-0.00021217
M,0.0,0.0,0.0,0.0
M,0.0111186,0.0,0.0,0.0111186
M,0.0,0.0,0.0,0.0
M,0.0,0.0,0.0,0.0
M,0.0,0.0,0.0,0.0
M,0.0,0.0,0.0,0.0
M,0.0,0.0,0.0,0.0
M,-0.0401142,0.0,0.0,-0.0401142
M,0.0,0.0,0.0,0.0
M,0.0807288,0.0,0.0,0.0807288
M,0.0,0.0,0.0,0.0
M,0.0,0.0,0.0,0.0
M,0.0,0.0,0.0,0.0
M,0.0,0.0,0.0,0.0
M,-0.0158626,0.0,0.0,-0.0158626
M,0.0,0.0,0.0,0.0
M,0.0405242,0.0,0.0,0.0405242
M,0.0,0.0,0.0,0.0
M,0.0,0.0,0.0,0.0
M,0.0,0.0,0.0,0.0
M,0.0,0.0,0.0,0.0
M,0.0,0.0,0.0,0.0
M,0.0,0.0,0.0,0.0
M,0.0,0.0,0.0,0.0
M,0.0,0.0,0.0,0.0
M,0.0,0.0,0.0,0.0
M,0.0,0.0,0.0,0.0
M,0.0,0.0,0.0,0.0
M,0.0,0.0,0.0,0.0
M,0.0,0.0,0.0,0.0
M,0.0,0.0,0.0,0.0
M,0.0,0.0,0.0,0.0
M,0.0,0.0,0.0,0.0
M,0.0,0.0,0.0,0.0
M,0.0,0.0,0.0,0.0
M,0.0219394,0.0,0.0,0.0219394
M,0.0,0.0,0.0,0.0
M,0.0,0.0,0.0,0.0
M,-0.0180141,0.0,0.0,-0.0180141
M,0.0,0.0,0.0,0.0
M,-0.00783127,0.0,0.0,-0.00783127
M,0.0,0.0,0.0,0.0
M,0.0,0.0,0.0,0.0
M,0.0,0.0,0.0,0.0
M,-0.0916319,0.0,0.0,-0.0916319
M,0.0,0.0,0.0,0.0
M,0.0,0.0,0.0,0.0
M,0.0,0.0,0.0,0.0
M,0.0,0.0,0.0,0.0
M,0.0,0.0,0.0,0.0
M,0.0,0.0,0.0,0.0
M,0.0232278,0.0,0.0,0.0232278
M,0.0,0.0,0.0,0.0
M,0.0,0.0,0.0,0.0
M,0.0,0.0,0.0,0.0
M,0.0,0.0,0.0,0.0
M,0.0,0.0,0.0,0.0
M,0.0,0.0,0.0,0.0
M,0.0,0.0,0.0,0.0
M,0.0,0.0,0.0,0.0
M,0.0,0.0,0.0,0.0
M,0.0,0.0,0.0,0.0
M,0.0,0.0,0.0,0.0
M,0.0,0.0,0.0,0.0
M,0.0,0.0,0.0,0.0
M,0.0,0.0,0.0,0.0
M,0.0,0.0,0.0,0.0
M,0.0437617,0.0,0.0,0.0437617
M,0.0,0.0,0.0,0.0
M,0.0,0.0,0.0,0.0
M,0.0,0.0,0.0,0.0
M,-0.0410583,0.0,0.0,-0.0410583
M,0.0,0.0,0.0,0.0
M,0.0,0.0,0.0,0.0
M,-0.0191854,0.0,0.0,-0.0191854
M,0.0,0.0,0.0,0.0
M,0.0,0.0,0.0,0.0
M,0.0,0.0,0.0,0.0
M,0.0,0.0,0.0,0.0
M,0.0,0.0,0.0,0.0
M,0.0,0.0,0.0,0.0
M,0.0,0.0,0.0,0.0
M,-0.00750954,0.0,0.0,-0.00750954
M,0.0,0.0,0.0,0.0
M,0.0,0.0,0.0,0.0
M,0.0,0.0,0.0,0.0
M,0.0,0.0,0.0,0.0
M,0.0,0.0,0.0,0.0
M,0.0,0.0,0.0,0.0
M,0.0,0.0,0.0,0.0
M,0.0111291,0.0,0.0,0.0111291
M,0.0,0.0,0.0,0.0
M,0.0207349,0.0,0.0,0.0207349
M,0.0,0.0,0.0,0.0
M,0.0,0.0,0.0,0.0
M,0.0,0.0,0.0,0.0
M,0.0,0.0,0.0,0.0
M,0.0,0.0,0.0,0.0
M,0.0,0.0,0.0,0.0
M,0.0,0.0,0.0,0.0
M,0.0144312,0.0,0.0,0.0144312
M,0.0,0.0,0.0,0.0
M,0.0,0.0,0.0,0.0
M,0.0,0.0,0.0,0.0
M,-0.0105072,0.0,0.0,-0.0105072
M,0.0,0.0,0.0,0.0
M,-0.0205602,0.0,0.0,-0.0205602
M,0.0,0.0,0.0,0.0
M,0.0,0.0,0.0,0.0
M,0.018385,0.0,0.0,0.018385
M,0.0308252,0.0,0.0,0.0308252
M,0.0,0.0,0.0,0.0
M,0.0,0.0,0.0,0.0
M,0.0523083,0.0,0.0,0.0523083
M,0.0,0.0,0.0,0.0
M,0.0,0.0,0.0,0.0
M,0.0,0.0,0.0,0.0
M,0.0,0.0,0.0,0.0
M,0.0,0.0,0.0,0.0
M,0.0,0.0,0.0,0.0
M,0.0,0.0,0.0,0.0
M,0.0752399,0.0,0.0,0.0752399
M,0.0,0.0,0.0,0.0
M,0.0351963,0.0,0.0,0.0351963
M,0.0,0.0,0.0,0.0
M,0.0,0.0,0.0,0.0
M,0.0,0.0,0.0,0.0
M,0.0,0.0,0.0,0.0
M,0.0,0.0,0.0,0.0
M,-0.00935498,0.0,0.0,-0.00935498
M,0.0,0.0,0.0,0.0
M,-0.0108727,0.0,0.0,-0.0108727
M,0.0,0.0,0.0,0.0
M,0.0,0.0,0.0,0.0
M,-0.0849523,0.0,0.0,-0.0849523
M,0.0,0.0,0.0,0.0
M,0.0,0.0,0.0,0.0
M,0.0,0.0,0.0,0.0
M,0.0,0.0,0.0,0.0
M,0.0,0.0,0.0,0.0
M,-0.0080519,0.0,0.0,-0.0080519
M,0.0,0.0,0.0,0.0
M,-0.0302086,0.0,0.0,-0.0302086
M,0.0,0.0,0.0,0.0
M,0.0386192,0.0,0.0,0.0386192
M,0.0205466,0.0,0.0,0.0205466
M,0.0,0.0,0.0,0.0
M,0.0,0.0,0.0,0.0
M,0.0,0.0,0.0,0.0
M,0.0,0.0,0.0,0.0
M,0.0,0.0,0.0,0.0
M,0.0,0.0,0.0,0.0
M,0.0,0.0,0.0,0.0
M,0.0,0.0,0.0,0.0
M,0.0,0.0,0.0,0.0
M,-0.0946884,0.0,0.0,-0.0946884
M,0.0,0.0,0.0,0.0
M,0.0,0.0,0.0,0.0
M,0.0,0.0,0.0,0.0
M,0.0500994,0.0,0.0,0.0500994
M,0.0640842,0.0,0.0,0.0640842
M,0.0,0.0,0.0,0.0
M,0.0,0.0,0.0,0.0
M,0.0,0.0,0.0,0.0
M,0.0884805,0.0,0.0,0.0884805
M,0.0,0.0,0.0,0.0
M,-0.0290822,0.0,0.0,-0.0290822
M,0.0,0.0,0.0,0.0
M,0.0,0.0,0.0,0.0
M,0.0,0.0,0.0,0.0
M,0.0,0.0,0.0,0.0
M,0.0,0.0,0.0,0.0
M,0.0,0.0,0.0,0.0
M,0.0,0.0,0.0,0.0
M,0.0,0.0,0.0,0.0
M,0.0,0.0,0.0,0.0
M,0.0468567,0.0,0.0,0.0468567
M,0.0,0.0,0.0,0.0
M,0.0,0.0,0.0,0.0
M,0.0,0.0,0.0,0.0
M,0.0352085,0.0,0.0,0.0352085
M,0.0,0.0,0.0,0.0
M,0.0,0.0,0.0,0.0
M,-0.0687755,0.0,0.0,-0.0687755
M,0.0,0.0,0.0,0.0
M,0.0,0.0,0.0,0.0
M,0.0293372,0.0,0.0,0.0293372
M,-0.0319002,0.0,0.0,-0.0319002
M,0.0,0.0,0.0,0.0
M,0.0,0.0,0.0,0.0
M,0.0,0.0,0.0,0.0
M,0.0148789,0.0,0.0,0.0148789
M,0.0144312,0.0,0.0,0.0144312
M,0.0,-0.0702388,-0.0702388,-0.0702388
M,0.0,0.0,0.0,0.0
M,0.0,0.0,0.0,0.0
M,0.0,0.0,0.0,0.0
M,0.0,0.0,0.0,0.0
M,0.0,0.0,0.0,0.0
M,0.0,0.0,0.0,0.0
M,0.0,0.0,0.0,0.0
M,0.0117232,0.0,0.0,0.0117232
M,0.0,0.0,0.0,0.0
M,0.0,0.0,0.0,0.0
M,-0.0398364,0.0,0.0,-0.0398364
M,0.0,0.0,0.0,0.0
M,-0.0400777,0.0,0.0,-0.0400777
M,0.0,0.0,0.0,0.0
M,0.0,0.0,0.0,0.0
M,0.0,0.0,0.0,0.0
M,0.0,0.0,0.0,0.0
M,0.0,0.0,0.0,0.0
M,-0.0246887,0.0,0.0,-0.0246887
M,0.0,0.0,0.0,0.0
M,-0.0191854,0.0,0.0,-0.0191854
M,0.0,0.0,0.0,0.0
M,0.0,0.0,0.0,0.0
M,0.0,0.0,0.0,0.0
M,0.0,0.0,0.0,0.0
M,0.0,0.0,0.0,0.0
M,-0.00803673,0.0,0.0,-0.00803673
M,0.0,0.0,0.0,0.0
M,0.0,0.0,0.0,0.0
M,0.0,0.0,0.0,0.0
M,0.0,0.0,0.0,0.0
M,0.0,0.0,0.0,0.0
M,0.0,0.0,0.0,0.0
M,-0.0931631,0.0,0.0,-0.0931631
M,0.0,0.0,0.0,0.0
M,-0.0436773,0.0,0.0,-0.0436773
M,0.0,0.0,0.0,0.0
M,0.0,0.0,0.0,0.0
M,0.0,0.0,0.0,0.0
M,0.0,0.0,0.0,0.0
M,0.0,0.0,0.0,0.0
M,0.0,0.0,0.0,0.0
M,-0.0437324,0.0,0.0,-0.0437324
M,0.0,0.0,0.0,0.0
M,0.0,0.0,0.0,0.0
M,0.0,0.0,0.0,0.0
M,0.0,0.0,0.0,0.0
M,0.0,0.0,0.0,0.0
M,0.0,0.0,0.0,0.0
M,0.0,0.0,0.0,0.0
M,0.0,0.0,0.0,0.0
M,0.0,0.0,0.0,0.0
M,0.0,0.0,0.0,0.0
M,0.0,0.0,0.0,0.0
M,0.0,0.0,0.0,0.0
M,0.0,0.0,0.0,0.0
M,0.0,0.0,0.0,0.0
M,0.0,0.0,0.0,0.0
M,0.0,0.0,0.0,0.0
M,0.0,0.0,0.0,0.0
M,0.0,0.0,0.0,0.0
M,0.0,0.0,0.0,0.0
M,0.0,0.0,0.0,0.0
M,0.0,0.0,0.0,0.0
M,0.0,0.0,0.0,0.0
M,-0.0716463,0.0,0.0,-0.0716463
M,0.0,0.0,0.0,0.0
M,0.0,0.0,0.0,0.0
M,0.0,0.0,0.0,0.0
M,0.0,0.0,0.0,0.0
M,0.0,0.0,0.0,0.0
M,0.0,0.0,0.0,0.0
M,0.0,0.0,0.0,0.0
M,0.0,0.0,0.0,0.0
M,0.0,0.0,0.0,0.0
M,0.0,0.0,0.0,0.0
M,0.052768,0.0,0.0,0.052768
M,0.0,0.0,0.0,0.0
M,0.0,0.0,0.0,0.0
M,0.0,0.0,0.0,0.0
M,0.0,0.0,0.0,0.0
M,0.0,0.0,0.0,0.0
M,0.0,0.0,0.0,0.0
M,-0.0239269,0.0,0.0,-0.0239269
M,0.0,0.0,0.0,0.0
M,0.0,0.0,0.0,0.0
M,0.0,0.0,0.0,0.0
M,0.0,0.0,0.0,0.0
M,0.0,0.0,0.0,0.0
M,0.0,0.0,0.0,0.0
M,0.0,0.0,0.0,0.0
M,0.0,0.0,0.0,0.0
M,0.0,0.0,0.0,0.0
M,0.0,0.0,0.0,0.0
M,0.0,0.0,0.0,0.0
M,0.010585,0.0,0.0,0.010585
M,0.0602092,0.0,0.0,0.0602092
M,0.0,0.0,0.0,0.0
M,0.0,0.0,0.0,0.0
M,0.0,0.0,0.0,0.0
M,-0.0319002,0.0,0.0,-0.0319002
M,0.0,0.0,0.0,0.0
M,0.0,0.0,0.0,0.0
M,0.0,0.0,0.0,0.0
M,0.0,0.0,0.0,0.0
M,0.0,0.0,0.0,0.0
M,0.0,0.0,0.0,0.0
M,0.0,0.0,0.0,0.0
M,0.0,0.0,0.0,0.0
M,0.0,0.0,0.0,0.0
M,0.0,0.0,0.0,0.0
M,0.0,0.0,0.0,0.0
M,0.018385,0.0,0.0,0.018385
M,0.0104358,0.0,0.0,0.0104358
M,-0.0160463,0.0,0.0,-0.0160463
M,0.0,0.0,0.0,0.0
M,0.0165388,0.0,0.0,0.0165388
M,0.0,0.0,0.0,0.0
M,0.0,0.0,0.0,0.0
M,0.0,0.0,0.0,0.0
M,0.0,0.0,0.0,0.0
M,0.0,0.0,0.0,0.0
M,0.0,0.0,0.0,0.0
M,0.0,0.0,0.0,0.0
M,0.0,0.0,0.0,0.0
M,0.0,0.0,0.0,0.0
M,0.0,0.0,0.0,0.0
M,0.0,0.0,0.0,0.0
M,0.0,0.0,0.0,0.0
M,0.0,0.0,0.0,0.0
M,0.0,0.0,0.0,0.0
M,0.0,0.0,0.0,0.0
M,0.0,0.0,0.0,0.0
M,-0.000752519,0.0,0.0,-0.000752519
M,-0.00096396,0.0,0.0,-0.00096396
M,0.0,0.0,0.0,0.0
M,0.0,0.0,0.0,0.0
M,0.0,0.0,0.0,0.0
M,0.0,0.0,0.0,0.0
M,0.0,0.0,0.0,0.0
M,-0.0303698,0.0,0.0,-0.0303698
M,0.0,0.0,0.0,0.0
M,0.0,0.0,0.0,0.0
M,0.0,0.0,0.0,0.0
M,0.0,0.0,0.0,0.0
M,0.0148789,0.0,0.0,0.0148789
M,0.0,0.0,0.0,0.0
M,-0.03949,0.0,0.0,-0.03949
M,0.0,0.0,0.0,0.0
M,0.0,0.0,0.0,0.0
M,0.0,0.0,0.0,0.0
M,0.0,0.0,0.0,0.0
M,-0.117156,0.0,0.0,-0.117156
M,0.0,0.0,0.0,0.0
M,0.0,0.0,0.0,0.0
M,0.0,0.0,0.0,0.0
M,0.0,0.0,0.0,0.0
M,0.0,0.0,0.0,0.0
M,0.0,0.0,0.0,0.0
M,0.0,0.0,0.0,0.0
M,0.0,0.0,0.0,0.0
M,0.019264,0.0,0.0,0.019264
M,0.0,0.0,0.0,0.0
M,0.0,0.0,0.0,0.0
M,0.0,0.0,0.0,0.0
M,0.0,0.0,0.0,0.0
M,0.0,0.0,0.0,0.0
M,0.0,0.0,0.0,0.0
M,-0.0236945,0.0,0.0,-0.0236945
M,-0.00136796,0.0,0.0,-0.00136796
M,0.0,0.0,0.0,0.0
M,0.0,0.0,0.0,0.0
M,0.0,0.0,0.0,0.0
M,0.0,0.0,0.0,0.0
M,0.0,0.0,0.0,0.0
M,0.0,0.0,0.0,0.0
M,0.0,0.0,0.0,0.0
M,0.0,0.0,0.0,0.0
M,0.0,0.0,0.0,0.0
M,0.0,0.0,0.0,0.0
M,0.0,0.0,0.0,0.0
M,0.0,0.0,0.0,0.0
M,0.0,0.0,0.0,0.0
M,0.0,0.0,0.0,0.0
M,0.0,0.0,0.0,0.0
M,0.0,0.0,0.0,0.0
M,0.0,0.0,0.0,0.0
M,0.0,0.0,0.0,0.0
M,0.0,0.0,0.0,0.0
M,0.0301734,0.0,0.0,0.0301734
M,0.0,0.0,0.0,0.0
M,0.0,0.0,0.0,0.0
M,0.0,0.0,0.0,0.0
M,0.0,0.0,0.0,0.0
M,0.0,0.0,0.0,0.0
M,0.0216596,0.0,0.0,0.0216596
M,0.0,0.0,0.0,0.0
M,0.0,0.0,0.0,0.0
M,0.0,0.0,0.0,0.0
M,0.0,0.0,0.0,0.0
M,0.0226847,0.0,0.0,0.0226847
M,0.0,0.0,0.0,0.0
M,0.0,0.0,0.0,0.0
M,0.0,0.0,0.0,0.0
M,0.0,0.0,0.0,0.0
M,0.0,0.0,0.0,0.0
M,0.0,0.0,0.0,0.0
M,0.0,0.0,0.0,0.0
M,0.0,0.0,0.0,0.0
M,0.0,0.0,0.0,0.0
M,0.0,0.0,0.0,0.0
M,0.0,0.0,0.0,0.0
M,-0.0126994,0.0,0.0,-0.0126994
M,-0.00803673,0.0,0.0,-0.00803673
M,-0.0022713,0.0,0.0,-0.0022713
M,0.0,0.0,0.0,0.0
M,0.0283355,0.0,0.0,0.0283355
M,0.0,0.0,0.0,0.0
M,0.0,0.0,0.0,0.0
M,0.0,0.0,0.0,0.0
M,0.0,0.0,0.0,0.0
M,0.0,0.0,0.0,0.0
M,0.0,0.0,0.0,0.0
M,0.0,0.0,0.0,0.0
M,0.0,0.0,0.0,0.0
M,0.0,0.0,0.0,0.0
M,0.0,0.0,0.0,0.0
M,0.0692795,0.0,0.0,0.0692795
M,0.0,0.0,0.0,0.0
M,0.0,0.0,0.0,0.0
M,0.0,0.0,0.0,0.0
M,-0.0537663,0.0,0.0,-0.0537663
M,0.0,0.0,0.0,0.0
M,0.0,0.0,0.0,0.0
M,0.0,0.0,0.0,0.0
M,0.0,0.0,0.0,0.0
M,0.0,0.0,0.0,0.0
M,-0.147841,0.0,0.0,-0.147841
M,0.0,0.0,0.0,0.0
M,0.0,0.0,0.0,0.0
M,0.0,0.0,0.0,0.0
M,0.0,0.0,0.0,0.0
M,0.0,0.0,0.0,0.0
M,0.0,0.0,0.0,0.0
M,0.0,0.0,0.0,0.0
M,0.0,0.0,0.0,0.0
M,0.0,0.0,0.0,0.0
M,0.0,0.0,0.0,0.0
M,-0.00949686,0.0,0.0,-0.00949686
M,0.0,0.0,0.0,0.0
M,0.0,0.0,0.0,0.0
M,0.0,0.0,0.0,0.0
M,0.0,0.0,0.0,0.0
M,0.0,0.0,0.0,0.0
M,0.0,0.0,0.0,0.0
M,0.0,0.0,0.0,0.0
M,0.091576,0.0,0.0,0.091576
M,0.0,0.0,0.0,0.0
M,0.0,0.0,0.0,0.0
M,0.0349658,0.0,0.0,0.0349658
M,0.0,0.0,0.0,0.0
M,0.0,0.0,0.0,0.0
M,0.0,0.0,0.0,0.0
M,0.0,0.0,0.0,0.0
M,0.0,0.0,0.0,0.0
M,0.0,0.0,0.0,0.0
M,0.0,0.0,0.0,0.0
M,-0.0522488,0.0,0.0,-0.0522488
M,0.0,0.0,0.0,0.0
M,0.0,0.0,0.0,0.0
M,0.0,0.0,0.0,0.0
M,0.0,0.0,0.0,0.0
M,0.0,0.0,0.0,0.0
M,0.0,0.0,0.0,0.0
M,0.0,0.0,0.0,0.0
M,0.0,0.0,0.0,0.0
M,0.0,0.0,0.0,0.0
M,0.0,0.0,0.0,0.0
M,0.0,0.0,0.0,0.0
M,0.0,0.0,0.0,0.0
M,0.0,0.0,0.0,0.0
M,0.0214176,0.0,0.0,0.0214176
M,0.0,0.0,0.0,0.0
M,-0.0379592,0.0,0.0,-0.0379592
M,0.0,0.0,0.0,0.0
M,-0.062676,0.0,0.0,-0.062676
M,0.0,0.0,0.0,0.0
M,0.0,0.0,0.0,0.0
M,-0.0547391,0.0,0.0,-0.0547391
M,0.0,0.0,0.0,0.0
M,0.0,0.0,0.0,0.0
M,0.0,0.0,0.0,0.0
M,0.0,0.0,0.0,0.0
M,0.0,0.0,0.0,0.0
M,0.0,0.0,0.0,0.0
M,0.0,0.0,0.0,0.0
M,0.0,0.0,0.0,0.0
M,0.0,0.0,0.0,0.0
M,0.0,0.0,0.0,0.0
M,0.0,0.0,0.0,0.0
M,0.0,0.0,0.0,0.0
M,0.0,0.0,0.0,0.0
M,0.0,0.0,0.0,0.0
M,0.0308252,0.0,0.0,0.0308252
M,-0.000656648,0.0,0.0,-0.000656648
M,0.0,0.0,0.0,0.0
M,0.0,0.0,0.0,0.0
M,0.0635244,0.0,0.0,0.0635244
M,0.0,0.0,0.0,0.0
M,-0.0261394,0.0,0.0,-0.0261394
M,0.0,0.0,0.0,0.0
M,0.0,0.0,0.0,0.0
M,0.0483153,0.0,0.0,0.0483153
M,0.0,0.0,0.0,0.0
M,0.0,0.0,0.0,0.0
M,0.0,0.0,0.0,0.0
M,0.0,0.0,0.0,0.0
M,0.0,0.0,0.0,0.0
M,0.0526037,0.0,0.0,0.0526037
M,0.0,0.0,0.0,0.0
M,0.0,0.0,0.0,0.0
M,0.0,0.0,0.0,0.0
M,0.0529561,0.0,0.0,0.0529561
M,0.0,0.0,0.0,0.0
M,0.0,0.0,0.0,0.0
M,0.0325722,0.0,0.0,0.0325722
M,-0.00680115,0.0,0.0,-0.00680115
M,0.0,0.0,0.0,0.0
M,0.0,0.0,0.0,0.0
M,0.0,0.0,0.0,0.0
M,0.0,0.0,0.0,0.0
M,0.0,0.0,0.0,0.0
M,0.0,0.0,0.0,0.0
M,0.0,0.0,0.0,0.0
M,0.0,0.0,0.0,0.0
M,0.0,0.0,0.0,0.0
M,0.0,0.0,0.0,0.0
M,0.0,0.0,0.0,0.0
M,0.0,0.0,0.0,0.0
M,0.0,0.0,0.0,0.0
M,0.0,0.0,0.0,0.0
M,-0.00118044,0.0,0.0,-0.00118044
M,0.0,0.0,0.0,0.0
M,0.0,0.0,0.0,0.0
M,0.0407048,0.0,0.0,0.0407048
M,0.0,0.0,0.0,0.0
M,0.0,0.0,0.0,0.0
M,0.0,0.0,0.0,0.0
M,0.0,0.0,0.0,0.0
M,0.0,0.0,0.0,0.0
M,0.0,0.0,0.0,0.0
M,0.0,0.0,0.0,0.0
M,0.0,0.0,0.0,0.0
M,0.0,0.0,0.0,0.0
M,0.0,0.0,0.0,0.0
M,0.0,0.0,0.0,0.0
M,0.0,0.0,0.0,0.0
M,0.0,0.0,0.0,0.0
M,0.0,0.0,0.0,0.0
M,0.0,0.0,0.0,0.0
M,-0.0216028,0.0,0.0,-0.0216028
M,0.0,0.0,0.0,0.0
M,0.0,0.0,0.0,0.0
M,-0.0679636,0.0,0.0,-0.0679636
M,0.0,0.0,0.0,0.0
M,0.0,0.0,0.0,0.0
M,0.0,0.0,0.0,0.0
M,0.0,0.0,0.0,0.0
M,0.0,0.0,0.0,0.0
M,0.0,0.0,0.0,0.0
M,-0.0137177,0.0,0.0,-0.0137177
M,0.0596241,0.0,0.0,0.0596241
M,0.0,0.0,0.0,0.0
M,0.0,0.0,0.0,0.0
M,0.0,0.0,0.0,0.0
M,0.0,0.0,0.0,0.0
M,0.0,0.0,0.0,0.0
M,0.0,0.0,0.0,0.0
M,0.0,0.0,0.0,0.0
M,0.0325722,0.0,0.0,0.0325722
M,0.00624341,0.0,0.0,0.00624341
M,0.0,0.0,0.0,0.0
M,0.0,0.0,0.0,0.0
M,0.0,0.0,0.0,0.0
M,0.0,0.0,0.0,0.0
M,-0.00171593,0.0,0.0,-0.00171593
M,0.0,0.0,0.0,0.0
M,0.0,0.0,0.0,0.0
M,0.0,0.0,0.0,0.0
M,0.0,0.0,0.0,0.0
M,-0.0689365,0.0,0.0,-0.0689365
M,0.0,0.0,0.0,0.0
M,0.0,0.0,0.0,0.0
M,0.0,0.0,0.0,0.0
M,0.0,0.0,0.0,0.0
M,0.0,0.0,0.0,0.0
M,0.0,0.0,0.0,0.0
M,0.0,0.0,0.0,0.0
M,0.0,0.0,0.0,0.0
M,0.0,0.0,0.0,0.0
M,0.0,0.0,0.0,0.0
M,0.0,0.0,0.0,0.0
M,0.0,0.0,0.0,0.0
M,0.0394122,0.0,0.0,0.0394122
M,0.0,0.0,0.0,0.0
M,0.0,0.0,0.0,0.0
M,0.0,0.0,0.0,0.0
M,0.0,0.0,0.0,0.0
M,0.0,0.0,0.0,0.0
M,-0.0551331,0.0,0.0,-0.0551331
M,0.011556,0.0,0.0,0.011556
M,0.018748,0.0,0.0,0.018748
M,0.0,0.0,0.0,0.0
M,0.0,0.0,0.0,0.0
M,0.0,0.0,0.0,0.0
M,0.0,0.0,0.0,0.0
M,0.0696154,0.0,0.0,0.0696154
M,0.0,0.0,0.0,0.0
M,0.0,0.0,0.0,0.0
M,0.0,0.0,0.0,0.0
M,0.0685055,0.0,0.0,0.0685055
M,0.0,0.0,0.0,0.0
M,0.0,0.0,0.0,0.0
M,-0.0137177,0.0,0.0,-0.0137177
M,0.0,0.0,0.0,0.0
M,0.0,0.0,0.0,0.0
M,0.0,0.0,0.0,0.0
M,-0.0191854,0.0,0.0,-0.0191854
M,0.0,0.0,0.0,0.0
M,0.0283209,0.0,0.0,0.0283209
M,0.0,0.0,0.0,0.0
M,0.0,0.0,0.0,0.0
M,0.0,0.0,0.0,0.0
M,0.0,0.0,0.0,0.0
M,0.0,0.0,0.0,0.0
M,0.0,0.0,0.0,0.0
M,-0.0236945,0.0,0.0,-0.0236945
M,0.0,0.0,0.0,0.0
M,0.0,0.0,0.0,0.0
M,0.0,0.0,0.0,0.0
M,0.0,0.0,0.0,0.0
M,0.0213979,0.0,0.0,0.0213979
M,0.0,0.0,0.0,0.0
M,0.0,0.0,0.0,0.0
M,0.0,0.0,0.0,0.0
M,0.0,0.0,0.0,0.0
M,0.0,0.0,0.0,0.0
M,0.00388364,0.0,0.0,0.00388364
M,0.0,0.0,0.0,0.0
M,0.0,0.0,0.0,0.0
M,0.0,0.0,0.0,0.0
M,-0.00607997,0.0,0.0,-0.00607997
M,0.0,0.0,0.0,0.0
M,0.0,0.0,0.0,0.0
M,0.0,0.0,0.0,0.0
M,0.0,0.0,0.0,0.0
M,0.0,0.0,0.0,0.0
M,0.0,0.0,0.0,0.0
M,0.0,0.0,0.0,0.0
M,0.0,0.0,0.0,0.0
M,0.0,0.0,0.0,0.0
M,0.0,0.0,0.0,0.0
M,0.0,0.0,0.0,0.0
M,0.0,0.0,0.0,0.0
M,0.0,0.0,0.0,0.0
M,0.0,0.0,0.0,0.0
M,0.0,0.0,0.0,0.0
M,0.0,0.0,0.0,0.0
M,0.0,0.0,0.0,0.0
M,0.0,0.0,0.0,0.0
M,0.0,0.0,0.0,0.0
M,0.109121,0.0,0.0,0.109121
M,0.00915217,0.0,0.0,0.00915217
M,0.0,0.0,0.0,0.0
M,0.0,0.0,0.0,0.0
M,0.0,0.0,0.0,0.0
M,0.0,0.0,0.0,0.0
M,0.0,0.0,0.0,0.0
M,0.0,0.0,0.0,0.0
M,0.0,0.0,0.0,0.0
M,0.0,0.0,0.0,0.0
M,0.0,0.0,0.0,0.0
M,0.0,0.0,0.0,0.0
M,0.0830379,0.0,0.0,0.0830379
M,-0.0137177,0.0,0.0,-0.0137177
M,0.0,0.0,0.0,0.0
M,-0.037937,0.0,0.0,-0.037937
M,0.0,0.0,0.0,0.0
M,0.0,0.0,0.0,0.0
M,0.0,0.0,0.0,0.0
M,0.0,0.0,0.0,0.0
M,0.0,0.0,0.0,0.0
M,-0.00664544,0.0,0.0,-0.00664544
M,-0.0619251,0.0,0.0,-0.0619251
M,0.0,0.0,0.0,0.0
M,0.0,0.0,0.0,0.0
M,0.0,0.0,0.0,0.0
M,0.0,0.0,0.0,0.0
M,0.0,0.0,0.0,0.0
M,-0.00803673,0.0,0.0,-0.00803673
M,0.0,0.0,0.0,0.0
M,0.0,0.0,0.0,0.0
M,0.0,0.0,0.0,0.0
M,0.0,0.0,0.0,0.0
M,0.0172052,0.0,0.0,0.0172052
M,0.0666116,0.0,0.0,0.0666116
M,0.0345003,0.0,0.0,0.0345003
M,0.0301734,0.0,0.0,0.0301734
M,0.0,0.0,0.0,0.0
M,0.0,0.0,0.0,0.0
M,0.0,0.0,0.0,0.0
M,0.0,0.0,0.0,0.0
M,0.0,0.0,0.0,0.0
M,0.0,0.0,0.0,0.0
M,0.0,0.0,0.0,0.0
M,0.0,0.0,0.0,0.0
M,0.0,0.0,0.0,0.0
M,0.0,0.0,0.0,0.0
M,0.0,0.0,0.0,0.0
M,0.0,0.0,0.0,0.0
M,0.0,0.0,0.0,0.0
M,0.0,0.0,0.0,0.0
M,0.0,0.0,0.0,0.0
M,0.0,0.0,0.0,0.0
M,0.0,0.0,0.0,0.0
M,-0.0607623,0.0,0.0,-0.0607623
M,0.0,0.0,0.0,0.0
M,0.0,0.0,0.0,0.0
M,0.0,0.0,0.0,0.0
M,0.0,0.0,0.0,0.0
M,0.0,0.0,0.0,0.0
M,0.0425442,0.0,0.0,0.0425442
M,0.0,0.0,0.0,0.0
M,0.0,0.0,0.0,0.0
M,-0.00380247,0.0,0.0,-0.00380247
M,0.0,0.0,0.0,0.0
M,0.0,0.0,0.0,0.0
M,0.0,0.0,0.0,0.0
M,0.0,0.0,0.0,0.0
M,0.0,0.0,0.0,0.0
M,-0.049674,0.0,0.0,-0.049674
M,0.0,0.0,0.0,0.0
M,0.0,0.0,0.0,0.0
M,0.0,0.0,0.0,0.0
M,0.0,-0.0394024,-0.0394024,-0.0394024
M,0.0713221,0.0,0.0,0.0713221
M,0.0153165,0.0,0.0,0.0153165
M,0.0,0.0,0.0,0.0
M,0.0,0.0,0.0,0.0
M,0.0,0.0,0.0,0.0
M,0.0,0.0,0.0,0.0
M,0.0,0.0,0.0,0.0
M,0.0,0.0,0.0,0.0
M,0.0,0.0,0.0,0.0
M,0.0,0.0,0.0,0.0
M,0.0,0.0,0.0,0.0
M,0.0,0.0,0.0,0.0
M,0.0,0.0,0.0,0.0
M,0.0,0.0,0.0,0.0
M,0.0146102,0.0,0.0,0.0146102
M,0.0,0.0,0.0,0.0
M,0.0,0.0,0.0,0.0
M,0.00915217,0.0,0.0,0.00915217
M,0.0,0.0,0.0,0.0
M,0.0,0.0,0.0,0.0
M,0.0,0.0,0.0,0.0
M,0.0,0.0,0.0,0.0
M,0.0,0.0,0.0,0.0
M,0.0,0.0,0.0,0.0
M,0.0,0.0,0.0,0.0
M,0.0425847,0.0,0.0,0.0425847
M,0.0,0.0,0.0,0.0
M,0.0,0.0,0.0,0.0
M,0.0,0.0,0.0,0.0
M,0.0,0.0,0.0,0.0
M,0.0,0.0,0.0,0.0
M,0.0146102,0.0,0.0,0.0146102
M,-0.00750954,0.0,0.0,-0.00750954
M,0.0,0.0,0.0,0.0
M,0.0,0.0,0.0,0.0
M,0.0,0.0,0.0,0.0
M,0.0,0.0,0.0,0.0
M,0.0,0.0,0.0,0.0
M,0.0,0.0,0.0,0.0
M,0.0,0.0,0.0,0.0
M,0.0,0.0,0.0,0.0
M,0.0,0.0,0.0,0.0
M,0.0,0.0,0.0,0.0
M,0.0,0.0,0.0,0.0
M,0.0,0.0,0.0,0.0
M,-0.0629289,0.0,0.0,-0.0629289
M,0.0,0.0,0.0,0.0
M,0.0,0.0,0.0,0.0
M,0.0,0.0,0.0,0.0
M,0.0,0.0,0.0,0.0
M,0.0,0.0,0.0,0.0
M,0.0,0.0,0.0,0.0
M,-0.000752519,0.0,0.0,-0.000752519
M,0.0,0.0,0.0,0.0
M,0.0,0.0,0.0,0.0
M,0.0,0.0,0.0,0.0
M,0.0,0.0,0.0,0.0
M,0.00609662,0.0,0.0,0.00609662
M,0.0146102,0.0,0.0,0.0146102
M,0.0,0.0,0.0,0.0
M,0.0,0.0,0.0,0.0
M,0.0,0.0,0.0,0.0
M,0.0,0.0,0.0,0.0
M,0.0,0.0,0.0,0.0
M,0.0,0.0,0.0,0.0
M,0.0,0.0,0.0,0.0
M,0.0,0.0,0.0,0.0
M,0.0996417,0.0,0.0,0.0996417
M,0.0,0.0,0.0,0.0
M,0.0,0.0,0.0,0.0
M,-0.0721647,0.0,0.0,-0.0721647
M,0.0,0.0,0.0,0.0
M,0.0,0.0,0.0,0.0
M,-0.114712,0.0,0.0,-0.114712
M,0.0,0.0,0.0,0.0
M,0.0,0.0,0.0,0.0
M,0.0,0.0,0.0,0.0
M,0.0,0.0,0.0,0.0
M,0.0,0.0,0.0,0.0
M,0.0,0.0,0.0,0.0
M,0.0,0.0,0.0,0.0
M,0.0,0.0,0.0,0.0
M,0.0,0.0,0.0,0.0
M,0.0,0.0,0.0,0.0
M,0.0,0.0,0.0,0.0
M,0.0301734,0.0,0.0,0.0301734
M,0.0394072,0.0,0.0,0.0394072
M,-0.0132128,0.0,0.0,-0.0132128
M,0.0,0.0,0.0,0.0
M,0.0,0.0,0.0,0.0
M,0.0,0.0,0.0,0.0
M,-0.030017,0.0,0.0,-0.030017
M,0.0,0.0,0.0,0.0
M,0.0,0.0,0.0,0.0
M,0.0,0.0,0.0,0.0
M,0.0,0.0,0.0,0.0
M,0.0,0.0,0.0,0.0
M,0.0153909,0.0,0.0,0.0153909
M,0.0,0.0,0.0,0.0
M,0.0,0.0,0.0,0.0
M,0.0,0.0,0.0,0.0
M,0.0,0.0,0.0,0.0
M,0.0,0.0,0.0,0.0
M,0.0,0.0,0.0,0.0
M,0.0,0.0,0.0,0.0
M,0.0,0.0,0.0,0.0
M,0.0,0.0,0.0,0.0
M,0.0,0.0,0.0,0.0
M,0.0,0.0,0.0,0.0
M,0.0,0.0,0.0,0.0
M,0.0,0.0,0.0,0.0
M,-0.0225277,0.0,0.0,-0.0225277
M,0.0,0.0,0.0,0.0
M,0.0,0.0,0.0,0.0
M,0.0,0.0,0.0,0.0
M,0.0,0.0,0.0,0.0
M,0.0,0.0,0.0,0.0
M,0.0,0.0,0.0,0.0
M,0.0,0.0,0.0,0.0
M,0.0,0.0,0.0,0.0
M,0.0,0.0,0.0,0.0
M,0.0,0.0,0.0,0.0
M,0.0,0.0,0.0,0.0
M,0.0,0.0,0.0,0.0
M,0.0,0.0,0.0,0.0
M,0.0,0.0,0.0,0.0
M,0.0,0.0,0.0,0.0
M,0.0,0.0,0.0,0.0
M,-0.0160463,0.0,0.0,-0.0160463
M,-0.0236945,0.0,0.0,-0.0236945
M,0.0,0.0,0.0,0.0
M,0.0185522,0.0,0.0,0.0185522
M,0.0,0.0,0.0,0.0
M,0.0,0.0,0.0,0.0
M,0.0,0.0,0.0,0.0
M,0.0,0.0,0.0,0.0
M,0.0713221,0.0,0.0,0.0713221
M,0.0,0.0,0.0,0.0
M,0.0,0.0,0.0,0.0
M,0.0,0.0,0.0,0.0
M,-0.0582667,0.0,0.0,-0.0582667
M,0.0,0.0,0.0,0.0
M,0.0,0.0,0.0,0.0
M,0.0,0.0,0.0,0.0
M,-0.0346967,0.0,0.0,-0.0346967
M,0.0,0.0,0.0,0.0
M,0.0,0.0,0.0,0.0
M,0.0,0.0,0.0,0.0
M,-0.00111365,0.0,0.0,-0.00111365
M,0.0,0.0,0.0,0.0
M,0.0,0.0,0.0,0.0
M,0.0,0.0,0.0,0.0
M,0.0,0.0,0.0,0.0
M,0.0,0.0,0.0,0.0
M,0.0,0.0,0.0,0.0
M,0.0,0.0,0.0,0.0
M,0.0,0.0,0.0,0.0
M,0.0,0.0,0.0,0.0
M,0.0,0.0,0.0,0.0
M,0.0,0.0,0.0,0.0
M,-0.086492,0.0,0.0,-0.086492
M,0.0449214,0.0,0.0,0.0449214
M,0.0,0.0,0.0,0.0
M,0.0,0.0,0.0,0.0
M,0.0,0.0,0.0,0.0
M,0.0,0.0,0.0,0.0
M,0.0,0.0,0.0,0.0
M,0.0,0.0,0.0,0.0
M,0.0,0.0,0.0,0.0
M,0.0,0.0,0.0,0.0
M,0.0,0.0,0.0,0.0
M,0.0,0.0,0.0,0.0
M,0.0,0.0,0.0,0.0
M,0.0,0.0,0.0,0.0
M,0.0,0.0,0.0,0.0
M,0.0,0.0,0.0,0.0
M,0.0,0.0,0.0,0.0
M,0.0,0.0,0.0,0.0
M,0.0,0.0,0.0,0.0
M,0.0,0.0,0.0,0.0
M,0.0,0.0,0.0,0.0
M,0.0,0.0,0.0,0.0
M,0.0,0.0,0.0,0.0
M,0.0,0.0,0.0,0.0
M,0.0,0.0,0.0,0.0
M,0.0425318,0.0,0.0,0.0425318
M,0.0,0.0,0.0,0.0
M,0.0,0.0,0.0,0.0
M,0.0,0.0,0.0,0.0
M,0.0,0.0,0.0,0.0
M,0.0,0.0,0.0,0.0
M,0.0,0.0,0.0,0.0
M,0.000445674,0.0,0.0,0.000445674
M,-0.0410583,0.0,0.0,-0.0410583
M,0.0,0.0,0.0,0.0
M,0.0,0.0,0.0,0.0
M,0.0106633,0.0,0.0,0.0106633
M,0.0,0.0,0.0,0.0
M,0.0,0.0,0.0,0.0
M,0.0,0.0,0.0,0.0
M,0.0,0.0,0.0,0.0
M,0.0,0.0,0.0,0.0
M,0.0,0.0,0.0,0.0
M,0.0,0.0,0.0,0.0
M,0.0,0.0,0.0,0.0
M,0.0,0.0,0.0,0.0
M,0.0,0.0,0.0,0.0
M,0.0,0.0,0.0,0.0
M,0.0,0.0,0.0,0.0
M,0.0,0.0,0.0,0.0
M,-0.0856196,0.0,0.0,-0.0856196
M,0.0,0.0,0.0,0.0
M,0.0,0.0,0.0,0.0
M,0.0,0.0,0.0,0.0
M,0.00704553,0.0,0.0,0.00704553
M,0.0,0.0,0.0,0.0
M,0.0,0.0,0.0,0.0
M,0.0,0.0,0.0,0.0
M,0.0,0.0,0.0,0.0
M,0.0,0.0,0.0,0.0
M,0.0,0.0,0.0,0.0
M,0.0,0.0,0.0,0.0
M,0.0,0.0,0.0,0.0
M,0.0,0.0,0.0,0.0
M,-0.0126994,0.0,0.0,-0.0126994
M,0.0,0.0,0.0,0.0
M,0.0,0.0,0.0,0.0
M,0.0,0.0,0.0,0.0
M,0.0,0.0,0.0,0.0
M,0.0,0.0,0.0,0.0
M,0.0,0.0,0.0,0.0
M,0.0,0.0,0.0,0.0
M,0.0,0.0,0.0,0.0
M,0.0,0.0,0.0,0.0
M,0.0,0.0,0.0,0.0
M,0.0,0.0,0.0,0.0
M,0.0,0.0,0.0,0.0
M,0.0,0.0,0.0,0.0
M,0.0,0.0,0.0,0.0
M,0.0,0.0,0.0,0.0
M,0.0,0.0,0.0,0.0
M,0.0,0.0,0.0,0.0
M,0.0,0.0,0.0,0.0
M,0.0,0.0,0.0,0.0
M,0.0259208,0.0,0.0,0.0259208
M,0.0,0.0,0.0,0.0
M,-0.0167735,0.0,0.0,-0.0167735
M,0.0,0.0,0.0,0.0
M,0.0,0.0,0.0,0.0
M,0.0,0.0,0.0,0.0
M,0.0,0.0,0.0,0.0
M,0.0,0.0,0.0,0.0
M,0.0,0.0,0.0,0.0
M,0.0,0.0,0.0,0.0
M,0.110529,0.0,0.0,0.110529
M,-0.00558195,0.0,0.0,-0.00558195
M,0.0,0.0,0.0,0.0
M,0.0,0.0,0.0,0.0
M,0.0,0.0,0.0,0.0
M,0.0,0.0,0.0,0.0
M,0.0,0.0,0.0,0.0
M,0.0,0.0,0.0,0.0
M,0.0,0.0,0.0,0.0
M,0.0,0.0,0.0,0.0
M,0.0,0.0,0.0,0.0
M,0.0,0.0,0.0,0.0
M,0.0,0.0,0.0,0.0
M,0.0,0.0,0.0,0.0
M,0.0,0.0,0.0,0.0
M,0.0,0.0,0.0,0.0
M,0.0,0.0,0.0,0.0
M,-0.0417653,0.0,0.0,-0.0417653
M,0.0,0.0,0.0,0.0
M,0.0,0.0,0.0,0.0
M,0.0,0.0,0.0,0.0
M,0.0,0.0,0.0,0.0
M,0.0307074,0.0,0.0,0.0307074
M,0.0961101,0.0,0.0,0.0961101
M,0.0,0.0,0.0,0.0
M,0.0,0.0,0.0,0.0
M,-0.109786,0.0,0.0,-0.109786
M,0.0,0.0,0.0,0.0
M,0.0,0.0,0.0,0.0
M,0.0,0.0,0.0,0.0
M,0.0,0.0,0.0,0.0
M,0.0,0.0,0.0,0.0
M,0.0,0.0,0.0,0.0
M,0.0148662,0.0,0.0,0.0148662
M,0.0,0.0,0.0,0.0
M,0.0,0.0,0.0,0.0
M,0.0,0.0,0.0,0.0
M,0.0,0.0,0.0,0.0
M,0.0,0.0,0.0,0.0
M,0.0,0.0,0.0,0.0
M,0.0,0.0,0.0,0.0
M,0.0,0.0,0.0,0.0
M,0.0,0.0,0.0,0.0
M,0.0,0.0,0.0,0.0
M,0.0,0.0,0.0,0.0
M,0.0,0.0,0.0,0.0
M,0.0,0.0,0.0,0.0
M,0.0,0.0,0.0,0.0
M,0.0,0.0,0.0,0.0
M,0.0,0.0,0.0,0.0
M,0.0148789,0.0,0.0,0.0148789
M,0.0,0.0,0.0,0.0
M,-0.00404536,0.0,0.0,-0.00404536
M,0.0,0.0,0.0,0.0
M,0.0261531,0.0,0.0,0.0261531
M,0.0,0.0,0.0,0.0
M,0.0,0.0,0.0,0.0
M,0.0,0.0,0.0,0.0
M,0.0,0.0,0.0,0.0
M,0.0,0.0,0.0,0.0
M,0.0,0.0,0.0,0.0
M,0.0,0.0,0.0,0.0
M,0.0,0.0,0.0,0.0
M,0.0,0.0,0.0,0.0
M,0.0,0.0,0.0,0.0
M,0.0,0.0,0.0,0.0
M,0.0,0.0,0.0,0.0
M,0.0,0.0,0.0,0.0
M,0.0,0.0,0.0,0.0
M,0.0,0.0,0.0,0.0
M,0.0,0.0,0.0,0.0
M,0.00297599,0.0,0.0,0.00297599
M,0.0,0.0,0.0,0.0
M,0.0,0.0,0.0,0.0
M,0.0,0.0,0.0,0.0
M,0.0,0.0,0.0,0.0
M,0.0,0.0,0.0,0.0
M,0.0,0.0,0.0,0.0
M,0.0,0.0,0.0,0.0
M,0.0265905,0.0,0.0,0.0265905
M,0.0,0.0,0.0,0.0
M,0.161862,0.0,0.0,0.161862
M,0.0,0.0,0.0,0.0
M,0.0,0.0,0.0,0.0
M,0.0,0.0,0.0,0.0
M,0.0,0.0,0.0,0.0
M,0.0,0.0,0.0,0.0
M,0.0,0.0,0.0,0.0
M,0.0,0.0,0.0,0.0
M,0.0,0.0,0.0,0.0
M,0.0,0.0,0.0,0.0
M,0.0,0.0,0.0,0.0
M,-0.0124217,0.0,0.0,-0.0124217
M,0.0,0.0,0.0,0.0
M,0.0,0.0,0.0,0.0
M,0.0,0.0,0.0,0.0
M,0.0,0.0,0.0,0.0
M,0.0,0.0,0.0,0.0
M,0.0,0.0,0.0,0.0
M,0.0,0.0,0.0,0.0
M,0.0,0.0,0.0,0.0
M,0.0,0.0,0.0,0.0
M,0.0,0.0,0.0,0.0
M,0.0,-0.0763786,-0.0763786,-0.0763786
M,0.0,0.0,0.0,0.0
M,0.0,0.0,0.0,0.0
M,0.0247798,0.0,0.0,0.0247798
M,-0.0120606,0.0,0.0,-0.0120606
M,0.0,0.0,0.0,0.0
M,0.0,0.0,0.0,0.0
M,0.0,0.0,0.0,0.0
M,0.0,0.0,0.0,0.0
M,0.0,0.0,0.0,0.0
M,0.0,0.0,0.0,0.0
M,0.0,0.0,0.0,0.0
M,0.0,0.0,0.0,0.0
M,0.0,0.0,0.0,0.0
M,0.0,0.0,0.0,0.0
M,0.0226078,0.0,0.0,0.0226078
M,0.0,-0.0325118,-0.0325118,-0.0325118
M,0.0,0.0,0.0,0.0
M,-0.0766457,0.0,0.0,-0.0766457
M,0.0,0.0,0.0,0.0
M,0.0,0.0,0.0,0.0
M,0.0,0.0,0.0,0.0
M,0.0,0.0,0.0,0.0
M,0.0,0.0,0.0,0.0
M,0.0,0.0,0.0,0.0
M,0.0,0.0,0.0,0.0
M,0.0225796,0.0,0.0,0.0225796
M,0.0,0.0,0.0,0.0
M,0.0,0.0,0.0,0.0
M,-0.0137177,0.0,0.0,-0.0137177
M,0.0,0.0,0.0,0.0
M,0.0,0.0,0.0,0.0
M,0.0,0.0,0.0,0.0
M,0.0207702,0.0,0.0,0.0207702
M,0.0,0.0,0.0,0.0
M,0.0,0.0,0.0,0.0
M,0.0,0.0,0.0,0.0
M,0.0,0.0,0.0,0.0
M,0.0,0.0,0.0,0.0
M,0.0,0.0,0.0,0.0
M,0.0,0.0,0.0,0.0
M,-0.0265871,0.0,0.0,-0.0265871
M,0.0,0.0,0.0,0.0
M,-0.0556101,0.0,0.0,-0.0556101
M,0.0,0.0,0.0,0.0
M,0.0076073,0.0,0.0,0.0076073
M,0.0,0.0,0.0,0.0
M,0.0,0.0,0.0,0.0
M,0.0139327,0.0,0.0,0.0139327
M,0.0,0.0,0.0,0.0
M,0.0,0.0,0.0,0.0
M,0.0,0.0,0.0,0.0
M,0.0,0.0,0.0,0.0
M,0.0,0.0,0.0,0.0
M,0.0,0.0,0.0,0.0
M,0.0,0.0,0.0,0.0
M,0.0,0.0,0.0,0.0
M,0.0,0.0,0.0,0.0
M,0.0,0.0,0.0,0.0
M,0.0121022,0.0,0.0,0.0121022
M,0.0,0.0,0.0,0.0
M,0.0,0.0,0.0,0.0
M,0.0,0.0,0.0,0.0
M,0.0,0.0,0.0,0.0
M,0.0,0.0,0.0,0.0
M,0.0,0.0,0.0,0.0
M,0.0,0.0,0.0,0.0
M,0.0,0.0,0.0,0.0
M,0.0,0.0,0.0,0.0
M,0.0,0.0,0.0,0.0
M,0.0,0.0,0.0,0.0
M,0.0,0.0,0.0,0.0
M,0.0,0.0,0.0,0.0
M,0.0,0.0,0.0,0.0
M,0.0,0.0,0.0,0.0
M,0.0341882,0.0,0.0,0.0341882
M,0.0,0.0,0.0,0.0
M,0.0,0.0,0.0,0.0
M,0.0,0.0,0.0,0.0
M,0.0,0.0,0.0,0.0
M,0.0386265,0.0,0.0,0.0386265
M,0.0,0.0,0.0,0.0
M,0.0,0.0,0.0,0.0
M,0.0,0.0,0.0,0.0
M,0.0,0.0,0.0,0.0
M,-0.00796191,0.0,0.0,-0.00796191
M,0.0,0.0,0.0,0.0
M,0.0301734,0.0,0.0,0.0301734
M,0.0,0.0,0.0,0.0
M,0.0,0.0,0.0,0.0
M,0.0,0.0,0.0,0.0
M,0.0,0.0,0.0,0.0
M,0.0,0.0,0.0,0.0
M,0.0,0.0,0.0,0.0
M,0.0,0.0,0.0,0.0
M,0.0,0.0,0.0,0.0
M,0.0,0.0,0.0,0.0
M,0.0,0.0,0.0,0.0
M,0.0,0.0,0.0,0.0
M,0.0,0.0,0.0,0.0
M,0.0,0.0,0.0,0.0
M,0.0,0.0,0.0,0.0
M,0.0,0.0,0.0,0.0
M,0.0,0.0,0.0,0.0
M,0.0,0.0,0.0,0.0
M,0.0,0.0,0.0,0.0
M,0.0,0.0,0.0,0.0
M,0.0,0.0,0.0,0.0
M,-0.035675,0.0,0.0,-0.035675
M,0.0,0.0,0.0,0.0
M,-0.0139667,0.0,0.0,-0.0139667
M,0.033085,0.0,0.0,0.033085
M,0.0,0.0,0.0,0.0
M,0.0,0.0,0.0,0.0
M,0.0,0.0,0.0,0.0
M,0.0,0.0,0.0,0.0
M,0.0,0.0,0.0,0.0
M,0.0,0.0,0.0,0.0
M,0.0,0.0,0.0,0.0
M,0.0,0.0,0.0,0.0
M,0.0,0.0,0.0,0.0
M,0.0,0.0,0.0,0.0
M,0.0,0.0,0.0,0.0
M,0.0,0.0,0.0,0.0
M,0.0,0.0,0.0,0.0
M,0.0,0.0,0.0,0.0
M,0.0,0.0,0.0,0.0
M,0.0,0.0,0.0,0.0
M,0.0,0.0,0.0,0.0
M,0.0,0.0,0.0,0.0
M,0.0,0.0,0.0,0.0
M,0.0,0.0,0.0,0.0
M,0.0,0.0,0.0,0.0
M,0.0355776,0.0,0.0,0.0355776
M,0.0,0.0,0.0,0.0
M,0.0,0.0,0.0,0.0
M,0.0,0.0,0.0,0.0
M,0.0,0.0,0.0,0.0
M,0.0,0.0,0.0,0.0
M,0.00124243,0.0,0.0,0.00124243
M,0.0,0.0,0.0,0.0
M,0.0,0.0,0.0,0.0
M,0.0,0.0,0.0,0.0
M,0.0,0.0,0.0,0.0
M,0.0,0.0,0.0,0.0
M,0.0,0.0,0.0,0.0
M,0.0,0.0,0.0,0.0
M,0.0101628,0.0,0.0,0.0101628
M,0.0,0.0,0.0,0.0
M,0.0,0.0,0.0,0.0
M,0.0,0.0,0.0,0.0
M,0.0,0.0,0.0,0.0
M,0.0,0.0,0.0,0.0
M,-0.0126098,0.0,0.0,-0.0126098
M,0.0,0.0,0.0,0.0
M,0.091576,0.0,0.0,0.091576
M,0.0,0.0,0.0,0.0
M,0.0,0.0,0.0,0.0
M,0.0,0.0,0.0,0.0
M,0.0,0.0,0.0,0.0
M,0.0,0.0,0.0,0.0
M,0.0,0.0,0.0,0.0
M,0.0,0.0,0.0,0.0
M,0.0168767,0.0,0.0,0.0168767
M,0.0280896,0.0,0.0,0.0280896
M,0.0,0.0,0.0,0.0
M,0.0,0.0,0.0,0.0
M,0.0,0.0,0.0,0.0
M,0.0,0.0,0.0,0.0
M,0.00347081,0.0,0.0,0.00347081
M,0.0,0.0,0.0,0.0
M,0.0,0.0,0.0,0.0
M,0.0,0.0,0.0,0.0
M,-0.00161177,0.0,0.0,-0.00161177
M,0.0,0.0,0.0,0.0
M,0.0,0.0,0.0,0.0
M,0.0595529,0.0,0.0,0.0595529
M,0.0,0.0,0.0,0.0
M,0.0,0.0,0.0,0.0
M,0.0,0.0,0.0,0.0
M,0.0,0.0,0.0,0.0
M,0.0,0.0,0.0,0.0
M,0.0,0.0,0.0,0.0
M,0.0,0.0,0.0,0.0
M,-0.00458796,0.0,0.0,-0.00458796
M,0.0,0.0,0.0,0.0
M,0.0,0.0,0.0,0.0
M,0.0,0.0,0.0,0.0
M,0.0,0.0,0.0,0.0
M,0.0,0.0,0.0,0.0
M,0.0,0.0,0.0,0.0
M,0.0,0.0,0.0,0.0
M,0.0,0.0,0.0,0.0
M,0.0,0.0,0.0,0.0
M,0.0,0.0,0.0,0.0
M,0.0,0.0,0.0,0.0
M,-0.0410583,0.0,0.0,-0.0410583
M,0.0,0.0,0.0,0.0
M,0.0,0.0,0.0,0.0
M,0.0,0.0,0.0,0.0
M,0.0351963,0.0,0.0,0.0351963
M,0.0,0.0,0.0,0.0
M,0.0,0.0,0.0,0.0
M,0.0,0.0,0.0,0.0
M,0.0,0.0,0.0,0.0
M,0.0,0.0,0.0,0.0
M,0.0,0.0,0.0,0.0
M,0.0,0.0,0.0,0.0
M,0.0,0.0,0.0,0.0
M,0.0,0.0,0.0,0.0
M,0.0,0.0,0.0,0.0
M,0.0,0.0,0.0,0.0
M,-0.0547391,0.0,0.0,-0.0547391
M,0.0,0.0,0.0,0.0
M,-0.0137177,0.0,0.0,-0.0137177
M,0.0,0.0,0.0,0.0
M,0.0,0.0,0.0,0.0
M,0.0,0.0,0.0,0.0
M,0.0,0.0,0.0,0.0
M,0.0,0.0,0.0,0.0
M,0.0,0.0,0.0,0.0
M,0.0,0.0,0.0,0.0
M,0.0,0.0,0.0,0.0
M,0.00727217,0.0,0.0,0.00727217
M,0.0674324,0.0,0.0,0.0674324
M,0.0,0.0,0.0,0.0
M,0.0,0.0,0.0,0.0
M,0.0,0.0,0.0,0.0
M,-0.00844677,0.0,0.0,-0.00844677
M,0.0,0.0,0.0,0.0
M,0.0,0.0,0.0,0.0
M,0.0,0.0,0.0,0.0
M,0.0,0.0,0.0,0.0
M,0.0,0.0,0.0,0.0
M,0.0,0.0,0.0,0.0
M,0.0,0.0,0.0,0.0
M,0.0,0.0,0.0,0.0
M,0.0,0.0,0.0,0.0
M,0.0,0.0,0.0,0.0
M,0.0,0.0,0.0,0.0
M,0.0,0.0,0.0,0.0
M,0.0,0.0,0.0,0.0
M,0.0,0.0,0.0,0.0
M,0.0,0.0,0.0,0.0
M,0.0,0.0,0.0,0.0
M,0.0,0.0,0.0,0.0
M,0.0,0.0,0.0,0.0
M,0.0,0.0,0.0,0.0
M,0.0,0.0,0.0,0.0
M,0.0,0.0,0.0,0.0
M,0.0,0.0,0.0,0.0
M,0.0,0.0,0.0,0.0
M,-0.0128917,0.0,0.0,-0.0128917
M,0.0,0.0,0.0,0.0
M,-0.00783127,0.0,0.0,-0.00783127
M,0.0,0.0,0.0,0.0
M,0.0,0.0,0.0,0.0
M,0.0,0.0,0.0,0.0
M,0.0,0.0,0.0,0.0
M,-0.0328358,0.0,0.0,-0.0328358
M,0.0,0.0,0.0,0.0
M,0.06508,0.0,0.0,0.06508
M,0.0,0.0,0.0,0.0
M,0.0,0.0,0.0,0.0
M,0.0,0.0,0.0,0.0
M,0.0,0.0,0.0,0.0
M,-0.00111365,0.0,0.0,-0.00111365
M,0.0,0.0,0.0,0.0
M,0.0,0.0,0.0,0.0
M,0.0,0.0,0.0,0.0
M,0.0,0.0,0.0,0.0
M,-0.00749085,0.0,0.0,-0.00749085
M,0.0,0.0,0.0,0.0
M,0.0,0.0,0.0,0.0
M,0.0,0.0,0.0,0.0
M,0.0,0.0,0.0,0.0
M,0.0,0.0,0.0,0.0
M,-0.030191,0.0,0.0,-0.030191
M,0.0,0.0,0.0,0.0
M,0.0,0.0,0.0,0.0
M,0.0,0.0,0.0,0.0
M,-0.0645948,0.0,0.0,-0.0645948
M,0.0,0.0,0.0,0.0
M,0.0,0.0,0.0,0.0
M,0.0,0.0,0.0,0.0
M,0.0,0.0,0.0,0.0
M,0.0,0.0,0.0,0.0
M,-0.015086,0.0,0.0,-0.015086
M,0.0,0.0,0.0,0.0
M,0.0,0.0,0.0,0.0
M,0.0,0.0,0.0,0.0
M,0.0,0.0,0.0,0.0
M,0.0,0.0,0.0,0.0
M,0.0,0.0,0.0,0.0
M,0.0,0.0,0.0,0.0
M,-0.00294009,0.0,0.0,-0.00294009
M,0.0,0.0,0.0,0.0
M,0.0,0.0,0.0,0.0
M,0.0,0.0,0.0,0.0
M,0.0,0.0,0.0,0.0
M,0.0,0.0,0.0,0.0
M,0.0,0.0,0.0,0.0
M,0.0,0.0,0.0,0.0
M,0.0,0.0,0.0,0.0
M,0.0,0.0,0.0,0.0
M,0.0,0.0,0.0,0.0
M,0.0,0.0,0.0,0.0
M,0.0,0.0,0.0,0.0
M,0.0738175,0.0,0.0,0.0738175
M,0.0,0.0,0.0,0.0
M,-0.0380851,0.0,0.0,-0.0380851
M,0.0876894,0.0,0.0,0.0876894
M,0.0,0.0,0.0,0.0
M,0.0,0.0,0.0,0.0
M,0.0,0.0,0.0,0.0
M,0.0,0.0,0.0,0.0
M,-0.109893,0.0,0.0,-0.109893
M,0.0,0.0,0.0,0.0
M,0.0,0.0,0.0,0.0
M,0.0,0.0,0.0,0.0
M,0.0,0.0,0.0,0.0
M,0.0,0.0,0.0,0.0
M,0.0,0.0,0.0,0.0
M,0.0322328,0.0,0.0,0.0322328
M,0.0,0.0,0.0,0.0
M,0.0,0.0,0.0,0.0
M,0.0,0.0,0.0,0.0
M,0.0,0.0,0.0,0.0
M,0.0351963,0.0,0.0,0.0351963
M,0.0,0.0,0.0,0.0
M,0.0,0.0,0.0,0.0
M,0.0,0.0,0.0,0.0
M,0.0,0.0,0.0,0.0
M,-0.0372356,0.0,0.0,-0.0372356
M,0.0,0.0,0.0,0.0
M,0.0,0.0,0.0,0.0
M,0.0,0.0,0.0,0.0
M,0.0,0.0,0.0,0.0
M,0.0,0.0,0.0,0.0
M,0.0,0.0,0.0,0.0
M,0.0,0.0,0.0,0.0
M,0.0,0.0,0.0,0.0
M,0.0,0.0,0.0,0.0
M,0.0238614,0.0,0.0,0.0238614
M,0.0,0.0,0.0,0.0
M,0.0328779,0.0,0.0,0.0328779
M,0.0,0.0,0.0,0.0
M,-0.0175619,0.0,0.0,-0.0175619
M,-0.0283522,0.0,0.0,-0.0283522
M,0.0,0.0,0.0,0.0
M,0.0,0.0,0.0,0.0
M,0.0,0.0,0.0,0.0
M,0.0,0.0,0.0,0.0
M,0.0,0.0,0.0,0.0
M,0.0,0.0,0.0,0.0
M,0.0,0.0,0.0,0.0
M,0.0,0.0,0.0,0.0
M,0.0,0.0,0.0,0.0
M,0.0,0.0,0.0,0.0
M,0.0,0.0,0.0,0.0
M,-0.00786526,0.0,0.0,-0.00786526
M,-0.049674,0.0,0.0,-0.049674
M,0.0,0.0,0.0,0.0
M,0.0,0.0,0.0,0.0
M,0.0,0.0,0.0,0.0
M,0.0,0.0,0.0,0.0
M,0.0,0.0,0.0,0.0
M,0.0,0.0,0.0,0.0
M,0.0,0.0,0.0,0.0
M,0.0,0.0,0.0,0.0
M,-0.00380247,0.0,0.0,-0.00380247
M,0.0,0.0,0.0,0.0
M,0.0,0.0,0.0,0.0
M,0.0,0.0,0.0,0.0
M,0.0,0.0,0.0,0.0
M,0.0,0.0,0.0,0.0
M,0.0,0.0,0.0,0.0
M,0.0,0.0,0.0,0.0
M,0.0,0.0,0.0,0.0
M,0.0,0.0,0.0,0.0
M,0.0,0.0,0.0,0.0
M,0.0,0.0,0.0,0.0
M,-0.0120606,0.0,0.0,-0.0120606
M,0.0,0.0,0.0,0.0
M,0.0,0.0,0.0,0.0
M,0.0,0.0,0.0,0.0
M,0.0,0.0,0.0,0.0
M,0.0,0.0,0.0,0.0
M,0.0,0.0,0.0,0.0
M,0.0,0.0,0.0,0.0
M,0.0523083,0.0,0.0,0.0523083
M,0.0,0.0,0.0,0.0
M,0.0,0.0,0.0,0.0
M,0.0,0.0,0.0,0.0
M,0.0,0.0,0.0,0.0
M,0.0,0.0,0.0,0.0
M,0.0,0.0,0.0,0.0
M,0.0,0.0,0.0,0.0
M,0.0,0.0,0.0,0.0
M,0.0,0.0,0.0,0.0
M,0.0,0.0,0.0,0.0
M,0.0,0.0,0.0,0.0
M,0.0,0.0,0.0,0.0
M,-0.0434891,0.0,0.0,-0.0434891
M,-0.0742038,0.0,0.0,-0.0742038
M,0.0,0.0,0.0,0.0
M,0.0325722,0.0,0.0,0.0325722
M,0.018385,0.0,0.0,0.018385
M,0.0,0.0,0.0,0.0
M,0.0,0.0,0.0,0.0
M,0.0,0.0,0.0,0.0
M,0.0,0.0,0.0,0.0
M,0.0,0.0,0.0,0.0
M,0.0,0.0,0.0,0.0
M,0.109121,0.0,0.0,0.109121
M,0.111327,0.0,0.0,0.111327
M,0.0,0.0,0.0,0.0
M,0.0,0.0,0.0,0.0
M,0.00168019,0.0,0.0,0.00168019
M,0.0,0.0,0.0,0.0
M,0.0,0.0,0.0,0.0
M,0.0,0.0,0.0,0.0
M,0.0593647,0.0,0.0,0.0593647
M,0.0,0.0,0.0,0.0
M,0.0,0.0,0.0,0.0
M,0.0,0.0,0.0,0.0
M,0.0,0.0135947,0.0135947,0.0135947
M,0.0807288,0.0,0.0,0.0807288
M,0.0,0.0,0.0,0.0
M,0.0,0.0,0.0,0.0
M,0.0,0.0,0.0,0.0
M,0.0,0.0,0.0,0.0
M,0.0,0.0,0.0,0.0
M,0.0,0.0,0.0,0.0
M,0.0,0.0,0.0,0.0
M,0.0,0.0,0.0,0.0
M,0.0,0.0,0.0,0.0
M,0.0,0.0,0.0,0.0
M,-0.0311022,0.0,0.0,-0.0311022
M,0.0,0.0,0.0,0.0
M,0.0,0.0,0.0,0.0
M,0.0,0.0,0.0,0.0
M,-0.0166939,0.0,0.0,-0.0166939
M,0.0,0.0,0.0,0.0
M,0.0,0.0,0.0,0.0
M,0.0,0.0,0.0,0.0
M,0.0,0.0,0.0,0.0
M,0.0345901,0.0,0.0,0.0345901
M,0.0,0.0,0.0,0.0
M,0.0,0.0,0.0,0.0
M,0.0,0.0,0.0,0.0
M,0.0,0.0,0.0,0.0
M,0.0,0.0,0.0,0.0
M,-0.00902387,0.0,0.0,-0.00902387
M,0.0,0.0,0.0,0.0
M,0.0,0.0,0.0,0.0
M,0.0,0.0,0.0,0.0
M,0.0,0.0,0.0,0.0
M,0.0,0.0,0.0,0.0
M,0.0,0.0,0.0,0.0
M,0.0,0.0,0.0,0.0
M,0.052768,0.0,0.0,0.052768
M,0.0402564,0.0,0.0,0.0402564
M,0.0,0.0,0.0,0.0
M,0.0,0.0,0.0,0.0
M,0.0,0.0,0.0,0.0
M,0.0,0.0,0.0,0.0
M,0.0,0.0,0.0,0.0
M,0.0,0.0,0.0,0.0
M,0.0,0.0,0.0,0.0
M,-0.0137177,0.0,0.0,-0.0137177
M,-0.0403165,0.0,0.0,-0.0403165
M,0.0,0.0,0.0,0.0
M,0.0,0.0,0.0,0.0
M,0.0,0.0,0.0,0.0
M,0.0,0.0,0.0,0.0
M,0.0,0.0,0.0,0.0
M,0.0,0.0,0.0,0.0
M,0.0,0.0,0.0,0.0
M,0.0,0.0,0.0,0.0
M,0.0,0.0,0.0,0.0
M,0.0,0.0,0.0,0.0
M,0.0,0.0,0.0,0.0
M,0.0,0.0,0.0,0.0
M,0.0,0.0,0.0,0.0
M,0.00243481,0.0,0.0,0.00243481
M,0.0170555,0.0,0.0,0.0170555
M,0.0,0.0,0.0,0.0
M,0.0144312,0.0,0.0,0.0144312
M,0.0,0.0,0.0,0.0
M,0.0,0.0,0.0,0.0
M,0.0,0.0,0.0,0.0
M,0.0185522,0.0,0.0,0.0185522
M,0.0,0.0,0.0,0.0
M,0.0,0.0,0.0,0.0
M,0.0,0.0,0.0,0.0
M,0.0,0.0,0.0,0.0
M,0.0,0.0,0.0,0.0
M,0.0,0.0,0.0,0.0
M,0.0,0.0,0.0,0.0
M,0.0,0.0,0.0,0.0
M,0.0,0.0,0.0,0.0
M,0.0,0.0,0.0,0.0
M,0.0464603,0.0175348,0.0175348,0.063995
M,0.0,0.0,0.0,0.0
M,0.0,0.0,0.0,0.0
M,0.0,0.0,0.0,0.0
M,0.0,0.0,0.0,0.0
M,0.0214176,0.0,0.0,0.0214176
M,0.0207349,0.0,0.0,0.0207349
M,0.0,0.0,0.0,0.0
M,0.0,0.0,0.0,0.0
M,0.0,0.0,0.0,0.0
M,0.0,0.0,0.0,0.0
M,0.0,0.0,0.0,0.0
M,0.0,0.0,0.0,0.0
M,0.0,0.0,0.0,0.0
M,0.000669657,0.0,0.0,0.000669657
M,0.0,0.0,0.0,0.0
M,-0.0888222,0.0,0.0,-0.0888222
M,0.0,0.0,0.0,0.0
M,-0.0400777,0.0,0.0,-0.0400777
M,0.0,0.0,0.0,0.0
M,0.0,0.0,0.0,0.0
M,0.0464415,0.0,0.0,0.0464415
M,0.0,0.0,0.0,0.0
M,0.0235986,0.0,0.0,0.0235986
M,0.0306305,0.0,0.0,0.0306305
M,0.0,0.0,0.0,0.0
M,0.0,0.0,0.0,0.0
M,0.0,0.0,0.0,0.0
M,0.0,0.0,0.0,0.0
M,-0.0400777,0.0,0.0,-0.0400777
M,0.0,0.0,0.0,0.0
M,0.0,0.0,0.0,0.0
M,0.0,0.0,0.0,0.0
M,0.0,0.0,0.0,0.0
M,0.0,0.0,0.0,0.0
M,0.0,0.0,0.0,0.0
M,0.0,0.0,0.0,0.0
M,0.0,0.0,0.0,0.0
M,0.0,0.0,0.0,0.0
M,0.0,0.0,0.0,0.0
M,0.0,0.0,0.0,0.0
M,0.0,0.0,0.0,0.0
M,0.0,0.0,0.0,0.0
M,0.0,0.0,0.0,0.0
M,0.0,0.0,0.0,0.0
M,0.0,0.0,0.0,0.0
M,0.0102088,0.0,0.0,0.0102088
M,0.121184,0.0,0.0,0.121184
M,0.0,0.0,0.0,0.0
M,-0.0434891,0.0,0.0,-0.0434891
M,0.00624341,0.0,0.0,0.00624341
M,0.00705749,0.0,0.0,0.00705749
M,0.0,0.0,0.0,0.0
M,0.0,0.0,0.0,0.0
M,0.0253921,0.0,0.0,0.0253921
M,0.0,0.0,0.0,0.0
M,0.0,0.0,0.0,0.0
M,0.0,0.0,0.0,0.0
M,-0.034498,0.0,0.0,-0.034498
M,-0.0202138,0.0,0.0,-0.0202138
M,-0.0408425,0.0,0.0,-0.0408425
M,0.0,0.0,0.0,0.0
M,0.0,0.0,0.0,0.0
M,-0.0178174,0.0,0.0,-0.0178174
M,0.0,0.0,0.0,0.0
M,0.0,0.0,0.0,0.0
M,0.0,0.0,0.0,0.0
M,0.0,0.0,0.0,0.0
M,0.0,0.0,0.0,0.0
M,0.0,0.0,0.0,0.0
M,0.0,0.0,0.0,0.0
M,0.0,0.0,0.0,0.0
M,0.0,0.0,0.0,0.0
M,0.0,0.0,0.0,0.0
M,0.0,0.0,0.0,0.0
M,0.0,0.0,0.0,0.0
M,0.0,0.0,0.0,0.0
M,0.0,0.0,0.0,0.0
M,0.0,0.0,0.0,0.0
M,-0.118176,0.0,0.0,-0.118176
M,0.0,0.0,0.0,0.0
M,0.0261531,0.0,0.0,0.0261531
M,0.0,0.0,0.0,0.0
M,0.0433715,0.0,0.0,0.0433715
M,0.0,0.0,0.0,0.0
M,0.0,0.0,0.0,0.0
M,0.0,0.0,0.0,0.0
M,0.0,0.0,0.0,0.0
M,0.0,0.0,0.0,0.0
M,0.0,0.0,0.0,0.0
M,0.0,0.0,0.0,0.0
M,0.0,0.0,0.0,0.0
M,0.0,0.0,0.0,0.0
M,0.0,0.0,0.0,0.0
M,0.0,0.0,0.0,0.0
M,0.0,0.0,0.0,0.0
M,0.0425318,0.0,0.0,0.0425318
M,0.0,0.0,0.0,0.0
M,0.0,0.0,0.0,0.0
M,0.0,0.0,0.0,0.0
M,0.0,0.0,0.0,0.0
M,0.0,0.0,0.0,0.0
M,0.0,0.0,0.0,0.0
M,-0.0482339,0.0,0.0,-0.0482339
M,0.0339793,0.0,0.0,0.0339793
M,0.0,0.0,0.0,0.0
M,0.00628382,0.0,0.0,0.00628382
M,0.0,0.0,0.0,0.0
M,0.0259208,0.0,0.0,0.0259208
M,0.0,0.0,0.0,0.0
M,0.0283355,0.0,0.0,0.0283355
M,0.0,0.0,0.0,0.0
M,0.0,0.0,0.0,0.0
M,0.0,0.0,0.0,0.0
M,0.0,0.0,0.0,0.0
M,0.0132657,0.0,0.0,0.0132657
M,0.0,0.0,0.0,0.0
M,0.0,0.0,0.0,0.0
M,0.0,0.0,0.0,0.0
M,0.0,0.0,0.0,0.0
M,0.00388364,0.0,0.0,0.00388364
M,0.0,0.0,0.0,0.0
M,-0.0690812,0.0,0.0,-0.0690812
M,0.0,0.0,0.0,0.0
M,0.0,0.0,0.0,0.0
M,0.0,0.0,0.0,0.0
M,0.0,0.0,0.0,0.0
M,0.0,0.0,0.0,0.0
M,0.0,0.0,0.0,0.0
M,0.0,0.0,0.0,0.0
M,0.0830357,0.0,0.0,0.0830357
M,0.0,0.0,0.0,0.0
M,0.0,0.0,0.0,0.0
M,0.0207349,0.0,0.0,0.0207349
M,0.0,0.0,0.0,0.0
M,0.0,0.0,0.0,0.0
M,0.0,0.0,0.0,0.0
M,0.0,0.0,0.0,0.0
M,-0.00294009,0.0,0.0,-0.00294009
M,0.0,0.0,0.0,0.0
M,0.0,0.0,0.0,0.0
M,0.0,0.0,0.0,0.0
M,0.0,0.0,0.0,0.0
M,0.0,0.0,0.0,0.0
M,0.0,0.0,0.0,0.0
M,0.0,0.0,0.0,0.0
M,0.0,0.0,0.0,0.0
M,0.0,0.0,0.0,0.0
M,0.0,0.0,0.0,0.0
M,0.0,0.0,0.0,0.0
M,0.0,0.0,0.0,0.0
M,0.0,0.0,0.0,0.0
M,0.0,0.0,0.0,0.0
M,0.0,0.0,0.0,0.0
M,0.0,0.0,0.0,0.0
M,0.0,0.0,0.0,0.0
M,0.0,0.0,0.0,0.0
M,0.0,0.0,0.0,0.0
M,0.0,0.0,0.0,0.0
M,0.0148789,0.0,0.0,0.0148789
M,0.0,0.0,0.0,0.0
M,0.0,0.0,0.0,0.0
M,0.0,0.0,0.0,0.0
M,0.0,0.0,0.0,0.0
M,0.0,0.0,0.0,0.0
M,0.0,0.0,0.0,0.0
M,0.0578349,0.0,0.0,0.0578349
M,0.0,0.0,0.0,0.0
M,0.0,0.0,0.0,0.0
M,0.0,0.0,0.0,0.0
M,0.0,0.0,0.0,0.0
M,-0.00445435,0.0,0.0,-0.00445435
M,0.0,0.0,0.0,0.0
M,0.0,0.0,0.0,0.0
M,-0.025926,0.0,0.0,-0.025926
M,0.0,0.0,0.0,0.0
M,0.0,0.0,0.0,0.0
M,0.0,0.0,0.0,0.0
M,0.00254864,0.0,0.0,0.00254864
M,0.034448,0.0,0.0,0.034448
M,0.0,0.0,0.0,0.0
M,0.0,0.0,0.0,0.0
M,0.0,0.0,0.0,0.0
M,0.0,0.0,0.0,0.0
M,0.0,0.0,0.0,0.0
M,0.0,0.0,0.0,0.0
M,0.0,0.0,0.0,0.0
M,0.0,0.0,0.0,0.0
M,0.0,0.0,0.0,0.0
M,0.0,0.0,0.0,0.0
M,0.0,0.0,0.0,0.0
M,0.0,0.0,0.0,0.0
M,0.0,0.0,0.0,0.0
M,0.0,0.0,0.0,0.0
M,0.0,0.0,0.0,0.0
M,0.0,0.0,0.0,0.0
M,0.0,0.0,0.0,0.0
M,0.0,0.0,0.0,0.0
M,0.0,0.0,0.0,0.0
M,0.0565586,0.0,0.0,0.0565586
M,0.0,0.0,0.0,0.0
M,-0.0754381,0.0,0.0,-0.0754381
M,0.0,0.0,0.0,0.0
M,0.0,0.0,0.0,0.0
M,-0.0141603,0.0,0.0,-0.0141603
M,0.0,0.0,0.0,0.0
M,0.0,0.0,0.0,0.0
M,0.0,0.0,0.0,0.0
M,-0.113328,0.0,0.0,-0.113328
M,0.0,0.0,0.0,0.0
M,0.0,0.0,0.0,0.0
M,0.0,0.0,0.0,0.0
M,0.0,0.0,0.0,0.0
M,0.0,0.0,0.0,0.0
M,0.0,0.0,0.0,0.0
M,0.0339793,0.0,0.0,0.0339793
M,0.0,0.0,0.0,0.0
M,0.0,0.0,0.0,0.0
M,0.0,0.0,0.0,0.0
M,0.0,0.0,0.0,0.0
M,0.0,0.0,0.0,0.0
M,0.0,0.0,0.0,0.0
M,0.0,0.0,0.0,0.0
M,0.0,0.0,0.0,0.0
M,0.0467206,0.0,0.0,0.0467206
M,0.0566861,0.0,0.0,0.0566861
M,0.0,0.0,0.0,0.0
M,0.0,0.0,0.0,0.0
M,0.0,0.0,0.0,0.0
M,0.0,0.0,0.0,0.0
M,0.00892087,0.0,0.0,0.00892087
M,0.0,0.0,0.0,0.0
M,0.0,0.0,0.0,0.0
M,0.0,0.0,0.0,0.0
M,0.0,0.0,0.0,0.0
M,0.0,0.0,0.0,0.0
M,0.0,0.0,0.0,0.0
M,0.0,0.0,0.0,0.0
M,0.077725,0.0,0.0,0.077725
M,0.0,0.0,0.0,0.0
M,0.0,0.0,0.0,0.0
M,0.0,0.0,0.0,0.0
M,0.0,0.0,0.0,0.0
M,0.0,0.0,0.0,0.0
M,0.0,0.0,0.0,0.0
M,0.0,0.0,0.0,0.0
M,0.0,0.0,0.0,0.0
M,0.0,0.0,0.0,0.0
M,0.0,0.0,0.0,0.0
M,0.0,0.0,0.0,0.0
M,0.0,0.0,0.0,0.0
M,0.0,0.0,0.0,0.0
M,0.0,0.0,0.0,0.0
M,0.0,0.0,0.0,0.0
M,0.0,0.0,0.0,0.0
M,0.0,0.0,0.0,0.0
M,0.0,0.0,0.0,0.0
M,0.00572504,0.0,0.0,0.00572504
M,0.0,0.0,0.0,0.0
M,0.0806287,0.0,0.0,0.0806287
M,0.0,0.0,0.0,0.0
M,0.0,0.0,0.0,0.0
M,0.0173216,0.0,0.0,0.0173216
M,0.0,0.0,0.0,0.0
M,-0.0311378,0.0,0.0,-0.0311378
M,0.0,0.0,0.0,0.0
M,-0.0578776,0.0,0.0,-0.0578776
M,0.0,0.0,0.0,0.0
M,0.0,0.0,0.0,0.0
M,0.0,0.0,0.0,0.0
M,-0.00783127,0.0,0.0,-0.00783127
M,0.0,0.0,0.0,0.0
M,0.0,0.0,0.0,0.0
M,0.0,0.0,0.0,0.0
M,0.0,0.0,0.0,0.0
M,0.0,0.0,0.0,0.0
M,0.0,0.0,0.0,0.0
M,0.0,0.0,0.0,0.0
M,0.0,0.0,0.0,0.0
M,0.10585,0.0,0.0,0.10585
M,0.0,0.0,0.0,0.0
M,0.0,0.0,0.0,0.0
M,0.0,0.0,0.0,0.0
M,0.0,0.0,0.0,0.0
M,0.0,0.0,0.0,0.0
M,0.0,0.0,0.0,0.0
M,0.0,0.0,0.0,0.0
M,0.0,0.0,0.0,0.0
M,0.0,0.0,0.0,0.0
M,0.0,0.0,0.0,0.0
M,0.0283209,0.0,0.0,0.0283209
M,0.0,0.0,0.0,0.0
M,0.0,0.0,0.0,0.0
M,0.0,0.0,0.0,0.0
M,0.0,0.0,0.0,0.0
M,0.0,0.0,0.0,0.0
M,-0.00432632,0.0,0.0,-0.00432632
M,0.0,0.0,0.0,0.0
M,-0.000870973,0.0,0.0,-0.000870973
M,0.0,0.0,0.0,0.0
M,0.0,0.0,0.0,0.0
M,0.0,0.0,0.0,0.0
M,0.0,0.0,0.0,0.0
M,0.0,0.0,0.0,0.0
M,0.0,0.0,0.0,0.0
M,-0.0560404,0.0,0.0,-0.0560404
M,0.0,0.0,0.0,0.0
M,0.0,0.0,0.0,0.0
M,0.0,0.0,0.0,0.0
M,0.0,0.0,0.0,0.0
M,0.0,0.0,0.0,0.0
M,0.0,0.0,0.0,0.0
M,0.0,0.0,0.0,0.0
M,0.0,0.0,0.0,0.0
M,0.0,0.0,0.0,0.0
M,0.0,0.0,0.0,0.0
M,0.0,0.0,0.0,0.0
M,0.0,0.0,0.0,0.0
M,0.0,0.0,0.0,0.0
M,0.0,0.0,0.0,0.0
M,0.054105,0.0,0.0,0.054105
M,0.0,0.0,0.0,0.0
M,0.0,0.0,0.0,0.0
M,0.0,0.0,0.0,0.0
M,0.0,0.0,0.0,0.0
M,0.0,0.0,0.0,0.0
M,0.0,0.0,0.0,0.0
M,0.0,0.0,0.0,0.0
M,0.0,0.0,0.0,0.0
M,0.0,0.0,0.0,0.0
M,0.0,0.0,0.0,0.0
M,0.0,0.0,0.0,0.0
M,0.0,0.0,0.0,0.0
M,0.0,0.0,0.0,0.0
M,0.0,0.0,0.0,0.0
M,0.0,0.0,0.0,0.0
M,0.0,0.0,0.0,0.0
M,0.0,0.0,0.0,0.0
M,0.0,0.0,0.0,0.0
M,0.0,0.0,0.0,0.0
M,0.0,0.0,0.0,0.0
M,0.0,0.0,0.0,0.0
M,0.0,0.0,0.0,0.0
M,0.0,0.0,0.0,0.0
M,0.0,0.0,0.0,0.0
M,0.0,0.0,0.0,0.0
M,0.0,0.0,0.0,0.0
M,0.0,0.0,0.0,0.0
M,0.0,0.0,0.0,0.0
M,0.0,0.0,0.0,0.0
M,0.0,0.0,0.0,0.0
M,0.0,0.0,0.0,0.0
M,0.0,0.0,0.0,0.0
M,0.0,0.0,0.0,0.0
M,-0.077683,0.0,0.0,-0.077683
M,0.0,0.0,0.0,0.0
M,0.0,0.0,0.0,0.0
M,0.0,0.0,0.0,0.0
M,0.0,0.0,0.0,0.0
M,0.0,0.0,0.0,0.0
M,0.0,0.0,0.0,0.0
M,0.0,0.0,0.0,0.0
M,0.0,0.0,0.0,0.0
M,0.0,0.0,0.0,0.0
M,0.0,0.0,0.0,0.0
M,0.0,0.0,0.0,0.0
M,0.0,0.0,0.0,0.0
M,0.0,0.0,0.0,0.0
M,-0.114712,0.0,0.0,-0.114712
M,0.0,0.0,0.0,0.0
M,-0.0175619,0.0,0.0,-0.0175619
M,0.0,0.0,0.0,0.0
M,0.0,0.0,0.0,0.0
M,0.0,0.0,0.0,0.0
M,0.0,0.0,0.0,0.0
M,0.0,0.0,0.0,0.0
M,0.0,0.0,0.0,0.0
M,0.0,0.0,0.0,0.0
M,-0.0141603,0.0,0.0,-0.0141603
M,0.0,0.0,0.0,0.0
M,0.0,0.0,0.0,0.0
M,0.0,0.0,0.0,0.0
M,0.0,0.0,0.0,0.0
M,0.0,0.0,0.0,0.0
M,0.0,0.0,0.0,0.0
M,0.0,0.0,0.0,0.0
M,0.0,0.0,0.0,0.0
M,0.0894384,0.0,0.0,0.0894384
M,0.0,0.0,0.0,0.0
M,0.0146102,0.0,0.0,0.0146102
M,-0.00473491,0.0,0.0,-0.00473491
M,0.0,0.0,0.0,0.0
M,0.0384364,0.0,0.0,0.0384364
M,0.0,0.0,0.0,0.0
M,0.0,0.0,0.0,0.0
M,0.0,0.0,0.0,0.0
M,0.0,0.0,0.0,0.0
M,0.0,0.0,0.0,0.0
M,0.0,0.0,0.0,0.0
M,0.0,0.0,0.0,0.0
M,0.0,0.0,0.0,0.0
M,0.0,0.0,0.0,0.0
M,0.0,0.0,0.0,0.0
M,0.0501911,0.0,0.0,0.0501911
M,0.0,0.0,0.0,0.0
M,0.0,0.0,0.0,0.0
M,0.0,0.0,0.0,0.0
M,0.0,0.0,0.0,0.0
M,0.0,0.0,0.0,0.0
M,0.0,0.0,0.0,0.0
M,0.0603402,0.0,0.0,0.0603402
M,0.0,0.0,0.0,0.0
M,-0.0298874,0.0,0.0,-0.0298874
M,0.0,0.0,0.0,0.0
M,0.0,0.0,0.0,0.0
M,0.0,0.0,0.0,0.0
M,0.012216,0.0,0.0,0.012216
M,0.0,0.0,0.0,0.0
M,0.0,0.0,0.0,0.0
M,-0.068526,0.0,0.0,-0.068526
M,0.0,0.0,0.0,0.0
M,0.0,0.0,0.0,0.0
M,0.0,0.0,0.0,0.0
M,0.0,0.0,0.0,0.0
M,0.0,0.0,0.0,0.0
M,0.0,0.0,0.0,0.0
M,0.0,0.0,0.0,0.0
M,0.0,0.0,0.0,0.0
M,-0.0400777,0.0,0.0,-0.0400777
M,0.0,0.0,0.0,0.0
M,0.0,0.0,0.0,0.0
M,-0.0328358,0.0,0.0,-0.0328358
M,0.0225796,0.0,0.0,0.0225796
M,0.0,0.0,0.0,0.0
M,0.0,0.0,0.0,0.0
M,0.0,0.0,0.0,0.0
M,0.0,0.0,0.0,0.0
M,0.0,0.0,0.0,0.0
M,0.0,0.0,0.0,0.0
M,0.0,0.0,0.0,0.0
M,0.0,0.0,0.0,0.0
M,0.0448447,0.0,0.0,0.0448447
M,0.0,0.0,0.0,0.0
M,0.0,0.0,0.0,0.0
M,0.0,0.0,0.0,0.0
M,0.0,0.0,0.0,0.0
M,0.0,0.0,0.0,0.0
M,0.0,0.0,0.0,0.0
M,0.0,0.0,0.0,0.0
M,0.0,0.0,0.0,0.0
M,0.0,0.0,0.0,0.0
M,0.033085,0.0,0.0,0.033085
M,0.0,0.0,0.0,0.0
M,0.0,0.0,0.0,0.0
M,0.0,0.0,0.0,0.0
M,0.0,0.0,0.0,0.0
M,0.0,0.0,0.0,0.0
M,0.0,0.0,0.0,0.0
M,0.0,0.0,0.0,0.0
M,0.0,0.0,0.0,0.0
M,0.0,0.0,0.0,0.0
M,0.0,0.0,0.0,0.0
M,0.0,0.0,0.0,0.0
M,0.0630108,0.0,0.0,0.0630108
M,0.0,0.0,0.0,0.0
M,-0.000870973,0.0,0.0,-0.000870973
M,0.0,0.0,0.0,0.0
M,0.0,0.0,0.0,0.0
M,0.0,0.0,0.0,0.0
M,0.0,0.0,0.0,0.0
M,0.0,0.0,0.0,0.0
M,0.0,0.0,0.0,0.0
M,0.0,0.0,0.0,0.0
M,0.0,0.0,0.0,0.0
M,0.00935577,0.0,0.0,0.00935577
M,0.0,0.0,0.0,0.0
M,0.0,0.0,0.0,0.0
M,0.0,0.0,0.0,0.0
M,0.0,0.0,0.0,0.0
M,0.0,0.0,0.0,0.0
M,0.0,0.0,0.0,0.0
M,0.0,0.0,0.0,0.0
M,0.0,0.0,0.0,0.0
M,0.0,0.0,0.0,0.0
M,0.0,0.0,0.0,0.0
M,0.0,0.0,0.0,0.0
M,0.0,0.0,0.0,0.0
M,0.0,0.0,0.0,0.0
M,0.0,0.0,0.0,0.0
M,0.0,0.0,0.0,0.0
M,0.0,0.0,0.0,0.0
M,0.0,0.0,0.0,0.0
M,0.0,0.0,0.0,0.0
M,0.0,0.0,0.0,0.0
M,0.0,0.0,0.0,0.0
M,0.0,0.0,0.0,0.0
M,0.0,0.0,0.0,0.0
M,0.0,0.0,0.0,0.0
M,0.0,0.0,0.0,0.0
M,0.0,0.0,0.0,0.0
M,0.0,0.0,0.0,0.0
M,0.0283355,0.0,0.0,0.0283355
M,0.0,0.0,0.0,0.0
M,0.0,0.0,0.0,0.0
M,0.0,0.0,0.0,0.0
M,0.0,0.0,0.0,0.0
M,0.0,0.0,0.0,0.0
M,0.0,0.0,0.0,0.0
M,0.0,0.0,0.0,0.0
M,0.0,0.0,0.0,0.0
M,0.0,0.0,0.0,0.0
M,0.0,0.0,0.0,0.0
M,0.0,0.0,0.0,0.0
M,0.0,0.0,0.0,0.0
M,0.0,0.0,0.0,0.0
M,0.0,0.0,0.0,0.0
M,0.0,0.0,0.0,0.0
M,0.0546364,0.0,0.0,0.0546364
M,0.0,0.0,0.0,0.0
M,0.0,0.0,0.0,0.0
M,0.0,0.0,0.0,0.0
M,0.0,0.0,0.0,0.0
M,-0.015768,0.0,0.0,-0.015768
M,0.0,0.0,0.0,0.0
M,0.0,0.0,0.0,0.0
M,0.0,0.0,0.0,0.0
M,0.0,0.0,0.0,0.0
M,0.0,0.0,0.0,0.0
M,0.00124243,0.0,0.0,0.00124243
M,0.0,0.0,0.0,0.0
M,0.0,0.0,0.0,0.0
M,0.0,0.0,0.0,0.0
M,-0.000870973,0.0,0.0,-0.000870973
M,0.0,0.0,0.0,0.0
M,0.0,0.0,0.0,0.0
M,0.0,0.0,0.0,0.0
M,0.0,0.0,0.0,0.0
M,0.0,0.0,0.0,0.0
M,0.0,0.0,0.0,0.0
M,0.0,0.0,0.0,0.0
M,0.0,0.0,0.0,0.0
M,-0.0428176,0.0,0.0,-0.0428176
M,0.0,0.0,0.0,0.0
M,0.0,0.0,0.0,0.0
M,0.0,0.0,0.0,0.0
M,-0.0515251,0.0,0.0,-0.0515251
M,0.0,0.0,0.0,0.0
M,0.0,0.0,0.0,0.0
M,0.0,0.0,0.0,0.0
M,0.0,0.0,0.0,0.0
M,0.0,0.0,0.0,0.0
M,0.0,0.0,0.0,0.0
M,0.0,0.0,0.0,0.0
M,0.0,0.0,0.0,0.0
M,0.0,0.0,0.0,0.0
M,0.0,0.0,0.0,0.0
M,0.0,0.0,0.0,0.0
M,0.0,0.0,0.0,0.0
M,0.0,0.0,0.0,0.0
M,0.0,0.0,0.0,0.0
M,0.0,0.0,0.0,0.0
M,0.0,0.0,0.0,0.0
M,0.0,0.0,0.0,0.0
M,0.0,0.0,0.0,0.0
M,0.0,0.0,0.0,0.0
M,0.0,0.0,0.0,0.0
M,0.0,0.0,0.0,0.0
M,0.0,0.0,0.0,0.0
M,0.0,0.0,0.0,0.0
M,0.0,0.0,0.0,0.0
M,0.0,0.0,0.0,0.0
M,0.0,0.0,0.0,0.0
M,0.0,0.0,0.0,0.0
M,0.0,0.0,0.0,0.0
M,0.042993,0.0,0.0,0.042993
M,0.0,0.0,0.0,0.0
M,0.0,0.0,0.0,0.0
M,0.0,0.0,0.0,0.0
M,0.0,0.0,0.0,0.0
M,0.0,0.0,0.0,0.0
M,-0.0804461,0.0,0.0,-0.0804461
M,0.0,0.0,0.0,0.0
M,0.0,0.0,0.0,0.0
M,0.0235844,0.0,0.0,0.0235844
M,0.0,0.0,0.0,0.0
M,0.0,0.0,0.0,0.0
M,0.0,0.0,0.0,0.0
M,0.0226847,0.0,0.0,0.0226847
M,0.0483153,0.0,0.0,0.0483153
M,0.0379437,0.0,0.0,0.0379437
M,0.0,0.0,0.0,0.0
M,0.0,0.0,0.0,0.0
M,0.0,0.0,0.0,0.0
M,-0.0247642,0.0,0.0,-0.0247642
M,0.0,0.0,0.0,0.0
M,0.0,0.0,0.0,0.0
M,0.0,0.0,0.0,0.0
M,0.0,-0.0325118,-0.0325118,-0.0325118
M,-0.107637,0.0,0.0,-0.107637
M,0.0468567,0.0,0.0,0.0468567
M,0.0,0.0,0.0,0.0
M,0.0,0.0,0.0,0.0
M,0.0,0.0,0.0,0.0
M,0.0,0.0,0.0,0.0
M,-0.0132128,0.0,0.0,-0.0132128
M,0.0,0.0,0.0,0.0
M,0.0,0.0,0.0,0.0
M,0.0,0.0,0.0,0.0
M,0.0,0.0,0.0,0.0
M,0.0,0.0,0.0,0.0
M,0.0,0.0,0.0,0.0
M,0.0,0.0,0.0,0.0
M,0.0,0.0,0.0,0.0
M,0.0,0.0,0.0,0.0
M,0.0,0.0,0.0,0.0
M,0.0545657,0.0,0.0,0.0545657
M,0.0,0.0,0.0,0.0
M,0.0,0.0,0.0,0.0
M,0.0,0.0,0.0,0.0
M,0.0,0.0,0.0,0.0
M,0.0,0.0,0.0,0.0
M,-0.0493434,0.0,0.0,-0.0493434
M,0.0,0.0,0.0,0.0
M,0.0,0.0,0.0,0.0
M,0.0,0.0,0.0,0.0
M,0.0,0.0,0.0,0.0
M,0.0,0.0,0.0,0.0
M,0.0325722,0.0,0.0,0.0325722
M,0.0,0.0,0.0,0.0
M,0.0,0.0,0.0,0.0
M,0.0,0.0,0.0,0.0
M,0.0630108,0.0,0.0,0.0630108
M,0.0712912,0.0,0.0,0.0712912
M,0.0,0.0,0.0,0.0
M,0.0,0.0,0.0,0.0
M,0.0,0.0,0.0,0.0
M,0.0,0.0,0.0,0.0
M,0.0,0.0,0.0,0.0
M,0.0,0.0,0.0,0.0
M,0.0207349,0.0,0.0,0.0207349
M,0.0,0.0,0.0,0.0
M,0.0,0.0,0.0,0.0
M,0.0,0.0,0.0,0.0
M,0.0593647,0.0,0.0,0.0593647
M,0.0,0.0,0.0,0.0
M,0.0,0.0,0.0,0.0
M,0.0,0.0,0.0,0.0
M,0.0,0.0,0.0,0.0
M,0.0,0.0,0.0,0.0
M,0.0,0.0,0.0,0.0
M,0.0,0.0,0.0,0.0
M,0.0,0.0,0.0,0.0
M,0.0,0.0,0.0,0.0
M,0.0,0.0,0.0,0.0
M,0.0,0.0,0.0,0.0
M,-0.0463262,0.0,0.0,-0.0463262
M,0.0,0.0,0.0,0.0
M,0.0157382,0.0,0.0,0.0157382
M,0.0,0.0,0.0,0.0
M,0.0,0.0,0.0,0.0
M,0.0,0.0,0.0,0.0
M,0.0,0.0,0.0,0.0
M,0.0,0.0,0.0,0.0
M,0.0,0.0,0.0,0.0
M,0.0293372,0.0,0.0,0.0293372
M,0.0,0.0,0.0,0.0
M,0.0,0.0,0.0,0.0
M,0.0,0.0,0.0,0.0
M,0.0,0.0,0.0,0.0
M,0.0,0.0,0.0,0.0
M,0.0,0.0,0.0,0.0
M,0.0,0.0,0.0,0.0
M,0.0,0.0,0.0,0.0
M,0.0,0.0,0.0,0.0
M,0.0,0.0,0.0,0.0
M,0.0,0.0,0.0,0.0
M,0.0,0.0,0.0,0.0
M,0.0,0.0,0.0,0.0
M,0.0,0.0,0.0,0.0
M,0.0,0.0,0.0,0.0
M,0.0,0.0,0.0,0.0
M,0.0,0.0,0.0,0.0
M,0.0333307,0.0,0.0,0.0333307
M,0.0,0.0,0.0,0.0
M,0.0,0.0,0.0,0.0
M,0.0,0.0,0.0,0.0
M,-0.00214635,0.0,0.0,-0.00214635
M,-0.0356003,0.0,0.0,-0.0356003
M,0.0,0.0,0.0,0.0
M,0.0,0.0,0.0,0.0
M,-0.00221535,0.0,0.0,-0.00221535
M,0.0,0.0,0.0,0.0
M,0.0,0.0,0.0,0.0
M,0.0,0.0,0.0,0.0
M,0.0,0.0,0.0,0.0
M,-0.00149309,0.0,0.0,-0.00149309
M,0.0252218,0.0,0.0,0.0252218
M,0.0,0.0,0.0,0.0
M,0.0,0.0,0.0,0.0
M,0.0,0.0,0.0,0.0
M,0.0,0.0,0.0,0.0
M,0.0,0.0,0.0,0.0
M,0.0,0.0,0.0,0.0
M,-0.00803673,0.0,0.0,-0.00803673
M,0.0,0.0,0.0,0.0
M,0.0,0.0,0.0,0.0
M,0.0,0.0,0.0,0.0
M,0.0,0.0,0.0,0.0
M,0.0,0.0,0.0,0.0
M,0.0,0.0,0.0,0.0
M,0.0,0.0,0.0,0.0
M,0.0,0.0,0.0,0.0
M,0.0,0.0,0.0,0.0
M,0.0,0.0,0.0,0.0
M,0.0,0.0,0.0,0.0
M,0.0,0.0,0.0,0.0
M,0.0,0.0,0.0,0.0
M,0.0,0.0,0.0,0.0
M,-0.0276043,0.0318267,0.0318267,0.00422231
M,0.0,0.0,0.0,0.0
M,0.0,0.0,0.0,0.0
M,0.0,0.0,0.0,0.0
M,0.0,0.0,0.0,0.0
M,0.0,0.0,0.0,0.0
M,-0.0380881,0.0,0.0,-0.0380881
M,0.0,0.0,0.0,0.0
M,0.0,0.0,0.0,0.0
M,0.0,0.0,0.0,0.0
M,0.0,0.0,0.0,0.0
M,-0.00962679,0.0,0.0,-0.00962679
M,-0.0488002,0.0,0.0,-0.0488002
M,0.0,0.0,0.0,0.0
M,0.0,0.0,0.0,0.0
M,0.0,0.0,0.0,0.0
M,0.0,0.0,0.0,0.0
M,-0.161643,0.0,0.0,-0.161643
M,0.0,0.0,0.0,0.0
M,0.0,0.0318267,0.0318267,0.0318267
M,0.0,0.0,0.0,0.0
M,0.0,0.0,0.0,0.0
M,0.0,0.0,0.0,0.0
M,0.0,0.0,0.0,0.0
M,0.0,0.0,0.0,0.0
M,0.0,0.0,0.0,0.0
M,0.0,0.0,0.0,0.0
M,0.0,0.0,0.0,0.0
M,0.0,0.0,0.0,0.0
M,0.0,0.0,0.0,0.0
M,0.0,0.0,0.0,0.0
M,0.0752399,0.0,0.0,0.0752399
M,0.0,0.0,0.0,0.0
M,0.0298163,0.0,0.0,0.0298163
M,0.0,0.0,0.0,0.0
M,0.0,0.0,0.0,0.0
M,0.0,0.0,0.0,0.0
M,0.0,0.0,0.0,0.0
M,0.0,0.0,0.0,0.0
M,0.0,0.0,0.0,0.0
M,0.0,0.0,0.0,0.0
M,-0.00750954,0.0,0.0,-0.00750954
M,0.0752399,0.0,0.0,0.0752399
M,0.0,0.0,0.0,0.0
M,0.0,0.0,0.0,0.0
M,0.0,0.0,0.0,0.0
M,0.0,0.0,0.0,0.0
M,0.0713221,0.0,0.0,0.0713221
M,0.0,0.0,0.0,0.0
M,0.0,0.0,0.0,0.0
M,0.0,0.0,0.0,0.0
M,0.0,0.0,0.0,0.0
M,0.0,0.0,0.0,0.0
M,-0.0849468,0.0,0.0,-0.0849468
M,0.0,0.0,0.0,0.0
M,0.0,0.0,0.0,0.0
M,0.0,0.0,0.0,0.0
M,-0.0579689,0.0,0.0,-0.0579689
M,0.0407048,0.0,0.0,0.0407048
M,0.0,0.0,0.0,0.0
M,0.0,0.0,0.0,0.0
M,0.0,0.0,0.0,0.0
M,0.0,0.0,0.0,0.0
M,0.0,0.0,0.0,0.0
M,0.0,0.0,0.0,0.0
M,0.0,0.0,0.0,0.0
M,0.0,0.0,0.0,0.0
M,0.0671872,0.0,0.0,0.0671872
M,0.0,0.0,0.0,0.0
M,0.0,0.0,0.0,0.0
M,0.0,0.0,0.0,0.0
M,0.0148789,0.0,0.0,0.0148789
M,0.0,0.0,0.0,0.0
M,0.0,0.0,0.0,0.0
M,0.0,0.0,0.0,0.0
M,0.0,0.0,0.0,0.0
M,0.0,0.0,0.0,0.0
M,0.0,0.0,0.0,0.0
M,0.0,0.0,0.0,0.0
M,0.0,0.0,0.0,0.0
M,0.0,0.0,0.0,0.0
M,0.0,0.0,0.0,0.0
M,0.0,0.0,0.0,0.0
M,0.0,0.0,0.0,0.0
M,0.0,0.0,0.0,0.0
M,0.0,0.0,0.0,0.0
M,0.0840397,0.0,0.0,0.0840397
M,0.0144232,0.0,0.0,0.0144232
M,0.0,0.0,0.0,0.0
M,0.0,0.0,0.0,0.0
M,0.0,0.0,0.0,0.0
M,0.0,0.0,0.0,0.0
M,0.0,0.0,0.0,0.0
M,0.0,0.0,0.0,0.0
M,0.0,0.0,0.0,0.0
M,-0.01068,0.0,0.0,-0.01068
M,0.00156644,0.0,0.0,0.00156644
M,0.0745225,0.0,0.0,0.0745225
M,0.0,0.0,0.0,0.0
M,0.0298643,0.0,0.0,0.0298643
M,0.0,0.0,0.0,0.0
M,0.0,0.0,0.0,0.0
M,0.0,0.0,0.0,0.0
M,0.0,0.0,0.0,0.0
M,0.0,0.0,0.0,0.0
M,0.0,0.0,0.0,0.0
M,0.0,0.0,0.0,0.0
M,0.0,0.0,0.0,0.0
M,0.0,0.0,0.0,0.0
M,0.0,0.0,0.0,0.0
M,0.0,0.0,0.0,0.0
M,0.0,0.0,0.0,0.0
M,0.0,0.0,0.0,0.0
M,0.0,0.0,0.0,0.0
M,0.0,0.0,0.0,0.0
M,-0.0190267,0.0,0.0,-0.0190267
M,0.0165388,0.0,0.0,0.0165388
M,0.0,0.0,0.0,0.0
M,0.0407048,0.0,0.0,0.0407048
M,-0.122932,0.0,0.0,-0.122932
M,0.0,0.0,0.0,0.0
M,0.0,0.0,0.0,0.0
M,0.0,0.0,0.0,0.0
M,0.0,0.0,0.0,0.0
M,0.0,0.0,0.0,0.0
M,0.0,0.0,0.0,0.0
M,0.0,0.0,0.0,0.0
M,0.0,0.0,0.0,0.0
M,0.0247798,0.0,0.0,0.0247798
M,0.0,0.0,0.0,0.0
M,0.0,0.0,0.0,0.0
M,0.0,0.0,0.0,0.0
M,0.0,0.0,0.0,0.0
M,0.0441976,0.0,0.0,0.0441976
M,0.0,0.0,0.0,0.0
M,0.0,0.0,0.0,0.0
M,0.0,0.0,0.0,0.0
M,0.0,0.0,0.0,0.0
M,-0.0137177,0.0,0.0,-0.0137177
M,0.0,0.0,0.0,0.0
M,0.0,0.0,0.0,0.0
M,0.0878077,0.0,0.0,0.0878077
M,0.0876894,0.0,0.0,0.0876894
M,0.0,0.0,0.0,0.0
M,0.0,0.0,0.0,0.0
M,0.0386192,0.0,0.0,0.0386192
M,0.0,0.0,0.0,0.0
M,0.0,0.0,0.0,0.0
M,0.0,0.0,0.0,0.0
M,0.0,0.0,0.0,0.0
M,0.0,0.0,0.0,0.0
M,0.0,0.0,0.0,0.0
M,0.0,0.0,0.0,0.0
M,0.0,0.0,0.0,0.0
M,0.0815756,0.0,0.0,0.0815756
M,0.0,0.0,0.0,0.0
M,0.0,0.0,0.0,0.0
M,0.0,0.0,0.0,0.0
M,0.0,0.0,0.0,0.0
M,0.0,0.0,0.0,0.0
M,0.0,0.0,0.0,0.0
M,0.0,0.0,0.0,0.0
M,0.0,0.0,0.0,0.0
M,0.0,0.0,0.0,0.0
M,0.0,0.0,0.0,0.0
M,0.0,0.0,0.0,0.0
M,0.0,0.0,0.0,0.0
M,-0.0266425,0.0,0.0,-0.0266425
M,0.0,0.0,0.0,0.0
M,0.0165899,0.0,0.0,0.0165899
M,0.0289614,0.0,0.0,0.0289614
M,0.0925054,0.0,0.0,0.0925054
M,0.0301734,0.0,0.0,0.0301734
M,0.0,0.0,0.0,0.0
M,0.0,0.0,0.0,0.0
M,0.0,0.0,0.0,0.0
M,0.0410428,0.0,0.0,0.0410428
M,0.0,0.0,0.0,0.0
M,0.0,0.0,0.0,0.0
M,0.0,0.0,0.0,0.0
M,0.0,0.0,0.0,0.0
M,0.0,0.0,0.0,0.0
M,0.0,0.0,0.0,0.0
M,0.0,0.0,0.0,0.0
M,0.0,0.0,0.0,0.0
M,-0.000870973,0.0,0.0,-0.000870973
M,0.0,0.0,0.0,0.0
M,0.0,0.0,0.0,0.0
M,0.0,0.0,0.0,0.0
M,0.0,0.0,0.0,0.0
M,0.0,0.0,0.0,0.0
M,0.0,0.0,0.0,0.0
M,0.0,0.0,0.0,0.0
M,0.0,0.0,0.0,0.0
M,0.0,0.0,0.0,0.0
M,0.0468567,0.0,0.0,0.0468567
M,0.0,0.0,0.0,0.0
M,0.0,0.0,0.0,0.0
M,0.0,0.0,0.0,0.0
M,0.0,0.0,0.0,0.0
M,0.0,0.0,0.0,0.0
M,0.0403199,0.0,0.0,0.0403199
M,0.0,0.0,0.0,0.0
M,0.0148789,0.0,0.0,0.0148789
M,0.0,0.0,0.0,0.0
M,0.0,0.0,0.0,0.0
M,0.0,0.0,0.0,0.0
M,0.0,0.0,0.0,0.0
M,0.0824406,0.0,0.0,0.0824406
M,-0.0690867,0.0,0.0,-0.0690867
M,0.0,0.0,0.0,0.0
M,0.0,0.0,0.0,0.0
M,0.0,0.0,0.0,0.0
M,-0.00607997,0.0,0.0,-0.00607997
M,0.0198627,0.0,0.0,0.0198627
M,0.0,0.0,0.0,0.0
M,0.0,0.0,0.0,0.0
M,0.0373978,0.0,0.0,0.0373978
M,0.0,0.0,0.0,0.0
M,0.0,0.0,0.0,0.0
M,0.0,0.0,0.0,0.0
M,0.0,0.0,0.0,0.0
M,0.0,0.0,0.0,0.0
M,0.0,0.0,0.0,0.0
M,0.0,0.0,0.0,0.0
M,0.0165388,0.0,0.0,0.0165388
M,0.0,0.0,0.0,0.0
M,0.0,0.0,0.0,0.0
M,0.0,0.0,0.0,0.0
M,0.0,0.0,0.0,0.0
M,-0.0246887,0.0,0.0,-0.0246887
M,0.0,0.0,0.0,0.0
M,0.0,0.0,0.0,0.0
M,0.0,0.0,0.0,0.0
M,0.0,0.0,0.0,0.0
M,0.0,0.0,0.0,0.0
M,0.0,0.0,0.0,0.0
M,-0.049674,0.0,0.0,-0.049674
M,0.0,0.0,0.0,0.0
M,0.0,0.0,0.0,0.0
M,0.0,0.0,0.0,0.0
M,-0.00733759,0.0,0.0,-0.00733759
M,0.0,0.0,0.0,0.0
M,0.0,0.0,0.0,0.0
M,0.0,0.0,0.0,0.0
M,0.0,0.0,0.0,0.0
M,0.0,0.0,0.0,0.0
M,0.0,0.0,0.0,0.0
M,0.0,0.0,0.0,0.0
M,0.0922234,0.0,0.0,0.0922234
M,0.0,0.0,0.0,0.0
M,0.0,0.0,0.0,0.0
M,0.0,0.0,0.0,0.0
M,0.0345901,0.0,0.0,0.0345901
M,0.0,0.0,0.0,0.0
M,-0.0248525,0.0,0.0,-0.0248525
M,-0.015086,0.0,0.0,-0.015086
M,0.0,0.0,0.0,0.0
M,-0.0375603,0.0,0.0,-0.0375603
M,0.0,0.0,0.0,0.0
M,0.0,0.0,0.0,0.0
M,-0.0213215,0.0,0.0,-0.0213215
M,0.0,0.0,0.0,0.0
M,0.0,0.0,0.0,0.0
M,0.0,0.0,0.0,0.0
M,0.0,0.0,0.0,0.0
M,0.0,0.0,0.0,0.0
M,0.0,0.0,0.0,0.0
M,0.0,0.00190092,0.00190092,0.00190092
M,0.0925054,0.0,0.0,0.0925054
M,0.0,0.0,0.0,0.0
M,0.0,0.0,0.0,0.0
M,0.0,0.0,0.0,0.0
M,0.0,0.0,0.0,0.0
M,-0.0320403,0.0,0.0,-0.0320403
M,0.0,0.0,0.0,0.0
M,0.0,0.0,0.0,0.0
M,-0.02846,0.0,0.0,-0.02846
M,0.0,0.0,0.0,0.0
M,0.0,-0.0325118,-0.0325118,-0.0325118
M,0.0,0.0,0.0,0.0
M,0.0,0.0,0.0,0.0
M,0.054105,0.0,0.0,0.054105
M,0.0,0.0,0.0,0.0
M,0.0,0.0,0.0,0.0
M,0.0,0.0,0.0,0.0
M,0.0,0.0,0.0,0.0
M,0.0,0.0,0.0,0.0
M,0.0,0.0,0.0,0.0
M,0.0,0.0,0.0,0.0
M,0.0,0.0,0.0,0.0
M,0.0,0.0,0.0,0.0
M,0.0,0.0,0.0,0.0
M,0.0,0.0,0.0,0.0
M,0.0,0.0,0.0,0.0
M,0.0,0.0,0.0,0.0
M,0.0,0.0,0.0,0.0
M,0.0,0.0,0.0,0.0
M,0.0,0.0,0.0,0.0
M,0.0,0.0,0.0,0.0
M,0.000815933,0.0,0.0,0.000815933
M,0.0,0.0,0.0,0.0
M,0.0,0.0,0.0,0.0
M,0.0,0.0,0.0,0.0
M,0.0,0.0,0.0,0.0
M,0.0,0.0,0.0,0.0
M,0.0,0.0,0.0,0.0
M,0.0,0.0,0.0,0.0
M,0.0,0.0,0.0,0.0
M,0.0,0.0,0.0,0.0
M,0.0,0.0,0.0,0.0
M,0.0326835,0.0,0.0,0.0326835
M,0.0,0.0,0.0,0.0
M,0.0,0.0,0.0,0.0
M,0.0,0.0,0.0,0.0
M,0.0,0.0,0.0,0.0
M,0.0,0.0,0.0,0.0
M,-0.0130224,0.0,0.0,-0.0130224
M,0.0,0.0,0.0,0.0
M,0.0,0.0,0.0,0.0
M,0.0,0.0,0.0,0.0
M,0.0,0.0,0.0,0.0
M,0.0,0.0,0.0,0.0
M,0.0,0.0,0.0,0.0
M,0.0,0.0,0.0,0.0
M,0.0,0.0,0.0,0.0
M,0.0,0.0,0.0,0.0
M,0.0,0.0,0.0,0.0
M,0.0,0.0,0.0,0.0
M,0.0,0.0,0.0,0.0
M,0.0,0.0,0.0,0.0
M,0.0,0.0,0.0,0.0
M,0.0,0.0,0.0,0.0
M,-0.000227469,0.0,0.0,-0.000227469
M,0.000669657,0.0,0.0,0.000669657
M,0.0,0.0,0.0,0.0
M,0.0,0.0,0.0,0.0
M,0.0,0.0,0.0,0.0
M,0.0,0.0,0.0,0.0
M,0.0,0.0,0.0,0.0
M,0.0,0.0,0.0,0.0
M,0.0,0.0,0.0,0.0
M,0.0,0.0,0.0,0.0
M,0.0,0.0,0.0,0.0
M,0.0,0.0,0.0,0.0
M,0.0,0.0,0.0,0.0
M,0.0,0.0,0.0,0.0
M,0.0,0.0,0.0,0.0
M,0.0,0.0,0.0,0.0
M,0.0,0.0,0.0,0.0
M,0.0,0.0,0.0,0.0
M,0.0713221,0.0,0.0,0.0713221
M,0.0,0.0,0.0,0.0
M,0.0,0.0,0.0,0.0
M,-0.0766469,0.0,0.0,-0.0766469
M,0.0,0.0,0.0,0.0
M,0.0,0.0,0.0,0.0
M,-0.0599241,0.0,0.0,-0.0599241
M,0.0,0.0,0.0,0.0
M,0.0,0.0,0.0,0.0
M,0.0,0.0,0.0,0.0
M,0.0,0.0,0.0,0.0
M,0.0,0.0,0.0,0.0
M,0.0386265,0.0,0.0,0.0386265
M,0.000869518,0.0,0.0,0.000869518
M,0.0,0.0,0.0,0.0
M,0.0,0.0,0.0,0.0
M,0.0,0.0,0.0,0.0
M,0.0,0.0,0.0,0.0
M,0.0,0.0,0.0,0.0
M,0.0,0.0,0.0,0.0
M,0.0,0.0,0.0,0.0
M,0.0,0.0,0.0,0.0
M,-0.0199371,0.0,0.0,-0.0199371
M,0.0,0.0,0.0,0.0
M,0.0,0.0,0.0,0.0
M,0.0,0.0,0.0,0.0
M,-0.00601695,0.0,0.0,-0.00601695
M,0.0,0.0,0.0,0.0
M,0.0,0.0,0.0,0.0
M,-0.0549108,0.0,0.0,-0.0549108
M,0.0,0.0,0.0,0.0
M,0.0,0.0,0.0,0.0
M,0.0,0.0,0.0,0.0
M,0.0,0.0,0.0,0.0
M,0.0,0.0,0.0,0.0
M,0.0,0.0,0.0,0.0
M,0.0,0.0,0.0,0.0
M,0.0,0.0,0.0,0.0
M,0.0,0.0,0.0,0.0
M,0.0,0.0,0.0,0.0
M,0.0,0.0,0.0,0.0
M,0.0,0.0,0.0,0.0
M,0.0,0.0,0.0,0.0
M,0.0326835,0.0,0.0,0.0326835
M,0.0,0.0,0.0,0.0
M,-0.0742038,0.0,0.0,-0.0742038
M,0.0,0.0,0.0,0.0
M,0.0,0.0,0.0,0.0
M,0.0,0.0,0.0,0.0
M,0.0,0.0,0.0,0.0
M,0.0,0.0,0.0,0.0
M,0.0,0.0,0.0,0.0
M,0.0,0.0,0.0,0.0
M,0.0,0.0,0.0,0.0
M,0.0,0.0,0.0,0.0
M,0.0,0.0,0.0,0.0
M,0.0,0.0,0.0,0.0
M,-0.00363671,0.0,0.0,-0.00363671
M,0.0,0.0,0.0,0.0
M,0.0,0.0,0.0,0.0
M,0.0,0.0,0.0,0.0
M,0.0,0.0,0.0,0.0
M,0.0425847,0.0,0.0,0.0425847
M,0.0,0.0,0.0,0.0
M,0.0,0.0,0.0,0.0
M,0.0,0.0,0.0,0.0
M,0.0,0.0,0.0,0.0
M,0.0,0.0,0.0,0.0
M,0.0,0.0,0.0,0.0
M,0.0,0.0,0.0,0.0
M,0.0,0.0,0.0,0.0
M,0.0,0.0,0.0,0.0
M,0.0,0.0,0.0,0.0
M,0.0,0.0,0.0,0.0
M,0.0,0.0,0.0,0.0
M,0.0,0.0,0.0,0.0
M,0.0,0.0,0.0,0.0
M,0.0325722,0.0,0.0,0.0325722
M,0.0,0.0,0.0,0.0
M,-0.0195271,0.0,0.0,-0.0195271
M,0.0,0.0,0.0,0.0
M,0.0,0.0,0.0,0.0
M,0.00727217,0.0,0.0,0.00727217
M,0.0,0.0,0.0,0.0
M,0.0,0.0,0.0,0.0
M,0.0,0.0,0.0,0.0
M,0.0,0.0,0.0,0.0
M,0.0,0.0,0.0,0.0
M,-0.0139107,0.0,0.0,-0.0139107
M,0.0,0.0,0.0,0.0
M,0.0,0.0,0.0,0.0
M,-0.00796191,0.0,0.0,-0.00796191
M,0.0,0.0,0.0,0.0
M,0.0,0.0,0.0,0.0
M,0.0,0.0,0.0,0.0
M,0.0,0.0,0.0,0.0
M,0.0,0.0,0.0,0.0
M,0.0922234,0.0,0.0,0.0922234
M,0.0363965,0.0,0.0,0.0363965
M,-0.00294009,0.0,0.0,-0.00294009
M,-0.00803673,0.0,0.0,-0.00803673
M,0.0,0.0,0.0,0.0
M,0.0104358,0.0,0.0,0.0104358
M,-0.0236945,0.0,0.0,-0.0236945
M,0.0,0.0,0.0,0.0
M,0.0,0.0,0.0,0.0
M,0.0,0.0,0.0,0.0
M,0.0,0.0,0.0,0.0
M,0.0,0.0,0.0,0.0
M,0.0,0.0,0.0,0.0
M,0.0126789,0.0,0.0,0.0126789
M,0.0207349,0.0,0.0,0.0207349
M,0.0,0.0,0.0,0.0
M,0.0,0.0,0.0,0.0
M,0.0,0.0,0.0,0.0
M,0.0,0.0,0.0,0.0
M,0.0,0.0,0.0,0.0
M,0.0,0.0,0.0,0.0
M,0.0,0.0,0.0,0.0
M,0.0,0.0,0.0,0.0
M,0.0,0.0,0.0,0.0
M,0.0,0.0,0.0,0.0
M,-0.0536555,0.0,0.0,-0.0536555
M,0.0,0.0,0.0,0.0
M,0.0,0.0,0.0,0.0
M,-0.00363671,0.0,0.0,-0.00363671
M,0.0,0.0,0.0,0.0
M,0.0,0.0,0.0,0.0
M,0.0,0.0,0.0,0.0
M,0.0,0.0,0.0,0.0
M,0.0,0.0,0.0,0.0
M,0.0,0.0,0.0,0.0
M,-0.000118211,0.0,0.0,-0.000118211
M,0.0,0.0,0.0,0.0
M,0.0,0.0,0.0,0.0
M,0.0,0.0,0.0,0.0
M,0.0,0.0,0.0,0.0
M,0.0,0.0,0.0,0.0
M,0.0,0.0,0.0,0.0
M,0.0,0.0,0.0,0.0
M,0.0,0.0,0.0,0.0
M,0.0,0.0,0.0,0.0
M,0.0,0.0,0.0,0.0
M,0.0,0.0,0.0,0.0
M,0.0,0.0,0.0,0.0
M,-0.00211031,0.0,0.0,-0.00211031
M,0.0,0.0,0.0,0.0
M,0.0,0.0,0.0,0.0
M,0.0,0.0,0.0,0.0
M,0.0,0.0,0.0,0.0
M,0.0,0.0,0.0,0.0
M,0.0169824,0.0,0.0,0.0169824
M,0.0,0.0,0.0,0.0
M,0.0,0.0,0.0,0.0
M,-0.0108727,0.0,0.0,-0.0108727
M,0.0,0.0,0.0,0.0
M,0.0,0.0,0.0,0.0
M,0.0425318,0.0,0.0,0.0425318
M,0.0,0.0,0.0,0.0
M,0.0,0.0,0.0,0.0
