F,0.0,0.0,0.0,0.0
F,0.0,0.0,0.0,0.0
F,0.0,0.0,0.0,0.0
F,0.0,0.0,0.0,0.0
F,0.0,0.0,0.0,0.0
F,0.0,0.0,0.0,0.0
F,0.0,0.0,0.0,0.0
F,0.0,0.0,0.0,0.0
F,0.0,0.0,0.0,0.0
F,0.0,0.0,0.0,0.0
F,0.0,0.0,0.0,0.0
F,0.0,0.0,0.0,0.0
F,0.0,0.0,0.0,0.0
F,0.0,0.0,0.0,0.0
F,0.0,0.0,0.0,0.0
F,-0.0260011,0.0,0.0,-0.0260011
F,0.0,0.0,0.0,0.0
F,0.0,0.0,0.0,0.0
F,0.0,0.0,0.0,0.0
F,0.0,0.0,0.0,0.0
F,0.0,0.0,0.0,0.0
F,0.0,0.0,0.0,0.0
F,0.0447716,0.0,0.0,0.0447716
F,-0.00589449,0.0,0.0,-0.00589449
F,0.0,0.0,0.0,0.0
F,0.0332929,0.0,0.0,0.0332929
F,-0.0139721,0.0,0.0,-0.0139721
F,0.0,0.0,0.0,0.0
F,-0.027468,0.0,0.0,-0.027468
F,0.0528755,0.0,0.0,0.0528755
F,0.0,0.0,0.0,0.0
F,0.0,0.0,0.0,0.0
F,0.0,0.0,0.0,0.0
F,-0.0620782,0.0,0.0,-0.0620782
F,0.0279201,0.0,0.0,0.0279201
F,0.0,0.0,0.0,0.0
F,-0.0878683,0.0,0.0,-0.0878683
F,0.0,0.0,0.0,0.0
F,0.0,0.0,0.0,0.0
F,0.0,0.0,0.0,0.0
F,0.0572567,0.0,0.0,0.0572567
F,0.0,0.0,0.0,0.0
F,0.0304175,0.0,0.0,0.0304175
F,0.0534663,0.0,0.0,0.0534663
F,0.0,0.0,0.0,0.0
F,0.0385957,0.0,0.0,0.0385957
F,0.0,0.0,0.0,0.0
F,0.0,0.0,0.0,0.0
F,0.0,0.0,0.0,0.0
F,0.0,0.0,0.0,0.0
F,0.0378609,0.0,0.0,0.0378609
F,0.0,0.0,0.0,0.0
F,0.0,0.0,0.0,0.0
F,0.108115,0.0,0.0,0.108115
F,0.0,0.0,0.0,0.0
F,0.0,0.0,0.0,0.0
F,-0.0255683,0.0,0.0,-0.0255683
F,0.0,0.0,0.0,0.0
F,0.0,0.0,0.0,0.0
F,0.0,0.0,0.0,0.0
F,0.0,0.0,0.0,0.0
F,0.0,0.0,0.0,0.0
F,0.0440937,0.0,0.0,0.0440937
F,0.0,0.0,0.0,0.0
F,0.0,0.0,0.0,0.0
F,0.0,0.0,0.0,0.0
F,0.0,0.0,0.0,0.0
F,0.0378609,0.0,0.0,0.0378609
F,0.0164239,0.0,0.0,0.0164239
F,-0.0276656,0.0,0.0,-0.0276656
F,0.0,0.0,0.0,0.0
F,0.0,0.0,0.0,0.0
F,0.0,0.0,0.0,0.0
F,0.0555793,0.0,0.0,0.0555793
F,0.0,0.0,0.0,0.0
F,0.0,0.0,0.0,0.0
F,0.0,0.0,0.0,0.0
F,0.0,0.0,0.0,0.0
F,0.0446597,0.0,0.0,0.0446597
F,0.0,0.0,0.0,0.0
F,0.0,0.0,0.0,0.0
F,0.0,0.0,0.0,0.0
F,0.0,0.0,0.0,0.0
F,0.0287336,0.0,0.0,0.0287336
F,0.0,0.0,0.0,0.0
F,0.0,0.0,0.0,0.0
F,0.0,0.0,0.0,0.0
F,0.0,0.0,0.0,0.0
F,0.0,0.0,0.0,0.0
F,0.0,0.0,0.0,0.0
F,0.0,0.0,0.0,0.0
F,0.0,0.0,0.0,0.0
F,0.005156,0.0,0.0,0.005156
F,0.0283475,0.0,0.0,0.0283475
F,0.0,0.0,0.0,0.0
F,0.0,0.0,0.0,0.0
F,0.0,0.0,0.0,0.0
F,0.0,0.0,0.0,0.0
F,0.0,0.0,0.0,0.0
F,0.0,0.0,0.0,0.0
F,0.0,0.0,0.0,0.0
F,-0.0470878,0.0,0.0,-0.0470878
F,0.108115,0.0,0.0,0.108115
F,0.0,0.0,0.0,0.0
F,0.0,0.0,0.0,0.0
F,0.0,0.0,0.0,0.0
F,-0.027468,0.0,0.0,-0.027468
F,-0.00346644,0.0,0.0,-0.00346644
F,0.0,0.0,0.0,0.0
F,0.0,0.0,0.0,0.0
F,0.0,0.0,0.0,0.0
F,0.0,0.0,0.0,0.0
F,0.0,0.0,0.0,0.0
F,0.0,0.0,0.0,0.0
F,-0.0115703,0.0,0.0,-0.0115703
F,0.0,0.0,0.0,0.0
F,0.0,0.0,0.0,0.0
F,0.0,0.0,0.0,0.0
F,0.0,0.0,0.0,0.0
F,0.0,0.0,0.0,0.0
F,0.0,0.0,0.0,0.0
F,0.0,0.0,0.0,0.0
F,0.0,0.0,0.0,0.0
F,0.0,0.0,0.0,0.0
F,0.0,0.0,0.0,0.0
F,-0.0762291,0.0,0.0,-0.0762291
F,0.0,0.0,0.0,0.0
F,0.0,0.0,0.0,0.0
F,0.0,0.0,0.0,0.0
F,0.0,0.0,0.0,0.0
F,0.0,0.0,0.0,0.0
F,0.0,0.0,0.0,0.0
F,0.0,0.0,0.0,0.0
F,0.0,0.0,0.0,0.0
F,0.0,0.0,0.0,0.0
F,0.0,0.0,0.0,0.0
F,0.0,0.0,0.0,0.0
F,0.0,0.0,0.0,0.0
F,-0.0635485,0.0,0.0,-0.0635485
F,0.0,0.0,0.0,0.0
F,0.0,0.0,0.0,0.0
F,0.0,0.0,0.0,0.0
F,0.0,0.0,0.0,0.0
F,0.0,0.0,0.0,0.0
F,0.0,0.0,0.0,0.0
F,0.0,0.0,0.0,0.0
F,0.0,0.0,0.0,0.0
F,0.0,0.0,0.0,0.0
F,0.0,0.0,0.0,0.0
F,0.0,0.0,0.0,0.0
F,0.0,0.0,0.0,0.0
F,-0.0125473,0.0,0.0,-0.0125473
F,0.0,0.0,0.0,0.0
F,0.0,0.0,0.0,0.0
F,0.0,0.0,0.0,0.0
F,0.0,0.0,0.0,0.0
F,0.0626666,0.0,0.0,0.0626666
F,0.0,0.0,0.0,0.0
F,0.0,0.0,0.0,0.0
F,0.0,0.0,0.0,0.0
F,0.0,0.0,0.0,0.0
F,-0.062924,0.0,0.0,-0.062924
F,0.0,0.0,0.0,0.0
F,-0.0175823,0.0,0.0,-0.0175823
F,0.00834012,0.0,0.0,0.00834012
F,0.0835585,0.0,0.0,0.0835585
F,0.0,0.0,0.0,0.0
F,0.0,0.0,0.0,0.0
F,0.0,0.0,0.0,0.0
F,0.0,0.0,0.0,0.0
F,0.0,0.0,0.0,0.0
F,0.0,0.0,0.0,0.0
F,0.0,0.0,0.0,0.0
F,0.0,0.0,0.0,0.0
F,0.0219536,0.0,0.0,0.0219536
F,0.0,0.0,0.0,0.0
F,0.0,0.0,0.0,0.0
F,0.0,0.0,0.0,0.0
F,0.0,0.0,0.0,0.0
F,0.0,0.0,0.0,0.0
F,0.0,0.0,0.0,0.0
F,0.0,0.0,0.0,0.0
F,0.0,0.0,0.0,0.0
F,0.123958,0.0,0.0,0.123958
F,0.0,0.0,0.0,0.0
F,0.0,0.0,0.0,0.0
F,-0.0629745,0.0,0.0,-0.0629745
F,0.00547147,0.0,0.0,0.00547147
F,0.0,0.0,0.0,0.0
F,0.0,0.0,0.0,0.0
F,0.0,0.0,0.0,0.0
F,-0.0611228,0.0,0.0,-0.0611228
F,0.0722951,0.0,0.0,0.0722951
F,0.0,0.0,0.0,0.0
F,0.0,0.0,0.0,0.0
F,0.0,0.0,0.0,0.0
F,0.0,0.0,0.0,0.0
F,0.0,0.0,0.0,0.0
F,0.0,0.0,0.0,0.0
F,0.0,0.0,0.0,0.0
F,0.0,0.0,0.0,0.0
F,0.0,0.0,0.0,0.0
F,0.0,0.0,0.0,0.0
F,0.0,0.0,0.0,0.0
F,0.0,0.0,0.0,0.0
F,0.0,0.0,0.0,0.0
F,-0.0173993,0.0,0.0,-0.0173993
F,0.0,0.0,0.0,0.0
F,0.0,0.0,0.0,0.0
F,0.0,0.0,0.0,0.0
F,0.0,0.0,0.0,0.0
F,0.0,0.0,0.0,0.0
F,0.0,0.0,0.0,0.0
F,0.0,0.0,0.0,0.0
F,0.0,0.0,0.0,0.0
F,-0.00920479,0.0,0.0,-0.00920479
F,0.0,0.0,0.0,0.0
F,-0.0788543,0.0,0.0,-0.0788543
F,0.0,0.0,0.0,0.0
F,0.0,0.0,0.0,0.0
F,0.0,0.0,0.0,0.0
F,0.0490907,0.0,0.0,0.0490907
F,0.0,0.0,0.0,0.0
F,0.0,0.0,0.0,0.0
F,0.0,0.0,0.0,0.0
F,0.0,0.0,0.0,0.0
F,-0.0560515,0.0,0.0,-0.0560515
F,0.0,0.0,0.0,0.0
F,0.0,0.0,0.0,0.0
F,0.0,0.0,0.0,0.0
F,0.0,0.0,0.0,0.0
F,-0.00464075,0.0,0.0,-0.00464075
F,0.0,0.0,0.0,0.0
F,0.0,0.0,0.0,0.0
F,0.0,0.0,0.0,0.0
F,0.0,0.0,0.0,0.0
F,0.0405808,0.0,0.0,0.0405808
F,0.0316035,0.0,0.0,0.0316035
F,0.0,0.0,0.0,0.0
F,0.0,0.0,0.0,0.0
F,-0.0744794,0.0,0.0,-0.0744794
F,0.0,0.0,0.0,0.0
F,0.0,0.0,0.0,0.0
F,0.0,0.0,0.0,0.0
F,0.0,0.0,0.0,0.0
F,0.0,0.0,0.0,0.0
F,-0.0255621,0.0,0.0,-0.0255621
F,-0.0214994,0.0,0.0,-0.0214994
F,0.0,0.0,0.0,0.0
F,0.0,0.0,0.0,0.0
F,-0.0552493,0.0,0.0,-0.0552493
F,0.0327929,0.0,0.0,0.0327929
F,0.0,0.0,0.0,0.0
F,0.0,0.0,0.0,0.0
F,0.0,0.0,0.0,0.0
F,0.0,0.0,0.0,0.0
F,0.0,0.0,0.0,0.0
F,0.0,0.0,0.0,0.0
F,0.0,0.0,0.0,0.0
F,0.0,0.0,0.0,0.0
F,0.0,0.0,0.0,0.0
F,0.0,0.0,0.0,0.0
F,0.0,0.0,0.0,0.0
F,0.0,0.0,0.0,0.0
F,0.0,0.0,0.0,0.0
F,0.0470698,0.0,0.0,0.0470698
F,0.0,0.0,0.0,0.0
F,0.0,0.0,0.0,0.0
F,0.0,0.0,0.0,0.0
F,0.0,0.0,0.0,0.0
F,0.0754131,0.0,0.0,0.0754131
F,-0.0331572,0.0,0.0,-0.0331572
F,0.0,0.0,0.0,0.0
F,0.0,0.0,0.0,0.0
F,0.0,0.0,0.0,0.0
F,-0.00166983,0.0,0.0,-0.00166983
F,0.0,0.0,0.0,0.0
F,0.0,0.0,0.0,0.0
F,-0.0369032,0.0,0.0,-0.0369032
F,0.0,0.0,0.0,0.0
F,0.0,0.0,0.0,0.0
F,0.0,0.0,0.0,0.0
F,0.0,0.0,0.0,0.0
F,0.0,0.0,0.0,0.0
F,0.0317417,0.0,0.0,0.0317417
F,0.0,0.0,0.0,0.0
F,-0.0213731,0.0,0.0,-0.0213731
F,0.0,0.0,0.0,0.0
F,0.0,0.0,0.0,0.0
F,0.0,0.0,0.0,0.0
F,0.0,0.0,0.0,0.0
F,0.0,0.0,0.0,0.0
F,0.0,0.0,0.0,0.0
F,0.0,0.0,0.0,0.0
F,0.108115,0.0,0.0,0.108115
F,0.0,0.0,0.0,0.0
F,0.0,0.0,0.0,0.0
F,0.0745153,0.0,0.0,0.0745153
F,0.0517895,0.0,0.0,0.0517895
F,0.0,0.0,0.0,0.0
F,0.0,0.0,0.0,0.0
F,0.0453347,0.0,0.0,0.0453347
F,0.0,0.0,0.0,0.0
F,0.0,0.0,0.0,0.0
F,0.0,0.0,0.0,0.0
F,0.0,0.0,0.0,0.0
F,0.0555793,0.0,0.0,0.0555793
F,0.0116082,0.0,0.0,0.0116082
F,0.0,0.0,0.0,0.0
F,0.0,0.0,0.0,0.0
F,0.0,0.0,0.0,0.0
F,-0.0249774,0.0,0.0,-0.0249774
F,0.0,0.0,0.0,0.0
F,0.0,0.0,0.0,0.0
F,0.0,0.0,0.0,0.0
F,0.0,0.0,0.0,0.0
F,0.0,0.0,0.0,0.0
F,0.0309507,0.0,0.0,0.0309507
F,0.0,0.0,0.0,0.0
F,0.0635454,0.0,0.0,0.0635454
F,0.0,0.0,0.0,0.0
F,0.0,0.0,0.0,0.0
F,0.0,0.0,0.0,0.0
F,0.0,0.0,0.0,0.0
F,0.0,0.0,0.0,0.0
F,0.0,0.0,0.0,0.0
F,0.0,0.0,0.0,0.0
F,0.0,0.0,0.0,0.0
F,-0.0116701,0.0,0.0,-0.0116701
F,0.0,0.0,0.0,0.0
F,0.0,0.0,0.0,0.0
F,0.0,0.0,0.0,0.0
F,0.0,0.0,0.0,0.0
F,-0.0287064,0.0,0.0,-0.0287064
F,0.0,0.0,0.0,0.0
F,0.0215913,0.0,0.0,0.0215913
F,0.0,0.0,0.0,0.0
F,0.0,0.0,0.0,0.0
F,0.0174527,0.0,0.0,0.0174527
F,0.0,0.0,0.0,0.0
F,0.0,0.0,0.0,0.0
F,0.0,0.0,0.0,0.0
F,0.0,0.0,0.0,0.0
F,-0.000103168,0.0,0.0,-0.000103168
F,0.0,0.0,0.0,0.0
F,0.0,0.0,0.0,0.0
F,0.0,0.0,0.0,0.0
F,0.0,0.0,0.0,0.0
F,0.0,0.0,0.0,0.0
F,0.0,0.0,0.0,0.0
F,0.0,0.0,0.0,0.0
F,0.0,0.0,0.0,0.0
F,0.106097,0.0,0.0,0.106097
F,0.0,0.0,0.0,0.0
F,0.0,0.0,0.0,0.0
F,0.0,0.0,0.0,0.0
F,-0.0153765,0.0,0.0,-0.0153765
F,0.0,0.0,0.0,0.0
F,0.0170895,0.0,0.0,0.0170895
F,0.0,0.0,0.0,0.0
F,0.0,0.0,0.0,0.0
F,0.0657762,0.0,0.0,0.0657762
F,0.0,0.0,0.0,0.0
F,-0.126676,0.0,0.0,-0.126676
F,0.0,0.0,0.0,0.0
F,0.0,0.0,0.0,0.0
F,0.0,0.0,0.0,0.0
F,0.0,0.0,0.0,0.0
F,0.0,0.0,0.0,0.0
F,0.0,0.0,0.0,0.0
F,0.0,0.0,0.0,0.0
F,0.0,0.0,0.0,0.0
F,0.0,0.0,0.0,0.0
F,0.0,0.0,0.0,0.0
F,0.0,0.0,0.0,0.0
F,-0.0162218,0.0,0.0,-0.0162218
F,0.0,0.0,0.0,0.0
F,0.0,0.0,0.0,0.0
F,-0.0249697,0.0,0.0,-0.0249697
F,0.0,0.0,0.0,0.0
F,0.0,0.0,0.0,0.0
F,0.0,0.0,0.0,0.0
F,0.0,0.0,0.0,0.0
F,0.0,0.0,0.0,0.0
F,0.0697303,0.0,0.0,0.0697303
F,0.0,0.0,0.0,0.0
F,0.0,0.0,0.0,0.0
F,-0.0203371,0.0,0.0,-0.0203371
F,-0.0156846,0.0,0.0,-0.0156846
F,0.0,0.0,0.0,0.0
F,0.0,0.0,0.0,0.0
F,0.0618976,0.0,0.0,0.0618976
F,0.0,0.0,0.0,0.0
F,0.0,0.0,0.0,0.0
F,0.0,0.0,0.0,0.0
F,0.0,0.0,0.0,0.0
F,0.0,0.0,0.0,0.0
F,0.0,0.0,0.0,0.0
F,-0.00157244,0.0,0.0,-0.00157244
F,0.0367092,0.0,0.0,0.0367092
F,0.0,0.0,0.0,0.0
F,0.0,0.0,0.0,0.0
F,0.0,0.0,0.0,0.0
F,0.0,0.0,0.0,0.0
F,0.0,0.0,0.0,0.0
F,0.0,0.0,0.0,0.0
F,0.0,0.0,0.0,0.0
F,0.0,0.0,0.0,0.0
F,0.0,0.0,0.0,0.0
F,0.0,0.0,0.0,0.0
F,0.0,0.0,0.0,0.0
F,0.0,0.0,0.0,0.0
F,0.0,0.0,0.0,0.0
F,0.0,0.0,0.0,0.0
F,0.0,0.0,0.0,0.0
F,0.0,0.0,0.0,0.0
F,0.0,0.0,0.0,0.0
F,0.0,0.0,0.0,0.0
F,0.0,0.0,0.0,0.0
F,-0.0108416,0.0,0.0,-0.0108416
F,0.0,0.0,0.0,0.0
F,0.0176677,0.0,0.0,0.0176677
F,0.0,0.0,0.0,0.0
F,0.0,0.0,0.0,0.0
F,0.0,0.0,0.0,0.0
F,0.0,0.0,0.0,0.0
F,0.0947605,0.0,0.0,0.0947605
F,0.0,0.0,0.0,0.0
F,0.0,0.0,0.0,0.0
F,0.0,0.0,0.0,0.0
F,0.0,0.0,0.0,0.0
F,0.0,0.0,0.0,0.0
F,0.0488378,0.0,0.0,0.0488378
F,0.0,0.0,0.0,0.0
F,0.0,0.0,0.0,0.0
F,0.0,0.0,0.0,0.0
F,0.0,0.0,0.0,0.0
F,0.0,0.0,0.0,0.0
F,0.0,0.0,0.0,0.0
F,0.0,0.0,0.0,0.0
F,0.0,0.0,0.0,0.0
F,0.0,0.0,0.0,0.0
F,0.0,0.0,0.0,0.0
F,0.0,0.0,0.0,0.0
F,0.0,0.0,0.0,0.0
F,0.0,0.0,0.0,0.0
F,0.0,0.0,0.0,0.0
F,0.0,0.0,0.0,0.0
F,0.0,0.0,0.0,0.0
F,0.0,0.0,0.0,0.0
F,0.0,0.0,0.0,0.0
F,0.0513511,0.0,0.0,0.0513511
F,0.0,0.0,0.0,0.0
F,0.0,0.0,0.0,0.0
F,0.0,0.0,0.0,0.0
F,0.0,0.0,0.0,0.0
F,0.0,0.0,0.0,0.0
F,0.0,0.0,0.0,0.0
F,0.0,0.0,0.0,0.0
F,0.0,0.0,0.0,0.0
F,0.0,0.0,0.0,0.0
F,0.0,0.0,0.0,0.0
F,0.0,0.0,0.0,0.0
F,0.0,0.0,0.0,0.0
F,0.0,0.0,0.0,0.0
F,-0.103025,0.0,0.0,-0.103025
F,0.0,0.0,0.0,0.0
F,0.0,0.0,0.0,0.0
F,0.0,0.0,0.0,0.0
F,0.0154453,0.0,0.0,0.0154453
F,0.0,0.0,0.0,0.0
F,-0.012395,0.0,0.0,-0.012395
F,0.0,0.0,0.0,0.0
F,0.0,0.0,0.0,0.0
F,0.0,0.0,0.0,0.0
F,0.0,0.0,0.0,0.0
F,0.0,0.0,0.0,0.0
F,-0.062924,0.0,0.0,-0.062924
F,0.0367092,0.0,0.0,0.0367092
F,-0.0174273,0.0,0.0,-0.0174273
F,0.00353574,0.0,0.0,0.00353574
F,0.0,0.0,0.0,0.0
F,0.0253772,0.0,0.0,0.0253772
F,0.0,0.0,0.0,0.0
F,-0.0223821,0.0,0.0,-0.0223821
F,0.0,0.0,0.0,0.0
F,0.0,0.0,0.0,0.0
F,0.0,0.0,0.0,0.0
F,0.0,0.0,0.0,0.0
F,0.0,0.0,0.0,0.0
F,0.0,0.0,0.0,0.0
F,0.0,0.0,0.0,0.0
F,0.0,0.0,0.0,0.0
F,0.0,0.0,0.0,0.0
F,0.0,0.0,0.0,0.0
F,0.0,0.0,0.0,0.0
F,0.0,0.0,0.0,0.0
F,0.0,0.0,0.0,0.0
F,0.0,0.0,0.0,0.0
F,0.0,0.0,0.0,0.0
F,0.0,0.0,0.0,0.0
F,0.0,0.0,0.0,0.0
F,0.0,0.0,0.0,0.0
F,-0.0322035,0.0,0.0,-0.0322035
F,0.0,0.0,0.0,0.0
F,0.0,0.0,0.0,0.0
F,0.0,0.0,0.0,0.0
F,0.0,0.0,0.0,0.0
F,0.109084,0.0,0.0,0.109084
F,0.0,0.0,0.0,0.0
F,0.0,0.0,0.0,0.0
F,0.0,0.0,0.0,0.0
F,0.0,0.0,0.0,0.0
F,0.0,0.0,0.0,0.0
F,0.0,0.0,0.0,0.0
F,0.0,0.0,0.0,0.0
F,0.0947605,0.0,0.0,0.0947605
F,0.0,0.0,0.0,0.0
F,0.0,0.0,0.0,0.0
F,0.0,0.0,0.0,0.0
F,0.0488378,0.0,0.0,0.0488378
F,0.0,0.0,0.0,0.0
F,0.0221932,0.0,0.0,0.0221932
F,0.0,0.0,0.0,0.0
F,0.0,0.0,0.0,0.0
F,0.0,0.0,0.0,0.0
F,-0.0149694,0.0,0.0,-0.0149694
F,0.0,0.0,0.0,0.0
F,0.0,0.0,0.0,0.0
F,0.005156,0.0,0.0,0.005156
F,0.0,0.0,0.0,0.0
F,0.0,0.0,0.0,0.0
F,0.0,0.0,0.0,0.0
F,0.0,0.0,0.0,0.0
F,0.0,0.0,0.0,0.0
F,0.0,0.0,0.0,0.0
F,0.0,0.0,0.0,0.0
F,0.0,0.0,0.0,0.0
F,0.0,0.0,0.0,0.0
F,-0.0676394,0.0,0.0,-0.0676394
F,0.0,0.0,0.0,0.0
F,0.0,0.0,0.0,0.0
F,-0.0560515,0.0,0.0,-0.0560515
F,-0.0543381,0.0,0.0,-0.0543381
F,-0.0120749,0.0,0.0,-0.0120749
F,0.0,0.0,0.0,0.0
F,0.0,0.0,0.0,0.0
F,0.0,0.0,0.0,0.0
F,0.0,0.0,0.0,0.0
F,0.0,0.0,0.0,0.0
F,0.0,0.0,0.0,0.0
F,0.0,0.0,0.0,0.0
F,-0.00353497,0.0,0.0,-0.00353497
F,0.0,0.0,0.0,0.0
F,-0.0174273,0.0,0.0,-0.0174273
F,0.0,0.0,0.0,0.0
F,0.0,0.0,0.0,0.0
F,0.0,0.0,0.0,0.0
F,0.00156913,0.0,0.0,0.00156913
F,0.0,0.0,0.0,0.0
F,0.0,0.0,0.0,0.0
F,0.0340383,0.0,0.0,0.0340383
F,-0.058005,0.0,0.0,-0.058005
F,0.0,0.0,0.0,0.0
F,-0.0156582,0.0,0.0,-0.0156582
F,0.0,0.0,0.0,0.0
F,0.0,0.0,0.0,0.0
F,0.0,0.0,0.0,0.0
F,0.0,0.0,0.0,0.0
F,0.0,0.0,0.0,0.0
F,0.0,0.0,0.0,0.0
F,0.0,0.0,0.0,0.0
F,0.0534663,0.0,0.0,0.0534663
F,-0.0769837,0.0,0.0,-0.0769837
F,0.000969035,0.0,0.0,0.000969035
F,0.0,0.0,0.0,0.0
F,0.0,0.0,0.0,0.0
F,0.0,0.0,0.0,0.0
F,0.0,0.0,0.0,0.0
F,0.0,0.0,0.0,0.0
F,0.0797485,0.0,0.0,0.0797485
F,0.0,0.0,0.0,0.0
F,0.0,0.0,0.0,0.0
F,0.0,0.0,0.0,0.0
F,0.0,0.0,0.0,0.0
F,0.0,0.0,0.0,0.0
F,0.0,0.0,0.0,0.0
F,-0.00920479,0.0,0.0,-0.00920479
F,0.0,0.0,0.0,0.0
F,0.0,0.0,0.0,0.0
F,0.0163882,0.0,0.0,0.0163882
F,0.0,0.0,0.0,0.0
F,0.0,0.0,0.0,0.0
F,0.0,0.0,0.0,0.0
F,0.0,0.0,0.0,0.0
F,0.0,0.0,0.0,0.0
F,0.0300761,0.0,0.0,0.0300761
F,0.0,0.0,0.0,0.0
F,0.0,0.0,0.0,0.0
F,0.0,0.0,0.0,0.0
F,0.0,0.0,0.0,0.0
F,0.0,0.0,0.0,0.0
F,0.0,-0.0684642,-0.0684642,-0.0684642
F,0.0,0.0,0.0,0.0
F,-0.0159532,0.0,0.0,-0.0159532
F,0.0,0.0,0.0,0.0
F,0.0,0.0,0.0,0.0
F,0.0,0.0,0.0,0.0
F,0.0,0.0,0.0,0.0
F,0.0,0.0,0.0,0.0
F,0.0,0.0,0.0,0.0
F,0.0564751,0.0,0.0,0.0564751
F,0.0,0.0,0.0,0.0
F,0.0,0.0,0.0,0.0
F,0.0509008,0.0,0.0,0.0509008
F,0.0,0.0,0.0,0.0
F,0.0,0.0,0.0,0.0
F,0.0,0.0,0.0,0.0
F,0.0,0.0,0.0,0.0
F,0.108903,0.0,0.0,0.108903
F,0.0,0.0,0.0,0.0
F,0.0,0.0,0.0,0.0
F,0.0,0.0,0.0,0.0
F,0.0,0.0,0.0,0.0
F,0.0,0.0,0.0,0.0
F,0.0,0.0,0.0,0.0
F,0.0,0.0,0.0,0.0
F,0.0,0.0,0.0,0.0
F,0.0,0.0,0.0,0.0
F,0.0,0.0,0.0,0.0
F,0.0,0.0,0.0,0.0
F,0.0,0.0,0.0,0.0
F,0.0,0.0,0.0,0.0
F,0.0,0.0,0.0,0.0
F,0.0,0.0,0.0,0.0
F,0.0,0.0,0.0,0.0
F,0.0,0.0,0.0,0.0
F,0.0,0.0,0.0,0.0
F,0.0,0.0,0.0,0.0
F,0.0,0.0,0.0,0.0
F,0.0,0.0,0.0,0.0
F,0.0,0.0,0.0,0.0
F,0.0,0.0,0.0,0.0
F,0.0,0.0,0.0,0.0
F,0.0,0.0,0.0,0.0
F,0.0,0.0,0.0,0.0
F,0.0,0.0,0.0,0.0
F,0.0,0.0,0.0,0.0
F,0.0,0.0,0.0,0.0
F,0.0,0.0,0.0,0.0
F,0.0,0.0,0.0,0.0
F,0.0,0.0,0.0,0.0
F,0.0,0.0,0.0,0.0
F,0.0,0.0,0.0,0.0
F,0.0441284,0.0,0.0,0.0441284
F,0.0119462,0.0,0.0,0.0119462
F,0.0,0.0,0.0,0.0
F,0.0,0.0,0.0,0.0
F,-0.154963,0.0,0.0,-0.154963
F,0.0,0.0,0.0,0.0
F,0.0,0.0,0.0,0.0
F,0.0,0.0,0.0,0.0
F,0.0,0.0,0.0,0.0
F,0.0,0.0,0.0,0.0
F,0.0,0.0,0.0,0.0
F,0.0,0.0,0.0,0.0
F,0.0,0.0,0.0,0.0
F,0.0,0.0,0.0,0.0
F,-0.00176834,0.0,0.0,-0.00176834
F,0.0,0.0,0.0,0.0
F,0.0,0.0,0.0,0.0
F,0.0,0.0,0.0,0.0
F,0.0,0.0,0.0,0.0
F,0.0,0.0,0.0,0.0
F,0.0,0.0,0.0,0.0
F,0.0,0.0,0.0,0.0
F,0.154677,0.0,0.0,0.154677
F,0.0,0.0,0.0,0.0
F,0.0440937,0.0,0.0,0.0440937
F,0.0,0.0,0.0,0.0
F,0.0,0.0,0.0,0.0
F,-0.037106,0.0,0.0,-0.037106
F,0.0,0.0,0.0,0.0
F,0.0,0.0,0.0,0.0
F,-0.0243151,0.0,0.0,-0.0243151
F,0.0,0.0,0.0,0.0
F,0.0,0.0,0.0,0.0
F,0.0,0.0,0.0,0.0
F,0.0,0.0,0.0,0.0
F,0.00977133,0.0,0.0,0.00977133
F,0.0,0.0,0.0,0.0
F,-0.0356109,0.0,0.0,-0.0356109
F,0.0,0.0,0.0,0.0
F,0.0,0.0,0.0,0.0
F,0.0,0.0,0.0,0.0
F,0.0,0.0,0.0,0.0
F,0.0,0.0,0.0,0.0
F,0.0,0.0,0.0,0.0
F,0.0,0.0,0.0,0.0
F,0.0,0.0,0.0,0.0
F,0.0,0.0,0.0,0.0
F,0.0,0.0,0.0,0.0
F,0.0,0.0,0.0,0.0
F,-0.0386246,0.0,0.0,-0.0386246
F,-0.0552493,0.0,0.0,-0.0552493
F,0.0,0.0,0.0,0.0
F,0.0,0.0,0.0,0.0
F,0.0,0.0,0.0,0.0
F,0.0,0.0,0.0,0.0
F,0.0,0.0,0.0,0.0
F,-0.0322035,0.0,0.0,-0.0322035
F,0.0,0.0,0.0,0.0
F,0.0,0.0,0.0,0.0
F,0.0,0.0,0.0,0.0
F,0.0488378,0.0,0.0,0.0488378
F,0.0,0.0,0.0,0.0
F,0.0,0.0,0.0,0.0
F,0.0,0.0,0.0,0.0
F,0.0,0.0,0.0,0.0
F,0.0,0.0,0.0,0.0
F,0.0,0.0,0.0,0.0
F,0.00181475,0.0,0.0,0.00181475
F,0.0,0.0,0.0,0.0
F,0.0,0.0,0.0,0.0
F,0.0,0.0,0.0,0.0
F,0.0,0.0,0.0,0.0
F,0.0,0.0,0.0,0.0
F,0.0,0.0,0.0,0.0
F,0.0835555,0.0,0.0,0.0835555
F,0.0,0.0,0.0,0.0
F,0.0,0.0,0.0,0.0
F,0.0,0.0,0.0,0.0
F,0.0437186,0.0,0.0,0.0437186
F,0.0,0.0,0.0,0.0
F,0.0,0.0,0.0,0.0
F,0.0,0.0,0.0,0.0
F,0.0,0.0,0.0,0.0
F,0.0,0.0,0.0,0.0
F,0.0,0.0,0.0,0.0
F,0.0,0.0,0.0,0.0
F,0.0,0.0,0.0,0.0
F,0.0,0.0,0.0,0.0
F,-0.0556387,0.0,0.0,-0.0556387
F,0.0,0.0,0.0,0.0
F,0.0,0.0,0.0,0.0
F,0.0,0.0,0.0,0.0
F,0.0,0.0,0.0,0.0
F,0.0109994,0.0,0.0,0.0109994
F,0.0,0.0,0.0,0.0
F,0.0,0.0,0.0,0.0
F,0.0,0.0,0.0,0.0
F,-0.00437313,0.0,0.0,-0.00437313
F,0.0,0.0,0.0,0.0
F,0.0376969,0.0,0.0,0.0376969
F,0.0,0.0,0.0,0.0
F,0.0,0.0,0.0,0.0
F,0.0,0.0,0.0,0.0
F,0.0,0.0,0.0,0.0
F,0.0,0.0,0.0,0.0
F,0.0,0.0,0.0,0.0
F,0.0,0.0,0.0,0.0
F,0.0,0.0,0.0,0.0
F,0.0,0.0,0.0,0.0
F,0.0,0.0,0.0,0.0
F,0.0,0.0,0.0,0.0
F,0.0,0.0,0.0,0.0
F,0.0,0.0,0.0,0.0
F,0.0,0.0,0.0,0.0
F,0.00573336,0.0,0.0,0.00573336
F,0.0,0.0,0.0,0.0
F,0.0,0.0,0.0,0.0
F,0.0,0.0,0.0,0.0
F,0.0408278,0.0,0.0,0.0408278
F,0.0910362,0.0,0.0,0.0910362
F,0.0,0.0,0.0,0.0
F,0.0,0.0,0.0,0.0
F,0.0,0.0,0.0,0.0
F,-0.0723101,0.0,0.0,-0.0723101
F,0.0378609,0.0,0.0,0.0378609
F,0.0,0.0,0.0,0.0
F,-0.0184072,0.0,0.0,-0.0184072
F,-0.0107579,0.0,0.0,-0.0107579
F,0.0519059,0.0,0.0,0.0519059
F,0.0,0.0,0.0,0.0
F,0.0,0.0,0.0,0.0
F,0.0,0.0,0.0,0.0
F,0.0,0.0,0.0,0.0
F,0.0,0.0,0.0,0.0
F,0.0,0.0,0.0,0.0
F,0.0,0.0,0.0,0.0
F,-0.0629745,0.0,0.0,-0.0629745
F,0.0,0.0,0.0,0.0
F,0.0,0.0,0.0,0.0
F,0.0,0.0,0.0,0.0
F,0.0,0.0,0.0,0.0
F,0.0,0.0,0.0,0.0
F,0.0,0.0,0.0,0.0
F,-0.043737,0.0,0.0,-0.043737
F,0.0,0.0,0.0,0.0
F,0.0,0.0,0.0,0.0
F,0.0,0.0,0.0,0.0
F,0.0,0.0,0.0,0.0
F,0.0,0.0,0.0,0.0
F,0.0,0.0,0.0,0.0
F,0.0,0.0,0.0,0.0
F,0.0,0.0,0.0,0.0
F,0.0,0.0,0.0,0.0
F,0.0,0.0,0.0,0.0
F,0.0,0.0,0.0,0.0
F,0.0,0.0,0.0,0.0
F,0.0557856,0.0,0.0,0.0557856
F,0.0,0.0,0.0,0.0
F,0.0,0.0,0.0,0.0
F,0.0322693,0.0,0.0,0.0322693
F,0.0,0.0,0.0,0.0
F,0.0,0.0,0.0,0.0
F,0.0,0.0,0.0,0.0
F,0.0,0.0,0.0,0.0
F,0.0,0.0,0.0,0.0
F,0.0580773,0.0,0.0,0.0580773
F,0.0,0.0,0.0,0.0
F,0.0,0.0,0.0,0.0
F,0.0,0.0,0.0,0.0
F,0.0,0.0,0.0,0.0
F,0.0,0.0,0.0,0.0
F,0.0,0.0,0.0,0.0
F,0.0,0.0,0.0,0.0
F,-0.0484156,0.0,0.0,-0.0484156
F,0.0,0.0,0.0,0.0
F,-0.0174273,0.0,0.0,-0.0174273
F,0.0,-0.00235192,-0.00235192,-0.00235192
F,0.0,-0.0684642,-0.0684642,-0.0684642
F,0.0,0.0,0.0,0.0
F,0.0,0.0,0.0,0.0
F,0.0,0.0,0.0,0.0
F,0.0,0.0,0.0,0.0
F,0.0,0.0,0.0,0.0
F,0.0,0.0,0.0,0.0
F,0.0,0.0,0.0,0.0
F,0.0,0.0,0.0,0.0
F,0.0,0.0,0.0,0.0
F,0.0,0.0,0.0,0.0
F,0.0,0.0,0.0,0.0
F,0.0,0.0,0.0,0.0
F,0.0,0.0,0.0,0.0
F,-0.0287064,0.0,0.0,-0.0287064
F,0.0,0.0,0.0,0.0
F,0.0,0.0,0.0,0.0
F,0.0,0.0,0.0,0.0
F,0.0,0.0,0.0,0.0
F,0.0533946,0.0,0.0,0.0533946
F,0.0,0.0,0.0,0.0
F,0.0,0.0,0.0,0.0
F,0.0469979,0.0,0.0,0.0469979
F,0.0,0.0,0.0,0.0
F,0.0,0.0,0.0,0.0
F,0.0,0.0,0.0,0.0
F,-0.00710136,0.0,0.0,-0.00710136
F,0.0,0.0,0.0,0.0
F,0.0,0.0,0.0,0.0
F,0.0,0.0,0.0,0.0
F,0.0,0.0,0.0,0.0
F,0.0,0.0,0.0,0.0
F,0.0,0.0,0.0,0.0
F,0.0,0.0,0.0,0.0
F,0.0,0.0,0.0,0.0
F,-0.0185003,0.0,0.0,-0.0185003
F,0.0,0.0,0.0,0.0
F,-0.0560515,0.0,0.0,-0.0560515
F,0.0,0.0,0.0,0.0
F,0.0,0.0,0.0,0.0
F,0.0,0.0,0.0,0.0
F,0.0,0.0,0.0,0.0
F,0.0,0.0,0.0,0.0
F,0.0,0.0,0.0,0.0
F,0.0209838,0.0,0.0,0.0209838
F,0.0,0.0,0.0,0.0
F,0.0,0.0,0.0,0.0
F,0.0,0.0,0.0,0.0
F,0.0,0.0,0.0,0.0
F,0.0,0.0,0.0,0.0
F,0.0,0.0,0.0,0.0
F,0.0,0.0,0.0,0.0
F,0.0,0.0,0.0,0.0
F,0.0,0.0,0.0,0.0
F,0.0408278,0.0,0.0,0.0408278
F,0.0,0.0,0.0,0.0
F,0.0,0.0,0.0,0.0
F,0.0,0.0,0.0,0.0
F,0.0,0.0,0.0,0.0
F,0.000969035,0.0,0.0,0.000969035
F,0.0,0.0,0.0,0.0
F,0.0,0.0,0.0,0.0
F,0.088794,0.0,0.0,0.088794
F,0.0,0.0,0.0,0.0
F,0.00234378,0.0,0.0,0.00234378
F,-0.058005,0.0,0.0,-0.058005
F,0.0,0.0,0.0,0.0
F,0.0,0.0,0.0,0.0
F,0.0,0.0,0.0,0.0
F,0.0,0.0,0.0,0.0
F,0.0,0.0,0.0,0.0
F,0.0,0.0,0.0,0.0
F,0.0,0.0,0.0,0.0
F,0.0,0.0,0.0,0.0
F,0.0,0.0,0.0,0.0
F,0.0,0.0,0.0,0.0
F,0.0,0.0,0.0,0.0
F,0.0,0.0,0.0,0.0
F,0.0,0.0,0.0,0.0
F,0.0,0.0,0.0,0.0
F,0.0,0.0,0.0,0.0
F,0.0,0.0,0.0,0.0
F,0.0,0.0,0.0,0.0
F,0.0,0.0,0.0,0.0
F,0.0,0.0,0.0,0.0
F,0.0,0.0,0.0,0.0
F,-0.0403226,0.0,0.0,-0.0403226
F,0.0,0.0,0.0,0.0
F,0.0,0.0,0.0,0.0
F,-0.0516617,0.0,0.0,-0.0516617
F,0.0,0.0,0.0,0.0
F,0.0,0.0,0.0,0.0
F,0.0,0.0,0.0,0.0
F,0.0,0.0,0.0,0.0
F,0.0,0.0,0.0,0.0
F,0.0,0.0,0.0,0.0
F,0.0,0.0,0.0,0.0
F,0.0,0.0,0.0,0.0
F,0.0,0.0,0.0,0.0
F,0.0,0.0,0.0,0.0
F,0.0278434,0.0,0.0,0.0278434
F,0.0,0.0,0.0,0.0
F,0.0,0.0,0.0,0.0
F,0.0,0.0,0.0,0.0
F,0.0,0.0,0.0,0.0
F,0.0,0.0,0.0,0.0
F,0.0,0.0,0.0,0.0
F,0.0,0.0,0.0,0.0
F,0.0,0.0,0.0,0.0
F,0.0,0.0,0.0,0.0
F,0.0,0.0,0.0,0.0
F,0.0,0.0,0.0,0.0
F,0.0,0.0,0.0,0.0
F,0.0,0.0,0.0,0.0
F,0.0,0.0,0.0,0.0
F,0.0,0.0,0.0,0.0
F,0.0,0.0,0.0,0.0
F,0.0,0.0,0.0,0.0
F,0.0,0.0,0.0,0.0
F,0.0447716,0.0,0.0,0.0447716
F,0.0,0.0,0.0,0.0
F,0.0,0.0,0.0,0.0
F,0.0,0.0,0.0,0.0
F,0.0,0.0,0.0,0.0
F,0.0,0.0,0.0,0.0
F,-0.0255621,0.0,0.0,-0.0255621
F,0.0,0.0,0.0,0.0
F,-0.0354069,0.0,0.0,-0.0354069
F,-0.0865621,0.0,0.0,-0.0865621
F,0.0,0.0,0.0,0.0
F,-0.0375762,0.0,0.0,-0.0375762
F,-0.032774,0.0,0.0,-0.032774
F,0.0,0.0,0.0,0.0
F,0.0,0.0,0.0,0.0
F,0.0,0.0,0.0,0.0
F,0.0,0.0,0.0,0.0
F,0.0,0.0,0.0,0.0
F,0.0,0.0,0.0,0.0
F,0.0,0.0,0.0,0.0
F,0.0,0.0,0.0,0.0
F,-0.0381068,0.0,0.0,-0.0381068
F,0.0,0.0,0.0,0.0
F,0.0,0.0,0.0,0.0
F,0.0,0.0,0.0,0.0
F,0.0,0.0,0.0,0.0
F,0.0,0.0,0.0,0.0
F,0.0,0.0,0.0,0.0
F,0.0,0.0,0.0,0.0
F,0.0,0.0,0.0,0.0
F,-0.000103168,0.0,0.0,-0.000103168
F,0.0,0.0,0.0,0.0
F,0.0,0.0,0.0,0.0
F,0.0,0.0,0.0,0.0
F,0.0,0.0,0.0,0.0
F,0.0,0.0,0.0,0.0
F,0.0,0.0,0.0,0.0
F,0.0,0.0,0.0,0.0
F,-0.0748246,0.0,0.0,-0.0748246
F,-0.0848476,0.0,0.0,-0.0848476
F,0.0,0.0,0.0,0.0
F,0.0,0.0,0.0,0.0
F,0.0,0.0,0.0,0.0
F,0.0,0.0,0.0,0.0
F,0.0,0.0,0.0,0.0
F,0.0,0.0,0.0,0.0
F,0.0467561,0.0,0.0,0.0467561
F,0.0,0.0,0.0,0.0
F,0.0,0.0,0.0,0.0
F,0.0,0.0,0.0,0.0
F,0.0,0.0,0.0,0.0
F,0.0,0.0,0.0,0.0
F,0.0,0.0,0.0,0.0
F,0.0727086,0.0,0.0,0.0727086
F,0.0,0.0,0.0,0.0
F,0.0,0.0,0.0,0.0
F,0.0,0.0,0.0,0.0
F,0.0,0.0,0.0,0.0
F,-5.96358e-05,0.0,0.0,-5.96358e-05
F,0.0,0.0,0.0,0.0
F,0.0,0.0,0.0,0.0
F,0.0,0.0,0.0,0.0
F,0.0,0.0,0.0,0.0
F,0.0,0.0,0.0,0.0
F,0.0,0.0,0.0,0.0
F,0.0,0.0,0.0,0.0
F,-0.02575,0.0,0.0,-0.02575
F,0.0,0.0,0.0,0.0
F,0.0,0.0,0.0,0.0
F,0.0,0.0,0.0,0.0
F,0.0,0.0,0.0,0.0
F,0.0,0.0,0.0,0.0
F,0.0,0.0,0.0,0.0
F,0.0,0.0,0.0,0.0
F,0.0,0.0,0.0,0.0
F,-0.18994,0.0,0.0,-0.18994
F,0.0,0.0,0.0,0.0
F,0.0,0.0,0.0,0.0
F,-0.0100579,0.0,0.0,-0.0100579
F,-0.000103168,0.0,0.0,-0.000103168
F,0.0,0.0,0.0,0.0
F,-0.0652984,0.0,0.0,-0.0652984
F,0.0,0.0,0.0,0.0
F,0.0,0.0,0.0,0.0
F,-0.00134006,0.0,0.0,-0.00134006
F,0.0,0.0,0.0,0.0
F,0.0563882,0.0,0.0,0.0563882
F,0.0,0.0,0.0,0.0
F,0.0,0.0,0.0,0.0
F,0.0,0.0,0.0,0.0
F,0.0,0.0,0.0,0.0
F,0.0,0.0,0.0,0.0
F,0.0,0.0,0.0,0.0
F,0.0,0.0,0.0,0.0
F,0.0,0.0,0.0,0.0
F,0.0,0.0,0.0,0.0
F,0.0,0.0,0.0,0.0
F,0.0,0.0,0.0,0.0
F,0.0,0.0,0.0,0.0
F,0.0,0.0,0.0,0.0
F,0.0,0.0,0.0,0.0
F,0.0,0.0,0.0,0.0
F,-0.0597297,0.0,0.0,-0.0597297
F,-0.027468,0.0,0.0,-0.027468
F,0.0,0.0,0.0,0.0
F,0.0,0.0,0.0,0.0
F,0.0,0.0,0.0,0.0
F,0.0,0.0,0.0,0.0
F,0.0,0.0,0.0,0.0
F,-0.027468,0.0,0.0,-0.027468
F,-0.126676,0.0,0.0,-0.126676
F,0.0,0.0,0.0,0.0
F,0.0,0.0,0.0,0.0
F,0.0,0.0,0.0,0.0
F,0.0,0.0,0.0,0.0
F,-0.00265387,0.0,0.0,-0.00265387
F,0.0,0.0,0.0,0.0
F,0.0,0.0,0.0,0.0
F,0.0,0.0,0.0,0.0
F,0.0561984,0.0,0.0,0.0561984
F,0.0,0.0,0.0,0.0
F,-0.0303228,0.0,0.0,-0.0303228
F,0.0,0.0,0.0,0.0
F,0.0,0.0,0.0,0.0
F,0.0,0.0,0.0,0.0
F,0.0,0.0,0.0,0.0
F,0.0,0.0,0.0,0.0
F,0.0384313,0.0,0.0,0.0384313
F,0.0,0.0,0.0,0.0
F,0.0,0.0,0.0,0.0
F,0.0,0.0,0.0,0.0
F,0.0,0.0,0.0,0.0
F,0.0,0.0,0.0,0.0
F,0.0,0.0,0.0,0.0
F,0.0,0.0,0.0,0.0
F,0.0,0.0,0.0,0.0
F,0.0,0.0,0.0,0.0
F,0.0,0.0,0.0,0.0
F,0.0,0.0,0.0,0.0
F,0.0,0.0,0.0,0.0
F,0.0,0.0,0.0,0.0
F,0.0,0.0,0.0,0.0
F,0.00821882,0.0,0.0,0.00821882
F,-0.0249774,0.0,0.0,-0.0249774
F,0.0,0.0,0.0,0.0
F,0.0,0.0,0.0,0.0
F,0.0,0.0,0.0,0.0
F,0.0,0.0,0.0,0.0
F,0.0,0.0,0.0,0.0
F,-0.0441086,0.0,0.0,-0.0441086
F,0.0,0.0,0.0,0.0
F,0.0993101,0.0,0.0,0.0993101
F,0.0,0.0,0.0,0.0
F,0.0683369,0.0,0.0,0.0683369
F,0.0,0.0,0.0,0.0
F,0.0,0.0,0.0,0.0
F,0.0,0.0,0.0,0.0
F,0.0,0.0,0.0,0.0
F,0.0,0.0,0.0,0.0
F,0.0,0.0,0.0,0.0
F,0.0,0.0,0.0,0.0
F,0.0,0.0,0.0,0.0
F,0.0,0.0,0.0,0.0
F,0.0,0.0,0.0,0.0
F,0.0,0.0,0.0,0.0
F,0.0,0.0,0.0,0.0
F,0.0,0.0,0.0,0.0
F,0.0,0.0,0.0,0.0
F,0.0,0.0,0.0,0.0
F,0.0,0.0,0.0,0.0
F,0.0,0.0,0.0,0.0
F,0.0,0.0,0.0,0.0
F,0.0,0.0,0.0,0.0
F,0.0,0.0,0.0,0.0
F,0.0,0.0,0.0,0.0
F,-0.08555,0.0,0.0,-0.08555
F,0.0,0.0,0.0,0.0
F,0.0,0.0,0.0,0.0
F,-0.0256653,0.0,0.0,-0.0256653
F,0.0,0.0,0.0,0.0
F,0.0258801,0.0,0.0,0.0258801
F,-0.133279,0.0,0.0,-0.133279
F,0.0,0.0,0.0,0.0
F,0.0,0.0,0.0,0.0
F,0.0,0.0,0.0,0.0
F,0.00349261,0.0,0.0,0.00349261
F,0.0238843,0.0,0.0,0.0238843
F,0.0,0.0,0.0,0.0
F,0.0,0.0,0.0,0.0
F,0.0,0.0,0.0,0.0
F,0.0237307,0.0,0.0,0.0237307
F,0.0864829,0.0,0.0,0.0864829
F,0.0,0.0,0.0,0.0
F,0.0256447,0.0,0.0,0.0256447
F,0.0,0.0,0.0,0.0
F,0.0,0.0,0.0,0.0
F,0.0,0.0,0.0,0.0
F,-0.026143,0.0,0.0,-0.026143
F,-0.0105149,0.0,0.0,-0.0105149
F,0.0,0.0,0.0,0.0
F,0.0,0.0,0.0,0.0
F,0.0,0.0,0.0,0.0
F,0.0,0.0,0.0,0.0
F,0.0,0.0,0.0,0.0
F,-0.027468,0.0,0.0,-0.027468
F,0.0,0.0,0.0,0.0
F,0.0,0.0,0.0,0.0
F,0.0,0.0,0.0,0.0
F,0.0,0.0,0.0,0.0
F,0.0176677,0.0,0.0,0.0176677
F,0.0,0.0,0.0,0.0
F,0.0,0.0,0.0,0.0
F,-0.00920479,0.0,0.0,-0.00920479
F,0.0,0.0,0.0,0.0
F,-0.00920479,0.0,0.0,-0.00920479
F,0.0,0.0,0.0,0.0
F,0.0,0.0,0.0,0.0
F,0.0,0.0,0.0,0.0
F,0.0,0.0,0.0,0.0
F,0.0,0.0,0.0,0.0
F,0.0,0.0,0.0,0.0
F,0.0,0.0,0.0,0.0
F,0.0,0.0,0.0,0.0
F,0.0,0.0,0.0,0.0
F,0.0,0.0,0.0,0.0
F,0.0,0.0,0.0,0.0
F,0.0,0.0,0.0,0.0
F,0.0543149,0.0,0.0,0.0543149
F,0.0,0.0,0.0,0.0
F,0.0,0.0,0.0,0.0
F,0.0,0.0,0.0,0.0
F,0.0,0.0,0.0,0.0
F,0.0,0.0,0.0,0.0
F,0.0,0.0,0.0,0.0
F,-0.144076,0.0,0.0,-0.144076
F,0.0,0.0,0.0,0.0
F,0.0,0.0,0.0,0.0
F,0.0,0.0,0.0,0.0
F,0.0,0.0,0.0,0.0
F,0.0,0.0,0.0,0.0
F,0.0,0.0,0.0,0.0
F,0.0260278,0.0,0.0,0.0260278
F,0.0,0.0,0.0,0.0
F,0.0,0.0,0.0,0.0
F,0.0,0.0,0.0,0.0
F,0.0,0.0,0.0,0.0
F,0.0,0.0,0.0,0.0
F,-0.0692362,0.0,0.0,-0.0692362
F,-0.0255621,0.0,0.0,-0.0255621
F,0.0,0.0,0.0,0.0
F,0.0,0.0,0.0,0.0
F,-0.00868893,0.0,0.0,-0.00868893
F,0.0,0.0,0.0,0.0
F,0.0,0.0,0.0,0.0
F,0.0,0.0,0.0,0.0
F,0.0,0.0,0.0,0.0
F,0.0,0.0,0.0,0.0
F,0.00369678,0.0,0.0,0.00369678
F,0.0,0.0,0.0,0.0
F,0.0,0.0,0.0,0.0
F,0.0,0.0,0.0,0.0
F,0.0,0.0,0.0,0.0
F,0.0320228,0.0,0.0,0.0320228
F,0.0,0.0,0.0,0.0
F,0.0,0.0,0.0,0.0
F,0.117448,0.0,0.0,0.117448
F,0.0,0.0,0.0,0.0
F,-0.00462111,0.0,0.0,-0.00462111
F,0.0,0.0,0.0,0.0
F,0.0,0.0,0.0,0.0
F,0.0,0.0,0.0,0.0
F,0.0,0.0,0.0,0.0
F,0.0,0.0,0.0,0.0
F,-0.0120749,0.0,0.0,-0.0120749
F,0.0,0.0,0.0,0.0
F,0.0,0.0,0.0,0.0
F,0.0,0.0,0.0,0.0
F,0.0,0.0,0.0,0.0
F,0.0,0.0,0.0,0.0
F,0.0,0.0,0.0,0.0
F,0.0,0.0,0.0,0.0
F,0.0,0.0,0.0,0.0
F,0.0,0.0,0.0,0.0
F,0.0,0.0,0.0,0.0
F,0.0,0.0,0.0,0.0
F,0.0,0.0,0.0,0.0
F,0.0,0.0,0.0,0.0
F,0.0,0.0,0.0,0.0
F,0.0534663,0.0,0.0,0.0534663
F,0.0537314,0.0,0.0,0.0537314
F,0.0,0.0,0.0,0.0
F,0.0,0.0,0.0,0.0
F,0.0,0.0,0.0,0.0
F,0.0,0.0,0.0,0.0
F,0.0745153,0.0,0.0,0.0745153
F,0.0,0.0,0.0,0.0
F,0.0,0.0,0.0,0.0
F,0.0,0.0,0.0,0.0
F,0.0,0.0,0.0,0.0
F,0.0,0.0,0.0,0.0
F,0.0,0.0,0.0,0.0
F,0.0,0.0,0.0,0.0
F,0.0,0.0,0.0,0.0
F,0.0,0.0,0.0,0.0
F,0.0,0.0,0.0,0.0
F,0.0,0.0,0.0,0.0
F,0.0,0.0,0.0,0.0
F,-0.0306549,0.0,0.0,-0.0306549
F,0.0,0.0,0.0,0.0
F,0.0,0.0,0.0,0.0
F,0.0,0.0,0.0,0.0
F,0.0,0.0,0.0,0.0
F,0.0,0.0,0.0,0.0
F,0.0,0.0,0.0,0.0
F,0.0,0.0,0.0,0.0
F,0.0,0.0,0.0,0.0
F,0.0,0.0,0.0,0.0
F,0.0,0.0,0.0,0.0
F,0.0,0.0,0.0,0.0
F,-0.0552493,0.0,0.0,-0.0552493
F,-0.0769837,0.0,0.0,-0.0769837
F,0.0,0.0,0.0,0.0
F,0.0,0.0,0.0,0.0
F,0.0,0.0,0.0,0.0
F,0.0,0.0,0.0,0.0
F,0.0,0.0,0.0,0.0
F,0.0,0.0,0.0,0.0
F,0.0,0.0,0.0,0.0
F,-0.120687,0.0,0.0,-0.120687
F,0.00821882,0.0,0.0,0.00821882
F,-0.0187992,0.0,0.0,-0.0187992
F,0.0,0.0,0.0,0.0
F,0.0,0.0,0.0,0.0
F,0.0,0.0,0.0,0.0
F,0.0109499,0.0,0.0,0.0109499
F,0.074239,0.0,0.0,0.074239
F,0.0,0.0,0.0,0.0
F,0.0,0.0,0.0,0.0
F,-0.0297627,0.0,0.0,-0.0297627
F,0.0,0.0,0.0,0.0
F,0.0,0.0,0.0,0.0
F,0.0,0.0,0.0,0.0
F,0.0,0.0,0.0,0.0
F,0.0,0.0,0.0,0.0
F,0.0,0.0,0.0,0.0
F,0.0,0.0,0.0,0.0
F,0.0,0.0,0.0,0.0
F,0.0,0.0,0.0,0.0
F,0.0,0.0,0.0,0.0
F,0.0,0.0,0.0,0.0
F,0.0,0.0,0.0,0.0
F,0.0156487,0.0,0.0,0.0156487
F,0.0,0.0,0.0,0.0
F,0.0555699,0.0,0.0,0.0555699
F,0.0,0.0,0.0,0.0
F,0.0,0.0,0.0,0.0
F,0.0,0.0,0.0,0.0
F,0.0,0.0,0.0,0.0
F,0.0,0.0,0.0,0.0
F,-0.00528673,0.0,0.0,-0.00528673
F,0.084421,0.0,0.0,0.084421
F,0.0,0.0,0.0,0.0
F,0.0,0.0,0.0,0.0
F,0.0,0.0,0.0,0.0
F,0.0,0.0,0.0,0.0
F,0.0,0.0,0.0,0.0
F,0.0,0.0,0.0,0.0
F,0.0,0.0,0.0,0.0
F,0.0,0.0,0.0,0.0
F,0.0,0.0,0.0,0.0
F,0.0,0.0,0.0,0.0
F,0.0,0.0,0.0,0.0
F,0.0,0.0,0.0,0.0
F,0.0,0.0,0.0,0.0
F,0.0,0.0,0.0,0.0
F,-0.05995,0.0,0.0,-0.05995
F,0.0,0.0,0.0,0.0
F,0.0,0.0,0.0,0.0
F,0.0,0.0,0.0,0.0
F,0.0,0.0,0.0,0.0
F,0.0,0.0,0.0,0.0
F,0.0,0.0,0.0,0.0
F,0.0,0.0,0.0,0.0
F,0.0,0.0,0.0,0.0
F,0.0,0.0,0.0,0.0
F,0.0321984,0.0,0.0,0.0321984
F,0.0685891,0.0,0.0,0.0685891
F,0.0,0.0,0.0,0.0
F,0.0,0.0,0.0,0.0
F,0.0,0.0,0.0,0.0
F,0.0,0.0,0.0,0.0
F,0.0,0.0,0.0,0.0
F,0.0,0.0,0.0,0.0
F,0.0,0.0,0.0,0.0
F,0.0,0.0,0.0,0.0
F,0.0673851,0.0,0.0,0.0673851
F,0.0,0.0,0.0,0.0
F,0.0956675,0.0,0.0,0.0956675
F,0.0,0.0,0.0,0.0
F,0.0,0.0,0.0,0.0
F,0.0,0.0,0.0,0.0
F,0.0,0.0,0.0,0.0
F,0.0,0.0,0.0,0.0
F,-0.0382271,0.0,0.0,-0.0382271
F,0.0,0.0,0.0,0.0
F,0.0,0.0,0.0,0.0
F,0.0276539,0.0,0.0,0.0276539
F,-0.0255621,0.0,0.0,-0.0255621
F,0.0,0.0,0.0,0.0
F,0.00349261,0.0,0.0,0.00349261
F,0.0,0.0,0.0,0.0
F,0.0,0.0,0.0,0.0
F,0.0,0.0,0.0,0.0
F,0.0,0.0,0.0,0.0
F,0.0,0.0,0.0,0.0
F,0.0974846,0.0,0.0,0.0974846
F,0.0,0.0,0.0,0.0
F,0.0,0.0,0.0,0.0
F,0.0,0.0,0.0,0.0
F,0.0,0.0,0.0,0.0
F,0.0271946,0.0,0.0,0.0271946
F,-0.0769837,0.0,0.0,-0.0769837
F,0.0,0.0,0.0,0.0
F,0.0,0.0,0.0,0.0
F,0.0,0.0,0.0,0.0
F,0.0,0.0,0.0,0.0
F,0.0,0.0,0.0,0.0
F,0.0,0.0,0.0,0.0
F,0.011209,0.0,0.0,0.011209
F,0.0,0.0,0.0,0.0
F,0.0,0.0,0.0,0.0
F,0.0,0.0,0.0,0.0
F,0.0,0.0,0.0,0.0
F,0.0,0.0,0.0,0.0
F,0.0,0.0,0.0,0.0
F,0.0,0.0,0.0,0.0
F,0.0,0.0,0.0,0.0
F,0.0,0.0,0.0,0.0
F,0.0,0.0,0.0,0.0
F,0.0,0.0,0.0,0.0
F,0.0,0.0,0.0,0.0
F,0.0,0.0,0.0,0.0
F,0.0,0.0,0.0,0.0
F,0.0,0.0,0.0,0.0
F,0.0,0.0,0.0,0.0
F,0.0,0.0,0.0,0.0
F,0.0,0.0,0.0,0.0
F,0.00398693,0.0,0.0,0.00398693
F,0.0,0.0,0.0,0.0
F,0.0317417,0.0,0.0,0.0317417
F,0.0,0.0,0.0,0.0
F,0.0,0.0,0.0,0.0
F,0.0178769,0.0,0.0,0.0178769
F,0.0,0.0,0.0,0.0
F,0.0,0.0,0.0,0.0
F,0.0,0.0,0.0,0.0
F,0.0260278,0.0,0.0,0.0260278
F,0.0,0.0,0.0,0.0
F,0.0,0.0,0.0,0.0
F,0.0,0.0,0.0,0.0
F,0.0,0.0,0.0,0.0
F,0.0,0.0,0.0,0.0
F,0.0156487,0.0,0.0,0.0156487
F,0.0,0.0,0.0,0.0
F,0.0,0.0,0.0,0.0
F,0.0,0.0,0.0,0.0
F,0.0,0.0,0.0,0.0
F,0.0,0.0,0.0,0.0
F,0.0,0.0,0.0,0.0
F,0.0,0.0,0.0,0.0
F,0.0,0.0,0.0,0.0
F,0.0,0.0,0.0,0.0
F,0.0,0.0,0.0,0.0
F,0.0,0.0,0.0,0.0
F,0.0,0.0,0.0,0.0
F,0.0,0.0,0.0,0.0
F,0.0,0.0,0.0,0.0
F,0.0,0.0,0.0,0.0
F,0.0,0.0,0.0,0.0
F,0.0,0.0,0.0,0.0
F,0.0,0.0,0.0,0.0
F,-0.0377217,0.0,0.0,-0.0377217
F,0.0,0.0,0.0,0.0
F,0.0,0.0,0.0,0.0
F,0.0,0.0,0.0,0.0
F,0.0,0.0,0.0,0.0
F,0.0,0.0,0.0,0.0
F,0.0,0.0,0.0,0.0
F,0.0,0.0,0.0,0.0
F,0.0,0.0,0.0,0.0
F,0.0,0.0,0.0,0.0
F,-0.0266684,0.0,0.0,-0.0266684
F,0.0,0.0,0.0,0.0
F,0.0,0.0,0.0,0.0
F,0.0,0.0,0.0,0.0
F,0.0317417,0.0,0.0,0.0317417
F,0.0,0.0,0.0,0.0
F,-0.0543381,0.0,0.0,-0.0543381
F,0.0,0.0,0.0,0.0
F,0.0,0.0,0.0,0.0
F,0.0321844,0.0,0.0,0.0321844
F,0.0,0.0,0.0,0.0
F,0.0,0.0,0.0,0.0
F,0.0,0.0,0.0,0.0
F,-0.0875982,0.0,0.0,-0.0875982
F,0.0,0.0,0.0,0.0
F,0.0,0.0,0.0,0.0
F,0.0,0.0,0.0,0.0
F,0.0,0.0,0.0,0.0
F,0.0,0.0,0.0,0.0
F,0.0712239,0.0,0.0,0.0712239
F,0.0,0.0,0.0,0.0
F,0.0,0.0,0.0,0.0
F,0.0,0.0,0.0,0.0
F,0.0,0.0,0.0,0.0
F,0.0,0.0,0.0,0.0
F,0.0,0.0,0.0,0.0
F,-0.0476748,0.0,0.0,-0.0476748
F,0.0835585,0.0,0.0,0.0835585
F,0.0,0.0,0.0,0.0
F,0.0339955,0.0,0.0,0.0339955
F,0.0,0.0,0.0,0.0
F,0.0,0.0,0.0,0.0
F,0.0,0.0,0.0,0.0
F,0.0,0.0,0.0,0.0
F,0.0,0.0,0.0,0.0
F,0.0,0.0,0.0,0.0
F,0.0,0.0,0.0,0.0
F,0.0,0.0,0.0,0.0
F,0.037525,0.0,0.0,0.037525
F,0.0,0.0,0.0,0.0
F,0.0,0.0,0.0,0.0
F,0.0,0.0,0.0,0.0
F,0.0,0.0,0.0,0.0
F,-0.0129687,0.0,0.0,-0.0129687
F,0.0,0.0,0.0,0.0
F,0.0,0.0,0.0,0.0
F,0.0,0.0,0.0,0.0
F,0.0,0.0,0.0,0.0
F,0.0,0.0,0.0,0.0
F,0.0,0.0,0.0,0.0
F,0.0,0.0,0.0,0.0
F,0.0,0.0,0.0,0.0
F,0.0,0.0,0.0,0.0
F,0.0,0.0,0.0,0.0
F,0.0,0.0,0.0,0.0
F,0.0,0.0,0.0,0.0
F,0.0,0.0,0.0,0.0
F,0.0,0.0,0.0,0.0
F,0.0,0.0,0.0,0.0
F,0.0,0.0,0.0,0.0
F,0.0,0.0,0.0,0.0
F,0.0,0.0,0.0,0.0
F,0.0,0.0,0.0,0.0
F,0.0,0.0,0.0,0.0
F,0.0,0.0,0.0,0.0
F,0.0,0.0,0.0,0.0
F,0.00978794,0.0,0.0,0.00978794
F,-0.048376,0.0,0.0,-0.048376
F,0.0,0.0,0.0,0.0
F,0.0,0.0,0.0,0.0
F,0.0,0.0,0.0,0.0
F,0.0,0.0,0.0,0.0
F,0.0,0.0,0.0,0.0
F,0.0,0.0,0.0,0.0
F,0.0,0.0,0.0,0.0
F,0.0,0.0,0.0,0.0
F,-0.0552493,0.0,0.0,-0.0552493
F,0.0,0.0,0.0,0.0
F,-0.00710136,0.0,0.0,-0.00710136
F,0.0,0.0,0.0,0.0
F,0.0,0.0,0.0,0.0
F,-0.0205116,0.0,0.0,-0.0205116
F,0.0,0.0,0.0,0.0
F,0.0,0.0,0.0,0.0
F,0.0,0.0,0.0,0.0
F,0.0558812,0.0,0.0,0.0558812
F,0.0,0.0,0.0,0.0
F,0.0,0.0,0.0,0.0
F,-0.0806113,0.0,0.0,-0.0806113
F,0.0,0.0,0.0,0.0
F,-0.0330467,0.0,0.0,-0.0330467
F,0.0,0.0,0.0,0.0
F,0.0,0.0,0.0,0.0
F,0.0432195,0.0,0.0,0.0432195
F,0.0,0.0,0.0,0.0
F,0.0180852,0.0,0.0,0.0180852
F,0.0,0.0,0.0,0.0
F,0.0,0.0,0.0,0.0
F,0.0,0.0,0.0,0.0
F,0.0,0.0,0.0,0.0
F,0.000969035,0.0,0.0,0.000969035
F,0.0,0.0,0.0,0.0
F,0.0,0.0,0.0,0.0
F,0.0,0.0,0.0,0.0
F,0.0,0.0,0.0,0.0
F,0.0,0.0,0.0,0.0
F,0.0,0.0,0.0,0.0
F,-0.0508208,0.0,0.0,-0.0508208
F,0.0,0.0,0.0,0.0
F,0.0,0.0,0.0,0.0
F,0.0,0.0,0.0,0.0
F,0.0,0.0,0.0,0.0
F,0.0,0.0,0.0,0.0
F,0.0,0.0,0.0,0.0
F,0.0,0.0,0.0,0.0
F,0.0,0.0,0.0,0.0
F,0.0262901,0.0,0.0,0.0262901
F,0.0,0.0,0.0,0.0
F,0.0101128,0.0,0.0,0.0101128
F,0.0,0.0,0.0,0.0
F,0.0,0.0,0.0,0.0
F,0.0,0.0,0.0,0.0
F,0.0,0.0,0.0,0.0
F,-0.0213118,0.0,0.0,-0.0213118
F,0.0,0.0,0.0,0.0
F,0.0,0.0,0.0,0.0
F,0.0,0.0,0.0,0.0
F,0.0378609,0.0,0.0,0.0378609
F,0.0,0.0,0.0,0.0
F,0.0,0.0,0.0,0.0
F,0.0,0.0,0.0,0.0
F,0.0,0.0,0.0,0.0
F,0.0,0.0,0.0,0.0
F,0.0,0.0,0.0,0.0
F,0.0,0.0,0.0,0.0
F,0.0,0.0,0.0,0.0
F,0.0,0.0,0.0,0.0
F,0.0,0.0,0.0,0.0
F,0.0,0.0,0.0,0.0
F,0.0,0.0,0.0,0.0
F,0.0501578,0.0,0.0,0.0501578
F,0.0,0.0,0.0,0.0
F,0.0,0.0,0.0,0.0
F,0.0,0.0,0.0,0.0
F,0.0,0.0,0.0,0.0
F,0.0,0.0,0.0,0.0
F,0.0,0.0,0.0,0.0
F,0.0,0.0,0.0,0.0
F,-0.024861,0.0,0.0,-0.024861
F,0.0,0.0,0.0,0.0
F,0.0,0.0,0.0,0.0
F,0.0,0.0,0.0,0.0
F,0.0,0.0,0.0,0.0
F,0.0,0.0,0.0,0.0
F,0.0,0.0,0.0,0.0
F,0.0,0.0,0.0,0.0
F,0.0,0.0,0.0,0.0
F,0.0,0.0,0.0,0.0
F,0.0,0.0,0.0,0.0
F,0.0,0.0,0.0,0.0
F,0.0,0.0,0.0,0.0
F,0.0,0.0,0.0,0.0
F,0.0,0.0,0.0,0.0
F,0.0,0.0,0.0,0.0
F,-0.0444219,0.0,0.0,-0.0444219
F,0.0,0.0,0.0,0.0
F,0.0,0.0,0.0,0.0
F,0.0,0.0,0.0,0.0
F,0.0170315,0.0,0.0,0.0170315
F,0.0,0.0,0.0,0.0
F,0.0,0.0,0.0,0.0
F,0.0,0.0,0.0,0.0
F,-0.00374766,0.0,0.0,-0.00374766
F,0.0,0.0,0.0,0.0
F,0.0952211,0.0,0.0,0.0952211
F,0.0,0.0,0.0,0.0
F,0.0,0.0,0.0,0.0
F,0.0,0.0,0.0,0.0
F,0.0,0.0,0.0,0.0
F,0.0,0.0,0.0,0.0
F,-0.0414457,0.0,0.0,-0.0414457
F,0.0,0.0,0.0,0.0
F,0.0,0.0,0.0,0.0
F,0.0,0.0,0.0,0.0
F,0.0,0.0,0.0,0.0
F,0.0,0.0,0.0,0.0
F,-0.0223821,0.0,0.0,-0.0223821
F,0.0,0.0,0.0,0.0
F,0.0,0.0,0.0,0.0
F,0.0,0.0,0.0,0.0
F,0.0,0.0,0.0,0.0
F,0.0,0.0,0.0,0.0
F,0.0,0.0,0.0,0.0
F,0.0,0.0,0.0,0.0
F,0.0,0.0,0.0,0.0
F,0.0,0.0,0.0,0.0
F,0.0,0.0,0.0,0.0
F,0.0,0.0,0.0,0.0
F,0.0,0.0,0.0,0.0
F,0.0,0.0,0.0,0.0
F,0.0,0.0,0.0,0.0
F,0.0,0.0,0.0,0.0
F,-0.0414457,0.0,0.0,-0.0414457
F,0.0,0.0,0.0,0.0
F,0.0,0.0,0.0,0.0
F,0.0,0.0,0.0,0.0
F,0.0,0.0,0.0,0.0
F,0.0,0.0,0.0,0.0
F,-0.00464075,0.0,0.0,-0.00464075
F,0.0,0.0,0.0,0.0
F,0.0,0.0,0.0,0.0
F,0.0,0.0,0.0,0.0
F,0.0,0.0,0.0,0.0
F,0.0,0.0,0.0,0.0
F,0.0419848,0.0,0.0,0.0419848
F,-0.0206018,0.0,0.0,-0.0206018
F,0.0,0.0,0.0,0.0
F,0.00632096,0.0,0.0,0.00632096
F,0.0,0.0,0.0,0.0
F,0.0,0.0,0.0,0.0
F,0.0,0.0,0.0,0.0
F,0.0,0.0,0.0,0.0
F,0.0,0.0,0.0,0.0
F,0.0,0.0,0.0,0.0
F,0.0,0.0,0.0,0.0
F,0.0,0.0,0.0,0.0
F,0.0,0.0,0.0,0.0
F,0.0,0.0,0.0,0.0
F,0.0,0.0,0.0,0.0
F,-0.00638868,0.0,0.0,-0.00638868
F,0.0,0.0,0.0,0.0
F,0.0,0.0,0.0,0.0
F,0.0,0.0,0.0,0.0
F,0.0,0.0,0.0,0.0
F,0.0,0.0,0.0,0.0
F,0.0,0.0,0.0,0.0
F,0.0,0.0,0.0,0.0
F,0.0,0.0,0.0,0.0
F,0.0517895,0.0,0.0,0.0517895
F,0.0,0.0,0.0,0.0
F,0.0242239,0.0,0.0,0.0242239
F,0.0,0.0,0.0,0.0
F,0.0231823,0.0,0.0,0.0231823
F,0.0534663,0.0,0.0,0.0534663
F,0.0,0.0,0.0,0.0
F,0.0,0.0,0.0,0.0
F,0.0,0.0,0.0,0.0
F,0.0,0.0,0.0,0.0
F,0.0,0.0,0.0,0.0
F,0.0,0.0,0.0,0.0
F,0.0,0.0,0.0,0.0
F,0.0,0.0,0.0,0.0
F,0.0,0.0,0.0,0.0
F,0.0,0.0,0.0,0.0
F,0.0,0.0,0.0,0.0
F,0.0,0.0,0.0,0.0
F,0.0,0.0,0.0,0.0
F,0.0,0.0,0.0,0.0
F,0.0,0.0,0.0,0.0
F,0.0,0.0,0.0,0.0
F,0.0,0.0,0.0,0.0
F,0.0,0.0,0.0,0.0
F,0.0,0.0,0.0,0.0
F,0.0,0.0,0.0,0.0
F,0.0,0.0,0.0,0.0
F,0.0,0.0,0.0,0.0
F,0.0,0.0,0.0,0.0
F,0.0,0.0,0.0,0.0
F,0.0,0.0,0.0,0.0
F,0.0,0.0,0.0,0.0
F,-0.0769837,0.0,0.0,-0.0769837
F,0.0,0.0,0.0,0.0
F,0.0,0.0,0.0,0.0
F,0.0,0.0,0.0,0.0
F,0.0,0.0,0.0,0.0
F,0.0,0.0,0.0,0.0
F,0.0,0.0,0.0,0.0
F,0.0,0.0,0.0,0.0
F,-0.0105149,0.0,0.0,-0.0105149
F,0.0,0.0,0.0,0.0
F,-0.0237658,0.0,0.0,-0.0237658
F,0.0,0.0,0.0,0.0
F,0.0563882,0.0,0.0,0.0563882
F,0.0,0.0,0.0,0.0
F,0.0378609,0.0,0.0,0.0378609
F,0.0,0.0,0.0,0.0
F,0.0,0.0,0.0,0.0
F,0.0,0.0,0.0,0.0
F,0.0,0.0,0.0,0.0
F,0.0,0.0,0.0,0.0
F,0.0,0.0,0.0,0.0
F,0.0,0.0,0.0,0.0
F,0.0632462,0.0,0.0,0.0632462
F,0.0,0.0,0.0,0.0
F,0.0431011,0.0,0.0,0.0431011
F,0.0,0.0,0.0,0.0
F,0.0,0.0,0.0,0.0
F,-0.0416679,0.0,0.0,-0.0416679
F,0.108115,0.0,0.0,0.108115
F,0.0,0.0,0.0,0.0
F,0.0133688,0.0,0.0,0.0133688
F,0.0,0.0,0.0,0.0
F,0.0,0.0,0.0,0.0
F,0.0,0.0,0.0,0.0
F,0.0,0.0,0.0,0.0
F,0.0,0.0,0.0,0.0
F,0.0,0.0,0.0,0.0
F,0.0,0.0,0.0,0.0
F,0.0,0.0,0.0,0.0
F,0.0,0.0,0.0,0.0
F,0.0,0.0,0.0,0.0
F,0.0,0.0,0.0,0.0
F,0.0,0.0,0.0,0.0
F,0.0,0.0,0.0,0.0
F,-0.0175823,0.0,0.0,-0.0175823
F,0.0,0.0,0.0,0.0
F,0.00557019,0.0,0.0,0.00557019
F,0.0,0.0,0.0,0.0
F,0.0,0.0,0.0,0.0
F,0.0,0.0,0.0,0.0
F,0.0,0.0,0.0,0.0
F,0.0,0.0,0.0,0.0
F,0.0,0.0,0.0,0.0
F,0.0,0.0,0.0,0.0
F,0.0,0.0,0.0,0.0
F,0.0,0.0,0.0,0.0
F,0.0,0.0,0.0,0.0
F,0.0,0.0,0.0,0.0
F,0.0,0.0,0.0,0.0
F,0.0405808,0.0,0.0,0.0405808
F,0.0,0.0,0.0,0.0
F,0.0,0.0,0.0,0.0
F,0.0,0.0,0.0,0.0
F,-0.0753974,0.0,0.0,-0.0753974
F,0.0387173,0.0,0.0,0.0387173
F,-0.0175823,0.0,0.0,-0.0175823
F,0.0237307,0.0,0.0,0.0237307
F,-0.0290684,0.0,0.0,-0.0290684
F,0.0,0.0,0.0,0.0
F,0.0,0.0,0.0,0.0
F,0.0,0.0,0.0,0.0
F,0.0,0.0115564,0.0115564,0.0115564
F,0.0,0.0,0.0,0.0
F,0.0,0.0,0.0,0.0
F,-0.133047,0.0,0.0,-0.133047
F,0.0,0.0,0.0,0.0
F,0.0,0.0,0.0,0.0
F,0.0,0.0,0.0,0.0
F,0.00904267,0.0,0.0,0.00904267
F,-0.0382271,0.0,0.0,-0.0382271
F,0.0,0.0,0.0,0.0
F,0.0,0.0,0.0,0.0
F,0.0,0.0,0.0,0.0
F,0.0,0.0,0.0,0.0
F,0.0,0.0,0.0,0.0
F,0.0,0.0,0.0,0.0
F,0.0,0.0,0.0,0.0
F,0.0,0.0,0.0,0.0
F,0.0309507,0.0,0.0,0.0309507
F,-0.0692196,0.0,0.0,-0.0692196
F,-0.0139721,0.0,0.0,-0.0139721
F,0.0,0.0,0.0,0.0
F,0.0,0.0,0.0,0.0
F,0.0,0.0,0.0,0.0
F,0.0,0.0,0.0,0.0
F,0.0,0.0,0.0,0.0
F,0.0,0.0,0.0,0.0
F,0.0231823,0.0,0.0,0.0231823
F,0.0,0.0,0.0,0.0
F,0.0,0.0,0.0,0.0
F,0.0,0.0,0.0,0.0
F,0.0,0.0,0.0,0.0
F,0.0,0.0,0.0,0.0
F,0.0,0.0,0.0,0.0
F,0.0,0.0,0.0,0.0
F,0.0,0.0,0.0,0.0
F,0.0,0.0,0.0,0.0
F,0.0,0.0,0.0,0.0
F,0.0,0.0,0.0,0.0
F,0.0,0.0,0.0,0.0
F,-0.0305868,0.0,0.0,-0.0305868
F,0.0,0.0,0.0,0.0
F,0.0,0.0,0.0,0.0
F,0.0,0.0,0.0,0.0
F,0.0,0.0,0.0,0.0
F,0.0,0.0,0.0,0.0
F,0.0,0.0,0.0,0.0
F,0.0,0.0,0.0,0.0
F,0.0,0.0,0.0,0.0
F,0.0,0.0,0.0,0.0
F,-0.0136226,0.0,0.0,-0.0136226
F,0.0,0.0,0.0,0.0
F,-0.0543381,0.0,0.0,-0.0543381
F,-0.048334,0.0,0.0,-0.048334
F,0.0926796,0.0,0.0,0.0926796
F,0.0,0.0,0.0,0.0
F,0.0,0.0,0.0,0.0
F,0.0,0.0,0.0,0.0
F,0.0,0.0,0.0,0.0
F,0.00286396,0.0,0.0,0.00286396
F,0.0,0.0,0.0,0.0
F,0.0,0.0,0.0,0.0
F,0.0,0.0,0.0,0.0
F,0.0,0.0,0.0,0.0
F,0.0,0.0,0.0,0.0
F,0.0,0.0,0.0,0.0
F,0.0,0.0,0.0,0.0
F,0.0,0.0,0.0,0.0
F,0.0,0.0,0.0,0.0
F,-0.0569672,0.0,0.0,-0.0569672
F,0.0,0.0,0.0,0.0
F,0.0,0.0,0.0,0.0
F,0.0,0.0,0.0,0.0
F,-0.0287707,0.0,0.0,-0.0287707
F,0.0,0.0,0.0,0.0
F,0.0,0.0,0.0,0.0
F,0.0,0.0,0.0,0.0
F,0.0,0.0,0.0,0.0
F,0.0,0.0115564,0.0115564,0.0115564
F,-0.0146863,0.0,0.0,-0.0146863
F,0.0,0.0,0.0,0.0
F,-0.0266684,0.0,0.0,-0.0266684
F,0.0332929,0.0,0.0,0.0332929
F,0.0,0.0,0.0,0.0
F,-0.0520248,0.0,0.0,-0.0520248
F,0.0,0.0,0.0,0.0
F,0.0,0.0,0.0,0.0
F,0.0,0.0,0.0,0.0
F,0.0,0.0,0.0,0.0
F,0.0,0.0,0.0,0.0
F,0.0,0.0,0.0,0.0
F,0.0,0.0,0.0,0.0
F,0.0,0.0,0.0,0.0
F,0.0,0.0,0.0,0.0
F,0.0,0.0,0.0,0.0
F,0.0,0.0,0.0,0.0
F,-0.0620782,0.0,0.0,-0.0620782
F,0.0,0.0,0.0,0.0
F,0.0,0.0,0.0,0.0
F,0.0,0.0,0.0,0.0
F,-0.0353865,0.0,0.0,-0.0353865
F,0.0,0.0,0.0,0.0
F,0.0,0.0,0.0,0.0
F,0.0,0.0,0.0,0.0
F,0.0,0.0,0.0,0.0
F,0.0,0.0,0.0,0.0
F,-0.0171254,0.0,0.0,-0.0171254
F,0.0,0.0,0.0,0.0
F,0.0,0.0,0.0,0.0
F,0.0,0.0,0.0,0.0
F,0.0,0.0,0.0,0.0
F,0.0,0.0,0.0,0.0
F,0.0,0.0,0.0,0.0
F,0.0,0.0,0.0,0.0
F,0.0,0.0,0.0,0.0
F,0.0,0.0,0.0,0.0
F,0.0,0.0,0.0,0.0
F,0.0,0.0,0.0,0.0
F,0.0,0.0,0.0,0.0
F,0.0,0.0,0.0,0.0
F,0.0231823,0.0,0.0,0.0231823
F,0.0,0.0,0.0,0.0
F,0.0,0.0,0.0,0.0
F,0.0,0.0,0.0,0.0
F,0.0,0.0,0.0,0.0
F,0.0,0.0,0.0,0.0
F,0.00441273,0.0,0.0,0.00441273
F,0.0,0.0,0.0,0.0
F,0.0,0.0,0.0,0.0
F,0.0,0.0,0.0,0.0
F,-0.00920479,0.0,0.0,-0.00920479
F,0.0,0.0,0.0,0.0
F,0.0,0.0,0.0,0.0
F,0.0,0.0,0.0,0.0
F,0.0,0.0,0.0,0.0
F,0.0,0.0,0.0,0.0
F,0.0,0.0,0.0,0.0
F,0.00234378,0.0,0.0,0.00234378
F,0.0,0.0,0.0,0.0
F,0.0,0.0,0.0,0.0
F,0.0,0.0,0.0,0.0
F,0.0,0.0,0.0,0.0
F,0.0,0.0,0.0,0.0
F,0.0,0.0,0.0,0.0
F,-0.0129687,0.0,0.0,-0.0129687
F,0.0,0.0,0.0,0.0
F,0.0,0.0,0.0,0.0
F,0.0,0.0,0.0,0.0
F,-0.0633463,0.0,0.0,-0.0633463
F,0.0,0.0,0.0,0.0
F,0.0,0.0,0.0,0.0
F,-0.0267649,0.0,0.0,-0.0267649
F,0.0,0.0,0.0,0.0
F,0.0,0.0,0.0,0.0
F,0.0,0.0,0.0,0.0
F,-0.0276656,0.0,0.0,-0.0276656
F,0.0,0.0,0.0,0.0
F,0.0,0.0,0.0,0.0
F,0.0,0.0,0.0,0.0
F,0.0,0.0,0.0,0.0
F,0.0,0.0,0.0,0.0
F,0.0,0.0,0.0,0.0
F,-0.00507016,0.0,0.0,-0.00507016
F,0.0,0.0,0.0,0.0
F,0.0,0.0,0.0,0.0
F,0.0,0.0,0.0,0.0
F,-0.0794719,0.0,0.0,-0.0794719
F,-0.027468,0.0,0.0,-0.027468
F,0.0,0.0,0.0,0.0
F,0.0,0.0,0.0,0.0
F,0.0,0.0,0.0,0.0
F,0.0,0.0,0.0,0.0
F,0.0284638,0.0,0.0,0.0284638
F,0.0,0.0,0.0,0.0
F,0.0,0.0,0.0,0.0
F,0.0,0.0,0.0,0.0
F,0.0,0.0,0.0,0.0
F,0.0,0.0,0.0,0.0
F,0.0,0.0,0.0,0.0
F,0.0173726,0.0,0.0,0.0173726
F,0.0,0.0,0.0,0.0
F,0.0,0.0,0.0,0.0
F,0.0,0.0,0.0,0.0
F,0.0,0.0,0.0,0.0
F,0.0,0.0,0.0,0.0
F,0.0,0.0,0.0,0.0
F,0.0,0.0,0.0,0.0
F,0.0,0.0,0.0,0.0
F,0.0,0.0,0.0,0.0
F,0.0,0.0,0.0,0.0
F,0.0,0.0,0.0,0.0
F,0.0340383,0.0,0.0,0.0340383
F,0.0359447,0.0,0.0,0.0359447
F,-0.0146863,0.0,0.0,-0.0146863
F,0.0,0.0,0.0,0.0
F,0.0,0.0,0.0,0.0
F,0.0,0.0,0.0,0.0
F,0.0,0.0,0.0,0.0
F,0.0,0.0,0.0,0.0
F,0.0,0.0,0.0,0.0
F,-0.0195611,0.0,0.0,-0.0195611
F,0.0,0.0,0.0,0.0
F,0.0,0.0,0.0,0.0
F,0.0,0.0,0.0,0.0
F,0.0,0.0,0.0,0.0
F,0.0,0.0,0.0,0.0
F,0.0,0.0,0.0,0.0
F,0.0,0.0,0.0,0.0
F,0.0,0.0,0.0,0.0
F,0.0,0.0,0.0,0.0
F,0.0,0.0,0.0,0.0
F,0.0487266,0.0,0.0,0.0487266
F,0.0461375,0.0,0.0,0.0461375
F,0.0,0.0,0.0,0.0
F,0.0,0.0,0.0,0.0
F,0.0,0.0,0.0,0.0
F,0.0,0.0,0.0,0.0
F,0.0,0.0,0.0,0.0
F,0.0,0.0,0.0,0.0
F,0.0,0.0,0.0,0.0
F,0.0,0.0,0.0,0.0
F,-0.00134006,0.0,0.0,-0.00134006
F,0.0,0.0,0.0,0.0
F,0.0,0.0,0.0,0.0
F,0.0,0.0,0.0,0.0
F,0.0,0.0,0.0,0.0
F,0.0,0.0,0.0,0.0
F,0.0,0.0,0.0,0.0
F,0.0,0.0,0.0,0.0
F,0.0,0.0,0.0,0.0
F,0.0,0.0,0.0,0.0
F,0.0,0.0,0.0,0.0
F,0.0,0.0,0.0,0.0
F,0.0,0.0,0.0,0.0
F,0.0487266,0.0,0.0,0.0487266
F,0.0,0.0,0.0,0.0
F,0.0,0.0,0.0,0.0
F,0.0,0.0,0.0,0.0
F,0.0,0.0,0.0,0.0
F,0.0,0.0,0.0,0.0
F,0.0,0.0,0.0,0.0
F,0.0,0.0,0.0,0.0
F,0.0,0.0,0.0,0.0
F,0.0,0.0,0.0,0.0
F,0.0,0.0,0.0,0.0
F,0.0,0.0,0.0,0.0
F,0.0,0.0,0.0,0.0
F,0.0,0.0,0.0,0.0
F,0.0,0.0,0.0,0.0
F,0.0,0.0,0.0,0.0
F,0.0,0.0,0.0,0.0
F,0.0,0.0,0.0,0.0
F,0.0,0.0,0.0,0.0
F,0.0,0.0,0.0,0.0
F,0.0,0.0,0.0,0.0
F,0.0,0.0,0.0,0.0
F,0.0,0.0,0.0,0.0
F,0.0,0.0,0.0,0.0
F,0.0,0.0,0.0,0.0
F,0.0,0.0,0.0,0.0
F,0.0,0.0,0.0,0.0
F,-0.0231508,0.0,0.0,-0.0231508
F,0.0,0.0,0.0,0.0
F,0.0,0.0,0.0,0.0
F,0.0,0.0,0.0,0.0
F,0.0,0.0,0.0,0.0
F,0.0,0.0,0.0,0.0
F,0.0,0.0,0.0,0.0
F,0.0,0.0,0.0,0.0
F,0.0,0.0,0.0,0.0
F,0.0,0.0,0.0,0.0
F,0.0,0.0,0.0,0.0
F,0.0,0.0,0.0,0.0
F,0.0,0.0,0.0,0.0
F,0.0,0.0,0.0,0.0
F,0.0,0.0,0.0,0.0
F,0.0,0.0,0.0,0.0
F,0.0,0.0,0.0,0.0
F,0.0,0.0,0.0,0.0
F,-0.0175823,0.0,0.0,-0.0175823
F,0.0,0.0,0.0,0.0
F,0.0,0.0,0.0,0.0
F,0.0,0.0,0.0,0.0
F,0.0,0.0,0.0,0.0
F,0.0,0.0,0.0,0.0
F,0.0,0.0,0.0,0.0
F,0.0,0.0,0.0,0.0
F,0.0,0.0,0.0,0.0
F,0.0,0.0,0.0,0.0
F,0.0,0.0,0.0,0.0
F,0.0,0.0,0.0,0.0
F,0.0,0.0,0.0,0.0
F,-0.000103168,0.0,0.0,-0.000103168
F,0.0,0.0,0.0,0.0
F,0.0,0.0,0.0,0.0
F,0.0,0.0,0.0,0.0
F,0.0,0.0,0.0,0.0
F,-0.0755491,0.0,0.0,-0.0755491
F,0.0,0.0,0.0,0.0
F,0.0,0.0,0.0,0.0
F,0.0,0.0,0.0,0.0
F,0.0,0.0,0.0,0.0
F,-0.0304719,0.0,0.0,-0.0304719
F,0.0,0.0,0.0,0.0
F,-0.0166773,0.0,0.0,-0.0166773
F,0.0317417,0.0,0.0,0.0317417
F,0.0238843,0.0,0.0,0.0238843
F,0.0,0.0,0.0,0.0
F,-0.0375762,0.0,0.0,-0.0375762
F,0.0,0.0,0.0,0.0
F,0.0,0.0,0.0,0.0
F,0.0,0.0,0.0,0.0
F,0.0,0.0,0.0,0.0
F,0.0,0.0,0.0,0.0
F,0.0,0.0,0.0,0.0
F,0.0,0.0,0.0,0.0
F,0.0,0.0,0.0,0.0
F,0.0,0.0,0.0,0.0
F,0.0,0.0,0.0,0.0
F,0.0,0.0,0.0,0.0
F,0.0,0.0,0.0,0.0
F,0.0,0.0,0.0,0.0
F,-0.0307507,0.0,0.0,-0.0307507
F,0.0,0.0,0.0,0.0
F,0.0,0.0,0.0,0.0
F,0.0,0.0,0.0,0.0
F,0.0,0.0,0.0,0.0
F,0.0,0.0,0.0,0.0
F,0.097654,0.0,0.0,0.097654
F,0.0,0.0,0.0,0.0
F,0.0,0.0,0.0,0.0
F,0.0,0.0,0.0,0.0
F,0.0,0.0,0.0,0.0
F,0.0,0.0,0.0,0.0
F,0.0,0.0,0.0,0.0
F,0.0,0.0,0.0,0.0
F,0.0,0.0,0.0,0.0
F,0.0,0.0,0.0,0.0
F,0.0,0.0,0.0,0.0
F,0.0,0.0,0.0,0.0
F,0.0,0.0,0.0,0.0
F,0.0,0.0,0.0,0.0
F,0.0,0.0,0.0,0.0
F,0.0,0.0,0.0,0.0
F,0.0,0.0,0.0,0.0
F,0.0,0.0,0.0,0.0
F,0.0,0.0,0.0,0.0
F,0.0,0.0,0.0,0.0
F,0.0,0.0,0.0,0.0
F,0.0,0.0,0.0,0.0
F,0.0,0.0,0.0,0.0
F,0.0,0.0,0.0,0.0
F,0.0422231,0.0,0.0,0.0422231
F,0.0,0.0,0.0,0.0
F,0.0,0.0,0.0,0.0
F,0.0,0.0,0.0,0.0
F,0.0,0.0,0.0,0.0
F,0.0,0.0,0.0,0.0
F,0.0,0.0,0.0,0.0
F,0.0,0.0,0.0,0.0
F,0.0,0.0,0.0,0.0
F,0.0,0.0,0.0,0.0
F,0.0,0.0,0.0,0.0
F,0.0,0.0,0.0,0.0
F,0.0,0.0,0.0,0.0
F,0.0,0.0,0.0,0.0
F,0.0,0.0,0.0,0.0
F,0.108115,0.0,0.0,0.108115
F,0.0,0.0,0.0,0.0
F,-0.0414457,0.0,0.0,-0.0414457
F,0.0,0.0,0.0,0.0
F,0.0,0.0,0.0,0.0
F,0.0,0.0,0.0,0.0
F,-0.113127,0.0,0.0,-0.113127
F,0.0,0.0,0.0,0.0
F,0.0,0.0,0.0,0.0
F,-0.00464075,0.0,0.0,-0.00464075
F,0.0410172,0.0,0.0,0.0410172
F,0.0,0.0,0.0,0.0
F,0.0,0.0,0.0,0.0
F,0.0,0.0,0.0,0.0
F,0.0,0.0,0.0,0.0
F,-0.0255621,0.0,0.0,-0.0255621
F,0.0,0.0,0.0,0.0
F,0.0,0.0,0.0,0.0
F,-0.0414457,0.0,0.0,-0.0414457
F,0.0,0.0,0.0,0.0
F,0.0,0.0,0.0,0.0
F,0.0,0.0,0.0,0.0
F,0.0,0.0,0.0,0.0
F,0.0,0.0,0.0,0.0
F,0.0,0.0,0.0,0.0
F,0.005156,0.0,0.0,0.005156
F,0.0,0.0,0.0,0.0
F,0.0,0.0,0.0,0.0
F,0.0,0.0,0.0,0.0
F,0.0,0.0,0.0,0.0
F,0.0453347,0.0,0.0,0.0453347
F,0.00977133,0.0,0.0,0.00977133
F,0.0,0.0,0.0,0.0
F,-0.0809998,0.0,0.0,-0.0809998
F,0.0,0.0,0.0,0.0
F,0.0,0.0,0.0,0.0
F,0.0,0.0,0.0,0.0
F,0.0,0.0,0.0,0.0
F,0.0,0.0,0.0,0.0
F,0.0657762,0.0,0.0,0.0657762
F,0.0,0.0,0.0,0.0
F,-0.0184072,0.0,0.0,-0.0184072
F,0.0,0.0,0.0,0.0
F,0.0,0.0,0.0,0.0
F,0.0,0.0,0.0,0.0
F,0.0,0.0,0.0,0.0
F,-0.0519314,0.0,0.0,-0.0519314
F,0.0285032,0.0,0.0,0.0285032
F,0.0,0.0,0.0,0.0
F,0.0,0.0,0.0,0.0
F,0.0120741,0.0,0.0,0.0120741
F,0.0,0.0,0.0,0.0
F,0.0,0.0,0.0,0.0
F,0.0,0.0,0.0,0.0
F,-0.0114458,0.0,0.0,-0.0114458
F,0.0,0.0,0.0,0.0
F,-0.0115703,0.0,0.0,-0.0115703
F,0.0,0.0,0.0,0.0
F,0.0,0.0,0.0,0.0
F,0.0,0.0,0.0,0.0
F,-0.0266684,0.0,0.0,-0.0266684
F,0.0,0.0,0.0,0.0
F,0.0,0.0,0.0,0.0
F,0.0,0.0,0.0,0.0
F,0.0,0.0,0.0,0.0
F,-0.0265819,0.0,0.0,-0.0265819
F,0.0,0.0,0.0,0.0
F,0.0,0.0,0.0,0.0
F,0.0,0.0,0.0,0.0
F,0.0,0.0,0.0,0.0
F,0.0,0.0,0.0,0.0
F,0.0,0.0,0.0,0.0
F,0.0,0.0,0.0,0.0
F,0.0,0.0,0.0,0.0
F,0.0,0.0,0.0,0.0
F,0.0,0.0,0.0,0.0
F,-0.0584619,0.0,0.0,-0.0584619
F,0.0,0.0,0.0,0.0
F,0.0,0.0,0.0,0.0
F,0.0,0.0,0.0,0.0
F,0.0,0.0,0.0,0.0
F,0.0,0.0,0.0,0.0
F,0.0,0.0,0.0,0.0
F,0.0,0.0,0.0,0.0
F,0.0,0.0,0.0,0.0
F,0.0,0.0,0.0,0.0
F,0.0,0.0,0.0,0.0
F,0.0,0.0,0.0,0.0
F,0.0,0.0,0.0,0.0
F,0.0,0.0,0.0,0.0
F,0.0,0.0,0.0,0.0
F,0.0,0.0,0.0,0.0
F,0.0106685,0.0,0.0,0.0106685
F,0.0,0.0,0.0,0.0
F,0.0,0.0,0.0,0.0
F,-0.0769837,0.0,0.0,-0.0769837
F,0.0,0.0,0.0,0.0
F,0.0,0.0,0.0,0.0
F,0.0,0.0,0.0,0.0
F,0.0,0.0,0.0,0.0
F,-0.000875041,0.0,0.0,-0.000875041
F,0.0,0.0,0.0,0.0
F,0.0,0.0,0.0,0.0
F,0.0,0.0,0.0,0.0
F,0.0,0.0,0.0,0.0
F,0.005156,0.0,0.0,0.005156
F,-0.0794719,0.0,0.0,-0.0794719
F,0.0,0.0,0.0,0.0
F,0.0,0.0,0.0,0.0
F,-0.00172508,0.0,0.0,-0.00172508
F,0.0,0.0,0.0,0.0
F,0.0,0.0,0.0,0.0
F,-0.0139721,0.0,0.0,-0.0139721
F,0.0,0.0,0.0,0.0
F,0.0,0.0,0.0,0.0
F,0.0,0.0,0.0,0.0
F,0.0,0.0,0.0,0.0
F,0.0,0.0,0.0,0.0
F,0.0,0.0,0.0,0.0
F,0.0,0.0,0.0,0.0
F,0.0,0.0,0.0,0.0
F,0.0,0.0,0.0,0.0
F,0.0,0.0,0.0,0.0
F,0.0673107,0.0,0.0,0.0673107
F,0.0419848,0.0,0.0,0.0419848
F,0.0,0.0,0.0,0.0
F,0.0,0.0,0.0,0.0
F,0.0,0.0,0.0,0.0
F,0.0,0.0,0.0,0.0
F,0.0,0.0,0.0,0.0
F,0.0,0.0,0.0,0.0
F,0.0,0.0,0.0,0.0
F,0.0,0.0,0.0,0.0
F,0.0,0.0,0.0,0.0
F,0.0,0.0,0.0,0.0
F,0.0,0.0,0.0,0.0
F,0.0,0.0,0.0,0.0
F,-0.122296,0.0,0.0,-0.122296
F,0.0,0.0,0.0,0.0
F,0.0,0.0,0.0,0.0
F,0.0,0.0,0.0,0.0
F,0.0,0.0,0.0,0.0
F,0.0,0.0,0.0,0.0
F,0.0,0.0,0.0,0.0
F,0.0,0.0,0.0,0.0
F,-0.0213715,0.0,0.0,-0.0213715
F,0.0,0.0,0.0,0.0
F,0.0300761,0.0,0.0,0.0300761
F,0.0,0.0,0.0,0.0
F,0.0664324,0.0,0.0,0.0664324
F,0.0,0.0,0.0,0.0
F,0.0,0.0,0.0,0.0
F,0.0,0.0,0.0,0.0
F,0.0,0.0,0.0,0.0
F,0.0,0.0,0.0,0.0
F,0.0,0.0,0.0,0.0
F,0.0,0.0,0.0,0.0
F,0.0,0.0,0.0,0.0
F,0.0,0.0,0.0,0.0
F,0.0408278,0.0,0.0,0.0408278
F,0.0,0.0,0.0,0.0
F,-0.0100579,0.0,0.0,-0.0100579
F,0.0,0.0,0.0,0.0
F,0.0,0.0,0.0,0.0
F,0.0,0.0,0.0,0.0
F,-0.0129687,0.0,0.0,-0.0129687
F,0.0,0.0,0.0,0.0
F,0.0,0.0,0.0,0.0
F,0.0,0.0,0.0,0.0
F,0.0,0.0,0.0,0.0
F,0.0,0.0,0.0,0.0
F,0.0,0.0,0.0,0.0
F,0.0,0.0,0.0,0.0
F,0.0,0.0,0.0,0.0
F,0.0,0.0,0.0,0.0
F,0.0,0.0,0.0,0.0
F,0.0,0.0,0.0,0.0
F,-0.05995,0.0,0.0,-0.05995
F,0.0,0.0,0.0,0.0
F,0.0,0.0,0.0,0.0
F,0.0,0.0,0.0,0.0
F,-0.113155,0.0,0.0,-0.113155
F,0.0,0.0,0.0,0.0
F,-0.0744794,0.0,0.0,-0.0744794
F,0.0,0.0,0.0,0.0
F,0.0710585,0.0,0.0,0.0710585
F,0.0,0.0,0.0,0.0
F,0.0,0.0,0.0,0.0
F,0.0,0.0,0.0,0.0
F,0.0,0.0,0.0,0.0
F,0.0,0.0,0.0,0.0
F,0.0,0.0,0.0,0.0
F,0.0,0.0,0.0,0.0
F,0.0,0.0,0.0,0.0
F,-0.0473366,0.0,0.0,-0.0473366
F,0.0,0.0,0.0,0.0
F,0.0,0.0,0.0,0.0
F,0.0,0.0,0.0,0.0
F,0.0,0.0,0.0,0.0
F,0.0,0.0,0.0,0.0
F,0.154677,0.0,0.0,0.154677
F,0.050312,0.0,0.0,0.050312
F,0.0186169,0.0,0.0,0.0186169
F,0.0,0.0,0.0,0.0
F,-0.0375762,0.0,0.0,-0.0375762
F,0.0,0.0,0.0,0.0
F,0.0,0.0,0.0,0.0
F,0.0,0.0,0.0,0.0
F,0.0,0.0,0.0,0.0
F,0.0,0.0,0.0,0.0
F,0.0,0.0,0.0,0.0
F,0.0,0.0,0.0,0.0
F,0.0,0.0,0.0,0.0
F,0.0,0.0,0.0,0.0
F,0.0,0.0,0.0,0.0
F,0.0,0.0,0.0,0.0
F,0.0378609,0.0,0.0,0.0378609
F,0.0,0.0,0.0,0.0
F,0.0321984,0.0,0.0,0.0321984
F,0.0,0.0,0.0,0.0
F,0.0,0.0,0.0,0.0
F,0.0,0.0,0.0,0.0
F,0.0,0.0,0.0,0.0
F,0.0,0.0,0.0,0.0
F,0.0,0.0,0.0,0.0
F,0.0,0.0,0.0,0.0
F,0.0,0.0,0.0,0.0
F,0.0,0.0,0.0,0.0
F,-0.098654,0.0,0.0,-0.098654
F,0.0,0.0,0.0,0.0
F,-0.0277679,0.0,0.0,-0.0277679
F,0.0,0.0,0.0,0.0
F,0.0,0.0,0.0,0.0
F,0.0,0.0,0.0,0.0
F,0.0,0.0,0.0,0.0
F,0.0,0.0,0.0,0.0
F,0.0,0.0,0.0,0.0
F,0.0,0.0,0.0,0.0
F,0.0,0.0,0.0,0.0
F,0.0,0.0,0.0,0.0
F,0.0,0.0,0.0,0.0
F,0.0,0.0,0.0,0.0
F,0.0,0.0,0.0,0.0
F,0.0,0.0,0.0,0.0
F,0.0,0.0,0.0,0.0
F,0.0,0.0,0.0,0.0
F,0.0,0.0,0.0,0.0
F,0.0,0.0,0.0,0.0
F,0.0,0.0,0.0,0.0
F,0.0,0.0,0.0,0.0
F,0.0453347,0.0,0.0,0.0453347
F,0.0,0.0,0.0,0.0
F,0.0,0.0,0.0,0.0
F,0.0,0.0,0.0,0.0
F,-0.0213118,0.0,0.0,-0.0213118
F,0.0,0.0,0.0,0.0
F,0.0,0.0,0.0,0.0
F,0.0,0.0,0.0,0.0
F,0.0,0.0,0.0,0.0
F,0.0,0.0,0.0,0.0
F,0.0,0.0,0.0,0.0
F,0.0,0.0,0.0,0.0
F,0.0,0.0,0.0,0.0
F,0.0279667,0.0,0.0,0.0279667
F,0.0,0.0,0.0,0.0
F,0.0,0.0,0.0,0.0
F,0.0,0.0,0.0,0.0
F,-0.0520248,0.0,0.0,-0.0520248
F,0.0,0.0,0.0,0.0
F,0.0852825,0.0,0.0,0.0852825
F,0.0,0.0,0.0,0.0
F,0.0,0.0,0.0,0.0
F,-0.0100579,0.0,0.0,-0.0100579
F,0.0,0.0,0.0,0.0
F,0.0,0.0,0.0,0.0
F,0.0,0.0,0.0,0.0
F,0.0,0.0,0.0,0.0
F,0.0,0.0,0.0,0.0
F,0.0,0.0,0.0,0.0
F,0.0312672,0.0,0.0,0.0312672
F,0.0,0.0,0.0,0.0
F,0.0,0.0,0.0,0.0
F,0.0,0.0,0.0,0.0
F,0.0,0.0,0.0,0.0
F,0.0,0.0,0.0,0.0
F,0.0,0.0,0.0,0.0
F,0.0,0.0,0.0,0.0
F,0.0,0.0,0.0,0.0
F,0.0,0.0,0.0,0.0
F,0.0,0.0,0.0,0.0
F,0.0,0.0,0.0,0.0
F,0.0,0.0,0.0,0.0
F,0.0,0.0,0.0,0.0
F,0.0,0.0,0.0,0.0
F,0.0,0.0,0.0,0.0
F,0.0516292,0.0,0.0,0.0516292
F,0.0170091,0.0,0.0,0.0170091
F,0.108115,0.0,0.0,0.108115
F,0.0,0.0,0.0,0.0
F,0.0,0.0,0.0,0.0
F,-0.0316239,0.0115564,0.0115564,-0.0200676
F,0.0,0.0,0.0,0.0
F,0.0461375,0.0,0.0,0.0461375
F,-0.0375762,0.0,0.0,-0.0375762
F,0.0,0.0,0.0,0.0
F,0.0,0.0,0.0,0.0
F,0.0,0.0,0.0,0.0
F,0.0,0.0,0.0,0.0
F,0.0,0.0,0.0,0.0
F,0.0,0.0,0.0,0.0
F,0.0,0.0,0.0,0.0
F,0.0,0.0,0.0,0.0
F,0.0,0.0,0.0,0.0
F,0.0,0.0,0.0,0.0
F,0.0,0.0,0.0,0.0
F,0.005156,0.0,0.0,0.005156
F,0.0,0.0,0.0,0.0
F,0.0,0.0,0.0,0.0
F,0.0797434,0.0,0.0,0.0797434
F,0.0,0.0,0.0,0.0
F,0.0,0.0,0.0,0.0
F,0.10109,0.0,0.0,0.10109
F,-0.0880736,0.0,0.0,-0.0880736
F,0.0,0.0,0.0,0.0
F,0.0,0.0,0.0,0.0
F,0.0,0.0,0.0,0.0
F,0.0,0.0,0.0,0.0
F,0.0,0.0,0.0,0.0
F,0.0,0.0,0.0,0.0
F,0.0,0.0,0.0,0.0
F,0.0,0.0,0.0,0.0
F,0.0,0.0,0.0,0.0
F,0.0,0.0,0.0,0.0
F,0.0835585,0.0,0.0,0.0835585
F,0.0,0.0,0.0,0.0
F,0.036233,0.0,0.0,0.036233
F,-0.00731934,0.0,0.0,-0.00731934
F,0.0,0.0,0.0,0.0
F,0.0,0.0,0.0,0.0
F,0.0,0.0,0.0,0.0
F,0.0,0.0,0.0,0.0
F,0.0195637,0.0,0.0,0.0195637
F,0.0,0.0,0.0,0.0
F,-0.0113853,0.0,0.0,-0.0113853
F,0.0,0.0,0.0,0.0
F,0.0,0.0,0.0,0.0
F,0.0,0.0,0.0,0.0
F,0.0,0.0,0.0,0.0
F,0.0,0.0,0.0,0.0
F,0.0,0.0,0.0,0.0
F,0.0,0.0,0.0,0.0
F,0.0,0.0,0.0,0.0
F,0.0,0.0,0.0,0.0
F,0.0,0.0,0.0,0.0
F,0.0,0.0,0.0,0.0
F,0.0555793,0.0,0.0,0.0555793
F,0.0,0.0,0.0,0.0
F,0.0,0.0,0.0,0.0
F,0.0,0.0,0.0,0.0
F,0.0,0.0,0.0,0.0
F,0.0,0.0,0.0,0.0
F,0.0488378,0.0,0.0,0.0488378
F,0.0,0.0,0.0,0.0
F,-0.0156582,0.0,0.0,-0.0156582
F,0.0,0.0,0.0,0.0
F,0.0,0.0,0.0,0.0
F,0.0,0.0,0.0,0.0
F,0.0,0.0,0.0,0.0
F,0.0,0.0,0.0,0.0
F,-0.030199,0.0,0.0,-0.030199
F,0.0,0.0,0.0,0.0
F,0.0,0.0,0.0,0.0
F,0.0,0.0,0.0,0.0
F,0.0,0.0,0.0,0.0
F,-0.0634904,0.0,0.0,-0.0634904
F,0.0,0.0,0.0,0.0
F,0.0,0.0,0.0,0.0
F,-0.0744794,0.0,0.0,-0.0744794
F,0.00186438,0.0,0.0,0.00186438
F,0.0,0.0,0.0,0.0
F,0.0,0.0,0.0,0.0
F,0.0106685,0.0,0.0,0.0106685
F,-0.0395102,0.0,0.0,-0.0395102
F,0.0558812,0.0,0.0,0.0558812
F,0.0,0.0,0.0,0.0
F,0.0,0.0,0.0,0.0
F,0.0,0.0,0.0,0.0
F,0.0,0.0,0.0,0.0
F,0.0,0.0,0.0,0.0
F,0.0,0.0,0.0,0.0
F,0.0,0.0,0.0,0.0
F,0.0,0.0,0.0,0.0
F,0.0,0.0,0.0,0.0
F,0.0,0.0,0.0,0.0
F,0.0,0.0,0.0,0.0
F,0.0,0.0,0.0,0.0
F,0.0,0.0,0.0,0.0
F,0.0,0.0,0.0,0.0
F,0.0,0.0,0.0,0.0
F,0.0,0.0,0.0,0.0
F,-0.00638868,0.0,0.0,-0.00638868
F,0.0,0.0,0.0,0.0
F,0.0,0.0,0.0,0.0
F,0.0369843,0.0,0.0,0.0369843
F,0.0,0.0,0.0,0.0
F,0.0,0.0,0.0,0.0
F,0.0,0.0,0.0,0.0
F,0.0,0.0,0.0,0.0
F,0.0,0.0,0.0,0.0
F,0.0,0.0,0.0,0.0
F,0.0237864,0.0,0.0,0.0237864
F,0.0,0.0,0.0,0.0
F,0.0,0.0,0.0,0.0
F,0.0,0.0,0.0,0.0
F,0.0,0.0,0.0,0.0
F,-0.114194,0.0,0.0,-0.114194
F,0.00573336,0.0,0.0,0.00573336
F,0.0,0.0,0.0,0.0
F,0.108115,0.0,0.0,0.108115
F,0.0,0.0,0.0,0.0
F,0.0433676,0.0,0.0,0.0433676
F,0.0496336,0.0,0.0,0.0496336
F,0.0,0.0,0.0,0.0
F,0.0,0.0,0.0,0.0
F,0.0,0.0,0.0,0.0
F,0.0,0.0,0.0,0.0
F,0.0605041,0.0,0.0,0.0605041
F,0.0,0.0,0.0,0.0
F,0.0,0.0,0.0,0.0
F,0.0,0.0,0.0,0.0
F,-0.022335,0.0,0.0,-0.022335
F,0.0,0.0,0.0,0.0
F,-0.0471342,0.0,0.0,-0.0471342
F,0.0,0.0,0.0,0.0
F,0.0,0.0,0.0,0.0
F,0.0,0.0,0.0,0.0
F,0.022901,0.0,0.0,0.022901
F,0.0,0.0,0.0,0.0
F,0.0,0.0,0.0,0.0
F,0.0,0.0,0.0,0.0
F,0.0324556,0.0,0.0,0.0324556
F,0.0,0.0,0.0,0.0
F,0.0,0.0,0.0,0.0
F,0.0,0.0,0.0,0.0
F,0.0,0.0,0.0,0.0
F,0.0508429,0.0,0.0,0.0508429
F,0.0,0.0,0.0,0.0
F,0.0,0.0,0.0,0.0
F,0.0,0.0,0.0,0.0
F,0.0,0.0,0.0,0.0
F,0.0,0.0,0.0,0.0
F,0.0,0.0,0.0,0.0
F,0.0,0.0,0.0,0.0
F,0.087616,0.0,0.0,0.087616
F,0.0821804,0.0,0.0,0.0821804
F,0.0638748,0.0,0.0,0.0638748
F,0.0,0.0,0.0,0.0
F,0.0,0.0,0.0,0.0
F,0.0,0.0,0.0,0.0
F,0.0191887,0.0,0.0,0.0191887
F,0.0,0.0,0.0,0.0
F,0.0,0.0,0.0,0.0
F,0.0,0.0,0.0,0.0
F,0.0,0.0,0.0,0.0
F,0.0,0.0,0.0,0.0
F,-0.0174273,0.0,0.0,-0.0174273
F,0.0,0.0,0.0,0.0
F,0.0,0.0,0.0,0.0
F,0.0,0.0,0.0,0.0
F,0.0231823,0.0,0.0,0.0231823
F,0.0,0.0,0.0,0.0
F,0.0,0.0,0.0,0.0
F,0.0,0.0,0.0,0.0
F,0.0,0.0,0.0,0.0
F,0.170402,0.0,0.0,0.170402
F,0.0,0.0,0.0,0.0
F,0.0,0.0,0.0,0.0
F,0.0,0.0,0.0,0.0
F,0.0,0.0,0.0,0.0
F,0.0,0.0,0.0,0.0
F,0.0,0.0,0.0,0.0
F,0.0580773,0.0,0.0,0.0580773
F,0.0,0.0,0.0,0.0
F,0.0,0.0,0.0,0.0
F,0.0,0.0,0.0,0.0
F,0.0,0.0,0.0,0.0
F,0.0,0.0,0.0,0.0
F,0.0,0.0,0.0,0.0
F,0.0,0.0,0.0,0.0
F,0.0378609,0.0,0.0,0.0378609
F,0.00513408,0.0,0.0,0.00513408
F,0.0,0.0,0.0,0.0
F,0.0,0.0,0.0,0.0
F,0.0,0.0,0.0,0.0
F,0.0,0.0,0.0,0.0
F,0.0,0.0,0.0,0.0
F,0.0,0.0,0.0,0.0
F,0.108115,0.0,0.0,0.108115
F,0.0,0.0,0.0,0.0
F,0.0,0.0,0.0,0.0
F,0.0627075,0.0,0.0,0.0627075
F,0.0,0.0,0.0,0.0
F,0.0,0.0,0.0,0.0
F,0.0,0.0,0.0,0.0
F,0.0,0.0,0.0,0.0
F,0.0775498,0.0,0.0,0.0775498
F,0.0,0.0,0.0,0.0
F,0.0,0.0,0.0,0.0
F,0.0,0.0,0.0,0.0
F,0.0,0.0,0.0,0.0
F,0.00801112,0.0,0.0,0.00801112
F,0.0,0.0,0.0,0.0
F,0.0,0.0,0.0,0.0
F,0.0,0.0,0.0,0.0
F,0.0,0.0,0.0,0.0
F,0.0,0.0,0.0,0.0
F,0.0,0.0,0.0,0.0
F,0.0,0.0,0.0,0.0
F,0.0,0.0,0.0,0.0
F,0.0,0.0,0.0,0.0
F,0.0,0.0,0.0,0.0
F,0.0,0.0,0.0,0.0
F,0.0,0.0,0.0,0.0
F,0.0,0.0,0.0,0.0
F,0.0106685,0.0,0.0,0.0106685
F,0.0,0.0,0.0,0.0
F,0.0,0.0,0.0,0.0
F,0.0,0.0,0.0,0.0
F,-0.0185003,0.0,0.0,-0.0185003
F,0.0287336,0.0,0.0,0.0287336
F,0.0,0.0,0.0,0.0
F,0.0,0.0,0.0,0.0
F,-0.0260011,0.0,0.0,-0.0260011
F,0.0,0.0,0.0,0.0
F,0.0,0.0,0.0,0.0
F,0.0,0.0,0.0,0.0
F,-0.0311745,0.0,0.0,-0.0311745
F,0.0,0.0,0.0,0.0
F,-0.0937935,0.0,0.0,-0.0937935
F,0.0,0.0,0.0,0.0
F,0.0,0.0,0.0,0.0
F,0.0,0.0,0.0,0.0
F,0.0,0.0,0.0,0.0
F,0.0,0.0,0.0,0.0
F,0.0,0.0,0.0,0.0
F,0.0,0.0,0.0,0.0
F,0.0,0.0,0.0,0.0
F,0.0,0.0,0.0,0.0
F,0.0,0.0,0.0,0.0
F,0.0,0.0,0.0,0.0
F,0.0,0.0,0.0,0.0
F,0.0,0.0,0.0,0.0
F,0.0,0.0,0.0,0.0
F,0.0654148,0.0,0.0,0.0654148
F,0.0,0.0,0.0,0.0
F,0.0,0.0,0.0,0.0
F,-0.00374766,0.0,0.0,-0.00374766
F,0.0340383,0.0,0.0,0.0340383
F,0.0,0.0,0.0,0.0
F,0.0835585,0.0,0.0,0.0835585
F,0.0,0.0,0.0,0.0
F,0.0,0.0,0.0,0.0
F,0.0,0.0,0.0,0.0
F,0.0,0.0,0.0,0.0
F,0.0,0.0,0.0,0.0
F,0.0,0.0,0.0,0.0
F,-0.062924,0.0,0.0,-0.062924
F,0.0,0.0,0.0,0.0
F,0.0,0.0,0.0,0.0
F,0.0422665,0.0,0.0,0.0422665
F,-0.00462111,0.0,0.0,-0.00462111
F,0.0,0.0,0.0,0.0
F,0.0,0.0,0.0,0.0
F,0.0,0.0,0.0,0.0
F,0.0,0.0,0.0,0.0
F,0.0,0.0,0.0,0.0
F,0.0,0.0,0.0,0.0
F,0.0,0.0,0.0,0.0
F,0.0,0.0,0.0,0.0
F,-0.0707171,0.0,0.0,-0.0707171
F,-0.0171254,0.0,0.0,-0.0171254
F,0.0,0.0,0.0,0.0
F,0.0,0.0,0.0,0.0
F,0.0,0.0,0.0,0.0
F,0.0,0.0,0.0,0.0
F,0.0,0.0,0.0,0.0
F,0.0691219,0.0,0.0,0.0691219
F,0.0,0.0,0.0,0.0
F,0.0,0.0,0.0,0.0
F,0.0,0.0,0.0,0.0
F,-0.000103168,0.0,0.0,-0.000103168
F,0.0,0.0,0.0,0.0
F,0.0,0.0,0.0,0.0
F,0.0385557,0.0,0.0,0.0385557
F,0.0,0.0,0.0,0.0
F,-0.0175823,0.0,0.0,-0.0175823
F,0.0,0.0,0.0,0.0
F,0.0191514,0.0,0.0,0.0191514
F,0.0,0.0,0.0,0.0
F,0.0,0.0,0.0,0.0
F,0.0,0.0,0.0,0.0
F,0.0,0.0,0.0,0.0
F,0.0,0.0,0.0,0.0
F,0.0,0.0,0.0,0.0
F,0.0,0.0,0.0,0.0
F,0.0,0.0,0.0,0.0
F,0.0,0.0,0.0,0.0
F,0.0,0.0,0.0,0.0
F,0.0,0.0,0.0,0.0
F,0.0,0.0,0.0,0.0
F,0.0,0.0,0.0,0.0
F,0.0332717,0.0,0.0,0.0332717
F,0.0,0.0,0.0,0.0
F,0.0,0.0,0.0,0.0
F,-0.0361636,0.0,0.0,-0.0361636
F,0.0,0.0,0.0,0.0
F,0.108115,0.0,0.0,0.108115
F,0.0,0.0,0.0,0.0
F,0.0,0.0,0.0,0.0
F,-0.104834,0.0,0.0,-0.104834
F,0.0,0.0,0.0,0.0
F,0.0,0.0,0.0,0.0
F,0.060912,0.0,0.0,0.060912
F,0.00286384,0.0,0.0,0.00286384
F,0.0,0.0,0.0,0.0
F,0.0,0.0,0.0,0.0
F,0.0,0.0,0.0,0.0
F,0.0,0.0,0.0,0.0
F,0.0,0.0,0.0,0.0
F,0.0,0.0,0.0,0.0
F,0.0,0.0,0.0,0.0
F,0.0,0.0,0.0,0.0
F,0.0,0.0,0.0,0.0
F,0.0,0.0,0.0,0.0
F,0.0,0.0,0.0,0.0
F,0.0,0.0,0.0,0.0
F,0.102262,0.0,0.0,0.102262
F,0.0,0.0,0.0,0.0
F,-0.0255683,0.0,0.0,-0.0255683
F,0.0,0.0,0.0,0.0
F,0.0,0.0,0.0,0.0
F,0.0,0.0,0.0,0.0
F,0.0,0.0,0.0,0.0
F,0.0,0.0,0.0,0.0
F,0.0,0.0,0.0,0.0
F,0.0,0.0,0.0,0.0
F,-0.0256477,0.0,0.0,-0.0256477
F,0.0,0.0,0.0,0.0
F,0.0,0.0,0.0,0.0
F,0.0,0.0,0.0,0.0
F,0.0,0.0,0.0,0.0
F,0.0,0.0,0.0,0.0
F,-0.122192,0.0,0.0,-0.122192
F,0.0,0.0,0.0,0.0
F,0.0,0.0,0.0,0.0
F,0.0,0.0,0.0,0.0
F,0.0,0.0,0.0,0.0
F,0.0,0.0,0.0,0.0
F,0.0,0.0,0.0,0.0
F,0.0,0.0,0.0,0.0
F,0.00821882,0.0,0.0,0.00821882
F,0.0,0.0,0.0,0.0
F,0.0,0.0,0.0,0.0
F,0.0,0.0,0.0,0.0
F,0.0,0.0,0.0,0.0
F,0.0,0.0,0.0,0.0
F,0.0,0.0,0.0,0.0
F,0.0,0.0,0.0,0.0
F,0.0,0.0,0.0,0.0
F,0.0405808,0.0,0.0,0.0405808
F,0.0,0.0,0.0,0.0
F,0.0,0.0,0.0,0.0
F,0.0,0.0,0.0,0.0
F,0.0,0.0,0.0,0.0
F,0.0,0.0,0.0,0.0
F,0.0,0.0,0.0,0.0
F,0.0,0.0,0.0,0.0
F,0.0,0.0,0.0,0.0
F,0.0,0.0,0.0,0.0
F,0.0,0.0,0.0,0.0
F,0.0,0.0,0.0,0.0
F,0.0393803,0.0,0.0,0.0393803
F,0.0,0.0,0.0,0.0
F,0.0,0.0,0.0,0.0
F,0.0727086,0.0,0.0,0.0727086
F,0.0359447,0.0,0.0,0.0359447
F,0.0,0.0,0.0,0.0
F,0.0,0.0,0.0,0.0
F,0.0,0.0,0.0,0.0
F,0.0,0.0,0.0,0.0
F,0.0,0.0,0.0,0.0
F,0.0,0.0,0.0,0.0
F,0.0,0.0,0.0,0.0
F,0.0,0.0,0.0,0.0
F,0.0,0.0,0.0,0.0
F,0.0,0.0,0.0,0.0
F,0.0,0.0,0.0,0.0
F,0.0,0.0,0.0,0.0
F,0.0,0.0,0.0,0.0
F,0.0,0.0,0.0,0.0
F,0.0,0.0,0.0,0.0
F,0.0,0.0,0.0,0.0
F,0.0,0.0,0.0,0.0
F,0.0,0.0,0.0,0.0
F,0.0,0.0,0.0,0.0
F,0.0,0.0,0.0,0.0
F,0.108115,0.0,0.0,0.108115
F,0.0,0.0,0.0,0.0
F,0.0,0.0,0.0,0.0
F,0.0,0.0,0.0,0.0
F,0.0,0.0,0.0,0.0
F,0.0,0.0,0.0,0.0
F,0.0,0.0,0.0,0.0
F,0.0170895,0.0,0.0,0.0170895
F,0.0,0.0,0.0,0.0
F,0.0,0.0,0.0,0.0
F,-0.0479516,0.0,0.0,-0.0479516
F,0.0,0.0,0.0,0.0
F,0.0,0.0,0.0,0.0
F,-0.000832936,0.0,0.0,-0.000832936
F,0.0,0.0,0.0,0.0
F,0.0,0.0,0.0,0.0
F,0.0,0.0,0.0,0.0
F,0.0,0.0,0.0,0.0
F,0.0,0.0,0.0,0.0
F,0.0,0.0,0.0,0.0
F,0.0,0.0,0.0,0.0
F,0.0,0.0,0.0,0.0
F,-0.0519314,0.0,0.0,-0.0519314
F,0.0,0.0,0.0,0.0
F,0.0,0.0,0.0,0.0
F,0.0,0.0,0.0,0.0
F,0.0,0.0,0.0,0.0
F,0.0,0.0,0.0,0.0
F,-0.0110868,0.0,0.0,-0.0110868
F,-0.0287064,0.0,0.0,-0.0287064
F,0.0320228,0.0,0.0,0.0320228
F,0.0,0.0,0.0,0.0
F,0.0,0.0,0.0,0.0
F,0.0,0.0,0.0,0.0
F,0.0,0.0,0.0,0.0
F,0.0,0.0,0.0,0.0
F,0.0,0.0,0.0,0.0
F,0.0,0.0,0.0,0.0
F,0.0,0.0115564,0.0115564,0.0115564
F,0.0,0.0,0.0,0.0
F,0.0,0.0,0.0,0.0
F,0.0,0.0,0.0,0.0
F,0.0,0.0,0.0,0.0
F,0.0,0.0,0.0,0.0
F,0.0,0.0,0.0,0.0
F,0.0102539,0.0,0.0,0.0102539
F,-0.0470878,0.0,0.0,-0.0470878
F,0.0,0.0,0.0,0.0
F,0.0,0.0,0.0,0.0
F,-0.0381068,0.0,0.0,-0.0381068
F,0.0,0.0,0.0,0.0
F,0.0,0.0,0.0,0.0
F,0.0,0.0,0.0,0.0
F,-0.0255621,0.0,0.0,-0.0255621
F,0.0,0.0,0.0,0.0
F,-0.0779667,0.0,0.0,-0.0779667
F,0.0,0.0,0.0,0.0
F,0.0,0.0,0.0,0.0
F,0.0,0.0,0.0,0.0
F,0.0,0.0,0.0,0.0
F,0.0,0.0,0.0,0.0
F,0.0,0.0,0.0,0.0
F,0.0,0.0,0.0,0.0
F,0.0,0.0,0.0,0.0
F,-0.0313758,0.0,0.0,-0.0313758
F,0.0,0.0,0.0,0.0
F,0.00473145,0.0,0.0,0.00473145
F,0.0,0.0,0.0,0.0
F,0.0,0.0,0.0,0.0
F,0.0,0.0,0.0,0.0
F,0.0,0.0,0.0,0.0
F,0.0,0.0,0.0,0.0
F,0.0,0.0,0.0,0.0
F,0.0,0.0,0.0,0.0
F,0.0,0.0,0.0,0.0
F,0.0544558,0.0,0.0,0.0544558
F,0.00329776,0.0,0.0,0.00329776
F,0.0,0.0,0.0,0.0
F,0.0,0.0,0.0,0.0
F,0.0,0.0,0.0,0.0
F,0.0,0.0,0.0,0.0
F,0.0,0.0,0.0,0.0
F,0.0,0.0,0.0,0.0
F,0.0354142,0.0,0.0,0.0354142
F,0.0,0.0,0.0,0.0
F,0.0,0.0,0.0,0.0
F,0.0558812,0.0,0.0,0.0558812
F,0.0,0.0,0.0,0.0
F,0.0,0.0,0.0,0.0
F,0.0109499,0.0,0.0,0.0109499
F,0.0,0.0,0.0,0.0
F,0.0,0.0,0.0,0.0
F,0.0,0.0,0.0,0.0
F,0.0,0.0,0.0,0.0
F,0.0,0.0,0.0,0.0
F,0.0,0.0,0.0,0.0
F,0.0,0.0,0.0,0.0
F,0.0,0.0,0.0,0.0
F,0.0488898,0.0,0.0,0.0488898
F,0.0,0.0,0.0,0.0
F,0.0,0.0,0.0,0.0
F,0.0,0.0,0.0,0.0
F,-0.0129687,0.0,0.0,-0.0129687
F,0.0,0.0,0.0,0.0
F,0.0,0.0,0.0,0.0
F,0.0,0.0,0.0,0.0
F,0.0,0.0,0.0,0.0
F,0.0,0.0,0.0,0.0
F,0.0,0.0,0.0,0.0
F,0.0,0.0,0.0,0.0
F,0.0,0.0,0.0,0.0
F,0.0,0.0,0.0,0.0
F,0.0,0.0,0.0,0.0
F,-0.0592553,0.0,0.0,-0.0592553
F,0.0,0.0,0.0,0.0
F,0.0,0.0,0.0,0.0
F,0.0,0.0,0.0,0.0
F,-0.0399892,0.0,0.0,-0.0399892
F,0.0,0.0,0.0,0.0
F,-0.0108416,0.0,0.0,-0.0108416
F,0.0,0.0,0.0,0.0
F,0.000285455,0.0,0.0,0.000285455
F,0.0,0.0,0.0,0.0
F,0.0,0.0,0.0,0.0
F,0.0,0.0,0.0,0.0
F,0.0,0.0,0.0,0.0
F,0.0,0.0,0.0,0.0
F,0.0,0.0,0.0,0.0
F,0.0,0.0,0.0,0.0
F,-0.126676,0.0,0.0,-0.126676
F,0.0,0.0,0.0,0.0
F,0.0,0.0,0.0,0.0
F,0.0,0.0,0.0,0.0
F,0.0355014,0.0,0.0,0.0355014
F,0.0,0.0,0.0,0.0
F,0.0,0.0,0.0,0.0
F,0.0,0.0,0.0,0.0
F,0.0,0.0,0.0,0.0
F,0.0,0.0,0.0,0.0
F,0.0,0.0,0.0,0.0
F,0.0,0.0,0.0,0.0
F,0.078014,0.0,0.0,0.078014
F,0.0,0.0,0.0,0.0
F,0.0358858,0.0,0.0,0.0358858
F,0.0,0.0,0.0,0.0
F,-0.0215604,0.0,0.0,-0.0215604
F,0.0,0.0,0.0,0.0
F,0.0,0.0,0.0,0.0
F,-0.0891999,0.0,0.0,-0.0891999
F,0.0,0.0,0.0,0.0
F,0.0,0.0,0.0,0.0
F,0.0,0.0,0.0,0.0
F,0.00496439,0.0,0.0,0.00496439
F,0.0,0.0,0.0,0.0
F,0.0,0.0,0.0,0.0
F,0.0,0.0,0.0,0.0
F,0.0,0.0,0.0,0.0
F,0.0,0.0,0.0,0.0
F,0.0533946,0.0,0.0,0.0533946
F,0.0,0.0,0.0,0.0
F,0.0,0.0,0.0,0.0
F,0.0,0.0,0.0,0.0
F,0.0,0.0,0.0,0.0
F,0.0,0.0,0.0,0.0
F,-0.0113853,0.0,0.0,-0.0113853
F,0.0,0.0,0.0,0.0
F,0.0,0.0,0.0,0.0
F,0.0,0.0,0.0,0.0
F,0.0,0.0,0.0,0.0
F,-0.0354069,0.0,0.0,-0.0354069
F,0.0,0.0,0.0,0.0
F,0.0,0.0,0.0,0.0
F,0.0,0.0,0.0,0.0
F,0.0098723,0.0,0.0,0.0098723
F,0.0,0.0,0.0,0.0
F,-0.0129687,0.0,0.0,-0.0129687
F,0.0,0.0,0.0,0.0
F,0.0378609,0.0,0.0,0.0378609
F,0.0196941,0.0,0.0,0.0196941
F,0.0632462,0.0,0.0,0.0632462
F,0.0,0.0,0.0,0.0
F,0.0,0.0,0.0,0.0
F,0.0751268,0.0,0.0,0.0751268
F,-0.05995,0.0,0.0,-0.05995
F,0.0488898,0.0,0.0,0.0488898
F,0.0,0.0,0.0,0.0
F,0.0,0.0,0.0,0.0
F,0.0537314,0.0,0.0,0.0537314
F,0.0,0.0,0.0,0.0
F,0.0,0.0,0.0,0.0
F,0.0,0.0,0.0,0.0
F,0.0,0.0,0.0,0.0
F,0.0563882,0.0,0.0,0.0563882
F,0.0,0.0,0.0,0.0
F,0.0,0.0,0.0,0.0
F,0.0,0.0,0.0,0.0
F,0.0864829,0.0,0.0,0.0864829
F,0.0,0.0,0.0,0.0
F,0.0,0.0,0.0,0.0
F,0.0,0.0,0.0,0.0
F,0.026861,0.0,0.0,0.026861
F,0.0,0.0,0.0,0.0
F,0.0,0.0,0.0,0.0
F,-0.00578402,0.0,0.0,-0.00578402
F,0.0,0.0,0.0,0.0
F,-0.0175823,0.0,0.0,-0.0175823
F,0.0378609,0.0,0.0,0.0378609
F,0.0,0.0,0.0,0.0
F,0.050312,0.0,0.0,0.050312
F,0.0,0.0,0.0,0.0
F,0.0,0.0,0.0,0.0
F,0.0,0.0,0.0,0.0
F,0.0,0.0,0.0,0.0
F,0.0,0.0,0.0,0.0
F,0.0,0.0,0.0,0.0
F,-0.0548571,0.0,0.0,-0.0548571
F,-0.0184072,0.0,0.0,-0.0184072
F,0.0,0.0,0.0,0.0
F,-0.0144497,0.0,0.0,-0.0144497
F,0.0,0.0,0.0,0.0
F,0.000868517,0.0,0.0,0.000868517
F,0.0,0.0,0.0,0.0
F,0.0,0.0,0.0,0.0
F,0.0,0.0,0.0,0.0
F,0.00234378,0.0,0.0,0.00234378
F,0.0,0.0,0.0,0.0
F,0.0,0.0,0.0,0.0
F,0.0,0.0,0.0,0.0
F,-0.0548146,0.0,0.0,-0.0548146
F,0.0,0.0,0.0,0.0
F,-0.0205116,0.0,0.0,-0.0205116
F,0.0,0.0,0.0,0.0
F,0.0,0.0,0.0,0.0
F,0.0,0.0,0.0,0.0
F,0.0,0.0,0.0,0.0
F,0.0,0.0,0.0,0.0
F,0.0,0.0,0.0,0.0
F,0.0,0.0,0.0,0.0
F,0.0,0.0,0.0,0.0
F,0.0,0.0,0.0,0.0
F,0.0,0.0,0.0,0.0
F,0.0,0.0,0.0,0.0
F,0.0,0.0,0.0,0.0
F,0.0,0.0,0.0,0.0
F,0.0,0.0,0.0,0.0
F,0.0,0.0,0.0,0.0
F,0.0,0.0,0.0,0.0
F,0.0,0.0,0.0,0.0
F,0.0,0.0,0.0,0.0
F,0.0,0.0,0.0,0.0
F,0.0,0.0,0.0,0.0
F,0.0,0.0,0.0,0.0
F,0.0,0.0,0.0,0.0
F,0.0,0.0,0.0,0.0
F,0.0,0.0,0.0,0.0
F,-0.027468,0.0,0.0,-0.027468
F,0.0,0.0,0.0,0.0
F,0.0102539,0.0,0.0,0.0102539
F,0.0,0.0,0.0,0.0
F,0.0,0.0,0.0,0.0
F,0.0,0.0,0.0,0.0
F,0.0,0.0,0.0,0.0
F,0.0378609,0.0,0.0,0.0378609
F,0.0,0.0,0.0,0.0
F,0.0,0.0,0.0,0.0
F,0.0,0.0,0.0,0.0
F,0.0,0.0,0.0,0.0
F,0.0,0.0,0.0,0.0
F,-0.0174273,0.0,0.0,-0.0174273
F,-0.0250566,0.0,0.0,-0.0250566
F,0.0,0.0,0.0,0.0
F,0.0,0.0,0.0,0.0
F,0.0,0.0,0.0,0.0
F,0.0,0.0,0.0,0.0
F,0.0,0.0,0.0,0.0
F,-0.144076,0.0,0.0,-0.144076
F,0.0,0.0,0.0,0.0
F,0.0176677,0.0,0.0,0.0176677
F,0.0,0.0,0.0,0.0
F,0.0,0.0,0.0,0.0
F,0.0,0.0,0.0,0.0
F,0.0,0.0,0.0,0.0
F,0.0,0.0,0.0,0.0
F,0.0,0.0,0.0,0.0
F,0.0,0.0,0.0,0.0
F,0.0,0.0,0.0,0.0
F,0.0,0.0,0.0,0.0
F,0.0,0.0,0.0,0.0
F,0.0657762,0.0,0.0,0.0657762
F,0.0,0.0,0.0,0.0
F,-0.0129687,0.0,0.0,-0.0129687
F,0.0,0.0,0.0,0.0
F,0.0,0.0,0.0,0.0
F,0.0,0.0,0.0,0.0
F,0.0,0.0,0.0,0.0
F,0.0,0.0,0.0,0.0
F,0.0,0.0,0.0,0.0
F,0.0,0.0,0.0,0.0
F,0.0,0.0,0.0,0.0
F,0.0,0.0,0.0,0.0
F,0.0,0.0,0.0,0.0
F,0.0,0.0,0.0,0.0
F,0.0192032,0.0,0.0,0.0192032
F,0.0,0.0,0.0,0.0
F,0.0,0.0,0.0,0.0
F,0.0,0.0,0.0,0.0
F,0.0,0.0,0.0,0.0
F,0.0,0.0,0.0,0.0
F,0.0,0.0,0.0,0.0
F,0.0,0.0,0.0,0.0
F,0.0,0.0,0.0,0.0
F,0.0,0.0,0.0,0.0
F,0.0,0.0,0.0,0.0
F,0.0,0.0,0.0,0.0
F,0.0,0.0,0.0,0.0
F,0.0,0.0,0.0,0.0
F,0.0,0.0,0.0,0.0
F,0.0,0.0,0.0,0.0
F,0.0,0.0,0.0,0.0
F,-0.0050973,0.0,0.0,-0.0050973
F,0.0,0.0,0.0,0.0
F,0.0,0.0,0.0,0.0
F,0.0,0.0,0.0,0.0
F,0.0,0.0,0.0,0.0
F,0.0,0.0,0.0,0.0
F,0.0,0.0,0.0,0.0
F,0.0,0.0,0.0,0.0
F,0.0,0.0,0.0,0.0
F,0.0,0.0,0.0,0.0
F,0.0,0.0,0.0,0.0
F,0.0,0.0,0.0,0.0
F,0.0,0.0,0.0,0.0
F,0.0,0.0,0.0,0.0
F,0.0,0.0,0.0,0.0
F,0.0,0.0,0.0,0.0
F,0.0,0.0,0.0,0.0
F,-0.0519314,0.0,0.0,-0.0519314
F,0.0,0.0,0.0,0.0
F,-0.0173993,0.0,0.0,-0.0173993
F,0.0,0.0,0.0,0.0
F,0.0393803,0.0,0.0,0.0393803
F,0.0,0.0,0.0,0.0
F,0.0,0.0,0.0,0.0
F,0.0,0.0,0.0,0.0
F,0.0256654,0.0,0.0,0.0256654
F,0.127016,0.0,0.0,0.127016
F,0.0,0.0,0.0,0.0
F,-0.0732115,0.0,0.0,-0.0732115
F,0.0,0.0,0.0,0.0
F,0.0,0.0,0.0,0.0
F,0.0,0.0,0.0,0.0
F,0.0,0.0,0.0,0.0
F,0.0,0.0,0.0,0.0
F,0.0572567,0.0,0.0,0.0572567
F,-0.00868893,0.0,0.0,-0.00868893
F,0.00557019,0.0,0.0,0.00557019
F,0.0,0.0,0.0,0.0
F,0.0,0.0,0.0,0.0
F,0.0,0.0,0.0,0.0
F,0.0,0.0,0.0,0.0
F,0.0,0.0,0.0,0.0
F,0.0,0.0,0.0,0.0
F,0.0,0.0,0.0,0.0
F,0.0,0.0,0.0,0.0
F,0.0,0.0,0.0,0.0
F,0.0,0.0,0.0,0.0
F,0.0618976,0.0,0.0,0.0618976
F,0.0,0.0,0.0,0.0
F,0.0,0.0,0.0,0.0
F,0.0,0.0,0.0,0.0
F,0.0,0.0,0.0,0.0
F,0.0,0.0,0.0,0.0
F,0.0,0.0,0.0,0.0
F,0.0,0.0,0.0,0.0
F,0.0,0.0,0.0,0.0
F,0.0,0.0,0.0,0.0
F,0.0,0.0,0.0,0.0
F,0.0,0.0,0.0,0.0
F,0.0,0.0,0.0,0.0
F,-0.0156582,0.0,0.0,-0.0156582
F,0.0258801,0.0,0.0,0.0258801
F,0.0,0.0,0.0,0.0
F,0.0,0.0,0.0,0.0
F,0.0,0.0,0.0,0.0
F,-0.0412012,0.0,0.0,-0.0412012
F,0.0,0.0,0.0,0.0
F,0.0,0.0,0.0,0.0
F,0.0,0.0,0.0,0.0
F,0.0,0.0,0.0,0.0
F,-0.102883,0.0,0.0,-0.102883
F,-0.0156582,0.0,0.0,-0.0156582
F,0.0,0.0,0.0,0.0
F,0.0,0.0,0.0,0.0
F,0.0,0.0,0.0,0.0
F,0.0,0.0,0.0,0.0
F,0.0,0.0,0.0,0.0
F,0.0,0.0,0.0,0.0
F,-0.00464075,0.0,0.0,-0.00464075
F,-0.00746362,0.0,0.0,-0.00746362
F,0.0,0.0,0.0,0.0
F,-0.0880736,0.0,0.0,-0.0880736
F,0.0,0.0,0.0,0.0
F,0.0,0.0,0.0,0.0
F,0.0,0.0,0.0,0.0
F,0.0,0.0,0.0,0.0
F,0.0,0.0,0.0,0.0
F,0.0,0.0,0.0,0.0
F,0.0,0.0,0.0,0.0
F,0.0260278,0.0,0.0,0.0260278
F,0.0,0.0,0.0,0.0
F,0.0,0.0,0.0,0.0
F,0.0,0.0,0.0,0.0
F,0.0,0.0,0.0,0.0
F,0.0,0.0,0.0,0.0
F,0.0,0.0,0.0,0.0
F,0.0,0.0,0.0,0.0
F,0.0,0.0,0.0,0.0
F,0.0,0.0,0.0,0.0
F,0.0419848,0.0,0.0,0.0419848
F,0.0,0.0,0.0,0.0
F,0.0,0.0,0.0,0.0
F,0.0,0.0,0.0,0.0
F,0.0,0.0,0.0,0.0
F,0.0,0.0,0.0,0.0
F,0.0,0.0,0.0,0.0
F,0.0,0.0,0.0,0.0
F,0.0,0.0,0.0,0.0
F,0.0,0.0,0.0,0.0
F,0.0,0.0,0.0,0.0
F,0.0,0.0,0.0,0.0
F,0.0,0.0,0.0,0.0
F,0.0,0.0,0.0,0.0
F,0.0,0.0,0.0,0.0
F,0.0,0.0,0.0,0.0
F,0.0,0.0,0.0,0.0
F,0.0,0.0,0.0,0.0
F,0.0,0.0,0.0,0.0
F,0.0,0.0,0.0,0.0
F,0.0,0.0,0.0,0.0
F,0.0,0.0,0.0,0.0
F,0.108389,0.0,0.0,0.108389
F,0.0,0.0,0.0,0.0
F,0.0,0.0,0.0,0.0
F,0.0,0.0,0.0,0.0
F,-0.0395102,0.0,0.0,-0.0395102
F,0.0,0.0,0.0,0.0
F,0.00340304,0.0,0.0,0.00340304
F,0.0,0.0,0.0,0.0
F,0.0,0.0,0.0,0.0
F,0.0,0.0,0.0,0.0
F,-0.0765453,0.0,0.0,-0.0765453
F,0.0,0.0,0.0,0.0
F,0.0,0.0,0.0,0.0
F,0.0,0.0,0.0,0.0
F,0.0,0.0,0.0,0.0
F,-0.0129687,0.0,0.0,-0.0129687
F,0.0,0.0,0.0,0.0
F,-0.00672551,0.0,0.0,-0.00672551
F,0.0864829,0.0,0.0,0.0864829
F,0.0,0.0,0.0,0.0
F,0.0,0.0,0.0,0.0
F,-0.0316239,0.0,0.0,-0.0316239
F,0.0,0.0,0.0,0.0
F,0.0,0.0,0.0,0.0
F,0.0,0.0,0.0,0.0
F,0.0,0.0,0.0,0.0
F,0.0,0.0,0.0,0.0
F,0.0,0.0,0.0,0.0
F,0.0731812,0.0,0.0,0.0731812
F,0.0,0.0,0.0,0.0
F,0.0,0.0,0.0,0.0
F,0.0,0.0,0.0,0.0
F,0.0,0.0,0.0,0.0
F,0.0,0.0,0.0,0.0
F,0.0,0.0,0.0,0.0
F,0.0,0.0,0.0,0.0
F,0.0,0.0,0.0,0.0
F,0.0,0.0,0.0,0.0
F,0.0,0.0,0.0,0.0
F,0.0,0.0,0.0,0.0
F,0.0,0.0,0.0,0.0
F,0.0,0.0,0.0,0.0
F,0.0,0.0,0.0,0.0
F,0.0,0.0,0.0,0.0
F,-0.00868893,0.0,0.0,-0.00868893
F,0.0367092,0.0,0.0,0.0367092
F,0.0,0.0,0.0,0.0
F,0.0,0.0,0.0,0.0
F,0.0,0.0,0.0,0.0
F,0.0,0.0,0.0,0.0
F,0.0,0.0,0.0,0.0
F,0.0,0.0,0.0,0.0
F,0.0,0.0,0.0,0.0
F,0.0,0.0,0.0,0.0
F,0.0,0.0,0.0,0.0
F,0.0,0.0,0.0,0.0
F,0.0,0.0,0.0,0.0
F,0.0,0.0,0.0,0.0
F,-0.0205652,0.0,0.0,-0.0205652
F,0.0,0.0,0.0,0.0
F,0.0,0.0,0.0,0.0
F,0.0,0.0,0.0,0.0
F,0.0,0.0,0.0,0.0
F,0.0,0.0,0.0,0.0
F,0.0,0.0,0.0,0.0
F,0.0,0.0,0.0,0.0
F,0.0,0.0,0.0,0.0
F,0.0194445,0.0,0.0,0.0194445
F,0.0,0.0,0.0,0.0
F,0.0378609,0.0,0.0,0.0378609
F,0.0,0.0,0.0,0.0
F,0.0295558,0.0,0.0,0.0295558
F,-0.0121638,0.0,0.0,-0.0121638
F,-0.0286791,0.0,0.0,-0.0286791
F,0.0,0.0,0.0,0.0
F,0.0,0.0,0.0,0.0
F,0.0,0.0,0.0,0.0
F,0.0,0.0,0.0,0.0
F,0.0,0.0,0.0,0.0
F,0.0,0.0,0.0,0.0
F,0.0,0.0,0.0,0.0
F,0.0,0.0,0.0,0.0
F,0.0,0.0,0.0,0.0
F,0.0,0.0,0.0,0.0
F,0.0,0.0,0.0,0.0
F,0.0519059,0.0,0.0,0.0519059
F,0.0,0.0,0.0,0.0
F,0.0,0.0,0.0,0.0
F,0.0,0.0,0.0,0.0
F,0.0253772,0.0,0.0,0.0253772
F,0.0,0.0,0.0,0.0
F,0.0,0.0,0.0,0.0
F,-0.0375762,0.0,0.0,-0.0375762
F,0.0,0.0,0.0,0.0
F,0.0,0.0,0.0,0.0
F,0.0,0.0,0.0,0.0
F,0.0,0.0,0.0,0.0
F,0.0,0.0,0.0,0.0
F,0.0,0.0,0.0,0.0
F,0.0,0.0,0.0,0.0
F,0.0,0.0,0.0,0.0
F,0.0,0.0,0.0,0.0
F,0.0,0.0,0.0,0.0
F,0.0,0.0,0.0,0.0
F,0.0,0.0,0.0,0.0
F,0.00398693,0.0,0.0,0.00398693
F,0.0,0.0,0.0,0.0
F,-0.0416679,0.0,0.0,-0.0416679
F,0.0,0.0,0.0,0.0
F,0.0,0.0,0.0,0.0
F,0.0,0.0,0.0,0.0
F,0.0,0.0,0.0,0.0
F,0.0,0.0,0.0,0.0
F,0.0,0.0,0.0,0.0
F,0.0,0.0,0.0,0.0
F,0.0,0.0,0.0,0.0
F,0.0,0.0,0.0,0.0
F,0.0,0.0,0.0,0.0
F,0.0,0.0,0.0,0.0
F,0.0,0.0,0.0,0.0
F,0.0,0.0,0.0,0.0
F,0.0,0.0,0.0,0.0
F,0.0,0.0,0.0,0.0
F,0.0,0.0,0.0,0.0
F,0.0,0.0,0.0,0.0
F,0.0,0.0,0.0,0.0
F,0.0,0.0,0.0,0.0
F,0.0,0.0,0.0,0.0
F,0.0300761,0.0,0.0,0.0300761
F,0.0,0.0,0.0,0.0
F,0.0,0.0,0.0,0.0
F,-0.0311745,0.0,0.0,-0.0311745
F,0.0,0.0,0.0,0.0
F,0.0,0.0,0.0,0.0
F,0.0,0.0,0.0,0.0
F,0.0,0.0,0.0,0.0
F,0.0,0.0,0.0,0.0
F,0.0,0.0,0.0,0.0
F,0.0,0.0,0.0,0.0
F,0.0,0.0,0.0,0.0
F,0.0,0.0,0.0,0.0
F,0.0,0.0,0.0,0.0
F,0.0,0.0,0.0,0.0
F,0.0,0.0,0.0,0.0
F,0.0880484,0.0,0.0,0.0880484
F,0.0362869,0.0,0.0,0.0362869
F,0.0,0.0,0.0,0.0
F,0.0,0.0,0.0,0.0
F,0.0,0.0,0.0,0.0
F,0.0,0.0,0.0,0.0
F,0.0378609,0.0,0.0,0.0378609
F,0.0,0.0,0.0,0.0
F,0.0,0.0,0.0,0.0
F,0.0,0.0,0.0,0.0
F,0.0,0.0,0.0,0.0
F,0.0,0.0,0.0,0.0
F,0.0,0.0,0.0,0.0
F,0.0,0.0,0.0,0.0
F,0.00821882,0.0,0.0,0.00821882
F,0.0,0.0,0.0,0.0
F,0.0408278,0.0,0.0,0.0408278
F,0.0,0.0,0.0,0.0
F,0.0,0.0,0.0,0.0
F,0.0,0.0,0.0,0.0
F,-0.0460275,0.0,0.0,-0.0460275
F,0.0,0.0,0.0,0.0
F,0.0,0.0,0.0,0.0
F,0.0,0.0,0.0,0.0
F,0.0,0.0,0.0,0.0
F,0.0461381,0.0,0.0,0.0461381
F,0.0,0.0,0.0,0.0
F,0.105434,0.0,0.0,0.105434
F,0.0,0.0,0.0,0.0
F,0.0,0.0,0.0,0.0
F,0.0,0.0,0.0,0.0
F,0.0,0.0,0.0,0.0
F,0.0,0.0,0.0,0.0
F,0.0,0.0,0.0,0.0
F,0.0,0.0,0.0,0.0
F,0.0,0.0,0.0,0.0
F,0.0,0.0,0.0,0.0
F,0.0,0.0,0.0,0.0
F,0.0,0.0,0.0,0.0
F,0.0,0.0,0.0,0.0
F,0.0,0.0,0.0,0.0
F,0.0,0.0,0.0,0.0
F,0.0,0.0,0.0,0.0
F,0.0,0.0,0.0,0.0
F,0.0,0.0,0.0,0.0
F,-0.00846471,0.0,0.0,-0.00846471
F,0.0,0.0,0.0,0.0
F,0.0419848,0.0,0.0,0.0419848
F,0.0,0.0,0.0,0.0
F,0.0,0.0,0.0,0.0
F,-0.0375762,0.0,0.0,-0.0375762
F,-0.0744794,0.0,0.0,-0.0744794
F,0.0449791,0.0,0.0,0.0449791
F,-0.0744794,0.0,0.0,-0.0744794
F,0.0,0.0,0.0,0.0
F,0.0,0.0,0.0,0.0
F,0.0,0.0,0.0,0.0
F,0.0,0.0,0.0,0.0
F,0.0,0.0,0.0,0.0
F,0.0625345,0.0,0.0,0.0625345
F,0.0,0.0,0.0,0.0
F,0.0,0.0,0.0,0.0
F,0.0,0.0,0.0,0.0
F,0.0,0.0,0.0,0.0
F,0.0,0.0,0.0,0.0
F,0.0,0.0,0.0,0.0
F,0.0,0.0,0.0,0.0
F,0.0,0.0,0.0,0.0
F,0.0,0.0,0.0,0.0
F,0.0,0.0,0.0,0.0
F,-0.0359431,0.0,0.0,-0.0359431
F,0.0,0.0,0.0,0.0
F,-0.0265819,0.0,0.0,-0.0265819
F,0.0,0.0,0.0,0.0
F,0.0,0.0,0.0,0.0
F,0.0,0.0,0.0,0.0
F,0.0,0.0,0.0,0.0
F,0.0,0.0,0.0,0.0
F,0.0947605,0.0,0.0,0.0947605
F,0.0,0.0,0.0,0.0
F,0.0,0.0,0.0,0.0
F,0.0,0.0,0.0,0.0
F,0.0,0.0,0.0,0.0
F,0.0,0.0,0.0,0.0
F,-0.0381068,0.0,0.0,-0.0381068
F,0.0,0.0,0.0,0.0
F,0.0,0.0,0.0,0.0
F,0.0,0.0,0.0,0.0
F,0.0,0.0,0.0,0.0
F,0.0,0.0,0.0,0.0
F,-0.0827811,0.0,0.0,-0.0827811
F,0.0,0.0,0.0,0.0
F,0.0,0.0,0.0,0.0
F,0.0,0.0,0.0,0.0
F,0.0,0.0,0.0,0.0
F,0.0,0.0,0.0,0.0
F,0.0,0.0,0.0,0.0
F,-0.0438832,0.0,0.0,-0.0438832
F,0.0,0.0,0.0,0.0
F,0.0,0.0,0.0,0.0
F,-0.0150272,0.0,0.0,-0.0150272
F,-0.0115703,0.0,0.0,-0.0115703
F,0.0,0.0,0.0,0.0
F,0.0,0.0,0.0,0.0
F,0.0,0.0,0.0,0.0
F,0.0,0.0,0.0,0.0
F,0.0176677,0.0,0.0,0.0176677
F,0.102593,0.0,0.0,0.102593
F,0.0,0.0,0.0,0.0
F,0.0,0.0,0.0,0.0
F,0.0,0.0,0.0,0.0
F,0.0,0.0,0.0,0.0
F,0.0,0.0,0.0,0.0
F,0.0,0.0,0.0,0.0
F,-0.0569309,0.0,0.0,-0.0569309
F,0.0,0.0,0.0,0.0
F,0.0,0.0,0.0,0.0
F,0.108115,0.0,0.0,0.108115
F,0.0,0.0,0.0,0.0
F,0.0,0.0,0.0,0.0
F,0.0,0.0,0.0,0.0
F,0.0,0.0,0.0,0.0
F,0.0,0.0,0.0,0.0
F,0.0,0.0,0.0,0.0
F,0.0,0.0,0.0,0.0
F,0.0,0.0,0.0,0.0
F,0.0,0.0,0.0,0.0
F,0.0,0.0,0.0,0.0
F,0.0,0.0,0.0,0.0
F,0.0,0.0,0.0,0.0
F,0.0,0.0,0.0,0.0
F,0.0,0.0,0.0,0.0
F,0.0,0.0,0.0,0.0
F,0.0691219,0.0,0.0,0.0691219
F,0.0,0.0,0.0,0.0
F,-0.0382271,0.0,0.0,-0.0382271
F,-0.027468,0.0,0.0,-0.027468
F,0.0120653,0.0,0.0,0.0120653
F,0.0,0.0,0.0,0.0
F,0.0,0.0,0.0,0.0
F,0.0,0.0,0.0,0.0
F,0.0,0.0,0.0,0.0
F,0.0,0.0,0.0,0.0
F,0.0,0.0,0.0,0.0
F,-0.00669314,0.0,0.0,-0.00669314
F,0.0,0.0,0.0,0.0
F,0.0,0.0,0.0,0.0
F,0.0,0.0,0.0,0.0
F,0.0,0.0,0.0,0.0
F,0.0,0.0,0.0,0.0
F,0.0,0.0,0.0,0.0
F,0.0,0.0,0.0,0.0
F,0.0,0.0,0.0,0.0
F,0.0,0.0,0.0,0.0
F,0.0,0.0,0.0,0.0
F,0.0,0.0,0.0,0.0
F,0.0,0.0,0.0,0.0
F,0.0,0.0,0.0,0.0
F,0.0,0.0,0.0,0.0
F,0.0,0.0,0.0,0.0
F,0.0,0.0,0.0,0.0
F,0.0,0.0,0.0,0.0
F,0.0,0.0,0.0,0.0
F,0.0385055,0.0,0.0,0.0385055
F,0.0,0.0,0.0,0.0
F,0.0,0.0,0.0,0.0
F,0.0,0.0,0.0,0.0
F,0.0,0.0,0.0,0.0
F,0.0,0.0,0.0,0.0
F,0.0,0.0,0.0,0.0
F,0.0,0.0,0.0,0.0
F,0.0,0.0,0.0,0.0
F,0.0,0.0,0.0,0.0
F,0.0,0.0,0.0,0.0
F,0.0,0.0,0.0,0.0
F,-0.0115703,0.0,0.0,-0.0115703
F,0.0,0.0,0.0,0.0
F,0.0,0.0,0.0,0.0
F,0.0,0.0,0.0,0.0
F,0.0,0.0,0.0,0.0
F,0.0,0.0,0.0,0.0
F,0.0,0.0,0.0,0.0
F,0.0,0.0,0.0,0.0
F,-0.0255683,0.0,0.0,-0.0255683
F,-0.0153765,0.0,0.0,-0.0153765
F,0.0,0.0,0.0,0.0
F,0.0,0.0,0.0,0.0
F,0.0,0.0,0.0,0.0
F,0.0,0.0,0.0,0.0
F,0.0,0.0,0.0,0.0
F,0.0,0.0,0.0,0.0
F,0.0,0.0,0.0,0.0
F,0.0,0.0,0.0,0.0
F,-0.0597783,0.0,0.0,-0.0597783
F,0.0,0.0,0.0,0.0
F,0.0,0.0,0.0,0.0
F,0.0,0.0,0.0,0.0
F,0.0384313,0.0,0.0,0.0384313
F,0.0,0.0,0.0,0.0
F,0.0,0.0,0.0,0.0
F,0.0,0.0,0.0,0.0
F,0.0,0.0,0.0,0.0
F,0.0,0.0,0.0,0.0
F,0.0,0.0,0.0,0.0
F,0.0,0.0,0.0,0.0
F,0.0,0.0,0.0,0.0
F,0.0,0.0,0.0,0.0
F,0.0,0.0,0.0,0.0
F,0.0,0.0,0.0,0.0
F,-0.045224,0.0,0.0,-0.045224
F,0.0,0.0,0.0,0.0
F,-0.0255683,0.0,0.0,-0.0255683
F,0.0,0.0,0.0,0.0
F,0.0,0.0,0.0,0.0
F,-0.0552493,0.0,0.0,-0.0552493
F,0.0,0.0,0.0,0.0
F,0.0,0.0,0.0,0.0
F,-0.0362324,0.0,0.0,-0.0362324
F,0.018446,0.0,0.0,0.018446
F,-0.0263182,0.0,0.0,-0.0263182
F,0.0367092,0.0,0.0,0.0367092
F,0.0120653,0.0,0.0,0.0120653
F,0.0,0.0,0.0,0.0
F,-0.0302114,0.0,0.0,-0.0302114
F,0.0,0.0,0.0,0.0
F,0.0,0.0,0.0,0.0
F,0.0,0.0,0.0,0.0
F,0.0,0.0,0.0,0.0
F,-0.00172508,0.0,0.0,-0.00172508
F,0.0,0.0,0.0,0.0
F,0.0,0.0,0.0,0.0
F,0.0,0.0,0.0,0.0
F,0.0,0.0,0.0,0.0
F,-0.0635485,0.0,0.0,-0.0635485
F,-0.0548571,0.0,0.0,-0.0548571
F,0.0,0.0,0.0,0.0
F,0.0,0.0,0.0,0.0
F,0.00572919,0.0,0.0,0.00572919
F,0.0,0.0,0.0,0.0
F,0.0,0.0,0.0,0.0
F,0.0,0.0,0.0,0.0
F,0.0,0.0,0.0,0.0
F,0.0,0.0,0.0,0.0
F,0.0,0.0,0.0,0.0
F,-0.0110868,0.0,0.0,-0.0110868
F,0.0,0.0,0.0,0.0
F,0.0,0.0,0.0,0.0
F,0.0,0.0,0.0,0.0
F,0.0,0.0,0.0,0.0
F,0.0,0.0,0.0,0.0
F,0.0,0.0,0.0,0.0
F,0.0,0.0,0.0,0.0
F,0.0,0.0,0.0,0.0
F,0.0,0.0,0.0,0.0
F,0.0,0.0,0.0,0.0
F,0.0,0.0,0.0,0.0
F,0.0,0.0,0.0,0.0
F,-0.0381068,0.0,0.0,-0.0381068
F,0.0,0.0,0.0,0.0
F,0.0,0.0,0.0,0.0
F,0.0,0.0,0.0,0.0
F,0.0,0.0,0.0,0.0
F,0.0,0.0,0.0,0.0
F,0.0,0.0,0.0,0.0
F,0.0,0.0,0.0,0.0
F,0.0,0.0,0.0,0.0
F,0.0,0.0,0.0,0.0
F,0.0,0.0,0.0,0.0
F,0.0,0.0,0.0,0.0
F,0.0472523,0.0,0.0,0.0472523
F,0.017133,0.0,0.0,0.017133
F,0.0,0.0,0.0,0.0
F,0.0,0.0,0.0,0.0
F,0.0,0.0,0.0,0.0
F,0.0,0.0,0.0,0.0
F,0.0,0.0,0.0,0.0
F,0.0,0.0,0.0,0.0
F,0.0,0.0,0.0,0.0
F,0.0,0.0,0.0,0.0
F,0.0,0.0,0.0,0.0
F,0.0,0.0,0.0,0.0
F,0.0,0.0,0.0,0.0
F,0.0,0.0,0.0,0.0
F,0.0,0.0,0.0,0.0
F,0.0,0.0,0.0,0.0
F,-0.0675258,0.0,0.0,-0.0675258
F,0.0,0.0,0.0,0.0
F,0.0,0.0,0.0,0.0
F,0.0,0.0,0.0,0.0
F,0.0,0.0,0.0,0.0
F,0.00234378,0.0,0.0,0.00234378
F,0.0,0.0,0.0,0.0
F,0.0,0.0,0.0,0.0
F,0.0238843,0.0,0.0,0.0238843
F,0.0673107,0.0,0.0,0.0673107
F,0.0488378,0.0,0.0,0.0488378
F,0.0,0.0,0.0,0.0
F,0.0,0.0,0.0,0.0
F,0.0,0.0,0.0,0.0
F,-0.00545123,0.0,0.0,-0.00545123
F,0.0,0.0,0.0,0.0
F,0.0,0.0,0.0,0.0
F,-0.0052688,0.0,0.0,-0.0052688
F,0.0,0.0,0.0,0.0
F,0.0,0.0,0.0,0.0
F,0.106097,0.0,0.0,0.106097
F,0.0,0.0,0.0,0.0
F,0.0,0.0,0.0,0.0
F,0.0,0.0,0.0,0.0
F,0.0,0.0,0.0,0.0
F,0.0,0.0,0.0,0.0
F,0.0358858,0.0,0.0,0.0358858
F,0.0,0.0,0.0,0.0
F,-0.0115703,0.0,0.0,-0.0115703
F,0.0,0.0,0.0,0.0
F,0.0,0.0,0.0,0.0
F,0.0,0.0,0.0,0.0
F,0.0,0.0,0.0,0.0
F,0.0,0.0,0.0,0.0
F,0.0,0.0,0.0,0.0
F,0.0,0.0,0.0,0.0
F,0.0,0.0,0.0,0.0
F,0.0,0.0,0.0,0.0
F,-0.0222815,0.0,0.0,-0.0222815
F,0.0894559,0.0,0.0,0.0894559
F,0.0,0.0,0.0,0.0
F,0.0,0.0,0.0,0.0
F,-0.0105149,0.0,0.0,-0.0105149
F,0.0,0.0,0.0,0.0
F,0.0,0.0,0.0,0.0
F,0.0,0.0,0.0,0.0
F,0.0,0.0,0.0,0.0
F,0.0,0.0,0.0,0.0
F,0.0,0.0,0.0,0.0
F,-0.080595,0.0,0.0,-0.080595
F,-0.0159532,0.0,0.0,-0.0159532
F,0.0,0.0,0.0,0.0
F,0.0,0.0,0.0,0.0
F,0.0321984,0.0,0.0,0.0321984
F,0.0,0.0,0.0,0.0
F,0.0,0.0,0.0,0.0
F,0.0,0.0,0.0,0.0
F,0.0,0.0,0.0,0.0
F,0.0,0.0,0.0,0.0
F,0.0,0.0,0.0,0.0
F,0.0974846,0.0,0.0,0.0974846
F,0.0,0.0,0.0,0.0
F,0.0,0.0,0.0,0.0
F,0.0,0.0,0.0,0.0
F,0.0,0.0,0.0,0.0
F,0.0,0.0,0.0,0.0
F,0.0,0.0,0.0,0.0
F,0.0,0.0,0.0,0.0
F,-0.0386246,0.0,0.0,-0.0386246
F,-0.0620782,0.0,0.0,-0.0620782
F,0.0,0.0,0.0,0.0
F,0.0,0.0,0.0,0.0
F,0.0,0.0,0.0,0.0
F,-0.0311745,0.0,0.0,-0.0311745
F,0.0,0.0,0.0,0.0
F,0.0122745,0.0,0.0,0.0122745
F,0.0,0.0,0.0,0.0
F,0.0,0.0,0.0,0.0
F,0.0,0.0,0.0,0.0
F,0.0,0.0,0.0,0.0
F,0.0,0.0,0.0,0.0
F,0.0592023,0.0,0.0,0.0592023
F,0.0,0.0,0.0,0.0
F,0.0,0.0,0.0,0.0
F,0.0,0.0,0.0,0.0
F,0.0,0.0,0.0,0.0
F,0.0,0.0,0.0,0.0
F,0.0,0.0,0.0,0.0
F,0.0,0.0,0.0,0.0
F,0.0618976,0.0,0.0,0.0618976
F,0.0,0.0,0.0,0.0
F,0.0,0.0,0.0,0.0
F,0.0,0.0,0.0,0.0
F,0.0,0.0,0.0,0.0
F,0.0,0.0,0.0,0.0
F,0.0,0.0,0.0,0.0
F,0.0162932,0.0,0.0,0.0162932
F,0.0,0.0,0.0,0.0
F,0.0,0.0,0.0,0.0
F,0.0,0.0,0.0,0.0
F,0.0,0.0,0.0,0.0
F,0.0,0.0,0.0,0.0
F,0.0,0.0,0.0,0.0
F,0.0,0.0,0.0,0.0
F,0.0,0.0,0.0,0.0
F,0.0,0.0,0.0,0.0
F,0.0,0.0,0.0,0.0
F,0.0,0.0,0.0,0.0
F,0.0,0.0,0.0,0.0
F,0.050312,0.0,0.0,0.050312
F,0.0,0.0,0.0,0.0
F,0.0,0.0,0.0,0.0
F,0.0,0.0,0.0,0.0
F,0.0,0.0,0.0,0.0
F,0.0372217,0.0,0.0,0.0372217
F,0.0322741,0.0,0.0,0.0322741
F,0.0,0.0,0.0,0.0
F,0.050312,0.0,0.0,0.050312
F,0.0,0.0,0.0,0.0
F,0.0,0.0,0.0,0.0
F,0.0,0.0,0.0,0.0
F,0.0,0.0,0.0,0.0
F,0.0,0.0,0.0,0.0
F,0.0,0.0,0.0,0.0
F,0.0,0.0,0.0,0.0
F,0.0,0.0,0.0,0.0
F,-0.113127,0.0,0.0,-0.113127
F,0.0,0.0,0.0,0.0
F,0.0,0.0,0.0,0.0
F,0.0,0.0,0.0,0.0
F,0.0461375,0.0,0.0,0.0461375
F,-0.0767139,0.0,0.0,-0.0767139
F,0.0,0.0,0.0,0.0
F,0.0,0.0,0.0,0.0
F,0.0322741,0.0,0.0,0.0322741
F,0.0,0.0,0.0,0.0
F,0.0,0.0,0.0,0.0
F,0.0,0.0,0.0,0.0
F,-0.11564,0.0,0.0,-0.11564
F,0.0,0.0,0.0,0.0
F,0.0,0.0,0.0,0.0
F,-0.000219241,0.0,0.0,-0.000219241
F,0.0,0.0,0.0,0.0
F,0.0,0.0,0.0,0.0
F,0.0,0.0,0.0,0.0
F,0.0,0.0,0.0,0.0
F,0.0,0.0,0.0,0.0
F,-0.0100579,0.0,0.0,-0.0100579
F,0.0864829,0.0,0.0,0.0864829
F,0.0,0.0,0.0,0.0
F,0.0,0.0,0.0,0.0
F,0.0,0.0,0.0,0.0
F,0.0,0.0,0.0,0.0
F,0.0555793,0.0,0.0,0.0555793
F,0.0,0.0,0.0,0.0
F,0.0,0.0,0.0,0.0
F,0.0,0.0,0.0,0.0
F,0.0495542,0.0,0.0,0.0495542
F,0.0,0.0,0.0,0.0
F,0.0449791,0.0,0.0,0.0449791
F,0.0,0.0,0.0,0.0
F,0.0455588,0.0,0.0,0.0455588
F,-0.048619,0.0,0.0,-0.048619
F,0.0,0.0,0.0,0.0
F,0.0,0.0,0.0,0.0
F,0.0,0.0,0.0,0.0
F,0.0,0.0,0.0,0.0
F,0.0,0.0,0.0,0.0
F,0.0,0.0,0.0,0.0
F,0.0,0.0,0.0,0.0
F,0.0,0.0,0.0,0.0
F,0.102262,0.0,0.0,0.102262
F,0.0,0.0,0.0,0.0
F,0.0618976,0.0,0.0,0.0618976
F,0.0,0.0,0.0,0.0
F,0.0,0.0,0.0,0.0
F,0.0,0.0,0.0,0.0
F,0.0,0.0,0.0,0.0
F,0.0,0.0,0.0,0.0
F,0.0509325,0.0,0.0,0.0509325
F,0.0,0.0,0.0,0.0
F,0.0,0.0,0.0,0.0
F,0.0,0.0,0.0,0.0
F,0.0,0.0,0.0,0.0
F,0.0,0.0,0.0,0.0
F,0.0,0.0,0.0,0.0
F,-0.133279,0.0,0.0,-0.133279
F,0.0,0.0,0.0,0.0
F,0.0,0.0,0.0,0.0
F,0.0,0.0,0.0,0.0
F,0.0797485,0.0,0.0,0.0797485
F,0.0,0.0,0.0,0.0
F,0.0,0.0,0.0,0.0
F,0.0,0.0,0.0,0.0
F,0.0,0.0,0.0,0.0
F,0.0,0.0,0.0,0.0
F,0.0,0.0,0.0,0.0
F,0.0,0.0,0.0,0.0
F,0.0864829,0.0,0.0,0.0864829
F,0.0517895,0.0,0.0,0.0517895
F,0.0,0.0,0.0,0.0
F,0.0,0.0,0.0,0.0
F,0.0,0.0,0.0,0.0
F,0.0,0.0,0.0,0.0
F,0.0,0.0,0.0,0.0
F,-0.0322035,0.0,0.0,-0.0322035
F,0.0,0.0,0.0,0.0
F,0.0,0.0,0.0,0.0
F,0.0,0.0,0.0,0.0
F,0.0,0.0,0.0,0.0
F,0.0,0.0,0.0,0.0
F,0.0,0.0,0.0,0.0
F,0.0,0.0,0.0,0.0
F,0.0,0.0,0.0,0.0
F,0.0,0.0,0.0,0.0
F,0.0,0.0,0.0,0.0
F,0.0,0.0,0.0,0.0
F,0.0,0.0,0.0,0.0
F,0.0,0.0,0.0,0.0
F,0.0,0.0,0.0,0.0
F,0.0,0.0,0.0,0.0
F,0.0,0.0,0.0,0.0
F,0.0,0.0,0.0,0.0
F,0.0,0.0,0.0,0.0
F,0.0,0.0,0.0,0.0
F,0.0,0.0,0.0,0.0
F,0.0,0.0,0.0,0.0
F,0.0,0.0115564,0.0115564,0.0115564
F,0.0,0.0,0.0,0.0
F,0.0,0.0,0.0,0.0
F,0.0,0.0,0.0,0.0
F,0.0,0.0,0.0,0.0
F,-0.0470878,0.0,0.0,-0.0470878
F,0.0,0.0,0.0,0.0
F,-0.0152848,0.0,0.0,-0.0152848
F,0.0,0.0,0.0,0.0
F,0.0437137,0.0,0.0,0.0437137
F,0.0,0.0,0.0,0.0
F,0.0,0.0,0.0,0.0
F,0.0,0.0,0.0,0.0
F,0.0,0.0,0.0,0.0
F,-0.0414457,0.0,0.0,-0.0414457
F,0.0,0.0,0.0,0.0
F,0.0,0.0,0.0,0.0
F,-0.00172508,0.0,0.0,-0.00172508
F,0.0,0.0,0.0,0.0
F,0.0,0.0,0.0,0.0
F,0.0,0.0,0.0,0.0
F,0.0,0.0,0.0,0.0
F,-0.027468,0.0,0.0,-0.027468
F,0.0,0.0,0.0,0.0
F,0.0,0.0,0.0,0.0
F,0.0,0.0,0.0,0.0
F,0.0,0.0,0.0,0.0
F,0.00216895,0.0,0.0,0.00216895
F,0.0358858,0.0,0.0,0.0358858
F,0.0,0.0,0.0,0.0
F,0.0,0.0,0.0,0.0
F,0.0,0.0,0.0,0.0
F,0.0290826,0.0,0.0,0.0290826
F,0.0,0.0,0.0,0.0
F,0.0,0.0,0.0,0.0
F,0.0,0.0,0.0,0.0
F,0.0,0.0,0.0,0.0
F,0.0408278,0.0,0.0,0.0408278
F,0.0,0.0,0.0,0.0
F,0.0,0.0,0.0,0.0
F,0.0,0.0,0.0,0.0
F,0.0,0.0,0.0,0.0
F,0.0,0.0,0.0,0.0
F,0.0,0.0,0.0,0.0
F,0.0,0.0,0.0,0.0
F,0.0,0.0,0.0,0.0
F,0.0,0.0,0.0,0.0
F,0.0258801,0.0,0.0,0.0258801
F,0.106097,0.0,0.0,0.106097
F,0.0,0.0,0.0,0.0
F,0.0,0.0,0.0,0.0
F,0.0,0.0,0.0,0.0
F,0.0,0.0,0.0,0.0
F,0.0,0.0,0.0,0.0
F,0.0,0.0,0.0,0.0
F,0.0,0.0,0.0,0.0
F,0.0572567,0.0,0.0,0.0572567
F,0.0,0.0,0.0,0.0
F,0.0,0.0,0.0,0.0
F,0.0,0.0,0.0,0.0
F,0.0151171,0.0,0.0,0.0151171
F,0.000969035,0.0,0.0,0.000969035
F,0.0,0.0,0.0,0.0
F,0.0,0.0,0.0,0.0
F,0.0,0.0,0.0,0.0
F,0.0,0.0,0.0,0.0
F,0.0,0.0,0.0,0.0
F,-0.00460635,0.0,0.0,-0.00460635
F,-0.133047,0.0,0.0,-0.133047
F,0.0,0.0,0.0,0.0
F,0.0,0.0,0.0,0.0
F,0.0555793,0.0,0.0,0.0555793
F,0.0,0.0,0.0,0.0
F,0.0,0.0,0.0,0.0
F,0.0405808,0.0,0.0,0.0405808
F,0.0,0.0,0.0,0.0
F,0.0,0.0,0.0,0.0
F,0.0,0.0,0.0,0.0
F,0.0,0.0,0.0,0.0
F,0.0,0.0,0.0,0.0
F,0.0,0.0,0.0,0.0
F,0.0,0.0,0.0,0.0
F,0.0405808,0.0,0.0,0.0405808
F,0.0,0.0,0.0,0.0
F,0.0,0.0,0.0,0.0
F,0.0,0.0,0.0,0.0
F,0.0,0.0,0.0,0.0
F,0.0,0.0,0.0,0.0
F,0.0,0.0,0.0,0.0
F,-0.08756,0.0,0.0,-0.08756
F,0.0,0.0,0.0,0.0
F,0.0,0.0,0.0,0.0
F,0.0,0.0,0.0,0.0
F,0.0,0.0,0.0,0.0
F,0.0,0.0,0.0,0.0
F,0.0,0.0,0.0,0.0
F,0.0,0.0,0.0,0.0
F,0.0534663,0.0,0.0,0.0534663
F,0.0,0.0,0.0,0.0
F,0.00369678,0.0,0.0,0.00369678
F,0.0,0.0,0.0,0.0
F,0.0,0.0,0.0,0.0
F,0.0,0.0,0.0,0.0
F,0.0,0.0,0.0,0.0
F,0.0,0.0,0.0,0.0
F,0.0,0.0,0.0,0.0
F,0.0,0.0,0.0,0.0
F,0.0,0.0,0.0,0.0
F,0.0,0.0,0.0,0.0
F,0.0,0.0,0.0,0.0
F,0.0,0.0,0.0,0.0
F,0.0,0.0,0.0,0.0
F,0.0,0.0,0.0,0.0
F,0.0,0.0,0.0,0.0
F,0.0,0.0,0.0,0.0
F,0.0,0.0,0.0,0.0
F,0.0,0.0,0.0,0.0
F,0.0,0.0,0.0,0.0
F,0.0,0.0,0.0,0.0
F,0.0,0.0,0.0,0.0
F,0.0,0.0,0.0,0.0
F,0.0260278,0.0,0.0,0.0260278
F,0.0,0.0,0.0,0.0
F,0.0,0.0,0.0,0.0
F,0.0,0.0,0.0,0.0
F,0.0,0.0,0.0,0.0
F,0.0,0.0,0.0,0.0
F,0.0,0.0,0.0,0.0
F,0.0,0.0,0.0,0.0
F,0.0,0.0,0.0,0.0
F,0.0,0.0,0.0,0.0
F,0.0,0.0,0.0,0.0
F,0.0,0.0,0.0,0.0
F,0.0,0.0,0.0,0.0
F,0.0,0.0,0.0,0.0
F,0.0,0.0,0.0,0.0
F,0.0,0.0,0.0,0.0
F,0.0,0.0,0.0,0.0
F,0.0517895,0.0,0.0,0.0517895
F,0.0,0.0,0.0,0.0
F,-0.0277679,0.0,0.0,-0.0277679
F,0.0,0.0,0.0,0.0
F,0.0,0.0,0.0,0.0
F,0.0,0.0,0.0,0.0
F,0.0,0.0,0.0,0.0
F,0.0170747,0.0,0.0,0.0170747
F,0.0,0.0,0.0,0.0
F,0.0,0.0,0.0,0.0
F,0.0,0.0,0.0,0.0
F,0.0,0.0,0.0,0.0
F,0.0,0.0,0.0,0.0
F,0.0,0.0,0.0,0.0
F,0.0,0.0,0.0,0.0
F,0.0425908,0.0,0.0,0.0425908
F,-0.0531848,0.0,0.0,-0.0531848
F,0.0,0.0,0.0,0.0
F,0.0,0.0,0.0,0.0
F,0.0,0.0,0.0,0.0
F,0.0,0.0,0.0,0.0
F,-0.0345321,0.0,0.0,-0.0345321
F,0.0282757,0.0,0.0,0.0282757
F,0.0,0.0,0.0,0.0
F,0.0,0.0,0.0,0.0
F,0.0,0.0,0.0,0.0
F,0.0,0.0,0.0,0.0
F,0.0,0.0,0.0,0.0
F,0.0340383,0.0,0.0,0.0340383
F,0.0,0.0,0.0,0.0
F,0.0,0.0,0.0,0.0
F,0.102593,0.0,0.0,0.102593
F,0.0,0.0,0.0,0.0
F,0.0,0.0,0.0,0.0
F,0.0,0.0,0.0,0.0
F,0.0,0.0,0.0,0.0
F,0.0,0.0,0.0,0.0
F,0.0,0.0,0.0,0.0
F,0.0,0.0,0.0,0.0
F,0.0,0.0,0.0,0.0
F,0.0,0.0,0.0,0.0
F,-0.0399892,0.0,0.0,-0.0399892
F,0.0,0.0,0.0,0.0
F,0.0,0.0,0.0,0.0
F,0.0,0.0,0.0,0.0
F,0.0,0.0,0.0,0.0
F,0.0,0.0,0.0,0.0
F,-0.024827,0.0,0.0,-0.024827
F,0.0,0.0,0.0,0.0
F,0.0,0.0,0.0,0.0
F,0.0,0.0,0.0,0.0
F,0.0,0.0,0.0,0.0
F,0.0,0.0,0.0,0.0
F,0.0,0.0,0.0,0.0
F,0.0543149,0.0,0.0,0.0543149
F,0.0,0.0,0.0,0.0
F,0.0,0.0,0.0,0.0
F,0.0,0.0,0.0,0.0
F,0.0,0.0,0.0,0.0
F,0.00711323,0.0,0.0,0.00711323
F,0.0,0.0,0.0,0.0
F,0.0,0.0,0.0,0.0
F,0.0,0.0,0.0,0.0
F,0.0,0.0,0.0,0.0
F,0.0,0.0,0.0,0.0
F,0.0,0.0,0.0,0.0
F,0.0,0.0,0.0,0.0
F,-0.0128868,0.0,0.0,-0.0128868
F,0.0,0.0,0.0,0.0
F,0.0,0.0,0.0,0.0
F,0.0,0.0,0.0,0.0
F,0.0,0.0,0.0,0.0
F,0.0,0.0,0.0,0.0
F,-0.031744,0.0,0.0,-0.031744
F,0.0,0.0,0.0,0.0
F,0.0,0.0,0.0,0.0
F,0.0,0.0,0.0,0.0
F,0.0,0.0,0.0,0.0
F,0.0,0.0,0.0,0.0
F,0.0,0.0,0.0,0.0
F,0.0,0.0,0.0,0.0
F,0.0,0.0,0.0,0.0
F,0.0138579,0.0,0.0,0.0138579
F,0.0,0.0,0.0,0.0
F,0.0,0.0,0.0,0.0
F,-0.0184072,0.0,0.0,-0.0184072
F,0.0,0.0,0.0,0.0
F,0.0,0.0,0.0,0.0
F,0.0,0.0,0.0,0.0
F,-0.032774,0.0,0.0,-0.032774
F,0.0,0.0,0.0,0.0
F,0.0,0.0,0.0,0.0
F,0.0,0.0,0.0,0.0
F,0.0,0.0,0.0,0.0
F,-0.0335988,0.0,0.0,-0.0335988
F,0.0,0.0,0.0,0.0
F,0.0,0.0,0.0,0.0
F,0.0,0.0,0.0,0.0
F,0.0,0.0,0.0,0.0
F,0.0,0.0,0.0,0.0
F,0.0,0.0,0.0,0.0
F,0.0,0.0,0.0,0.0
F,0.0,0.0,0.0,0.0
F,-0.0444219,0.0,0.0,-0.0444219
F,0.0880484,0.0,0.0,0.0880484
F,-0.00669314,0.0,0.0,-0.00669314
F,0.0,0.0,0.0,0.0
F,0.0,0.0,0.0,0.0
F,0.0,0.0,0.0,0.0
F,0.118449,0.0,0.0,0.118449
F,0.0,0.0,0.0,0.0
F,0.0,0.0,0.0,0.0
F,0.0,0.0,0.0,0.0
F,0.0,0.0,0.0,0.0
F,0.0,0.0,0.0,0.0
F,0.0,0.0,0.0,0.0
F,0.0,0.0,0.0,0.0
F,-0.0806113,0.0,0.0,-0.0806113
F,0.0,0.0,0.0,0.0
F,0.0,0.0,0.0,0.0
F,0.0,0.0,0.0,0.0
F,0.0,0.0,0.0,0.0
F,0.0,0.0,0.0,0.0
F,0.0,0.0,0.0,0.0
F,0.0,0.0,0.0,0.0
F,0.0,0.0,0.0,0.0
F,0.0,0.0,0.0,0.0
F,0.0,0.0,0.0,0.0
F,0.0,0.0,0.0,0.0
F,0.0,0.0,0.0,0.0
F,0.0,0.0,0.0,0.0
F,0.0,0.0,0.0,0.0
F,0.0,0.0,0.0,0.0
F,0.0,0.0,0.0,0.0
F,0.0,0.0,0.0,0.0
F,0.0,0.0,0.0,0.0
F,-0.0567686,0.0,0.0,-0.0567686
F,0.0,0.0,0.0,0.0
F,0.0,0.0,0.0,0.0
F,0.0,0.0,0.0,0.0
F,0.0,0.0,0.0,0.0
F,0.0,0.0,0.0,0.0
F,0.0,0.0,0.0,0.0
F,0.0,0.0,0.0,0.0
F,0.0,0.0,0.0,0.0
F,0.0,0.0,0.0,0.0
F,0.0,0.0,0.0,0.0
F,0.0,0.0,0.0,0.0
F,0.0,0.0,0.0,0.0
F,-0.0734633,0.0,0.0,-0.0734633
F,0.0,0.0,0.0,0.0
F,0.0,0.0,0.0,0.0
F,0.0,0.0,0.0,0.0
F,0.0,0.0,0.0,0.0
F,0.0,0.0,0.0,0.0
F,0.0,0.0,0.0,0.0
F,0.0,0.0,0.0,0.0
F,-0.0147684,0.0,0.0,-0.0147684
F,0.0,0.0,0.0,0.0
F,0.0,0.0,0.0,0.0
F,0.0,0.0,0.0,0.0
F,0.0,0.0,0.0,0.0
F,0.0515757,0.0,0.0,0.0515757
F,-0.0107579,0.0,0.0,-0.0107579
F,0.0,0.0,0.0,0.0
F,0.0,0.0,0.0,0.0
F,0.00274391,0.0,0.0,0.00274391
F,0.0,0.0,0.0,0.0
F,0.0,0.0,0.0,0.0
F,0.0993101,0.0,0.0,0.0993101
F,0.0226471,0.0,0.0,0.0226471
F,0.0,0.0,0.0,0.0
F,0.0,0.0,0.0,0.0
F,-0.0548571,0.0,0.0,-0.0548571
F,0.0,0.0,0.0,0.0
F,0.0,0.0,0.0,0.0
F,0.0,0.0,0.0,0.0
F,0.0205847,0.0,0.0,0.0205847
F,0.0,0.0,0.0,0.0
F,0.0,0.0,0.0,0.0
F,0.0,0.0,0.0,0.0
F,0.0,0.0,0.0,0.0
F,0.0,0.0,0.0,0.0
F,0.055272,0.0,0.0,0.055272
F,0.0,0.0,0.0,0.0
F,0.0,0.0,0.0,0.0
F,0.0,0.0,0.0,0.0
F,-0.0190286,0.0,0.0,-0.0190286
F,0.0,0.0,0.0,0.0
F,0.0,0.0,0.0,0.0
F,-0.00920479,0.0,0.0,-0.00920479
F,0.0,0.0,0.0,0.0
F,0.0580773,0.0,0.0,0.0580773
F,0.0,0.0,0.0,0.0
F,0.108115,0.0,0.0,0.108115
F,0.0,0.0,0.0,0.0
F,0.0,0.0,0.0,0.0
F,0.0,0.0,0.0,0.0
F,0.0,0.0,0.0,0.0
F,0.0,0.0,0.0,0.0
F,-0.032774,0.0,0.0,-0.032774
F,0.0,0.0,0.0,0.0
F,0.0,0.0,0.0,0.0
F,0.0,0.0,0.0,0.0
F,0.0,0.0,0.0,0.0
F,0.0,0.0,0.0,0.0
F,-0.0232441,0.0,0.0,-0.0232441
F,0.0712239,0.0,0.0,0.0712239
F,0.0,0.0,0.0,0.0
F,-0.0652984,0.0,0.0,-0.0652984
F,0.0,0.0,0.0,0.0
F,0.0,0.0,0.0,0.0
F,0.0219536,0.0,0.0,0.0219536
F,0.0,0.0,0.0,0.0
F,0.0,0.0,0.0,0.0
F,0.0,0.0,0.0,0.0
F,0.0,0.0,0.0,0.0
F,0.0,0.0,0.0,0.0
F,0.0,0.0,0.0,0.0
F,0.0,0.0,0.0,0.0
F,0.0,0.0,0.0,0.0
F,-0.0381068,0.0,0.0,-0.0381068
F,0.0,0.0,0.0,0.0
F,0.0,0.0,0.0,0.0
F,0.0367092,0.0,0.0,0.0367092
F,0.0,0.0,0.0,0.0
F,0.0342478,0.0,0.0,0.0342478
F,0.0,0.0,0.0,0.0
F,0.0,0.0,0.0,0.0
F,0.0170315,0.0,0.0,0.0170315
F,0.0,0.0,0.0,0.0
F,0.0,0.0,0.0,0.0
F,0.0,0.0,0.0,0.0
F,0.0,0.0,0.0,0.0
F,0.0,0.0,0.0,0.0
F,0.0,0.0,0.0,0.0
F,0.0,0.0,0.0,0.0
F,0.0,0.0,0.0,0.0
F,0.0,0.0,0.0,0.0
F,0.0,0.0,0.0,0.0
F,0.0,0.0,0.0,0.0
F,0.0,0.0,0.0,0.0
F,0.0,0.0,0.0,0.0
F,0.0,0.0,0.0,0.0
F,0.0,0.0,0.0,0.0
F,0.0,0.0,0.0,0.0
F,0.0317417,0.0,0.0,0.0317417
F,0.0,0.0,0.0,0.0
F,0.0,0.0,0.0,0.0
F,0.0,0.0,0.0,0.0
F,0.0,0.0,0.0,0.0
F,0.0,0.0,0.0,0.0
F,0.0,0.0,0.0,0.0
F,-0.000103168,0.0,0.0,-0.000103168
F,0.0,0.0,0.0,0.0
F,0.0,0.0,0.0,0.0
F,0.0,0.0,0.0,0.0
F,0.0,0.0,0.0,0.0
F,0.0,0.0,0.0,0.0
F,0.0,0.0,0.0,0.0
F,0.0,0.0,0.0,0.0
F,0.00398693,0.0,0.0,0.00398693
F,0.0,0.0,0.0,0.0
F,0.0199772,0.0,0.0,0.0199772
F,0.0,0.0,0.0,0.0
F,0.0500806,0.0,0.0,0.0500806
F,0.0,0.0,0.0,0.0
F,0.0,0.0,0.0,0.0
F,0.0,0.0,0.0,0.0
F,0.0,0.0,0.0,0.0
F,0.0,0.0,0.0,0.0
F,0.0,0.0,0.0,0.0
F,0.0,0.0,0.0,0.0
F,0.0,0.0,0.0,0.0
F,0.0,0.0,0.0,0.0
F,0.0,0.0,0.0,0.0
F,0.0,0.0,0.0,0.0
F,0.0,0.0,0.0,0.0
F,-0.0105149,0.0,0.0,-0.0105149
F,0.0,0.0,0.0,0.0
F,0.0,0.0,0.0,0.0
F,0.0,0.0,0.0,0.0
F,0.0,0.0,0.0,0.0
F,0.0,0.0,0.0,0.0
F,0.0,0.0,0.0,0.0
F,0.0,0.0,0.0,0.0
F,0.0,0.0,0.0,0.0
F,0.0,0.0,0.0,0.0
F,0.0,0.0,0.0,0.0
F,0.0,0.0,0.0,0.0
F,0.0,0.0,0.0,0.0
F,0.0,0.0,0.0,0.0
F,0.0,0.0,0.0,0.0
F,0.0,0.0,0.0,0.0
F,-0.0214994,0.0,0.0,-0.0214994
F,0.0,0.0,0.0,0.0
F,0.0,0.0,0.0,0.0
F,0.0109499,0.0,0.0,0.0109499
F,0.0,0.0,0.0,0.0
F,-0.0714376,0.0,0.0,-0.0714376
F,0.0,0.0,0.0,0.0
F,0.0,0.0,0.0,0.0
F,0.0,0.0,0.0,0.0
F,0.0,0.0,0.0,0.0
F,0.0,0.0,0.0,0.0
F,-0.00464075,0.0,0.0,-0.00464075
F,0.0,0.0,0.0,0.0
F,0.0,0.0,0.0,0.0
F,0.0,0.0,0.0,0.0
F,0.0189026,0.0,0.0,0.0189026
F,0.0,0.0,0.0,0.0
F,0.0,0.0,0.0,0.0
F,0.0,0.0,0.0,0.0
F,0.0,0.0,0.0,0.0
F,0.0,0.0,0.0,0.0
F,-0.032774,0.0,0.0,-0.032774
F,0.0,0.0,0.0,0.0
F,0.0,0.0,0.0,0.0
F,0.0,0.0,0.0,0.0
F,0.00662543,0.0,0.0,0.00662543
F,-0.0286791,0.0,0.0,-0.0286791
F,-0.00746362,0.0,0.0,-0.00746362
F,0.0,0.0,0.0,0.0
F,0.0487266,0.0,0.0,0.0487266
F,0.0980575,0.0,0.0,0.0980575
F,0.0,0.0,0.0,0.0
F,0.0,0.0,0.0,0.0
F,0.0,0.0,0.0,0.0
F,0.0,0.0,0.0,0.0
F,0.0,0.0,0.0,0.0
F,0.0,0.0,0.0,0.0
F,0.0,0.0,0.0,0.0
F,-0.020391,0.0,0.0,-0.020391
F,-0.0197423,0.0,0.0,-0.0197423
F,0.0,0.0,0.0,0.0
F,0.0,0.0,0.0,0.0
F,0.0,0.0,0.0,0.0
F,0.0,0.0,0.0,0.0
F,0.0,0.0,0.0,0.0
F,0.0,0.0,0.0,0.0
F,-0.0176127,0.0,0.0,-0.0176127
F,0.0,0.0,0.0,0.0
F,-0.0806014,0.0,0.0,-0.0806014
F,0.0,0.0,0.0,0.0
F,0.0,0.0,0.0,0.0
F,0.0,0.0,0.0,0.0
F,0.0,0.0,0.0,0.0
F,0.0,0.0,0.0,0.0
F,0.0,0.0,0.0,0.0
F,0.0378609,0.0,0.0,0.0378609
F,0.0563882,0.0,0.0,0.0563882
F,0.0,0.0,0.0,0.0
F,0.0,0.0,0.0,0.0
F,0.0,0.0,0.0,0.0
F,-0.00731934,0.0,0.0,-0.00731934
F,0.0,0.0,0.0,0.0
F,0.0,0.0,0.0,0.0
F,0.0,0.0,0.0,0.0
F,0.0,0.0,0.0,0.0
F,0.0,0.0,0.0,0.0
F,0.0,0.0,0.0,0.0
F,0.0,0.0,0.0,0.0
F,0.0,0.0,0.0,0.0
F,0.0,0.0,0.0,0.0
F,-0.0620782,0.0,0.0,-0.0620782
F,0.0,0.0,0.0,0.0
F,0.0,0.0,0.0,0.0
F,0.0,0.0115564,0.0115564,0.0115564
F,0.0,0.0,0.0,0.0
F,0.0,0.0,0.0,0.0
F,0.0,0.0,0.0,0.0
F,0.0,0.0,0.0,0.0
F,0.0,0.0,0.0,0.0
F,0.0,0.0,0.0,0.0
F,-0.027468,0.0,0.0,-0.027468
F,-0.0717279,0.0,0.0,-0.0717279
F,0.0,0.0,0.0,0.0
F,0.0,0.0,0.0,0.0
F,0.0,0.0,0.0,0.0
F,0.0173458,0.0,0.0,0.0173458
F,0.0,0.0,0.0,0.0
F,0.0,0.0,0.0,0.0
F,0.0,0.0,0.0,0.0
F,0.0,0.0,0.0,0.0
F,0.0,0.0,0.0,0.0
F,0.0,0.0,0.0,0.0
F,0.0686728,0.0,0.0,0.0686728
F,0.0,0.0,0.0,0.0
F,0.0,0.0,0.0,0.0
F,0.0,0.0,0.0,0.0
F,0.005156,0.0,0.0,0.005156
F,0.0,0.0,0.0,0.0
F,0.0,0.0,0.0,0.0
F,0.0,0.0,0.0,0.0
F,0.0263759,0.0,0.0,0.0263759
F,0.0,0.0,0.0,0.0
F,0.0,0.0,0.0,0.0
F,0.0,0.0,0.0,0.0
F,0.0,0.0,0.0,0.0
F,0.0,0.0,0.0,0.0
F,0.0,0.0,0.0,0.0
F,0.0340383,0.0,0.0,0.0340383
F,0.0,0.0,0.0,0.0
F,0.0,0.0,0.0,0.0
F,0.0,0.0,0.0,0.0
F,0.0,0.0,0.0,0.0
F,-0.0414457,0.0,0.0,-0.0414457
F,0.0,0.0,0.0,0.0
F,0.0,0.0,0.0,0.0
F,0.0558812,0.0,0.0,0.0558812
F,0.0,0.0,0.0,0.0
F,0.0,0.0,0.0,0.0
F,0.0170747,0.0,0.0,0.0170747
F,0.0,0.0,0.0,0.0
F,0.0,0.0,0.0,0.0
F,0.0,0.0,0.0,0.0
F,0.0,0.0,0.0,0.0
F,0.0,0.0,0.0,0.0
F,-0.122192,0.0,0.0,-0.122192
F,0.0,0.0,0.0,0.0
F,0.0,0.0,0.0,0.0
F,0.0,0.0,0.0,0.0
F,0.0,0.0,0.0,0.0
F,0.0,0.0,0.0,0.0
F,0.0,0.0,0.0,0.0
F,0.0,0.0,0.0,0.0
F,0.0,0.0,0.0,0.0
F,0.0,0.0,0.0,0.0
F,-0.00638868,0.0,0.0,-0.00638868
F,0.0,0.0,0.0,0.0
F,0.0,0.0,0.0,0.0
F,0.0,0.0,0.0,0.0
F,0.0,0.0,0.0,0.0
F,0.0,0.0,0.0,0.0
F,0.0,0.0,0.0,0.0
F,0.0461375,0.0,0.0,0.0461375
F,0.0,0.0,0.0,0.0
F,0.0,0.0,0.0,0.0
F,0.0,0.0,0.0,0.0
F,0.0,0.0,0.0,0.0
F,0.0,0.0,0.0,0.0
F,0.0,0.0,0.0,0.0
F,0.0,0.0,0.0,0.0
F,0.0,0.0,0.0,0.0
F,0.0,0.0,0.0,0.0
F,-0.026321,0.0,0.0,-0.026321
F,0.0,0.0,0.0,0.0
F,-0.0620782,0.0,0.0,-0.0620782
F,0.0,0.0,0.0,0.0
F,0.0,0.0,0.0,0.0
F,0.0,0.0,0.0,0.0
F,0.0,0.0,0.0,0.0
F,-0.0460275,0.0,0.0,-0.0460275
F,-0.0460275,0.0,0.0,-0.0460275
F,0.0,0.0,0.0,0.0
F,0.0,0.0,0.0,0.0
F,0.0,0.0,0.0,0.0
F,0.0,0.0,0.0,0.0
F,0.0,0.0,0.0,0.0
F,0.0,0.0,0.0,0.0
F,0.0,0.0,0.0,0.0
F,0.0,0.0,0.0,0.0
F,0.0,0.0,0.0,0.0
F,0.0,0.0,0.0,0.0
F,0.0,0.0,0.0,0.0
F,0.0,0.0,0.0,0.0
F,0.0,0.0,0.0,0.0
F,0.0,0.0,0.0,0.0
F,0.0,0.0,0.0,0.0
F,0.0,0.0,0.0,0.0
F,0.0,0.0,0.0,0.0
F,0.0,0.0,0.0,0.0
F,0.0,0.0,0.0,0.0
F,0.0,0.0,0.0,0.0
F,0.0,0.0,0.0,0.0
F,0.00353574,0.0,0.0,0.00353574
F,0.0,0.0,0.0,0.0
F,0.0,0.0,0.0,0.0
F,0.0,0.0,0.0,0.0
F,0.0,0.0,0.0,0.0
F,0.0,0.0,0.0,0.0
F,0.0,0.0,0.0,0.0
F,0.0,0.0,0.0,0.0
F,0.0,0.0,0.0,0.0
F,-0.030541,0.0,0.0,-0.030541
F,0.0,0.0,0.0,0.0
F,0.0,0.0,0.0,0.0
F,0.0,0.0,0.0,0.0
F,0.00178875,0.0,0.0,0.00178875
F,0.0,0.0,0.0,0.0
F,-0.0115703,0.0,0.0,-0.0115703
F,0.0,0.0,0.0,0.0
F,0.0,0.0,0.0,0.0
F,0.0,0.0,0.0,0.0
F,0.0070249,0.0,0.0,0.0070249
F,0.0,0.0,0.0,0.0
F,0.0,0.0,0.0,0.0
F,0.0,0.0,0.0,0.0
F,-0.0597297,0.0,0.0,-0.0597297
F,0.0,0.0,0.0,0.0
F,0.0,0.0,0.0,0.0
F,0.0,0.0,0.0,0.0
F,0.0,0.0,0.0,0.0
F,0.0,0.0,0.0,0.0
F,0.0,0.0,0.0,0.0
F,0.0,0.0,0.0,0.0
F,0.0,0.0,0.0,0.0
F,0.0,0.0,0.0,0.0
F,0.0,0.0,0.0,0.0
F,0.0,0.0,0.0,0.0
F,0.0,0.0,0.0,0.0
F,0.0,0.0,0.0,0.0
F,0.0,0.0,0.0,0.0
F,0.0,0.0,0.0,0.0
F,0.0,0.0,0.0,0.0
F,0.0,0.0,0.0,0.0
F,0.0,0.0,0.0,0.0
F,0.0555793,0.0,0.0,0.0555793
F,0.0,0.0,0.0,0.0
F,-0.0174273,0.0,0.0,-0.0174273
F,0.0,0.0,0.0,0.0
F,0.0,0.0,0.0,0.0
F,0.0,0.0,0.0,0.0
F,0.0,0.0,0.0,0.0
F,0.0612368,0.0,0.0,0.0612368
F,0.0,0.0,0.0,0.0
F,0.0177986,0.0,0.0,0.0177986
F,0.0,0.0,0.0,0.0
F,0.0,0.0,0.0,0.0
F,-0.0297627,0.0,0.0,-0.0297627
F,0.0,0.0,0.0,0.0
F,0.0,0.0,0.0,0.0
F,-0.00422389,0.0,0.0,-0.00422389
F,0.0,0.0,0.0,0.0
F,0.0,0.0,0.0,0.0
F,0.0,0.0,0.0,0.0
F,0.0,0.0,0.0,0.0
F,0.0,0.0,0.0,0.0
F,0.0,0.0,0.0,0.0
F,0.0,0.0,0.0,0.0
F,0.0,0.0,0.0,0.0
F,0.0,0.0,0.0,0.0
F,0.0,0.0,0.0,0.0
F,0.0,0.0,0.0,0.0
F,0.0,0.0,0.0,0.0
F,0.0106685,0.0,0.0,0.0106685
F,0.0,0.0,0.0,0.0
F,-0.0185003,0.0,0.0,-0.0185003
F,0.0,0.0,0.0,0.0
F,0.0,0.0,0.0,0.0
F,0.0,0.0,0.0,0.0
F,0.0,0.0,0.0,0.0
F,0.0,0.0,0.0,0.0
F,0.0,0.0,0.0,0.0
F,0.0,0.0,0.0,0.0
F,0.0,0.0,0.0,0.0
F,0.0,0.0,0.0,0.0
F,0.0,0.0,0.0,0.0
F,0.0,0.0,0.0,0.0
F,0.0,0.0,0.0,0.0
F,0.0,0.0,0.0,0.0
F,0.0,0.0,0.0,0.0
F,0.0,0.0,0.0,0.0
F,0.0,0.0,0.0,0.0
F,0.0,0.0,0.0,0.0
F,-0.0386246,0.0,0.0,-0.0386246
F,0.0,0.0,0.0,0.0
F,0.0,0.0,0.0,0.0
F,0.0,0.0,0.0,0.0
F,0.0,0.0,0.0,0.0
F,0.0,0.0,0.0,0.0
F,0.0,0.0,0.0,0.0
F,0.0,0.0,0.0,0.0
F,0.0,0.0,0.0,0.0
F,0.00141642,0.0,0.0,0.00141642
F,0.0,0.0,0.0,0.0
F,0.0,0.0,0.0,0.0
F,0.0,0.0,0.0,0.0
F,0.0,0.0,0.0,0.0
F,0.0,0.0,0.0,0.0
F,0.0,0.0,0.0,0.0
F,0.0,0.0,0.0,0.0
F,0.0,0.0,0.0,0.0
F,0.0,0.0,0.0,0.0
F,0.0,0.0,0.0,0.0
F,0.0,0.0,0.0,0.0
F,0.0,0.0,0.0,0.0
F,0.0,0.0,0.0,0.0
F,0.0,0.0,0.0,0.0
F,0.0,0.0,0.0,0.0
F,0.0,0.0,0.0,0.0
F,-0.0156582,0.0,0.0,-0.0156582
F,0.0,0.0,0.0,0.0
F,0.011209,0.0,0.0,0.011209
F,0.0,0.0,0.0,0.0
F,0.0727086,0.0,0.0,0.0727086
F,0.0,0.0,0.0,0.0
F,0.0,0.0,0.0,0.0
F,0.0,0.0,0.0,0.0
F,0.0,0.0,0.0,0.0
F,0.0,0.0,0.0,0.0
F,0.0,0.0,0.0,0.0
F,0.0,0.0,0.0,0.0
F,0.0231823,0.0,0.0,0.0231823
F,0.0,0.0,0.0,0.0
F,0.0,0.0,0.0,0.0
F,0.0,0.0,0.0,0.0
F,0.0,0.0,0.0,0.0
F,0.0,0.0,0.0,0.0
F,0.0,0.0,0.0,0.0
F,0.0517895,0.0,0.0,0.0517895
F,0.0,0.0,0.0,0.0
F,0.0,0.0,0.0,0.0
F,0.0,0.0,0.0,0.0
F,0.0,0.0,0.0,0.0
F,0.0,0.0,0.0,0.0
F,0.0,0.0,0.0,0.0
F,0.0,0.0,0.0,0.0
F,0.0,0.0,0.0,0.0
F,0.0,0.0,0.0,0.0
F,0.0,0.0,0.0,0.0
F,0.0,0.0,0.0,0.0
F,0.0,0.0,0.0,0.0
F,0.0,0.0,0.0,0.0
F,-0.0135703,0.0,0.0,-0.0135703
F,0.0,0.0,0.0,0.0
F,0.0,0.0,0.0,0.0
F,0.0,0.0,0.0,0.0
F,0.0,0.0,0.0,0.0
F,0.0,0.0,0.0,0.0
F,0.0,0.0,0.0,0.0
F,0.0,0.0,0.0,0.0
F,0.0,0.0,0.0,0.0
F,0.0133733,0.0,0.0,0.0133733
F,0.0,0.0,0.0,0.0
F,0.0,0.0,0.0,0.0
F,-0.122192,0.0,0.0,-0.122192
F,0.0,0.0,0.0,0.0
F,0.0,0.0,0.0,0.0
F,0.0,0.0,0.0,0.0
F,0.0,0.0,0.0,0.0
F,0.0,0.0,0.0,0.0
F,0.0,0.0,0.0,0.0
F,0.0,0.0,0.0,0.0
F,0.0,0.0,0.0,0.0
F,-0.0427781,0.0,0.0,-0.0427781
F,-0.00281461,0.0,0.0,-0.00281461
F,0.0,0.0,0.0,0.0
F,0.0,0.0,0.0,0.0
F,0.0,0.0,0.0,0.0
F,0.0,0.0,0.0,0.0
F,0.0,0.0,0.0,0.0
F,0.0,0.0,0.0,0.0
F,0.0,0.0,0.0,0.0
F,0.0,0.0,0.0,0.0
F,0.0,0.0,0.0,0.0
F,0.0,0.0,0.0,0.0
F,0.0,0.0,0.0,0.0
F,0.0,0.0,0.0,0.0
F,0.0,0.0,0.0,0.0
F,0.0,0.0,0.0,0.0
F,0.0,0.0,0.0,0.0
F,-0.030996,0.0,0.0,-0.030996
F,0.0,0.0,0.0,0.0
F,0.0,0.0,0.0,0.0
F,0.0,0.0,0.0,0.0
F,-0.0156582,0.0,0.0,-0.0156582
F,0.0,0.0,0.0,0.0
F,0.0,0.0,0.0,0.0
F,-0.0608528,0.0,0.0,-0.0608528
F,-0.0287064,0.0,0.0,-0.0287064
F,0.0,0.0,0.0,0.0
F,0.108115,0.0,0.0,0.108115
F,0.0,0.0,0.0,0.0
F,0.0,0.0,0.0,0.0
F,0.0176677,0.0,0.0,0.0176677
F,0.0,0.0,0.0,0.0
F,0.0,0.0,0.0,0.0
F,0.0,0.0,0.0,0.0
F,0.0,0.0,0.0,0.0
F,0.0,0.0,0.0,0.0
F,0.0,0.0,0.0,0.0
F,0.0,0.0,0.0,0.0
F,0.0,0.0,0.0,0.0
F,0.0,0.0,0.0,0.0
F,0.0,0.0,0.0,0.0
F,0.0,0.0,0.0,0.0
F,0.0,0.0,0.0,0.0
F,0.0,0.0,0.0,0.0
F,0.0,0.0,0.0,0.0
F,0.0,0.0,0.0,0.0
F,0.0,0.0,0.0,0.0
F,0.0,0.0,0.0,0.0
F,0.0,0.0,0.0,0.0
F,0.0,0.0,0.0,0.0
F,0.0,0.0,0.0,0.0
F,0.0,0.0,0.0,0.0
F,0.0,0.0,0.0,0.0
F,0.0,0.0,0.0,0.0
F,0.0,0.0,0.0,0.0
F,-0.00172508,0.0,0.0,-0.00172508
F,0.0,0.0,0.0,0.0
F,-0.00157244,0.0,0.0,-0.00157244
F,0.0,0.0,0.0,0.0
F,0.0,0.0,0.0,0.0
F,0.0,0.0,0.0,0.0
F,0.0,0.0,0.0,0.0
F,-0.0052688,0.0,0.0,-0.0052688
F,0.0,0.0,0.0,0.0
F,0.0,0.0,0.0,0.0
F,-0.024827,0.0,0.0,-0.024827
F,0.0,0.0,0.0,0.0
F,-0.0171254,0.0,0.0,-0.0171254
F,0.0,0.0,0.0,0.0
F,0.0,0.0,0.0,0.0
F,0.0,0.0,0.0,0.0
F,0.0,0.0,0.0,0.0
F,0.0461375,0.0,0.0,0.0461375
F,0.0,0.0,0.0,0.0
F,0.0,0.0,0.0,0.0
F,0.0,0.0,0.0,0.0
F,0.0,0.0,0.0,0.0
F,0.0,0.0,0.0,0.0
F,0.0,0.0,0.0,0.0
F,0.0,0.0,0.0,0.0
F,0.0,0.0,0.0,0.0
F,0.0,0.0,0.0,0.0
F,0.0,0.0,0.0,0.0
F,0.0,0.0,0.0,0.0
F,0.0,0.0,0.0,0.0
F,0.0,0.0,0.0,0.0
F,0.0,0.0,0.0,0.0
F,0.0,0.0,0.0,0.0
F,0.0,0.0,0.0,0.0
F,0.0,0.0,0.0,0.0
F,0.0,0.0,0.0,0.0
F,0.0,0.0,0.0,0.0
F,0.0681784,0.0,0.0,0.0681784
F,0.0,0.0,0.0,0.0
F,0.0,0.0,0.0,0.0
F,0.0,0.0,0.0,0.0
F,0.0,0.0,0.0,0.0
F,0.0,0.0,0.0,0.0
F,0.0,0.0,0.0,0.0
F,0.0,0.0,0.0,0.0
F,0.0098723,0.0,0.0,0.0098723
F,0.0,0.0,0.0,0.0
F,0.0751419,0.0,0.0,0.0751419
F,0.0,0.0,0.0,0.0
F,0.0,0.0,0.0,0.0
F,-0.0203197,0.0,0.0,-0.0203197
F,0.0,0.0,0.0,0.0
F,0.0,0.0,0.0,0.0
F,0.106097,0.0,0.0,0.106097
F,0.0,0.0,0.0,0.0
F,0.0,0.0,0.0,0.0
F,0.0,0.0,0.0,0.0
F,0.0,0.0,0.0,0.0
F,0.0,0.0,0.0,0.0
F,-0.0755689,0.0,0.0,-0.0755689
F,0.0,0.0,0.0,0.0
F,0.0,0.0,0.0,0.0
F,0.0,0.0,0.0,0.0
F,0.0,0.0,0.0,0.0
F,0.0,0.0,0.0,0.0
F,0.0,0.0,0.0,0.0
F,0.0,0.0,0.0,0.0
F,0.0,0.0,0.0,0.0
F,0.0,0.0,0.0,0.0
F,0.0317417,0.0,0.0,0.0317417
F,0.0,0.0,0.0,0.0
F,0.0,0.0,0.0,0.0
F,-0.101802,0.0,0.0,-0.101802
F,0.0,0.0,0.0,0.0
F,0.0,0.0,0.0,0.0
F,0.0,0.0,0.0,0.0
F,0.0,0.0,0.0,0.0
F,0.0,0.0,0.0,0.0
F,0.0,0.0,0.0,0.0
F,0.0,0.0,0.0,0.0
F,0.00178875,0.0,0.0,0.00178875
F,0.0,0.0,0.0,0.0
F,0.050312,0.0,0.0,0.050312
F,0.0,0.0,0.0,0.0
F,0.0,0.0115564,0.0115564,0.0115564
F,0.0,0.0,0.0,0.0
F,0.0,0.0,0.0,0.0
F,0.0408278,0.0,0.0,0.0408278
F,0.0,0.0,0.0,0.0
F,0.0,0.0,0.0,0.0
F,0.0,0.0,0.0,0.0
F,0.0,0.0,0.0,0.0
F,0.0,0.0,0.0,0.0
F,0.0,0.0,0.0,0.0
F,0.0,0.0,0.0,0.0
F,0.0,0.0,0.0,0.0
F,-0.0322035,0.0,0.0,-0.0322035
F,0.0,0.0,0.0,0.0
F,0.0,0.0,0.0,0.0
F,0.0,0.0,0.0,0.0
F,0.0,0.0,0.0,0.0
F,0.0,0.0,0.0,0.0
F,0.0,0.0,0.0,0.0
F,0.0,0.0,0.0,0.0
F,0.0,0.0,0.0,0.0
F,0.00508431,0.0,0.0,0.00508431
F,0.0,0.0,0.0,0.0
F,0.0,0.0,0.0,0.0
F,0.0,0.0,0.0,0.0
F,0.0,0.0,0.0,0.0
F,0.0,0.0,0.0,0.0
F,0.0,0.0,0.0,0.0
F,0.0214627,0.0,0.0,0.0214627
F,-0.151261,0.0,0.0,-0.151261
F,-0.0139721,0.0,0.0,-0.0139721
F,-0.0197423,0.0,0.0,-0.0197423
F,0.0,0.0,0.0,0.0
F,0.0,0.0,0.0,0.0
F,0.0,0.0,0.0,0.0
F,0.0,0.0,0.0,0.0
F,0.0,0.0,0.0,0.0
F,-0.0790365,0.0,0.0,-0.0790365
F,0.0,0.0,0.0,0.0
F,0.0,0.0,0.0,0.0
F,0.0,0.0,0.0,0.0
F,0.0,0.0,0.0,0.0
F,0.0,0.0,0.0,0.0
F,0.0,0.0,0.0,0.0
F,0.00234378,0.0,0.0,0.00234378
F,0.0,0.0,0.0,0.0
F,0.0,0.0,0.0,0.0
F,0.0,0.0,0.0,0.0
F,0.0,0.0,0.0,0.0
F,0.0,0.0,0.0,0.0
F,0.0,0.0,0.0,0.0
F,0.0,0.0,0.0,0.0
F,0.0,0.0,0.0,0.0
F,0.0,0.0,0.0,0.0
F,0.0,0.0,0.0,0.0
F,0.0,0.0,0.0,0.0
F,0.0,0.0,0.0,0.0
F,0.0,0.0,0.0,0.0
F,0.0,0.0,0.0,0.0
F,-0.00669314,0.0,0.0,-0.00669314
F,0.0,0.0,0.0,0.0
F,0.0,0.0,0.0,0.0
F,-0.0129687,0.0,0.0,-0.0129687
F,0.0,0.0,0.0,0.0
F,0.0,0.0,0.0,0.0
F,0.0,0.0,0.0,0.0
F,0.0419848,0.0,0.0,0.0419848
F,0.0,0.0,0.0,0.0
F,0.0,0.0,0.0,0.0
F,0.0,0.0,0.0,0.0
F,0.0,0.0,0.0,0.0
F,0.0246069,0.0,0.0,0.0246069
F,0.0,0.0,0.0,0.0
F,0.053031,0.0,0.0,0.053031
F,0.0,0.0,0.0,0.0
F,0.0,0.0,0.0,0.0
F,0.0,0.0,0.0,0.0
F,0.088794,0.0,0.0,0.088794
F,0.0,0.0,0.0,0.0
F,0.0,0.0,0.0,0.0
F,0.0,0.0,0.0,0.0
F,0.0,0.0,0.0,0.0
F,0.0,0.0,0.0,0.0
F,0.0,0.0,0.0,0.0
F,0.0,0.0,0.0,0.0
F,0.00632096,0.0,0.0,0.00632096
F,0.0,0.0,0.0,0.0
F,0.0,0.0,0.0,0.0
F,0.0,0.0,0.0,0.0
F,0.0,0.0,0.0,0.0
F,0.0,0.0,0.0,0.0
F,0.0,0.0,0.0,0.0
F,0.0,0.0,0.0,0.0
F,0.0638748,0.0,0.0,0.0638748
F,0.0,0.0,0.0,0.0
F,0.0,0.0,0.0,0.0
F,0.0,0.0,0.0,0.0
F,0.132245,0.0,0.0,0.132245
F,0.0,0.0,0.0,0.0
F,0.0,0.0,0.0,0.0
F,0.0,0.0,0.0,0.0
F,0.0,0.0,0.0,0.0
F,0.0,0.0,0.0,0.0
F,-0.0734633,0.0,0.0,-0.0734633
F,0.0,0.0,0.0,0.0
F,0.0074416,0.0,0.0,0.0074416
F,0.0,0.0,0.0,0.0
F,0.0,0.0,0.0,0.0
F,0.0,0.0,0.0,0.0
F,0.0,0.0,0.0,0.0
F,0.0,0.0,0.0,0.0
F,0.0,0.0,0.0,0.0
F,0.0,0.0,0.0,0.0
F,0.0,0.0,0.0,0.0
F,0.0254415,0.0,0.0,0.0254415
F,0.0,0.0,0.0,0.0
F,0.0,0.0,0.0,0.0
F,0.0,0.0,0.0,0.0
F,0.0,0.0,0.0,0.0
F,0.0,0.0,0.0,0.0
F,0.0,0.0,0.0,0.0
F,0.0,0.0,0.0,0.0
F,0.0534663,0.0,0.0,0.0534663
F,-0.0632504,0.0,0.0,-0.0632504
F,0.0,0.0,0.0,0.0
F,0.0,0.0,0.0,0.0
F,0.0,0.0,0.0,0.0
F,-0.0107579,0.0,0.0,-0.0107579
M,0.0,0.0,0.0,0.0
M,0.0,0.0,0.0,0.0
M,0.0,0.0,0.0,0.0
M,0.0,0.0,0.0,0.0
M,0.0,0.0,0.0,0.0
M,0.0,0.0,0.0,0.0
M,0.0,0.0,0.0,0.0
M,0.0,0.0,0.0,0.0
M,0.0,0.0,0.0,0.0
M,0.0,0.0,0.0,0.0
M,0.0,0.0,0.0,0.0
M,0.0,0.0,0.0,0.0
M,0.0,0.0,0.0,0.0
M,0.016362,0.0,0.0,0.016362
M,0.0,0.0,0.0,0.0
M,0.0,0.0,0.0,0.0
M,0.0,0.0,0.0,0.0
M,0.0,0.0,0.0,0.0
M,0.0,0.0,0.0,0.0
M,0.0,0.0,0.0,0.0
M,0.0,0.0,0.0,0.0
M,0.0,0.0,0.0,0.0
M,0.0407898,0.0,0.0,0.0407898
M,0.0,0.0,0.0,0.0
M,0.0,0.0,0.0,0.0
M,0.0,0.0,0.0,0.0
M,0.0,0.0,0.0,0.0
M,0.0,0.0,0.0,0.0
M,-0.0139613,0.0,0.0,-0.0139613
M,0.0,0.0,0.0,0.0
M,-0.0577208,0.0,0.0,-0.0577208
M,-0.0598479,0.0,0.0,-0.0598479
M,0.0,0.0,0.0,0.0
M,0.00618917,0.0,0.0,0.00618917
M,0.0,0.0,0.0,0.0
M,0.0,0.0,0.0,0.0
M,0.0,0.0,0.0,0.0
M,0.0,0.0,0.0,0.0
M,0.0,0.0,0.0,0.0
M,-0.0346149,0.0,0.0,-0.0346149
M,0.0,0.0,0.0,0.0
M,0.0,0.0,0.0,0.0
M,0.0,0.0,0.0,0.0
M,0.0,0.0,0.0,0.0
M,0.0,0.0,0.0,0.0
M,0.0,0.0,0.0,0.0
M,0.0,0.0,0.0,0.0
M,0.0,0.0,0.0,0.0
M,0.0416327,0.0,0.0,0.0416327
M,0.0,0.0,0.0,0.0
M,0.0,0.0,0.0,0.0
M,0.0,0.0,0.0,0.0
M,0.0,0.0,0.0,0.0
M,0.0,0.0,0.0,0.0
M,0.0,0.0,0.0,0.0
M,0.0,0.0,0.0,0.0
M,0.0,0.0,0.0,0.0
M,0.0,0.0,0.0,0.0
M,0.0,0.0,0.0,0.0
M,0.0,0.0,0.0,0.0
M,0.0128849,0.0,0.0,0.0128849
M,0.0,0.0,0.0,0.0
M,0.0,0.0,0.0,0.0
M,0.0,0.0,0.0,0.0
M,0.0,0.0,0.0,0.0
M,0.0389365,0.0,0.0,0.0389365
M,0.0,0.0,0.0,0.0
M,0.0,0.0,0.0,0.0
M,0.0,0.0,0.0,0.0
M,-0.0702505,0.0,0.0,-0.0702505
M,0.0,0.0,0.0,0.0
M,0.0,0.0,0.0,0.0
M,0.0,0.0,0.0,0.0
M,0.0,0.0,0.0,0.0
M,0.0,0.0,0.0,0.0
M,0.0,0.0,0.0,0.0
M,0.0,0.0,0.0,0.0
M,0.0,0.0,0.0,0.0
M,0.0494315,0.0,0.0,0.0494315
M,0.0,0.0,0.0,0.0
M,0.0,0.0,0.0,0.0
M,0.0,0.0,0.0,0.0
M,0.0,0.0,0.0,0.0
M,0.0,0.0,0.0,0.0
M,0.0,0.0,0.0,0.0
M,0.0494315,0.0,0.0,0.0494315
M,0.0,0.0,0.0,0.0
M,0.0,0.0,0.0,0.0
M,0.0,0.0,0.0,0.0
M,0.0,0.0,0.0,0.0
M,0.0158077,0.0,0.0,0.0158077
M,0.0,0.0,0.0,0.0
M,-0.0381381,0.0,0.0,-0.0381381
M,0.0,0.0,0.0,0.0
M,-0.0139613,0.0,0.0,-0.0139613
M,0.0,0.0,0.0,0.0
M,0.0,0.0,0.0,0.0
M,0.0,0.0,0.0,0.0
M,0.0,0.0,0.0,0.0
M,-0.0374901,0.0,0.0,-0.0374901
M,0.0,0.0,0.0,0.0
M,0.0,0.0,0.0,0.0
M,0.0,0.0,0.0,0.0
M,0.0,0.0,0.0,0.0
M,0.0,0.0,0.0,0.0
M,0.0,0.0,0.0,0.0
M,-0.0615481,0.0,0.0,-0.0615481
M,0.0,0.0,0.0,0.0
M,0.0,0.0,0.0,0.0
M,-0.0577208,0.0,0.0,-0.0577208
M,0.0,0.0,0.0,0.0
M,0.0,0.0,0.0,0.0
M,0.0,0.0,0.0,0.0
M,0.0,0.0,0.0,0.0
M,0.0,0.0,0.0,0.0
M,0.0,0.0,0.0,0.0
M,0.0,0.0,0.0,0.0
M,0.116675,0.0,0.0,0.116675
M,0.0,0.0,0.0,0.0
M,0.0,0.0,0.0,0.0
M,-0.0514861,0.0,0.0,-0.0514861
M,0.0,0.0,0.0,0.0
M,0.0,0.0,0.0,0.0
M,0.0,0.0,0.0,0.0
M,0.0,0.0,0.0,0.0
M,0.0241144,0.0,0.0,0.0241144
M,0.0,0.0,0.0,0.0
M,0.138107,0.0,0.0,0.138107
M,0.0,0.0,0.0,0.0
M,0.0,0.0,0.0,0.0
M,0.0,0.0,0.0,0.0
M,0.0,0.0,0.0,0.0
M,0.0,0.0,0.0,0.0
M,0.0,0.0,0.0,0.0
M,0.0,0.0,0.0,0.0
M,0.0444693,0.0,0.0,0.0444693
M,0.0,0.0,0.0,0.0
M,0.0,0.0,0.0,0.0
M,0.0,0.0,0.0,0.0
M,0.0,0.0,0.0,0.0
M,0.0,0.0,0.0,0.0
M,0.0,0.0,0.0,0.0
M,0.0,0.0,0.0,0.0
M,0.0,0.0,0.0,0.0
M,0.0,0.0,0.0,0.0
M,0.0,0.0,0.0,0.0
M,0.0,0.0,0.0,0.0
M,0.0,0.0,0.0,0.0
M,0.0,0.0,0.0,0.0
M,0.0,0.0,0.0,0.0
M,0.0,0.0,0.0,0.0
M,0.0,0.0,0.0,0.0
M,-0.00823402,0.0,0.0,-0.00823402
M,0.0,0.0,0.0,0.0
M,0.0,0.0,0.0,0.0
M,0.0,0.0,0.0,0.0
M,0.0,0.0,0.0,0.0
M,0.0,0.0,0.0,0.0
M,0.0,0.0,0.0,0.0
M,0.0,0.0,0.0,0.0
M,0.0,0.0,0.0,0.0
M,0.0123621,0.0,0.0,0.0123621
M,0.0,0.0,0.0,0.0
M,0.0,0.0,0.0,0.0
M,-0.00415181,0.0,0.0,-0.00415181
M,0.0,0.0,0.0,0.0
M,0.0618325,0.0,0.0,0.0618325
M,0.0,0.0,0.0,0.0
M,0.0,0.0,0.0,0.0
M,-0.0800549,0.0,0.0,-0.0800549
M,0.0,0.0,0.0,0.0
M,0.0,0.0,0.0,0.0
M,0.0,0.0,0.0,0.0
M,0.0,0.0,0.0,0.0
M,0.0,0.0,0.0,0.0
M,0.0,0.0,0.0,0.0
M,0.0,0.0,0.0,0.0
M,0.0,0.0,0.0,0.0
M,0.0,0.0,0.0,0.0
M,0.0,0.0,0.0,0.0
M,0.0,0.0,0.0,0.0
M,-0.0639311,0.0,0.0,-0.0639311
M,0.0,0.0,0.0,0.0
M,0.0,0.0,0.0,0.0
M,0.0,0.0,0.0,0.0
M,0.0,0.0,0.0,0.0
M,0.0494315,0.0,0.0,0.0494315
M,0.0,0.0,0.0,0.0
M,0.0,0.0,0.0,0.0
M,0.0,0.0,0.0,0.0
M,0.0,0.0,0.0,0.0
M,0.0,0.0,0.0,0.0
M,0.0,0.0,0.0,0.0
M,0.0,0.0,0.0,0.0
M,0.0,0.0,0.0,0.0
M,0.0,0.0,0.0,0.0
M,0.12098,0.0,0.0,0.12098
M,0.101584,0.0,0.0,0.101584
M,-0.0371361,0.0,0.0,-0.0371361
M,-0.00470062,0.0,0.0,-0.00470062
M,0.0,0.0,0.0,0.0
M,0.0,0.0,0.0,0.0
M,0.0,0.0,0.0,0.0
M,-0.0406812,0.0,0.0,-0.0406812
M,0.0,0.0,0.0,0.0
M,0.0,0.0,0.0,0.0
M,0.0,0.0,0.0,0.0
M,-0.0597792,0.0,0.0,-0.0597792
M,0.0,0.0,0.0,0.0
M,0.0,0.0,0.0,0.0
M,0.0,0.0,0.0,0.0
M,0.0,0.0,0.0,0.0
M,0.0,0.0,0.0,0.0
M,0.0132601,0.0,0.0,0.0132601
M,0.0,0.0,0.0,0.0
M,0.0,0.0,0.0,0.0
M,0.0,0.0,0.0,0.0
M,0.0,0.0,0.0,0.0
M,0.0,0.0,0.0,0.0
M,0.0,0.0,0.0,0.0
M,0.0,0.0,0.0,0.0
M,0.0,0.0,0.0,0.0
M,0.0,0.0,0.0,0.0
M,-0.000331019,0.0,0.0,-0.000331019
M,0.0,0.0,0.0,0.0
M,0.0,0.0,0.0,0.0
M,0.0,0.0,0.0,0.0
M,0.0,0.0,0.0,0.0
M,0.0,0.0,0.0,0.0
M,0.0,0.0,0.0,0.0
M,0.0,0.0,0.0,0.0
M,0.0,0.0,0.0,0.0
M,0.0,0.0,0.0,0.0
M,0.0,0.0,0.0,0.0
M,0.0,0.0,0.0,0.0
M,0.0,0.0,0.0,0.0
M,0.0,0.0,0.0,0.0
M,0.0,0.0,0.0,0.0
M,0.0,0.0,0.0,0.0
M,0.0,0.0,0.0,0.0
M,0.0,0.0,0.0,0.0
M,-0.0317011,0.0,0.0,-0.0317011
M,0.0,0.0,0.0,0.0
M,0.00046336,0.0,0.0,0.00046336
M,0.0,0.0,0.0,0.0
M,0.0,0.0,0.0,0.0
M,0.0,0.0,0.0,0.0
M,0.0,0.0,0.0,0.0
M,0.0,0.0,0.0,0.0
M,0.0,0.0,0.0,0.0
M,0.0,0.0,0.0,0.0
M,0.0,0.0,0.0,0.0
M,0.0,0.0,0.0,0.0
M,0.0,0.0,0.0,0.0
M,0.0,0.0,0.0,0.0
M,0.0,0.0,0.0,0.0
M,-0.023565,0.0,0.0,-0.023565
M,0.0,0.0,0.0,0.0
M,0.0,0.0,0.0,0.0
M,0.0,0.0,0.0,0.0
M,0.0,0.0,0.0,0.0
M,0.0,0.0,0.0,0.0
M,0.0,0.0,0.0,0.0
M,0.0,0.0,0.0,0.0
M,0.0,0.0,0.0,0.0
M,0.0,0.0,0.0,0.0
M,0.0,0.0,0.0,0.0
M,0.0,0.0,0.0,0.0
M,-0.0501851,0.0,0.0,-0.0501851
M,0.0,0.0,0.0,0.0
M,0.0,0.0,0.0,0.0
M,0.0,0.0,0.0,0.0
M,0.0,0.0,0.0,0.0
M,0.0,0.0,0.0,0.0
M,0.0,0.0,0.0,0.0
M,0.0,0.0,0.0,0.0
M,0.0,0.0,0.0,0.0
M,0.0,0.0,0.0,0.0
M,0.0,0.0,0.0,0.0
M,0.0306063,0.0,0.0,0.0306063
M,0.0,0.0,0.0,0.0
M,-0.00270658,0.0,0.0,-0.00270658
M,0.0486085,0.0,0.0,0.0486085
M,0.0,0.0,0.0,0.0
M,0.0,0.0,0.0,0.0
M,0.0,0.0,0.0,0.0
M,0.0,0.0,0.0,0.0
M,0.0,0.0,0.0,0.0
M,0.0,0.0,0.0,0.0
M,0.0,0.0,0.0,0.0
M,0.0,0.0,0.0,0.0
M,0.0,0.0,0.0,0.0
M,0.0,0.0,0.0,0.0
M,0.0,0.0,0.0,0.0
M,0.0,0.0,0.0,0.0
M,0.0,0.0,0.0,0.0
M,-0.00644793,0.0,0.0,-0.00644793
M,0.0,0.0,0.0,0.0
M,0.0,0.0,0.0,0.0
M,0.0,0.0,0.0,0.0
M,0.0,0.0,0.0,0.0
M,0.0,0.0,0.0,0.0
M,0.0,0.0,0.0,0.0
M,-0.0348337,0.0,0.0,-0.0348337
M,0.0,0.0,0.0,0.0
M,0.0,0.0,0.0,0.0
M,0.0,0.0,0.0,0.0
M,0.0,0.0,0.0,0.0
M,0.0,0.0,0.0,0.0
M,0.0,0.0,0.0,0.0
M,0.0,0.0,0.0,0.0
M,0.0,0.0,0.0,0.0
M,0.0,0.0,0.0,0.0
M,-0.05085,0.0,0.0,-0.05085
M,-0.0782911,0.0,0.0,-0.0782911
M,0.0,0.0,0.0,0.0
M,0.0,0.0,0.0,0.0
M,0.0,0.0,0.0,0.0
M,0.0,0.0,0.0,0.0
M,0.0595995,0.0,0.0,0.0595995
M,0.0,0.0,0.0,0.0
M,0.0,0.0,0.0,0.0
M,0.0,0.0,0.0,0.0
M,0.0386118,0.0,0.0,0.0386118
M,0.0,0.0,0.0,0.0
M,0.0,0.0,0.0,0.0
M,0.0,0.0,0.0,0.0
M,-0.00293346,0.0,0.0,-0.00293346
M,0.0,0.0,0.0,0.0
M,0.0,0.0,0.0,0.0
M,0.0,0.0,0.0,0.0
M,0.0,0.0,0.0,0.0
M,0.0292609,0.0,0.0,0.0292609
M,0.0237864,0.0,0.0,0.0237864
M,0.0,0.0,0.0,0.0
M,0.0,0.0,0.0,0.0
M,0.0,0.0,0.0,0.0
M,0.0,0.0,0.0,0.0
M,0.0,0.0,0.0,0.0
M,0.0,0.0,0.0,0.0
M,0.0,0.0,0.0,0.0
M,0.0,0.0,0.0,0.0
M,0.0,0.0,0.0,0.0
M,0.0,0.0,0.0,0.0
M,0.0,0.0,0.0,0.0
M,0.0,0.0,0.0,0.0
M,0.0,0.0,0.0,0.0
M,0.0,0.0,0.0,0.0
M,0.0243426,0.0,0.0,0.0243426
M,0.0444693,0.0,0.0,0.0444693
M,0.0,0.0,0.0,0.0
M,0.0,0.0,0.0,0.0
M,0.0,0.0,0.0,0.0
M,0.0,0.0,0.0,0.0
M,0.0,0.0,0.0,0.0
M,0.0,0.0,0.0,0.0
M,0.0,0.0,0.0,0.0
M,0.0,0.0,0.0,0.0
M,0.0,0.0,0.0,0.0
M,0.0,0.0,0.0,0.0
M,0.0,0.0,0.0,0.0
M,0.0,0.0,0.0,0.0
M,0.0,0.0,0.0,0.0
M,0.0,0.0,0.0,0.0
M,0.0,0.0,0.0,0.0
M,-0.0577208,0.0,0.0,-0.0577208
M,0.0,0.0,0.0,0.0
M,0.0,0.0,0.0,0.0
M,0.0,0.0,0.0,0.0
M,0.0,0.0,0.0,0.0
M,0.0,0.0,0.0,0.0
M,0.0,0.0,0.0,0.0
M,0.0,0.0,0.0,0.0
M,0.0,0.0,0.0,0.0
M,0.0407898,0.0,0.0,0.0407898
M,0.0,0.0,0.0,0.0
M,0.0,0.0,0.0,0.0
M,-0.0120217,0.0,0.0,-0.0120217
M,0.0,0.0,0.0,0.0
M,0.0,0.0,0.0,0.0
M,0.0,0.0,0.0,0.0
M,0.00705737,0.0,0.0,0.00705737
M,0.0,0.0,0.0,0.0
M,0.0,0.0,0.0,0.0
M,-0.0833968,0.0,0.0,-0.0833968
M,0.111401,0.0,0.0,0.111401
M,0.0,0.0,0.0,0.0
M,0.0,0.0,0.0,0.0
M,0.0,0.0,0.0,0.0
M,0.0,0.0,0.0,0.0
M,0.0,0.0,0.0,0.0
M,0.0,0.0,0.0,0.0
M,0.0,0.0,0.0,0.0
M,0.0,0.0,0.0,0.0
M,0.0765876,0.0,0.0,0.0765876
M,0.0,0.0,0.0,0.0
M,0.0,0.0,0.0,0.0
M,0.0,0.0,0.0,0.0
M,0.0,0.0,0.0,0.0
M,0.0,0.0,0.0,0.0
M,0.0,0.0,0.0,0.0
M,0.0,0.0,0.0,0.0
M,0.0,0.0,0.0,0.0
M,0.0,0.0,0.0,0.0
M,0.0,0.0,0.0,0.0
M,0.0346283,0.0,0.0,0.0346283
M,-0.0589539,0.0,0.0,-0.0589539
M,0.0,0.0,0.0,0.0
M,0.0,0.0,0.0,0.0
M,0.0,0.0,0.0,0.0
M,0.0,0.0,0.0,0.0
M,0.0,0.0,0.0,0.0
M,0.0,0.0,0.0,0.0
M,0.0,0.0,0.0,0.0
M,0.0978356,0.0,0.0,0.0978356
M,0.0,0.0,0.0,0.0
M,-0.0143883,0.0,0.0,-0.0143883
M,0.0,0.0,0.0,0.0
M,0.0,0.0,0.0,0.0
M,0.0181233,0.0,0.0,0.0181233
M,0.0,0.0,0.0,0.0
M,0.0,0.0,0.0,0.0
M,0.0,0.0,0.0,0.0
M,0.101397,0.0,0.0,0.101397
M,0.0,0.0,0.0,0.0
M,0.0,0.0,0.0,0.0
M,0.0,0.0,0.0,0.0
M,-0.0346149,0.0,0.0,-0.0346149
M,0.0,0.0,0.0,0.0
M,0.0,0.0,0.0,0.0
M,0.0,0.0,0.0,0.0
M,0.0,0.0,0.0,0.0
M,0.0731979,0.0,0.0,0.0731979
M,0.0,0.0,0.0,0.0
M,0.0,0.0,0.0,0.0
M,0.0,0.0,0.0,0.0
M,0.0545339,0.0,0.0,0.0545339
M,0.0,0.0,0.0,0.0
M,0.0,0.0,0.0,0.0
M,0.0,0.0,0.0,0.0
M,-0.00902693,0.0,0.0,-0.00902693
M,0.0,0.0,0.0,0.0
M,0.0,0.0,0.0,0.0
M,-0.0677003,0.0,0.0,-0.0677003
M,0.0,0.0,0.0,0.0
M,0.0,0.0,0.0,0.0
M,0.0,0.0,0.0,0.0
M,0.0,0.0,0.0,0.0
M,0.0,0.0,0.0,0.0
M,0.0392542,0.0,0.0,0.0392542
M,0.0,0.0,0.0,0.0
M,-0.0462394,0.0,0.0,-0.0462394
M,0.0,0.0,0.0,0.0
M,0.0,0.0,0.0,0.0
M,-0.00666873,0.0,0.0,-0.00666873
M,0.0,0.0,0.0,0.0
M,-0.00450192,0.0,0.0,-0.00450192
M,0.00181137,0.0,0.0,0.00181137
M,0.0,0.0,0.0,0.0
M,0.0,0.0,0.0,0.0
M,0.0,0.0,0.0,0.0
M,0.0,0.0,0.0,0.0
M,0.0,0.0,0.0,0.0
M,0.0,0.0,0.0,0.0
M,0.0,0.0,0.0,0.0
M,0.0,0.0,0.0,0.0
M,0.0,0.0,0.0,0.0
M,0.0,0.0,0.0,0.0
M,0.0,0.0,0.0,0.0
M,0.0,0.0,0.0,0.0
M,0.0,0.0,0.0,0.0
M,0.0,0.0,0.0,0.0
M,0.0114503,0.0,0.0,0.0114503
M,0.0,0.0,0.0,0.0
M,0.0,0.0,0.0,0.0
M,0.0,0.0,0.0,0.0
M,0.0,0.0,0.0,0.0
M,-0.0876389,0.0,0.0,-0.0876389
M,0.0,0.0,0.0,0.0
M,0.0,0.0,0.0,0.0
M,0.0,0.0,0.0,0.0
M,-0.0381381,0.0,0.0,-0.0381381
M,0.0724595,0.0,0.0,0.0724595
M,-0.0577208,0.0,0.0,-0.0577208
M,-0.00442567,0.0,0.0,-0.00442567
M,0.0,0.0,0.0,0.0
M,0.0,0.0,0.0,0.0
M,0.0,0.0,0.0,0.0
M,0.0,0.0,0.0,0.0
M,-0.0254479,0.0,0.0,-0.0254479
M,0.0,0.0,0.0,0.0
M,0.0,0.0,0.0,0.0
M,0.0,0.0,0.0,0.0
M,-0.00887779,0.0,0.0,-0.00887779
M,0.0,0.0,0.0,0.0
M,0.0,0.0,0.0,0.0
M,0.0,0.0,0.0,0.0
M,0.0843519,0.0,0.0,0.0843519
M,0.0,0.0,0.0,0.0
M,0.0,0.0,0.0,0.0
M,0.0,0.0,0.0,0.0
M,0.0,0.0,0.0,0.0
M,0.0,0.0,0.0,0.0
M,0.053726,0.0,0.0,0.053726
M,-0.0138238,0.0,0.0,-0.0138238
M,-0.0193896,0.0,0.0,-0.0193896
M,0.00685385,0.0,0.0,0.00685385
M,0.0402101,0.0,0.0,0.0402101
M,0.0,0.0,0.0,0.0
M,0.0,0.0,0.0,0.0
M,0.0,0.0,0.0,0.0
M,0.118276,0.0,0.0,0.118276
M,0.0,0.0,0.0,0.0
M,0.0,0.0,0.0,0.0
M,0.0,0.0,0.0,0.0
M,0.0,0.0,0.0,0.0
M,0.0,0.0,0.0,0.0
M,-0.0139613,0.0,0.0,-0.0139613
M,-0.0382782,0.0,0.0,-0.0382782
M,0.0,0.0,0.0,0.0
M,0.0,0.0,0.0,0.0
M,0.0,0.0,0.0,0.0
M,0.0,0.0,0.0,0.0
M,0.0,0.0,0.0,0.0
M,0.0,0.0,0.0,0.0
M,0.0,0.0,0.0,0.0
M,-0.023565,0.0,0.0,-0.023565
M,0.0,0.0,0.0,0.0
M,0.0,0.0,0.0,0.0
M,0.0,0.0,0.0,0.0
M,0.0,0.0,0.0,0.0
M,0.0,0.0,0.0,0.0
M,0.0,0.0,0.0,0.0
M,-0.0143883,0.0,0.0,-0.0143883
M,0.0,0.0,0.0,0.0
M,0.0,0.0,0.0,0.0
M,0.0294643,0.0,0.0,0.0294643
M,0.0,0.0,0.0,0.0
M,0.0,0.0,0.0,0.0
M,0.0,0.0,0.0,0.0
M,0.0,0.0,0.0,0.0
M,0.00261774,0.0,0.0,0.00261774
M,0.0,0.0,0.0,0.0
M,0.0,0.0,0.0,0.0
M,-0.226293,0.0,0.0,-0.226293
M,0.0,0.0,0.0,0.0
M,0.0,0.0,0.0,0.0
M,0.0,0.0,0.0,0.0
M,0.0,0.0,0.0,0.0
M,0.0,0.0,0.0,0.0
M,0.0,0.0,0.0,0.0
M,0.0,0.0,0.0,0.0
M,0.0,0.0,0.0,0.0
M,0.0,0.0,0.0,0.0
M,0.0,0.0,0.0,0.0
M,0.0,0.0,0.0,0.0
M,-0.0143883,0.0,0.0,-0.0143883
M,0.0,0.0,0.0,0.0
M,0.0,0.0,0.0,0.0
M,0.0,0.0,0.0,0.0
M,0.0494315,0.0,0.0,0.0494315
M,0.0,0.0,0.0,0.0
M,0.0,0.0,0.0,0.0
M,0.0149505,0.0,0.0,0.0149505
M,0.0,0.0,0.0,0.0
M,0.0,0.0,0.0,0.0
M,0.0,0.0,0.0,0.0
M,0.0,0.0,0.0,0.0
M,-0.0238738,0.0,0.0,-0.0238738
M,0.0,0.0,0.0,0.0
M,0.0,0.0,0.0,0.0
M,0.0,0.0,0.0,0.0
M,0.0,0.0,0.0,0.0
M,0.0,0.0,0.0,0.0
M,0.0,0.0,0.0,0.0
M,0.0,0.0,0.0,0.0
M,0.0,0.0,0.0,0.0
M,0.0,0.0,0.0,0.0
M,0.0,0.0,0.0,0.0
M,0.0,0.0,0.0,0.0
M,0.0,0.0,0.0,0.0
M,0.0,0.0,0.0,0.0
M,0.0231056,0.0,0.0,0.0231056
M,0.0,0.0,0.0,0.0
M,0.0,0.0,0.0,0.0
M,0.0,0.0,0.0,0.0
M,-0.0815921,0.0,0.0,-0.0815921
M,0.0,0.0,0.0,0.0
M,0.0649201,0.0,0.0,0.0649201
M,0.0,0.0,0.0,0.0
M,0.0,0.0,0.0,0.0
M,0.0,0.0,0.0,0.0
M,0.0,0.0,0.0,0.0
M,0.0,0.0,0.0,0.0
M,0.0,0.0,0.0,0.0
M,0.0,0.0,0.0,0.0
M,0.0,0.0,0.0,0.0
M,0.0280521,0.0,0.0,0.0280521
M,0.0,0.0,0.0,0.0
M,0.0,0.0,0.0,0.0
M,0.0,0.0,0.0,0.0
M,0.0,0.0,0.0,0.0
M,0.0,0.0,0.0,0.0
M,0.0,0.0,0.0,0.0
M,-0.0193896,0.0,0.0,-0.0193896
M,0.0156165,0.0,0.0,0.0156165
M,0.0,0.0,0.0,0.0
M,-0.00540382,0.0,0.0,-0.00540382
M,0.0,0.0,0.0,0.0
M,0.0,0.0,0.0,0.0
M,-0.0557814,0.0,0.0,-0.0557814
M,0.0,0.0,0.0,0.0
M,0.0,0.0,0.0,0.0
M,-0.023079,0.0,0.0,-0.023079
M,0.0,0.0,0.0,0.0
M,0.0,0.0,0.0,0.0
M,0.0,0.0,0.0,0.0
M,0.0,0.0,0.0,0.0
M,-0.0577208,0.0,0.0,-0.0577208
M,0.0,0.0,0.0,0.0
M,0.0573394,0.0,0.0,0.0573394
M,0.0230584,0.0,0.0,0.0230584
M,0.0,0.0,0.0,0.0
M,0.0494315,0.0,0.0,0.0494315
M,0.0,0.0,0.0,0.0
M,0.0,0.0,0.0,0.0
M,0.0,0.0,0.0,0.0
M,0.0,0.0,0.0,0.0
M,0.0,0.0,0.0,0.0
M,0.0,0.0,0.0,0.0
M,0.0,0.0,0.0,0.0
M,0.0,0.0,0.0,0.0
M,0.0,0.0,0.0,0.0
M,0.0,0.0,0.0,0.0
M,0.0,0.0,0.0,0.0
M,0.0,0.0,0.0,0.0
M,0.0,0.0,0.0,0.0
M,0.0,0.0,0.0,0.0
M,0.0,0.0,0.0,0.0
M,0.0,0.0,0.0,0.0
M,0.0,0.0,0.0,0.0
M,0.0,0.0,0.0,0.0
M,-0.0743312,0.0,0.0,-0.0743312
M,-0.0317478,0.0,0.0,-0.0317478
M,0.0114503,0.0,0.0,0.0114503
M,0.0,0.0,0.0,0.0
M,0.0,0.0,0.0,0.0
M,0.0,0.0,0.0,0.0
M,0.0,0.0,0.0,0.0
M,0.068884,0.0,0.0,0.068884
M,0.0,0.0,0.0,0.0
M,0.0,0.0,0.0,0.0
M,0.0,0.0,0.0,0.0
M,-0.0437879,0.0,0.0,-0.0437879
M,0.0,0.0,0.0,0.0
M,0.0,0.0,0.0,0.0
M,0.0,0.0,0.0,0.0
M,0.0,0.0,0.0,0.0
M,0.0,0.0,0.0,0.0
M,0.0,0.0,0.0,0.0
M,0.0,0.0,0.0,0.0
M,-0.0373541,0.0,0.0,-0.0373541
M,0.0275643,0.0,0.0,0.0275643
M,0.0,0.0,0.0,0.0
M,0.0,0.0,0.0,0.0
M,0.0,0.0,0.0,0.0
M,0.0,0.0,0.0,0.0
M,0.0,0.0,0.0,0.0
M,0.0,0.0,0.0,0.0
M,0.0,0.0,0.0,0.0
M,0.0,0.0,0.0,0.0
M,-0.102793,0.0,0.0,-0.102793
M,0.0,0.0,0.0,0.0
M,-0.0577208,0.0,0.0,-0.0577208
M,0.0,0.0,0.0,0.0
M,0.00137348,0.0,0.0,0.00137348
M,-0.00425775,0.0,0.0,-0.00425775
M,0.0,0.0,0.0,0.0
M,0.0,0.0,0.0,0.0
M,-0.0347257,0.0,0.0,-0.0347257
M,0.0,0.0,0.0,0.0
M,0.0,0.0,0.0,0.0
M,0.0,0.0,0.0,0.0
M,0.0,0.0,0.0,0.0
M,-0.00675274,0.0,0.0,-0.00675274
M,0.0,0.0,0.0,0.0
M,0.0216632,0.0,0.0,0.0216632
M,0.0,0.0,0.0,0.0
M,0.0,0.0,0.0,0.0
M,0.0,0.0,0.0,0.0
M,0.0,0.0,0.0,0.0
M,0.0,0.0,0.0,0.0
M,-0.00765273,0.0,0.0,-0.00765273
M,0.0814315,0.0,0.0,0.0814315
M,0.0711498,0.0,0.0,0.0711498
M,0.0,0.0,0.0,0.0
M,0.0,0.0,0.0,0.0
M,0.0,0.0,0.0,0.0
M,0.0,0.0,0.0,0.0
M,0.0,0.0,0.0,0.0
M,0.0,0.0,0.0,0.0
M,0.0,0.0,0.0,0.0
M,0.0,0.0,0.0,0.0
M,-0.00928617,0.0,0.0,-0.00928617
M,0.0,0.0,0.0,0.0
M,0.0,0.0,0.0,0.0
M,0.0,0.0,0.0,0.0
M,-0.0353799,0.0,0.0,-0.0353799
M,0.0,0.0,0.0,0.0
M,0.0,0.0,0.0,0.0
M,0.0,0.0,0.0,0.0
M,0.0,0.0,0.0,0.0
M,0.0,0.0,0.0,0.0
M,0.0,0.0,0.0,0.0
M,0.0,0.0,0.0,0.0
M,0.0,0.0,0.0,0.0
M,-0.0735308,0.0,0.0,-0.0735308
M,0.0,0.0,0.0,0.0
M,-0.054451,0.0,0.0,-0.054451
M,0.0,0.0,0.0,0.0
M,0.0,0.0,0.0,0.0
M,0.0,0.0,0.0,0.0
M,0.0,0.0,0.0,0.0
M,0.0,0.0,0.0,0.0
M,0.0,0.0,0.0,0.0
M,0.0,0.0,0.0,0.0
M,0.0,0.0,0.0,0.0
M,-0.119141,0.0,0.0,-0.119141
M,0.0,0.0,0.0,0.0
M,0.0,0.0,0.0,0.0
M,0.0,0.0,0.0,0.0
M,0.0,0.0,0.0,0.0
M,0.0,0.0,0.0,0.0
M,0.0,0.0,0.0,0.0
M,0.0,0.0,0.0,0.0
M,0.0,0.0,0.0,0.0
M,0.0658263,0.0,0.0,0.0658263
M,0.0,0.0,0.0,0.0
M,0.0,0.0,0.0,0.0
M,0.0,0.0,0.0,0.0
M,0.0,0.0,0.0,0.0
M,-0.028181,0.0,0.0,-0.028181
M,-0.0100593,0.0,0.0,-0.0100593
M,0.0,0.0,0.0,0.0
M,0.0,0.0,0.0,0.0
M,0.0,0.0,0.0,0.0
M,0.0,0.0,0.0,0.0
M,0.0,0.0,0.0,0.0
M,0.0,0.0,0.0,0.0
M,0.0,0.0,0.0,0.0
M,0.0573532,0.0,0.0,0.0573532
M,0.0,0.0,0.0,0.0
M,0.0,0.0,0.0,0.0
M,0.0,0.0,0.0,0.0
M,0.0,0.0,0.0,0.0
M,0.0,0.0,0.0,0.0
M,0.181403,0.0,0.0,0.181403
M,0.0,0.0,0.0,0.0
M,0.0,0.0,0.0,0.0
M,0.0,0.0,0.0,0.0
M,0.0,0.0,0.0,0.0
M,0.0,0.0,0.0,0.0
M,0.0231056,0.0,0.0,0.0231056
M,0.0,0.0,0.0,0.0
M,0.0,0.0,0.0,0.0
M,0.0,0.0,0.0,0.0
M,0.0,0.0,0.0,0.0
M,0.0,0.0,0.0,0.0
M,0.0,0.0,0.0,0.0
M,0.0,0.0,0.0,0.0
M,0.0,0.0,0.0,0.0
M,0.0407898,0.0,0.0,0.0407898
M,0.0,0.0,0.0,0.0
M,0.0,0.0,0.0,0.0
M,0.0,0.0,0.0,0.0
M,0.0,0.0,0.0,0.0
M,0.0,0.0,0.0,0.0
M,0.0,0.0,0.0,0.0
M,0.0,0.0,0.0,0.0
M,-0.0172382,0.0,0.0,-0.0172382
M,0.0428665,0.0,0.0,0.0428665
M,0.0,0.0,0.0,0.0
M,0.0,0.0,0.0,0.0
M,0.0,0.0,0.0,0.0
M,0.0,0.0,0.0,0.0
M,0.0,0.0,0.0,0.0
M,0.0,0.0,0.0,0.0
M,0.0,0.0,0.0,0.0
M,0.0,0.0,0.0,0.0
M,0.0851869,0.0,0.0,0.0851869
M,0.0237039,0.0,0.0,0.0237039
M,0.079683,0.0,0.0,0.079683
M,0.0,0.0,0.0,0.0
M,0.0,0.0,0.0,0.0
M,0.0,0.0,0.0,0.0
M,0.0,0.0,0.0,0.0
M,0.0,0.0,0.0,0.0
M,0.0,0.0,0.0,0.0
M,0.0,0.0,0.0,0.0
M,0.0,0.0,0.0,0.0
M,0.0,0.0,0.0,0.0
M,0.0,0.0,0.0,0.0
M,0.0,0.0,0.0,0.0
M,0.0160756,0.0,0.0,0.0160756
M,0.0,0.0,0.0,0.0
M,0.0,0.0,0.0,0.0
M,0.0,0.0,0.0,0.0
M,0.0384645,0.0,0.0,0.0384645
M,0.0,0.0,0.0,0.0
M,0.0,0.0,0.0,0.0
M,0.0,0.0,0.0,0.0
M,0.0,0.0,0.0,0.0
M,0.0,0.0,0.0,0.0
M,0.0,0.0,0.0,0.0
M,-0.0194646,0.0,0.0,-0.0194646
M,0.0,0.0,0.0,0.0
M,0.0,0.0,0.0,0.0
M,0.0,0.0,0.0,0.0
M,0.0,0.0,0.0,0.0
M,0.0,0.0,0.0,0.0
M,0.0,0.0,0.0,0.0
M,0.0,0.0,0.0,0.0
M,0.0,0.0,0.0,0.0
M,0.0,0.0,0.0,0.0
M,0.0,0.0,0.0,0.0
M,0.0,0.0,0.0,0.0
M,0.0,0.0215668,0.0215668,0.0215668
M,0.0,0.0,0.0,0.0
M,-0.0215139,0.0,0.0,-0.0215139
M,0.0,0.0,0.0,0.0
M,0.0,0.0,0.0,0.0
M,0.0361794,0.0,0.0,0.0361794
M,0.0,0.0,0.0,0.0
M,0.0,0.0,0.0,0.0
M,0.0,0.0,0.0,0.0
M,0.0,0.0,0.0,0.0
M,-0.0414927,0.0,0.0,-0.0414927
M,0.0,0.0,0.0,0.0
M,-0.00192146,0.0,0.0,-0.00192146
M,0.0,0.0,0.0,0.0
M,0.0230616,0.0,0.0,0.0230616
M,-0.0193896,0.0,0.0,-0.0193896
M,0.0,0.0,0.0,0.0
M,0.0117214,0.0,0.0,0.0117214
M,-0.00477115,0.0,0.0,-0.00477115
M,0.0,0.0,0.0,0.0
M,0.0,0.0,0.0,0.0
M,0.0,0.0,0.0,0.0
M,0.0,0.0,0.0,0.0
M,0.0,0.0,0.0,0.0
M,-0.0406812,0.0,0.0,-0.0406812
M,0.000476279,0.0,0.0,0.000476279
M,0.0,0.0,0.0,0.0
M,0.0,0.0,0.0,0.0
M,0.0,0.0,0.0,0.0
M,0.0,0.0,0.0,0.0
M,0.0120549,0.0,0.0,0.0120549
M,0.0,0.0,0.0,0.0
M,0.0,0.0,0.0,0.0
M,0.0,0.0,0.0,0.0
M,0.0758512,0.0,0.0,0.0758512
M,-0.112672,0.0,0.0,-0.112672
M,0.0,0.0,0.0,0.0
M,0.0,0.0,0.0,0.0
M,-0.0876389,0.0,0.0,-0.0876389
M,0.0,0.0,0.0,0.0
M,0.0,0.0,0.0,0.0
M,0.0,0.0,0.0,0.0
M,0.0,0.0,0.0,0.0
M,0.0,0.0,0.0,0.0
M,0.0,0.0,0.0,0.0
M,0.0,0.0,0.0,0.0
M,0.0,0.0,0.0,0.0
M,0.0,0.0,0.0,0.0
M,0.0,0.0,0.0,0.0
M,0.0,0.0,0.0,0.0
M,0.0,0.0,0.0,0.0
M,0.0,0.0,0.0,0.0
M,-0.0615111,0.0,0.0,-0.0615111
M,0.0,0.0,0.0,0.0
M,0.0,0.0,0.0,0.0
M,0.0,0.0,0.0,0.0
M,0.0,0.0,0.0,0.0
M,0.0,0.0,0.0,0.0
M,0.0,0.0,0.0,0.0
M,0.0,0.0,0.0,0.0
M,0.0,0.0,0.0,0.0
M,0.0,0.0,0.0,0.0
M,-0.0213719,0.0,0.0,-0.0213719
M,0.0,0.0,0.0,0.0
M,0.0,0.0,0.0,0.0
M,0.0,0.0,0.0,0.0
M,0.0,0.0,0.0,0.0
M,0.0,0.0,0.0,0.0
M,0.0,0.0,0.0,0.0
M,0.0,0.0,0.0,0.0
M,0.0,0.0,0.0,0.0
M,0.0350912,0.0,0.0,0.0350912
M,0.0,0.0,0.0,0.0
M,0.0,0.0,0.0,0.0
M,0.0,0.0,0.0,0.0
M,0.0,0.0,0.0,0.0
M,0.0,0.0,0.0,0.0
M,-0.0369276,0.0,0.0,-0.0369276
M,0.0,0.0,0.0,0.0
M,0.0,0.0,0.0,0.0
M,0.0,0.0,0.0,0.0
M,0.0,0.0,0.0,0.0
M,0.0,0.0,0.0,0.0
M,0.0,0.0,0.0,0.0
M,0.0,0.0,0.0,0.0
M,0.0,0.0,0.0,0.0
M,0.0,0.0,0.0,0.0
M,0.0,0.0,0.0,0.0
M,0.0,0.0,0.0,0.0
M,0.0,0.0,0.0,0.0
M,0.0,0.0,0.0,0.0
M,0.0,0.0,0.0,0.0
M,0.0,0.0,0.0,0.0
M,-0.0773799,0.0,0.0,-0.0773799
M,0.0,0.0,0.0,0.0
M,0.0181233,0.0,0.0,0.0181233
M,0.0,0.0,0.0,0.0
M,0.00434899,0.0,0.0,0.00434899
M,0.0,0.0,0.0,0.0
M,0.0,0.0,0.0,0.0
M,0.0,0.0,0.0,0.0
M,0.0,0.0,0.0,0.0
M,-0.00626422,0.0,0.0,-0.00626422
M,0.0,0.0,0.0,0.0
M,0.0334583,0.0,0.0,0.0334583
M,0.0469789,0.0,0.0,0.0469789
M,0.0,0.0,0.0,0.0
M,0.0,0.0,0.0,0.0
M,0.0,0.0,0.0,0.0
M,-0.0414927,0.0,0.0,-0.0414927
M,0.0,0.0,0.0,0.0
M,0.0,0.0,0.0,0.0
M,0.0,0.0,0.0,0.0
M,0.0,0.0,0.0,0.0
M,0.0,0.0,0.0,0.0
M,0.0,0.0,0.0,0.0
M,0.0494315,0.0,0.0,0.0494315
M,0.0,0.0,0.0,0.0
M,0.0,0.0,0.0,0.0
M,0.0,0.0,0.0,0.0
M,0.0,0.0,0.0,0.0
M,-0.0109613,0.0,0.0,-0.0109613
M,0.0,0.0,0.0,0.0
M,0.0,0.0,0.0,0.0
M,0.0,0.0,0.0,0.0
M,0.0,0.0,0.0,0.0
M,0.0,0.0,0.0,0.0
M,0.0,0.0,0.0,0.0
M,0.0,0.0,0.0,0.0
M,0.00046336,0.0,0.0,0.00046336
M,0.0,0.0,0.0,0.0
M,-0.000387933,0.0,0.0,-0.000387933
M,0.0,0.0,0.0,0.0
M,0.0,0.0,0.0,0.0
M,0.0,0.0,0.0,0.0
M,0.0,0.0,0.0,0.0
M,0.0,0.0,0.0,0.0
M,0.0,0.0,0.0,0.0
M,0.0,0.0,0.0,0.0
M,0.0,0.0,0.0,0.0
M,0.0,0.0,0.0,0.0
M,0.0,0.0,0.0,0.0
M,0.0,0.0,0.0,0.0
M,0.0,0.0,0.0,0.0
M,0.0,0.0,0.0,0.0
M,0.0306676,0.0,0.0,0.0306676
M,0.0125177,0.0,0.0,0.0125177
M,0.0,0.0,0.0,0.0
M,0.0,0.0,0.0,0.0
M,0.0,0.0,0.0,0.0
M,0.0,0.0,0.0,0.0
M,0.0,0.0,0.0,0.0
M,0.0,0.0,0.0,0.0
M,0.0,0.0,0.0,0.0
M,-0.0577208,0.0,0.0,-0.0577208
M,0.0,0.0,0.0,0.0
M,0.0,0.0,0.0,0.0
M,0.0,0.0,0.0,0.0
M,0.0,0.0,0.0,0.0
M,0.0,0.0,0.0,0.0
M,0.0,0.0,0.0,0.0
M,0.0,0.0,0.0,0.0
M,0.0,0.0,0.0,0.0
M,0.0,0.0,0.0,0.0
M,0.0,0.0,0.0,0.0
M,0.0279457,0.0,0.0,0.0279457
M,0.0106725,0.0,0.0,0.0106725
M,0.0,0.0,0.0,0.0
M,0.0,0.0,0.0,0.0
M,0.0,0.0,0.0,0.0
M,0.0,0.0,0.0,0.0
M,0.0,0.0,0.0,0.0
M,0.0534366,0.0,0.0,0.0534366
M,0.0,0.0,0.0,0.0
M,0.0,0.0,0.0,0.0
M,0.0491029,0.0,0.0,0.0491029
M,0.0,0.0,0.0,0.0
M,0.0,0.0,0.0,0.0
M,0.0,0.0,0.0,0.0
M,0.0,0.0,0.0,0.0
M,0.0,0.0,0.0,0.0
M,0.0,0.0,0.0,0.0
M,0.0,0.0,0.0,0.0
M,0.0,0.0,0.0,0.0
M,0.0,0.0,0.0,0.0
M,0.0,0.0,0.0,0.0
M,0.0,0.0,0.0,0.0
M,0.0,0.0,0.0,0.0
M,0.0,0.0,0.0,0.0
M,0.0,0.0,0.0,0.0
M,0.0,0.0,0.0,0.0
M,0.0,0.0,0.0,0.0
M,0.0,0.0,0.0,0.0
M,0.0,0.0,0.0,0.0
M,0.0,0.0,0.0,0.0
M,0.0,0.0,0.0,0.0
M,0.0,0.0,0.0,0.0
M,0.0,0.0,0.0,0.0
M,0.0,0.0,0.0,0.0
M,-0.054451,0.0,0.0,-0.054451
M,0.0,0.0,0.0,0.0
M,0.0,0.0,0.0,0.0
M,0.0,0.0,0.0,0.0
M,0.0,0.0,0.0,0.0
M,-0.163837,0.0,0.0,-0.163837
M,0.0,0.0,0.0,0.0
M,0.0,0.0,0.0,0.0
M,-0.07602,0.0,0.0,-0.07602
M,0.0,0.0,0.0,0.0
M,0.0,0.0,0.0,0.0
M,0.0,0.0,0.0,0.0
M,0.0,0.0,0.0,0.0
M,0.0,0.0,0.0,0.0
M,0.0615839,0.0,0.0,0.0615839
M,0.0,0.0,0.0,0.0
M,0.0,0.0,0.0,0.0
M,0.0,0.0,0.0,0.0
M,0.0788584,0.0,0.0,0.0788584
M,0.0,0.0,0.0,0.0
M,0.0,0.0,0.0,0.0
M,0.0237864,0.0,0.0,0.0237864
M,0.0,0.0,0.0,0.0
M,0.0,0.0,0.0,0.0
M,-0.0596616,0.0,0.0,-0.0596616
M,-0.0323033,0.0,0.0,-0.0323033
M,0.0,0.0,0.0,0.0
M,0.0,0.0,0.0,0.0
M,0.0,0.0,0.0,0.0
M,-0.0107271,0.0,0.0,-0.0107271
M,0.0215265,0.0,0.0,0.0215265
M,0.0,0.0,0.0,0.0
M,0.0,0.0,0.0,0.0
M,0.0,0.0,0.0,0.0
M,0.0,0.0,0.0,0.0
M,0.0,0.0,0.0,0.0
M,0.0,0.0,0.0,0.0
M,0.0,0.0,0.0,0.0
M,0.0,0.0,0.0,0.0
M,0.0,0.0,0.0,0.0
M,0.0,0.0,0.0,0.0
M,0.0452387,0.0,0.0,0.0452387
M,0.0,0.0,0.0,0.0
M,0.0247782,0.0,0.0,0.0247782
M,0.0,0.0,0.0,0.0
M,0.0,0.0,0.0,0.0
M,0.0,0.0,0.0,0.0
M,-0.0208359,0.0,0.0,-0.0208359
M,0.0,0.0,0.0,0.0
M,0.0,0.0,0.0,0.0
M,0.0434122,0.0,0.0,0.0434122
M,0.0,0.0,0.0,0.0
M,-0.0102216,0.0,0.0,-0.0102216
M,-0.0383625,0.0,0.0,-0.0383625
M,0.0114503,0.0,0.0,0.0114503
M,-0.0557814,0.0,0.0,-0.0557814
M,0.0,0.0,0.0,0.0
M,0.0,0.0,0.0,0.0
M,0.0,0.0,0.0,0.0
M,0.0,0.0,0.0,0.0
M,0.0,0.0,0.0,0.0
M,0.0,0.0,0.0,0.0
M,0.0,0.0,0.0,0.0
M,-0.0165888,0.0,0.0,-0.0165888
M,0.0,0.0,0.0,0.0
M,0.0,0.0,0.0,0.0
M,0.0,0.0,0.0,0.0
M,0.0,0.0,0.0,0.0
M,0.0,0.0,0.0,0.0
M,0.0,0.0,0.0,0.0
M,0.0,0.0,0.0,0.0
M,0.0,0.0,0.0,0.0
M,0.0,0.0,0.0,0.0
M,0.0140199,0.0,0.0,0.0140199
M,0.0,0.0,0.0,0.0
M,0.0,0.0,0.0,0.0
M,0.00094186,0.0,0.0,0.00094186
M,0.0,0.0,0.0,0.0
M,0.0,0.0,0.0,0.0
M,0.0,0.0,0.0,0.0
M,0.0,0.0,0.0,0.0
M,0.0,0.0,0.0,0.0
M,0.0,0.0,0.0,0.0
M,0.0851869,0.0,0.0,0.0851869
M,0.0,0.0,0.0,0.0
M,0.0579894,0.0,0.0,0.0579894
M,0.0,0.0,0.0,0.0
M,0.0208406,0.0,0.0,0.0208406
M,-0.0131667,0.0,0.0,-0.0131667
M,0.0,0.0,0.0,0.0
M,0.0,0.0,0.0,0.0
M,0.0157701,0.0,0.0,0.0157701
M,0.0,0.0,0.0,0.0
M,0.0309922,0.0,0.0,0.0309922
M,0.0,0.0,0.0,0.0
M,0.0,0.0,0.0,0.0
M,0.0384976,0.0,0.0,0.0384976
M,0.0,0.0,0.0,0.0
M,-0.0302203,0.0,0.0,-0.0302203
M,-0.0100593,0.0,0.0,-0.0100593
M,0.0,0.0,0.0,0.0
M,0.0,0.0,0.0,0.0
M,0.0,0.0,0.0,0.0
M,0.0393779,0.0,0.0,0.0393779
M,0.079683,0.0,0.0,0.079683
M,0.0,0.0,0.0,0.0
M,0.0,0.0,0.0,0.0
M,0.0294643,0.0,0.0,0.0294643
M,0.0,0.0,0.0,0.0
M,0.0,0.0,0.0,0.0
M,0.0,0.0,0.0,0.0
M,0.0,0.0,0.0,0.0
M,0.0,0.0,0.0,0.0
M,0.0,0.0,0.0,0.0
M,0.0,0.0,0.0,0.0
M,0.0,0.0,0.0,0.0
M,0.0,0.0,0.0,0.0
M,0.0,0.0,0.0,0.0
M,0.0,0.0,0.0,0.0
M,0.0,0.0,0.0,0.0
M,0.0,0.0,0.0,0.0
M,0.0,0.0,0.0,0.0
M,0.0,0.0,0.0,0.0
M,0.0,0.0,0.0,0.0
M,0.0,0.0,0.0,0.0
M,0.0494315,0.0,0.0,0.0494315
M,0.0,0.0,0.0,0.0
M,-0.0376546,0.0,0.0,-0.0376546
M,0.00685385,0.0,0.0,0.00685385
M,0.0,0.0,0.0,0.0
M,-0.00505912,0.0,0.0,-0.00505912
M,0.0,0.0,0.0,0.0
M,0.0,0.0,0.0,0.0
M,-0.0577208,0.0,0.0,-0.0577208
M,-0.0667914,0.0,0.0,-0.0667914
M,0.0,0.0,0.0,0.0
M,0.0,0.0,0.0,0.0
M,0.0,0.0,0.0,0.0
M,0.0,0.0,0.0,0.0
M,0.0,0.0,0.0,0.0
M,0.00161228,0.0,0.0,0.00161228
M,0.0,0.0,0.0,0.0
M,0.0,0.0,0.0,0.0
M,0.0,0.0,0.0,0.0
M,0.0,0.0,0.0,0.0
M,0.0,0.0,0.0,0.0
M,0.016485,0.0,0.0,0.016485
M,0.0,0.0,0.0,0.0
M,0.0,0.0,0.0,0.0
M,0.0,0.0,0.0,0.0
M,0.0,0.0,0.0,0.0
M,0.0,0.0,0.0,0.0
M,0.0,0.0,0.0,0.0
M,0.0,0.0,0.0,0.0
M,0.0,0.0,0.0,0.0
M,0.0,0.0,0.0,0.0
M,0.0,0.0,0.0,0.0
M,0.0,0.0,0.0,0.0
M,0.016362,0.0,0.0,0.016362
M,0.0,0.0,0.0,0.0
M,0.0,0.0,0.0,0.0
M,0.0,0.0,0.0,0.0
M,0.0,0.0,0.0,0.0
M,0.0,0.0,0.0,0.0
M,0.0,0.0,0.0,0.0
M,0.0,0.0,0.0,0.0
M,0.0,0.0,0.0,0.0
M,0.0,0.0,0.0,0.0
M,0.0,0.0,0.0,0.0
M,0.0395016,0.0,0.0,0.0395016
M,0.0,0.0,0.0,0.0
M,0.0,0.0,0.0,0.0
M,-0.0355545,0.0,0.0,-0.0355545
M,0.0181233,0.0,0.0,0.0181233
M,-0.0130107,0.0,0.0,-0.0130107
M,0.0146205,0.0,0.0,0.0146205
M,0.0,0.0,0.0,0.0
M,0.0,0.0,0.0,0.0
M,0.0,0.0,0.0,0.0
M,0.0231056,0.0,0.0,0.0231056
M,0.0,0.0,0.0,0.0
M,0.0,0.0,0.0,0.0
M,-0.0815921,0.0,0.0,-0.0815921
M,-0.012741,0.0,0.0,-0.012741
M,0.0,0.0,0.0,0.0
M,0.0,0.0,0.0,0.0
M,0.0,0.0,0.0,0.0
M,0.0,0.0,0.0,0.0
M,0.0,0.0,0.0,0.0
M,0.0,0.0,0.0,0.0
M,0.0,0.0,0.0,0.0
M,-0.0548474,0.0,0.0,-0.0548474
M,0.0,0.0,0.0,0.0
M,0.0,0.0,0.0,0.0
M,0.0,0.0,0.0,0.0
M,0.0,0.0,0.0,0.0
M,0.0,0.0,0.0,0.0
M,0.0,0.0,0.0,0.0
M,0.0,0.0,0.0,0.0
M,0.0,0.0,0.0,0.0
M,0.0,0.0,0.0,0.0
M,0.0,0.0,0.0,0.0
M,0.0,0.0,0.0,0.0
M,0.0,0.0,0.0,0.0
M,0.0,0.0,0.0,0.0
M,0.0,0.0,0.0,0.0
M,0.0334583,0.0,0.0,0.0334583
M,0.0,0.0,0.0,0.0
M,0.0263229,0.0,0.0,0.0263229
M,-0.0176579,0.0,0.0,-0.0176579
M,0.0,0.0,0.0,0.0
M,0.0,0.0,0.0,0.0
M,0.0,0.0,0.0,0.0
M,0.0,0.0,0.0,0.0
M,0.0,0.0,0.0,0.0
M,0.0663858,0.0,0.0,0.0663858
M,0.0,0.0,0.0,0.0
M,0.0,0.0,0.0,0.0
M,0.0,0.0,0.0,0.0
M,0.0,0.0,0.0,0.0
M,0.0,0.0,0.0,0.0
M,0.00311493,0.0,0.0,0.00311493
M,0.0,0.0,0.0,0.0
M,0.0,0.0,0.0,0.0
M,0.0,0.0,0.0,0.0
M,0.0,0.0,0.0,0.0
M,0.0,0.0,0.0,0.0
M,0.0239195,0.0,0.0,0.0239195
M,0.0,0.0,0.0,0.0
M,0.0,0.0,0.0,0.0
M,0.0,0.0,0.0,0.0
M,0.0,0.0,0.0,0.0
M,0.0,0.0,0.0,0.0
M,0.0,0.0,0.0,0.0
M,0.0,0.0,0.0,0.0
M,0.0,0.0,0.0,0.0
M,0.0,0.0,0.0,0.0
M,0.0,0.0,0.0,0.0
M,0.0,0.0,0.0,0.0
M,0.0,0.0,0.0,0.0
M,-0.0260034,0.0,0.0,-0.0260034
M,0.0,0.0,0.0,0.0
M,0.0,0.0,0.0,0.0
M,0.0,0.0,0.0,0.0
M,0.0,0.0,0.0,0.0
M,0.0,0.0,0.0,0.0
M,-0.163837,0.0,0.0,-0.163837
M,0.0,0.0,0.0,0.0
M,0.0,0.0,0.0,0.0
M,0.0,0.0,0.0,0.0
M,0.0,0.0,0.0,0.0
M,0.0,0.0,0.0,0.0
M,0.0,0.0,0.0,0.0
M,0.0,0.0,0.0,0.0
M,0.0,0.0,0.0,0.0
M,0.0,0.0,0.0,0.0
M,0.0,0.0,0.0,0.0
M,0.0,0.0,0.0,0.0
M,0.100905,0.0,0.0,0.100905
M,0.0,0.0,0.0,0.0
M,-0.0557814,0.0,0.0,-0.0557814
M,0.0,0.0,0.0,0.0
M,0.0,0.0,0.0,0.0
M,0.0,0.0,0.0,0.0
M,0.0,0.0,0.0,0.0
M,0.0,0.0,0.0,0.0
M,0.0,0.0,0.0,0.0
M,0.0,0.0,0.0,0.0
M,0.0,0.0,0.0,0.0
M,0.0,0.0,0.0,0.0
M,0.0,0.0,0.0,0.0
M,0.0,0.0,0.0,0.0
M,-0.0350514,0.0,0.0,-0.0350514
M,0.0,0.0,0.0,0.0
M,-0.0106148,0.0,0.0,-0.0106148
M,0.111401,0.0,0.0,0.111401
M,0.0,0.0,0.0,0.0
M,0.0,0.0,0.0,0.0
M,0.0,0.0,0.0,0.0
M,-0.0782911,0.0,0.0,-0.0782911
M,0.0,0.0,0.0,0.0
M,0.0,0.0,0.0,0.0
M,0.0,0.0,0.0,0.0
M,0.0,0.0,0.0,0.0
M,0.0,0.0,0.0,0.0
M,0.0,0.0,0.0,0.0
M,0.0,0.0,0.0,0.0
M,0.0,0.0,0.0,0.0
M,0.0,0.0,0.0,0.0
M,0.0,0.0,0.0,0.0
M,0.0,0.0,0.0,0.0
M,0.105154,0.0,0.0,0.105154
M,0.0,0.0,0.0,0.0
M,0.0,0.0,0.0,0.0
M,0.0,0.0,0.0,0.0
M,0.0,0.0,0.0,0.0
M,0.0,0.0,0.0,0.0
M,0.0,0.0,0.0,0.0
M,0.0549763,0.0,0.0,0.0549763
M,0.0,0.0,0.0,0.0
M,-0.0518589,0.0,0.0,-0.0518589
M,0.0,0.0,0.0,0.0
M,0.0,0.0,0.0,0.0
M,0.0,0.0,0.0,0.0
M,0.0,0.0,0.0,0.0
M,0.0,0.0,0.0,0.0
M,0.0,0.0,0.0,0.0
M,-0.00496255,0.0,0.0,-0.00496255
M,0.00181137,0.0,0.0,0.00181137
M,0.0,0.0,0.0,0.0
M,-0.054451,0.0,0.0,-0.054451
M,0.0,0.0,0.0,0.0
M,0.0,0.0,0.0,0.0
M,0.0,0.0,0.0,0.0
M,0.0,0.0,0.0,0.0
M,0.0,0.0,0.0,0.0
M,0.0545339,0.0,0.0,0.0545339
M,0.0,0.0,0.0,0.0
M,0.0486085,0.0,0.0,0.0486085
M,0.0,0.0,0.0,0.0
M,0.0,0.0,0.0,0.0
M,0.0,0.0,0.0,0.0
M,0.0,0.0,0.0,0.0
M,0.0,0.0,0.0,0.0
M,0.0,0.0,0.0,0.0
M,0.0,0.0,0.0,0.0
M,0.0,0.0,0.0,0.0
M,0.116716,0.0,0.0,0.116716
M,0.0,0.0,0.0,0.0
M,0.0,0.0,0.0,0.0
M,0.0,0.0,0.0,0.0
M,0.0,0.0,0.0,0.0
M,0.0,0.0,0.0,0.0
M,0.0,0.0,0.0,0.0
M,0.0,0.0,0.0,0.0
M,0.0,0.0,0.0,0.0
M,0.0,0.0,0.0,0.0
M,0.0,0.0,0.0,0.0
M,-0.057815,0.0,0.0,-0.057815
M,0.0,0.0,0.0,0.0
M,0.0,0.0,0.0,0.0
M,0.0,0.0,0.0,0.0
M,-0.0264312,0.0,0.0,-0.0264312
M,0.0,0.0,0.0,0.0
M,0.0,0.0,0.0,0.0
M,0.00260235,0.0,0.0,0.00260235
M,0.0,0.0,0.0,0.0
M,0.0,0.0,0.0,0.0
M,0.0,0.0,0.0,0.0
M,0.0,0.0,0.0,0.0
M,0.0,0.0,0.0,0.0
M,0.0,0.0,0.0,0.0
M,0.0,0.0,0.0,0.0
M,0.0,0.0,0.0,0.0
M,0.0377603,0.0,0.0,0.0377603
M,0.0,0.0,0.0,0.0
M,0.0,0.0,0.0,0.0
M,0.0,0.0,0.0,0.0
M,0.0,0.0,0.0,0.0
M,0.0,0.0,0.0,0.0
M,-0.0577208,0.0,0.0,-0.0577208
M,0.0,0.0,0.0,0.0
M,0.0,0.0,0.0,0.0
M,-0.0394799,0.0,0.0,-0.0394799
M,0.0,0.0,0.0,0.0
M,0.0,0.0,0.0,0.0
M,0.0,0.0,0.0,0.0
M,0.0,0.0,0.0,0.0
M,0.0,0.0,0.0,0.0
M,0.0,0.0,0.0,0.0
M,0.0,0.0,0.0,0.0
M,0.0,0.0,0.0,0.0
M,0.0,0.0,0.0,0.0
M,0.0,0.0,0.0,0.0
M,0.0,0.0,0.0,0.0
M,0.0,0.0,0.0,0.0
M,0.0513583,0.0,0.0,0.0513583
M,0.0,0.0,0.0,0.0
M,0.0,0.0,0.0,0.0
M,0.0618325,0.0,0.0,0.0618325
M,0.0,0.0,0.0,0.0
M,-0.051462,0.0,0.0,-0.051462
M,0.0,0.0,0.0,0.0
M,0.0,0.0,0.0,0.0
M,0.0,0.0,0.0,0.0
M,0.0,0.0,0.0,0.0
M,0.0,0.0,0.0,0.0
M,0.00393038,0.0,0.0,0.00393038
M,0.0,0.0,0.0,0.0
M,0.0,0.0,0.0,0.0
M,0.0,0.0,0.0,0.0
M,0.0,0.0,0.0,0.0
M,0.0,0.0,0.0,0.0
M,0.0,0.0,0.0,0.0
M,0.0,0.0,0.0,0.0
M,0.0,0.0,0.0,0.0
M,0.0,0.0,0.0,0.0
M,-0.00477115,0.0,0.0,-0.00477115
M,0.0,0.0,0.0,0.0
M,0.0,0.0,0.0,0.0
M,-0.0917718,0.0,0.0,-0.0917718
M,0.0,0.0,0.0,0.0
M,0.0,0.0,0.0,0.0
M,-0.0610364,0.0,0.0,-0.0610364
M,0.0,0.0,0.0,0.0
M,0.0,0.0,0.0,0.0
M,0.0,0.0,0.0,0.0
M,0.0,0.0,0.0,0.0
M,0.00870607,0.0,0.0,0.00870607
M,0.0,0.0,0.0,0.0
M,0.0,0.0,0.0,0.0
M,-0.00264734,0.0,0.0,-0.00264734
M,0.0,0.0,0.0,0.0
M,0.0,0.0,0.0,0.0
M,0.0,0.0,0.0,0.0
M,0.0,0.0,0.0,0.0
M,0.0,0.0,0.0,0.0
M,0.0,0.0,0.0,0.0
M,0.0,0.0,0.0,0.0
M,0.0,0.0,0.0,0.0
M,0.0,0.0,0.0,0.0
M,0.0,0.0,0.0,0.0
M,0.0,0.0,0.0,0.0
M,0.0,0.0,0.0,0.0
M,0.0,0.0,0.0,0.0
M,0.0,0.0,0.0,0.0
M,0.021995,0.0,0.0,0.021995
M,0.0,0.0,0.0,0.0
M,0.0,0.0,0.0,0.0
M,0.0,0.0,0.0,0.0
M,0.0,0.0,0.0,0.0
M,0.0,0.0,0.0,0.0
M,0.0,0.0,0.0,0.0
M,0.0,0.0,0.0,0.0
M,0.0,0.0,0.0,0.0
M,0.0,0.0,0.0,0.0
M,0.0,0.0,0.0,0.0
M,0.0,0.0,0.0,0.0
M,0.0,0.0,0.0,0.0
M,0.0,0.0,0.0,0.0
M,0.0,0.0,0.0,0.0
M,0.0,0.0,0.0,0.0
M,0.0,0.0,0.0,0.0
M,0.0,0.0,0.0,0.0
M,0.0,0.0,0.0,0.0
M,0.0140757,0.0,0.0,0.0140757
M,0.0,0.0,0.0,0.0
M,0.0,0.0,0.0,0.0
M,0.0,0.0,0.0,0.0
M,0.0,0.0,0.0,0.0
M,0.0,0.0,0.0,0.0
M,0.0,0.0,0.0,0.0
M,0.0,0.0,0.0,0.0
M,0.0,0.0,0.0,0.0
M,0.0,0.0,0.0,0.0
M,0.0,0.0,0.0,0.0
M,0.0,0.0,0.0,0.0
M,0.0,0.0,0.0,0.0
M,0.0156245,0.0,0.0,0.0156245
M,0.0,0.0,0.0,0.0
M,-0.0143883,0.0,0.0,-0.0143883
M,-0.0165888,0.0,0.0,-0.0165888
M,0.0,0.0,0.0,0.0
M,0.0724595,0.0,0.0,0.0724595
M,0.0,0.0,0.0,0.0
M,0.0,0.0,0.0,0.0
M,0.0,0.0,0.0,0.0
M,0.0,0.0,0.0,0.0
M,0.0,0.0,0.0,0.0
M,0.0,0.0,0.0,0.0
M,0.0,0.0,0.0,0.0
M,0.0,0.0,0.0,0.0
M,0.0,0.0,0.0,0.0
M,0.0,0.0,0.0,0.0
M,0.0,0.0,0.0,0.0
M,0.0,0.0,0.0,0.0
M,0.0,0.0,0.0,0.0
M,0.0,0.0,0.0,0.0
M,0.0,0.0,0.0,0.0
M,0.0,0.0,0.0,0.0
M,0.0,0.0,0.0,0.0
M,0.0,0.0,0.0,0.0
M,0.0,0.0,0.0,0.0
M,0.0,0.0,0.0,0.0
M,0.0,0.0,0.0,0.0
M,-0.0210054,0.0,0.0,-0.0210054
M,0.0,0.0,0.0,0.0
M,0.0,0.0,0.0,0.0
M,0.0,0.0,0.0,0.0
M,0.0,0.0,0.0,0.0
M,0.0,0.0,0.0,0.0
M,0.0,0.0,0.0,0.0
M,0.0216632,0.0,0.0,0.0216632
M,0.0,0.0,0.0,0.0
M,0.0,0.0,0.0,0.0
M,0.0,0.0,0.0,0.0
M,-0.0203028,0.0,0.0,-0.0203028
M,0.0,0.0,0.0,0.0
M,-0.02132,0.0,0.0,-0.02132
M,0.0,0.0,0.0,0.0
M,0.0,0.0,0.0,0.0
M,-0.0540485,0.0,0.0,-0.0540485
M,0.0,0.0,0.0,0.0
M,-0.0459827,0.0,0.0,-0.0459827
M,0.0,0.0,0.0,0.0
M,0.0,0.0,0.0,0.0
M,0.0,0.0,0.0,0.0
M,0.0,0.0,0.0,0.0
M,0.0,0.0,0.0,0.0
M,0.0,0.0,0.0,0.0
M,0.0,0.0,0.0,0.0
M,0.0,0.0,0.0,0.0
M,0.0,0.0,0.0,0.0
M,0.0663089,0.0,0.0,0.0663089
M,0.0,0.0,0.0,0.0
M,0.0,0.0,0.0,0.0
M,0.0,0.0,0.0,0.0
M,0.0,0.0,0.0,0.0
M,0.0,0.0,0.0,0.0
M,0.0,0.0,0.0,0.0
M,0.0,0.0,0.0,0.0
M,0.0,0.0,0.0,0.0
M,0.0,0.0,0.0,0.0
M,0.0,0.0,0.0,0.0
M,-0.0557814,0.0,0.0,-0.0557814
M,-0.0557814,0.0,0.0,-0.0557814
M,0.0,0.0,0.0,0.0
M,0.0,0.0,0.0,0.0
M,-0.00293346,0.0,0.0,-0.00293346
M,0.0114503,0.0,0.0,0.0114503
M,0.0,0.0,0.0,0.0
M,0.0,0.0,0.0,0.0
M,-0.0131667,0.0,0.0,-0.0131667
M,0.0306676,0.0,0.0,0.0306676
M,0.0,0.0,0.0,0.0
M,0.0,0.0,0.0,0.0
M,0.00183283,0.0,0.0,0.00183283
M,0.0,0.0,0.0,0.0
M,0.0,0.0,0.0,0.0
M,0.0,0.0,0.0,0.0
M,0.0,0.0,0.0,0.0
M,0.0,0.0,0.0,0.0
M,0.0,0.0,0.0,0.0
M,0.0,0.0,0.0,0.0
M,0.0286518,0.0,0.0,0.0286518
M,0.0,0.0,0.0,0.0
M,0.0912899,0.0,0.0,0.0912899
M,0.0,0.0,0.0,0.0
M,0.0,0.0,0.0,0.0
M,0.0,0.0,0.0,0.0
M,0.0,0.0,0.0,0.0
M,0.0,0.0,0.0,0.0
M,0.0,0.0,0.0,0.0
M,0.0,0.0,0.0,0.0
M,0.0,0.0,0.0,0.0
M,0.00618917,0.0,0.0,0.00618917
M,-0.057815,0.0,0.0,-0.057815
M,0.0,0.0,0.0,0.0
M,0.0,0.0,0.0,0.0
M,0.0,0.0,0.0,0.0
M,0.0,0.0,0.0,0.0
M,0.0,0.0,0.0,0.0
M,0.0,0.0,0.0,0.0
M,0.0,0.0,0.0,0.0
M,0.0,0.0,0.0,0.0
M,0.0,0.0,0.0,0.0
M,0.0,0.0,0.0,0.0
M,0.0,0.0,0.0,0.0
M,0.0,0.0,0.0,0.0
M,0.0,0.0,0.0,0.0
M,0.0,0.0,0.0,0.0
M,0.0,0.0,0.0,0.0
M,0.0,0.0,0.0,0.0
M,0.0,0.0,0.0,0.0
M,0.0,0.0,0.0,0.0
M,0.0,0.0,0.0,0.0
M,0.0,0.0,0.0,0.0
M,0.0,0.0,0.0,0.0
M,0.0,0.0,0.0,0.0
M,0.0,0.0,0.0,0.0
M,0.0,0.0,0.0,0.0
M,0.0,0.0,0.0,0.0
M,0.0,0.0,0.0,0.0
M,0.0,0.0,0.0,0.0
M,0.0,0.0,0.0,0.0
M,0.0,0.0,0.0,0.0
M,0.0,0.0,0.0,0.0
M,0.0,0.0,0.0,0.0
M,0.0,0.0,0.0,0.0
M,0.0407898,0.0,0.0,0.0407898
M,-0.0462642,0.0,0.0,-0.0462642
M,0.016362,0.0,0.0,0.016362
M,0.0,0.0,0.0,0.0
M,0.0,0.0,0.0,0.0
M,0.0,0.0,0.0,0.0
M,0.0,0.0,0.0,0.0
M,0.0,0.0,0.0,0.0
M,0.0,0.0,0.0,0.0
M,0.0,0.0,0.0,0.0
M,-0.0447623,0.0,0.0,-0.0447623
M,0.0,0.0,0.0,0.0
M,0.0,0.0,0.0,0.0
M,0.0,0.0,0.0,0.0
M,0.0,0.0,0.0,0.0
M,0.0,0.0,0.0,0.0
M,-0.0276315,0.0,0.0,-0.0276315
M,0.0,0.0,0.0,0.0
M,0.0978356,0.0,0.0,0.0978356
M,0.0,0.0,0.0,0.0
M,0.0,0.0,0.0,0.0
M,0.0,0.0,0.0,0.0
M,0.0,0.0,0.0,0.0
M,0.0,0.0,0.0,0.0
M,0.0,0.0,0.0,0.0
M,0.0,0.0,0.0,0.0
M,0.0,0.0,0.0,0.0
M,0.0,0.0,0.0,0.0
M,0.0,0.0,0.0,0.0
M,0.0,0.0,0.0,0.0
M,0.0,0.0,0.0,0.0
M,0.0,0.0,0.0,0.0
M,0.0,0.0,0.0,0.0
M,0.0,0.0,0.0,0.0
M,-0.00111205,0.0,0.0,-0.00111205
M,-0.0404247,0.0,0.0,-0.0404247
M,0.0,0.0,0.0,0.0
M,-0.0193789,0.0,0.0,-0.0193789
M,-0.0815921,0.0,0.0,-0.0815921
M,0.0,0.0,0.0,0.0
M,0.0,0.0,0.0,0.0
M,0.0,0.0,0.0,0.0
M,-0.117838,0.0,0.0,-0.117838
M,0.0,0.0,0.0,0.0
M,0.0575896,0.0,0.0,0.0575896
M,0.0,0.0,0.0,0.0
M,0.0534366,0.0,0.0,0.0534366
M,0.0,0.0,0.0,0.0
M,0.0,0.0,0.0,0.0
M,0.0,0.0,0.0,0.0
M,0.0,0.0,0.0,0.0
M,0.0306063,0.0,0.0,0.0306063
M,0.0,0.0,0.0,0.0
M,0.0,0.0,0.0,0.0
M,0.0,0.0,0.0,0.0
M,0.0,0.0,0.0,0.0
M,-0.00391144,0.0,0.0,-0.00391144
M,0.0,0.0,0.0,0.0
M,0.0861386,0.0,0.0,0.0861386
M,0.0,0.0,0.0,0.0
M,0.0128849,0.0,0.0,0.0128849
M,0.0,0.0,0.0,0.0
M,0.0386118,0.0,0.0,0.0386118
M,0.0,0.0,0.0,0.0
M,0.0,0.0,0.0,0.0
M,0.0275643,0.0,0.0,0.0275643
M,0.021995,0.0,0.0,0.021995
M,0.0,0.0,0.0,0.0
M,0.0,0.0,0.0,0.0
M,0.0,0.0,0.0,0.0
M,0.0,0.0,0.0,0.0
M,0.0,0.0,0.0,0.0
M,0.0,0.0,0.0,0.0
M,0.0,0.0,0.0,0.0
M,0.0,0.0,0.0,0.0
M,0.0,0.0,0.0,0.0
M,0.0,0.0,0.0,0.0
M,0.0,0.0,0.0,0.0
M,0.0,0.0,0.0,0.0
M,0.0,0.0,0.0,0.0
M,0.0,0.0,0.0,0.0
M,0.0,0.0,0.0,0.0
M,0.0,0.0,0.0,0.0
M,0.0,0.0,0.0,0.0
M,0.0,0.0,0.0,0.0
M,0.0,0.0,0.0,0.0
M,0.0,0.0,0.0,0.0
M,0.0,0.0,0.0,0.0
M,0.0,0.0,0.0,0.0
M,0.0,0.0,0.0,0.0
M,0.0,0.0,0.0,0.0
M,0.0,0.0,0.0,0.0
M,0.0,0.0,0.0,0.0
M,0.0714918,0.0,0.0,0.0714918
M,0.0,0.0,0.0,0.0
M,0.0,0.0,0.0,0.0
M,0.0,0.0,0.0,0.0
M,0.0,0.0,0.0,0.0
M,0.0,0.0,0.0,0.0
M,0.0,0.0,0.0,0.0
M,0.0,0.0,0.0,0.0
M,0.0,0.0,0.0,0.0
M,-0.0677003,0.0,0.0,-0.0677003
M,0.0,0.0,0.0,0.0
M,0.0,0.0,0.0,0.0
M,0.0,0.0,0.0,0.0
M,0.0,0.0,0.0,0.0
M,0.0,0.0,0.0,0.0
M,-0.163837,0.0,0.0,-0.163837
M,0.0,0.0,0.0,0.0
M,-0.0281476,0.0,0.0,-0.0281476
M,0.0,0.0,0.0,0.0
M,0.0,0.0,0.0,0.0
M,0.0,0.0,0.0,0.0
M,0.0,0.0,0.0,0.0
M,0.0,0.0,0.0,0.0
M,0.0,0.0,0.0,0.0
M,0.0,0.0,0.0,0.0
M,0.0,0.0,0.0,0.0
M,0.0,0.0,0.0,0.0
M,0.0,0.0,0.0,0.0
M,0.0125177,0.0,0.0,0.0125177
M,0.0,0.0,0.0,0.0
M,0.0,0.0,0.0,0.0
M,0.0645628,0.0,0.0,0.0645628
M,0.0,0.0,0.0,0.0
M,0.0,0.0,0.0,0.0
M,0.0,0.0,0.0,0.0
M,0.0,0.0,0.0,0.0
M,0.0,0.0,0.0,0.0
M,0.0,0.0,0.0,0.0
M,-0.143002,0.0,0.0,-0.143002
M,0.0,0.0,0.0,0.0
M,0.0,0.0,0.0,0.0
M,0.0,0.0,0.0,0.0
M,0.0,0.0,0.0,0.0
M,0.0,0.0,0.0,0.0
M,0.0,0.0,0.0,0.0
M,0.0,0.0,0.0,0.0
M,0.0,0.0,0.0,0.0
M,0.0,0.0,0.0,0.0
M,0.0,0.0,0.0,0.0
M,0.0,0.0,0.0,0.0
M,0.0,0.0,0.0,0.0
M,0.0,0.0,0.0,0.0
M,0.0,0.0,0.0,0.0
M,0.0,0.0,0.0,0.0
M,0.0,0.0,0.0,0.0
M,0.0,0.0,0.0,0.0
M,0.0,0.0,0.0,0.0
M,-0.023565,0.0,0.0,-0.023565
M,-0.0373541,0.0,0.0,-0.0373541
M,0.0,0.0,0.0,0.0
M,0.0,0.0,0.0,0.0
M,0.0,0.0,0.0,0.0
M,0.0,0.0,0.0,0.0
M,0.0,0.0,0.0,0.0
M,0.0,0.0,0.0,0.0
M,0.0,0.0,0.0,0.0
M,0.0,0.0,0.0,0.0
M,0.0,0.0,0.0,0.0
M,0.0166528,0.0,0.0,0.0166528
M,0.0,0.0,0.0,0.0
M,0.0,0.0,0.0,0.0
M,0.0,0.0,0.0,0.0
M,0.0,0.0,0.0,0.0
M,0.0,0.0,0.0,0.0
M,0.0,0.0,0.0,0.0
M,0.0,0.0,0.0,0.0
M,0.0,0.0,0.0,0.0
M,0.0,0.0,0.0,0.0
M,0.105154,0.0,0.0,0.105154
M,0.0,0.0,0.0,0.0
M,-0.00319915,0.0,0.0,-0.00319915
M,0.0,0.0,0.0,0.0
M,0.0,0.0,0.0,0.0
M,0.0,0.0,0.0,0.0
M,0.0,0.0,0.0,0.0
M,0.0,0.0,0.0,0.0
M,0.0,0.0,0.0,0.0
M,0.0,0.0,0.0,0.0
M,0.0335925,0.0,0.0,0.0335925
M,0.0,0.0,0.0,0.0
M,0.0,0.0,0.0,0.0
M,0.0,0.0,0.0,0.0
M,0.0,0.0,0.0,0.0
M,-0.164341,0.0,0.0,-0.164341
M,0.0,0.0,0.0,0.0
M,0.0,0.0,0.0,0.0
M,0.0,0.0,0.0,0.0
M,0.0,0.0,0.0,0.0
M,0.0,0.0,0.0,0.0
M,0.0,0.0,0.0,0.0
M,0.0,0.0,0.0,0.0
M,0.0,0.0,0.0,0.0
M,0.0,0.0,0.0,0.0
M,0.0286518,0.0,0.0,0.0286518
M,0.0,0.0,0.0,0.0
M,0.0,0.0,0.0,0.0
M,0.0,0.0,0.0,0.0
M,0.00161228,0.0,0.0,0.00161228
M,0.0,0.0,0.0,0.0
M,0.0,0.0,0.0,0.0
M,0.0,0.0,0.0,0.0
M,0.0,0.0,0.0,0.0
M,0.0,0.0,0.0,0.0
M,0.0,0.0,0.0,0.0
M,0.0,0.0,0.0,0.0
M,0.0,0.0,0.0,0.0
M,0.0,0.0,0.0,0.0
M,0.0,0.0,0.0,0.0
M,-0.0139613,0.0,0.0,-0.0139613
M,0.0,0.0,0.0,0.0
M,-0.0106148,0.0,0.0,-0.0106148
M,0.0123783,0.0,0.0,0.0123783
M,0.0,0.0,0.0,0.0
M,0.0,0.0,0.0,0.0
M,0.0,0.0,0.0,0.0
M,-0.0194646,0.0,0.0,-0.0194646
M,0.0,0.0,0.0,0.0
M,0.0,0.0,0.0,0.0
M,0.0,0.0,0.0,0.0
M,0.0,0.0,0.0,0.0
M,0.0,0.0,0.0,0.0
M,0.0,0.0,0.0,0.0
M,0.0,0.0,0.0,0.0
M,0.0,0.0,0.0,0.0
M,0.0,0.0,0.0,0.0
M,0.0,0.0,0.0,0.0
M,0.0,0.0,0.0,0.0
M,0.0,0.0,0.0,0.0
M,0.0,0.0,0.0,0.0
M,0.0,0.0,0.0,0.0
M,0.0,0.0,0.0,0.0
M,0.0,0.0,0.0,0.0
M,0.0,0.0,0.0,0.0
M,0.0,0.0,0.0,0.0
M,0.0,0.0,0.0,0.0
M,0.019074,0.0,0.0,0.019074
M,0.0,0.0,0.0,0.0
M,0.0244914,0.0,0.0,0.0244914
M,0.016362,0.0,0.0,0.016362
M,-0.0815921,0.0,0.0,-0.0815921
M,0.0,0.0,0.0,0.0
M,0.0,0.0,0.0,0.0
M,0.0,0.0,0.0,0.0
M,0.0,0.0,0.0,0.0
M,0.0,0.0,0.0,0.0
M,0.0,0.0,0.0,0.0
M,0.0,0.0,0.0,0.0
M,0.0,0.0,0.0,0.0
M,0.0,0.0,0.0,0.0
M,0.0275643,0.0,0.0,0.0275643
M,0.0,0.0,0.0,0.0
M,0.0,0.0215668,0.0215668,0.0215668
M,-0.0685154,0.0,0.0,-0.0685154
M,0.0,0.0,0.0,0.0
M,0.0,0.0,0.0,0.0
M,0.0120503,0.0,0.0,0.0120503
M,0.0,0.0,0.0,0.0
M,-0.0557814,0.0,0.0,-0.0557814
M,0.0,0.0,0.0,0.0
M,0.0,0.0,0.0,0.0
M,0.0,0.0,0.0,0.0
M,0.0,0.0,0.0,0.0
M,0.0,0.0,0.0,0.0
M,0.0,0.0,0.0,0.0
M,0.0,0.0,0.0,0.0
M,0.0,0.0,0.0,0.0
M,0.0,0.0,0.0,0.0
M,0.0,0.0,0.0,0.0
M,0.0,0.0,0.0,0.0
M,0.0,0.0,0.0,0.0
M,0.0,0.0,0.0,0.0
M,0.0,0.0,0.0,0.0
M,0.0,0.0,0.0,0.0
M,0.0,0.0,0.0,0.0
M,0.0,0.0,0.0,0.0
M,-0.0315279,0.0,0.0,-0.0315279
M,0.0,0.0,0.0,0.0
M,-0.0577208,0.0,0.0,-0.0577208
M,0.0,0.0,0.0,0.0
M,0.0,0.0,0.0,0.0
M,0.0378418,0.0,0.0,0.0378418
M,0.0920055,0.0,0.0,0.0920055
M,0.0,0.0,0.0,0.0
M,0.0,0.0,0.0,0.0
M,-0.00666873,0.0,0.0,-0.00666873
M,0.0,0.0,0.0,0.0
M,0.0,0.0,0.0,0.0
M,0.0,0.0,0.0,0.0
M,0.0,0.0,0.0,0.0
M,-0.05085,0.0,0.0,-0.05085
M,0.0,0.0,0.0,0.0
M,0.0,0.0,0.0,0.0
M,0.0275643,0.0,0.0,0.0275643
M,0.0,0.0,0.0,0.0
M,0.0,0.0,0.0,0.0
M,0.0,0.0,0.0,0.0
M,-0.00694367,0.0,0.0,-0.00694367
M,0.0,0.0,0.0,0.0
M,0.0,0.0,0.0,0.0
M,0.0,0.0,0.0,0.0
M,0.0,0.0,0.0,0.0
M,0.0,0.0,0.0,0.0
M,0.0,0.0,0.0,0.0
M,0.0,0.0,0.0,0.0
M,0.0428665,0.0,0.0,0.0428665
M,0.0,0.0,0.0,0.0
M,0.0,0.0,0.0,0.0
M,0.0,0.0,0.0,0.0
M,0.0,0.0,0.0,0.0
M,0.0,0.0,0.0,0.0
M,-0.0381381,0.0,0.0,-0.0381381
M,0.0,0.0,0.0,0.0
M,-0.00708439,0.0,0.0,-0.00708439
M,0.0,0.0,0.0,0.0
M,0.0,0.0,0.0,0.0
M,0.0,0.0,0.0,0.0
M,0.0,0.0,0.0,0.0
M,0.0,0.0,0.0,0.0
M,0.0,0.0,0.0,0.0
M,0.0,0.0,0.0,0.0
M,0.0221194,0.0,0.0,0.0221194
M,0.0,0.0,0.0,0.0
M,0.0,0.0,0.0,0.0
M,0.0,0.0,0.0,0.0
M,-0.00708439,0.0,0.0,-0.00708439
M,0.0,0.0,0.0,0.0
M,-0.00504153,0.0,0.0,-0.00504153
M,0.0,0.0,0.0,0.0
M,0.0,0.0,0.0,0.0
M,0.0,0.0,0.0,0.0
M,0.0,0.0,0.0,0.0
M,0.0,0.0,0.0,0.0
M,0.0,0.0,0.0,0.0
M,0.0,0.0,0.0,0.0
M,0.0,0.0,0.0,0.0
M,0.0,0.0,0.0,0.0
M,0.0,0.0,0.0,0.0
M,0.0,0.0,0.0,0.0
M,0.0,0.0,0.0,0.0
M,0.0,0.0,0.0,0.0
M,0.0,0.0,0.0,0.0
M,0.0,0.0,0.0,0.0
M,0.0,0.0,0.0,0.0
M,0.0,0.0,0.0,0.0
M,0.101584,0.0,0.0,0.101584
M,0.0,0.0,0.0,0.0
M,0.0,0.0,0.0,0.0
M,0.0,0.0,0.0,0.0
M,0.0,0.0,0.0,0.0
M,0.0,0.0,0.0,0.0
M,0.0,0.0,0.0,0.0
M,0.0,0.0,0.0,0.0
M,0.0,0.0,0.0,0.0
M,0.0,0.0,0.0,0.0
M,0.0,0.0,0.0,0.0
M,0.0,0.0,0.0,0.0
M,-0.00116921,0.0,0.0,-0.00116921
M,0.0,0.0,0.0,0.0
M,0.0,0.0,0.0,0.0
M,0.0,0.0,0.0,0.0
M,0.00326309,0.0,0.0,0.00326309
M,-0.0577208,0.0,0.0,-0.0577208
M,0.0,0.0,0.0,0.0
M,0.0,0.0,0.0,0.0
M,0.0,0.0,0.0,0.0
M,0.0,0.0,0.0,0.0
M,0.0,0.0,0.0,0.0
M,0.0120436,0.0,0.0,0.0120436
M,0.0,0.0,0.0,0.0
M,0.0494315,0.0,0.0,0.0494315
M,0.0,0.0,0.0,0.0
M,0.0,0.0,0.0,0.0
M,0.0,0.0,0.0,0.0
M,0.0,0.0,0.0,0.0
M,0.0,0.0,0.0,0.0
M,0.0,0.0,0.0,0.0
M,0.0,0.0,0.0,0.0
M,0.0,0.0,0.0,0.0
M,0.029816,0.0,0.0,0.029816
M,0.016485,0.0,0.0,0.016485
M,0.0,0.0,0.0,0.0
M,-0.0554472,0.0,0.0,-0.0554472
M,0.0,0.0,0.0,0.0
M,0.0,0.0,0.0,0.0
M,0.0,0.0,0.0,0.0
M,0.0,0.0,0.0,0.0
M,0.0,0.0,0.0,0.0
M,0.0,0.0,0.0,0.0
M,0.0,0.0,0.0,0.0
M,0.0,0.0,0.0,0.0
M,-0.0802389,0.0,0.0,-0.0802389
M,0.0,0.0,0.0,0.0
M,0.0,0.0,0.0,0.0
M,-0.0138238,0.0,0.0,-0.0138238
M,0.0,0.0,0.0,0.0
M,0.0,0.0,0.0,0.0
M,0.0,0.0,0.0,0.0
M,0.0,0.0,0.0,0.0
M,0.0,0.0,0.0,0.0
M,0.0,0.0,0.0,0.0
M,0.0,0.0,0.0,0.0
M,0.0,0.0,0.0,0.0
M,0.0,0.0,0.0,0.0
M,0.00434899,0.0,0.0,0.00434899
M,0.0,0.0,0.0,0.0
M,0.0,0.0,0.0,0.0
M,0.0,0.0,0.0,0.0
M,0.0,0.0,0.0,0.0
M,0.0,0.0,0.0,0.0
M,-0.0270795,0.0,0.0,-0.0270795
M,0.101397,0.0,0.0,0.101397
M,0.0,0.0,0.0,0.0
M,0.0,0.0,0.0,0.0
M,0.0,0.0,0.0,0.0
M,0.0,0.0,0.0,0.0
M,0.0,0.0,0.0,0.0
M,0.0,0.0,0.0,0.0
M,0.0,0.0,0.0,0.0
M,0.0,0.0,0.0,0.0
M,-0.0366888,0.0,0.0,-0.0366888
M,-0.0789026,0.0,0.0,-0.0789026
M,0.0,0.0,0.0,0.0
M,0.0,0.0,0.0,0.0
M,0.0,0.0,0.0,0.0
M,0.0,0.0,0.0,0.0
M,0.0,0.0,0.0,0.0
M,0.0,0.0,0.0,0.0
M,0.0,0.0,0.0,0.0
M,0.0775411,0.0,0.0,0.0775411
M,0.0341262,0.0,0.0,0.0341262
M,0.0,0.0,0.0,0.0
M,0.0,0.0,0.0,0.0
M,0.0,0.0,0.0,0.0
M,0.0,0.0,0.0,0.0
M,0.0,0.0,0.0,0.0
M,0.0,0.0,0.0,0.0
M,0.0,0.0,0.0,0.0
M,0.0,0.0,0.0,0.0
M,0.111461,0.0,0.0,0.111461
M,0.0,0.0,0.0,0.0
M,0.0,0.0,0.0,0.0
M,0.0,0.0,0.0,0.0
M,0.0,0.0,0.0,0.0
M,0.0,0.0,0.0,0.0
M,0.0,0.0,0.0,0.0
M,0.0,0.0,0.0,0.0
M,0.0,0.0,0.0,0.0
M,0.0,0.0,0.0,0.0
M,0.0,0.0,0.0,0.0
M,0.0160756,0.0,0.0,0.0160756
M,0.0,0.0,0.0,0.0
M,0.0,0.0,0.0,0.0
M,0.0,0.0,0.0,0.0
M,-0.00293346,0.0,0.0,-0.00293346
M,0.0,0.0,0.0,0.0
M,0.0,0.0,0.0,0.0
M,0.0316574,0.0,0.0,0.0316574
M,0.0,0.0,0.0,0.0
M,0.0403993,0.0,0.0,0.0403993
M,0.0,0.0,0.0,0.0
M,0.0,0.0,0.0,0.0
M,0.0,0.0,0.0,0.0
M,0.0,0.0,0.0,0.0
M,0.0,0.0,0.0,0.0
M,0.0,0.0,0.0,0.0
M,0.0,0.0,0.0,0.0
M,0.00094186,0.0,0.0,0.00094186
M,0.0,0.0,0.0,0.0
M,0.0,0.0,0.0,0.0
M,0.0,0.0,0.0,0.0
M,0.0,0.0,0.0,0.0
M,0.0105022,0.0,0.0,0.0105022
M,0.0,0.0,0.0,0.0
M,0.0,0.0,0.0,0.0
M,0.0,0.0,0.0,0.0
M,0.0,0.0,0.0,0.0
M,0.0,0.0,0.0,0.0
M,0.0,0.0,0.0,0.0
M,0.0,0.0,0.0,0.0
M,-0.102793,0.0,0.0,-0.102793
M,0.0594906,0.0,0.0,0.0594906
M,0.0,0.0,0.0,0.0
M,-0.0770557,0.0,0.0,-0.0770557
M,0.0,0.0,0.0,0.0
M,0.0,0.0,0.0,0.0
M,0.0,0.0,0.0,0.0
M,-0.027153,0.0,0.0,-0.027153
M,0.00792345,0.0,0.0,0.00792345
M,0.0,0.0,0.0,0.0
M,0.0,0.0,0.0,0.0
M,0.0,0.0,0.0,0.0
M,-0.012741,0.0,0.0,-0.012741
M,0.0,0.0,0.0,0.0
M,0.0,0.0,0.0,0.0
M,0.0,-0.00818034,-0.00818034,-0.00818034
M,-0.0263852,0.0,0.0,-0.0263852
M,-0.0505825,0.0,0.0,-0.0505825
M,-0.0749053,0.0,0.0,-0.0749053
M,0.0,0.0,0.0,0.0
M,0.0,0.0,0.0,0.0
M,-0.068411,0.0,0.0,-0.068411
M,0.0,0.0,0.0,0.0
M,0.0,0.0,0.0,0.0
M,0.0,0.0,0.0,0.0
M,0.0,0.0,0.0,0.0
M,0.0,0.0,0.0,0.0
M,0.0,0.0,0.0,0.0
M,0.0,0.0,0.0,0.0
M,0.0,0.0,0.0,0.0
M,0.0,0.0,0.0,0.0
M,0.0,0.0,0.0,0.0
M,0.0,0.0,0.0,0.0
M,0.0,0.0,0.0,0.0
M,0.0,0.0,0.0,0.0
M,0.0,0.0,0.0,0.0
M,0.0,0.0,0.0,0.0
M,0.0,0.0,0.0,0.0
M,0.0,0.0,0.0,0.0
M,-0.0491063,0.0,0.0,-0.0491063
M,-0.0208359,0.0,0.0,-0.0208359
M,0.0,0.0,0.0,0.0
M,0.0,0.0,0.0,0.0
M,0.0,0.0,0.0,0.0
M,0.00751006,0.0,0.0,0.00751006
M,0.0,0.0,0.0,0.0
M,-0.0106148,0.0,0.0,-0.0106148
M,0.0,0.0,0.0,0.0
M,0.0,0.0,0.0,0.0
M,0.0,0.0,0.0,0.0
M,0.0,0.0,0.0,0.0
M,0.0,0.0,0.0,0.0
M,-0.0131667,0.0,0.0,-0.0131667
M,0.0,0.0,0.0,0.0
M,0.0,0.0,0.0,0.0
M,0.0,0.0,0.0,0.0
M,0.0,0.0,0.0,0.0
M,0.0,0.0,0.0,0.0
M,0.0,0.0,0.0,0.0
M,0.0,0.0,0.0,0.0
M,-0.0222247,0.0,0.0,-0.0222247
M,0.0,0.0,0.0,0.0
M,0.0,0.0,0.0,0.0
M,0.0263229,0.0,0.0,0.0263229
M,-0.000334074,0.0,0.0,-0.000334074
M,0.0,0.0,0.0,0.0
M,0.0,0.0,0.0,0.0
M,0.0361794,0.0,0.0,0.0361794
M,0.0,0.0,0.0,0.0
M,0.0216632,0.0,0.0,0.0216632
M,0.0,0.0,0.0,0.0
M,0.0,0.0,0.0,0.0
M,0.0,0.0,0.0,0.0
M,0.0,0.0,0.0,0.0
M,0.0,0.0,0.0,0.0
M,0.0,0.0,0.0,0.0
M,0.0,0.0,0.0,0.0
M,0.0,0.0,0.0,0.0
M,0.0131531,0.0,0.0,0.0131531
M,0.0,0.0,0.0,0.0
M,0.0,0.0,0.0,0.0
M,0.0,0.0,0.0,0.0
M,0.0,0.0,0.0,0.0
M,0.0,0.0,0.0,0.0
M,0.0,0.0,0.0,0.0
M,0.0,0.0,0.0,0.0
M,0.0,0.0,0.0,0.0
M,0.00260235,0.0,0.0,0.00260235
M,0.0,0.0,0.0,0.0
M,0.0,0.0,0.0,0.0
M,0.0,0.0,0.0,0.0
M,0.0,0.0,0.0,0.0
M,0.0,0.0,0.0,0.0
M,0.0,0.0,0.0,0.0
M,0.0,0.0,0.0,0.0
M,0.0,0.0,0.0,0.0
M,-0.0707216,0.0,0.0,-0.0707216
M,0.0319839,0.0,0.0,0.0319839
M,0.0,0.0,0.0,0.0
M,-0.0208359,0.0,0.0,-0.0208359
M,0.0,0.0,0.0,0.0
M,0.0,0.0,0.0,0.0
M,0.0,0.0,0.0,0.0
M,0.0,0.0,0.0,0.0
M,0.0,0.0,0.0,0.0
M,0.0,0.0,0.0,0.0
M,0.0656756,0.0,0.0,0.0656756
M,0.060549,0.0,0.0,0.060549
M,0.0,0.0,0.0,0.0
M,0.0,0.0,0.0,0.0
M,0.0,0.0,0.0,0.0
M,0.0542792,0.0,0.0,0.0542792
M,0.0,0.0,0.0,0.0
M,0.0,0.0,0.0,0.0
M,0.0,0.0,0.0,0.0
M,0.0,0.0,0.0,0.0
M,0.0,0.0,0.0,0.0
M,0.0,0.0,0.0,0.0
M,0.0,0.0,0.0,0.0
M,0.0,0.0,0.0,0.0
M,0.0,0.0,0.0,0.0
M,0.0,0.0,0.0,0.0
M,0.0,0.0,0.0,0.0
M,0.0,0.0,0.0,0.0
M,0.0,0.0,0.0,0.0
M,0.0,0.0,0.0,0.0
M,0.0,0.0,0.0,0.0
M,0.0334583,0.0,0.0,0.0334583
M,0.0,0.0,0.0,0.0
M,0.0,0.0,0.0,0.0
M,0.0,0.0,0.0,0.0
M,0.0,0.0,0.0,0.0
M,0.0214972,0.0,0.0,0.0214972
M,-0.00977807,0.0,0.0,-0.00977807
M,0.0,0.0,0.0,0.0
M,0.0,0.0,0.0,0.0
M,0.0,0.0,0.0,0.0
M,0.0,0.0,0.0,0.0
M,0.0,0.0,0.0,0.0
M,0.0,0.0,0.0,0.0
M,0.0,0.0,0.0,0.0
M,0.0,0.0,0.0,0.0
M,0.0,0.0,0.0,0.0
M,0.0,0.0,0.0,0.0
M,0.0,0.0,0.0,0.0
M,0.0,0.0,0.0,0.0
M,0.0534366,0.0,0.0,0.0534366
M,0.0,0.0,0.0,0.0
M,0.0,0.0,0.0,0.0
M,0.0,0.0,0.0,0.0
M,0.0,0.0,0.0,0.0
M,0.0,0.0,0.0,0.0
M,0.0,0.0,0.0,0.0
M,0.0,0.0,0.0,0.0
M,0.0,0.0,0.0,0.0
M,0.0,0.0,0.0,0.0
M,-0.0346149,0.0,0.0,-0.0346149
M,-0.0778189,0.0,0.0,-0.0778189
M,0.0,0.0,0.0,0.0
M,-0.0651389,0.0,0.0,-0.0651389
M,0.0,0.0,0.0,0.0
M,0.0,0.0,0.0,0.0
M,0.0,0.0,0.0,0.0
M,0.052421,0.0,0.0,0.052421
M,0.0,0.0,0.0,0.0
M,0.0,0.0,0.0,0.0
M,0.0978356,0.0,0.0,0.0978356
M,0.0,0.0,0.0,0.0
M,0.0377639,0.0,0.0,0.0377639
M,0.0,0.0,0.0,0.0
M,0.0,0.0,0.0,0.0
M,0.0,0.0,0.0,0.0
M,0.0,0.0,0.0,0.0
M,0.0,0.0,0.0,0.0
M,0.0,0.0,0.0,0.0
M,0.0,0.0,0.0,0.0
M,0.0160756,0.0,0.0,0.0160756
M,0.0,0.0,0.0,0.0
M,0.0,0.0,0.0,0.0
M,0.0,0.0,0.0,0.0
M,0.0,0.0,0.0,0.0
M,0.0,0.0,0.0,0.0
M,0.0,0.0,0.0,0.0
M,0.0,0.0,0.0,0.0
M,0.0,0.0,0.0,0.0
M,0.0,0.0,0.0,0.0
M,0.0,0.0,0.0,0.0
M,0.0,0.0,0.0,0.0
M,0.0,0.0,0.0,0.0
M,0.0,0.0,0.0,0.0
M,0.0,0.0,0.0,0.0
M,-0.189809,0.0,0.0,-0.189809
M,0.00502388,0.0,0.0,0.00502388
M,0.0,0.0,0.0,0.0
M,0.0,0.0,0.0,0.0
M,0.0,0.0,0.0,0.0
M,0.0,0.0,0.0,0.0
M,0.0,0.0,0.0,0.0
M,0.0,0.0,0.0,0.0
M,0.0,0.0,0.0,0.0
M,0.0407898,0.0,0.0,0.0407898
M,0.0,0.0,0.0,0.0
M,0.0626762,0.0,0.0,0.0626762
M,0.0,0.0,0.0,0.0
M,0.0,0.0,0.0,0.0
M,0.0,0.0,0.0,0.0
M,0.0,0.0,0.0,0.0
M,0.0,0.0,0.0,0.0
M,0.0,0.0,0.0,0.0
M,0.0,0.0,0.0,0.0
M,0.0,0.0,0.0,0.0
M,0.0,0.0,0.0,0.0
M,0.0,0.0,0.0,0.0
M,0.0,0.0,0.0,0.0
M,0.0,0.0,0.0,0.0
M,0.0,0.0,0.0,0.0
M,0.0252303,0.0,0.0,0.0252303
M,0.0,0.0,0.0,0.0
M,0.0300072,0.0,0.0,0.0300072
M,0.0,0.0,0.0,0.0
M,0.0,0.0,0.0,0.0
M,-0.0276315,0.0,0.0,-0.0276315
M,-0.00919087,0.0,0.0,-0.00919087
M,0.0105022,0.0,0.0,0.0105022
M,0.0,0.0,0.0,0.0
M,0.0,0.0,0.0,0.0
M,0.0,0.0,0.0,0.0
M,0.0,0.0,0.0,0.0
M,0.0,0.0,0.0,0.0
M,-0.0364723,0.0,0.0,-0.0364723
M,0.0,0.0,0.0,0.0
M,0.0,0.0,0.0,0.0
M,0.0,0.0,0.0,0.0
M,0.0,0.0,0.0,0.0
M,0.0,0.0,0.0,0.0
M,0.0,0.0,0.0,0.0
M,0.0,0.0,0.0,0.0
M,0.0,0.0,0.0,0.0
M,0.0,0.0,0.0,0.0
M,0.0,0.0,0.0,0.0
M,0.0,0.0,0.0,0.0
M,0.0,0.0,0.0,0.0
M,-0.00928617,0.0,0.0,-0.00928617
M,-0.0576752,0.0,0.0,-0.0576752
M,0.0,0.0,0.0,0.0
M,0.0,0.0,0.0,0.0
M,0.0,0.0,0.0,0.0
M,0.0,0.0,0.0,0.0
M,0.0,0.0,0.0,0.0
M,0.0,0.0,0.0,0.0
M,0.0699603,0.0,0.0,0.0699603
M,0.0,0.0,0.0,0.0
M,0.0,0.0,0.0,0.0
M,0.0128849,0.0,0.0,0.0128849
M,0.0,0.0,0.0,0.0
M,0.0,0.0,0.0,0.0
M,0.0,0.0,0.0,0.0
M,0.0,0.0,0.0,0.0
M,0.0,0.0,0.0,0.0
M,0.0,0.0,0.0,0.0
M,0.0,0.0,0.0,0.0
M,0.0,0.0,0.0,0.0
M,0.0,0.0,0.0,0.0
M,0.0,0.0,0.0,0.0
M,0.0,0.0,0.0,0.0
M,0.0,0.0,0.0,0.0
M,0.0,0.0,0.0,0.0
M,0.0,0.0,0.0,0.0
M,0.0,0.0,0.0,0.0
M,0.0827359,0.0,0.0,0.0827359
M,0.0,0.0,0.0,0.0
M,0.0,0.0,0.0,0.0
M,-0.00477115,0.0,0.0,-0.00477115
M,0.0,0.0,0.0,0.0
M,0.0330854,0.0,0.0,0.0330854
M,0.0,0.0,0.0,0.0
M,0.0,0.0,0.0,0.0
M,0.0,0.0,0.0,0.0
M,0.0216632,0.0,0.0,0.0216632
M,0.0,0.0,0.0,0.0
M,0.0,0.0,0.0,0.0
M,0.0,0.0,0.0,0.0
M,0.0,0.0,0.0,0.0
M,-0.0400573,0.0,0.0,-0.0400573
M,0.0,0.0,0.0,0.0
M,0.0,0.0,0.0,0.0
M,0.0263229,0.0,0.0,0.0263229
M,0.0,0.0,0.0,0.0
M,0.0,0.0,0.0,0.0
M,0.0,0.0,0.0,0.0
M,0.0,0.0,0.0,0.0
M,0.0,0.0,0.0,0.0
M,0.0,0.0,0.0,0.0
M,0.0,0.0,0.0,0.0
M,0.0,0.0,0.0,0.0
M,0.0,0.0,0.0,0.0
M,0.0,0.0,0.0,0.0
M,0.0,0.0,0.0,0.0
M,0.0,0.0,0.0,0.0
M,0.0,0.0,0.0,0.0
M,0.0,0.0,0.0,0.0
M,-0.00477115,0.0,0.0,-0.00477115
M,0.0,0.0,0.0,0.0
M,0.0,0.0,0.0,0.0
M,0.181403,0.0,0.0,0.181403
M,0.0,0.0,0.0,0.0
M,0.0,0.0,0.0,0.0
M,0.0,0.0,0.0,0.0
M,0.0,0.0,0.0,0.0
M,0.0,0.0,0.0,0.0
M,0.0,0.0,0.0,0.0
M,0.0,0.0,0.0,0.0
M,0.0,0.0,0.0,0.0
M,0.0,0.0,0.0,0.0
M,0.0,0.0,0.0,0.0
M,-0.012741,0.0,0.0,-0.012741
M,0.0,0.0,0.0,0.0
M,0.0,0.0,0.0,0.0
M,0.0,0.0,0.0,0.0
M,0.0,0.0,0.0,0.0
M,0.0,0.0,0.0,0.0
M,0.0163594,0.0,0.0,0.0163594
M,0.0,0.0,0.0,0.0
M,0.0,0.0,0.0,0.0
M,0.0,0.0,0.0,0.0
M,0.0,0.0,0.0,0.0
M,0.0,-0.0543588,-0.0543588,-0.0543588
M,0.0,0.0,0.0,0.0
M,0.0,0.0,0.0,0.0
M,-0.00823402,0.0,0.0,-0.00823402
M,0.0,0.0,0.0,0.0
M,0.0,0.0,0.0,0.0
M,0.0,0.0,0.0,0.0
M,0.0,0.0,0.0,0.0
M,0.0,0.0,0.0,0.0
M,0.0,0.0,0.0,0.0
M,0.0,0.0,0.0,0.0
M,0.0,0.0,0.0,0.0
M,0.0,0.0,0.0,0.0
M,0.0,0.0,0.0,0.0
M,0.0,0.0,0.0,0.0
M,-0.000136907,0.0,0.0,-0.000136907
M,0.0,0.0,0.0,0.0
M,0.0,0.0,0.0,0.0
M,0.0545339,0.0,0.0,0.0545339
M,0.0,0.0,0.0,0.0
M,0.0,0.0,0.0,0.0
M,0.0,0.0,0.0,0.0
M,-0.0908265,0.0,0.0,-0.0908265
M,0.0,0.0,0.0,0.0
M,0.0,0.0,0.0,0.0
M,0.0,0.0,0.0,0.0
M,0.0,0.0,0.0,0.0
M,0.0,0.0,0.0,0.0
M,0.0,0.0,0.0,0.0
M,0.0,0.0,0.0,0.0
M,0.0920055,0.0,0.0,0.0920055
M,0.0,0.0,0.0,0.0
M,0.0,0.0,0.0,0.0
M,0.0,0.0,0.0,0.0
M,0.0,0.0,0.0,0.0
M,0.0,0.0,0.0,0.0
M,0.0,0.0,0.0,0.0
M,0.0,0.0,0.0,0.0
M,0.0,0.0,0.0,0.0
M,-0.110386,0.0,0.0,-0.110386
M,-0.00902693,0.0,0.0,-0.00902693
M,0.0,0.0,0.0,0.0
M,0.0608769,0.0,0.0,0.0608769
M,-0.0696441,0.0,0.0,-0.0696441
M,0.0,0.0,0.0,0.0
M,0.0,0.0,0.0,0.0
M,0.0,0.0,0.0,0.0
M,0.0,0.0,0.0,0.0
M,0.0,0.0,0.0,0.0
M,0.0,0.0,0.0,0.0
M,0.0,0.0,0.0,0.0
M,0.0,0.0,0.0,0.0
M,0.0428665,0.0,0.0,0.0428665
M,0.0,0.0,0.0,0.0
M,0.0,0.0,0.0,0.0
M,0.0,0.0,0.0,0.0
M,0.0,0.0,0.0,0.0
M,-0.0143883,0.0,0.0,-0.0143883
M,0.0,0.0,0.0,0.0
M,0.0,0.0,0.0,0.0
M,0.0,0.0,0.0,0.0
M,-0.0568867,0.0,0.0,-0.0568867
M,0.0286518,0.0,0.0,0.0286518
M,0.0,0.0,0.0,0.0
M,0.0,0.0,0.0,0.0
M,0.0,0.0,0.0,0.0
M,0.0,0.0,0.0,0.0
M,0.0,0.0,0.0,0.0
M,0.0,0.0,0.0,0.0
M,0.011327,0.0,0.0,0.011327
M,0.0,0.0,0.0,0.0
M,0.0,0.0,0.0,0.0
M,0.0,0.0,0.0,0.0
M,0.0978356,0.0,0.0,0.0978356
M,0.0,0.0215668,0.0215668,0.0215668
M,0.0649201,0.0,0.0,0.0649201
M,0.0,0.0,0.0,0.0
M,0.0,0.0,0.0,0.0
M,0.0,0.0,0.0,0.0
M,0.0,0.0,0.0,0.0
M,0.0,0.0,0.0,0.0
M,0.0,0.0,0.0,0.0
M,0.0,0.0,0.0,0.0
M,0.0,0.0,0.0,0.0
M,0.0846363,0.0,0.0,0.0846363
M,0.0,0.0,0.0,0.0
M,0.0,0.0,0.0,0.0
M,0.0,0.0,0.0,0.0
M,0.0,0.0,0.0,0.0
M,0.0,0.0,0.0,0.0
M,0.0,0.0,0.0,0.0
M,0.0,0.0,0.0,0.0
M,0.0393779,0.0,0.0,0.0393779
M,0.0,0.0,0.0,0.0
M,0.0,0.0,0.0,0.0
M,-0.0374901,0.0,0.0,-0.0374901
M,0.0,0.0,0.0,0.0
M,0.0,0.0,0.0,0.0
M,0.0,0.0,0.0,0.0
M,-0.0200491,0.0,0.0,-0.0200491
M,0.0,0.0,0.0,0.0
M,-0.00415181,0.0,0.0,-0.00415181
M,0.0,0.0,0.0,0.0
M,0.0,0.0,0.0,0.0
M,0.0,0.0,0.0,0.0
M,0.0,0.0,0.0,0.0
M,0.0,0.0,0.0,0.0
M,0.0,0.0,0.0,0.0
M,0.0,0.0,0.0,0.0
M,0.0,0.0,0.0,0.0
M,0.0,0.0,0.0,0.0
M,0.00261774,0.0,0.0,0.00261774
M,0.0,0.0,0.0,0.0
M,0.0,0.0,0.0,0.0
M,0.0,0.0,0.0,0.0
M,0.0,0.0,0.0,0.0
M,0.0,0.0,0.0,0.0
M,-0.0414927,0.0,0.0,-0.0414927
M,-0.127837,0.0,0.0,-0.127837
M,0.0,0.0,0.0,0.0
M,0.0478528,0.0,0.0,0.0478528
M,0.0,0.0,0.0,0.0
M,0.0393779,0.0,0.0,0.0393779
M,0.0334893,0.0,0.0,0.0334893
M,-0.0139613,0.0,0.0,-0.0139613
M,0.0,0.0,0.0,0.0
M,0.0,0.0,0.0,0.0
M,0.0386118,0.0,0.0,0.0386118
M,-0.1125,0.0,0.0,-0.1125
M,0.0,0.0,0.0,0.0
M,0.0,0.0,0.0,0.0
M,0.0,0.0,0.0,0.0
M,0.0,0.0,0.0,0.0
M,0.0,0.0,0.0,0.0
M,0.0,0.0,0.0,0.0
M,0.0,0.0,0.0,0.0
M,0.0,0.0,0.0,0.0
M,0.0513583,0.0,0.0,0.0513583
M,0.0,0.0,0.0,0.0
M,0.0,0.0,0.0,0.0
M,0.0,0.0,0.0,0.0
M,0.0,0.0,0.0,0.0
M,0.0,0.0,0.0,0.0
M,0.0,0.0,0.0,0.0
M,0.0,0.0,0.0,0.0
M,0.0,0.0,0.0,0.0
M,-0.0617367,0.0,0.0,-0.0617367
M,0.0,0.0,0.0,0.0
M,0.0,0.0,0.0,0.0
M,0.0,0.0,0.0,0.0
M,-0.0402255,0.0,0.0,-0.0402255
M,0.0,0.0,0.0,0.0
M,0.0,0.0,0.0,0.0
M,0.0,0.0,0.0,0.0
M,0.0,0.0,0.0,0.0
M,0.0,0.0,0.0,0.0
M,0.0,0.0,0.0,0.0
M,0.0,0.0,0.0,0.0
M,0.0,0.0,0.0,0.0
M,0.0,0.0,0.0,0.0
M,0.137494,0.0,0.0,0.137494
M,0.0,0.0,0.0,0.0
M,0.0,0.0,0.0,0.0
M,0.0,0.0,0.0,0.0
M,0.0,0.0,0.0,0.0
M,0.0243426,0.0,0.0,0.0243426
M,0.0,0.0,0.0,0.0
M,0.0,0.0,0.0,0.0
M,0.0,0.0,0.0,0.0
M,0.0,0.0,0.0,0.0
M,0.0,0.0,0.0,0.0
M,0.0,0.0,0.0,0.0
M,0.0,0.0,0.0,0.0
M,0.0,0.0,0.0,0.0
M,0.0,0.0,0.0,0.0
M,0.0,0.0,0.0,0.0
M,0.0,0.0,0.0,0.0
M,-0.0557814,0.0,0.0,-0.0557814
M,0.0,0.0,0.0,0.0
M,0.0,0.0,0.0,0.0
M,0.0,0.0,0.0,0.0
M,0.0,0.0,0.0,0.0
M,0.0,0.0,0.0,0.0
M,0.0,0.0,0.0,0.0
M,0.0,0.0,0.0,0.0
M,-0.163837,0.0,0.0,-0.163837
M,0.0,0.0,0.0,0.0
M,0.0,0.0,0.0,0.0
M,0.0,0.0,0.0,0.0
M,0.0149872,0.0,0.0,0.0149872
M,0.0,0.0,0.0,0.0
M,0.0,0.0,0.0,0.0
M,0.0,0.0,0.0,0.0
M,0.0594906,0.0,0.0,0.0594906
M,0.0,0.0,0.0,0.0
M,0.0,0.0,0.0,0.0
M,0.0,0.0,0.0,0.0
M,0.0,0.0,0.0,0.0
M,-0.0238773,0.0,0.0,-0.0238773
M,0.0,0.0,0.0,0.0
M,0.0542792,0.0,0.0,0.0542792
M,0.0,0.0,0.0,0.0
M,0.0,0.0,0.0,0.0
M,0.0132445,0.0,0.0,0.0132445
M,0.0,0.0,0.0,0.0
M,0.0,0.0,0.0,0.0
M,0.0,0.0,0.0,0.0
M,0.0407898,0.0,0.0,0.0407898
M,0.016485,0.0,0.0,0.016485
M,0.0,0.0,0.0,0.0
M,0.0,0.0,0.0,0.0
M,0.0,0.0,0.0,0.0
M,0.0,0.0,0.0,0.0
M,0.0,0.0,0.0,0.0
M,0.0,0.0,0.0,0.0
M,0.0,0.0,0.0,0.0
M,0.0,0.0,0.0,0.0
M,0.0149872,0.0,0.0,0.0149872
M,0.0,0.0,0.0,0.0
M,0.0,0.0215668,0.0215668,0.0215668
M,0.0,0.0,0.0,0.0
M,0.0,0.0,0.0,0.0
M,0.0,0.0,0.0,0.0
M,0.0,0.0,0.0,0.0
M,0.0,0.0,0.0,0.0
M,0.0,0.0,0.0,0.0
M,0.0,0.0,0.0,0.0
M,0.0,0.0,0.0,0.0
M,0.0157701,0.0,0.0,0.0157701
M,0.0,0.0,0.0,0.0
M,-0.0540874,0.0,0.0,-0.0540874
M,0.0,0.0,0.0,0.0
M,0.0618325,0.0,0.0,0.0618325
M,0.0,0.0,0.0,0.0
M,0.0,0.0,0.0,0.0
M,0.0,0.0,0.0,0.0
M,-0.000973593,0.0,0.0,-0.000973593
M,0.0,0.0,0.0,0.0
M,0.0,0.0,0.0,0.0
M,0.0,0.0,0.0,0.0
M,0.0,0.0,0.0,0.0
M,0.0,0.0,0.0,0.0
M,0.0,0.0,0.0,0.0
M,0.0,0.0,0.0,0.0
M,0.0,0.0,0.0,0.0
M,-0.132079,0.0,0.0,-0.132079
M,0.0,0.0,0.0,0.0
M,0.0,0.0,0.0,0.0
M,0.0,0.0,0.0,0.0
M,-0.0390058,0.0,0.0,-0.0390058
M,0.0,0.0,0.0,0.0
M,0.0117214,0.0,0.0,0.0117214
M,0.0,0.0,0.0,0.0
M,0.0,0.0,0.0,0.0
M,0.0,0.0,0.0,0.0
M,0.0,0.0,0.0,0.0
M,0.0,0.0,0.0,0.0
M,0.0,0.0,0.0,0.0
M,0.0681685,0.0,0.0,0.0681685
M,0.0,0.0,0.0,0.0
M,0.0322532,0.0,0.0,0.0322532
M,0.0,0.0,0.0,0.0
M,-0.0260034,0.0,0.0,-0.0260034
M,0.0,0.0,0.0,0.0
M,0.0,0.0,0.0,0.0
M,0.0,0.0,0.0,0.0
M,0.0,0.0,0.0,0.0
M,0.0,0.0,0.0,0.0
M,0.0,0.0,0.0,0.0
M,-0.0260034,0.0,0.0,-0.0260034
M,0.0216632,0.0,0.0,0.0216632
M,0.0,0.0,0.0,0.0
M,0.0,0.0,0.0,0.0
M,-0.0139613,0.0,0.0,-0.0139613
M,0.0,0.0,0.0,0.0
M,0.0,0.0,0.0,0.0
M,0.0,0.0,0.0,0.0
M,0.0,0.0,0.0,0.0
M,-0.0195569,0.0,0.0,-0.0195569
M,0.0,0.0,0.0,0.0
M,-0.0156504,0.0,0.0,-0.0156504
M,0.0,0.0,0.0,0.0
M,0.0549763,0.0,0.0,0.0549763
M,0.0,0.0,0.0,0.0
M,-0.0773799,0.0,0.0,-0.0773799
M,0.0,0.0,0.0,0.0
M,0.0,0.0,0.0,0.0
M,0.0,0.0,0.0,0.0
M,0.0,0.0,0.0,0.0
M,0.0,0.0,0.0,0.0
M,0.0,0.0,0.0,0.0
M,0.0,0.0,0.0,0.0
M,0.0,0.0,0.0,0.0
M,0.0,0.0,0.0,0.0
M,0.0,0.0,0.0,0.0
M,0.0,0.0,0.0,0.0
M,0.0,0.0,0.0,0.0
M,0.0,0.0,0.0,0.0
M,0.0238773,0.0,0.0,0.0238773
M,0.0,0.0,0.0,0.0
M,0.0,0.0,0.0,0.0
M,0.0,0.0,0.0,0.0
M,0.0,0.0,0.0,0.0
M,0.0,0.0,0.0,0.0
M,0.0,0.0,0.0,0.0
M,0.0,0.0,0.0,0.0
M,0.0,0.0,0.0,0.0
M,0.0,0.0,0.0,0.0
M,0.0,0.0,0.0,0.0
M,0.0377603,0.0,0.0,0.0377603
M,0.0,0.0,0.0,0.0
M,0.0,0.0,0.0,0.0
M,0.0,0.0,0.0,0.0
M,0.0,0.0,0.0,0.0
M,0.0,0.0,0.0,0.0
M,0.0851869,0.0,0.0,0.0851869
M,-0.0137266,0.0,0.0,-0.0137266
M,0.0,0.0,0.0,0.0
M,0.0,0.0,0.0,0.0
M,-0.0290599,0.0,0.0,-0.0290599
M,0.0,0.0,0.0,0.0
M,0.0,0.0,0.0,0.0
M,0.0,0.0,0.0,0.0
M,0.0160756,0.0,0.0,0.0160756
M,0.0,0.0,0.0,0.0
M,0.0,0.0,0.0,0.0
M,0.0510081,0.0,0.0,0.0510081
M,0.0,0.0,0.0,0.0
M,0.0,0.0,0.0,0.0
M,-0.0276315,0.0,0.0,-0.0276315
M,0.0,0.0,0.0,0.0
M,0.0,0.0,0.0,0.0
M,-0.00861763,0.0,0.0,-0.00861763
M,0.0,0.0,0.0,0.0
M,0.0,0.0,0.0,0.0
M,0.0,0.0,0.0,0.0
M,0.0,0.0,0.0,0.0
M,0.0,0.0,0.0,0.0
M,0.0,0.0,0.0,0.0
M,0.0,0.0,0.0,0.0
M,0.0,0.0,0.0,0.0
M,0.0,0.0,0.0,0.0
M,0.0,0.0,0.0,0.0
M,0.0,0.0,0.0,0.0
M,0.0,0.0,0.0,0.0
M,0.0,0.0,0.0,0.0
M,0.0,0.0,0.0,0.0
M,0.0072898,0.0,0.0,0.0072898
M,0.0,0.0,0.0,0.0
M,0.0214972,0.0,0.0,0.0214972
M,0.0,0.0,0.0,0.0
M,0.0,0.0,0.0,0.0
M,0.0,0.0,0.0,0.0
M,0.0,0.0,0.0,0.0
M,0.0,0.0,0.0,0.0
M,0.0,0.0,0.0,0.0
M,-0.0190886,0.0,0.0,-0.0190886
M,0.0,0.0,0.0,0.0
M,0.0,0.0,0.0,0.0
M,0.0,0.0,0.0,0.0
M,0.016485,0.0,0.0,0.016485
M,0.0,0.0,0.0,0.0
M,0.0,0.0,0.0,0.0
M,0.0,0.0,0.0,0.0
M,0.0,0.0,0.0,0.0
M,0.0,0.0,0.0,0.0
M,0.0,0.0,0.0,0.0
M,0.0,0.0,0.0,0.0
M,0.0,0.0,0.0,0.0
M,0.0,0.0,0.0,0.0
M,0.0,0.0,0.0,0.0
M,0.0,0.0,0.0,0.0
M,-0.0336783,0.0,0.0,-0.0336783
M,0.0,0.0,0.0,0.0
M,0.0,0.0,0.0,0.0
M,0.0241144,0.0,0.0,0.0241144
M,0.0,0.0,0.0,0.0
M,0.0,0.0,0.0,0.0
M,-0.00484081,0.0,0.0,-0.00484081
M,0.0,0.0,0.0,0.0
M,0.0275643,0.0,0.0,0.0275643
M,0.0,0.0,0.0,0.0
M,0.0,0.0,0.0,0.0
M,0.0,0.0,0.0,0.0
M,0.0,0.0,0.0,0.0
M,0.0,0.0,0.0,0.0
M,0.0428665,0.0,0.0,0.0428665
M,0.0275643,0.0,0.0,0.0275643
M,0.0,0.0,0.0,0.0
M,-0.0276315,0.0,0.0,-0.0276315
M,-0.0743312,0.0,0.0,-0.0743312
M,0.0,0.0,0.0,0.0
M,-0.0487536,0.0,0.0,-0.0487536
M,0.0,0.0,0.0,0.0
M,0.0,0.0,0.0,0.0
M,0.0490902,0.0,0.0,0.0490902
M,0.0,0.0,0.0,0.0
M,0.0,0.0,0.0,0.0
M,0.0,0.0,0.0,0.0
M,0.0,0.0,0.0,0.0
M,0.0,0.0,0.0,0.0
M,0.105154,0.0,0.0,0.105154
M,0.0,0.0,0.0,0.0
M,0.0,0.0,0.0,0.0
M,0.0,0.0,0.0,0.0
M,0.0,0.0,0.0,0.0
M,0.0,0.0,0.0,0.0
M,0.0,0.0,0.0,0.0
M,0.0,0.0,0.0,0.0
M,0.0,0.0,0.0,0.0
M,0.016362,0.0,0.0,0.016362
M,0.0,0.0,0.0,0.0
M,0.0,0.0,0.0,0.0
M,0.0,0.0,0.0,0.0
M,0.0,0.0,0.0,0.0
M,0.0,0.0,0.0,0.0
M,-0.065899,0.0,0.0,-0.065899
M,-0.0398844,0.0,0.0,-0.0398844
M,0.0,0.0,0.0,0.0
M,0.0,0.0,0.0,0.0
M,0.0,0.0,0.0,0.0
M,0.0,0.0,0.0,0.0
M,0.0,0.0,0.0,0.0
M,0.0,0.0,0.0,0.0
M,0.0,0.0,0.0,0.0
M,0.0,0.0,0.0,0.0
M,-0.0201584,0.0,0.0,-0.0201584
M,-0.0233761,0.0,0.0,-0.0233761
M,0.0,0.0,0.0,0.0
M,0.0,0.0,0.0,0.0
M,0.0,0.0,0.0,0.0
M,0.0,0.0,0.0,0.0
M,0.0,0.0,0.0,0.0
M,0.0,0.0,0.0,0.0
M,0.0,0.0,0.0,0.0
M,0.0,0.0,0.0,0.0
M,0.0,0.0,0.0,0.0
M,0.0,0.0,0.0,0.0
M,0.0,0.0,0.0,0.0
M,0.0,0.0,0.0,0.0
M,-0.0414927,0.0,0.0,-0.0414927
M,0.0,0.0,0.0,0.0
M,0.0,0.0,0.0,0.0
M,0.0,0.0,0.0,0.0
M,0.0,0.0,0.0,0.0
M,-0.0139613,0.0,0.0,-0.0139613
M,-0.00144561,0.0,0.0,-0.00144561
M,-0.0217444,0.0,0.0,-0.0217444
M,0.0,0.0,0.0,0.0
M,0.0,0.0,0.0,0.0
M,0.0,0.0,0.0,0.0
M,0.0,0.0,0.0,0.0
M,0.0,0.0,0.0,0.0
M,0.0,0.0,0.0,0.0
M,0.00176899,0.0,0.0,0.00176899
M,0.0,0.0,0.0,0.0
M,0.0,0.0,0.0,0.0
M,0.0,0.0,0.0,0.0
M,0.0,0.0,0.0,0.0
M,0.0,0.0,0.0,0.0
M,-0.0272253,0.0,0.0,-0.0272253
M,0.0,0.0,0.0,0.0
M,0.0,0.0,0.0,0.0
M,0.0,0.0,0.0,0.0
M,0.0,0.0,0.0,0.0
M,0.0,0.0,0.0,0.0
M,-0.0276315,0.0,0.0,-0.0276315
M,0.0,0.0,0.0,0.0
M,0.0,0.0,0.0,0.0
M,0.0,0.0,0.0,0.0
M,-0.038435,0.0,0.0,-0.038435
M,0.0513583,0.0,0.0,0.0513583
M,0.0,0.0,0.0,0.0
M,0.0,0.0,0.0,0.0
M,0.0,0.0,0.0,0.0
M,0.0,0.0,0.0,0.0
M,0.0,0.0,0.0,0.0
M,0.0,0.0,0.0,0.0
M,0.0,0.0,0.0,0.0
M,0.0,0.0,0.0,0.0
M,0.0,0.0,0.0,0.0
M,-0.0789026,0.0,0.0,-0.0789026
M,0.0,0.0,0.0,0.0
M,0.0,0.0,0.0,0.0
M,0.0,0.0,0.0,0.0
M,0.0,0.0,0.0,0.0
M,-0.0238773,0.0,0.0,-0.0238773
M,0.0202343,0.0,0.0,0.0202343
M,0.0,0.0,0.0,0.0
M,0.0,0.0,0.0,0.0
M,0.0,0.0,0.0,0.0
M,0.0,0.0,0.0,0.0
M,-0.00609951,0.0,0.0,-0.00609951
M,0.0,0.0,0.0,0.0
M,0.0,0.0,0.0,0.0
M,0.0,0.0,0.0,0.0
M,0.0,0.0,0.0,0.0
M,0.0,0.0,0.0,0.0
M,0.0,0.0,0.0,0.0
M,0.0,0.0,0.0,0.0
M,0.0,0.0,0.0,0.0
M,0.0,0.0,0.0,0.0
M,0.0,0.0,0.0,0.0
M,0.0,0.0,0.0,0.0
M,0.0,0.0,0.0,0.0
M,0.0,0.0,0.0,0.0
M,0.0,0.0,0.0,0.0
M,0.0,0.0,0.0,0.0
M,0.0,0.0,0.0,0.0
M,0.0,0.0,0.0,0.0
M,0.0,0.0,0.0,0.0
M,0.0,0.0,0.0,0.0
M,0.00094186,0.0,0.0,0.00094186
M,0.0988445,0.0,0.0,0.0988445
M,0.0,0.0,0.0,0.0
M,0.0,0.0,0.0,0.0
M,0.0,0.0,0.0,0.0
M,0.0,0.0,0.0,0.0
M,0.0,0.0,0.0,0.0
M,0.0,0.0,0.0,0.0
M,0.0,0.0,0.0,0.0
M,0.0,0.0,0.0,0.0
M,0.0,0.0,0.0,0.0
M,0.0,0.0,0.0,0.0
M,0.0,0.0,0.0,0.0
M,0.0,0.0,0.0,0.0
M,0.0,0.0,0.0,0.0
M,0.0,0.0,0.0,0.0
M,0.0,0.0,0.0,0.0
M,-0.0260034,0.0,0.0,-0.0260034
M,0.0,0.0,0.0,0.0
M,-0.00153559,0.0,0.0,-0.00153559
M,-0.0410421,0.0,0.0,-0.0410421
M,0.0851869,0.0,0.0,0.0851869
M,0.0,0.0,0.0,0.0
M,0.0,0.0,0.0,0.0
M,0.0,0.0,0.0,0.0
M,0.0,0.0,0.0,0.0
M,0.0,0.0,0.0,0.0
M,0.00137348,0.0,0.0,0.00137348
M,0.0,0.0,0.0,0.0
M,0.0,0.0,0.0,0.0
M,0.0,0.0,0.0,0.0
M,0.0,0.0,0.0,0.0
M,0.0,0.0,0.0,0.0
M,0.0,0.0,0.0,0.0
M,0.0,0.0,0.0,0.0
M,0.0,0.0,0.0,0.0
M,0.0241144,0.0,0.0,0.0241144
M,0.0,0.0,0.0,0.0
M,0.0,0.0,0.0,0.0
M,0.0,0.0,0.0,0.0
M,0.0,0.0,0.0,0.0
M,0.0,0.0,0.0,0.0
M,0.0,0.0,0.0,0.0
M,0.0,0.0,0.0,0.0
M,-0.0176579,0.0,0.0,-0.0176579
M,0.0,0.0,0.0,0.0
M,0.0,0.0,0.0,0.0
M,0.0,0.0,0.0,0.0
M,0.0,0.0,0.0,0.0
M,0.0,0.0,0.0,0.0
M,0.0,0.0,0.0,0.0
M,0.0,0.0,0.0,0.0
M,0.0,0.0,0.0,0.0
M,0.0,0.0,0.0,0.0
M,0.0,0.0,0.0,0.0
M,0.0,0.0,0.0,0.0
M,0.0,0.0,0.0,0.0
M,0.0395016,0.0,0.0,0.0395016
M,0.0,0.0,0.0,0.0
M,0.0851869,0.0,0.0,0.0851869
M,0.0,0.0,0.0,0.0
M,0.0,0.0,0.0,0.0
M,0.0,0.0,0.0,0.0
M,0.0,0.0,0.0,0.0
M,0.0,0.0,0.0,0.0
M,0.0,0.0,0.0,0.0
M,0.0,0.0,0.0,0.0
M,0.0334904,0.0,0.0,0.0334904
M,0.0,0.0,0.0,0.0
M,0.0,0.0,0.0,0.0
M,0.0,0.0,0.0,0.0
M,-0.0577208,0.0,0.0,-0.0577208
M,0.0131489,0.0,0.0,0.0131489
M,0.0,0.0,0.0,0.0
M,0.0,0.0,0.0,0.0
M,0.0,0.0,0.0,0.0
M,0.021995,0.0,0.0,0.021995
M,0.0,0.0,0.0,0.0
M,0.0,0.0,0.0,0.0
M,0.0,0.0,0.0,0.0
M,0.0549763,0.0,0.0,0.0549763
M,0.0,0.0,0.0,0.0
M,0.0,0.0,0.0,0.0
M,0.0,0.0,0.0,0.0
M,0.0,0.0,0.0,0.0
M,0.0,0.0,0.0,0.0
M,0.0,0.0,0.0,0.0
M,0.0,0.0,0.0,0.0
M,0.0,0.0,0.0,0.0
M,0.0,0.0,0.0,0.0
M,0.0,0.0,0.0,0.0
M,0.0,0.0,0.0,0.0
M,0.0,0.0,0.0,0.0
M,0.0,0.0,0.0,0.0
M,0.0403993,0.0,0.0,0.0403993
M,-0.0139613,0.0,0.0,-0.0139613
M,0.0,0.0,0.0,0.0
M,0.0184297,0.0,0.0,0.0184297
M,0.0,0.0,0.0,0.0
M,0.0,0.0,0.0,0.0
M,0.0,0.0,0.0,0.0
M,0.0,0.0,0.0,0.0
M,0.0,0.0,0.0,0.0
M,0.0,0.0,0.0,0.0
M,0.0,0.0,0.0,0.0
M,0.0,0.0,0.0,0.0
M,0.0,0.0,0.0,0.0
M,0.0,0.0,0.0,0.0
M,-0.0282218,0.0,0.0,-0.0282218
M,-0.00674204,0.0,0.0,-0.00674204
M,0.0,0.0,0.0,0.0
M,0.0,0.0,0.0,0.0
M,0.0,0.0,0.0,0.0
M,0.0146281,0.0,0.0,0.0146281
M,0.0,0.0,0.0,0.0
M,0.0,0.0,0.0,0.0
M,0.0,0.0,0.0,0.0
M,0.0,0.0,0.0,0.0
M,-0.0388946,0.0,0.0,-0.0388946
M,0.0,0.0,0.0,0.0
M,0.0,0.0,0.0,0.0
M,0.0,0.0,0.0,0.0
M,0.0,0.0,0.0,0.0
M,0.0161153,0.0,0.0,0.0161153
M,0.00046336,0.0,0.0,0.00046336
M,0.0,0.0,0.0,0.0
M,0.0,0.0,0.0,0.0
M,0.0,0.0,0.0,0.0
M,0.0,0.0,0.0,0.0
M,0.0,0.0,0.0,0.0
M,0.0,0.0,0.0,0.0
M,0.0,0.0,0.0,0.0
M,0.0,0.0,0.0,0.0
M,0.0,0.0,0.0,0.0
M,0.0,0.0,0.0,0.0
M,0.0,0.0,0.0,0.0
M,0.0,0.0,0.0,0.0
M,0.0,0.0,0.0,0.0
M,-0.0385669,0.0215668,0.0215668,-0.0170001
M,-0.07602,0.0,0.0,-0.07602
M,0.0,0.0,0.0,0.0
M,-0.0447623,0.0,0.0,-0.0447623
M,-0.0157382,0.0,0.0,-0.0157382
M,-0.0203028,0.0,0.0,-0.0203028
M,0.0,0.0,0.0,0.0
M,0.0,0.0,0.0,0.0
M,0.0,0.0,0.0,0.0
M,0.0,0.0,0.0,0.0
M,0.0,0.0,0.0,0.0
M,0.0,0.0,0.0,0.0
M,0.0,0.0,0.0,0.0
M,0.0,0.0,0.0,0.0
M,0.0,0.0,0.0,0.0
M,0.0,0.0,0.0,0.0
M,0.0,0.0,0.0,0.0
M,-0.0276315,0.0,0.0,-0.0276315
M,0.0214972,0.0,0.0,0.0214972
M,0.0,0.0,0.0,0.0
M,0.0,0.0,0.0,0.0
M,0.0,0.0,0.0,0.0
M,0.0,0.0,0.0,0.0
M,0.0,0.0,0.0,0.0
M,0.00094186,0.0,0.0,0.00094186
M,0.0,0.0,0.0,0.0
M,0.0724595,0.0,0.0,0.0724595
M,0.0,0.0,0.0,0.0
M,0.0,0.0,0.0,0.0
M,0.0161115,0.0,0.0,0.0161115
M,0.0,0.0,0.0,0.0
M,0.0407898,0.0,0.0,0.0407898
M,0.0,0.0,0.0,0.0
M,-0.0876389,0.0,0.0,-0.0876389
M,0.0,0.0,0.0,0.0
M,0.0,0.0,0.0,0.0
M,0.0,0.0,0.0,0.0
M,0.0,0.0,0.0,0.0
M,0.0,0.0,0.0,0.0
M,0.0,0.0,0.0,0.0
M,0.0,0.0,0.0,0.0
M,0.0,0.0,0.0,0.0
M,0.0,0.0,0.0,0.0
M,0.0,0.0,0.0,0.0
M,0.0,0.0,0.0,0.0
M,0.0231056,0.0,0.0,0.0231056
M,0.0090695,0.0,0.0,0.0090695
M,0.0,0.0,0.0,0.0
M,0.0,0.0,0.0,0.0
M,0.0,0.0,0.0,0.0
M,0.0,0.0,0.0,0.0
M,0.0,0.0,0.0,0.0
M,0.0,0.0,0.0,0.0
M,0.0,0.0,0.0,0.0
M,0.0,0.0,0.0,0.0
M,0.0,0.0,0.0,0.0
M,0.0,0.0,0.0,0.0
M,0.0,0.0,0.0,0.0
M,0.0,0.0,0.0,0.0
M,-0.00823402,0.0,0.0,-0.00823402
M,0.0,0.0,0.0,0.0
M,0.0,0.0,0.0,0.0
M,0.0,0.0,0.0,0.0
M,0.0,0.0,0.0,0.0
M,0.0140711,0.0,0.0,0.0140711
M,0.0,0.0,0.0,0.0
M,0.0,0.0,0.0,0.0
M,-0.0276315,0.0,0.0,-0.0276315
M,0.0,0.0,0.0,0.0
M,0.0,0.0,0.0,0.0
M,0.0,0.0,0.0,0.0
M,0.0,0.0,0.0,0.0
M,-0.0853523,0.0,0.0,-0.0853523
M,0.0,0.0,0.0,0.0
M,0.0,0.0,0.0,0.0
M,0.0,0.0,0.0,0.0
M,-0.0410421,0.0,0.0,-0.0410421
M,0.0306676,0.0,0.0,0.0306676
M,0.021995,0.0,0.0,0.021995
M,0.0,0.0,0.0,0.0
M,0.0,0.0,0.0,0.0
M,0.0,0.0,0.0,0.0
M,0.0,0.0,0.0,0.0
M,0.0,0.0,0.0,0.0
M,0.0,0.0,0.0,0.0
M,0.0,0.0,0.0,0.0
M,0.0,0.0,0.0,0.0
M,0.0,0.0,0.0,0.0
M,0.0,0.0,0.0,0.0
M,0.0216632,0.0,0.0,0.0216632
M,0.0,0.0,0.0,0.0
M,0.0,0.0,0.0,0.0
M,0.022072,0.0,0.0,0.022072
M,0.0,0.0,0.0,0.0
M,0.0,0.0,0.0,0.0
M,0.0,0.0,0.0,0.0
M,0.0,0.0,0.0,0.0
M,0.0,0.0,0.0,0.0
M,0.0,0.0,0.0,0.0
M,0.0,0.0,0.0,0.0
M,0.0,0.0,0.0,0.0
M,0.0330657,0.0,0.0,0.0330657
M,0.0,0.0,0.0,0.0
M,-0.0366888,0.0,0.0,-0.0366888
M,0.0,0.0,0.0,0.0
M,0.0,0.0,0.0,0.0
M,0.0,0.0,0.0,0.0
M,0.0,0.0,0.0,0.0
M,0.0,0.0,0.0,0.0
M,0.0,0.0,0.0,0.0
M,0.0,0.0,0.0,0.0
M,0.0,0.0,0.0,0.0
M,0.0,0.0,0.0,0.0
M,0.0,0.0,0.0,0.0
M,0.0,0.0,0.0,0.0
M,0.0,0.0,0.0,0.0
M,0.0,0.0,0.0,0.0
M,0.0,0.0,0.0,0.0
M,0.0407898,0.0,0.0,0.0407898
M,0.0,0.0,0.0,0.0
M,0.0,0.0,0.0,0.0
M,-0.00823402,0.0,0.0,-0.00823402
M,0.0,0.0,0.0,0.0
M,0.0,0.0,0.0,0.0
M,0.0,0.0,0.0,0.0
M,0.0149505,0.0,0.0,0.0149505
M,0.0,0.0,0.0,0.0
M,0.0,0.0,0.0,0.0
M,0.0,0.0,0.0,0.0
M,0.0,0.0,0.0,0.0
M,0.0,0.0,0.0,0.0
M,0.0,0.0,0.0,0.0
M,0.0,0.0,0.0,0.0
M,0.0,0.0,0.0,0.0
M,0.0,0.0,0.0,0.0
M,0.0,0.0,0.0,0.0
M,0.0,0.0,0.0,0.0
M,0.0,0.0,0.0,0.0
M,0.0,0.0,0.0,0.0
M,0.0851869,0.0,0.0,0.0851869
M,0.0144637,0.0,0.0,0.0144637
M,-0.00791664,0.0,0.0,-0.00791664
M,-0.0671916,0.0,0.0,-0.0671916
M,0.0,0.0,0.0,0.0
M,-0.0591431,0.0,0.0,-0.0591431
M,0.0223032,0.0,0.0,0.0223032
M,0.0,0.0,0.0,0.0
M,0.0,0.0,0.0,0.0
M,0.0,0.0,0.0,0.0
M,0.0,0.0,0.0,0.0
M,0.0,0.0,0.0,0.0
M,0.0,0.0,0.0,0.0
M,0.0,0.0,0.0,0.0
M,0.0534366,0.0,0.0,0.0534366
M,0.0,0.0,0.0,0.0
M,0.0,0.0,0.0,0.0
M,0.0,0.0,0.0,0.0
M,0.0759988,0.0,0.0,0.0759988
M,0.0353434,0.0,0.0,0.0353434
M,0.0,0.0,0.0,0.0
M,0.0,0.0,0.0,0.0
M,0.0,0.0,0.0,0.0
M,-0.0327454,0.0,0.0,-0.0327454
M,0.0978356,0.0,0.0,0.0978356
M,0.0,0.0,0.0,0.0
M,0.0,0.0,0.0,0.0
M,0.0,0.0,0.0,0.0
M,0.0,0.0,0.0,0.0
M,0.0,0.0,0.0,0.0
M,0.0,0.0,0.0,0.0
M,0.0,0.0,0.0,0.0
M,0.0,0.0,0.0,0.0
M,0.0,0.0,0.0,0.0
M,0.0,0.0,0.0,0.0
M,0.0,0.0,0.0,0.0
M,0.0,0.0,0.0,0.0
M,0.0,0.0,0.0,0.0
M,0.0,0.0,0.0,0.0
M,0.0,0.0,0.0,0.0
M,0.0,0.0,0.0,0.0
M,0.0378418,0.0,0.0,0.0378418
M,0.0,0.0,0.0,0.0
M,0.0,0.0,0.0,0.0
M,0.0,0.0,0.0,0.0
M,0.0,0.0,0.0,0.0
M,0.0,0.0,0.0,0.0
M,0.0,0.0,0.0,0.0
M,0.0,0.0,0.0,0.0
M,0.0,0.0,0.0,0.0
M,0.0,0.0,0.0,0.0
M,0.0,0.0,0.0,0.0
M,0.0,0.0,0.0,0.0
M,0.0,0.0,0.0,0.0
M,0.0,0.0,0.0,0.0
M,0.0,0.0,0.0,0.0
M,0.0,0.0,0.0,0.0
M,0.0,0.0,0.0,0.0
M,0.0,0.0,0.0,0.0
M,0.109862,0.0,0.0,0.109862
M,-0.0193896,0.0,0.0,-0.0193896
M,0.0,0.0,0.0,0.0
M,0.0,0.0,0.0,0.0
M,0.0,0.0,0.0,0.0
M,0.0,0.0,0.0,0.0
M,0.0,0.0,0.0,0.0
M,0.0,0.0,0.0,0.0
M,0.0,0.0,0.0,0.0
M,0.0,0.0,0.0,0.0
M,0.0,0.0,0.0,0.0
M,0.0,0.0,0.0,0.0
M,0.0,0.0,0.0,0.0
M,0.0,0.0,0.0,0.0
M,0.0,0.0,0.0,0.0
M,0.0,0.0,0.0,0.0
M,0.0,0.0,0.0,0.0
M,0.0,0.0,0.0,0.0
M,0.0,0.0,0.0,0.0
M,0.0,0.0,0.0,0.0
M,0.0,0.0,0.0,0.0
M,0.0,0.0,0.0,0.0
M,0.0,0.0,0.0,0.0
M,0.0,0.0,0.0,0.0
M,0.0,0.0,0.0,0.0
M,0.0364325,0.0,0.0,0.0364325
M,0.0231056,0.0,0.0,0.0231056
M,0.0,0.0,0.0,0.0
M,0.0,0.0,0.0,0.0
M,0.0,0.0,0.0,0.0
M,0.0,0.0,0.0,0.0
M,0.0,0.0,0.0,0.0
M,-0.0679486,0.0,0.0,-0.0679486
M,0.022072,0.0,0.0,0.022072
M,0.0,0.0,0.0,0.0
M,0.0,0.0,0.0,0.0
M,-0.0144762,0.0,0.0,-0.0144762
M,0.0,0.0,0.0,0.0
M,0.0,0.0,0.0,0.0
M,0.0,0.0,0.0,0.0
M,0.0,0.0,0.0,0.0
M,0.0,0.0,0.0,0.0
M,0.0,0.0,0.0,0.0
M,0.0,0.0,0.0,0.0
M,0.0,0.0,0.0,0.0
M,0.0,0.0,0.0,0.0
M,0.0,0.0,0.0,0.0
M,0.0511984,0.0,0.0,0.0511984
M,0.0,0.0,0.0,0.0
M,0.0,0.0,0.0,0.0
M,0.0,0.0,0.0,0.0
M,0.0,0.0,0.0,0.0
M,0.0,0.0,0.0,0.0
M,0.0,0.0,0.0,0.0
M,0.021995,0.0,0.0,0.021995
M,0.0,0.0,0.0,0.0
M,0.0,0.0,0.0,0.0
M,0.0,0.0,0.0,0.0
M,0.0,0.0,0.0,0.0
M,0.0618325,0.0,0.0,0.0618325
M,0.0,0.0,0.0,0.0
M,-0.0142636,0.0,0.0,-0.0142636
M,0.0,0.0,0.0,0.0
M,0.0,0.0,0.0,0.0
M,0.0,0.0,0.0,0.0
M,0.0,0.0,0.0,0.0
M,0.0,0.0,0.0,0.0
M,0.0,0.0,0.0,0.0
M,0.0,0.0,0.0,0.0
M,0.0140199,0.0,0.0,0.0140199
M,0.0,0.0,0.0,0.0
M,0.0,0.0,0.0,0.0
M,0.0,0.0,0.0,0.0
M,0.0,0.0,0.0,0.0
M,0.0,0.0,0.0,0.0
M,0.0,0.0,0.0,0.0
M,0.0,0.0,0.0,0.0
M,0.0,0.0,0.0,0.0
M,0.0,0.0,0.0,0.0
M,0.0,0.0,0.0,0.0
M,0.0,0.0,0.0,0.0
M,0.0,0.0,0.0,0.0
M,0.0,0.0,0.0,0.0
M,0.0356756,0.0,0.0,0.0356756
M,0.0,0.0,0.0,0.0
M,0.0,0.0,0.0,0.0
M,0.0,0.0,0.0,0.0
M,0.0,0.0,0.0,0.0
M,0.0,0.0,0.0,0.0
M,0.0,0.0,0.0,0.0
M,0.0649201,0.0,0.0,0.0649201
M,0.0,0.0,0.0,0.0
M,-0.0577208,0.0,0.0,-0.0577208
M,0.0,0.0,0.0,0.0
M,0.0,0.0,0.0,0.0
M,0.0,0.0,0.0,0.0
M,0.0160756,0.0,0.0,0.0160756
M,0.0,0.0,0.0,0.0
M,0.0,0.0,0.0,0.0
M,0.0254732,0.0,0.0,0.0254732
M,0.0,0.0,0.0,0.0
M,0.0,0.0,0.0,0.0
M,0.0,0.0,0.0,0.0
M,0.0,0.0,0.0,0.0
M,-0.0837758,0.0,0.0,-0.0837758
M,0.0,0.0,0.0,0.0
M,0.0,0.0,0.0,0.0
M,0.0,0.0,0.0,0.0
M,0.0,0.0,0.0,0.0
M,0.0,0.0,0.0,0.0
M,0.0,0.0,0.0,0.0
M,0.0,0.0,0.0,0.0
M,0.0,0.0,0.0,0.0
M,0.0,0.0,0.0,0.0
M,0.0216632,0.0,0.0,0.0216632
M,0.0,0.0,0.0,0.0
M,0.0,0.0,0.0,0.0
M,-0.0540874,0.0,0.0,-0.0540874
M,0.0,0.0,0.0,0.0
M,0.0,0.0,0.0,0.0
M,0.0,0.0,0.0,0.0
M,0.0,0.0,0.0,0.0
M,0.0,0.0,0.0,0.0
M,0.0,0.0,0.0,0.0
M,-0.074322,0.0,0.0,-0.074322
M,0.0,0.0,0.0,0.0
M,0.0,0.0,0.0,0.0
M,0.0,0.0,0.0,0.0
M,0.0,0.0,0.0,0.0
M,0.0,0.0,0.0,0.0
M,0.0,0.0,0.0,0.0
M,0.0,0.0,0.0,0.0
M,0.0,0.0,0.0,0.0
M,-0.0690085,0.0,0.0,-0.0690085
M,0.0,0.0215668,0.0215668,0.0215668
M,0.0,0.0,0.0,0.0
M,0.116716,0.0,0.0,0.116716
M,0.0,0.0,0.0,0.0
M,0.0,0.0,0.0,0.0
M,0.0,0.0,0.0,0.0
M,0.0,0.0,0.0,0.0
M,0.0,0.0,0.0,0.0
M,0.0,0.0,0.0,0.0
M,0.0,0.0,0.0,0.0
M,0.0,0.0215668,0.0215668,0.0215668
M,0.0,0.0,0.0,0.0
M,0.0,0.0,0.0,0.0
M,0.0,0.0,0.0,0.0
M,0.0,0.0,0.0,0.0
M,0.0,0.0,0.0,0.0
M,0.0,0.0,0.0,0.0
M,0.0,0.0,0.0,0.0
M,0.0,0.0,0.0,0.0
M,0.0,0.0,0.0,0.0
M,0.0,0.0,0.0,0.0
M,0.0,0.0,0.0,0.0
M,0.0,0.0,0.0,0.0
M,-0.0157382,0.0,0.0,-0.0157382
M,0.0,0.0,0.0,0.0
M,0.0,0.0,0.0,0.0
M,0.0,0.0,0.0,0.0
M,0.0,0.0,0.0,0.0
M,0.0,0.0,0.0,0.0
M,-0.0202949,0.0,0.0,-0.0202949
M,0.0,0.0,0.0,0.0
M,0.0,0.0,0.0,0.0
M,0.0,0.0,0.0,0.0
M,0.0,0.0,0.0,0.0
M,0.0,0.0,0.0,0.0
M,0.0,0.0,0.0,0.0
M,0.0940731,0.0,0.0,0.0940731
M,-0.0207139,0.0,0.0,-0.0207139
M,0.0,0.0,0.0,0.0
M,0.0,0.0,0.0,0.0
M,0.0112295,0.0,0.0,0.0112295
M,0.0,0.0,0.0,0.0
M,0.0486085,0.0,0.0,0.0486085
M,0.0,0.0,0.0,0.0
M,0.0,0.0,0.0,0.0
M,0.0,0.0,0.0,0.0
M,0.0,0.0,0.0,0.0
M,0.0,0.0,0.0,0.0
M,-0.0410421,0.0,0.0,-0.0410421
M,0.0263229,0.0,0.0,0.0263229
M,0.0,0.0,0.0,0.0
M,0.0,0.0,0.0,0.0
M,0.0,0.0,0.0,0.0
M,0.0,0.0,0.0,0.0
M,0.0,0.0,0.0,0.0
M,0.0,0.0,0.0,0.0
M,0.0,0.0,0.0,0.0
M,0.0,0.0,0.0,0.0
M,0.0,0.0,0.0,0.0
M,0.0384088,0.0,0.0,0.0384088
M,0.0,0.0,0.0,0.0
M,0.0,0.0,0.0,0.0
M,0.116675,0.0,0.0,0.116675
M,0.059645,0.0,0.0,0.059645
M,0.0,0.0,0.0,0.0
M,0.0,0.0,0.0,0.0
M,0.0,0.0,0.0,0.0
M,0.0499608,0.0,0.0,0.0499608
M,-0.0220822,0.0,0.0,-0.0220822
M,0.0,0.0,0.0,0.0
M,0.00685385,0.0,0.0,0.00685385
M,0.0,0.0,0.0,0.0
M,0.0,0.0,0.0,0.0
M,0.0,0.0,0.0,0.0
M,0.0,0.0,0.0,0.0
M,0.0,0.0,0.0,0.0
M,0.0,0.0,0.0,0.0
M,0.0,0.0,0.0,0.0
M,0.0,0.0,0.0,0.0
M,0.0,0.0,0.0,0.0
M,0.0,0.0,0.0,0.0
M,0.0,0.0,0.0,0.0
M,0.0,0.0,0.0,0.0
M,0.0,0.0,0.0,0.0
M,0.0,0.0,0.0,0.0
M,0.0,0.0,0.0,0.0
M,0.137494,0.0,0.0,0.137494
M,0.0,0.0,0.0,0.0
M,0.0,0.0,0.0,0.0
M,0.0,0.0,0.0,0.0
M,0.0,0.0,0.0,0.0
M,0.0421575,0.0,0.0,0.0421575
M,0.0478528,0.0,0.0,0.0478528
M,0.0,0.0,0.0,0.0
M,0.0,0.0,0.0,0.0
M,0.0,0.0,0.0,0.0
M,0.0,0.0,0.0,0.0
M,0.0,0.0,0.0,0.0
M,0.0593982,0.0,0.0,0.0593982
M,0.0,0.0,0.0,0.0
M,0.0,0.0,0.0,0.0
M,0.0,0.0,0.0,0.0
M,0.0,0.0,0.0,0.0
M,0.0,0.0,0.0,0.0
M,0.0,0.0,0.0,0.0
M,0.0,0.0,0.0,0.0
M,0.0,0.0,0.0,0.0
M,0.0,0.0,0.0,0.0
M,0.0,0.0,0.0,0.0
M,0.0,0.0,0.0,0.0
M,0.0,0.0,0.0,0.0
M,0.0,0.0,0.0,0.0
M,-0.0276315,0.0,0.0,-0.0276315
M,0.0,0.0,0.0,0.0
M,0.0,0.0,0.0,0.0
M,0.0,0.0,0.0,0.0
M,0.0,0.0,0.0,0.0
M,0.0,0.0,0.0,0.0
M,0.0,0.0,0.0,0.0
M,0.0,0.0,0.0,0.0
M,0.0,0.0,0.0,0.0
M,0.0,0.0,0.0,0.0
M,0.0,0.0,0.0,0.0
M,-0.0336783,0.0,0.0,-0.0336783
M,0.0,0.0,0.0,0.0
M,0.0,0.0,0.0,0.0
M,0.0,0.0,0.0,0.0
M,0.0,0.0,0.0,0.0
M,0.0,0.0,0.0,0.0
M,0.0,0.0,0.0,0.0
M,0.0,0.0,0.0,0.0
M,0.0,0.0,0.0,0.0
M,0.0,0.0,0.0,0.0
M,0.0,0.0,0.0,0.0
M,-0.0319199,0.0,0.0,-0.0319199
M,0.0,0.0,0.0,0.0
M,0.0,0.0,0.0,0.0
M,0.0,0.0,0.0,0.0
M,0.0,0.0,0.0,0.0
M,0.0,0.0,0.0,0.0
M,0.0,0.0,0.0,0.0
M,0.0,0.0,0.0,0.0
M,0.0,0.0,0.0,0.0
M,0.0,0.0,0.0,0.0
M,0.0,0.0,0.0,0.0
M,0.0134426,0.0,0.0,0.0134426
M,0.0,0.0,0.0,0.0
M,0.0,0.0,0.0,0.0
M,0.0,0.0,0.0,0.0
M,0.0,0.0,0.0,0.0
M,0.0,0.0,0.0,0.0
M,0.0,0.0,0.0,0.0
M,0.0,0.0,0.0,0.0
M,0.0,0.0,0.0,0.0
M,0.0280521,0.0,0.0,0.0280521
M,0.0,0.0,0.0,0.0
M,0.0,0.0,0.0,0.0
M,-0.0540874,0.0,0.0,-0.0540874
M,0.0,0.0,0.0,0.0
M,0.0,0.0,0.0,0.0
M,0.00193278,0.0,0.0,0.00193278
M,-0.0165888,0.0,0.0,-0.0165888
M,0.0,0.0,0.0,0.0
M,0.0,0.0,0.0,0.0
M,-0.00977807,0.0,0.0,-0.00977807
M,0.0,0.0,0.0,0.0
M,0.0,0.0,0.0,0.0
M,0.0,0.0,0.0,0.0
M,0.0,0.0,0.0,0.0
M,0.0535885,0.0,0.0,0.0535885
M,0.0,0.0,0.0,0.0
M,0.0,0.0,0.0,0.0
M,0.0,0.0,0.0,0.0
M,0.0,0.0,0.0,0.0
M,0.0,0.0,0.0,0.0
M,0.0,0.0,0.0,0.0
M,0.0,0.0,0.0,0.0
M,-0.0139613,0.0,0.0,-0.0139613
M,-0.0213719,0.0,0.0,-0.0213719
M,0.0,0.0,0.0,0.0
M,0.0,0.0,0.0,0.0
M,0.0,0.0,0.0,0.0
M,0.0,0.0,0.0,0.0
M,0.0,0.0,0.0,0.0
M,0.0279457,0.0,0.0,0.0279457
M,0.0226796,0.0,0.0,0.0226796
M,0.0,0.0,0.0,0.0
M,0.0,0.0,0.0,0.0
M,0.0,0.0,0.0,0.0
M,0.0,0.0,0.0,0.0
M,0.0105022,0.0,0.0,0.0105022
M,0.0,0.0,0.0,0.0
M,-0.114433,0.0,0.0,-0.114433
M,0.0,0.0,0.0,0.0
M,0.0,0.0,0.0,0.0
M,0.0,0.0,0.0,0.0
M,0.0,0.0,0.0,0.0
M,0.0,0.0,0.0,0.0
M,0.0,0.0,0.0,0.0
M,0.0,0.0,0.0,0.0
M,0.0,0.0,0.0,0.0
M,0.0,0.0,0.0,0.0
M,0.0,0.0,0.0,0.0
M,0.045867,0.0,0.0,0.045867
M,0.0,0.0,0.0,0.0
M,0.0403993,0.0,0.0,0.0403993
M,0.0,0.0,0.0,0.0
M,0.0,0.0,0.0,0.0
M,0.0216632,0.0,0.0,0.0216632
M,-0.0276315,0.0,0.0,-0.0276315
M,0.0,0.0,0.0,0.0
M,0.0,0.0,0.0,0.0
M,-0.0381381,0.0,0.0,-0.0381381
M,-0.0116618,0.0,0.0,-0.0116618
M,0.0,0.0,0.0,0.0
M,0.0,0.0,0.0,0.0
M,0.0,0.0,0.0,0.0
M,0.0,0.0,0.0,0.0
M,0.0,0.0,0.0,0.0
M,-0.0534657,0.0,0.0,-0.0534657
M,0.0,0.0,0.0,0.0
M,0.0,0.0,0.0,0.0
M,0.0,0.0,0.0,0.0
M,0.0,0.0,0.0,0.0
M,-0.0355439,0.0,0.0,-0.0355439
M,-0.0159743,0.0,0.0,-0.0159743
M,0.0,0.0,0.0,0.0
M,0.0,0.0,0.0,0.0
M,0.0595995,0.0,0.0,0.0595995
M,0.0,0.0,0.0,0.0
M,-0.0275079,0.0,0.0,-0.0275079
M,0.0,0.0,0.0,0.0
M,0.0,0.0,0.0,0.0
M,0.0,0.0,0.0,0.0
M,0.0,0.0,0.0,0.0
M,0.0,0.0,0.0,0.0
M,0.0,0.0,0.0,0.0
M,0.0,0.0,0.0,0.0
M,0.0,0.0,0.0,0.0
M,0.0,0.0,0.0,0.0
M,0.0,0.0,0.0,0.0
M,0.0,0.0,0.0,0.0
M,0.0,0.0,0.0,0.0
M,0.0243426,0.0,0.0,0.0243426
M,0.0,0.0,0.0,0.0
M,0.0,0.0,0.0,0.0
M,-0.0410421,0.0,0.0,-0.0410421
M,0.0,0.0,0.0,0.0
M,0.0,0.0,0.0,0.0
M,0.0,0.0,0.0,0.0
M,0.0,0.0,0.0,0.0
M,0.0,0.0,0.0,0.0
M,0.0,0.0,0.0,0.0
M,0.0,0.0,0.0,0.0
M,0.0,0.0,0.0,0.0
M,0.0,0.0,0.0,0.0
M,0.0,0.0,0.0,0.0
M,0.0,0.0,0.0,0.0
M,0.0,0.0,0.0,0.0
M,0.0,0.0,0.0,0.0
M,0.0,0.0,0.0,0.0
M,0.0,0.0,0.0,0.0
M,0.0,0.0,0.0,0.0
M,0.0,0.0,0.0,0.0
M,0.0,0.0,0.0,0.0
M,0.0,0.0,0.0,0.0
M,0.0,0.0,0.0,0.0
M,0.0,0.0,0.0,0.0
M,0.0,0.0,0.0,0.0
M,0.0,0.0,0.0,0.0
M,0.0,0.0,0.0,0.0
M,0.0,0.0,0.0,0.0
M,0.0,0.0,0.0,0.0
M,0.0,0.0,0.0,0.0
M,0.0,0.0,0.0,0.0
M,0.0,0.0,0.0,0.0
M,0.0,0.0,0.0,0.0
M,0.0,0.0,0.0,0.0
M,-0.0452624,0.0,0.0,-0.0452624
M,-0.0677003,0.0,0.0,-0.0677003
M,0.0146281,0.0,0.0,0.0146281
M,0.0,0.0,0.0,0.0
M,0.0,0.0,0.0,0.0
M,0.0,0.0,0.0,0.0
M,0.0,0.0,0.0,0.0
M,0.0,0.0,0.0,0.0
M,0.0,0.0,0.0,0.0
M,0.0,0.0,0.0,0.0
M,0.00298619,0.0,0.0,0.00298619
M,0.0,0.0,0.0,0.0
M,-0.00674204,0.0,0.0,-0.00674204
M,0.0,0.0,0.0,0.0
M,0.0,0.0,0.0,0.0
M,0.0,0.0,0.0,0.0
M,0.0,0.0,0.0,0.0
M,0.016485,0.0,0.0,0.016485
M,0.0,0.0,0.0,0.0
M,0.0,0.0,0.0,0.0
M,0.0,0.0,0.0,0.0
M,0.0,0.0,0.0,0.0
M,0.0,0.0,0.0,0.0
M,0.0,0.0,0.0,0.0
M,0.0,0.0,0.0,0.0
M,0.0,0.0,0.0,0.0
M,0.0,0.0,0.0,0.0
M,0.0,0.0,0.0,0.0
M,0.0,0.0,0.0,0.0
M,0.0,0.0,0.0,0.0
M,0.0,0.0,0.0,0.0
M,0.0,0.0,0.0,0.0
M,0.0,0.0,0.0,0.0
M,0.0,0.0,0.0,0.0
M,0.0,0.0,0.0,0.0
M,0.0,0.0,0.0,0.0
M,0.0,0.0,0.0,0.0
M,0.0,0.0,0.0,0.0
M,0.0867404,0.0,0.0,0.0867404
M,0.0991489,0.0,0.0,0.0991489
M,0.0,0.0,0.0,0.0
M,0.0,0.0,0.0,0.0
M,0.0,0.0,0.0,0.0
M,0.0,0.0,0.0,0.0
M,0.0,0.0,0.0,0.0
M,0.0,0.0,0.0,0.0
M,0.0,0.0,0.0,0.0
M,0.0,0.0,0.0,0.0
M,0.0285635,0.0,0.0,0.0285635
M,0.0,0.0,0.0,0.0
M,0.0,0.0,0.0,0.0
M,0.0,0.0,0.0,0.0
M,0.0,0.0,0.0,0.0
M,0.0,0.0,0.0,0.0
M,0.0,0.0,0.0,0.0
M,0.0,0.0,0.0,0.0
M,0.0,0.0,0.0,0.0
M,0.0,0.0,0.0,0.0
M,0.0306063,0.0,0.0,0.0306063
M,0.0294895,0.0,0.0,0.0294895
M,0.0,0.0,0.0,0.0
M,0.0,0.0,0.0,0.0
M,0.0,0.0,0.0,0.0
M,0.0,0.0,0.0,0.0
M,0.0,0.0,0.0,0.0
M,0.0,0.0,0.0,0.0
M,-0.1255,0.0,0.0,-0.1255
M,0.0,0.0,0.0,0.0
M,0.0,0.0,0.0,0.0
M,0.0,0.0,0.0,0.0
M,0.0,0.0,0.0,0.0
M,0.0,0.0,0.0,0.0
M,0.0,0.0,0.0,0.0
M,0.0,0.0,0.0,0.0
M,0.0,0.0,0.0,0.0
M,0.0,0.0,0.0,0.0
M,0.0,0.0,0.0,0.0
M,0.0509809,0.0,0.0,0.0509809
M,0.0,0.0,0.0,0.0
M,0.0,0.0,0.0,0.0
M,0.0,0.0,0.0,0.0
M,0.0,0.0,0.0,0.0
M,0.0,0.0,0.0,0.0
M,0.0,0.0,0.0,0.0
M,0.0,0.0,0.0,0.0
M,0.00618917,0.0,0.0,0.00618917
M,0.0,0.0,0.0,0.0
M,0.079683,0.0,0.0,0.079683
M,0.0,0.0,0.0,0.0
M,0.0,0.0,0.0,0.0
M,0.0,0.0,0.0,0.0
M,0.0,0.0,0.0,0.0
M,0.0,0.0,0.0,0.0
M,0.0,0.0,0.0,0.0
M,0.0,0.0,0.0,0.0
M,0.0,0.0,0.0,0.0
M,0.0,0.0,0.0,0.0
M,0.0,0.0,0.0,0.0
M,0.0,0.0,0.0,0.0
M,0.0,0.0,0.0,0.0
M,-0.0507938,0.0,0.0,-0.0507938
M,0.0,0.0,0.0,0.0
M,0.0,0.0,0.0,0.0
M,0.0,0.0,0.0,0.0
M,0.0386926,0.0,0.0,0.0386926
M,0.0,0.0,0.0,0.0
M,0.0,0.0,0.0,0.0
M,0.0,0.0,0.0,0.0
M,0.0,0.0,0.0,0.0
M,0.0,0.0,0.0,0.0
M,0.0,0.0,0.0,0.0
M,0.0,0.0215668,0.0215668,0.0215668
M,0.0,0.0,0.0,0.0
M,0.0,0.0,0.0,0.0
M,0.0,0.0,0.0,0.0
M,-0.0530414,0.0,0.0,-0.0530414
M,0.0,0.0,0.0,0.0
M,0.0,0.0,0.0,0.0
M,0.0,0.0,0.0,0.0
M,0.0,0.0,0.0,0.0
M,0.0,0.0,0.0,0.0
M,0.0,0.0215668,0.0215668,0.0215668
M,0.0,0.0,0.0,0.0
M,0.0,0.0,0.0,0.0
M,0.0,0.0,0.0,0.0
M,0.0,0.0,0.0,0.0
M,0.0,0.0,0.0,0.0
M,0.0,0.0,0.0,0.0
M,0.0,0.0,0.0,0.0
M,0.0,0.0,0.0,0.0
M,0.0,0.0,0.0,0.0
M,0.0,0.0,0.0,0.0
M,0.0,0.0,0.0,0.0
M,-0.00455371,0.0,0.0,-0.00455371
M,0.0,0.0,0.0,0.0
M,-0.0876389,0.0,0.0,-0.0876389
M,0.0,0.0,0.0,0.0
M,0.0,0.0,0.0,0.0
M,0.0,0.0,0.0,0.0
M,0.0,0.0,0.0,0.0
M,0.0,0.0,0.0,0.0
M,0.0,0.0,0.0,0.0
M,0.0,0.0,0.0,0.0
M,0.0,0.0,0.0,0.0
M,0.0,0.0,0.0,0.0
M,0.0,0.0,0.0,0.0
M,0.0,0.0,0.0,0.0
M,0.0,0.0,0.0,0.0
M,0.0,0.0,0.0,0.0
M,0.0,0.0,0.0,0.0
M,0.0,0.0,0.0,0.0
M,0.0,0.0,0.0,0.0
M,0.0,0.0,0.0,0.0
M,0.0,0.0,0.0,0.0
M,0.0,0.0,0.0,0.0
M,0.0,0.0,0.0,0.0
M,0.0,0.0,0.0,0.0
M,0.0,0.0,0.0,0.0
M,0.0,0.0,0.0,0.0
M,0.0,0.0,0.0,0.0
M,0.0,0.0,0.0,0.0
M,0.0,0.0,0.0,0.0
M,-0.031755,0.0,0.0,-0.031755
M,-0.0404247,0.0,0.0,-0.0404247
M,0.0,0.0,0.0,0.0
M,0.0,0.0,0.0,0.0
M,0.0,0.0,0.0,0.0
M,0.0,0.0,0.0,0.0
M,0.0471255,0.0,0.0,0.0471255
M,0.0,0.0,0.0,0.0
M,0.024099,0.0,0.0,0.024099
M,0.0,0.0,0.0,0.0
M,0.00561411,0.0,0.0,0.00561411
M,0.0,0.0,0.0,0.0
M,0.0,0.0,0.0,0.0
M,0.0,0.0,0.0,0.0
M,0.0,0.0,0.0,0.0
M,0.0,0.0,0.0,0.0
M,0.0,0.0,0.0,0.0
M,0.0,0.0,0.0,0.0
M,0.0,0.0,0.0,0.0
M,0.0,0.0,0.0,0.0
M,0.0,0.0,0.0,0.0
M,0.0185406,0.0,0.0,0.0185406
M,0.0,0.0,0.0,0.0
M,0.0,0.0,0.0,0.0
M,0.0,0.0,0.0,0.0
M,0.0,0.0,0.0,0.0
M,0.0,0.0,0.0,0.0
M,0.0,0.0,0.0,0.0
M,0.0,0.0,0.0,0.0
M,0.0,0.0,0.0,0.0
M,0.0,0.0,0.0,0.0
M,0.0,0.0,0.0,0.0
M,0.0,0.0,0.0,0.0
M,0.0,0.0,0.0,0.0
M,0.0,0.0,0.0,0.0
M,-0.0876389,0.0,0.0,-0.0876389
M,0.0,0.0,0.0,0.0
M,0.0,0.0,0.0,0.0
M,0.0,0.0,0.0,0.0
M,0.0,0.0,0.0,0.0
M,0.0403993,0.0,0.0,0.0403993
M,-0.100721,0.0,0.0,-0.100721
M,0.0618325,0.0,0.0,0.0618325
M,-0.00138093,0.0,0.0,-0.00138093
M,0.0,0.0,0.0,0.0
M,0.0,0.0,0.0,0.0
M,0.0,0.0,0.0,0.0
M,0.0,0.0,0.0,0.0
M,0.0,0.0,0.0,0.0
M,0.0534366,0.0,0.0,0.0534366
M,0.0,0.0,0.0,0.0
M,0.0965436,0.0,0.0,0.0965436
M,0.0,0.0,0.0,0.0
M,0.0216632,0.0,0.0,0.0216632
M,0.0,0.0,0.0,0.0
M,0.0,0.0,0.0,0.0
M,0.0,0.0,0.0,0.0
M,0.0,0.0,0.0,0.0
M,0.0,0.0,0.0,0.0
M,0.0,0.0,0.0,0.0
M,0.0,0.0,0.0,0.0
M,0.0,0.0,0.0,0.0
M,-0.00708439,0.0,0.0,-0.00708439
M,0.0,0.0,0.0,0.0
M,0.0,0.0,0.0,0.0
M,0.0,0.0,0.0,0.0
M,0.0,0.0,0.0,0.0
M,0.0,0.0,0.0,0.0
M,0.0,0.0,0.0,0.0
M,0.0,0.0,0.0,0.0
M,-0.00391144,0.0,0.0,-0.00391144
M,0.0408306,0.0,0.0,0.0408306
M,-0.054451,0.0,0.0,-0.054451
M,0.0,0.0,0.0,0.0
M,0.0,0.0,0.0,0.0
M,0.0,0.0,0.0,0.0
M,0.0,0.0,0.0,0.0
M,0.0,0.0,0.0,0.0
M,-0.0149004,0.0,0.0,-0.0149004
M,0.0,0.0,0.0,0.0
M,0.0,0.0,0.0,0.0
M,0.0,0.0,0.0,0.0
M,0.0,0.0,0.0,0.0
M,0.0,0.0,0.0,0.0
M,0.0,0.0,0.0,0.0
M,0.0,0.0,0.0,0.0
M,0.0,0.0,0.0,0.0
M,0.0,0.0,0.0,0.0
M,0.0,0.0,0.0,0.0
M,0.0,0.0,0.0,0.0
M,0.0,0.0,0.0,0.0
M,0.0,0.0,0.0,0.0
M,0.0338545,0.0,0.0,0.0338545
M,0.0316357,0.0,0.0,0.0316357
M,0.0,0.0,0.0,0.0
M,0.0,0.0,0.0,0.0
M,0.0,0.0,0.0,0.0
M,0.0,0.0,0.0,0.0
M,0.0,0.0,0.0,0.0
M,0.0,0.0,0.0,0.0
M,0.0,0.0,0.0,0.0
M,0.0,0.0,0.0,0.0
M,0.0,0.0,0.0,0.0
M,0.0,0.0,0.0,0.0
M,0.0,0.0,0.0,0.0
M,0.0,0.0,0.0,0.0
M,0.0,0.0,0.0,0.0
M,0.0,0.0,0.0,0.0
M,0.0,0.0,0.0,0.0
M,0.0,0.0,0.0,0.0
M,0.0,0.0,0.0,0.0
M,0.0,0.0,0.0,0.0
M,0.0,0.0,0.0,0.0
M,0.0765942,0.0,0.0,0.0765942
M,-0.00966292,0.0,0.0,-0.00966292
M,0.0,0.0,0.0,0.0
M,0.0,0.0,0.0,0.0
M,0.0,0.0,0.0,0.0
M,0.0,0.0,0.0,0.0
M,0.0,0.0,0.0,0.0
M,0.0,0.0,0.0,0.0
M,-0.05085,0.0,0.0,-0.05085
M,0.0,0.0,0.0,0.0
M,-0.0260034,0.0,0.0,-0.0260034
M,0.0,0.0,0.0,0.0
M,0.0,0.0,0.0,0.0
M,0.0,0.0,0.0,0.0
M,0.0,0.0,0.0,0.0
M,0.0,0.0,0.0,0.0
M,0.0280521,0.0,0.0,0.0280521
M,0.0,0.0,0.0,0.0
M,0.0,0.0,0.0,0.0
M,0.0,0.0,0.0,0.0
M,0.0,0.0,0.0,0.0
M,0.0,0.0,0.0,0.0
M,0.0,0.0,0.0,0.0
M,0.0,0.0,0.0,0.0
M,0.0,0.0,0.0,0.0
M,0.0,0.0,0.0,0.0
M,0.0,0.0,0.0,0.0
M,0.0,0.0,0.0,0.0
M,0.0,0.0,0.0,0.0
M,0.0,0.0,0.0,0.0
M,0.0219917,0.0,0.0,0.0219917
M,0.0,0.0,0.0,0.0
M,0.0,0.0,0.0,0.0
M,0.0,0.0,0.0,0.0
M,0.0,0.0,0.0,0.0
M,0.0,0.0,0.0,0.0
M,0.0,0.0,0.0,0.0
M,0.0,0.0,0.0,0.0
M,0.0,0.0,0.0,0.0
M,0.0,0.0,0.0,0.0
M,-0.0410421,0.0,0.0,-0.0410421
M,0.0,0.0,0.0,0.0
M,0.0,0.0,0.0,0.0
M,-0.0577208,0.0,0.0,-0.0577208
M,0.0189276,0.0,0.0,0.0189276
M,0.0,0.0,0.0,0.0
M,0.0,0.0,0.0,0.0
M,0.0,0.0,0.0,0.0
M,0.0,0.0,0.0,0.0
M,0.0416327,0.0,0.0,0.0416327
M,0.0559164,0.0,0.0,0.0559164
M,-0.0410421,0.0,0.0,-0.0410421
M,0.0,0.0,0.0,0.0
M,0.0352619,0.0,0.0,0.0352619
M,-0.0677003,0.0,0.0,-0.0677003
M,0.0400389,0.0,0.0,0.0400389
M,0.0,0.0,0.0,0.0
M,0.0,0.0,0.0,0.0
M,0.0,0.0,0.0,0.0
M,0.0,0.0,0.0,0.0
M,0.0,0.0,0.0,0.0
M,0.0,0.0,0.0,0.0
M,-0.00991015,0.0,0.0,-0.00991015
M,0.0,0.0,0.0,0.0
M,0.0,0.0,0.0,0.0
M,0.0,0.0,0.0,0.0
M,0.0,0.0,0.0,0.0
M,0.0,0.0,0.0,0.0
M,0.0,0.0,0.0,0.0
M,0.0,0.0,0.0,0.0
M,0.0,0.0,0.0,0.0
M,0.0,0.0,0.0,0.0
M,0.0,0.0,0.0,0.0
M,0.0,0.0,0.0,0.0
M,-0.0521156,0.0,0.0,-0.0521156
M,0.0,0.0,0.0,0.0
M,0.0,0.0,0.0,0.0
M,0.0,0.0,0.0,0.0
M,0.0575896,0.0,0.0,0.0575896
M,0.0823039,0.0,0.0,0.0823039
M,0.0,0.0,0.0,0.0
M,0.0,0.0,0.0,0.0
M,-0.0360611,0.0,0.0,-0.0360611
M,0.0,0.0,0.0,0.0
M,0.0,0.0,0.0,0.0
M,0.0,0.0,0.0,0.0
M,0.0,0.0,0.0,0.0
M,0.0309922,0.0,0.0,0.0309922
M,0.0,0.0,0.0,0.0
M,0.0,0.0,0.0,0.0
M,0.0,0.0,0.0,0.0
M,0.0,0.0,0.0,0.0
M,0.0,0.0,0.0,0.0
M,0.0,0.0,0.0,0.0
M,0.00618917,0.0,0.0,0.00618917
M,0.0,0.0,0.0,0.0
M,0.0,0.0,0.0,0.0
M,0.0,0.0,0.0,0.0
M,0.0,0.0,0.0,0.0
M,0.0983299,0.0,0.0,0.0983299
M,0.0,0.0,0.0,0.0
M,0.0,0.0,0.0,0.0
M,0.0,0.0,0.0,0.0
M,0.0,0.0,0.0,0.0
M,0.0,0.0,0.0,0.0
M,0.0,0.0,0.0,0.0
M,0.0,0.0,0.0,0.0
M,0.0149505,0.0,0.0,0.0149505
M,-0.0415297,0.0,0.0,-0.0415297
M,0.0,0.0,0.0,0.0
M,0.0,0.0,0.0,0.0
M,0.0,0.0,0.0,0.0
M,0.0,0.0,0.0,0.0
M,-0.0371361,0.0,0.0,-0.0371361
M,0.0,0.0,0.0,0.0
M,0.0,0.0,0.0,0.0
M,0.0,0.0,0.0,0.0
M,0.0,0.0,0.0,0.0
M,0.0,0.0,0.0,0.0
M,0.0,0.0,0.0,0.0
M,-0.027385,0.0,0.0,-0.027385
M,0.0,0.0,0.0,0.0
M,0.0,0.0,0.0,0.0
M,0.0,0.0,0.0,0.0
M,0.0,0.0,0.0,0.0
M,0.0,0.0,0.0,0.0
M,0.0,0.0,0.0,0.0
M,0.0,0.0,0.0,0.0
M,-0.0876389,0.0,0.0,-0.0876389
M,0.0,0.0,0.0,0.0
M,0.0,0.0,0.0,0.0
M,0.0,0.0,0.0,0.0
M,0.0,0.0,0.0,0.0
M,0.0,0.0,0.0,0.0
M,0.0,0.0,0.0,0.0
M,0.0,0.0,0.0,0.0
M,0.0,0.0,0.0,0.0
M,0.0,0.0,0.0,0.0
M,0.0,0.0,0.0,0.0
M,0.0,0.0,0.0,0.0
M,-0.0276315,0.0,0.0,-0.0276315
M,0.0,0.0,0.0,0.0
M,0.00618917,0.0,0.0,0.00618917
M,0.0,0.0,0.0,0.0
M,0.0,0.0,0.0,0.0
M,0.0,0.0,0.0,0.0
M,0.0,0.0,0.0,0.0
M,0.0,0.0,0.0,0.0
M,0.0,0.0,0.0,0.0
M,0.0,0.0,0.0,0.0
M,0.0491029,0.0,0.0,0.0491029
M,0.0,0.0,0.0,0.0
M,0.0,0.0,0.0,0.0
M,0.00427796,0.0,0.0,0.00427796
M,0.0,0.0,0.0,0.0
M,-0.00823402,0.0,0.0,-0.00823402
M,0.0,0.0,0.0,0.0
M,0.0972122,0.0,0.0,0.0972122
M,0.0,0.0,0.0,0.0
M,0.0,0.0,0.0,0.0
M,0.0,0.0,0.0,0.0
M,0.0,0.0,0.0,0.0
M,0.0,0.0,0.0,0.0
M,0.0,0.0,0.0,0.0
M,0.0,0.0,0.0,0.0
M,0.0,0.0,0.0,0.0
M,0.0,0.0,0.0,0.0
M,0.0,0.0,0.0,0.0
M,0.0,0.0,0.0,0.0
M,0.0294643,0.0,0.0,0.0294643
M,0.0,0.0,0.0,0.0
M,0.0859571,0.0,0.0,0.0859571
M,0.0567833,0.0,0.0,0.0567833
M,-0.0131667,0.0,0.0,-0.0131667
M,0.0,0.0,0.0,0.0
M,0.0,0.0,0.0,0.0
M,0.0,0.0,0.0,0.0
M,0.0,0.0,0.0,0.0
M,0.0,0.0,0.0,0.0
M,0.0,0.0,0.0,0.0
M,0.00603842,0.0,0.0,0.00603842
M,0.0,0.0,0.0,0.0
M,-0.00805882,0.0,0.0,-0.00805882
M,0.0161253,0.0,0.0,0.0161253
M,0.0,0.0,0.0,0.0
M,0.0,0.0,0.0,0.0
M,0.00181137,0.0,0.0,0.00181137
M,0.0,0.0,0.0,0.0
M,0.0,0.0,0.0,0.0
M,0.0,0.0,0.0,0.0
M,0.0,0.0,0.0,0.0
M,0.0,0.0,0.0,0.0
M,-0.0221247,0.0,0.0,-0.0221247
M,0.0,0.0,0.0,0.0
M,0.0,0.0,0.0,0.0
M,0.0,0.0,0.0,0.0
M,0.0,0.0,0.0,0.0
M,0.0,0.0,0.0,0.0
M,0.0,0.0,0.0,0.0
M,0.0306063,0.0,0.0,0.0306063
M,0.122568,0.0,0.0,0.122568
M,0.0,0.0,0.0,0.0
M,0.0,0.0,0.0,0.0
M,0.0,0.0,0.0,0.0
M,0.0,0.0,0.0,0.0
M,0.0,0.0,0.0,0.0
M,0.0,0.0,0.0,0.0
M,0.0,0.0,0.0,0.0
M,0.0,0.0,0.0,0.0
M,0.0,0.0,0.0,0.0
M,0.0,0.0,0.0,0.0
M,0.0,0.0,0.0,0.0
M,0.0,0.0,0.0,0.0
M,0.0,0.0,0.0,0.0
M,0.0,0.0,0.0,0.0
M,0.0,0.0,0.0,0.0
M,0.0,0.0,0.0,0.0
M,0.0,0.0,0.0,0.0
M,0.0,0.0,0.0,0.0
M,-0.112588,0.0,0.0,-0.112588
M,0.0,0.0,0.0,0.0
M,0.0,0.0,0.0,0.0
M,0.0,0.0,0.0,0.0
M,-0.000973593,0.0,0.0,-0.000973593
M,0.0,0.0,0.0,0.0
M,0.0,0.0,0.0,0.0
M,0.0,0.0,0.0,0.0
M,0.0,0.0,0.0,0.0
M,0.0,0.0,0.0,0.0
M,0.0,0.0,0.0,0.0
M,0.0,0.0,0.0,0.0
M,0.0,0.0,0.0,0.0
M,0.0,0.0,0.0,0.0
M,-0.00732813,0.0,0.0,-0.00732813
M,0.0,0.0,0.0,0.0
M,0.0,0.0,0.0,0.0
M,0.0,0.0,0.0,0.0
M,0.0,0.0,0.0,0.0
M,0.0,0.0,0.0,0.0
M,0.0,0.0,0.0,0.0
M,0.0,0.0,0.0,0.0
M,0.0,0.0,0.0,0.0
M,0.0,0.0,0.0,0.0
M,0.0,0.0,0.0,0.0
M,0.0195579,0.0,0.0,0.0195579
M,-0.0385669,0.0,0.0,-0.0385669
M,0.0,0.0,0.0,0.0
M,0.0,0.0,0.0,0.0
M,0.0,0.0,0.0,0.0
M,0.0,0.0,0.0,0.0
M,0.0,0.0,0.0,0.0
M,0.0,0.0,0.0,0.0
M,0.0,0.0,0.0,0.0
M,0.0,0.0,0.0,0.0
M,-0.0304314,0.0,0.0,-0.0304314
M,0.0,0.0,0.0,0.0
M,0.0,0.0,0.0,0.0
M,0.0,0.0,0.0,0.0
M,0.0,0.0,0.0,0.0
M,0.0,0.0,0.0,0.0
M,0.0,0.0,0.0,0.0
M,0.0,0.0,0.0,0.0
M,0.0,0.0,0.0,0.0
M,0.0223331,0.0,0.0,0.0223331
M,-0.0576752,0.0,0.0,-0.0576752
M,0.0,0.0,0.0,0.0
M,0.0,0.0,0.0,0.0
M,0.0,0.0,0.0,0.0
M,0.0,0.0,0.0,0.0
M,0.0,0.0,0.0,0.0
M,0.0,0.0,0.0,0.0
M,0.0,0.0,0.0,0.0
M,0.0,0.0,0.0,0.0
M,0.0,0.0,0.0,0.0
M,0.0,0.0,0.0,0.0
M,0.0,0.0,0.0,0.0
M,0.0,0.0,0.0,0.0
M,0.0,0.0,0.0,0.0
M,0.0,0.0,0.0,0.0
M,0.0,0.0,0.0,0.0
M,0.0,0.0,0.0,0.0
M,0.0,0.0,0.0,0.0
M,0.0184459,0.0,0.0,0.0184459
M,0.0,0.0,0.0,0.0
M,0.0,0.0,0.0,0.0
M,0.0,0.0,0.0,0.0
M,0.0,0.0,0.0,0.0
M,0.0,0.0,0.0,0.0
M,0.0,0.0,0.0,0.0
M,0.0,0.0,0.0,0.0
M,0.0,0.0,0.0,0.0
M,0.0,0.0,0.0,0.0
M,0.0,0.0,0.0,0.0
M,0.0,0.0,0.0,0.0
M,0.0,0.0,0.0,0.0
M,0.0,0.0,0.0,0.0
M,0.0545339,0.0,0.0,0.0545339
M,0.0,0.0,0.0,0.0
M,0.0,0.0,0.0,0.0
M,0.0,0.0,0.0,0.0
M,0.0,0.0,0.0,0.0
M,0.0,0.0,0.0,0.0
M,-0.0677003,0.0,0.0,-0.0677003
M,0.0,0.0,0.0,0.0
M,0.0,0.0,0.0,0.0
M,0.0,0.0,0.0,0.0
M,-0.050822,0.0,0.0,-0.050822
M,0.0,0.0,0.0,0.0
M,0.0,0.0,0.0,0.0
M,0.0,0.0,0.0,0.0
M,0.0,0.0,0.0,0.0
M,0.0,0.0,0.0,0.0
M,0.0,0.0,0.0,0.0
M,0.0,0.0,0.0,0.0
M,0.0,0.0,0.0,0.0
M,0.0,0.0,0.0,0.0
M,0.0,0.0,0.0,0.0
M,0.0,0.0,0.0,0.0
M,0.0,0.0,0.0,0.0
M,0.0,0.0,0.0,0.0
M,0.0302759,0.0,0.0,0.0302759
M,0.0486085,0.0,0.0,0.0486085
M,-0.024897,0.0,0.0,-0.024897
M,-0.0727596,0.0,0.0,-0.0727596
M,0.0,0.0,0.0,0.0
M,0.0764561,0.0,0.0,0.0764561
M,0.0,0.0,0.0,0.0
M,0.0,0.0,0.0,0.0
M,0.0,0.0,0.0,0.0
M,0.0,0.0,0.0,0.0
M,0.0,0.0,0.0,0.0
M,-0.000387933,0.0,0.0,-0.000387933
M,0.0149872,0.0,0.0,0.0149872
M,0.0,0.0,0.0,0.0
M,0.0,0.0,0.0,0.0
M,0.0,0.0,0.0,0.0
M,0.0,0.0,0.0,0.0
M,0.0,0.0,0.0,0.0
M,0.0,0.0,0.0,0.0
M,0.0,0.0,0.0,0.0
M,0.0,0.0,0.0,0.0
M,-0.0615481,0.0,0.0,-0.0615481
M,0.0,0.0,0.0,0.0
M,0.0518891,0.0,0.0,0.0518891
M,0.0,0.0,0.0,0.0
M,0.0,0.0,0.0,0.0
M,0.0,0.0,0.0,0.0
M,0.0,0.0,0.0,0.0
M,0.0478528,0.0,0.0,0.0478528
M,0.0,0.0,0.0,0.0
M,0.0,0.0,0.0,0.0
M,0.00183283,0.0,0.0,0.00183283
M,0.0,0.0,0.0,0.0
M,0.0,0.0,0.0,0.0
M,0.0215265,0.0,0.0,0.0215265
M,0.0,0.0,0.0,0.0
M,0.0,0.0,0.0,0.0
M,-0.0802389,0.0,0.0,-0.0802389
M,0.0,0.0,0.0,0.0
M,-0.0276315,0.0,0.0,-0.0276315
M,0.0,0.0,0.0,0.0
M,0.0,0.0,0.0,0.0
M,-0.0596014,0.0,0.0,-0.0596014
M,0.0,0.0,0.0,0.0
M,0.0,0.0,0.0,0.0
M,0.0,0.0,0.0,0.0
M,0.0288339,0.0,0.0,0.0288339
M,-0.113448,0.0,0.0,-0.113448
M,0.0,0.0,0.0,0.0
M,0.0,0.0,0.0,0.0
M,0.0,0.0,0.0,0.0
M,0.0,0.0,0.0,0.0
M,0.0234227,0.0,0.0,0.0234227
M,0.0,0.0,0.0,0.0
M,0.0,0.0,0.0,0.0
M,0.0,0.0,0.0,0.0
M,0.0,0.0,0.0,0.0
M,0.0,0.0,0.0,0.0
M,0.0,0.0,0.0,0.0
M,0.0,0.0,0.0,0.0
M,0.0,0.0,0.0,0.0
M,0.0,0.0,0.0,0.0
M,0.0,0.0,0.0,0.0
M,0.0025326,0.0,0.0,0.0025326
M,0.0,0.0,0.0,0.0
M,0.0,0.0,0.0,0.0
M,0.0,0.0,0.0,0.0
M,0.0,0.0,0.0,0.0
M,0.0,0.0,0.0,0.0
M,0.0,0.0,0.0,0.0
M,0.0,0.0,0.0,0.0
M,0.0,0.0,0.0,0.0
M,0.0,0.0,0.0,0.0
M,-0.0417842,0.0,0.0,-0.0417842
M,0.0,0.0,0.0,0.0
M,0.0,0.0,0.0,0.0
M,0.0,0.0,0.0,0.0
M,0.0,0.0,0.0,0.0
M,0.0,0.0,0.0,0.0
M,0.0,0.0,0.0,0.0
M,0.0,0.0,0.0,0.0
M,0.0,0.0,0.0,0.0
M,0.0,0.0,0.0,0.0
M,0.0,0.0,0.0,0.0
M,0.0,0.0,0.0,0.0
M,0.0,0.0,0.0,0.0
M,0.0,0.0,0.0,0.0
M,0.0764065,0.0,0.0,0.0764065
M,0.0,0.0,0.0,0.0
M,0.0,0.0,0.0,0.0
M,0.0,0.0,0.0,0.0
M,0.0,0.0,0.0,0.0
M,0.0,0.0,0.0,0.0
M,0.0,0.0,0.0,0.0
M,0.0,0.0,0.0,0.0
M,0.0,0.0,0.0,0.0
M,0.0,0.0,0.0,0.0
M,0.0,0.0,0.0,0.0
M,-0.023565,0.0,0.0,-0.023565
M,0.0,0.0,0.0,0.0
M,0.0,0.0,0.0,0.0
M,0.0,0.0,0.0,0.0
M,0.0112295,0.0,0.0,0.0112295
M,0.0,0.0,0.0,0.0
M,0.0,0.0,0.0,0.0
M,0.0,0.0,0.0,0.0
M,0.0,0.0,0.0,0.0
M,0.0,0.0,0.0,0.0
M,0.0,0.0,0.0,0.0
M,0.0,0.0,0.0,0.0
M,0.0,0.0,0.0,0.0
M,0.0,0.0,0.0,0.0
M,0.0,0.0,0.0,0.0
M,0.0,0.0,0.0,0.0
M,0.0,0.0,0.0,0.0
M,0.0,0.0,0.0,0.0
M,0.0,0.0,0.0,0.0
M,0.0,0.0,0.0,0.0
M,0.0,0.0,0.0,0.0
M,0.0,0.0,0.0,0.0
M,0.0,0.0,0.0,0.0
M,-0.00427794,0.0,0.0,-0.00427794
M,0.0,0.0,0.0,0.0
M,0.0,0.0,0.0,0.0
M,0.0,0.0,0.0,0.0
M,0.0,0.0,0.0,0.0
M,0.0,0.0,0.0,0.0
M,-0.0139613,0.0,0.0,-0.0139613
M,0.0,0.0,0.0,0.0
M,0.0,0.0,0.0,0.0
M,0.0,0.0,0.0,0.0
M,0.0,0.0,0.0,0.0
M,0.0,0.0,0.0,0.0
M,0.0160756,0.0,0.0,0.0160756
M,0.0,0.0,0.0,0.0
M,0.0,0.0,0.0,0.0
M,0.0,0.0,0.0,0.0
M,0.0,0.0,0.0,0.0
M,0.0,0.0,0.0,0.0
M,0.0,0.0,0.0,0.0
M,0.0,0.0,0.0,0.0
M,0.0,0.0,0.0,0.0
M,0.0,0.0,0.0,0.0
M,0.0,0.0,0.0,0.0
M,0.0,0.0,0.0,0.0
M,0.0,0.0,0.0,0.0
M,0.0,0.0,0.0,0.0
M,0.0,0.0,0.0,0.0
M,-0.0702505,0.0,0.0,-0.0702505
M,0.0,0.0215668,0.0215668,0.0215668
M,0.0,0.0,0.0,0.0
M,0.0,0.0,0.0,0.0
M,0.0,0.0,0.0,0.0
M,0.0,0.0,0.0,0.0
M,-0.0144762,0.0,0.0,-0.0144762
M,0.0,0.0,0.0,0.0
M,0.0,0.0,0.0,0.0
M,0.0,0.0,0.0,0.0
M,0.0,0.0,0.0,0.0
M,0.0,0.0,0.0,0.0
M,0.0,0.0,0.0,0.0
M,0.0,0.0,0.0,0.0
M,0.0,0.0,0.0,0.0
M,0.0,0.0,0.0,0.0
M,0.0,0.0,0.0,0.0
M,0.048439,0.0,0.0,0.048439
M,0.0,0.0,0.0,0.0
M,0.0618325,0.0,0.0,0.0618325
M,0.0,0.0,0.0,0.0
M,0.0,0.0,0.0,0.0
M,0.0,0.0,0.0,0.0
M,0.0,0.0,0.0,0.0
M,0.0,0.0,0.0,0.0
M,0.0,0.0,0.0,0.0
M,0.0,0.0,0.0,0.0
M,0.0,0.0,0.0,0.0
M,0.0,0.0,0.0,0.0
M,0.0373723,0.0,0.0,0.0373723
M,0.0,0.0,0.0,0.0
M,0.0507886,0.0,0.0,0.0507886
M,0.0,0.0,0.0,0.0
M,0.0,0.0,0.0,0.0
M,0.0,0.0,0.0,0.0
M,0.0,0.0,0.0,0.0
M,0.0,0.0,0.0,0.0
M,0.0,0.0,0.0,0.0
M,0.0,0.0,0.0,0.0
M,0.0,0.0,0.0,0.0
M,0.0,0.0,0.0,0.0
M,0.0,0.0,0.0,0.0
M,0.0,0.0,0.0,0.0
M,0.0,0.0,0.0,0.0
M,0.0,0.0,0.0,0.0
M,0.0,0.0215668,0.0215668,0.0215668
M,0.0,0.0,0.0,0.0
M,0.0,0.0,0.0,0.0
M,0.0,0.0,0.0,0.0
M,0.0,0.0,0.0,0.0
M,0.0,0.0,0.0,0.0
M,-0.0437441,0.0,0.0,-0.0437441
M,0.0,0.0,0.0,0.0
M,0.0,0.0,0.0,0.0
M,0.0,0.0,0.0,0.0
M,0.0,0.0,0.0,0.0
M,0.0,0.0,0.0,0.0
M,0.0,0.0,0.0,0.0
M,0.185246,0.0,0.0,0.185246
M,0.022072,0.0,0.0,0.022072
M,0.0,0.0,0.0,0.0
M,0.0,0.0,0.0,0.0
M,0.000986864,0.0,0.0,0.000986864
M,0.0,0.0,0.0,0.0
M,-0.163837,0.0,0.0,-0.163837
M,0.0,0.0,0.0,0.0
M,0.0,0.0,0.0,0.0
M,0.0,0.0,0.0,0.0
M,-0.0254839,0.0,0.0,-0.0254839
M,0.0,0.0,0.0,0.0
M,0.0,0.0,0.0,0.0
M,0.0,0.0,0.0,0.0
M,0.0,0.0,0.0,0.0
M,0.0,0.0,0.0,0.0
M,0.0,0.0,0.0,0.0
M,0.028092,0.0,0.0,0.028092
M,0.0,0.0,0.0,0.0
M,0.0,0.0,0.0,0.0
M,0.00724289,0.0,0.0,0.00724289
M,0.0,0.0,0.0,0.0
M,0.0,0.0,0.0,0.0
M,0.0,0.0,0.0,0.0
M,0.0494315,0.0,0.0,0.0494315
M,0.0,0.0,0.0,0.0
M,0.0518891,0.0,0.0,0.0518891
M,0.0,0.0,0.0,0.0
M,0.0,0.0,0.0,0.0
M,-0.0719522,0.0,0.0,-0.0719522
M,0.0,0.0,0.0,0.0
M,-0.0139613,0.0,0.0,-0.0139613
M,0.0,0.0,0.0,0.0
M,0.0,0.0,0.0,0.0
M,0.0,0.0,0.0,0.0
M,0.0,0.0,0.0,0.0
M,0.0,0.0,0.0,0.0
M,0.0,0.0,0.0,0.0
M,0.0,0.0,0.0,0.0
M,-0.0144762,0.0,0.0,-0.0144762
M,0.0,0.0,0.0,0.0
M,0.0,0.0,0.0,0.0
M,-0.0677003,0.0,0.0,-0.0677003
M,0.0,0.0,0.0,0.0
M,0.0,0.0,0.0,0.0
M,0.0,0.0,0.0,0.0
M,-0.024655,0.0,0.0,-0.024655
M,0.0,0.0,0.0,0.0
M,0.0,0.0,0.0,0.0
M,0.0,0.0,0.0,0.0
M,0.0,0.0,0.0,0.0
M,-0.0544277,0.0,0.0,-0.0544277
M,0.0,0.0,0.0,0.0
M,0.0,0.0,0.0,0.0
M,0.0,0.0,0.0,0.0
M,-0.0518589,0.0,0.0,-0.0518589
M,-0.0403118,0.0,0.0,-0.0403118
M,0.0,0.0,0.0,0.0
M,0.185246,0.0,0.0,0.185246
M,0.0,0.0,0.0,0.0
M,0.0,0.0,0.0,0.0
M,0.0,0.0,0.0,0.0
M,0.0,0.0,0.0,0.0
M,0.0,0.0,0.0,0.0
M,0.0,0.0,0.0,0.0
M,0.0,0.0,0.0,0.0
M,0.0,0.0,0.0,0.0
M,0.0414223,0.0,0.0,0.0414223
M,0.0,0.0,0.0,0.0
M,0.0,0.0,0.0,0.0
M,0.0,0.0,0.0,0.0
M,0.0,0.0,0.0,0.0
M,0.0,0.0,0.0,0.0
M,0.0,0.0,0.0,0.0
M,0.0,0.0,0.0,0.0
M,0.0,0.0,0.0,0.0
M,0.0,0.0,0.0,0.0
M,0.0,0.0,0.0,0.0
M,0.0,0.0,0.0,0.0
M,0.0,0.0,0.0,0.0
M,0.0,0.0,0.0,0.0
M,0.0,0.0,0.0,0.0
M,0.0,0.0,0.0,0.0
M,0.0,0.0,0.0,0.0
M,0.0,0.0,0.0,0.0
M,0.0,0.0,0.0,0.0
M,0.0,0.0,0.0,0.0
M,0.0,0.0,0.0,0.0
M,0.0,0.0,0.0,0.0
M,0.0910988,0.0,0.0,0.0910988
M,0.0,0.0,0.0,0.0
M,0.0,0.0,0.0,0.0
M,0.0,0.0,0.0,0.0
M,0.0547688,0.0,0.0,0.0547688
M,0.0,0.0,0.0,0.0
M,-0.0568855,0.0,0.0,-0.0568855
M,0.0,0.0,0.0,0.0
M,0.0,0.0,0.0,0.0
M,0.0,0.0,0.0,0.0
M,0.0,0.0,0.0,0.0
M,0.0,0.0,0.0,0.0
M,0.0,0.0,0.0,0.0
M,0.112136,0.0,0.0,0.112136
M,0.0552379,0.0,0.0,0.0552379
M,0.0,0.0,0.0,0.0
M,-0.0557814,0.0,0.0,-0.0557814
M,0.0,0.0,0.0,0.0
M,0.0,0.0,0.0,0.0
M,-0.0365808,0.0,0.0,-0.0365808
M,0.0,0.0,0.0,0.0
M,0.0,0.0,0.0,0.0
M,0.0,0.0,0.0,0.0
M,0.0,0.0,0.0,0.0
M,0.0,0.0,0.0,0.0
M,0.0,0.0,0.0,0.0
M,0.0,0.0,0.0,0.0
M,0.0,0.0,0.0,0.0
M,0.0,0.0,0.0,0.0
M,0.0,0.0,0.0,0.0
M,0.0,0.0,0.0,0.0
M,0.0,0.0,0.0,0.0
M,-0.0557814,0.0,0.0,-0.0557814
M,0.0,0.0,0.0,0.0
M,0.0,0.0,0.0,0.0
M,0.0,0.0,0.0,0.0
M,0.0,0.0,0.0,0.0
M,0.0,0.0,0.0,0.0
M,0.0,0.0,0.0,0.0
M,0.0,0.0,0.0,0.0
M,0.0,0.0,0.0,0.0
M,0.0,0.0,0.0,0.0
M,0.0,0.0,0.0,0.0
M,0.0,0.0,0.0,0.0
M,0.018095,0.0,0.0,0.018095
M,0.0,0.0,0.0,0.0
M,0.0,0.0,0.0,0.0
M,0.0,0.0,0.0,0.0
M,0.0,0.0,0.0,0.0
M,0.0,0.0,0.0,0.0
M,0.0,0.0,0.0,0.0
M,0.0,0.0,0.0,0.0
M,0.0,0.0,0.0,0.0
M,0.0,0.0,0.0,0.0
M,0.0,0.0,0.0,0.0
M,0.0,0.0,0.0,0.0
M,0.0,0.0,0.0,0.0
M,0.0,0.0,0.0,0.0
M,0.0,0.0,0.0,0.0
M,0.0,0.0,0.0,0.0
M,0.0,0.0,0.0,0.0
M,0.0,0.0,0.0,0.0
M,0.0,0.0,0.0,0.0
M,0.0,0.0,0.0,0.0
M,0.0,0.0,0.0,0.0
M,0.0216632,0.0,0.0,0.0216632
M,0.0,0.0,0.0,0.0
M,0.0,0.0,0.0,0.0
M,0.0,0.0,0.0,0.0
M,0.0,0.0,0.0,0.0
M,0.0,0.0,0.0,0.0
M,0.0,0.0,0.0,0.0
M,-0.00484081,0.0,0.0,-0.00484081
M,0.0,0.0,0.0,0.0
M,0.0,0.0,0.0,0.0
M,-0.0677003,0.0,0.0,-0.0677003
M,0.0,0.0,0.0,0.0
M,0.0,0.0,0.0,0.0
M,0.00618917,0.0,0.0,0.00618917
M,0.0,0.0,0.0,0.0
M,0.0,0.0,0.0,0.0
M,0.0298608,0.0,0.0,0.0298608
M,0.0,0.0,0.0,0.0
M,0.0,0.0,0.0,0.0
M,0.0,0.0,0.0,0.0
M,0.0,0.0,0.0,0.0
M,0.0,0.0,0.0,0.0
M,0.0,0.0,0.0,0.0
M,0.0,0.0,0.0,0.0
M,0.0,0.0,0.0,0.0
M,0.0131489,0.0,0.0,0.0131489
M,0.0,0.0,0.0,0.0
M,0.0,0.0,0.0,0.0
M,0.0,0.0,0.0,0.0
M,0.0,0.0,0.0,0.0
M,-0.0110489,0.0,0.0,-0.0110489
M,0.0,0.0,0.0,0.0
M,-0.0276315,0.0,0.0,-0.0276315
M,0.0,0.0,0.0,0.0
M,0.0,0.0,0.0,0.0
M,0.0,0.0,0.0,0.0
M,0.0,0.0,0.0,0.0
M,0.0,0.0,0.0,0.0
M,0.0,0.0,0.0,0.0
M,0.0,0.0,0.0,0.0
M,0.0,0.0,0.0,0.0
M,-0.0572495,0.0,0.0,-0.0572495
M,0.0,0.0,0.0,0.0
M,0.0,0.0,0.0,0.0
M,-0.00674204,0.0,0.0,-0.00674204
M,0.0,0.0,0.0,0.0
M,0.0,0.0,0.0,0.0
M,0.0,0.0,0.0,0.0
M,0.0195579,0.0,0.0,0.0195579
M,0.0,0.0,0.0,0.0
M,0.0,0.0,0.0,0.0
M,0.0,0.0,0.0,0.0
M,0.0,0.0,0.0,0.0
M,0.0132601,0.0,0.0,0.0132601
M,0.0,0.0,0.0,0.0
M,0.0,0.0,0.0,0.0
M,0.0,0.0,0.0,0.0
M,-0.023565,0.0,0.0,-0.023565
M,0.0112295,0.0,0.0,0.0112295
M,0.0,0.0,0.0,0.0
M,0.0105022,0.0,0.0,0.0105022
M,0.0,0.0,0.0,0.0
M,0.0,0.0,0.0,0.0
M,0.0,0.0,0.0,0.0
M,0.0,0.0,0.0,0.0
M,0.0,0.0,0.0,0.0
M,0.105154,0.0,0.0,0.105154
M,0.0,0.0,0.0,0.0
M,0.0,0.0,0.0,0.0
M,0.0,0.0,0.0,0.0
M,-0.0139613,0.0,0.0,-0.0139613
M,0.0,0.0,0.0,0.0
M,0.0,0.0,0.0,0.0
M,0.0,0.0,0.0,0.0
M,0.0316574,0.0,0.0,0.0316574
M,0.0128849,0.0,0.0,0.0128849
M,0.0,0.0,0.0,0.0
M,0.0,0.0,0.0,0.0
M,0.0,0.0,0.0,0.0
M,0.0,0.0,0.0,0.0
M,0.0,0.0,0.0,0.0
M,0.0534366,0.0,0.0,0.0534366
M,0.0,0.0,0.0,0.0
M,0.0,0.0,0.0,0.0
M,0.0,0.0,0.0,0.0
M,0.0,0.0,0.0,0.0
M,0.018095,0.0,0.0,0.018095
M,0.0,0.0,0.0,0.0
M,0.0,0.0,0.0,0.0
M,0.0,0.0,0.0,0.0
M,0.0,0.0,0.0,0.0
M,0.0,0.0,0.0,0.0
M,0.0,0.0,0.0,0.0
M,0.0,0.0,0.0,0.0
M,0.0,0.0,0.0,0.0
M,0.0,0.0,0.0,0.0
M,0.0,0.0,0.0,0.0
M,0.0,0.0,0.0,0.0
M,0.0,0.0,0.0,0.0
M,0.0,0.0,0.0,0.0
M,0.0,0.0,0.0,0.0
M,0.0,0.0,0.0,0.0
M,0.0,0.0,0.0,0.0
M,0.0,0.0,0.0,0.0
M,0.0,0.0,0.0,0.0
M,0.0322529,0.0,0.0,0.0322529
M,0.0,0.0,0.0,0.0
M,-0.0144762,0.0,0.0,-0.0144762
M,-0.0336783,0.0,0.0,-0.0336783
M,0.0,0.0,0.0,0.0
M,0.0,0.0,0.0,0.0
M,0.0,0.0,0.0,0.0
M,0.0,0.0,0.0,0.0
M,0.0,0.0,0.0,0.0
M,0.0,0.0,0.0,0.0
M,0.0,0.0,0.0,0.0
M,0.0,0.0,0.0,0.0
M,0.0,0.0,0.0,0.0
M,0.0,0.0,0.0,0.0
M,0.0,0.0,0.0,0.0
M,0.0,0.0,0.0,0.0
M,0.0,0.0,0.0,0.0
M,0.0,0.0,0.0,0.0
M,0.00725142,0.0,0.0,0.00725142
M,0.0,0.0,0.0,0.0
M,0.0,0.0,0.0,0.0
M,0.0,0.0,0.0,0.0
M,0.0,0.0,0.0,0.0
M,0.0188163,0.0,0.0,0.0188163
M,0.0,0.0,0.0,0.0
M,0.0,0.0,0.0,0.0
M,0.0,0.0,0.0,0.0
M,0.0,0.0,0.0,0.0
M,0.0,0.0,0.0,0.0
M,0.0,0.0,0.0,0.0
M,0.0,0.0,0.0,0.0
M,-0.0336783,0.0,0.0,-0.0336783
M,0.0,0.0,0.0,0.0
M,0.0,0.0,0.0,0.0
M,0.0,0.0,0.0,0.0
M,0.0,0.0,0.0,0.0
M,0.0,0.0,0.0,0.0
M,0.0,0.0,0.0,0.0
M,0.0,0.0,0.0,0.0
M,0.0,0.0,0.0,0.0
M,0.0,0.0,0.0,0.0
M,0.0,0.0,0.0,0.0
M,0.0350912,0.0,0.0,0.0350912
M,-0.0743312,0.0,0.0,-0.0743312
M,0.0,0.0,0.0,0.0
M,0.0,0.0,0.0,0.0
M,0.0,0.0,0.0,0.0
M,0.0,0.0,0.0,0.0
M,0.0,0.0,0.0,0.0
M,0.0,0.0,0.0,0.0
M,0.0114476,0.0,0.0,0.0114476
M,0.0,0.0,0.0,0.0
M,0.0,0.0,0.0,0.0
M,0.0,0.0,0.0,0.0
M,0.0,0.0,0.0,0.0
M,0.0,0.0,0.0,0.0
M,0.0,0.0,0.0,0.0
M,0.0,0.0,0.0,0.0
M,0.0,0.0,0.0,0.0
M,0.0,0.0,0.0,0.0
M,0.0,0.0,0.0,0.0
M,0.0,0.0,0.0,0.0
M,0.0,0.0215668,0.0215668,0.0215668
M,0.0,0.0,0.0,0.0
M,0.0,0.0,0.0,0.0
M,-0.0276315,0.0,0.0,-0.0276315
M,-0.0117456,0.0,0.0,-0.0117456
M,0.0239195,0.0,0.0,0.0239195
M,-0.00245246,0.0,0.0,-0.00245246
M,-0.00427794,0.0,0.0,-0.00427794
M,-0.0100593,0.0,0.0,-0.0100593
M,0.0,0.0,0.0,0.0
M,0.0305393,0.0,0.0,0.0305393
M,0.0,0.0,0.0,0.0
M,0.0,0.0,0.0,0.0
M,0.0,0.0,0.0,0.0
M,-0.0276315,0.0,0.0,-0.0276315
M,0.0,0.0,0.0,0.0
M,0.0,0.0,0.0,0.0
M,-0.0282218,0.0,0.0,-0.0282218
M,0.0,0.0,0.0,0.0
M,0.119564,0.0,0.0,0.119564
M,-0.0276315,0.0,0.0,-0.0276315
M,0.0,0.0,0.0,0.0
M,0.0,0.0,0.0,0.0
M,0.0,0.0,0.0,0.0
M,-0.0648765,0.0,0.0,-0.0648765
M,0.0,0.0,0.0,0.0
M,0.0,0.0,0.0,0.0
M,0.00181137,0.0,0.0,0.00181137
M,0.0,0.0,0.0,0.0
M,0.0,0.0,0.0,0.0
M,0.0,0.0,0.0,0.0
M,0.0,0.0,0.0,0.0
M,0.0,0.0,0.0,0.0
M,0.0,0.0,0.0,0.0
M,0.0,0.0,0.0,0.0
M,0.0,0.0,0.0,0.0
M,0.0,0.0,0.0,0.0
M,0.0,0.0,0.0,0.0
M,0.0,0.0,0.0,0.0
M,0.0,0.0,0.0,0.0
M,-0.00819355,0.0,0.0,-0.00819355
M,0.0,0.0,0.0,0.0
M,0.0,0.0,0.0,0.0
M,0.0,0.0,0.0,0.0
M,0.0,0.0,0.0,0.0
M,0.0,0.0,0.0,0.0
M,-0.0667914,0.0,0.0,-0.0667914
M,-0.0876389,0.0,0.0,-0.0876389
M,0.00800638,0.0,0.0,0.00800638
M,0.0724595,0.0,0.0,0.0724595
M,0.0,0.0,0.0,0.0
M,0.0,0.0,0.0,0.0
M,0.0,0.0,0.0,0.0
M,0.0618325,0.0,0.0,0.0618325
M,0.0,0.0,0.0,0.0
M,0.0,0.0,0.0,0.0
M,0.0,0.0,0.0,0.0
M,0.0,0.0,0.0,0.0
M,0.0,0.0,0.0,0.0
M,0.0,0.0,0.0,0.0
M,0.0,0.0,0.0,0.0
M,0.0,0.0,0.0,0.0
M,0.0,0.0,0.0,0.0
M,0.0,0.0,0.0,0.0
M,0.0306676,0.0,0.0,0.0306676
M,0.0306063,0.0,0.0,0.0306063
M,0.0,0.0,0.0,0.0
M,0.0241144,0.0,0.0,0.0241144
M,0.0,0.0,0.0,0.0
M,0.0,0.0,0.0,0.0
M,0.0146205,0.0,0.0,0.0146205
M,0.0,0.0,0.0,0.0
M,0.0,0.0,0.0,0.0
M,0.0,0.0,0.0,0.0
M,0.0,0.0,0.0,0.0
M,0.0,0.0,0.0,0.0
M,0.0,0.0,0.0,0.0
M,0.0,0.0,0.0,0.0
M,0.0,0.0,0.0,0.0
M,0.0,0.0,0.0,0.0
M,0.0,0.0,0.0,0.0
M,0.0279457,0.0,0.0,0.0279457
M,0.0,0.0,0.0,0.0
M,0.0,0.0,0.0,0.0
M,0.0538926,0.0,0.0,0.0538926
M,0.0,0.0,0.0,0.0
M,0.0,0.0,0.0,0.0
M,0.0,0.0,0.0,0.0
M,0.0507886,0.0,0.0,0.0507886
M,0.0,0.0,0.0,0.0
M,0.045867,0.0,0.0,0.045867
M,0.0,0.0,0.0,0.0
M,0.0,0.0,0.0,0.0
M,0.0,0.0,0.0,0.0
M,0.0461731,0.0,0.0,0.0461731
M,0.0365643,0.0,0.0,0.0365643
M,0.0,0.0,0.0,0.0
M,0.0699603,0.0,0.0,0.0699603
M,0.0,0.0,0.0,0.0
M,0.0,0.0,0.0,0.0
M,0.0,0.0,0.0,0.0
M,0.0,0.0,0.0,0.0
M,0.0,0.0,0.0,0.0
M,0.0,0.0,0.0,0.0
M,0.0,0.0,0.0,0.0
M,-0.0276315,0.0,0.0,-0.0276315
M,0.0,0.0,0.0,0.0
M,0.0,0.0,0.0,0.0
M,-0.0410421,0.0,0.0,-0.0410421
M,0.0,0.0,0.0,0.0
M,0.0,0.0,0.0,0.0
M,0.0,0.0,0.0,0.0
M,0.0,0.0,0.0,0.0
M,0.0,0.0,0.0,0.0
M,0.0,0.0,0.0,0.0
M,0.0,0.0,0.0,0.0
M,0.0,0.0,0.0,0.0
M,0.00603842,0.0,0.0,0.00603842
M,0.0,0.0,0.0,0.0
M,0.0,0.0,0.0,0.0
M,0.0,0.0,0.0,0.0
M,0.0,0.0,0.0,0.0
M,-0.0301653,0.0,0.0,-0.0301653
M,0.0,0.0,0.0,0.0
M,0.0,0.0,0.0,0.0
M,0.0,0.0,0.0,0.0
M,0.0,0.0,0.0,0.0
M,0.0,0.0,0.0,0.0
M,0.0378418,0.0,0.0,0.0378418
M,0.0,0.0,0.0,0.0
M,0.0,0.0,0.0,0.0
M,-0.0749053,0.0,0.0,-0.0749053
M,0.0,0.0,0.0,0.0
M,0.0,0.0,0.0,0.0
M,0.0,0.0,0.0,0.0
M,0.0,0.0,0.0,0.0
M,0.0,0.0,0.0,0.0
M,0.0,0.0,0.0,0.0
M,0.0,0.0,0.0,0.0
M,0.0,0.0,0.0,0.0
M,0.0,0.0,0.0,0.0
M,0.0,0.0,0.0,0.0
M,0.0,0.0,0.0,0.0
M,0.0,0.0,0.0,0.0
M,0.0,0.0,0.0,0.0
M,-0.0669388,0.0,0.0,-0.0669388
M,0.0,0.0,0.0,0.0
M,0.0,0.0,0.0,0.0
M,-0.0222614,0.0,0.0,-0.0222614
M,0.0,0.0,0.0,0.0
M,0.0,0.0,0.0,0.0
M,0.0,0.0,0.0,0.0
M,0.0216632,0.0,0.0,0.0216632
M,-0.0606321,0.0,0.0,-0.0606321
M,0.0,0.0,0.0,0.0
M,0.0,0.0,0.0,0.0
M,0.0,0.0,0.0,0.0
M,0.0,0.0,0.0,0.0
M,0.0,0.0,0.0,0.0
M,0.0,0.0,0.0,0.0
M,0.0,0.0,0.0,0.0
M,0.0,0.0,0.0,0.0
M,0.0,0.0,0.0,0.0
M,0.0,0.0,0.0,0.0
M,0.0,0.0,0.0,0.0
M,0.0,0.0,0.0,0.0
M,0.0,0.0,0.0,0.0
M,0.0,0.0,0.0,0.0
M,0.0,0.0,0.0,0.0
M,0.0,0.0,0.0,0.0
M,0.0,0.0,0.0,0.0
M,0.0,0.0,0.0,0.0
M,0.0,0.0,0.0,0.0
M,-0.0366888,0.0,0.0,-0.0366888
M,0.0,0.0,0.0,0.0
M,0.0,0.0,0.0,0.0
M,0.00620382,0.0,0.0,0.00620382
M,0.0,0.0,0.0,0.0
M,0.0,0.0,0.0,0.0
M,-0.095873,0.0,0.0,-0.095873
M,0.0,0.0,0.0,0.0
M,0.0,0.0,0.0,0.0
M,0.0,0.0,0.0,0.0
M,0.0,0.0,0.0,0.0
M,-0.0704243,0.0,0.0,-0.0704243
M,0.0,0.0,0.0,0.0
M,-0.00427794,0.0,0.0,-0.00427794
M,-0.0229474,0.0,0.0,-0.0229474
M,-0.0254839,0.0,0.0,-0.0254839
M,0.0,0.0,0.0,0.0
M,0.0,0.0,0.0,0.0
M,0.0,0.0,0.0,0.0
M,0.0,0.0,0.0,0.0
M,0.0,0.0,0.0,0.0
M,0.0,0.0,0.0,0.0
M,0.0,0.0,0.0,0.0
