F,-0.095403,0.00989563,0.00989563,-0.0855074
F,-0.17514,0.00989563,0.00989563,-0.165244
F,-0.427108,-0.0255732,-0.0255732,-0.452681
F,0.570904,0.00989563,0.00989563,0.5808
F,-0.0156834,-0.0482131,-0.0482131,-0.0638965
F,-0.0908287,0.00989563,0.00989563,-0.0809331
F,-0.132182,0.00989563,0.00989563,-0.122286
F,-0.0414031,0.00989563,0.00989563,-0.0315075
F,0.09697,0.00989563,0.00989563,0.106866
F,-0.133533,0.00989563,0.00989563,-0.123638
F,0.0446891,0.00989563,0.00989563,0.0545847
F,-0.103562,0.00989563,0.00989563,-0.093666
F,-0.27702,0.00989563,0.00989563,-0.267124
F,-0.339563,0.00989563,0.00989563,-0.329667
F,-0.118748,0.00989563,0.00989563,-0.108853
F,0.14634,0.00989563,0.00989563,0.156236
F,0.00238217,0.00989563,0.00989563,0.0122778
F,0.0384006,-0.0482131,-0.0482131,-0.00981248
F,0.235546,0.00989563,0.00989563,0.245441
F,-0.0177758,0.00989563,0.00989563,-0.00788016
F,-0.134223,0.00989563,0.00989563,-0.124327
F,0.0296999,0.00989563,0.00989563,0.0395955
F,0.0763841,0.00989563,0.00989563,0.0862797
F,0.06152,0.00989563,0.00989563,0.0714156
F,-0.0534984,0.00989563,0.00989563,-0.0436028
F,0.217254,0.00989563,0.00989563,0.22715
F,0.139751,0.00989563,0.00989563,0.149647
F,0.106269,0.00989563,0.00989563,0.116164
F,0.407967,0.00989563,0.00989563,0.417863
F,-0.136762,0.00989563,0.00989563,-0.126866
F,0.0644614,-0.0482131,-0.0482131,0.0162483
F,-0.175297,0.00989563,0.00989563,-0.165401
F,0.0826222,0.00989563,0.00989563,0.0925178
F,-0.39574,0.00989563,0.00989563,-0.385844
F,-0.2137,0.00989563,0.00989563,-0.203805
F,0.331349,0.00989563,0.00989563,0.341244
F,-0.432169,0.00989563,0.00989563,-0.422273
F,-0.285965,0.00989563,0.00989563,-0.27607
F,-0.0487499,-0.0482131,-0.0482131,-0.096963
F,-0.203806,0.00989563,0.00989563,-0.19391
F,-0.203131,0.00989563,0.00989563,-0.193235
F,0.178194,0.00989563,0.00989563,0.18809
F,0.0719331,0.00989563,0.00989563,0.0818287
F,-0.0190504,0.00989563,0.00989563,-0.00915474
F,-0.149489,0.00989563,0.00989563,-0.139593
F,0.156603,0.00989563,0.00989563,0.166498
F,0.449495,0.00989563,0.00989563,0.45939
F,0.0662439,-0.0482131,-0.0482131,0.0180308
F,-0.402999,0.00989563,0.00989563,-0.393103
F,-0.0776716,0.00989563,0.00989563,-0.067776
F,0.3115,0.00989563,0.00989563,0.321396
F,0.123214,0.00989563,0.00989563,0.133109
F,0.2471,0.00989563,0.00989563,0.256996
F,0.0137305,0.00989563,0.00989563,0.0236261
F,-0.00429592,0.00989563,0.00989563,0.00559971
F,0.196858,0.00989563,0.00989563,0.206754
F,0.265642,0.00989563,0.00989563,0.275538
F,-0.0147519,0.00989563,0.00989563,-0.00485631
F,-0.249171,-0.0255732,-0.0255732,-0.274744
F,-0.0755054,0.00989563,0.00989563,-0.0656098
F,0.0102915,0.00989563,0.00989563,0.0201871
F,-0.225482,0.00989563,0.00989563,-0.215586
F,0.185356,0.00989563,0.00989563,0.195252
F,-0.260587,0.00989563,0.00989563,-0.250691
F,-0.35894,-0.0255732,-0.0255732,-0.384513
F,0.11157,0.00989563,0.00989563,0.121465
F,-0.105121,0.00989563,0.00989563,-0.0952257
F,0.0699325,0.00989563,0.00989563,0.0798281
F,0.198168,0.00989563,0.00989563,0.208063
F,0.223562,0.00989563,0.00989563,0.233458
F,0.159896,0.00989563,0.00989563,0.169792
F,-0.387249,0.00989563,0.00989563,-0.377353
F,-0.184551,0.00989563,0.00989563,-0.174655
F,0.204675,0.00989563,0.00989563,0.21457
F,-0.145035,-0.0255732,-0.0255732,-0.170608
F,0.0732462,0.00989563,0.00989563,0.0831418
F,-0.422708,0.0254202,0.0254202,-0.397288
F,0.379149,0.00989563,0.00989563,0.389045
F,0.1239,0.00989563,0.00989563,0.133796
F,0.0476075,0.00989563,0.00989563,0.0575031
F,-0.199172,0.00989563,0.00989563,-0.189276
F,-0.0517931,0.00989563,0.00989563,-0.0418975
F,0.308669,0.00989563,0.00989563,0.318565
F,0.47383,0.0254202,0.0254202,0.49925
F,-0.121592,0.00989563,0.00989563,-0.111696
F,-0.204576,0.00989563,0.00989563,-0.19468
F,0.158966,0.00989563,0.00989563,0.168861
F,-0.09101,-0.0255732,-0.0255732,-0.116583
F,-0.0452887,0.00989563,0.00989563,-0.0353931
F,0.194846,0.00989563,0.00989563,0.204741
F,0.404988,0.00989563,0.00989563,0.414883
F,0.0576275,0.00989563,0.00989563,0.0675231
F,0.157607,0.00989563,0.00989563,0.167503
F,0.295927,0.00989563,0.00989563,0.305823
F,-0.0435809,0.00989563,0.00989563,-0.0336853
F,-0.209779,0.00989563,0.00989563,-0.199884
F,-0.123543,-0.0482131,-0.0482131,-0.171756
F,0.184696,0.00989563,0.00989563,0.194591
F,0.0547025,0.00989563,0.00989563,0.0645982
F,-0.0937892,0.00989563,0.00989563,-0.0838936
F,0.257028,0.00989563,0.00989563,0.266923
F,-0.133244,0.00989563,0.00989563,-0.123348
F,0.0714118,-0.0255732,-0.0255732,0.0458385
F,0.100178,0.00989563,0.00989563,0.110074
F,-0.455694,0.00989563,0.00989563,-0.445799
F,-0.200684,0.00989563,0.00989563,-0.190789
F,-0.227952,0.00989563,0.00989563,-0.218056
F,0.384673,0.00989563,0.00989563,0.394568
F,-0.159878,0.00989563,0.00989563,-0.149982
F,-0.0945983,0.00989563,0.00989563,-0.0847027
F,-0.116358,0.00989563,0.00989563,-0.106462
F,-0.129765,0.00989563,0.00989563,-0.11987
F,0.460486,0.00989563,0.00989563,0.470382
F,-0.243531,0.00989563,0.00989563,-0.233635
F,0.277469,0.00989563,0.00989563,0.287365
F,-0.223004,-0.0482131,-0.0482131,-0.271217
F,0.0850969,-0.0482131,-0.0482131,0.0368838
F,-0.244695,0.00989563,0.00989563,-0.234799
F,0.158786,0.00989563,0.00989563,0.168682
F,-0.323703,0.00989563,0.00989563,-0.313808
F,-0.220191,0.00989563,0.00989563,-0.210295
F,-0.0730274,0.00989563,0.00989563,-0.0631317
F,-0.166037,0.00989563,0.00989563,-0.156141
F,-0.108204,0.00989563,0.00989563,-0.0983084
F,-0.0967555,0.00989563,0.00989563,-0.0868599
F,-0.0354964,0.00989563,0.00989563,-0.0256008
F,0.183591,0.00989563,0.00989563,0.193487
F,0.0386401,0.00989563,0.00989563,0.0485357
F,-0.0820758,0.00989563,0.00989563,-0.0721801
F,-0.0748451,0.00989563,0.00989563,-0.0649495
F,0.0503509,0.00989563,0.00989563,0.0602465
F,-0.457685,0.00989563,0.00989563,-0.447789
F,-0.0235404,0.00989563,0.00989563,-0.0136448
F,0.203935,0.00989563,0.00989563,0.213831
F,-0.215514,0.00989563,0.00989563,-0.205619
F,0.221652,0.00989563,0.00989563,0.231548
F,-0.133597,0.00989563,0.00989563,-0.123701
F,-0.263528,0.00989563,0.00989563,-0.253633
F,-0.191892,0.00989563,0.00989563,-0.181996
F,-0.192662,0.00989563,0.00989563,-0.182766
F,0.102424,0.00989563,0.00989563,0.11232
F,-0.284059,0.00989563,0.00989563,-0.274164
F,-0.0766041,0.00989563,0.00989563,-0.0667085
F,0.0368925,0.00989563,0.00989563,0.0467881
F,-0.0266179,0.00989563,0.00989563,-0.0167223
F,0.162905,-0.0482131,-0.0482131,0.114692
F,0.121771,0.00989563,0.00989563,0.131666
F,0.454267,0.00989563,0.00989563,0.464163
F,0.00360385,0.00989563,0.00989563,0.0134995
F,-0.0609847,0.00989563,0.00989563,-0.0510891
F,0.224783,0.00989563,0.00989563,0.234679
F,-0.240331,0.00989563,0.00989563,-0.230435
F,-0.139118,0.00989563,0.00989563,-0.129223
F,0.581312,0.0254202,0.0254202,0.606732
F,0.177325,0.00989563,0.00989563,0.187221
F,0.31904,0.00989563,0.00989563,0.328936
F,-0.362912,-0.0482131,-0.0482131,-0.411125
F,-0.18206,0.00989563,0.00989563,-0.172164
F,0.295407,0.00989563,0.00989563,0.305303
F,0.0322332,0.00989563,0.00989563,0.0421288
F,0.213717,0.00989563,0.00989563,0.223613
F,-0.10108,0.00989563,0.00989563,-0.0911841
F,-0.0453404,0.00989563,0.00989563,-0.0354448
F,-0.22084,0.00989563,0.00989563,-0.210944
F,0.192672,0.00989563,0.00989563,0.202567
F,-0.244834,0.00989563,0.00989563,-0.234938
F,-0.22813,0.00989563,0.00989563,-0.218234
F,-0.226988,0.00989563,0.00989563,-0.217093
F,0.253544,0.00989563,0.00989563,0.26344
F,0.0516692,-0.0255732,-0.0255732,0.026096
F,-0.348069,-0.0482131,-0.0482131,-0.396282
F,0.00540505,0.00989563,0.00989563,0.0153007
F,0.267936,0.00989563,0.00989563,0.277832
F,-0.258527,0.00989563,0.00989563,-0.248631
F,-0.135172,0.00989563,0.00989563,-0.125277
F,0.217079,0.00989563,0.00989563,0.226975
F,-0.193296,0.00989563,0.00989563,-0.183401
F,-0.0043988,0.00989563,0.00989563,0.00549682
F,-0.208743,0.00989563,0.00989563,-0.198847
F,0.102652,0.00989563,0.00989563,0.112548
F,-0.262403,0.00989563,0.00989563,-0.252507
F,-0.0688687,0.00989563,0.00989563,-0.0589731
F,0.0990778,0.00989563,0.00989563,0.108973
F,-0.428252,0.00989563,0.00989563,-0.418356
F,0.0196664,0.00989563,0.00989563,0.029562
F,0.184746,0.00989563,0.00989563,0.194642
F,0.143517,0.00989563,0.00989563,0.153413
F,-0.0863009,0.00989563,0.00989563,-0.0764053
F,-0.254196,0.00989563,0.00989563,-0.2443
F,0.222266,0.00989563,0.00989563,0.232162
F,-0.0938668,0.00989563,0.00989563,-0.0839712
F,-0.0818312,-0.0255732,-0.0255732,-0.107404
F,0.0815318,0.00989563,0.00989563,0.0914275
F,-0.176044,0.00989563,0.00989563,-0.166148
F,-0.0516945,-0.0482131,-0.0482131,-0.0999076
F,0.310382,-0.0482131,-0.0482131,0.262169
F,-0.134903,0.00989563,0.00989563,-0.125007
F,0.0140425,0.00989563,0.00989563,0.0239382
F,-0.266075,0.00989563,0.00989563,-0.256179
F,-0.201156,0.00989563,0.00989563,-0.19126
F,0.158591,0.00989563,0.00989563,0.168487
F,-0.0529863,0.00989563,0.00989563,-0.0430907
F,0.150291,0.00989563,0.00989563,0.160187
F,0.276262,0.00989563,0.00989563,0.286158
F,-0.133371,0.00989563,0.00989563,-0.123475
F,0.132097,0.00989563,0.00989563,0.141993
F,-0.16379,0.00989563,0.00989563,-0.153895
F,0.365878,0.00989563,0.00989563,0.375774
F,0.129751,0.00989563,0.00989563,0.139646
F,-0.236631,0.00989563,0.00989563,-0.226735
F,-0.250711,0.00989563,0.00989563,-0.240816
F,-0.118744,0.00989563,0.00989563,-0.108849
F,-0.0537691,0.00989563,0.00989563,-0.0438734
F,-0.368197,0.00989563,0.00989563,-0.358301
F,0.207301,0.00989563,0.00989563,0.217196
F,0.130741,0.00989563,0.00989563,0.140637
F,-0.180187,0.00989563,0.00989563,-0.170292
F,-0.231743,-0.0482131,-0.0482131,-0.279956
F,-0.109049,0.00989563,0.00989563,-0.0991533
F,0.0794601,0.00989563,0.00989563,0.0893558
F,-0.447758,0.00989563,0.00989563,-0.437862
F,-0.05209,0.00989563,0.00989563,-0.0421943
F,0.0679797,0.00989563,0.00989563,0.0778753
F,0.423142,0.00989563,0.00989563,0.433038
F,-0.197463,0.00989563,0.00989563,-0.187567
F,-0.0122356,0.00989563,0.00989563,-0.00234001
F,-0.443384,0.00989563,0.00989563,-0.433488
F,0.122782,0.00989563,0.00989563,0.132678
F,0.102384,0.00989563,0.00989563,0.11228
F,0.235631,0.00989563,0.00989563,0.245527
F,0.209123,0.00989563,0.00989563,0.219019
F,0.184523,0.00989563,0.00989563,0.194419
F,-0.467565,0.00989563,0.00989563,-0.45767
F,0.0760677,0.00989563,0.00989563,0.0859633
F,0.0505825,0.00989563,0.00989563,0.0604781
F,0.0223233,0.00989563,0.00989563,0.0322189
F,-0.0935763,0.00989563,0.00989563,-0.0836807
F,0.0297404,0.00989563,0.00989563,0.0396361
F,0.095612,0.00989563,0.00989563,0.105508
F,0.238191,0.00989563,0.00989563,0.248087
F,0.00814254,0.00989563,0.00989563,0.0180382
F,-0.0589342,0.00989563,0.00989563,-0.0490386
F,0.0623986,0.00989563,0.00989563,0.0722943
F,-0.123389,0.00989563,0.00989563,-0.113493
F,-0.046616,0.00989563,0.00989563,-0.0367204
F,-0.136004,0.00989563,0.00989563,-0.126108
F,-0.059091,0.00989563,0.00989563,-0.0491954
F,0.504316,-0.0255732,-0.0255732,0.478742
F,0.0981837,0.00989563,0.00989563,0.108079
F,0.269245,0.00989563,0.00989563,0.279141
F,0.107499,0.00989563,0.00989563,0.117395
F,0.0433033,0.00989563,0.00989563,0.0531989
F,-0.145789,0.0254202,0.0254202,-0.120369
F,-0.0320596,0.00989563,0.00989563,-0.022164
F,0.0329385,0.00989563,0.00989563,0.0428341
F,-0.190046,0.00989563,0.00989563,-0.18015
F,-0.206932,0.00989563,0.00989563,-0.197037
F,-0.115861,0.00989563,0.00989563,-0.105965
F,-0.105345,0.00989563,0.00989563,-0.0954495
F,0.115633,0.00989563,0.00989563,0.125528
F,0.348242,0.00989563,0.00989563,0.358138
F,-0.163472,-0.0482131,-0.0482131,-0.211685
F,0.0873398,-0.0482131,-0.0482131,0.0391267
F,-0.177775,0.00989563,0.00989563,-0.16788
F,0.287405,0.00989563,0.00989563,0.297301
F,-0.0883887,0.00989563,0.00989563,-0.0784931
F,0.240574,0.00989563,0.00989563,0.25047
F,0.045493,0.0254202,0.0254202,0.0709132
F,0.0237079,0.00989563,0.00989563,0.0336035
F,-0.10482,0.00989563,0.00989563,-0.094924
F,-0.00737483,0.00989563,0.00989563,0.0025208
F,-0.0473142,0.00989563,0.00989563,-0.0374186
F,0.0220755,0.00989563,0.00989563,0.0319711
F,0.0591346,0.00989563,0.00989563,0.0690302
F,0.174162,0.00989563,0.00989563,0.184058
F,-0.0144761,0.00989563,0.00989563,-0.00458051
F,-0.0759441,0.00989563,0.00989563,-0.0660484
F,0.306788,-0.0482131,-0.0482131,0.258575
F,-0.162105,0.00989563,0.00989563,-0.15221
F,0.0473594,-0.0482131,-0.0482131,-0.000853737
F,0.136317,-0.0482131,-0.0482131,0.0881038
F,-0.219075,0.00989563,0.00989563,-0.209179
F,-0.0380238,0.00989563,0.00989563,-0.0281282
F,0.189125,0.00989563,0.00989563,0.199021
F,-0.214816,0.00989563,0.00989563,-0.20492
F,-0.166159,0.00989563,0.00989563,-0.156264
F,0.0589353,-0.0255732,-0.0255732,0.033362
F,-0.229095,0.00989563,0.00989563,-0.219199
F,-0.0773112,0.00989563,0.00989563,-0.0674156
F,-0.2407,0.00989563,0.00989563,-0.230804
F,0.281865,0.00989563,0.00989563,0.29176
F,0.0119746,0.00989563,0.00989563,0.0218702
F,-0.0745388,-0.0255732,-0.0255732,-0.100112
F,-0.0899855,0.00989563,0.00989563,-0.0800899
F,-0.348913,0.00989563,0.00989563,-0.339018
F,0.217965,0.00989563,0.00989563,0.22786
F,-0.0154981,0.00989563,0.00989563,-0.00560244
F,0.0449569,-0.0255732,-0.0255732,0.0193837
F,0.153125,0.00989563,0.00989563,0.163021
F,0.00994536,-0.0482131,-0.0482131,-0.0382678
F,0.132106,-0.0255732,-0.0255732,0.106533
F,0.0866298,0.00989563,0.00989563,0.0965255
F,-0.328927,-0.0482131,-0.0482131,-0.37714
F,0.098669,0.00989563,0.00989563,0.108565
F,0.177443,0.00989563,0.00989563,0.187338
F,0.145802,0.00989563,0.00989563,0.155698
F,0.17714,0.00989563,0.00989563,0.187036
F,-0.54597,0.00989563,0.00989563,-0.536075
F,-0.00258276,0.00989563,0.00989563,0.00731287
F,-0.109805,0.00989563,0.00989563,-0.0999095
F,-0.239212,0.00989563,0.00989563,-0.229317
F,0.136615,0.00989563,0.00989563,0.146511
F,0.463445,0.00989563,0.00989563,0.47334
F,0.146985,0.00989563,0.00989563,0.156881
F,-0.161988,0.00989563,0.00989563,-0.152092
F,0.241159,0.00989563,0.00989563,0.251055
F,-0.506323,-0.0482131,-0.0482131,-0.554536
F,0.348206,-0.0482131,-0.0482131,0.299993
F,-0.124266,-0.0255732,-0.0255732,-0.149839
F,-0.0496815,0.00989563,0.00989563,-0.0397858
F,0.314649,0.0254202,0.0254202,0.340069
F,0.315024,0.00989563,0.00989563,0.32492
F,-0.150785,0.00989563,0.00989563,-0.14089
F,-0.0287102,0.00989563,0.00989563,-0.0188146
F,-0.124891,0.00989563,0.00989563,-0.114995
F,-0.252965,0.00989563,0.00989563,-0.243069
F,-0.313282,0.00989563,0.00989563,-0.303386
F,0.00428663,0.00989563,0.00989563,0.0141823
F,-0.114758,0.00989563,0.00989563,-0.104862
F,0.0980076,0.00989563,0.00989563,0.107903
F,-0.0463549,0.00989563,0.00989563,-0.0364593
F,0.0521412,0.00989563,0.00989563,0.0620368
F,-0.271427,0.00989563,0.00989563,-0.261531
F,0.0573939,0.00989563,0.00989563,0.0672895
F,-0.21912,0.00989563,0.00989563,-0.209225
F,-0.275699,0.00989563,0.00989563,-0.265803
F,-0.215228,0.00989563,0.00989563,-0.205332
F,-0.200115,0.00989563,0.00989563,-0.190219
F,0.0304717,0.00989563,0.00989563,0.0403674
F,0.207001,-0.0482131,-0.0482131,0.158788
F,-0.219051,0.00989563,0.00989563,-0.209156
F,0.203222,0.00989563,0.00989563,0.213117
F,-0.121643,0.00989563,0.00989563,-0.111747
F,0.292187,0.00989563,0.00989563,0.302083
F,0.16143,0.00989563,0.00989563,0.171326
F,-0.251983,0.00989563,0.00989563,-0.242087
F,0.217183,0.00989563,0.00989563,0.227078
F,-0.236923,0.00989563,0.00989563,-0.227027
F,-0.0455561,-0.0482131,-0.0482131,-0.0937693
F,-0.0690658,0.00989563,0.00989563,-0.0591702
F,-0.0258619,0.00989563,0.00989563,-0.0159663
F,0.161279,0.00989563,0.00989563,0.171175
F,0.0837512,0.00989563,0.00989563,0.0936468
F,0.284296,0.00989563,0.00989563,0.294192
F,-0.0279109,0.00989563,0.00989563,-0.0180152
F,-0.0960826,0.00989563,0.00989563,-0.086187
F,0.0217555,0.00989563,0.00989563,0.0316511
F,0.0806904,0.00989563,0.00989563,0.090586
F,0.0299187,0.00989563,0.00989563,0.0398143
F,0.14189,0.00989563,0.00989563,0.151785
F,0.00546859,0.00989563,0.00989563,0.0153642
F,-0.0696976,0.00989563,0.00989563,-0.059802
F,0.277302,0.00989563,0.00989563,0.287198
F,-0.310242,0.00989563,0.00989563,-0.300346
F,-0.248914,0.00989563,0.00989563,-0.239018
F,-0.269178,0.00989563,0.00989563,-0.259282
F,0.02689,0.00989563,0.00989563,0.0367857
F,-0.00314262,0.00989563,0.00989563,0.006753
F,0.150794,0.00989563,0.00989563,0.16069
F,-0.433342,0.00989563,0.00989563,-0.423447
F,0.0423926,0.00989563,0.00989563,0.0522883
F,-0.104471,0.00989563,0.00989563,-0.0945753
F,0.320377,0.00989563,0.00989563,0.330273
F,0.00113488,0.00989563,0.00989563,0.0110305
F,0.00434265,0.00989563,0.00989563,0.0142383
F,0.265275,0.00989563,0.00989563,0.27517
F,-0.397229,0.00989563,0.00989563,-0.387334
F,0.366083,0.00989563,0.00989563,0.375979
F,0.0975975,0.00989563,0.00989563,0.107493
F,-0.0175975,0.00989563,0.00989563,-0.00770191
F,0.0493318,0.00989563,0.00989563,0.0592275
F,0.0386025,0.00989563,0.00989563,0.0484981
F,0.0602086,0.00989563,0.00989563,0.0701042
F,-0.239157,0.00989563,0.00989563,-0.229261
F,-0.148777,0.00989563,0.00989563,-0.138882
F,0.0283348,0.00989563,0.00989563,0.0382305
F,-0.141636,0.00989563,0.00989563,-0.131741
F,-0.139079,0.00989563,0.00989563,-0.129183
F,-0.0940628,0.00989563,0.00989563,-0.0841672
F,-0.273178,0.00989563,0.00989563,-0.263283
F,0.243312,0.00989563,0.00989563,0.253208
F,0.0661085,0.00989563,0.00989563,0.0760042
F,0.314826,0.00989563,0.00989563,0.324722
F,-0.0902633,0.00989563,0.00989563,-0.0803676
F,0.12993,0.00989563,0.00989563,0.139826
F,0.275174,0.00989563,0.00989563,0.285069
F,-0.24401,0.00989563,0.00989563,-0.234114
F,0.051188,0.00989563,0.00989563,0.0610836
F,-0.327227,0.00989563,0.00989563,-0.317331
F,-0.402523,0.00989563,0.00989563,-0.392627
F,0.335761,0.00989563,0.00989563,0.345656
F,0.0149957,0.00989563,0.00989563,0.0248913
F,-0.188328,0.00989563,0.00989563,-0.178433
F,-0.104553,0.00989563,0.00989563,-0.0946578
F,-0.142861,0.00989563,0.00989563,-0.132965
F,-0.228436,0.00989563,0.00989563,-0.21854
F,0.138716,-0.0482131,-0.0482131,0.0905029
F,-0.245745,-0.0482131,-0.0482131,-0.293958
F,-0.0919925,0.00989563,0.00989563,-0.0820969
F,-0.588696,0.00989563,0.00989563,-0.578801
F,0.0467823,0.00989563,0.00989563,0.0566779
F,-0.42043,0.00989563,0.00989563,-0.410535
F,0.351928,0.00989563,0.00989563,0.361824
F,-0.198636,0.00989563,0.00989563,-0.188741
F,0.241026,0.00989563,0.00989563,0.250921
F,0.0502395,0.00989563,0.00989563,0.0601351
F,0.165089,0.00989563,0.00989563,0.174985
F,-0.0102861,0.00989563,0.00989563,-0.000390463
F,-0.438917,0.00989563,0.00989563,-0.429022
F,0.0801514,0.00989563,0.00989563,0.0900471
F,-0.0599392,0.00989563,0.00989563,-0.0500436
F,0.441739,0.00989563,0.00989563,0.451635
F,0.114037,0.00989563,0.00989563,0.123932
F,0.247264,0.00989563,0.00989563,0.25716
F,0.185196,0.00989563,0.00989563,0.195092
F,0.0283281,0.00989563,0.00989563,0.0382237
F,0.0425068,0.00989563,0.00989563,0.0524024
F,0.337764,0.00989563,0.00989563,0.34766
F,0.00647537,0.00989563,0.00989563,0.016371
F,-0.250932,0.00989563,0.00989563,-0.241036
F,-0.409544,0.00989563,0.00989563,-0.399649
F,0.00172043,0.00989563,0.00989563,0.0116161
F,0.171138,-0.0482131,-0.0482131,0.122925
F,0.51095,0.00989563,0.00989563,0.520845
F,0.678284,0.00989563,0.00989563,0.68818
F,-0.21878,0.0254202,0.0254202,-0.19336
F,0.0710666,0.00989563,0.00989563,0.0809623
F,0.0129272,0.00989563,0.00989563,0.0228229
F,-0.0851115,0.00989563,0.00989563,-0.0752159
F,-0.106599,0.00989563,0.00989563,-0.0967029
F,0.554447,0.00989563,0.00989563,0.564342
F,0.36687,0.00989563,0.00989563,0.376766
F,-0.216601,-0.0255732,-0.0255732,-0.242174
F,0.0151978,0.00989563,0.00989563,0.0250934
F,0.220006,0.00989563,0.00989563,0.229901
F,0.0225295,0.00989563,0.00989563,0.0324251
F,0.00302705,0.00989563,0.00989563,0.0129227
F,-0.00737839,0.00989563,0.00989563,0.00251724
F,-0.0111849,0.00989563,0.00989563,-0.00128926
F,0.0882284,-0.0482131,-0.0482131,0.0400153
F,-0.0611445,0.00989563,0.00989563,-0.0512489
F,-0.329049,0.00989563,0.00989563,-0.319153
F,0.155736,-0.0255732,-0.0255732,0.130163
F,0.087449,0.00989563,0.00989563,0.0973446
F,0.23476,-0.0482131,-0.0482131,0.186546
F,-0.198419,0.00989563,0.00989563,-0.188524
F,-0.0785674,0.00989563,0.00989563,-0.0686717
F,0.256154,0.00989563,0.00989563,0.26605
F,-0.316407,0.00989563,0.00989563,-0.306512
F,-0.193941,0.0254202,0.0254202,-0.168521
F,-0.0569003,0.00989563,0.00989563,-0.0470047
F,0.239026,-0.0482131,-0.0482131,0.190813
F,-0.0576198,-0.0482131,-0.0482131,-0.105833
F,0.197774,0.00989563,0.00989563,0.20767
F,0.0784818,0.00989563,0.00989563,0.0883775
F,-0.323899,0.00989563,0.00989563,-0.314003
F,-0.0418949,0.00989563,0.00989563,-0.0319992
F,0.0665453,0.00989563,0.00989563,0.0764409
F,0.0588641,0.00989563,0.00989563,0.0687598
F,-0.0990642,0.00989563,0.00989563,-0.0891686
F,-0.146282,0.00989563,0.00989563,-0.136386
F,0.232116,0.00989563,0.00989563,0.242012
F,-0.0336484,0.00989563,0.00989563,-0.0237528
F,-0.105933,0.00989563,0.00989563,-0.0960369
F,-0.312514,0.00989563,0.00989563,-0.302619
F,0.0357148,0.00989563,0.00989563,0.0456104
F,-0.148494,-0.0482131,-0.0482131,-0.196708
F,-0.0709835,0.00989563,0.00989563,-0.0610879
F,0.11462,0.00989563,0.00989563,0.124515
F,0.0228535,0.00989563,0.00989563,0.0327492
F,-0.146672,0.00989563,0.00989563,-0.136776
F,0.145157,0.00989563,0.00989563,0.155052
F,0.292859,0.00989563,0.00989563,0.302755
F,-0.158105,0.00989563,0.00989563,-0.14821
F,-0.242824,0.00989563,0.00989563,-0.232929
F,0.102966,0.00989563,0.00989563,0.112861
F,-0.268164,-0.0482131,-0.0482131,-0.316377
F,0.106325,0.00989563,0.00989563,0.116221
F,0.594573,-0.0482131,-0.0482131,0.54636
F,-0.031918,0.00989563,0.00989563,-0.0220224
F,0.122942,0.00989563,0.00989563,0.132838
F,-0.23187,0.00989563,0.00989563,-0.221974
F,0.0632919,0.00989563,0.00989563,0.0731876
F,-0.168214,0.00989563,0.00989563,-0.158318
F,-0.24116,-0.0482131,-0.0482131,-0.289373
F,-0.239896,0.00989563,0.00989563,-0.230001
F,-0.00491598,0.00989563,0.00989563,0.00497964
F,-0.0568251,0.00989563,0.00989563,-0.0469294
F,0.689412,0.00989563,0.00989563,0.699307
F,0.177286,-0.0482131,-0.0482131,0.129073
F,-0.10552,0.00989563,0.00989563,-0.0956249
F,-0.108617,0.00989563,0.00989563,-0.0987213
F,-0.084898,0.00989563,0.00989563,-0.0750024
F,0.171917,0.00989563,0.00989563,0.181812
F,-0.241652,0.00989563,0.00989563,-0.231756
F,0.276432,0.00989563,0.00989563,0.286327
F,0.221198,0.00989563,0.00989563,0.231094
F,0.0667755,0.00989563,0.00989563,0.0766711
F,0.269187,0.00989563,0.00989563,0.279082
F,0.0643553,0.0254202,0.0254202,0.0897755
F,-0.0385011,0.0254202,0.0254202,-0.0130809
F,-0.179084,0.00989563,0.00989563,-0.169189
F,-0.349222,0.00989563,0.00989563,-0.339327
F,0.0175694,0.00989563,0.00989563,0.027465
F,0.209378,-0.0482131,-0.0482131,0.161165
F,-0.113225,0.00989563,0.00989563,-0.103329
F,-0.0760688,0.00989563,0.00989563,-0.0661732
F,-0.241158,0.00989563,0.00989563,-0.231262
F,-0.138499,0.00989563,0.00989563,-0.128604
F,0.253022,0.00989563,0.00989563,0.262917
F,0.15519,-0.0255732,-0.0255732,0.129616
F,-0.0875743,0.00989563,0.00989563,-0.0776787
F,-0.00390574,0.00989563,0.00989563,0.00598988
F,-0.0089839,0.00989563,0.00989563,0.000911724
F,-0.0711611,0.00989563,0.00989563,-0.0612655
F,0.246062,0.00989563,0.00989563,0.255958
F,-0.106469,0.00989563,0.00989563,-0.0965738
F,0.440074,0.00989563,0.00989563,0.44997
F,0.355173,0.00989563,0.00989563,0.365068
F,0.0715257,0.00989563,0.00989563,0.0814213
F,-0.0434506,-0.0482131,-0.0482131,-0.0916637
F,0.00116525,0.00989563,0.00989563,0.0110609
F,-0.158855,0.00989563,0.00989563,-0.148959
F,0.156322,0.00989563,0.00989563,0.166217
F,0.495352,0.00989563,0.00989563,0.505248
F,0.0344354,0.00989563,0.00989563,0.044331
F,0.284286,0.00989563,0.00989563,0.294181
F,-0.153845,0.00989563,0.00989563,-0.143949
F,0.0304393,0.00989563,0.00989563,0.0403349
F,0.256651,0.00989563,0.00989563,0.266547
F,0.467962,0.00989563,0.00989563,0.477858
F,0.218212,0.00989563,0.00989563,0.228107
F,-0.145146,0.00989563,0.00989563,-0.13525
F,-0.0303093,0.00989563,0.00989563,-0.0204136
F,-0.389415,0.00989563,0.00989563,-0.37952
F,-0.154098,0.00989563,0.00989563,-0.144202
F,-0.0742126,0.00989563,0.00989563,-0.0643169
F,0.11533,0.00989563,0.00989563,0.125226
F,-0.199335,0.00989563,0.00989563,-0.189439
F,-0.112469,0.00989563,0.00989563,-0.102574
F,-0.212322,0.00989563,0.00989563,-0.202427
F,0.233501,0.00989563,0.00989563,0.243397
F,0.283206,0.00989563,0.00989563,0.293102
F,-0.293367,0.00989563,0.00989563,-0.283472
F,0.045961,0.00989563,0.00989563,0.0558567
F,-0.0421335,-0.0482131,-0.0482131,-0.0903467
F,-0.0216885,0.00989563,0.00989563,-0.0117929
F,-0.136211,0.00989563,0.00989563,-0.126315
F,0.267502,0.00989563,0.00989563,0.277398
F,0.145342,0.00989563,0.00989563,0.155238
F,-0.0431812,0.00989563,0.00989563,-0.0332855
F,0.0401174,0.00989563,0.00989563,0.0500131
F,0.347118,0.00989563,0.00989563,0.357014
F,-0.160472,0.00989563,0.00989563,-0.150576
F,-0.134247,0.00989563,0.00989563,-0.124351
F,0.501686,0.00989563,0.00989563,0.511582
F,-0.125934,0.00989563,0.00989563,-0.116039
F,-0.138758,0.00989563,0.00989563,-0.128862
F,-0.0747934,0.00989563,0.00989563,-0.0648978
F,-0.0723845,0.00989563,0.00989563,-0.0624889
F,-0.0869693,0.00989563,0.00989563,-0.0770737
F,-0.0772062,0.00989563,0.00989563,-0.0673106
F,0.557302,0.00989563,0.00989563,0.567197
F,-0.0356304,0.00989563,0.00989563,-0.0257348
F,0.0151533,0.00989563,0.00989563,0.0250489
F,-0.141525,0.00989563,0.00989563,-0.13163
F,0.0912429,0.00989563,0.00989563,0.101138
F,-0.528494,0.00989563,0.00989563,-0.518599
F,0.181666,0.00989563,0.00989563,0.191562
F,-0.0811604,0.00989563,0.00989563,-0.0712648
F,0.154594,0.00989563,0.00989563,0.164489
F,-0.180683,0.00989563,0.00989563,-0.170787
F,-0.256309,0.0254202,0.0254202,-0.230889
F,0.0769232,0.00989563,0.00989563,0.0868188
F,0.389777,0.00989563,0.00989563,0.399673
F,-0.232287,0.00989563,0.00989563,-0.222392
F,0.165239,0.00989563,0.00989563,0.175134
F,0.305602,0.00989563,0.00989563,0.315498
F,0.144869,0.00989563,0.00989563,0.154764
F,-0.152152,0.00989563,0.00989563,-0.142256
F,0.0589317,0.00989563,0.00989563,0.0688273
F,-0.155735,-0.0482131,-0.0482131,-0.203948
F,-0.248418,0.00989563,0.00989563,-0.238522
F,0.00359087,0.00989563,0.00989563,0.0134865
F,0.0550621,0.00989563,0.00989563,0.0649577
F,0.142641,0.00989563,0.00989563,0.152536
F,0.278476,0.00989563,0.00989563,0.288372
F,0.1553,0.00989563,0.00989563,0.165196
F,-0.0907213,0.00989563,0.00989563,-0.0808257
F,0.00364285,0.00989563,0.00989563,0.0135385
F,0.307901,0.00989563,0.00989563,0.317797
F,-0.0602573,0.00989563,0.00989563,-0.0503617
F,-0.126085,0.00989563,0.00989563,-0.11619
F,-0.274636,0.00989563,0.00989563,-0.264741
F,0.064177,0.00989563,0.00989563,0.0740727
F,-0.208143,-0.0482131,-0.0482131,-0.256356
F,-0.150735,0.00989563,0.00989563,-0.140839
F,-0.112203,0.00989563,0.00989563,-0.102307
F,0.182414,0.00989563,0.00989563,0.19231
F,0.272314,0.00989563,0.00989563,0.282209
F,0.0494483,0.00989563,0.00989563,0.0593439
F,-0.141763,0.00989563,0.00989563,-0.131868
F,0.0882703,-0.0482131,-0.0482131,0.0400571
F,-0.174023,0.00989563,0.00989563,-0.164127
F,-0.310694,0.00989563,0.00989563,-0.300798
F,0.203614,0.00989563,0.00989563,0.21351
F,-0.134931,0.00989563,0.00989563,-0.125036
F,-0.185332,0.00989563,0.00989563,-0.175437
F,0.0819815,0.00989563,0.00989563,0.0918771
F,0.178755,-0.0482131,-0.0482131,0.130542
F,-0.196615,-0.0482131,-0.0482131,-0.244828
F,0.223989,0.00989563,0.00989563,0.233885
F,0.414757,0.0254202,0.0254202,0.440178
F,-0.0184225,0.00989563,0.00989563,-0.00852683
F,-0.346597,0.00989563,0.00989563,-0.336701
F,-0.104516,0.00989563,0.00989563,-0.0946204
F,0.0333478,0.00989563,0.00989563,0.0432434
F,0.173218,0.00989563,0.00989563,0.183114
F,-0.0832853,0.00989563,0.00989563,-0.0733896
F,-0.158067,0.00989563,0.00989563,-0.148171
F,0.221252,0.00989563,0.00989563,0.231147
F,0.0649194,0.00989563,0.00989563,0.0748151
F,-0.509729,0.00989563,0.00989563,-0.499834
F,-0.0410078,0.00989563,0.00989563,-0.0311121
F,-0.133936,0.00989563,0.00989563,-0.124041
F,0.0337288,-0.0255732,-0.0255732,0.00815558
F,0.0273255,-0.0255732,-0.0255732,0.0017522
F,-0.16695,0.00989563,0.00989563,-0.157054
F,-0.191004,0.0254202,0.0254202,-0.165584
F,-3.4527e-05,0.00989563,0.00989563,0.0098611
F,-0.297362,0.00989563,0.00989563,-0.287466
F,0.209551,0.00989563,0.00989563,0.219446
F,-0.0244016,0.00989563,0.00989563,-0.0145059
F,0.194832,0.00989563,0.00989563,0.204728
F,-0.167199,0.00989563,0.00989563,-0.157303
F,-0.00503677,0.00989563,0.00989563,0.00485886
F,0.215919,0.00989563,0.00989563,0.225814
F,0.413628,0.00989563,0.00989563,0.423524
F,0.152291,0.0254202,0.0254202,0.177711
F,0.361208,0.00989563,0.00989563,0.371103
F,-0.165148,0.00989563,0.00989563,-0.155253
F,-0.158455,0.00989563,0.00989563,-0.148559
F,0.154927,0.00989563,0.00989563,0.164822
F,0.0965928,0.00989563,0.00989563,0.106488
F,0.0771187,0.00989563,0.00989563,0.0870143
F,-0.046066,0.00989563,0.00989563,-0.0361704
F,0.174783,0.00989563,0.00989563,0.184679
F,-0.0908845,0.00989563,0.00989563,-0.0809889
F,0.10721,0.00989563,0.00989563,0.117105
F,-0.072447,0.00989563,0.00989563,-0.0625514
F,0.0860939,0.00989563,0.00989563,0.0959895
F,0.599724,0.00989563,0.00989563,0.60962
F,0.0814379,0.00989563,0.00989563,0.0913335
F,0.28862,0.00989563,0.00989563,0.298516
F,0.517786,0.00989563,0.00989563,0.527682
F,-0.134737,0.00989563,0.00989563,-0.124842
F,-0.182623,0.00989563,0.00989563,-0.172727
F,-0.519575,0.00989563,0.00989563,-0.50968
F,-0.0386914,0.00989563,0.00989563,-0.0287958
F,0.204147,0.00989563,0.00989563,0.214043
F,0.198248,-0.0255732,-0.0255732,0.172675
F,-0.0584444,0.00989563,0.00989563,-0.0485488
F,-0.218446,0.00989563,0.00989563,-0.20855
F,0.255405,0.00989563,0.00989563,0.265301
F,0.240317,0.00989563,0.00989563,0.250213
F,-0.010179,0.00989563,0.00989563,-0.000283331
F,0.613407,0.00989563,0.00989563,0.623303
F,-0.211938,0.00989563,0.00989563,-0.202042
F,0.0435511,0.00989563,0.00989563,0.0534468
F,0.168082,0.00989563,0.00989563,0.177977
F,-0.0168149,0.00989563,0.00989563,-0.00691923
F,0.00673513,0.00989563,0.00989563,0.0166308
F,0.293346,0.00989563,0.00989563,0.303242
F,0.00121759,0.00989563,0.00989563,0.0111132
F,0.428062,-0.0482131,-0.0482131,0.379849
F,-0.382318,0.00989563,0.00989563,-0.372423
F,-0.205054,0.00989563,0.00989563,-0.195159
F,-0.0957814,0.00989563,0.00989563,-0.0858858
F,0.17416,-0.0482131,-0.0482131,0.125947
F,-0.0577986,0.00989563,0.00989563,-0.0479029
F,-0.0779391,0.00989563,0.00989563,-0.0680434
F,0.274465,0.00989563,0.00989563,0.284361
F,0.171171,0.00989563,0.00989563,0.181066
F,0.202797,0.00989563,0.00989563,0.212692
F,0.0262376,0.00989563,0.00989563,0.0361332
F,-0.0260411,0.00989563,0.00989563,-0.0161455
F,-0.10071,0.00989563,0.00989563,-0.0908146
F,-0.217476,0.00989563,0.00989563,-0.207581
F,-0.0328108,0.00989563,0.00989563,-0.0229151
F,-0.22762,0.00989563,0.00989563,-0.217725
F,0.132853,0.00989563,0.00989563,0.142749
F,0.204734,0.00989563,0.00989563,0.21463
F,0.23075,0.00989563,0.00989563,0.240646
F,-0.413211,0.00989563,0.00989563,-0.403315
F,0.115313,0.00989563,0.00989563,0.125209
F,-0.155025,0.00989563,0.00989563,-0.14513
F,-0.319546,0.00989563,0.00989563,-0.309651
F,-0.0422167,0.00989563,0.00989563,-0.0323211
F,0.211124,0.00989563,0.00989563,0.221019
F,0.210383,0.00989563,0.00989563,0.220279
F,-0.32107,-0.0482131,-0.0482131,-0.369283
F,0.409193,0.00989563,0.00989563,0.419088
F,-0.240892,0.00989563,0.00989563,-0.230996
F,-0.340806,-0.0255732,-0.0255732,-0.36638
F,0.287197,0.00989563,0.00989563,0.297093
F,-0.247801,0.00989563,0.00989563,-0.237905
F,0.262807,0.00989563,0.00989563,0.272703
F,-0.0567875,0.00989563,0.00989563,-0.0468918
F,0.447403,0.00989563,0.00989563,0.457299
F,-0.0180023,0.00989563,0.00989563,-0.00810671
F,-0.0101341,-0.0482131,-0.0482131,-0.0583472
F,0.30508,0.00989563,0.00989563,0.314976
F,0.0877857,0.00989563,0.00989563,0.0976813
F,-0.13997,0.00989563,0.00989563,-0.130074
F,-0.254967,0.00989563,0.00989563,-0.245072
F,0.342341,0.00989563,0.00989563,0.352237
F,-0.000819316,0.00989563,0.00989563,0.00907631
F,-0.0148144,0.00989563,0.00989563,-0.00491881
F,0.0476838,0.00989563,0.00989563,0.0575795
F,0.0387139,0.00989563,0.00989563,0.0486095
F,0.131201,0.00989563,0.00989563,0.141097
F,-0.217271,0.00989563,0.00989563,-0.207375
F,-0.233738,0.00989563,0.00989563,-0.223842
F,-0.359205,0.00989563,0.00989563,-0.34931
F,-0.255991,0.00989563,0.00989563,-0.246095
F,-0.03924,0.00989563,0.00989563,-0.0293444
F,-0.278264,0.00989563,0.00989563,-0.268369
F,-0.120296,0.00989563,0.00989563,-0.110401
F,0.119993,0.00989563,0.00989563,0.129888
F,0.109965,-0.0482131,-0.0482131,0.0617515
F,0.0780549,0.00989563,0.00989563,0.0879505
F,0.0406534,0.00989563,0.00989563,0.050549
F,-0.117073,0.00989563,0.00989563,-0.107177
F,0.0230764,0.00989563,0.00989563,0.032972
F,0.210788,0.0254202,0.0254202,0.236208
F,-0.0486643,0.00989563,0.00989563,-0.0387686
F,-0.0277227,0.00989563,0.00989563,-0.0178271
F,-0.175894,-0.0255732,-0.0255732,-0.201468
F,-0.1312,0.00989563,0.00989563,-0.121305
F,0.0285864,0.00989563,0.00989563,0.038482
F,-0.0529772,0.00989563,0.00989563,-0.0430816
F,0.154779,0.00989563,0.00989563,0.164675
F,-0.213454,0.00989563,0.00989563,-0.203559
F,-0.236144,0.00989563,0.00989563,-0.226248
F,-0.0682707,0.00989563,0.00989563,-0.0583751
F,0.0371292,0.00989563,0.00989563,0.0470248
F,-0.0454123,0.00989563,0.00989563,-0.0355167
F,-0.153392,0.00989563,0.00989563,-0.143496
F,-0.201727,0.00989563,0.00989563,-0.191831
F,-0.334833,0.00989563,0.00989563,-0.324938
F,0.0788129,0.00989563,0.00989563,0.0887086
F,0.00625903,0.00989563,0.00989563,0.0161547
F,-0.142723,0.00989563,0.00989563,-0.132827
F,0.0454796,0.00989563,0.00989563,0.0553753
F,0.170085,0.00989563,0.00989563,0.179981
F,0.0693077,0.00989563,0.00989563,0.0792033
F,-0.242985,0.00989563,0.00989563,-0.233089
F,0.482716,0.00989563,0.00989563,0.492611
F,0.353788,0.00989563,0.00989563,0.363683
F,-0.0829081,0.00989563,0.00989563,-0.0730125
F,-0.110315,0.00989563,0.00989563,-0.10042
F,0.262856,-0.0255732,-0.0255732,0.237283
F,7.79597e-05,0.00989563,0.00989563,0.00997359
F,-0.28514,0.00989563,0.00989563,-0.275244
F,-0.23554,0.00989563,0.00989563,-0.225645
F,0.174044,0.00989563,0.00989563,0.183939
F,0.234846,0.00989563,0.00989563,0.244741
F,-0.129872,0.00989563,0.00989563,-0.119976
F,-0.250664,0.00989563,0.00989563,-0.240769
F,0.100964,0.00989563,0.00989563,0.110859
F,-0.102427,0.00989563,0.00989563,-0.0925311
F,0.100419,0.00989563,0.00989563,0.110314
F,0.380086,0.00989563,0.00989563,0.389982
F,0.180368,0.00989563,0.00989563,0.190264
F,0.0486724,0.00989563,0.00989563,0.058568
F,0.111817,0.00989563,0.00989563,0.121713
F,0.0171813,0.00989563,0.00989563,0.0270769
F,-0.24588,0.00989563,0.00989563,-0.235984
F,0.0619608,0.00989563,0.00989563,0.0718565
F,-0.177786,0.00989563,0.00989563,-0.167891
F,-0.275503,0.00989563,0.00989563,-0.265607
F,-0.315071,0.00989563,0.00989563,-0.305176
F,0.0646485,-0.0482131,-0.0482131,0.0164354
F,0.0123908,0.00989563,0.00989563,0.0222864
F,0.304615,0.00989563,0.00989563,0.314511
F,-0.306109,0.00989563,0.00989563,-0.296213
F,0.109819,0.00989563,0.00989563,0.119715
F,-0.404818,0.00989563,0.00989563,-0.394923
F,0.152734,0.00989563,0.00989563,0.16263
F,0.0284751,0.00989563,0.00989563,0.0383707
F,-0.0956879,0.00989563,0.00989563,-0.0857923
F,0.162711,0.00989563,0.00989563,0.172607
F,0.111681,0.00989563,0.00989563,0.121577
F,-0.207238,0.00989563,0.00989563,-0.197342
F,0.268557,0.00989563,0.00989563,0.278452
F,-0.269627,0.00989563,0.00989563,-0.259731
F,-0.0575129,-0.0482131,-0.0482131,-0.105726
F,0.364075,0.00989563,0.00989563,0.373971
F,0.0820695,0.00989563,0.00989563,0.0919651
F,0.233371,0.00989563,0.00989563,0.243267
F,-0.45266,0.00989563,0.00989563,-0.442764
F,-0.14859,0.00989563,0.00989563,-0.138694
F,-0.177146,0.00989563,0.00989563,-0.167251
F,0.0860007,0.00989563,0.00989563,0.0958963
F,0.036845,0.00989563,0.00989563,0.0467407
F,0.00824396,0.00989563,0.00989563,0.0181396
F,0.121023,0.00989563,0.00989563,0.130919
F,-0.337192,0.00989563,0.00989563,-0.327296
F,0.175449,0.00989563,0.00989563,0.185344
F,0.263376,0.00989563,0.00989563,0.273271
F,-0.170904,0.00989563,0.00989563,-0.161008
F,-0.0719564,0.00989563,0.00989563,-0.0620608
F,0.0695557,0.00989563,0.00989563,0.0794513
F,-0.151773,0.00989563,0.00989563,-0.141877
F,0.159527,0.00989563,0.00989563,0.169423
F,0.0555788,0.00989563,0.00989563,0.0654744
F,0.116565,0.00989563,0.00989563,0.12646
F,0.0552229,0.00989563,0.00989563,0.0651186
F,-0.0669079,0.00989563,0.00989563,-0.0570122
F,-0.0151862,0.00989563,0.00989563,-0.00529062
F,0.0871487,0.00989563,0.00989563,0.0970444
F,0.00967275,0.00989563,0.00989563,0.0195684
F,-0.192414,0.00989563,0.00989563,-0.182519
F,0.208628,0.00989563,0.00989563,0.218524
F,0.163548,0.00989563,0.00989563,0.173444
F,0.00285739,0.00989563,0.00989563,0.012753
F,0.0602157,0.00989563,0.00989563,0.0701113
F,-0.0548741,0.00989563,0.00989563,-0.0449785
F,-0.0347715,0.00989563,0.00989563,-0.0248759
F,-0.0809646,0.00989563,0.00989563,-0.071069
F,-0.143477,0.00989563,0.00989563,-0.133581
F,0.0507748,0.00989563,0.00989563,0.0606704
F,-0.437118,0.00989563,0.00989563,-0.427223
F,-0.445391,0.00989563,0.00989563,-0.435496
F,0.116138,0.00989563,0.00989563,0.126033
F,0.166812,0.00989563,0.00989563,0.176707
F,0.275821,0.00989563,0.00989563,0.285716
F,0.159047,0.0254202,0.0254202,0.184467
F,-0.334009,0.00989563,0.00989563,-0.324113
F,0.287099,0.00989563,0.00989563,0.296994
F,-0.0738644,0.00989563,0.00989563,-0.0639688
F,0.0736539,0.00989563,0.00989563,0.0835495
F,0.303619,0.00989563,0.00989563,0.313514
F,0.266035,0.00989563,0.00989563,0.275931
F,0.147636,0.00989563,0.00989563,0.157532
F,-0.0577233,-0.0482131,-0.0482131,-0.105936
F,0.332832,0.00989563,0.00989563,0.342728
F,0.0928981,0.00989563,0.00989563,0.102794
F,0.120533,0.00989563,0.00989563,0.130429
F,-0.193037,0.00989563,0.00989563,-0.183141
F,-0.23864,0.00989563,0.00989563,-0.228744
F,-0.201502,0.00989563,0.00989563,-0.191607
F,-0.146591,0.00989563,0.00989563,-0.136696
F,-0.425669,-0.0482131,-0.0482131,-0.473882
F,0.100855,0.00989563,0.00989563,0.110751
F,0.0384663,0.00989563,0.00989563,0.0483619
F,-0.0657738,0.00989563,0.00989563,-0.0558782
F,-0.029259,0.00989563,0.00989563,-0.0193633
F,-0.436098,0.00989563,0.00989563,-0.426202
F,-0.195891,0.00989563,0.00989563,-0.185995
F,0.153585,0.00989563,0.00989563,0.163481
F,-0.25618,0.00989563,0.00989563,-0.246284
F,0.110355,0.00989563,0.00989563,0.120251
F,-0.258246,0.00989563,0.00989563,-0.24835
F,0.088156,0.00989563,0.00989563,0.0980516
F,-0.190546,0.00989563,0.00989563,-0.18065
F,-0.0130027,0.00989563,0.00989563,-0.00310705
F,0.0111222,0.00989563,0.00989563,0.0210178
F,-0.150513,0.00989563,0.00989563,-0.140618
F,0.00318149,-0.0255732,-0.0255732,-0.0223918
F,-0.0652814,-0.0482131,-0.0482131,-0.113495
F,0.110077,0.00989563,0.00989563,0.119973
F,0.15132,0.00989563,0.00989563,0.161216
F,0.0807186,0.00989563,0.00989563,0.0906143
F,-0.00595888,0.00989563,0.00989563,0.00393675
F,0.0366677,0.00989563,0.00989563,0.0465633
F,0.0492349,0.00989563,0.00989563,0.0591305
F,0.218105,0.00989563,0.00989563,0.228001
F,0.183752,0.00989563,0.00989563,0.193648
F,-0.115518,0.00989563,0.00989563,-0.105622
F,-0.17081,0.00989563,0.00989563,-0.160914
F,-0.200162,0.0254202,0.0254202,-0.174741
F,0.230246,0.00989563,0.00989563,0.240142
F,-0.221778,0.00989563,0.00989563,-0.211883
F,0.294521,0.00989563,0.00989563,0.304417
F,0.149119,0.00989563,0.00989563,0.159015
F,-0.345493,-0.0482131,-0.0482131,-0.393706
F,-0.238074,0.0254202,0.0254202,-0.212654
F,-0.352621,0.00989563,0.00989563,-0.342725
F,0.0539009,0.00989563,0.00989563,0.0637965
F,-0.0773754,-0.0482131,-0.0482131,-0.125589
F,-0.0280067,0.00989563,0.00989563,-0.0181111
F,-0.146276,0.00989563,0.00989563,-0.136381
F,-0.234786,0.00989563,0.00989563,-0.224891
F,-0.168422,0.00989563,0.00989563,-0.158527
F,0.0621625,0.00989563,0.00989563,0.0720581
F,0.533387,0.00989563,0.00989563,0.543282
F,0.303302,0.00989563,0.00989563,0.313197
F,-0.093261,0.00989563,0.00989563,-0.0833653
F,-0.0819836,0.00989563,0.00989563,-0.0720879
F,0.173307,0.00989563,0.00989563,0.183202
F,-0.183751,0.00989563,0.00989563,-0.173855
F,-0.228284,0.00989563,0.00989563,-0.218389
F,0.385072,0.00989563,0.00989563,0.394968
F,-0.259823,0.00989563,0.00989563,-0.249927
F,-0.110917,0.00989563,0.00989563,-0.101022
F,0.124094,0.00989563,0.00989563,0.13399
F,0.0515,0.00989563,0.00989563,0.0613956
F,0.000634792,0.00989563,0.00989563,0.0105304
F,-0.0309512,0.00989563,0.00989563,-0.0210556
F,-0.146455,0.00989563,0.00989563,-0.13656
F,-0.184688,0.00989563,0.00989563,-0.174792
F,-0.0960773,0.00989563,0.00989563,-0.0861817
F,-0.201224,0.00989563,0.00989563,-0.191329
F,-0.349883,0.00989563,0.00989563,-0.339987
F,0.0172577,0.00989563,0.00989563,0.0271533
F,-0.0190661,0.00989563,0.00989563,-0.00917051
F,-0.143993,0.00989563,0.00989563,-0.134097
F,0.179957,0.00989563,0.00989563,0.189852
F,0.0420404,0.00989563,0.00989563,0.051936
F,-0.0582568,0.00989563,0.00989563,-0.0483612
F,0.111929,0.00989563,0.00989563,0.121825
F,0.0372545,0.00989563,0.00989563,0.0471501
F,0.168867,0.00989563,0.00989563,0.178762
F,0.187475,0.00989563,0.00989563,0.19737
F,0.00274323,0.00989563,0.00989563,0.0126389
F,-0.297988,0.00989563,0.00989563,-0.288092
F,0.166855,0.00989563,0.00989563,0.17675
F,-0.245469,0.00989563,0.00989563,-0.235574
F,-0.0978105,-0.0255732,-0.0255732,-0.123384
F,-0.306169,0.00989563,0.00989563,-0.296273
F,0.380872,0.00989563,0.00989563,0.390768
F,0.146461,0.00989563,0.00989563,0.156357
F,-0.139948,0.00989563,0.00989563,-0.130052
F,0.144912,0.00989563,0.00989563,0.154808
F,-0.070979,0.00989563,0.00989563,-0.0610834
F,0.148062,0.00989563,0.00989563,0.157958
F,-0.10053,0.00989563,0.00989563,-0.0906341
F,-0.160596,0.00989563,0.00989563,-0.150701
F,-0.244067,0.00989563,0.00989563,-0.234171
F,-0.298087,0.00989563,0.00989563,-0.288192
F,0.00442426,0.00989563,0.00989563,0.0143199
F,0.11796,0.00989563,0.00989563,0.127855
F,-0.213555,0.00989563,0.00989563,-0.203659
F,0.157484,0.00989563,0.00989563,0.16738
F,0.345419,0.00989563,0.00989563,0.355315
F,-0.0961553,0.00989563,0.00989563,-0.0862597
F,-0.123795,0.00989563,0.00989563,-0.113899
F,-0.243077,0.00989563,0.00989563,-0.233182
F,0.417583,0.00989563,0.00989563,0.427479
F,-0.0953567,0.00989563,0.00989563,-0.0854611
F,-0.0873434,0.00989563,0.00989563,-0.0774478
F,-0.143354,0.00989563,0.00989563,-0.133458
F,0.0166205,0.00989563,0.00989563,0.0265161
F,-0.226753,0.00989563,0.00989563,-0.216858
F,-0.00916703,0.00989563,0.00989563,0.000728598
F,0.0200248,-0.0255732,-0.0255732,-0.00554849
F,0.126098,0.00989563,0.00989563,0.135994
F,-0.102303,0.00989563,0.00989563,-0.0924072
F,0.065664,0.00989563,0.00989563,0.0755596
F,0.1812,0.00989563,0.00989563,0.191096
F,-0.0963041,0.00989563,0.00989563,-0.0864085
F,-0.434184,0.00989563,0.00989563,-0.424288
F,0.069696,0.00989563,0.00989563,0.0795916
F,-0.341404,0.00989563,0.00989563,-0.331509
F,-0.0337576,0.00989563,0.00989563,-0.023862
F,0.308822,0.00989563,0.00989563,0.318718
F,0.158612,0.00989563,0.00989563,0.168507
F,0.225498,0.00989563,0.00989563,0.235394
F,-0.30463,0.00989563,0.00989563,-0.294734
F,-0.106455,0.00989563,0.00989563,-0.0965597
F,-0.013759,0.00989563,0.00989563,-0.00386334
F,-0.0676489,0.00989563,0.00989563,-0.0577533
F,0.0188971,0.00989563,0.00989563,0.0287927
F,0.153509,0.00989563,0.00989563,0.163404
F,0.164864,0.0254202,0.0254202,0.190285
F,0.659171,0.00989563,0.00989563,0.669067
F,0.0757442,0.00989563,0.00989563,0.0856398
F,-0.00693492,-0.0482131,-0.0482131,-0.055148
F,-0.118743,0.00989563,0.00989563,-0.108847
F,-0.103493,0.00989563,0.00989563,-0.0935973
F,-0.0784248,0.00989563,0.00989563,-0.0685292
F,-0.250873,0.00989563,0.00989563,-0.240977
F,-0.0228318,0.00989563,0.00989563,-0.0129361
F,-0.119909,0.00989563,0.00989563,-0.110013
F,-0.199808,0.00989563,0.00989563,-0.189912
F,0.369406,0.00989563,0.00989563,0.379302
F,-0.228698,0.00989563,0.00989563,-0.218802
F,-0.350516,0.00989563,0.00989563,-0.340621
F,-0.0331003,0.00989563,0.00989563,-0.0232046
F,0.357912,0.00989563,0.00989563,0.367808
F,0.173901,0.00989563,0.00989563,0.183796
F,-0.131458,0.00989563,0.00989563,-0.121563
F,0.040851,0.00989563,0.00989563,0.0507466
F,-0.177361,0.00989563,0.00989563,-0.167466
F,0.122192,-0.0255732,-0.0255732,0.0966183
F,-0.0351016,0.00989563,0.00989563,-0.0252059
F,0.212523,0.00989563,0.00989563,0.222418
F,0.0233365,0.00989563,0.00989563,0.0332321
F,-0.0351282,0.00989563,0.00989563,-0.0252326
F,-0.298374,0.00989563,0.00989563,-0.288478
F,0.331179,0.00989563,0.00989563,0.341075
F,0.0936324,0.00989563,0.00989563,0.103528
F,-0.362665,0.00989563,0.00989563,-0.35277
F,0.076457,0.00989563,0.00989563,0.0863526
F,0.0415247,0.00989563,0.00989563,0.0514203
F,-0.0270691,0.00989563,0.00989563,-0.0171734
F,-0.0854002,0.00989563,0.00989563,-0.0755046
F,0.0348872,0.00989563,0.00989563,0.0447828
F,0.135121,0.00989563,0.00989563,0.145017
F,0.0555797,0.00989563,0.00989563,0.0654753
F,-0.151134,0.00989563,0.00989563,-0.141239
F,0.199004,0.00989563,0.00989563,0.2089
F,0.399741,0.00989563,0.00989563,0.409637
F,-0.307953,0.00989563,0.00989563,-0.298057
F,0.0300179,0.00989563,0.00989563,0.0399135
F,0.118563,0.00989563,0.00989563,0.128458
F,-0.0606814,0.00989563,0.00989563,-0.0507858
F,-0.352951,0.00989563,0.00989563,-0.343056
F,-0.187151,-0.0482131,-0.0482131,-0.235364
F,0.275087,0.00989563,0.00989563,0.284983
F,-0.0807178,0.00989563,0.00989563,-0.0708222
F,-0.166421,0.00989563,0.00989563,-0.156526
F,0.226707,0.00989563,0.00989563,0.236603
F,-0.168723,0.00989563,0.00989563,-0.158827
F,0.0794383,0.00989563,0.00989563,0.0893339
F,0.158171,0.00989563,0.00989563,0.168067
F,-0.0125718,0.00989563,0.00989563,-0.00267618
F,0.113603,0.00989563,0.00989563,0.123499
F,0.173386,0.00989563,0.00989563,0.183282
F,0.185435,0.00989563,0.00989563,0.19533
F,0.11723,0.00989563,0.00989563,0.127126
F,0.100684,-0.0255732,-0.0255732,0.0751104
F,-0.332766,0.00989563,0.00989563,-0.322871
F,0.0222633,0.00989563,0.00989563,0.032159
F,0.11289,0.00989563,0.00989563,0.122786
F,-0.144027,0.00989563,0.00989563,-0.134132
F,0.14359,0.00989563,0.00989563,0.153486
F,0.241346,0.00989563,0.00989563,0.251242
F,-0.1512,0.00989563,0.00989563,-0.141304
F,-0.0444004,0.00989563,0.00989563,-0.0345048
F,-0.107545,0.00989563,0.00989563,-0.097649
F,-0.457327,0.00989563,0.00989563,-0.447432
F,-0.0183739,0.00989563,0.00989563,-0.00847827
F,-0.00379641,0.00989563,0.00989563,0.00609921
F,-0.20398,0.00989563,0.00989563,-0.194085
F,0.0368313,0.00989563,0.00989563,0.046727
F,0.0422206,0.00989563,0.00989563,0.0521163
F,0.108903,0.00989563,0.00989563,0.118799
F,-0.284906,-0.0482131,-0.0482131,-0.333119
F,-0.3273,0.00989563,0.00989563,-0.317404
F,0.315353,0.00989563,0.00989563,0.325249
F,-0.027802,0.00989563,0.00989563,-0.0179064
F,0.120563,0.00989563,0.00989563,0.130458
F,0.161826,0.00989563,0.00989563,0.171721
F,-0.111696,-0.0255732,-0.0255732,-0.137269
F,0.0427462,0.00989563,0.00989563,0.0526418
F,-0.0609929,0.00989563,0.00989563,-0.0510972
F,0.374349,0.00989563,0.00989563,0.384245
F,0.100777,0.00989563,0.00989563,0.110673
F,-0.239461,-0.0255732,-0.0255732,-0.265034
F,0.0363741,0.00989563,0.00989563,0.0462697
F,-0.355733,0.00989563,0.00989563,-0.345837
F,0.268602,0.00989563,0.00989563,0.278498
F,0.140743,0.00989563,0.00989563,0.150638
F,-0.209849,0.00989563,0.00989563,-0.199954
F,0.234128,0.00989563,0.00989563,0.244024
F,-0.150257,0.00989563,0.00989563,-0.140362
F,0.0114771,0.00989563,0.00989563,0.0213727
F,-0.0321153,0.00989563,0.00989563,-0.0222197
F,0.0692251,0.00989563,0.00989563,0.0791207
F,-0.31465,0.00989563,0.00989563,-0.304754
F,-0.0244029,0.00989563,0.00989563,-0.0145072
F,0.281731,0.00989563,0.00989563,0.291627
F,-0.186972,0.00989563,0.00989563,-0.177077
F,-0.0787471,0.00989563,0.00989563,-0.0688515
F,-0.04786,0.00989563,0.00989563,-0.0379644
F,-0.153176,-0.0482131,-0.0482131,-0.201389
F,-0.372825,-0.0482131,-0.0482131,-0.421038
F,0.348745,0.00989563,0.00989563,0.358641
F,0.314897,0.00989563,0.00989563,0.324793
F,-0.0661464,0.00989563,0.00989563,-0.0562507
F,-0.242868,-0.0255732,-0.0255732,-0.268441
F,0.178204,0.00989563,0.00989563,0.188099
F,-0.0690272,0.00989563,0.00989563,-0.0591316
F,-0.0201035,0.00989563,0.00989563,-0.0102079
F,0.0925492,0.00989563,0.00989563,0.102445
F,-0.105643,0.00989563,0.00989563,-0.0957474
F,-0.0460412,0.00989563,0.00989563,-0.0361456
F,0.211716,0.00989563,0.00989563,0.221611
F,-0.21157,0.00989563,0.00989563,-0.201674
F,0.270057,0.00989563,0.00989563,0.279953
F,0.148831,0.00989563,0.00989563,0.158726
F,-0.137502,0.00989563,0.00989563,-0.127607
F,0.348862,0.00989563,0.00989563,0.358758
F,-0.136104,0.00989563,0.00989563,-0.126208
F,-0.246215,0.00989563,0.00989563,-0.236319
F,0.324828,0.00989563,0.00989563,0.334723
F,0.0032499,-0.0482131,-0.0482131,-0.0449632
F,-0.136473,0.0254202,0.0254202,-0.111053
F,-0.245997,0.00989563,0.00989563,-0.236101
F,-0.16662,0.00989563,0.00989563,-0.156725
F,-0.0205282,0.00989563,0.00989563,-0.0106326
F,-0.075677,0.0254202,0.0254202,-0.0502568
F,-0.153829,0.00989563,0.00989563,-0.143933
F,-0.414574,0.00989563,0.00989563,-0.404678
F,-0.162456,0.00989563,0.00989563,-0.15256
F,0.090995,0.00989563,0.00989563,0.100891
F,-0.198975,0.00989563,0.00989563,-0.18908
F,0.239175,0.00989563,0.00989563,0.249071
F,-0.0617928,0.00989563,0.00989563,-0.0518971
F,0.213829,0.00989563,0.00989563,0.223725
F,-0.0657039,0.00989563,0.00989563,-0.0558083
F,0.282887,0.00989563,0.00989563,0.292782
F,-0.253861,0.00989563,0.00989563,-0.243965
F,-0.0754248,0.00989563,0.00989563,-0.0655292
F,-0.16815,0.00989563,0.00989563,-0.158254
F,-0.398717,0.00989563,0.00989563,-0.388822
F,-0.14101,0.00989563,0.00989563,-0.131115
F,-0.231779,0.00989563,0.00989563,-0.221884
F,0.0825898,-0.0255732,-0.0255732,0.0570166
F,-0.219621,0.00989563,0.00989563,-0.209726
F,-0.255871,-0.0482131,-0.0482131,-0.304084
F,-0.286767,-0.0482131,-0.0482131,-0.33498
F,-0.0402098,0.00989563,0.00989563,-0.0303142
F,-0.172281,0.00989563,0.00989563,-0.162385
F,-0.0292344,0.00989563,0.00989563,-0.0193388
F,-0.102508,0.00989563,0.00989563,-0.0926127
F,-0.321804,0.00989563,0.00989563,-0.311908
F,-0.349827,0.00989563,0.00989563,-0.339932
F,-0.0995767,0.00989563,0.00989563,-0.089681
F,0.075812,0.00989563,0.00989563,0.0857076
F,-0.119388,0.00989563,0.00989563,-0.109493
F,-0.000317736,0.00989563,0.00989563,0.00957789
F,-0.227992,-0.0255732,-0.0255732,-0.253565
F,-0.144181,0.00989563,0.00989563,-0.134286
F,0.176104,0.0254202,0.0254202,0.201524
F,0.389988,0.00989563,0.00989563,0.399884
F,-0.123413,0.00989563,0.00989563,-0.113517
F,-0.280751,0.00989563,0.00989563,-0.270855
F,-0.0189872,0.00989563,0.00989563,-0.00909157
F,0.169513,0.00989563,0.00989563,0.179409
F,-0.022822,0.00989563,0.00989563,-0.0129264
F,-0.141801,0.00989563,0.00989563,-0.131905
F,-0.230787,0.00989563,0.00989563,-0.220891
F,0.028003,0.00989563,0.00989563,0.0378986
F,0.20396,-0.0482131,-0.0482131,0.155747
F,0.234543,0.00989563,0.00989563,0.244439
F,-0.0895229,0.00989563,0.00989563,-0.0796273
F,-0.0618095,0.00989563,0.00989563,-0.0519139
F,-0.0197265,0.00989563,0.00989563,-0.00983088
F,-0.643181,0.00989563,0.00989563,-0.633285
F,-0.263924,0.00989563,0.00989563,-0.254028
F,0.340878,0.00989563,0.00989563,0.350774
F,0.234723,0.00989563,0.00989563,0.244619
F,-0.119316,0.00989563,0.00989563,-0.10942
F,0.100731,0.00989563,0.00989563,0.110627
F,-0.261119,0.00989563,0.00989563,-0.251224
F,-0.220943,0.00989563,0.00989563,-0.211047
F,-0.0876266,0.00989563,0.00989563,-0.0777309
F,-0.099001,0.00989563,0.00989563,-0.0891054
F,-0.00318808,0.00989563,0.00989563,0.00670754
F,-0.113116,-0.0482131,-0.0482131,-0.161329
F,0.0467847,0.00989563,0.00989563,0.0566804
F,-0.126118,0.00989563,0.00989563,-0.116222
F,-0.0781873,0.00989563,0.00989563,-0.0682917
F,-0.0271692,0.00989563,0.00989563,-0.0172736
F,0.251828,0.00989563,0.00989563,0.261724
F,-0.541673,0.00989563,0.00989563,-0.531777
F,-0.336774,0.00989563,0.00989563,-0.326879
F,-0.013023,0.00989563,0.00989563,-0.00312742
F,-0.0174162,-0.0482131,-0.0482131,-0.0656293
F,0.0400002,0.00989563,0.00989563,0.0498958
F,-0.115528,0.00989563,0.00989563,-0.105632
F,0.192954,0.00989563,0.00989563,0.202849
F,-0.164163,0.00989563,0.00989563,-0.154268
F,-0.0129524,0.00989563,0.00989563,-0.00305678
F,0.373152,0.00989563,0.00989563,0.383048
F,-0.0213102,0.00989563,0.00989563,-0.0114146
F,0.145447,0.00989563,0.00989563,0.155343
F,-0.0579069,0.00989563,0.00989563,-0.0480113
F,0.00942493,0.0254202,0.0254202,0.0348451
F,0.138317,0.00989563,0.00989563,0.148212
F,0.11467,0.00989563,0.00989563,0.124565
F,0.0940922,0.00989563,0.00989563,0.103988
F,0.213109,0.00989563,0.00989563,0.223005
F,-0.0881178,0.00989563,0.00989563,-0.0782222
F,-0.0417887,0.00989563,0.00989563,-0.031893
F,0.084739,0.0254202,0.0254202,0.110159
F,0.162869,-0.0482131,-0.0482131,0.114656
F,-0.0622966,0.00989563,0.00989563,-0.052401
F,0.290948,0.00989563,0.00989563,0.300844
F,-0.487464,0.00989563,0.00989563,-0.477569
F,0.263819,-0.0482131,-0.0482131,0.215606
F,-0.202053,0.00989563,0.00989563,-0.192157
F,0.130717,0.00989563,0.00989563,0.140613
F,-0.403955,0.00989563,0.00989563,-0.394059
F,-0.00430804,0.00989563,0.00989563,0.00558758
F,0.310397,0.00989563,0.00989563,0.320293
F,0.187084,0.00989563,0.00989563,0.19698
F,0.103671,0.00989563,0.00989563,0.113567
F,0.0792232,0.00989563,0.00989563,0.0891188
F,0.14798,0.00989563,0.00989563,0.157876
F,-0.121911,0.00989563,0.00989563,-0.112016
F,0.20644,-0.0255732,-0.0255732,0.180866
F,0.00671954,0.00989563,0.00989563,0.0166152
F,-0.00996552,0.00989563,0.00989563,-6.9896e-05
F,0.262454,0.00989563,0.00989563,0.27235
F,0.253607,0.00989563,0.00989563,0.263503
F,0.343595,0.0254202,0.0254202,0.369015
F,0.224821,0.00989563,0.00989563,0.234717
F,-0.0188737,0.00989563,0.00989563,-0.00897807
F,0.0998779,0.00989563,0.00989563,0.109773
F,-0.19078,0.0254202,0.0254202,-0.16536
F,-0.313593,-0.0482131,-0.0482131,-0.361806
F,-0.0452131,0.00989563,0.00989563,-0.0353175
F,-0.100182,0.00989563,0.00989563,-0.090286
F,-0.514755,0.00989563,0.00989563,-0.504859
F,-0.375669,0.00989563,0.00989563,-0.365773
F,0.424882,0.00989563,0.00989563,0.434777
F,-0.0267172,0.00989563,0.00989563,-0.0168215
F,-0.269202,0.00989563,0.00989563,-0.259307
F,0.126097,0.00989563,0.00989563,0.135993
F,-0.0535797,0.00989563,0.00989563,-0.043684
F,0.496684,0.00989563,0.00989563,0.506579
F,0.0275628,0.00989563,0.00989563,0.0374585
F,0.025413,0.00989563,0.00989563,0.0353086
F,-0.267289,0.00989563,0.00989563,-0.257393
F,-0.0511136,0.00989563,0.00989563,-0.041218
F,-0.402365,0.00989563,0.00989563,-0.39247
F,-0.278099,0.00989563,0.00989563,-0.268203
F,0.0727674,0.00989563,0.00989563,0.082663
F,-0.123633,0.00989563,0.00989563,-0.113738
F,0.225247,0.00989563,0.00989563,0.235142
F,-0.396021,0.00989563,0.00989563,-0.386125
F,-0.130258,0.00989563,0.00989563,-0.120363
F,0.0554127,0.00989563,0.00989563,0.0653084
F,0.132309,0.00989563,0.00989563,0.142204
F,-0.305359,0.00989563,0.00989563,-0.295463
F,0.284937,0.00989563,0.00989563,0.294832
F,0.141306,0.00989563,0.00989563,0.151201
F,-0.06517,0.00989563,0.00989563,-0.0552744
F,0.432656,0.00989563,0.00989563,0.442551
F,-0.150069,-0.0482131,-0.0482131,-0.198282
F,-0.031829,0.00989563,0.00989563,-0.0219334
F,0.0790606,0.00989563,0.00989563,0.0889562
F,-0.000654962,0.00989563,0.00989563,0.00924066
F,-0.0166713,0.00989563,0.00989563,-0.00677569
F,-0.0461712,0.00989563,0.00989563,-0.0362755
F,-0.43222,0.0254202,0.0254202,-0.4068
F,-0.29056,0.00989563,0.00989563,-0.280664
F,0.384365,0.00989563,0.00989563,0.394261
F,0.134669,0.00989563,0.00989563,0.144564
F,-0.158641,0.00989563,0.00989563,-0.148745
F,0.0217757,0.00989563,0.00989563,0.0316713
F,0.0937698,0.00989563,0.00989563,0.103665
F,-0.044979,0.00989563,0.00989563,-0.0350834
F,0.278028,-0.0482131,-0.0482131,0.229815
F,0.067019,0.00989563,0.00989563,0.0769146
F,0.372866,-0.0482131,-0.0482131,0.324653
F,-0.157171,0.00989563,0.00989563,-0.147275
F,-0.000767711,0.00989563,0.00989563,0.00912792
F,-0.230872,0.00989563,0.00989563,-0.220976
F,-0.112963,0.00989563,0.00989563,-0.103067
F,-0.251254,0.00989563,0.00989563,-0.241358
F,-0.0992286,0.00989563,0.00989563,-0.089333
F,0.291514,0.00989563,0.00989563,0.301409
F,0.123824,0.00989563,0.00989563,0.133719
F,0.0994824,0.00989563,0.00989563,0.109378
F,0.291548,0.00989563,0.00989563,0.301444
F,-0.134819,0.00989563,0.00989563,-0.124924
F,0.17191,0.00989563,0.00989563,0.181806
F,-0.0344743,0.00989563,0.00989563,-0.0245786
F,-0.2536,0.00989563,0.00989563,-0.243704
F,0.124195,0.00989563,0.00989563,0.134091
F,0.0982933,0.00989563,0.00989563,0.108189
F,-0.0339439,0.00989563,0.00989563,-0.0240482
F,-0.217631,0.00989563,0.00989563,-0.207736
F,-0.10853,0.00989563,0.00989563,-0.0986347
F,-0.0381805,0.00989563,0.00989563,-0.0282849
F,-0.0178505,0.00989563,0.00989563,-0.00795484
F,0.125539,0.00989563,0.00989563,0.135435
F,-0.0639971,0.00989563,0.00989563,-0.0541015
F,-0.227726,0.00989563,0.00989563,-0.217831
F,0.147785,0.00989563,0.00989563,0.15768
F,-0.179999,0.00989563,0.00989563,-0.170104
F,0.236089,0.00989563,0.00989563,0.245984
F,-0.127336,0.00989563,0.00989563,-0.117441
F,-0.0355681,0.00989563,0.00989563,-0.0256725
F,0.0583089,0.00989563,0.00989563,0.0682046
F,-0.258401,0.00989563,0.00989563,-0.248505
F,0.315154,0.00989563,0.00989563,0.32505
F,0.23086,0.00989563,0.00989563,0.240756
F,-0.0115299,0.00989563,0.00989563,-0.00163432
F,0.0774188,0.00989563,0.00989563,0.0873144
F,0.0602991,0.00989563,0.00989563,0.0701947
F,0.223624,0.00989563,0.00989563,0.233519
F,-0.0286631,0.00989563,0.00989563,-0.0187674
F,0.10013,0.00989563,0.00989563,0.110025
F,-0.302055,0.00989563,0.00989563,-0.292159
F,0.0155815,0.00989563,0.00989563,0.0254771
F,-0.0695787,0.00989563,0.00989563,-0.0596831
F,0.142819,0.00989563,0.00989563,0.152715
F,-0.300708,0.00989563,0.00989563,-0.290812
F,0.0709215,0.00989563,0.00989563,0.0808171
F,-0.0133964,0.00989563,0.00989563,-0.00350081
F,0.205498,0.00989563,0.00989563,0.215393
F,0.128149,0.00989563,0.00989563,0.138045
F,-0.0797048,0.00989563,0.00989563,-0.0698092
F,-0.32022,0.00989563,0.00989563,-0.310324
F,-0.299152,0.00989563,0.00989563,-0.289256
F,-0.137732,0.00989563,0.00989563,-0.127836
F,0.148254,-0.0482131,-0.0482131,0.100041
F,-0.107271,0.00989563,0.00989563,-0.0973758
F,-0.167539,0.00989563,0.00989563,-0.157644
F,0.215128,0.00989563,0.00989563,0.225023
F,-0.14864,-0.0255732,-0.0255732,-0.174213
F,-0.0131767,0.00989563,0.00989563,-0.00328108
F,-0.0259468,0.00989563,0.00989563,-0.0160512
F,-0.0189206,0.00989563,0.00989563,-0.00902501
F,0.22143,0.00989563,0.00989563,0.231325
F,0.130992,0.00989563,0.00989563,0.140888
F,0.18875,0.00989563,0.00989563,0.198646
F,0.0330684,0.00989563,0.00989563,0.042964
F,-0.182569,0.00989563,0.00989563,-0.172674
F,0.162928,-0.0482131,-0.0482131,0.114715
F,0.0672592,0.00989563,0.00989563,0.0771549
F,0.153207,0.00989563,0.00989563,0.163103
F,-0.241303,0.00989563,0.00989563,-0.231408
F,0.198817,0.00989563,0.00989563,0.208713
F,-0.190706,0.00989563,0.00989563,-0.18081
F,-0.400439,-0.0482131,-0.0482131,-0.448652
F,-0.0368152,0.00989563,0.00989563,-0.0269196
F,-0.0179628,0.00989563,0.00989563,-0.00806717
F,-0.175438,0.00989563,0.00989563,-0.165543
F,-0.0379652,0.00989563,0.00989563,-0.0280696
F,0.148087,0.00989563,0.00989563,0.157982
F,-0.128094,0.00989563,0.00989563,-0.118198
F,0.0023052,0.00989563,0.00989563,0.0122008
F,0.0701229,0.00989563,0.00989563,0.0800185
F,0.256604,0.00989563,0.00989563,0.2665
F,-0.128297,0.00989563,0.00989563,-0.118401
F,-0.339239,0.00989563,0.00989563,-0.329343
F,-0.134911,0.00989563,0.00989563,-0.125015
F,0.140808,0.00989563,0.00989563,0.150704
F,-0.054379,0.00989563,0.00989563,-0.0444834
F,0.0485353,0.00989563,0.00989563,0.058431
F,-0.262855,0.00989563,0.00989563,-0.252959
F,-0.017814,0.00989563,0.00989563,-0.00791842
F,0.199323,0.00989563,0.00989563,0.209219
F,-0.293884,0.00989563,0.00989563,-0.283988
F,0.0746823,0.00989563,0.00989563,0.0845779
F,-0.295832,0.00989563,0.00989563,-0.285937
F,-0.260891,0.00989563,0.00989563,-0.250996
F,0.048519,0.00989563,0.00989563,0.0584146
F,-0.0980108,0.00989563,0.00989563,-0.0881152
F,0.0582514,0.00989563,0.00989563,0.0681471
F,-0.132214,0.00989563,0.00989563,-0.122318
F,-0.122902,0.00989563,0.00989563,-0.113007
F,0.077376,0.00989563,0.00989563,0.0872716
F,-0.447319,0.00989563,0.00989563,-0.437423
F,-0.151268,0.00989563,0.00989563,-0.141372
F,-0.00773353,0.00989563,0.00989563,0.00216209
F,-0.371253,0.00989563,0.00989563,-0.361357
F,0.252418,-0.0482131,-0.0482131,0.204205
F,-0.0422775,-0.0482131,-0.0482131,-0.0904906
F,0.0521509,0.00989563,0.00989563,0.0620465
F,0.0178965,0.00989563,0.00989563,0.0277921
F,0.0342738,0.00989563,0.00989563,0.0441694
F,0.0255121,0.00989563,0.00989563,0.0354077
F,0.0574588,0.00989563,0.00989563,0.0673544
F,-0.117536,0.00989563,0.00989563,-0.107641
F,0.353878,0.00989563,0.00989563,0.363774
F,0.239032,0.00989563,0.00989563,0.248928
F,-0.05211,0.00989563,0.00989563,-0.0422144
F,-0.368456,0.00989563,0.00989563,-0.35856
F,-0.141583,0.00989563,0.00989563,-0.131687
F,0.0523711,0.00989563,0.00989563,0.0622667
F,0.469414,0.00989563,0.00989563,0.47931
F,0.249382,0.00989563,0.00989563,0.259278
F,-0.192706,0.00989563,0.00989563,-0.182811
F,0.22743,0.00989563,0.00989563,0.237326
F,-0.0177828,0.00989563,0.00989563,-0.00788719
F,0.224252,0.00989563,0.00989563,0.234148
F,-0.25482,0.00989563,0.00989563,-0.244925
F,0.0973874,0.00989563,0.00989563,0.107283
F,0.0672261,0.00989563,0.00989563,0.0771217
F,-0.145473,0.00989563,0.00989563,-0.135577
F,-0.0490676,0.00989563,0.00989563,-0.039172
F,-0.0558469,0.00989563,0.00989563,-0.0459513
F,-0.0172625,-0.0482131,-0.0482131,-0.0654756
F,-0.294901,0.00989563,0.00989563,-0.285005
F,0.151594,0.00989563,0.00989563,0.16149
F,0.0900727,0.0254202,0.0254202,0.115493
F,-0.130395,0.00989563,0.00989563,-0.1205
F,0.0245773,0.00989563,0.00989563,0.034473
F,-0.10468,-0.0255732,-0.0255732,-0.130253
F,0.128474,0.00989563,0.00989563,0.13837
F,-0.0846946,0.00989563,0.00989563,-0.074799
F,0.107082,0.00989563,0.00989563,0.116978
F,-0.110084,0.00989563,0.00989563,-0.100188
F,0.198898,0.00989563,0.00989563,0.208793
F,-0.144645,0.00989563,0.00989563,-0.134749
F,0.130946,0.00989563,0.00989563,0.140842
F,0.0764513,0.00989563,0.00989563,0.0863469
F,-0.147144,0.00989563,0.00989563,-0.137248
F,0.0997193,0.00989563,0.00989563,0.109615
F,0.117813,0.00989563,0.00989563,0.127708
F,-0.0440826,0.00989563,0.00989563,-0.034187
F,0.13907,0.00989563,0.00989563,0.148965
F,0.0512528,0.00989563,0.00989563,0.0611484
F,-0.0868402,-0.0255732,-0.0255732,-0.112413
F,0.283835,0.00989563,0.00989563,0.293731
F,0.141646,0.00989563,0.00989563,0.151541
F,0.44714,-0.0482131,-0.0482131,0.398927
F,0.134273,0.00989563,0.00989563,0.144168
F,-0.150915,0.00989563,0.00989563,-0.141019
F,-0.15941,0.00989563,0.00989563,-0.149515
F,0.241579,0.00989563,0.00989563,0.251474
F,0.145347,0.00989563,0.00989563,0.155243
F,-0.0206214,0.00989563,0.00989563,-0.0107258
F,-0.198304,0.00989563,0.00989563,-0.188409
F,-0.344462,0.00989563,0.00989563,-0.334567
F,-0.279381,0.00989563,0.00989563,-0.269485
F,0.145433,0.00989563,0.00989563,0.155329
F,-0.071787,0.00989563,0.00989563,-0.0618913
F,-0.0698544,0.00989563,0.00989563,-0.0599588
F,0.0324049,0.00989563,0.00989563,0.0423006
F,-0.0588007,0.00989563,0.00989563,-0.0489051
F,0.442014,0.0254202,0.0254202,0.467435
F,-0.024073,0.00989563,0.00989563,-0.0141774
F,0.310717,0.00989563,0.00989563,0.320613
F,-0.116886,0.00989563,0.00989563,-0.106991
F,-0.274177,0.00989563,0.00989563,-0.264281
F,0.160674,0.00989563,0.00989563,0.170569
F,0.0691013,0.00989563,0.00989563,0.0789969
F,-0.334522,0.00989563,0.00989563,-0.324626
F,0.2395,0.00989563,0.00989563,0.249396
F,-0.295942,0.00989563,0.00989563,-0.286046
F,-0.0297775,0.0254202,0.0254202,-0.00435732
F,0.0725341,0.00989563,0.00989563,0.0824297
F,-0.016897,0.00989563,0.00989563,-0.00700137
F,-0.131606,0.00989563,0.00989563,-0.12171
F,0.117032,0.00989563,0.00989563,0.126927
F,-0.596963,0.00989563,0.00989563,-0.587067
F,0.0525518,0.00989563,0.00989563,0.0624475
F,0.00845108,0.00989563,0.00989563,0.0183467
F,-0.074339,0.00989563,0.00989563,-0.0644434
F,0.0409784,0.00989563,0.00989563,0.0508741
F,0.115864,0.00989563,0.00989563,0.125759
F,0.169158,-0.0255732,-0.0255732,0.143585
F,0.2641,0.00989563,0.00989563,0.273996
F,0.40467,0.00989563,0.00989563,0.414566
F,-0.0673588,0.00989563,0.00989563,-0.0574632
F,0.0235475,0.00989563,0.00989563,0.0334431
F,-0.00662678,0.00989563,0.00989563,0.00326885
F,0.143957,0.00989563,0.00989563,0.153852
F,0.0137581,0.00989563,0.00989563,0.0236537
F,0.10886,0.00989563,0.00989563,0.118756
F,-0.156597,0.00989563,0.00989563,-0.146702
F,0.204363,0.00989563,0.00989563,0.214258
F,-0.106171,0.00989563,0.00989563,-0.0962757
F,0.0895072,0.00989563,0.00989563,0.0994029
F,0.284185,0.00989563,0.00989563,0.29408
F,-0.00510454,0.00989563,0.00989563,0.00479109
F,0.37258,0.00989563,0.00989563,0.382476
F,0.214669,0.00989563,0.00989563,0.224564
F,-0.102693,0.00989563,0.00989563,-0.092797
F,0.149178,0.00989563,0.00989563,0.159074
F,-0.0783065,0.00989563,0.00989563,-0.0684109
F,-0.207228,-0.0255732,-0.0255732,-0.232801
F,0.639325,0.00989563,0.00989563,0.649221
F,-0.206777,0.00989563,0.00989563,-0.196881
F,-0.406239,0.00989563,0.00989563,-0.396343
F,-0.534058,0.00989563,0.00989563,-0.524162
F,0.0836117,0.00989563,0.00989563,0.0935073
F,-0.0127241,0.00989563,0.00989563,-0.00282849
F,-0.0856484,0.00989563,0.00989563,-0.0757527
F,0.0361336,0.00989563,0.00989563,0.0460292
F,-0.0784537,0.00989563,0.00989563,-0.0685581
F,0.125241,0.00989563,0.00989563,0.135137
F,-0.183174,0.00989563,0.00989563,-0.173278
F,-0.160541,0.00989563,0.00989563,-0.150645
F,0.0857222,0.00989563,0.00989563,0.0956178
F,-0.277733,0.00989563,0.00989563,-0.267838
F,0.201177,0.00989563,0.00989563,0.211073
F,-0.219815,0.00989563,0.00989563,-0.20992
F,-0.221706,0.00989563,0.00989563,-0.21181
F,0.472142,0.00989563,0.00989563,0.482038
F,0.191113,0.00989563,0.00989563,0.201008
F,0.0266647,0.00989563,0.00989563,0.0365603
F,-0.0215199,0.00989563,0.00989563,-0.0116243
F,-0.311055,0.0254202,0.0254202,-0.285635
F,0.0192197,0.00989563,0.00989563,0.0291153
F,-0.0357957,0.00989563,0.00989563,-0.0259001
F,-0.0568648,0.00989563,0.00989563,-0.0469691
F,0.0188174,0.00989563,0.00989563,0.028713
F,-0.0710906,0.00989563,0.00989563,-0.061195
F,-0.0937517,-0.0482131,-0.0482131,-0.141965
F,0.279726,0.00989563,0.00989563,0.289621
F,-0.0209658,0.00989563,0.00989563,-0.0110701
F,0.125039,0.00989563,0.00989563,0.134934
F,-0.248314,-0.0482131,-0.0482131,-0.296527
F,0.331831,0.00989563,0.00989563,0.341727
F,-0.367088,0.00989563,0.00989563,-0.357193
F,0.046139,0.00989563,0.00989563,0.0560346
F,-0.146935,0.00989563,0.00989563,-0.13704
F,-0.0596961,0.00989563,0.00989563,-0.0498004
F,0.0085977,0.00989563,0.00989563,0.0184933
F,-0.441057,0.00989563,0.00989563,-0.431161
F,-0.0943838,0.00989563,0.00989563,-0.0844882
F,-0.199591,0.00989563,0.00989563,-0.189695
F,0.0598701,0.00989563,0.00989563,0.0697658
F,-0.156842,0.00989563,0.00989563,-0.146946
F,0.112876,0.00989563,0.00989563,0.122771
F,0.154019,0.00989563,0.00989563,0.163915
F,0.0201003,0.00989563,0.00989563,0.0299959
F,-0.481854,0.00989563,0.00989563,-0.471958
F,0.296432,0.00989563,0.00989563,0.306328
F,-0.217215,0.00989563,0.00989563,-0.207319
F,-0.296854,0.00989563,0.00989563,-0.286958
F,-0.255996,0.00989563,0.00989563,-0.246101
F,0.0744177,0.00989563,0.00989563,0.0843133
F,0.00273461,0.00989563,0.00989563,0.0126302
F,-0.195697,0.00989563,0.00989563,-0.185801
F,0.135287,0.00989563,0.00989563,0.145183
F,0.136545,0.00989563,0.00989563,0.146441
F,0.0964587,0.00989563,0.00989563,0.106354
F,-0.291999,0.00989563,0.00989563,-0.282103
F,-0.152315,-0.0255732,-0.0255732,-0.177888
F,-0.0907696,0.00989563,0.00989563,-0.0808739
F,-0.229662,0.00989563,0.00989563,-0.219767
F,0.376818,0.00989563,0.00989563,0.386714
F,-0.172955,0.00989563,0.00989563,-0.163059
F,0.0127434,-0.0482131,-0.0482131,-0.0354697
F,-0.11753,0.00989563,0.00989563,-0.107635
F,0.129831,0.00989563,0.00989563,0.139727
F,0.196977,-0.0482131,-0.0482131,0.148764
F,0.309555,0.00989563,0.00989563,0.319451
F,0.0519039,0.00989563,0.00989563,0.0617996
F,-0.382375,0.00989563,0.00989563,-0.372479
F,0.200081,0.00989563,0.00989563,0.209976
F,0.328047,-0.0482131,-0.0482131,0.279834
F,0.163616,0.00989563,0.00989563,0.173511
F,-0.352973,0.00989563,0.00989563,-0.343078
F,0.0647733,0.00989563,0.00989563,0.0746689
F,-0.0516616,0.00989563,0.00989563,-0.041766
F,0.283819,0.00989563,0.00989563,0.293714
F,0.0577435,0.00989563,0.00989563,0.0676391
F,0.0170217,-0.0255732,-0.0255732,-0.00855153
F,-0.288368,0.00989563,0.00989563,-0.278473
F,-0.142503,0.00989563,0.00989563,-0.132608
F,0.156816,0.00989563,0.00989563,0.166712
F,0.36881,0.00989563,0.00989563,0.378706
F,-0.0477994,-0.0482131,-0.0482131,-0.0960125
F,-0.022426,0.00989563,0.00989563,-0.0125303
F,-0.044319,0.00989563,0.00989563,-0.0344234
F,0.272802,0.00989563,0.00989563,0.282697
F,0.139193,0.00989563,0.00989563,0.149088
F,0.261755,0.00989563,0.00989563,0.271651
F,-0.0217961,0.00989563,0.00989563,-0.0119004
F,-0.566241,0.00989563,0.00989563,-0.556346
F,-0.202898,0.00989563,0.00989563,-0.193002
F,-0.157596,0.00989563,0.00989563,-0.1477
F,0.264067,0.00989563,0.00989563,0.273963
F,-0.289472,0.00989563,0.00989563,-0.279577
F,0.164627,0.00989563,0.00989563,0.174522
F,0.13712,0.00989563,0.00989563,0.147016
F,-0.107584,0.00989563,0.00989563,-0.0976886
F,0.135671,0.00989563,0.00989563,0.145567
F,-0.0252572,0.00989563,0.00989563,-0.0153615
F,0.383592,0.00989563,0.00989563,0.393488
F,-0.239255,0.00989563,0.00989563,-0.229359
F,-0.299827,0.00989563,0.00989563,-0.289931
F,0.15607,0.00989563,0.00989563,0.165966
F,-0.014103,0.00989563,0.00989563,-0.00420739
F,-0.113508,0.00989563,0.00989563,-0.103612
F,-0.0230854,0.00989563,0.00989563,-0.0131898
F,0.1182,0.00989563,0.00989563,0.128096
F,-0.288444,-0.0482131,-0.0482131,-0.336657
F,-0.287522,0.00989563,0.00989563,-0.277626
F,0.193066,0.00989563,0.00989563,0.202961
F,0.087407,0.00989563,0.00989563,0.0973027
F,0.204221,0.00989563,0.00989563,0.214117
F,-0.0997875,0.00989563,0.00989563,-0.0898919
F,-0.118515,0.00989563,0.00989563,-0.108619
F,0.454297,0.00989563,0.00989563,0.464193
F,0.0414879,0.00989563,0.00989563,0.0513835
F,0.0244476,0.00989563,0.00989563,0.0343432
F,0.118128,0.00989563,0.00989563,0.128024
F,-0.0723263,0.00989563,0.00989563,-0.0624307
F,0.258202,0.00989563,0.00989563,0.268097
F,-0.389389,0.0254202,0.0254202,-0.363968
F,-0.141111,0.00989563,0.00989563,-0.131215
F,-0.0470629,0.00989563,0.00989563,-0.0371672
F,-0.389766,0.00989563,0.00989563,-0.379871
F,-0.179679,0.00989563,0.00989563,-0.169783
F,-0.0378874,0.00989563,0.00989563,-0.0279917
F,0.170015,-0.0482131,-0.0482131,0.121802
F,-0.393671,0.00989563,0.00989563,-0.383775
F,-0.0572896,0.00989563,0.00989563,-0.047394
F,0.0298348,0.00989563,0.00989563,0.0397304
F,-0.145969,0.00989563,0.00989563,-0.136074
F,0.158078,0.00989563,0.00989563,0.167974
F,-0.593786,0.00989563,0.00989563,-0.58389
F,-0.350884,0.00989563,0.00989563,-0.340989
F,-0.0893099,-0.0482131,-0.0482131,-0.137523
F,0.247933,0.00989563,0.00989563,0.257829
F,-0.0657632,0.00989563,0.00989563,-0.0558676
F,0.238927,0.00989563,0.00989563,0.248823
F,0.184392,0.00989563,0.00989563,0.194287
F,0.116937,0.00989563,0.00989563,0.126833
F,-0.0809751,0.00989563,0.00989563,-0.0710795
F,0.528189,0.00989563,0.00989563,0.538085
F,-0.0235634,0.00989563,0.00989563,-0.0136678
F,0.118009,-0.0482131,-0.0482131,0.0697963
F,-0.404973,0.00989563,0.00989563,-0.395078
F,0.119679,0.00989563,0.00989563,0.129575
F,0.333577,0.00989563,0.00989563,0.343472
F,0.017216,-0.0482131,-0.0482131,-0.0309972
F,-0.0481242,0.00989563,0.00989563,-0.0382285
F,0.430622,0.00989563,0.00989563,0.440517
F,0.175468,0.00989563,0.00989563,0.185364
F,-0.119947,0.00989563,0.00989563,-0.110051
F,0.18978,0.00989563,0.00989563,0.199675
F,0.191583,0.00989563,0.00989563,0.201478
F,0.200276,0.00989563,0.00989563,0.210172
F,-0.0450053,0.00989563,0.00989563,-0.0351097
F,0.172381,0.00989563,0.00989563,0.182277
F,-0.0934753,0.00989563,0.00989563,-0.0835797
F,-0.236777,0.00989563,0.00989563,-0.226882
F,0.00354965,0.00989563,0.00989563,0.0134453
F,-0.144355,0.00989563,0.00989563,-0.134459
F,0.323314,0.00989563,0.00989563,0.33321
F,0.217333,0.00989563,0.00989563,0.227228
F,0.257527,0.00989563,0.00989563,0.267423
F,0.0136732,0.00989563,0.00989563,0.0235689
F,0.0385091,0.00989563,0.00989563,0.0484048
F,0.288777,0.00989563,0.00989563,0.298673
F,0.128571,0.00989563,0.00989563,0.138467
F,0.08903,0.00989563,0.00989563,0.0989256
F,0.0259118,0.00989563,0.00989563,0.0358074
F,-0.0861987,-0.0255732,-0.0255732,-0.111772
F,-0.1906,0.00989563,0.00989563,-0.180704
F,0.243786,0.00989563,0.00989563,0.253681
F,0.194589,0.00989563,0.00989563,0.204484
F,0.0551383,0.00989563,0.00989563,0.0650339
F,0.256104,0.00989563,0.00989563,0.266
F,-0.289683,0.00989563,0.00989563,-0.279787
F,0.13321,0.0254202,0.0254202,0.15863
F,-0.0441958,0.00989563,0.00989563,-0.0343002
F,-0.129413,0.00989563,0.00989563,-0.119517
F,0.113883,0.00989563,0.00989563,0.123778
F,0.115367,0.00989563,0.00989563,0.125263
F,0.107702,0.00989563,0.00989563,0.117598
F,0.0180576,0.00989563,0.00989563,0.0279532
F,-0.293574,0.00989563,0.00989563,-0.283679
F,-0.136802,0.00989563,0.00989563,-0.126906
F,0.0638865,0.00989563,0.00989563,0.0737822
F,0.12938,-0.0255732,-0.0255732,0.103807
F,0.048455,0.00989563,0.00989563,0.0583506
F,-0.0407013,0.00989563,0.00989563,-0.0308057
F,0.04342,0.00989563,0.00989563,0.0533157
F,-0.290977,0.00989563,0.00989563,-0.281081
F,0.164854,0.00989563,0.00989563,0.174749
F,-0.0628344,0.00989563,0.00989563,-0.0529387
F,0.120401,0.00989563,0.00989563,0.130297
F,-0.0415001,-0.0482131,-0.0482131,-0.0897132
F,0.00917534,0.00989563,0.00989563,0.019071
F,-0.157175,-0.0482131,-0.0482131,-0.205388
F,-0.240418,0.00989563,0.00989563,-0.230522
F,-0.270159,0.00989563,0.00989563,-0.260264
F,0.0780026,0.00989563,0.00989563,0.0878983
F,-0.517583,0.00989563,0.00989563,-0.507688
F,0.0290368,0.00989563,0.00989563,0.0389324
F,0.136164,0.00989563,0.00989563,0.14606
F,-0.188026,0.00989563,0.00989563,-0.17813
F,-0.0222823,0.0254202,0.0254202,0.00313787
F,-0.429481,0.00989563,0.00989563,-0.419585
F,-0.0172288,0.00989563,0.00989563,-0.00733314
F,0.194534,0.00989563,0.00989563,0.204429
F,0.224029,0.00989563,0.00989563,0.233925
F,-0.0240843,0.00989563,0.00989563,-0.0141887
F,0.287769,0.00989563,0.00989563,0.297664
F,0.00686689,-0.0482131,-0.0482131,-0.0413462
F,-0.0546777,0.00989563,0.00989563,-0.0447821
F,0.220639,0.00989563,0.00989563,0.230534
F,-0.394043,0.00989563,0.00989563,-0.384147
F,-0.12737,0.00989563,0.00989563,-0.117474
F,-0.196712,0.00989563,0.00989563,-0.186816
F,0.18121,0.00989563,0.00989563,0.191105
F,0.184445,0.00989563,0.00989563,0.194341
F,0.191462,0.00989563,0.00989563,0.201357
F,0.478265,0.00989563,0.00989563,0.488161
F,0.12921,0.00989563,0.00989563,0.139106
F,0.0441053,0.00989563,0.00989563,0.054001
F,-0.0696041,0.00989563,0.00989563,-0.0597085
F,-0.268764,0.00989563,0.00989563,-0.258868
F,0.0219481,0.0254202,0.0254202,0.0473682
F,0.356096,0.00989563,0.00989563,0.365992
F,0.0126182,0.00989563,0.00989563,0.0225139
F,0.226367,0.00989563,0.00989563,0.236262
F,0.0216603,0.00989563,0.00989563,0.0315559
F,-0.217061,0.00989563,0.00989563,-0.207166
F,0.212812,0.00989563,0.00989563,0.222708
F,-0.00610516,0.00989563,0.00989563,0.00379046
F,0.216393,0.0254202,0.0254202,0.241813
F,-0.0783436,0.00989563,0.00989563,-0.068448
F,-0.0498756,0.00989563,0.00989563,-0.0399799
F,-0.0728513,0.00989563,0.00989563,-0.0629557
F,0.190426,0.00989563,0.00989563,0.200321
F,-0.216588,0.00989563,0.00989563,-0.206692
F,0.0594096,0.0254202,0.0254202,0.0848297
F,-0.0879581,0.00989563,0.00989563,-0.0780625
F,-0.29275,0.00989563,0.00989563,-0.282854
F,-0.0506389,0.00989563,0.00989563,-0.0407432
F,-0.314336,0.00989563,0.00989563,-0.304441
F,0.0820118,0.00989563,0.00989563,0.0919075
F,-0.0958666,0.00989563,0.00989563,-0.085971
F,-0.435535,0.00989563,0.00989563,-0.425639
F,-0.144486,0.00989563,0.00989563,-0.134591
F,0.285849,0.00989563,0.00989563,0.295745
F,-0.313341,0.00989563,0.00989563,-0.303445
F,-0.241961,0.00989563,0.00989563,-0.232066
F,0.410287,0.00989563,0.00989563,0.420183
F,0.0619621,0.00989563,0.00989563,0.0718577
F,-0.22009,0.00989563,0.00989563,-0.210194
F,0.504295,0.00989563,0.00989563,0.51419
F,0.287774,0.00989563,0.00989563,0.29767
F,-0.215261,0.00989563,0.00989563,-0.205365
F,-0.047414,0.00989563,0.00989563,-0.0375184
F,-0.0930016,0.00989563,0.00989563,-0.083106
F,-0.423274,0.00989563,0.00989563,-0.413378
F,0.067958,0.00989563,0.00989563,0.0778536
F,-0.00439458,-0.0482131,-0.0482131,-0.0526077
F,-0.0418691,0.00989563,0.00989563,-0.0319735
F,0.543782,0.00989563,0.00989563,0.553678
F,0.098591,0.00989563,0.00989563,0.108487
F,0.115402,0.00989563,0.00989563,0.125298
F,0.264836,0.00989563,0.00989563,0.274732
F,-0.0472257,-0.0482131,-0.0482131,-0.0954388
F,-0.183553,0.00989563,0.00989563,-0.173658
F,-0.0681728,0.00989563,0.00989563,-0.0582772
F,0.0839521,0.00989563,0.00989563,0.0938477
F,0.191418,0.00989563,0.00989563,0.201314
F,0.0400593,0.00989563,0.00989563,0.049955
F,0.312175,0.00989563,0.00989563,0.32207
F,0.252853,0.00989563,0.00989563,0.262748
F,0.309635,0.00989563,0.00989563,0.31953
F,0.304127,0.00989563,0.00989563,0.314022
F,-0.391034,-0.0482131,-0.0482131,-0.439247
F,0.126589,-0.0482131,-0.0482131,0.0783763
F,-0.167062,0.00989563,0.00989563,-0.157166
F,0.0797977,0.00989563,0.00989563,0.0896934
F,-0.0485554,0.00989563,0.00989563,-0.0386598
F,0.238205,0.00989563,0.00989563,0.2481
F,0.181602,0.00989563,0.00989563,0.191498
F,0.145416,0.00989563,0.00989563,0.155312
F,0.169296,0.00989563,0.00989563,0.179192
F,0.152084,0.00989563,0.00989563,0.16198
F,-0.0396867,0.00989563,0.00989563,-0.0297911
F,0.00712878,0.00989563,0.00989563,0.0170244
F,0.332744,0.00989563,0.00989563,0.34264
F,0.182277,0.00989563,0.00989563,0.192173
F,-0.147598,0.00989563,0.00989563,-0.137703
F,-0.332544,0.00989563,0.00989563,-0.322648
F,0.136666,0.00989563,0.00989563,0.146562
F,0.105129,0.00989563,0.00989563,0.115025
F,-0.0861315,0.00989563,0.00989563,-0.0762359
F,-0.453528,0.00989563,0.00989563,-0.443633
F,0.0723067,-0.0255732,-0.0255732,0.0467334
F,0.206235,-0.0482131,-0.0482131,0.158022
F,-0.0348181,0.00989563,0.00989563,-0.0249225
F,-0.0574842,0.00989563,0.00989563,-0.0475886
F,-0.471591,0.00989563,0.00989563,-0.461696
F,-0.162524,-0.0482131,-0.0482131,-0.210738
F,0.0880236,0.00989563,0.00989563,0.0979192
F,-0.440933,0.00989563,0.00989563,-0.431037
F,-0.00930511,-0.0482131,-0.0482131,-0.0575182
F,0.0222495,0.00989563,0.00989563,0.0321452
F,0.109819,-0.0255732,-0.0255732,0.0842456
F,-0.111969,0.00989563,0.00989563,-0.102073
F,-0.00999236,-0.0255732,-0.0255732,-0.0355656
F,0.200183,0.00989563,0.00989563,0.210078
F,0.22951,0.00989563,0.00989563,0.239406
F,0.121815,0.00989563,0.00989563,0.131711
F,0.165015,0.00989563,0.00989563,0.17491
F,0.263187,0.00989563,0.00989563,0.273083
F,0.085811,0.00989563,0.00989563,0.0957067
F,0.174542,0.00989563,0.00989563,0.184438
F,0.0607029,0.00989563,0.00989563,0.0705985
F,-0.0391247,0.00989563,0.00989563,-0.0292291
F,-0.187173,0.00989563,0.00989563,-0.177277
F,0.0251405,0.00989563,0.00989563,0.0350361
F,0.122335,0.00989563,0.00989563,0.132231
F,-0.431828,0.00989563,0.00989563,-0.421933
F,0.0602663,0.00989563,0.00989563,0.0701619
F,-0.0696239,0.00989563,0.00989563,-0.0597282
F,0.0678255,0.00989563,0.00989563,0.0777211
F,0.0584242,0.00989563,0.00989563,0.0683198
F,-0.0702943,0.00989563,0.00989563,-0.0603987
F,0.156049,0.00989563,0.00989563,0.165945
F,-0.173434,0.00989563,0.00989563,-0.163538
F,0.15324,0.00989563,0.00989563,0.163136
F,-0.0519998,0.00989563,0.00989563,-0.0421042
F,0.0921746,0.00989563,0.00989563,0.10207
F,-0.0901257,0.00989563,0.00989563,-0.0802301
F,0.0203476,0.0254202,0.0254202,0.0457678
F,0.084292,0.00989563,0.00989563,0.0941876
F,-0.035783,0.00989563,0.00989563,-0.0258874
F,-0.328092,0.00989563,0.00989563,-0.318196
F,0.0887275,0.00989563,0.00989563,0.0986231
F,0.0528958,0.00989563,0.00989563,0.0627914
F,-0.14503,0.00989563,0.00989563,-0.135134
F,-0.311135,0.00989563,0.00989563,-0.301239
F,-0.212704,0.00989563,0.00989563,-0.202809
F,0.221415,0.00989563,0.00989563,0.231311
F,0.26227,0.00989563,0.00989563,0.272165
F,0.136363,0.00989563,0.00989563,0.146258
F,0.180479,0.00989563,0.00989563,0.190375
F,-0.341339,0.00989563,0.00989563,-0.331444
F,-0.0215635,0.00989563,0.00989563,-0.0116679
F,0.151571,0.00989563,0.00989563,0.161466
F,-0.00944956,0.00989563,0.00989563,0.000446068
F,-0.092368,0.00989563,0.00989563,-0.0824724
F,-0.147099,0.00989563,0.00989563,-0.137204
F,-0.143267,0.00989563,0.00989563,-0.133371
F,0.431054,0.00989563,0.00989563,0.44095
F,-0.214492,0.00989563,0.00989563,-0.204596
F,-0.225684,0.00989563,0.00989563,-0.215788
F,-0.0696714,0.00989563,0.00989563,-0.0597758
F,-0.228725,0.00989563,0.00989563,-0.218829
F,-0.101238,-0.0482131,-0.0482131,-0.149451
F,0.0225991,0.00989563,0.00989563,0.0324947
F,-0.210484,0.0254202,0.0254202,-0.185063
F,0.0450808,0.00989563,0.00989563,0.0549764
F,-0.280454,0.00989563,0.00989563,-0.270558
F,0.0420907,0.00989563,0.00989563,0.0519863
F,-0.12614,0.00989563,0.00989563,-0.116245
F,-0.224632,0.00989563,0.00989563,-0.214737
F,-0.0181129,0.00989563,0.00989563,-0.00821727
F,-0.0412842,0.00989563,0.00989563,-0.0313886
F,0.107305,-0.0482131,-0.0482131,0.059092
F,0.0941326,0.0254202,0.0254202,0.119553
F,0.414462,0.00989563,0.00989563,0.424357
F,-0.00663961,0.00989563,0.00989563,0.00325601
F,0.210245,0.00989563,0.00989563,0.22014
F,-0.211905,0.00989563,0.00989563,-0.20201
F,-0.399941,-0.0255732,-0.0255732,-0.425514
F,-0.0850636,0.00989563,0.00989563,-0.075168
F,0.0579986,-0.0255732,-0.0255732,0.0324254
F,-0.00202635,0.00989563,0.00989563,0.00786927
F,-0.101843,0.00989563,0.00989563,-0.0919472
F,-0.182634,0.00989563,0.00989563,-0.172739
F,0.196002,0.00989563,0.00989563,0.205897
F,0.039125,0.00989563,0.00989563,0.0490206
F,-0.147666,0.00989563,0.00989563,-0.137771
F,0.0316911,0.00989563,0.00989563,0.0415867
F,-0.366459,0.00989563,0.00989563,-0.356564
F,-0.0736879,0.00989563,0.00989563,-0.0637923
F,-0.367026,0.00989563,0.00989563,-0.35713
F,0.00457825,0.00989563,0.00989563,0.0144739
F,-0.167536,0.00989563,0.00989563,-0.157641
F,-0.0665506,0.00989563,0.00989563,-0.056655
F,0.496843,0.00989563,0.00989563,0.506739
F,0.127635,0.00989563,0.00989563,0.137531
F,0.0154323,0.00989563,0.00989563,0.0253279
F,0.163881,0.00989563,0.00989563,0.173777
F,-0.303846,0.00989563,0.00989563,-0.293951
F,-0.103901,0.0254202,0.0254202,-0.0784808
F,0.0065501,0.00989563,0.00989563,0.0164457
F,0.16518,0.00989563,0.00989563,0.175075
F,0.362304,0.00989563,0.00989563,0.3722
F,0.163346,0.00989563,0.00989563,0.173242
F,-0.0891334,0.00989563,0.00989563,-0.0792377
F,-0.0276628,0.00989563,0.00989563,-0.0177671
F,0.282651,0.00989563,0.00989563,0.292547
F,0.0799358,0.00989563,0.00989563,0.0898315
F,0.238476,0.00989563,0.00989563,0.248371
F,-0.161352,0.00989563,0.00989563,-0.151456
F,0.647688,0.00989563,0.00989563,0.657583
F,-0.228749,0.00989563,0.00989563,-0.218853
F,0.290719,0.00989563,0.00989563,0.300614
F,-0.174004,0.00989563,0.00989563,-0.164108
F,-0.0553472,0.00989563,0.00989563,-0.0454515
F,0.331602,0.00989563,0.00989563,0.341497
F,-0.0348281,0.00989563,0.00989563,-0.0249324
F,0.326746,0.00989563,0.00989563,0.336642
F,-0.303123,0.00989563,0.00989563,-0.293227
F,-0.0635615,0.00989563,0.00989563,-0.0536658
F,0.0342276,0.00989563,0.00989563,0.0441233
F,0.114618,0.00989563,0.00989563,0.124513
F,0.0608874,0.00989563,0.00989563,0.070783
F,-0.244411,0.00989563,0.00989563,-0.234515
F,0.122743,0.00989563,0.00989563,0.132639
F,0.0775767,-0.0482131,-0.0482131,0.0293635
F,-0.0209641,0.00989563,0.00989563,-0.0110685
F,-0.0306167,0.00989563,0.00989563,-0.020721
F,-0.0377656,0.00989563,0.00989563,-0.02787
F,-0.0409268,0.00989563,0.00989563,-0.0310312
F,0.0835337,0.00989563,0.00989563,0.0934293
F,-0.0757102,0.00989563,0.00989563,-0.0658146
F,-0.14786,0.00989563,0.00989563,-0.137964
F,-0.124751,0.00989563,0.00989563,-0.114855
F,-0.138277,0.00989563,0.00989563,-0.128381
F,0.0311412,0.00989563,0.00989563,0.0410369
F,-0.209799,0.00989563,0.00989563,-0.199903
F,0.365775,0.00989563,0.00989563,0.37567
F,-0.160382,0.00989563,0.00989563,-0.150486
F,-0.0370423,0.00989563,0.00989563,-0.0271467
F,0.0662168,0.00989563,0.00989563,0.0761124
F,-0.232495,0.00989563,0.00989563,-0.222599
F,-0.194889,0.00989563,0.00989563,-0.184993
F,0.0314774,0.00989563,0.00989563,0.041373
F,-0.0947174,0.00989563,0.00989563,-0.0848218
F,0.200041,0.00989563,0.00989563,0.209937
F,-0.363287,0.00989563,0.00989563,-0.353392
F,-0.112866,-0.0482131,-0.0482131,-0.161079
F,-0.197872,0.00989563,0.00989563,-0.187977
F,0.12439,0.00989563,0.00989563,0.134286
F,0.0988896,-0.0255732,-0.0255732,0.0733163
F,-0.0601647,0.00989563,0.00989563,-0.0502691
F,-0.185775,0.00989563,0.00989563,-0.175879
F,-0.116672,0.00989563,0.00989563,-0.106777
F,-0.00087079,0.00989563,0.00989563,0.00902484
F,0.0232798,0.00989563,0.00989563,0.0331754
F,-0.458222,0.00989563,0.00989563,-0.448327
F,-0.0575739,0.00989563,0.00989563,-0.0476783
F,-0.206468,0.00989563,0.00989563,-0.196572
F,-0.139843,0.00989563,0.00989563,-0.129948
F,-0.386744,-0.0482131,-0.0482131,-0.434957
F,0.339635,0.00989563,0.00989563,0.34953
F,0.216032,0.00989563,0.00989563,0.225928
F,0.127179,-0.0482131,-0.0482131,0.0789655
F,-0.129212,0.00989563,0.00989563,-0.119317
F,0.210425,0.00989563,0.00989563,0.220321
F,-0.0257472,0.00989563,0.00989563,-0.0158516
F,-0.236133,-0.0255732,-0.0255732,-0.261707
F,-0.0408917,0.00989563,0.00989563,-0.0309961
F,-0.155952,-0.0255732,-0.0255732,-0.181525
F,-0.0794082,0.00989563,0.00989563,-0.0695126
F,-0.226621,0.00989563,0.00989563,-0.216726
F,0.0767793,0.0254202,0.0254202,0.102199
F,-0.230847,0.00989563,0.00989563,-0.220951
F,0.178595,0.00989563,0.00989563,0.188491
F,0.0495931,0.00989563,0.00989563,0.0594888
F,-0.0796134,0.00989563,0.00989563,-0.0697178
F,0.251517,0.00989563,0.00989563,0.261412
F,0.118734,0.00989563,0.00989563,0.12863
F,0.0969953,0.00989563,0.00989563,0.106891
F,-0.0670328,0.00989563,0.00989563,-0.0571372
F,0.170189,0.00989563,0.00989563,0.180085
F,-0.0252934,0.00989563,0.00989563,-0.0153978
F,-0.0146137,0.00989563,0.00989563,-0.00471806
F,0.270004,0.00989563,0.00989563,0.2799
F,0.308352,0.00989563,0.00989563,0.318247
F,0.358931,0.00989563,0.00989563,0.368826
F,0.250363,0.00989563,0.00989563,0.260259
F,0.317059,0.00989563,0.00989563,0.326955
F,-0.121517,0.00989563,0.00989563,-0.111622
F,-0.206186,0.00989563,0.00989563,-0.19629
F,0.168354,0.00989563,0.00989563,0.17825
F,-0.140234,0.00989563,0.00989563,-0.130338
F,-0.148549,0.00989563,0.00989563,-0.138653
F,-0.200996,0.00989563,0.00989563,-0.191101
F,-0.0214877,0.00989563,0.00989563,-0.011592
F,-0.0928807,0.00989563,0.00989563,-0.082985
F,0.298903,0.00989563,0.00989563,0.308799
F,-0.256813,0.00989563,0.00989563,-0.246917
F,-0.113249,0.00989563,0.00989563,-0.103353
F,0.252125,0.00989563,0.00989563,0.262021
F,0.208658,0.00989563,0.00989563,0.218554
F,0.114715,-0.0482131,-0.0482131,0.0665021
F,-0.324907,0.00989563,0.00989563,-0.315011
F,-0.252359,0.00989563,0.00989563,-0.242463
F,-0.337201,0.00989563,0.00989563,-0.327306
F,-0.0846011,0.00989563,0.00989563,-0.0747055
F,0.278591,0.00989563,0.00989563,0.288487
F,0.248191,0.00989563,0.00989563,0.258086
F,0.299612,0.00989563,0.00989563,0.309508
F,0.253459,0.00989563,0.00989563,0.263354
F,0.121599,0.00989563,0.00989563,0.131495
F,-0.321342,0.00989563,0.00989563,-0.311446
F,-0.156029,0.00989563,0.00989563,-0.146133
F,-0.211183,0.00989563,0.00989563,-0.201287
F,-0.351249,0.00989563,0.00989563,-0.341354
F,-0.190448,0.00989563,0.00989563,-0.180552
F,0.0586831,0.00989563,0.00989563,0.0685788
F,0.161252,0.00989563,0.00989563,0.171147
F,-0.0627237,0.00989563,0.00989563,-0.0528281
F,-0.335832,0.00989563,0.00989563,-0.325936
F,0.29832,0.00989563,0.00989563,0.308215
F,0.0464778,0.00989563,0.00989563,0.0563734
F,0.03479,-0.0255732,-0.0255732,0.00921673
F,-0.240351,0.0254202,0.0254202,-0.214931
F,-0.153125,0.00989563,0.00989563,-0.143229
F,0.371141,0.00989563,0.00989563,0.381036
F,0.480732,-0.0482131,-0.0482131,0.432519
F,-0.206062,0.00989563,0.00989563,-0.196166
F,-0.158114,0.00989563,0.00989563,-0.148218
F,-0.00863523,0.00989563,0.00989563,0.0012604
F,0.157345,0.00989563,0.00989563,0.167241
F,-0.328956,0.00989563,0.00989563,-0.31906
F,0.009291,0.00989563,0.00989563,0.0191866
F,-0.0102631,0.00989563,0.00989563,-0.00036743
F,-0.154658,0.00989563,0.00989563,-0.144763
F,-0.206374,0.00989563,0.00989563,-0.196478
F,-0.0464434,0.0254202,0.0254202,-0.0210232
F,-0.201361,0.00989563,0.00989563,-0.191466
F,-0.198327,0.00989563,0.00989563,-0.188432
F,0.353811,0.00989563,0.00989563,0.363707
F,-0.163382,0.00989563,0.00989563,-0.153487
F,-0.089247,0.00989563,0.00989563,-0.0793513
F,0.0662719,0.00989563,0.00989563,0.0761675
F,0.0575171,0.00989563,0.00989563,0.0674128
F,0.0362583,0.00989563,0.00989563,0.0461539
F,0.132535,0.00989563,0.00989563,0.142431
F,-0.165528,0.00989563,0.00989563,-0.155633
F,-0.00919759,0.00989563,0.00989563,0.000698041
F,0.0217111,0.00989563,0.00989563,0.0316068
F,-0.276931,0.00989563,0.00989563,-0.267035
F,-0.455531,-0.0482131,-0.0482131,-0.503744
F,-0.0546111,0.00989563,0.00989563,-0.0447155
F,-0.496764,0.00989563,0.00989563,-0.486869
F,-0.281943,0.00989563,0.00989563,-0.272048
F,0.129738,0.00989563,0.00989563,0.139634
F,0.235781,0.00989563,0.00989563,0.245676
F,-0.506015,0.00989563,0.00989563,-0.496119
F,0.305907,0.00989563,0.00989563,0.315802
F,-0.0706423,0.00989563,0.00989563,-0.0607466
F,-0.384481,0.00989563,0.00989563,-0.374585
F,0.302292,0.00989563,0.00989563,0.312187
F,-0.192382,0.00989563,0.00989563,-0.182486
F,-0.243296,0.00989563,0.00989563,-0.2334
F,-0.196823,0.00989563,0.00989563,-0.186927
F,-0.327412,0.00989563,0.00989563,-0.317517
F,-0.313037,0.00989563,0.00989563,-0.303142
F,-0.221938,0.00989563,0.00989563,-0.212042
F,-0.235132,0.00989563,0.00989563,-0.225237
F,-0.326323,0.00989563,0.00989563,-0.316428
F,-0.197576,0.00989563,0.00989563,-0.18768
F,0.209881,0.00989563,0.00989563,0.219777
F,0.402871,0.00989563,0.00989563,0.412766
F,-0.157165,0.00989563,0.00989563,-0.147269
F,-0.338865,0.00989563,0.00989563,-0.328969
F,-0.0514407,0.00989563,0.00989563,-0.041545
F,-0.0726409,0.00989563,0.00989563,-0.0627453
F,0.0811388,0.00989563,0.00989563,0.0910344
F,0.155264,0.00989563,0.00989563,0.16516
F,-0.202178,0.00989563,0.00989563,-0.192282
F,-0.367189,0.00989563,0.00989563,-0.357294
F,-0.00300851,0.00989563,0.00989563,0.00688712
F,-0.11076,0.00989563,0.00989563,-0.100864
F,-0.195428,0.00989563,0.00989563,-0.185533
F,-0.152661,0.00989563,0.00989563,-0.142765
F,0.204258,0.00989563,0.00989563,0.214154
F,-0.035906,0.00989563,0.00989563,-0.0260104
F,-0.212667,0.00989563,0.00989563,-0.202771
F,0.286949,0.00989563,0.00989563,0.296845
F,0.130804,-0.0482131,-0.0482131,0.082591
F,-0.0447042,0.00989563,0.00989563,-0.0348085
F,0.0058267,0.00989563,0.00989563,0.0157223
F,-0.097526,0.00989563,0.00989563,-0.0876303
F,0.0675603,0.00989563,0.00989563,0.0774559
F,0.0318607,0.00989563,0.00989563,0.0417564
F,-0.000987145,0.00989563,0.00989563,0.00890848
F,0.192611,0.00989563,0.00989563,0.202506
F,0.25926,0.00989563,0.00989563,0.269156
F,-0.127598,0.00989563,0.00989563,-0.117703
F,-0.022907,0.00989563,0.00989563,-0.0130114
F,0.173459,0.00989563,0.00989563,0.183355
F,0.15146,0.00989563,0.00989563,0.161356
F,-0.267917,0.00989563,0.00989563,-0.258022
F,-0.0695914,0.00989563,0.00989563,-0.0596958
F,0.162168,0.00989563,0.00989563,0.172064
F,-0.140871,0.00989563,0.00989563,-0.130975
F,0.152768,0.00989563,0.00989563,0.162664
F,-0.272249,0.00989563,0.00989563,-0.262354
F,-0.382742,0.00989563,0.00989563,-0.372847
F,-0.0983427,0.00989563,0.00989563,-0.0884471
F,0.00292762,0.00989563,0.00989563,0.0128232
F,0.311029,0.00989563,0.00989563,0.320924
F,-0.212272,0.0254202,0.0254202,-0.186852
F,0.0169807,0.00989563,0.00989563,0.0268763
F,-0.266047,0.00989563,0.00989563,-0.256151
F,-0.27041,0.00989563,0.00989563,-0.260514
F,0.0384446,0.00989563,0.00989563,0.0483402
F,0.449845,0.00989563,0.00989563,0.459741
F,0.182186,0.00989563,0.00989563,0.192082
F,0.474083,0.00989563,0.00989563,0.483979
F,0.0204141,0.00989563,0.00989563,0.0303097
F,0.00975863,0.00989563,0.00989563,0.0196543
F,-0.0746768,0.00989563,0.00989563,-0.0647811
F,0.266733,0.00989563,0.00989563,0.276629
F,0.259825,0.00989563,0.00989563,0.26972
F,-0.0666237,0.00989563,0.00989563,-0.056728
F,0.277387,0.00989563,0.00989563,0.287282
F,-0.382363,0.00989563,0.00989563,-0.372468
F,0.102476,0.00989563,0.00989563,0.112372
F,0.0119826,0.00989563,0.00989563,0.0218782
F,-0.0317883,0.00989563,0.00989563,-0.0218926
F,0.406117,-0.0255732,-0.0255732,0.380544
F,-0.304804,-0.0482131,-0.0482131,-0.353017
F,0.117143,0.00989563,0.00989563,0.127039
F,-0.0483632,0.00989563,0.00989563,-0.0384675
F,-0.213663,-0.0482131,-0.0482131,-0.261876
F,0.174404,0.00989563,0.00989563,0.1843
F,-0.0466756,0.00989563,0.00989563,-0.03678
F,0.0731887,0.00989563,0.00989563,0.0830843
F,0.236977,0.00989563,0.00989563,0.246873
F,-0.0469557,0.00989563,0.00989563,-0.03706
F,-0.372767,0.00989563,0.00989563,-0.362871
F,0.0472733,0.00989563,0.00989563,0.0571689
F,0.0539454,0.00989563,0.00989563,0.0638411
F,0.392637,0.00989563,0.00989563,0.402532
F,-0.00094046,0.00989563,0.00989563,0.00895517
F,-0.17129,0.00989563,0.00989563,-0.161394
F,0.0286761,0.00989563,0.00989563,0.0385717
F,-0.739646,0.00989563,0.00989563,-0.729751
F,0.0402019,0.00989563,0.00989563,0.0500975
F,0.230212,-0.0482131,-0.0482131,0.181999
F,0.0562489,0.00989563,0.00989563,0.0661445
F,-0.36488,0.00989563,0.00989563,-0.354984
F,0.10476,-0.0482131,-0.0482131,0.0565467
F,-0.0421372,0.00989563,0.00989563,-0.0322416
F,0.122449,0.00989563,0.00989563,0.132344
F,0.10757,0.0148631,0.0148631,0.122433
F,0.389032,0.00989563,0.00989563,0.398928
F,0.185663,0.00989563,0.00989563,0.195559
F,-0.0735231,0.00989563,0.00989563,-0.0636275
F,-0.394636,0.00989563,0.00989563,-0.38474
F,-0.0310425,0.00989563,0.00989563,-0.0211469
F,0.0490349,-0.0482131,-0.0482131,0.000821758
F,-0.210345,0.00989563,0.00989563,-0.200449
F,-0.0252831,0.00989563,0.00989563,-0.0153875
F,-0.227765,0.00989563,0.00989563,-0.217869
F,-0.013593,0.00989563,0.00989563,-0.00369734
F,0.0429225,0.00989563,0.00989563,0.0528181
F,0.0248004,0.00989563,0.00989563,0.034696
F,-0.104237,0.00989563,0.00989563,-0.0943417
F,0.27184,-0.0482131,-0.0482131,0.223627
F,0.152089,0.00989563,0.00989563,0.161984
F,0.0382454,0.00989563,0.00989563,0.048141
F,0.232584,0.00989563,0.00989563,0.24248
F,-0.138741,0.0254202,0.0254202,-0.11332
F,-0.140403,0.00989563,0.00989563,-0.130507
F,0.331294,0.00989563,0.00989563,0.34119
F,0.339743,0.00989563,0.00989563,0.349639
F,-0.0881171,0.0148631,0.0148631,-0.073254
F,-0.288285,0.00989563,0.00989563,-0.278389
F,0.438719,0.00989563,0.00989563,0.448614
F,-0.0690489,0.00989563,0.00989563,-0.0591533
F,-0.317767,0.00989563,0.00989563,-0.307872
F,-0.0554194,0.00989563,0.00989563,-0.0455238
F,-0.00079668,0.00989563,0.00989563,0.00909895
F,0.392766,0.00989563,0.00989563,0.402662
F,-0.0259477,0.00989563,0.00989563,-0.0160521
F,-0.163119,0.00989563,0.00989563,-0.153223
F,0.17365,0.00989563,0.00989563,0.183546
F,0.215649,0.00989563,0.00989563,0.225544
F,-0.0919587,0.00989563,0.00989563,-0.082063
F,0.194195,0.00989563,0.00989563,0.204091
F,-0.286453,0.00989563,0.00989563,-0.276558
F,-0.191421,0.00989563,0.00989563,-0.181526
F,0.241511,0.00989563,0.00989563,0.251406
F,0.239659,0.00989563,0.00989563,0.249554
F,0.119998,0.00989563,0.00989563,0.129893
F,-0.135676,0.00989563,0.00989563,-0.12578
F,-0.255256,0.00989563,0.00989563,-0.24536
F,-0.11855,0.00989563,0.00989563,-0.108654
F,-0.00684233,0.00989563,0.00989563,0.00305329
F,-0.539114,0.00989563,0.00989563,-0.529219
F,-0.0312943,0.00989563,0.00989563,-0.0213987
F,-0.00828429,0.00989563,0.00989563,0.00161134
F,-0.183247,0.00989563,0.00989563,-0.173352
F,0.222354,0.00989563,0.00989563,0.232249
F,0.0752331,0.00989563,0.00989563,0.0851287
F,0.23153,0.00989563,0.00989563,0.241425
F,-0.0643453,0.00989563,0.00989563,-0.0544497
F,0.145731,0.00989563,0.00989563,0.155627
F,-0.0626499,0.00989563,0.00989563,-0.0527542
F,0.438513,0.00989563,0.00989563,0.448409
F,-0.229187,0.00989563,0.00989563,-0.219291
F,-0.264947,0.00989563,0.00989563,-0.255051
F,-0.352734,0.00989563,0.00989563,-0.342839
F,-0.193241,0.00989563,0.00989563,-0.183345
F,-0.199057,0.00989563,0.00989563,-0.189161
F,-0.284311,0.00989563,0.00989563,-0.274415
F,-0.183124,0.00989563,0.00989563,-0.173229
F,-0.0159118,0.00989563,0.00989563,-0.00601615
F,-0.0199043,0.00989563,0.00989563,-0.0100087
F,-0.0342631,0.00989563,0.00989563,-0.0243674
F,-0.227096,0.00989563,0.00989563,-0.2172
F,-0.167735,0.00989563,0.00989563,-0.157839
F,0.216866,0.00989563,0.00989563,0.226762
F,0.451835,0.00989563,0.00989563,0.461731
F,0.0418184,0.00989563,0.00989563,0.051714
F,-0.12663,0.00989563,0.00989563,-0.116734
F,0.0752265,0.00989563,0.00989563,0.0851221
F,0.0829547,0.00989563,0.00989563,0.0928504
F,0.34412,0.00989563,0.00989563,0.354016
F,0.0433702,0.00989563,0.00989563,0.0532659
F,-0.32848,0.00989563,0.00989563,-0.318584
F,0.112558,0.00989563,0.00989563,0.122454
F,0.0193,0.00989563,0.00989563,0.0291957
F,-0.0629603,0.00989563,0.00989563,-0.0530647
F,-0.174725,0.00989563,0.00989563,-0.16483
F,0.12779,0.00989563,0.00989563,0.137686
F,0.273121,0.00989563,0.00989563,0.283017
F,0.103026,0.00989563,0.00989563,0.112922
F,-0.222231,0.00989563,0.00989563,-0.212335
F,0.0545856,0.00989563,0.00989563,0.0644812
F,0.125691,0.00989563,0.00989563,0.135587
F,0.00113195,0.00989563,0.00989563,0.0110276
F,0.00985377,0.00989563,0.00989563,0.0197494
F,0.0685283,0.00989563,0.00989563,0.0784239
F,-0.0131856,0.00989563,0.00989563,-0.00329002
F,-0.0934738,0.00989563,0.00989563,-0.0835781
F,0.35518,0.00989563,0.00989563,0.365076
F,-0.278803,0.00989563,0.00989563,-0.268907
F,0.110057,0.00989563,0.00989563,0.119953
F,-0.390233,0.00989563,0.00989563,-0.380337
F,-0.254879,0.00989563,0.00989563,-0.244984
F,-0.0667609,0.00989563,0.00989563,-0.0568652
F,-0.0718251,0.00989563,0.00989563,-0.0619295
F,-0.486686,0.00989563,0.00989563,-0.47679
F,0.104609,0.00989563,0.00989563,0.114505
F,-0.0764186,0.00989563,0.00989563,-0.066523
F,0.16611,0.00989563,0.00989563,0.176006
F,0.258976,0.00989563,0.00989563,0.268872
F,-0.141645,0.00989563,0.00989563,-0.131749
F,0.117289,-0.0482131,-0.0482131,0.0690763
F,0.314584,0.00989563,0.00989563,0.324479
F,-0.184522,0.00989563,0.00989563,-0.174626
F,0.0129742,0.00989563,0.00989563,0.0228698
F,0.179524,0.00989563,0.00989563,0.18942
F,-0.00795441,0.00989563,0.00989563,0.00194122
F,0.00573275,0.00989563,0.00989563,0.0156284
F,0.111185,0.00989563,0.00989563,0.12108
F,-0.198611,0.00989563,0.00989563,-0.188715
F,0.176206,0.00989563,0.00989563,0.186102
F,0.112599,0.00989563,0.00989563,0.122495
F,-0.138504,0.00989563,0.00989563,-0.128608
F,-0.0910584,0.00989563,0.00989563,-0.0811627
F,0.112403,0.00989563,0.00989563,0.122298
F,0.0398751,0.00989563,0.00989563,0.0497707
F,0.000961166,0.00989563,0.00989563,0.0108568
F,0.275576,0.00989563,0.00989563,0.285472
F,0.214013,0.00989563,0.00989563,0.223908
F,0.0274824,0.00989563,0.00989563,0.037378
F,-0.347428,0.00989563,0.00989563,-0.337533
F,-0.042607,0.00989563,0.00989563,-0.0327114
F,-0.213892,0.00989563,0.00989563,-0.203996
F,0.0256626,0.00989563,0.00989563,0.0355582
F,0.0073055,0.00989563,0.00989563,0.0172011
F,-0.298819,0.00989563,0.00989563,-0.288923
F,0.293081,0.00989563,0.00989563,0.302976
F,-0.28474,-0.0482131,-0.0482131,-0.332953
F,0.175577,0.00989563,0.00989563,0.185473
F,0.215008,0.00989563,0.00989563,0.224903
F,-0.283229,0.00989563,0.00989563,-0.273334
F,0.00677404,0.00989563,0.00989563,0.0166697
F,-0.355258,0.00989563,0.00989563,-0.345363
F,0.0142486,0.00989563,0.00989563,0.0241442
F,-0.0522804,0.00989563,0.00989563,-0.0423848
F,0.342943,0.00989563,0.00989563,0.352838
F,0.109138,0.00989563,0.00989563,0.119033
F,-0.178304,0.00989563,0.00989563,-0.168409
F,0.220767,0.00989563,0.00989563,0.230663
F,-0.323881,0.00989563,0.00989563,-0.313985
F,-0.18279,0.00989563,0.00989563,-0.172895
F,-0.308381,0.00989563,0.00989563,-0.298485
F,-0.0841387,0.00989563,0.00989563,-0.0742431
F,0.0950533,0.00989563,0.00989563,0.104949
F,-0.105175,0.00989563,0.00989563,-0.0952798
F,0.075667,0.00989563,0.00989563,0.0855626
F,0.142371,0.00989563,0.00989563,0.152267
F,-0.0565868,0.00989563,0.00989563,-0.0466912
F,-0.0115083,0.00989563,0.00989563,-0.00161268
F,0.000791041,0.00989563,0.00989563,0.0106867
F,0.0316045,0.00989563,0.00989563,0.0415001
F,-0.324542,0.00989563,0.00989563,-0.314646
F,-0.378395,-0.0482131,-0.0482131,-0.426608
F,-0.116846,0.00989563,0.00989563,-0.106951
F,-0.107048,0.00989563,0.00989563,-0.0971519
F,-0.319394,-0.0482131,-0.0482131,-0.367608
F,-0.395842,0.00989563,0.00989563,-0.385946
F,0.15525,0.00989563,0.00989563,0.165146
F,-0.584221,-0.0482131,-0.0482131,-0.632434
F,0.33411,0.00989563,0.00989563,0.344005
F,-0.220861,0.00989563,0.00989563,-0.210966
F,0.0769359,0.00989563,0.00989563,0.0868316
F,-0.0450336,0.00989563,0.00989563,-0.0351379
F,-0.0870614,0.00989563,0.00989563,-0.0771658
F,-0.0714492,0.00989563,0.00989563,-0.0615536
F,0.0314815,0.00989563,0.00989563,0.0413772
F,0.331421,0.00989563,0.00989563,0.341316
F,0.341596,0.00989563,0.00989563,0.351491
F,0.0366347,0.00989563,0.00989563,0.0465303
F,0.189532,0.00989563,0.00989563,0.199427
F,0.149891,0.00989563,0.00989563,0.159786
F,0.157522,0.00989563,0.00989563,0.167418
F,0.0507098,0.00989563,0.00989563,0.0606055
F,-0.149526,0.00989563,0.00989563,-0.139631
F,-0.380931,0.00989563,0.00989563,-0.371035
F,0.234388,0.00989563,0.00989563,0.244284
F,0.112815,0.00989563,0.00989563,0.12271
F,-0.0444769,0.00989563,0.00989563,-0.0345812
F,-0.053833,0.00989563,0.00989563,-0.0439374
F,-0.188032,0.00989563,0.00989563,-0.178137
F,-0.0116769,0.00989563,0.00989563,-0.00178128
F,0.0792186,0.00989563,0.00989563,0.0891142
F,0.194009,0.00989563,0.00989563,0.203904
F,0.0643085,0.00989563,0.00989563,0.0742042
F,0.0223963,0.00989563,0.00989563,0.0322919
F,-0.144322,0.00989563,0.00989563,-0.134427
F,0.120269,-0.0255732,-0.0255732,0.0946961
F,0.254972,0.00989563,0.00989563,0.264868
F,-0.0756548,0.00989563,0.00989563,-0.0657592
F,0.247269,0.00989563,0.00989563,0.257164
F,-0.0415729,0.00989563,0.00989563,-0.0316773
F,0.156428,0.00989563,0.00989563,0.166323
F,0.106457,0.00989563,0.00989563,0.116353
F,0.371688,0.00989563,0.00989563,0.381584
F,0.00928465,0.00989563,0.00989563,0.0191803
F,-0.555011,0.00989563,0.00989563,-0.545115
F,0.0461736,0.00989563,0.00989563,0.0560692
F,-0.0527191,0.00989563,0.00989563,-0.0428235
F,0.158965,0.00989563,0.00989563,0.168861
F,-0.234018,0.00989563,0.00989563,-0.224122
F,-0.33423,0.00989563,0.00989563,-0.324334
F,0.0755093,0.00989563,0.00989563,0.085405
F,0.0772235,0.00989563,0.00989563,0.0871192
F,0.164391,0.00989563,0.00989563,0.174287
F,-0.0269166,0.00989563,0.00989563,-0.0170209
F,0.0545723,0.00989563,0.00989563,0.0644679
F,0.0105364,0.00989563,0.00989563,0.020432
F,-0.0403776,0.00989563,0.00989563,-0.0304819
F,-0.271088,0.00989563,0.00989563,-0.261192
F,0.451368,0.00989563,0.00989563,0.461263
F,-0.0662071,0.00989563,0.00989563,-0.0563115
F,-0.413763,0.00989563,0.00989563,-0.403868
F,-0.136134,0.00989563,0.00989563,-0.126238
F,-0.284031,0.00989563,0.00989563,-0.274135
F,-0.056242,0.00989563,0.00989563,-0.0463464
F,-0.214234,0.00989563,0.00989563,-0.204338
F,0.0712451,0.00989563,0.00989563,0.0811407
F,0.184016,0.00989563,0.00989563,0.193911
F,0.0872301,0.00989563,0.00989563,0.0971257
F,0.343901,0.00989563,0.00989563,0.353797
F,-0.206537,0.00989563,0.00989563,-0.196641
F,0.0978799,0.00989563,0.00989563,0.107776
F,-0.189608,0.00989563,0.00989563,-0.179712
F,0.096623,0.00989563,0.00989563,0.106519
F,-0.0739468,0.00989563,0.00989563,-0.0640512
F,0.0998329,0.00989563,0.00989563,0.109729
F,0.179808,0.00989563,0.00989563,0.189704
F,0.289637,0.00989563,0.00989563,0.299532
F,-0.0315161,0.00989563,0.00989563,-0.0216205
F,-0.250892,0.00989563,0.00989563,-0.240996
F,-0.330438,-0.0482131,-0.0482131,-0.378651
F,-0.0711407,0.00989563,0.00989563,-0.061245
F,0.179344,0.00989563,0.00989563,0.18924
F,-0.421157,0.0254202,0.0254202,-0.395737
F,0.103122,0.00989563,0.00989563,0.113018
F,0.0149043,0.00989563,0.00989563,0.0247999
F,0.189288,0.00989563,0.00989563,0.199184
F,0.126291,-0.0482131,-0.0482131,0.0780778
F,0.365211,0.00989563,0.00989563,0.375107
F,0.14918,0.00989563,0.00989563,0.159076
F,0.185365,0.00989563,0.00989563,0.19526
F,-0.080889,0.00989563,0.00989563,-0.0709934
F,0.157787,0.00989563,0.00989563,0.167683
F,0.0946627,0.00989563,0.00989563,0.104558
F,0.302113,0.00989563,0.00989563,0.312008
F,-0.176589,0.00989563,0.00989563,-0.166694
F,-0.046594,0.00989563,0.00989563,-0.0366984
F,-0.0133932,0.00989563,0.00989563,-0.00349754
F,0.235562,0.00989563,0.00989563,0.245458
F,0.0734504,0.0254202,0.0254202,0.0988706
F,0.0119946,0.0254202,0.0254202,0.0374148
F,0.192355,-0.0482131,-0.0482131,0.144142
F,-0.12156,0.00989563,0.00989563,-0.111664
F,0.167286,-0.0255732,-0.0255732,0.141713
F,-0.0219255,0.00989563,0.00989563,-0.0120299
F,0.132975,0.00989563,0.00989563,0.142871
F,-0.0381344,0.00989563,0.00989563,-0.0282388
F,-0.143598,0.00989563,0.00989563,-0.133702
F,0.277215,0.00989563,0.00989563,0.287111
F,0.00319534,0.00989563,0.00989563,0.013091
F,0.0770064,0.00989563,0.00989563,0.086902
F,0.124764,0.00989563,0.00989563,0.13466
F,-0.359765,0.00989563,0.00989563,-0.34987
F,-0.199575,0.00989563,0.00989563,-0.189679
F,0.0736633,0.00989563,0.00989563,0.0835589
F,0.0541203,0.00989563,0.00989563,0.0640159
F,0.441441,0.00989563,0.00989563,0.451337
F,0.100752,0.00989563,0.00989563,0.110647
F,-0.0332584,0.00989563,0.00989563,-0.0233628
F,0.213175,0.00989563,0.00989563,0.223071
F,-0.138024,0.00989563,0.00989563,-0.128128
F,-0.33323,0.00989563,0.00989563,-0.323334
F,0.187257,0.00989563,0.00989563,0.197153
F,0.0175604,0.00989563,0.00989563,0.027456
F,0.133178,0.00989563,0.00989563,0.143074
F,-0.0849349,0.00989563,0.00989563,-0.0750393
F,-0.131955,0.00989563,0.00989563,-0.12206
F,0.131393,0.00989563,0.00989563,0.141288
F,0.0812375,0.00989563,0.00989563,0.0911331
F,0.130947,0.00989563,0.00989563,0.140842
F,0.0733636,0.00989563,0.00989563,0.0832592
F,-0.270191,0.00989563,0.00989563,-0.260295
F,-0.435406,0.00989563,0.00989563,-0.42551
F,0.104029,0.00989563,0.00989563,0.113925
F,-0.170265,0.00989563,0.00989563,-0.16037
F,0.10487,0.00989563,0.00989563,0.114765
F,-0.149585,0.00989563,0.00989563,-0.139689
F,0.303492,0.00989563,0.00989563,0.313388
F,0.229614,0.00989563,0.00989563,0.239509
F,0.0517889,0.00989563,0.00989563,0.0616845
F,0.235739,0.00989563,0.00989563,0.245635
F,-0.0193675,0.00989563,0.00989563,-0.0094719
F,-0.115277,0.00989563,0.00989563,-0.105381
F,-0.0440854,-0.0482131,-0.0482131,-0.0922985
F,0.133517,0.00989563,0.00989563,0.143412
F,-0.110918,0.00989563,0.00989563,-0.101022
F,-0.0867056,0.0254202,0.0254202,-0.0612854
F,-0.201814,0.00989563,0.00989563,-0.191919
F,0.0824732,0.00989563,0.00989563,0.0923688
F,0.19442,0.00989563,0.00989563,0.204316
F,-0.234813,0.00989563,0.00989563,-0.224917
F,0.138921,0.00989563,0.00989563,0.148816
F,-0.21489,0.00989563,0.00989563,-0.204995
F,0.152452,-0.0482131,-0.0482131,0.104238
F,-0.0223748,0.00989563,0.00989563,-0.0124792
F,-0.0573117,0.00989563,0.00989563,-0.0474161
F,-0.0906161,0.00989563,0.00989563,-0.0807205
F,-0.509625,0.00989563,0.00989563,-0.499729
F,-0.216873,0.00989563,0.00989563,-0.206978
F,0.144539,0.00989563,0.00989563,0.154434
F,0.200818,0.00989563,0.00989563,0.210714
F,0.334907,0.00989563,0.00989563,0.344803
F,-0.192557,0.00989563,0.00989563,-0.182662
F,-0.270486,0.00989563,0.00989563,-0.260591
F,-0.0481194,0.00989563,0.00989563,-0.0382238
F,0.187,0.00989563,0.00989563,0.196896
F,0.183026,-0.0482131,-0.0482131,0.134813
F,-0.340706,0.00989563,0.00989563,-0.33081
F,-0.0561693,0.00989563,0.00989563,-0.0462737
F,-0.0730628,0.00989563,0.00989563,-0.0631672
F,-0.247651,0.00989563,0.00989563,-0.237755
F,0.0339722,-0.0482131,-0.0482131,-0.0142409
F,0.175132,0.00989563,0.00989563,0.185028
F,0.32625,0.00989563,0.00989563,0.336145
F,0.0076168,0.00989563,0.00989563,0.0175124
F,-0.047156,0.00989563,0.00989563,-0.0372604
F,-0.324138,0.00989563,0.00989563,-0.314243
F,-0.120519,0.00989563,0.00989563,-0.110624
F,0.10371,0.00989563,0.00989563,0.113605
F,0.45339,0.00989563,0.00989563,0.463286
F,-0.299664,0.00989563,0.00989563,-0.289769
F,-0.209011,0.00989563,0.00989563,-0.199115
F,-0.181682,0.00989563,0.00989563,-0.171787
F,0.288163,-0.0482131,-0.0482131,0.23995
F,-0.233233,0.00989563,0.00989563,-0.223337
F,-0.280471,0.00989563,0.00989563,-0.270575
F,-0.159056,0.00989563,0.00989563,-0.14916
F,-0.140453,0.00989563,0.00989563,-0.130557
F,-0.190327,0.00989563,0.00989563,-0.180431
F,-0.1604,0.0254202,0.0254202,-0.13498
F,-0.588861,0.00989563,0.00989563,-0.578966
F,0.0389173,0.00989563,0.00989563,0.0488129
F,-0.464594,0.00989563,0.00989563,-0.454698
F,-0.126533,0.00989563,0.00989563,-0.116637
F,-0.0959363,0.00989563,0.00989563,-0.0860406
F,-0.152177,0.00989563,0.00989563,-0.142282
F,-0.136905,0.00989563,0.00989563,-0.12701
F,0.3463,0.00989563,0.00989563,0.356195
F,0.10913,0.00989563,0.00989563,0.119026
F,-0.0605417,0.00989563,0.00989563,-0.0506461
F,0.329295,0.00989563,0.00989563,0.339191
F,0.517057,0.00989563,0.00989563,0.526953
F,-0.156642,0.00989563,0.00989563,-0.146746
F,-0.0972494,0.00989563,0.00989563,-0.0873538
F,-0.0312334,-0.0255732,-0.0255732,-0.0568067
F,0.211985,0.00989563,0.00989563,0.221881
F,-0.197721,0.00989563,0.00989563,-0.187826
F,-0.150941,0.00989563,0.00989563,-0.141045
F,0.300162,0.00989563,0.00989563,0.310057
F,-0.125,0.00989563,0.00989563,-0.115104
F,-0.0549293,-0.0482131,-0.0482131,-0.103142
F,-0.161564,0.00989563,0.00989563,-0.151668
F,-0.165038,0.00989563,0.00989563,-0.155142
F,-0.31803,0.00989563,0.00989563,-0.308135
F,-0.214349,0.00989563,0.00989563,-0.204454
F,0.374553,-0.0482131,-0.0482131,0.32634
F,-0.272623,0.00989563,0.00989563,-0.262727
F,0.063118,0.00989563,0.00989563,0.0730136
F,-0.242003,0.00989563,0.00989563,-0.232107
F,-0.0495473,0.00989563,0.00989563,-0.0396517
F,-0.0663408,0.00989563,0.00989563,-0.0564452
F,-0.471163,0.00989563,0.00989563,-0.461268
F,-0.290158,0.00989563,0.00989563,-0.280262
F,-0.360087,0.0254202,0.0254202,-0.334667
F,0.110867,0.00989563,0.00989563,0.120762
F,-0.082153,0.00989563,0.00989563,-0.0722574
F,-0.0699313,0.0254202,0.0254202,-0.0445112
F,-0.0466841,0.00989563,0.00989563,-0.0367885
F,-0.276781,-0.0482131,-0.0482131,-0.324994
F,0.0295837,0.00989563,0.00989563,0.0394793
F,0.115299,0.00989563,0.00989563,0.125195
F,-0.0622251,0.00989563,0.00989563,-0.0523295
F,0.0348877,-0.0255732,-0.0255732,0.00931445
F,-0.237624,0.00989563,0.00989563,-0.227729
F,0.250236,0.00989563,0.00989563,0.260131
F,-0.0761941,0.00989563,0.00989563,-0.0662985
F,0.131869,0.00989563,0.00989563,0.141765
F,0.0901665,0.00989563,0.00989563,0.100062
F,0.0560511,0.00989563,0.00989563,0.0659467
F,-0.155684,0.00989563,0.00989563,-0.145788
F,0.404732,0.00989563,0.00989563,0.414628
F,0.00188486,0.00989563,0.00989563,0.0117805
F,0.258645,0.00989563,0.00989563,0.26854
F,-0.00135252,0.00989563,0.00989563,0.00854311
F,-0.119031,0.00989563,0.00989563,-0.109135
F,0.178018,0.00989563,0.00989563,0.187913
F,-0.106288,0.00989563,0.00989563,-0.096392
F,0.0894866,0.00989563,0.00989563,0.0993822
F,0.103427,0.00989563,0.00989563,0.113322
F,0.0710692,0.00989563,0.00989563,0.0809649
F,0.321217,0.00989563,0.00989563,0.331112
F,0.229635,0.00989563,0.00989563,0.239531
F,-0.503545,0.00989563,0.00989563,-0.49365
F,-0.0816529,0.00989563,0.00989563,-0.0717573
F,-0.284456,0.00989563,0.00989563,-0.27456
F,-0.185861,0.00989563,0.00989563,-0.175965
F,-0.19161,0.00989563,0.00989563,-0.181714
F,0.0569579,0.00989563,0.00989563,0.0668535
F,0.287375,0.00989563,0.00989563,0.29727
F,0.143228,0.00989563,0.00989563,0.153123
F,-0.242998,-0.0482131,-0.0482131,-0.291211
F,0.041979,0.00989563,0.00989563,0.0518746
F,-0.0644619,0.00989563,0.00989563,-0.0545662
F,0.0392559,0.00989563,0.00989563,0.0491515
F,-0.0606992,0.00989563,0.00989563,-0.0508035
F,0.22386,0.00989563,0.00989563,0.233755
F,-0.391946,0.00989563,0.00989563,-0.382051
F,-0.166489,0.00989563,0.00989563,-0.156594
F,-0.12177,0.00989563,0.00989563,-0.111875
F,0.0960824,0.00989563,0.00989563,0.105978
F,-0.0509616,0.00989563,0.00989563,-0.041066
F,-0.0665985,0.00989563,0.00989563,-0.0567028
F,-0.12772,0.00989563,0.00989563,-0.117825
F,-0.19677,0.00989563,0.00989563,-0.186874
F,-0.0574967,0.00989563,0.00989563,-0.0476011
F,-0.0929558,0.00989563,0.00989563,-0.0830601
F,-0.0882731,0.00989563,0.00989563,-0.0783775
F,0.0281411,0.00989563,0.00989563,0.0380367
F,0.119297,0.00989563,0.00989563,0.129193
F,0.209172,0.00989563,0.00989563,0.219067
F,0.196461,0.00989563,0.00989563,0.206356
F,0.0712523,0.00989563,0.00989563,0.0811479
F,-0.0763799,0.00989563,0.00989563,-0.0664843
F,0.0999772,0.00989563,0.00989563,0.109873
F,-0.0692816,-0.0482131,-0.0482131,-0.117495
F,0.316259,0.00989563,0.00989563,0.326155
F,-0.131168,0.00989563,0.00989563,-0.121272
F,0.0699242,0.00989563,0.00989563,0.0798198
F,-0.325559,0.00989563,0.00989563,-0.315663
F,0.257988,-0.0255732,-0.0255732,0.232415
F,0.202341,0.00989563,0.00989563,0.212237
F,-0.10582,0.00989563,0.00989563,-0.0959246
F,0.280775,0.00989563,0.00989563,0.29067
F,0.0222701,0.00989563,0.00989563,0.0321657
F,-0.0516959,0.00989563,0.00989563,-0.0418003
F,-0.101121,0.00989563,0.00989563,-0.0912251
F,0.347092,0.00989563,0.00989563,0.356988
F,-0.0494591,0.00989563,0.00989563,-0.0395634
F,0.117242,0.00989563,0.00989563,0.127138
F,0.0335928,0.00989563,0.00989563,0.0434884
F,-0.0141133,0.00989563,0.00989563,-0.00421771
F,-0.118094,0.00989563,0.00989563,-0.108198
F,-0.00629393,0.00989563,0.00989563,0.0036017
F,0.041047,0.00989563,0.00989563,0.0509427
F,-0.160648,0.00989563,0.00989563,-0.150752
F,0.321352,0.00989563,0.00989563,0.331248
F,0.128319,0.00989563,0.00989563,0.138215
F,-0.229651,0.00989563,0.00989563,-0.219756
F,0.122997,0.00989563,0.00989563,0.132893
F,-0.38785,0.00989563,0.00989563,-0.377954
F,0.208583,0.00989563,0.00989563,0.218478
F,0.340339,0.00989563,0.00989563,0.350235
F,0.286602,0.00989563,0.00989563,0.296497
F,0.100059,0.00989563,0.00989563,0.109955
F,0.0382954,0.00989563,0.00989563,0.048191
F,0.280725,-0.0482131,-0.0482131,0.232512
F,0.0479574,0.00989563,0.00989563,0.057853
F,-0.340595,0.00989563,0.00989563,-0.330699
F,0.062545,0.00989563,0.00989563,0.0724406
F,-0.116389,0.0254202,0.0254202,-0.0909685
F,0.00524797,0.00989563,0.00989563,0.0151436
F,0.216435,0.00989563,0.00989563,0.22633
F,0.228455,0.00989563,0.00989563,0.238351
F,-0.0785514,0.00989563,0.00989563,-0.0686558
F,-0.209851,0.00989563,0.00989563,-0.199955
F,-0.188069,0.00989563,0.00989563,-0.178173
F,0.190906,0.00989563,0.00989563,0.200802
F,0.0260426,0.00989563,0.00989563,0.0359382
F,0.018542,0.00989563,0.00989563,0.0284376
F,-0.657619,0.00989563,0.00989563,-0.647723
F,0.244435,0.00989563,0.00989563,0.254331
F,-0.104881,0.00989563,0.00989563,-0.0949849
F,-0.204791,0.00989563,0.00989563,-0.194896
F,-0.259167,0.00989563,0.00989563,-0.249271
F,0.109209,0.00989563,0.00989563,0.119105
F,0.107635,0.00989563,0.00989563,0.117531
F,-0.0608635,0.00989563,0.00989563,-0.0509679
F,-0.276389,0.00989563,0.00989563,-0.266493
F,0.143837,0.00989563,0.00989563,0.153733
F,0.240917,0.00989563,0.00989563,0.250813
F,0.0256452,0.00989563,0.00989563,0.0355409
F,0.238496,-0.0255732,-0.0255732,0.212923
F,-0.122298,-0.0255732,-0.0255732,-0.147871
F,-0.238496,0.0254202,0.0254202,-0.213076
F,-0.247861,0.00989563,0.00989563,-0.237965
F,-0.138914,0.00989563,0.00989563,-0.129018
F,-0.250009,0.00989563,0.00989563,-0.240114
F,0.165848,0.00989563,0.00989563,0.175743
F,-0.0288159,0.00989563,0.00989563,-0.0189203
F,0.0565427,0.00989563,0.00989563,0.0664383
F,-0.130422,0.00989563,0.00989563,-0.120526
F,-0.214399,0.00989563,0.00989563,-0.204504
F,0.176003,0.00989563,0.00989563,0.185899
F,0.34833,0.00989563,0.00989563,0.358226
F,-0.0626544,0.00989563,0.00989563,-0.0527588
F,0.234366,0.00989563,0.00989563,0.244262
F,0.0672969,0.00989563,0.00989563,0.0771925
F,0.0649403,0.00989563,0.00989563,0.074836
F,-0.0168815,0.00989563,0.00989563,-0.00698587
F,-0.0467002,0.00989563,0.00989563,-0.0368045
F,-0.381459,0.00989563,0.00989563,-0.371563
F,0.17684,0.00989563,0.00989563,0.186735
F,0.057214,0.00989563,0.00989563,0.0671096
F,-0.00254687,0.00989563,0.00989563,0.00734876
F,-0.0597574,0.00989563,0.00989563,-0.0498618
F,-0.0573645,0.00989563,0.00989563,-0.0474689
F,-0.164825,0.00989563,0.00989563,-0.154929
F,-0.469887,-0.0482131,-0.0482131,-0.5181
F,0.0236543,0.00989563,0.00989563,0.03355
F,-0.00394606,0.00989563,0.00989563,0.00594957
F,0.192935,0.00989563,0.00989563,0.202831
F,-0.172325,0.00989563,0.00989563,-0.16243
F,-0.0363817,0.00989563,0.00989563,-0.0264861
F,-0.181359,-0.0482131,-0.0482131,-0.229572
F,0.16489,0.00989563,0.00989563,0.174786
F,0.184248,0.00989563,0.00989563,0.194143
F,-0.376311,0.00989563,0.00989563,-0.366415
F,0.09373,0.00989563,0.00989563,0.103626
F,-0.0584382,0.00989563,0.00989563,-0.0485426
F,0.205787,0.00989563,0.00989563,0.215682
F,0.0778694,0.00989563,0.00989563,0.0877651
F,0.143611,0.00989563,0.00989563,0.153506
F,0.0530622,0.00989563,0.00989563,0.0629579
F,-0.179467,0.00989563,0.00989563,-0.169571
F,-0.234312,0.00989563,0.00989563,-0.224416
F,0.257812,0.00989563,0.00989563,0.267708
F,0.153692,0.00989563,0.00989563,0.163587
F,0.323463,0.00989563,0.00989563,0.333359
F,0.373383,0.00989563,0.00989563,0.383279
F,-0.140597,0.00989563,0.00989563,-0.130702
F,-0.00676854,-0.0482131,-0.0482131,-0.0549817
F,-0.120123,0.00989563,0.00989563,-0.110227
F,0.0940352,0.00989563,0.00989563,0.103931
F,-0.150738,0.00989563,0.00989563,-0.140843
F,0.507205,0.00989563,0.00989563,0.5171
F,-0.0349411,0.00989563,0.00989563,-0.0250455
F,0.00112726,0.00989563,0.00989563,0.0110229
F,0.191485,0.00989563,0.00989563,0.201381
F,-0.261928,0.00989563,0.00989563,-0.252032
F,-0.00813295,0.00989563,0.00989563,0.00176268
F,0.154659,0.00989563,0.00989563,0.164555
F,-0.626108,0.00989563,0.00989563,-0.616212
F,-0.175925,0.00989563,0.00989563,-0.166029
F,-0.0192267,0.00989563,0.00989563,-0.00933109
F,-0.155022,0.00989563,0.00989563,-0.145126
F,-0.138537,0.00989563,0.00989563,-0.128641
F,-0.410372,0.00989563,0.00989563,-0.400476
F,-0.0711823,0.00989563,0.00989563,-0.0612867
F,0.0364315,0.00989563,0.00989563,0.0463271
F,0.186391,0.00989563,0.00989563,0.196287
F,-0.0874362,0.00989563,0.00989563,-0.0775406
F,0.0904336,0.00989563,0.00989563,0.100329
F,-0.120135,0.00989563,0.00989563,-0.110239
F,0.0345709,0.00989563,0.00989563,0.0444666
F,0.0325628,0.00989563,0.00989563,0.0424585
F,-0.103395,-0.0255732,-0.0255732,-0.128968
F,0.0736848,0.00989563,0.00989563,0.0835804
F,-0.187662,0.00989563,0.00989563,-0.177766
F,0.201006,0.00989563,0.00989563,0.210902
F,0.0167438,0.00989563,0.00989563,0.0266394
F,-0.140916,0.00989563,0.00989563,-0.13102
F,-0.340148,0.00989563,0.00989563,-0.330252
F,-0.167137,0.00989563,0.00989563,-0.157241
F,-0.272473,0.00989563,0.00989563,-0.262577
F,0.00824524,0.00989563,0.00989563,0.0181409
F,-0.230384,0.00989563,0.00989563,-0.220489
F,0.167853,0.00989563,0.00989563,0.177748
F,-0.186979,-0.0482131,-0.0482131,-0.235192
F,0.0430546,0.00989563,0.00989563,0.0529503
F,-0.0601909,0.00989563,0.00989563,-0.0502953
F,-0.092826,0.00989563,0.00989563,-0.0829304
F,0.103486,0.00989563,0.00989563,0.113382
F,0.161591,0.00989563,0.00989563,0.171486
F,-0.103948,-0.0482131,-0.0482131,-0.152161
F,-0.174911,0.00989563,0.00989563,-0.165015
F,-0.064883,0.00989563,0.00989563,-0.0549874
F,0.0222833,0.00989563,0.00989563,0.0321789
F,0.0482085,0.0254202,0.0254202,0.0736287
F,0.515505,0.00989563,0.00989563,0.525401
F,0.0713461,-0.0482131,-0.0482131,0.023133
F,0.32656,0.00989563,0.00989563,0.336456
F,-0.11767,0.00989563,0.00989563,-0.107774
F,0.104829,0.00989563,0.00989563,0.114725
F,0.242241,0.00989563,0.00989563,0.252136
F,0.14111,0.00989563,0.00989563,0.151006
F,-0.0171411,0.00989563,0.00989563,-0.00724546
F,0.061971,0.00989563,0.00989563,0.0718667
F,-0.0221998,0.00989563,0.00989563,-0.0123042
F,0.00407819,0.00989563,0.00989563,0.0139738
F,0.237221,0.00989563,0.00989563,0.247117
F,-0.359025,0.00989563,0.00989563,-0.34913
F,-0.15722,0.00989563,0.00989563,-0.147324
F,-0.00253453,0.00989563,0.00989563,0.0073611
F,-0.131416,0.00989563,0.00989563,-0.12152
F,0.0444418,0.00989563,0.00989563,0.0543375
F,0.406435,0.00989563,0.00989563,0.416331
F,-0.0127361,0.00989563,0.00989563,-0.00284051
F,0.00647003,0.00989563,0.00989563,0.0163657
F,-0.362047,0.00989563,0.00989563,-0.352151
F,-0.0363768,0.00989563,0.00989563,-0.0264812
F,0.112092,0.00989563,0.00989563,0.121987
F,0.245511,0.00989563,0.00989563,0.255406
F,0.0326908,0.00989563,0.00989563,0.0425865
F,-0.269667,0.00989563,0.00989563,-0.259771
F,0.0726845,0.00989563,0.00989563,0.0825801
F,0.00656953,0.00989563,0.00989563,0.0164652
F,-0.0430298,0.00989563,0.00989563,-0.0331342
F,0.3286,0.00989563,0.00989563,0.338495
F,0.0160806,0.00989563,0.00989563,0.0259762
F,0.121081,0.00989563,0.00989563,0.130977
F,-0.414211,0.00989563,0.00989563,-0.404315
F,-0.157693,0.00989563,0.00989563,-0.147798
F,-0.183396,0.00989563,0.00989563,-0.173501
F,0.226601,0.00989563,0.00989563,0.236496
F,0.1888,0.00989563,0.00989563,0.198696
F,-0.0678345,0.00989563,0.00989563,-0.0579389
F,-0.425469,0.00989563,0.00989563,-0.415574
F,-0.102215,0.00989563,0.00989563,-0.0923194
F,-0.0943577,0.00989563,0.00989563,-0.0844621
F,-0.00189115,0.00989563,0.00989563,0.00800448
F,-0.083522,0.00989563,0.00989563,-0.0736264
F,0.0604612,0.00989563,0.00989563,0.0703568
F,-0.203108,0.00989563,0.00989563,-0.193212
F,0.0968768,0.00989563,0.00989563,0.106772
F,-0.0147342,0.00989563,0.00989563,-0.00483862
F,0.0507212,0.00989563,0.00989563,0.0606169
F,0.00317822,0.00989563,0.00989563,0.0130738
F,-0.180112,0.00989563,0.00989563,-0.170217
F,0.112413,0.00989563,0.00989563,0.122308
F,0.0778184,0.00989563,0.00989563,0.0877141
F,0.104343,0.00989563,0.00989563,0.114238
F,-0.208075,0.00989563,0.00989563,-0.19818
F,-0.156158,0.00989563,0.00989563,-0.146263
F,-0.375111,0.00989563,0.00989563,-0.365216
F,0.100853,0.00989563,0.00989563,0.110749
F,-0.302064,-0.0482131,-0.0482131,-0.350278
F,-0.0288757,0.00989563,0.00989563,-0.0189801
F,-0.265936,0.00989563,0.00989563,-0.256041
F,0.217953,0.00989563,0.00989563,0.227849
F,-0.0131161,0.00989563,0.00989563,-0.00322049
F,-0.0505151,0.00989563,0.00989563,-0.0406195
F,0.175055,0.00989563,0.00989563,0.184951
F,-0.0858552,0.00989563,0.00989563,-0.0759595
F,0.105337,0.00989563,0.00989563,0.115233
F,-0.159534,0.00989563,0.00989563,-0.149638
F,0.209529,0.00989563,0.00989563,0.219424
F,0.0946573,0.00989563,0.00989563,0.104553
F,-0.165154,0.00989563,0.00989563,-0.155258
F,-0.00737361,0.00989563,0.00989563,0.00252202
F,-0.0339404,0.00989563,0.00989563,-0.0240448
F,-0.100864,0.00989563,0.00989563,-0.0909688
F,-0.263124,0.00989563,0.00989563,-0.253228
F,0.204299,0.00989563,0.00989563,0.214195
F,-0.0793261,0.00989563,0.00989563,-0.0694305
F,-0.068212,0.00989563,0.00989563,-0.0583164
F,0.0138344,-0.0482131,-0.0482131,-0.0343787
F,0.126012,0.00989563,0.00989563,0.135908
F,-0.0237767,0.00989563,0.00989563,-0.0138811
F,0.16343,0.00989563,0.00989563,0.173326
F,0.0733814,0.00989563,0.00989563,0.083277
F,0.00720284,0.00989563,0.00989563,0.0170985
F,0.125048,0.00989563,0.00989563,0.134943
F,0.247907,-0.0255732,-0.0255732,0.222334
F,-0.139556,0.00989563,0.00989563,-0.12966
F,-0.268613,0.00989563,0.00989563,-0.258718
F,-0.0641803,0.00989563,0.00989563,-0.0542847
F,-0.0531174,0.00989563,0.00989563,-0.0432217
F,-0.215026,0.00989563,0.00989563,-0.20513
F,-0.310167,0.00989563,0.00989563,-0.300271
F,0.470877,0.00989563,0.00989563,0.480773
F,-0.0246973,0.00989563,0.00989563,-0.0148017
F,-0.0239568,0.00989563,0.00989563,-0.0140612
F,-0.00785959,0.00989563,0.00989563,0.00203604
F,-0.212113,-0.0482131,-0.0482131,-0.260326
F,0.0981743,0.00989563,0.00989563,0.10807
F,0.13003,0.00989563,0.00989563,0.139926
F,-0.164559,0.00989563,0.00989563,-0.154664
F,0.309208,0.00989563,0.00989563,0.319104
F,-0.108292,0.00989563,0.00989563,-0.0983965
F,0.259692,0.00989563,0.00989563,0.269587
F,0.154248,0.00989563,0.00989563,0.164144
F,-0.0641674,0.00989563,0.00989563,-0.0542717
F,-0.102255,-0.0482131,-0.0482131,-0.150468
F,-0.412913,0.0254202,0.0254202,-0.387492
F,0.148555,0.00989563,0.00989563,0.158451
F,0.164625,0.00989563,0.00989563,0.17452
F,-0.548603,0.00989563,0.00989563,-0.538707
F,-0.0140528,0.00989563,0.00989563,-0.00415713
F,-0.0981899,0.00989563,0.00989563,-0.0882943
F,0.17566,0.00989563,0.00989563,0.185555
F,-0.240462,0.00989563,0.00989563,-0.230567
F,0.00536426,0.00989563,0.00989563,0.0152599
F,-0.186656,0.00989563,0.00989563,-0.17676
F,-0.282013,0.00989563,0.00989563,-0.272117
F,0.31429,0.00989563,0.00989563,0.324186
F,0.0223842,0.00989563,0.00989563,0.0322798
F,-0.123244,0.00989563,0.00989563,-0.113349
F,-0.105995,0.00989563,0.00989563,-0.0960997
F,0.294328,0.00989563,0.00989563,0.304223
F,0.0209295,0.00989563,0.00989563,0.0308251
F,0.166805,0.00989563,0.00989563,0.176701
F,0.273956,0.00989563,0.00989563,0.283851
F,-0.154043,0.00989563,0.00989563,-0.144148
F,0.00783873,0.00989563,0.00989563,0.0177344
F,0.235399,0.00989563,0.00989563,0.245295
F,-0.156392,0.00989563,0.00989563,-0.146497
F,0.0203145,-0.0482131,-0.0482131,-0.0278986
F,-0.104697,0.00989563,0.00989563,-0.0948016
F,-0.302667,0.00989563,0.00989563,-0.292772
F,-0.277776,0.00989563,0.00989563,-0.267881
F,-0.182612,0.00989563,0.00989563,-0.172716
F,-0.327682,0.00989563,0.00989563,-0.317787
F,0.358027,0.00989563,0.00989563,0.367923
F,-0.0434223,0.00989563,0.00989563,-0.0335267
F,-0.0160696,0.00989563,0.00989563,-0.00617396
F,-0.0619001,0.00989563,0.00989563,-0.0520044
F,0.21146,0.00989563,0.00989563,0.221356
F,-0.279658,0.00989563,0.00989563,-0.269763
F,0.0858762,0.00989563,0.00989563,0.0957718
F,0.0715248,0.00989563,0.00989563,0.0814204
F,-0.327201,0.00989563,0.00989563,-0.317305
F,-0.0983058,-0.0482131,-0.0482131,-0.146519
F,-0.300496,0.00989563,0.00989563,-0.2906
F,-0.191999,0.00989563,0.00989563,-0.182104
F,-0.204363,0.00989563,0.00989563,-0.194468
F,-0.150853,0.00989563,0.00989563,-0.140958
F,0.154222,0.00989563,0.00989563,0.164118
F,0.0893885,0.00989563,0.00989563,0.0992841
F,-0.129005,0.00989563,0.00989563,-0.11911
F,0.0377236,0.00989563,0.00989563,0.0476193
F,-0.0655171,0.00989563,0.00989563,-0.0556215
F,0.239601,0.0148631,0.0148631,0.254464
F,0.143026,0.00989563,0.00989563,0.152922
F,0.0958116,0.00989563,0.00989563,0.105707
F,-0.00986228,0.00989563,0.00989563,3.33473e-05
F,0.418088,-0.0482131,-0.0482131,0.369875
F,-0.013321,0.00989563,0.00989563,-0.00342538
F,0.245242,0.00989563,0.00989563,0.255137
F,-0.639096,0.00989563,0.00989563,-0.6292
F,0.126052,0.00989563,0.00989563,0.135948
F,0.0071286,0.00989563,0.00989563,0.0170242
F,0.148602,0.00989563,0.00989563,0.158497
F,-0.295986,0.00989563,0.00989563,-0.28609
F,0.235051,0.00989563,0.00989563,0.244946
F,0.312667,0.00989563,0.00989563,0.322563
F,0.0829498,0.00989563,0.00989563,0.0928455
F,-0.039519,0.00989563,0.00989563,-0.0296234
F,0.207345,0.00989563,0.00989563,0.217241
F,-0.167382,0.00989563,0.00989563,-0.157486
F,-0.276998,0.00989563,0.00989563,-0.267102
F,0.153723,0.00989563,0.00989563,0.163619
F,0.376379,0.00989563,0.00989563,0.386275
F,-0.0434577,0.00989563,0.00989563,-0.0335621
F,0.104245,0.00989563,0.00989563,0.11414
F,0.24111,0.00989563,0.00989563,0.251006
F,-0.0549877,0.00989563,0.00989563,-0.0450921
F,0.226993,0.00989563,0.00989563,0.236889
F,0.310759,0.00989563,0.00989563,0.320654
F,-0.363289,0.00989563,0.00989563,-0.353393
F,-0.524448,0.00989563,0.00989563,-0.514552
F,-0.0785415,0.00989563,0.00989563,-0.0686459
F,0.257167,0.00989563,0.00989563,0.267063
F,-0.0223297,0.00989563,0.00989563,-0.0124341
F,-0.168216,0.00989563,0.00989563,-0.158321
F,-0.605128,0.00989563,0.00989563,-0.595232
F,0.0629993,0.00989563,0.00989563,0.0728949
F,-0.067993,0.00989563,0.00989563,-0.0580973
F,0.291632,-0.0482131,-0.0482131,0.243419
F,-0.286997,0.00989563,0.00989563,-0.277102
F,-0.0704043,0.00989563,0.00989563,-0.0605086
F,0.132177,0.00989563,0.00989563,0.142073
F,0.304325,0.00989563,0.00989563,0.314221
F,-0.184153,-0.0255732,-0.0255732,-0.209726
F,0.0738106,0.00989563,0.00989563,0.0837062
F,-0.203654,0.00989563,0.00989563,-0.193758
F,-0.189545,0.00989563,0.00989563,-0.179649
F,0.223127,0.00989563,0.00989563,0.233023
F,-0.0182702,0.00989563,0.00989563,-0.00837462
F,0.0365581,0.00989563,0.00989563,0.0464537
F,-0.199241,-0.0482131,-0.0482131,-0.247454
F,0.292322,0.00989563,0.00989563,0.302218
F,-0.0433112,0.00989563,0.00989563,-0.0334156
F,-0.0682172,0.00989563,0.00989563,-0.0583216
F,-0.127862,-0.0482131,-0.0482131,-0.176076
F,-0.160826,0.00989563,0.00989563,-0.150931
F,0.10145,0.00989563,0.00989563,0.111345
F,0.0549337,0.00989563,0.00989563,0.0648293
F,0.0278946,0.00989563,0.00989563,0.0377902
F,0.084398,0.00989563,0.00989563,0.0942936
F,-0.0756177,0.00989563,0.00989563,-0.0657221
F,-0.0887968,0.00989563,0.00989563,-0.0789012
F,-0.0980068,-0.0482131,-0.0482131,-0.14622
F,-0.140219,0.00989563,0.00989563,-0.130324
F,0.220243,0.00989563,0.00989563,0.230139
F,-0.250762,0.00989563,0.00989563,-0.240867
F,-0.192729,0.00989563,0.00989563,-0.182833
F,0.0818697,0.00989563,0.00989563,0.0917653
F,0.177828,0.00989563,0.00989563,0.187724
F,0.0151085,0.00989563,0.00989563,0.0250041
F,-0.0346529,0.00989563,0.00989563,-0.0247573
F,-0.18725,0.00989563,0.00989563,-0.177355
F,-0.195198,0.00989563,0.00989563,-0.185302
F,0.045624,0.00989563,0.00989563,0.0555196
F,-0.1678,0.00989563,0.00989563,-0.157905
F,0.137283,0.00989563,0.00989563,0.147178
F,-0.219854,0.00989563,0.00989563,-0.209959
F,0.101373,0.00989563,0.00989563,0.111269
F,-0.265081,0.00989563,0.00989563,-0.255186
F,-0.115904,0.00989563,0.00989563,-0.106009
F,0.182562,0.00989563,0.00989563,0.192458
F,-0.143149,0.00989563,0.00989563,-0.133254
F,0.112551,0.00989563,0.00989563,0.122447
F,0.339416,-0.0482131,-0.0482131,0.291203
F,-0.251031,0.00989563,0.00989563,-0.241135
F,-0.154632,0.00989563,0.00989563,-0.144737
F,0.135316,0.00989563,0.00989563,0.145212
F,-0.153246,-0.0255732,-0.0255732,-0.178819
F,0.0382361,0.00989563,0.00989563,0.0481317
F,-0.0247972,0.00989563,0.00989563,-0.0149016
F,-0.0186694,0.00989563,0.00989563,-0.00877375
F,-0.141688,0.00989563,0.00989563,-0.131793
F,-0.391218,0.00989563,0.00989563,-0.381323
F,0.16121,-0.0482131,-0.0482131,0.112997
F,0.111585,0.00989563,0.00989563,0.121481
F,0.0417838,-0.0482131,-0.0482131,-0.00642934
F,0.406577,0.00989563,0.00989563,0.416472
F,-0.282353,0.00989563,0.00989563,-0.272457
F,-0.175614,0.00989563,0.00989563,-0.165718
F,-0.30277,0.00989563,0.00989563,-0.292874
F,-0.274931,0.00989563,0.00989563,-0.265036
F,0.129051,0.0254202,0.0254202,0.154471
F,0.122162,0.0254202,0.0254202,0.147582
F,-0.329286,0.00989563,0.00989563,-0.319391
F,-0.13389,0.00989563,0.00989563,-0.123994
F,-0.180247,0.00989563,0.00989563,-0.170351
F,0.3322,0.00989563,0.00989563,0.342096
F,-0.0467725,0.00989563,0.00989563,-0.0368768
F,0.386766,0.00989563,0.00989563,0.396662
F,0.0690948,0.00989563,0.00989563,0.0789904
F,0.235966,0.00989563,0.00989563,0.245862
F,-0.305065,0.00989563,0.00989563,-0.295169
F,-0.204627,0.00989563,0.00989563,-0.194731
F,0.196085,0.00989563,0.00989563,0.205981
F,0.0293132,0.00989563,0.00989563,0.0392088
F,0.246075,-0.0482131,-0.0482131,0.197862
F,-0.00112613,0.00989563,0.00989563,0.0087695
F,-0.05618,0.00989563,0.00989563,-0.0462844
F,0.0789507,0.00989563,0.00989563,0.0888463
F,-0.00580662,-0.0482131,-0.0482131,-0.0540197
F,0.124686,0.00989563,0.00989563,0.134582
F,-0.120074,0.00989563,0.00989563,-0.110179
F,0.0755079,0.00989563,0.00989563,0.0854035
F,-0.196307,0.00989563,0.00989563,-0.186412
F,0.179119,0.00989563,0.00989563,0.189015
F,-0.320148,-0.0255732,-0.0255732,-0.345721
F,-0.197561,0.00989563,0.00989563,-0.187665
F,0.106434,0.00989563,0.00989563,0.11633
F,0.00790712,0.00989563,0.00989563,0.0178027
F,-0.247798,0.00989563,0.00989563,-0.237903
F,0.261113,0.00989563,0.00989563,0.271009
F,-0.230262,0.00989563,0.00989563,-0.220366
F,0.0451107,0.00989563,0.00989563,0.0550063
F,0.0943975,0.00989563,0.00989563,0.104293
F,-0.206138,0.00989563,0.00989563,-0.196242
F,-0.198727,0.00989563,0.00989563,-0.188832
F,0.104132,0.00989563,0.00989563,0.114027
F,-0.00430807,0.00989563,0.00989563,0.00558756
F,-0.293064,0.00989563,0.00989563,-0.283169
F,0.0473422,0.00989563,0.00989563,0.0572379
F,0.137163,0.00989563,0.00989563,0.147059
F,0.051614,0.00989563,0.00989563,0.0615096
F,-0.261227,0.00989563,0.00989563,-0.251331
F,0.0283259,0.00989563,0.00989563,0.0382216
F,0.162988,0.00989563,0.00989563,0.172884
F,0.0146048,0.00989563,0.00989563,0.0245004
F,0.0719284,0.00989563,0.00989563,0.081824
F,-0.307312,0.0254202,0.0254202,-0.281892
F,0.0616339,0.00989563,0.00989563,0.0715295
F,-0.0317252,0.00989563,0.00989563,-0.0218295
F,-0.221606,0.00989563,0.00989563,-0.211711
F,0.00904807,0.00989563,0.00989563,0.0189437
F,-0.194164,-0.0482131,-0.0482131,-0.242377
F,0.147163,0.00989563,0.00989563,0.157059
F,-0.306159,0.00989563,0.00989563,-0.296263
F,0.378869,0.00989563,0.00989563,0.388764
F,-0.268338,0.00989563,0.00989563,-0.258442
F,0.055238,0.00989563,0.00989563,0.0651336
F,0.177782,0.00989563,0.00989563,0.187678
F,-0.0617766,0.00989563,0.00989563,-0.0518809
F,0.0628799,0.00989563,0.00989563,0.0727755
F,-0.154195,0.00989563,0.00989563,-0.1443
F,-0.0578986,0.00989563,0.00989563,-0.0480029
F,0.18528,0.00989563,0.00989563,0.195175
F,0.104963,0.00989563,0.00989563,0.114859
F,-0.203135,0.00989563,0.00989563,-0.193239
F,-0.117535,0.00989563,0.00989563,-0.107639
F,0.0594277,0.00989563,0.00989563,0.0693233
F,-0.286939,0.00989563,0.00989563,-0.277043
F,-0.0863684,0.00989563,0.00989563,-0.0764728
F,-0.0880416,0.00989563,0.00989563,-0.078146
F,-0.126123,0.00989563,0.00989563,-0.116227
F,0.197092,0.00989563,0.00989563,0.206988
F,0.0203798,0.00989563,0.00989563,0.0302754
F,0.42193,0.00989563,0.00989563,0.431826
F,0.0227632,0.00989563,0.00989563,0.0326588
F,0.51585,0.00989563,0.00989563,0.525745
F,-0.313312,0.00989563,0.00989563,-0.303416
F,-0.131647,0.00989563,0.00989563,-0.121751
F,0.0495914,0.00989563,0.00989563,0.059487
F,-0.0482323,0.00989563,0.00989563,-0.0383367
F,-0.100472,0.00989563,0.00989563,-0.0905768
F,-0.0455239,0.00989563,0.00989563,-0.0356283
F,-0.0504959,0.00989563,0.00989563,-0.0406003
F,-0.0930707,0.00989563,0.00989563,-0.083175
F,0.136808,0.00989563,0.00989563,0.146704
F,-0.165924,0.00989563,0.00989563,-0.156028
F,0.145754,0.00989563,0.00989563,0.15565
F,0.0252641,0.00989563,0.00989563,0.0351597
F,-0.0569951,0.00989563,0.00989563,-0.0470995
F,-0.0236606,-0.0255732,-0.0255732,-0.0492339
F,-0.229417,0.00989563,0.00989563,-0.219521
F,-0.144246,0.00989563,0.00989563,-0.13435
F,-0.0712982,0.00989563,0.00989563,-0.0614026
F,-0.232179,0.00989563,0.00989563,-0.222284
F,0.0775004,0.00989563,0.00989563,0.087396
F,-0.0687738,0.00989563,0.00989563,-0.0588781
F,-0.233891,0.00989563,0.00989563,-0.223996
F,0.00357036,0.00989563,0.00989563,0.013466
F,-0.209555,0.00989563,0.00989563,-0.19966
F,-0.224799,0.00989563,0.00989563,-0.214903
F,-0.227477,0.00989563,0.00989563,-0.217581
F,0.0603938,0.00989563,0.00989563,0.0702895
F,0.0108684,0.00989563,0.00989563,0.020764
F,-0.10605,0.00989563,0.00989563,-0.0961548
F,0.19464,0.00989563,0.00989563,0.204536
F,-0.349639,0.00989563,0.00989563,-0.339744
F,-0.203842,0.00989563,0.00989563,-0.193946
F,-0.21115,0.00989563,0.00989563,-0.201255
F,0.245113,0.00989563,0.00989563,0.255008
F,0.0833793,0.00989563,0.00989563,0.0932749
F,-0.00108727,0.00989563,0.00989563,0.00880835
F,-0.0885604,0.00989563,0.00989563,-0.0786648
F,-0.148734,0.00989563,0.00989563,-0.138839
F,0.0659238,0.00989563,0.00989563,0.0758195
F,0.0827842,0.0254202,0.0254202,0.108204
F,0.346309,0.00989563,0.00989563,0.356204
F,-0.45247,0.00989563,0.00989563,-0.442574
F,-0.189985,0.00989563,0.00989563,-0.18009
F,-0.167735,0.00989563,0.00989563,-0.157839
F,-0.202547,0.00989563,0.00989563,-0.192651
F,-0.198345,0.00989563,0.00989563,-0.18845
F,-0.0600463,0.00989563,0.00989563,-0.0501507
F,-0.132391,0.00989563,0.00989563,-0.122495
F,0.293442,0.00989563,0.00989563,0.303338
F,-0.0415091,0.00989563,0.00989563,-0.0316134
F,0.0689104,0.00989563,0.00989563,0.078806
F,0.112659,0.00989563,0.00989563,0.122554
F,0.0879819,0.00989563,0.00989563,0.0978775
F,-0.154978,0.00989563,0.00989563,-0.145082
F,-0.474838,0.00989563,0.00989563,-0.464942
F,-0.29229,0.00989563,0.00989563,-0.282394
F,0.09729,0.00989563,0.00989563,0.107186
F,0.16473,0.00989563,0.00989563,0.174625
F,0.146005,0.00989563,0.00989563,0.1559
F,-0.1115,-0.0482131,-0.0482131,-0.159713
F,-0.083221,0.00989563,0.00989563,-0.0733254
F,-0.461007,0.00989563,0.00989563,-0.451112
F,0.336079,0.00989563,0.00989563,0.345975
F,-0.263572,0.00989563,0.00989563,-0.253677
F,0.106055,-0.0255732,-0.0255732,0.0804821
F,0.126714,0.00989563,0.00989563,0.13661
F,0.266479,0.00989563,0.00989563,0.276375
F,0.0642713,0.00989563,0.00989563,0.0741669
F,0.124391,0.00989563,0.00989563,0.134287
F,0.0116604,0.00989563,0.00989563,0.021556
F,-0.0584829,0.00989563,0.00989563,-0.0485872
F,-0.248935,0.00989563,0.00989563,-0.23904
F,0.157341,0.00989563,0.00989563,0.167236
F,0.0220702,0.00989563,0.00989563,0.0319659
F,-0.000904584,0.00989563,0.00989563,0.00899104
F,-0.0736077,0.00989563,0.00989563,-0.0637121
F,-0.0354252,0.00989563,0.00989563,-0.0255295
F,0.133323,0.00989563,0.00989563,0.143219
F,-0.0161242,0.00989563,0.00989563,-0.00622858
F,-0.0848356,0.00989563,0.00989563,-0.0749399
F,-0.120602,0.00989563,0.00989563,-0.110707
F,-0.000579355,0.00989563,0.00989563,0.00931627
F,-0.157517,0.00989563,0.00989563,-0.147621
F,-0.0548766,0.00989563,0.00989563,-0.044981
F,0.0377113,0.00989563,0.00989563,0.0476069
F,-0.00827457,0.00989563,0.00989563,0.00162105
F,-0.138698,0.00989563,0.00989563,-0.128802
F,-0.526308,0.00989563,0.00989563,-0.516412
F,-0.111111,0.00989563,0.00989563,-0.101215
F,0.0494444,0.00989563,0.00989563,0.05934
F,0.329589,0.00989563,0.00989563,0.339485
F,-0.0832815,0.00989563,0.00989563,-0.0733859
F,-0.395985,0.00989563,0.00989563,-0.38609
F,-0.22936,0.00989563,0.00989563,-0.219465
F,0.0172838,0.00989563,0.00989563,0.0271794
F,-0.0120089,0.00989563,0.00989563,-0.00211326
F,0.260137,0.00989563,0.00989563,0.270032
F,-0.277462,0.00989563,0.00989563,-0.267567
F,0.26062,0.00989563,0.00989563,0.270516
F,-0.332702,0.00989563,0.00989563,-0.322807
F,0.000395298,0.00989563,0.00989563,0.0102909
F,0.094665,0.00989563,0.00989563,0.104561
F,0.039742,0.00989563,0.00989563,0.0496376
F,0.427647,0.00989563,0.00989563,0.437542
F,0.0938044,0.00989563,0.00989563,0.1037
F,0.00482686,0.00989563,0.00989563,0.0147225
F,0.276298,0.00989563,0.00989563,0.286193
F,-0.0791475,0.00989563,0.00989563,-0.0692519
F,-0.00894284,0.00989563,0.00989563,0.000952789
F,-0.225927,-0.0482131,-0.0482131,-0.27414
F,0.103954,0.00989563,0.00989563,0.113849
F,0.198506,0.00989563,0.00989563,0.208402
F,0.505194,0.00989563,0.00989563,0.51509
F,0.0230058,0.00989563,0.00989563,0.0329014
F,-0.111017,0.00989563,0.00989563,-0.101122
F,0.123825,0.00989563,0.00989563,0.13372
F,-0.416217,0.00989563,0.00989563,-0.406322
F,-0.0478462,0.00989563,0.00989563,-0.0379506
F,-0.13469,0.00989563,0.00989563,-0.124794
F,-0.0437314,0.00989563,0.00989563,-0.0338358
F,0.163511,0.00989563,0.00989563,0.173406
F,0.111797,0.00989563,0.00989563,0.121693
F,0.240225,0.00989563,0.00989563,0.250121
F,0.0378447,0.00989563,0.00989563,0.0477404
F,-0.150581,0.00989563,0.00989563,-0.140685
F,0.161571,0.00989563,0.00989563,0.171467
F,0.10709,0.00989563,0.00989563,0.116985
F,-0.127782,0.00989563,0.00989563,-0.117886
F,-0.00131022,0.00989563,0.00989563,0.00858541
F,-0.128115,0.00989563,0.00989563,-0.11822
F,0.133655,-0.0482131,-0.0482131,0.0854415
F,0.0200117,0.00989563,0.00989563,0.0299073
F,-0.216502,0.00989563,0.00989563,-0.206606
F,0.102708,0.00989563,0.00989563,0.112603
F,0.040566,0.00989563,0.00989563,0.0504616
F,-0.0195706,0.00989563,0.00989563,-0.00967501
F,0.225318,0.00989563,0.00989563,0.235213
F,-0.0448642,0.00989563,0.00989563,-0.0349686
F,0.298194,0.00989563,0.00989563,0.30809
F,-0.0753053,0.00989563,0.00989563,-0.0654097
F,0.012144,0.00989563,0.00989563,0.0220396
F,0.131085,0.00989563,0.00989563,0.140981
F,0.279394,0.00989563,0.00989563,0.289289
F,0.125689,-0.0482131,-0.0482131,0.0774759
F,0.396407,0.00989563,0.00989563,0.406302
F,0.00181489,0.00989563,0.00989563,0.0117105
F,0.0637686,0.00989563,0.00989563,0.0736642
F,0.0277683,0.00989563,0.00989563,0.0376639
F,-0.313662,0.00989563,0.00989563,-0.303766
F,0.0849976,-0.0482131,-0.0482131,0.0367845
F,0.0554785,0.00989563,0.00989563,0.0653741
F,-0.0734846,0.00989563,0.00989563,-0.0635889
F,-0.122102,0.00989563,0.00989563,-0.112207
F,0.237173,-0.0482131,-0.0482131,0.18896
F,0.172416,0.00989563,0.00989563,0.182312
F,0.256652,0.00989563,0.00989563,0.266548
F,0.0460715,0.00989563,0.00989563,0.0559672
F,-0.188943,0.00989563,0.00989563,-0.179047
F,-0.461355,0.00989563,0.00989563,-0.451459
F,-0.0784369,0.00989563,0.00989563,-0.0685413
F,-0.102841,0.00989563,0.00989563,-0.0929452
F,0.0203282,0.00989563,0.00989563,0.0302238
F,-0.137592,0.00989563,0.00989563,-0.127697
F,0.185806,0.00989563,0.00989563,0.195702
F,0.00865917,0.00989563,0.00989563,0.0185548
F,-0.0573619,0.00989563,0.00989563,-0.0474663
F,-0.216965,0.00989563,0.00989563,-0.207069
F,0.060745,0.00989563,0.00989563,0.0706406
F,0.146181,0.00989563,0.00989563,0.156076
F,-0.0980844,0.00989563,0.00989563,-0.0881887
F,-0.0653156,0.00989563,0.00989563,-0.05542
F,-0.143206,0.00989563,0.00989563,-0.133311
F,-0.0225338,0.00989563,0.00989563,-0.0126382
F,-0.00869128,0.00989563,0.00989563,0.00120435
F,-0.222553,0.00989563,0.00989563,-0.212658
F,0.000980666,0.00989563,0.00989563,0.0108763
F,0.160314,0.00989563,0.00989563,0.17021
F,-0.0656706,0.00989563,0.00989563,-0.055775
F,-0.0801098,0.00989563,0.00989563,-0.0702141
F,-0.0700508,0.00989563,0.00989563,-0.0601552
F,0.170939,0.00989563,0.00989563,0.180835
F,0.076595,0.00989563,0.00989563,0.0864906
F,0.0846394,0.00989563,0.00989563,0.094535
F,0.0479701,0.00989563,0.00989563,0.0578657
F,-0.120248,0.00989563,0.00989563,-0.110353
F,0.0831514,-0.0255732,-0.0255732,0.0575782
F,-0.163794,0.00989563,0.00989563,-0.153898
F,-0.185334,0.00989563,0.00989563,-0.175438
F,-0.171518,0.00989563,0.00989563,-0.161622
F,0.384892,0.00989563,0.00989563,0.394787
F,-0.151434,0.00989563,0.00989563,-0.141539
F,-0.0849562,0.00989563,0.00989563,-0.0750606
F,-0.00840275,0.00989563,0.00989563,0.00149287
F,0.314127,0.00989563,0.00989563,0.324022
F,-0.0231644,0.00989563,0.00989563,-0.0132688
F,-0.0388364,0.00989563,0.00989563,-0.0289408
F,-0.169161,0.00989563,0.00989563,-0.159265
F,-0.0136388,0.00989563,0.00989563,-0.00374318
F,0.174935,0.00989563,0.00989563,0.18483
F,-0.00499063,0.00989563,0.00989563,0.004905
F,-0.334607,0.00989563,0.00989563,-0.324711
F,0.128126,0.00989563,0.00989563,0.138022
F,0.287647,0.00989563,0.00989563,0.297542
F,0.0986994,0.00989563,0.00989563,0.108595
F,-0.447699,0.00989563,0.00989563,-0.437803
F,-0.19015,0.00989563,0.00989563,-0.180254
F,0.126079,0.00989563,0.00989563,0.135975
F,0.287834,0.00989563,0.00989563,0.29773
F,-0.170448,-0.0482131,-0.0482131,-0.218661
F,0.0022323,0.00989563,0.00989563,0.0121279
F,0.0904008,0.00989563,0.00989563,0.100296
F,0.0008253,0.00989563,0.00989563,0.0107209
F,-0.0206172,0.00989563,0.00989563,-0.0107215
F,0.0818415,0.00989563,0.00989563,0.0917372
F,-0.290185,0.00989563,0.00989563,-0.28029
F,0.210492,0.00989563,0.00989563,0.220387
F,0.531476,0.00989563,0.00989563,0.541372
F,-0.220162,0.00989563,0.00989563,-0.210267
F,-0.416785,0.00989563,0.00989563,-0.40689
F,-0.190511,0.00989563,0.00989563,-0.180615
F,-0.0265997,0.00989563,0.00989563,-0.0167041
F,-0.323181,0.00989563,0.00989563,-0.313285
F,0.111138,0.00989563,0.00989563,0.121034
F,-0.216872,0.00989563,0.00989563,-0.206977
F,-0.283073,0.00989563,0.00989563,-0.273177
F,-0.00258014,0.00989563,0.00989563,0.00731549
F,-0.0763314,0.0254202,0.0254202,-0.0509112
F,0.0704762,0.00989563,0.00989563,0.0803718
F,-0.203604,0.00989563,0.00989563,-0.193708
F,-0.040801,0.00989563,0.00989563,-0.0309054
F,-0.213683,0.00989563,0.00989563,-0.203787
F,0.338712,0.00989563,0.00989563,0.348608
F,0.0145385,0.00989563,0.00989563,0.0244341
F,0.129048,-0.0482131,-0.0482131,0.0808351
F,-0.175979,0.00989563,0.00989563,-0.166083
F,-0.329193,0.00989563,0.00989563,-0.319297
F,-0.0781624,0.00989563,0.00989563,-0.0682668
F,0.0650374,0.00989563,0.00989563,0.0749331
F,0.336858,-0.0482131,-0.0482131,0.288645
F,-0.107784,-0.0482131,-0.0482131,-0.155997
F,0.163481,0.00989563,0.00989563,0.173377
F,-0.0537876,0.00989563,0.00989563,-0.0438919
F,0.213405,0.00989563,0.00989563,0.223301
F,-0.226454,0.00989563,0.00989563,-0.216558
F,-0.0361632,0.00989563,0.00989563,-0.0262676
F,-0.134575,0.00989563,0.00989563,-0.124679
F,0.376594,0.00989563,0.00989563,0.38649
F,-0.0336184,0.00989563,0.00989563,-0.0237228
F,-0.209755,0.00989563,0.00989563,-0.19986
F,-0.0566367,0.00989563,0.00989563,-0.0467411
F,0.335991,0.00989563,0.00989563,0.345887
F,0.292979,0.00989563,0.00989563,0.302875
F,0.274791,0.00989563,0.00989563,0.284686
F,-0.135499,0.00989563,0.00989563,-0.125603
F,0.160211,0.00989563,0.00989563,0.170107
F,0.0701011,0.00989563,0.00989563,0.0799967
F,0.173874,0.00989563,0.00989563,0.18377
F,0.181233,0.00989563,0.00989563,0.191129
F,-0.347005,-0.0482131,-0.0482131,-0.395219
F,-0.200782,0.00989563,0.00989563,-0.190887
F,0.356812,0.00989563,0.00989563,0.366708
F,-0.0776433,0.00989563,0.00989563,-0.0677476
F,-0.0970561,0.00989563,0.00989563,-0.0871605
F,0.0493429,-0.0482131,-0.0482131,0.00112976
F,-0.290262,0.00989563,0.00989563,-0.280367
F,0.115225,0.00989563,0.00989563,0.12512
F,-0.0578105,0.00989563,0.00989563,-0.0479149
F,-0.363063,0.00989563,0.00989563,-0.353168
F,-0.403649,0.00989563,0.00989563,-0.393754
F,0.239661,0.00989563,0.00989563,0.249557
F,-0.0505483,0.00989563,0.00989563,-0.0406527
F,-0.022815,0.00989563,0.00989563,-0.0129194
F,-0.169605,-0.0482131,-0.0482131,-0.217818
F,-0.280837,0.00989563,0.00989563,-0.270941
F,0.0426738,0.00989563,0.00989563,0.0525694
F,0.141829,0.00989563,0.00989563,0.151724
F,0.120553,0.00989563,0.00989563,0.130449
F,-0.0632104,0.00989563,0.00989563,-0.0533148
F,-0.240572,0.00989563,0.00989563,-0.230676
F,-0.145583,0.00989563,0.00989563,-0.135687
F,0.199695,0.00989563,0.00989563,0.209591
F,-0.0161216,0.00989563,0.00989563,-0.006226
F,-0.0945845,0.00989563,0.00989563,-0.0846889
F,0.45478,0.00989563,0.00989563,0.464676
F,0.159601,-0.0255732,-0.0255732,0.134028
F,-0.00639689,0.00989563,0.00989563,0.00349874
F,0.520393,0.00989563,0.00989563,0.530288
F,-0.339867,0.00989563,0.00989563,-0.329972
F,0.0974936,0.00989563,0.00989563,0.107389
F,0.129058,0.00989563,0.00989563,0.138954
F,0.285504,-0.0482131,-0.0482131,0.23729
F,0.0865012,0.00989563,0.00989563,0.0963969
F,0.0386101,0.00989563,0.00989563,0.0485057
F,-0.254209,0.00989563,0.00989563,-0.244313
F,-0.0317968,0.00989563,0.00989563,-0.0219012
F,-0.188679,0.00989563,0.00989563,-0.178783
F,-0.0610164,0.00989563,0.00989563,-0.0511207
F,0.205585,0.00989563,0.00989563,0.21548
F,0.26689,0.00989563,0.00989563,0.276786
F,-0.127218,0.00989563,0.00989563,-0.117323
F,-0.276805,0.00989563,0.00989563,-0.266909
F,-0.188056,0.00989563,0.00989563,-0.178161
F,0.216119,0.00989563,0.00989563,0.226015
F,-0.102595,0.00989563,0.00989563,-0.092699
F,0.0596282,-0.0482131,-0.0482131,0.0114151
F,-0.268634,0.00989563,0.00989563,-0.258738
F,0.261045,0.00989563,0.00989563,0.27094
F,-0.463859,0.00989563,0.00989563,-0.453964
F,-0.0598405,0.00989563,0.00989563,-0.0499449
F,-0.0741679,0.00989563,0.00989563,-0.0642722
F,-0.366107,0.00989563,0.00989563,-0.356211
F,0.0457535,0.00989563,0.00989563,0.0556492
F,-0.282226,-0.0482131,-0.0482131,-0.330439
F,0.42047,0.00989563,0.00989563,0.430366
F,0.0258306,0.00989563,0.00989563,0.0357262
F,-0.486619,0.00989563,0.00989563,-0.476723
F,0.0247183,0.00989563,0.00989563,0.0346139
F,0.175732,0.00989563,0.00989563,0.185627
F,-0.0959513,0.00989563,0.00989563,-0.0860557
F,-0.180123,0.00989563,0.00989563,-0.170227
F,-0.0588661,-0.0482131,-0.0482131,-0.107079
F,0.0034646,0.00989563,0.00989563,0.0133602
F,-0.0551105,0.00989563,0.00989563,-0.0452149
F,0.0713319,0.00989563,0.00989563,0.0812275
F,-0.0791693,0.00989563,0.00989563,-0.0692736
F,-0.273833,0.00989563,0.00989563,-0.263937
F,-0.122577,0.00989563,0.00989563,-0.112681
F,0.0128184,-0.0482131,-0.0482131,-0.0353948
F,-0.0999763,0.00989563,0.00989563,-0.0900807
F,-0.433536,0.00989563,0.00989563,-0.42364
F,-0.299121,0.00989563,0.00989563,-0.289225
F,0.0386614,0.00989563,0.00989563,0.048557
F,0.113041,0.00989563,0.00989563,0.122937
F,0.0712287,0.00989563,0.00989563,0.0811244
F,-0.219396,0.00989563,0.00989563,-0.2095
F,0.0625777,0.00989563,0.00989563,0.0724733
F,0.0944639,0.00989563,0.00989563,0.10436
F,0.022488,0.00989563,0.00989563,0.0323836
F,0.394144,0.00989563,0.00989563,0.404039
F,0.193302,0.00989563,0.00989563,0.203198
F,-0.0353052,0.00989563,0.00989563,-0.0254096
F,-0.160138,0.00989563,0.00989563,-0.150242
F,0.0137067,-0.0255732,-0.0255732,-0.0118666
F,0.278458,0.00989563,0.00989563,0.288353
F,-0.0231992,0.00989563,0.00989563,-0.0133036
F,0.206654,0.00989563,0.00989563,0.21655
F,0.142843,0.00989563,0.00989563,0.152739
F,-0.196935,0.00989563,0.00989563,-0.187039
F,-0.733611,0.00989563,0.00989563,-0.723715
F,0.0688745,-0.0482131,-0.0482131,0.0206614
F,-0.135868,0.00989563,0.00989563,-0.125972
F,0.323663,0.00989563,0.00989563,0.333558
F,0.444758,-0.0255732,-0.0255732,0.419185
F,-0.231316,0.00989563,0.00989563,-0.221421
F,0.0616616,0.00989563,0.00989563,0.0715572
F,0.119995,0.00989563,0.00989563,0.129891
F,0.0589731,0.00989563,0.00989563,0.0688687
F,0.0264543,0.00989563,0.00989563,0.0363499
F,-0.115667,0.00989563,0.00989563,-0.105771
F,0.125348,0.00989563,0.00989563,0.135244
F,-0.425097,0.00989563,0.00989563,-0.415202
F,0.0202255,0.00989563,0.00989563,0.0301211
F,-0.146794,0.00989563,0.00989563,-0.136898
F,0.265503,0.00989563,0.00989563,0.275399
F,-0.0317449,0.00989563,0.00989563,-0.0218493
F,-0.249346,0.00989563,0.00989563,-0.23945
F,-0.202696,0.00989563,0.00989563,-0.1928
F,-0.436416,0.00989563,0.00989563,-0.42652
F,0.0595848,0.00989563,0.00989563,0.0694804
F,-0.170039,0.00989563,0.00989563,-0.160143
F,0.0331977,0.00989563,0.00989563,0.0430933
F,-0.0261567,0.00989563,0.00989563,-0.0162611
F,-0.0104679,0.00989563,0.00989563,-0.000572279
F,0.337035,-0.0482131,-0.0482131,0.288822
F,-0.26183,0.00989563,0.00989563,-0.251935
F,0.0605528,0.00989563,0.00989563,0.0704484
F,-0.0409512,-0.0482131,-0.0482131,-0.0891643
F,-0.0288079,0.00989563,0.00989563,-0.0189123
F,0.0372889,0.00989563,0.00989563,0.0471845
F,0.013027,0.00989563,0.00989563,0.0229226
F,-0.0808632,0.00989563,0.00989563,-0.0709676
F,0.0404106,0.00989563,0.00989563,0.0503062
F,-0.0744556,-0.0482131,-0.0482131,-0.122669
F,-0.146145,-0.0255732,-0.0255732,-0.171718
F,-0.369079,0.0254202,0.0254202,-0.343659
F,-0.299021,0.00989563,0.00989563,-0.289126
F,-0.218881,0.00989563,0.00989563,-0.208986
F,0.269816,0.00989563,0.00989563,0.279712
F,0.00146628,0.00989563,0.00989563,0.0113619
F,0.260903,0.00989563,0.00989563,0.270798
F,0.06575,0.00989563,0.00989563,0.0756456
F,-0.434824,0.00989563,0.00989563,-0.424929
F,-0.0100919,-0.0482131,-0.0482131,-0.058305
F,-0.231929,0.00989563,0.00989563,-0.222033
F,0.0921401,-0.0482131,-0.0482131,0.043927
F,0.575296,-0.0482131,-0.0482131,0.527083
F,0.342262,-0.0482131,-0.0482131,0.294049
F,0.0584904,0.00989563,0.00989563,0.068386
F,-0.240451,0.00989563,0.00989563,-0.230555
F,0.2177,0.00989563,0.00989563,0.227596
F,0.0124117,0.00989563,0.00989563,0.0223073
F,0.162718,0.00989563,0.00989563,0.172614
F,0.126897,0.00989563,0.00989563,0.136793
F,0.067639,0.00989563,0.00989563,0.0775347
F,-0.0731552,0.00989563,0.00989563,-0.0632596
F,-0.111615,0.00989563,0.00989563,-0.10172
F,0.118119,0.00989563,0.00989563,0.128015
F,0.0317588,0.00989563,0.00989563,0.0416544
F,-0.249117,0.0409682,0.0409682,-0.208149
F,0.214515,0.00989563,0.00989563,0.224411
F,0.011341,0.00989563,0.00989563,0.0212367
F,0.151193,0.00989563,0.00989563,0.161089
F,-0.177712,0.00989563,0.00989563,-0.167816
F,-0.202091,0.00989563,0.00989563,-0.192195
F,0.241532,0.00989563,0.00989563,0.251428
F,-0.0984259,-0.0482131,-0.0482131,-0.146639
F,0.0978666,0.00989563,0.00989563,0.107762
F,0.0562411,0.00989563,0.00989563,0.0661367
F,-0.159381,0.00989563,0.00989563,-0.149486
F,0.0195434,0.00989563,0.00989563,0.029439
F,0.110462,0.00989563,0.00989563,0.120357
F,0.0547833,-0.0482131,-0.0482131,0.00657023
F,0.159828,0.00989563,0.00989563,0.169724
F,0.0233885,0.00989563,0.00989563,0.0332841
F,0.144546,0.00989563,0.00989563,0.154441
F,-0.331572,-0.0482131,-0.0482131,-0.379785
F,-0.145407,0.00989563,0.00989563,-0.135512
F,0.0739596,0.00989563,0.00989563,0.0838552
F,-0.103319,0.00989563,0.00989563,-0.0934229
F,0.0910592,0.00989563,0.00989563,0.100955
F,-0.0416598,0.00989563,0.00989563,-0.0317642
F,0.0494725,0.00989563,0.00989563,0.0593681
F,0.326868,-0.0482131,-0.0482131,0.278655
F,-0.121823,0.00989563,0.00989563,-0.111928
F,-0.0179112,0.00989563,0.00989563,-0.00801558
F,-0.02625,0.00989563,0.00989563,-0.0163544
F,-0.0317878,0.00989563,0.00989563,-0.0218922
F,-0.00922736,0.00989563,0.00989563,0.000668266
F,0.236918,0.00989563,0.00989563,0.246813
F,-0.283133,0.00989563,0.00989563,-0.273237
F,0.300327,-0.0482131,-0.0482131,0.252114
F,-0.337149,0.00989563,0.00989563,-0.327254
F,-0.108335,0.00989563,0.00989563,-0.0984395
F,0.0207461,0.0254202,0.0254202,0.0461663
F,-0.0104377,0.00989563,0.00989563,-0.00054203
F,0.0183979,0.0254202,0.0254202,0.0438181
F,-0.161347,0.00989563,0.00989563,-0.151452
F,-0.202285,0.00989563,0.00989563,-0.19239
F,-0.237577,0.00989563,0.00989563,-0.227681
F,0.308229,0.00989563,0.00989563,0.318124
F,0.400614,-0.0255732,-0.0255732,0.375041
F,-0.169266,-0.0482131,-0.0482131,-0.217479
F,0.239944,0.00989563,0.00989563,0.24984
F,-0.0987568,-0.0482131,-0.0482131,-0.14697
F,-0.0884082,0.00989563,0.00989563,-0.0785125
F,-0.0498025,0.00989563,0.00989563,-0.0399068
F,-0.194166,0.00989563,0.00989563,-0.18427
F,0.208682,0.00989563,0.00989563,0.218578
F,0.344278,0.00989563,0.00989563,0.354174
F,-0.105824,0.00989563,0.00989563,-0.0959286
F,0.0211288,0.00989563,0.00989563,0.0310244
F,0.0402957,0.00989563,0.00989563,0.0501913
F,-0.536624,-0.0255732,-0.0255732,-0.562197
F,-0.317636,0.00989563,0.00989563,-0.30774
F,-0.21454,0.00989563,0.00989563,-0.204645
F,-0.0744089,0.00989563,0.00989563,-0.0645133
F,0.0275612,0.00989563,0.00989563,0.0374569
F,-0.0612585,0.00989563,0.00989563,-0.0513629
F,0.151978,0.00989563,0.00989563,0.161873
F,0.050248,-0.0482131,-0.0482131,0.00203491
F,0.163659,0.00989563,0.00989563,0.173555
F,-0.385937,0.00989563,0.00989563,-0.376042
F,0.0649797,0.00989563,0.00989563,0.0748754
F,0.0522817,0.00989563,0.00989563,0.0621774
F,0.16112,0.00989563,0.00989563,0.171016
F,-0.00474224,0.00989563,0.00989563,0.00515339
F,0.478409,0.00989563,0.00989563,0.488305
F,0.0497644,0.00989563,0.00989563,0.0596601
F,0.0414592,0.00989563,0.00989563,0.0513549
F,-0.381699,0.00989563,0.00989563,-0.371803
F,-0.27688,0.00989563,0.00989563,-0.266985
F,0.0340192,-0.0482131,-0.0482131,-0.0141939
F,-0.189674,0.00989563,0.00989563,-0.179779
F,-0.00382772,0.00989563,0.00989563,0.0060679
F,-0.0833278,0.00989563,0.00989563,-0.0734321
F,-0.0801003,0.00989563,0.00989563,-0.0702047
F,0.228672,-0.0482131,-0.0482131,0.180459
F,0.00788286,0.00989563,0.00989563,0.0177785
F,0.0112772,-0.0482131,-0.0482131,-0.036936
F,0.48753,0.00989563,0.00989563,0.497425
F,-0.162789,0.00989563,0.00989563,-0.152893
F,0.0125831,0.00989563,0.00989563,0.0224787
F,0.0170576,0.00989563,0.00989563,0.0269533
F,-0.000224331,0.00989563,0.00989563,0.0096713
F,0.446164,0.00989563,0.00989563,0.45606
F,-0.382036,-0.0482131,-0.0482131,-0.430249
F,0.14314,0.00989563,0.00989563,0.153036
F,-0.169772,0.00989563,0.00989563,-0.159876
F,-0.120743,0.00989563,0.00989563,-0.110847
F,-0.156412,0.00989563,0.00989563,-0.146516
F,-0.148384,0.00989563,0.00989563,-0.138488
F,0.151157,0.00989563,0.00989563,0.161053
F,0.0157685,0.00989563,0.00989563,0.0256641
F,-0.241904,0.00989563,0.00989563,-0.232008
F,0.104897,0.00989563,0.00989563,0.114793
F,0.0107233,0.00989563,0.00989563,0.0206189
F,-0.10837,-0.0255732,-0.0255732,-0.133943
F,0.0189248,0.00989563,0.00989563,0.0288204
F,0.220648,0.00989563,0.00989563,0.230544
F,0.0749042,0.00989563,0.00989563,0.0847999
F,0.386131,0.00989563,0.00989563,0.396027
F,-0.228241,0.00989563,0.00989563,-0.218346
F,0.0176346,0.00989563,0.00989563,0.0275303
F,-0.057158,0.00989563,0.00989563,-0.0472624
F,0.272306,0.00989563,0.00989563,0.282202
F,-0.0744658,0.00989563,0.00989563,-0.0645702
F,-0.316951,0.00989563,0.00989563,-0.307056
F,-0.153826,0.00989563,0.00989563,-0.143931
F,0.204026,0.00989563,0.00989563,0.213921
F,0.245581,0.00989563,0.00989563,0.255477
F,0.102463,0.00989563,0.00989563,0.112359
F,0.220135,0.00989563,0.00989563,0.230031
F,-0.25494,0.00989563,0.00989563,-0.245044
F,-0.236346,0.00989563,0.00989563,-0.22645
F,-0.181111,0.00989563,0.00989563,-0.171215
F,0.193681,0.00989563,0.00989563,0.203577
F,0.150793,0.00989563,0.00989563,0.160689
F,-0.10417,0.00989563,0.00989563,-0.0942745
F,0.137819,0.00989563,0.00989563,0.147715
F,-0.429305,0.00989563,0.00989563,-0.419409
F,-0.0535379,0.00989563,0.00989563,-0.0436423
F,0.114711,0.00989563,0.00989563,0.124607
F,-0.0199409,0.00989563,0.00989563,-0.0100453
F,0.254961,0.00989563,0.00989563,0.264856
F,-0.0385535,0.00989563,0.00989563,-0.0286579
F,0.256084,0.00989563,0.00989563,0.265979
F,-0.108835,0.00989563,0.00989563,-0.0989398
F,-0.332231,0.00989563,0.00989563,-0.322335
F,0.00292646,0.00989563,0.00989563,0.0128221
F,0.263843,0.00989563,0.00989563,0.273739
F,-0.132336,0.00989563,0.00989563,-0.122441
F,-0.00613437,0.00989563,0.00989563,0.00376126
F,-0.0564187,0.00989563,0.00989563,-0.046523
F,-0.108692,0.00989563,0.00989563,-0.0987967
F,-0.198828,0.00989563,0.00989563,-0.188933
F,-0.098656,0.00989563,0.00989563,-0.0887604
F,-0.0107615,0.00989563,0.00989563,-0.000865857
F,0.344256,0.00989563,0.00989563,0.354152
F,0.0302263,0.00989563,0.00989563,0.0401219
F,0.0105224,0.00989563,0.00989563,0.020418
F,-0.131897,0.00989563,0.00989563,-0.122001
F,-0.232523,0.00989563,0.00989563,-0.222628
F,-0.144012,-0.0482131,-0.0482131,-0.192225
F,0.105693,0.00989563,0.00989563,0.115588
F,-0.11899,0.00989563,0.00989563,-0.109094
F,0.115204,0.00989563,0.00989563,0.1251
F,0.440882,0.00989563,0.00989563,0.450777
F,-0.3611,0.00989563,0.00989563,-0.351204
F,0.237822,0.00989563,0.00989563,0.247718
F,-0.00422568,0.00989563,0.00989563,0.00566994
F,-0.135781,0.00989563,0.00989563,-0.125885
F,-0.0621896,0.00989563,0.00989563,-0.0522939
F,-0.0373235,0.00989563,0.00989563,-0.0274279
F,0.325033,-0.0482131,-0.0482131,0.27682
F,0.0941787,0.0254202,0.0254202,0.119599
F,-0.0445533,0.00989563,0.00989563,-0.0346577
F,-0.12126,0.00989563,0.00989563,-0.111365
F,-0.0719189,0.00989563,0.00989563,-0.0620233
F,0.315041,0.00989563,0.00989563,0.324937
F,0.0672191,0.00989563,0.00989563,0.0771147
F,0.137634,0.00989563,0.00989563,0.147529
F,0.0208326,0.00989563,0.00989563,0.0307282
F,-0.116387,0.00989563,0.00989563,-0.106492
F,-0.0274469,0.00989563,0.00989563,-0.0175513
F,0.0141099,0.00989563,0.00989563,0.0240056
F,0.394252,0.00989563,0.00989563,0.404148
F,-0.163511,0.00989563,0.00989563,-0.153615
F,0.0602934,0.00989563,0.00989563,0.0701891
F,0.175481,0.00989563,0.00989563,0.185377
F,0.0346496,0.00989563,0.00989563,0.0445453
F,-0.0989785,0.00989563,0.00989563,-0.0890829
F,-0.226217,0.00989563,0.00989563,-0.216321
F,0.058087,0.00989563,0.00989563,0.0679826
F,0.231035,0.00989563,0.00989563,0.240931
F,-0.14054,0.00989563,0.00989563,-0.130645
F,0.180034,0.00989563,0.00989563,0.189929
F,-0.0330509,0.00989563,0.00989563,-0.0231553
F,0.242681,0.00989563,0.00989563,0.252577
F,-0.0233501,0.00989563,0.00989563,-0.0134544
F,-0.0932602,0.00989563,0.00989563,-0.0833646
F,0.178939,0.00989563,0.00989563,0.188834
F,0.19927,0.00989563,0.00989563,0.209165
F,-0.181884,0.0148631,0.0148631,-0.167021
F,-0.272566,0.00989563,0.00989563,-0.26267
F,0.115323,0.00989563,0.00989563,0.125219
F,0.206906,-0.0255732,-0.0255732,0.181333
F,0.140874,0.00989563,0.00989563,0.150769
F,-0.0264847,0.00989563,0.00989563,-0.016589
F,0.0427968,0.00989563,0.00989563,0.0526925
F,0.0691486,0.00989563,0.00989563,0.0790442
F,0.141912,0.00989563,0.00989563,0.151807
F,-0.111179,0.00989563,0.00989563,-0.101283
F,-0.124873,-0.0255732,-0.0255732,-0.150446
F,0.107679,0.00989563,0.00989563,0.117574
F,-0.249624,-0.0482131,-0.0482131,-0.297837
F,0.336765,0.00989563,0.00989563,0.34666
F,0.231275,0.00989563,0.00989563,0.241171
F,-0.169507,0.00989563,0.00989563,-0.159611
F,-0.185876,0.00989563,0.00989563,-0.17598
F,-0.130406,0.00989563,0.00989563,-0.12051
F,0.103305,0.00989563,0.00989563,0.113201
F,0.110025,0.00989563,0.00989563,0.119921
F,0.498772,0.00989563,0.00989563,0.508668
F,-0.0234417,0.00989563,0.00989563,-0.0135461
F,-0.062757,0.00989563,0.00989563,-0.0528614
F,-0.177484,0.00989563,0.00989563,-0.167588
F,-0.114981,0.00989563,0.00989563,-0.105085
F,0.0935742,0.00989563,0.00989563,0.10347
F,-0.0271568,0.00989563,0.00989563,-0.0172612
F,0.18775,0.00989563,0.00989563,0.197645
F,-0.227915,0.00989563,0.00989563,-0.218019
F,0.0964362,0.00989563,0.00989563,0.106332
F,0.129043,0.00989563,0.00989563,0.138938
F,0.178481,0.00989563,0.00989563,0.188377
F,-0.176881,0.00989563,0.00989563,-0.166985
F,0.0486021,0.00989563,0.00989563,0.0584977
F,-0.137776,0.00989563,0.00989563,-0.12788
F,-0.108763,0.00989563,0.00989563,-0.098867
F,0.0654579,0.00989563,0.00989563,0.0753535
F,-0.134585,0.00989563,0.00989563,-0.124689
F,-0.165967,0.00989563,0.00989563,-0.156072
F,0.320873,0.00989563,0.00989563,0.330769
F,0.0159345,0.00989563,0.00989563,0.0258301
F,-0.24557,0.00989563,0.00989563,-0.235674
F,-0.101917,-0.0482131,-0.0482131,-0.15013
F,0.0222582,0.00989563,0.00989563,0.0321539
F,-0.181806,0.00989563,0.00989563,-0.17191
F,0.147846,0.00989563,0.00989563,0.157742
F,0.0958909,0.00989563,0.00989563,0.105787
F,-0.302418,0.00989563,0.00989563,-0.292523
F,0.226094,0.00989563,0.00989563,0.23599
F,0.0861163,0.00989563,0.00989563,0.0960119
F,-0.0751517,0.00989563,0.00989563,-0.065256
F,-0.26805,0.00989563,0.00989563,-0.258155
F,0.22591,0.00989563,0.00989563,0.235805
F,-0.0506939,0.00989563,0.00989563,-0.0407982
F,-0.617444,0.00989563,0.00989563,-0.607549
F,0.240829,0.00989563,0.00989563,0.250725
F,-0.175075,-0.0482131,-0.0482131,-0.223288
F,-0.0592028,-0.0255732,-0.0255732,-0.084776
F,0.0659215,0.00989563,0.00989563,0.0758171
F,-0.0363763,0.00989563,0.00989563,-0.0264807
F,-0.0770793,0.00989563,0.00989563,-0.0671837
F,-0.191994,0.00989563,0.00989563,-0.182099
F,-0.0565018,0.00989563,0.00989563,-0.0466061
F,-0.00346627,0.00989563,0.00989563,0.00642935
F,-0.212693,0.00989563,0.00989563,-0.202798
F,-0.101581,-0.0255732,-0.0255732,-0.127154
F,0.0312211,0.00989563,0.00989563,0.0411167
F,0.0779948,0.00989563,0.00989563,0.0878904
F,0.210583,0.00989563,0.00989563,0.220478
F,0.0825365,0.00989563,0.00989563,0.0924321
F,-0.191228,-0.0255732,-0.0255732,-0.216802
F,-0.291025,0.00989563,0.00989563,-0.281129
F,0.0953015,0.00989563,0.00989563,0.105197
F,0.0100643,-0.0482131,-0.0482131,-0.0381489
F,-0.297412,0.00989563,0.00989563,-0.287517
F,0.0731783,0.00989563,0.00989563,0.0830739
F,-0.178945,-0.0482131,-0.0482131,-0.227158
F,0.0884847,0.00989563,0.00989563,0.0983804
F,0.0986122,0.00989563,0.00989563,0.108508
F,0.108693,0.00989563,0.00989563,0.118589
F,-0.00548649,0.00989563,0.00989563,0.00440914
F,0.022727,-0.0482131,-0.0482131,-0.0254861
F,-0.303524,0.00989563,0.00989563,-0.293628
F,0.13731,0.00989563,0.00989563,0.147205
F,0.289474,0.00989563,0.00989563,0.29937
F,0.102371,0.00989563,0.00989563,0.112267
F,-0.0446833,0.00989563,0.00989563,-0.0347877
F,0.250442,0.00989563,0.00989563,0.260338
F,-0.0826122,0.00989563,0.00989563,-0.0727166
F,0.0333675,0.00989563,0.00989563,0.0432631
F,-0.445337,0.00989563,0.00989563,-0.435441
F,0.009767,0.00989563,0.00989563,0.0196626
F,-0.0294482,0.00989563,0.00989563,-0.0195525
F,-0.0817476,0.00989563,0.00989563,-0.0718519
F,-0.0218586,0.00989563,0.00989563,-0.011963
F,0.0455325,0.00989563,0.00989563,0.0554281
F,0.105468,0.00989563,0.00989563,0.115363
F,-0.135212,0.00989563,0.00989563,-0.125316
F,0.127367,0.00989563,0.00989563,0.137262
F,0.0134082,0.00989563,0.00989563,0.0233038
F,-0.318137,0.00989563,0.00989563,-0.308241
F,0.447018,0.00989563,0.00989563,0.456914
F,0.185986,-0.0255732,-0.0255732,0.160412
F,-0.245647,0.00989563,0.00989563,-0.235751
F,-0.00662687,0.00989563,0.00989563,0.00326876
F,0.0673798,0.00989563,0.00989563,0.0772755
F,-0.125517,0.00989563,0.00989563,-0.115621
F,0.190135,0.00989563,0.00989563,0.200031
F,-0.150316,0.00989563,0.00989563,-0.14042
F,0.0705581,0.00989563,0.00989563,0.0804538
F,0.205839,0.00989563,0.00989563,0.215735
F,-0.157944,0.00989563,0.00989563,-0.148048
F,-0.295575,0.00989563,0.00989563,-0.285679
F,0.115745,-0.0255732,-0.0255732,0.0901714
F,-0.0130775,0.00989563,0.00989563,-0.00318186
F,-0.341949,0.00989563,0.00989563,-0.332054
F,0.278513,0.00989563,0.00989563,0.288409
F,0.0536708,0.00989563,0.00989563,0.0635664
F,-0.0960671,0.00989563,0.00989563,-0.0861715
F,0.117699,0.00989563,0.00989563,0.127595
F,0.0527412,0.00989563,0.00989563,0.0626368
F,0.114387,0.00989563,0.00989563,0.124282
F,-0.168287,-0.0482131,-0.0482131,-0.2165
F,0.0737965,0.00989563,0.00989563,0.0836922
F,-0.216417,0.00989563,0.00989563,-0.206522
F,0.0854116,0.00989563,0.00989563,0.0953073
F,0.237965,0.00989563,0.00989563,0.247861
F,0.0391706,0.00989563,0.00989563,0.0490662
F,0.00760436,0.00989563,0.00989563,0.0175
F,0.106668,0.00989563,0.00989563,0.116564
F,0.0638753,0.00989563,0.00989563,0.0737709
F,0.296034,0.00989563,0.00989563,0.305929
F,-0.243223,0.0254202,0.0254202,-0.217803
F,-0.204146,0.00989563,0.00989563,-0.19425
F,0.224298,0.00989563,0.00989563,0.234194
F,-0.243912,0.00989563,0.00989563,-0.234017
F,-0.0309544,0.00989563,0.00989563,-0.0210588
F,0.295109,0.00989563,0.00989563,0.305005
F,-0.166544,0.00989563,0.00989563,-0.156648
F,0.092684,0.00989563,0.00989563,0.10258
F,-0.173796,0.0254202,0.0254202,-0.148376
F,-0.0410421,0.00989563,0.00989563,-0.0311465
F,0.370741,0.00989563,0.00989563,0.380636
F,0.351918,0.00989563,0.00989563,0.361814
F,0.129434,0.00989563,0.00989563,0.13933
F,0.206755,0.00989563,0.00989563,0.216651
F,0.0520092,0.00989563,0.00989563,0.0619049
F,-0.078447,0.00989563,0.00989563,-0.0685513
F,-0.173061,0.00989563,0.00989563,-0.163165
F,-0.447,0.00989563,0.00989563,-0.437105
F,-0.129846,0.00989563,0.00989563,-0.119951
F,-0.0109559,0.00989563,0.00989563,-0.00106028
F,0.325493,0.00989563,0.00989563,0.335389
F,0.157081,0.00989563,0.00989563,0.166977
F,-0.305352,0.00989563,0.00989563,-0.295456
F,-0.00605374,0.00989563,0.00989563,0.00384189
F,-0.2204,0.00989563,0.00989563,-0.210505
F,0.197805,0.00989563,0.00989563,0.207701
F,0.0186886,0.00989563,0.00989563,0.0285843
F,-0.170693,0.00989563,0.00989563,-0.160797
F,-0.201529,0.00989563,0.00989563,-0.191633
F,0.12362,0.00989563,0.00989563,0.133515
F,0.155364,0.00989563,0.00989563,0.16526
F,-0.202763,0.00989563,0.00989563,-0.192868
F,-0.396597,0.00989563,0.00989563,-0.386701
F,-0.389689,-0.0482131,-0.0482131,-0.437903
F,-0.457853,0.00989563,0.00989563,-0.447958
F,-0.0382642,-0.0482131,-0.0482131,-0.0864773
F,0.106692,-0.0482131,-0.0482131,0.0584787
F,-0.0590394,0.00989563,0.00989563,-0.0491438
F,0.0636744,-0.0482131,-0.0482131,0.0154613
F,-0.130079,0.00989563,0.00989563,-0.120183
F,-0.239745,0.00989563,0.00989563,-0.22985
F,-0.093901,0.00989563,0.00989563,-0.0840054
F,0.196409,0.00989563,0.00989563,0.206305
F,0.130983,0.00989563,0.00989563,0.140879
F,-0.447667,0.00989563,0.00989563,-0.437772
F,0.00874461,0.00989563,0.00989563,0.0186402
F,-0.0204638,0.00989563,0.00989563,-0.0105682
F,-0.041738,0.00989563,0.00989563,-0.0318423
F,0.0978794,0.00989563,0.00989563,0.107775
F,-0.231261,0.00989563,0.00989563,-0.221365
F,-0.24091,0.00989563,0.00989563,-0.231014
F,-0.455182,-0.0482131,-0.0482131,-0.503395
F,0.138344,0.00989563,0.00989563,0.14824
F,0.0662169,0.00989563,0.00989563,0.0761125
F,0.0209435,0.00989563,0.00989563,0.0308391
F,0.12745,0.00989563,0.00989563,0.137346
F,-0.164421,0.0254202,0.0254202,-0.139001
F,-0.0401107,0.00989563,0.00989563,-0.0302151
F,-0.0647138,0.00989563,0.00989563,-0.0548181
F,-0.0459423,0.00989563,0.00989563,-0.0360467
F,0.0257374,0.0254202,0.0254202,0.0511576
F,-0.57441,0.00989563,0.00989563,-0.564514
F,0.159197,0.00989563,0.00989563,0.169093
F,-0.252928,0.00989563,0.00989563,-0.243033
F,0.0375551,0.00989563,0.00989563,0.0474507
F,-0.110143,-0.0482131,-0.0482131,-0.158356
F,0.124537,0.00989563,0.00989563,0.134432
F,-0.206482,0.00989563,0.00989563,-0.196586
F,0.256601,0.00989563,0.00989563,0.266497
F,-0.225226,0.00989563,0.00989563,-0.215331
F,0.109635,0.00989563,0.00989563,0.119531
F,-0.0616545,-0.0255732,-0.0255732,-0.0872277
F,-0.312168,0.00989563,0.00989563,-0.302272
F,-0.135231,0.00989563,0.00989563,-0.125335
F,0.224823,0.00989563,0.00989563,0.234718
F,0.371667,0.00989563,0.00989563,0.381563
F,0.301049,-0.0482131,-0.0482131,0.252836
F,0.106617,0.0254202,0.0254202,0.132038
F,0.121737,0.00989563,0.00989563,0.131632
F,0.0833185,0.00989563,0.00989563,0.0932141
F,-0.338486,0.00989563,0.00989563,-0.32859
F,-0.0195601,0.00989563,0.00989563,-0.00966451
F,0.195198,0.00989563,0.00989563,0.205094
F,-0.0869625,0.00989563,0.00989563,-0.0770669
F,-0.150494,0.00989563,0.00989563,-0.140598
F,-0.043985,0.00989563,0.00989563,-0.0340894
F,0.0428358,-0.0482131,-0.0482131,-0.00537729
F,0.0780226,0.00989563,0.00989563,0.0879182
F,-0.359647,0.00989563,0.00989563,-0.349751
F,-0.128929,0.00989563,0.00989563,-0.119033
F,0.0928161,-0.0482131,-0.0482131,0.044603
F,-0.138942,0.00989563,0.00989563,-0.129047
F,0.0107593,0.00989563,0.00989563,0.0206549
F,0.332139,0.00989563,0.00989563,0.342034
F,-0.276185,0.00989563,0.00989563,-0.26629
F,0.0773567,0.00989563,0.00989563,0.0872523
F,-0.126659,-0.0482131,-0.0482131,-0.174872
F,-0.277426,0.00989563,0.00989563,-0.267531
F,-0.191986,0.00989563,0.00989563,-0.18209
F,0.230564,0.00989563,0.00989563,0.24046
F,-0.106428,0.00989563,0.00989563,-0.0965322
F,0.086874,0.00989563,0.00989563,0.0967697
F,-0.50046,0.00989563,0.00989563,-0.490564
F,0.186156,0.00989563,0.00989563,0.196052
F,-0.0797604,0.00989563,0.00989563,-0.0698647
F,-0.0174656,0.00989563,0.00989563,-0.00756997
F,-0.198076,0.00989563,0.00989563,-0.18818
F,0.120301,0.00989563,0.00989563,0.130197
F,0.0189807,0.00989563,0.00989563,0.0288764
F,-0.0969639,0.00989563,0.00989563,-0.0870683
F,0.170659,0.00989563,0.00989563,0.180555
F,0.0864605,0.00989563,0.00989563,0.0963561
F,0.419381,0.00989563,0.00989563,0.429277
F,0.154252,0.00989563,0.00989563,0.164148
F,0.171002,0.00989563,0.00989563,0.180898
F,0.0784783,0.00989563,0.00989563,0.0883739
F,-0.303134,0.00989563,0.00989563,-0.293239
F,0.352711,0.00989563,0.00989563,0.362607
F,-0.0258763,0.00989563,0.00989563,-0.0159806
F,0.372315,0.00989563,0.00989563,0.382211
F,0.0328605,0.00989563,0.00989563,0.0427561
F,-0.109671,0.00989563,0.00989563,-0.0997758
F,0.32772,0.00989563,0.00989563,0.337616
F,0.01788,0.00989563,0.00989563,0.0277757
F,0.0286813,0.00989563,0.00989563,0.0385769
F,-0.171142,0.00989563,0.00989563,-0.161246
F,-0.221482,0.00989563,0.00989563,-0.211586
F,0.0191501,0.00989563,0.00989563,0.0290457
F,0.310889,0.00989563,0.00989563,0.320785
F,-0.00840141,0.00989563,0.00989563,0.00149422
F,0.347943,0.00989563,0.00989563,0.357838
F,-0.410935,0.00989563,0.00989563,-0.401039
F,0.107005,-0.0482131,-0.0482131,0.0587916
F,-0.136452,0.00989563,0.00989563,-0.126556
F,0.250209,0.00989563,0.00989563,0.260105
F,-0.154739,0.00989563,0.00989563,-0.144843
F,-0.238946,0.00989563,0.00989563,-0.22905
F,0.0408544,0.00989563,0.00989563,0.05075
F,-0.169705,0.00989563,0.00989563,-0.159809
F,0.00736779,0.00989563,0.00989563,0.0172634
F,-0.257706,0.00989563,0.00989563,-0.24781
F,-0.733113,0.00989563,0.00989563,-0.723217
F,0.392181,0.00989563,0.00989563,0.402077
F,-0.151604,0.00989563,0.00989563,-0.141708
F,0.0219937,0.00989563,0.00989563,0.0318893
F,-0.0284507,0.00989563,0.00989563,-0.018555
F,-0.00928214,-0.0482131,-0.0482131,-0.0574953
F,-0.370414,-0.0255732,-0.0255732,-0.395987
F,0.373929,0.00989563,0.00989563,0.383825
F,0.233403,0.00989563,0.00989563,0.243298
F,0.0748204,0.00989563,0.00989563,0.084716
F,-0.152416,0.00989563,0.00989563,-0.14252
F,0.160863,0.00989563,0.00989563,0.170759
F,0.19321,0.00989563,0.00989563,0.203106
F,-0.270895,0.00989563,0.00989563,-0.260999
F,0.061208,0.00989563,0.00989563,0.0711037
F,0.114759,0.00989563,0.00989563,0.124654
F,0.314853,0.00989563,0.00989563,0.324748
F,-0.191326,0.0254202,0.0254202,-0.165906
F,0.0230405,0.00989563,0.00989563,0.0329361
F,-0.0665518,0.00989563,0.00989563,-0.0566562
F,0.175285,0.00989563,0.00989563,0.185181
F,0.0997809,0.00989563,0.00989563,0.109676
F,-0.362191,0.00989563,0.00989563,-0.352295
F,0.00436526,0.00989563,0.00989563,0.0142609
F,-0.299406,0.00989563,0.00989563,-0.28951
F,0.0237958,0.00989563,0.00989563,0.0336914
F,-0.202342,0.00989563,0.00989563,-0.192447
F,0.00446476,0.00989563,0.00989563,0.0143604
F,-0.0182396,0.00989563,0.00989563,-0.00834402
F,0.261694,0.00989563,0.00989563,0.271589
F,0.0811036,0.00989563,0.00989563,0.0909992
F,0.187645,0.00989563,0.00989563,0.19754
F,-0.268985,0.00989563,0.00989563,-0.259089
F,-0.126485,0.00989563,0.00989563,-0.116589
F,0.284669,0.00989563,0.00989563,0.294565
F,0.0741538,0.00989563,0.00989563,0.0840494
F,-0.000891704,0.00989563,0.00989563,0.00900392
F,0.113503,0.00989563,0.00989563,0.123399
F,0.000260609,0.00989563,0.00989563,0.0101562
F,0.00846804,-0.0482131,-0.0482131,-0.0397451
F,-0.144101,0.00989563,0.00989563,-0.134205
F,0.154371,0.00989563,0.00989563,0.164266
F,0.184935,0.00989563,0.00989563,0.194831
F,0.177952,0.00989563,0.00989563,0.187848
F,0.0872266,0.00989563,0.00989563,0.0971222
F,-0.0840548,0.00989563,0.00989563,-0.0741592
F,-0.141551,0.00989563,0.00989563,-0.131656
F,0.146056,0.00989563,0.00989563,0.155952
F,-0.028892,0.00989563,0.00989563,-0.0189964
F,0.100358,0.00989563,0.00989563,0.110253
F,0.0534178,0.00989563,0.00989563,0.0633134
F,0.0500068,0.00989563,0.00989563,0.0599024
F,0.114834,0.00989563,0.00989563,0.12473
F,0.0504003,0.00989563,0.00989563,0.0602959
F,-0.204641,0.00989563,0.00989563,-0.194745
F,0.0980748,0.00989563,0.00989563,0.10797
F,-0.00674,0.00989563,0.00989563,0.00315562
F,0.0945592,0.00989563,0.00989563,0.104455
F,0.040342,0.00989563,0.00989563,0.0502377
F,-0.113975,0.00989563,0.00989563,-0.104079
F,0.165401,0.00989563,0.00989563,0.175297
F,0.326617,0.00989563,0.00989563,0.336512
F,-0.34423,0.00989563,0.00989563,-0.334334
F,0.219387,0.00989563,0.00989563,0.229283
F,0.128687,0.00989563,0.00989563,0.138583
F,-0.0984163,0.00989563,0.00989563,-0.0885206
F,-0.0439885,0.00989563,0.00989563,-0.0340929
F,-0.0961068,0.00989563,0.00989563,-0.0862112
F,0.0376801,0.00989563,0.00989563,0.0475758
F,0.238415,0.00989563,0.00989563,0.248311
F,0.337996,0.00989563,0.00989563,0.347892
F,-0.317952,0.00989563,0.00989563,-0.308057
F,0.299518,0.00989563,0.00989563,0.309414
F,-0.0619613,0.00989563,0.00989563,-0.0520656
F,-0.205178,0.00989563,0.00989563,-0.195282
F,-0.408441,0.00989563,0.00989563,-0.398545
F,-0.247411,0.00989563,0.00989563,-0.237515
F,-0.0871254,0.00989563,0.00989563,-0.0772298
F,0.0971628,0.00989563,0.00989563,0.107058
F,-0.0123552,0.00989563,0.00989563,-0.00245953
F,-0.0302784,0.00989563,0.00989563,-0.0203828
F,0.0178589,0.00989563,0.00989563,0.0277545
F,0.37744,0.00989563,0.00989563,0.387336
F,0.0868542,0.0254202,0.0254202,0.112274
F,0.0998925,0.00989563,0.00989563,0.109788
F,-0.152743,-0.0482131,-0.0482131,-0.200956
F,-0.333229,0.00989563,0.00989563,-0.323334
F,0.126211,0.00989563,0.00989563,0.136107
F,-0.0318337,0.00989563,0.00989563,-0.0219381
F,-0.0745652,0.00989563,0.00989563,-0.0646696
F,0.0276277,-0.0255732,-0.0255732,0.00205444
F,0.0766182,0.00989563,0.00989563,0.0865139
F,0.0548109,0.00989563,0.00989563,0.0647066
F,-0.250123,0.00989563,0.00989563,-0.240227
F,-0.309427,0.00989563,0.00989563,-0.299532
F,0.0106242,-0.0482131,-0.0482131,-0.0375889
F,-0.116351,-0.0482131,-0.0482131,-0.164564
F,0.00351339,0.00989563,0.00989563,0.013409
F,-0.102862,0.00989563,0.00989563,-0.0929668
F,-0.307199,0.00989563,0.00989563,-0.297303
F,-0.00271998,0.00989563,0.00989563,0.00717565
F,-0.293066,0.00989563,0.00989563,-0.28317
F,-0.0656111,0.00989563,0.00989563,-0.0557155
F,-0.137842,0.00989563,0.00989563,-0.127947
F,-0.103267,0.00989563,0.00989563,-0.0933717
F,0.0108069,0.00989563,0.00989563,0.0207025
F,0.199505,0.00989563,0.00989563,0.209401
F,-0.171519,0.00989563,0.00989563,-0.161623
F,-0.125116,0.00989563,0.00989563,-0.115221
F,-0.383637,0.00989563,0.00989563,-0.373742
F,-0.00248696,0.00989563,0.00989563,0.00740867
F,0.0567581,0.00989563,0.00989563,0.0666537
F,0.375204,0.00989563,0.00989563,0.3851
F,0.070661,0.00989563,0.00989563,0.0805566
F,-0.237018,0.00989563,0.00989563,-0.227122
F,-0.150104,0.00989563,0.00989563,-0.140208
F,0.0783635,0.00989563,0.00989563,0.0882591
F,0.216925,0.00989563,0.00989563,0.22682
F,-0.258855,0.00989563,0.00989563,-0.248959
F,0.118054,0.00989563,0.00989563,0.127949
F,-0.202963,0.00989563,0.00989563,-0.193067
F,0.353694,0.00989563,0.00989563,0.363589
F,0.208208,0.00989563,0.00989563,0.218104
F,0.0540066,0.00989563,0.00989563,0.0639022
F,-0.230515,-0.0255732,-0.0255732,-0.256088
F,-0.0806266,0.00989563,0.00989563,-0.070731
F,0.291704,0.00989563,0.00989563,0.3016
F,-0.4934,-0.0482131,-0.0482131,-0.541613
F,-0.242734,-0.0255732,-0.0255732,-0.268307
F,0.023201,0.00989563,0.00989563,0.0330966
F,-0.0772159,0.00989563,0.00989563,-0.0673203
F,0.0287366,0.00989563,0.00989563,0.0386322
F,0.168631,0.00989563,0.00989563,0.178527
F,0.0823066,0.00989563,0.00989563,0.0922023
F,-0.221844,-0.0482131,-0.0482131,-0.270058
F,-0.0573803,0.00989563,0.00989563,-0.0474847
F,-0.144576,0.00989563,0.00989563,-0.13468
F,-0.238245,0.00989563,0.00989563,-0.228349
F,-0.100735,0.00989563,0.00989563,-0.0908396
F,-0.162787,0.00989563,0.00989563,-0.152892
F,0.228299,0.00989563,0.00989563,0.238194
F,-0.253995,-0.0255732,-0.0255732,-0.279569
F,-0.326327,-0.0482131,-0.0482131,-0.37454
F,0.0411309,0.00989563,0.00989563,0.0510266
F,0.00374774,0.00989563,0.00989563,0.0136434
F,-0.136612,0.00989563,0.00989563,-0.126716
F,-0.081364,0.00989563,0.00989563,-0.0714684
F,-0.216911,0.00989563,0.00989563,-0.207015
F,-0.0499726,0.00989563,0.00989563,-0.0400769
F,0.140242,0.00989563,0.00989563,0.150138
F,-0.298168,0.00989563,0.00989563,-0.288272
F,-0.0153301,0.00989563,0.00989563,-0.00543449
F,-0.317823,0.00989563,0.00989563,-0.307928
F,-0.231328,0.00989563,0.00989563,-0.221432
F,-0.047155,0.00989563,0.00989563,-0.0372593
F,-0.0574124,0.00989563,0.00989563,-0.0475168
F,-0.0870526,0.00989563,0.00989563,-0.077157
F,0.524082,0.00989563,0.00989563,0.533978
F,0.353171,0.00989563,0.00989563,0.363067
F,0.00100144,0.00989563,0.00989563,0.0108971
F,0.31568,0.00989563,0.00989563,0.325576
F,-0.267534,0.00989563,0.00989563,-0.257638
F,0.423665,0.00989563,0.00989563,0.433561
F,-0.0277324,0.00989563,0.00989563,-0.0178368
F,-0.12531,0.0254202,0.0254202,-0.09989
F,-0.213637,-0.0255732,-0.0255732,-0.23921
F,0.32559,0.00989563,0.00989563,0.335485
F,-0.229439,0.00989563,0.00989563,-0.219543
F,0.276472,0.00989563,0.00989563,0.286367
F,-0.167578,0.00989563,0.00989563,-0.157682
F,0.0796687,0.00989563,0.00989563,0.0895643
F,0.0889149,0.00989563,0.00989563,0.0988105
F,-0.146696,0.00989563,0.00989563,-0.1368
F,-0.374204,0.00989563,0.00989563,-0.364308
F,0.319737,0.00989563,0.00989563,0.329633
F,0.430295,0.00989563,0.00989563,0.44019
F,-0.0482076,0.00989563,0.00989563,-0.038312
F,-0.217619,0.00989563,0.00989563,-0.207724
F,0.14912,0.00989563,0.00989563,0.159015
F,0.0632688,0.00989563,0.00989563,0.0731645
F,0.0715508,0.00989563,0.00989563,0.0814464
F,0.26599,-0.0482131,-0.0482131,0.217777
F,-0.0448967,0.00989563,0.00989563,-0.0350011
F,-0.273995,-0.0482131,-0.0482131,-0.322208
F,0.225339,0.00989563,0.00989563,0.235235
F,0.371302,0.00989563,0.00989563,0.381197
F,0.0998158,0.00989563,0.00989563,0.109711
F,0.148627,0.00989563,0.00989563,0.158523
F,0.322187,0.00989563,0.00989563,0.332082
F,0.353527,-0.0482131,-0.0482131,0.305314
F,0.182186,0.00989563,0.00989563,0.192081
F,0.153877,0.00989563,0.00989563,0.163772
F,-0.004774,0.00989563,0.00989563,0.00512163
F,-0.503659,0.00989563,0.00989563,-0.493763
F,0.209231,0.00989563,0.00989563,0.219127
F,-0.130415,0.00989563,0.00989563,-0.120519
F,-0.280838,0.00989563,0.00989563,-0.270942
F,-0.200808,0.00989563,0.00989563,-0.190912
F,0.250899,0.00989563,0.00989563,0.260795
F,-0.223999,0.00989563,0.00989563,-0.214104
F,0.0699456,0.00989563,0.00989563,0.0798412
F,-0.0930519,-0.0255732,-0.0255732,-0.118625
F,-0.0092333,0.00989563,0.00989563,0.000662331
F,-0.162751,0.00989563,0.00989563,-0.152855
F,0.0569916,0.00989563,0.00989563,0.0668872
F,-0.0467684,0.00989563,0.00989563,-0.0368727
F,0.117626,0.00989563,0.00989563,0.127521
F,0.125276,0.00989563,0.00989563,0.135172
F,-0.236323,0.00989563,0.00989563,-0.226428
F,-0.0868879,-0.0482131,-0.0482131,-0.135101
F,0.0202476,0.0254202,0.0254202,0.0456678
F,0.0880715,0.00989563,0.00989563,0.0979671
F,-0.146649,0.00989563,0.00989563,-0.136753
F,-0.0198834,0.0254202,0.0254202,0.00553677
F,-0.107394,0.00989563,0.00989563,-0.0974983
F,-0.0342341,0.00989563,0.00989563,-0.0243384
F,-0.0609386,0.00989563,0.00989563,-0.051043
F,-0.0255031,0.00989563,0.00989563,-0.0156075
F,-0.0568437,0.00989563,0.00989563,-0.0469481
F,-0.32975,0.00989563,0.00989563,-0.319854
F,-0.0810677,0.00989563,0.00989563,-0.0711721
F,-0.346712,0.00989563,0.00989563,-0.336816
F,-0.0596798,0.00989563,0.00989563,-0.0497842
F,0.184665,0.00989563,0.00989563,0.194561
F,-0.0725902,0.00989563,0.00989563,-0.0626945
F,0.151637,0.00989563,0.00989563,0.161533
F,0.147476,0.00989563,0.00989563,0.157371
F,-0.224582,0.00989563,0.00989563,-0.214686
F,-0.137669,0.00989563,0.00989563,-0.127773
F,-0.165062,0.00989563,0.00989563,-0.155167
F,0.160366,0.00989563,0.00989563,0.170262
F,-0.149755,0.00989563,0.00989563,-0.139859
F,-0.124372,0.00989563,0.00989563,-0.114476
F,-0.0757929,0.00989563,0.00989563,-0.0658973
F,0.0350063,0.00989563,0.00989563,0.0449019
F,0.0768726,0.00989563,0.00989563,0.0867682
F,0.333077,0.00989563,0.00989563,0.342973
F,-0.244617,0.00989563,0.00989563,-0.234722
F,-0.0375509,0.00989563,0.00989563,-0.0276553
F,-0.118136,0.00989563,0.00989563,-0.10824
F,-0.482243,0.00989563,0.00989563,-0.472347
F,-0.434096,0.00989563,0.00989563,-0.4242
F,0.0741672,-0.0482131,-0.0482131,0.0259541
F,0.0469683,0.00989563,0.00989563,0.0568639
F,-0.206177,0.00989563,0.00989563,-0.196281
F,-0.0831182,0.00989563,0.00989563,-0.0732225
F,-0.0896834,0.00989563,0.00989563,-0.0797878
F,-0.38196,0.00989563,0.00989563,-0.372064
F,0.0305701,0.00989563,0.00989563,0.0404657
F,-0.217709,0.00989563,0.00989563,-0.207813
F,-0.29377,0.00989563,0.00989563,-0.283874
F,0.510833,0.00989563,0.00989563,0.520728
F,-0.0425958,0.00989563,0.00989563,-0.0327002
F,-0.457813,0.00989563,0.00989563,-0.447918
F,-0.105766,0.00989563,0.00989563,-0.0958699
F,0.0420331,0.00989563,0.00989563,0.0519287
F,0.397719,0.00989563,0.00989563,0.407615
F,0.165096,0.00989563,0.00989563,0.174991
F,0.212334,0.00989563,0.00989563,0.22223
F,-0.00664015,0.00989563,0.00989563,0.00325548
F,0.0363291,0.00989563,0.00989563,0.0462248
F,0.0506527,0.00989563,0.00989563,0.0605483
F,0.0992525,0.00989563,0.00989563,0.109148
F,0.0409513,0.00989563,0.00989563,0.0508469
F,-0.0415511,0.00989563,0.00989563,-0.0316555
F,0.0400393,-0.0482131,-0.0482131,-0.00817386
F,0.24688,0.00989563,0.00989563,0.256776
F,-0.125086,0.00989563,0.00989563,-0.115191
F,-0.16604,0.00989563,0.00989563,-0.156144
F,-0.303449,0.00989563,0.00989563,-0.293554
F,0.0843661,0.00989563,0.00989563,0.0942617
F,-0.297285,0.00989563,0.00989563,-0.287389
F,0.149917,0.00989563,0.00989563,0.159813
F,0.00952768,0.00989563,0.00989563,0.0194233
F,-0.119082,0.00989563,0.00989563,-0.109186
F,-0.141841,0.00989563,0.00989563,-0.131945
F,0.228639,0.00989563,0.00989563,0.238535
F,-0.0517506,0.00989563,0.00989563,-0.041855
F,0.0641651,-0.0482131,-0.0482131,0.015952
F,-0.116916,0.00989563,0.00989563,-0.10702
F,-0.365269,-0.0255732,-0.0255732,-0.390842
F,-0.12821,0.00989563,0.00989563,-0.118314
F,0.0339262,0.00989563,0.00989563,0.0438218
F,0.0680459,0.00989563,0.00989563,0.0779415
F,-0.224246,-0.0482131,-0.0482131,-0.272459
F,0.36648,0.00989563,0.00989563,0.376375
F,0.264671,0.00989563,0.00989563,0.274567
F,-0.285794,0.00989563,0.00989563,-0.275898
F,0.113321,0.00989563,0.00989563,0.123217
F,0.0160739,0.00989563,0.00989563,0.0259695
F,0.383887,0.00989563,0.00989563,0.393782
F,-0.0323211,0.00989563,0.00989563,-0.0224255
F,-0.0648926,0.00989563,0.00989563,-0.054997
F,-0.335599,0.00989563,0.00989563,-0.325703
F,-0.0707179,0.00989563,0.00989563,-0.0608223
F,-0.129367,0.00989563,0.00989563,-0.119471
F,-0.108501,0.00989563,0.00989563,-0.0986051
F,0.246317,0.00989563,0.00989563,0.256213
F,-0.13096,0.00989563,0.00989563,-0.121065
F,0.38125,0.00989563,0.00989563,0.391146
F,-0.117957,0.00989563,0.00989563,-0.108061
F,0.068254,-0.0482131,-0.0482131,0.0200409
F,-0.384927,0.00989563,0.00989563,-0.375032
F,0.250701,0.0254202,0.0254202,0.276121
F,0.0944229,0.00989563,0.00989563,0.104318
F,0.238098,0.00989563,0.00989563,0.247994
F,-0.400505,0.00989563,0.00989563,-0.390609
F,0.0236762,0.00989563,0.00989563,0.0335718
F,-0.0304743,0.00989563,0.00989563,-0.0205787
F,0.104427,0.00989563,0.00989563,0.114322
F,-0.39531,0.00989563,0.00989563,-0.385414
F,0.0383009,0.00989563,0.00989563,0.0481965
F,0.359821,0.00989563,0.00989563,0.369717
F,-0.398392,0.00989563,0.00989563,-0.388496
F,0.366052,0.00989563,0.00989563,0.375948
F,-0.0706885,0.00989563,0.00989563,-0.0607929
F,-0.0826357,0.00989563,0.00989563,-0.0727401
F,0.0179742,0.00989563,0.00989563,0.0278699
F,-0.0145556,0.00989563,0.00989563,-0.00465993
F,0.121441,0.00989563,0.00989563,0.131336
F,0.174183,0.00989563,0.00989563,0.184079
F,-0.40544,0.00989563,0.00989563,-0.395544
F,0.168241,0.00989563,0.00989563,0.178136
F,0.192485,0.00989563,0.00989563,0.20238
F,-0.0344334,0.00989563,0.00989563,-0.0245378
F,-0.0866555,-0.0482131,-0.0482131,-0.134869
F,-0.27197,0.00989563,0.00989563,-0.262074
F,-0.114777,0.00989563,0.00989563,-0.104881
F,0.159959,0.00989563,0.00989563,0.169855
F,0.28348,0.00989563,0.00989563,0.293376
F,-0.206372,0.00989563,0.00989563,-0.196476
F,0.346501,0.00989563,0.00989563,0.356396
F,-0.111307,0.00989563,0.00989563,-0.101411
F,0.0902842,0.00989563,0.00989563,0.10018
F,-0.0574201,0.00989563,0.00989563,-0.0475244
F,-0.151902,0.00989563,0.00989563,-0.142007
F,0.0155311,0.00989563,0.00989563,0.0254268
F,-0.165993,0.00989563,0.00989563,-0.156098
F,0.408917,0.00989563,0.00989563,0.418813
F,-0.337789,0.00989563,0.00989563,-0.327893
F,-0.403488,0.00989563,0.00989563,-0.393592
F,-0.101125,0.00989563,0.00989563,-0.091229
F,-0.197308,0.00989563,0.00989563,-0.187412
F,-0.038038,0.00989563,0.00989563,-0.0281424
F,-0.240286,0.00989563,0.00989563,-0.230391
F,0.110576,0.00989563,0.00989563,0.120472
F,-0.0384089,0.00989563,0.00989563,-0.0285132
F,-0.0120545,0.00989563,0.00989563,-0.00215887
F,0.0333259,0.00989563,0.00989563,0.0432215
F,0.116868,0.00989563,0.00989563,0.126764
F,0.0123194,0.00989563,0.00989563,0.022215
F,0.144536,0.00989563,0.00989563,0.154431
F,0.0556405,0.00989563,0.00989563,0.0655361
F,0.00722621,0.00989563,0.00989563,0.0171218
F,0.160966,-0.0482131,-0.0482131,0.112753
F,0.130694,0.00989563,0.00989563,0.14059
F,-0.226449,0.00989563,0.00989563,-0.216553
F,-0.00895436,0.00989563,0.00989563,0.000941268
F,0.0476851,0.00989563,0.00989563,0.0575808
F,-0.187196,0.00989563,0.00989563,-0.1773
F,-0.0351447,0.00989563,0.00989563,-0.0252491
F,-0.0893869,0.00989563,0.00989563,-0.0794913
F,-0.21673,0.00989563,0.00989563,-0.206835
F,-0.165307,0.00989563,0.00989563,-0.155411
F,-0.144898,0.00989563,0.00989563,-0.135003
F,-0.173556,0.00989563,0.00989563,-0.163661
F,-0.203548,0.00989563,0.00989563,-0.193652
F,-0.389814,0.00989563,0.00989563,-0.379919
F,0.222453,-0.0482131,-0.0482131,0.17424
F,-0.379613,0.00989563,0.00989563,-0.369717
F,0.210065,0.0254202,0.0254202,0.235485
F,0.0161505,0.0254202,0.0254202,0.0415707
F,0.0528712,0.00989563,0.00989563,0.0627668
F,0.0927245,-0.0482131,-0.0482131,0.0445114
F,-0.253502,0.00989563,0.00989563,-0.243607
F,0.20053,0.0254202,0.0254202,0.22595
F,0.599649,0.00989563,0.00989563,0.609544
F,-0.117985,0.00989563,0.00989563,-0.10809
F,-0.239064,0.00989563,0.00989563,-0.229169
F,-0.198134,0.00989563,0.00989563,-0.188238
F,-0.0434498,0.00989563,0.00989563,-0.0335542
F,-0.0647288,-0.0482131,-0.0482131,-0.112942
F,-0.0939147,0.00989563,0.00989563,-0.0840191
F,-0.0206897,-0.0482131,-0.0482131,-0.0689028
F,0.342572,-0.0255732,-0.0255732,0.316999
F,0.0575304,0.00989563,0.00989563,0.0674261
F,0.00537767,0.00989563,0.00989563,0.0152733
F,-0.234719,0.00989563,0.00989563,-0.224823
F,-0.105627,0.00989563,0.00989563,-0.0957317
F,0.348901,0.00989563,0.00989563,0.358797
F,-0.101708,0.00989563,0.00989563,-0.0918126
F,0.322553,0.00989563,0.00989563,0.332449
F,0.173077,0.00989563,0.00989563,0.182972
F,0.0208964,0.00989563,0.00989563,0.030792
F,0.0727303,0.00989563,0.00989563,0.0826259
F,-0.214651,0.00989563,0.00989563,-0.204756
F,0.215015,0.00989563,0.00989563,0.224911
F,0.049947,0.00989563,0.00989563,0.0598426
F,0.175435,0.00989563,0.00989563,0.18533
F,0.311369,0.00989563,0.00989563,0.321265
F,0.149984,0.00989563,0.00989563,0.15988
F,-0.0870253,0.00989563,0.00989563,-0.0771296
F,-0.16006,0.00989563,0.00989563,-0.150165
F,-0.00192554,-0.0482131,-0.0482131,-0.0501387
F,0.161437,0.00989563,0.00989563,0.171332
F,0.289847,0.00989563,0.00989563,0.299742
F,-0.0751402,0.00989563,0.00989563,-0.0652446
F,-0.117919,0.00989563,0.00989563,-0.108024
F,0.283378,0.00989563,0.00989563,0.293273
F,-0.178531,0.00989563,0.00989563,-0.168636
F,0.0824538,0.00989563,0.00989563,0.0923494
F,0.0655969,0.00989563,0.00989563,0.0754925
F,-0.048729,0.00989563,0.00989563,-0.0388333
F,0.00637749,0.0254202,0.0254202,0.0317977
F,0.0107267,-0.0482131,-0.0482131,-0.0374864
F,0.0378932,0.00989563,0.00989563,0.0477888
F,0.363335,-0.0482131,-0.0482131,0.315121
F,0.226271,0.00989563,0.00989563,0.236167
F,-0.116119,0.00989563,0.00989563,-0.106224
F,0.414148,0.00989563,0.00989563,0.424044
F,-0.013396,0.00989563,0.00989563,-0.00350041
F,-0.287427,0.00989563,0.00989563,-0.277531
F,-0.0205019,0.00989563,0.00989563,-0.0106062
F,-0.231247,0.00989563,0.00989563,-0.221351
F,-0.0541253,0.00989563,0.00989563,-0.0442297
F,-0.155701,0.00989563,0.00989563,-0.145805
F,0.29208,0.00989563,0.00989563,0.301976
F,-0.336633,0.00989563,0.00989563,-0.326737
F,-0.126255,0.00989563,0.00989563,-0.11636
F,0.165786,0.00989563,0.00989563,0.175681
F,0.110608,0.00989563,0.00989563,0.120503
F,0.0575482,0.00989563,0.00989563,0.0674438
F,0.496943,0.00989563,0.00989563,0.506838
F,0.388137,0.00989563,0.00989563,0.398033
F,-0.266554,0.00989563,0.00989563,-0.256658
F,-0.256477,0.00989563,0.00989563,-0.246581
F,0.262406,0.00989563,0.00989563,0.272302
F,0.252281,0.00989563,0.00989563,0.262177
F,0.00608503,0.00989563,0.00989563,0.0159807
F,-0.343757,0.00989563,0.00989563,-0.333862
F,0.701011,0.00989563,0.00989563,0.710907
F,-0.00947517,-0.0482131,-0.0482131,-0.0576883
F,-0.225095,0.00989563,0.00989563,-0.215199
F,0.24455,0.00989563,0.00989563,0.254445
F,0.119853,-0.0482131,-0.0482131,0.0716399
F,-0.553299,0.00989563,0.00989563,-0.543403
F,-0.0774479,0.00989563,0.00989563,-0.0675522
F,0.435275,0.00989563,0.00989563,0.44517
F,0.024772,0.00989563,0.00989563,0.0346676
F,-0.319286,0.00989563,0.00989563,-0.309391
F,-0.200896,0.00989563,0.00989563,-0.191
F,-0.382101,0.00989563,0.00989563,-0.372205
F,-0.254337,0.00989563,0.00989563,-0.244441
F,0.136598,0.00989563,0.00989563,0.146494
F,-0.201012,0.00989563,0.00989563,-0.191116
F,0.0818719,0.00989563,0.00989563,0.0917675
F,-0.0120657,0.00989563,0.00989563,-0.00217009
F,-0.0860868,0.00989563,0.00989563,-0.0761912
F,-0.13387,0.00989563,0.00989563,-0.123974
F,0.00523793,0.00989563,0.00989563,0.0151336
F,-0.0688892,0.00989563,0.00989563,-0.0589935
F,0.00371066,0.00989563,0.00989563,0.0136063
F,-0.177364,0.00989563,0.00989563,-0.167468
F,0.161781,0.00989563,0.00989563,0.171676
F,0.234075,0.00989563,0.00989563,0.243971
F,0.103332,0.00989563,0.00989563,0.113228
F,0.148115,0.00989563,0.00989563,0.15801
F,-0.174595,0.00989563,0.00989563,-0.164699
F,-0.319897,0.00989563,0.00989563,-0.310001
F,-0.194307,0.00989563,0.00989563,-0.184411
F,0.447334,0.00989563,0.00989563,0.45723
F,-0.221366,0.00989563,0.00989563,-0.21147
F,-0.204505,0.00989563,0.00989563,-0.19461
F,0.107855,0.00989563,0.00989563,0.11775
F,0.18599,0.00989563,0.00989563,0.195885
F,0.0066375,0.00989563,0.00989563,0.0165331
F,-0.00938932,0.00989563,0.00989563,0.000506311
F,0.280141,0.00989563,0.00989563,0.290037
F,0.0147435,0.00989563,0.00989563,0.0246391
F,0.259478,0.00989563,0.00989563,0.269374
F,-0.058894,0.00989563,0.00989563,-0.0489984
F,-0.173455,0.00989563,0.00989563,-0.163559
F,0.307223,0.00989563,0.00989563,0.317118
F,-0.146081,0.00989563,0.00989563,-0.136185
F,-0.31164,0.00989563,0.00989563,-0.301745
F,-0.0503228,0.00989563,0.00989563,-0.0404271
F,-0.455222,0.00989563,0.00989563,-0.445327
F,-0.101974,0.00989563,0.00989563,-0.0920788
F,0.111839,0.00989563,0.00989563,0.121735
F,-0.143659,0.00989563,0.00989563,-0.133763
F,-0.0178668,0.00989563,0.00989563,-0.00797115
F,-0.0236369,0.00989563,0.00989563,-0.0137412
F,-0.202259,0.00989563,0.00989563,-0.192364
F,0.0504372,0.00989563,0.00989563,0.0603329
F,-0.207144,0.00989563,0.00989563,-0.197249
F,-0.424678,0.00989563,0.00989563,-0.414782
F,0.080823,0.00989563,0.00989563,0.0907187
F,0.160582,0.00989563,0.00989563,0.170478
F,0.199478,-0.0482131,-0.0482131,0.151265
F,0.0335505,0.00989563,0.00989563,0.0434461
F,0.019374,0.00989563,0.00989563,0.0292696
F,0.359267,0.00989563,0.00989563,0.369163
F,-0.284589,0.00989563,0.00989563,-0.274693
F,-0.14936,0.00989563,0.00989563,-0.139465
F,0.0835499,0.00989563,0.00989563,0.0934455
F,-0.101698,0.00989563,0.00989563,-0.0918022
F,-0.121404,0.00989563,0.00989563,-0.111508
F,0.299532,0.00989563,0.00989563,0.309428
F,0.225472,0.00989563,0.00989563,0.235367
F,0.0459104,-0.0482131,-0.0482131,-0.00230269
F,0.404291,0.00989563,0.00989563,0.414187
F,0.129649,0.00989563,0.00989563,0.139544
F,-0.0195463,0.00989563,0.00989563,-0.00965062
F,0.0165101,0.00989563,0.00989563,0.0264058
F,0.039934,0.00989563,0.00989563,0.0498296
F,-0.176795,0.00989563,0.00989563,-0.166899
F,-0.182709,0.00989563,0.00989563,-0.172813
F,-0.0147463,0.00989563,0.00989563,-0.00485069
F,0.0670304,0.00989563,0.00989563,0.076926
F,-0.258263,0.00989563,0.00989563,-0.248367
F,-0.0666741,0.00989563,0.00989563,-0.0567785
F,-0.087708,0.00989563,0.00989563,-0.0778124
F,0.0255668,0.00989563,0.00989563,0.0354624
F,0.24913,-0.0482131,-0.0482131,0.200917
F,0.0824625,0.00989563,0.00989563,0.0923582
F,0.112119,0.00989563,0.00989563,0.122014
F,-0.000139706,0.00989563,0.00989563,0.00975592
F,-0.189772,0.00989563,0.00989563,-0.179877
F,0.265033,0.00989563,0.00989563,0.274929
F,-0.202026,0.00989563,0.00989563,-0.192131
F,-0.0454058,0.00989563,0.00989563,-0.0355101
F,0.288654,0.00989563,0.00989563,0.29855
F,0.232558,0.00989563,0.00989563,0.242454
F,-0.0061194,0.00989563,0.00989563,0.00377622
F,0.146642,0.00989563,0.00989563,0.156538
F,-0.100111,0.00989563,0.00989563,-0.0902158
F,0.0757806,0.00989563,0.00989563,0.0856762
F,0.146564,0.00989563,0.00989563,0.15646
F,-0.197064,0.00989563,0.00989563,-0.187168
F,0.433413,0.00989563,0.00989563,0.443308
F,-0.164106,0.00989563,0.00989563,-0.15421
F,-0.34961,0.00989563,0.00989563,-0.339714
F,-0.195029,0.00989563,0.00989563,-0.185133
F,0.0192792,0.00989563,0.00989563,0.0291748
F,-0.0304654,0.00989563,0.00989563,-0.0205698
F,0.241624,0.00989563,0.00989563,0.25152
F,-0.0916493,0.00989563,0.00989563,-0.0817537
F,-0.46414,0.00989563,0.00989563,-0.454245
F,0.279448,0.00989563,0.00989563,0.289344
F,0.097336,0.00989563,0.00989563,0.107232
F,0.24336,0.00989563,0.00989563,0.253255
F,-0.20112,0.00989563,0.00989563,-0.191225
F,0.527125,0.00989563,0.00989563,0.537021
F,-0.128058,0.00989563,0.00989563,-0.118163
F,-0.304188,0.00989563,0.00989563,-0.294292
F,-0.102439,0.00989563,0.00989563,-0.0925433
F,-0.384735,0.00989563,0.00989563,-0.374839
F,-0.353721,0.00989563,0.00989563,-0.343826
F,5.2071e-05,0.00989563,0.00989563,0.0099477
F,0.143078,0.00989563,0.00989563,0.152974
F,-0.0414967,0.00989563,0.00989563,-0.031601
F,-0.0950851,0.00989563,0.00989563,-0.0851895
F,0.125546,0.00989563,0.00989563,0.135442
F,0.14231,0.00989563,0.00989563,0.152206
F,0.120632,0.00989563,0.00989563,0.130528
F,0.0833999,0.00989563,0.00989563,0.0932956
F,0.212107,0.00989563,0.00989563,0.222003
F,-0.157711,0.00989563,0.00989563,-0.147815
F,0.0755965,0.00989563,0.00989563,0.0854921
F,-0.119212,0.00989563,0.00989563,-0.109316
F,0.236963,0.00989563,0.00989563,0.246859
F,-0.12041,0.00989563,0.00989563,-0.110514
F,-0.359384,0.00989563,0.00989563,-0.349488
F,0.448947,0.00989563,0.00989563,0.458843
F,-0.280396,0.00989563,0.00989563,-0.270501
F,-0.0689659,0.00989563,0.00989563,-0.0590703
F,-0.267265,-0.0482131,-0.0482131,-0.315478
F,0.110907,0.00989563,0.00989563,0.120803
F,-0.0270161,0.00989563,0.00989563,-0.0171205
F,0.0727824,0.00989563,0.00989563,0.082678
F,0.117589,0.00989563,0.00989563,0.127485
F,0.26188,0.00989563,0.00989563,0.271776
F,-0.0304344,0.00989563,0.00989563,-0.0205388
F,-0.0441799,0.00989563,0.00989563,-0.0342843
F,0.261637,0.00989563,0.00989563,0.271532
F,0.0449392,0.0254202,0.0254202,0.0703593
F,-0.0154279,0.00989563,0.00989563,-0.00553224
F,0.165388,0.00989563,0.00989563,0.175283
F,-0.07164,0.00989563,0.00989563,-0.0617444
F,0.128652,0.00989563,0.00989563,0.138547
F,0.267714,-0.0482131,-0.0482131,0.219501
F,0.0274402,0.00989563,0.00989563,0.0373359
F,-0.00718026,0.00989563,0.00989563,0.00271537
F,0.377817,0.00989563,0.00989563,0.387713
F,-0.431487,0.00989563,0.00989563,-0.421592
F,0.196813,0.00989563,0.00989563,0.206709
F,0.299669,0.00989563,0.00989563,0.309564
F,0.0326708,0.00989563,0.00989563,0.0425664
F,-0.28966,0.00989563,0.00989563,-0.279764
F,0.337955,0.00989563,0.00989563,0.34785
F,-0.101079,0.00989563,0.00989563,-0.0911831
F,-0.15095,0.00989563,0.00989563,-0.141054
F,-0.0730907,0.00989563,0.00989563,-0.0631951
F,0.141045,0.00989563,0.00989563,0.15094
F,-0.305691,0.00989563,0.00989563,-0.295795
F,-0.381036,0.00989563,0.00989563,-0.371141
F,-0.0776553,-0.0482131,-0.0482131,-0.125868
F,0.294282,0.00989563,0.00989563,0.304177
F,0.135187,0.00989563,0.00989563,0.145083
F,-0.0118917,-0.0482131,-0.0482131,-0.0601049
F,0.0474606,0.00989563,0.00989563,0.0573562
F,0.188817,0.00989563,0.00989563,0.198712
F,-0.206907,0.00989563,0.00989563,-0.197012
F,-0.0166663,0.00989563,0.00989563,-0.0067707
F,0.104264,0.00989563,0.00989563,0.114159
F,-0.0437117,0.00989563,0.00989563,-0.033816
F,0.0356942,-0.0482131,-0.0482131,-0.0125189
F,0.0120201,0.00989563,0.00989563,0.0219157
F,0.113427,0.00989563,0.00989563,0.123323
F,-0.018968,0.00989563,0.00989563,-0.00907239
F,0.253252,0.00989563,0.00989563,0.263147
F,-0.114283,0.00989563,0.00989563,-0.104387
F,0.0154242,0.00989563,0.00989563,0.0253198
F,0.155334,0.00989563,0.00989563,0.16523
F,0.0725979,0.00989563,0.00989563,0.0824936
F,-0.219687,0.00989563,0.00989563,-0.209792
F,0.147022,0.00989563,0.00989563,0.156918
F,0.130318,0.00989563,0.00989563,0.140214
F,0.0211857,0.00989563,0.00989563,0.0310813
F,0.277313,0.00989563,0.00989563,0.287209
F,-0.285515,0.00989563,0.00989563,-0.275619
F,0.0240996,0.00989563,0.00989563,0.0339952
F,-0.182612,0.00989563,0.00989563,-0.172716
F,-0.0578969,0.00989563,0.00989563,-0.0480013
F,-0.334163,0.00989563,0.00989563,-0.324267
F,-0.11529,0.00989563,0.00989563,-0.105394
F,-0.195142,0.00989563,0.00989563,-0.185246
F,-0.11062,0.00989563,0.00989563,-0.100725
F,0.0462797,0.00989563,0.00989563,0.0561754
F,-0.00515914,0.00989563,0.00989563,0.00473649
F,0.099989,0.00989563,0.00989563,0.109885
F,-0.307425,0.00989563,0.00989563,-0.297529
F,-0.193355,0.00989563,0.00989563,-0.183459
F,-0.0146203,0.00989563,0.00989563,-0.00472467
F,0.032909,0.00989563,0.00989563,0.0428046
F,-0.099461,0.00989563,0.00989563,-0.0895654
F,0.0107028,0.00989563,0.00989563,0.0205985
F,-0.179959,0.00989563,0.00989563,-0.170063
F,0.220105,0.00989563,0.00989563,0.230001
F,0.139802,0.00989563,0.00989563,0.149698
F,-0.273037,0.00989563,0.00989563,-0.263141
F,-0.35531,0.00989563,0.00989563,-0.345414
F,-0.141252,0.00989563,0.00989563,-0.131357
F,0.0881654,0.00989563,0.00989563,0.098061
F,-0.0443128,0.00989563,0.00989563,-0.0344172
F,0.222371,0.00989563,0.00989563,0.232266
F,0.379137,0.00989563,0.00989563,0.389033
F,-0.088031,0.00989563,0.00989563,-0.0781354
F,0.0990198,0.00989563,0.00989563,0.108915
F,-0.0271469,0.00989563,0.00989563,-0.0172512
F,0.136757,0.00989563,0.00989563,0.146653
F,-0.150066,0.00989563,0.00989563,-0.14017
F,0.186008,0.00989563,0.00989563,0.195903
F,-0.220487,0.00989563,0.00989563,-0.210591
F,0.0563675,0.00989563,0.00989563,0.0662631
F,-0.0290205,0.00989563,0.00989563,-0.0191248
F,-0.0222216,0.00989563,0.00989563,-0.012326
F,-0.0494656,0.00989563,0.00989563,-0.0395699
F,0.0591241,0.00989563,0.00989563,0.0690197
F,0.000310034,-0.0482131,-0.0482131,-0.0479031
F,0.0447474,0.00989563,0.00989563,0.054643
F,-0.36715,0.00989563,0.00989563,-0.357254
F,0.0268444,0.00989563,0.00989563,0.0367401
F,-0.287436,0.00989563,0.00989563,-0.277541
F,-0.54422,0.00989563,0.00989563,-0.534324
F,0.232114,-0.0482131,-0.0482131,0.183901
F,0.145135,0.00989563,0.00989563,0.155031
F,0.364004,0.00989563,0.00989563,0.373899
F,-0.173855,0.00989563,0.00989563,-0.163959
F,-0.172443,0.00989563,0.00989563,-0.162547
F,-0.0283411,0.00989563,0.00989563,-0.0184455
F,0.145718,0.00989563,0.00989563,0.155613
F,0.0263626,0.00989563,0.00989563,0.0362582
F,-0.0269487,0.00989563,0.00989563,-0.0170531
F,0.275684,-0.0482131,-0.0482131,0.227471
F,0.0299832,0.00989563,0.00989563,0.0398788
F,-0.161604,0.00989563,0.00989563,-0.151708
F,0.005133,0.00989563,0.00989563,0.0150286
F,-0.498361,0.00989563,0.00989563,-0.488465
F,-0.0676563,0.00989563,0.00989563,-0.0577606
F,0.309818,0.00989563,0.00989563,0.319714
F,-0.101936,0.00989563,0.00989563,-0.0920401
F,-0.203897,0.00989563,0.00989563,-0.194002
F,0.56146,0.00989563,0.00989563,0.571356
F,-0.0201696,0.00989563,0.00989563,-0.010274
F,-0.0364368,0.00989563,0.00989563,-0.0265412
F,-0.0972428,0.00989563,0.00989563,-0.0873472
F,0.435672,0.00989563,0.00989563,0.445568
F,-0.0885717,0.00989563,0.00989563,-0.0786761
F,-0.041422,-0.0255732,-0.0255732,-0.0669953
F,0.0786698,0.00989563,0.00989563,0.0885654
F,-0.0485836,0.00989563,0.00989563,-0.038688
F,-0.152022,0.00989563,0.00989563,-0.142127
F,-0.10265,0.00989563,0.00989563,-0.092754
F,0.00559279,0.00989563,0.00989563,0.0154884
F,0.263579,0.00989563,0.00989563,0.273475
F,0.205898,0.00989563,0.00989563,0.215794
F,-0.169469,0.00989563,0.00989563,-0.159574
F,0.0506066,0.00989563,0.00989563,0.0605022
F,-0.0684938,0.00989563,0.00989563,-0.0585982
F,0.23098,0.00989563,0.00989563,0.240876
F,0.0718266,0.00989563,0.00989563,0.0817222
F,-0.0283282,0.00989563,0.00989563,-0.0184326
F,-0.132529,0.00989563,0.00989563,-0.122634
F,0.262647,0.00989563,0.00989563,0.272543
F,-0.211824,0.00989563,0.00989563,-0.201928
F,0.157036,0.00989563,0.00989563,0.166932
F,0.19607,0.00989563,0.00989563,0.205965
F,0.135795,-0.0255732,-0.0255732,0.110221
F,-0.234355,0.00989563,0.00989563,-0.22446
F,0.288296,0.00989563,0.00989563,0.298192
F,0.0565897,0.00989563,0.00989563,0.0664854
F,-0.0460068,0.00989563,0.00989563,-0.0361112
F,-0.138135,0.00989563,0.00989563,-0.128239
F,-0.0650593,0.00989563,0.00989563,-0.0551637
F,-0.333294,0.00989563,0.00989563,-0.323399
F,-0.0738693,-0.0482131,-0.0482131,-0.122082
F,-0.231988,0.00989563,0.00989563,-0.222092
F,-0.50898,0.00989563,0.00989563,-0.499084
F,-0.327123,0.00989563,0.00989563,-0.317228
F,0.235734,0.00989563,0.00989563,0.24563
F,-0.00292517,0.00989563,0.00989563,0.00697046
F,-0.0524505,0.00989563,0.00989563,-0.0425549
F,-0.0886623,0.00989563,0.00989563,-0.0787667
F,0.0243056,0.00989563,0.00989563,0.0342013
F,0.102954,0.00989563,0.00989563,0.11285
F,-0.0380004,0.00989563,0.00989563,-0.0281047
F,0.0159257,0.00989563,0.00989563,0.0258213
F,0.218335,0.00989563,0.00989563,0.228231
F,0.166004,0.00989563,0.00989563,0.1759
F,-0.0368517,0.00989563,0.00989563,-0.0269561
F,0.0798573,0.00989563,0.00989563,0.0897529
F,0.0581338,0.00989563,0.00989563,0.0680294
F,0.314368,-0.0482131,-0.0482131,0.266155
F,0.228871,0.00989563,0.00989563,0.238767
F,-0.256986,0.00989563,0.00989563,-0.247091
F,-0.247728,0.00989563,0.00989563,-0.237832
F,-0.0352138,-0.0482131,-0.0482131,-0.0834269
F,-0.0806915,0.00989563,0.00989563,-0.0707959
F,0.263738,0.00989563,0.00989563,0.273633
F,-0.124244,0.00989563,0.00989563,-0.114348
F,-0.13561,0.00989563,0.00989563,-0.125714
F,0.20298,0.00989563,0.00989563,0.212876
F,0.193934,0.00989563,0.00989563,0.20383
F,-0.00205619,0.00989563,0.00989563,0.00783944
F,0.0605715,0.00989563,0.00989563,0.0704671
F,0.153367,0.00989563,0.00989563,0.163263
F,-0.0451768,0.00989563,0.00989563,-0.0352812
F,0.143002,-0.0482131,-0.0482131,0.0947888
F,-0.0263073,0.00989563,0.00989563,-0.0164117
F,0.0675863,0.00989563,0.00989563,0.0774819
F,-0.152888,0.00989563,0.00989563,-0.142992
F,0.191057,0.00989563,0.00989563,0.200953
F,-0.336854,0.00989563,0.00989563,-0.326959
F,0.102889,0.00989563,0.00989563,0.112785
F,-0.168664,-0.0255732,-0.0255732,-0.194237
F,-0.4243,0.00989563,0.00989563,-0.414404
F,0.18399,0.00989563,0.00989563,0.193886
F,-0.110066,-0.0255732,-0.0255732,-0.135639
F,-0.209622,0.00989563,0.00989563,-0.199727
F,0.138607,0.00989563,0.00989563,0.148502
F,0.231838,-0.0255732,-0.0255732,0.206264
F,-0.151338,0.00989563,0.00989563,-0.141442
F,0.198391,0.00989563,0.00989563,0.208287
F,-0.130949,-0.0255732,-0.0255732,-0.156523
F,0.0944816,0.00989563,0.00989563,0.104377
F,-0.161034,0.00989563,0.00989563,-0.151138
F,-0.071118,0.00989563,0.00989563,-0.0612224
F,-0.0543444,0.00989563,0.00989563,-0.0444488
F,-0.187894,0.00989563,0.00989563,-0.177999
F,-0.00627886,0.00989563,0.00989563,0.00361676
F,0.157488,0.00989563,0.00989563,0.167383
F,-0.027379,0.00989563,0.00989563,-0.0174833
F,-0.0388056,-0.0255732,-0.0255732,-0.0643789
F,-0.337907,0.00989563,0.00989563,-0.328011
F,-0.371597,0.00989563,0.00989563,-0.361701
F,-0.303388,0.00989563,0.00989563,-0.293493
F,0.0934712,-0.0255732,-0.0255732,0.0678979
F,-0.0728431,0.00989563,0.00989563,-0.0629475
F,0.336454,0.00989563,0.00989563,0.34635
F,-0.488014,0.00989563,0.00989563,-0.478119
F,-0.248374,0.00989563,0.00989563,-0.238478
F,-0.0947553,0.00989563,0.00989563,-0.0848597
F,-0.0251258,0.00989563,0.00989563,-0.0152302
F,-0.0796866,0.00989563,0.00989563,-0.069791
F,0.185985,0.00989563,0.00989563,0.19588
F,-0.105071,0.00989563,0.00989563,-0.0951753
F,0.197,0.00989563,0.00989563,0.206895
F,-0.165558,0.00989563,0.00989563,-0.155662
F,-0.232185,0.00989563,0.00989563,-0.22229
F,-0.196416,0.00989563,0.00989563,-0.186521
F,0.114071,0.00989563,0.00989563,0.123967
F,0.427544,0.00989563,0.00989563,0.437439
F,0.124404,-0.0482131,-0.0482131,0.0761909
F,-0.132659,0.00989563,0.00989563,-0.122763
F,0.239772,0.00989563,0.00989563,0.249668
F,-0.0382462,0.00989563,0.00989563,-0.0283505
F,0.00673099,-0.0482131,-0.0482131,-0.0414821
F,-0.123805,-0.0482131,-0.0482131,-0.172018
F,-0.109934,0.00989563,0.00989563,-0.100038
F,-0.24123,0.00989563,0.00989563,-0.231335
F,-0.377162,0.00989563,0.00989563,-0.367267
F,0.220521,0.00989563,0.00989563,0.230417
F,0.0199701,0.00989563,0.00989563,0.0298657
F,0.342006,0.0254202,0.0254202,0.367426
F,0.221308,0.00989563,0.00989563,0.231203
F,0.323791,0.00989563,0.00989563,0.333687
F,0.302183,0.00989563,0.00989563,0.312078
F,0.375236,0.00989563,0.00989563,0.385132
F,-0.150923,0.00989563,0.00989563,-0.141027
F,-0.0440761,0.00989563,0.00989563,-0.0341805
F,0.146897,0.00989563,0.00989563,0.156792
F,-0.0276447,0.00989563,0.00989563,-0.017749
F,-0.102053,0.00989563,0.00989563,-0.0921571
F,-0.0576523,0.00989563,0.00989563,-0.0477567
F,-0.0185123,0.00989563,0.00989563,-0.00861664
F,0.305135,0.00989563,0.00989563,0.315031
F,0.0637347,0.00989563,0.00989563,0.0736303
F,-0.181603,0.00989563,0.00989563,-0.171707
F,0.0278878,0.00989563,0.00989563,0.0377835
F,-0.6659,0.00989563,0.00989563,-0.656005
F,0.0401346,0.00989563,0.00989563,0.0500302
F,0.105031,0.00989563,0.00989563,0.114927
F,-0.0281073,0.00989563,0.00989563,-0.0182117
F,-0.0052013,0.00989563,0.00989563,0.00469433
F,0.193211,0.00989563,0.00989563,0.203106
F,-0.0685727,-0.0255732,-0.0255732,-0.0941459
F,-0.340013,0.00989563,0.00989563,-0.330117
F,0.142613,0.00989563,0.00989563,0.152508
F,0.0815844,0.00989563,0.00989563,0.09148
F,-0.120881,0.0254202,0.0254202,-0.0954607
F,-0.10571,0.00989563,0.00989563,-0.0958147
F,-0.261056,0.00989563,0.00989563,-0.251161
F,-0.205163,0.00989563,0.00989563,-0.195267
F,-0.31345,0.00989563,0.00989563,-0.303554
F,-0.160316,0.00989563,0.00989563,-0.15042
F,0.242321,0.00989563,0.00989563,0.252217
F,0.225054,0.00989563,0.00989563,0.234949
F,-0.178137,0.00989563,0.00989563,-0.168241
F,-0.200661,0.00989563,0.00989563,-0.190765
F,0.275823,0.00989563,0.00989563,0.285719
F,-0.0216129,0.00989563,0.00989563,-0.0117173
F,0.215534,0.00989563,0.00989563,0.225429
F,-0.0815682,0.00989563,0.00989563,-0.0716725
F,0.206675,0.00989563,0.00989563,0.216571
F,0.0888162,0.00989563,0.00989563,0.0987118
F,-0.194876,0.00989563,0.00989563,-0.184981
F,-0.155764,-0.0255732,-0.0255732,-0.181337
F,-0.106653,0.00989563,0.00989563,-0.0967575
F,0.206272,0.00989563,0.00989563,0.216167
F,0.0112509,0.00989563,0.00989563,0.0211465
F,0.00791699,0.00989563,0.00989563,0.0178126
F,0.383146,0.00989563,0.00989563,0.393042
F,0.0921482,0.00989563,0.00989563,0.102044
F,0.0472615,0.00989563,0.00989563,0.0571571
F,0.248154,0.00989563,0.00989563,0.25805
F,0.137177,0.00989563,0.00989563,0.147073
F,-0.0691081,0.00989563,0.00989563,-0.0592125
F,0.183303,0.00989563,0.00989563,0.193199
F,0.110788,0.00989563,0.00989563,0.120683
F,0.193479,0.00989563,0.00989563,0.203375
F,-0.10504,-0.0482131,-0.0482131,-0.153253
F,0.0507642,0.00989563,0.00989563,0.0606598
F,-0.104346,0.00989563,0.00989563,-0.0944508
F,-0.0488857,0.00989563,0.00989563,-0.03899
F,-0.333549,0.00989563,0.00989563,-0.323654
F,-0.0383969,0.00989563,0.00989563,-0.0285012
F,-0.42568,0.0254202,0.0254202,-0.400259
F,0.00164601,0.00989563,0.00989563,0.0115416
F,-0.138537,0.0254202,0.0254202,-0.113117
F,-0.095908,0.00989563,0.00989563,-0.0860124
F,-0.0574634,0.00989563,0.00989563,-0.0475678
F,-0.273515,0.00989563,0.00989563,-0.263619
F,-0.122734,0.00989563,0.00989563,-0.112838
F,-0.032198,0.00989563,0.00989563,-0.0223024
F,-0.121521,0.00989563,0.00989563,-0.111626
F,-0.167283,-0.0255732,-0.0255732,-0.192857
F,-0.20181,0.00989563,0.00989563,-0.191914
F,-0.227663,0.0254202,0.0254202,-0.202243
F,-0.110748,0.00989563,0.00989563,-0.100852
F,0.0349315,0.00989563,0.00989563,0.0448271
F,0.0525836,0.00989563,0.00989563,0.0624792
F,-0.231789,0.00989563,0.00989563,-0.221894
F,-0.0253477,0.00989563,0.00989563,-0.0154521
F,-0.0120645,-0.0482131,-0.0482131,-0.0602776
F,0.114579,0.00989563,0.00989563,0.124475
F,-0.0284632,0.00989563,0.00989563,-0.0185675
F,0.203753,0.00989563,0.00989563,0.213649
F,0.214618,0.00989563,0.00989563,0.224514
F,-0.447182,0.00989563,0.00989563,-0.437286
F,-0.137167,0.00989563,0.00989563,-0.127271
F,-0.189788,0.00989563,0.00989563,-0.179892
F,-0.0055774,0.00989563,0.00989563,0.00431822
F,-0.2438,0.00989563,0.00989563,-0.233904
F,-0.274585,0.00989563,0.00989563,-0.26469
F,0.118468,0.00989563,0.00989563,0.128364
F,-0.0448817,-0.0255732,-0.0255732,-0.070455
F,-0.307537,0.00989563,0.00989563,-0.297642
F,0.0411977,0.00989563,0.00989563,0.0510934
F,0.0223145,0.00989563,0.00989563,0.0322101
F,-0.00811633,0.00989563,0.00989563,0.0017793
F,-0.185397,0.00989563,0.00989563,-0.175502
F,-0.0651702,0.00989563,0.00989563,-0.0552745
F,0.221312,0.00989563,0.00989563,0.231207
F,0.370006,0.00989563,0.00989563,0.379901
F,0.349675,-0.0482131,-0.0482131,0.301462
F,-0.340672,0.00989563,0.00989563,-0.330776
F,-0.269983,0.00989563,0.00989563,-0.260087
F,0.0913456,0.00989563,0.00989563,0.101241
F,-0.0129893,0.00989563,0.00989563,-0.00309367
F,0.364402,-0.0482131,-0.0482131,0.316189
F,-0.0203738,0.00989563,0.00989563,-0.0104782
F,0.36975,0.00989563,0.00989563,0.379645
F,0.0496021,0.00989563,0.00989563,0.0594977
F,-0.0564362,0.00989563,0.00989563,-0.0465406
F,-0.072248,0.00989563,0.00989563,-0.0623524
F,-0.102192,0.00989563,0.00989563,-0.0922963
F,0.218405,0.00989563,0.00989563,0.228301
F,-0.242333,0.00989563,0.00989563,-0.232437
F,-0.204906,-0.0482131,-0.0482131,-0.253119
F,0.185011,0.00989563,0.00989563,0.194906
F,-0.417153,0.00989563,0.00989563,-0.407258
F,0.247871,0.00989563,0.00989563,0.257767
F,-0.255138,0.00989563,0.00989563,-0.245243
F,0.153211,0.00989563,0.00989563,0.163107
F,-0.00228406,0.00989563,0.00989563,0.00761156
F,0.33059,0.00989563,0.00989563,0.340486
F,-0.164013,0.00989563,0.00989563,-0.154117
F,-0.48701,0.00989563,0.00989563,-0.477115
F,0.110787,0.00989563,0.00989563,0.120683
F,-0.00911322,0.00989563,0.00989563,0.000782406
F,0.160266,0.00989563,0.00989563,0.170161
F,-0.0266481,0.00989563,0.00989563,-0.0167524
F,0.122132,0.00989563,0.00989563,0.132027
F,-0.0676446,0.00989563,0.00989563,-0.0577489
F,0.385181,0.00989563,0.00989563,0.395077
F,0.0962161,-0.0482131,-0.0482131,0.0480029
F,-0.466613,0.00989563,0.00989563,-0.456717
F,-0.329456,0.00989563,0.00989563,-0.319561
F,-0.113526,-0.0255732,-0.0255732,-0.139099
F,0.185759,0.0254202,0.0254202,0.211179
F,0.173638,0.00989563,0.00989563,0.183534
F,-0.23816,0.0254202,0.0254202,-0.21274
F,0.288253,0.00989563,0.00989563,0.298149
F,-0.197028,0.00989563,0.00989563,-0.187132
F,-0.180417,0.00989563,0.00989563,-0.170522
F,0.00714397,0.00989563,0.00989563,0.0170396
F,-0.110404,0.00989563,0.00989563,-0.100508
F,0.118762,0.00989563,0.00989563,0.128658
F,-0.051958,0.00989563,0.00989563,-0.0420624
F,-0.0883959,0.00989563,0.00989563,-0.0785002
F,0.122628,-0.0255732,-0.0255732,0.0970546
F,0.0815748,0.00989563,0.00989563,0.0914705
F,0.0444174,0.00989563,0.00989563,0.054313
F,-0.081645,0.00989563,0.00989563,-0.0717494
F,-0.15355,0.00989563,0.00989563,-0.143654
F,-0.286278,0.00989563,0.00989563,-0.276382
F,0.0242196,0.00989563,0.00989563,0.0341153
F,0.448671,0.00989563,0.00989563,0.458567
F,0.273333,0.00989563,0.00989563,0.283228
F,-0.134852,0.00989563,0.00989563,-0.124956
F,0.337336,0.00989563,0.00989563,0.347232
F,0.0213045,0.00989563,0.00989563,0.0312001
F,0.0521387,0.00989563,0.00989563,0.0620344
F,0.198698,0.00989563,0.00989563,0.208594
F,0.10703,0.00989563,0.00989563,0.116926
F,0.223083,0.00989563,0.00989563,0.232978
F,-0.356201,-0.0482131,-0.0482131,-0.404414
F,0.14806,0.00989563,0.00989563,0.157955
F,0.362177,0.00989563,0.00989563,0.372073
F,0.238984,0.00989563,0.00989563,0.248879
F,0.0165635,0.00989563,0.00989563,0.0264592
F,-0.020719,-0.0255732,-0.0255732,-0.0462922
F,0.56568,0.00989563,0.00989563,0.575576
F,0.045724,0.00989563,0.00989563,0.0556196
F,-0.55979,0.00989563,0.00989563,-0.549894
F,0.0612502,0.00989563,0.00989563,0.0711458
F,0.25688,0.00989563,0.00989563,0.266776
F,-0.145758,0.00989563,0.00989563,-0.135862
F,-0.399082,0.00989563,0.00989563,-0.389186
F,0.189153,0.00989563,0.00989563,0.199048
F,0.0434223,0.00989563,0.00989563,0.0533179
F,0.291035,0.00989563,0.00989563,0.300931
F,0.109158,0.00989563,0.00989563,0.119053
F,0.132897,0.00989563,0.00989563,0.142792
F,-0.0391971,0.00989563,0.00989563,-0.0293015
F,-0.306355,0.00989563,0.00989563,-0.29646
F,0.0467468,0.00989563,0.00989563,0.0566424
F,0.294244,0.00989563,0.00989563,0.30414
F,-0.171524,0.00989563,0.00989563,-0.161628
F,0.0711065,0.00989563,0.00989563,0.0810021
F,0.460451,0.00989563,0.00989563,0.470346
F,-0.26836,-0.0255732,-0.0255732,-0.293933
F,-0.217368,0.00989563,0.00989563,-0.207472
F,0.321379,0.00989563,0.00989563,0.331275
F,-0.00121981,0.00989563,0.00989563,0.00867582
F,-0.0140812,0.00989563,0.00989563,-0.00418556
F,0.311586,0.00989563,0.00989563,0.321482
F,0.159327,0.00989563,0.00989563,0.169223
F,-0.0988225,0.00989563,0.00989563,-0.0889269
F,-0.0392671,0.00989563,0.00989563,-0.0293715
F,-0.234585,0.00989563,0.00989563,-0.22469
F,0.0361577,0.0254202,0.0254202,0.0615779
F,0.0980687,0.00989563,0.00989563,0.107964
F,-0.292228,0.00989563,0.00989563,-0.282332
F,-0.0995558,0.00989563,0.00989563,-0.0896602
F,0.040208,0.00989563,0.00989563,0.0501037
F,0.254567,0.00989563,0.00989563,0.264463
F,-0.0788196,0.00989563,0.00989563,-0.068924
F,0.0470944,0.00989563,0.00989563,0.05699
F,0.204971,0.00989563,0.00989563,0.214867
F,-0.110241,0.00989563,0.00989563,-0.100345
F,0.0580347,0.00989563,0.00989563,0.0679303
F,0.0954019,0.00989563,0.00989563,0.105297
F,0.46972,0.00989563,0.00989563,0.479616
F,-0.22348,0.00989563,0.00989563,-0.213584
F,0.0834201,0.00989563,0.00989563,0.0933157
F,0.284482,0.00989563,0.00989563,0.294377
F,0.182487,0.00989563,0.00989563,0.192383
F,0.130943,0.00989563,0.00989563,0.140838
F,0.477609,0.00989563,0.00989563,0.487505
F,-0.267326,-0.0255732,-0.0255732,-0.292899
F,0.0111254,0.00989563,0.00989563,0.021021
F,0.0883357,0.00989563,0.00989563,0.0982314
F,0.241177,0.00989563,0.00989563,0.251073
F,0.0689085,0.00989563,0.00989563,0.0788041
F,-0.337464,0.00989563,0.00989563,-0.327569
F,-0.175873,0.00989563,0.00989563,-0.165977
F,0.175169,0.00989563,0.00989563,0.185064
F,0.0392869,0.00989563,0.00989563,0.0491825
F,0.23054,0.00989563,0.00989563,0.240435
F,0.117091,0.00989563,0.00989563,0.126987
F,0.120442,0.00989563,0.00989563,0.130338
F,-0.0372822,0.00989563,0.00989563,-0.0273866
F,-0.027015,0.00989563,0.00989563,-0.0171194
F,0.145025,0.00989563,0.00989563,0.15492
F,-0.0570827,-0.0482131,-0.0482131,-0.105296
F,-0.107117,-0.0255732,-0.0255732,-0.132691
F,-0.150957,0.00989563,0.00989563,-0.141061
F,0.0892008,0.00989563,0.00989563,0.0990964
F,0.147724,-0.0255732,-0.0255732,0.12215
F,-0.268285,0.00989563,0.00989563,-0.258389
F,0.218776,0.00989563,0.00989563,0.228671
F,-0.194659,0.00989563,0.00989563,-0.184764
F,-0.132058,0.00989563,0.00989563,-0.122163
F,0.0893146,0.00989563,0.00989563,0.0992103
F,-0.35142,0.00989563,0.00989563,-0.341525
F,0.160724,0.00989563,0.00989563,0.17062
F,-0.105582,0.00989563,0.00989563,-0.0956867
F,0.0764752,-0.0482131,-0.0482131,0.028262
F,-0.313057,0.00989563,0.00989563,-0.303161
F,0.142347,0.00989563,0.00989563,0.152243
F,-0.208403,0.00989563,0.00989563,-0.198507
F,0.147405,0.0254202,0.0254202,0.172826
F,-0.138337,0.00989563,0.00989563,-0.128441
F,0.0067107,0.00989563,0.00989563,0.0166063
F,-0.127615,0.00989563,0.00989563,-0.117719
F,0.190712,0.00989563,0.00989563,0.200608
F,-0.154181,0.00989563,0.00989563,-0.144285
F,0.190814,0.00989563,0.00989563,0.20071
F,-0.316999,-0.0255732,-0.0255732,-0.342572
F,0.219926,0.00989563,0.00989563,0.229821
F,0.11424,0.00989563,0.00989563,0.124135
F,-0.134038,0.00989563,0.00989563,-0.124143
F,-0.405188,0.00989563,0.00989563,-0.395292
F,-0.157204,0.00989563,0.00989563,-0.147308
F,0.144439,0.00989563,0.00989563,0.154335
F,0.0357953,0.00989563,0.00989563,0.0456909
F,-0.178084,0.00989563,0.00989563,-0.168188
F,0.235542,0.00989563,0.00989563,0.245437
M,-0.224077,0.0442565,0.0442565,-0.179821
M,-0.0868724,0.0442565,0.0442565,-0.0426159
M,0.0582247,0.0442565,0.0442565,0.102481
M,0.170046,0.0685577,0.0685577,0.238604
M,-0.26445,0.0442565,0.0442565,-0.220193
M,0.0262055,0.0442565,0.0442565,0.070462
M,0.0486442,0.0442565,0.0442565,0.0929007
M,-0.169933,0.0442565,0.0442565,-0.125676
M,-0.135956,0.0442565,0.0442565,-0.0916992
M,0.359876,0.0442565,0.0442565,0.404133
M,-0.131494,0.0442565,0.0442565,-0.0872372
M,-0.219654,0.0442565,0.0442565,-0.175397
M,-0.209586,0.0442565,0.0442565,-0.165329
M,0.180031,0.0442565,0.0442565,0.224287
M,-0.00115173,0.0442565,0.0442565,0.0431048
M,-0.0694859,-0.00773509,-0.00773509,-0.077221
M,-0.0421284,-0.00773509,-0.00773509,-0.0498635
M,0.0814308,0.0442565,0.0442565,0.125687
M,0.308231,0.0685577,0.0685577,0.376789
M,-0.170108,0.0442565,0.0442565,-0.125851
M,-0.163737,0.0442565,0.0442565,-0.11948
M,-0.158731,0.0442565,0.0442565,-0.114474
M,-0.270602,0.0442565,0.0442565,-0.226346
M,-0.234226,0.0442565,0.0442565,-0.189969
M,-0.00205691,0.0442565,0.0442565,0.0421996
M,0.00324921,0.0442565,0.0442565,0.0475057
M,-0.145704,0.0685577,0.0685577,-0.077146
M,0.159322,0.0442565,0.0442565,0.203579
M,-0.191578,0.0442565,0.0442565,-0.147322
M,0.188224,0.00391877,0.00391877,0.192143
M,-0.0450785,0.0442565,0.0442565,-0.000822003
M,0.343872,0.0442565,0.0442565,0.388128
M,-0.0733908,0.0442565,0.0442565,-0.0291343
M,0.279001,0.0442565,0.0442565,0.323258
M,-0.100567,0.0442565,0.0442565,-0.0563108
M,-0.0216795,0.0442565,0.0442565,0.022577
M,-0.299374,0.0442565,0.0442565,-0.255117
M,0.245155,0.0442565,0.0442565,0.289412
M,-0.27835,0.00391877,0.00391877,-0.274431
M,0.0182605,0.0442565,0.0442565,0.062517
M,-0.128829,0.0442565,0.0442565,-0.0845721
M,0.253744,0.0442565,0.0442565,0.298001
M,-0.000902782,0.0442565,0.0442565,0.0433537
M,0.197836,0.0442565,0.0442565,0.242092
M,-0.0613965,0.0442565,0.0442565,-0.01714
M,-0.288036,0.0442565,0.0442565,-0.243779
M,0.0901879,0.0442565,0.0442565,0.134444
M,0.164678,0.0442565,0.0442565,0.208934
M,0.128495,0.0442565,0.0442565,0.172752
M,-0.0104546,0.00391877,0.00391877,-0.00653585
M,-0.0513354,0.0442565,0.0442565,-0.00707887
M,-0.234295,0.0442565,0.0442565,-0.190038
M,-0.301853,0.066273,0.066273,-0.23558
M,0.251812,0.0442565,0.0442565,0.296069
M,-0.0933269,0.0442565,0.0442565,-0.0490704
M,-0.0745139,0.0442565,0.0442565,-0.0302574
M,-0.0873153,0.0442565,0.0442565,-0.0430588
M,-0.0850716,0.0442565,0.0442565,-0.0408151
M,0.141453,0.0442565,0.0442565,0.185709
M,-0.0912971,0.0442565,0.0442565,-0.0470406
M,-0.242062,0.0442565,0.0442565,-0.197806
M,0.11731,0.0442565,0.0442565,0.161567
M,-0.311043,0.0442565,0.0442565,-0.266787
M,0.0156275,0.0442565,0.0442565,0.059884
M,0.0808291,0.00391877,0.00391877,0.0847479
M,0.17679,0.0442565,0.0442565,0.221046
M,-0.0959796,0.00391877,0.00391877,-0.0920608
M,-0.146154,0.00391877,0.00391877,-0.142235
M,0.247918,0.0442565,0.0442565,0.292174
M,-0.211958,0.0442565,0.0442565,-0.167701
M,0.0183385,0.0442565,0.0442565,0.062595
M,0.084506,0.0442565,0.0442565,0.128763
M,-0.18581,0.0442565,0.0442565,-0.141554
M,-0.000831136,0.0442565,0.0442565,0.0434254
M,0.506276,-0.00773509,-0.00773509,0.498541
M,0.00281443,0.0442565,0.0442565,0.0470709
M,-0.641096,0.0442565,0.0442565,-0.596839
M,-0.233228,0.0442565,0.0442565,-0.188971
M,-0.0581186,0.0442565,0.0442565,-0.0138621
M,0.214246,0.0442565,0.0442565,0.258503
M,-0.458248,0.0442565,0.0442565,-0.413992
M,-0.247253,0.0442565,0.0442565,-0.202997
M,0.145472,0.0442565,0.0442565,0.189729
M,-0.264345,0.0442565,0.0442565,-0.220088
M,-0.0887278,0.0442565,0.0442565,-0.0444713
M,-0.0154267,0.0442565,0.0442565,0.0288298
M,-0.0208678,0.0442565,0.0442565,0.0233887
M,0.00730539,0.0442565,0.0442565,0.0515619
M,0.127731,0.0442565,0.0442565,0.171988
M,-0.0216444,0.0442565,0.0442565,0.0226121
M,-0.0564439,0.00391877,0.00391877,-0.0525252
M,-0.258939,0.0442565,0.0442565,-0.214682
M,-0.195323,0.0442565,0.0442565,-0.151067
M,-0.043006,0.0442565,0.0442565,0.00125054
M,-0.24845,0.00391877,0.00391877,-0.244531
M,0.140265,0.0442565,0.0442565,0.184521
M,0.0688712,0.0442565,0.0442565,0.113128
M,-0.247123,0.0442565,0.0442565,-0.202866
M,0.107606,0.0442565,0.0442565,0.151863
M,-0.381398,0.00391877,0.00391877,-0.377479
M,-0.419859,0.0442565,0.0442565,-0.375603
M,0.225563,0.0442565,0.0442565,0.26982
M,-0.0133316,0.0442565,0.0442565,0.0309249
M,-0.338239,0.0442565,0.0442565,-0.293982
M,-0.0246773,0.0442565,0.0442565,0.0195792
M,0.0857066,0.0442565,0.0442565,0.129963
M,-0.291881,-0.00773509,-0.00773509,-0.299616
M,-0.222252,0.0442565,0.0442565,-0.177996
M,-0.241506,0.0442565,0.0442565,-0.19725
M,-0.372276,0.0442565,0.0442565,-0.32802
M,-0.036205,0.0442565,0.0442565,0.00805154
M,0.224309,0.0442565,0.0442565,0.268565
M,-0.088882,0.0442565,0.0442565,-0.0446255
M,0.116664,0.0442565,0.0442565,0.16092
M,-0.402151,0.0442565,0.0442565,-0.357895
M,-0.189776,0.00391877,0.00391877,-0.185857
M,0.143752,0.0442565,0.0442565,0.188008
M,-0.11663,0.0442565,0.0442565,-0.0723734
M,0.585719,0.0442565,0.0442565,0.629975
M,-0.118522,0.0442565,0.0442565,-0.0742657
M,-0.134183,0.0442565,0.0442565,-0.0899267
M,0.0338893,0.0442565,0.0442565,0.0781458
M,0.0188158,0.0442565,0.0442565,0.0630723
M,-0.103099,0.0442565,0.0442565,-0.0588424
M,-0.0971723,0.0442565,0.0442565,-0.0529158
M,-0.208847,0.0442565,0.0442565,-0.16459
M,-0.00573174,0.0442565,0.0442565,0.0385248
M,0.204455,0.00391877,0.00391877,0.208374
M,0.0874619,0.0442565,0.0442565,0.131718
M,0.351552,0.0442565,0.0442565,0.395808
M,0.275283,0.0442565,0.0442565,0.31954
M,0.0331523,0.0442565,0.0442565,0.0774088
M,0.0808142,0.0442565,0.0442565,0.125071
M,-0.229442,0.0442565,0.0442565,-0.185185
M,-0.505966,0.0442565,0.0442565,-0.461709
M,0.0531191,0.0442565,0.0442565,0.0973756
M,-0.0315342,0.0442565,0.0442565,0.0127223
M,-0.20265,0.0442565,0.0442565,-0.158394
M,0.327237,0.00391877,0.00391877,0.331156
M,-0.0868707,0.0442565,0.0442565,-0.0426142
M,-0.00394613,0.0442565,0.0442565,0.0403104
M,0.0517859,0.0442565,0.0442565,0.0960423
M,0.0504192,0.0442565,0.0442565,0.0946757
M,-0.0398361,0.0442565,0.0442565,0.00442039
M,-0.0733964,0.0442565,0.0442565,-0.0291399
M,0.113056,0.00391877,0.00391877,0.116975
M,0.251571,0.0442565,0.0442565,0.295828
M,-0.247926,0.0442565,0.0442565,-0.203669
M,-0.0748557,0.0442565,0.0442565,-0.0305992
M,-0.196894,0.0442565,0.0442565,-0.152637
M,0.386021,0.0442565,0.0442565,0.430277
M,-0.182602,0.00391877,0.00391877,-0.178683
M,-0.235847,0.0442565,0.0442565,-0.19159
M,-0.0146496,0.0442565,0.0442565,0.0296069
M,-0.205807,0.0442565,0.0442565,-0.16155
M,0.299692,0.0442565,0.0442565,0.343948
M,-0.0884385,0.00391877,0.00391877,-0.0845197
M,-0.016832,0.0442565,0.0442565,0.0274245
M,-0.0199078,0.0442565,0.0442565,0.0243487
M,0.356037,0.0442565,0.0442565,0.400294
M,-0.28515,0.0442565,0.0442565,-0.240893
M,0.011183,0.0442565,0.0442565,0.0554395
M,-0.139488,0.0442565,0.0442565,-0.0952312
M,0.00887536,0.0442565,0.0442565,0.0531319
M,-0.182476,0.0442565,0.0442565,-0.13822
M,0.082241,0.0442565,0.0442565,0.126497
M,-0.0728232,0.0442565,0.0442565,-0.0285667
M,0.0678117,0.0442565,0.0442565,0.112068
M,-0.0872877,0.0685577,0.0685577,-0.01873
M,-0.0231273,0.0442565,0.0442565,0.0211292
M,-0.0255074,0.0442565,0.0442565,0.0187491
M,0.191541,0.0442565,0.0442565,0.235797
M,0.084742,0.0442565,0.0442565,0.128999
M,-0.0582807,0.0442565,0.0442565,-0.0140242
M,0.13743,0.0442565,0.0442565,0.181687
M,0.0113677,0.0442565,0.0442565,0.0556242
M,0.150601,0.0442565,0.0442565,0.194857
M,0.185296,0.0442565,0.0442565,0.229553
M,-0.198015,0.0442565,0.0442565,-0.153758
M,0.0217316,0.0442565,0.0442565,0.0659881
M,-0.142527,0.0442565,0.0442565,-0.0982702
M,-0.00610877,0.0442565,0.0442565,0.0381477
M,-0.180838,0.0442565,0.0442565,-0.136582
M,0.0200855,0.0442565,0.0442565,0.064342
M,-0.0718474,-0.00773509,-0.00773509,-0.0795825
M,0.00977666,0.00391877,0.00391877,0.0136954
M,-0.0320545,0.0442565,0.0442565,0.012202
M,-0.125013,0.0442565,0.0442565,-0.0807565
M,0.141866,0.0442565,0.0442565,0.186122
M,-0.543546,0.0442565,0.0442565,-0.49929
M,-0.117299,0.0442565,0.0442565,-0.0730424
M,0.17609,0.0442565,0.0442565,0.220346
M,-0.0704089,0.0442565,0.0442565,-0.0261524
M,0.160554,0.00391877,0.00391877,0.164473
M,-0.259568,0.0442565,0.0442565,-0.215311
M,0.061575,0.0442565,0.0442565,0.105831
M,0.148396,0.0442565,0.0442565,0.192653
M,-0.13946,0.0442565,0.0442565,-0.095204
M,-0.394319,0.0442565,0.0442565,-0.350063
M,0.00107897,0.0442565,0.0442565,0.0453355
M,0.0399728,0.0442565,0.0442565,0.0842293
M,-0.121063,0.0442565,0.0442565,-0.0768069
M,-0.279377,0.0442565,0.0442565,-0.235121
M,0.233815,0.0442565,0.0442565,0.278071
M,-0.228265,0.0442565,0.0442565,-0.184008
M,-0.307162,0.0442565,0.0442565,-0.262905
M,-0.232035,0.0442565,0.0442565,-0.187778
M,-0.143224,0.0442565,0.0442565,-0.0989672
M,-0.0217692,0.0442565,0.0442565,0.0224873
M,0.0135042,0.0442565,0.0442565,0.0577607
M,0.229535,0.0442565,0.0442565,0.273791
M,-0.126773,0.0442565,0.0442565,-0.0825165
M,0.22927,0.0442565,0.0442565,0.273527
M,-0.337051,0.0442565,0.0442565,-0.292794
M,-0.179743,0.0442565,0.0442565,-0.135487
M,0.182257,0.0442565,0.0442565,0.226514
M,-0.48411,0.0442565,0.0442565,-0.439853
M,0.053718,0.0442565,0.0442565,0.0979745
M,-0.23571,0.0442565,0.0442565,-0.191453
M,0.0582126,0.0442565,0.0442565,0.102469
M,-0.199537,0.0442565,0.0442565,-0.15528
M,-0.348616,0.0442565,0.0442565,-0.30436
M,0.0901639,0.0442565,0.0442565,0.13442
M,0.0560748,0.0442565,0.0442565,0.100331
M,-0.0011523,0.0442565,0.0442565,0.0431042
M,0.0617504,-0.00773509,-0.00773509,0.0540153
M,-0.457248,0.0442565,0.0442565,-0.412991
M,-0.111743,0.0442565,0.0442565,-0.0674868
M,-0.172378,0.0442565,0.0442565,-0.128122
M,-0.207021,0.0685577,0.0685577,-0.138463
M,0.00401092,0.0442565,0.0442565,0.0482674
M,-0.18772,0.0442565,0.0442565,-0.143463
M,-0.117324,0.0442565,0.0442565,-0.0730679
M,-0.120854,0.0442565,0.0442565,-0.0765978
M,-0.0392167,0.0442565,0.0442565,0.00503981
M,0.267764,0.0442565,0.0442565,0.31202
M,-0.297701,0.0442565,0.0442565,-0.253444
M,-0.0168162,0.0442565,0.0442565,0.0274403
M,-0.44247,0.0442565,0.0442565,-0.398213
M,0.164564,0.0442565,0.0442565,0.208821
M,0.342255,0.0442565,0.0442565,0.386512
M,0.079606,0.0442565,0.0442565,0.123862
M,0.193385,0.0442565,0.0442565,0.237641
M,-0.0114927,0.0442565,0.0442565,0.0327638
M,-0.0465079,0.0442565,0.0442565,-0.00225139
M,-0.507105,0.0442565,0.0442565,-0.462849
M,0.0618694,0.0442565,0.0442565,0.106126
M,0.0303524,0.0442565,0.0442565,0.0746089
M,0.143844,0.0442565,0.0442565,0.1881
M,-0.00103851,0.0442565,0.0442565,0.043218
M,-0.157547,0.0442565,0.0442565,-0.113291
M,0.190934,0.0442565,0.0442565,0.23519
M,-0.173189,0.0442565,0.0442565,-0.128932
M,0.147701,0.0442565,0.0442565,0.191957
M,-0.107222,0.0442565,0.0442565,-0.0629654
M,0.317784,0.0442565,0.0442565,0.36204
M,0.222818,0.0442565,0.0442565,0.267074
M,0.0755442,0.0442565,0.0442565,0.119801
M,0.116669,0.0442565,0.0442565,0.160926
M,-0.0329286,0.0442565,0.0442565,0.0113279
M,-0.298078,0.0442565,0.0442565,-0.253821
M,-0.168402,0.0442565,0.0442565,-0.124146
M,0.0304368,0.0442565,0.0442565,0.0746932
M,0.164339,0.0442565,0.0442565,0.208596
M,-0.250735,0.0442565,0.0442565,-0.206479
M,0.101723,0.0442565,0.0442565,0.145979
M,-0.0937237,0.0442565,0.0442565,-0.0494672
M,0.0222173,0.0685577,0.0685577,0.0907751
M,-0.232889,0.0442565,0.0442565,-0.188632
M,0.146418,0.0442565,0.0442565,0.190675
M,-0.0449608,0.0442565,0.0442565,-0.000704267
M,-0.0508272,0.0442565,0.0442565,-0.00657073
M,0.0739872,0.0442565,0.0442565,0.118244
M,0.101806,0.0442565,0.0442565,0.146062
M,-0.0825302,0.0442565,0.0442565,-0.0382737
M,0.0772211,0.0442565,0.0442565,0.121478
M,0.110076,0.0442565,0.0442565,0.154333
M,-0.0796545,0.0685577,0.0685577,-0.0110968
M,-0.0633162,0.0442565,0.0442565,-0.0190597
M,-0.0984395,0.00391877,0.00391877,-0.0945208
M,-0.390374,0.0442565,0.0442565,-0.346118
M,0.21757,0.0442565,0.0442565,0.261827
M,-0.00494271,0.0442565,0.0442565,0.0393138
M,-0.15595,0.0442565,0.0442565,-0.111694
M,-0.458994,0.0442565,0.0442565,-0.414738
M,-0.0407737,0.0442565,0.0442565,0.00348284
M,0.0374765,0.0442565,0.0442565,0.081733
M,0.0359107,0.0442565,0.0442565,0.0801672
M,-0.252047,0.0442565,0.0442565,-0.207791
M,-0.0672936,0.0442565,0.0442565,-0.0230371
M,0.0968988,0.00391877,0.00391877,0.100818
M,-0.226772,0.0442565,0.0442565,-0.182516
M,0.195674,0.0442565,0.0442565,0.23993
M,0.191067,0.00391877,0.00391877,0.194986
M,0.00909346,0.0442565,0.0442565,0.05335
M,-0.265217,0.0442565,0.0442565,-0.22096
M,-0.187436,0.0442565,0.0442565,-0.14318
M,0.169139,0.0442565,0.0442565,0.213395
M,0.133456,0.0442565,0.0442565,0.177713
M,-0.121123,0.0442565,0.0442565,-0.0768664
M,0.331207,0.0442565,0.0442565,0.375463
M,0.0755484,0.0442565,0.0442565,0.119805
M,0.0763001,0.0442565,0.0442565,0.120557
M,0.041974,0.00391877,0.00391877,0.0458928
M,0.503911,0.0442565,0.0442565,0.548168
M,-0.574354,0.0442565,0.0442565,-0.530097
M,0.0682223,0.0442565,0.0442565,0.112479
M,0.0602767,0.0442565,0.0442565,0.104533
M,0.128725,0.0442565,0.0442565,0.172982
M,-0.047181,0.0442565,0.0442565,-0.00292447
M,0.132014,0.00391877,0.00391877,0.135933
M,-0.0614981,0.00391877,0.00391877,-0.0575793
M,-0.306851,0.0442565,0.0442565,-0.262595
M,-0.211711,0.0442565,0.0442565,-0.167455
M,0.167765,0.0442565,0.0442565,0.212022
M,-0.206321,-0.00773509,-0.00773509,-0.214056
M,-0.244348,0.0442565,0.0442565,-0.200091
M,-0.0692642,0.0442565,0.0442565,-0.0250077
M,0.0670291,0.0442565,0.0442565,0.111286
M,0.388104,0.0442565,0.0442565,0.43236
M,-0.193891,0.0442565,0.0442565,-0.149635
M,-0.134955,0.0442565,0.0442565,-0.0906983
M,-0.206776,0.0442565,0.0442565,-0.162519
M,-0.0852476,0.0442565,0.0442565,-0.0409911
M,-0.205564,0.0442565,0.0442565,-0.161307
M,-0.226923,0.0442565,0.0442565,-0.182666
M,-0.00477465,0.0442565,0.0442565,0.0394818
M,-0.327392,0.00391877,0.00391877,-0.323474
M,0.214189,0.0442565,0.0442565,0.258446
M,0.0526697,0.0442565,0.0442565,0.0969262
M,0.453916,0.0442565,0.0442565,0.498172
M,0.203259,0.0442565,0.0442565,0.247515
M,-0.0560316,0.0442565,0.0442565,-0.0117751
M,0.146379,0.0442565,0.0442565,0.190635
M,-0.0165903,0.0442565,0.0442565,0.0276662
M,-0.121161,0.0442565,0.0442565,-0.0769046
M,0.00553058,0.0442565,0.0442565,0.0497871
M,0.0193473,0.0442565,0.0442565,0.0636038
M,-0.182236,0.0442565,0.0442565,-0.137979
M,-0.146314,0.0442565,0.0442565,-0.102058
M,-0.0512426,0.0442565,0.0442565,-0.00698611
M,0.0762932,0.0442565,0.0442565,0.12055
M,0.0343015,0.0442565,0.0442565,0.078558
M,-0.279673,0.0442565,0.0442565,-0.235416
M,0.105869,0.0442565,0.0442565,0.150126
M,-0.316668,0.0442565,0.0442565,-0.272412
M,0.119455,0.0442565,0.0442565,0.163712
M,-0.144153,0.0442565,0.0442565,-0.0998964
M,-0.0560889,0.0442565,0.0442565,-0.0118324
M,-0.0306735,0.0442565,0.0442565,0.013583
M,0.150683,0.00391877,0.00391877,0.154602
M,0.00594246,0.0442565,0.0442565,0.050199
M,-0.0238286,0.0685577,0.0685577,0.0447291
M,0.048504,0.0442565,0.0442565,0.0927605
M,-0.0894041,0.0442565,0.0442565,-0.0451476
M,-0.0198375,0.0442565,0.0442565,0.024419
M,0.183308,0.0442565,0.0442565,0.227564
M,-0.121048,0.0442565,0.0442565,-0.0767919
M,0.0915069,0.0442565,0.0442565,0.135763
M,-0.153522,0.0442565,0.0442565,-0.109265
M,0.234226,0.0442565,0.0442565,0.278483
M,-0.118826,0.0442565,0.0442565,-0.0745691
M,-0.129308,0.0442565,0.0442565,-0.0850512
M,0.00988878,0.0442565,0.0442565,0.0541453
M,0.0507162,0.0442565,0.0442565,0.0949727
M,-0.243245,0.0442565,0.0442565,-0.198988
M,-0.211279,0.00391877,0.00391877,-0.20736
M,-0.249682,0.0442565,0.0442565,-0.205425
M,0.536761,0.0442565,0.0442565,0.581018
M,-0.0280685,0.0442565,0.0442565,0.016188
M,-0.256054,0.0442565,0.0442565,-0.211797
M,-0.116335,0.0442565,0.0442565,-0.0720788
M,-0.252779,0.00391877,0.00391877,-0.24886
M,-0.0930034,0.0442565,0.0442565,-0.0487469
M,0.21642,0.0442565,0.0442565,0.260676
M,0.0301258,-0.00773509,-0.00773509,0.0223907
M,-0.267449,0.0442565,0.0442565,-0.223192
M,-0.0515275,0.0442565,0.0442565,-0.00727096
M,-0.224763,0.0442565,0.0442565,-0.180507
M,0.106222,0.0442565,0.0442565,0.150478
M,-0.123092,0.0442565,0.0442565,-0.0788359
M,-0.27421,0.00391877,0.00391877,-0.270291
M,-0.0250744,0.0442565,0.0442565,0.0191821
M,-0.109996,0.0442565,0.0442565,-0.0657397
M,-0.0339532,0.0442565,0.0442565,0.0103033
M,0.0443918,0.0442565,0.0442565,0.0886483
M,0.0799523,0.0442565,0.0442565,0.124209
M,0.18234,0.0442565,0.0442565,0.226596
M,-0.487435,0.0442565,0.0442565,-0.443179
M,-0.106107,0.0442565,0.0442565,-0.0618507
M,0.192331,0.0442565,0.0442565,0.236587
M,-0.130266,0.0442565,0.0442565,-0.0860094
M,-0.158387,0.0442565,0.0442565,-0.11413
M,-0.0122073,0.0442565,0.0442565,0.0320492
M,0.189756,0.0442565,0.0442565,0.234012
M,-0.128505,0.0442565,0.0442565,-0.0842483
M,-0.0493395,0.0442565,0.0442565,-0.00508305
M,0.00788764,0.0442565,0.0442565,0.0521441
M,-0.135577,0.0442565,0.0442565,-0.0913208
M,0.0215647,0.0442565,0.0442565,0.0658212
M,-0.271232,0.0442565,0.0442565,-0.226975
M,0.237593,0.0442565,0.0442565,0.281849
M,-0.0379768,-0.00773509,-0.00773509,-0.0457119
M,0.138454,0.0442565,0.0442565,0.18271
M,-0.507982,0.0442565,0.0442565,-0.463725
M,-0.501259,0.0442565,0.0442565,-0.457003
M,0.321029,0.0442565,0.0442565,0.365285
M,-0.091543,0.0442565,0.0442565,-0.0472865
M,-0.142698,0.0442565,0.0442565,-0.0984416
M,0.12817,0.0442565,0.0442565,0.172426
M,-0.257833,0.0442565,0.0442565,-0.213577
M,0.0792484,0.0442565,0.0442565,0.123505
M,-0.00873537,0.0442565,0.0442565,0.0355211
M,-0.11678,0.00391877,0.00391877,-0.112862
M,-0.0244669,0.0442565,0.0442565,0.0197896
M,0.203675,0.0442565,0.0442565,0.247931
M,-0.052788,0.0442565,0.0442565,-0.00853152
M,-0.177294,0.0685577,0.0685577,-0.108737
M,0.252844,0.0442565,0.0442565,0.297101
M,-0.137556,0.0442565,0.0442565,-0.0932995
M,-0.244159,-0.00773509,-0.00773509,-0.251894
M,0.346512,0.0442565,0.0442565,0.390769
M,-0.0127142,0.0442565,0.0442565,0.0315423
M,-0.0315962,0.0442565,0.0442565,0.0126603
M,-0.0139777,0.0442565,0.0442565,0.0302788
M,0.0706856,0.0442565,0.0442565,0.114942
M,0.284229,0.0442565,0.0442565,0.328485
M,0.12684,-0.00773509,-0.00773509,0.119105
M,0.185352,0.0442565,0.0442565,0.229608
M,0.137965,0.0442565,0.0442565,0.182221
M,0.0538784,0.0442565,0.0442565,0.0981349
M,-0.00740036,0.0442565,0.0442565,0.0368561
M,-0.0917464,0.0442565,0.0442565,-0.0474899
M,0.0267226,0.0442565,0.0442565,0.0709791
M,0.0231158,0.0442565,0.0442565,0.0673723
M,-0.228109,0.0442565,0.0442565,-0.183853
M,0.215731,0.0442565,0.0442565,0.259988
M,-0.0165617,0.0442565,0.0442565,0.0276948
M,-0.191544,0.0442565,0.0442565,-0.147288
M,-0.362628,0.0442565,0.0442565,-0.318372
M,-0.111701,0.0442565,0.0442565,-0.0674441
M,-0.474209,0.0442565,0.0442565,-0.429952
M,0.176124,0.0442565,0.0442565,0.22038
M,-0.00319238,0.0442565,0.0442565,0.0410641
M,-0.0640421,0.0685577,0.0685577,0.00451568
M,-0.0724925,0.0442565,0.0442565,-0.028236
M,-0.118758,0.0442565,0.0442565,-0.0745011
M,0.0579348,0.0442565,0.0442565,0.102191
M,0.137861,0.0442565,0.0442565,0.182117
M,0.0944588,0.0442565,0.0442565,0.138715
M,-0.18985,0.0442565,0.0442565,-0.145593
M,0.0129462,0.0442565,0.0442565,0.0572027
M,0.0512041,0.0442565,0.0442565,0.0954606
M,-0.247049,0.0442565,0.0442565,-0.202792
M,-0.326959,0.0442565,0.0442565,-0.282703
M,0.261266,0.0442565,0.0442565,0.305522
M,-0.00294848,0.0442565,0.0442565,0.041308
M,0.119398,0.0442565,0.0442565,0.163655
M,-0.280964,0.0442565,0.0442565,-0.236708
M,0.116247,0.0442565,0.0442565,0.160504
M,0.243664,0.0442565,0.0442565,0.28792
M,0.27836,0.0442565,0.0442565,0.322617
M,0.168161,0.0442565,0.0442565,0.212417
M,-0.394566,0.00391877,0.00391877,-0.390648
M,0.0626602,0.00391877,0.00391877,0.066579
M,-0.329911,0.0442565,0.0442565,-0.285655
M,-0.0845685,0.0442565,0.0442565,-0.040312
M,-0.0261583,0.0442565,0.0442565,0.0180982
M,-0.161308,0.0442565,0.0442565,-0.117051
M,-0.0250208,0.0442565,0.0442565,0.0192357
M,0.190983,0.0442565,0.0442565,0.235239
M,0.141419,0.0442565,0.0442565,0.185675
M,-0.38244,0.0442565,0.0442565,-0.338183
M,0.0602114,0.0442565,0.0442565,0.104468
M,-0.208425,0.0442565,0.0442565,-0.164169
M,0.279029,0.0442565,0.0442565,0.323285
M,-0.274762,0.0442565,0.0442565,-0.230506
M,-0.078206,0.0442565,0.0442565,-0.0339495
M,-0.17017,0.0442565,0.0442565,-0.125914
M,-0.0963107,0.0442565,0.0442565,-0.0520542
M,0.53216,0.0442565,0.0442565,0.576416
M,0.16866,0.0442565,0.0442565,0.212916
M,-0.214557,0.0442565,0.0442565,-0.170301
M,0.00220083,0.0442565,0.0442565,0.0464573
M,-0.100609,0.0442565,0.0442565,-0.0563522
M,-0.548073,0.0442565,0.0442565,-0.503816
M,-0.286384,0.0442565,0.0442565,-0.242128
M,0.129328,0.0442565,0.0442565,0.173585
M,0.242181,0.0442565,0.0442565,0.286437
M,0.158345,0.0442565,0.0442565,0.202601
M,0.497324,0.0442565,0.0442565,0.541581
M,0.0416983,0.0442565,0.0442565,0.0859548
M,-0.141832,0.0442565,0.0442565,-0.0975756
M,-0.261696,0.0442565,0.0442565,-0.217439
M,0.0103643,0.0442565,0.0442565,0.0546208
M,0.198224,0.0442565,0.0442565,0.24248
M,0.014722,0.0442565,0.0442565,0.0589785
M,0.0981204,0.0442565,0.0442565,0.142377
M,-0.059228,0.0442565,0.0442565,-0.0149715
M,0.0165379,0.0442565,0.0442565,0.0607944
M,0.159896,0.0442565,0.0442565,0.204153
M,0.0276501,0.0442565,0.0442565,0.0719066
M,-0.112684,0.0442565,0.0442565,-0.0684271
M,0.259178,0.0442565,0.0442565,0.303435
M,-0.0123635,0.0442565,0.0442565,0.031893
M,0.232099,0.0442565,0.0442565,0.276355
M,0.213699,0.0442565,0.0442565,0.257956
M,0.183731,0.0442565,0.0442565,0.227987
M,-0.104769,0.0442565,0.0442565,-0.0605126
M,-0.2987,0.0442565,0.0442565,-0.254443
M,0.194153,0.00391877,0.00391877,0.198072
M,-0.419135,0.0442565,0.0442565,-0.374878
M,-0.239249,0.0442565,0.0442565,-0.194992
M,0.0654146,0.0442565,0.0442565,0.109671
M,-0.278757,0.0442565,0.0442565,-0.234501
M,0.1113,0.0442565,0.0442565,0.155556
M,-0.349792,0.0442565,0.0442565,-0.305536
M,-0.428524,0.0442565,0.0442565,-0.384268
M,0.0279707,0.0442565,0.0442565,0.0722272
M,0.255556,0.0442565,0.0442565,0.299812
M,-0.0187424,0.0442565,0.0442565,0.0255141
M,-0.215711,0.00391877,0.00391877,-0.211792
M,-0.056609,0.0442565,0.0442565,-0.0123525
M,0.251673,0.0442565,0.0442565,0.295929
M,0.00895779,0.0442565,0.0442565,0.0532143
M,0.0655006,0.0442565,0.0442565,0.109757
M,-0.0844381,0.0442565,0.0442565,-0.0401816
M,0.0558626,0.0442565,0.0442565,0.100119
M,0.170651,0.0442565,0.0442565,0.214907
M,-0.246718,0.0442565,0.0442565,-0.202461
M,-0.0668798,0.0442565,0.0442565,-0.0226233
M,0.221344,0.0442565,0.0442565,0.2656
M,0.0675147,0.0442565,0.0442565,0.111771
M,-0.161191,0.0442565,0.0442565,-0.116935
M,-0.0748063,0.00391877,0.00391877,-0.0708876
M,-0.038621,0.0442565,0.0442565,0.00563547
M,-0.226517,0.0442565,0.0442565,-0.18226
M,0.232059,0.0442565,0.0442565,0.276316
M,0.325472,0.0442565,0.0442565,0.369729
M,0.247556,0.0442565,0.0442565,0.291812
M,-0.114884,0.0442565,0.0442565,-0.0706273
M,0.262842,0.0442565,0.0442565,0.307099
M,0.324622,0.0442565,0.0442565,0.368879
M,-0.0377843,0.00391877,0.00391877,-0.0338656
M,0.179613,0.0442565,0.0442565,0.22387
M,-0.237028,0.0442565,0.0442565,-0.192772
M,0.0529047,0.0442565,0.0442565,0.0971612
M,-0.258564,0.0442565,0.0442565,-0.214307
M,0.393332,0.0442565,0.0442565,0.437589
M,-0.110487,0.0442565,0.0442565,-0.0662306
M,0.16923,0.0442565,0.0442565,0.213487
M,-0.0214045,0.0442565,0.0442565,0.022852
M,-0.228041,0.0442565,0.0442565,-0.183785
M,0.0780691,0.0442565,0.0442565,0.122326
M,-0.000515933,0.0442565,0.0442565,0.0437406
M,-0.0895017,0.0442565,0.0442565,-0.0452452
M,0.253111,0.0442565,0.0442565,0.297368
M,-0.258098,0.0442565,0.0442565,-0.213842
M,-0.0266263,-0.00773509,-0.00773509,-0.0343614
M,0.163352,0.0442565,0.0442565,0.207608
M,-0.134647,0.0442565,0.0442565,-0.0903906
M,-0.211293,0.0442565,0.0442565,-0.167037
M,0.112375,0.0442565,0.0442565,0.156632
M,0.309735,0.0442565,0.0442565,0.353992
M,-0.241057,0.00391877,0.00391877,-0.237138
M,-0.288958,0.0442565,0.0442565,-0.244701
M,-0.11393,0.0442565,0.0442565,-0.0696736
M,0.0595969,0.0442565,0.0442565,0.103853
M,-0.0688025,0.0442565,0.0442565,-0.024546
M,0.21085,0.0442565,0.0442565,0.255107
M,-0.116441,0.0442565,0.0442565,-0.0721847
M,0.493208,0.0442565,0.0442565,0.537465
M,0.067584,0.0442565,0.0442565,0.11184
M,0.181739,0.0442565,0.0442565,0.225995
M,-0.21189,0.0442565,0.0442565,-0.167634
M,0.602554,0.0442565,0.0442565,0.64681
M,0.0762252,0.0400041,0.0400041,0.116229
M,0.0975955,0.0685577,0.0685577,0.166153
M,0.00369739,0.0442565,0.0442565,0.0479539
M,-0.102809,0.0442565,0.0442565,-0.0585523
M,-0.281673,0.0442565,0.0442565,-0.237417
M,0.0316801,0.0442565,0.0442565,0.0759366
M,0.0890049,0.0442565,0.0442565,0.133261
M,0.355984,0.0442565,0.0442565,0.40024
M,-0.170653,0.0442565,0.0442565,-0.126397
M,-0.177742,0.0442565,0.0442565,-0.133485
M,0.041761,0.0442565,0.0442565,0.0860175
M,-0.241178,0.0442565,0.0442565,-0.196921
M,-0.314411,0.0442565,0.0442565,-0.270154
M,0.0459823,0.0442565,0.0442565,0.0902388
M,-0.236186,0.0442565,0.0442565,-0.191929
M,-0.0524197,0.0442565,0.0442565,-0.00816318
M,-0.102121,0.0442565,0.0442565,-0.0578645
M,-0.0483704,0.0442565,0.0442565,-0.00411386
M,0.065698,0.0442565,0.0442565,0.109955
M,0.022872,0.00391877,0.00391877,0.0267908
M,0.168165,0.0442565,0.0442565,0.212422
M,0.0903729,0.0442565,0.0442565,0.134629
M,-0.268181,0.0442565,0.0442565,-0.223925
M,0.00967934,0.0442565,0.0442565,0.0539358
M,-0.328285,0.0442565,0.0442565,-0.284028
M,0.0523452,0.0442565,0.0442565,0.0966017
M,0.187263,0.0442565,0.0442565,0.23152
M,0.102642,0.0685577,0.0685577,0.171199
M,-0.0970658,0.0442565,0.0442565,-0.0528093
M,-0.142953,0.0442565,0.0442565,-0.0986967
M,-0.297327,0.00391877,0.00391877,-0.293409
M,-0.116801,0.0442565,0.0442565,-0.0725443
M,0.140976,0.0442565,0.0442565,0.185232
M,-0.260562,0.0442565,0.0442565,-0.216306
M,-0.13418,0.0442565,0.0442565,-0.0899232
M,-0.00250871,0.0442565,0.0442565,0.0417478
M,-0.180009,0.0442565,0.0442565,-0.135752
M,-0.321526,0.0442565,0.0442565,-0.277269
M,0.254928,0.0442565,0.0442565,0.299184
M,0.239282,0.0442565,0.0442565,0.283538
M,-0.0183987,0.0442565,0.0442565,0.0258578
M,-0.284425,0.0442565,0.0442565,-0.240169
M,0.0536122,0.0442565,0.0442565,0.0978687
M,0.0266044,0.0442565,0.0442565,0.0708609
M,0.156498,0.0442565,0.0442565,0.200755
M,-0.0416886,0.0442565,0.0442565,0.0025679
M,0.0169997,0.0442565,0.0442565,0.0612562
M,-0.331795,-0.00773509,-0.00773509,-0.33953
M,-0.204646,0.0442565,0.0442565,-0.16039
M,0.650975,0.0442565,0.0442565,0.695232
M,-0.179239,0.0442565,0.0442565,-0.134982
M,-0.191335,0.0442565,0.0442565,-0.147079
M,0.0178746,-0.00773509,-0.00773509,0.0101395
M,-0.241982,0.0442565,0.0442565,-0.197725
M,0.0876769,0.0442565,0.0442565,0.131933
M,-0.0351693,0.0442565,0.0442565,0.0090872
M,0.0115695,0.0442565,0.0442565,0.055826
M,0.148892,0.0442565,0.0442565,0.193148
M,-0.192899,0.0442565,0.0442565,-0.148642
M,-0.149178,-0.00773509,-0.00773509,-0.156913
M,-0.325156,0.0442565,0.0442565,-0.2809
M,0.0618866,0.0442565,0.0442565,0.106143
M,0.201,0.0442565,0.0442565,0.245257
M,-0.135625,0.0442565,0.0442565,-0.0913684
M,0.241589,0.0442565,0.0442565,0.285846
M,-0.05958,0.0442565,0.0442565,-0.0153235
M,0.190802,0.0442565,0.0442565,0.235058
M,0.00676011,0.0442565,0.0442565,0.0510166
M,-0.259608,0.0442565,0.0442565,-0.215352
M,0.310611,0.0442565,0.0442565,0.354868
M,0.0067292,0.0442565,0.0442565,0.0509857
M,0.105158,0.0442565,0.0442565,0.149414
M,0.093974,0.0442565,0.0442565,0.13823
M,-0.225237,0.0442565,0.0442565,-0.18098
M,-0.0462474,0.00391877,0.00391877,-0.0423287
M,-0.149033,0.0442565,0.0442565,-0.104777
M,0.218879,0.0442565,0.0442565,0.263135
M,-0.0321947,0.0442565,0.0442565,0.0120618
M,0.103694,-0.00773509,-0.00773509,0.0959591
M,-0.0728761,0.0442565,0.0442565,-0.0286196
M,-0.073449,0.0442565,0.0442565,-0.0291925
M,-0.0868162,0.0442565,0.0442565,-0.0425597
M,-0.243786,0.0442565,0.0442565,-0.19953
M,-0.0745611,-0.00773509,-0.00773509,-0.0822962
M,0.190898,0.0442565,0.0442565,0.235155
M,-0.143407,0.0442565,0.0442565,-0.0991502
M,-0.027421,0.0442565,0.0442565,0.0168355
M,-0.370147,0.0442565,0.0442565,-0.32589
M,-0.109351,0.0442565,0.0442565,-0.0650941
M,-0.221134,0.0442565,0.0442565,-0.176877
M,-0.270214,0.0442565,0.0442565,-0.225958
M,0.187866,0.0442565,0.0442565,0.232122
M,0.156511,0.0442565,0.0442565,0.200767
M,0.132248,0.0442565,0.0442565,0.176505
M,-0.204017,0.0442565,0.0442565,-0.159761
M,0.155151,0.0442565,0.0442565,0.199407
M,0.0870987,0.0442565,0.0442565,0.131355
M,0.170099,0.0442565,0.0442565,0.214356
M,0.395638,0.0442565,0.0442565,0.439895
M,-0.0799543,0.0442565,0.0442565,-0.0356978
M,-0.0925158,0.0442565,0.0442565,-0.0482593
M,-0.212067,0.0442565,0.0442565,-0.16781
M,-0.0737835,0.0442565,0.0442565,-0.029527
M,0.128274,0.0442565,0.0442565,0.17253
M,0.278404,0.00391877,0.00391877,0.282323
M,-0.0914269,0.0442565,0.0442565,-0.0471704
M,-0.176081,0.0442565,0.0442565,-0.131824
M,0.0121564,0.0442565,0.0442565,0.0564129
M,-0.153284,0.0442565,0.0442565,-0.109027
M,-0.204627,0.0442565,0.0442565,-0.160371
M,-0.0766575,0.0442565,0.0442565,-0.032401
M,-0.0277481,0.0442565,0.0442565,0.0165084
M,-0.0534866,0.0442565,0.0442565,-0.00923008
M,0.357616,0.0442565,0.0442565,0.401873
M,-0.0664232,0.0442565,0.0442565,-0.0221667
M,-0.33236,0.0442565,0.0442565,-0.288104
M,-0.0655064,0.00391877,0.00391877,-0.0615876
M,0.0813666,0.00391877,0.00391877,0.0852853
M,-0.234254,0.00391877,0.00391877,-0.230335
M,0.247971,0.00391877,0.00391877,0.25189
M,0.148886,0.0442565,0.0442565,0.193142
M,-0.0457601,0.0442565,0.0442565,-0.00150365
M,-0.241366,0.0442565,0.0442565,-0.197109
M,0.0939657,0.0442565,0.0442565,0.138222
M,-0.000146514,0.0442565,0.0442565,0.04411
M,-0.0284915,0.0442565,0.0442565,0.015765
M,-0.233729,0.0442565,0.0442565,-0.189473
M,-0.417886,0.0442565,0.0442565,-0.373629
M,0.187594,0.0442565,0.0442565,0.231851
M,-0.169475,0.0442565,0.0442565,-0.125218
M,-0.119146,0.0442565,0.0442565,-0.07489
M,-0.127831,0.0442565,0.0442565,-0.0835746
M,-0.0483003,0.0442565,0.0442565,-0.00404381
M,-0.296175,0.0442565,0.0442565,-0.251919
M,-0.14077,0.0442565,0.0442565,-0.0965137
M,-0.605355,0.0442565,0.0442565,-0.561098
M,0.138162,0.0442565,0.0442565,0.182418
M,0.13179,0.0442565,0.0442565,0.176046
M,-0.111734,0.0442565,0.0442565,-0.0674778
M,-0.208866,0.0442565,0.0442565,-0.16461
M,0.0337958,0.0442565,0.0442565,0.0780523
M,-0.239796,0.0442565,0.0442565,-0.19554
M,0.00527007,0.0442565,0.0442565,0.0495266
M,-0.0742354,0.00391877,0.00391877,-0.0703166
M,0.108672,0.0442565,0.0442565,0.152929
M,0.246254,0.0442565,0.0442565,0.29051
M,-0.198501,0.0442565,0.0442565,-0.154244
M,-0.0815665,0.0442565,0.0442565,-0.03731
M,-0.275517,0.0442565,0.0442565,-0.23126
M,-0.228595,0.0442565,0.0442565,-0.184339
M,0.0426145,0.0442565,0.0442565,0.086871
M,-0.495163,0.0442565,0.0442565,-0.450907
M,-0.288949,0.0442565,0.0442565,-0.244693
M,-0.118405,0.0442565,0.0442565,-0.0741488
M,-0.267417,0.0442565,0.0442565,-0.22316
M,0.289693,0.0442565,0.0442565,0.333949
M,-0.173039,0.0442565,0.0442565,-0.128782
M,0.0474939,0.0685577,0.0685577,0.116052
M,-0.0183616,0.0442565,0.0442565,0.0258949
M,-0.00381714,0.0442565,0.0442565,0.0404394
M,0.0245692,0.0442565,0.0442565,0.0688257
M,0.0689504,0.0442565,0.0442565,0.113207
M,-0.0666279,0.0442565,0.0442565,-0.0223714
M,0.0265077,0.0442565,0.0442565,0.0707642
M,0.198529,0.0442565,0.0442565,0.242786
M,0.100363,0.0442565,0.0442565,0.14462
M,-0.283242,0.0685577,0.0685577,-0.214684
M,0.0977481,0.0442565,0.0442565,0.142005
M,0.0364824,0.0442565,0.0442565,0.0807389
M,-0.157664,0.0442565,0.0442565,-0.113408
M,-0.20951,0.0442565,0.0442565,-0.165254
M,-0.0824534,0.0685577,0.0685577,-0.0138957
M,-0.275072,0.0442565,0.0442565,-0.230815
M,-0.209189,0.0442565,0.0442565,-0.164933
M,-0.335245,0.0442565,0.0442565,-0.290988
M,-0.565404,0.0442565,0.0442565,-0.521147
M,-0.196787,0.0442565,0.0442565,-0.15253
M,0.229575,0.00391877,0.00391877,0.233494
M,0.223735,0.0442565,0.0442565,0.267991
M,-0.247307,0.0442565,0.0442565,-0.203051
M,0.19379,0.0442565,0.0442565,0.238047
M,0.115232,0.0442565,0.0442565,0.159488
M,-0.401068,0.0442565,0.0442565,-0.356811
M,-0.217552,0.00391877,0.00391877,-0.213633
M,-0.150824,0.0442565,0.0442565,-0.106567
M,0.198774,0.0442565,0.0442565,0.24303
M,0.142613,0.0442565,0.0442565,0.18687
M,-0.0880026,0.0442565,0.0442565,-0.0437461
M,0.152461,0.0442565,0.0442565,0.196717
M,0.305602,0.0442565,0.0442565,0.349858
M,0.252587,0.0442565,0.0442565,0.296844
M,0.000624842,0.00391877,0.00391877,0.00454362
M,0.0186011,0.0442565,0.0442565,0.0628576
M,-0.076802,0.0442565,0.0442565,-0.0325455
M,-0.233458,0.00391877,0.00391877,-0.229539
M,0.0860299,0.0442565,0.0442565,0.130286
M,0.447879,0.0442565,0.0442565,0.492135
M,0.16957,0.0442565,0.0442565,0.213826
M,-0.0471794,0.0442565,0.0442565,-0.00292292
M,-0.0888923,0.0442565,0.0442565,-0.0446358
M,-0.209218,0.0442565,0.0442565,-0.164962
M,-0.0165839,0.0442565,0.0442565,0.0276726
M,-0.425051,0.0442565,0.0442565,-0.380794
M,0.157381,0.0442565,0.0442565,0.201638
M,-0.244622,0.0442565,0.0442565,-0.200366
M,0.289573,0.0442565,0.0442565,0.33383
M,0.0524456,0.0442565,0.0442565,0.0967021
M,0.22073,0.0442565,0.0442565,0.264987
M,-0.0488871,0.0442565,0.0442565,-0.00463057
M,0.190042,0.0442565,0.0442565,0.234299
M,-0.247201,0.0442565,0.0442565,-0.202944
M,0.145869,0.0442565,0.0442565,0.190125
M,-0.0919928,0.0442565,0.0442565,-0.0477363
M,-0.0463612,0.0442565,0.0442565,-0.00210466
M,-0.0729596,0.0442565,0.0442565,-0.0287031
M,-0.124844,0.0442565,0.0442565,-0.0805878
M,-0.0700756,0.0442565,0.0442565,-0.0258191
M,-0.381776,0.0442565,0.0442565,-0.337519
M,-0.10637,0.0442565,0.0442565,-0.0621135
M,0.480799,0.0442565,0.0442565,0.525055
M,0.0844193,0.0442565,0.0442565,0.128676
M,-0.0436203,0.0442565,0.0442565,0.000636191
M,-0.191296,0.0442565,0.0442565,-0.147039
M,0.515895,0.0442565,0.0442565,0.560151
M,-0.254118,0.0442565,0.0442565,-0.209862
M,0.671478,0.0685577,0.0685577,0.740036
M,-0.111066,0.0442565,0.0442565,-0.0668092
M,-0.120743,0.0442565,0.0442565,-0.0764869
M,-0.00182941,0.0442565,0.0442565,0.0424271
M,-0.235959,0.0442565,0.0442565,-0.191702
M,0.095309,0.0442565,0.0442565,0.139565
M,0.0532428,0.0442565,0.0442565,0.0974993
M,-0.393819,0.0442565,0.0442565,-0.349563
M,0.0743373,0.0442565,0.0442565,0.118594
M,-0.0648172,0.0442565,0.0442565,-0.0205607
M,-0.0782017,0.0442565,0.0442565,-0.0339452
M,-0.366425,0.0442565,0.0442565,-0.322168
M,-0.0971649,0.0442565,0.0442565,-0.0529084
M,0.287341,0.0442565,0.0442565,0.331597
M,0.125582,0.0442565,0.0442565,0.169838
M,0.142828,0.0442565,0.0442565,0.187085
M,-0.0656231,0.0442565,0.0442565,-0.0213666
M,-0.0867726,0.0442565,0.0442565,-0.0425161
M,-0.416894,0.0442565,0.0442565,-0.372637
M,-0.337332,0.0442565,0.0442565,-0.293075
M,0.13572,0.0442565,0.0442565,0.179976
M,0.0317414,0.0442565,0.0442565,0.0759979
M,-0.228332,0.0442565,0.0442565,-0.184076
M,0.139328,0.0442565,0.0442565,0.183584
M,-0.209184,0.0442565,0.0442565,-0.164927
M,-0.113508,0.0442565,0.0442565,-0.0692516
M,-0.155846,0.0442565,0.0442565,-0.111589
M,0.00145963,0.0442565,0.0442565,0.0457161
M,0.333887,0.0442565,0.0442565,0.378143
M,0.185984,0.0442565,0.0442565,0.230241
M,0.279366,0.0442565,0.0442565,0.323623
M,0.0227996,0.0442565,0.0442565,0.0670561
M,-0.135323,0.0442565,0.0442565,-0.0910665
M,-0.134654,0.0442565,0.0442565,-0.0903976
M,-0.0390223,0.00391877,0.00391877,-0.0351036
M,0.14207,-0.00773509,-0.00773509,0.134335
M,-0.113375,0.0442565,0.0442565,-0.0691184
M,-0.0646984,0.0442565,0.0442565,-0.0204419
M,-0.218996,0.0442565,0.0442565,-0.174739
M,-0.217849,0.0442565,0.0442565,-0.173593
M,-0.697134,0.0442565,0.0442565,-0.652877
M,-0.294862,0.0442565,0.0442565,-0.250605
M,-0.0201241,0.0442565,0.0442565,0.0241324
M,-0.337054,0.0442565,0.0442565,-0.292798
M,-0.115925,0.0442565,0.0442565,-0.0716682
M,-0.357359,0.0442565,0.0442565,-0.313103
M,-0.066639,0.0442565,0.0442565,-0.0223826
M,-0.237992,0.0442565,0.0442565,-0.193735
M,-0.166718,0.0442565,0.0442565,-0.122461
M,-0.184041,0.0442565,0.0442565,-0.139784
M,0.0103898,0.0442565,0.0442565,0.0546463
M,0.0772764,0.0442565,0.0442565,0.121533
M,-0.0177835,0.0442565,0.0442565,0.026473
M,0.159665,0.0442565,0.0442565,0.203921
M,-0.216733,0.0685577,0.0685577,-0.148175
M,0.0433657,0.0442565,0.0442565,0.0876222
M,-0.171302,0.0442565,0.0442565,-0.127045
M,-0.280693,0.0442565,0.0442565,-0.236437
M,0.0289715,0.0442565,0.0442565,0.073228
M,-0.120135,0.0685577,0.0685577,-0.051577
M,0.417545,0.0442565,0.0442565,0.461801
M,-0.136395,0.0442565,0.0442565,-0.0921381
M,0.251916,0.0442565,0.0442565,0.296172
M,-0.0222862,0.0442565,0.0442565,0.0219703
M,-0.078072,0.0442565,0.0442565,-0.0338155
M,-0.241603,0.0442565,0.0442565,-0.197347
M,0.185044,0.0442565,0.0442565,0.229301
M,0.113723,0.0442565,0.0442565,0.157979
M,-0.0686774,0.0442565,0.0442565,-0.0244209
M,-0.484362,0.0442565,0.0442565,-0.440106
M,0.211346,0.00391877,0.00391877,0.215264
M,0.129856,0.00391877,0.00391877,0.133775
M,-0.0654353,-0.00773509,-0.00773509,-0.0731704
M,-0.130472,0.0442565,0.0442565,-0.0862154
M,0.394151,0.0442565,0.0442565,0.438408
M,-0.438316,0.0442565,0.0442565,-0.39406
M,-0.341214,0.00391877,0.00391877,-0.337295
M,-0.569264,0.0442565,0.0442565,-0.525008
M,-0.241507,0.0442565,0.0442565,-0.19725
M,-0.0307501,0.0442565,0.0442565,0.0135064
M,0.0778212,0.0442565,0.0442565,0.122078
M,0.0357269,0.0442565,0.0442565,0.0799834
M,-0.191423,0.0442565,0.0442565,-0.147167
M,-0.366891,0.0442565,0.0442565,-0.322635
M,0.0136656,0.00391877,0.00391877,0.0175843
M,-0.111664,0.0442565,0.0442565,-0.0674076
M,0.11841,0.0442565,0.0442565,0.162667
M,-0.254972,0.0442565,0.0442565,-0.210716
M,0.0470196,0.0442565,0.0442565,0.0912761
M,-0.0455274,0.0442565,0.0442565,-0.00127091
M,-0.170679,0.0442565,0.0442565,-0.126422
M,-0.440923,0.0442565,0.0442565,-0.396666
M,0.0304464,0.0442565,0.0442565,0.0747029
M,0.190743,0.0685577,0.0685577,0.2593
M,-0.117986,0.0442565,0.0442565,-0.0737293
M,0.074922,0.0442565,0.0442565,0.119178
M,-0.0443439,0.0442565,0.0442565,-8.74241e-05
M,0.470287,0.0442565,0.0442565,0.514543
M,0.126531,0.0442565,0.0442565,0.170787
M,-0.249539,0.0442565,0.0442565,-0.205282
M,-0.0238416,0.0442565,0.0442565,0.0204149
M,-0.133252,0.0442565,0.0442565,-0.0889952
M,0.00469554,0.0442565,0.0442565,0.048952
M,0.0430899,-0.00773509,-0.00773509,0.0353548
M,-0.0461,0.00391877,0.00391877,-0.0421812
M,-0.0362587,0.0685577,0.0685577,0.0322991
M,0.128567,0.0442565,0.0442565,0.172824
M,-0.20307,0.0442565,0.0442565,-0.158814
M,-0.0299964,0.0442565,0.0442565,0.0142601
M,-0.189699,0.0442565,0.0442565,-0.145443
M,0.31825,0.0442565,0.0442565,0.362506
M,-0.159199,0.0442565,0.0442565,-0.114943
M,0.325218,0.0442565,0.0442565,0.369474
M,-0.0881505,0.0442565,0.0442565,-0.043894
M,0.0997198,-0.00773509,-0.00773509,0.0919847
M,-0.181841,0.00391877,0.00391877,-0.177923
M,0.146399,0.0442565,0.0442565,0.190656
M,-0.0297978,0.0442565,0.0442565,0.0144587
M,-0.164055,0.0442565,0.0442565,-0.119798
M,-0.0789429,0.0442565,0.0442565,-0.0346864
M,-0.0130381,0.0442565,0.0442565,0.0312184
M,0.391031,0.0442565,0.0442565,0.435288
M,-0.398729,0.0442565,0.0442565,-0.354473
M,0.343984,0.0442565,0.0442565,0.38824
M,-0.012277,-0.00773509,-0.00773509,-0.0200121
M,-0.0498588,0.0442565,0.0442565,-0.00560226
M,-0.109815,0.0442565,0.0442565,-0.0655585
M,0.103711,0.0442565,0.0442565,0.147967
M,-0.0579433,-0.00773509,-0.00773509,-0.0656783
M,0.18831,0.0442565,0.0442565,0.232566
M,-0.293873,0.0442565,0.0442565,-0.249617
M,-0.0643988,0.0442565,0.0442565,-0.0201423
M,0.0288494,-0.00773509,-0.00773509,0.0211143
M,-0.0983661,0.0442565,0.0442565,-0.0541096
M,0.249959,0.0442565,0.0442565,0.294216
M,-0.445788,0.0685577,0.0685577,-0.37723
M,-0.244448,0.0685577,0.0685577,-0.17589
M,-0.0662271,0.0442565,0.0442565,-0.0219706
M,0.433586,0.0442565,0.0442565,0.477842
M,0.0303354,0.0442565,0.0442565,0.0745919
M,-0.156554,0.0442565,0.0442565,-0.112298
M,-0.296278,0.0442565,0.0442565,-0.252021
M,-0.181876,0.0442565,0.0442565,-0.137619
M,-0.182936,0.0442565,0.0442565,-0.13868
M,0.264168,0.0442565,0.0442565,0.308425
M,0.177101,0.0442565,0.0442565,0.221357
M,0.243979,0.0442565,0.0442565,0.288236
M,0.0351429,0.0442565,0.0442565,0.0793994
M,0.181211,0.0442565,0.0442565,0.225467
M,-0.027128,0.0442565,0.0442565,0.0171285
M,0.377943,0.00391877,0.00391877,0.381862
M,-0.115402,0.0442565,0.0442565,-0.0711451
M,0.00704529,0.0442565,0.0442565,0.0513018
M,-0.141762,0.0442565,0.0442565,-0.0975053
M,-0.130534,0.0442565,0.0442565,-0.0862778
M,0.294335,0.0442565,0.0442565,0.338591
M,-0.0891228,0.0442565,0.0442565,-0.0448663
M,-0.109563,0.0442565,0.0442565,-0.0653065
M,-0.613957,0.0442565,0.0442565,-0.5697
M,-0.110559,0.0442565,0.0442565,-0.0663026
M,0.176823,0.0442565,0.0442565,0.221079
M,0.126462,0.0442565,0.0442565,0.170719
M,-0.026408,0.0442565,0.0442565,0.0178485
M,-0.407849,0.0442565,0.0442565,-0.363593
M,-0.222959,0.0442565,0.0442565,-0.178702
M,0.367777,0.0442565,0.0442565,0.412033
M,-0.0598599,0.0442565,0.0442565,-0.0156034
M,0.0353198,0.0442565,0.0442565,0.0795763
M,-0.206547,0.0442565,0.0442565,-0.162291
M,0.426201,0.0442565,0.0442565,0.470458
M,-0.273763,0.0442565,0.0442565,-0.229506
M,0.00317982,0.0442565,0.0442565,0.0474363
M,-0.35733,0.0442565,0.0442565,-0.313073
M,0.154311,0.0442565,0.0442565,0.198567
M,-0.0326053,0.0442565,0.0442565,0.0116512
M,0.00302335,-0.00773509,-0.00773509,-0.00471174
M,0.115031,0.0442565,0.0442565,0.159288
M,-0.0874161,0.0442565,0.0442565,-0.0431596
M,0.154196,0.0442565,0.0442565,0.198452
M,-0.0377018,0.0442565,0.0442565,0.00655472
M,-0.150306,0.0442565,0.0442565,-0.106049
M,0.00443918,0.0442565,0.0442565,0.0486957
M,0.310509,0.0442565,0.0442565,0.354765
M,-0.0931838,0.00391877,0.00391877,-0.0892651
M,0.279747,0.0442565,0.0442565,0.324004
M,0.12865,0.0442565,0.0442565,0.172907
M,-0.285607,0.0442565,0.0442565,-0.241351
M,-0.240462,0.0442565,0.0442565,-0.196205
M,0.0195971,0.0442565,0.0442565,0.0638536
M,-0.34071,0.0442565,0.0442565,-0.296454
M,0.0520365,0.0442565,0.0442565,0.096293
M,0.135624,0.0685577,0.0685577,0.204182
M,0.0273944,0.0442565,0.0442565,0.0716509
M,-0.183979,0.0442565,0.0442565,-0.139722
M,-0.245493,0.0442565,0.0442565,-0.201236
M,0.142013,0.0442565,0.0442565,0.186269
M,-0.319419,0.0442565,0.0442565,-0.275162
M,0.0824658,0.0442565,0.0442565,0.126722
M,-0.410233,0.00391877,0.00391877,-0.406314
M,-0.0942524,0.0442565,0.0442565,-0.049996
M,0.109253,0.0442565,0.0442565,0.153509
M,0.0724103,0.00391877,0.00391877,0.076329
M,-0.245267,0.0442565,0.0442565,-0.20101
M,-0.0716666,0.0442565,0.0442565,-0.0274101
M,-0.328024,0.0442565,0.0442565,-0.283767
M,-0.186595,0.0442565,0.0442565,-0.142339
M,0.0453664,0.0442565,0.0442565,0.0896229
M,-0.0625404,0.0442565,0.0442565,-0.0182839
M,-0.330687,0.0442565,0.0442565,-0.28643
M,-0.134728,0.0442565,0.0442565,-0.0904711
M,-0.0109979,0.0442565,0.0442565,0.0332586
M,0.149932,0.0442565,0.0442565,0.194189
M,-0.270512,0.0442565,0.0442565,-0.226255
M,-0.208783,0.0442565,0.0442565,-0.164527
M,-0.110134,0.0442565,0.0442565,-0.0658772
M,-0.219336,0.0442565,0.0442565,-0.17508
M,-0.110078,0.0442565,0.0442565,-0.0658216
M,0.0919928,0.0442565,0.0442565,0.136249
M,0.300157,0.0442565,0.0442565,0.344413
M,-0.109179,0.0442565,0.0442565,-0.0649222
M,-0.182753,0.0442565,0.0442565,-0.138496
M,-0.246811,0.00391877,0.00391877,-0.242892
M,0.425532,0.0442565,0.0442565,0.469789
M,-0.0764575,0.0442565,0.0442565,-0.032201
M,-0.12579,0.0442565,0.0442565,-0.0815339
M,0.205389,0.0442565,0.0442565,0.249646
M,0.378045,0.0442565,0.0442565,0.422301
M,-0.309814,0.0442565,0.0442565,-0.265558
M,-0.293709,0.0442565,0.0442565,-0.249453
M,0.00760171,0.0442565,0.0442565,0.0518582
M,0.0760341,0.0442565,0.0442565,0.120291
M,0.00193402,0.0442565,0.0442565,0.0461905
M,-0.131975,0.0442565,0.0442565,-0.0877187
M,-0.241694,0.0442565,0.0442565,-0.197438
M,0.0314937,0.0442565,0.0442565,0.0757502
M,-0.145913,0.0442565,0.0442565,-0.101656
M,-0.0619467,0.0442565,0.0442565,-0.0176902
M,-0.0663584,0.0442565,0.0442565,-0.0221019
M,0.0941981,0.0442565,0.0442565,0.138455
M,-0.275032,0.0442565,0.0442565,-0.230775
M,-0.107215,0.0442565,0.0442565,-0.0629588
M,-0.172218,0.0442565,0.0442565,-0.127962
M,-0.0748092,0.0442565,0.0442565,-0.0305527
M,-0.289109,0.0442565,0.0442565,-0.244852
M,0.279575,0.0442565,0.0442565,0.323832
M,-0.0103449,0.0442565,0.0442565,0.0339116
M,0.00635885,0.0442565,0.0442565,0.0506153
M,-0.0509605,0.0442565,0.0442565,-0.00670397
M,-0.212181,0.0442565,0.0442565,-0.167925
M,-0.0716684,0.00391877,0.00391877,-0.0677496
M,0.278383,0.0442565,0.0442565,0.322639
M,-0.0762385,0.00391877,0.00391877,-0.0723197
M,-0.216967,0.0442565,0.0442565,-0.17271
M,-0.101383,0.0442565,0.0442565,-0.0571267
M,-0.202706,0.0442565,0.0442565,-0.15845
M,-0.18543,0.0442565,0.0442565,-0.141173
M,0.0202938,0.0442565,0.0442565,0.0645503
M,-0.154553,0.0442565,0.0442565,-0.110296
M,-0.141316,0.0442565,0.0442565,-0.0970597
M,-0.211097,0.0442565,0.0442565,-0.166841
M,0.127575,0.0442565,0.0442565,0.171832
M,-0.160748,0.0442565,0.0442565,-0.116491
M,0.0436283,0.0442565,0.0442565,0.0878848
M,0.0728642,0.0442565,0.0442565,0.117121
M,0.19216,0.0442565,0.0442565,0.236416
M,0.40925,0.0442565,0.0442565,0.453507
M,-0.27127,0.0442565,0.0442565,-0.227014
M,-0.160269,0.0442565,0.0442565,-0.116013
M,0.0194795,0.0442565,0.0442565,0.063736
M,0.0448548,0.0442565,0.0442565,0.0891113
M,0.222517,0.0442565,0.0442565,0.266774
M,-0.0234652,0.0685577,0.0685577,0.0450926
M,-0.352221,0.0442565,0.0442565,-0.307965
M,-0.101839,0.0442565,0.0442565,-0.0575827
M,-0.0296797,0.0442565,0.0442565,0.0145768
M,-0.112291,0.0442565,0.0442565,-0.0680345
M,-0.196963,0.0442565,0.0442565,-0.152707
M,-0.101216,0.0442565,0.0442565,-0.0569594
M,-0.248236,0.0442565,0.0442565,-0.20398
M,0.153055,0.0442565,0.0442565,0.197312
M,0.263128,0.0442565,0.0442565,0.307385
M,-0.179812,0.0442565,0.0442565,-0.135555
M,0.121081,0.0442565,0.0442565,0.165338
M,0.0816483,0.0442565,0.0442565,0.125905
M,0.138101,0.0442565,0.0442565,0.182358
M,-0.233446,0.0442565,0.0442565,-0.18919
M,-0.031244,0.0442565,0.0442565,0.0130125
M,0.026086,0.0442565,0.0442565,0.0703425
M,0.199231,0.0442565,0.0442565,0.243488
M,-0.249237,0.0442565,0.0442565,-0.20498
M,-0.136838,0.0442565,0.0442565,-0.092581
M,-0.0913084,0.00391877,0.00391877,-0.0873897
M,-0.340152,0.0442565,0.0442565,-0.295895
M,-0.289128,0.0442565,0.0442565,-0.244872
M,0.119711,0.0442565,0.0442565,0.163967
M,-0.1514,0.0442565,0.0442565,-0.107144
M,0.148564,0.0442565,0.0442565,0.19282
M,0.0481235,0.0442565,0.0442565,0.09238
M,-0.108803,0.0442565,0.0442565,-0.0645467
M,-0.220051,0.0442565,0.0442565,-0.175795
M,-0.067901,0.0442565,0.0442565,-0.0236445
M,0.148787,0.0442565,0.0442565,0.193043
M,0.125744,0.0442565,0.0442565,0.170001
M,-0.159121,0.0442565,0.0442565,-0.114864
M,-0.372381,0.0442565,0.0442565,-0.328124
M,-0.296721,0.0442565,0.0442565,-0.252464
M,0.0370382,0.0442565,0.0442565,0.0812946
M,-0.484109,0.0442565,0.0442565,-0.439853
M,0.395353,0.0442565,0.0442565,0.43961
M,0.0875684,0.0442565,0.0442565,0.131825
M,0.0640775,0.0442565,0.0442565,0.108334
M,0.237613,0.0442565,0.0442565,0.281869
M,-0.333555,0.0442565,0.0442565,-0.289299
M,0.0514726,0.0442565,0.0442565,0.0957291
M,-0.0710604,0.0442565,0.0442565,-0.0268039
M,0.00781328,0.0442565,0.0442565,0.0520698
M,-0.104721,0.00391877,0.00391877,-0.100802
M,0.0981782,0.0442565,0.0442565,0.142435
M,0.132306,0.0442565,0.0442565,0.176563
M,-0.120484,0.0442565,0.0442565,-0.0762279
M,-0.250731,0.0442565,0.0442565,-0.206475
M,-0.295961,0.0442565,0.0442565,-0.251704
M,0.087221,0.0442565,0.0442565,0.131477
M,0.20607,0.0442565,0.0442565,0.250327
M,0.0163815,0.0442565,0.0442565,0.060638
M,-0.0105067,0.0442565,0.0442565,0.0337498
M,-0.112093,0.0442565,0.0442565,-0.0678362
M,-0.0530043,-0.00773509,-0.00773509,-0.0607394
M,-0.179808,0.0442565,0.0442565,-0.135552
M,-0.317344,0.0442565,0.0442565,-0.273088
M,-0.370286,0.0442565,0.0442565,-0.326029
M,0.463026,0.0442565,0.0442565,0.507283
M,0.0788324,0.0442565,0.0442565,0.123089
M,-0.0333552,0.0442565,0.0442565,0.0109013
M,0.093752,0.0442565,0.0442565,0.138009
M,-0.0347543,0.0442565,0.0442565,0.00950222
M,0.0107945,0.0442565,0.0442565,0.055051
M,0.0989435,0.0442565,0.0442565,0.1432
M,0.0991645,0.0442565,0.0442565,0.143421
M,-0.0621316,0.0442565,0.0442565,-0.0178751
M,-0.191634,0.0442565,0.0442565,-0.147377
M,-0.119297,0.00391877,0.00391877,-0.115378
M,-0.132941,0.0442565,0.0442565,-0.0886841
M,0.163613,0.00391877,0.00391877,0.167531
M,0.269181,0.0442565,0.0442565,0.313438
M,-0.214663,0.0442565,0.0442565,-0.170406
M,-0.0587339,0.0442565,0.0442565,-0.0144774
M,-0.11922,0.0442565,0.0442565,-0.0749635
M,0.0343828,0.0442565,0.0442565,0.0786393
M,0.204837,0.0442565,0.0442565,0.249094
M,-0.0278229,0.0442565,0.0442565,0.0164336
M,0.00775024,0.0442565,0.0442565,0.0520067
M,-0.220643,0.00391877,0.00391877,-0.216724
M,0.192727,0.0442565,0.0442565,0.236984
M,0.097666,0.0442565,0.0442565,0.141923
M,0.0259105,-0.00773509,-0.00773509,0.0181754
M,0.0637774,0.0442565,0.0442565,0.108034
M,-0.353732,0.0442565,0.0442565,-0.309475
M,0.0238388,0.0442565,0.0442565,0.0680953
M,0.228486,0.0442565,0.0442565,0.272742
M,0.320698,0.0442565,0.0442565,0.364954
M,-0.211643,0.0442565,0.0442565,-0.167386
M,-0.473618,0.0685577,0.0685577,-0.40506
M,0.00863714,0.0442565,0.0442565,0.0528936
M,-0.184481,0.0442565,0.0442565,-0.140225
M,-0.238028,-0.00773509,-0.00773509,-0.245763
M,-0.272932,0.0442565,0.0442565,-0.228676
M,0.127717,0.00391877,0.00391877,0.131635
M,-0.152164,0.0442565,0.0442565,-0.107907
M,-0.152829,0.0685577,0.0685577,-0.0842709
M,0.159163,0.0442565,0.0442565,0.203419
M,-0.451707,0.00391877,0.00391877,-0.447788
M,-0.0118115,0.0442565,0.0442565,0.032445
M,0.0790653,0.0442565,0.0442565,0.123322
M,0.346831,0.0442565,0.0442565,0.391087
M,0.398997,-0.00773509,-0.00773509,0.391262
M,-0.375191,0.0442565,0.0442565,-0.330935
M,-0.0188667,0.0442565,0.0442565,0.0253898
M,-0.360556,0.0442565,0.0442565,-0.316299
M,-0.134134,0.0442565,0.0442565,-0.0898775
M,0.0883823,0.0442565,0.0442565,0.132639
M,0.161343,0.0442565,0.0442565,0.2056
M,0.0627013,0.0685577,0.0685577,0.131259
M,0.149204,0.0442565,0.0442565,0.193461
M,0.00512575,0.0400041,0.0400041,0.0451299
M,0.00223155,0.0442565,0.0442565,0.046488
M,-0.0651811,0.0442565,0.0442565,-0.0209246
M,-0.0835418,0.0442565,0.0442565,-0.0392854
M,-0.370502,0.0442565,0.0442565,-0.326245
M,-0.146036,0.0442565,0.0442565,-0.10178
M,0.00204663,0.00391877,0.00391877,0.0059654
M,-0.0992119,0.0442565,0.0442565,-0.0549554
M,-0.0868935,0.00391877,0.00391877,-0.0829748
M,-0.15702,0.00391877,0.00391877,-0.153101
M,0.0880328,0.0442565,0.0442565,0.132289
M,0.0462647,0.0442565,0.0442565,0.0905212
M,0.204848,0.0442565,0.0442565,0.249104
M,0.273373,0.0442565,0.0442565,0.317629
M,0.175514,0.0442565,0.0442565,0.21977
M,-0.177691,0.0442565,0.0442565,-0.133434
M,-0.063422,0.0442565,0.0442565,-0.0191655
M,-0.479058,0.0442565,0.0442565,-0.434801
M,-0.139376,0.0442565,0.0442565,-0.0951194
M,-0.212741,0.0442565,0.0442565,-0.168485
M,-0.250512,0.0442565,0.0442565,-0.206256
M,-0.0910815,0.0442565,0.0442565,-0.046825
M,0.0318319,0.0442565,0.0442565,0.0760884
M,-0.0298209,0.0442565,0.0442565,0.0144356
M,-0.0783161,0.0442565,0.0442565,-0.0340596
M,-0.0579139,0.0442565,0.0442565,-0.0136574
M,-0.0367215,0.0442565,0.0442565,0.00753496
M,-0.0725346,0.00391877,0.00391877,-0.0686158
M,-0.131009,0.0442565,0.0442565,-0.0867526
M,-0.144036,0.0442565,0.0442565,-0.0997797
M,0.413161,0.0442565,0.0442565,0.457418
M,-0.0937025,0.00391877,0.00391877,-0.0897837
M,-0.229299,0.00391877,0.00391877,-0.225381
M,0.137435,0.0442565,0.0442565,0.181691
M,-0.02762,0.0442565,0.0442565,0.0166365
M,0.485232,0.0442565,0.0442565,0.529489
M,-0.0546829,0.0442565,0.0442565,-0.0104264
M,-0.259305,0.0442565,0.0442565,-0.215049
M,-0.324785,0.00391877,0.00391877,-0.320866
M,0.0447738,0.0442565,0.0442565,0.0890303
M,0.183334,0.0442565,0.0442565,0.227591
M,0.0124057,0.0442565,0.0442565,0.0566622
M,0.204622,0.00391877,0.00391877,0.208541
M,0.0302359,0.0442565,0.0442565,0.0744924
M,-0.171061,0.0442565,0.0442565,-0.126804
M,-0.267138,0.0442565,0.0442565,-0.222881
M,0.052562,0.00391877,0.00391877,0.0564808
M,-0.0162739,0.0442565,0.0442565,0.0279826
M,-0.0421228,0.0442565,0.0442565,0.0021337
M,0.137203,0.0442565,0.0442565,0.181459
M,0.620215,0.0442565,0.0442565,0.664471
M,-0.0203948,0.0442565,0.0442565,0.0238617
M,-0.110572,0.0442565,0.0442565,-0.0663152
M,-0.360233,0.0442565,0.0442565,-0.315977
M,-0.293428,0.0442565,0.0442565,-0.249171
M,-0.0898923,0.0442565,0.0442565,-0.0456358
M,-0.143486,-0.00773509,-0.00773509,-0.151221
M,-0.0678183,0.0442565,0.0442565,-0.0235618
M,0.180166,0.0442565,0.0442565,0.224422
M,-0.141141,0.0442565,0.0442565,-0.096885
M,-0.0430131,0.0442565,0.0442565,0.00124342
M,-0.155045,0.0442565,0.0442565,-0.110789
M,-0.125034,0.0442565,0.0442565,-0.0807778
M,-0.13604,0.0442565,0.0442565,-0.0917831
M,-0.324084,0.0442565,0.0442565,-0.279827
M,0.0389603,0.0442565,0.0442565,0.0832168
M,-0.0324222,0.0442565,0.0442565,0.0118343
M,-0.211397,0.0442565,0.0442565,-0.167141
M,0.0179665,0.0442565,0.0442565,0.062223
M,-0.00281558,0.0442565,0.0442565,0.0414409
M,-0.173104,0.0442565,0.0442565,-0.128848
M,-0.170983,0.0442565,0.0442565,-0.126727
M,-0.0825684,0.0442565,0.0442565,-0.0383119
M,-0.227407,0.0442565,0.0442565,-0.183151
M,0.355601,0.0442565,0.0442565,0.399858
M,-0.0112414,0.0442565,0.0442565,0.0330151
M,0.0558868,0.0442565,0.0442565,0.100143
M,-0.305859,0.0442565,0.0442565,-0.261602
M,-0.188755,0.0442565,0.0442565,-0.144498
M,0.0831857,0.0442565,0.0442565,0.127442
M,0.146653,0.0442565,0.0442565,0.19091
M,-0.0148507,0.0442565,0.0442565,0.0294058
M,-0.134819,0.0442565,0.0442565,-0.0905627
M,-0.0647763,0.0442565,0.0442565,-0.0205198
M,-0.071819,0.0442565,0.0442565,-0.0275625
M,-0.449852,0.0442565,0.0442565,-0.405596
M,-0.181564,0.0442565,0.0442565,-0.137307
M,-0.12307,0.0442565,0.0442565,-0.078814
M,-0.0309139,0.0442565,0.0442565,0.0133426
M,-0.037474,0.0442565,0.0442565,0.00678245
M,0.0430804,-0.00773509,-0.00773509,0.0353453
M,-0.186542,0.0442565,0.0442565,-0.142286
M,0.12322,0.0442565,0.0442565,0.167476
M,0.0853752,0.0442565,0.0442565,0.129632
M,0.170492,0.0442565,0.0442565,0.214748
M,-0.0232255,0.0442565,0.0442565,0.021031
M,-0.167469,0.0400041,0.0400041,-0.127465
M,-0.210835,0.0442565,0.0442565,-0.166579
M,0.110175,0.0442565,0.0442565,0.154431
M,-0.049071,0.0442565,0.0442565,-0.00481452
M,-0.021437,0.0442565,0.0442565,0.0228195
M,-0.0484486,0.0442565,0.0442565,-0.0041921
M,-0.576792,0.0442565,0.0442565,-0.532535
M,-0.155147,0.0442565,0.0442565,-0.11089
M,-0.251426,0.0442565,0.0442565,-0.20717
M,-0.38796,0.0442565,0.0442565,-0.343704
M,-0.125193,0.0442565,0.0442565,-0.0809361
M,-0.00325507,0.0442565,0.0442565,0.0410014
M,0.0292636,0.0442565,0.0442565,0.0735201
M,0.255006,0.0442565,0.0442565,0.299263
M,-0.169333,0.0442565,0.0442565,-0.125076
M,-0.205607,0.00391877,0.00391877,-0.201688
M,-0.14514,0.0442565,0.0442565,-0.100883
M,-0.210867,0.0442565,0.0442565,-0.16661
M,-0.0142688,0.0442565,0.0442565,0.0299877
M,0.0151885,0.0442565,0.0442565,0.059445
M,-0.0996507,0.0442565,0.0442565,-0.0553942
M,0.184788,0.0442565,0.0442565,0.229045
M,-0.0515978,0.0442565,0.0442565,-0.00734127
M,0.0618886,0.0442565,0.0442565,0.106145
M,-0.0681524,0.0442565,0.0442565,-0.0238959
M,0.166758,0.0442565,0.0442565,0.211014
M,0.200317,0.0442565,0.0442565,0.244573
M,0.23726,0.0442565,0.0442565,0.281517
M,0.0895103,0.0442565,0.0442565,0.133767
M,-0.178467,0.0442565,0.0442565,-0.13421
M,0.52263,0.0685577,0.0685577,0.591188
M,-0.2728,0.0442565,0.0442565,-0.228544
M,-0.181851,0.0442565,0.0442565,-0.137594
M,0.299985,0.0442565,0.0442565,0.344241
M,-0.31267,0.0442565,0.0442565,-0.268413
M,-0.208665,0.0442565,0.0442565,-0.164408
M,-0.11959,0.0442565,0.0442565,-0.0753337
M,0.165901,0.0442565,0.0442565,0.210158
M,0.119356,0.0442565,0.0442565,0.163612
M,-0.022688,0.0442565,0.0442565,0.0215685
M,0.099448,0.0442565,0.0442565,0.143705
M,-0.0775608,0.0442565,0.0442565,-0.0333043
M,-0.108825,0.0442565,0.0442565,-0.0645685
M,-0.193703,0.0442565,0.0442565,-0.149447
M,-0.133888,0.0442565,0.0442565,-0.0896314
M,-0.130878,0.0442565,0.0442565,-0.0866214
M,-0.103006,0.0442565,0.0442565,-0.0587493
M,0.0431961,0.0442565,0.0442565,0.0874526
M,0.255426,0.0442565,0.0442565,0.299683
M,0.0507045,0.0442565,0.0442565,0.094961
M,-0.28448,0.0442565,0.0442565,-0.240224
M,-0.0232449,0.0442565,0.0442565,0.0210116
M,-0.163695,0.00391877,0.00391877,-0.159776
M,0.0968,0.0442565,0.0442565,0.141056
M,-0.321648,0.0442565,0.0442565,-0.277391
M,-0.112345,0.0442565,0.0442565,-0.0680883
M,-0.117366,0.0442565,0.0442565,-0.0731096
M,0.0642296,0.0442565,0.0442565,0.108486
M,0.0532529,0.0442565,0.0442565,0.0975094
M,0.198177,0.0442565,0.0442565,0.242434
M,-0.233839,0.00391877,0.00391877,-0.22992
M,-0.0976837,0.0442565,0.0442565,-0.0534272
M,-0.0850223,0.0442565,0.0442565,-0.0407658
M,-0.16199,0.0442565,0.0442565,-0.117734
M,0.0832514,0.0442565,0.0442565,0.127508
M,0.025675,0.0442565,0.0442565,0.0699315
M,0.503639,0.0442565,0.0442565,0.547896
M,0.257995,0.0442565,0.0442565,0.302251
M,-0.108233,0.0442565,0.0442565,-0.0639761
M,-0.101889,0.0442565,0.0442565,-0.0576324
M,-0.114005,0.0442565,0.0442565,-0.0697487
M,-0.015343,0.0442565,0.0442565,0.0289135
M,-0.0925731,0.0442565,0.0442565,-0.0483166
M,0.193186,0.0442565,0.0442565,0.237443
M,-0.174045,0.0442565,0.0442565,-0.129788
M,-0.247431,0.0442565,0.0442565,-0.203175
M,0.161434,0.0442565,0.0442565,0.20569
M,-0.247972,0.0442565,0.0442565,-0.203716
M,-0.126642,0.0442565,0.0442565,-0.0823853
M,-0.399737,0.00391877,0.00391877,-0.395819
M,-0.392299,0.0442565,0.0442565,-0.348043
M,0.197596,0.0442565,0.0442565,0.241853
M,-0.177442,0.0442565,0.0442565,-0.133186
M,-0.00499568,0.0442565,0.0442565,0.0392608
M,-0.106702,0.0442565,0.0442565,-0.0624452
M,-0.318997,0.0442565,0.0442565,-0.274741
M,-0.135668,0.0442565,0.0442565,-0.0914115
M,-0.20757,0.0442565,0.0442565,-0.163313
M,-0.217037,0.0442565,0.0442565,-0.172781
M,-0.0670861,0.0442565,0.0442565,-0.0228296
M,-0.00344358,0.0442565,0.0442565,0.0408129
M,0.0692804,0.0442565,0.0442565,0.113537
M,0.0387413,0.0442565,0.0442565,0.0829978
M,-0.0567595,0.0442565,0.0442565,-0.012503
M,-0.0177694,0.0442565,0.0442565,0.026487
M,-0.412227,0.0442565,0.0442565,-0.36797
M,0.0726308,0.00391877,0.00391877,0.0765496
M,-0.365304,0.0442565,0.0442565,-0.321048
M,-0.0497943,0.0442565,0.0442565,-0.00553782
M,0.0661444,0.0442565,0.0442565,0.110401
M,0.0909817,0.0442565,0.0442565,0.135238
M,-0.292634,0.0442565,0.0442565,-0.248378
M,0.138275,0.0442565,0.0442565,0.182532
M,-0.109778,0.0442565,0.0442565,-0.0655212
M,0.116289,0.0442565,0.0442565,0.160546
M,-0.449222,0.0442565,0.0442565,-0.404965
M,-0.0964998,0.0442565,0.0442565,-0.0522433
M,0.235469,0.0442565,0.0442565,0.279726
M,-0.0889634,0.0442565,0.0442565,-0.0447069
M,-0.0746915,0.0442565,0.0442565,-0.030435
M,-0.11738,0.0442565,0.0442565,-0.0731235
M,-0.173462,0.0442565,0.0442565,-0.129205
M,0.0757746,0.0442565,0.0442565,0.120031
M,0.476464,0.0442565,0.0442565,0.52072
M,-0.0177947,0.0442565,0.0442565,0.0264618
M,0.0265581,0.0442565,0.0442565,0.0708146
M,0.00983132,0.0442565,0.0442565,0.0540878
M,-0.311172,0.0442565,0.0442565,-0.266915
M,-0.226101,0.0442565,0.0442565,-0.181845
M,-0.0158901,0.0442565,0.0442565,0.0283664
M,-0.309716,0.00391877,0.00391877,-0.305797
M,-0.395555,0.0442565,0.0442565,-0.351298
M,0.0251711,0.0442565,0.0442565,0.0694276
M,0.314233,0.0442565,0.0442565,0.35849
M,0.100613,0.0442565,0.0442565,0.144869
M,-0.114897,0.0442565,0.0442565,-0.0706401
M,-0.238102,0.0442565,0.0442565,-0.193845
M,0.811732,0.0442565,0.0442565,0.855989
M,-0.078536,0.0442565,0.0442565,-0.0342795
M,-0.301676,0.0442565,0.0442565,-0.25742
M,-0.309584,0.0442565,0.0442565,-0.265327
M,0.121681,0.0442565,0.0442565,0.165937
M,-0.0595247,0.0442565,0.0442565,-0.0152682
M,0.256581,0.0442565,0.0442565,0.300838
M,-0.00413889,0.0442565,0.0442565,0.0401176
M,0.0660004,0.0442565,0.0442565,0.110257
M,-0.0804335,0.0442565,0.0442565,-0.036177
M,-0.226968,0.0442565,0.0442565,-0.182711
M,-0.120231,0.0442565,0.0442565,-0.0759744
M,0.0501021,0.0442565,0.0442565,0.0943586
M,-0.283301,0.0442565,0.0442565,-0.239045
M,0.15013,0.0442565,0.0442565,0.194387
M,-0.199195,0.0442565,0.0442565,-0.154939
M,0.0496135,0.0442565,0.0442565,0.09387
M,0.0280295,0.0442565,0.0442565,0.072286
M,-0.515295,0.0442565,0.0442565,-0.471038
M,-0.0404879,0.0442565,0.0442565,0.00376857
M,0.014456,0.0442565,0.0442565,0.0587125
M,-0.0133208,0.0442565,0.0442565,0.0309357
M,0.126945,0.00391877,0.00391877,0.130864
M,0.184786,0.0442565,0.0442565,0.229043
M,-0.152497,0.0442565,0.0442565,-0.10824
M,-0.00373248,0.0442565,0.0442565,0.040524
M,-0.319181,0.0442565,0.0442565,-0.274925
M,-0.215476,0.0442565,0.0442565,-0.171219
M,-0.0168184,0.0442565,0.0442565,0.0274381
M,0.0488674,0.0442565,0.0442565,0.0931238
M,0.00191071,0.0442565,0.0442565,0.0461672
M,-0.200221,0.0442565,0.0442565,-0.155964
M,0.165721,0.0442565,0.0442565,0.209978
M,0.247182,0.0442565,0.0442565,0.291439
M,0.068049,0.0442565,0.0442565,0.112306
M,0.105707,0.0442565,0.0442565,0.149963
M,-0.0211806,0.0442565,0.0442565,0.0230759
M,-0.307379,0.0442565,0.0442565,-0.263122
M,-0.236771,0.0442565,0.0442565,-0.192515
M,0.0643813,0.0442565,0.0442565,0.108638
M,-0.340253,0.0442565,0.0442565,-0.295997
M,0.0725722,0.0685577,0.0685577,0.14113
M,-0.160764,0.0442565,0.0442565,-0.116507
M,-0.146191,0.0442565,0.0442565,-0.101935
M,-0.0902984,0.0442565,0.0442565,-0.0460419
M,0.231603,0.0442565,0.0442565,0.27586
M,-0.089959,0.0442565,0.0442565,-0.0457025
M,-0.132019,0.0442565,0.0442565,-0.0877622
M,0.240785,0.0442565,0.0442565,0.285042
M,0.16999,0.0442565,0.0442565,0.214246
M,0.572188,0.0442565,0.0442565,0.616445
M,0.143709,0.0442565,0.0442565,0.187966
M,0.0778648,0.0442565,0.0442565,0.122121
M,-0.232515,0.0442565,0.0442565,-0.188258
M,0.369103,0.0442565,0.0442565,0.41336
M,0.103974,0.0442565,0.0442565,0.148231
M,0.0256891,0.0442565,0.0442565,0.0699456
M,-0.110474,0.0442565,0.0442565,-0.0662177
M,-0.0484507,0.0442565,0.0442565,-0.00419419
M,-0.349037,0.0442565,0.0442565,-0.30478
M,-0.159277,0.0442565,0.0442565,-0.11502
M,0.136174,0.0442565,0.0442565,0.180431
M,0.067132,0.0442565,0.0442565,0.111389
M,0.108413,0.0442565,0.0442565,0.15267
M,-0.0155012,0.0442565,0.0442565,0.0287553
M,-0.246678,0.00391877,0.00391877,-0.242759
M,-0.532506,0.0442565,0.0442565,-0.48825
M,-0.158151,0.0442565,0.0442565,-0.113895
M,-0.00336221,0.0442565,0.0442565,0.0408943
M,0.0266691,0.0442565,0.0442565,0.0709256
M,0.082908,0.0442565,0.0442565,0.127165
M,-0.111381,0.0442565,0.0442565,-0.067125
M,-0.672423,0.0442565,0.0442565,-0.628167
M,0.0595246,0.0442565,0.0442565,0.103781
M,-0.150082,0.0442565,0.0442565,-0.105825
M,-0.0751213,0.0442565,0.0442565,-0.0308648
M,-0.453318,0.00391877,0.00391877,-0.449399
M,-0.582612,0.0442565,0.0442565,-0.538356
M,-0.166205,0.0442565,0.0442565,-0.121948
M,0.0337897,0.0442565,0.0442565,0.0780462
M,-0.261165,0.0442565,0.0442565,-0.216909
M,-0.0610505,0.00391877,0.00391877,-0.0571317
M,0.0462231,0.0442565,0.0442565,0.0904796
M,0.218329,0.0442565,0.0442565,0.262585
M,-0.20783,0.0442565,0.0442565,-0.163573
M,-0.0663671,0.00391877,0.00391877,-0.0624483
M,0.163758,0.0442565,0.0442565,0.208014
M,-0.254164,0.0442565,0.0442565,-0.209907
M,-0.308384,0.0442565,0.0442565,-0.264127
M,0.0876495,0.0442565,0.0442565,0.131906
M,-0.0881505,0.0442565,0.0442565,-0.043894
M,-0.0983278,0.0442565,0.0442565,-0.0540713
M,0.188685,0.0442565,0.0442565,0.232942
M,-0.159538,0.0442565,0.0442565,-0.115282
M,-0.0682052,0.0442565,0.0442565,-0.0239487
M,0.0027194,0.00391877,0.00391877,0.00663818
M,-0.26567,0.0442565,0.0442565,-0.221414
M,-0.0566067,0.0442565,0.0442565,-0.0123502
M,-0.0410467,0.0442565,0.0442565,0.00320983
M,-0.221334,0.0442565,0.0442565,-0.177078
M,0.331598,0.0442565,0.0442565,0.375854
M,-0.293053,0.0442565,0.0442565,-0.248796
M,0.220408,0.0442565,0.0442565,0.264664
M,0.124721,0.0442565,0.0442565,0.168977
M,-0.2887,0.0442565,0.0442565,-0.244443
M,-0.226205,0.0442565,0.0442565,-0.181949
M,-0.061715,0.0442565,0.0442565,-0.0174585
M,0.105072,0.0442565,0.0442565,0.149328
M,-0.0378352,0.0442565,0.0442565,0.00642133
M,-0.190184,0.0442565,0.0442565,-0.145928
M,-0.265851,0.0442565,0.0442565,-0.221595
M,-0.236332,0.0442565,0.0442565,-0.192076
M,-0.282253,0.0442565,0.0442565,-0.237996
M,0.180619,0.0442565,0.0442565,0.224875
M,-0.112068,0.0442565,0.0442565,-0.0678112
M,-0.109173,0.0442565,0.0442565,-0.064917
M,-0.171789,0.0442565,0.0442565,-0.127532
M,0.0839607,0.0442565,0.0442565,0.128217
M,-0.290528,-0.00773509,-0.00773509,-0.298263
M,-0.013044,0.0442565,0.0442565,0.0312125
M,-0.317663,0.0442565,0.0442565,-0.273407
M,0.148764,0.0442565,0.0442565,0.19302
M,0.0986761,0.00391877,0.00391877,0.102595
M,0.148163,0.0442565,0.0442565,0.19242
M,-0.0415343,0.0442565,0.0442565,0.00272215
M,-0.257511,0.0442565,0.0442565,-0.213254
M,0.232618,0.0442565,0.0442565,0.276874
M,-0.132482,0.0442565,0.0442565,-0.0882256
M,-0.0250944,0.0442565,0.0442565,0.0191621
M,0.0050594,0.0685577,0.0685577,0.0736171
M,-0.153665,0.0442565,0.0442565,-0.109409
M,0.278189,0.0442565,0.0442565,0.322446
M,-0.113954,0.0442565,0.0442565,-0.0696976
M,0.150232,0.0442565,0.0442565,0.194488
M,-0.0268683,0.0442565,0.0442565,0.0173882
M,-0.540445,0.0442565,0.0442565,-0.496188
M,-0.0398785,0.0442565,0.0442565,0.00437796
M,-0.364369,0.0442565,0.0442565,-0.320112
M,0.0216192,0.0442565,0.0442565,0.0658757
M,0.0965117,0.0442565,0.0442565,0.140768
M,-0.385082,0.0442565,0.0442565,-0.340826
M,0.047099,0.0442565,0.0442565,0.0913555
M,0.0395593,0.0442565,0.0442565,0.0838158
M,0.140256,0.0442565,0.0442565,0.184513
M,0.0926699,0.0442565,0.0442565,0.136926
M,0.0449715,0.0442565,0.0442565,0.089228
M,0.0955539,0.0442565,0.0442565,0.13981
M,0.309857,0.00391877,0.00391877,0.313776
M,-0.0607648,0.0442565,0.0442565,-0.0165083
M,-0.0801022,0.0442565,0.0442565,-0.0358457
M,-0.313706,0.0442565,0.0442565,-0.269449
M,0.27355,0.0442565,0.0442565,0.317806
M,0.0167598,0.0442565,0.0442565,0.0610163
M,0.167857,-0.00773509,-0.00773509,0.160122
M,-0.0270939,0.0442565,0.0442565,0.0171626
M,-0.181724,0.0442565,0.0442565,-0.137467
M,-0.116565,0.0442565,0.0442565,-0.0723088
M,0.0203512,0.0442565,0.0442565,0.0646077
M,0.059439,0.0442565,0.0442565,0.103696
M,-0.281241,0.0442565,0.0442565,-0.236985
M,0.0620053,0.0442565,0.0442565,0.106262
M,-0.0770949,0.0442565,0.0442565,-0.0328384
M,-0.0617582,0.0442565,0.0442565,-0.0175017
M,-0.3845,0.0442565,0.0442565,-0.340243
M,-0.0573351,0.0442565,0.0442565,-0.0130786
M,-0.227165,0.0442565,0.0442565,-0.182908
M,0.0497534,0.0442565,0.0442565,0.0940099
M,0.109146,0.0442565,0.0442565,0.153402
M,0.0294592,0.0442565,0.0442565,0.0737157
M,-0.280067,0.0442565,0.0442565,-0.235811
M,0.0406315,0.0442565,0.0442565,0.084888
M,0.0388741,0.0442565,0.0442565,0.0831306
M,-0.0226452,0.0442565,0.0442565,0.0216113
M,-0.00433734,0.0442565,0.0442565,0.0399192
M,-0.0294367,0.0442565,0.0442565,0.0148198
M,-0.128453,0.0442565,0.0442565,-0.0841961
M,-0.0455531,0.0442565,0.0442565,-0.00129657
M,-0.304287,0.0442565,0.0442565,-0.260031
M,-0.0215081,0.0442565,0.0442565,0.0227484
M,-0.0495505,0.0442565,0.0442565,-0.005294
M,0.0209679,0.0442565,0.0442565,0.0652244
M,-0.284114,0.0685577,0.0685577,-0.215557
M,-0.216341,0.0442565,0.0442565,-0.172085
M,-0.2909,0.0442565,0.0442565,-0.246643
M,-0.188753,0.0442565,0.0442565,-0.144497
M,0.115735,0.0442565,0.0442565,0.159992
M,0.00122055,0.0442565,0.0442565,0.0454771
M,-0.0613062,0.0442565,0.0442565,-0.0170497
M,0.127535,0.0442565,0.0442565,0.171791
M,-0.13462,0.0442565,0.0442565,-0.0903634
M,-0.0787677,0.0442565,0.0442565,-0.0345112
M,-0.311651,0.0442565,0.0442565,-0.267395
M,0.162064,0.0442565,0.0442565,0.20632
M,-0.115074,0.0442565,0.0442565,-0.0708174
M,-0.404193,0.0442565,0.0442565,-0.359937
M,-0.276443,0.0442565,0.0442565,-0.232186
M,0.0982108,0.0442565,0.0442565,0.142467
M,-0.257435,0.0442565,0.0442565,-0.213178
M,0.041284,0.0442565,0.0442565,0.0855405
M,-0.0618867,0.0442565,0.0442565,-0.0176302
M,0.116464,0.0442565,0.0442565,0.160721
M,0.0446193,0.00391877,0.00391877,0.048538
M,0.186595,0.0442565,0.0442565,0.230851
M,-0.238138,0.0442565,0.0442565,-0.193881
M,-0.389405,0.0442565,0.0442565,-0.345149
M,0.0842183,0.0442565,0.0442565,0.128475
M,0.109611,0.0442565,0.0442565,0.153868
M,-0.0692305,0.0442565,0.0442565,-0.024974
M,0.020037,0.0442565,0.0442565,0.0642935
M,0.0395892,0.0442565,0.0442565,0.0838457
M,0.107231,0.0442565,0.0442565,0.151488
M,-0.0555306,0.00391877,0.00391877,-0.0516119
M,-0.282116,0.0442565,0.0442565,-0.237859
M,0.084158,0.0442565,0.0442565,0.128415
M,0.15533,0.00391877,0.00391877,0.159249
M,0.0692307,0.0442565,0.0442565,0.113487
M,-0.310017,0.0442565,0.0442565,-0.26576
M,-0.120343,0.0442565,0.0442565,-0.0760863
M,0.164543,0.0442565,0.0442565,0.2088
M,0.101909,0.0442565,0.0442565,0.146166
M,-0.261719,0.0442565,0.0442565,-0.217463
M,0.126977,0.0442565,0.0442565,0.171234
M,0.221179,0.0442565,0.0442565,0.265436
M,0.0191121,0.0442565,0.0442565,0.0633686
M,-0.00162237,0.00391877,0.00391877,0.0022964
M,-0.228376,0.0685577,0.0685577,-0.159819
M,0.315621,0.0442565,0.0442565,0.359878
M,-0.239926,0.0442565,0.0442565,-0.195669
M,-0.00637844,0.0442565,0.0442565,0.0378781
M,0.178591,0.0442565,0.0442565,0.222848
M,-0.0364456,0.0442565,0.0442565,0.0078109
M,0.433152,0.0442565,0.0442565,0.477409
M,0.0893735,0.0442565,0.0442565,0.13363
M,-0.0504268,0.0442565,0.0442565,-0.00617035
M,0.135476,0.00391877,0.00391877,0.139394
M,-0.0592586,0.0442565,0.0442565,-0.0150021
M,-0.0437723,0.0442565,0.0442565,0.000484218
M,0.0800421,0.0442565,0.0442565,0.124299
M,-0.196546,0.0442565,0.0442565,-0.15229
M,-0.442357,0.0442565,0.0442565,-0.398101
M,0.201663,0.0442565,0.0442565,0.24592
M,-0.0691825,0.0442565,0.0442565,-0.024926
M,-0.231905,0.0442565,0.0442565,-0.187649
M,-0.13238,0.0442565,0.0442565,-0.0881239
M,-0.15445,0.0442565,0.0442565,-0.110193
M,-0.436607,0.0442565,0.0442565,-0.392351
M,-0.16901,0.0442565,0.0442565,-0.124753
M,0.205763,0.0442565,0.0442565,0.250019
M,0.0277032,0.0442565,0.0442565,0.0719597
M,0.263558,0.0442565,0.0442565,0.307815
M,0.137431,0.0442565,0.0442565,0.181688
M,0.34198,0.0442565,0.0442565,0.386236
M,0.202598,0.0442565,0.0442565,0.246855
M,-0.00381049,0.0442565,0.0442565,0.040446
M,0.164604,0.0442565,0.0442565,0.20886
M,-0.117864,0.0442565,0.0442565,-0.0736076
M,0.401836,0.0442565,0.0442565,0.446092
M,0.00441033,0.0442565,0.0442565,0.0486668
M,0.113713,0.0442565,0.0442565,0.157969
M,-0.212878,0.0442565,0.0442565,-0.168621
M,0.195691,0.0442565,0.0442565,0.239947
M,0.309417,0.0442565,0.0442565,0.353673
M,-0.384126,0.0442565,0.0442565,-0.339869
M,0.0845394,0.0442565,0.0442565,0.128796
M,-0.225822,0.0442565,0.0442565,-0.181566
M,0.127732,0.0442565,0.0442565,0.171989
M,-0.0801135,0.0442565,0.0442565,-0.035857
M,-0.23826,0.0442565,0.0442565,-0.194004
M,-0.120424,0.0442565,0.0442565,-0.0761673
M,-0.292059,0.0442565,0.0442565,-0.247803
M,-0.28257,0.0442565,0.0442565,-0.238314
M,0.0965528,0.00391877,0.00391877,0.100472
M,0.0752891,0.0442565,0.0442565,0.119546
M,0.259014,0.0442565,0.0442565,0.303271
M,-0.163355,0.0442565,0.0442565,-0.119099
M,-0.107009,0.00391877,0.00391877,-0.103091
M,-0.379933,0.0442565,0.0442565,-0.335676
M,0.0405387,0.0442565,0.0442565,0.0847952
M,-0.279407,0.0442565,0.0442565,-0.23515
M,0.239854,0.0442565,0.0442565,0.28411
M,-0.433143,0.0442565,0.0442565,-0.388886
M,0.0146738,0.0442565,0.0442565,0.0589303
M,-0.0144316,0.0442565,0.0442565,0.0298249
M,-0.0755878,0.0442565,0.0442565,-0.0313313
M,-0.398231,0.0442565,0.0442565,-0.353975
M,0.173082,0.0442565,0.0442565,0.217339
M,0.0744874,0.0442565,0.0442565,0.118744
M,0.193316,0.0442565,0.0442565,0.237572
M,-0.0445218,0.0442565,0.0442565,-0.000265295
M,0.361355,0.0442565,0.0442565,0.405612
M,-0.11965,0.00391877,0.00391877,-0.115732
M,-0.289538,0.0442565,0.0442565,-0.245282
M,0.121999,0.0442565,0.0442565,0.166256
M,-0.141633,0.0442565,0.0442565,-0.0973762
M,0.127986,0.00391877,0.00391877,0.131905
M,0.352099,0.0442565,0.0442565,0.396355
M,0.444301,0.0442565,0.0442565,0.488558
M,-0.121748,0.0442565,0.0442565,-0.0774919
M,-0.209919,0.0442565,0.0442565,-0.165663
M,-0.0293834,0.0442565,0.0442565,0.0148731
M,0.0919764,0.0442565,0.0442565,0.136233
M,-0.0883056,0.0442565,0.0442565,-0.0440491
M,0.0437732,0.0442565,0.0442565,0.0880297
M,-0.264119,0.0442565,0.0442565,-0.219862
M,0.0134593,0.0442565,0.0442565,0.0577158
M,0.0499255,0.0442565,0.0442565,0.094182
M,0.101926,0.0442565,0.0442565,0.146183
M,0.217247,0.0685577,0.0685577,0.285805
M,-0.178593,0.0442565,0.0442565,-0.134336
M,-0.159561,0.0442565,0.0442565,-0.115304
M,0.137261,0.0442565,0.0442565,0.181517
M,-0.206249,0.0442565,0.0442565,-0.161992
M,-0.0357256,0.0442565,0.0442565,0.00853085
M,0.177391,0.0442565,0.0442565,0.221648
M,0.0323946,0.0442565,0.0442565,0.0766511
M,0.425028,0.0442565,0.0442565,0.469284
M,-0.0414951,-0.00773509,-0.00773509,-0.0492302
M,-0.223198,0.00391877,0.00391877,-0.219279
M,-0.424243,0.0442565,0.0442565,-0.379987
M,0.172585,0.0442565,0.0442565,0.216841
M,-0.11012,0.0442565,0.0442565,-0.0658631
M,0.0561951,0.0442565,0.0442565,0.100452
M,0.227567,0.0442565,0.0442565,0.271824
M,-0.082069,0.0442565,0.0442565,-0.0378125
M,0.0394794,0.0442565,0.0442565,0.0837359
M,-0.161239,0.0442565,0.0442565,-0.116982
M,-0.0722063,0.0442565,0.0442565,-0.0279498
M,-0.122204,0.0442565,0.0442565,-0.0779473
M,-0.205864,0.0442565,0.0442565,-0.161608
M,-0.0431669,0.0442565,0.0442565,0.00108961
M,0.0023036,-0.00773509,-0.00773509,-0.0054315
M,-0.239602,0.0442565,0.0442565,-0.195346
M,-0.489807,0.0442565,0.0442565,-0.44555
M,0.192046,0.0442565,0.0442565,0.236302
M,0.140666,0.0442565,0.0442565,0.184923
M,-0.194877,0.0442565,0.0442565,-0.150621
M,-0.331787,0.0442565,0.0442565,-0.28753
M,-0.307761,0.0442565,0.0442565,-0.263505
M,0.11103,0.0442565,0.0442565,0.155287
M,-0.308571,0.0442565,0.0442565,-0.264315
M,-0.0374454,0.0442565,0.0442565,0.00681109
M,-0.117837,0.0442565,0.0442565,-0.0735807
M,0.0358979,0.0442565,0.0442565,0.0801544
M,0.0995545,0.0442565,0.0442565,0.143811
M,0.00885291,0.00391877,0.00391877,0.0127717
M,0.0884262,0.0442565,0.0442565,0.132683
M,-0.036293,0.0442565,0.0442565,0.00796352
M,0.142441,0.0442565,0.0442565,0.186697
M,0.230974,0.0442565,0.0442565,0.27523
M,0.0426401,0.0442565,0.0442565,0.0868966
M,-0.0653167,0.0442565,0.0442565,-0.0210602
M,0.268846,0.0442565,0.0442565,0.313102
M,-0.0924413,0.0442565,0.0442565,-0.0481848
M,-0.105652,0.0442565,0.0442565,-0.0613954
M,-0.134594,0.0442565,0.0442565,-0.0903371
M,-0.145091,0.0442565,0.0442565,-0.100835
M,-0.218213,0.0442565,0.0442565,-0.173956
M,0.0134107,0.00391877,0.00391877,0.0173294
M,0.0834403,0.00391877,0.00391877,0.087359
M,0.0768078,-0.00773509,-0.00773509,0.0690727
M,-0.0113902,0.0442565,0.0442565,0.0328663
M,-0.080842,0.0442565,0.0442565,-0.0365855
M,-0.305261,0.0442565,0.0442565,-0.261004
M,0.125063,0.0442565,0.0442565,0.169319
M,0.0630425,0.0442565,0.0442565,0.107299
M,0.385257,0.0442565,0.0442565,0.429514
M,0.0873727,0.0442565,0.0442565,0.131629
M,-0.133843,0.0442565,0.0442565,-0.0895866
M,0.0356883,0.0442565,0.0442565,0.0799448
M,-0.231126,0.0442565,0.0442565,-0.186869
M,-0.0456673,0.0442565,0.0442565,-0.00141078
M,0.0590956,0.0442565,0.0442565,0.103352
M,0.568908,0.0442565,0.0442565,0.613164
M,-0.188273,0.0442565,0.0442565,-0.144017
M,0.202567,0.0442565,0.0442565,0.246824
M,-0.0224771,0.0442565,0.0442565,0.0217794
M,0.221481,0.0442565,0.0442565,0.265738
M,-0.280467,0.0442565,0.0442565,-0.23621
M,0.0554113,0.0442565,0.0442565,0.0996678
M,-0.36127,0.0442565,0.0442565,-0.317013
M,-0.327276,0.0442565,0.0442565,-0.28302
M,-0.0488531,0.0442565,0.0442565,-0.00459658
M,0.191399,0.0442565,0.0442565,0.235656
M,-0.142942,0.00391877,0.00391877,-0.139024
M,-0.124465,0.0442565,0.0442565,-0.0802082
M,-0.388837,0.0442565,0.0442565,-0.344581
M,-0.156615,0.00391877,0.00391877,-0.152696
M,-0.209337,0.0442565,0.0442565,-0.165081
M,0.163381,0.0442565,0.0442565,0.207638
M,0.037173,-0.00773509,-0.00773509,0.0294379
M,0.0490873,0.0442565,0.0442565,0.0933438
M,0.213839,0.0442565,0.0442565,0.258095
M,-0.0847085,0.0442565,0.0442565,-0.040452
M,-0.168588,0.0442565,0.0442565,-0.124331
M,-0.0301816,0.0442565,0.0442565,0.0140749
M,-0.0794925,0.0442565,0.0442565,-0.035236
M,0.364276,0.0442565,0.0442565,0.408533
M,-0.210553,0.0442565,0.0442565,-0.166296
M,0.178274,0.0442565,0.0442565,0.22253
M,0.0184447,0.0442565,0.0442565,0.0627012
M,-0.0816169,0.00391877,0.00391877,-0.0776981
M,-0.50359,0.0442565,0.0442565,-0.459334
M,-0.0848003,0.0442565,0.0442565,-0.0405438
M,-0.32376,0.0442565,0.0442565,-0.279504
M,0.045139,0.0442565,0.0442565,0.0893955
M,0.0768507,0.0442565,0.0442565,0.121107
M,-0.0420691,0.0442565,0.0442565,0.00218739
M,0.183904,0.00391877,0.00391877,0.187823
M,0.108339,0.0442565,0.0442565,0.152595
M,-0.114821,0.0442565,0.0442565,-0.070565
M,0.47823,0.00391877,0.00391877,0.482149
M,-0.299317,0.0442565,0.0442565,-0.255061
M,-0.528141,0.0442565,0.0442565,-0.483884
M,0.0356612,0.0442565,0.0442565,0.0799177
M,0.0392605,0.0442565,0.0442565,0.083517
M,0.0594232,0.0442565,0.0442565,0.10368
M,-0.185203,0.0442565,0.0442565,-0.140946
M,0.0741672,0.0442565,0.0442565,0.118424
M,0.207839,0.0442565,0.0442565,0.252095
M,0.114783,0.0442565,0.0442565,0.159039
M,-0.0699094,0.0442565,0.0442565,-0.0256529
M,0.374536,0.0442565,0.0442565,0.418793
M,-0.284083,0.0442565,0.0442565,-0.239826
M,-0.156306,0.0442565,0.0442565,-0.112049
M,0.179124,0.0442565,0.0442565,0.223381
M,0.0169723,0.0442565,0.0442565,0.0612288
M,-0.231675,0.0442565,0.0442565,-0.187418
M,0.0192407,0.0442565,0.0442565,0.0634972
M,0.32979,0.0442565,0.0442565,0.374046
M,-0.0479737,0.0442565,0.0442565,-0.00371724
M,-0.0293783,0.0442565,0.0442565,0.0148782
M,0.255266,0.0442565,0.0442565,0.299523
M,0.19591,0.0442565,0.0442565,0.240167
M,-0.127612,0.0442565,0.0442565,-0.0833551
M,-0.0108923,0.0442565,0.0442565,0.0333642
M,-0.238164,0.0442565,0.0442565,-0.193908
M,0.132867,0.0442565,0.0442565,0.177123
M,0.137415,0.0442565,0.0442565,0.181672
M,0.107057,0.0442565,0.0442565,0.151313
M,-0.0965093,0.0442565,0.0442565,-0.0522528
M,-0.0721562,0.0442565,0.0442565,-0.0278997
M,-0.210472,0.0442565,0.0442565,-0.166215
M,0.252651,0.0442565,0.0442565,0.296908
M,-0.178281,0.0442565,0.0442565,-0.134025
M,-0.0445145,-0.00773509,-0.00773509,-0.0522496
M,-0.00436577,0.0442565,0.0442565,0.0398907
M,-0.2283,0.0442565,0.0442565,-0.184044
M,-0.154503,0.0442565,0.0442565,-0.110246
M,-0.116828,0.0442565,0.0442565,-0.0725712
M,-0.449127,0.0442565,0.0442565,-0.404871
M,0.0616352,0.0442565,0.0442565,0.105892
M,-0.369397,0.0442565,0.0442565,-0.325141
M,0.145,0.0442565,0.0442565,0.189256
M,-0.249936,0.0442565,0.0442565,-0.205679
M,0.170981,0.0442565,0.0442565,0.215238
M,-0.0856894,0.0442565,0.0442565,-0.0414329
M,-0.347771,0.0685577,0.0685577,-0.279213
M,0.146275,0.0442565,0.0442565,0.190531
M,-0.182213,0.0442565,0.0442565,-0.137957
M,-0.0203327,0.0442565,0.0442565,0.0239238
M,-0.122236,0.0442565,0.0442565,-0.0779798
M,-0.328228,0.00391877,0.00391877,-0.32431
M,-0.529229,0.0442565,0.0442565,-0.484973
M,0.246869,-0.00773509,-0.00773509,0.239134
M,0.248482,0.0442565,0.0442565,0.292739
M,0.00328544,0.0442565,0.0442565,0.0475419
M,-0.100418,0.00391877,0.00391877,-0.0964996
M,-0.192371,0.0442565,0.0442565,-0.148114
M,0.113106,-0.00773509,-0.00773509,0.105371
M,0.221124,0.0442565,0.0442565,0.26538
M,-0.320803,0.0442565,0.0442565,-0.276547
M,0.136382,0.0442565,0.0442565,0.180639
M,-0.263264,0.0442565,0.0442565,-0.219008
M,-0.286266,0.0442565,0.0442565,-0.24201
M,0.207325,0.0442565,0.0442565,0.251582
M,-0.398118,0.0442565,0.0442565,-0.353861
M,-0.0385111,0.0442565,0.0442565,0.00574543
M,-0.153283,0.0442565,0.0442565,-0.109026
M,-0.227614,0.0442565,0.0442565,-0.183357
M,0.0228354,0.0442565,0.0442565,0.0670919
M,0.16735,0.0442565,0.0442565,0.211606
M,-0.146152,0.0442565,0.0442565,-0.101895
M,0.143756,0.0442565,0.0442565,0.188013
M,-0.229836,0.00391877,0.00391877,-0.225917
M,0.00229427,0.0442565,0.0442565,0.0465508
M,0.0622908,0.0442565,0.0442565,0.106547
M,-0.240724,0.0442565,0.0442565,-0.196467
M,-0.527254,0.0442565,0.0442565,-0.482998
M,-0.286013,0.0442565,0.0442565,-0.241757
M,-0.207009,0.0442565,0.0442565,-0.162753
M,-0.18765,0.0442565,0.0442565,-0.143394
M,0.378471,0.0442565,0.0442565,0.422728
M,-0.338652,0.0442565,0.0442565,-0.294395
M,0.154475,0.00391877,0.00391877,0.158393
M,0.0439267,0.0442565,0.0442565,0.0881832
M,-0.195845,0.0442565,0.0442565,-0.151589
M,0.302837,0.0442565,0.0442565,0.347093
M,-0.142302,0.0442565,0.0442565,-0.0980452
M,0.00785167,0.0442565,0.0442565,0.0521082
M,-0.199444,0.00391877,0.00391877,-0.195525
M,-0.324849,0.0442565,0.0442565,-0.280593
M,0.247102,0.0442565,0.0442565,0.291358
M,-0.0815861,0.0442565,0.0442565,-0.0373296
M,-0.147534,0.0442565,0.0442565,-0.103278
M,-0.178553,0.00391877,0.00391877,-0.174634
M,-0.229946,0.0442565,0.0442565,-0.185689
M,0.0769329,0.00391877,0.00391877,0.0808517
M,-0.14851,0.0442565,0.0442565,-0.104254
M,-0.161086,0.00391877,0.00391877,-0.157167
M,0.0777371,0.0442565,0.0442565,0.121994
M,-0.0230604,0.0442565,0.0442565,0.0211961
M,0.331309,0.0442565,0.0442565,0.375565
M,0.146196,0.0442565,0.0442565,0.190452
M,-0.191215,0.0442565,0.0442565,-0.146959
M,-0.285974,0.0442565,0.0442565,-0.241717
M,0.0142721,0.0442565,0.0442565,0.0585286
M,-0.270787,0.0442565,0.0442565,-0.226531
M,-0.0119132,0.0442565,0.0442565,0.0323433
M,0.0885646,0.0442565,0.0442565,0.132821
M,-0.0717999,0.0442565,0.0442565,-0.0275434
M,-0.0343705,0.0442565,0.0442565,0.009886
M,-0.136043,0.0442565,0.0442565,-0.0917863
M,-0.286718,0.0442565,0.0442565,-0.242462
M,-0.24387,0.0442565,0.0442565,-0.199614
M,0.0948065,0.0442565,0.0442565,0.139063
M,-0.334255,0.0442565,0.0442565,-0.289998
M,-0.197344,0.0442565,0.0442565,-0.153087
M,-0.278289,0.0442565,0.0442565,-0.234033
M,0.147914,0.0442565,0.0442565,0.192171
M,-0.128407,0.0442565,0.0442565,-0.0841504
M,-0.111977,0.00391877,0.00391877,-0.108058
M,0.179066,0.0442565,0.0442565,0.223323
M,0.110995,0.0442565,0.0442565,0.155252
M,0.139522,0.0442565,0.0442565,0.183779
M,-0.182207,0.0442565,0.0442565,-0.137951
M,-0.256914,0.0442565,0.0442565,-0.212658
M,0.0275634,0.0442565,0.0442565,0.0718199
M,0.0375522,0.0442565,0.0442565,0.0818087
M,-0.411315,0.0442565,0.0442565,-0.367059
M,0.238517,0.0442565,0.0442565,0.282774
M,-0.436394,0.0442565,0.0442565,-0.392137
M,0.308142,0.0442565,0.0442565,0.352399
M,-0.499941,0.0442565,0.0442565,-0.455685
M,-0.398347,0.0442565,0.0442565,-0.35409
M,-0.123652,0.0442565,0.0442565,-0.0793958
M,0.145189,0.0442565,0.0442565,0.189446
M,0.0941336,0.0442565,0.0442565,0.13839
M,0.0362958,0.0442565,0.0442565,0.0805523
M,0.109783,0.00391877,0.00391877,0.113701
M,0.114351,0.00391877,0.00391877,0.11827
M,0.022755,0.0685577,0.0685577,0.0913127
M,0.217962,0.0442565,0.0442565,0.262219
M,-0.373131,0.00391877,0.00391877,-0.369213
M,-0.248714,0.0442565,0.0442565,-0.204457
M,-0.113502,0.0442565,0.0442565,-0.0692455
M,0.329716,0.00391877,0.00391877,0.333635
M,-0.110984,0.0442565,0.0442565,-0.0667279
M,0.244161,0.0442565,0.0442565,0.288418
M,-0.201632,0.0442565,0.0442565,-0.157376
M,-0.181287,0.0442565,0.0442565,-0.13703
M,0.0667722,0.0442565,0.0442565,0.111029
M,0.0159305,0.00391877,0.00391877,0.0198493
M,-0.124489,0.0442565,0.0442565,-0.0802326
M,-0.131682,0.0442565,0.0442565,-0.0874253
M,-0.3546,0.0442565,0.0442565,-0.310343
M,-0.109573,0.0442565,0.0442565,-0.0653168
M,-0.101209,0.0442565,0.0442565,-0.0569522
M,-0.173131,0.0442565,0.0442565,-0.128874
M,0.507285,0.0442565,0.0442565,0.551541
M,0.0139518,0.0442565,0.0442565,0.0582083
M,-0.524728,0.0442565,0.0442565,-0.480472
M,0.335004,0.0442565,0.0442565,0.37926
M,0.161836,0.0442565,0.0442565,0.206092
M,0.0681052,0.0442565,0.0442565,0.112362
M,0.0974726,0.0442565,0.0442565,0.141729
M,-0.170124,0.0442565,0.0442565,-0.125868
M,-0.0725736,0.0442565,0.0442565,-0.0283171
M,0.0780519,0.0442565,0.0442565,0.122308
M,0.00370165,0.0442565,0.0442565,0.0479581
M,0.13292,0.0442565,0.0442565,0.177176
M,0.62878,0.0442565,0.0442565,0.673037
M,-0.357286,0.0442565,0.0442565,-0.31303
M,-0.203159,0.0442565,0.0442565,-0.158902
M,-0.0910612,-0.00773509,-0.00773509,-0.0987963
M,-0.244773,0.0442565,0.0442565,-0.200516
M,0.129429,0.0442565,0.0442565,0.173686
M,-0.0280648,0.0442565,0.0442565,0.0161917
M,0.0858789,0.0442565,0.0442565,0.130135
M,-0.0910377,0.0442565,0.0442565,-0.0467812
M,0.235837,0.0442565,0.0442565,0.280094
M,-0.144215,0.0442565,0.0442565,-0.0999589
M,-0.158765,0.0442565,0.0442565,-0.114509
M,-0.363059,0.0442565,0.0442565,-0.318803
M,-0.465672,0.0442565,0.0442565,-0.421415
M,0.156157,0.0442565,0.0442565,0.200413
M,-0.209486,0.0442565,0.0442565,-0.16523
M,-0.53433,0.0442565,0.0442565,-0.490074
M,-0.0264242,0.0442565,0.0442565,0.0178323
M,-0.0981366,0.0442565,0.0442565,-0.0538801
M,0.211733,0.0442565,0.0442565,0.255989
M,-0.0542636,0.0442565,0.0442565,-0.0100071
M,0.127913,0.0442565,0.0442565,0.17217
M,0.385441,0.00391877,0.00391877,0.38936
M,-0.13413,0.0442565,0.0442565,-0.0898731
M,-0.287114,0.0442565,0.0442565,-0.242857
M,0.108778,0.0442565,0.0442565,0.153035
M,-0.0448246,0.0442565,0.0442565,-0.000568108
M,-0.239267,0.0442565,0.0442565,-0.195011
M,-0.494806,0.0442565,0.0442565,-0.45055
M,-0.161367,0.0442565,0.0442565,-0.117111
M,0.0610504,0.00391877,0.00391877,0.0649691
M,-0.0990297,0.0442565,0.0442565,-0.0547732
M,-0.253555,0.0442565,0.0442565,-0.209298
M,-0.121482,0.00391877,0.00391877,-0.117563
M,-0.177379,0.0442565,0.0442565,-0.133122
M,0.101979,0.0442565,0.0442565,0.146235
M,0.0855039,0.0442565,0.0442565,0.12976
M,-0.702538,0.0442565,0.0442565,-0.658282
M,-0.170625,0.0442565,0.0442565,-0.126369
M,-0.242226,0.0442565,0.0442565,-0.19797
M,-0.0122725,0.0442565,0.0442565,0.031984
M,0.121839,0.0442565,0.0442565,0.166095
M,-0.0780485,0.0442565,0.0442565,-0.0337921
M,0.279126,0.0442565,0.0442565,0.323383
M,-0.0953391,0.0442565,0.0442565,-0.0510826
M,0.0560167,0.0442565,0.0442565,0.100273
M,-0.231179,0.0442565,0.0442565,-0.186922
M,0.181281,0.0442565,0.0442565,0.225537
M,-0.140216,0.0442565,0.0442565,-0.0959595
M,-0.100559,0.0442565,0.0442565,-0.056302
M,0.426415,0.00391877,0.00391877,0.430334
M,-0.0787108,0.0442565,0.0442565,-0.0344543
M,0.135503,0.0442565,0.0442565,0.179759
M,-0.0833895,0.0442565,0.0442565,-0.039133
M,0.36901,0.0442565,0.0442565,0.413267
M,-0.114994,0.0442565,0.0442565,-0.0707375
M,0.263725,0.0442565,0.0442565,0.307981
M,0.22324,-0.00773509,-0.00773509,0.215505
M,0.0515246,0.0442565,0.0442565,0.0957811
M,-0.0895131,0.0442565,0.0442565,-0.0452566
M,-0.145664,0.0442565,0.0442565,-0.101408
M,-0.175154,0.0442565,0.0442565,-0.130897
M,-0.112952,0.0442565,0.0442565,-0.0686955
M,-0.0568139,0.0442565,0.0442565,-0.0125574
M,0.141113,0.00391877,0.00391877,0.145032
M,-0.237313,0.0442565,0.0442565,-0.193056
M,0.288639,0.0442565,0.0442565,0.332895
M,-0.217251,0.0442565,0.0442565,-0.172995
M,-0.247973,0.0442565,0.0442565,-0.203716
M,-0.229393,0.0442565,0.0442565,-0.185137
M,-0.0643937,0.0442565,0.0442565,-0.0201372
M,0.00411732,0.0442565,0.0442565,0.0483738
M,-0.0868303,0.0442565,0.0442565,-0.0425738
M,-0.129244,0.0442565,0.0442565,-0.0849876
M,0.0498343,0.0442565,0.0442565,0.0940908
M,-0.0960926,0.0442565,0.0442565,-0.0518361
M,-0.22943,0.0442565,0.0442565,-0.185173
M,-0.284327,0.0442565,0.0442565,-0.240071
M,0.0648318,0.00391877,0.00391877,0.0687505
M,0.270749,0.0442565,0.0442565,0.315005
M,0.335057,0.0442565,0.0442565,0.379313
M,0.188248,0.0442565,0.0442565,0.232504
M,-0.33694,0.0442565,0.0442565,-0.292683
M,-0.230968,0.0442565,0.0442565,-0.186712
M,-0.0751776,0.0442565,0.0442565,-0.0309211
M,0.157838,0.0442565,0.0442565,0.202094
M,-0.211238,0.0442565,0.0442565,-0.166981
M,-0.0464494,0.0442565,0.0442565,-0.00219295
M,0.0469398,0.0442565,0.0442565,0.0911963
M,0.163408,0.0442565,0.0442565,0.207665
M,-0.0225055,0.0442565,0.0442565,0.021751
M,-0.350117,0.0442565,0.0442565,-0.305861
M,-0.494263,0.0442565,0.0442565,-0.450006
M,-0.309321,0.0442565,0.0442565,-0.265064
M,0.216328,0.0442565,0.0442565,0.260585
M,-0.239388,0.0442565,0.0442565,-0.195132
M,0.00866957,0.0442565,0.0442565,0.0529261
M,0.040928,0.0442565,0.0442565,0.0851845
M,-0.017164,0.0442565,0.0442565,0.0270925
M,-0.330435,0.0442565,0.0442565,-0.286179
M,0.124914,0.0442565,0.0442565,0.16917
M,-0.00452853,0.00391877,0.00391877,-0.000609757
M,-0.119371,0.0442565,0.0442565,-0.0751145
M,0.0489931,0.0442565,0.0442565,0.0932496
M,-0.416933,0.0442565,0.0442565,-0.372677
M,0.0430919,0.0442565,0.0442565,0.0873484
M,0.125771,0.0442565,0.0442565,0.170027
M,-0.252869,0.0442565,0.0442565,-0.208613
M,0.204801,0.0442565,0.0442565,0.249058
M,0.130615,0.0442565,0.0442565,0.174872
M,-0.132554,0.0442565,0.0442565,-0.0882973
M,0.084917,0.0442565,0.0442565,0.129174
M,-0.293424,0.0442565,0.0442565,-0.249167
M,0.0442013,-0.00773509,-0.00773509,0.0364662
M,-0.00608868,0.0442565,0.0442565,0.0381678
M,0.132282,0.0442565,0.0442565,0.176539
M,0.0848062,0.0442565,0.0442565,0.129063
M,-0.359504,0.0442565,0.0442565,-0.315247
M,0.0922117,0.0442565,0.0442565,0.136468
M,0.114304,0.0442565,0.0442565,0.158561
M,-0.128806,0.0442565,0.0442565,-0.0845499
M,-0.222447,0.0442565,0.0442565,-0.178191
M,0.295336,0.0442565,0.0442565,0.339593
M,-0.0830224,0.0442565,0.0442565,-0.0387659
M,0.0220984,0.0442565,0.0442565,0.0663549
M,0.444438,0.0442565,0.0442565,0.488695
M,-0.184339,0.0442565,0.0442565,-0.140082
M,0.0155058,0.0442565,0.0442565,0.0597622
M,-0.140587,0.0442565,0.0442565,-0.0963302
M,-0.124677,0.0442565,0.0442565,-0.0804205
M,-0.21121,0.0442565,0.0442565,-0.166953
M,0.172703,0.0442565,0.0442565,0.216959
M,-0.222969,0.00391877,0.00391877,-0.21905
M,-0.114225,0.0442565,0.0442565,-0.069969
M,-0.0223772,0.0442565,0.0442565,0.0218793
M,0.177974,0.0442565,0.0442565,0.22223
M,-0.0186713,0.0442565,0.0442565,0.0255851
M,-0.108335,0.0442565,0.0442565,-0.0640785
M,0.211407,0.0442565,0.0442565,0.255664
M,0.150865,0.0442565,0.0442565,0.195122
M,0.141454,0.0442565,0.0442565,0.185711
M,0.152721,0.0442565,0.0442565,0.196977
M,-0.19712,0.0442565,0.0442565,-0.152863
M,-0.106795,0.0442565,0.0442565,-0.0625387
M,0.173266,0.0442565,0.0442565,0.217523
M,0.0137237,0.00391877,0.00391877,0.0176425
M,-0.110168,0.0442565,0.0442565,-0.0659114
M,-0.216075,0.0442565,0.0442565,-0.171819
M,0.0460685,0.0442565,0.0442565,0.090325
M,-0.369343,0.0442565,0.0442565,-0.325086
M,-0.130195,0.0442565,0.0442565,-0.0859383
M,-0.138815,0.0442565,0.0442565,-0.094558
M,-0.241313,0.00391877,0.00391877,-0.237394
M,0.00390577,0.0442565,0.0442565,0.0481623
M,-0.125674,0.0442565,0.0442565,-0.081417
M,-0.211517,0.0442565,0.0442565,-0.167261
M,0.129207,0.0442565,0.0442565,0.173464
M,0.0333895,0.0442565,0.0442565,0.077646
M,-0.222424,0.0442565,0.0442565,-0.178167
M,0.194509,-0.00773509,-0.00773509,0.186774
M,-0.0844794,0.0442565,0.0442565,-0.0402229
M,0.0523658,0.0442565,0.0442565,0.0966223
M,0.0972713,0.0442565,0.0442565,0.141528
M,-0.386044,0.0442565,0.0442565,-0.341788
M,0.0946822,0.00391877,0.00391877,0.098601
M,-0.0828157,0.0442565,0.0442565,-0.0385592
M,0.0230048,0.0442565,0.0442565,0.0672613
M,-0.494478,0.0442565,0.0442565,-0.450221
M,-0.160233,0.0442565,0.0442565,-0.115977
M,-0.196064,0.0442565,0.0442565,-0.151807
M,0.195357,0.0442565,0.0442565,0.239613
M,0.00288986,0.0442565,0.0442565,0.0471464
M,-0.0251615,0.0442565,0.0442565,0.019095
M,-0.318442,0.0442565,0.0442565,-0.274186
M,-0.416732,0.0442565,0.0442565,-0.372476
M,-0.287745,0.0442565,0.0442565,-0.243488
M,-0.0849624,0.0442565,0.0442565,-0.0407059
M,-0.384332,0.0442565,0.0442565,-0.340076
M,-0.0113983,0.0442565,0.0442565,0.0328582
M,0.333545,0.0442565,0.0442565,0.377802
M,0.0974607,0.0442565,0.0442565,0.141717
M,0.365321,0.0442565,0.0442565,0.409577
M,0.0774077,0.0442565,0.0442565,0.121664
M,-0.109297,0.0685577,0.0685577,-0.0407389
M,0.0795989,0.0442565,0.0442565,0.123855
M,-0.181801,0.0442565,0.0442565,-0.137544
M,-0.0135318,0.0442565,0.0442565,0.0307247
M,-0.0451498,0.0442565,0.0442565,-0.000893312
M,0.132624,0.0442565,0.0442565,0.176881
M,-0.160044,0.00391877,0.00391877,-0.156125
M,0.0718079,0.0442565,0.0442565,0.116064
M,-0.183302,0.0442565,0.0442565,-0.139045
M,0.245044,0.0442565,0.0442565,0.289301
M,0.155035,0.0685577,0.0685577,0.223593
M,0.0966927,0.0442565,0.0442565,0.140949
M,-0.0392287,0.00391877,0.00391877,-0.0353099
M,-0.0667893,0.0442565,0.0442565,-0.0225328
M,-0.199361,0.0442565,0.0442565,-0.155105
M,0.102676,0.0442565,0.0442565,0.146932
M,-0.0329467,0.0442565,0.0442565,0.0113098
M,0.512107,0.0442565,0.0442565,0.556364
M,0.0895004,0.0442565,0.0442565,0.133757
M,-0.314343,0.0442565,0.0442565,-0.270087
M,0.141211,0.0442565,0.0442565,0.185467
M,-0.0391226,0.0442565,0.0442565,0.00513387
M,0.0041792,0.0442565,0.0442565,0.0484357
M,0.0570987,0.0442565,0.0442565,0.101355
M,0.180631,0.0442565,0.0442565,0.224887
M,-0.0326552,0.0442565,0.0442565,0.0116013
M,-0.124753,0.0442565,0.0442565,-0.0804962
M,0.00274334,0.0442565,0.0442565,0.0469998
M,-0.117421,0.0442565,0.0442565,-0.0731643
M,-0.174613,0.0442565,0.0442565,-0.130357
M,-0.166709,0.0442565,0.0442565,-0.122453
M,0.144863,0.0442565,0.0442565,0.18912
M,0.204789,0.0442565,0.0442565,0.249046
M,0.0982424,0.0442565,0.0442565,0.142499
M,0.111376,0.0442565,0.0442565,0.155632
M,-0.0322675,0.0442565,0.0442565,0.011989
M,-0.0784937,0.0442565,0.0442565,-0.0342372
M,-0.196547,0.0442565,0.0442565,-0.15229
M,-0.0873797,0.0442565,0.0442565,-0.0431232
M,-0.123974,0.0685577,0.0685577,-0.0554165
M,-0.23916,0.00391877,0.00391877,-0.235242
M,-0.095798,0.0442565,0.0442565,-0.0515415
M,0.150436,0.0442565,0.0442565,0.194692
M,-0.256209,0.0442565,0.0442565,-0.211952
M,-0.25867,0.0442565,0.0442565,-0.214414
M,-0.0685598,0.0442565,0.0442565,-0.0243033
M,-0.246474,0.0442565,0.0442565,-0.202217
M,-0.0733884,0.0442565,0.0442565,-0.0291319
M,0.0642211,0.0442565,0.0442565,0.108478
M,0.142912,0.0442565,0.0442565,0.187169
M,-0.0957161,0.0442565,0.0442565,-0.0514597
M,-0.18599,-0.00773509,-0.00773509,-0.193725
M,0.194321,0.0442565,0.0442565,0.238577
M,-0.0517511,0.0442565,0.0442565,-0.00749458
M,0.0362497,0.0442565,0.0442565,0.0805062
M,-0.00259931,0.0442565,0.0442565,0.0416572
M,-0.380195,0.0442565,0.0442565,-0.335938
M,0.0714272,0.0442565,0.0442565,0.115684
M,0.0555829,0.0442565,0.0442565,0.0998394
M,-0.0848826,0.0442565,0.0442565,-0.0406261
M,0.210619,0.0442565,0.0442565,0.254876
M,0.352614,0.0442565,0.0442565,0.39687
M,0.100137,0.0442565,0.0442565,0.144394
M,-0.0642374,0.0442565,0.0442565,-0.0199809
M,0.179999,0.0442565,0.0442565,0.224256
M,-0.379892,0.0442565,0.0442565,-0.335635
M,-0.0389818,0.0442565,0.0442565,0.00527474
M,0.203686,0.0442565,0.0442565,0.247942
M,-0.498154,0.00391877,0.00391877,-0.494235
M,0.041285,0.0442565,0.0442565,0.0855415
M,0.0832857,0.0442565,0.0442565,0.127542
M,-0.144764,0.0442565,0.0442565,-0.100508
M,0.10532,0.0442565,0.0442565,0.149577
M,-0.0176116,0.0442565,0.0442565,0.0266449
M,-0.150575,0.0442565,0.0442565,-0.106318
M,-0.238842,0.0442565,0.0442565,-0.194585
M,-0.142966,0.0442565,0.0442565,-0.0987091
M,0.09683,0.0442565,0.0442565,0.141086
M,0.427368,0.0442565,0.0442565,0.471624
M,-0.462999,0.0442565,0.0442565,-0.418742
M,0.247249,0.0442565,0.0442565,0.291505
M,0.168773,0.0442565,0.0442565,0.213029
M,0.040632,0.0442565,0.0442565,0.0848885
M,-0.145866,0.0442565,0.0442565,-0.101609
M,0.165204,0.0442565,0.0442565,0.20946
M,0.312522,0.0442565,0.0442565,0.356778
M,-0.171229,0.0442565,0.0442565,-0.126973
M,0.300195,0.0442565,0.0442565,0.344451
M,-0.361791,0.0442565,0.0442565,-0.317534
M,-0.309031,0.0442565,0.0442565,-0.264775
M,-0.140073,0.0442565,0.0442565,-0.0958162
M,-0.2702,0.0442565,0.0442565,-0.225943
M,0.219497,0.0442565,0.0442565,0.263754
M,-0.030721,0.0442565,0.0442565,0.0135355
M,-0.227272,0.0442565,0.0442565,-0.183016
M,-0.321587,0.0442565,0.0442565,-0.277331
M,-0.0662012,0.0442565,0.0442565,-0.0219447
M,0.156365,0.0442565,0.0442565,0.200622
M,0.0748995,0.0442565,0.0442565,0.119156
M,0.53059,0.0442565,0.0442565,0.574846
M,-0.548227,0.0442565,0.0442565,-0.503971
M,-0.0360395,0.0442565,0.0442565,0.00821704
M,-0.329718,0.0685577,0.0685577,-0.26116
M,-0.254792,-0.00773509,-0.00773509,-0.262527
M,0.065053,0.0442565,0.0442565,0.109309
M,0.0136406,0.0442565,0.0442565,0.0578971
M,0.0337142,0.00391877,0.00391877,0.0376329
M,-0.306864,0.0685577,0.0685577,-0.238306
M,-0.491962,0.0442565,0.0442565,-0.447706
M,0.0123775,0.0442565,0.0442565,0.056634
M,-0.199245,0.00391877,0.00391877,-0.195326
M,0.0929638,0.0442565,0.0442565,0.13722
M,0.133863,0.0442565,0.0442565,0.178119
M,0.202867,0.0442565,0.0442565,0.247124
M,-0.0965486,0.0442565,0.0442565,-0.0522921
M,-0.425949,0.0442565,0.0442565,-0.381692
M,-0.106581,0.00391877,0.00391877,-0.102662
M,0.0356125,0.00391877,0.00391877,0.0395313
M,-0.099307,0.0442565,0.0442565,-0.0550505
M,-0.0794194,0.0442565,0.0442565,-0.0351629
M,-0.349645,0.0442565,0.0442565,-0.305388
M,-0.0574137,0.0442565,0.0442565,-0.0131572
M,-0.218365,0.0442565,0.0442565,-0.174109
M,0.122756,0.0442565,0.0442565,0.167012
M,-0.109716,0.0442565,0.0442565,-0.0654594
M,-0.0155425,0.0442565,0.0442565,0.028714
M,0.320909,0.0442565,0.0442565,0.365165
M,0.146372,0.0442565,0.0442565,0.190629
M,0.0524155,0.0442565,0.0442565,0.096672
M,-0.104216,0.0442565,0.0442565,-0.0599591
M,0.151751,0.0442565,0.0442565,0.196007
M,0.0899656,0.0442565,0.0442565,0.134222
M,0.32299,0.0442565,0.0442565,0.367246
M,-0.175629,0.0442565,0.0442565,-0.131372
M,0.134092,0.0442565,0.0442565,0.178349
M,-0.0726877,0.00391877,0.00391877,-0.0687689
M,0.0147633,0.0442565,0.0442565,0.0590198
M,0.148506,0.0442565,0.0442565,0.192762
M,0.0549533,0.0442565,0.0442565,0.0992098
M,-0.0429351,0.0442565,0.0442565,0.00132138
M,-0.27629,0.0442565,0.0442565,-0.232033
M,-0.289603,0.0442565,0.0442565,-0.245346
M,0.0536491,0.0442565,0.0442565,0.0979056
M,-0.150427,0.0442565,0.0442565,-0.106171
M,-0.136943,0.0442565,0.0442565,-0.0926868
M,-0.00948986,0.0442565,0.0442565,0.0347666
M,0.313693,0.0442565,0.0442565,0.35795
M,0.0747746,0.0442565,0.0442565,0.119031
M,0.137516,0.0442565,0.0442565,0.181772
M,0.192592,0.0442565,0.0442565,0.236849
M,0.0392564,0.0442565,0.0442565,0.0835129
M,-0.0087296,0.0442565,0.0442565,0.0355269
M,0.174269,0.00391877,0.00391877,0.178188
M,0.00748009,0.0442565,0.0442565,0.0517366
M,-0.0923262,0.0442565,0.0442565,-0.0480697
M,-0.221435,0.0442565,0.0442565,-0.177179
M,0.0232887,-0.00773509,-0.00773509,0.0155536
M,-0.0875772,0.0442565,0.0442565,-0.0433207
M,0.145549,0.0442565,0.0442565,0.189805
M,0.269157,0.00391877,0.00391877,0.273076
M,-0.206135,0.0442565,0.0442565,-0.161879
M,0.235959,0.0442565,0.0442565,0.280215
M,-0.149179,0.0442565,0.0442565,-0.104922
M,0.198753,0.0442565,0.0442565,0.243009
M,-0.0201476,0.0442565,0.0442565,0.0241089
M,-0.224842,0.0442565,0.0442565,-0.180585
M,0.351684,0.0442565,0.0442565,0.395941
M,-0.536237,0.0442565,0.0442565,-0.491981
M,0.0381228,0.0442565,0.0442565,0.0823793
M,-0.174649,0.0442565,0.0442565,-0.130392
M,0.0471185,0.00391877,0.00391877,0.0510373
M,0.265679,0.0442565,0.0442565,0.309936
M,-0.39134,0.0442565,0.0442565,-0.347083
M,-0.0195486,0.0442565,0.0442565,0.0247079
M,0.128406,0.00391877,0.00391877,0.132325
M,-0.203681,0.0442565,0.0442565,-0.159424
M,0.0830836,0.0442565,0.0442565,0.12734
M,-0.0649013,0.0442565,0.0442565,-0.0206448
M,-0.38199,0.0442565,0.0442565,-0.337734
M,0.007464,0.0442565,0.0442565,0.0517205
M,0.236343,0.0442565,0.0442565,0.2806
M,-0.0132381,0.0442565,0.0442565,0.0310184
M,0.14946,0.0442565,0.0442565,0.193716
M,-0.0352185,0.0442565,0.0442565,0.00903795
M,-0.296874,0.0442565,0.0442565,-0.252618
M,-0.0543812,0.0442565,0.0442565,-0.0101247
M,-0.0716632,0.0442565,0.0442565,-0.0274067
M,-0.0655956,0.0442565,0.0442565,-0.0213391
M,0.0694376,0.0442565,0.0442565,0.113694
M,0.396518,0.0442565,0.0442565,0.440774
M,0.0469292,0.0442565,0.0442565,0.0911857
M,0.0132243,0.0442565,0.0442565,0.0574808
M,0.151405,0.0442565,0.0442565,0.195661
M,0.0649679,0.0442565,0.0442565,0.109224
M,-0.129411,0.0442565,0.0442565,-0.0851549
M,0.108376,0.0442565,0.0442565,0.152633
M,-0.0800514,0.0442565,0.0442565,-0.0357949
M,-0.37496,0.0442565,0.0442565,-0.330703
M,-0.158988,0.00391877,0.00391877,-0.155069
M,0.0424591,0.0442565,0.0442565,0.0867156
M,-0.11942,0.0442565,0.0442565,-0.0751636
M,-0.199276,0.0442565,0.0442565,-0.155019
M,-0.237363,0.0442565,0.0442565,-0.193106
M,-0.395992,0.0442565,0.0442565,-0.351735
M,-0.0621272,0.0442565,0.0442565,-0.0178707
M,0.00405098,0.0442565,0.0442565,0.0483075
M,-0.090548,0.0442565,0.0442565,-0.0462915
M,0.0845085,0.0442565,0.0442565,0.128765
M,0.0564592,0.0442565,0.0442565,0.100716
M,-0.07486,0.0442565,0.0442565,-0.0306035
M,-0.257832,0.0442565,0.0442565,-0.213576
M,-0.129545,0.0442565,0.0442565,-0.0852886
M,0.392422,0.0442565,0.0442565,0.436678
M,0.00499085,0.0442565,0.0442565,0.0492473
M,-0.311918,0.0442565,0.0442565,-0.267661
M,-0.181111,0.0442565,0.0442565,-0.136855
M,0.0209672,0.0442565,0.0442565,0.0652237
M,-0.253667,0.0442565,0.0442565,-0.20941
M,-0.128762,0.0442565,0.0442565,-0.0845053
M,-0.292048,0.0442565,0.0442565,-0.247792
M,0.250048,0.0442565,0.0442565,0.294304
M,-0.0675489,0.00391877,0.00391877,-0.0636301
M,-0.190052,0.0442565,0.0442565,-0.145795
M,-0.101063,0.0442565,0.0442565,-0.056807
M,-0.0946176,0.0442565,0.0442565,-0.0503611
M,-0.107526,0.0442565,0.0442565,-0.0632699
M,0.0461754,0.0442565,0.0442565,0.0904319
M,0.0634444,0.0442565,0.0442565,0.107701
M,-0.223459,0.0442565,0.0442565,-0.179202
M,-0.0146003,0.0442565,0.0442565,0.0296562
M,-0.136076,0.0442565,0.0442565,-0.0918195
M,0.0926023,0.0442565,0.0442565,0.136859
M,-0.171667,0.0442565,0.0442565,-0.127411
M,0.0466271,0.0442565,0.0442565,0.0908836
M,-0.0784969,0.00391877,0.00391877,-0.0745781
M,-0.249509,0.0442565,0.0442565,-0.205253
M,-0.220927,0.0442565,0.0442565,-0.17667
M,-0.250265,0.0442565,0.0442565,-0.206008
M,0.269185,0.0442565,0.0442565,0.313441
M,-0.149367,0.0442565,0.0442565,-0.10511
M,-0.0331145,0.0442565,0.0442565,0.011142
M,0.167507,0.0442565,0.0442565,0.211764
M,-0.20426,0.00391877,0.00391877,-0.200341
M,-0.123823,0.0442565,0.0442565,-0.0795668
M,0.170996,0.0442565,0.0442565,0.215252
M,-0.0132935,0.0442565,0.0442565,0.030963
M,-0.0519572,0.00391877,0.00391877,-0.0480384
M,0.0286432,0.0442565,0.0442565,0.0728997
M,-0.151385,0.0442565,0.0442565,-0.107128
M,0.00319448,0.0442565,0.0442565,0.047451
M,0.442155,0.0442565,0.0442565,0.486412
M,0.180738,0.0442565,0.0442565,0.224995
M,0.299068,0.0442565,0.0442565,0.343324
M,-0.404108,0.00391877,0.00391877,-0.400189
M,-0.21895,0.0442565,0.0442565,-0.174693
M,-0.0211873,0.0442565,0.0442565,0.0230692
M,-0.0401366,0.0442565,0.0442565,0.00411986
M,-0.0871523,0.0442565,0.0442565,-0.0428958
M,-0.166357,0.0442565,0.0442565,-0.1221
M,0.322736,-0.00773509,-0.00773509,0.315001
M,-0.271782,0.0442565,0.0442565,-0.227526
M,-0.0840785,0.00391877,0.00391877,-0.0801597
M,-0.232465,0.0442565,0.0442565,-0.188209
M,-0.212547,0.0442565,0.0442565,-0.16829
M,0.0722126,0.0442565,0.0442565,0.116469
M,-0.0456488,0.0442565,0.0442565,-0.00139232
M,0.148348,0.0442565,0.0442565,0.192604
M,-0.131949,0.00391877,0.00391877,-0.12803
M,0.107807,0.0442565,0.0442565,0.152063
M,0.151935,0.0442565,0.0442565,0.196192
M,-0.233875,0.0442565,0.0442565,-0.189619
M,0.10611,0.0442565,0.0442565,0.150367
M,-0.197976,0.0442565,0.0442565,-0.15372
M,-0.116124,0.0442565,0.0442565,-0.0718671
M,-0.233763,0.0442565,0.0442565,-0.189506
M,-0.0230082,0.0442565,0.0442565,0.0212483
M,-0.000962055,0.0442565,0.0442565,0.0432944
M,-0.107943,0.0442565,0.0442565,-0.0636867
M,-0.296515,0.0442565,0.0442565,-0.252258
M,-0.0896953,0.0442565,0.0442565,-0.0454388
M,-0.163662,0.0442565,0.0442565,-0.119405
M,-0.132501,0.0442565,0.0442565,-0.0882445
M,-0.18819,0.0442565,0.0442565,-0.143933
M,0.105374,0.0442565,0.0442565,0.149631
M,0.21812,0.0442565,0.0442565,0.262376
M,0.130308,0.0442565,0.0442565,0.174564
M,-0.00605506,0.0442565,0.0442565,0.0382014
M,0.0186202,0.0442565,0.0442565,0.0628767
M,-0.322422,0.0442565,0.0442565,-0.278166
M,-0.162699,0.0442565,0.0442565,-0.118442
M,0.176047,0.0442565,0.0442565,0.220303
M,-0.220292,0.0442565,0.0442565,-0.176035
M,-0.0715037,0.0442565,0.0442565,-0.0272472
M,0.155312,0.0442565,0.0442565,0.199568
M,0.323798,0.0442565,0.0442565,0.368054
M,-0.151979,0.0685577,0.0685577,-0.0834216
M,0.0436078,0.0442565,0.0442565,0.0878643
M,-0.117811,0.0442565,0.0442565,-0.0735543
M,0.207401,0.0442565,0.0442565,0.251657
M,-0.418165,0.0442565,0.0442565,-0.373909
M,-0.0335458,0.0442565,0.0442565,0.0107107
M,-0.198334,0.0442565,0.0442565,-0.154078
M,0.0610999,0.0442565,0.0442565,0.105356
M,-0.180552,0.0685577,0.0685577,-0.111994
M,-0.0921944,0.00391877,0.00391877,-0.0882756
M,0.0193143,0.0442565,0.0442565,0.0635708
M,0.00624454,0.0442565,0.0442565,0.050501
M,-0.12272,0.0442565,0.0442565,-0.0784633
M,-0.171714,0.0442565,0.0442565,-0.127458
M,-0.0263757,0.0442565,0.0442565,0.0178808
M,0.0167247,0.0442565,0.0442565,0.0609812
M,-0.515513,0.0442565,0.0442565,-0.471256
M,0.443368,0.0442565,0.0442565,0.487624
M,0.267349,0.0442565,0.0442565,0.311606
M,-0.0522816,0.0442565,0.0442565,-0.00802513
M,0.075368,0.0442565,0.0442565,0.119624
M,0.313326,0.0442565,0.0442565,0.357582
M,-0.2158,0.0442565,0.0442565,-0.171544
M,0.11284,0.0442565,0.0442565,0.157097
M,0.0557245,0.0442565,0.0442565,0.0999809
M,-0.464718,0.0442565,0.0442565,-0.420462
M,0.224977,0.0442565,0.0442565,0.269234
M,-0.0285479,0.0442565,0.0442565,0.0157086
M,0.210826,0.0442565,0.0442565,0.255083
M,0.216931,0.0442565,0.0442565,0.261188
M,-0.160182,0.0442565,0.0442565,-0.115925
M,-0.184643,0.0442565,0.0442565,-0.140386
M,-0.421982,0.0442565,0.0442565,-0.377725
M,0.025455,0.0442565,0.0442565,0.0697115
M,-0.0291268,0.0442565,0.0442565,0.0151297
M,-0.170736,0.0442565,0.0442565,-0.12648
M,0.290712,0.0442565,0.0442565,0.334969
M,-0.0456139,0.0442565,0.0442565,-0.00135737
M,-0.0630141,0.0442565,0.0442565,-0.0187576
M,0.0555144,0.0442565,0.0442565,0.0997709
M,-0.125897,0.0442565,0.0442565,-0.0816408
M,-0.201115,-0.00773509,-0.00773509,-0.20885
M,-0.472531,0.0442565,0.0442565,-0.428274
M,-0.0199079,0.0442565,0.0442565,0.0243486
M,-0.0223119,0.0442565,0.0442565,0.0219446
M,-0.0586549,0.0442565,0.0442565,-0.0143984
M,-0.0218879,0.0442565,0.0442565,0.0223686
M,-0.209921,0.0442565,0.0442565,-0.165664
M,-0.282827,0.0442565,0.0442565,-0.238571
M,0.0855439,0.0442565,0.0442565,0.1298
M,0.0973952,0.0442565,0.0442565,0.141652
M,-0.260421,0.0442565,0.0442565,-0.216165
M,0.0400012,0.0442565,0.0442565,0.0842576
M,0.166529,0.00391877,0.00391877,0.170448
M,-0.058515,0.0442565,0.0442565,-0.0142585
M,-0.342418,0.0442565,0.0442565,-0.298162
M,-0.0827773,0.0442565,0.0442565,-0.0385208
M,-0.0557581,0.0442565,0.0442565,-0.0115016
M,0.0305074,0.0442565,0.0442565,0.0747639
M,-0.377999,0.0442565,0.0442565,-0.333743
M,0.148532,0.0442565,0.0442565,0.192788
M,0.141521,0.00391877,0.00391877,0.145439
M,-0.177214,0.0442565,0.0442565,-0.132958
M,-0.0132473,0.0442565,0.0442565,0.0310091
M,0.154713,0.00391877,0.00391877,0.158632
M,-0.039971,0.0442565,0.0442565,0.00428553
M,0.122314,0.0442565,0.0442565,0.166571
M,-0.161996,0.0442565,0.0442565,-0.11774
M,-0.0592624,0.0442565,0.0442565,-0.0150059
M,-0.0399984,0.0442565,0.0442565,0.00425809
M,-0.0571908,0.0442565,0.0442565,-0.0129343
M,0.204852,0.0442565,0.0442565,0.249108
M,-0.0718021,0.0442565,0.0442565,-0.0275456
M,-0.0442516,0.0442565,0.0442565,4.87205e-06
M,-0.111993,0.0442565,0.0442565,-0.0677361
M,-0.255427,0.00391877,0.00391877,-0.251508
M,-0.334578,0.0442565,0.0442565,-0.290322
M,-0.326216,0.0442565,0.0442565,-0.281959
M,0.0349295,0.0442565,0.0442565,0.079186
M,0.0522627,0.0442565,0.0442565,0.0965192
M,-0.408964,0.0442565,0.0442565,-0.364708
M,-0.118037,0.0442565,0.0442565,-0.0737806
M,0.196198,0.0442565,0.0442565,0.240455
M,-0.13451,0.0442565,0.0442565,-0.0902537
M,0.127516,0.0442565,0.0442565,0.171772
M,-0.0889698,0.0442565,0.0442565,-0.0447133
M,-0.196085,-0.00773509,-0.00773509,-0.20382
M,-0.236286,0.0442565,0.0442565,-0.19203
M,-0.203149,0.0442565,0.0442565,-0.158892
M,-0.311221,0.0442565,0.0442565,-0.266964
M,-0.509119,0.0442565,0.0442565,-0.464863
M,0.0533295,0.0442565,0.0442565,0.097586
M,-0.261917,0.0442565,0.0442565,-0.217661
M,-0.00561428,0.0442565,0.0442565,0.0386422
M,-0.024137,0.00391877,0.00391877,-0.0202182
M,0.235157,0.0442565,0.0442565,0.279413
M,0.121395,0.0442565,0.0442565,0.165651
M,-0.230542,0.0442565,0.0442565,-0.186286
M,0.074285,0.0442565,0.0442565,0.118542
M,-0.0904965,0.0442565,0.0442565,-0.04624
M,-0.0462951,0.0442565,0.0442565,-0.00203861
M,0.203674,0.0442565,0.0442565,0.24793
M,-0.0443011,0.0442565,0.0442565,-4.46142e-05
M,0.0960812,0.0442565,0.0442565,0.140338
M,-0.0537074,0.0442565,0.0442565,-0.00945092
M,0.259336,0.0442565,0.0442565,0.303592
M,-0.205794,0.0442565,0.0442565,-0.161537
M,-0.115805,0.0442565,0.0442565,-0.0715485
M,-0.081397,0.0442565,0.0442565,-0.0371405
M,-0.0642396,0.0442565,0.0442565,-0.0199831
M,-0.168561,0.0442565,0.0442565,-0.124305
M,0.126459,0.0442565,0.0442565,0.170716
M,0.208827,0.0442565,0.0442565,0.253083
M,0.131065,0.0442565,0.0442565,0.175321
M,-0.34966,0.0442565,0.0442565,-0.305404
M,-0.0487202,0.0442565,0.0442565,-0.00446373
M,-0.202929,0.0442565,0.0442565,-0.158672
M,0.107402,0.00391877,0.00391877,0.111321
M,0.00861406,0.0442565,0.0442565,0.0528706
M,-0.123024,0.0442565,0.0442565,-0.0787673
M,0.214032,0.0442565,0.0442565,0.258288
M,-0.0427924,0.0442565,0.0442565,0.00146407
M,-0.0200182,0.0442565,0.0442565,0.0242383
M,0.102375,0.0442565,0.0442565,0.146632
M,0.0135132,0.0442565,0.0442565,0.0577697
M,0.00353213,0.0442565,0.0442565,0.0477886
M,-0.165951,0.0442565,0.0442565,-0.121695
M,-0.26991,0.0442565,0.0442565,-0.225654
M,-0.0109513,0.0442565,0.0442565,0.0333052
M,-0.222023,0.0442565,0.0442565,-0.177767
M,-0.423978,-0.00773509,-0.00773509,-0.431714
M,-0.0954777,0.0442565,0.0442565,-0.0512212
M,-0.0891721,0.0442565,0.0442565,-0.0449156
M,-0.331194,0.0442565,0.0442565,-0.286938
M,0.00970125,0.0442565,0.0442565,0.0539577
M,-0.12837,0.0442565,0.0442565,-0.0841139
M,-0.0306569,0.0442565,0.0442565,0.0135996
M,-0.111886,0.0442565,0.0442565,-0.0676296
M,-0.326115,0.0442565,0.0442565,-0.281858
M,0.077967,0.0442565,0.0442565,0.122223
M,0.400528,0.0442565,0.0442565,0.444785
M,0.0131165,-0.00773509,-0.00773509,0.00538145
M,0.0478988,0.0442565,0.0442565,0.0921553
M,-0.137775,0.0442565,0.0442565,-0.0935187
M,-0.0707527,0.0442565,0.0442565,-0.0264962
M,0.342181,0.00391877,0.00391877,0.346099
M,0.152816,0.0442565,0.0442565,0.197073
M,0.203377,0.0442565,0.0442565,0.247633
M,-0.30541,0.0442565,0.0442565,-0.261154
M,0.136726,0.0442565,0.0442565,0.180983
M,0.341588,0.00391877,0.00391877,0.345507
M,-0.104328,0.0685577,0.0685577,-0.0357705
M,-0.0231579,0.0442565,0.0442565,0.0210986
M,0.00557679,0.0442565,0.0442565,0.0498333
M,-0.0250223,0.0442565,0.0442565,0.0192342
M,0.246923,0.0442565,0.0442565,0.291179
M,-0.0577341,0.0442565,0.0442565,-0.0134776
M,0.0202646,0.0442565,0.0442565,0.064521
M,0.351198,0.0442565,0.0442565,0.395455
M,0.311126,0.0442565,0.0442565,0.355383
M,0.0904425,0.0442565,0.0442565,0.134699
M,-0.127274,0.0442565,0.0442565,-0.0830173
M,0.166701,0.0442565,0.0442565,0.210958
M,0.31921,0.0442565,0.0442565,0.363466
M,-0.105341,0.0442565,0.0442565,-0.0610848
M,-0.404349,0.0442565,0.0442565,-0.360093
M,0.0396551,0.0442565,0.0442565,0.0839116
M,-0.137028,0.0400041,0.0400041,-0.0970239
M,0.143149,0.0442565,0.0442565,0.187405
M,0.103278,0.0442565,0.0442565,0.147535
M,0.0624405,0.0442565,0.0442565,0.106697
M,-0.0649335,0.0442565,0.0442565,-0.020677
M,-0.186617,0.0442565,0.0442565,-0.14236
M,-0.181051,0.0442565,0.0442565,-0.136795
M,-0.0519,0.0442565,0.0442565,-0.00764347
M,0.319662,0.0442565,0.0442565,0.363919
M,0.0405306,0.0442565,0.0442565,0.0847871
M,-0.0156946,0.0442565,0.0442565,0.0285619
M,0.0474497,0.0442565,0.0442565,0.0917062
M,-0.258178,0.00391877,0.00391877,-0.25426
M,-0.0161829,0.0442565,0.0442565,0.0280735
M,-0.317016,0.0442565,0.0442565,-0.272759
M,0.691233,0.0442565,0.0442565,0.735489
M,-0.137499,0.0442565,0.0442565,-0.0932424
M,-0.150967,0.0442565,0.0442565,-0.106711
M,-0.0721706,0.0442565,0.0442565,-0.0279141
M,0.139857,0.0442565,0.0442565,0.184114
M,-0.104344,0.00391877,0.00391877,-0.100425
M,-0.0175479,0.0442565,0.0442565,0.0267086
M,-0.00719289,0.0442565,0.0442565,0.0370636
M,-0.095338,0.0442565,0.0442565,-0.0510815
M,0.0239139,0.0442565,0.0442565,0.0681704
M,-0.289424,0.0442565,0.0442565,-0.245168
M,0.0686841,0.0685577,0.0685577,0.137242
M,0.031758,0.0442565,0.0442565,0.0760145
M,-0.2139,0.0442565,0.0442565,-0.169643
M,-0.311193,0.0442565,0.0442565,-0.266936
M,-0.0279098,0.0442565,0.0442565,0.0163467
M,-0.2557,0.0442565,0.0442565,-0.211444
M,-0.281991,0.0442565,0.0442565,-0.237735
M,0.288124,0.0442565,0.0442565,0.33238
M,-0.232177,0.0442565,0.0442565,-0.18792
M,0.137162,0.0442565,0.0442565,0.181418
M,0.411483,0.0442565,0.0442565,0.45574
M,-0.0722487,0.00391877,0.00391877,-0.0683299
M,0.144386,0.0442565,0.0442565,0.188643
M,-0.31976,0.0442565,0.0442565,-0.275504
M,0.0928906,0.0442565,0.0442565,0.137147
M,0.198878,0.0442565,0.0442565,0.243134
M,0.00364757,0.0442565,0.0442565,0.0479041
M,-0.275914,0.0442565,0.0442565,-0.231657
M,-0.0415072,0.0442565,0.0442565,0.0027493
M,0.209182,0.0442565,0.0442565,0.253438
M,0.23301,0.0442565,0.0442565,0.277266
M,0.121776,0.0442565,0.0442565,0.166033
M,-0.256747,0.0442565,0.0442565,-0.21249
M,0.166192,0.0442565,0.0442565,0.210448
M,-0.335667,0.0442565,0.0442565,-0.29141
M,-0.0618222,0.0442565,0.0442565,-0.0175657
M,-0.00198732,0.0442565,0.0442565,0.0422692
M,-0.0722194,0.0442565,0.0442565,-0.0279629
M,0.281837,0.0442565,0.0442565,0.326094
M,-0.170218,0.0442565,0.0442565,-0.125961
M,0.0976028,0.0442565,0.0442565,0.141859
M,-0.015958,0.0442565,0.0442565,0.0282985
M,0.0878257,-0.00773509,-0.00773509,0.0800906
M,-0.0136527,0.0442565,0.0442565,0.0306038
M,-0.0762059,0.0442565,0.0442565,-0.0319494
M,0.0482819,0.0442565,0.0442565,0.0925384
M,0.0920488,0.0442565,0.0442565,0.136305
M,0.106845,0.0442565,0.0442565,0.151102
M,0.00666412,0.0442565,0.0442565,0.0509206
M,-0.0243349,0.0442565,0.0442565,0.0199216
M,-0.067914,0.0442565,0.0442565,-0.0236575
M,-0.0345907,0.0442565,0.0442565,0.00966578
M,0.178264,0.0442565,0.0442565,0.22252
M,0.0144442,0.0442565,0.0442565,0.0587007
M,0.0337759,0.0442565,0.0442565,0.0780324
M,-0.0266771,0.0442565,0.0442565,0.0175794
M,-0.284262,0.0685577,0.0685577,-0.215704
M,0.017322,0.0442565,0.0442565,0.0615785
M,-0.127675,0.0442565,0.0442565,-0.0834184
M,-0.259554,0.0442565,0.0442565,-0.215298
M,0.335866,0.0442565,0.0442565,0.380123
M,-0.0380995,0.0442565,0.0442565,0.00615698
M,-0.409933,0.0442565,0.0442565,-0.365677
M,0.0824501,0.0442565,0.0442565,0.126707
M,-0.0298316,0.0442565,0.0442565,0.0144249
M,-0.0131887,0.0442565,0.0442565,0.0310678
M,0.0696516,0.0442565,0.0442565,0.113908
M,0.330745,0.0442565,0.0442565,0.375001
M,0.040321,0.00391877,0.00391877,0.0442398
M,-0.20391,0.0442565,0.0442565,-0.159654
M,0.0204408,0.0442565,0.0442565,0.0646973
M,-0.25891,0.0442565,0.0442565,-0.214653
M,-0.0489407,0.0442565,0.0442565,-0.00468418
M,-0.328989,0.0442565,0.0442565,-0.284733
M,-0.00237538,0.0442565,0.0442565,0.0418811
M,-0.263731,0.0442565,0.0442565,-0.219475
M,-0.152795,0.0442565,0.0442565,-0.108539
M,-0.427656,0.0442565,0.0442565,-0.3834
M,-0.177785,0.0442565,0.0442565,-0.133529
M,-0.266939,0.0442565,0.0442565,-0.222682
M,-0.0830664,0.0442565,0.0442565,-0.0388099
M,-0.025126,0.0442565,0.0442565,0.0191305
M,-0.0299915,0.0442565,0.0442565,0.014265
M,0.0273877,0.0442565,0.0442565,0.0716442
M,0.0616259,0.0442565,0.0442565,0.105882
M,0.0531202,0.0442565,0.0442565,0.0973767
M,-0.123464,0.0442565,0.0442565,-0.0792079
M,0.137981,0.0442565,0.0442565,0.182237
M,0.149958,0.0442565,0.0442565,0.194215
M,0.0777111,0.0442565,0.0442565,0.121968
M,0.409424,0.0442565,0.0442565,0.453681
M,-0.0645701,0.0442565,0.0442565,-0.0203136
M,-0.194158,0.0442565,0.0442565,-0.149901
M,-0.117222,0.0442565,0.0442565,-0.072966
M,-0.0897723,0.0442565,0.0442565,-0.0455158
M,0.069855,0.0442565,0.0442565,0.114111
M,-0.223158,0.0442565,0.0442565,-0.178902
M,0.101175,0.0442565,0.0442565,0.145431
M,0.0877032,0.0442565,0.0442565,0.13196
M,0.277087,0.0442565,0.0442565,0.321343
M,-0.18889,0.0442565,0.0442565,-0.144634
M,-0.107974,0.0442565,0.0442565,-0.0637179
M,0.447478,0.0442565,0.0442565,0.491735
M,-0.0483047,0.0442565,0.0442565,-0.00404817
M,-0.00453844,-0.00773509,-0.00773509,-0.0122735
M,0.187315,0.0442565,0.0442565,0.231571
M,0.0861908,0.0442565,0.0442565,0.130447
M,-0.353082,0.0442565,0.0442565,-0.308825
M,-0.0481646,0.0442565,0.0442565,-0.00390806
M,0.0561394,0.0442565,0.0442565,0.100396
M,-0.253568,0.0442565,0.0442565,-0.209311
M,0.155233,0.0442565,0.0442565,0.199489
M,-0.197193,0.0442565,0.0442565,-0.152936
M,-0.46769,0.0442565,0.0442565,-0.423433
M,-0.163705,0.0442565,0.0442565,-0.119449
M,-0.307035,0.0442565,0.0442565,-0.262778
M,0.115344,0.0442565,0.0442565,0.159601
M,-0.173308,0.0442565,0.0442565,-0.129052
M,-0.298939,0.0442565,0.0442565,-0.254683
M,0.121242,0.0442565,0.0442565,0.165499
M,-0.151772,0.0442565,0.0442565,-0.107516
M,0.0181742,0.0442565,0.0442565,0.0624307
M,-0.0260044,0.0442565,0.0442565,0.0182521
M,-0.0636725,0.0442565,0.0442565,-0.019416
M,0.0980464,0.0442565,0.0442565,0.142303
M,0.199163,0.0442565,0.0442565,0.24342
M,-0.00469811,0.00391877,0.00391877,-0.000779335
M,0.138486,0.0442565,0.0442565,0.182742
M,-0.179773,0.0442565,0.0442565,-0.135517
M,-0.000416604,0.0442565,0.0442565,0.0438399
M,-0.00799126,0.0442565,0.0442565,0.0362652
M,0.226882,0.0442565,0.0442565,0.271138
M,0.0874219,0.0442565,0.0442565,0.131678
M,-0.116872,0.0442565,0.0442565,-0.0726154
M,-0.125812,0.0442565,0.0442565,-0.0815552
M,-0.204131,0.0442565,0.0442565,-0.159875
M,0.0543692,0.0442565,0.0442565,0.0986257
M,0.139135,0.0442565,0.0442565,0.183392
M,0.0216554,0.0442565,0.0442565,0.0659119
M,0.366818,0.0442565,0.0442565,0.411074
M,-0.292254,0.0442565,0.0442565,-0.247997
M,0.249208,0.0442565,0.0442565,0.293465
M,0.113569,0.0442565,0.0442565,0.157825
M,-0.160376,0.0442565,0.0442565,-0.11612
M,-0.010528,0.0442565,0.0442565,0.0337285
M,-0.439844,0.0442565,0.0442565,-0.395588
M,0.0702349,0.0442565,0.0442565,0.114491
M,0.288663,-0.00773509,-0.00773509,0.280928
M,-0.117913,0.0442565,0.0442565,-0.0736567
M,0.42177,0.0442565,0.0442565,0.466026
M,0.0393299,0.0442565,0.0442565,0.0835864
M,0.0879095,0.0442565,0.0442565,0.132166
M,0.407015,0.0442565,0.0442565,0.451272
M,0.315192,0.0442565,0.0442565,0.359449
M,-0.177723,0.0442565,0.0442565,-0.133466
M,-0.0502307,0.00391877,0.00391877,-0.0463119
M,-0.0951196,0.0442565,0.0442565,-0.0508631
M,0.372235,0.0442565,0.0442565,0.416491
M,-0.0586935,0.0442565,0.0442565,-0.014437
M,-0.0026095,0.0442565,0.0442565,0.041647
M,-0.23351,0.0442565,0.0442565,-0.189254
M,0.187517,0.0442565,0.0442565,0.231774
M,-0.00573608,0.0442565,0.0442565,0.0385204
M,-0.0989555,0.0442565,0.0442565,-0.054699
M,-0.0587867,0.0442565,0.0442565,-0.0145302
M,0.208265,0.0442565,0.0442565,0.252521
M,0.100274,0.0442565,0.0442565,0.14453
M,0.0235785,0.0442565,0.0442565,0.067835
M,0.118303,0.0442565,0.0442565,0.162559
M,-0.269692,0.0442565,0.0442565,-0.225436
M,-0.1232,0.0442565,0.0442565,-0.0789439
M,-0.215366,0.0442565,0.0442565,-0.171109
M,-0.283793,0.0442565,0.0442565,-0.239536
M,-0.479831,0.00391877,0.00391877,-0.475912
M,0.195806,0.0442565,0.0442565,0.240062
M,-0.0466758,0.0442565,0.0442565,-0.00241926
M,0.0149192,0.0685577,0.0685577,0.0834769
M,-0.37082,0.0442565,0.0442565,-0.326563
M,-0.265347,0.0442565,0.0442565,-0.221091
M,-0.016731,0.0442565,0.0442565,0.0275255
M,0.138326,0.0442565,0.0442565,0.182583
M,0.026055,0.0442565,0.0442565,0.0703115
M,-0.0944191,0.0442565,0.0442565,-0.0501626
M,-0.0702654,0.0442565,0.0442565,-0.0260089
M,-0.228374,0.0442565,0.0442565,-0.184117
M,-0.0697715,0.0442565,0.0442565,-0.025515
M,-0.142721,0.0442565,0.0442565,-0.0984646
M,-0.1158,0.0442565,0.0442565,-0.071543
M,-0.308944,-0.00773509,-0.00773509,-0.316679
M,-0.507329,0.0442565,0.0442565,-0.463073
M,-0.13042,0.0442565,0.0442565,-0.0861636
M,-0.378114,0.0442565,0.0442565,-0.333858
M,0.0515979,0.00391877,0.00391877,0.0555166
M,0.0223837,0.0442565,0.0442565,0.0666402
M,0.102993,0.0442565,0.0442565,0.147249
M,-0.269502,0.0442565,0.0442565,-0.225246
M,-0.0714584,0.0442565,0.0442565,-0.0272019
M,0.342987,0.0442565,0.0442565,0.387244
M,0.0119829,0.0442565,0.0442565,0.0562394
M,-0.14909,0.0442565,0.0442565,-0.104833
M,-0.624106,0.0442565,0.0442565,-0.57985
M,-0.0316276,0.0442565,0.0442565,0.0126289
M,0.203234,0.0442565,0.0442565,0.247491
M,0.0851565,0.0442565,0.0442565,0.129413
M,-0.0589787,0.0442565,0.0442565,-0.0147222
M,0.350416,0.0442565,0.0442565,0.394672
M,-0.213199,0.0442565,0.0442565,-0.168943
M,-0.277523,0.0442565,0.0442565,-0.233267
M,-0.0357817,0.0442565,0.0442565,0.00847479
M,-0.0114757,0.0442565,0.0442565,0.0327808
M,-0.0304755,0.0442565,0.0442565,0.013781
M,-0.130332,0.0442565,0.0442565,-0.0860758
M,-0.118194,0.0442565,0.0442565,-0.0739371
M,-0.00413176,0.0442565,0.0442565,0.0401247
M,0.28138,0.0442565,0.0442565,0.325637
M,0.337468,0.0442565,0.0442565,0.381724
M,-0.0775553,0.0442565,0.0442565,-0.0332988
M,-0.373585,0.0442565,0.0442565,-0.329329
M,-0.244594,0.0442565,0.0442565,-0.200338
M,0.00185824,0.0442565,0.0442565,0.0461147
M,0.333879,0.0442565,0.0442565,0.378135
M,-0.0344418,0.0442565,0.0442565,0.00981474
M,-0.247239,0.0442565,0.0442565,-0.202982
M,0.354521,0.0442565,0.0442565,0.398777
M,-0.259988,-0.00773509,-0.00773509,-0.267723
M,-0.318029,0.0442565,0.0442565,-0.273772
M,-0.144043,0.0442565,0.0442565,-0.0997863
M,-0.31277,0.0442565,0.0442565,-0.268513
M,0.171557,0.0442565,0.0442565,0.215813
M,0.000553337,0.0442565,0.0442565,0.0448098
M,0.427253,0.0442565,0.0442565,0.471509
M,0.0287931,0.0442565,0.0442565,0.0730496
M,-0.115881,0.0442565,0.0442565,-0.071624
M,-0.167573,0.0442565,0.0442565,-0.123316
M,-0.119128,0.0442565,0.0442565,-0.0748713
M,-0.0112387,0.0442565,0.0442565,0.0330178
M,0.129317,0.0442565,0.0442565,0.173573
M,-0.13346,0.0442565,0.0442565,-0.0892033
M,-0.0593338,0.0442565,0.0442565,-0.0150773
M,0.151954,0.0442565,0.0442565,0.196211
M,-0.359391,0.0442565,0.0442565,-0.315134
M,0.0314775,0.0442565,0.0442565,0.075734
M,0.382965,0.0442565,0.0442565,0.427221
M,0.139156,0.0442565,0.0442565,0.183412
M,-0.0507614,0.0442565,0.0442565,-0.00650494
M,-0.344735,0.00391877,0.00391877,-0.340816
M,-0.302362,0.00391877,0.00391877,-0.298443
M,-0.0675053,0.00391877,0.00391877,-0.0635865
M,-0.423785,0.0442565,0.0442565,-0.379528
M,0.150868,0.0442565,0.0442565,0.195124
M,-0.0950967,0.0442565,0.0442565,-0.0508402
M,-0.211066,0.0442565,0.0442565,-0.166809
M,0.216778,0.0442565,0.0442565,0.261034
M,-0.199653,0.0442565,0.0442565,-0.155396
M,-0.172851,0.0442565,0.0442565,-0.128594
M,-0.226577,0.0442565,0.0442565,-0.182321
M,0.0826863,0.0442565,0.0442565,0.126943
M,0.00566539,0.0442565,0.0442565,0.0499219
M,-0.355069,0.0442565,0.0442565,-0.310813
M,0.0408609,0.0442565,0.0442565,0.0851174
M,0.0339866,0.0442565,0.0442565,0.0782431
M,-0.36329,0.0442565,0.0442565,-0.319034
M,0.251422,0.0442565,0.0442565,0.295679
M,0.263899,0.0442565,0.0442565,0.308155
M,-0.403962,0.0442565,0.0442565,-0.359705
M,0.0269014,0.0442565,0.0442565,0.0711579
M,-0.201926,0.0442565,0.0442565,-0.157669
M,-0.0937058,0.0442565,0.0442565,-0.0494493
M,-0.136246,0.0442565,0.0442565,-0.091989
M,-0.0416738,0.0442565,0.0442565,0.00258273
M,-0.154385,0.0442565,0.0442565,-0.110128
M,0.15548,0.0442565,0.0442565,0.199736
M,-0.489421,0.0442565,0.0442565,-0.445165
M,-0.165321,0.0442565,0.0442565,-0.121064
M,-0.333844,0.0442565,0.0442565,-0.289587
M,-0.266158,0.0442565,0.0442565,-0.221901
M,-0.0481705,0.0442565,0.0442565,-0.003914
M,-0.121788,0.0442565,0.0442565,-0.0775313
M,0.184135,0.0442565,0.0442565,0.228392
M,-0.0850778,0.0442565,0.0442565,-0.0408213
M,0.139498,0.00391877,0.00391877,0.143417
M,0.336458,0.0442565,0.0442565,0.380715
M,-0.0461337,0.0442565,0.0442565,-0.00187723
M,-0.063815,0.0442565,0.0442565,-0.0195585
M,-0.215381,0.0442565,0.0442565,-0.171125
M,0.22579,0.0442565,0.0442565,0.270046
M,-0.346255,0.0442565,0.0442565,-0.301998
M,0.177407,0.0442565,0.0442565,0.221663
M,-0.135123,0.0442565,0.0442565,-0.0908662
M,0.0570533,0.0442565,0.0442565,0.10131
M,0.178755,-0.00773509,-0.00773509,0.17102
M,-0.184187,0.0442565,0.0442565,-0.139931
M,0.331857,0.0442565,0.0442565,0.376114
M,-0.27049,0.0442565,0.0442565,-0.226234
M,0.0118275,0.0442565,0.0442565,0.056084
M,-0.0468859,0.0442565,0.0442565,-0.00262936
M,-0.415888,0.0442565,0.0442565,-0.371631
M,-0.237364,0.0442565,0.0442565,-0.193108
M,-0.268934,0.0442565,0.0442565,-0.224677
M,0.233872,0.0442565,0.0442565,0.278129
M,-0.347812,0.0442565,0.0442565,-0.303556
M,0.0893646,0.0442565,0.0442565,0.133621
M,0.451231,0.0442565,0.0442565,0.495488
M,-0.0262471,0.0442565,0.0442565,0.0180094
M,-0.0340341,0.0442565,0.0442565,0.0102224
M,0.20384,-0.00773509,-0.00773509,0.196105
M,-0.560978,0.0442565,0.0442565,-0.516722
M,0.0295071,0.0442565,0.0442565,0.0737636
M,0.0113908,0.0442565,0.0442565,0.0556473
M,-0.165589,0.0442565,0.0442565,-0.121332
M,0.0445487,0.0442565,0.0442565,0.0888052
M,0.171416,0.0442565,0.0442565,0.215673
M,0.188673,0.0442565,0.0442565,0.23293
M,0.384764,0.0442565,0.0442565,0.429021
M,0.25396,0.00391877,0.00391877,0.257879
M,0.357988,-0.00773509,-0.00773509,0.350253
M,-0.0236057,0.0442565,0.0442565,0.0206508
M,0.316451,0.0442565,0.0442565,0.360708
M,-0.159121,0.0685577,0.0685577,-0.090563
M,-0.338651,-0.00773509,-0.00773509,-0.346386
M,0.0591636,0.0442565,0.0442565,0.10342
M,0.204629,0.0442565,0.0442565,0.248886
M,-0.0240941,0.0442565,0.0442565,0.0201623
M,-0.0568853,0.0442565,0.0442565,-0.0126288
M,0.167732,0.0442565,0.0442565,0.211988
M,-0.216545,0.0442565,0.0442565,-0.172288
M,-0.298406,0.0442565,0.0442565,-0.254149
M,-0.117308,0.0442565,0.0442565,-0.0730516
M,0.149455,0.0442565,0.0442565,0.193711
M,-0.188202,0.0442565,0.0442565,-0.143945
M,0.00359104,0.0442565,0.0442565,0.0478475
M,0.00901542,0.0442565,0.0442565,0.0532719
M,0.0539246,0.0442565,0.0442565,0.0981811
M,0.0458624,0.0442565,0.0442565,0.0901189
M,0.0630623,0.0442565,0.0442565,0.107319
M,0.10364,0.0442565,0.0442565,0.147897
M,0.367092,0.0442565,0.0442565,0.411348
M,-0.168165,0.0442565,0.0442565,-0.123909
M,-0.314423,0.0442565,0.0442565,-0.270166
M,-0.640841,0.00391877,0.00391877,-0.636922
M,0.00842635,0.0442565,0.0442565,0.0526829
M,0.183968,0.0442565,0.0442565,0.228224
M,-0.0937958,0.0442565,0.0442565,-0.0495393
M,0.178035,0.0442565,0.0442565,0.222292
M,-0.207212,0.00391877,0.00391877,-0.203293
M,-0.27369,0.0442565,0.0442565,-0.229433
M,-0.0988033,0.0442565,0.0442565,-0.0545468
M,0.273026,0.0442565,0.0442565,0.317282
M,-0.0131441,0.0442565,0.0442565,0.0311124
M,-0.136367,0.00391877,0.00391877,-0.132448
M,-0.187205,0.0442565,0.0442565,-0.142949
M,-0.192829,0.0442565,0.0442565,-0.148573
M,-0.0249905,0.0442565,0.0442565,0.019266
M,-0.0779033,0.0442565,0.0442565,-0.0336468
M,-0.113769,0.0442565,0.0442565,-0.0695127
M,-0.0425936,0.0442565,0.0442565,0.00166287
M,0.0601713,0.0442565,0.0442565,0.104428
M,-0.263635,0.0442565,0.0442565,-0.219379
M,0.0942234,0.0442565,0.0442565,0.13848
M,0.0634196,0.0442565,0.0442565,0.107676
M,-0.181208,0.00391877,0.00391877,-0.177289
M,-0.601021,0.0442565,0.0442565,-0.556764
M,0.0978779,0.0442565,0.0442565,0.142134
M,-0.36502,0.0442565,0.0442565,-0.320764
M,-0.160471,0.0442565,0.0442565,-0.116215
M,-0.197591,0.0442565,0.0442565,-0.153334
M,0.157373,0.0442565,0.0442565,0.201629
M,0.0111141,0.0442565,0.0442565,0.0553706
M,0.0539549,0.0442565,0.0442565,0.0982114
M,-0.253657,0.0442565,0.0442565,-0.209401
M,-0.223323,0.0442565,0.0442565,-0.179067
M,0.174509,0.0442565,0.0442565,0.218765
M,0.00596612,-0.00773509,-0.00773509,-0.00176898
M,-0.0141208,0.0442565,0.0442565,0.0301357
M,-0.347825,0.0442565,0.0442565,-0.303568
M,0.0929438,-0.00773509,-0.00773509,0.0852087
M,-0.440564,0.00391877,0.00391877,-0.436646
M,0.610153,0.0442565,0.0442565,0.654409
M,0.0245241,0.00391877,0.00391877,0.0284429
M,0.192648,0.0442565,0.0442565,0.236905
M,0.163823,0.0442565,0.0442565,0.208079
M,0.0438971,0.0442565,0.0442565,0.0881536
M,-0.0503592,0.0442565,0.0442565,-0.00610274
M,-0.0408692,0.0442565,0.0442565,0.00338732
M,-0.27629,0.0442565,0.0442565,-0.232034
M,-0.216438,-0.00773509,-0.00773509,-0.224174
M,-0.183655,0.0442565,0.0442565,-0.139398
M,0.168263,0.0442565,0.0442565,0.212519
M,0.0891262,0.0442565,0.0442565,0.133383
M,0.320082,0.0442565,0.0442565,0.364339
M,0.00912415,0.0442565,0.0442565,0.0533806
M,0.222,0.0442565,0.0442565,0.266256
M,0.249109,0.0442565,0.0442565,0.293365
M,0.0570222,0.0442565,0.0442565,0.101279
M,-0.183012,-0.00773509,-0.00773509,-0.190747
M,-0.187839,0.0442565,0.0442565,-0.143582
M,0.0353457,0.0442565,0.0442565,0.0796022
M,0.0785102,0.0442565,0.0442565,0.122767
M,-0.416932,0.0442565,0.0442565,-0.372676
M,-0.0331563,0.0442565,0.0442565,0.0111001
M,0.173402,0.0442565,0.0442565,0.217658
M,0.0449066,0.0442565,0.0442565,0.0891631
M,-0.129875,0.0442565,0.0442565,-0.0856186
M,0.0850049,0.0442565,0.0442565,0.129261
M,-0.0751732,-0.00773509,-0.00773509,-0.0829083
M,0.0810413,0.0442565,0.0442565,0.125298
M,0.461407,0.0442565,0.0442565,0.505663
M,0.00788788,0.0442565,0.0442565,0.0521444
M,-0.0439606,0.0442565,0.0442565,0.000295932
M,-0.161045,0.00391877,0.00391877,-0.157127
M,0.0950714,0.0442565,0.0442565,0.139328
M,-0.100103,0.0442565,0.0442565,-0.0558463
M,0.118446,0.0442565,0.0442565,0.162703
M,0.0562233,0.0442565,0.0442565,0.10048
M,0.270815,0.0442565,0.0442565,0.315071
M,0.0722336,0.0442565,0.0442565,0.11649
M,0.0066004,0.0442565,0.0442565,0.0508569
M,-0.168606,0.0442565,0.0442565,-0.12435
M,-0.365784,0.0442565,0.0442565,-0.321527
M,0.285934,0.0442565,0.0442565,0.330191
M,-0.0767224,0.0442565,0.0442565,-0.0324659
M,0.0328783,0.0442565,0.0442565,0.0771348
M,0.00943943,0.0442565,0.0442565,0.0536959
M,-0.25618,0.00391877,0.00391877,-0.252262
M,-0.00982051,0.0442565,0.0442565,0.034436
M,0.289782,0.0442565,0.0442565,0.334038
M,-0.192089,0.0442565,0.0442565,-0.147833
M,-0.0521537,0.0442565,0.0442565,-0.00789718
M,-0.436018,0.0442565,0.0442565,-0.391761
M,-0.184153,0.0442565,0.0442565,-0.139896
M,-0.0959332,0.0442565,0.0442565,-0.0516767
M,-0.28716,0.0442565,0.0442565,-0.242904
M,-0.0911088,0.0442565,0.0442565,-0.0468523
M,-0.0853149,0.0442565,0.0442565,-0.0410584
M,0.0993542,0.0442565,0.0442565,0.143611
M,-0.258934,0.0442565,0.0442565,-0.214677
M,0.199492,0.0442565,0.0442565,0.243749
M,-0.141872,0.0442565,0.0442565,-0.0976152
M,0.196474,0.0442565,0.0442565,0.24073
M,0.128387,0.0442565,0.0442565,0.172644
M,0.371413,0.0442565,0.0442565,0.415669
M,-0.0968542,0.0442565,0.0442565,-0.0525977
M,-0.270662,0.0442565,0.0442565,-0.226405
M,-0.131921,0.0442565,0.0442565,-0.0876641
M,0.196906,0.0442565,0.0442565,0.241163
M,0.407379,0.0442565,0.0442565,0.451635
M,0.151531,0.0442565,0.0442565,0.195788
M,-0.201185,0.0442565,0.0442565,-0.156928
M,-0.0951679,0.0442565,0.0442565,-0.0509114
M,0.012138,0.0442565,0.0442565,0.0563945
M,0.42047,0.0442565,0.0442565,0.464727
M,-0.226162,0.00391877,0.00391877,-0.222243
M,0.171551,0.0442565,0.0442565,0.215808
M,0.0231181,0.0442565,0.0442565,0.0673746
M,-0.294559,0.0442565,0.0442565,-0.250303
M,-0.143936,0.0442565,0.0442565,-0.0996791
M,-0.150477,0.0442565,0.0442565,-0.106221
M,0.0124051,0.0442565,0.0442565,0.0566616
M,-0.0656021,0.00391877,0.00391877,-0.0616834
M,-0.0633718,0.0442565,0.0442565,-0.0191153
M,-0.232783,0.00391877,0.00391877,-0.228865
M,0.134913,0.0442565,0.0442565,0.17917
M,0.118263,-0.00773509,-0.00773509,0.110528
M,-0.34174,0.0442565,0.0442565,-0.297483
M,-0.167118,0.0442565,0.0442565,-0.122862
M,0.577758,0.0442565,0.0442565,0.622014
M,0.0109906,0.0442565,0.0442565,0.0552471
M,-0.0917518,0.0442565,0.0442565,-0.0474953
M,0.0437845,0.0442565,0.0442565,0.088041
M,0.0561302,0.0442565,0.0442565,0.100387
M,-0.322443,0.0442565,0.0442565,-0.278186
M,-0.182202,0.0442565,0.0442565,-0.137945
M,0.334955,0.0442565,0.0442565,0.379211
M,0.0163465,0.0442565,0.0442565,0.060603
M,0.291106,0.0442565,0.0442565,0.335362
M,-0.212079,0.00391877,0.00391877,-0.20816
M,-0.391288,0.0442565,0.0442565,-0.347032
M,0.291262,0.0442565,0.0442565,0.335519
M,-0.331601,0.0442565,0.0442565,-0.287345
M,-0.192409,0.0442565,0.0442565,-0.148152
M,0.00230473,0.0442565,0.0442565,0.0465612
M,-0.335137,0.0442565,0.0442565,-0.290881
M,0.256282,0.0442565,0.0442565,0.300538
M,-0.0254379,0.0442565,0.0442565,0.0188186
M,0.0392029,0.0442565,0.0442565,0.0834594
M,0.0265743,0.0442565,0.0442565,0.0708308
M,-0.391163,0.0442565,0.0442565,-0.346907
M,0.0602722,0.0442565,0.0442565,0.104529
M,-0.196043,0.0442565,0.0442565,-0.151786
M,-0.0245742,0.0442565,0.0442565,0.0196822
M,0.159329,0.0442565,0.0442565,0.203585
M,-0.0575079,0.0442565,0.0442565,-0.0132514
M,-0.171017,0.0442565,0.0442565,-0.12676
M,0.0164001,0.0442565,0.0442565,0.0606566
M,0.34134,0.0442565,0.0442565,0.385596
M,0.0964748,0.0442565,0.0442565,0.140731
M,-0.136225,0.0442565,0.0442565,-0.0919681
M,-0.491215,0.00391877,0.00391877,-0.487296
M,0.143362,0.0442565,0.0442565,0.187618
M,0.22448,0.0442565,0.0442565,0.268737
M,0.255734,0.0442565,0.0442565,0.299991
M,0.559137,0.0442565,0.0442565,0.603394
M,-0.321872,0.0442565,0.0442565,-0.277616
M,0.00496281,0.0442565,0.0442565,0.0492193
M,-0.0561431,0.0442565,0.0442565,-0.0118866
M,0.0375868,0.0442565,0.0442565,0.0818433
M,-0.0417446,0.0442565,0.0442565,0.00251185
M,0.323383,0.0442565,0.0442565,0.36764
M,0.226667,0.0442565,0.0442565,0.270924
M,-0.130612,0.0442565,0.0442565,-0.0863555
M,0.00511212,0.0442565,0.0442565,0.0493686
M,0.118087,0.0442565,0.0442565,0.162343
M,-0.0231675,0.0442565,0.0442565,0.021089
M,0.106008,0.0442565,0.0442565,0.150265
M,-0.444047,0.0442565,0.0442565,-0.399791
M,-0.133186,0.0442565,0.0442565,-0.0889291
M,0.240556,0.0442565,0.0442565,0.284812
M,-0.0161426,0.0442565,0.0442565,0.0281139
M,0.0398059,0.0442565,0.0442565,0.0840624
M,-0.119168,0.0442565,0.0442565,-0.0749118
M,-0.49558,0.0442565,0.0442565,-0.451324
M,-0.299896,0.0442565,0.0442565,-0.255639
M,0.0799102,0.0442565,0.0442565,0.124167
M,-0.292118,0.0442565,0.0442565,-0.247862
M,-0.0193347,0.0442565,0.0442565,0.0249218
M,0.173668,0.0442565,0.0442565,0.217925
M,0.0211922,0.00391877,0.00391877,0.025111
M,-0.128006,0.0442565,0.0442565,-0.0837498
M,-0.0619199,0.0442565,0.0442565,-0.0176634
M,-0.0371664,0.0442565,0.0442565,0.00709009
M,0.178371,0.00391877,0.00391877,0.18229
M,0.139284,0.0442565,0.0442565,0.183541
M,0.00344348,0.0442565,0.0442565,0.0477
M,-0.133001,0.0442565,0.0442565,-0.0887447
M,-0.278716,0.0442565,0.0442565,-0.234459
M,0.155773,0.0442565,0.0442565,0.200029
M,-0.0468791,0.0442565,0.0442565,-0.00262263
M,-0.326981,0.0442565,0.0442565,-0.282725
M,-0.00030378,0.0442565,0.0442565,0.0439527
M,-0.0828214,0.0442565,0.0442565,-0.0385649
M,-0.214866,0.0442565,0.0442565,-0.170609
M,-0.257378,0.0442565,0.0442565,-0.213122
M,-0.150936,0.0442565,0.0442565,-0.106679
M,0.286945,0.0442565,0.0442565,0.331202
M,-0.320409,0.0442565,0.0442565,-0.276152
M,0.240775,0.0442565,0.0442565,0.285031
M,-0.0973026,0.0442565,0.0442565,-0.0530461
M,0.0277326,0.0442565,0.0442565,0.0719891
M,-0.108766,0.0442565,0.0442565,-0.0645093
M,-0.106087,0.0442565,0.0442565,-0.0618305
M,-0.19681,0.0442565,0.0442565,-0.152553
M,0.118105,0.0442565,0.0442565,0.162362
M,-0.0306045,0.0442565,0.0442565,0.0136519
M,-0.500209,0.00391877,0.00391877,-0.49629
M,0.216951,0.0442565,0.0442565,0.261208
M,0.013012,0.0442565,0.0442565,0.0572685
M,-0.0832078,0.0442565,0.0442565,-0.0389513
M,-0.605809,0.0442565,0.0442565,-0.561552
M,-0.0462152,0.0685577,0.0685577,0.0223426
M,-0.175111,0.0442565,0.0442565,-0.130855
M,0.221533,0.0442565,0.0442565,0.265789
M,0.26518,0.0442565,0.0442565,0.309437
M,-0.391034,0.0442565,0.0442565,-0.346777
M,0.0632987,0.0442565,0.0442565,0.107555
M,0.0816165,0.0442565,0.0442565,0.125873
M,-0.246349,-0.00773509,-0.00773509,-0.254084
M,-0.241484,0.0442565,0.0442565,-0.197227
M,0.00600655,0.0442565,0.0442565,0.050263
M,0.277364,0.0442565,0.0442565,0.32162
M,-0.167713,0.0442565,0.0442565,-0.123456
M,-0.16889,0.0442565,0.0442565,-0.124634
M,0.239993,0.0442565,0.0442565,0.284249
M,-0.00898715,0.0442565,0.0442565,0.0352693
M,0.191972,0.0442565,0.0442565,0.236229
M,0.182995,0.0442565,0.0442565,0.227252
M,-0.211311,0.0442565,0.0442565,-0.167054
M,0.303534,-0.00773509,-0.00773509,0.295799
M,-0.00588135,0.0442565,0.0442565,0.0383751
M,0.0209051,0.0442565,0.0442565,0.0651616
M,-0.00613555,0.0442565,0.0442565,0.038121
M,0.00933421,0.0442565,0.0442565,0.0535907
M,-0.530405,0.0442565,0.0442565,-0.486148
M,-0.142025,0.0442565,0.0442565,-0.0977681
M,-0.0590861,0.0442565,0.0442565,-0.0148296
M,-0.027985,0.0442565,0.0442565,0.0162715
M,0.05414,0.0442565,0.0442565,0.0983965
M,-0.115164,0.0442565,0.0442565,-0.0709078
M,0.0160534,0.0442565,0.0442565,0.0603099
M,-0.0956513,0.0442565,0.0442565,-0.0513948
M,0.160471,-0.00773509,-0.00773509,0.152736
M,-0.418767,0.0442565,0.0442565,-0.374511
M,0.142978,0.0685577,0.0685577,0.211535
M,-0.0188132,0.00391877,0.00391877,-0.0148944
M,-0.402345,0.0442565,0.0442565,-0.358089
M,0.0836325,0.0442565,0.0442565,0.127889
M,0.202552,0.0442565,0.0442565,0.246809
M,0.420838,0.0442565,0.0442565,0.465094
M,-0.0180234,0.0442565,0.0442565,0.0262331
M,-0.319616,0.0442565,0.0442565,-0.275359
M,-0.0380856,0.0442565,0.0442565,0.00617091
M,0.00240265,0.0442565,0.0442565,0.0466591
M,0.216161,0.0442565,0.0442565,0.260418
M,0.138458,0.0442565,0.0442565,0.182714
M,-0.286198,0.0442565,0.0442565,-0.241941
M,-0.0820934,0.0442565,0.0442565,-0.0378369
M,-0.069429,0.0442565,0.0442565,-0.0251725
M,-0.372594,0.0442565,0.0442565,-0.328337
M,0.176708,0.0442565,0.0442565,0.220965
M,-0.464483,0.0442565,0.0442565,-0.420227
M,-0.458886,0.0442565,0.0442565,-0.41463
M,-0.0720788,0.0442565,0.0442565,-0.0278223
M,-0.240714,0.0442565,0.0442565,-0.196457
M,0.176966,0.0442565,0.0442565,0.221222
M,0.0727208,-0.00773509,-0.00773509,0.0649857
M,0.1387,0.0442565,0.0442565,0.182956
M,-0.132547,0.0442565,0.0442565,-0.08829
M,0.0938078,0.0442565,0.0442565,0.138064
M,-0.0469138,0.0442565,0.0442565,-0.00265735
M,-0.147786,0.0442565,0.0442565,-0.103529
M,-0.186461,0.0442565,0.0442565,-0.142204
M,-0.276831,0.0442565,0.0442565,-0.232574
M,0.263919,0.0442565,0.0442565,0.308176
M,-0.0178554,0.0442565,0.0442565,0.0264011
M,-0.231829,0.0442565,0.0442565,-0.187572
M,0.196734,0.0442565,0.0442565,0.24099
M,0.107357,0.0442565,0.0442565,0.151614
M,0.092084,0.0442565,0.0442565,0.13634
M,-0.0100417,0.0442565,0.0442565,0.0342148
M,-0.204373,0.0442565,0.0442565,-0.160117
M,0.144708,0.0442565,0.0442565,0.188965
M,-0.158162,0.0442565,0.0442565,-0.113906
M,-0.038437,0.0442565,0.0442565,0.00581948
M,-0.1077,0.0442565,0.0442565,-0.063444
M,-0.0444284,0.0442565,0.0442565,-0.000171893
M,0.283025,0.0442565,0.0442565,0.327282
M,-0.183736,0.0442565,0.0442565,-0.139479
M,0.0509566,0.0442565,0.0442565,0.0952131
M,0.0182004,0.0442565,0.0442565,0.0624569
M,-0.115194,0.0442565,0.0442565,-0.0709373
M,0.0221642,0.00391877,0.00391877,0.026083
M,-0.034906,0.00391877,0.00391877,-0.0309873
M,-0.0655223,0.0442565,0.0442565,-0.0212658
M,-0.1193,0.0442565,0.0442565,-0.0750438
M,-0.322424,0.0442565,0.0442565,-0.278167
M,-0.0203824,0.0442565,0.0442565,0.0238741
M,-0.316891,0.0442565,0.0442565,-0.272635
M,-0.291861,0.0442565,0.0442565,-0.247605
M,-0.10433,0.0442565,0.0442565,-0.0600734
M,-0.0554298,0.0442565,0.0442565,-0.0111733
M,0.240361,0.0442565,0.0442565,0.284617
M,0.151553,0.0685577,0.0685577,0.22011
M,0.467991,0.0442565,0.0442565,0.512248
M,-0.277199,0.0442565,0.0442565,-0.232943
M,0.14316,0.0442565,0.0442565,0.187417
M,0.154301,0.0442565,0.0442565,0.198557
M,-0.196576,0.0442565,0.0442565,-0.152319
M,-0.282769,0.0442565,0.0442565,-0.238513
M,-0.284237,0.0442565,0.0442565,-0.23998
M,0.0207402,0.0442565,0.0442565,0.0649967
M,0.141306,0.0442565,0.0442565,0.185562
M,-0.0470925,0.0442565,0.0442565,-0.00283602
M,-0.115154,0.0442565,0.0442565,-0.0708979
M,-0.0324295,0.0442565,0.0442565,0.011827
M,-0.116076,0.0442565,0.0442565,-0.07182
M,0.0164079,0.0442565,0.0442565,0.0606644
M,0.0217091,0.0442565,0.0442565,0.0659656
M,0.0341531,0.0442565,0.0442565,0.0784096
M,0.0231279,0.0442565,0.0442565,0.0673844
M,0.0717017,0.0442565,0.0442565,0.115958
M,-0.0821596,0.0442565,0.0442565,-0.0379031
M,-0.259699,-0.00773509,-0.00773509,-0.267434
M,-0.00359817,0.0442565,0.0442565,0.0406583
M,-0.163703,0.0442565,0.0442565,-0.119446
M,-0.0432696,0.0442565,0.0442565,0.000986907
M,0.213648,0.0442565,0.0442565,0.257904
M,0.0595105,0.0442565,0.0442565,0.103767
M,-0.115093,0.0442565,0.0442565,-0.0708368
M,-0.00252042,0.0442565,0.0442565,0.0417361
M,0.0915385,0.0685577,0.0685577,0.160096
M,0.0668423,0.0442565,0.0442565,0.111099
M,-0.402447,-0.00773509,-0.00773509,-0.410182
M,-0.358673,0.0442565,0.0442565,-0.314416
M,0.0783654,0.0442565,0.0442565,0.122622
M,-0.0998584,0.0442565,0.0442565,-0.0556019
M,-0.107816,0.0442565,0.0442565,-0.0635599
M,0.0249604,0.0442565,0.0442565,0.0692169
M,-0.0827922,0.00391877,0.00391877,-0.0788735
M,-0.0998797,0.0442565,0.0442565,-0.0556232
M,-0.0544379,0.0442565,0.0442565,-0.0101814
M,-0.171855,0.0442565,0.0442565,-0.127598
M,-0.125639,0.0442565,0.0442565,-0.0813827
M,-0.137135,0.0442565,0.0442565,-0.0928787
M,-0.211086,0.0442565,0.0442565,-0.166829
M,-0.0346332,0.0442565,0.0442565,0.00962325
M,0.00698887,0.0442565,0.0442565,0.0512454
M,-0.0631968,0.0442565,0.0442565,-0.0189403
M,0.109778,0.0442565,0.0442565,0.154035
M,-0.303782,0.0442565,0.0442565,-0.259525
M,-0.419115,0.0442565,0.0442565,-0.374859
M,-0.0095306,0.0442565,0.0442565,0.0347259
M,0.0431392,0.0442565,0.0442565,0.0873957
M,-0.187457,0.0442565,0.0442565,-0.143201
M,-0.0623794,0.0442565,0.0442565,-0.0181229
M,0.0138684,0.0442565,0.0442565,0.0581249
M,-0.0936166,0.0442565,0.0442565,-0.0493601
M,-0.00787157,0.0442565,0.0442565,0.0363849
M,-0.140825,0.0442565,0.0442565,-0.0965683
M,-0.294285,0.0442565,0.0442565,-0.250028
M,-0.140679,0.0442565,0.0442565,-0.0964221
M,0.214727,0.0442565,0.0442565,0.258984
M,-0.0539088,0.0442565,0.0442565,-0.0096523
M,0.0852255,0.0442565,0.0442565,0.129482
M,0.154771,0.0442565,0.0442565,0.199028
M,-0.258215,0.0442565,0.0442565,-0.213959
M,-0.0629764,0.0442565,0.0442565,-0.0187199
M,-0.0199829,0.0442565,0.0442565,0.0242736
M,-0.185949,0.0442565,0.0442565,-0.141692
M,-4.85971e-05,0.0442565,0.0442565,0.0442079
M,-0.139302,0.0442565,0.0442565,-0.0950457
M,0.00329291,0.0442565,0.0442565,0.0475494
M,-0.0109862,0.00391877,0.00391877,-0.00706739
M,0.075187,0.00391877,0.00391877,0.0791058
M,-0.0708321,0.0442565,0.0442565,-0.0265756
M,-0.0167813,0.0442565,0.0442565,0.0274752
M,-0.0407346,0.0442565,0.0442565,0.00352189
M,-0.360531,0.0442565,0.0442565,-0.316275
M,0.0417549,0.0442565,0.0442565,0.0860114
M,0.291832,0.0442565,0.0442565,0.336088
M,0.19709,0.0442565,0.0442565,0.241347
M,-0.0876766,0.0442565,0.0442565,-0.0434201
M,-0.0687761,0.0442565,0.0442565,-0.0245196
M,0.139961,0.0442565,0.0442565,0.184217
M,-0.315309,-0.00773509,-0.00773509,-0.323044
M,0.274869,0.0442565,0.0442565,0.319126
M,-0.105191,0.0442565,0.0442565,-0.0609349
M,0.0218018,0.00391877,0.00391877,0.0257206
M,0.233844,0.0442565,0.0442565,0.278101
M,0.140756,0.0442565,0.0442565,0.185013
M,0.224196,0.0442565,0.0442565,0.268453
M,-0.089779,0.0442565,0.0442565,-0.0455225
M,0.174291,0.0442565,0.0442565,0.218548
M,0.118783,0.0442565,0.0442565,0.16304
M,0.0905742,0.0442565,0.0442565,0.134831
M,-0.218226,0.0442565,0.0442565,-0.17397
M,0.071519,0.0442565,0.0442565,0.115775
M,-0.0748845,0.0442565,0.0442565,-0.030628
M,-0.211947,0.0442565,0.0442565,-0.167691
M,-0.00473712,0.00391877,0.00391877,-0.000818348
M,-0.0869583,0.0442565,0.0442565,-0.0427018
M,-0.199838,0.0442565,0.0442565,-0.155581
M,-0.320652,0.0442565,0.0442565,-0.276395
M,-0.221167,0.0442565,0.0442565,-0.17691
M,-0.212876,0.00391877,0.00391877,-0.208957
M,-0.0661454,0.00391877,0.00391877,-0.0622266
M,0.0920288,0.0442565,0.0442565,0.136285
M,-0.0194954,0.0442565,0.0442565,0.0247611
M,0.219965,0.0442565,0.0442565,0.264222
M,-0.193329,0.0442565,0.0442565,-0.149073
M,-0.22974,0.0442565,0.0442565,-0.185483
M,0.291267,0.00391877,0.00391877,0.295186
M,-0.271752,0.0442565,0.0442565,-0.227496
M,-0.384776,0.0442565,0.0442565,-0.34052
M,0.0142085,-0.00773509,-0.00773509,0.00647344
M,-0.0566553,0.0442565,0.0442565,-0.0123988
M,0.0320332,0.0442565,0.0442565,0.0762897
M,-0.225601,0.0442565,0.0442565,-0.181345
M,-0.128091,0.00391877,0.00391877,-0.124172
M,-0.184666,0.0442565,0.0442565,-0.140409
M,0.0161946,0.0442565,0.0442565,0.0604511
M,0.091998,0.0442565,0.0442565,0.136255
M,-0.206759,0.0442565,0.0442565,-0.162502
M,-0.303176,0.0442565,0.0442565,-0.25892
M,0.219672,0.00391877,0.00391877,0.22359
M,0.0620878,0.0442565,0.0442565,0.106344
M,0.112663,0.0442565,0.0442565,0.156919
M,0.355045,0.0442565,0.0442565,0.399301
M,0.105566,0.0442565,0.0442565,0.149823
M,-0.433991,0.0442565,0.0442565,-0.389735
M,0.0467711,0.0442565,0.0442565,0.0910275
M,-0.0740176,0.0442565,0.0442565,-0.0297611
M,-0.00680468,0.0442565,0.0442565,0.0374518
M,-0.0775896,0.0442565,0.0442565,-0.0333331
M,-0.395591,0.0442565,0.0442565,-0.351335
M,-0.340425,0.0442565,0.0442565,-0.296168
M,-0.161065,0.00391877,0.00391877,-0.157146
M,-0.238669,0.0442565,0.0442565,-0.194412
M,-0.446114,0.0442565,0.0442565,-0.401858
M,0.0406789,0.0442565,0.0442565,0.0849354
M,-0.366576,0.0442565,0.0442565,-0.322319
M,-0.311371,0.0442565,0.0442565,-0.267115
M,0.000380211,0.0442565,0.0442565,0.0446367
M,-0.0914609,0.0442565,0.0442565,-0.0472044
M,0.000982019,0.0442565,0.0442565,0.0452385
M,-0.0522881,0.0442565,0.0442565,-0.00803157
M,-0.0338342,0.00391877,0.00391877,-0.0299154
M,-0.161111,0.0442565,0.0442565,-0.116855
M,0.0191153,0.0442565,0.0442565,0.0633718
M,0.368391,0.0442565,0.0442565,0.412647
M,-0.212247,0.0442565,0.0442565,-0.16799
M,0.165782,0.0442565,0.0442565,0.210039
M,-0.0237784,0.0442565,0.0442565,0.0204781
M,-0.0260222,0.0442565,0.0442565,0.0182343
M,-0.0200756,0.0442565,0.0442565,0.0241809
M,-0.34024,0.0442565,0.0442565,-0.295983
M,-0.182135,0.0442565,0.0442565,-0.137878
M,-0.0463629,0.0442565,0.0442565,-0.00210642
M,-0.166383,0.0442565,0.0442565,-0.122127
M,0.197462,0.0442565,0.0442565,0.241718
M,-0.0892636,0.0442565,0.0442565,-0.0450071
M,-0.0520456,0.0442565,0.0442565,-0.00778913
M,-0.237899,0.0442565,0.0442565,-0.193643
M,-0.127098,0.00391877,0.00391877,-0.123179
M,-0.0405424,0.0442565,0.0442565,0.0037141
M,-0.679159,0.0442565,0.0442565,-0.634902
M,-0.372153,0.0442565,0.0442565,-0.327896
M,-0.133277,0.0442565,0.0442565,-0.0890202
M,-0.24589,0.0442565,0.0442565,-0.201633
M,-0.00279488,0.0442565,0.0442565,0.0414616
M,-0.180834,0.0442565,0.0442565,-0.136578
M,-0.0768599,0.0442565,0.0442565,-0.0326034
M,-0.139993,0.0685577,0.0685577,-0.0714349
M,-0.00401978,0.0442565,0.0442565,0.0402367
M,-0.147048,0.0442565,0.0442565,-0.102792
M,-0.130517,0.0442565,0.0442565,-0.0862606
M,0.132483,0.0442565,0.0442565,0.176739
M,0.0912266,0.0442565,0.0442565,0.135483
M,-0.245111,0.0442565,0.0442565,-0.200855
M,0.217397,0.0442565,0.0442565,0.261654
M,0.331741,0.0442565,0.0442565,0.375997
M,0.00246006,0.0442565,0.0442565,0.0467166
M,-0.237553,0.0442565,0.0442565,-0.193296
M,-0.00933231,0.0442565,0.0442565,0.0349242
M,0.299579,0.0442565,0.0442565,0.343835
M,-0.302602,0.0442565,0.0442565,-0.258346
M,-0.0437858,0.0442565,0.0442565,0.000470736
M,-0.360309,0.0442565,0.0442565,-0.316053
M,0.371915,0.0442565,0.0442565,0.416172
M,-0.027466,0.0442565,0.0442565,0.0167905
M,0.17348,0.0442565,0.0442565,0.217737
M,0.127325,0.0442565,0.0442565,0.171582
M,0.428128,0.0442565,0.0442565,0.472384
M,-0.102017,0.0442565,0.0442565,-0.0577608
M,-0.183542,0.0442565,0.0442565,-0.139285
M,-0.126414,0.0442565,0.0442565,-0.0821578
M,0.0666986,-0.00773509,-0.00773509,0.0589635
M,0.114624,0.00391877,0.00391877,0.118543
M,0.194068,0.0442565,0.0442565,0.238325
M,-0.0117452,0.0442565,0.0442565,0.0325113
M,0.17313,0.0442565,0.0442565,0.217386
M,0.0235895,0.0442565,0.0442565,0.067846
M,-0.258478,0.0442565,0.0442565,-0.214222
M,-0.172827,0.0442565,0.0442565,-0.128571
M,0.08799,0.0442565,0.0442565,0.132246
M,-0.221979,0.0442565,0.0442565,-0.177723
M,-0.442407,0.0442565,0.0442565,-0.398151
M,-0.327744,0.0442565,0.0442565,-0.283487
M,-0.453258,0.0442565,0.0442565,-0.409002
M,-0.117119,0.0442565,0.0442565,-0.0728629
M,-0.143437,0.0442565,0.0442565,-0.0991803
M,-0.522195,0.0442565,0.0442565,-0.477939
M,-0.0675539,0.0442565,0.0442565,-0.0232974
M,-0.00644871,0.0442565,0.0442565,0.0378078
M,-0.0640185,0.0442565,0.0442565,-0.019762
M,-0.415319,0.0442565,0.0442565,-0.371062
M,-0.00588096,0.0442565,0.0442565,0.0383755
M,-0.126564,0.0442565,0.0442565,-0.0823078
M,-0.196228,0.0442565,0.0442565,-0.151972
M,0.100463,0.0442565,0.0442565,0.144719
M,0.0309074,0.00391877,0.00391877,0.0348262
M,-0.225327,0.0442565,0.0442565,-0.181071
M,0.00817622,0.0442565,0.0442565,0.0524327
M,-0.0295731,0.00391877,0.00391877,-0.0256544
M,0.0750859,0.0442565,0.0442565,0.119342
M,-0.0418142,0.0442565,0.0442565,0.0024423
M,0.0564974,0.0442565,0.0442565,0.100754
M,-0.0189484,0.0442565,0.0442565,0.0253081
M,-0.341853,0.0442565,0.0442565,-0.297596
M,-0.0532143,0.0442565,0.0442565,-0.0089578
M,0.180427,0.0442565,0.0442565,0.224684
M,-0.505248,0.0442565,0.0442565,-0.460991
M,-0.346943,0.0442565,0.0442565,-0.302686
M,-0.22487,-0.00773509,-0.00773509,-0.232605
M,-0.0661338,0.0442565,0.0442565,-0.0218773
M,0.0487637,0.0442565,0.0442565,0.0930202
M,-0.0730805,0.0442565,0.0442565,-0.028824
M,-0.158432,0.0442565,0.0442565,-0.114176
M,-0.0101974,0.0442565,0.0442565,0.0340591
M,0.323884,0.0442565,0.0442565,0.368141
M,-0.366969,-0.00773509,-0.00773509,-0.374704
M,-0.00711228,0.0442565,0.0442565,0.0371442
M,0.13684,0.0685577,0.0685577,0.205397
M,-0.0508151,0.00391877,0.00391877,-0.0468964
M,0.41276,0.0442565,0.0442565,0.457017
M,0.13712,-0.00773509,-0.00773509,0.129385
M,-0.181016,0.0442565,0.0442565,-0.136759
M,-0.0618976,0.0442565,0.0442565,-0.0176411
M,-0.278286,0.0442565,0.0442565,-0.23403
M,-0.241176,0.0442565,0.0442565,-0.196919
M,-0.322255,0.0442565,0.0442565,-0.277998
M,-0.215564,0.0442565,0.0442565,-0.171308
M,-0.0330576,0.0442565,0.0442565,0.0111989
M,-0.206226,0.0442565,0.0442565,-0.16197
M,0.234805,0.0442565,0.0442565,0.279062
M,-0.16834,0.0442565,0.0442565,-0.124084
M,0.248436,0.0442565,0.0442565,0.292692
M,-0.0820738,0.0442565,0.0442565,-0.0378173
M,-0.419348,0.0442565,0.0442565,-0.375092
M,-0.197505,0.0442565,0.0442565,-0.153249
M,0.0257215,-0.00773509,-0.00773509,0.0179864
M,0.0288576,0.0442565,0.0442565,0.0731141
M,0.297897,0.0442565,0.0442565,0.342153
M,-0.341785,0.0442565,0.0442565,-0.297528
M,0.108204,0.0442565,0.0442565,0.15246
M,-0.113102,0.0442565,0.0442565,-0.068845
M,0.641167,0.0442565,0.0442565,0.685424
M,0.155662,0.0442565,0.0442565,0.199918
M,-0.318081,0.0442565,0.0442565,-0.273825
M,-0.0245616,0.0442565,0.0442565,0.0196949
M,-0.406309,0.0442565,0.0442565,-0.362052
M,-0.336082,0.0442565,0.0442565,-0.291826
M,-0.160789,0.0442565,0.0442565,-0.116532
M,-0.208578,0.0442565,0.0442565,-0.164322
M,-0.282785,0.0442565,0.0442565,-0.238528
M,-0.381514,0.0442565,0.0442565,-0.337257
M,-0.225481,0.0442565,0.0442565,-0.181225
M,-0.193651,0.0442565,0.0442565,-0.149395
M,-0.17956,0.0442565,0.0442565,-0.135303
M,0.146732,0.0442565,0.0442565,0.190988
M,0.0781578,0.0442565,0.0442565,0.122414
M,0.275221,0.0442565,0.0442565,0.319477
M,0.0443167,0.0442565,0.0442565,0.0885732
M,-0.0457679,0.0442565,0.0442565,-0.00151145
M,0.196319,0.0442565,0.0442565,0.240575
M,0.410234,0.0442565,0.0442565,0.454491
M,-0.0948368,0.0442565,0.0442565,-0.0505803
M,0.152034,0.0442565,0.0442565,0.196291
M,0.00698929,0.0442565,0.0442565,0.0512458
M,0.528104,0.0442565,0.0442565,0.572361
M,-0.134688,0.0442565,0.0442565,-0.0904317
M,0.0718353,0.00391877,0.00391877,0.0757541
M,0.278411,0.0442565,0.0442565,0.322668
M,0.257055,0.0442565,0.0442565,0.301311
M,-0.003544,0.0442565,0.0442565,0.0407125
M,-0.264076,0.0442565,0.0442565,-0.21982
M,0.265361,0.0442565,0.0442565,0.309617
M,0.278159,0.0442565,0.0442565,0.322416
M,0.0344386,0.0442565,0.0442565,0.0786951
M,-0.382489,0.0442565,0.0442565,-0.338233
M,-0.362103,0.0442565,0.0442565,-0.317847
M,0.00483557,0.0442565,0.0442565,0.0490921
M,-0.322927,0.0442565,0.0442565,-0.27867
M,0.226893,0.0442565,0.0442565,0.271149
M,0.431728,0.0442565,0.0442565,0.475985
M,-0.0705961,0.0442565,0.0442565,-0.0263396
M,-0.160658,0.0442565,0.0442565,-0.116401
M,0.0285332,0.0442565,0.0442565,0.0727897
M,0.131185,0.0442565,0.0442565,0.175441
M,-0.191413,0.0442565,0.0442565,-0.147157
M,0.0195477,0.0442565,0.0442565,0.0638042
M,0.20856,0.0442565,0.0442565,0.252816
M,0.154376,0.0442565,0.0442565,0.198633
M,0.134119,0.0442565,0.0442565,0.178376
M,0.0177704,0.0442565,0.0442565,0.0620269
M,-0.0855997,0.0442565,0.0442565,-0.0413432
M,0.0340758,0.0442565,0.0442565,0.0783323
M,-0.403951,0.0442565,0.0442565,-0.359695
M,-0.384619,0.0442565,0.0442565,-0.340362
M,-0.0447085,0.0442565,0.0442565,-0.00045204
M,0.190326,0.0442565,0.0442565,0.234583
M,0.0697278,0.0442565,0.0442565,0.113984
M,0.000196112,0.0442565,0.0442565,0.0444526
M,0.038492,0.0442565,0.0442565,0.0827485
M,-0.168414,0.0442565,0.0442565,-0.124157
M,-0.325952,0.0442565,0.0442565,-0.281696
M,-0.162444,0.00391877,0.00391877,-0.158525
M,0.0231422,0.0442565,0.0442565,0.0673987
M,0.352522,0.0442565,0.0442565,0.396779
M,-0.237773,0.0442565,0.0442565,-0.193516
M,0.16687,0.0442565,0.0442565,0.211127
M,-0.31416,0.0442565,0.0442565,-0.269904
M,0.0839636,0.0442565,0.0442565,0.12822
M,0.137538,0.0442565,0.0442565,0.181794
M,-0.435691,0.0685577,0.0685577,-0.367133
M,-0.22021,0.0442565,0.0442565,-0.175953
M,-0.402783,0.0442565,0.0442565,-0.358526
M,0.118255,-0.00773509,-0.00773509,0.11052
M,0.234646,0.0442565,0.0442565,0.278903
M,-0.236309,0.0442565,0.0442565,-0.192052
M,-0.223779,0.0442565,0.0442565,-0.179522
M,-0.0332438,0.0442565,0.0442565,0.0110127
M,-0.00827634,0.0442565,0.0442565,0.0359802
M,-0.18677,0.0442565,0.0442565,-0.142513
M,-0.0970001,0.0442565,0.0442565,-0.0527436
M,0.11081,-0.00773509,-0.00773509,0.103074
M,-0.30372,0.0442565,0.0442565,-0.259464
M,0.0322223,0.0442565,0.0442565,0.0764788
M,0.121324,0.0442565,0.0442565,0.165581
M,-0.0485228,0.0685577,0.0685577,0.020035
M,0.0366297,0.00391877,0.00391877,0.0405485
M,-0.0664704,0.0442565,0.0442565,-0.0222139
M,0.202174,0.00391877,0.00391877,0.206093
M,0.194121,-0.00773509,-0.00773509,0.186386
M,-0.203739,0.0442565,0.0442565,-0.159483
M,0.0142477,0.0442565,0.0442565,0.0585042
M,-0.312557,0.0442565,0.0442565,-0.268301
M,0.13238,0.0442565,0.0442565,0.176636
M,-0.010053,0.0442565,0.0442565,0.0342035
M,0.370354,0.0442565,0.0442565,0.414611
M,0.201233,0.0442565,0.0442565,0.245489
M,0.122637,0.0442565,0.0442565,0.166894
M,0.0177789,0.0442565,0.0442565,0.0620354
M,-0.0973297,0.0442565,0.0442565,-0.0530732
M,0.175566,0.0442565,0.0442565,0.219823
M,0.00364725,0.0442565,0.0442565,0.0479037
M,-0.0895096,0.0442565,0.0442565,-0.0452531
M,0.0266738,0.0442565,0.0442565,0.0709303
M,0.237822,0.0442565,0.0442565,0.282079
M,-0.311791,0.0442565,0.0442565,-0.267534
M,-0.0227304,0.0442565,0.0442565,0.0215261
M,-0.141981,0.0442565,0.0442565,-0.0977247
M,0.150492,0.00391877,0.00391877,0.154411
M,0.193249,0.0442565,0.0442565,0.237505
M,-0.0514686,0.0442565,0.0442565,-0.00721211
M,-0.0843783,0.0442565,0.0442565,-0.0401218
M,0.190528,0.0442565,0.0442565,0.234785
M,-0.134096,0.0442565,0.0442565,-0.0898393
M,0.339349,0.0442565,0.0442565,0.383605
M,-0.380427,0.0442565,0.0442565,-0.33617
M,-0.19598,0.0442565,0.0442565,-0.151724
M,-0.138133,0.0442565,0.0442565,-0.0938769
M,0.107314,0.0442565,0.0442565,0.15157
M,-0.284514,0.0442565,0.0442565,-0.240258
M,-0.0650653,0.0442565,0.0442565,-0.0208088
M,-0.21865,0.0442565,0.0442565,-0.174393
M,0.0661464,0.0442565,0.0442565,0.110403
M,0.120725,0.0442565,0.0442565,0.164982
M,-0.000804699,0.0442565,0.0442565,0.0434518
M,-0.220277,0.0442565,0.0442565,-0.17602
M,0.00935191,0.0442565,0.0442565,0.0536084
M,-0.00407611,0.0442565,0.0442565,0.0401804
M,-0.153553,0.0442565,0.0442565,-0.109297
M,0.00622184,0.0442565,0.0442565,0.0504783
M,-0.149236,-0.00773509,-0.00773509,-0.156971
M,0.070866,0.0442565,0.0442565,0.115123
M,-0.148134,0.0442565,0.0442565,-0.103878
M,-0.0328052,0.0442565,0.0442565,0.0114513
M,0.167391,0.0442565,0.0442565,0.211647
M,-0.350851,0.0442565,0.0442565,-0.306594
M,-0.0127758,0.0442565,0.0442565,0.0314807
M,0.276043,0.0442565,0.0442565,0.320299
M,0.0567464,0.00391877,0.00391877,0.0606652
M,-0.389424,0.0442565,0.0442565,-0.345168
M,0.140913,0.0442565,0.0442565,0.18517
M,0.0457137,0.0442565,0.0442565,0.0899702
M,-0.422449,0.0442565,0.0442565,-0.378193
M,0.0718509,0.0442565,0.0442565,0.116107
M,-0.14324,0.0442565,0.0442565,-0.098983
M,-0.3158,0.0442565,0.0442565,-0.271543
M,0.188254,0.0442565,0.0442565,0.232511
M,-0.190248,0.0442565,0.0442565,-0.145991
M,-0.0179056,0.0442565,0.0442565,0.0263509
M,0.204196,0.0685577,0.0685577,0.272754
M,-0.0732473,0.0442565,0.0442565,-0.0289908
M,0.426209,0.0442565,0.0442565,0.470465
M,-0.248921,0.0442565,0.0442565,-0.204664
M,0.350702,0.0442565,0.0442565,0.394959
M,-0.359062,0.0442565,0.0442565,-0.314805
M,0.023168,0.0442565,0.0442565,0.0674245
M,-0.0275473,-0.00773509,-0.00773509,-0.0352824
M,-0.126143,0.00391877,0.00391877,-0.122224
M,-0.189382,0.0442565,0.0442565,-0.145126
M,-0.00974757,0.0442565,0.0442565,0.0345089
M,-0.100343,0.0442565,0.0442565,-0.0560868
M,-0.141351,0.0442565,0.0442565,-0.0970948
M,0.158294,0.0442565,0.0442565,0.20255
M,-0.146735,0.0442565,0.0442565,-0.102479
M,0.175974,0.0442565,0.0442565,0.220231
M,-0.0805155,0.0442565,0.0442565,-0.036259
M,-0.323683,0.0442565,0.0442565,-0.279427
M,-0.210343,0.0442565,0.0442565,-0.166087
M,0.222764,0.0442565,0.0442565,0.26702
M,0.0890474,0.0442565,0.0442565,0.133304
M,-0.181407,0.0442565,0.0442565,-0.13715
M,-0.233447,0.00391877,0.00391877,-0.229529
M,0.375042,0.0442565,0.0442565,0.419298
M,-0.213364,0.0442565,0.0442565,-0.169108
M,-0.232457,0.0442565,0.0442565,-0.188201
M,-0.121872,0.00391877,0.00391877,-0.117953
M,-0.204104,0.0442565,0.0442565,-0.159847
M,0.284922,0.00391877,0.00391877,0.28884
M,0.130153,0.0442565,0.0442565,0.17441
M,-0.0648479,0.0442565,0.0442565,-0.0205914
M,-0.0751343,0.0442565,0.0442565,-0.0308778
M,0.0428941,0.0442565,0.0442565,0.0871506
M,-0.0226692,0.0442565,0.0442565,0.0215873
M,0.0498524,0.00391877,0.00391877,0.0537711
M,-0.0503749,0.0442565,0.0442565,-0.00611842
M,-0.389176,0.0442565,0.0442565,-0.344919
M,-0.194228,0.0442565,0.0442565,-0.149972
M,-0.201592,0.0442565,0.0442565,-0.157336
M,0.404974,0.0442565,0.0442565,0.44923
M,-0.09924,0.0442565,0.0442565,-0.0549835
M,0.00729961,0.0442565,0.0442565,0.0515561
M,-0.22271,0.0442565,0.0442565,-0.178454
M,-0.151727,0.0442565,0.0442565,-0.10747
M,-0.170926,0.0442565,0.0442565,-0.126669
M,0.112113,0.0442565,0.0442565,0.15637
M,-0.129607,0.0442565,0.0442565,-0.0853507
M,0.140059,0.0442565,0.0442565,0.184316
M,0.141711,0.0442565,0.0442565,0.185967
M,0.175941,0.0442565,0.0442565,0.220197
M,-0.0043641,0.0442565,0.0442565,0.0398924
M,-0.183477,0.0442565,0.0442565,-0.139221
M,0.0412174,0.0442565,0.0442565,0.0854739
M,-0.0885902,0.0442565,0.0442565,-0.0443337
M,-0.0909941,0.0442565,0.0442565,-0.0467376
M,0.27,0.0442565,0.0442565,0.314257
M,-0.507496,0.0442565,0.0442565,-0.46324
M,-0.0921944,0.0442565,0.0442565,-0.0479379
M,-0.0921902,0.0442565,0.0442565,-0.0479337
M,0.0995994,0.0685577,0.0685577,0.168157
M,-0.103622,0.0442565,0.0442565,-0.0593651
M,-0.107428,0.0442565,0.0442565,-0.0631716
M,0.141898,0.0442565,0.0442565,0.186154
M,-0.00311907,0.0442565,0.0442565,0.0411374
M,-0.266395,0.0442565,0.0442565,-0.222138
M,-0.0656529,0.0442565,0.0442565,-0.0213964
M,-0.0954201,0.00391877,0.00391877,-0.0915013
M,0.372081,0.0442565,0.0442565,0.416338
M,0.223803,0.0442565,0.0442565,0.26806
M,0.113946,0.0442565,0.0442565,0.158203
M,-0.0676836,0.0442565,0.0442565,-0.0234271
M,-0.295905,0.0442565,0.0442565,-0.251649
M,-0.0563074,0.0442565,0.0442565,-0.0120509
M,-0.0237155,0.0442565,0.0442565,0.020541
M,-0.162454,0.0442565,0.0442565,-0.118198
M,0.134267,0.0442565,0.0442565,0.178523
M,-0.154514,0.0442565,0.0442565,-0.110257
M,0.0956942,0.0442565,0.0442565,0.139951
M,-0.282625,0.0442565,0.0442565,-0.238369
M,-0.069401,0.0442565,0.0442565,-0.0251445
M,0.107769,0.0442565,0.0442565,0.152026
M,-0.159403,0.0442565,0.0442565,-0.115146
M,-0.109309,0.0442565,0.0442565,-0.0650522
M,-0.0646709,0.0442565,0.0442565,-0.0204144
M,-0.104221,0.0442565,0.0442565,-0.0599643
M,0.105672,0.00391877,0.00391877,0.109591
M,-0.0759355,0.0442565,0.0442565,-0.031679
M,0.0473165,0.0442565,0.0442565,0.091573
M,-0.0577207,0.0442565,0.0442565,-0.0134642
M,-0.0934111,0.0685577,0.0685577,-0.0248533
M,0.0424597,0.0442565,0.0442565,0.0867162
M,-0.315176,0.0442565,0.0442565,-0.270919
M,0.00426094,0.0442565,0.0442565,0.0485174
M,-0.188531,0.0442565,0.0442565,-0.144274
M,-0.00804864,0.0442565,0.0442565,0.0362079
M,0.108564,0.0442565,0.0442565,0.15282
M,0.182213,0.0442565,0.0442565,0.22647
M,0.209231,0.0442565,0.0442565,0.253487
M,-0.240334,0.0442565,0.0442565,-0.196078
M,0.0165928,0.0442565,0.0442565,0.0608493
M,-0.163344,0.0442565,0.0442565,-0.119088
M,0.352171,0.0442565,0.0442565,0.396427
M,-0.0793551,0.0442565,0.0442565,-0.0350986
M,-0.043069,0.0442565,0.0442565,0.00118747
M,-0.124821,0.0442565,0.0442565,-0.0805649
M,-0.346023,0.0442565,0.0442565,-0.301766
M,0.283047,0.0442565,0.0442565,0.327304
M,0.295118,0.0442565,0.0442565,0.339375
M,-0.159883,0.0442565,0.0442565,-0.115627
M,-0.0389066,0.0442565,0.0442565,0.00534992
M,-0.403423,0.0442565,0.0442565,-0.359166
M,-0.137389,0.0442565,0.0442565,-0.0931328
M,-0.00930321,0.0442565,0.0442565,0.0349533
M,-0.015279,0.0442565,0.0442565,0.0289775
M,-0.329919,0.0442565,0.0442565,-0.285662
M,0.297954,0.0442565,0.0442565,0.34221
M,-0.0109403,0.0442565,0.0442565,0.0333162
M,-0.203292,0.0442565,0.0442565,-0.159036
M,0.0762582,0.0442565,0.0442565,0.120515
M,0.361837,0.0442565,0.0442565,0.406094
M,-0.0369299,0.00391877,0.00391877,-0.0330111
M,-0.129801,0.00391877,0.00391877,-0.125882
M,-0.260421,0.0442565,0.0442565,-0.216165
M,-0.370242,0.0442565,0.0442565,-0.325985
M,-0.0970771,0.0442565,0.0442565,-0.0528206
M,-0.227969,0.0442565,0.0442565,-0.183713
M,-0.204087,0.0442565,0.0442565,-0.15983
M,-0.153237,0.0442565,0.0442565,-0.10898
M,-0.234093,0.0442565,0.0442565,-0.189836
M,0.273789,0.0442565,0.0442565,0.318046
M,-0.365351,0.0442565,0.0442565,-0.321094
M,-0.25182,0.0442565,0.0442565,-0.207563
M,-0.275418,0.0442565,0.0442565,-0.231162
M,-0.168685,0.00391877,0.00391877,-0.164766
M,-0.215296,0.0442565,0.0442565,-0.171039
M,-0.125543,0.0442565,0.0442565,-0.0812864
M,-0.129126,-0.00773509,-0.00773509,-0.136861
M,-0.060885,0.0442565,0.0442565,-0.0166285
M,0.0696455,0.0442565,0.0442565,0.113902
M,-0.578969,0.0442565,0.0442565,-0.534713
M,-0.0120749,0.0442565,0.0442565,0.0321816
M,-0.169174,0.0442565,0.0442565,-0.124918
M,-0.0100509,0.0442565,0.0442565,0.0342056
M,-0.0577342,0.0442565,0.0442565,-0.0134777
M,-0.332146,0.0442565,0.0442565,-0.28789
M,0.165685,0.0442565,0.0442565,0.209941
M,-0.0773861,0.0442565,0.0442565,-0.0331296
M,-0.267612,0.0442565,0.0442565,-0.223355
M,0.0468744,0.0442565,0.0442565,0.0911309
M,-0.0578217,0.0442565,0.0442565,-0.0135652
M,-0.0244397,0.0442565,0.0442565,0.0198168
M,-0.203156,-0.00773509,-0.00773509,-0.210891
M,-0.139312,0.0442565,0.0442565,-0.0950556
M,0.164199,0.0442565,0.0442565,0.208455
M,-0.273988,0.0442565,0.0442565,-0.229731
M,-0.364967,0.0442565,0.0442565,-0.32071
M,-0.0647857,0.0442565,0.0442565,-0.0205292
M,-0.291638,0.0442565,0.0442565,-0.247382
M,0.104993,0.0442565,0.0442565,0.149249
M,-0.250903,0.0442565,0.0442565,-0.206646
M,0.064681,0.0442565,0.0442565,0.108937
M,0.0908233,-0.00773509,-0.00773509,0.0830882
M,-0.183702,0.0442565,0.0442565,-0.139445
M,0.0190035,0.0442565,0.0442565,0.06326
M,-0.242733,0.0442565,0.0442565,-0.198477
M,0.276163,0.0442565,0.0442565,0.320419
M,0.0768679,0.0442565,0.0442565,0.121124
M,-0.00118124,0.0442565,0.0442565,0.0430753
M,0.158852,0.0442565,0.0442565,0.203109
M,0.304085,0.0442565,0.0442565,0.348342
M,0.181593,0.0442565,0.0442565,0.225849
M,-0.0147394,0.0442565,0.0442565,0.0295171
M,-0.154412,0.0442565,0.0442565,-0.110155
M,0.0100419,0.0442565,0.0442565,0.0542983
M,0.00709603,0.0442565,0.0442565,0.0513525
M,0.0702703,0.0442565,0.0442565,0.114527
M,-0.0818893,0.0442565,0.0442565,-0.0376328
M,-0.513471,0.0442565,0.0442565,-0.469215
M,-0.0578845,0.0442565,0.0442565,-0.013628
M,-0.0347651,0.0442565,0.0442565,0.00949136
M,-0.0204042,0.0442565,0.0442565,0.0238523
M,-0.289251,0.0442565,0.0442565,-0.244995
M,-0.141882,0.0442565,0.0442565,-0.097625
M,-0.380503,0.0442565,0.0442565,-0.336247
M,0.0828161,0.0442565,0.0442565,0.127073
M,0.113273,0.0442565,0.0442565,0.157529
M,0.188319,0.0442565,0.0442565,0.232576
M,-0.486578,0.0442565,0.0442565,-0.442322
M,0.0278275,0.0442565,0.0442565,0.072084
M,-0.11734,0.0442565,0.0442565,-0.0730837
M,-0.0540308,0.0442565,0.0442565,-0.00977432
M,-0.0193483,0.0442565,0.0442565,0.0249082
M,-0.144041,0.0442565,0.0442565,-0.0997844
M,-0.082054,0.0442565,0.0442565,-0.0377975
M,0.487982,0.00391877,0.00391877,0.491901
M,-0.00909738,0.0442565,0.0442565,0.0351591
M,0.00313553,0.0442565,0.0442565,0.047392
M,0.0407402,0.0442565,0.0442565,0.0849967
M,0.135307,0.0442565,0.0442565,0.179563
M,-0.0176148,0.0442565,0.0442565,0.0266417
M,-0.381018,0.0442565,0.0442565,-0.336762
M,-0.189194,0.0442565,0.0442565,-0.144938
M,0.0689929,0.0442565,0.0442565,0.113249
M,-0.610731,0.0442565,0.0442565,-0.566474
M,0.13747,0.0442565,0.0442565,0.181726
M,-0.157504,0.0442565,0.0442565,-0.113248
M,-0.0243928,0.0442565,0.0442565,0.0198637
M,-0.208309,0.0442565,0.0442565,-0.164052
M,-0.169891,0.0442565,0.0442565,-0.125634
M,-0.21491,0.0442565,0.0442565,-0.170653
M,0.211633,0.0442565,0.0442565,0.25589
M,-0.120238,0.0442565,0.0442565,-0.0759817
M,0.122133,0.0685577,0.0685577,0.190691
M,0.00736353,0.0442565,0.0442565,0.05162
M,-0.0597758,0.0442565,0.0442565,-0.0155193
M,0.0396703,0.0442565,0.0442565,0.0839268
M,0.180835,0.0442565,0.0442565,0.225092
M,-0.12355,0.0685577,0.0685577,-0.0549919
M,0.150218,0.0442565,0.0442565,0.194475
M,0.302673,0.0442565,0.0442565,0.346929
M,-0.240758,0.0442565,0.0442565,-0.196501
M,0.141419,0.0442565,0.0442565,0.185675
M,-0.152442,0.0442565,0.0442565,-0.108186
M,0.286229,0.00391877,0.00391877,0.290148
M,0.197914,0.0442565,0.0442565,0.242171
M,0.298387,0.0442565,0.0442565,0.342643
M,-0.270026,0.0442565,0.0442565,-0.225769
M,-0.000356188,0.00391877,0.00391877,0.00356258
M,-0.119632,0.0442565,0.0442565,-0.0753759
M,-0.0599509,0.0442565,0.0442565,-0.0156944
M,0.0687806,0.0442565,0.0442565,0.113037
M,0.198106,0.0442565,0.0442565,0.242363
M,-0.2603,0.0442565,0.0442565,-0.216044
M,0.0235488,0.0442565,0.0442565,0.0678053
M,0.120818,0.0442565,0.0442565,0.165074
M,0.0927113,0.0442565,0.0442565,0.136968
M,0.135581,0.0442565,0.0442565,0.179837
M,-0.253423,0.0442565,0.0442565,-0.209166
M,0.134653,0.00391877,0.00391877,0.138572
M,0.011584,0.0442565,0.0442565,0.0558405
M,-0.348764,0.0442565,0.0442565,-0.304507
M,0.0712759,0.0442565,0.0442565,0.115532
M,0.165394,0.0442565,0.0442565,0.209651
M,-0.340723,0.0442565,0.0442565,-0.296467
M,0.00358984,0.0442565,0.0442565,0.0478463
M,0.100884,0.0442565,0.0442565,0.14514
M,-0.0468511,0.0442565,0.0442565,-0.00259461
M,0.0733718,0.0442565,0.0442565,0.117628
M,0.16192,0.0442565,0.0442565,0.206176
M,0.109218,0.0442565,0.0442565,0.153475
M,0.0231988,0.0442565,0.0442565,0.0674553
M,0.307197,0.0442565,0.0442565,0.351453
M,0.109029,0.0442565,0.0442565,0.153285
M,0.313849,0.0442565,0.0442565,0.358105
M,-0.19089,0.0442565,0.0442565,-0.146634
M,0.0956337,0.0442565,0.0442565,0.13989
M,-0.00219379,0.0442565,0.0442565,0.0420627
M,0.139279,0.0442565,0.0442565,0.183536
M,-0.557425,0.0442565,0.0442565,-0.513169
M,0.131278,0.00391877,0.00391877,0.135197
M,-0.268164,0.0442565,0.0442565,-0.223908
M,0.0888358,0.0442565,0.0442565,0.133092
M,0.12263,0.00391877,0.00391877,0.126548
M,-0.347181,0.0442565,0.0442565,-0.302924
M,0.0460959,0.00391877,0.00391877,0.0500147
M,0.0849184,0.0442565,0.0442565,0.129175
M,-0.0985146,0.0442565,0.0442565,-0.0542581
M,0.228188,0.0442565,0.0442565,0.272445
M,-0.208963,0.0442565,0.0442565,-0.164707
M,0.217033,0.0442565,0.0442565,0.261289
M,0.133817,0.0442565,0.0442565,0.178073
M,-0.0328228,0.0442565,0.0442565,0.0114337
M,-0.00456327,0.0442565,0.0442565,0.0396932
M,-0.117377,0.0442565,0.0442565,-0.0731203
M,0.295325,0.0442565,0.0442565,0.339582
M,0.0398123,0.0442565,0.0442565,0.0840688
M,0.172944,0.0442565,0.0442565,0.2172
M,-0.0829708,0.0685577,0.0685577,-0.014413
M,0.160164,-0.00773509,-0.00773509,0.152429
M,-0.140728,0.0442565,0.0442565,-0.0964716
M,0.0248734,0.0442565,0.0442565,0.0691299
M,-0.387493,0.0442565,0.0442565,-0.343237
M,-0.093023,0.0442565,0.0442565,-0.0487665
M,0.0670825,0.0442565,0.0442565,0.111339
M,-0.0895966,0.0442565,0.0442565,-0.0453401
M,0.0147519,0.0442565,0.0442565,0.0590084
M,-0.125919,0.0442565,0.0442565,-0.081662
M,-0.175152,0.0442565,0.0442565,-0.130896
M,0.0358755,0.0442565,0.0442565,0.080132
M,-0.099856,0.0442565,0.0442565,-0.0555995
M,0.236555,0.0442565,0.0442565,0.280811
M,0.076177,0.0442565,0.0442565,0.120433
M,-0.100312,0.0442565,0.0442565,-0.0560556
M,0.0894469,0.0442565,0.0442565,0.133703
M,-0.140489,0.0442565,0.0442565,-0.0962327
M,-0.234096,0.0442565,0.0442565,-0.18984
M,0.00161511,0.0442565,0.0442565,0.0458716
M,-0.018936,0.0442565,0.0442565,0.0253204
M,0.449206,0.0442565,0.0442565,0.493462
M,-0.469598,0.0442565,0.0442565,-0.425342
M,-0.441616,0.0442565,0.0442565,-0.397359
M,-0.215749,0.0442565,0.0442565,-0.171492
M,-0.120476,0.0442565,0.0442565,-0.0762195
M,0.0794172,0.0442565,0.0442565,0.123674
M,0.0296551,0.0442565,0.0442565,0.0739116
M,0.0168285,0.0442565,0.0442565,0.061085
M,0.185402,0.0442565,0.0442565,0.229658
M,0.00621253,0.00391877,0.00391877,0.0101313
M,-0.11087,0.0442565,0.0442565,-0.0666131
M,0.0880822,0.0442565,0.0442565,0.132339
M,0.00228907,0.0442565,0.0442565,0.0465456
M,-0.0125328,0.0442565,0.0442565,0.0317237
M,0.142673,0.0442565,0.0442565,0.18693
M,-0.0963876,0.0442565,0.0442565,-0.0521311
M,0.143136,0.0442565,0.0442565,0.187393
M,-0.105222,0.0442565,0.0442565,-0.0609652
M,-0.00678998,0.0442565,0.0442565,0.0374665
M,-0.195222,0.0442565,0.0442565,-0.150965
M,0.39635,0.0442565,0.0442565,0.440606
M,0.0772106,0.0442565,0.0442565,0.121467
M,0.114097,0.0442565,0.0442565,0.158353
M,-0.0679103,0.00391877,0.00391877,-0.0639916
M,0.0643059,0.0442565,0.0442565,0.108562
M,-0.166914,0.0442565,0.0442565,-0.122657
M,-0.0140142,0.0442565,0.0442565,0.0302423
M,0.0190069,0.0442565,0.0442565,0.0632634
M,-0.176035,0.0442565,0.0442565,-0.131778
M,0.0893871,0.0442565,0.0442565,0.133644
M,0.0769576,0.0442565,0.0442565,0.121214
M,-0.383455,0.0442565,0.0442565,-0.339199
M,0.0725157,0.0442565,0.0442565,0.116772
M,0.137539,0.0442565,0.0442565,0.181796
M,-0.0425286,0.0442565,0.0442565,0.00172794
M,0.190785,0.0442565,0.0442565,0.235041
M,0.076678,0.0442565,0.0442565,0.120935
M,-0.116602,0.0442565,0.0442565,-0.0723455
M,-0.0321478,0.0442565,0.0442565,0.0121087
M,-0.454042,0.0442565,0.0442565,-0.409786
M,-0.367949,0.0442565,0.0442565,-0.323692
M,0.255536,0.0442565,0.0442565,0.299793
M,0.377515,0.0442565,0.0442565,0.421771
M,0.0376581,0.0442565,0.0442565,0.0819146
M,-0.227347,0.0442565,0.0442565,-0.183091
M,0.160454,0.0442565,0.0442565,0.204711
M,-0.174796,0.0442565,0.0442565,-0.130539
M,-0.15522,0.0442565,0.0442565,-0.110963
M,-0.152393,0.0442565,0.0442565,-0.108137
M,-0.142643,0.0442565,0.0442565,-0.0983861
M,0.188315,0.0442565,0.0442565,0.232571
M,-0.00331467,0.0685577,0.0685577,0.0652431
M,0.129326,0.0442565,0.0442565,0.173582
M,0.0611267,0.0442565,0.0442565,0.105383
M,-0.177727,0.0442565,0.0442565,-0.13347
M,-0.205014,0.0442565,0.0442565,-0.160758
M,-1.61674e-05,0.0442565,0.0442565,0.0442403
M,-0.110249,-0.00773509,-0.00773509,-0.117984
M,-0.166062,0.0442565,0.0442565,-0.121806
M,0.359133,0.0442565,0.0442565,0.403389
M,-0.0773388,0.0442565,0.0442565,-0.0330823
M,-0.0437257,0.0442565,0.0442565,0.000530791
M,-0.145747,0.0442565,0.0442565,-0.101491
M,-0.113827,0.0442565,0.0442565,-0.0695705
M,0.359875,0.0442565,0.0442565,0.404132
M,0.0898427,0.0442565,0.0442565,0.134099
M,0.335131,0.0442565,0.0442565,0.379387
M,-0.346884,0.00391877,0.00391877,-0.342965
M,-0.296869,0.0442565,0.0442565,-0.252613
M,0.419207,0.0442565,0.0442565,0.463464
M,0.502317,0.00391877,0.00391877,0.506235
M,-0.218349,0.0442565,0.0442565,-0.174093
M,0.129903,0.0442565,0.0442565,0.17416
M,0.142192,0.0442565,0.0442565,0.186448
M,-0.0560765,0.0442565,0.0442565,-0.01182
M,0.0211047,0.0442565,0.0442565,0.0653612
M,0.193996,0.00391877,0.00391877,0.197915
M,0.229385,0.00391877,0.00391877,0.233303
M,-0.0782766,0.0442565,0.0442565,-0.0340201
M,0.130975,0.0442565,0.0442565,0.175232
M,0.0436267,0.0442565,0.0442565,0.0878832
M,0.0573789,0.00391877,0.00391877,0.0612977
M,0.0670747,0.0442565,0.0442565,0.111331
M,0.000754567,0.0442565,0.0442565,0.0450111
M,0.321686,0.0442565,0.0442565,0.365943
M,-0.145258,0.0685577,0.0685577,-0.0767005
M,-0.0395308,0.0442565,0.0442565,0.00472574
M,-0.193001,0.0442565,0.0442565,-0.148744
M,0.0777229,0.0442565,0.0442565,0.121979
M,-0.216533,0.0442565,0.0442565,-0.172277
M,-0.0967941,0.0442565,0.0442565,-0.0525376
M,-0.316755,0.0442565,0.0442565,-0.272498
M,-0.00457747,0.0442565,0.0442565,0.039679
M,0.0650186,0.0685577,0.0685577,0.133576
M,-0.0729522,0.0442565,0.0442565,-0.0286957
M,-0.345378,0.0442565,0.0442565,-0.301121
M,0.15024,0.0442565,0.0442565,0.194497
M,0.560165,0.00391877,0.00391877,0.564084
M,-0.233929,0.0442565,0.0442565,-0.189672
M,-2.44301e-05,0.0442565,0.0442565,0.0442321
M,0.376116,0.0442565,0.0442565,0.420373
M,-0.237589,0.0442565,0.0442565,-0.193332
M,0.511577,0.0442565,0.0442565,0.555834
M,0.464394,0.0442565,0.0442565,0.508651
M,-0.00647087,0.0442565,0.0442565,0.0377856
M,-0.139984,0.00391877,0.00391877,-0.136065
M,-0.0422692,0.0442565,0.0442565,0.00198731
M,0.0306967,0.0442565,0.0442565,0.0749532
M,-0.170405,0.0442565,0.0442565,-0.126148
M,-0.0663565,0.0442565,0.0442565,-0.0221
M,0.0528757,0.0442565,0.0442565,0.0971322
M,0.0155801,0.0442565,0.0442565,0.0598366
M,0.0609937,-0.00773509,-0.00773509,0.0532586
M,0.203148,0.0442565,0.0442565,0.247404
M,0.00441317,0.0442565,0.0442565,0.0486697
M,0.348189,0.0442565,0.0442565,0.392446
M,0.19071,0.0442565,0.0442565,0.234967
M,0.0134904,0.00391877,0.00391877,0.0174092
M,-0.0836992,0.0442565,0.0442565,-0.0394427
M,-0.144095,0.0442565,0.0442565,-0.0998387
M,0.153701,0.0442565,0.0442565,0.197958
M,0.124989,0.0442565,0.0442565,0.169245
M,-0.0979017,0.0685577,0.0685577,-0.029344
M,-0.0828057,0.0442565,0.0442565,-0.0385492
M,0.0129414,0.0442565,0.0442565,0.0571979
M,0.0360583,0.0442565,0.0442565,0.0803148
M,-0.428,0.0442565,0.0442565,-0.383743
M,-0.0489711,0.0442565,0.0442565,-0.00471463
M,-0.250807,0.0442565,0.0442565,-0.20655
M,-0.498004,0.0442565,0.0442565,-0.453748
M,-0.208986,0.0442565,0.0442565,-0.16473
M,-0.141672,0.0442565,0.0442565,-0.0974156
M,0.052213,0.0442565,0.0442565,0.0964695
M,-0.134126,0.0442565,0.0442565,-0.0898691
M,-0.216838,0.0442565,0.0442565,-0.172582
M,0.148573,0.0685577,0.0685577,0.217131
M,-0.037696,-0.00773509,-0.00773509,-0.0454311
M,0.0831191,0.0442565,0.0442565,0.127376
M,-0.241273,0.0442565,0.0442565,-0.197017
M,-0.0951941,0.0442565,0.0442565,-0.0509376
M,-0.151519,0.0442565,0.0442565,-0.107263
M,0.0582186,0.0442565,0.0442565,0.102475
M,-0.0429271,0.0442565,0.0442565,0.00132938
M,0.279656,0.0442565,0.0442565,0.323913
M,0.105127,0.0442565,0.0442565,0.149384
M,0.23009,0.0442565,0.0442565,0.274347
M,0.078031,0.0442565,0.0442565,0.122288
M,0.181184,0.0442565,0.0442565,0.22544
M,-0.342883,0.0442565,0.0442565,-0.298627
M,-0.0304416,0.0442565,0.0442565,0.0138148
M,0.173906,0.0442565,0.0442565,0.218162
M,-0.190527,0.00391877,0.00391877,-0.186609
M,-0.212438,0.0442565,0.0442565,-0.168182
M,0.171331,0.0442565,0.0442565,0.215588
M,0.062809,0.0442565,0.0442565,0.107066
M,0.0806696,0.0442565,0.0442565,0.124926
M,0.295164,0.0442565,0.0442565,0.339421
M,-0.224803,0.0442565,0.0442565,-0.180546
M,-0.256109,-0.00773509,-0.00773509,-0.263844
M,-0.346108,0.0442565,0.0442565,-0.301852
M,-0.32485,0.0442565,0.0442565,-0.280594
M,0.0466641,0.0442565,0.0442565,0.0909206
M,0.0118787,0.0442565,0.0442565,0.0561352
M,-0.0689249,0.0442565,0.0442565,-0.0246684
M,-0.0363468,0.0442565,0.0442565,0.00790965
M,0.0307111,0.0442565,0.0442565,0.0749676
M,0.140884,0.0442565,0.0442565,0.185141
M,-0.0622533,0.0442565,0.0442565,-0.0179968
M,-0.00745397,0.0442565,0.0442565,0.0368025
M,0.24275,0.0442565,0.0442565,0.287007
M,-0.177096,0.0442565,0.0442565,-0.13284
M,-0.0267748,0.0442565,0.0442565,0.0174817
M,0.0177911,0.0442565,0.0442565,0.0620476
M,-0.34676,0.0442565,0.0442565,-0.302504
M,0.155013,0.0442565,0.0442565,0.19927
M,-0.107622,0.0442565,0.0442565,-0.0633654
M,0.016209,0.0442565,0.0442565,0.0604655
M,-0.137318,0.0442565,0.0442565,-0.0930611
M,-0.0818753,0.0442565,0.0442565,-0.0376188
M,0.138832,0.0442565,0.0442565,0.183089
M,-0.0935278,0.0442565,0.0442565,-0.0492713
M,-0.062569,0.0442565,0.0442565,-0.0183125
M,-0.339911,0.0442565,0.0442565,-0.295655
M,0.087263,0.0442565,0.0442565,0.131519
M,0.448612,0.0442565,0.0442565,0.492869
M,0.320124,0.0442565,0.0442565,0.36438
M,0.0445672,0.0442565,0.0442565,0.0888237
M,0.041015,0.0442565,0.0442565,0.0852715
M,0.317198,0.0442565,0.0442565,0.361455
M,0.249468,0.0442565,0.0442565,0.293724
M,0.223828,0.0442565,0.0442565,0.268085
M,-0.413039,0.0442565,0.0442565,-0.368782
M,0.0651013,0.0442565,0.0442565,0.109358
M,-0.0628271,0.0442565,0.0442565,-0.0185706
M,0.0148378,0.0442565,0.0442565,0.0590943
M,-0.0396087,0.0442565,0.0442565,0.00464783
M,0.0337993,0.0442565,0.0442565,0.0780558
M,-0.0164128,0.0442565,0.0442565,0.0278437
M,0.0585284,0.0442565,0.0442565,0.102785
M,-0.177891,0.0442565,0.0442565,-0.133634
M,-0.243756,0.0442565,0.0442565,-0.1995
M,-0.52693,0.0442565,0.0442565,-0.482673
M,-0.399872,0.0442565,0.0442565,-0.355616
M,0.23115,0.0442565,0.0442565,0.275406
M,-0.0749363,0.0442565,0.0442565,-0.0306798
M,0.168207,0.0442565,0.0442565,0.212463
M,-0.159053,0.0442565,0.0442565,-0.114796
M,0.0980179,0.0442565,0.0442565,0.142274
M,-0.230755,0.0442565,0.0442565,-0.186498
M,0.0433146,0.0442565,0.0442565,0.0875711
M,-0.289982,0.0442565,0.0442565,-0.245726
M,-0.0987843,0.0442565,0.0442565,-0.0545278
M,-0.105823,0.0442565,0.0442565,-0.0615667
M,-0.327692,0.0442565,0.0442565,-0.283436
M,-0.159411,0.0442565,0.0442565,-0.115154
M,0.0169672,0.0442565,0.0442565,0.0612237
M,0.00425341,0.0442565,0.0442565,0.0485099
M,0.0872566,0.0442565,0.0442565,0.131513
M,0.00429609,0.0442565,0.0442565,0.0485526
M,0.0444672,0.0442565,0.0442565,0.0887237
M,0.0670067,0.0442565,0.0442565,0.111263
M,-0.268033,0.00391877,0.00391877,-0.264115
M,-0.300137,0.0442565,0.0442565,-0.25588
M,0.105821,0.00391877,0.00391877,0.10974
M,-0.620397,0.0442565,0.0442565,-0.576141
M,0.0287949,0.0442565,0.0442565,0.0730514
M,-0.112734,0.0442565,0.0442565,-0.0684775
M,0.208259,0.0442565,0.0442565,0.252515
M,-0.0631415,0.0442565,0.0442565,-0.018885
M,0.492848,0.0442565,0.0442565,0.537104
M,-0.134369,0.0442565,0.0442565,-0.0901124
M,-0.476298,0.0442565,0.0442565,-0.432041
M,0.302985,0.0442565,0.0442565,0.347242
M,0.00228645,0.0442565,0.0442565,0.0465429
M,0.150134,0.0442565,0.0442565,0.19439
M,0.074891,0.0442565,0.0442565,0.119147
M,0.196957,0.0442565,0.0442565,0.241214
M,0.185316,0.0685577,0.0685577,0.253874
M,-0.153997,0.0442565,0.0442565,-0.109741
M,-0.0687059,0.0442565,0.0442565,-0.0244494
M,0.0908559,0.0442565,0.0442565,0.135112
M,-0.00807151,0.0442565,0.0442565,0.036185
M,-0.285538,0.0442565,0.0442565,-0.241281
M,-0.110967,0.0442565,0.0442565,-0.0667106
M,0.202885,0.0442565,0.0442565,0.247142
M,0.172088,0.0442565,0.0442565,0.216344
M,0.0307088,0.0442565,0.0442565,0.0749653
M,-0.0136077,0.0442565,0.0442565,0.0306488
M,0.079555,0.0442565,0.0442565,0.123812
M,0.23117,0.0442565,0.0442565,0.275427
M,-0.2132,0.0442565,0.0442565,-0.168944
M,-0.063495,0.0442565,0.0442565,-0.0192385
M,-0.379019,0.0442565,0.0442565,-0.334763
M,-0.0363923,0.0442565,0.0442565,0.00786423
M,-0.101068,0.0442565,0.0442565,-0.0568115
M,0.0109127,0.0442565,0.0442565,0.0551692
M,0.161766,0.0442565,0.0442565,0.206022
M,0.0552194,0.0442565,0.0442565,0.0994759
M,0.0328863,0.0442565,0.0442565,0.0771428
M,0.117143,0.0442565,0.0442565,0.161399
M,0.106521,0.0442565,0.0442565,0.150777
M,-0.0906191,0.0442565,0.0442565,-0.0463626
M,-0.214396,0.0442565,0.0442565,-0.170139
M,0.233756,0.0442565,0.0442565,0.278013
M,-0.115237,0.0442565,0.0442565,-0.070981
M,-0.0290727,0.0442565,0.0442565,0.0151838
M,0.0956155,0.0442565,0.0442565,0.139872
M,-0.29126,0.0442565,0.0442565,-0.247004
M,-0.230918,0.0442565,0.0442565,-0.186662
M,-0.545064,0.0442565,0.0442565,-0.500807
M,-0.0821951,0.0442565,0.0442565,-0.0379386
M,0.191096,0.0442565,0.0442565,0.235353
M,-0.288954,0.00391877,0.00391877,-0.285035
M,-0.234814,0.0442565,0.0442565,-0.190558
M,-0.0218263,0.0685577,0.0685577,0.0467314
M,-0.0858891,0.0442565,0.0442565,-0.0416326
M,-0.124757,0.0442565,0.0442565,-0.080501
M,0.152059,0.0442565,0.0442565,0.196315
M,-0.147719,0.0442565,0.0442565,-0.103462
M,0.123225,0.0442565,0.0442565,0.167482
M,-0.109839,0.0442565,0.0442565,-0.0655821
M,-0.193741,0.0442565,0.0442565,-0.149484
M,0.102679,0.0442565,0.0442565,0.146936
M,-0.273922,0.0442565,0.0442565,-0.229665
M,0.0642483,0.0442565,0.0442565,0.108505
M,0.262719,0.0442565,0.0442565,0.306976
M,0.350521,0.0442565,0.0442565,0.394777
M,-0.266649,0.0442565,0.0442565,-0.222392
M,-0.148599,0.00391877,0.00391877,-0.144681
M,-0.226791,0.0442565,0.0442565,-0.182535
M,0.153638,0.0442565,0.0442565,0.197895
M,0.116531,0.0442565,0.0442565,0.160787
M,-0.351192,0.0442565,0.0442565,-0.306936
M,-0.196527,0.0442565,0.0442565,-0.152271
M,0.0400644,0.0442565,0.0442565,0.0843209
M,0.0224733,0.0442565,0.0442565,0.0667298
M,0.124518,0.0442565,0.0442565,0.168774
M,0.00352872,0.0442565,0.0442565,0.0477852
M,-0.202413,0.0442565,0.0442565,-0.158157
M,-0.032284,0.0442565,0.0442565,0.0119725
M,-0.0177817,0.0442565,0.0442565,0.0264748
M,-0.119446,0.0442565,0.0442565,-0.0751896
M,-0.114701,0.0442565,0.0442565,-0.0704441
M,0.210221,0.0442565,0.0442565,0.254477
M,-0.10449,0.0442565,0.0442565,-0.0602333
M,0.0535812,0.0442565,0.0442565,0.0978377
M,0.0383981,0.0442565,0.0442565,0.0826546
M,-0.0541279,0.0442565,0.0442565,-0.00987143
M,0.0714212,0.0442565,0.0442565,0.115678
M,0.243673,0.0442565,0.0442565,0.287929
M,0.0962168,0.0442565,0.0442565,0.140473
M,0.413313,0.0442565,0.0442565,0.45757
M,0.0354905,0.0442565,0.0442565,0.0797469
M,0.645174,0.0685577,0.0685577,0.713732
M,-0.0296507,0.0442565,0.0442565,0.0146058
M,0.299156,0.0442565,0.0442565,0.343413
M,-0.054171,0.0442565,0.0442565,-0.00991447
M,-0.264105,0.0442565,0.0442565,-0.219848
M,0.0523046,0.0442565,0.0442565,0.0965611
M,-0.0527515,0.0442565,0.0442565,-0.00849497
M,0.0637529,0.0442565,0.0442565,0.108009
M,-0.0724034,0.00391877,0.00391877,-0.0684846
M,-0.00175164,0.0442565,0.0442565,0.0425049
M,-0.321135,0.0442565,0.0442565,-0.276879
M,0.0624643,0.0442565,0.0442565,0.106721
M,0.0192834,0.0442565,0.0442565,0.0635399
M,-0.246259,0.0442565,0.0442565,-0.202003
M,-0.112316,0.0442565,0.0442565,-0.06806
M,0.0346222,0.0442565,0.0442565,0.0788787
M,-0.265398,0.0442565,0.0442565,-0.221142
M,-0.176352,0.0442565,0.0442565,-0.132095
M,0.28048,0.0442565,0.0442565,0.324737
M,0.130167,0.0442565,0.0442565,0.174423
M,-0.553224,0.0442565,0.0442565,-0.508967
M,-0.0541907,0.0442565,0.0442565,-0.00993415
M,-0.00326622,0.0442565,0.0442565,0.0409903
M,0.154816,0.0442565,0.0442565,0.199073
M,-0.086885,0.0442565,0.0442565,-0.0426285
M,0.0793208,0.0442565,0.0442565,0.123577
M,-0.0588839,0.0442565,0.0442565,-0.0146275
M,-0.42066,0.00391877,0.00391877,-0.416741
M,0.117171,0.0442565,0.0442565,0.161427
M,-0.0456524,0.0442565,0.0442565,-0.00139591
M,0.133566,0.0442565,0.0442565,0.177823
M,-0.298163,0.0442565,0.0442565,-0.253907
M,0.0273981,0.0442565,0.0442565,0.0716546
M,-0.0651729,0.0442565,0.0442565,-0.0209164
M,0.132841,0.0442565,0.0442565,0.177097
M,-0.28944,0.0442565,0.0442565,-0.245184
M,-0.429638,0.0442565,0.0442565,-0.385381
M,0.060844,0.00391877,0.00391877,0.0647627
M,0.0307802,0.0442565,0.0442565,0.0750367
M,-0.0304601,0.00391877,0.00391877,-0.0265413
M,-0.191351,0.0442565,0.0442565,-0.147095
M,-0.153327,0.0442565,0.0442565,-0.10907
M,-0.342041,0.0442565,0.0442565,-0.297785
M,0.150636,0.0442565,0.0442565,0.194892
M,0.00957826,0.0442565,0.0442565,0.0538348
M,-0.135937,0.0442565,0.0442565,-0.09168
M,-0.207672,-0.00773509,-0.00773509,-0.215407
M,0.0398789,0.00391877,0.00391877,0.0437976
M,-0.221568,0.0442565,0.0442565,-0.177311
M,0.0701817,0.0442565,0.0442565,0.114438
M,-0.00755427,0.0442565,0.0442565,0.0367022
M,-0.0640837,0.0442565,0.0442565,-0.0198272
M,0.0446009,0.0442565,0.0442565,0.0888574
M,0.00965344,0.0442565,0.0442565,0.0539099
M,-0.201033,0.0442565,0.0442565,-0.156777
M,-0.308366,0.0442565,0.0442565,-0.264109
M,-0.105912,0.0442565,0.0442565,-0.0616556
M,-0.470015,0.0442565,0.0442565,-0.425758
M,-0.257487,0.0442565,0.0442565,-0.21323
M,-0.158108,-0.00773509,-0.00773509,-0.165843
M,-0.0268473,0.0442565,0.0442565,0.0174092
M,0.136709,0.0442565,0.0442565,0.180966
M,-0.0893409,0.0442565,0.0442565,-0.0450844
M,0.0690051,0.0442565,0.0442565,0.113262
M,-0.167737,0.0442565,0.0442565,-0.12348
M,-0.259658,0.0442565,0.0442565,-0.215401
M,-0.0500153,0.0442565,0.0442565,-0.00575884
M,0.10715,0.0442565,0.0442565,0.151406
M,-0.00417288,0.0442565,0.0442565,0.0400836
M,0.167485,0.0442565,0.0442565,0.211741
M,-0.216354,0.0442565,0.0442565,-0.172097
M,-0.262881,0.0442565,0.0442565,-0.218624
M,0.0480036,0.0442565,0.0442565,0.0922601
M,-0.142204,0.0442565,0.0442565,-0.0979479
M,-0.00390318,0.0442565,0.0442565,0.0403533
M,-0.227188,0.0442565,0.0442565,-0.182932
M,-0.179407,0.0442565,0.0442565,-0.135151
M,-0.307156,0.0442565,0.0442565,-0.2629
M,-0.0143245,0.0442565,0.0442565,0.029932
M,-0.0816189,-0.00773509,-0.00773509,-0.089354
M,-0.299863,0.0442565,0.0442565,-0.255607
M,-0.267603,0.0442565,0.0442565,-0.223347
M,0.192252,0.0442565,0.0442565,0.236509
M,0.208107,0.0442565,0.0442565,0.252363
M,-0.0129225,0.0442565,0.0442565,0.031334
M,-0.113226,0.0442565,0.0442565,-0.0689697
M,0.0410234,0.00391877,0.00391877,0.0449421
M,-0.103592,0.0442565,0.0442565,-0.0593357
M,-0.0433631,0.0442565,0.0442565,0.000893374
M,0.28718,0.0442565,0.0442565,0.331437
M,0.0506351,0.0442565,0.0442565,0.0948916
M,-0.117167,0.0442565,0.0442565,-0.0729103
M,0.202736,0.0442565,0.0442565,0.246993
M,0.184274,0.0442565,0.0442565,0.22853
M,0.145211,0.00391877,0.00391877,0.14913
M,-0.139032,0.0442565,0.0442565,-0.0947754
M,-0.0568801,0.0442565,0.0442565,-0.0126236
M,-0.341921,0.00391877,0.00391877,-0.338002
M,-0.224015,0.0442565,0.0442565,-0.179759
M,-0.00966626,0.0442565,0.0442565,0.0345902
M,-0.503653,0.0442565,0.0442565,-0.459397
M,-0.108436,0.0442565,0.0442565,-0.0641798
M,-0.285036,0.0442565,0.0442565,-0.240779
M,0.0272488,0.0442565,0.0442565,0.0715053
M,-0.272442,0.0442565,0.0442565,-0.228185
M,-0.338097,0.0442565,0.0442565,-0.29384
M,0.162843,0.0442565,0.0442565,0.207099
M,0.0310074,0.0442565,0.0442565,0.0752639
M,0.184124,0.0442565,0.0442565,0.228381
M,-0.0805144,0.0442565,0.0442565,-0.0362579
M,-0.0151068,0.0442565,0.0442565,0.0291497
M,-0.341038,0.0442565,0.0442565,-0.296782
M,-0.10802,0.0442565,0.0442565,-0.0637633
M,0.150827,0.0442565,0.0442565,0.195083
M,-0.27895,0.0442565,0.0442565,-0.234693
M,-0.145612,0.0442565,0.0442565,-0.101355
M,0.0947484,0.0442565,0.0442565,0.139005
M,-0.131259,0.0442565,0.0442565,-0.087003
M,0.204761,0.0442565,0.0442565,0.249018
M,-0.248491,0.0442565,0.0442565,-0.204234
M,-0.0099644,0.0442565,0.0442565,0.0342921
M,0.169629,0.0442565,0.0442565,0.213886
M,-0.12227,0.0442565,0.0442565,-0.0780135
M,-0.11229,0.0442565,0.0442565,-0.0680338
M,-0.0343125,0.0442565,0.0442565,0.00994395
M,-0.410189,0.0442565,0.0442565,-0.365933
M,-0.0759957,0.0442565,0.0442565,-0.0317392
M,0.176781,0.0442565,0.0442565,0.221038
M,0.263701,0.0442565,0.0442565,0.307958
M,-0.0898816,0.00391877,0.00391877,-0.0859628
M,-0.300757,0.0442565,0.0442565,-0.256501
M,0.17107,0.0442565,0.0442565,0.215326
M,0.0378307,0.0442565,0.0442565,0.0820872
M,-0.25279,0.0442565,0.0442565,-0.208534
M,-0.318527,0.0685577,0.0685577,-0.249969
M,0.0221043,0.0442565,0.0442565,0.0663608
M,0.0885905,0.0442565,0.0442565,0.132847
M,0.296589,0.0442565,0.0442565,0.340845
M,0.0849097,0.0442565,0.0442565,0.129166
M,0.173645,0.0442565,0.0442565,0.217901
M,-0.0709663,0.0442565,0.0442565,-0.0267098
M,0.0577489,0.0442565,0.0442565,0.102005
M,-0.253797,0.0442565,0.0442565,-0.209541
M,-0.137163,0.0442565,0.0442565,-0.092906
M,0.104158,0.0442565,0.0442565,0.148415
M,0.0105139,0.0442565,0.0442565,0.0547704
M,-0.207341,0.0442565,0.0442565,-0.163084
M,-0.206962,0.00391877,0.00391877,-0.203044
M,0.0769407,0.0442565,0.0442565,0.121197
M,-0.19149,0.0442565,0.0442565,-0.147234
M,-0.227995,0.00391877,0.00391877,-0.224077
M,0.0603196,0.0442565,0.0442565,0.104576
M,0.00139261,0.0442565,0.0442565,0.0456491
M,0.279506,0.00391877,0.00391877,0.283425
M,-0.199502,0.0442565,0.0442565,-0.155246
M,0.0551056,0.0442565,0.0442565,0.0993621
M,-0.282395,0.0442565,0.0442565,-0.238139
M,0.135216,0.0442565,0.0442565,0.179473
M,-0.25151,0.0442565,0.0442565,-0.207254
M,-0.291752,0.0442565,0.0442565,-0.247495
M,-0.332722,0.0442565,0.0442565,-0.288465
M,-0.0818534,0.0442565,0.0442565,-0.0375969
M,-0.128616,0.0442565,0.0442565,-0.084359
M,-0.0411991,0.0442565,0.0442565,0.00305741
M,-0.273732,0.0442565,0.0442565,-0.229475
M,-0.00400772,0.0442565,0.0442565,0.0402488
M,0.189922,0.0442565,0.0442565,0.234179
M,-0.0987694,0.0442565,0.0442565,-0.0545129
M,-0.132782,0.00391877,0.00391877,-0.128863
M,-0.217195,0.00391877,0.00391877,-0.213276
M,0.230293,0.0442565,0.0442565,0.274549
M,0.119163,0.0442565,0.0442565,0.16342
M,0.0318426,0.0442565,0.0442565,0.0760991
M,-0.0612102,0.0442565,0.0442565,-0.0169537
M,0.0328168,0.0442565,0.0442565,0.0770733
M,-0.02701,0.0442565,0.0442565,0.0172465
M,-0.0768961,0.0442565,0.0442565,-0.0326396
M,-0.414666,0.0442565,0.0442565,-0.370409
M,-0.272855,0.0442565,0.0442565,-0.228598
M,-0.36409,0.0442565,0.0442565,-0.319833
M,0.0790964,0.0442565,0.0442565,0.123353
M,0.33604,0.0442565,0.0442565,0.380297
M,0.0685187,0.0442565,0.0442565,0.112775
M,0.159523,0.0442565,0.0442565,0.203779
M,0.141155,0.0442565,0.0442565,0.185411
M,-0.421292,0.0442565,0.0442565,-0.377035
M,0.239719,0.0442565,0.0442565,0.283975
M,-0.203385,0.0442565,0.0442565,-0.159129
M,-0.174359,0.0442565,0.0442565,-0.130102
M,-0.200836,0.0442565,0.0442565,-0.15658
M,0.0352105,0.0685577,0.0685577,0.103768
M,-0.210039,0.0442565,0.0442565,-0.165783
M,-0.0546714,0.0442565,0.0442565,-0.0104149
M,0.254857,0.0442565,0.0442565,0.299114
M,0.13863,0.0442565,0.0442565,0.182887
M,-0.132473,0.0442565,0.0442565,-0.0882164
M,0.0873338,0.0442565,0.0442565,0.13159
M,0.0630909,0.0442565,0.0442565,0.107347
M,-0.168901,0.0442565,0.0442565,-0.124644
M,-0.000600163,0.0442565,0.0442565,0.0436563
M,-0.22739,0.0442565,0.0442565,-0.183133
M,0.0408743,0.0442565,0.0442565,0.0851308
M,-0.0174962,0.0442565,0.0442565,0.0267603
M,0.00667105,0.00391877,0.00391877,0.0105898
M,-0.404432,0.0442565,0.0442565,-0.360175
M,0.0550559,0.0442565,0.0442565,0.0993124
M,0.140204,0.0442565,0.0442565,0.18446
M,-0.0445492,-0.00773509,-0.00773509,-0.0522843
M,-0.141057,0.0442565,0.0442565,-0.0968007
M,-0.333819,0.0442565,0.0442565,-0.289563
M,0.0310569,0.0442565,0.0442565,0.0753134
M,0.171595,0.0442565,0.0442565,0.215852
M,-0.468359,0.0442565,0.0442565,-0.424103
M,-0.284383,0.0442565,0.0442565,-0.240127
M,0.196317,0.0442565,0.0442565,0.240573
M,-0.139729,0.0442565,0.0442565,-0.0954726
M,-0.0383339,0.0442565,0.0442565,0.00592263
M,-0.0188105,0.0442565,0.0442565,0.025446
M,-0.240652,0.0442565,0.0442565,-0.196396
M,-0.190244,0.0442565,0.0442565,-0.145987
M,0.109056,0.0442565,0.0442565,0.153313
M,0.149569,0.0442565,0.0442565,0.193825
M,-0.313351,0.0442565,0.0442565,-0.269094
M,0.0736942,0.0442565,0.0442565,0.117951
M,-0.222419,0.0442565,0.0442565,-0.178162
M,0.0413164,0.0442565,0.0442565,0.0855729
M,-0.383634,0.0442565,0.0442565,-0.339377
M,-0.120077,0.0442565,0.0442565,-0.0758206
M,0.041184,0.0442565,0.0442565,0.0854405
M,-0.220413,0.0442565,0.0442565,-0.176157
M,-0.0925545,0.0442565,0.0442565,-0.048298
M,-0.26345,0.0442565,0.0442565,-0.219193
M,0.126872,0.0442565,0.0442565,0.171129
M,-0.00973461,0.0442565,0.0442565,0.0345219
M,-0.0217527,-0.00773509,-0.00773509,-0.0294878
M,0.313018,0.0442565,0.0442565,0.357275
M,0.169562,0.00391877,0.00391877,0.17348
M,-0.0922268,0.0442565,0.0442565,-0.0479703
M,0.145536,0.0442565,0.0442565,0.189792
M,0.146538,0.0442565,0.0442565,0.190794
M,-0.117753,0.0442565,0.0442565,-0.0734963
M,-0.327542,0.0442565,0.0442565,-0.283285
M,0.106098,0.0442565,0.0442565,0.150354
M,0.0710064,0.0442565,0.0442565,0.115263
M,0.132309,0.0442565,0.0442565,0.176566
M,0.0628982,0.0442565,0.0442565,0.107155
M,-0.109183,0.0442565,0.0442565,-0.0649261
M,0.160521,0.0442565,0.0442565,0.204777
M,0.184855,0.0442565,0.0442565,0.229112
M,-0.0183777,0.0442565,0.0442565,0.0258788
M,-0.215985,0.0442565,0.0442565,-0.171728
M,0.0665668,0.0442565,0.0442565,0.110823
M,-0.135353,0.0442565,0.0442565,-0.0910968
M,0.0314044,0.0442565,0.0442565,0.0756609
M,0.369443,0.0442565,0.0442565,0.413699
M,0.0501243,0.0442565,0.0442565,0.0943808
M,-0.100026,0.0442565,0.0442565,-0.0557698
M,0.0887281,0.0442565,0.0442565,0.132985
M,-0.206357,0.0685577,0.0685577,-0.137799
M,0.377544,0.0442565,0.0442565,0.421801
M,0.172916,0.0442565,0.0442565,0.217172
M,0.366327,0.0442565,0.0442565,0.410583
M,0.0975646,0.0442565,0.0442565,0.141821
M,0.285131,0.0442565,0.0442565,0.329387
M,0.0676762,0.0442565,0.0442565,0.111933
M,0.132417,0.0442565,0.0442565,0.176673
M,-0.033693,0.0442565,0.0442565,0.0105635
M,-0.186499,0.0442565,0.0442565,-0.142242
M,0.19318,0.0442565,0.0442565,0.237437
M,0.0030735,0.0442565,0.0442565,0.04733
M,-0.205903,0.0442565,0.0442565,-0.161646
M,0.113021,0.0442565,0.0442565,0.157278
M,-0.0613442,0.0442565,0.0442565,-0.0170877
M,0.180414,-0.00773509,-0.00773509,0.172679
M,0.197175,0.0442565,0.0442565,0.241431
M,-0.451075,0.0442565,0.0442565,-0.406818
M,0.272236,0.129742,0.129742,0.401977
M,0.049702,0.0442565,0.0442565,0.0939585
M,0.418211,0.00391877,0.00391877,0.42213
M,-0.285112,0.0442565,0.0442565,-0.240856
M,0.187825,0.0442565,0.0442565,0.232082
M,0.121911,0.0442565,0.0442565,0.166168
M,0.0572923,0.0442565,0.0442565,0.101549
M,-0.12088,0.0442565,0.0442565,-0.0766239
M,-0.129005,0.0442565,0.0442565,-0.0847485
M,-0.0698572,0.0442565,0.0442565,-0.0256007
M,-0.314115,0.0442565,0.0442565,-0.269858
M,0.254647,0.0442565,0.0442565,0.298903
M,0.423227,0.0442565,0.0442565,0.467483
M,-0.0254481,0.0442565,0.0442565,0.0188084
M,0.101545,0.0442565,0.0442565,0.145802
M,-0.0378527,0.0442565,0.0442565,0.00640381
M,0.0112779,0.0442565,0.0442565,0.0555344
M,-0.096723,0.0442565,0.0442565,-0.0524665
M,-0.150788,0.0442565,0.0442565,-0.106532
M,0.0127927,0.0442565,0.0442565,0.0570492
M,-0.130135,0.0442565,0.0442565,-0.0858782
M,-0.384537,0.0442565,0.0442565,-0.34028
M,-0.241026,0.0442565,0.0442565,-0.19677
M,-0.0574744,0.0442565,0.0442565,-0.0132179
M,-0.159228,0.0442565,0.0442565,-0.114971
M,0.460507,0.0442565,0.0442565,0.504764
M,-0.356042,0.0442565,0.0442565,-0.311785
M,0.0156616,0.0442565,0.0442565,0.0599181
M,0.107383,0.0442565,0.0442565,0.151639
M,-0.296257,0.0442565,0.0442565,-0.252
M,-0.0295774,0.0442565,0.0442565,0.0146791
M,0.0039765,0.0442565,0.0442565,0.048233
M,0.167941,0.0442565,0.0442565,0.212197
M,-0.230175,0.0442565,0.0442565,-0.185918
M,0.442796,0.0442565,0.0442565,0.487053
M,0.0494265,0.00391877,0.00391877,0.0533453
M,-0.1213,0.0442565,0.0442565,-0.077043
M,-0.330338,0.0442565,0.0442565,-0.286082
M,-0.351446,0.0442565,0.0442565,-0.30719
M,-0.258171,0.00391877,0.00391877,-0.254253
M,0.00220636,0.0442565,0.0442565,0.0464629
M,-0.0930142,0.0442565,0.0442565,-0.0487577
M,0.142338,0.0442565,0.0442565,0.186595
M,-0.043762,0.0442565,0.0442565,0.00049446
M,-0.604412,0.0442565,0.0442565,-0.560156
M,0.209447,0.0442565,0.0442565,0.253704
M,-0.326296,0.00391877,0.00391877,-0.322377
M,0.191831,0.0442565,0.0442565,0.236087
M,0.108332,0.00391877,0.00391877,0.112251
M,-0.0290553,0.0442565,0.0442565,0.0152012
M,-0.16584,0.0442565,0.0442565,-0.121584
M,0.290382,0.0442565,0.0442565,0.334638
M,-0.0263466,0.0442565,0.0442565,0.0179099
M,-0.181716,0.0442565,0.0442565,-0.137459
M,0.303222,0.0442565,0.0442565,0.347479
M,0.240569,0.0442565,0.0442565,0.284825
M,-0.278438,0.0442565,0.0442565,-0.234182
M,0.1804,0.0442565,0.0442565,0.224657
M,-0.0756013,0.0442565,0.0442565,-0.0313448
M,0.361248,0.00391877,0.00391877,0.365167
M,-0.402266,0.0442565,0.0442565,-0.358009
M,-0.117286,0.0442565,0.0442565,-0.0730291
M,-0.255887,0.0442565,0.0442565,-0.21163
M,0.273352,0.0442565,0.0442565,0.317608
M,-0.199323,0.0442565,0.0442565,-0.155066
M,-0.0686231,0.0442565,0.0442565,-0.0243666
M,-0.236229,0.0442565,0.0442565,-0.191972
M,0.0341123,0.0442565,0.0442565,0.0783688
M,-0.0645172,0.0442565,0.0442565,-0.0202607
M,0.341153,0.0442565,0.0442565,0.385409
M,-0.0878337,0.0442565,0.0442565,-0.0435772
M,-0.143055,0.0442565,0.0442565,-0.098799
M,-0.189822,0.0442565,0.0442565,-0.145565
M,-0.249772,0.0442565,0.0442565,-0.205515
M,-0.0379892,0.0442565,0.0442565,0.00626732
M,-0.486051,0.0442565,0.0442565,-0.441794
M,-0.0797487,0.0442565,0.0442565,-0.0354922
M,-0.213969,0.0442565,0.0442565,-0.169712
M,-0.346605,0.0442565,0.0442565,-0.302349
M,0.108503,0.0442565,0.0442565,0.152759
M,-0.180408,0.0442565,0.0442565,-0.136151
M,0.109274,0.0442565,0.0442565,0.15353
M,-0.397751,0.0442565,0.0442565,-0.353494
M,-0.099765,0.0442565,0.0442565,-0.0555085
M,-0.250791,0.0442565,0.0442565,-0.206534
M,-0.339644,0.0442565,0.0442565,-0.295387
M,0.127492,0.0442565,0.0442565,0.171748
M,-0.213719,0.0442565,0.0442565,-0.169462
M,-0.017825,0.0442565,0.0442565,0.0264315
M,-0.20937,0.0442565,0.0442565,-0.165114
M,-0.281303,0.0442565,0.0442565,-0.237046
M,0.0208883,0.0442565,0.0442565,0.0651448
M,-0.142809,0.0685577,0.0685577,-0.074251
M,0.18009,0.0442565,0.0442565,0.224346
M,0.0362713,0.0442565,0.0442565,0.0805278
M,-0.125289,0.00391877,0.00391877,-0.12137
M,-0.205754,0.0442565,0.0442565,-0.161498
M,0.0415821,0.0442565,0.0442565,0.0858386
M,0.0177581,0.0442565,0.0442565,0.0620146
M,0.182084,0.0442565,0.0442565,0.226341
M,0.212956,0.00391877,0.00391877,0.216875
M,0.165787,0.0442565,0.0442565,0.210043
M,-0.242902,0.0442565,0.0442565,-0.198646
M,-0.0612793,0.0685577,0.0685577,0.00727847
M,-0.0832184,0.0442565,0.0442565,-0.0389619
M,0.00577742,0.0442565,0.0442565,0.0500339
M,0.515804,0.0442565,0.0442565,0.560061
M,0.148847,0.0442565,0.0442565,0.193103
M,0.225615,0.0442565,0.0442565,0.269871
M,-0.156948,0.0442565,0.0442565,-0.112691
M,-0.432672,0.0442565,0.0442565,-0.388415
M,-0.0662675,0.0442565,0.0442565,-0.022011
M,0.11973,0.0442565,0.0442565,0.163986
M,-0.0148468,0.0442565,0.0442565,0.0294097
M,-0.407997,0.0442565,0.0442565,-0.36374
M,-0.0571979,0.0442565,0.0442565,-0.0129414
M,-0.0964313,0.0442565,0.0442565,-0.0521748
M,0.0770537,0.0442565,0.0442565,0.12131
M,0.0933646,0.0442565,0.0442565,0.137621
M,-0.0204613,0.0442565,0.0442565,0.0237952
M,-0.463277,0.0442565,0.0442565,-0.419021
M,0.0207067,0.0442565,0.0442565,0.0649632
M,0.195086,0.0442565,0.0442565,0.239342
M,0.115391,0.0442565,0.0442565,0.159648
M,-0.248156,0.0442565,0.0442565,-0.203899
M,-0.260062,0.0442565,0.0442565,-0.215806
M,-0.0469838,0.0442565,0.0442565,-0.00272733
M,-0.226265,0.0442565,0.0442565,-0.182008
M,0.170432,0.0442565,0.0442565,0.214688
M,-0.120012,0.0442565,0.0442565,-0.0757552
M,-0.231855,0.0442565,0.0442565,-0.187599
M,-0.219588,0.0442565,0.0442565,-0.175332
M,-0.1025,0.0442565,0.0442565,-0.0582438
M,-0.246031,0.0442565,0.0442565,-0.201774
M,-0.162232,0.0442565,0.0442565,-0.117975
M,-0.0827971,0.0442565,0.0442565,-0.0385406
M,0.0334837,0.0442565,0.0442565,0.0777402
M,0.12301,0.00391877,0.00391877,0.126929
M,0.254121,0.0442565,0.0442565,0.298377
M,-0.156458,-0.00773509,-0.00773509,-0.164193
M,-0.233274,0.0442565,0.0442565,-0.189017
M,-0.00708165,0.0442565,0.0442565,0.0371748
M,-0.191557,0.0400041,0.0400041,-0.151553
M,-0.0998149,0.0442565,0.0442565,-0.0555584
M,-0.306014,0.0442565,0.0442565,-0.261757
M,0.14151,0.0442565,0.0442565,0.185766
M,0.0083018,0.0442565,0.0442565,0.0525583
M,-0.20403,0.0442565,0.0442565,-0.159773
M,-0.256791,0.00391877,0.00391877,-0.252872
M,-0.0722364,0.0442565,0.0442565,-0.0279799
M,-0.00482245,0.0442565,0.0442565,0.039434
M,0.039504,0.0442565,0.0442565,0.0837605
M,0.285348,0.0442565,0.0442565,0.329604
M,0.119957,0.0442565,0.0442565,0.164213
M,-0.190078,0.0442565,0.0442565,-0.145822
M,-0.235357,0.0442565,0.0442565,-0.1911
M,0.31522,0.0442565,0.0442565,0.359476
M,-0.00995922,0.0442565,0.0442565,0.0342973
M,-0.0388508,0.0442565,0.0442565,0.00540571
M,-0.0270106,0.0442565,0.0442565,0.0172459
M,-0.331398,0.0442565,0.0442565,-0.287141
M,0.030533,0.0442565,0.0442565,0.0747895
M,0.00747023,0.0442565,0.0442565,0.0517267
M,0.0940786,0.0442565,0.0442565,0.138335
M,0.0746652,0.0442565,0.0442565,0.118922
M,-0.244095,0.0442565,0.0442565,-0.199839
M,-0.339588,0.0442565,0.0442565,-0.295331
M,-0.329671,0.0442565,0.0442565,-0.285414
M,-0.191622,0.0442565,0.0442565,-0.147366
M,-0.388292,0.0442565,0.0442565,-0.344036
M,0.0825079,0.0442565,0.0442565,0.126764
M,0.199596,0.0442565,0.0442565,0.243852
M,-0.260666,0.00391877,0.00391877,-0.256747
M,0.0172727,0.0442565,0.0442565,0.0615292
M,-0.250273,0.0442565,0.0442565,-0.206017
M,0.215821,0.00391877,0.00391877,0.21974
M,0.0706498,0.0442565,0.0442565,0.114906
M,-0.334646,0.0442565,0.0442565,-0.29039
M,0.128124,0.0442565,0.0442565,0.17238
M,-0.142498,0.0442565,0.0442565,-0.0982416
M,0.177849,0.0442565,0.0442565,0.222105
M,0.152213,0.0442565,0.0442565,0.19647
M,-0.0318592,0.0442565,0.0442565,0.0123973
M,-0.348216,0.0442565,0.0442565,-0.303959
M,0.0534069,0.0442565,0.0442565,0.0976634
M,-0.288609,0.0442565,0.0442565,-0.244352
M,-0.284222,0.0442565,0.0442565,-0.239966
M,0.253716,0.0442565,0.0442565,0.297973
M,-0.204732,0.0442565,0.0442565,-0.160475
M,-0.165518,0.0442565,0.0442565,-0.121262
M,-0.0997453,0.0442565,0.0442565,-0.0554888
M,0.0375685,0.0442565,0.0442565,0.081825
M,0.315069,0.0442565,0.0442565,0.359326
M,0.223137,0.0442565,0.0442565,0.267394
M,0.234681,0.0442565,0.0442565,0.278937
M,0.00189092,0.0442565,0.0442565,0.0461474
M,-0.0453251,0.0442565,0.0442565,-0.00106858
M,-0.227742,0.0442565,0.0442565,-0.183486
M,-0.259168,0.0442565,0.0442565,-0.214911
M,-0.191907,0.0442565,0.0442565,-0.147651
M,0.0538049,-0.00773509,-0.00773509,0.0460698
M,-0.169032,-0.00773509,-0.00773509,-0.176767
M,0.141093,0.0442565,0.0442565,0.185349
M,0.228067,0.0442565,0.0442565,0.272324
M,0.0662402,0.0442565,0.0442565,0.110497
M,0.0943039,0.0442565,0.0442565,0.13856
M,0.0171226,-0.00773509,-0.00773509,0.00938753
M,-0.218986,0.0442565,0.0442565,-0.17473
M,-0.525089,0.0442565,0.0442565,-0.480832
M,-0.0920292,0.0442565,0.0442565,-0.0477727
M,-0.136285,0.0442565,0.0442565,-0.092028
M,-0.226142,0.0442565,0.0442565,-0.181885
M,-0.405335,0.0442565,0.0442565,-0.361078
M,0.236405,0.0442565,0.0442565,0.280662
M,-0.129514,0.0442565,0.0442565,-0.0852575
M,-0.091185,0.0442565,0.0442565,-0.0469285
M,-0.157919,0.00391877,0.00391877,-0.154
M,0.0105394,0.0442565,0.0442565,0.0547959
M,0.254383,0.0442565,0.0442565,0.298639
M,0.0497269,0.0442565,0.0442565,0.0939834
M,-0.133498,0.0442565,0.0442565,-0.0892419
M,-0.329176,0.0442565,0.0442565,-0.28492
M,-0.120255,0.0442565,0.0442565,-0.0759982
M,-0.194889,0.0442565,0.0442565,-0.150633
M,-0.393537,0.0442565,0.0442565,-0.34928
M,-0.404367,0.0442565,0.0442565,-0.360111
M,-0.0236074,0.0442565,0.0442565,0.0206491
M,0.307477,0.0442565,0.0442565,0.351734
M,-0.0156176,0.0442565,0.0442565,0.0286389
M,-0.0546846,0.0442565,0.0442565,-0.0104281
M,0.0972304,0.0685577,0.0685577,0.165788
M,0.0388295,0.0442565,0.0442565,0.083086
M,-0.219786,0.0442565,0.0442565,-0.175529
M,-0.187944,-0.00773509,-0.00773509,-0.195679
M,-0.784572,0.0442565,0.0442565,-0.740315
M,-0.195522,0.0442565,0.0442565,-0.151266
M,-0.107548,0.0442565,0.0442565,-0.063292
M,0.420097,0.0442565,0.0442565,0.464354
M,0.239384,0.0442565,0.0442565,0.283641
M,-0.164009,0.0442565,0.0442565,-0.119753
M,0.115079,0.00391877,0.00391877,0.118998
M,-0.452318,0.0442565,0.0442565,-0.408062
M,-0.218538,0.0442565,0.0442565,-0.174281
M,-0.0619607,0.0442565,0.0442565,-0.0177042
M,-0.397536,0.0442565,0.0442565,-0.353279
M,0.106225,0.0442565,0.0442565,0.150482
M,0.330268,0.0442565,0.0442565,0.374525
M,-0.221698,0.0442565,0.0442565,-0.177442
M,0.25992,0.0442565,0.0442565,0.304176
M,-0.0383569,0.00391877,0.00391877,-0.0344381
M,0.208671,0.0442565,0.0442565,0.252928
M,-0.0542038,0.0442565,0.0442565,-0.00994728
M,-0.0524002,0.0442565,0.0442565,-0.00814368
M,0.0869874,0.0442565,0.0442565,0.131244
M,-0.0522062,0.0442565,0.0442565,-0.00794968
M,-0.273161,0.0442565,0.0442565,-0.228904
M,-0.0784941,0.0442565,0.0442565,-0.0342376
M,0.180288,0.0442565,0.0442565,0.224545
M,-0.150585,0.0442565,0.0442565,-0.106329
M,-0.0727966,0.0442565,0.0442565,-0.0285401
M,-0.239524,0.0442565,0.0442565,-0.195268
M,0.227334,0.0400041,0.0400041,0.267338
M,0.131959,0.0442565,0.0442565,0.176215
M,0.0117126,0.0442565,0.0442565,0.0559691
M,-0.0883199,0.0442565,0.0442565,-0.0440634
M,0.10718,0.0442565,0.0442565,0.151436
M,0.0634879,0.0442565,0.0442565,0.107744
M,-0.050048,0.0442565,0.0442565,-0.00579155
M,-0.00589336,0.0442565,0.0442565,0.0383631
M,-0.236325,0.00391877,0.00391877,-0.232406
M,-0.043281,0.0442565,0.0442565,0.000975497
M,0.400754,0.0442565,0.0442565,0.44501
M,0.319467,0.0442565,0.0442565,0.363724
M,-0.149779,0.0442565,0.0442565,-0.105523
M,0.122725,0.0442565,0.0442565,0.166981
M,-0.0729056,0.0442565,0.0442565,-0.0286491
M,-0.486286,0.0442565,0.0442565,-0.44203
M,-0.0604384,0.0442565,0.0442565,-0.0161819
M,-0.175832,0.0442565,0.0442565,-0.131576
M,-0.197964,0.0442565,0.0442565,-0.153708
M,-0.0432814,0.0442565,0.0442565,0.000975105
M,-0.348765,0.0442565,0.0442565,-0.304508
M,-0.0377362,0.0442565,0.0442565,0.00652035
M,0.223991,0.0442565,0.0442565,0.268248
M,0.202028,0.0442565,0.0442565,0.246284
M,0.118683,0.0442565,0.0442565,0.162939
M,0.0231474,0.0442565,0.0442565,0.0674039
M,-0.01401,0.0442565,0.0442565,0.0302465
M,0.111335,0.0442565,0.0442565,0.155592
M,-0.0730236,0.0442565,0.0442565,-0.0287671
M,-0.022509,0.0442565,0.0442565,0.0217475
M,0.107459,0.0442565,0.0442565,0.151715
M,-0.125022,0.0442565,0.0442565,-0.0807659
M,-0.102231,0.0442565,0.0442565,-0.0579746
M,-0.0323834,0.0442565,0.0442565,0.0118731
M,-0.115063,-0.00773509,-0.00773509,-0.122799
M,-0.17672,0.0442565,0.0442565,-0.132464
M,0.107247,0.0442565,0.0442565,0.151503
M,0.0985039,0.0442565,0.0442565,0.14276
M,0.130041,0.0442565,0.0442565,0.174297
M,0.0934312,0.0442565,0.0442565,0.137688
M,0.00166255,0.0442565,0.0442565,0.0459191
M,0.152881,0.0442565,0.0442565,0.197138
M,-0.149244,0.0442565,0.0442565,-0.104988
M,-0.139011,0.0442565,0.0442565,-0.0947545
M,0.359765,0.0442565,0.0442565,0.404022
M,-0.156363,0.0442565,0.0442565,-0.112107
M,0.292614,0.0442565,0.0442565,0.33687
M,-0.00599827,0.0442565,0.0442565,0.0382582
M,0.114668,0.0442565,0.0442565,0.158924
M,-0.111376,0.0442565,0.0442565,-0.0671196
M,-0.103715,0.0442565,0.0442565,-0.0594584
M,-0.0747532,0.0442565,0.0442565,-0.0304968
M,-0.217095,0.0442565,0.0442565,-0.172838
M,-0.337398,0.0442565,0.0442565,-0.293142
M,0.341231,0.0442565,0.0442565,0.385488
M,0.0172637,0.0442565,0.0442565,0.0615202
M,0.317842,0.00391877,0.00391877,0.321761
M,-0.225302,0.0442565,0.0442565,-0.181045
M,-0.0488245,0.0442565,0.0442565,-0.00456801
M,-0.217675,0.0442565,0.0442565,-0.173419
M,0.199567,0.0442565,0.0442565,0.243824
M,-0.0255783,0.0442565,0.0442565,0.0186782
M,-0.152897,0.0442565,0.0442565,-0.10864
M,0.468197,0.0442565,0.0442565,0.512454
M,-0.52697,0.0442565,0.0442565,-0.482714
M,-0.19589,0.0442565,0.0442565,-0.151633
M,-0.0936591,0.0442565,0.0442565,-0.0494026
M,0.234251,0.00391877,0.00391877,0.238169
M,0.179345,0.0442565,0.0442565,0.223602
M,0.314318,-0.00773509,-0.00773509,0.306582
M,-0.024256,0.0442565,0.0442565,0.0200005
M,-0.201905,0.0442565,0.0442565,-0.157649
M,0.186804,0.0442565,0.0442565,0.231061
M,-0.261449,0.0442565,0.0442565,-0.217193
M,0.109951,0.0442565,0.0442565,0.154207
M,-0.332714,0.0442565,0.0442565,-0.288458
M,0.108278,0.0442565,0.0442565,0.152534
M,-0.110038,0.0442565,0.0442565,-0.0657817
M,-0.209015,0.0442565,0.0442565,-0.164759
M,0.00481151,0.0442565,0.0442565,0.049068
M,-0.00114297,0.0442565,0.0442565,0.0431135
M,-0.0327797,0.0442565,0.0442565,0.0114768
M,-0.0203639,0.0442565,0.0442565,0.0238926
M,0.331659,0.0442565,0.0442565,0.375916
M,0.220619,0.0442565,0.0442565,0.264876
M,0.268194,0.0442565,0.0442565,0.312451
M,-0.118362,0.0442565,0.0442565,-0.074106
M,0.150006,0.0442565,0.0442565,0.194262
M,-0.323904,0.0442565,0.0442565,-0.279648
M,-0.124099,0.00391877,0.00391877,-0.12018
M,-0.0900372,0.00391877,0.00391877,-0.0861185
M,0.0481069,0.0442565,0.0442565,0.0923634
M,-0.068626,0.0442565,0.0442565,-0.0243696
M,0.338494,0.0442565,0.0442565,0.38275
M,0.184164,0.0442565,0.0442565,0.228421
M,-0.00523177,0.0442565,0.0442565,0.0390247
M,0.420395,0.0442565,0.0442565,0.464652
M,-0.051207,0.0442565,0.0442565,-0.0069505
M,0.259949,0.0442565,0.0442565,0.304206
M,0.0309089,0.0442565,0.0442565,0.0751654
M,-0.000351888,0.0442565,0.0442565,0.0439046
M,0.0936931,0.0442565,0.0442565,0.13795
M,-0.0394614,0.0442565,0.0442565,0.00479513
M,0.426451,0.0442565,0.0442565,0.470708
M,0.113901,0.0442565,0.0442565,0.158158
M,-0.396997,0.0442565,0.0442565,-0.352741
M,-0.0596696,0.0442565,0.0442565,-0.0154131
M,0.00554091,0.0442565,0.0442565,0.0497974
M,-0.0605351,0.0442565,0.0442565,-0.0162786
M,-0.128911,0.0442565,0.0442565,-0.0846542
M,0.0591344,0.0442565,0.0442565,0.103391
M,-0.354129,0.0442565,0.0442565,-0.309873
M,-0.168756,0.0442565,0.0442565,-0.124499
M,-0.25784,0.00391877,0.00391877,-0.253921
M,-0.205579,0.0442565,0.0442565,-0.161323
M,-0.117712,0.0442565,0.0442565,-0.0734552
M,0.036741,0.0442565,0.0442565,0.0809975
M,-0.127213,0.0442565,0.0442565,-0.0829568
M,-0.061809,0.0442565,0.0442565,-0.0175525
M,-0.0511604,0.0442565,0.0442565,-0.00690389
M,-0.385076,0.0442565,0.0442565,-0.34082
M,0.00848321,0.0442565,0.0442565,0.0527397
M,0.068903,0.0442565,0.0442565,0.11316
M,-0.0879619,0.0442565,0.0442565,-0.0437054
M,-0.14048,0.0442565,0.0442565,-0.0962235
M,-0.0900304,0.0442565,0.0442565,-0.0457739
M,-0.0368111,0.0442565,0.0442565,0.0074454
M,-0.282579,0.0442565,0.0442565,-0.238322
M,-0.360245,0.0442565,0.0442565,-0.315988
M,0.0682282,0.0442565,0.0442565,0.112485
M,-0.0605771,0.0442565,0.0442565,-0.0163206
M,-0.126372,0.0442565,0.0442565,-0.0821155
M,-0.521443,0.0442565,0.0442565,-0.477187
M,-0.00482832,0.0442565,0.0442565,0.0394282
M,0.071606,0.0442565,0.0442565,0.115862
M,0.17193,0.0442565,0.0442565,0.216187
M,-0.0926302,0.0442565,0.0442565,-0.0483737
M,-0.165518,0.0442565,0.0442565,-0.121262
M,-0.255572,0.0442565,0.0442565,-0.211316
M,0.34311,-0.00773509,-0.00773509,0.335375
M,-0.226945,0.0442565,0.0442565,-0.182688
M,-0.188325,0.0442565,0.0442565,-0.144069
