F,-0.000918765,0.000525622,0.000525622,-0.000393143
F,-0.0624894,0.000525622,0.000525622,-0.0619637
F,0.193313,0.000525622,0.000525622,0.193839
F,-0.000505394,0.000525622,0.000525622,2.02279e-05
F,0.017585,-0.0552031,-0.0552031,-0.0376181
F,-0.144496,0.000525622,0.000525622,-0.143971
F,-0.0115451,0.000525622,0.000525622,-0.0110195
F,-0.0925603,0.000525622,0.000525622,-0.0920347
F,0.0184361,0.000525622,0.000525622,0.0189617
F,-0.184872,0.000525622,0.000525622,-0.184347
F,-0.175496,0.000525622,0.000525622,-0.17497
F,0.314095,0.000525622,0.000525622,0.314621
F,0.0870796,0.000525622,0.000525622,0.0876052
F,-0.0216387,0.000525622,0.000525622,-0.0211131
F,-0.198236,0.000525622,0.000525622,-0.19771
F,-0.035455,0.000525622,0.000525622,-0.0349294
F,-0.125531,0.000525622,0.000525622,-0.125006
F,-0.143364,0.000525622,0.000525622,-0.142839
F,-0.0408118,0.000525622,0.000525622,-0.0402862
F,0.450288,0.000525622,0.000525622,0.450814
F,-0.14273,0.000525622,0.000525622,-0.142205
F,0.126682,0.000525622,0.000525622,0.127208
F,0.218358,0.000525622,0.000525622,0.218883
F,0.104603,0.000525622,0.000525622,0.105128
F,-0.343877,-0.0552031,-0.0552031,-0.39908
F,0.0801571,0.000525622,0.000525622,0.0806828
F,0.0320732,0.000525622,0.000525622,0.0325989
F,-0.133742,0.000525622,0.000525622,-0.133217
F,0.0139701,0.000525622,0.000525622,0.0144957
F,-0.193604,0.000525622,0.000525622,-0.193078
F,0.253257,0.000525622,0.000525622,0.253782
F,0.0728367,0.000525622,0.000525622,0.0733623
F,0.205035,0.000525622,0.000525622,0.205561
F,0.363234,0.000525622,0.000525622,0.36376
F,0.27771,0.000525622,0.000525622,0.278236
F,0.276722,0.000525622,0.000525622,0.277248
F,-0.166536,0.000525622,0.000525622,-0.16601
F,0.130575,0.000525622,0.000525622,0.1311
F,0.18505,0.000525622,0.000525622,0.185575
F,0.130127,0.000525622,0.000525622,0.130653
F,0.0523071,0.000525622,0.000525622,0.0528327
F,-0.0259098,0.000525622,0.000525622,-0.0253841
F,0.226838,0.000525622,0.000525622,0.227363
F,-0.531267,0.000525622,0.000525622,-0.530741
F,-0.13247,0.000525622,0.000525622,-0.131944
F,-0.00238701,0.000525622,0.000525622,-0.00186139
F,0.290935,0.000525622,0.000525622,0.291461
F,-0.0973977,0.000525622,0.000525622,-0.0968721
F,0.566888,0.000525622,0.000525622,0.567414
F,-0.278641,0.000525622,0.000525622,-0.278115
F,0.252187,0.000525622,0.000525622,0.252712
F,-0.194708,0.000525622,0.000525622,-0.194182
F,-0.086982,0.000525622,0.000525622,-0.0864564
F,0.0964104,0.000525622,0.000525622,0.096936
F,-0.0654816,0.000525622,0.000525622,-0.064956
F,0.24053,0.000525622,0.000525622,0.241056
F,-0.0152396,0.000525622,0.000525622,-0.014714
F,-0.25809,0.000525622,0.000525622,-0.257564
F,-0.229968,0.000525622,0.000525622,-0.229442
F,0.00276993,0.000525622,0.000525622,0.00329555
F,0.401855,0.000525622,0.000525622,0.402381
F,0.0203344,-0.0552031,-0.0552031,-0.0348687
F,-0.0952139,0.000525622,0.000525622,-0.0946882
F,0.0725317,-0.00731548,-0.00731548,0.0652162
F,0.46118,0.000525622,0.000525622,0.461705
F,0.0786212,0.000525622,0.000525622,0.0791468
F,0.153632,-0.00731548,-0.00731548,0.146316
F,-0.170498,0.000525622,0.000525622,-0.169972
F,0.337941,0.000525622,0.000525622,0.338467
F,-0.0329878,0.000525622,0.000525622,-0.0324622
F,-0.37945,0.000525622,0.000525622,-0.378925
F,0.21183,0.000525622,0.000525622,0.212356
F,-0.135947,0.000525622,0.000525622,-0.135421
F,-0.176501,0.000525622,0.000525622,-0.175976
F,0.16932,0.000525622,0.000525622,0.169845
F,0.224259,0.000525622,0.000525622,0.224785
F,0.189865,0.000525622,0.000525622,0.19039
F,-0.206494,0.0104251,0.0104251,-0.196069
F,-0.0526591,0.000525622,0.000525622,-0.0521335
F,0.13865,0.000525622,0.000525622,0.139176
F,0.205225,0.000525622,0.000525622,0.205751
F,-0.0478939,0.000525622,0.000525622,-0.0473683
F,0.428017,0.000525622,0.000525622,0.428542
F,-0.0602684,0.000525622,0.000525622,-0.0597428
F,-0.0484768,0.000525622,0.000525622,-0.0479512
F,-0.446252,0.000525622,0.000525622,-0.445727
F,-0.0655794,0.000525622,0.000525622,-0.0650538
F,0.0890195,0.000525622,0.000525622,0.0895451
F,0.00537276,0.000525622,0.000525622,0.00589838
F,-0.25995,0.000525622,0.000525622,-0.259425
F,0.24632,0.000525622,0.000525622,0.246846
F,-0.0439198,0.0359397,0.0359397,-0.00798005
F,-0.0450209,0.000525622,0.000525622,-0.0444953
F,-0.152489,0.000525622,0.000525622,-0.151963
F,0.177695,0.000525622,0.000525622,0.17822
F,0.098421,0.000525622,0.000525622,0.0989466
F,0.295087,0.000525622,0.000525622,0.295613
F,0.0609727,0.000525622,0.000525622,0.0614984
F,0.0771631,0.000525622,0.000525622,0.0776887
F,-0.0178567,0.0132514,0.0132514,-0.00460525
F,-0.456546,0.000525622,0.000525622,-0.45602
F,0.0858517,-0.0552031,-0.0552031,0.0306486
F,-0.217757,0.000525622,0.000525622,-0.217231
F,0.400963,0.000525622,0.000525622,0.401489
F,0.122419,0.000525622,0.000525622,0.122944
F,-0.151762,-0.0552031,-0.0552031,-0.206965
F,-0.12789,0.000525622,0.000525622,-0.127364
F,0.00140648,0.000525622,0.000525622,0.0019321
F,0.151403,0.000525622,0.000525622,0.151928
F,0.122837,0.000525622,0.000525622,0.123362
F,0.0639481,0.000525622,0.000525622,0.0644737
F,-0.446,0.0132514,0.0132514,-0.432749
F,0.570664,0.000525622,0.000525622,0.571189
F,0.00100111,0.000525622,0.000525622,0.00152673
F,0.137069,0.000525622,0.000525622,0.137595
F,0.268257,0.000525622,0.000525622,0.268783
F,0.210974,0.000525622,0.000525622,0.2115
F,-0.0132426,0.000525622,0.000525622,-0.012717
F,-0.132347,0.000525622,0.000525622,-0.131822
F,0.236941,0.000525622,0.000525622,0.237467
F,-0.0643208,0.000525622,0.000525622,-0.0637952
F,0.0553168,0.000525622,0.000525622,0.0558424
F,0.0465317,0.000525622,0.000525622,0.0470573
F,0.127853,0.000525622,0.000525622,0.128379
F,-0.0206366,0.000525622,0.000525622,-0.020111
F,0.125289,0.000525622,0.000525622,0.125815
F,-0.425486,0.000525622,0.000525622,-0.42496
F,-0.33055,0.000525622,0.000525622,-0.330025
F,-0.0901234,0.000525622,0.000525622,-0.0895977
F,0.00245979,0.000525622,0.000525622,0.00298541
F,-0.134756,0.000525622,0.000525622,-0.13423
F,0.463767,0.000525622,0.000525622,0.464292
F,-0.151102,0.000525622,0.000525622,-0.150577
F,0.294787,0.000525622,0.000525622,0.295312
F,0.133499,0.000525622,0.000525622,0.134025
F,-0.112685,0.000525622,0.000525622,-0.11216
F,-0.181557,0.000525622,0.000525622,-0.181032
F,-0.0805988,0.000525622,0.000525622,-0.0800732
F,0.0564905,0.000525622,0.000525622,0.0570161
F,-0.291182,0.000525622,0.000525622,-0.290657
F,0.0296207,0.000525622,0.000525622,0.0301463
F,0.158326,0.000525622,0.000525622,0.158852
F,-0.0381185,0.000525622,0.000525622,-0.0375928
F,0.245038,0.000525622,0.000525622,0.245564
F,0.159902,0.000525622,0.000525622,0.160428
F,0.28044,0.000525622,0.000525622,0.280965
F,0.113622,0.000525622,0.000525622,0.114148
F,0.249459,0.000525622,0.000525622,0.249985
F,-0.344442,0.000525622,0.000525622,-0.343917
F,0.167271,0.000525622,0.000525622,0.167796
F,0.273052,0.000525622,0.000525622,0.273578
F,-0.15878,-0.0552031,-0.0552031,-0.213983
F,0.0455862,-0.0552031,-0.0552031,-0.00961694
F,-0.301284,0.000525622,0.000525622,-0.300758
F,-0.174168,0.000525622,0.000525622,-0.173643
F,0.0846641,0.000525622,0.000525622,0.0851897
F,-0.253687,0.000525622,0.000525622,-0.253162
F,-0.049466,0.000525622,0.000525622,-0.0489404
F,-0.0828627,0.000525622,0.000525622,-0.0823371
F,-0.137133,0.000525622,0.000525622,-0.136607
F,0.0769219,0.000525622,0.000525622,0.0774475
F,-0.239049,0.000525622,0.000525622,-0.238523
F,-0.0370583,0.000525622,0.000525622,-0.0365326
F,-0.183526,0.000525622,0.000525622,-0.183
F,0.281739,0.000525622,0.000525622,0.282265
F,-0.13702,0.000525622,0.000525622,-0.136494
F,0.0149139,0.000525622,0.000525622,0.0154395
F,0.180095,0.000525622,0.000525622,0.180621
F,0.021211,0.000525622,0.000525622,0.0217366
F,-0.357248,0.000525622,0.000525622,-0.356722
F,0.121647,0.000525622,0.000525622,0.122172
F,0.0534847,0.000525622,0.000525622,0.0540104
F,-0.0620387,0.000525622,0.000525622,-0.061513
F,-0.0504952,0.000525622,0.000525622,-0.0499696
F,-0.0342261,0.000525622,0.000525622,-0.0337005
F,0.456039,0.000525622,0.000525622,0.456565
F,0.186981,0.0104251,0.0104251,0.197406
F,-0.150985,0.0132514,0.0132514,-0.137733
F,-0.122041,0.000525622,0.000525622,-0.121515
F,-0.0544901,0.000525622,0.000525622,-0.0539645
F,0.0353463,0.000525622,0.000525622,0.0358719
F,-0.04749,0.000525622,0.000525622,-0.0469644
F,0.195263,0.000525622,0.000525622,0.195789
F,-0.233698,0.000525622,0.000525622,-0.233173
F,-0.0616892,0.000525622,0.000525622,-0.0611636
F,-0.114021,0.000525622,0.000525622,-0.113495
F,0.0167039,0.000525622,0.000525622,0.0172295
F,-0.468422,0.000525622,0.000525622,-0.467896
F,0.0731751,0.000525622,0.000525622,0.0737008
F,0.0645666,0.000525622,0.000525622,0.0650922
F,-0.0727622,0.000525622,0.000525622,-0.0722366
F,0.0469632,0.000525622,0.000525622,0.0474888
F,-0.159186,0.000525622,0.000525622,-0.15866
F,0.267938,0.000525622,0.000525622,0.268464
F,0.0393166,0.000525622,0.000525622,0.0398422
F,-0.282099,0.000525622,0.000525622,-0.281573
F,0.0502887,0.000525622,0.000525622,0.0508143
F,0.0787088,0.000525622,0.000525622,0.0792344
F,-0.134511,0.000525622,0.000525622,-0.133985
F,-0.153891,0.000525622,0.000525622,-0.153365
F,-0.200872,0.000525622,0.000525622,-0.200347
F,0.0220145,0.000525622,0.000525622,0.0225402
F,-0.0642386,0.000525622,0.000525622,-0.063713
F,0.0193714,0.000525622,0.000525622,0.019897
F,-0.0253637,0.000525622,0.000525622,-0.0248381
F,0.118659,0.000525622,0.000525622,0.119185
F,-0.0692634,0.0132514,0.0132514,-0.0560119
F,0.0423957,0.000525622,0.000525622,0.0429213
F,0.262775,0.000525622,0.000525622,0.2633
F,-0.235122,0.000525622,0.000525622,-0.234597
F,0.363066,0.000525622,0.000525622,0.363592
F,-0.297161,0.000525622,0.000525622,-0.296636
F,0.164327,0.000525622,0.000525622,0.164852
F,-0.354206,0.000525622,0.000525622,-0.35368
F,0.0233653,0.000525622,0.000525622,0.0238909
F,0.0477993,0.000525622,0.000525622,0.0483249
F,-0.0270009,0.000525622,0.000525622,-0.0264753
F,-0.0460582,0.000525622,0.000525622,-0.0455326
F,0.150595,0.000525622,0.000525622,0.151121
F,-0.344762,0.000525622,0.000525622,-0.344236
F,0.239007,0.000525622,0.000525622,0.239532
F,-0.108552,0.000525622,0.000525622,-0.108027
F,-0.233841,0.000525622,0.000525622,-0.233316
F,0.129059,0.000525622,0.000525622,0.129585
F,-0.400511,0.000525622,0.000525622,-0.399985
F,0.12276,0.000525622,0.000525622,0.123286
F,0.271617,0.000525622,0.000525622,0.272143
F,0.086615,-0.0552031,-0.0552031,0.0314119
F,-0.113544,0.000525622,0.000525622,-0.113018
F,0.0850707,0.000525622,0.000525622,0.0855963
F,0.0164261,0.000525622,0.000525622,0.0169517
F,0.131049,0.000525622,0.000525622,0.131574
F,0.138929,0.000525622,0.000525622,0.139455
F,0.189114,-0.0552031,-0.0552031,0.133911
F,0.223163,0.000525622,0.000525622,0.223689
F,0.00300152,0.000525622,0.000525622,0.00352714
F,0.168742,0.000525622,0.000525622,0.169267
F,0.102251,0.000525622,0.000525622,0.102777
F,-0.281241,0.000525622,0.000525622,-0.280716
F,-0.275813,0.000525622,0.000525622,-0.275287
F,0.178422,0.000525622,0.000525622,0.178948
F,0.0200273,0.000525622,0.000525622,0.0205529
F,-0.0446099,0.000525622,0.000525622,-0.0440843
F,-0.185084,0.000525622,0.000525622,-0.184559
F,0.090439,0.000525622,0.000525622,0.0909646
F,-0.169379,0.000525622,0.000525622,-0.168854
F,0.0902861,0.000525622,0.000525622,0.0908117
F,0.169407,0.000525622,0.000525622,0.169933
F,0.303802,0.000525622,0.000525622,0.304328
F,0.355039,0.000525622,0.000525622,0.355565
F,-0.128743,0.000525622,0.000525622,-0.128217
F,0.0101159,0.000525622,0.000525622,0.0106415
F,-0.0777867,0.000525622,0.000525622,-0.0772611
F,-0.193766,0.000525622,0.000525622,-0.193241
F,0.372182,0.000525622,0.000525622,0.372708
F,-0.0378762,0.000525622,0.000525622,-0.0373506
F,0.277581,0.000525622,0.000525622,0.278107
F,-0.344395,0.000525622,0.000525622,-0.343869
F,-0.228382,0.000525622,0.000525622,-0.227856
F,0.34903,0.0359397,0.0359397,0.38497
F,-0.0344387,0.000525622,0.000525622,-0.0339131
F,0.0670622,0.000525622,0.000525622,0.0675878
F,0.218057,-0.0552031,-0.0552031,0.162853
F,0.0563012,0.000525622,0.000525622,0.0568268
F,0.0237121,0.000525622,0.000525622,0.0242377
F,-0.196715,0.000525622,0.000525622,-0.196189
F,0.00377399,0.000525622,0.000525622,0.00429961
F,-0.258923,0.000525622,0.000525622,-0.258398
F,-0.342462,0.000525622,0.000525622,-0.341937
F,-0.49186,0.000525622,0.000525622,-0.491335
F,0.00325541,0.000525622,0.000525622,0.00378103
F,-0.097048,0.000525622,0.000525622,-0.0965223
F,0.328399,0.000525622,0.000525622,0.328925
F,-0.279637,0.000525622,0.000525622,-0.279112
F,-0.124397,0.000525622,0.000525622,-0.123872
F,-0.0925074,0.000525622,0.000525622,-0.0919818
F,-0.0430797,0.000525622,0.000525622,-0.042554
F,0.0533541,0.000525622,0.000525622,0.0538797
F,-0.271818,0.000525622,0.000525622,-0.271292
F,-0.132955,0.000525622,0.000525622,-0.132429
F,-0.0871052,0.000525622,0.000525622,-0.0865796
F,0.0890867,0.000525622,0.000525622,0.0896124
F,0.0972946,-0.00731548,-0.00731548,0.0899791
F,-0.351047,0.000525622,0.000525622,-0.350521
F,-0.129946,0.000525622,0.000525622,-0.12942
F,-0.0406902,0.000525622,0.000525622,-0.0401646
F,0.290158,0.000525622,0.000525622,0.290684
F,-0.117786,0.000525622,0.000525622,-0.11726
F,-0.0603284,0.000525622,0.000525622,-0.0598027
F,0.0441392,0.000525622,0.000525622,0.0446648
F,-0.036141,0.000525622,0.000525622,-0.0356153
F,0.208457,0.000525622,0.000525622,0.208983
F,0.0101028,0.0359397,0.0359397,0.0460425
F,-0.0707479,0.000525622,0.000525622,-0.0702223
F,-0.179797,0.000525622,0.000525622,-0.179272
F,-0.23164,0.000525622,0.000525622,-0.231114
F,-0.0970416,0.000525622,0.000525622,-0.096516
F,-0.116257,0.000525622,0.000525622,-0.115732
F,0.147406,0.000525622,0.000525622,0.147931
F,0.217209,0.000525622,0.000525622,0.217734
F,0.167849,0.000525622,0.000525622,0.168375
F,0.0851801,0.000525622,0.000525622,0.0857057
F,-0.141293,0.000525622,0.000525622,-0.140767
F,-0.334985,0.000525622,0.000525622,-0.334459
F,0.150876,0.000525622,0.000525622,0.151402
F,0.0975495,0.000525622,0.000525622,0.0980751
F,-0.0592858,0.000525622,0.000525622,-0.0587602
F,-0.303555,0.0132514,0.0132514,-0.290303
F,-0.075274,0.000525622,0.000525622,-0.0747484
F,-0.348705,0.000525622,0.000525622,-0.34818
F,0.312182,0.000525622,0.000525622,0.312708
F,0.246999,0.000525622,0.000525622,0.247525
F,0.0872649,0.0104251,0.0104251,0.09769
F,-0.0606429,0.000525622,0.000525622,-0.0601173
F,0.292661,0.000525622,0.000525622,0.293186
F,0.0454527,0.000525622,0.000525622,0.0459784
F,-0.0166706,0.000525622,0.000525622,-0.016145
F,-0.102876,0.000525622,0.000525622,-0.10235
F,-0.288528,0.000525622,0.000525622,-0.288002
F,0.268095,0.000525622,0.000525622,0.26862
F,0.0871815,0.000525622,0.000525622,0.0877071
F,0.0994107,0.000525622,0.000525622,0.0999364
F,-0.0437532,0.000525622,0.000525622,-0.0432276
F,0.0826826,0.000525622,0.000525622,0.0832082
F,-0.215759,0.000525622,0.000525622,-0.215233
F,0.0267853,0.000525622,0.000525622,0.0273109
F,-0.0422166,0.000525622,0.000525622,-0.041691
F,0.118748,0.000525622,0.000525622,0.119274
F,-0.0242376,0.000525622,0.000525622,-0.023712
F,-0.37885,0.000525622,0.000525622,-0.378324
F,-0.235313,0.000525622,0.000525622,-0.234787
F,0.185333,0.000525622,0.000525622,0.185859
F,0.0114904,0.000525622,0.000525622,0.012016
F,-0.0650353,0.000525622,0.000525622,-0.0645097
F,0.362277,0.000525622,0.000525622,0.362802
F,-0.0334706,0.000525622,0.000525622,-0.032945
F,0.308409,0.000525622,0.000525622,0.308934
F,-0.158379,0.000525622,0.000525622,-0.157853
F,0.318574,0.000525622,0.000525622,0.3191
F,0.263564,-0.0552031,-0.0552031,0.208361
F,-0.228482,0.0359397,0.0359397,-0.192542
F,0.0885014,-0.0552031,-0.0552031,0.0332982
F,-0.103354,0.000525622,0.000525622,-0.102829
F,-0.314248,0.000525622,0.000525622,-0.313722
F,0.279959,0.000525622,0.000525622,0.280485
F,0.516078,0.000525622,0.000525622,0.516603
F,0.0251015,0.000525622,0.000525622,0.0256271
F,0.175629,0.000525622,0.000525622,0.176154
F,-0.427739,0.000525622,0.000525622,-0.427214
F,-0.0630897,0.000525622,0.000525622,-0.0625641
F,-0.0467275,0.000525622,0.000525622,-0.0462018
F,-0.0334819,0.000525622,0.000525622,-0.0329563
F,0.3455,0.000525622,0.000525622,0.346026
F,0.0749869,0.000525622,0.000525622,0.0755125
F,-0.145853,0.000525622,0.000525622,-0.145327
F,-0.331386,0.000525622,0.000525622,-0.330861
F,-0.00900636,0.000525622,0.000525622,-0.00848073
F,-0.45818,0.000525622,0.000525622,-0.457654
F,0.240591,0.0104251,0.0104251,0.251016
F,0.0487232,-0.0552031,-0.0552031,-0.00647997
F,0.10827,0.000525622,0.000525622,0.108795
F,-0.130351,0.000525622,0.000525622,-0.129826
F,-0.00890317,0.000525622,0.000525622,-0.00837755
F,0.220997,0.000525622,0.000525622,0.221523
F,0.0759472,0.000525622,0.000525622,0.0764728
F,-0.0521136,0.000525622,0.000525622,-0.051588
F,-0.148886,0.000525622,0.000525622,-0.148361
F,0.0428524,0.000525622,0.000525622,0.043378
F,-0.18158,0.000525622,0.000525622,-0.181054
F,0.0202737,0.000525622,0.000525622,0.0207993
F,0.0188138,0.000525622,0.000525622,0.0193395
F,0.179292,0.000525622,0.000525622,0.179818
F,-0.329189,0.000525622,0.000525622,-0.328663
F,-0.0274144,0.000525622,0.000525622,-0.0268887
F,0.208807,0.000525622,0.000525622,0.209332
F,0.383671,-0.0552031,-0.0552031,0.328467
F,-0.256628,0.000525622,0.000525622,-0.256102
F,-0.290287,-0.0552031,-0.0552031,-0.345491
F,-0.149343,0.000525622,0.000525622,-0.148817
F,-0.0429828,0.000525622,0.000525622,-0.0424572
F,-0.119644,0.000525622,0.000525622,-0.119118
F,0.0340538,-0.0552031,-0.0552031,-0.0211493
F,0.00387026,0.000525622,0.000525622,0.00439588
F,-0.329472,0.000525622,0.000525622,-0.328947
F,0.0633522,0.000525622,0.000525622,0.0638779
F,-0.00104518,0.000525622,0.000525622,-0.000519557
F,0.125509,0.000525622,0.000525622,0.126035
F,0.0668096,0.000525622,0.000525622,0.0673352
F,-0.188661,0.000525622,0.000525622,-0.188135
F,-0.351386,0.000525622,0.000525622,-0.35086
F,-0.327337,0.000525622,0.000525622,-0.326812
F,0.104141,0.000525622,0.000525622,0.104667
F,0.176383,0.000525622,0.000525622,0.176909
F,0.150342,0.000525622,0.000525622,0.150868
F,-0.0357941,0.000525622,0.000525622,-0.0352685
F,-0.23299,0.000525622,0.000525622,-0.232465
F,0.0482395,0.000525622,0.000525622,0.0487651
F,0.149672,0.000525622,0.000525622,0.150197
F,-0.113178,0.000525622,0.000525622,-0.112653
F,0.110236,0.000525622,0.000525622,0.110762
F,-0.184008,0.0104251,0.0104251,-0.173582
F,0.271813,0.000525622,0.000525622,0.272339
F,0.142723,0.000525622,0.000525622,0.143248
F,-0.0124804,0.000525622,0.000525622,-0.0119547
F,-0.110641,0.000525622,0.000525622,-0.110116
F,0.107132,0.000525622,0.000525622,0.107657
F,0.242816,0.000525622,0.000525622,0.243342
F,0.0893602,-0.0552031,-0.0552031,0.034157
F,0.209903,0.000525622,0.000525622,0.210428
F,-0.0114218,0.000525622,0.000525622,-0.0108961
F,-0.309304,0.000525622,0.000525622,-0.308779
F,-0.100382,0.000525622,0.000525622,-0.0998562
F,0.0842247,0.000525622,0.000525622,0.0847503
F,0.0471292,0.000525622,0.000525622,0.0476549
F,-0.451372,0.000525622,0.000525622,-0.450846
F,-0.262393,0.000525622,0.000525622,-0.261868
F,-0.0391189,-0.0552031,-0.0552031,-0.094322
F,-0.189212,0.000525622,0.000525622,-0.188687
F,-0.00704411,0.000525622,0.000525622,-0.00651849
F,-0.0699484,0.000525622,0.000525622,-0.0694228
F,0.287749,0.000525622,0.000525622,0.288274
F,0.109403,0.000525622,0.000525622,0.109928
F,-0.209346,0.000525622,0.000525622,-0.20882
F,0.0537054,0.0359397,0.0359397,0.0896451
F,-0.211323,0.000525622,0.000525622,-0.210797
F,0.13897,0.000525622,0.000525622,0.139496
F,-0.149686,0.000525622,0.000525622,-0.149161
F,0.242813,0.000525622,0.000525622,0.243339
F,0.0147454,0.000525622,0.000525622,0.0152711
F,0.149277,0.000525622,0.000525622,0.149802
F,0.0964881,0.000525622,0.000525622,0.0970137
F,-0.10774,0.000525622,0.000525622,-0.107214
F,-0.242451,0.000525622,0.000525622,-0.241925
F,-0.00207707,0.000525622,0.000525622,-0.00155145
F,0.291496,0.000525622,0.000525622,0.292021
F,0.211944,0.000525622,0.000525622,0.21247
F,0.397566,-0.0552031,-0.0552031,0.342363
F,-0.287828,0.000613133,0.000613133,-0.287215
F,-0.080309,0.000525622,0.000525622,-0.0797834
F,0.00816361,0.000525622,0.000525622,0.00868923
F,0.0585915,0.000525622,0.000525622,0.0591171
F,-0.347835,0.000525622,0.000525622,-0.347309
F,-0.11715,0.000525622,0.000525622,-0.116624
F,-0.204543,0.000525622,0.000525622,-0.204018
F,0.351231,0.000525622,0.000525622,0.351757
F,-0.22646,0.000525622,0.000525622,-0.225934
F,0.246238,0.000525622,0.000525622,0.246763
F,-0.0167971,0.000525622,0.000525622,-0.0162715
F,-0.162327,0.000525622,0.000525622,-0.161801
F,0.0425794,0.0104251,0.0104251,0.0530045
F,-0.097747,0.000525622,0.000525622,-0.0972214
F,0.250587,0.000525622,0.000525622,0.251113
F,-0.090824,0.000525622,0.000525622,-0.0902984
F,-0.00409843,0.000525622,0.000525622,-0.00357281
F,0.0450315,0.000525622,0.000525622,0.0455571
F,-0.39239,0.000525622,0.000525622,-0.391864
F,0.0631112,0.000525622,0.000525622,0.0636369
F,-0.148251,0.000525622,0.000525622,-0.147726
F,-0.486913,-0.0552031,-0.0552031,-0.542116
F,0.123899,0.000525622,0.000525622,0.124424
F,-0.125959,0.000525622,0.000525622,-0.125434
F,0.0851206,0.000525622,0.000525622,0.0856462
F,0.0193416,0.000525622,0.000525622,0.0198672
F,-0.106596,0.000525622,0.000525622,-0.10607
F,-0.167665,0.000525622,0.000525622,-0.167139
F,0.126974,0.000525622,0.000525622,0.1275
F,0.174438,0.0359397,0.0359397,0.210378
F,-0.0566223,0.0359397,0.0359397,-0.0206826
F,0.208268,0.000525622,0.000525622,0.208794
F,-0.0856567,0.000525622,0.000525622,-0.0851311
F,-0.262826,0.000525622,0.000525622,-0.2623
F,-0.212402,0.000525622,0.000525622,-0.211876
F,0.245244,0.000525622,0.000525622,0.24577
F,0.0839267,0.000525622,0.000525622,0.0844523
F,-0.0141006,-0.0552031,-0.0552031,-0.0693037
F,0.115448,0.000525622,0.000525622,0.115974
F,0.0877269,0.000525622,0.000525622,0.0882526
F,0.0909015,0.000525622,0.000525622,0.0914271
F,0.334489,0.000525622,0.000525622,0.335014
F,-0.0440837,0.000525622,0.000525622,-0.0435581
F,-0.275286,0.000525622,0.000525622,-0.274761
F,-0.200314,0.000525622,0.000525622,-0.199789
F,0.0875756,0.000525622,0.000525622,0.0881012
F,-0.198475,0.000525622,0.000525622,-0.197949
F,-0.261722,0.000525622,0.000525622,-0.261197
F,0.0688364,0.000525622,0.000525622,0.069362
F,-0.256364,0.000525622,0.000525622,-0.255838
F,-0.119548,0.000525622,0.000525622,-0.119022
F,-0.138971,0.000525622,0.000525622,-0.138445
F,-0.124756,0.000525622,0.000525622,-0.12423
F,-0.0250446,0.000525622,0.000525622,-0.024519
F,0.267526,0.000525622,0.000525622,0.268051
F,0.138918,0.000525622,0.000525622,0.139444
F,0.100209,0.000525622,0.000525622,0.100734
F,-0.205052,0.000525622,0.000525622,-0.204527
F,-0.443509,0.000525622,0.000525622,-0.442983
F,-0.337337,0.000525622,0.000525622,-0.336811
F,-0.120186,0.000525622,0.000525622,-0.119661
F,0.00919549,-0.00731548,-0.00731548,0.00188002
F,0.0532541,0.000525622,0.000525622,0.0537797
F,-0.472667,0.000525622,0.000525622,-0.472141
F,-0.0557072,0.000525622,0.000525622,-0.0551816
F,0.213877,0.000525622,0.000525622,0.214403
F,-0.186505,0.000525622,0.000525622,-0.185979
F,-0.0524175,0.000525622,0.000525622,-0.0518919
F,0.282584,0.000525622,0.000525622,0.283109
F,0.219152,0.000525622,0.000525622,0.219678
F,0.0552798,0.000525622,0.000525622,0.0558054
F,-0.294188,0.000525622,0.000525622,-0.293662
F,0.0780888,0.000525622,0.000525622,0.0786144
F,0.179147,-0.00731548,-0.00731548,0.171831
F,-0.000476626,0.000525622,0.000525622,4.89966e-05
F,0.24975,0.000525622,0.000525622,0.250275
F,-0.157553,-0.0552031,-0.0552031,-0.212756
F,0.0648203,0.000525622,0.000525622,0.0653459
F,0.201834,0.000525622,0.000525622,0.20236
F,-0.235295,0.000525622,0.000525622,-0.234769
F,0.11726,0.000525622,0.000525622,0.117785
F,0.160416,-0.0552031,-0.0552031,0.105213
F,0.0454095,0.000525622,0.000525622,0.0459351
F,0.304923,0.000525622,0.000525622,0.305449
F,0.497725,0.000525622,0.000525622,0.49825
F,-0.165875,0.000525622,0.000525622,-0.16535
F,0.244061,0.000525622,0.000525622,0.244586
F,0.0446873,0.000525622,0.000525622,0.0452129
F,-0.0535434,0.000613133,0.000613133,-0.0529302
F,0.127445,-0.0552031,-0.0552031,0.0722417
F,0.0368065,-0.0552031,-0.0552031,-0.0183967
F,-0.229903,0.000525622,0.000525622,-0.229377
F,-0.277584,0.000525622,0.000525622,-0.277058
F,-0.198718,0.000525622,0.000525622,-0.198192
F,-0.197704,0.000525622,0.000525622,-0.197178
F,0.264976,0.000525622,0.000525622,0.265502
F,-0.162461,0.000525622,0.000525622,-0.161935
F,-0.0351922,0.000525622,0.000525622,-0.0346666
F,-0.374581,0.000525622,0.000525622,-0.374055
F,-0.0948902,-0.0552031,-0.0552031,-0.150093
F,0.174503,0.000525622,0.000525622,0.175028
F,0.291106,0.000525622,0.000525622,0.291632
F,-0.330205,0.000525622,0.000525622,-0.32968
F,-0.17311,0.000525622,0.000525622,-0.172584
F,-0.076113,0.000525622,0.000525622,-0.0755874
F,-0.266238,0.000525622,0.000525622,-0.265712
F,-0.0223515,0.000525622,0.000525622,-0.0218258
F,-0.201275,-0.0552031,-0.0552031,-0.256478
F,-0.217236,0.000525622,0.000525622,-0.21671
F,0.105324,0.000525622,0.000525622,0.105849
F,-0.386282,0.000525622,0.000525622,-0.385756
F,0.0972234,0.000525622,0.000525622,0.097749
F,0.113006,0.000525622,0.000525622,0.113532
F,0.105495,0.000525622,0.000525622,0.106021
F,-0.181224,0.000525622,0.000525622,-0.180698
F,-0.0164887,-0.0552031,-0.0552031,-0.0716918
F,0.177177,0.000525622,0.000525622,0.177702
F,-0.468264,0.000525622,0.000525622,-0.467738
F,-0.0817567,0.000525622,0.000525622,-0.0812311
F,0.0736094,0.000525622,0.000525622,0.074135
F,0.0301094,0.000525622,0.000525622,0.030635
F,-0.19747,-0.0552031,-0.0552031,-0.252673
F,0.0162534,0.000525622,0.000525622,0.016779
F,0.102943,0.000613133,0.000613133,0.103556
F,-0.211611,0.000525622,0.000525622,-0.211085
F,-0.138914,0.000525622,0.000525622,-0.138389
F,0.170153,0.000525622,0.000525622,0.170679
F,0.135427,0.000525622,0.000525622,0.135953
F,-0.00150768,0.000525622,0.000525622,-0.000982059
F,-0.0683647,0.000525622,0.000525622,-0.0678391
F,0.0921058,0.000525622,0.000525622,0.0926314
F,-0.0248294,0.000525622,0.000525622,-0.0243037
F,0.438368,0.000525622,0.000525622,0.438894
F,-0.0732561,0.000525622,0.000525622,-0.0727305
F,0.393536,0.000525622,0.000525622,0.394062
F,0.190115,0.0359397,0.0359397,0.226055
F,-0.0965232,0.000525622,0.000525622,-0.0959976
F,-0.17205,0.000525622,0.000525622,-0.171524
F,-0.244594,0.000525622,0.000525622,-0.244069
F,0.200804,0.000525622,0.000525622,0.201329
F,0.287331,0.000525622,0.000525622,0.287857
F,-0.104798,0.000525622,0.000525622,-0.104272
F,-0.0986548,0.000525622,0.000525622,-0.0981292
F,-0.142725,0.000525622,0.000525622,-0.1422
F,-0.152065,0.000525622,0.000525622,-0.15154
F,-0.495526,0.000525622,0.000525622,-0.495
F,-0.0765572,-0.0552031,-0.0552031,-0.13176
F,-0.226298,0.000613133,0.000613133,-0.225685
F,0.112257,0.000525622,0.000525622,0.112782
F,0.342817,0.000525622,0.000525622,0.343342
F,0.288913,0.000525622,0.000525622,0.289439
F,0.112235,0.000525622,0.000525622,0.112761
F,-0.270534,0.000525622,0.000525622,-0.270008
F,0.021554,0.000525622,0.000525622,0.0220797
F,-0.0495329,0.000525622,0.000525622,-0.0490073
F,0.188933,-0.0552031,-0.0552031,0.13373
F,0.266635,0.000525622,0.000525622,0.267161
F,-0.432619,0.000525622,0.000525622,-0.432093
F,-0.102474,0.000525622,0.000525622,-0.101949
F,-0.00716183,0.000525622,0.000525622,-0.0066362
F,-0.156122,0.000525622,0.000525622,-0.155596
F,-0.454675,-0.0552031,-0.0552031,-0.509878
F,-0.164313,0.000525622,0.000525622,-0.163788
F,0.192323,0.000525622,0.000525622,0.192848
F,0.319111,0.000525622,0.000525622,0.319637
F,0.076326,0.000525622,0.000525622,0.0768516
F,-0.108193,0.000525622,0.000525622,-0.107667
F,0.13799,0.000525622,0.000525622,0.138515
F,-0.0195374,0.000525622,0.000525622,-0.0190118
F,0.437028,0.000525622,0.000525622,0.437553
F,-0.0516088,0.000525622,0.000525622,-0.0510831
F,-0.0731451,0.000525622,0.000525622,-0.0726195
F,-0.345072,0.000525622,0.000525622,-0.344547
F,-0.116697,0.000525622,0.000525622,-0.116171
F,0.226436,0.000525622,0.000525622,0.226962
F,-0.0424702,0.000525622,0.000525622,-0.0419446
F,0.331901,0.0104251,0.0104251,0.342326
F,-0.558875,0.000525622,0.000525622,-0.55835
F,-0.0108968,0.000525622,0.000525622,-0.0103712
F,-0.479173,0.000525622,0.000525622,-0.478648
F,-0.249256,0.000525622,0.000525622,-0.24873
F,0.251853,0.000525622,0.000525622,0.252378
F,-0.173145,0.000525622,0.000525622,-0.172619
F,-0.0949635,0.000525622,0.000525622,-0.0944379
F,-0.073875,-0.0552031,-0.0552031,-0.129078
F,0.2537,0.000525622,0.000525622,0.254225
F,0.0154333,0.000525622,0.000525622,0.015959
F,-0.224819,0.000525622,0.000525622,-0.224294
F,-0.247659,0.000525622,0.000525622,-0.247133
F,-0.0695621,0.000525622,0.000525622,-0.0690365
F,-0.271282,0.000525622,0.000525622,-0.270756
F,0.133304,0.000525622,0.000525622,0.13383
F,-0.146343,0.000525622,0.000525622,-0.145817
F,-0.122007,0.000525622,0.000525622,-0.121481
F,0.106453,0.000525622,0.000525622,0.106978
F,-0.14672,0.000525622,0.000525622,-0.146195
F,0.118158,0.000525622,0.000525622,0.118684
F,-0.0986859,0.000525622,0.000525622,-0.0981602
F,-0.25441,0.000525622,0.000525622,-0.253884
F,0.073517,0.000525622,0.000525622,0.0740426
F,-0.107726,0.000525622,0.000525622,-0.1072
F,-0.0690929,0.000525622,0.000525622,-0.0685673
F,0.0744282,0.000525622,0.000525622,0.0749539
F,-0.0786067,0.000525622,0.000525622,-0.0780811
F,0.135405,0.000525622,0.000525622,0.135931
F,0.0614117,0.000525622,0.000525622,0.0619374
F,0.0287166,-0.0552031,-0.0552031,-0.0264865
F,-0.279631,0.000525622,0.000525622,-0.279105
F,-0.11046,0.000525622,0.000525622,-0.109934
F,0.0196143,0.000525622,0.000525622,0.0201399
F,-0.0198611,0.000525622,0.000525622,-0.0193355
F,0.104827,0.000525622,0.000525622,0.105353
F,-0.0411811,0.000525622,0.000525622,-0.0406555
F,0.565765,0.000525622,0.000525622,0.566291
F,-0.0607937,0.0104251,0.0104251,-0.0503686
F,-0.12024,0.000525622,0.000525622,-0.119714
F,-0.0439845,0.000525622,0.000525622,-0.0434589
F,0.010842,0.000525622,0.000525622,0.0113676
F,-0.287304,0.000525622,0.000525622,-0.286778
F,-0.333203,0.000525622,0.000525622,-0.332677
F,0.0582491,0.000525622,0.000525622,0.0587747
F,-0.00353918,0.000525622,0.000525622,-0.00301356
F,-0.12726,0.000525622,0.000525622,-0.126734
F,0.202143,0.000525622,0.000525622,0.202669
F,-0.0969367,0.000525622,0.000525622,-0.0964111
F,0.0311245,0.000525622,0.000525622,0.0316501
F,0.131918,0.000525622,0.000525622,0.132443
F,0.356557,-0.0552031,-0.0552031,0.301354
F,0.195949,0.000525622,0.000525622,0.196475
F,0.11452,0.000525622,0.000525622,0.115046
F,-0.206263,0.000525622,0.000525622,-0.205738
F,0.0418584,0.000525622,0.000525622,0.042384
F,-0.12883,0.000525622,0.000525622,-0.128304
F,-0.25843,0.000525622,0.000525622,-0.257904
F,0.232971,0.000525622,0.000525622,0.233497
F,-0.113638,0.000525622,0.000525622,-0.113112
F,-0.0197729,0.000525622,0.000525622,-0.0192473
F,0.284933,0.000525622,0.000525622,0.285459
F,0.225733,0.000525622,0.000525622,0.226259
F,-0.376187,0.000525622,0.000525622,-0.375662
F,0.120151,0.000525622,0.000525622,0.120677
F,0.0230384,0.000525622,0.000525622,0.023564
F,0.011204,0.000525622,0.000525622,0.0117296
F,-0.113301,0.000525622,0.000525622,-0.112775
F,0.152684,0.000525622,0.000525622,0.15321
F,0.0552074,0.000525622,0.000525622,0.055733
F,0.14236,0.000525622,0.000525622,0.142885
F,0.0647756,0.000525622,0.000525622,0.0653012
F,0.225906,0.000525622,0.000525622,0.226432
F,-0.424146,0.000525622,0.000525622,-0.42362
F,0.0291531,0.000525622,0.000525622,0.0296787
F,0.0447771,0.000525622,0.000525622,0.0453027
F,-0.0859064,0.000525622,0.000525622,-0.0853808
F,0.195715,0.000525622,0.000525622,0.196241
F,0.0445928,0.000525622,0.000525622,0.0451184
F,-0.257965,0.000525622,0.000525622,-0.257439
F,0.301652,0.000525622,0.000525622,0.302178
F,-0.0656052,0.000525622,0.000525622,-0.0650796
F,0.247125,0.000525622,0.000525622,0.247651
F,-0.0971039,0.000525622,0.000525622,-0.0965783
F,-0.0595272,0.000525622,0.000525622,-0.0590016
F,-0.207793,0.000525622,0.000525622,-0.207267
F,-0.16559,0.000525622,0.000525622,-0.165064
F,0.186688,0.000525622,0.000525622,0.187213
F,0.00460191,0.000525622,0.000525622,0.00512753
F,0.0842657,0.000525622,0.000525622,0.0847914
F,-0.0329399,0.000525622,0.000525622,-0.0324143
F,-0.108262,0.0359397,0.0359397,-0.0723228
F,-0.0939582,0.000525622,0.000525622,-0.0934326
F,-0.097036,0.000525622,0.000525622,-0.0965104
F,0.325667,0.000525622,0.000525622,0.326193
F,0.297438,0.000525622,0.000525622,0.297964
F,-0.425828,0.000525622,0.000525622,-0.425303
F,-0.0739256,0.000525622,0.000525622,-0.0734
F,0.0407022,0.000525622,0.000525622,0.0412279
F,0.256314,0.000525622,0.000525622,0.256839
F,-0.0682684,0.000525622,0.000525622,-0.0677428
F,0.273841,0.000525622,0.000525622,0.274367
F,-0.0077091,0.000525622,0.000525622,-0.00718348
F,-0.267161,0.000525622,0.000525622,-0.266636
F,0.148425,0.000525622,0.000525622,0.148951
F,0.053764,0.000525622,0.000525622,0.0542896
F,0.245822,-0.0552031,-0.0552031,0.190619
F,-0.0846488,0.000525622,0.000525622,-0.0841232
F,0.298033,0.000525622,0.000525622,0.298559
F,0.200471,0.0359397,0.0359397,0.236411
F,0.0268734,-0.0552031,-0.0552031,-0.0283297
F,0.211864,0.000525622,0.000525622,0.21239
F,0.140912,0.000525622,0.000525622,0.141438
F,0.131691,0.000525622,0.000525622,0.132217
F,-0.10958,0.000525622,0.000525622,-0.109055
F,0.302346,0.000525622,0.000525622,0.302871
F,0.35207,0.000525622,0.000525622,0.352595
F,-0.455691,-0.0552031,-0.0552031,-0.510894
F,-0.0853006,0.000525622,0.000525622,-0.084775
F,0.206604,0.000525622,0.000525622,0.20713
F,0.0650482,0.000525622,0.000525622,0.0655738
F,-0.0554428,0.000525622,0.000525622,-0.0549171
F,-0.45652,0.000525622,0.000525622,-0.455995
F,-0.0781236,0.000525622,0.000525622,-0.077598
F,-0.198504,0.000525622,0.000525622,-0.197979
F,0.0335646,0.000525622,0.000525622,0.0340902
F,-0.205894,0.000525622,0.000525622,-0.205368
F,0.0138825,0.000525622,0.000525622,0.0144081
F,0.137788,0.000525622,0.000525622,0.138313
F,0.265228,0.000525622,0.000525622,0.265754
F,0.40313,0.000525622,0.000525622,0.403655
F,-0.0887288,0.000525622,0.000525622,-0.0882032
F,-0.0536044,0.000525622,0.000525622,-0.0530788
F,0.410426,0.000525622,0.000525622,0.410951
F,0.368137,0.0104251,0.0104251,0.378562
F,0.21349,0.000525622,0.000525622,0.214015
F,0.0519698,0.000525622,0.000525622,0.0524954
F,0.257052,0.000525622,0.000525622,0.257578
F,-0.0521038,-0.0552031,-0.0552031,-0.107307
F,-0.0741018,0.000525622,0.000525622,-0.0735762
F,-0.175287,0.000525622,0.000525622,-0.174762
F,0.190971,0.000525622,0.000525622,0.191497
F,0.0891828,0.0104251,0.0104251,0.0996079
F,0.260704,0.000525622,0.000525622,0.26123
F,-0.177433,0.000525622,0.000525622,-0.176907
F,0.303513,0.000525622,0.000525622,0.304039
F,0.262671,0.000525622,0.000525622,0.263197
F,-0.52209,0.000525622,0.000525622,-0.521564
F,-0.119165,-0.0552031,-0.0552031,-0.174368
F,0.312806,0.000525622,0.000525622,0.313332
F,0.152077,0.000525622,0.000525622,0.152603
F,0.157641,0.0104251,0.0104251,0.168066
F,-0.0845135,0.000525622,0.000525622,-0.0839879
F,0.339739,0.000525622,0.000525622,0.340265
F,-0.129075,0.000525622,0.000525622,-0.128549
F,0.417468,0.000525622,0.000525622,0.417993
F,-0.00149145,0.000525622,0.000525622,-0.000965824
F,-0.108247,0.000525622,0.000525622,-0.107722
F,-0.0923823,0.000525622,0.000525622,-0.0918567
F,-0.0739555,0.000525622,0.000525622,-0.0734299
F,-0.0606524,-0.0552031,-0.0552031,-0.115856
F,-0.144906,0.000525622,0.000525622,-0.144381
F,0.039505,0.000525622,0.000525622,0.0400306
F,0.236797,0.000525622,0.000525622,0.237323
F,-0.0832377,0.000525622,0.000525622,-0.0827121
F,-0.149696,0.000525622,0.000525622,-0.14917
F,-0.0388488,0.000525622,0.000525622,-0.0383232
F,0.488596,0.000525622,0.000525622,0.489121
F,-0.132755,0.000525622,0.000525622,-0.132229
F,0.334926,0.000525622,0.000525622,0.335451
F,-0.229976,0.000525622,0.000525622,-0.229451
F,-0.280608,0.000613133,0.000613133,-0.279994
F,0.34885,0.000525622,0.000525622,0.349375
F,0.216426,-0.0552031,-0.0552031,0.161223
F,0.244457,0.000525622,0.000525622,0.244983
F,-0.042756,0.000525622,0.000525622,-0.0422304
F,-0.13673,0.000525622,0.000525622,-0.136204
F,-0.460004,0.000525622,0.000525622,-0.459478
F,0.221756,0.000525622,0.000525622,0.222282
F,0.0778816,0.000525622,0.000525622,0.0784072
F,-0.168629,0.000525622,0.000525622,-0.168103
F,0.0968447,0.000525622,0.000525622,0.0973703
F,0.120921,0.000525622,0.000525622,0.121447
F,-0.365356,0.000525622,0.000525622,-0.364831
F,0.289493,0.000525622,0.000525622,0.290019
F,-0.00445437,0.000525622,0.000525622,-0.00392875
F,-0.168786,0.000525622,0.000525622,-0.16826
F,0.493587,0.000525622,0.000525622,0.494113
F,-0.0151832,0.000525622,0.000525622,-0.0146575
F,0.0599283,0.000525622,0.000525622,0.0604539
F,0.190062,0.000525622,0.000525622,0.190588
F,0.37201,0.000525622,0.000525622,0.372536
F,-0.534192,0.000525622,0.000525622,-0.533666
F,-0.178227,0.000525622,0.000525622,-0.177701
F,0.420246,0.000525622,0.000525622,0.420772
F,0.126944,0.000525622,0.000525622,0.12747
F,0.0625509,0.000525622,0.000525622,0.0630766
F,-0.255151,0.000525622,0.000525622,-0.254626
F,-0.0406146,0.000525622,0.000525622,-0.040089
F,-0.234054,0.000525622,0.000525622,-0.233528
F,0.128442,0.000525622,0.000525622,0.128967
F,-0.0162116,0.0359397,0.0359397,0.0197281
F,-0.112559,0.000525622,0.000525622,-0.112033
F,0.143135,0.000525622,0.000525622,0.143661
F,-0.0654863,0.000525622,0.000525622,-0.0649607
F,0.128027,0.000525622,0.000525622,0.128553
F,0.222142,0.000525622,0.000525622,0.222668
F,0.0394787,0.000525622,0.000525622,0.0400043
F,0.145322,0.000525622,0.000525622,0.145848
F,-0.137496,0.000525622,0.000525622,-0.136971
F,0.345563,0.000525622,0.000525622,0.346088
F,-0.364087,0.000525622,0.000525622,-0.363562
F,0.0530368,0.000525622,0.000525622,0.0535624
F,-0.0878705,0.000525622,0.000525622,-0.0873449
F,0.23052,0.000525622,0.000525622,0.231046
F,0.518763,0.000525622,0.000525622,0.519289
F,-0.269043,0.000525622,0.000525622,-0.268517
F,0.21028,0.000525622,0.000525622,0.210806
F,-0.114903,0.000525622,0.000525622,-0.114378
F,0.0993746,0.000525622,0.000525622,0.0999002
F,-0.168091,0.000525622,0.000525622,-0.167566
F,-0.286921,0.000525622,0.000525622,-0.286395
F,0.299266,0.000525622,0.000525622,0.299792
F,-0.324991,0.000525622,0.000525622,-0.324465
F,-0.093847,0.000525622,0.000525622,-0.0933214
F,-0.221614,0.000525622,0.000525622,-0.221089
F,0.0916637,0.000525622,0.000525622,0.0921893
F,-0.128955,0.000525622,0.000525622,-0.128429
F,0.226919,0.000525622,0.000525622,0.227445
F,0.0273288,0.000525622,0.000525622,0.0278544
F,-0.0660147,-0.0552031,-0.0552031,-0.121218
F,-0.0404498,0.000525622,0.000525622,-0.0399242
F,0.429093,0.000525622,0.000525622,0.429619
F,0.0373683,0.000525622,0.000525622,0.0378939
F,-0.217765,0.000525622,0.000525622,-0.217239
F,0.123176,0.000525622,0.000525622,0.123701
F,0.107979,0.000525622,0.000525622,0.108504
F,0.115333,-0.0552031,-0.0552031,0.0601295
F,0.0836232,0.000525622,0.000525622,0.0841488
F,0.105103,0.000525622,0.000525622,0.105628
F,0.30568,0.000525622,0.000525622,0.306206
F,0.232991,0.000525622,0.000525622,0.233516
F,0.151577,0.000525622,0.000525622,0.152103
F,0.221505,-0.0552031,-0.0552031,0.166302
F,-0.150626,0.000525622,0.000525622,-0.150101
F,-0.0857891,0.000525622,0.000525622,-0.0852634
F,-0.183382,0.000525622,0.000525622,-0.182856
F,0.0343035,0.000525622,0.000525622,0.0348291
F,0.246178,0.000525622,0.000525622,0.246704
F,-0.100858,0.000525622,0.000525622,-0.100332
F,-0.0137276,0.000525622,0.000525622,-0.013202
F,-0.203884,0.000525622,0.000525622,-0.203359
F,-0.415005,0.000525622,0.000525622,-0.414479
F,-0.316977,0.000525622,0.000525622,-0.316452
F,0.00654545,0.000525622,0.000525622,0.00707108
F,-0.189568,0.000525622,0.000525622,-0.189042
F,0.198771,0.000525622,0.000525622,0.199297
F,0.167426,0.000525622,0.000525622,0.167951
F,-0.21161,0.000525622,0.000525622,-0.211085
F,0.322402,0.000525622,0.000525622,0.322928
F,0.105484,0.000525622,0.000525622,0.10601
F,-0.147919,0.000525622,0.000525622,-0.147393
F,0.116281,0.000525622,0.000525622,0.116807
F,-0.0538748,0.000525622,0.000525622,-0.0533492
F,0.11328,0.000525622,0.000525622,0.113805
F,-0.187716,0.000613133,0.000613133,-0.187103
F,0.048809,0.000525622,0.000525622,0.0493347
F,0.136528,0.000525622,0.000525622,0.137054
F,-0.287821,0.000525622,0.000525622,-0.287295
F,0.318206,0.000525622,0.000525622,0.318732
F,-0.0441022,0.000525622,0.000525622,-0.0435766
F,0.0528107,0.000525622,0.000525622,0.0533363
F,-0.162646,-0.0552031,-0.0552031,-0.217849
F,0.0483771,0.000525622,0.000525622,0.0489028
F,-0.108926,0.000525622,0.000525622,-0.108401
F,0.176568,0.000525622,0.000525622,0.177093
F,-0.234204,0.000525622,0.000525622,-0.233678
F,0.0703806,0.000525622,0.000525622,0.0709062
F,-0.182879,0.000525622,0.000525622,-0.182354
F,0.000821783,0.0359397,0.0359397,0.0367615
F,-0.0680048,0.000525622,0.000525622,-0.0674792
F,-0.117675,0.000525622,0.000525622,-0.117149
F,-0.294171,-0.0552031,-0.0552031,-0.349374
F,-0.145188,0.000525622,0.000525622,-0.144663
F,-0.160018,0.000525622,0.000525622,-0.159492
F,-0.275697,0.000525622,0.000525622,-0.275172
F,-0.00133641,0.000525622,0.000525622,-0.000810789
F,-0.0561235,0.000525622,0.000525622,-0.0555978
F,-0.297163,0.000525622,0.000525622,-0.296637
F,-0.190507,0.000525622,0.000525622,-0.189981
F,0.347986,0.000525622,0.000525622,0.348512
F,0.0227591,0.000525622,0.000525622,0.0232847
F,0.230318,-0.0552031,-0.0552031,0.175115
F,0.142388,0.000525622,0.000525622,0.142914
F,0.0874486,0.000525622,0.000525622,0.0879742
F,0.100141,0.000525622,0.000525622,0.100667
F,-0.262731,0.000525622,0.000525622,-0.262205
F,-0.109271,-0.0552031,-0.0552031,-0.164474
F,0.0247063,0.000525622,0.000525622,0.0252319
F,-0.00277369,0.000525622,0.000525622,-0.00224807
F,-0.269103,0.000525622,0.000525622,-0.268577
F,-0.51454,0.000525622,0.000525622,-0.514015
F,-0.168357,0.000525622,0.000525622,-0.167831
F,0.340828,0.000525622,0.000525622,0.341354
F,0.222918,0.000525622,0.000525622,0.223443
F,0.137126,-0.0552031,-0.0552031,0.0819231
F,0.0713748,0.000525622,0.000525622,0.0719004
F,0.144568,0.000525622,0.000525622,0.145093
F,0.0246676,0.000525622,0.000525622,0.0251932
F,0.247451,-0.0552031,-0.0552031,0.192248
F,0.188466,0.0359397,0.0359397,0.224406
F,-0.0856763,-0.0552031,-0.0552031,-0.140879
F,-0.213018,0.000525622,0.000525622,-0.212492
F,0.0353841,0.0104251,0.0104251,0.0458092
F,-0.105395,-0.0552031,-0.0552031,-0.160598
F,-0.417777,0.000525622,0.000525622,-0.417251
F,0.264538,0.000525622,0.000525622,0.265064
F,-0.0451246,0.000525622,0.000525622,-0.044599
F,-0.272752,0.000525622,0.000525622,-0.272226
F,0.20727,0.000525622,0.000525622,0.207796
F,-0.035598,0.000525622,0.000525622,-0.0350724
F,0.0557679,0.000525622,0.000525622,0.0562936
F,-0.17336,0.000525622,0.000525622,-0.172835
F,-0.152756,0.000525622,0.000525622,-0.15223
F,0.151025,0.000525622,0.000525622,0.15155
F,-0.0874428,0.000525622,0.000525622,-0.0869171
F,-0.00679813,0.000525622,0.000525622,-0.00627251
F,-0.214641,0.000525622,0.000525622,-0.214116
F,-0.182301,0.000525622,0.000525622,-0.181775
F,0.407582,0.000525622,0.000525622,0.408108
F,0.286856,0.000525622,0.000525622,0.287382
F,-0.315185,0.000525622,0.000525622,-0.314659
F,-0.111718,-0.0552031,-0.0552031,-0.166921
F,0.149831,0.000525622,0.000525622,0.150356
F,0.207891,0.000525622,0.000525622,0.208417
F,0.156291,0.000525622,0.000525622,0.156816
F,0.0659097,0.000525622,0.000525622,0.0664353
F,0.197533,0.000525622,0.000525622,0.198059
F,0.347853,0.000525622,0.000525622,0.348379
F,0.183852,0.000525622,0.000525622,0.184378
F,-0.314508,0.000525622,0.000525622,-0.313982
F,-0.118965,0.000525622,0.000525622,-0.118439
F,-0.227157,0.000525622,0.000525622,-0.226631
F,0.247094,0.000525622,0.000525622,0.24762
F,-0.0461002,0.000525622,0.000525622,-0.0455746
F,-0.125388,0.000613133,0.000613133,-0.124775
F,-0.355629,0.000525622,0.000525622,-0.355104
F,0.0169486,0.000525622,0.000525622,0.0174743
F,0.0162944,-0.0552031,-0.0552031,-0.0389087
F,0.282168,0.000525622,0.000525622,0.282694
F,0.309925,0.000525622,0.000525622,0.310451
F,-0.207019,0.000525622,0.000525622,-0.206494
F,0.233358,-0.0552031,-0.0552031,0.178155
F,-0.032543,-0.0552031,-0.0552031,-0.0877461
F,0.112915,0.000525622,0.000525622,0.113441
F,0.0765222,0.000525622,0.000525622,0.0770479
F,0.0996967,0.000525622,0.000525622,0.100222
F,0.409561,0.000525622,0.000525622,0.410086
F,-0.15429,0.000525622,0.000525622,-0.153765
F,0.0405204,0.000525622,0.000525622,0.0410461
F,0.308661,0.000525622,0.000525622,0.309187
F,-0.0320152,0.000525622,0.000525622,-0.0314896
F,-0.0512527,0.000525622,0.000525622,-0.0507271
F,0.327578,0.000525622,0.000525622,0.328104
F,-0.0266342,0.000525622,0.000525622,-0.0261086
F,-0.341077,0.000525622,0.000525622,-0.340551
F,0.0433438,0.000525622,0.000525622,0.0438695
F,-0.189577,0.000525622,0.000525622,-0.189052
F,0.0841027,0.000525622,0.000525622,0.0846283
F,0.393467,0.000525622,0.000525622,0.393993
F,0.114431,0.000525622,0.000525622,0.114957
F,0.139651,0.000525622,0.000525622,0.140177
F,0.119705,-0.0552031,-0.0552031,0.0645021
F,0.0915995,0.000525622,0.000525622,0.0921251
F,-0.337177,0.000525622,0.000525622,-0.336651
F,-0.217313,0.000525622,0.000525622,-0.216788
F,0.261687,0.000525622,0.000525622,0.262213
F,-0.211973,0.000525622,0.000525622,-0.211448
F,0.130947,0.000525622,0.000525622,0.131473
F,-0.24151,0.000525622,0.000525622,-0.240985
F,-0.182482,0.000525622,0.000525622,-0.181956
F,0.100256,0.000525622,0.000525622,0.100782
F,0.15393,0.000525622,0.000525622,0.154455
F,0.267561,0.000525622,0.000525622,0.268086
F,0.305205,0.000525622,0.000525622,0.30573
F,0.36016,0.000525622,0.000525622,0.360685
F,-0.174503,0.000525622,0.000525622,-0.173977
F,0.0917991,0.000525622,0.000525622,0.0923248
F,-0.00649046,0.000525622,0.000525622,-0.00596483
F,0.184006,0.000525622,0.000525622,0.184531
F,0.105607,0.0359397,0.0359397,0.141547
F,0.13519,0.000525622,0.000525622,0.135716
F,-0.0314222,0.000525622,0.000525622,-0.0308965
F,-0.241481,0.000525622,0.000525622,-0.240955
F,0.245713,0.000525622,0.000525622,0.246238
F,0.490558,0.000525622,0.000525622,0.491084
F,-0.145893,0.000525622,0.000525622,-0.145368
F,0.163183,0.000525622,0.000525622,0.163709
F,-0.468911,-0.0552031,-0.0552031,-0.524115
F,-0.171251,0.000525622,0.000525622,-0.170725
F,-0.151208,0.000525622,0.000525622,-0.150682
F,-0.0218417,0.000525622,0.000525622,-0.0213161
F,0.314866,0.000525622,0.000525622,0.315392
F,-0.191279,0.000525622,0.000525622,-0.190754
F,0.162826,0.000525622,0.000525622,0.163351
F,-0.0691633,0.000525622,0.000525622,-0.0686377
F,0.184943,-0.0552031,-0.0552031,0.12974
F,0.245635,0.000525622,0.000525622,0.246161
F,0.191741,0.000525622,0.000525622,0.192267
F,0.0773859,0.000525622,0.000525622,0.0779115
F,-0.326478,0.000525622,0.000525622,-0.325953
F,0.0497601,0.000525622,0.000525622,0.0502858
F,0.0941958,0.000525622,0.000525622,0.0947215
F,0.192202,0.000525622,0.000525622,0.192727
F,-0.168513,0.000525622,0.000525622,-0.167987
F,0.0088711,0.000525622,0.000525622,0.00939672
F,-0.21427,0.000525622,0.000525622,-0.213744
F,-0.0505172,0.000525622,0.000525622,-0.0499916
F,-0.13347,0.000525622,0.000525622,-0.132944
F,0.365253,0.000525622,0.000525622,0.365778
F,-0.26614,0.000525622,0.000525622,-0.265614
F,-0.103013,0.000525622,0.000525622,-0.102488
F,-0.359658,-0.0552031,-0.0552031,-0.414861
F,-0.179348,0.000525622,0.000525622,-0.178823
F,-0.00975013,0.000525622,0.000525622,-0.00922451
F,0.0106398,0.000525622,0.000525622,0.0111654
F,-0.578186,0.000525622,0.000525622,-0.577661
F,0.0263051,-0.0552031,-0.0552031,-0.028898
F,-0.23975,0.000525622,0.000525622,-0.239224
F,-0.0721686,0.000525622,0.000525622,-0.071643
F,0.0278505,-0.0552031,-0.0552031,-0.0273527
F,-0.0186624,0.000525622,0.000525622,-0.0181367
F,0.235175,0.000525622,0.000525622,0.235701
F,0.151883,0.000525622,0.000525622,0.152408
F,0.0142826,0.000525622,0.000525622,0.0148083
F,0.0955083,0.000525622,0.000525622,0.0960339
F,-0.437157,0.000525622,0.000525622,-0.436631
F,-0.273596,0.000525622,0.000525622,-0.27307
F,0.14698,0.000525622,0.000525622,0.147506
F,0.0615545,-0.0552031,-0.0552031,0.00635135
F,-0.0918484,0.000525622,0.000525622,-0.0913228
F,0.115465,0.000525622,0.000525622,0.11599
F,0.133172,0.000525622,0.000525622,0.133697
F,-0.119039,0.000525622,0.000525622,-0.118513
F,0.171548,0.000525622,0.000525622,0.172073
F,-0.0629211,0.000525622,0.000525622,-0.0623955
F,-0.00396009,0.000525622,0.000525622,-0.00343447
F,0.0780271,0.000525622,0.000525622,0.0785527
F,-0.218199,0.000525622,0.000525622,-0.217673
F,-0.330446,0.000525622,0.000525622,-0.329921
F,-0.142736,0.000525622,0.000525622,-0.14221
F,-0.0485016,0.000525622,0.000525622,-0.0479759
F,-0.360253,0.000525622,0.000525622,-0.359727
F,0.0920895,0.000525622,0.000525622,0.0926151
F,-0.0195597,0.000525622,0.000525622,-0.0190341
F,-0.0160729,0.000525622,0.000525622,-0.0155473
F,0.0680036,0.000525622,0.000525622,0.0685292
F,0.0162907,0.000525622,0.000525622,0.0168164
F,0.304505,0.000525622,0.000525622,0.305031
F,0.104253,0.000525622,0.000525622,0.104779
F,-0.0246286,0.000525622,0.000525622,-0.0241029
F,0.162581,0.000525622,0.000525622,0.163107
F,-0.0210345,0.000525622,0.000525622,-0.0205088
F,0.606497,0.000525622,0.000525622,0.607023
F,-0.147745,0.000525622,0.000525622,-0.147219
F,-0.066107,0.000525622,0.000525622,-0.0655813
F,-0.105197,0.000525622,0.000525622,-0.104671
F,0.0827841,-0.0552031,-0.0552031,0.027581
F,-0.37741,0.000525622,0.000525622,-0.376884
F,-0.312078,0.000525622,0.000525622,-0.311553
F,0.0569743,0.000525622,0.000525622,0.0574999
F,0.345934,0.000525622,0.000525622,0.346459
F,0.166321,0.000525622,0.000525622,0.166847
F,0.161806,0.000525622,0.000525622,0.162331
F,-0.308399,0.000525622,0.000525622,-0.307874
F,0.16002,0.000525622,0.000525622,0.160546
F,0.00367008,0.000525622,0.000525622,0.00419571
F,-0.145967,0.000525622,0.000525622,-0.145441
F,-0.0897899,0.000525622,0.000525622,-0.0892643
F,0.13359,0.000525622,0.000525622,0.134116
F,0.301871,0.000525622,0.000525622,0.302397
F,0.332342,0.000525622,0.000525622,0.332867
F,0.0635327,0.000525622,0.000525622,0.0640583
F,-0.385438,0.000525622,0.000525622,-0.384912
F,-0.22437,0.000525622,0.000525622,-0.223844
F,-0.0179041,0.000525622,0.000525622,-0.0173785
F,-0.342499,0.000525622,0.000525622,-0.341974
F,-0.0728598,0.000525622,0.000525622,-0.0723342
F,-0.0996794,0.000525622,0.000525622,-0.0991538
F,-0.074427,0.000525622,0.000525622,-0.0739014
F,0.103415,0.000525622,0.000525622,0.103941
F,-0.138155,0.000525622,0.000525622,-0.137629
F,-0.12296,0.000525622,0.000525622,-0.122435
F,-0.186768,0.000525622,0.000525622,-0.186242
F,0.0613359,0.000525622,0.000525622,0.0618615
F,0.109841,0.000525622,0.000525622,0.110366
F,-0.0190493,0.000525622,0.000525622,-0.0185237
F,-0.538419,0.000525622,0.000525622,-0.537893
F,0.167248,0.000525622,0.000525622,0.167774
F,0.123885,0.000525622,0.000525622,0.124411
F,0.296929,0.000525622,0.000525622,0.297455
F,0.107549,0.000525622,0.000525622,0.108074
F,0.021767,-0.0552031,-0.0552031,-0.0334361
F,-0.301734,-0.0552031,-0.0552031,-0.356937
F,0.397146,0.000525622,0.000525622,0.397671
F,-0.200769,0.000525622,0.000525622,-0.200244
F,0.0912618,0.000525622,0.000525622,0.0917875
F,0.112292,0.000525622,0.000525622,0.112818
F,0.174334,0.000525622,0.000525622,0.174859
F,0.0289626,0.000525622,0.000525622,0.0294882
F,0.356171,0.000525622,0.000525622,0.356697
F,0.134779,0.000525622,0.000525622,0.135305
F,-0.141827,0.000525622,0.000525622,-0.141302
F,-0.0471813,0.000525622,0.000525622,-0.0466557
F,0.389426,0.000525622,0.000525622,0.389952
F,-0.137851,0.000525622,0.000525622,-0.137326
F,-0.259515,0.000525622,0.000525622,-0.25899
F,0.0712604,0.000525622,0.000525622,0.0717861
F,0.0187289,0.000525622,0.000525622,0.0192545
F,-0.0633144,0.000525622,0.000525622,-0.0627887
F,-0.134087,0.000525622,0.000525622,-0.133561
F,0.00947737,0.000525622,0.000525622,0.010003
F,0.109372,0.000525622,0.000525622,0.109898
F,0.459651,0.000525622,0.000525622,0.460177
F,0.151045,0.000525622,0.000525622,0.151571
F,0.227485,0.000525622,0.000525622,0.228011
F,-0.0030299,0.000525622,0.000525622,-0.00250428
F,0.277523,0.000525622,0.000525622,0.278049
F,-0.266009,0.000525622,0.000525622,-0.265483
F,0.316494,0.000525622,0.000525622,0.317019
F,-0.119862,-0.0552031,-0.0552031,-0.175065
F,-0.297905,0.000525622,0.000525622,-0.297379
F,-0.0517655,0.000525622,0.000525622,-0.0512399
F,0.20586,0.000525622,0.000525622,0.206386
F,-0.39923,0.000525622,0.000525622,-0.398704
F,0.138815,0.000525622,0.000525622,0.13934
F,-0.160502,0.000525622,0.000525622,-0.159977
F,-0.416854,0.000525622,0.000525622,-0.416328
F,-0.0673975,0.000525622,0.000525622,-0.0668719
F,-0.446751,0.000525622,0.000525622,-0.446226
F,0.0188573,0.000525622,0.000525622,0.0193829
F,-0.0464325,0.000525622,0.000525622,-0.0459068
F,-0.182824,0.000525622,0.000525622,-0.182299
F,0.216178,0.000525622,0.000525622,0.216704
F,0.0668387,0.000525622,0.000525622,0.0673643
F,0.33564,0.000525622,0.000525622,0.336165
F,0.482415,0.000525622,0.000525622,0.482941
F,-0.247657,0.000525622,0.000525622,-0.247132
F,-0.106672,0.000525622,0.000525622,-0.106146
F,0.329242,0.000525622,0.000525622,0.329767
F,-0.00971595,0.000525622,0.000525622,-0.00919033
F,0.0677308,0.0359397,0.0359397,0.103671
F,0.0253954,0.0104251,0.0104251,0.0358205
F,0.0365327,0.000525622,0.000525622,0.0370583
F,-0.0325938,0.000525622,0.000525622,-0.0320682
F,0.141068,0.000525622,0.000525622,0.141594
F,-0.180925,0.000525622,0.000525622,-0.1804
F,0.13198,0.000525622,0.000525622,0.132506
F,-0.229475,0.000525622,0.000525622,-0.22895
F,-0.140308,-0.0552031,-0.0552031,-0.195511
F,-0.172009,0.000525622,0.000525622,-0.171483
F,0.167305,0.000525622,0.000525622,0.167831
F,-0.397193,0.000525622,0.000525622,-0.396668
F,-0.0199184,0.000525622,0.000525622,-0.0193928
F,-0.0308358,0.000525622,0.000525622,-0.0303101
F,-0.440547,0.000525622,0.000525622,-0.440021
F,-0.0516747,0.000525622,0.000525622,-0.0511491
F,-0.127227,0.000525622,0.000525622,-0.126701
F,0.177017,0.000525622,0.000525622,0.177543
F,-0.0119615,0.000525622,0.000525622,-0.0114359
F,0.249745,0.000525622,0.000525622,0.250271
F,-0.0715686,0.000525622,0.000525622,-0.071043
F,-0.184061,0.000525622,0.000525622,-0.183535
F,-0.0874043,0.000525622,0.000525622,-0.0868787
F,-0.124715,0.000525622,0.000525622,-0.12419
F,-0.146684,0.000525622,0.000525622,-0.146158
F,0.565464,0.000525622,0.000525622,0.56599
F,0.376552,0.000525622,0.000525622,0.377077
F,-0.0157279,0.000525622,0.000525622,-0.0152023
F,0.0439754,0.000525622,0.000525622,0.044501
F,-0.0987798,0.000525622,0.000525622,-0.0982542
F,-0.202304,0.000525622,0.000525622,-0.201779
F,0.196704,0.0359397,0.0359397,0.232644
F,-0.309826,0.0104251,0.0104251,-0.299401
F,0.146078,0.000525622,0.000525622,0.146604
F,-0.437129,0.000525622,0.000525622,-0.436603
F,0.18727,0.000525622,0.000525622,0.187796
F,0.0440224,0.000525622,0.000525622,0.044548
F,0.0503561,0.000525622,0.000525622,0.0508817
F,0.414275,0.000525622,0.000525622,0.414801
F,-0.532523,0.000525622,0.000525622,-0.531998
F,0.0887218,0.000525622,0.000525622,0.0892474
F,-0.22038,0.000525622,0.000525622,-0.219854
F,0.111122,0.000525622,0.000525622,0.111648
F,-0.119695,0.000525622,0.000525622,-0.119169
F,0.164767,0.000525622,0.000525622,0.165292
F,0.470897,0.000525622,0.000525622,0.471422
F,-0.572325,0.000525622,0.000525622,-0.5718
F,-0.148531,-0.00731548,-0.00731548,-0.155846
F,-0.0226195,0.000525622,0.000525622,-0.0220939
F,0.26819,0.000525622,0.000525622,0.268716
F,-0.427905,0.000525622,0.000525622,-0.427379
F,-0.0738122,0.000525622,0.000525622,-0.0732866
F,-0.164582,0.000525622,0.000525622,-0.164056
F,0.251659,0.000525622,0.000525622,0.252184
F,-0.0408505,0.000525622,0.000525622,-0.0403249
F,-0.234978,0.000525622,0.000525622,-0.234452
F,-0.48991,0.000525622,0.000525622,-0.489384
F,0.0705091,0.000525622,0.000525622,0.0710347
F,-0.209795,0.000525622,0.000525622,-0.209269
F,-0.00504341,0.000525622,0.000525622,-0.00451779
F,-0.0600538,0.000525622,0.000525622,-0.0595281
F,0.218272,0.000525622,0.000525622,0.218798
F,-0.431438,0.000525622,0.000525622,-0.430912
F,0.34729,0.000525622,0.000525622,0.347815
F,0.16302,0.000525622,0.000525622,0.163546
F,-0.0248746,0.000525622,0.000525622,-0.024349
F,-0.134523,0.000525622,0.000525622,-0.133998
F,0.458116,0.000525622,0.000525622,0.458641
F,-0.170526,0.000525622,0.000525622,-0.17
F,0.229229,0.000525622,0.000525622,0.229754
F,0.277628,0.000525622,0.000525622,0.278154
F,0.00920159,0.000525622,0.000525622,0.00972721
F,0.0528285,0.000525622,0.000525622,0.0533541
F,0.213608,0.000525622,0.000525622,0.214134
F,-0.252312,0.000525622,0.000525622,-0.251787
F,0.109372,0.000525622,0.000525622,0.109898
F,-0.0397356,0.000525622,0.000525622,-0.03921
F,0.187533,0.000525622,0.000525622,0.188059
F,0.129486,0.000525622,0.000525622,0.130012
F,-0.00244159,0.000525622,0.000525622,-0.00191596
F,-0.164815,0.000525622,0.000525622,-0.16429
F,0.0763642,0.000525622,0.000525622,0.0768899
F,-0.113733,0.000525622,0.000525622,-0.113208
F,-0.0594561,0.000525622,0.000525622,-0.0589304
F,-0.151299,-0.0552031,-0.0552031,-0.206502
F,0.237327,0.000525622,0.000525622,0.237853
F,-0.318262,0.000525622,0.000525622,-0.317736
F,0.0514637,0.000525622,0.000525622,0.0519894
F,-0.132297,0.000525622,0.000525622,-0.131771
F,0.0755402,0.000525622,0.000525622,0.0760658
F,0.0573635,0.000525622,0.000525622,0.0578891
F,0.116787,0.000525622,0.000525622,0.117313
F,-0.296294,0.000525622,0.000525622,-0.295769
F,-0.0177514,0.000525622,0.000525622,-0.0172258
F,-0.0976399,0.000525622,0.000525622,-0.0971143
F,0.0820581,0.000525622,0.000525622,0.0825837
F,-0.0277007,0.000525622,0.000525622,-0.0271751
F,0.00780967,0.0104251,0.0104251,0.0182348
F,-0.143695,0.000525622,0.000525622,-0.143169
F,0.132407,0.000525622,0.000525622,0.132932
F,-0.279004,0.000613133,0.000613133,-0.278391
F,-0.0582435,0.000525622,0.000525622,-0.0577178
F,0.0843494,0.000525622,0.000525622,0.084875
F,0.234909,0.000525622,0.000525622,0.235434
F,0.355657,0.000525622,0.000525622,0.356183
F,0.00265014,0.000525622,0.000525622,0.00317576
F,0.0955463,0.000525622,0.000525622,0.0960719
F,0.147021,0.000525622,0.000525622,0.147547
F,-0.385573,0.000525622,0.000525622,-0.385048
F,-0.331153,0.000525622,0.000525622,-0.330628
F,0.383615,0.000525622,0.000525622,0.384141
F,-0.27922,0.000525622,0.000525622,-0.278695
F,0.321696,0.000525622,0.000525622,0.322222
F,-0.343661,0.000525622,0.000525622,-0.343135
F,-0.156428,0.000525622,0.000525622,-0.155903
F,0.0337949,0.000525622,0.000525622,0.0343205
F,0.21003,0.0104251,0.0104251,0.220456
F,0.260117,0.000525622,0.000525622,0.260643
F,-0.143086,0.000525622,0.000525622,-0.142561
F,-0.309127,0.000613133,0.000613133,-0.308514
F,0.0823981,0.000525622,0.000525622,0.0829237
F,0.0468521,0.000525622,0.000525622,0.0473777
F,-0.0795288,0.000525622,0.000525622,-0.0790032
F,-0.107151,0.000525622,0.000525622,-0.106625
F,0.332765,0.000525622,0.000525622,0.33329
F,-0.14209,0.000525622,0.000525622,-0.141565
F,0.165033,0.000525622,0.000525622,0.165559
F,0.0650144,0.000525622,0.000525622,0.06554
F,0.46321,0.000525622,0.000525622,0.463736
F,0.0437367,0.000525622,0.000525622,0.0442624
F,-0.20812,0.000525622,0.000525622,-0.207594
F,0.148397,0.000525622,0.000525622,0.148922
F,0.169347,0.000525622,0.000525622,0.169873
F,-0.218085,0.000525622,0.000525622,-0.21756
F,0.385247,0.000525622,0.000525622,0.385772
F,0.121996,0.000525622,0.000525622,0.122522
F,-0.200214,0.000525622,0.000525622,-0.199688
F,0.227061,0.000525622,0.000525622,0.227586
F,0.0131532,0.000525622,0.000525622,0.0136788
F,0.103718,0.000525622,0.000525622,0.104244
F,0.2511,0.000525622,0.000525622,0.251625
F,-0.0238076,0.000525622,0.000525622,-0.023282
F,0.22984,0.000525622,0.000525622,0.230366
F,-0.129367,0.000525622,0.000525622,-0.128841
F,0.16802,-0.0552031,-0.0552031,0.112817
F,0.109541,0.000525622,0.000525622,0.110066
F,-0.183464,0.000525622,0.000525622,-0.182938
F,0.26216,0.000525622,0.000525622,0.262686
F,0.165219,0.000525622,0.000525622,0.165745
F,0.252741,0.000525622,0.000525622,0.253267
F,0.0306366,0.000525622,0.000525622,0.0311622
F,0.101597,0.000525622,0.000525622,0.102123
F,0.0305473,0.000525622,0.000525622,0.0310729
F,-0.360203,0.000525622,0.000525622,-0.359678
F,-0.294179,0.000525622,0.000525622,-0.293654
F,0.313425,0.000525622,0.000525622,0.31395
F,-0.0261476,-0.0552031,-0.0552031,-0.0813507
F,0.0366662,0.000525622,0.000525622,0.0371918
F,0.0571119,0.000525622,0.000525622,0.0576375
F,-0.0835098,0.000525622,0.000525622,-0.0829842
F,-0.145996,0.000525622,0.000525622,-0.14547
F,0.0712462,0.000525622,0.000525622,0.0717718
F,0.106992,0.000525622,0.000525622,0.107518
F,-0.0643314,0.000525622,0.000525622,-0.0638058
F,-0.0291036,0.000525622,0.000525622,-0.028578
F,0.166787,0.000525622,0.000525622,0.167313
F,-0.0327319,0.000525622,0.000525622,-0.0322063
F,0.085777,0.000525622,0.000525622,0.0863026
F,0.150498,0.000525622,0.000525622,0.151024
F,-0.0693286,-0.0552031,-0.0552031,-0.124532
F,0.285734,0.000525622,0.000525622,0.28626
F,0.192566,0.000525622,0.000525622,0.193091
F,-0.171321,0.000525622,0.000525622,-0.170796
F,0.108394,-0.0552031,-0.0552031,0.0531907
F,0.0097144,0.000525622,0.000525622,0.01024
F,-0.0165463,0.000525622,0.000525622,-0.0160207
F,0.094853,0.000525622,0.000525622,0.0953786
F,-0.482893,0.000525622,0.000525622,-0.482368
F,-0.0212378,0.000525622,0.000525622,-0.0207122
F,-0.215251,0.000525622,0.000525622,-0.214726
F,-0.173177,0.000525622,0.000525622,-0.172651
F,0.111694,0.000525622,0.000525622,0.11222
F,-0.26778,0.000525622,0.000525622,-0.267255
F,-0.0719061,0.000525622,0.000525622,-0.0713805
F,0.109609,0.000525622,0.000525622,0.110134
F,-0.347919,-0.0552031,-0.0552031,-0.403122
F,0.287539,0.000525622,0.000525622,0.288064
F,-0.153846,-0.0552031,-0.0552031,-0.209049
F,0.198469,0.000525622,0.000525622,0.198994
F,0.00491343,0.000525622,0.000525622,0.00543905
F,0.0779067,0.000525622,0.000525622,0.0784323
F,0.235767,0.000525622,0.000525622,0.236293
F,-0.141852,0.000525622,0.000525622,-0.141326
F,-0.512351,-0.0552031,-0.0552031,-0.567554
F,0.0494396,0.000525622,0.000525622,0.0499652
F,-0.0579308,0.000525622,0.000525622,-0.0574051
F,0.0437196,0.000525622,0.000525622,0.0442453
F,0.104418,-0.0552031,-0.0552031,0.0492147
F,0.321237,0.000525622,0.000525622,0.321763
F,0.374179,0.000525622,0.000525622,0.374705
F,0.0168242,0.000525622,0.000525622,0.0173498
F,0.27277,0.000525622,0.000525622,0.273295
F,0.24026,0.000525622,0.000525622,0.240786
F,0.27703,-0.0552031,-0.0552031,0.221827
F,-0.0327957,0.000525622,0.000525622,-0.0322701
F,-0.00262685,0.000525622,0.000525622,-0.00210123
F,0.132873,0.000525622,0.000525622,0.133399
F,0.174952,0.000525622,0.000525622,0.175477
F,-0.120814,0.000525622,0.000525622,-0.120289
F,-0.272303,0.000525622,0.000525622,-0.271778
F,-0.348229,0.000525622,0.000525622,-0.347704
F,-0.115729,0.000525622,0.000525622,-0.115203
F,0.369812,0.000525622,0.000525622,0.370338
F,-0.135303,0.000525622,0.000525622,-0.134777
F,0.114004,0.000525622,0.000525622,0.11453
F,0.0793177,0.000525622,0.000525622,0.0798434
F,0.596283,0.000525622,0.000525622,0.596809
F,0.269739,0.000525622,0.000525622,0.270265
F,0.266688,0.000525622,0.000525622,0.267214
F,-0.219635,0.000525622,0.000525622,-0.21911
F,-0.157186,0.000525622,0.000525622,-0.15666
F,0.0125788,0.000525622,0.000525622,0.0131044
F,-0.0837956,0.000525622,0.000525622,-0.08327
F,0.101295,0.000525622,0.000525622,0.101821
F,0.017474,-0.0552031,-0.0552031,-0.0377291
F,0.133826,0.000525622,0.000525622,0.134351
F,-0.036788,0.000525622,0.000525622,-0.0362624
F,0.129339,0.000525622,0.000525622,0.129864
F,-0.0300007,0.000525622,0.000525622,-0.0294751
F,0.28141,0.000525622,0.000525622,0.281936
F,0.0801275,0.000525622,0.000525622,0.0806532
F,-0.14485,0.000525622,0.000525622,-0.144324
F,0.0673919,0.000525622,0.000525622,0.0679175
F,-0.350335,-0.0552031,-0.0552031,-0.405538
F,0.111659,0.000525622,0.000525622,0.112185
F,-0.108278,0.000525622,0.000525622,-0.107753
F,0.38196,0.000525622,0.000525622,0.382486
F,0.215582,0.000525622,0.000525622,0.216108
F,0.0754178,0.000525622,0.000525622,0.0759434
F,-0.146162,0.000525622,0.000525622,-0.145637
F,0.0535737,0.000525622,0.000525622,0.0540994
F,0.0148972,0.000525622,0.000525622,0.0154228
F,-0.0576287,0.000525622,0.000525622,-0.057103
F,-0.13551,0.0359397,0.0359397,-0.0995705
F,0.203962,0.000525622,0.000525622,0.204488
F,0.326168,0.000525622,0.000525622,0.326694
F,-0.221028,-0.00731548,-0.00731548,-0.228343
F,-0.333429,0.000525622,0.000525622,-0.332903
F,-0.0188587,0.000613133,0.000613133,-0.0182456
F,0.0505149,0.000525622,0.000525622,0.0510405
F,0.254329,0.000525622,0.000525622,0.254854
F,0.101096,0.000525622,0.000525622,0.101622
F,-0.0473598,0.000525622,0.000525622,-0.0468342
F,0.19012,0.000525622,0.000525622,0.190645
F,-0.0291647,-0.0552031,-0.0552031,-0.0843678
F,0.254433,0.000525622,0.000525622,0.254958
F,0.204724,0.000525622,0.000525622,0.20525
F,0.252809,0.000525622,0.000525622,0.253334
F,0.240328,0.000525622,0.000525622,0.240854
F,0.190598,0.000525622,0.000525622,0.191124
F,-0.136354,0.000525622,0.000525622,-0.135828
F,-0.123865,0.000525622,0.000525622,-0.123339
F,-0.167683,0.000525622,0.000525622,-0.167157
F,0.0773907,0.000525622,0.000525622,0.0779163
F,0.190497,0.000525622,0.000525622,0.191023
F,0.301769,0.000525622,0.000525622,0.302295
F,0.14522,-0.0552031,-0.0552031,0.0900174
F,0.264923,0.000525622,0.000525622,0.265449
F,0.11836,0.000525622,0.000525622,0.118886
F,0.207149,0.000525622,0.000525622,0.207674
F,-0.0832773,0.000525622,0.000525622,-0.0827516
F,-0.15638,0.000525622,0.000525622,-0.155855
F,-0.19124,0.000525622,0.000525622,-0.190714
F,0.0376198,0.000525622,0.000525622,0.0381454
F,0.315827,0.000525622,0.000525622,0.316352
F,0.0416196,0.000525622,0.000525622,0.0421452
F,0.16326,-0.0552031,-0.0552031,0.108057
F,0.204555,0.000525622,0.000525622,0.20508
F,0.0142773,0.000525622,0.000525622,0.0148029
F,-0.0521107,0.000525622,0.000525622,-0.051585
F,0.167131,0.000525622,0.000525622,0.167657
F,0.137701,0.000525622,0.000525622,0.138227
F,-0.148236,0.000525622,0.000525622,-0.14771
F,-0.0149407,0.000525622,0.000525622,-0.0144151
F,-0.101397,0.000525622,0.000525622,-0.100872
F,0.0296642,0.000525622,0.000525622,0.0301898
F,-0.47845,0.000525622,0.000525622,-0.477924
F,0.199087,0.000525622,0.000525622,0.199612
F,0.404173,0.000525622,0.000525622,0.404699
F,-0.200632,-0.0552031,-0.0552031,-0.255836
F,-0.017347,0.000525622,0.000525622,-0.0168214
F,-0.0432093,0.000525622,0.000525622,-0.0426837
F,0.371134,0.000525622,0.000525622,0.37166
F,-0.0100898,0.000525622,0.000525622,-0.00956414
F,0.246458,0.000525622,0.000525622,0.246984
F,0.295573,0.0359397,0.0359397,0.331513
F,-0.308018,0.000525622,0.000525622,-0.307492
F,-0.061638,0.000525622,0.000525622,-0.0611124
F,0.0542926,0.000525622,0.000525622,0.0548182
F,0.415654,0.000525622,0.000525622,0.416179
F,-0.362884,0.000525622,0.000525622,-0.362358
F,0.155452,0.0104251,0.0104251,0.165877
F,-0.154757,0.000525622,0.000525622,-0.154232
F,-0.0861758,0.000525622,0.000525622,-0.0856502
F,-0.396909,0.000525622,0.000525622,-0.396384
F,-0.283622,-0.0552031,-0.0552031,-0.338825
F,-0.255622,0.000525622,0.000525622,-0.255096
F,-0.257273,0.000525622,0.000525622,-0.256748
F,-0.205591,0.0132514,0.0132514,-0.192339
F,0.173105,0.000525622,0.000525622,0.17363
F,-0.254044,0.000525622,0.000525622,-0.253519
F,-0.159171,0.000525622,0.000525622,-0.158646
F,0.103289,0.000525622,0.000525622,0.103815
F,0.427951,0.000525622,0.000525622,0.428477
F,0.275004,0.000525622,0.000525622,0.27553
F,-0.282698,0.000525622,0.000525622,-0.282172
F,-0.172885,0.000525622,0.000525622,-0.17236
F,-0.231606,0.000525622,0.000525622,-0.23108
F,-0.322294,0.000525622,0.000525622,-0.321768
F,-0.0354609,0.000525622,0.000525622,-0.0349353
F,-0.200253,0.000525622,0.000525622,-0.199727
F,0.069911,0.000525622,0.000525622,0.0704366
F,-0.0937715,0.000525622,0.000525622,-0.0932458
F,-0.369357,0.000525622,0.000525622,-0.368831
F,0.174655,0.000525622,0.000525622,0.17518
F,0.0800979,0.000525622,0.000525622,0.0806235
F,-0.12819,0.000525622,0.000525622,-0.127664
F,0.143549,0.000525622,0.000525622,0.144074
F,0.0892879,0.000525622,0.000525622,0.0898136
F,-0.255592,0.000525622,0.000525622,-0.255066
F,-0.0341176,0.000525622,0.000525622,-0.033592
F,-0.111039,0.000525622,0.000525622,-0.110513
F,-0.0539121,0.000525622,0.000525622,-0.0533865
F,-0.218339,0.000525622,0.000525622,-0.217813
F,0.30502,0.000525622,0.000525622,0.305546
F,0.0312143,0.000525622,0.000525622,0.03174
F,0.148968,0.000525622,0.000525622,0.149494
F,0.0530621,0.000525622,0.000525622,0.0535878
F,0.122631,0.000525622,0.000525622,0.123157
F,-0.121334,0.000525622,0.000525622,-0.120808
F,0.0566856,0.000525622,0.000525622,0.0572113
F,-0.0989781,0.000525622,0.000525622,-0.0984525
F,-0.0606954,0.000525622,0.000525622,-0.0601698
F,-0.161798,0.000525622,0.000525622,-0.161273
F,-0.178675,0.000525622,0.000525622,-0.178149
F,0.33086,0.000525622,0.000525622,0.331385
F,-0.00645905,0.000525622,0.000525622,-0.00593343
F,-0.28652,0.000525622,0.000525622,-0.285994
F,0.35884,0.000525622,0.000525622,0.359366
F,0.145567,0.000613133,0.000613133,0.14618
F,-0.0590702,0.000525622,0.000525622,-0.0585446
F,0.305566,0.000525622,0.000525622,0.306092
F,-0.394345,0.000525622,0.000525622,-0.39382
F,-0.16284,0.000525622,0.000525622,-0.162315
F,0.0853436,0.000525622,0.000525622,0.0858693
F,-0.0744951,0.000525622,0.000525622,-0.0739695
F,-0.0773747,0.000525622,0.000525622,-0.0768491
F,0.439324,0.000525622,0.000525622,0.439849
F,-0.129131,0.0132514,0.0132514,-0.11588
F,0.207937,0.000525622,0.000525622,0.208462
F,0.0563394,0.000525622,0.000525622,0.056865
F,0.0969209,0.000525622,0.000525622,0.0974466
F,0.367687,0.000525622,0.000525622,0.368212
F,-0.16599,0.000525622,0.000525622,-0.165465
F,0.285869,0.000525622,0.000525622,0.286395
F,0.174672,0.000525622,0.000525622,0.175197
F,-0.0727078,0.000525622,0.000525622,-0.0721821
F,0.257378,0.000525622,0.000525622,0.257904
F,-0.109249,0.000525622,0.000525622,-0.108723
F,-0.406837,0.000525622,0.000525622,-0.406311
F,-0.00956013,-0.0552031,-0.0552031,-0.0647633
F,-0.0529429,-0.0552031,-0.0552031,-0.108146
F,-0.124897,-0.0552031,-0.0552031,-0.1801
F,0.112095,0.000525622,0.000525622,0.112621
F,0.10087,0.000525622,0.000525622,0.101395
F,0.121516,0.000525622,0.000525622,0.122041
F,-0.0377007,0.000525622,0.000525622,-0.0371751
F,-0.0574305,0.000525622,0.000525622,-0.0569049
F,-0.0845471,0.000525622,0.000525622,-0.0840215
F,0.170448,0.000525622,0.000525622,0.170974
F,-0.14282,0.000525622,0.000525622,-0.142295
F,0.136879,0.000525622,0.000525622,0.137404
F,0.0858324,0.000525622,0.000525622,0.086358
F,-0.0829388,0.000525622,0.000525622,-0.0824132
F,-0.310455,0.000525622,0.000525622,-0.30993
F,-0.0825617,0.000525622,0.000525622,-0.082036
F,-0.0931995,-0.00731548,-0.00731548,-0.100515
F,0.192351,0.000525622,0.000525622,0.192876
F,0.227715,0.000525622,0.000525622,0.228241
F,0.0826611,0.000525622,0.000525622,0.0831868
F,-0.240945,0.000525622,0.000525622,-0.240419
F,0.111825,0.000525622,0.000525622,0.112351
F,-0.101545,0.000525622,0.000525622,-0.101019
F,-0.190959,0.000525622,0.000525622,-0.190433
F,0.300437,0.000525622,0.000525622,0.300963
F,-0.275426,0.0359397,0.0359397,-0.239486
F,-0.0503964,0.000525622,0.000525622,-0.0498708
F,-0.00980603,0.000525622,0.000525622,-0.00928041
F,0.0215913,0.000525622,0.000525622,0.0221169
F,-0.0957692,0.000525622,0.000525622,-0.0952435
F,0.0898277,-0.0552031,-0.0552031,0.0346246
F,-0.212347,0.000525622,0.000525622,-0.211821
F,-0.0286217,0.000525622,0.000525622,-0.0280961
F,0.158273,0.000525622,0.000525622,0.158799
F,0.206428,0.000525622,0.000525622,0.206953
F,-0.321137,0.000525622,0.000525622,-0.320611
F,-0.416911,0.000525622,0.000525622,-0.416386
F,0.182994,0.0104251,0.0104251,0.193419
F,0.0339811,0.000525622,0.000525622,0.0345067
F,-0.148971,0.000525622,0.000525622,-0.148445
F,0.0250781,0.000525622,0.000525622,0.0256037
F,0.168086,0.000525622,0.000525622,0.168612
F,-0.344537,0.000525622,0.000525622,-0.344011
F,-0.461634,0.000525622,0.000525622,-0.461109
F,0.0751019,0.000525622,0.000525622,0.0756275
F,-0.00185128,0.000525622,0.000525622,-0.00132566
F,0.304262,0.000525622,0.000525622,0.304788
F,0.0878204,0.000525622,0.000525622,0.088346
F,-0.0379002,0.000613133,0.000613133,-0.0372871
F,-0.122683,0.000525622,0.000525622,-0.122157
F,-0.0805266,0.000525622,0.000525622,-0.0800009
F,-0.052017,0.000525622,0.000525622,-0.0514913
F,-0.247283,-0.0552031,-0.0552031,-0.302486
F,0.286207,0.000525622,0.000525622,0.286733
F,0.314725,0.000525622,0.000525622,0.31525
F,-0.347024,0.000525622,0.000525622,-0.346499
F,0.28181,0.000525622,0.000525622,0.282335
F,-0.437034,0.000525622,0.000525622,-0.436509
F,-0.148161,0.000525622,0.000525622,-0.147635
F,-0.270734,0.000525622,0.000525622,-0.270209
F,0.39468,0.000525622,0.000525622,0.395205
F,-0.275355,0.000525622,0.000525622,-0.27483
F,0.0971289,0.000525622,0.000525622,0.0976545
F,-0.023101,0.000525622,0.000525622,-0.0225753
F,0.128317,0.000525622,0.000525622,0.128842
F,-0.163001,0.000525622,0.000525622,-0.162475
F,-0.113807,0.000525622,0.000525622,-0.113281
F,0.0261795,0.000525622,0.000525622,0.0267051
F,-0.0154143,0.000525622,0.000525622,-0.0148887
F,0.437086,0.000525622,0.000525622,0.437612
F,-0.208161,0.000525622,0.000525622,-0.207636
F,0.192246,-0.0552031,-0.0552031,0.137043
F,-0.181325,0.000525622,0.000525622,-0.1808
F,0.238751,0.000525622,0.000525622,0.239277
F,-0.107376,0.000525622,0.000525622,-0.106851
F,-0.224878,0.000525622,0.000525622,-0.224352
F,-0.591773,0.000525622,0.000525622,-0.591247
F,0.199822,0.000525622,0.000525622,0.200348
F,0.159116,0.000525622,0.000525622,0.159641
F,0.119697,0.000525622,0.000525622,0.120223
F,-0.195736,0.000525622,0.000525622,-0.19521
F,0.0256742,0.000525622,0.000525622,0.0261999
F,0.182315,0.000525622,0.000525622,0.18284
F,0.13538,0.000525622,0.000525622,0.135905
F,-0.176,0.000525622,0.000525622,-0.175474
F,0.179985,0.000525622,0.000525622,0.180511
F,-0.234168,-0.0552031,-0.0552031,-0.289372
F,-0.0456327,0.000525622,0.000525622,-0.0451071
F,0.28559,0.000525622,0.000525622,0.286115
F,-0.0702426,0.000525622,0.000525622,-0.069717
F,0.139374,0.000525622,0.000525622,0.1399
F,-0.458487,0.000525622,0.000525622,-0.457962
F,0.0900602,0.000525622,0.000525622,0.0905858
F,-0.270116,0.000525622,0.000525622,-0.26959
F,-0.0551119,0.000525622,0.000525622,-0.0545863
F,0.353473,0.000525622,0.000525622,0.353999
F,0.172456,0.000525622,0.000525622,0.172982
F,-0.306452,0.000525622,0.000525622,-0.305926
F,-0.100332,0.000525622,0.000525622,-0.0998062
F,-0.284718,0.000525622,0.000525622,-0.284192
F,0.140471,0.000525622,0.000525622,0.140996
F,-0.0958602,0.000525622,0.000525622,-0.0953346
F,0.235082,0.000525622,0.000525622,0.235608
F,-0.0485085,0.000525622,0.000525622,-0.0479829
F,-0.218009,0.000525622,0.000525622,-0.217483
F,0.0386208,0.000525622,0.000525622,0.0391464
F,0.129149,0.000525622,0.000525622,0.129675
F,-0.310598,0.0359397,0.0359397,-0.274658
F,-0.0885192,0.000525622,0.000525622,-0.0879935
F,0.0332529,0.000525622,0.000525622,0.0337785
F,0.150975,0.000525622,0.000525622,0.151501
F,-0.105773,-0.0552031,-0.0552031,-0.160976
F,0.0805844,-0.0552031,-0.0552031,0.0253812
F,0.0311657,0.000525622,0.000525622,0.0316913
F,0.0717527,0.000525622,0.000525622,0.0722783
F,-0.373814,0.000525622,0.000525622,-0.373289
F,-0.0324638,0.000525622,0.000525622,-0.0319382
F,0.0018133,0.000525622,0.000525622,0.00233892
F,-0.0548764,0.000525622,0.000525622,-0.0543508
F,0.207346,0.000525622,0.000525622,0.207872
F,-0.114612,0.000525622,0.000525622,-0.114087
F,-0.0169986,0.000525622,0.000525622,-0.016473
F,0.0744284,0.000525622,0.000525622,0.074954
F,-0.119676,0.000525622,0.000525622,-0.11915
F,0.0172063,0.000525622,0.000525622,0.0177319
F,0.268267,0.000525622,0.000525622,0.268793
F,0.156899,0.000525622,0.000525622,0.157425
F,0.143168,-0.0552031,-0.0552031,0.087965
F,0.242267,0.000525622,0.000525622,0.242792
F,-0.0668656,0.000525622,0.000525622,-0.06634
F,0.0114876,0.000525622,0.000525622,0.0120132
F,-0.394427,0.000525622,0.000525622,-0.393902
F,0.203873,0.000525622,0.000525622,0.204398
F,-0.236234,0.000525622,0.000525622,-0.235708
F,-0.228429,0.000525622,0.000525622,-0.227903
F,0.14541,0.000525622,0.000525622,0.145936
F,0.104448,0.0359397,0.0359397,0.140388
F,-0.205763,-0.00731548,-0.00731548,-0.213079
F,0.0744387,0.000525622,0.000525622,0.0749643
F,-0.459349,-0.0552031,-0.0552031,-0.514553
F,0.0698985,0.000525622,0.000525622,0.0704242
F,-0.257784,0.000525622,0.000525622,-0.257258
F,0.175127,0.000525622,0.000525622,0.175653
F,-0.247026,0.000525622,0.000525622,-0.246501
F,-0.213522,0.000525622,0.000525622,-0.212997
F,0.0526718,0.000525622,0.000525622,0.0531974
F,-0.139753,0.000525622,0.000525622,-0.139228
F,-0.268474,0.000525622,0.000525622,-0.267949
F,-0.129016,0.000525622,0.000525622,-0.12849
F,-0.0634562,0.000525622,0.000525622,-0.0629306
F,0.121704,0.000525622,0.000525622,0.122229
F,-0.082781,0.000525622,0.000525622,-0.0822554
F,0.167841,0.000525622,0.000525622,0.168367
F,0.122792,0.000525622,0.000525622,0.123318
F,0.378276,0.000525622,0.000525622,0.378801
F,0.030006,0.000525622,0.000525622,0.0305317
F,-0.178001,0.000525622,0.000525622,-0.177475
F,0.181642,0.0132514,0.0132514,0.194894
F,-0.196473,0.000525622,0.000525622,-0.195948
F,0.0271537,0.000525622,0.000525622,0.0276793
F,-0.0190012,0.000525622,0.000525622,-0.0184756
F,0.300874,0.000525622,0.000525622,0.3014
F,0.195491,0.000525622,0.000525622,0.196016
F,-0.197801,0.000525622,0.000525622,-0.197275
F,-0.483557,0.000525622,0.000525622,-0.483031
F,0.157286,0.000525622,0.000525622,0.157812
F,-0.241184,0.000525622,0.000525622,-0.240658
F,-0.289205,0.000525622,0.000525622,-0.28868
F,-0.198589,0.000525622,0.000525622,-0.198063
F,-0.396727,0.000525622,0.000525622,-0.396201
F,0.0238476,0.0359397,0.0359397,0.0597873
F,0.170043,0.000525622,0.000525622,0.170568
F,0.0396758,0.000525622,0.000525622,0.0402015
F,-0.140776,0.000525622,0.000525622,-0.140251
F,-0.0409103,0.000525622,0.000525622,-0.0403846
F,-0.101802,0.000525622,0.000525622,-0.101276
F,-0.0111401,0.000525622,0.000525622,-0.0106144
F,0.184953,0.000525622,0.000525622,0.185479
F,-0.230499,0.000525622,0.000525622,-0.229973
F,0.362488,0.000525622,0.000525622,0.363013
F,0.00297298,-0.0552031,-0.0552031,-0.0522302
F,-0.307533,0.000525622,0.000525622,-0.307007
F,0.229502,-0.0552031,-0.0552031,0.174299
F,0.102257,0.000525622,0.000525622,0.102783
F,-0.150533,0.000525622,0.000525622,-0.150008
F,0.439285,0.000525622,0.000525622,0.43981
F,-0.413338,0.000525622,0.000525622,-0.412813
F,0.0631377,0.000525622,0.000525622,0.0636633
F,-0.254774,0.000525622,0.000525622,-0.254248
F,0.324208,0.000525622,0.000525622,0.324734
F,0.0962805,0.000525622,0.000525622,0.0968061
F,0.224819,0.000525622,0.000525622,0.225345
F,-0.389637,0.000525622,0.000525622,-0.389111
F,0.156428,0.000525622,0.000525622,0.156954
F,0.0403496,0.000525622,0.000525622,0.0408753
F,0.0214867,0.000525622,0.000525622,0.0220123
F,-0.175723,0.0132514,0.0132514,-0.162471
F,-0.107311,0.000525622,0.000525622,-0.106785
F,-0.0178238,0.000525622,0.000525622,-0.0172982
F,0.522513,0.000525622,0.000525622,0.523038
F,0.306818,0.000525622,0.000525622,0.307343
F,0.370349,-0.0552031,-0.0552031,0.315145
F,0.320612,0.000525622,0.000525622,0.321138
F,-0.247877,0.000525622,0.000525622,-0.247352
F,-0.14491,0.000525622,0.000525622,-0.144384
F,0.21777,0.000525622,0.000525622,0.218295
F,-0.120272,0.000525622,0.000525622,-0.119746
F,-0.190214,0.000525622,0.000525622,-0.189688
F,-0.149922,0.000525622,0.000525622,-0.149397
F,0.0638738,0.000525622,0.000525622,0.0643994
F,-0.189753,0.000525622,0.000525622,-0.189227
F,0.112103,0.000525622,0.000525622,0.112628
F,0.119506,0.000525622,0.000525622,0.120032
F,-0.0153712,0.000525622,0.000525622,-0.0148456
F,-0.0712822,0.000525622,0.000525622,-0.0707566
F,0.0598348,0.000525622,0.000525622,0.0603604
F,0.0485352,0.000525622,0.000525622,0.0490608
F,0.0696762,0.000525622,0.000525622,0.0702018
F,0.00655408,0.0359397,0.0359397,0.0424938
F,0.0066345,0.000525622,0.000525622,0.00716013
F,0.425727,0.0359397,0.0359397,0.461666
F,0.236531,0.000525622,0.000525622,0.237056
F,-0.0388389,0.000525622,0.000525622,-0.0383133
F,0.00153429,0.000525622,0.000525622,0.00205991
F,0.203058,0.000525622,0.000525622,0.203584
F,0.109359,-0.0552031,-0.0552031,0.0541561
F,-0.094114,0.000525622,0.000525622,-0.0935884
F,0.00186235,0.000525622,0.000525622,0.00238798
F,0.146412,0.000525622,0.000525622,0.146937
F,-0.0541126,0.000525622,0.000525622,-0.053587
F,0.425786,0.000525622,0.000525622,0.426311
F,-0.0949567,-0.0552031,-0.0552031,-0.15016
F,0.080257,0.000525622,0.000525622,0.0807826
F,0.00408046,0.000525622,0.000525622,0.00460609
F,-0.148401,-0.0552031,-0.0552031,-0.203604
F,0.163796,0.000525622,0.000525622,0.164322
F,0.11114,0.000525622,0.000525622,0.111665
F,0.248182,0.000525622,0.000525622,0.248708
F,-0.492807,0.000525622,0.000525622,-0.492281
F,0.0564505,0.000525622,0.000525622,0.0569762
F,0.4669,0.000525622,0.000525622,0.467425
F,-0.0635856,0.000525622,0.000525622,-0.06306
F,-0.0475685,0.000525622,0.000525622,-0.0470428
F,0.140669,0.000525622,0.000525622,0.141195
F,0.140429,0.0104251,0.0104251,0.150854
F,-0.106007,0.000525622,0.000525622,-0.105481
F,-0.0292457,0.000525622,0.000525622,-0.0287201
F,0.286297,0.000525622,0.000525622,0.286822
F,-0.527173,0.000525622,0.000525622,-0.526647
F,0.0572628,0.000525622,0.000525622,0.0577884
F,0.192529,0.000525622,0.000525622,0.193055
F,0.199171,0.000525622,0.000525622,0.199696
F,0.123827,0.000525622,0.000525622,0.124352
F,-0.202329,0.000525622,0.000525622,-0.201803
F,0.0669609,0.0359397,0.0359397,0.102901
F,0.0427564,0.000525622,0.000525622,0.043282
F,-0.112193,0.000525622,0.000525622,-0.111667
F,0.0797515,0.000525622,0.000525622,0.0802771
F,0.214099,0.0104251,0.0104251,0.224524
F,-0.133867,0.000525622,0.000525622,-0.133341
F,-0.142208,0.000525622,0.000525622,-0.141682
F,0.214297,-0.0552031,-0.0552031,0.159094
F,-0.0202366,0.000525622,0.000525622,-0.019711
F,0.377358,0.000525622,0.000525622,0.377883
F,-0.208065,0.000525622,0.000525622,-0.207539
F,-0.140141,0.000525622,0.000525622,-0.139615
F,-0.137976,0.000525622,0.000525622,-0.13745
F,-0.0833673,0.000525622,0.000525622,-0.0828417
F,0.209283,0.000525622,0.000525622,0.209809
F,-0.109749,0.000525622,0.000525622,-0.109223
F,-0.219723,0.000525622,0.000525622,-0.219197
F,-0.370319,0.000525622,0.000525622,-0.369794
F,-0.0331121,0.000525622,0.000525622,-0.0325865
F,-0.386328,0.000525622,0.000525622,-0.385802
F,0.0295548,0.000525622,0.000525622,0.0300804
F,0.0103429,-0.0552031,-0.0552031,-0.0448602
F,-0.0985575,0.000525622,0.000525622,-0.0980319
F,0.0650059,0.000525622,0.000525622,0.0655315
F,-0.117158,0.000525622,0.000525622,-0.116633
F,0.197141,0.000525622,0.000525622,0.197667
F,0.0509291,0.000525622,0.000525622,0.0514547
F,-0.0572566,0.000525622,0.000525622,-0.056731
F,0.0372667,0.000525622,0.000525622,0.0377924
F,0.0361682,0.000525622,0.000525622,0.0366938
F,0.31808,0.000525622,0.000525622,0.318605
F,0.286544,0.000525622,0.000525622,0.287069
F,-0.0817656,0.000525622,0.000525622,-0.08124
F,-0.0544619,0.000525622,0.000525622,-0.0539363
F,0.171557,0.0359397,0.0359397,0.207496
F,-0.429892,0.000525622,0.000525622,-0.429367
F,-0.0291078,0.000525622,0.000525622,-0.0285822
F,-0.104886,0.000525622,0.000525622,-0.104361
F,0.066784,0.000525622,0.000525622,0.0673096
F,-0.0599085,0.000525622,0.000525622,-0.0593829
F,-0.0546742,0.000525622,0.000525622,-0.0541485
F,-0.092038,0.000525622,0.000525622,-0.0915123
F,0.207221,0.000525622,0.000525622,0.207746
F,0.161972,0.000525622,0.000525622,0.162497
F,-0.218493,0.000525622,0.000525622,-0.217967
F,0.0514158,0.0359397,0.0359397,0.0873555
F,-0.149302,0.000525622,0.000525622,-0.148777
F,0.183167,0.000525622,0.000525622,0.183693
F,-0.516617,-0.0552031,-0.0552031,-0.57182
F,-0.175138,-0.0552031,-0.0552031,-0.230341
F,-0.0343875,0.000525622,0.000525622,-0.0338619
F,-0.076349,0.000525622,0.000525622,-0.0758234
F,-0.204387,0.000525622,0.000525622,-0.203861
F,0.158765,0.000525622,0.000525622,0.159291
F,0.072803,0.000525622,0.000525622,0.0733286
F,-0.127027,0.000525622,0.000525622,-0.126501
F,0.273069,0.000525622,0.000525622,0.273595
F,0.077658,0.000525622,0.000525622,0.0781837
F,-0.205106,0.000525622,0.000525622,-0.20458
F,0.272027,0.000525622,0.000525622,0.272553
F,-0.0514573,0.000525622,0.000525622,-0.0509317
F,0.272753,0.000525622,0.000525622,0.273278
F,0.0259627,0.000525622,0.000525622,0.0264883
F,-0.374988,0.000525622,0.000525622,-0.374463
F,-0.172702,0.000525622,0.000525622,-0.172176
F,0.512069,0.000525622,0.000525622,0.512594
F,0.119129,0.000525622,0.000525622,0.119655
F,-0.13349,0.000525622,0.000525622,-0.132964
F,0.295161,0.000525622,0.000525622,0.295686
F,0.00768254,-0.0552031,-0.0552031,-0.0475206
F,-0.0942405,0.000525622,0.000525622,-0.0937149
F,0.10492,0.000525622,0.000525622,0.105445
F,-0.061093,0.000525622,0.000525622,-0.0605673
F,-0.0371204,0.000525622,0.000525622,-0.0365948
F,-0.591151,0.000525622,0.000525622,-0.590626
F,-0.112934,0.000525622,0.000525622,-0.112409
F,-0.188825,0.000525622,0.000525622,-0.1883
F,0.251536,0.000525622,0.000525622,0.252062
F,0.46952,0.000525622,0.000525622,0.470045
F,-0.368739,0.000525622,0.000525622,-0.368214
F,0.0567328,0.000525622,0.000525622,0.0572584
F,0.10174,0.000525622,0.000525622,0.102265
F,-0.21086,0.000525622,0.000525622,-0.210334
F,-0.0473429,0.000525622,0.000525622,-0.0468173
F,-0.141482,0.000525622,0.000525622,-0.140956
F,0.290298,0.000525622,0.000525622,0.290823
F,-0.123965,0.000525622,0.000525622,-0.123439
F,-0.190125,-0.0552031,-0.0552031,-0.245328
F,-0.178398,0.000525622,0.000525622,-0.177872
F,0.0426963,0.000525622,0.000525622,0.0432219
F,-0.0625738,0.000525622,0.000525622,-0.0620481
F,0.084352,0.000525622,0.000525622,0.0848776
F,-0.464015,0.000525622,0.000525622,-0.46349
F,-0.103676,0.0104251,0.0104251,-0.0932508
F,0.00958918,0.0359397,0.0359397,0.0455289
F,-0.255476,0.000525622,0.000525622,-0.254951
F,0.424372,0.000525622,0.000525622,0.424897
F,0.182733,0.000525622,0.000525622,0.183258
F,-0.144942,0.000525622,0.000525622,-0.144416
F,-0.0378383,0.000525622,0.000525622,-0.0373127
F,0.122491,0.000525622,0.000525622,0.123016
F,0.156604,0.000525622,0.000525622,0.15713
F,0.238713,0.000525622,0.000525622,0.239239
F,-0.310511,0.000525622,0.000525622,-0.309985
F,0.413096,0.000525622,0.000525622,0.413621
F,-0.0330009,0.000525622,0.000525622,-0.0324753
F,-0.0439291,0.000525622,0.000525622,-0.0434034
F,-0.505441,0.000525622,0.000525622,-0.504915
F,-0.227125,-0.00731548,-0.00731548,-0.234441
F,0.34005,0.000525622,0.000525622,0.340575
F,-0.0923459,0.000525622,0.000525622,-0.0918203
F,-0.113879,0.000525622,0.000525622,-0.113354
F,-0.059629,0.000525622,0.000525622,-0.0591034
F,-0.0058029,0.000525622,0.000525622,-0.00527728
F,-0.0797235,0.000525622,0.000525622,-0.0791979
F,-0.289415,0.000525622,0.000525622,-0.288889
F,0.0293423,0.000525622,0.000525622,0.0298679
F,0.191318,0.000525622,0.000525622,0.191843
F,0.107828,0.000525622,0.000525622,0.108354
F,-0.0919853,0.000525622,0.000525622,-0.0914597
F,0.240613,0.000525622,0.000525622,0.241138
F,0.370081,-0.0552031,-0.0552031,0.314877
F,0.0866025,0.000525622,0.000525622,0.0871282
F,-0.0343243,-0.0552031,-0.0552031,-0.0895274
F,-0.18302,0.000525622,0.000525622,-0.182495
F,-0.102288,0.000525622,0.000525622,-0.101763
F,0.0353492,0.000525622,0.000525622,0.0358748
F,0.0781529,0.000525622,0.000525622,0.0786785
F,0.126592,0.000525622,0.000525622,0.127118
F,-0.157956,0.000525622,0.000525622,-0.15743
F,-0.0359149,0.000525622,0.000525622,-0.0353892
F,0.19502,0.000525622,0.000525622,0.195546
F,-0.0583733,0.000525622,0.000525622,-0.0578477
F,-0.0906976,0.000525622,0.000525622,-0.090172
F,-0.0335682,0.000525622,0.000525622,-0.0330426
F,0.00167837,0.000525622,0.000525622,0.002204
F,0.00175125,0.000525622,0.000525622,0.00227687
F,-0.525826,0.000525622,0.000525622,-0.5253
F,0.0876301,0.000525622,0.000525622,0.0881558
F,-0.0413773,0.000525622,0.000525622,-0.0408517
F,-0.0570016,-0.0552031,-0.0552031,-0.112205
F,-0.0476175,0.000525622,0.000525622,-0.0470919
F,-0.0411787,0.000525622,0.000525622,-0.040653
F,0.110294,0.000525622,0.000525622,0.110819
F,0.181407,0.000525622,0.000525622,0.181933
F,0.060157,0.000525622,0.000525622,0.0606826
F,0.351088,0.0104251,0.0104251,0.361513
F,-0.302595,0.000525622,0.000525622,-0.302069
F,-0.253023,0.000525622,0.000525622,-0.252497
F,0.00963242,0.000525622,0.000525622,0.010158
F,0.420729,0.000525622,0.000525622,0.421254
F,0.155443,-0.0552031,-0.0552031,0.10024
F,-0.048935,-0.0552031,-0.0552031,-0.104138
F,0.134418,0.000525622,0.000525622,0.134944
F,-0.425449,0.000525622,0.000525622,-0.424923
F,0.187487,0.000525622,0.000525622,0.188013
F,-0.413541,0.000525622,0.000525622,-0.413015
F,-0.0726801,-0.00731548,-0.00731548,-0.0799956
F,0.182997,0.000525622,0.000525622,0.183522
F,-0.0178165,0.000525622,0.000525622,-0.0172909
F,0.230253,0.000525622,0.000525622,0.230778
F,0.0198461,0.000525622,0.000525622,0.0203717
F,0.216832,0.000525622,0.000525622,0.217357
F,0.257646,0.000525622,0.000525622,0.258171
F,-0.117202,0.000525622,0.000525622,-0.116676
F,-0.00402993,0.000525622,0.000525622,-0.0035043
F,-0.186689,0.000525622,0.000525622,-0.186163
F,-0.136374,0.000525622,0.000525622,-0.135849
F,0.128307,0.000525622,0.000525622,0.128832
F,-0.148774,0.000525622,0.000525622,-0.148248
F,-0.140061,0.000525622,0.000525622,-0.139536
F,-0.321925,-0.0552031,-0.0552031,-0.377129
F,0.004169,0.000525622,0.000525622,0.00469462
F,-0.180672,0.000525622,0.000525622,-0.180146
F,0.0514072,0.000525622,0.000525622,0.0519328
F,0.108971,0.000525622,0.000525622,0.109496
F,0.242136,-0.0552031,-0.0552031,0.186933
F,0.295817,0.000525622,0.000525622,0.296342
F,-0.30906,0.000525622,0.000525622,-0.308535
F,-0.0104673,0.000525622,0.000525622,-0.0099417
F,-0.0295183,0.000525622,0.000525622,-0.0289926
F,0.0892296,0.000525622,0.000525622,0.0897552
F,0.319431,0.000525622,0.000525622,0.319956
F,-0.0165146,0.0359397,0.0359397,0.0194251
F,0.0885056,0.000525622,0.000525622,0.0890313
F,-0.153584,0.000525622,0.000525622,-0.153058
F,0.0777352,0.000525622,0.000525622,0.0782608
F,0.107578,0.000525622,0.000525622,0.108104
F,0.101952,0.000525622,0.000525622,0.102478
F,0.184678,0.000525622,0.000525622,0.185204
F,-0.0361658,0.000525622,0.000525622,-0.0356402
F,0.0880692,0.000525622,0.000525622,0.0885948
F,-0.237316,0.000525622,0.000525622,-0.23679
F,-0.0483527,0.000525622,0.000525622,-0.0478271
F,0.00711589,0.0359397,0.0359397,0.0430556
F,0.0243389,0.000525622,0.000525622,0.0248646
F,-0.0750602,0.000525622,0.000525622,-0.0745346
F,0.364576,0.000525622,0.000525622,0.365101
F,-0.0217193,0.000525622,0.000525622,-0.0211937
F,0.120028,0.000525622,0.000525622,0.120554
F,0.380175,0.000525622,0.000525622,0.3807
F,0.0604107,0.000525622,0.000525622,0.0609363
F,0.407453,0.000525622,0.000525622,0.407978
F,-0.0255159,0.000525622,0.000525622,-0.0249903
F,-0.00256902,0.000525622,0.000525622,-0.0020434
F,0.194289,0.000525622,0.000525622,0.194815
F,0.403953,-0.0552031,-0.0552031,0.34875
F,0.0971738,0.000525622,0.000525622,0.0976994
F,-0.422505,-0.0552031,-0.0552031,-0.477708
F,0.0535747,0.000525622,0.000525622,0.0541003
F,0.0533609,0.000525622,0.000525622,0.0538865
F,0.202598,0.000525622,0.000525622,0.203124
F,0.0270377,0.000525622,0.000525622,0.0275633
F,-0.0979965,0.000525622,0.000525622,-0.0974709
F,0.275093,0.000525622,0.000525622,0.275618
F,-0.308587,0.000525622,0.000525622,-0.308062
F,0.218589,0.000525622,0.000525622,0.219114
F,-0.150971,0.000525622,0.000525622,-0.150446
F,-0.180251,0.000525622,0.000525622,-0.179725
F,0.203992,0.000525622,0.000525622,0.204518
F,-0.0821547,0.000525622,0.000525622,-0.0816291
F,0.0111497,0.000525622,0.000525622,0.0116753
F,-0.156291,0.000525622,0.000525622,-0.155766
F,-0.0809627,0.000525622,0.000525622,-0.0804371
F,-0.168532,0.000525622,0.000525622,-0.168006
F,-0.119414,0.000525622,0.000525622,-0.118888
F,0.068116,0.000525622,0.000525622,0.0686416
F,-0.174567,0.000525622,0.000525622,-0.174042
F,-0.327918,0.000525622,0.000525622,-0.327393
F,0.140281,0.000525622,0.000525622,0.140807
F,0.0594822,0.000525622,0.000525622,0.0600079
F,-0.334714,0.000525622,0.000525622,-0.334189
F,0.142074,0.000525622,0.000525622,0.142599
F,-0.0198355,0.000525622,0.000525622,-0.0193099
F,0.179692,0.000525622,0.000525622,0.180218
F,-0.0978098,0.000525622,0.000525622,-0.0972841
F,0.0939432,0.000525622,0.000525622,0.0944689
F,-0.00543977,0.000525622,0.000525622,-0.00491415
F,0.0369765,0.000525622,0.000525622,0.0375022
F,-0.199918,-0.0552031,-0.0552031,-0.255121
F,0.115663,0.000525622,0.000525622,0.116189
F,0.122933,0.000525622,0.000525622,0.123459
F,0.31834,0.000525622,0.000525622,0.318865
F,0.20686,0.000525622,0.000525622,0.207386
F,-0.154845,0.000525622,0.000525622,-0.15432
F,0.00837744,0.000525622,0.000525622,0.00890306
F,-0.342511,0.000525622,0.000525622,-0.341986
F,-0.119283,0.000525622,0.000525622,-0.118757
F,-0.427184,0.000525622,0.000525622,-0.426658
F,-0.332662,0.000525622,0.000525622,-0.332137
F,0.0367295,0.000525622,0.000525622,0.0372551
F,0.110004,0.000525622,0.000525622,0.11053
F,0.510392,0.000525622,0.000525622,0.510918
F,0.187045,0.000525622,0.000525622,0.187571
F,-0.463634,0.000525622,0.000525622,-0.463108
F,0.276672,0.000525622,0.000525622,0.277198
F,0.269613,0.000525622,0.000525622,0.270139
F,0.103831,0.000525622,0.000525622,0.104356
F,-0.3331,0.000525622,0.000525622,-0.332574
F,-0.00329136,0.000525622,0.000525622,-0.00276573
F,0.00196647,0.000525622,0.000525622,0.00249209
F,0.0756675,0.000525622,0.000525622,0.0761931
F,-0.58656,0.000525622,0.000525622,-0.586035
F,-0.0500605,0.000525622,0.000525622,-0.0495349
F,-0.0187928,0.000525622,0.000525622,-0.0182672
F,0.0246761,0.000525622,0.000525622,0.0252017
F,0.167977,0.000525622,0.000525622,0.168503
F,0.302442,0.000525622,0.000525622,0.302968
F,-0.24717,0.000525622,0.000525622,-0.246645
F,-0.310656,0.000525622,0.000525622,-0.31013
F,0.212628,0.000525622,0.000525622,0.213154
F,-0.00597106,-0.0552031,-0.0552031,-0.0611742
F,-0.145099,-0.0552031,-0.0552031,-0.200302
F,0.381295,0.000525622,0.000525622,0.381821
F,0.553581,0.000525622,0.000525622,0.554107
F,-0.233011,0.000525622,0.000525622,-0.232485
F,-0.166922,0.000525622,0.000525622,-0.166396
F,-0.0548981,0.000525622,0.000525622,-0.0543725
F,-0.0763463,0.000525622,0.000525622,-0.0758206
F,-0.687414,0.000525622,0.000525622,-0.686888
F,-0.117093,0.000525622,0.000525622,-0.116567
F,-0.112775,0.000525622,0.000525622,-0.112249
F,0.184375,0.000525622,0.000525622,0.184901
F,0.0739489,0.000525622,0.000525622,0.0744745
F,-0.212271,0.000525622,0.000525622,-0.211746
F,-0.172779,0.000525622,0.000525622,-0.172254
F,-0.104106,0.000525622,0.000525622,-0.103581
F,0.0373586,0.000525622,0.000525622,0.0378842
F,0.112673,0.000525622,0.000525622,0.113198
F,-0.0829388,0.000525622,0.000525622,-0.0824131
F,-0.0713377,0.000525622,0.000525622,-0.0708121
F,0.39296,0.000525622,0.000525622,0.393485
F,0.0542207,0.000525622,0.000525622,0.0547463
F,0.173036,0.000525622,0.000525622,0.173561
F,0.05562,0.000525622,0.000525622,0.0561456
F,-0.0796591,-0.0552031,-0.0552031,-0.134862
F,0.149057,0.000525622,0.000525622,0.149583
F,-0.0219818,0.000525622,0.000525622,-0.0214562
F,0.084767,0.000525622,0.000525622,0.0852926
F,-0.284516,0.000525622,0.000525622,-0.283991
F,0.211989,0.000525622,0.000525622,0.212515
F,0.168973,0.000525622,0.000525622,0.169499
F,-0.131956,0.000525622,0.000525622,-0.13143
F,0.0654105,0.000525622,0.000525622,0.0659361
F,0.0150619,0.000525622,0.000525622,0.0155875
F,0.197617,0.000525622,0.000525622,0.198142
F,0.0399263,0.000525622,0.000525622,0.0404519
F,0.161931,0.000525622,0.000525622,0.162456
F,-0.0697862,0.000525622,0.000525622,-0.0692605
F,0.301799,0.000525622,0.000525622,0.302325
F,0.0170437,0.000525622,0.000525622,0.0175693
F,-0.22412,0.000525622,0.000525622,-0.223595
F,-0.16136,-0.0552031,-0.0552031,-0.216563
F,-0.0403722,0.000525622,0.000525622,-0.0398466
F,-0.4082,0.000525622,0.000525622,-0.407674
F,0.30196,0.000525622,0.000525622,0.302486
F,-0.170114,0.000525622,0.000525622,-0.169588
F,0.0689939,0.000525622,0.000525622,0.0695195
F,-0.0158517,0.000525622,0.000525622,-0.0153261
F,-0.357682,0.000525622,0.000525622,-0.357156
F,-0.517844,0.000525622,0.000525622,-0.517318
F,-0.0256069,0.000613133,0.000613133,-0.0249937
F,-0.158885,0.000525622,0.000525622,-0.158359
F,0.0246844,0.000525622,0.000525622,0.02521
F,-0.0925298,0.000525622,0.000525622,-0.0920042
F,-0.056862,0.000525622,0.000525622,-0.0563363
F,-0.0872997,0.0104251,0.0104251,-0.0768746
F,-0.246048,0.000525622,0.000525622,-0.245523
F,-0.218412,0.000525622,0.000525622,-0.217886
F,-0.147758,0.000525622,0.000525622,-0.147232
F,0.154563,-0.0552031,-0.0552031,0.0993595
F,-0.0983848,0.000525622,0.000525622,-0.0978592
F,-0.338865,0.000525622,0.000525622,-0.338339
F,0.262765,0.000525622,0.000525622,0.263291
F,-0.354323,0.000525622,0.000525622,-0.353798
F,0.019448,0.000525622,0.000525622,0.0199736
F,-0.0258106,0.000525622,0.000525622,-0.0252849
F,0.0812735,0.000525622,0.000525622,0.0817992
F,-0.110624,0.000525622,0.000525622,-0.110099
F,0.247535,0.000525622,0.000525622,0.24806
F,0.0644778,0.000525622,0.000525622,0.0650035
F,0.0301172,0.000525622,0.000525622,0.0306428
F,-0.236463,0.000525622,0.000525622,-0.235938
F,-0.291218,0.000525622,0.000525622,-0.290692
F,0.344138,0.000525622,0.000525622,0.344664
F,-0.23119,0.000525622,0.000525622,-0.230665
F,-0.306591,0.000525622,0.000525622,-0.306065
F,-0.511674,0.000525622,0.000525622,-0.511148
F,-0.00155601,0.000525622,0.000525622,-0.00103039
F,-0.0354557,0.000525622,0.000525622,-0.0349301
F,-0.147775,0.000525622,0.000525622,-0.14725
F,0.256102,0.000525622,0.000525622,0.256628
F,-0.273838,-0.0552031,-0.0552031,-0.329041
F,-0.121964,0.000525622,0.000525622,-0.121438
F,-0.456097,0.000525622,0.000525622,-0.455571
F,0.098878,0.000525622,0.000525622,0.0994036
F,-0.169915,0.000525622,0.000525622,-0.169389
F,-0.141756,0.000525622,0.000525622,-0.14123
F,-0.332915,0.000525622,0.000525622,-0.33239
F,-0.514127,0.000525622,0.000525622,-0.513601
F,0.162184,0.000525622,0.000525622,0.16271
F,-0.304333,0.000525622,0.000525622,-0.303807
F,0.10603,0.000525622,0.000525622,0.106556
F,0.193489,0.000525622,0.000525622,0.194014
F,-0.17401,0.000525622,0.000525622,-0.173484
F,-0.473342,0.000525622,0.000525622,-0.472817
F,-0.0626888,0.000525622,0.000525622,-0.0621631
F,-0.269253,0.000525622,0.000525622,-0.268727
F,0.24215,0.000525622,0.000525622,0.242675
F,-0.283751,0.000525622,0.000525622,-0.283225
F,0.149405,0.000525622,0.000525622,0.149931
F,-0.289841,0.000525622,0.000525622,-0.289315
F,-0.104987,0.000525622,0.000525622,-0.104462
F,-0.171173,0.000525622,0.000525622,-0.170647
F,0.362797,0.000525622,0.000525622,0.363323
F,-0.0937181,0.000525622,0.000525622,-0.0931925
F,0.345982,0.000525622,0.000525622,0.346507
F,-0.0586998,0.000525622,0.000525622,-0.0581741
F,-0.243782,0.000525622,0.000525622,-0.243257
F,-0.296848,0.000525622,0.000525622,-0.296322
F,0.173084,0.000525622,0.000525622,0.17361
F,0.0207666,0.000525622,0.000525622,0.0212922
F,0.0106186,0.000525622,0.000525622,0.0111442
F,0.199692,0.000525622,0.000525622,0.200217
F,0.221485,0.000525622,0.000525622,0.22201
F,0.246588,0.000525622,0.000525622,0.247114
F,0.0671769,0.000525622,0.000525622,0.0677025
F,0.131261,0.000525622,0.000525622,0.131787
F,-0.0774832,0.000525622,0.000525622,-0.0769576
F,0.227033,0.000525622,0.000525622,0.227558
F,-0.0707241,0.000525622,0.000525622,-0.0701985
F,0.27406,0.000525622,0.000525622,0.274585
F,-0.550858,0.000525622,0.000525622,-0.550332
F,0.0998949,0.000525622,0.000525622,0.100421
F,0.104747,0.000525622,0.000525622,0.105272
F,0.0355939,0.000525622,0.000525622,0.0361195
F,0.0130037,0.000525622,0.000525622,0.0135293
F,0.114811,0.000525622,0.000525622,0.115336
F,0.0307097,0.000525622,0.000525622,0.0312353
F,0.0436042,0.000525622,0.000525622,0.0441298
F,0.0734054,0.000525622,0.000525622,0.073931
F,0.193679,0.000525622,0.000525622,0.194205
F,0.128281,0.000525622,0.000525622,0.128807
F,0.290441,0.000525622,0.000525622,0.290967
F,0.256704,0.000525622,0.000525622,0.257229
F,-0.127237,0.000525622,0.000525622,-0.126712
F,-0.0961304,0.000525622,0.000525622,-0.0956048
F,0.110284,0.000525622,0.000525622,0.11081
F,0.196401,0.000525622,0.000525622,0.196927
F,0.529305,0.000525622,0.000525622,0.52983
F,0.0194125,0.000525622,0.000525622,0.0199381
F,0.168022,0.000525622,0.000525622,0.168548
F,0.246328,0.000525622,0.000525622,0.246853
F,-0.257299,-0.0552031,-0.0552031,-0.312502
F,-0.236024,0.000525622,0.000525622,-0.235498
F,0.0216659,0.000525622,0.000525622,0.0221916
F,0.445771,0.000525622,0.000525622,0.446296
F,0.30919,0.000525622,0.000525622,0.309716
F,-0.268748,0.000525622,0.000525622,-0.268223
F,0.150777,0.000525622,0.000525622,0.151302
F,0.0685934,0.000525622,0.000525622,0.069119
F,-0.287931,0.000525622,0.000525622,-0.287405
F,0.251173,0.000525622,0.000525622,0.251698
F,0.128912,0.000525622,0.000525622,0.129438
F,0.186502,0.000525622,0.000525622,0.187027
F,0.218777,0.000525622,0.000525622,0.219302
F,-0.105716,-0.0552031,-0.0552031,-0.160919
F,-0.0509781,0.000525622,0.000525622,-0.0504525
F,0.280072,0.000525622,0.000525622,0.280597
F,-0.253534,0.000525622,0.000525622,-0.253008
F,0.380912,0.000525622,0.000525622,0.381438
F,-0.256987,0.000525622,0.000525622,-0.256461
F,-0.103115,0.000525622,0.000525622,-0.102589
F,0.0276986,0.000525622,0.000525622,0.0282242
F,0.207002,0.000525622,0.000525622,0.207528
F,0.228318,0.000525622,0.000525622,0.228844
F,0.119873,0.000525622,0.000525622,0.120399
F,0.0744058,0.000525622,0.000525622,0.0749314
F,-0.300898,0.000525622,0.000525622,-0.300373
F,-0.39119,0.000525622,0.000525622,-0.390665
F,0.432547,0.000525622,0.000525622,0.433073
F,0.0872649,-0.0552031,-0.0552031,0.0320617
F,0.0494186,0.000525622,0.000525622,0.0499442
F,0.408014,0.000525622,0.000525622,0.40854
F,0.131912,0.000525622,0.000525622,0.132438
F,0.0151991,0.000525622,0.000525622,0.0157247
F,0.173484,0.000525622,0.000525622,0.174009
F,0.195666,0.000525622,0.000525622,0.196191
F,-0.0352171,0.000525622,0.000525622,-0.0346914
F,-0.22953,0.000525622,0.000525622,-0.229004
F,0.140949,0.000525622,0.000525622,0.141474
F,0.175481,0.000525622,0.000525622,0.176006
F,0.300047,0.000525622,0.000525622,0.300573
F,-0.127564,0.000525622,0.000525622,-0.127038
F,-0.138494,0.000525622,0.000525622,-0.137969
F,-0.15333,-0.0552031,-0.0552031,-0.208533
F,-0.330726,0.000525622,0.000525622,-0.3302
F,-0.179719,0.000525622,0.000525622,-0.179194
F,0.0118198,0.000525622,0.000525622,0.0123454
F,-0.150174,0.000525622,0.000525622,-0.149649
F,0.458018,0.000525622,0.000525622,0.458543
F,0.0605377,0.000525622,0.000525622,0.0610633
F,0.192031,0.000525622,0.000525622,0.192557
F,0.0203802,0.000525622,0.000525622,0.0209058
F,-0.182236,0.000525622,0.000525622,-0.18171
F,0.241006,0.000525622,0.000525622,0.241532
F,-0.196699,0.000525622,0.000525622,-0.196173
F,0.0668053,-0.0552031,-0.0552031,0.0116022
F,0.307638,0.000525622,0.000525622,0.308164
F,0.107129,0.000525622,0.000525622,0.107654
F,0.344763,0.000525622,0.000525622,0.345288
F,0.221783,0.000525622,0.000525622,0.222309
F,-0.203336,0.000525622,0.000525622,-0.202811
F,0.225279,0.000525622,0.000525622,0.225804
F,0.0720521,0.000525622,0.000525622,0.0725777
F,-0.199334,0.000525622,0.000525622,-0.198809
F,0.314004,0.000525622,0.000525622,0.314529
F,0.153601,0.000525622,0.000525622,0.154127
F,-0.266918,0.000525622,0.000525622,-0.266392
F,0.282015,0.000525622,0.000525622,0.28254
F,-0.126521,0.000525622,0.000525622,-0.125995
F,0.0606998,0.000525622,0.000525622,0.0612255
F,-0.0547704,0.000525622,0.000525622,-0.0542448
F,-0.000538015,0.000525622,0.000525622,-1.23925e-05
F,-0.0708788,0.000525622,0.000525622,-0.0703531
F,-0.280666,0.000525622,0.000525622,-0.28014
F,-0.0493004,0.000525622,0.000525622,-0.0487747
F,-0.0409055,0.000525622,0.000525622,-0.0403799
F,0.327491,0.000525622,0.000525622,0.328017
F,0.0390392,0.000525622,0.000525622,0.0395648
F,0.190216,0.000525622,0.000525622,0.190742
F,-0.559524,0.000525622,0.000525622,-0.558998
F,0.160637,0.000525622,0.000525622,0.161163
F,0.0575915,0.000525622,0.000525622,0.0581172
F,0.0391684,0.0132514,0.0132514,0.0524198
F,0.149341,0.000525622,0.000525622,0.149866
F,0.0161957,0.000525622,0.000525622,0.0167213
F,-0.0549277,0.000525622,0.000525622,-0.0544021
F,-0.182762,0.000525622,0.000525622,-0.182236
F,0.363516,-0.0552031,-0.0552031,0.308313
F,-0.306789,0.000525622,0.000525622,-0.306263
F,-0.201595,0.000525622,0.000525622,-0.20107
F,0.324448,0.000525622,0.000525622,0.324974
F,0.0303026,0.000525622,0.000525622,0.0308282
F,0.226024,0.000525622,0.000525622,0.226549
F,-0.162825,0.000525622,0.000525622,-0.1623
F,-0.74849,0.000525622,0.000525622,-0.747964
F,0.0523631,0.000525622,0.000525622,0.0528887
F,0.116313,0.000525622,0.000525622,0.116838
F,-0.17276,0.000525622,0.000525622,-0.172235
F,-0.0756727,0.000525622,0.000525622,-0.075147
F,-0.178543,0.000525622,0.000525622,-0.178017
F,0.179659,0.000525622,0.000525622,0.180185
F,0.427977,0.000525622,0.000525622,0.428503
F,-0.353622,0.000525622,0.000525622,-0.353096
F,-0.386977,0.000525622,0.000525622,-0.386451
F,0.156563,0.000525622,0.000525622,0.157089
F,-0.274822,0.000525622,0.000525622,-0.274296
F,0.351719,0.000525622,0.000525622,0.352245
F,-0.0208377,0.000525622,0.000525622,-0.0203121
F,-0.0264046,0.000525622,0.000525622,-0.025879
F,-0.0647794,0.000525622,0.000525622,-0.0642538
F,-0.434681,0.000525622,0.000525622,-0.434155
F,-0.0437358,0.000525622,0.000525622,-0.0432101
F,0.0182118,0.000525622,0.000525622,0.0187375
F,0.0944726,0.000525622,0.000525622,0.0949982
F,-0.311062,0.000525622,0.000525622,-0.310536
F,-0.249053,0.000525622,0.000525622,-0.248527
F,0.638296,0.000525622,0.000525622,0.638822
F,-0.036474,0.000525622,0.000525622,-0.0359484
F,0.225922,0.000525622,0.000525622,0.226447
F,0.141816,0.000525622,0.000525622,0.142342
F,-0.417944,0.000525622,0.000525622,-0.417418
F,-0.376534,0.000525622,0.000525622,-0.376008
F,0.0884078,0.000525622,0.000525622,0.0889334
F,0.473252,0.000525622,0.000525622,0.473778
F,0.0807397,0.000525622,0.000525622,0.0812653
F,-0.0957356,0.000525622,0.000525622,-0.09521
F,0.14266,0.0132514,0.0132514,0.155912
F,0.0587247,0.000525622,0.000525622,0.0592504
F,-0.00833535,0.000525622,0.000525622,-0.00780973
F,0.0897662,0.000525622,0.000525622,0.0902918
F,-0.174149,-0.0552031,-0.0552031,-0.229352
F,0.202984,0.000525622,0.000525622,0.20351
F,-0.22997,0.000525622,0.000525622,-0.229444
F,-0.165773,0.000525622,0.000525622,-0.165247
F,0.157167,0.000525622,0.000525622,0.157693
F,0.228593,0.000525622,0.000525622,0.229119
F,0.182205,0.000525622,0.000525622,0.182731
F,-0.189419,0.000525622,0.000525622,-0.188893
F,-0.0326387,0.000525622,0.000525622,-0.032113
F,0.248324,0.000525622,0.000525622,0.248849
F,0.0742943,0.000525622,0.000525622,0.07482
F,0.172834,0.000525622,0.000525622,0.17336
F,-0.0110237,0.000525622,0.000525622,-0.0104981
F,-0.244209,0.000525622,0.000525622,-0.243684
F,0.188317,0.000525622,0.000525622,0.188843
F,0.270091,0.000525622,0.000525622,0.270617
F,-0.137315,0.000525622,0.000525622,-0.136789
F,0.370355,0.000525622,0.000525622,0.37088
F,-0.1547,0.000525622,0.000525622,-0.154174
F,-0.219478,0.000525622,0.000525622,-0.218952
F,-0.389332,0.000525622,0.000525622,-0.388807
F,-0.0335066,0.000525622,0.000525622,-0.032981
F,0.101452,0.000525622,0.000525622,0.101977
F,-0.000102602,0.000525622,0.000525622,0.00042302
F,0.186315,0.000525622,0.000525622,0.18684
F,0.041929,0.000525622,0.000525622,0.0424546
F,-0.303093,0.000525622,0.000525622,-0.302567
F,-0.0983283,0.000525622,0.000525622,-0.0978027
F,0.124766,-0.0552031,-0.0552031,0.0695632
F,-0.1951,-0.0552031,-0.0552031,-0.250303
F,-0.184803,0.000525622,0.000525622,-0.184277
F,0.0961862,0.000525622,0.000525622,0.0967118
F,-0.0266921,0.000525622,0.000525622,-0.0261665
F,0.513746,-0.0552031,-0.0552031,0.458543
F,0.0849948,0.000525622,0.000525622,0.0855204
F,0.207612,0.000525622,0.000525622,0.208137
F,-0.0758822,0.000525622,0.000525622,-0.0753566
F,0.210827,0.000525622,0.000525622,0.211352
F,-0.113295,0.000525622,0.000525622,-0.112769
F,0.0962225,0.000525622,0.000525622,0.0967481
F,0.353924,0.000525622,0.000525622,0.35445
F,0.289818,0.000525622,0.000525622,0.290344
F,0.26014,-0.0552031,-0.0552031,0.204937
F,-0.0482784,0.000525622,0.000525622,-0.0477528
F,-0.351205,0.000525622,0.000525622,-0.350679
F,-0.0527861,0.000525622,0.000525622,-0.0522604
F,0.423902,0.000525622,0.000525622,0.424428
F,0.282381,0.000525622,0.000525622,0.282906
F,-0.0917061,0.000525622,0.000525622,-0.0911804
F,-0.165226,0.000525622,0.000525622,-0.1647
F,0.0599067,0.000525622,0.000525622,0.0604324
F,0.0925867,0.000525622,0.000525622,0.0931123
F,0.296233,0.000525622,0.000525622,0.296759
F,0.444424,0.0104251,0.0104251,0.454849
F,0.223494,0.000525622,0.000525622,0.224019
F,0.0476151,0.000525622,0.000525622,0.0481407
F,0.150197,0.000525622,0.000525622,0.150722
F,-0.00184841,0.000525622,0.000525622,-0.00132279
F,0.199055,0.000525622,0.000525622,0.19958
F,-0.283937,0.000525622,0.000525622,-0.283412
F,0.00959557,0.000525622,0.000525622,0.0101212
F,0.0613767,0.0104251,0.0104251,0.0718018
F,-0.0807975,0.000525622,0.000525622,-0.0802719
F,-0.168465,0.000525622,0.000525622,-0.167939
F,0.399651,0.000525622,0.000525622,0.400177
F,-0.13074,0.000525622,0.000525622,-0.130215
F,-0.246268,0.000525622,0.000525622,-0.245742
F,-0.192075,0.000525622,0.000525622,-0.191549
F,0.190876,0.000525622,0.000525622,0.191402
F,0.0958772,0.0359397,0.0359397,0.131817
F,-0.105949,0.000525622,0.000525622,-0.105423
F,0.0762595,0.000525622,0.000525622,0.0767851
F,-0.0248636,0.000525622,0.000525622,-0.024338
F,-0.101291,0.000525622,0.000525622,-0.100765
F,-0.183101,0.000525622,0.000525622,-0.182576
F,-0.289485,0.000525622,0.000525622,-0.288959
F,-0.0330532,0.000525622,0.000525622,-0.0325276
F,-0.167423,-0.0552031,-0.0552031,-0.222626
F,0.167791,0.000525622,0.000525622,0.168317
F,-0.436899,0.000525622,0.000525622,-0.436373
F,-0.0109022,0.000525622,0.000525622,-0.0103765
F,0.111487,0.000525622,0.000525622,0.112013
F,-0.271727,0.000525622,0.000525622,-0.271202
F,0.10053,0.000525622,0.000525622,0.101055
F,0.732329,0.000525622,0.000525622,0.732854
F,0.114478,0.000525622,0.000525622,0.115004
F,-0.185981,0.000525622,0.000525622,-0.185456
F,0.248604,0.000525622,0.000525622,0.24913
F,-0.141055,0.000525622,0.000525622,-0.14053
F,-0.132042,0.000525622,0.000525622,-0.131517
F,-0.0816101,0.000525622,0.000525622,-0.0810845
F,0.00768915,0.000525622,0.000525622,0.00821477
F,-0.0684598,0.000525622,0.000525622,-0.0679342
F,-0.412018,0.0132514,0.0132514,-0.398766
F,-0.239512,0.000525622,0.000525622,-0.238986
F,-0.14111,0.000525622,0.000525622,-0.140585
F,-0.00235314,0.000525622,0.000525622,-0.00182752
F,-0.385852,0.000525622,0.000525622,-0.385327
F,0.167998,0.000525622,0.000525622,0.168524
F,-0.397071,0.000525622,0.000525622,-0.396546
F,0.228044,0.000525622,0.000525622,0.22857
F,0.633401,0.000525622,0.000525622,0.633926
F,0.350503,0.000525622,0.000525622,0.351029
F,0.102515,0.000525622,0.000525622,0.103041
F,-0.192889,0.0104251,0.0104251,-0.182464
F,0.0487408,0.000525622,0.000525622,0.0492664
F,0.0862668,0.000525622,0.000525622,0.0867924
F,0.0188891,0.000525622,0.000525622,0.0194147
F,0.137831,0.000525622,0.000525622,0.138357
F,0.165384,0.000525622,0.000525622,0.165909
F,-0.0103538,0.000525622,0.000525622,-0.00982814
F,-0.187972,0.000525622,0.000525622,-0.187446
F,-0.172169,0.000525622,0.000525622,-0.171644
F,-0.104861,0.000525622,0.000525622,-0.104335
F,-0.152471,0.0359397,0.0359397,-0.116531
F,0.0498579,0.000525622,0.000525622,0.0503835
F,0.0330007,0.000525622,0.000525622,0.0335263
F,-0.259056,0.000525622,0.000525622,-0.25853
F,0.220634,0.000525622,0.000525622,0.221159
F,-0.198819,0.000525622,0.000525622,-0.198294
F,0.00561174,0.000525622,0.000525622,0.00613737
F,-0.0467872,0.000525622,0.000525622,-0.0462616
F,-0.216105,0.000525622,0.000525622,-0.21558
F,0.48587,0.000525622,0.000525622,0.486396
F,0.0658876,-0.0552031,-0.0552031,0.0106844
F,-0.0928583,0.0359397,0.0359397,-0.0569186
F,-0.269694,0.000525622,0.000525622,-0.269168
F,-0.247574,-0.0552031,-0.0552031,-0.302777
F,-0.352878,0.000525622,0.000525622,-0.352352
F,-0.225344,0.000525622,0.000525622,-0.224818
F,0.22169,0.000525622,0.000525622,0.222215
F,0.0795719,0.000525622,0.000525622,0.0800975
F,-0.138228,0.000525622,0.000525622,-0.137703
F,-0.0976198,0.000525622,0.000525622,-0.0970942
F,0.00608251,0.000525622,0.000525622,0.00660813
F,-0.22293,0.000525622,0.000525622,-0.222404
F,0.218747,0.000525622,0.000525622,0.219272
F,0.154329,-0.0552031,-0.0552031,0.0991259
F,0.0244556,0.000525622,0.000525622,0.0249812
F,0.0222068,0.000525622,0.000525622,0.0227324
F,-0.0428892,0.000525622,0.000525622,-0.0423635
F,0.193642,0.0359397,0.0359397,0.229582
F,0.150409,0.000525622,0.000525622,0.150935
F,-0.158674,-0.0552031,-0.0552031,-0.213877
F,-0.238687,0.000525622,0.000525622,-0.238162
F,-0.145043,0.000525622,0.000525622,-0.144517
F,0.025054,0.000525622,0.000525622,0.0255796
F,0.173959,0.000525622,0.000525622,0.174485
F,0.26757,0.000525622,0.000525622,0.268095
F,0.017489,0.000525622,0.000525622,0.0180147
F,0.294676,0.000525622,0.000525622,0.295201
F,0.0687618,0.000525622,0.000525622,0.0692875
F,0.0669425,0.000525622,0.000525622,0.0674682
F,0.0465346,0.000525622,0.000525622,0.0470602
F,0.0422733,0.000525622,0.000525622,0.0427989
F,0.00466713,0.000525622,0.000525622,0.00519276
F,-0.111625,0.000525622,0.000525622,-0.111099
F,-0.098151,0.000525622,0.000525622,-0.0976254
F,-0.243817,0.000525622,0.000525622,-0.243292
F,-0.250046,-0.0552031,-0.0552031,-0.305249
F,-0.109291,0.000525622,0.000525622,-0.108765
F,-0.115747,0.000525622,0.000525622,-0.115222
F,0.208251,0.000525622,0.000525622,0.208776
F,-0.140877,0.000525622,0.000525622,-0.140352
F,-0.0409888,0.000525622,0.000525622,-0.0404632
F,0.0639357,-0.0552031,-0.0552031,0.00873257
F,0.248656,0.000525622,0.000525622,0.249182
F,0.167747,0.000525622,0.000525622,0.168272
F,-0.0491015,0.000525622,0.000525622,-0.0485759
F,0.236476,0.000525622,0.000525622,0.237002
F,0.209418,0.000525622,0.000525622,0.209944
F,-0.218898,0.000525622,0.000525622,-0.218373
F,-0.0805828,0.000525622,0.000525622,-0.0800572
F,0.0320439,0.000525622,0.000525622,0.0325695
F,0.0143655,0.000525622,0.000525622,0.0148911
F,-0.0251795,0.000525622,0.000525622,-0.0246539
F,-0.0707166,0.000525622,0.000525622,-0.070191
F,-0.036471,0.000525622,0.000525622,-0.0359453
F,-0.109448,0.000525622,0.000525622,-0.108923
F,-0.0285737,0.000525622,0.000525622,-0.0280481
F,-0.345181,0.000525622,0.000525622,-0.344655
F,-0.208455,0.000525622,0.000525622,-0.207929
F,-0.444386,0.000525622,0.000525622,-0.44386
F,-0.315725,0.000525622,0.000525622,-0.3152
F,-0.238791,0.000525622,0.000525622,-0.238265
F,-0.0014391,0.000525622,0.000525622,-0.000913476
F,-0.0364224,0.000525622,0.000525622,-0.0358967
F,-0.0879306,-0.0552031,-0.0552031,-0.143134
F,-0.156219,0.000525622,0.000525622,-0.155694
F,0.344747,0.000525622,0.000525622,0.345273
F,-0.00583804,0.000525622,0.000525622,-0.00531241
F,-0.181898,0.000525622,0.000525622,-0.181372
F,0.0917811,0.000525622,0.000525622,0.0923067
F,-0.252969,0.000525622,0.000525622,-0.252443
F,0.27893,0.000525622,0.000525622,0.279456
F,-0.365388,0.000525622,0.000525622,-0.364862
F,0.0406906,0.000525622,0.000525622,0.0412162
F,0.0157542,0.000525622,0.000525622,0.0162798
F,-0.0739109,0.000525622,0.000525622,-0.0733853
F,-0.110802,0.000525622,0.000525622,-0.110277
F,-0.249618,0.000525622,0.000525622,-0.249093
F,0.0451178,0.000525622,0.000525622,0.0456434
F,0.0296518,0.000525622,0.000525622,0.0301774
F,-0.205727,0.0359397,0.0359397,-0.169787
F,0.0293806,0.000525622,0.000525622,0.0299062
F,0.415046,0.000525622,0.000525622,0.415571
F,-0.0491412,0.000525622,0.000525622,-0.0486156
F,-0.0223496,0.000525622,0.000525622,-0.021824
F,0.00201191,0.000525622,0.000525622,0.00253753
F,0.0508397,0.000525622,0.000525622,0.0513653
F,-0.145115,0.000525622,0.000525622,-0.144589
F,0.117724,0.000525622,0.000525622,0.11825
F,-0.0552579,0.000525622,0.000525622,-0.0547323
F,0.132252,0.000525622,0.000525622,0.132777
F,0.243186,0.000525622,0.000525622,0.243712
F,-0.0726328,0.000525622,0.000525622,-0.0721072
F,0.0702978,0.000525622,0.000525622,0.0708234
F,-0.0370345,0.000525622,0.000525622,-0.0365089
F,-0.30228,0.000525622,0.000525622,-0.301754
F,0.0112316,0.000525622,0.000525622,0.0117572
F,0.147658,0.000525622,0.000525622,0.148183
F,0.229232,0.000525622,0.000525622,0.229758
F,0.168615,0.000525622,0.000525622,0.169141
F,0.0882373,0.000525622,0.000525622,0.0887629
F,-0.0902182,-0.0552031,-0.0552031,-0.145421
F,-0.118661,0.000525622,0.000525622,-0.118135
F,0.0721487,-0.0552031,-0.0552031,0.0169456
F,0.253029,0.000525622,0.000525622,0.253555
F,-0.185686,0.000525622,0.000525622,-0.185161
F,0.252226,0.000525622,0.000525622,0.252752
F,0.260412,0.000525622,0.000525622,0.260938
F,0.121908,0.000525622,0.000525622,0.122434
F,-0.268961,0.000525622,0.000525622,-0.268436
F,-0.0214156,0.000525622,0.000525622,-0.02089
F,0.191786,0.000525622,0.000525622,0.192311
F,-0.187454,0.000525622,0.000525622,-0.186929
F,0.0966245,0.000525622,0.000525622,0.0971501
F,0.155274,0.000525622,0.000525622,0.155799
F,-0.400489,0.000525622,0.000525622,-0.399963
F,-0.0179606,0.000525622,0.000525622,-0.017435
F,0.290141,0.000525622,0.000525622,0.290667
F,-0.0111095,0.000525622,0.000525622,-0.0105838
F,-0.238028,0.000525622,0.000525622,-0.237503
F,-0.23529,0.000525622,0.000525622,-0.234764
F,-0.224083,0.000525622,0.000525622,-0.223558
F,0.0667675,0.000525622,0.000525622,0.0672931
F,0.312305,0.000525622,0.000525622,0.312831
F,-0.0929593,0.000525622,0.000525622,-0.0924337
F,0.0484393,0.000525622,0.000525622,0.0489649
F,-0.173659,0.000525622,0.000525622,-0.173134
F,0.384889,0.000525622,0.000525622,0.385414
F,-0.265238,0.000525622,0.000525622,-0.264712
F,0.202891,0.000525622,0.000525622,0.203416
F,0.169226,0.000525622,0.000525622,0.169751
F,0.273347,0.000525622,0.000525622,0.273873
F,0.0989149,0.000525622,0.000525622,0.0994406
F,0.0658564,0.000525622,0.000525622,0.066382
F,-0.275754,0.000525622,0.000525622,-0.275228
F,-0.0301723,0.000525622,0.000525622,-0.0296467
F,-0.189583,0.000525622,0.000525622,-0.189057
F,0.173307,0.000525622,0.000525622,0.173833
F,-0.0288124,0.000525622,0.000525622,-0.0282868
F,-0.00601135,0.000525622,0.000525622,-0.00548572
F,0.326923,0.000525622,0.000525622,0.327449
F,-0.154179,-0.0552031,-0.0552031,-0.209382
F,-0.238114,0.000525622,0.000525622,-0.237588
F,0.0781827,0.000525622,0.000525622,0.0787083
F,0.140593,0.000525622,0.000525622,0.141118
F,-0.0713351,0.000525622,0.000525622,-0.0708095
F,-0.0931811,-0.00731548,-0.00731548,-0.100497
F,-0.0912671,0.000525622,0.000525622,-0.0907415
F,0.235549,0.000525622,0.000525622,0.236074
F,-0.121299,0.000525622,0.000525622,-0.120774
F,-0.114141,-0.0552031,-0.0552031,-0.169344
F,0.220051,0.000525622,0.000525622,0.220577
F,-0.219505,0.000613133,0.000613133,-0.218892
F,0.0443174,0.000525622,0.000525622,0.044843
F,-0.0302418,0.000525622,0.000525622,-0.0297162
F,0.235684,0.000525622,0.000525622,0.236209
F,-0.181289,0.000525622,0.000525622,-0.180764
F,-0.0796831,0.000525622,0.000525622,-0.0791575
F,-0.440356,0.000525622,0.000525622,-0.439831
F,0.353734,0.000525622,0.000525622,0.35426
F,-0.210451,0.000525622,0.000525622,-0.209926
F,-0.0240138,0.000525622,0.000525622,-0.0234882
F,0.103338,-0.0552031,-0.0552031,0.0481345
F,0.273763,0.000525622,0.000525622,0.274288
F,-0.192826,0.000525622,0.000525622,-0.1923
F,-0.134343,0.000525622,0.000525622,-0.133817
F,-0.247582,0.000525622,0.000525622,-0.247057
F,0.0853886,0.000525622,0.000525622,0.0859142
F,-0.380006,0.000525622,0.000525622,-0.37948
F,0.235649,0.000525622,0.000525622,0.236174
F,0.057303,0.000525622,0.000525622,0.0578286
F,0.0713866,0.000525622,0.000525622,0.0719122
F,0.0386461,0.000525622,0.000525622,0.0391717
F,0.193906,0.000525622,0.000525622,0.194432
F,-0.0377486,0.000525622,0.000525622,-0.037223
F,0.170835,0.000525622,0.000525622,0.17136
F,-0.069404,0.000525622,0.000525622,-0.0688784
F,-0.0141216,0.000525622,0.000525622,-0.013596
F,-0.331147,0.000525622,0.000525622,-0.330621
F,0.334169,0.000525622,0.000525622,0.334695
F,0.226749,0.000525622,0.000525622,0.227274
F,-0.244937,0.000525622,0.000525622,-0.244412
F,0.158262,0.000525622,0.000525622,0.158788
F,-0.284177,0.000525622,0.000525622,-0.283652
F,-0.0610435,0.000525622,0.000525622,-0.0605179
F,0.388857,0.000525622,0.000525622,0.389383
F,0.342556,0.000525622,0.000525622,0.343081
F,-0.0539737,-0.0552031,-0.0552031,-0.109177
F,0.212152,-0.0552031,-0.0552031,0.156949
F,-0.168942,0.000525622,0.000525622,-0.168416
F,-0.0943804,0.000525622,0.000525622,-0.0938548
F,-0.381928,0.000525622,0.000525622,-0.381402
F,-0.0756534,0.000525622,0.000525622,-0.0751278
F,-0.00404153,-0.0552031,-0.0552031,-0.0592447
F,0.0640168,0.000525622,0.000525622,0.0645424
F,0.0513558,0.000525622,0.000525622,0.0518814
F,0.0817899,0.000525622,0.000525622,0.0823155
F,0.257067,-0.0552031,-0.0552031,0.201864
F,-0.053264,0.000525622,0.000525622,-0.0527384
F,-0.0704367,0.000525622,0.000525622,-0.0699111
F,0.057738,0.000525622,0.000525622,0.0582636
F,0.00642798,0.000525622,0.000525622,0.00695361
F,-0.402611,0.000525622,0.000525622,-0.402086
F,0.175631,0.000525622,0.000525622,0.176157
F,0.298833,0.000525622,0.000525622,0.299358
F,-0.198199,0.000525622,0.000525622,-0.197673
F,-0.103623,0.000525622,0.000525622,-0.103097
F,-0.137372,0.000525622,0.000525622,-0.136846
F,0.146266,0.000525622,0.000525622,0.146792
F,-0.0419929,0.000525622,0.000525622,-0.0414673
F,-0.0597471,0.000525622,0.000525622,-0.0592214
F,0.0195326,0.000525622,0.000525622,0.0200582
F,0.0349106,-0.0552031,-0.0552031,-0.0202925
F,0.310335,-0.0552031,-0.0552031,0.255131
F,0.0520321,0.000525622,0.000525622,0.0525577
F,-0.181751,0.000525622,0.000525622,-0.181225
F,0.103875,0.000525622,0.000525622,0.104401
F,-0.0409911,0.000525622,0.000525622,-0.0404655
F,-0.028545,0.000525622,0.000525622,-0.0280193
F,0.236615,0.000525622,0.000525622,0.237141
F,0.243141,0.000525622,0.000525622,0.243667
F,0.0316624,0.000525622,0.000525622,0.032188
F,0.0818095,0.000525622,0.000525622,0.0823351
F,0.0138096,0.000525622,0.000525622,0.0143353
F,0.0561519,0.000525622,0.000525622,0.0566776
F,-0.0458692,0.000525622,0.000525622,-0.0453436
F,-0.032703,0.000525622,0.000525622,-0.0321773
F,-0.289096,0.000525622,0.000525622,-0.288571
F,-0.0103368,0.000525622,0.000525622,-0.00981121
F,-0.141436,0.000525622,0.000525622,-0.140911
F,0.087536,0.000525622,0.000525622,0.0880616
F,-0.128681,0.000525622,0.000525622,-0.128155
F,-0.0882192,0.000525622,0.000525622,-0.0876936
F,0.0717171,0.000525622,0.000525622,0.0722427
F,-0.207432,0.000525622,0.000525622,-0.206907
F,-0.249803,0.0104251,0.0104251,-0.239378
F,-0.136609,0.000525622,0.000525622,-0.136084
F,-0.0536034,0.000525622,0.000525622,-0.0530778
F,0.0571918,0.000525622,0.000525622,0.0577174
F,-0.0566155,0.000525622,0.000525622,-0.0560898
F,0.0938527,0.000525622,0.000525622,0.0943783
F,0.17523,0.000525622,0.000525622,0.175756
F,0.199041,0.000525622,0.000525622,0.199567
F,-0.160999,0.000525622,0.000525622,-0.160474
F,-0.0282275,0.000525622,0.000525622,-0.0277019
F,0.11606,0.000525622,0.000525622,0.116586
F,0.197782,0.000525622,0.000525622,0.198307
F,-0.0834468,-0.0552031,-0.0552031,-0.13865
F,0.115401,0.000525622,0.000525622,0.115926
F,0.026197,0.000525622,0.000525622,0.0267227
F,-0.095797,0.000525622,0.000525622,-0.0952714
F,-0.246354,0.000525622,0.000525622,-0.245828
F,0.0449031,-0.0552031,-0.0552031,-0.0103001
F,-0.211325,0.000525622,0.000525622,-0.210799
F,0.165729,0.000525622,0.000525622,0.166255
F,0.0498193,0.000525622,0.000525622,0.0503449
F,0.104191,0.000525622,0.000525622,0.104717
F,0.0079698,0.000525622,0.000525622,0.00849542
F,0.0492085,0.000525622,0.000525622,0.0497341
F,-0.126272,0.0359397,0.0359397,-0.0903318
F,0.118804,0.000525622,0.000525622,0.11933
F,0.408295,0.000525622,0.000525622,0.408821
F,0.127292,0.000525622,0.000525622,0.127818
F,0.0711,0.000525622,0.000525622,0.0716256
F,-0.0429897,0.000525622,0.000525622,-0.0424641
F,0.215697,0.000525622,0.000525622,0.216222
F,-0.00232903,0.000525622,0.000525622,-0.00180341
F,0.164447,0.000525622,0.000525622,0.164972
F,0.133391,0.000525622,0.000525622,0.133917
F,-0.166355,0.000525622,0.000525622,-0.16583
F,0.291359,0.000525622,0.000525622,0.291885
F,0.105842,0.000525622,0.000525622,0.106367
F,0.313534,0.000525622,0.000525622,0.314059
F,-0.0816565,0.000525622,0.000525622,-0.0811309
F,-0.197224,0.000525622,0.000525622,-0.196699
F,0.161545,0.000525622,0.000525622,0.162071
F,-0.0387598,0.000525622,0.000525622,-0.0382342
F,-0.0210037,0.000525622,0.000525622,-0.020478
F,0.101236,0.000525622,0.000525622,0.101762
F,0.363464,0.000525622,0.000525622,0.36399
F,0.122531,-0.0552031,-0.0552031,0.0673278
F,-0.125614,0.000525622,0.000525622,-0.125088
F,-0.165029,0.000525622,0.000525622,-0.164503
F,0.0972384,0.000525622,0.000525622,0.0977641
F,-0.185616,0.000525622,0.000525622,-0.18509
F,-0.0784977,0.000525622,0.000525622,-0.0779721
F,-0.193113,0.000525622,0.000525622,-0.192587
F,-0.231328,0.000525622,0.000525622,-0.230802
F,0.0583854,0.000525622,0.000525622,0.058911
F,-0.313189,0.000525622,0.000525622,-0.312663
F,-0.103374,0.000525622,0.000525622,-0.102848
F,-0.0610459,0.000525622,0.000525622,-0.0605203
F,0.0806255,0.000525622,0.000525622,0.0811511
F,0.343807,0.000525622,0.000525622,0.344333
F,0.0222745,0.000525622,0.000525622,0.0228001
F,0.392814,0.000525622,0.000525622,0.393339
F,0.201391,0.000525622,0.000525622,0.201917
F,0.271461,0.000525622,0.000525622,0.271987
F,0.218113,0.000525622,0.000525622,0.218639
F,0.0865601,-0.0552031,-0.0552031,0.031357
F,0.171245,0.000525622,0.000525622,0.171771
F,0.0739622,0.000525622,0.000525622,0.0744879
F,0.167948,0.000525622,0.000525622,0.168474
F,-0.0195623,0.000525622,0.000525622,-0.0190367
F,0.175578,0.000525622,0.000525622,0.176104
F,0.334919,0.000525622,0.000525622,0.335445
F,0.0834934,0.000525622,0.000525622,0.084019
F,-0.195252,0.000525622,0.000525622,-0.194726
F,0.0808766,-0.0552031,-0.0552031,0.0256735
F,0.232224,0.000525622,0.000525622,0.23275
F,-0.282912,0.000525622,0.000525622,-0.282386
F,-0.134347,0.000525622,0.000525622,-0.133822
F,-0.00309139,0.0359397,0.0359397,0.0328483
F,0.0319923,0.000525622,0.000525622,0.0325179
F,0.12077,0.000525622,0.000525622,0.121296
F,-0.0642851,-0.0552031,-0.0552031,-0.119488
F,0.0413317,0.000525622,0.000525622,0.0418573
F,0.125733,0.000525622,0.000525622,0.126259
F,0.0992861,-0.0552031,-0.0552031,0.044083
F,0.171885,-0.0552031,-0.0552031,0.116681
F,0.277073,0.000525622,0.000525622,0.277598
F,0.190559,0.000525622,0.000525622,0.191084
F,0.192434,0.000525622,0.000525622,0.192959
F,-0.394527,0.000525622,0.000525622,-0.394001
F,-0.464174,0.000525622,0.000525622,-0.463648
F,-0.294002,0.000525622,0.000525622,-0.293476
F,0.219106,0.000525622,0.000525622,0.219632
F,-0.143011,0.0359397,0.0359397,-0.107072
F,0.101827,0.000525622,0.000525622,0.102353
F,0.061502,0.000525622,0.000525622,0.0620276
F,-0.0476167,0.000525622,0.000525622,-0.0470911
F,-0.132533,0.000525622,0.000525622,-0.132008
F,-0.0175242,0.000525622,0.000525622,-0.0169986
F,0.208076,0.000525622,0.000525622,0.208602
F,-0.0673679,0.000525622,0.000525622,-0.0668423
F,-0.0415803,0.000525622,0.000525622,-0.0410546
F,-0.147386,-0.0552031,-0.0552031,-0.202589
F,-0.27892,0.000525622,0.000525622,-0.278395
F,-0.0819434,0.000525622,0.000525622,-0.0814178
F,0.135627,0.000525622,0.000525622,0.136152
F,0.207481,0.000525622,0.000525622,0.208007
F,-0.00487823,0.000525622,0.000525622,-0.00435261
F,-0.0996971,0.000525622,0.000525622,-0.0991715
F,0.264956,0.000525622,0.000525622,0.265482
F,0.359449,0.000525622,0.000525622,0.359974
F,-0.264159,0.000613133,0.000613133,-0.263546
F,0.227975,0.000525622,0.000525622,0.228501
F,-0.0144682,0.000525622,0.000525622,-0.0139426
F,-0.333984,0.000525622,0.000525622,-0.333458
F,0.186902,0.000525622,0.000525622,0.187427
F,-0.261311,0.000525622,0.000525622,-0.260785
F,-0.175178,0.000525622,0.000525622,-0.174653
F,-0.0474599,0.000525622,0.000525622,-0.0469343
F,0.0667024,0.000525622,0.000525622,0.0672281
F,-0.269739,0.000525622,0.000525622,-0.269213
F,-0.042756,0.000525622,0.000525622,-0.0422304
F,0.0362516,0.000525622,0.000525622,0.0367772
F,-0.467822,0.000525622,0.000525622,-0.467296
F,0.186382,0.000525622,0.000525622,0.186907
F,0.106535,-0.0552031,-0.0552031,0.0513321
F,-0.0720096,0.000525622,0.000525622,-0.071484
F,0.169286,0.000525622,0.000525622,0.169811
F,0.586038,0.000525622,0.000525622,0.586564
F,-0.239453,0.000525622,0.000525622,-0.238927
F,0.0737729,0.000525622,0.000525622,0.0742986
F,0.0554463,-0.0552031,-0.0552031,0.000243181
F,0.0418653,-0.0552031,-0.0552031,-0.0133379
F,0.386246,0.000525622,0.000525622,0.386772
F,0.047779,0.000525622,0.000525622,0.0483046
F,0.146488,0.000525622,0.000525622,0.147013
F,-0.0927789,0.000525622,0.000525622,-0.0922533
F,-0.258445,0.000525622,0.000525622,-0.257919
F,0.150708,0.000525622,0.000525622,0.151234
F,0.51253,0.000525622,0.000525622,0.513055
F,0.299779,0.000525622,0.000525622,0.300305
F,-0.102921,0.000525622,0.000525622,-0.102396
F,0.0864223,0.000525622,0.000525622,0.0869479
F,0.120947,0.000525622,0.000525622,0.121473
F,-0.0797103,0.000525622,0.000525622,-0.0791847
F,0.0187108,0.000525622,0.000525622,0.0192364
F,-0.0826104,0.000525622,0.000525622,-0.0820848
F,0.0460869,0.000525622,0.000525622,0.0466125
F,0.170842,0.000525622,0.000525622,0.171368
F,0.14,0.000525622,0.000525622,0.140526
F,-0.0449247,0.000525622,0.000525622,-0.0443991
F,-0.443215,0.000525622,0.000525622,-0.44269
F,-0.143658,0.000525622,0.000525622,-0.143133
F,0.334402,0.0359397,0.0359397,0.370341
F,0.158835,0.000525622,0.000525622,0.159361
F,0.17836,0.0132514,0.0132514,0.191612
F,0.0883316,0.000525622,0.000525622,0.0888572
F,-0.0864252,0.000525622,0.000525622,-0.0858996
F,-0.26347,0.000525622,0.000525622,-0.262944
F,0.0260084,0.000525622,0.000525622,0.026534
F,0.10447,0.000525622,0.000525622,0.104995
F,-0.00199563,0.000525622,0.000525622,-0.00147001
F,0.322997,0.000525622,0.000525622,0.323523
F,0.0267726,0.000525622,0.000525622,0.0272983
F,-0.0343334,0.000525622,0.000525622,-0.0338078
F,-0.0962291,0.000525622,0.000525622,-0.0957035
F,-0.184075,0.000525622,0.000525622,-0.183549
F,-0.129406,0.000525622,0.000525622,-0.12888
F,-0.144994,0.000525622,0.000525622,-0.144469
F,0.29455,0.000525622,0.000525622,0.295075
F,0.0933569,0.000525622,0.000525622,0.0938825
F,0.130705,0.000525622,0.000525622,0.13123
F,0.5884,0.000525622,0.000525622,0.588926
F,0.0229228,0.000525622,0.000525622,0.0234484
F,-0.200707,0.000525622,0.000525622,-0.200181
F,-0.0417153,0.000525622,0.000525622,-0.0411896
F,0.201884,0.000525622,0.000525622,0.20241
F,-0.00352277,0.000525622,0.000525622,-0.00299715
F,-0.189861,0.000525622,0.000525622,-0.189335
F,0.082406,0.000525622,0.000525622,0.0829316
F,0.16955,0.000525622,0.000525622,0.170076
F,0.299339,0.000525622,0.000525622,0.299865
F,-0.0455333,0.000525622,0.000525622,-0.0450077
F,-0.00512532,0.000525622,0.000525622,-0.0045997
F,0.0384579,0.000525622,0.000525622,0.0389835
F,0.104318,0.000525622,0.000525622,0.104844
F,-0.0624649,0.000525622,0.000525622,-0.0619393
F,0.0743873,0.000525622,0.000525622,0.0749129
F,-0.116093,0.000525622,0.000525622,-0.115568
F,-0.0276564,0.000525622,0.000525622,-0.0271308
F,-0.176611,0.000525622,0.000525622,-0.176085
F,0.065614,0.000525622,0.000525622,0.0661396
F,-0.288558,0.000525622,0.000525622,-0.288033
F,-0.370517,0.000525622,0.000525622,-0.369992
F,-0.226915,0.000525622,0.000525622,-0.226389
F,0.243964,0.000525622,0.000525622,0.24449
F,-0.184388,0.000525622,0.000525622,-0.183863
F,0.069686,0.0104251,0.0104251,0.0801111
F,0.137594,0.000525622,0.000525622,0.138119
F,-0.061511,0.000525622,0.000525622,-0.0609853
F,0.147844,0.000525622,0.000525622,0.148369
F,-0.061729,0.000525622,0.000525622,-0.0612034
F,0.0708915,0.000525622,0.000525622,0.0714172
F,-0.202869,0.000525622,0.000525622,-0.202343
F,-0.234186,0.000525622,0.000525622,-0.233661
F,0.210363,0.000525622,0.000525622,0.210889
F,-0.146091,0.000525622,0.000525622,-0.145565
F,-0.0477711,0.000525622,0.000525622,-0.0472455
F,0.276318,0.000525622,0.000525622,0.276843
F,0.0904944,0.000525622,0.000525622,0.09102
F,0.153024,0.000525622,0.000525622,0.153549
F,0.531716,0.000525622,0.000525622,0.532242
F,-0.0914309,0.000525622,0.000525622,-0.0909052
F,0.0921176,0.000525622,0.000525622,0.0926432
F,-0.231444,0.000525622,0.000525622,-0.230918
F,0.0966952,0.000525622,0.000525622,0.0972208
F,0.153629,0.000525622,0.000525622,0.154155
F,0.156741,0.000525622,0.000525622,0.157267
F,0.0703319,0.000525622,0.000525622,0.0708575
F,0.236388,0.000525622,0.000525622,0.236914
F,-0.10719,0.0359397,0.0359397,-0.0712499
F,0.176663,0.000525622,0.000525622,0.177188
F,0.241093,0.000525622,0.000525622,0.241619
F,0.424211,0.000525622,0.000525622,0.424737
F,0.14809,0.000525622,0.000525622,0.148616
F,-0.0442544,0.000525622,0.000525622,-0.0437288
F,-0.00127335,0.000525622,0.000525622,-0.000747729
F,-0.260561,0.000525622,0.000525622,-0.260035
F,-0.274948,0.000525622,0.000525622,-0.274422
F,0.030477,0.000525622,0.000525622,0.0310026
F,0.184496,0.000525622,0.000525622,0.185022
F,0.0381011,0.000525622,0.000525622,0.0386267
F,0.0563807,0.000525622,0.000525622,0.0569063
F,-0.071071,0.0132514,0.0132514,-0.0578196
F,0.0409065,0.000525622,0.000525622,0.0414321
F,-0.0959802,0.000525622,0.000525622,-0.0954546
F,0.0696993,0.000525622,0.000525622,0.0702249
F,-0.100288,0.000525622,0.000525622,-0.0997625
F,0.0850345,0.000525622,0.000525622,0.0855601
F,0.196657,0.000525622,0.000525622,0.197183
F,0.431899,0.000525622,0.000525622,0.432425
F,0.0804766,0.0359397,0.0359397,0.116416
F,0.179453,0.000525622,0.000525622,0.179978
F,-0.16579,0.000525622,0.000525622,-0.165264
F,0.0603251,0.000525622,0.000525622,0.0608507
F,-0.0754572,0.000525622,0.000525622,-0.0749316
F,-0.566018,0.000525622,0.000525622,-0.565493
F,-0.139111,0.000525622,0.000525622,-0.138586
F,-0.361254,0.000525622,0.000525622,-0.360729
F,0.0306609,0.000525622,0.000525622,0.0311865
F,-0.34436,-0.0552031,-0.0552031,-0.399564
F,0.112303,0.000525622,0.000525622,0.112828
F,-0.394869,-0.0552031,-0.0552031,-0.450072
F,-0.0236564,0.000525622,0.000525622,-0.0231308
F,-0.210379,0.000525622,0.000525622,-0.209854
F,0.165502,0.000525622,0.000525622,0.166028
F,-0.138876,0.000525622,0.000525622,-0.138351
F,-0.0660985,0.000525622,0.000525622,-0.0655729
F,-0.028324,0.000525622,0.000525622,-0.0277983
F,-0.068939,0.000525622,0.000525622,-0.0684134
F,0.496306,0.000525622,0.000525622,0.496832
F,0.312575,-0.0552031,-0.0552031,0.257372
F,0.255074,0.000525622,0.000525622,0.2556
F,0.0346568,0.000525622,0.000525622,0.0351824
F,0.153165,0.000525622,0.000525622,0.15369
F,-0.00600259,0.000525622,0.000525622,-0.00547697
F,-0.0524837,0.000525622,0.000525622,-0.0519581
F,0.284032,0.000525622,0.000525622,0.284558
F,-0.0883719,0.000525622,0.000525622,-0.0878463
F,0.287357,0.000525622,0.000525622,0.287883
F,-0.224192,-0.0552031,-0.0552031,-0.279395
F,-0.0128709,0.000525622,0.000525622,-0.0123452
F,0.369271,0.000525622,0.000525622,0.369797
F,-0.19531,0.000525622,0.000525622,-0.194785
F,-0.0270716,0.000525622,0.000525622,-0.026546
F,0.129958,-0.0552031,-0.0552031,0.0747546
F,0.078493,0.000525622,0.000525622,0.0790186
F,-0.036636,0.000525622,0.000525622,-0.0361104
F,-0.0797572,0.000525622,0.000525622,-0.0792315
F,-0.230548,0.000525622,0.000525622,-0.230023
F,0.0236988,0.000525622,0.000525622,0.0242244
F,0.0420094,0.000525622,0.000525622,0.042535
F,0.033412,0.000525622,0.000525622,0.0339376
F,-0.118653,0.000525622,0.000525622,-0.118128
F,0.336391,0.000525622,0.000525622,0.336917
F,-0.0251686,0.000525622,0.000525622,-0.024643
F,-0.0861035,0.000525622,0.000525622,-0.0855779
F,0.0612436,0.000525622,0.000525622,0.0617692
F,0.110012,0.000525622,0.000525622,0.110537
F,0.157662,0.000525622,0.000525622,0.158188
F,-0.225712,0.000525622,0.000525622,-0.225186
F,-0.561067,0.000525622,0.000525622,-0.560541
F,0.083993,0.000525622,0.000525622,0.0845186
F,0.0372024,0.000525622,0.000525622,0.037728
F,-0.242211,0.000525622,0.000525622,-0.241685
F,-0.0281976,0.000525622,0.000525622,-0.027672
F,-0.183672,0.000525622,0.000525622,-0.183146
F,-0.0411375,0.000525622,0.000525622,-0.0406119
F,-0.0180581,0.000525622,0.000525622,-0.0175325
F,-0.0411955,0.000525622,0.000525622,-0.0406699
F,0.0853692,0.000525622,0.000525622,0.0858948
F,0.260127,0.000525622,0.000525622,0.260653
F,-0.01741,0.000525622,0.000525622,-0.0168844
F,0.0780638,-0.0552031,-0.0552031,0.0228606
F,0.352352,0.000525622,0.000525622,0.352878
F,0.232348,0.000525622,0.000525622,0.232874
F,-0.265864,0.000525622,0.000525622,-0.265339
F,0.0547542,0.000525622,0.000525622,0.0552798
F,-0.182268,0.000525622,0.000525622,-0.181742
F,-0.0261384,0.000525622,0.000525622,-0.0256128
F,0.347425,0.000525622,0.000525622,0.347951
F,-0.0769872,0.000525622,0.000525622,-0.0764616
F,-0.18711,0.000613133,0.000613133,-0.186497
F,0.0784643,0.000525622,0.000525622,0.0789899
F,0.100363,0.000525622,0.000525622,0.100888
F,-0.0689262,0.000525622,0.000525622,-0.0684005
F,-0.0684332,0.0104251,0.0104251,-0.0580081
F,0.213771,0.000525622,0.000525622,0.214296
F,0.279665,0.000525622,0.000525622,0.28019
F,0.15384,0.000525622,0.000525622,0.154365
F,-0.0322778,0.000525622,0.000525622,-0.0317522
F,0.256233,0.000525622,0.000525622,0.256758
F,0.0441075,0.000525622,0.000525622,0.0446332
F,0.253314,0.000525622,0.000525622,0.253839
F,-0.353305,0.000525622,0.000525622,-0.35278
F,-0.112086,-0.0552031,-0.0552031,-0.167289
F,0.156996,0.000525622,0.000525622,0.157521
F,-0.076868,0.000525622,0.000525622,-0.0763424
F,-0.126834,0.0132514,0.0132514,-0.113583
F,-0.139604,0.000525622,0.000525622,-0.139079
F,-0.0350746,0.000525622,0.000525622,-0.0345489
F,-0.0325448,0.000525622,0.000525622,-0.0320192
F,0.256082,0.000525622,0.000525622,0.256608
F,-0.223807,0.000525622,0.000525622,-0.223281
F,-0.112401,0.000525622,0.000525622,-0.111875
F,-0.0631602,0.000525622,0.000525622,-0.0626346
F,-0.197895,0.000525622,0.000525622,-0.19737
F,-0.176666,0.0132514,0.0132514,-0.163415
F,0.23712,0.000525622,0.000525622,0.237646
F,0.175781,0.000525622,0.000525622,0.176307
F,-0.0142498,0.000525622,0.000525622,-0.0137241
F,-0.0341952,0.000525622,0.000525622,-0.0336696
F,0.0115578,0.000525622,0.000525622,0.0120834
F,-0.358826,0.000525622,0.000525622,-0.358301
F,0.148889,0.000525622,0.000525622,0.149415
F,0.195,0.000525622,0.000525622,0.195526
F,-0.0883193,0.000525622,0.000525622,-0.0877937
F,0.241011,0.000525622,0.000525622,0.241537
F,0.0599554,0.000525622,0.000525622,0.0604811
F,0.0865418,0.000525622,0.000525622,0.0870674
F,0.105013,0.000525622,0.000525622,0.105539
F,0.170506,0.000525622,0.000525622,0.171032
F,-0.30741,0.000525622,0.000525622,-0.306884
F,0.119357,0.000525622,0.000525622,0.119883
F,-0.178524,0.000525622,0.000525622,-0.177998
F,0.0872075,0.000525622,0.000525622,0.0877331
F,-0.208952,0.000525622,0.000525622,-0.208427
F,-0.072622,0.000525622,0.000525622,-0.0720964
F,-0.0667102,0.000525622,0.000525622,-0.0661846
F,-0.00510802,0.000525622,0.000525622,-0.0045824
F,-0.0518466,0.000525622,0.000525622,-0.0513209
F,0.103422,0.000525622,0.000525622,0.103947
F,0.15049,0.000525622,0.000525622,0.151015
F,-0.216399,0.000525622,0.000525622,-0.215874
F,0.147067,0.000525622,0.000525622,0.147593
F,-0.226655,0.000525622,0.000525622,-0.22613
F,-0.154707,-0.0552031,-0.0552031,-0.20991
F,0.0768557,0.000525622,0.000525622,0.0773813
F,0.0453501,0.000525622,0.000525622,0.0458757
F,0.170357,0.000525622,0.000525622,0.170883
F,-0.002986,0.000525622,0.000525622,-0.00246037
F,0.120934,0.000525622,0.000525622,0.12146
F,-0.00560637,-0.0552031,-0.0552031,-0.0608095
F,-0.305737,0.000525622,0.000525622,-0.305212
F,0.109699,0.000525622,0.000525622,0.110225
F,0.248499,0.000525622,0.000525622,0.249025
F,0.100035,0.000525622,0.000525622,0.100561
F,0.117217,-0.0552031,-0.0552031,0.0620136
F,-0.22608,0.000525622,0.000525622,-0.225554
F,-0.0302124,0.000525622,0.000525622,-0.0296868
F,0.174916,0.000525622,0.000525622,0.175442
F,0.0491915,0.000525622,0.000525622,0.0497171
F,0.155158,0.000525622,0.000525622,0.155684
F,-0.086935,0.000525622,0.000525622,-0.0864094
F,-0.095617,0.000525622,0.000525622,-0.0950914
F,0.0904728,0.000525622,0.000525622,0.0909984
F,0.109837,0.000525622,0.000525622,0.110362
F,-0.389937,0.000525622,0.000525622,-0.389412
F,0.232049,0.000525622,0.000525622,0.232575
F,-0.0538657,0.000525622,0.000525622,-0.0533401
F,-0.0784433,0.000525622,0.000525622,-0.0779177
F,-0.301229,0.000525622,0.000525622,-0.300703
F,-0.147622,0.000525622,0.000525622,-0.147096
F,0.048826,0.000525622,0.000525622,0.0493517
F,0.317771,0.000525622,0.000525622,0.318297
F,-0.315957,0.000525622,0.000525622,-0.315432
F,0.145232,0.000525622,0.000525622,0.145758
F,-0.244604,0.000525622,0.000525622,-0.244078
F,0.190044,0.000525622,0.000525622,0.190569
F,0.00463001,0.000525622,0.000525622,0.00515563
F,-0.0835962,-0.0552031,-0.0552031,-0.138799
F,0.10416,0.000525622,0.000525622,0.104686
F,-0.405493,0.000525622,0.000525622,-0.404968
F,-0.217333,0.000525622,0.000525622,-0.216807
F,-0.531154,0.000525622,0.000525622,-0.530628
F,-0.0824076,0.000525622,0.000525622,-0.081882
F,-0.0573193,0.000525622,0.000525622,-0.0567937
F,-0.0609035,0.000525622,0.000525622,-0.0603779
F,-0.137878,0.000525622,0.000525622,-0.137353
F,-0.00318032,0.000525622,0.000525622,-0.0026547
F,0.535239,0.000525622,0.000525622,0.535765
F,-0.0441736,0.000525622,0.000525622,-0.0436479
F,0.333806,0.000525622,0.000525622,0.334332
F,0.221132,0.000525622,0.000525622,0.221658
F,0.327432,0.000525622,0.000525622,0.327958
F,0.289489,0.000525622,0.000525622,0.290015
F,-0.335247,0.000525622,0.000525622,-0.334721
F,-0.0225063,0.000525622,0.000525622,-0.0219806
F,0.374653,0.000525622,0.000525622,0.375179
F,0.0350797,0.000525622,0.000525622,0.0356053
F,-0.301304,0.000525622,0.000525622,-0.300778
F,0.130879,0.000525622,0.000525622,0.131404
F,0.248671,0.000525622,0.000525622,0.249197
F,-0.19958,0.000525622,0.000525622,-0.199055
F,0.145868,0.000525622,0.000525622,0.146394
F,0.130295,0.000525622,0.000525622,0.130821
F,0.0655338,0.000525622,0.000525622,0.0660594
F,0.186986,-0.0552031,-0.0552031,0.131783
F,0.0429122,-0.0552031,-0.0552031,-0.0122909
F,-0.236667,0.000525622,0.000525622,-0.236142
F,0.0790812,0.000525622,0.000525622,0.0796069
F,-0.474687,0.000525622,0.000525622,-0.474162
F,-0.117078,0.000525622,0.000525622,-0.116553
F,0.139303,0.000525622,0.000525622,0.139829
F,0.273131,0.000525622,0.000525622,0.273656
F,0.143805,0.000525622,0.000525622,0.144331
F,-0.157618,0.000525622,0.000525622,-0.157093
F,-0.27285,0.000525622,0.000525622,-0.272324
F,0.229464,0.000525622,0.000525622,0.22999
F,-0.220123,0.000525622,0.000525622,-0.219598
F,-0.00412096,0.000525622,0.000525622,-0.00359534
F,-0.0716181,0.000525622,0.000525622,-0.0710924
F,-0.180415,0.000525622,0.000525622,-0.179889
F,0.0323307,0.000525622,0.000525622,0.0328563
F,-0.0383287,0.000525622,0.000525622,-0.0378031
F,0.244076,0.000525622,0.000525622,0.244602
F,-0.0853475,0.000525622,0.000525622,-0.0848219
F,-0.0667309,0.000525622,0.000525622,-0.0662053
F,-0.0953602,0.000525622,0.000525622,-0.0948346
F,0.157271,0.000525622,0.000525622,0.157796
F,-0.332688,-0.0552031,-0.0552031,-0.387891
F,0.181904,0.000525622,0.000525622,0.182429
F,0.176585,0.000525622,0.000525622,0.17711
F,0.0085352,0.000525622,0.000525622,0.00906082
F,-0.40068,0.000525622,0.000525622,-0.400154
F,0.0591585,0.000525622,0.000525622,0.0596841
F,-0.120841,0.000525622,0.000525622,-0.120316
F,-0.199794,0.000525622,0.000525622,-0.199269
F,-0.101093,0.000525622,0.000525622,-0.100568
F,-0.280083,0.000525622,0.000525622,-0.279557
F,-0.233555,0.000525622,0.000525622,-0.233029
F,-0.273522,0.000525622,0.000525622,-0.272996
F,0.336862,0.000525622,0.000525622,0.337387
F,-0.0139566,0.000525622,0.000525622,-0.013431
F,0.110031,0.000525622,0.000525622,0.110556
F,0.201406,0.000525622,0.000525622,0.201931
F,0.30554,0.000525622,0.000525622,0.306065
F,-0.103836,-0.0552031,-0.0552031,-0.159039
F,0.303514,0.000525622,0.000525622,0.304039
F,0.0666348,0.000525622,0.000525622,0.0671604
F,-0.0712797,0.000525622,0.000525622,-0.0707541
F,0.0490263,0.000525622,0.000525622,0.0495519
F,0.0286661,0.000525622,0.000525622,0.0291917
F,0.16716,0.0359397,0.0359397,0.2031
F,-0.10717,0.000525622,0.000525622,-0.106644
F,0.0974008,0.000525622,0.000525622,0.0979264
F,0.134574,0.000525622,0.000525622,0.135099
F,0.101001,0.000525622,0.000525622,0.101527
F,0.177409,0.000525622,0.000525622,0.177934
F,0.219796,0.000525622,0.000525622,0.220321
F,-0.190951,0.0132514,0.0132514,-0.1777
F,-0.666684,-0.00731548,-0.00731548,-0.673999
F,0.0611682,0.000525622,0.000525622,0.0616938
F,0.0318158,0.000525622,0.000525622,0.0323414
F,-0.138342,0.000525622,0.000525622,-0.137816
F,0.0161135,0.000525622,0.000525622,0.0166392
F,-0.180928,0.000525622,0.000525622,-0.180403
F,0.216123,0.000525622,0.000525622,0.216649
F,0.237787,-0.0552031,-0.0552031,0.182584
F,-0.0812821,0.000525622,0.000525622,-0.0807565
F,0.0444552,0.000525622,0.000525622,0.0449809
F,-0.114552,0.000525622,0.000525622,-0.114026
F,0.229184,0.000525622,0.000525622,0.22971
F,-0.105778,0.000525622,0.000525622,-0.105253
F,0.297254,0.000525622,0.000525622,0.297779
F,0.389185,0.000525622,0.000525622,0.38971
F,-0.200977,0.000525622,0.000525622,-0.200451
F,0.111833,0.000525622,0.000525622,0.112359
F,-0.0951672,0.000525622,0.000525622,-0.0946416
F,-0.190788,0.000525622,0.000525622,-0.190262
F,0.122442,0.000525622,0.000525622,0.122968
F,0.00626314,0.000525622,0.000525622,0.00678876
F,0.3409,0.000525622,0.000525622,0.341425
F,0.0394716,0.000525622,0.000525622,0.0399972
F,-0.248126,0.000525622,0.000525622,-0.2476
F,0.323412,0.000525622,0.000525622,0.323938
F,0.0708426,0.000525622,0.000525622,0.0713682
F,-0.18663,0.000525622,0.000525622,-0.186104
F,-0.148594,0.000525622,0.000525622,-0.148068
F,0.396569,0.000525622,0.000525622,0.397095
F,0.0828583,0.000525622,0.000525622,0.0833839
F,-0.302375,0.000525622,0.000525622,-0.301849
F,0.173419,0.000525622,0.000525622,0.173945
F,-0.0983546,0.000525622,0.000525622,-0.097829
F,0.0739548,0.000525622,0.000525622,0.0744805
F,-0.0932942,0.000525622,0.000525622,-0.0927686
F,-0.382795,0.000525622,0.000525622,-0.382269
F,0.22933,0.000525622,0.000525622,0.229856
F,-0.0498722,0.000525622,0.000525622,-0.0493466
F,-0.295056,0.000525622,0.000525622,-0.29453
F,-0.0847653,0.000525622,0.000525622,-0.0842397
F,-0.302491,0.000525622,0.000525622,-0.301966
F,-0.260008,0.000525622,0.000525622,-0.259482
F,0.0409543,0.000525622,0.000525622,0.04148
F,0.185893,0.000525622,0.000525622,0.186418
F,-0.354739,0.000525622,0.000525622,-0.354213
F,0.247233,0.000525622,0.000525622,0.247759
F,0.119072,0.000525622,0.000525622,0.119598
F,-0.044703,0.000525622,0.000525622,-0.0441773
F,0.138938,0.000525622,0.000525622,0.139464
F,0.42937,0.000525622,0.000525622,0.429895
F,-0.0157972,0.000525622,0.000525622,-0.0152716
F,-0.121259,0.000525622,0.000525622,-0.120734
F,-0.34075,0.000525622,0.000525622,-0.340224
F,0.0613567,0.000525622,0.000525622,0.0618823
F,-0.305319,0.000525622,0.000525622,-0.304794
F,-0.0448619,0.000525622,0.000525622,-0.0443363
F,0.102242,0.000525622,0.000525622,0.102768
F,-0.415751,0.000525622,0.000525622,-0.415226
F,-0.0544308,0.000525622,0.000525622,-0.0539051
F,0.00122783,0.000525622,0.000525622,0.00175345
F,-0.263139,0.000525622,0.000525622,-0.262613
F,-0.0147647,0.000525622,0.000525622,-0.0142391
F,-0.229371,0.000525622,0.000525622,-0.228845
F,0.18323,0.000525622,0.000525622,0.183756
F,-0.0894744,0.000525622,0.000525622,-0.0889488
F,-0.0241656,0.000525622,0.000525622,-0.02364
F,-0.0305596,0.000525622,0.000525622,-0.030034
F,-0.349709,0.000525622,0.000525622,-0.349184
F,-0.0804208,-0.0552031,-0.0552031,-0.135624
F,0.210727,0.000525622,0.000525622,0.211253
F,0.245199,0.000525622,0.000525622,0.245724
F,0.177138,0.000525622,0.000525622,0.177663
F,-0.11494,0.000525622,0.000525622,-0.114415
F,-0.281955,0.000525622,0.000525622,-0.28143
F,-0.0347229,0.000525622,0.000525622,-0.0341973
F,0.0351694,0.000525622,0.000525622,0.035695
F,-0.198979,0.000525622,0.000525622,-0.198454
F,0.384611,0.000525622,0.000525622,0.385137
F,0.0832241,0.000525622,0.000525622,0.0837498
F,0.323223,0.000525622,0.000525622,0.323748
F,-0.178144,0.000525622,0.000525622,-0.177618
F,0.302622,0.000525622,0.000525622,0.303148
F,-0.23533,0.000525622,0.000525622,-0.234805
F,-0.00282116,0.000525622,0.000525622,-0.00229553
F,-0.0227793,0.000525622,0.000525622,-0.0222537
F,-0.0772191,-0.0552031,-0.0552031,-0.132422
F,0.183751,0.000525622,0.000525622,0.184277
F,-0.3002,0.000525622,0.000525622,-0.299675
F,0.196067,0.000525622,0.000525622,0.196593
F,-0.294567,0.000525622,0.000525622,-0.294042
F,0.27698,0.000525622,0.000525622,0.277505
F,-0.11807,0.000525622,0.000525622,-0.117544
F,0.453035,0.000525622,0.000525622,0.45356
F,0.0680219,0.000525622,0.000525622,0.0685475
F,0.197421,0.000525622,0.000525622,0.197947
F,0.198565,0.000525622,0.000525622,0.199091
F,0.146966,0.000525622,0.000525622,0.147491
F,-0.323573,0.000525622,0.000525622,-0.323047
F,-0.0863189,0.000525622,0.000525622,-0.0857933
F,-0.399968,0.000525622,0.000525622,-0.399442
F,0.0525155,0.000525622,0.000525622,0.0530411
F,0.0761259,0.000525622,0.000525622,0.0766516
F,0.106024,0.000525622,0.000525622,0.10655
F,0.0160978,0.000525622,0.000525622,0.0166234
F,-0.447757,0.000525622,0.000525622,-0.447231
F,0.398168,0.000525622,0.000525622,0.398694
F,0.145539,0.000525622,0.000525622,0.146064
F,-0.156035,0.000525622,0.000525622,-0.155509
F,-0.185995,0.000525622,0.000525622,-0.18547
F,-0.020124,0.000525622,0.000525622,-0.0195984
F,0.252109,0.000525622,0.000525622,0.252635
F,-0.0164127,-0.0552031,-0.0552031,-0.0716158
F,-0.135063,0.000525622,0.000525622,-0.134538
F,-0.173433,0.000525622,0.000525622,-0.172907
F,-0.138494,0.000525622,0.000525622,-0.137969
F,0.154721,0.000525622,0.000525622,0.155247
F,0.0392044,0.000525622,0.000525622,0.03973
F,-0.124771,0.000525622,0.000525622,-0.124246
F,0.0922689,0.000525622,0.000525622,0.0927946
F,-0.19761,0.000525622,0.000525622,-0.197084
F,0.110487,0.000525622,0.000525622,0.111012
F,-0.0491072,0.000525622,0.000525622,-0.0485816
F,0.131831,0.000525622,0.000525622,0.132356
F,-0.0260911,0.000525622,0.000525622,-0.0255655
F,-0.368638,0.000525622,0.000525622,-0.368112
F,-0.045364,0.000525622,0.000525622,-0.0448384
F,0.453561,0.000525622,0.000525622,0.454087
F,0.196935,0.000525622,0.000525622,0.19746
F,-0.161139,0.000525622,0.000525622,-0.160614
F,-0.037475,0.000525622,0.000525622,-0.0369494
F,0.131466,0.000525622,0.000525622,0.131992
F,-0.148635,0.000525622,0.000525622,-0.14811
F,-0.0166146,0.0104251,0.0104251,-0.00618947
F,0.165186,0.000525622,0.000525622,0.165712
F,-0.108948,0.000525622,0.000525622,-0.108423
F,-0.0010373,0.000525622,0.000525622,-0.00051168
F,-0.126183,-0.0552031,-0.0552031,-0.181386
F,-0.124153,0.0104251,0.0104251,-0.113728
F,0.0524182,0.000525622,0.000525622,0.0529439
F,0.115126,0.000525622,0.000525622,0.115652
F,0.0916101,0.000525622,0.000525622,0.0921357
F,-0.147512,0.000525622,0.000525622,-0.146987
F,0.580012,0.000525622,0.000525622,0.580538
F,-0.325226,0.000525622,0.000525622,-0.324701
F,-0.139234,0.000525622,0.000525622,-0.138708
F,0.0874851,-0.0552031,-0.0552031,0.0322819
F,0.153698,0.000525622,0.000525622,0.154224
F,0.607046,0.000525622,0.000525622,0.607572
F,0.287727,0.000525622,0.000525622,0.288252
F,-0.238725,0.000525622,0.000525622,-0.238199
F,-0.144494,0.000525622,0.000525622,-0.143968
F,0.224664,0.000525622,0.000525622,0.225189
F,0.280926,0.000525622,0.000525622,0.281451
F,0.0111517,0.000525622,0.000525622,0.0116773
F,-0.339915,0.000525622,0.000525622,-0.339389
F,-0.118179,0.000525622,0.000525622,-0.117653
F,0.178405,-0.0552031,-0.0552031,0.123202
F,0.22077,0.000525622,0.000525622,0.221295
F,-0.246037,0.000525622,0.000525622,-0.245512
F,-0.227963,0.000525622,0.000525622,-0.227437
F,-0.0599356,0.0132514,0.0132514,-0.0466842
F,-0.198239,0.000525622,0.000525622,-0.197713
F,0.266145,0.000525622,0.000525622,0.26667
F,0.139941,0.000525622,0.000525622,0.140466
F,0.0289613,0.000525622,0.000525622,0.0294869
F,-0.00251291,0.000525622,0.000525622,-0.00198728
F,0.26197,0.000525622,0.000525622,0.262496
F,-0.097278,0.000525622,0.000525622,-0.0967524
F,0.000170125,0.000525622,0.000525622,0.000695747
F,0.176328,0.000525622,0.000525622,0.176854
F,-0.0807915,0.000525622,0.000525622,-0.0802659
F,-0.155555,0.000525622,0.000525622,-0.155029
F,0.00342937,0.000525622,0.000525622,0.003955
F,-0.0167234,0.000525622,0.000525622,-0.0161978
F,-0.249709,0.000525622,0.000525622,-0.249184
F,0.061189,0.000525622,0.000525622,0.0617146
F,0.126049,0.000525622,0.000525622,0.126575
F,-0.231029,0.000525622,0.000525622,-0.230503
F,0.0929626,0.000525622,0.000525622,0.0934882
F,-0.432853,0.000525622,0.000525622,-0.432328
F,-0.285887,0.000525622,0.000525622,-0.285362
F,-0.00376508,0.000525622,0.000525622,-0.00323946
F,-0.139361,0.000525622,0.000525622,-0.138835
F,0.0851133,0.000525622,0.000525622,0.0856389
F,0.0968653,0.000525622,0.000525622,0.097391
F,-0.0227683,0.000525622,0.000525622,-0.0222426
F,0.214446,0.000525622,0.000525622,0.214971
F,0.407696,0.000525622,0.000525622,0.408222
F,-0.131113,0.000525622,0.000525622,-0.130587
F,0.186005,0.000525622,0.000525622,0.186531
F,-0.145774,0.000525622,0.000525622,-0.145248
F,0.217202,0.000525622,0.000525622,0.217727
F,0.216462,0.000525622,0.000525622,0.216988
F,0.496993,0.000525622,0.000525622,0.497519
F,-0.254838,0.000525622,0.000525622,-0.254312
F,0.146829,-0.0552031,-0.0552031,0.0916255
F,0.394414,0.000525622,0.000525622,0.39494
F,3.80109e-05,0.000525622,0.000525622,0.000563633
F,-0.268931,0.000525622,0.000525622,-0.268405
F,-0.444078,0.000525622,0.000525622,-0.443553
F,0.177505,0.000525622,0.000525622,0.178031
F,0.261893,0.000525622,0.000525622,0.262418
F,-0.367397,0.000525622,0.000525622,-0.366871
F,-0.0791657,0.000525622,0.000525622,-0.0786401
F,0.0920006,0.000525622,0.000525622,0.0925262
F,0.28579,0.000525622,0.000525622,0.286316
F,0.354883,0.000525622,0.000525622,0.355409
F,0.216526,0.000525622,0.000525622,0.217051
F,0.040172,0.000525622,0.000525622,0.0406976
F,0.23279,0.000525622,0.000525622,0.233315
F,-0.143086,-0.0552031,-0.0552031,-0.198289
F,-0.0486326,0.000525622,0.000525622,-0.048107
F,0.0141327,0.000525622,0.000525622,0.0146583
F,0.120752,0.000525622,0.000525622,0.121277
F,-0.0816214,0.000525622,0.000525622,-0.0810958
F,-0.357123,0.000525622,0.000525622,-0.356597
F,0.378506,0.000525622,0.000525622,0.379032
F,0.243678,0.000525622,0.000525622,0.244204
F,0.043063,0.000525622,0.000525622,0.0435886
F,-0.295392,0.000525622,0.000525622,-0.294867
F,0.203689,0.000525622,0.000525622,0.204214
F,0.380453,0.000525622,0.000525622,0.380978
F,-0.18199,0.000525622,0.000525622,-0.181464
F,-0.221337,0.000525622,0.000525622,-0.220812
F,0.187905,0.000525622,0.000525622,0.188431
F,-0.204483,0.000525622,0.000525622,-0.203957
F,0.342334,0.000525622,0.000525622,0.342859
F,0.144617,0.000525622,0.000525622,0.145143
F,0.332684,0.000525622,0.000525622,0.33321
F,-0.00674034,0.000525622,0.000525622,-0.00621471
F,0.0849555,0.000525622,0.000525622,0.0854811
F,0.0416676,0.000525622,0.000525622,0.0421932
F,-0.110639,0.000525622,0.000525622,-0.110113
F,0.27227,0.000525622,0.000525622,0.272795
F,-0.198231,0.000525622,0.000525622,-0.197706
F,-0.0642346,0.000525622,0.000525622,-0.063709
F,-0.123818,0.000525622,0.000525622,-0.123293
F,0.0889289,0.000525622,0.000525622,0.0894545
F,-0.0931447,0.000525622,0.000525622,-0.0926191
F,0.142085,0.000525622,0.000525622,0.142611
F,-0.113766,0.000525622,0.000525622,-0.11324
F,-0.280539,0.000525622,0.000525622,-0.280013
F,-0.152981,0.000525622,0.000525622,-0.152455
F,0.22327,0.000525622,0.000525622,0.223796
F,-0.37948,0.000525622,0.000525622,-0.378954
F,-0.199093,-0.0552031,-0.0552031,-0.254297
F,0.10692,0.000525622,0.000525622,0.107446
F,-0.244594,0.000525622,0.000525622,-0.244069
F,-0.240328,0.000525622,0.000525622,-0.239802
F,0.119215,0.000525622,0.000525622,0.119741
F,-0.233203,0.000525622,0.000525622,-0.232677
F,-0.0153385,0.000525622,0.000525622,-0.0148129
F,0.176785,0.0104251,0.0104251,0.18721
F,-0.0587181,0.000525622,0.000525622,-0.0581925
F,0.0960741,0.000525622,0.000525622,0.0965997
F,-0.107274,0.000525622,0.000525622,-0.106749
F,0.31506,0.000525622,0.000525622,0.315585
F,0.302614,0.000525622,0.000525622,0.303139
F,-0.0215928,0.000525622,0.000525622,-0.0210672
F,-0.0265763,0.000525622,0.000525622,-0.0260507
F,0.110941,0.000525622,0.000525622,0.111467
F,-0.130721,0.000525622,0.000525622,-0.130195
F,0.224432,0.000525622,0.000525622,0.224958
F,-0.322082,0.000525622,0.000525622,-0.321556
F,-0.186433,0.000525622,0.000525622,-0.185908
F,0.0196215,0.000525622,0.000525622,0.0201471
F,-0.168427,0.000525622,0.000525622,-0.167901
F,-0.124305,0.000525622,0.000525622,-0.123779
F,0.181654,-0.0552031,-0.0552031,0.126451
F,-0.401589,0.000525622,0.000525622,-0.401064
F,0.252808,0.000525622,0.000525622,0.253334
F,-0.11636,0.000525622,0.000525622,-0.115834
F,0.220342,0.000525622,0.000525622,0.220867
F,-0.301227,0.000525622,0.000525622,-0.300701
F,0.116222,0.0104251,0.0104251,0.126647
F,0.295454,0.000525622,0.000525622,0.295979
F,-0.163629,0.0359397,0.0359397,-0.127689
F,0.221993,0.000525622,0.000525622,0.222519
F,-0.24353,0.000525622,0.000525622,-0.243005
F,0.347113,-0.0552031,-0.0552031,0.291909
F,-0.0585345,0.000525622,0.000525622,-0.0580088
F,-0.246324,0.000525622,0.000525622,-0.245799
F,0.0157711,0.000525622,0.000525622,0.0162967
F,-0.013384,0.000525622,0.000525622,-0.0128584
F,-0.0795961,0.000525622,0.000525622,-0.0790704
F,0.360265,0.000525622,0.000525622,0.36079
F,0.0260262,0.0132514,0.0132514,0.0392777
F,-0.0129158,0.000525622,0.000525622,-0.0123902
F,-0.158574,0.000525622,0.000525622,-0.158048
F,0.106799,0.000525622,0.000525622,0.107325
F,-0.264755,0.000525622,0.000525622,-0.26423
F,0.218265,0.000525622,0.000525622,0.218791
F,-0.0825026,-0.0552031,-0.0552031,-0.137706
F,0.0610441,0.000525622,0.000525622,0.0615698
F,-0.186847,0.000525622,0.000525622,-0.186321
F,-0.0567948,0.000525622,0.000525622,-0.0562692
F,0.0202323,0.000525622,0.000525622,0.020758
F,0.0724558,0.000525622,0.000525622,0.0729815
F,-0.0516634,0.000525622,0.000525622,-0.0511378
F,0.666782,0.000525622,0.000525622,0.667308
F,0.135228,0.000525622,0.000525622,0.135754
F,-0.208075,0.000525622,0.000525622,-0.207549
F,-0.471548,0.000525622,0.000525622,-0.471022
F,-0.188578,0.000525622,0.000525622,-0.188052
F,0.245696,0.000525622,0.000525622,0.246222
F,0.178354,0.000525622,0.000525622,0.17888
F,-0.0389345,0.000525622,0.000525622,-0.0384088
F,-0.0307813,0.000525622,0.000525622,-0.0302557
F,-0.256404,0.000525622,0.000525622,-0.255878
F,-0.223675,0.000525622,0.000525622,-0.22315
F,-0.0595881,0.000525622,0.000525622,-0.0590625
F,0.0126475,0.000525622,0.000525622,0.0131731
F,0.114175,0.000525622,0.000525622,0.1147
F,0.191361,0.000525622,0.000525622,0.191886
F,-0.0440427,0.000525622,0.000525622,-0.0435171
F,-0.280202,0.000525622,0.000525622,-0.279676
F,0.175841,0.000525622,0.000525622,0.176367
F,-0.0997131,0.000525622,0.000525622,-0.0991875
F,0.263898,0.000525622,0.000525622,0.264423
F,-0.17816,0.000525622,0.000525622,-0.177634
F,-0.017043,0.000525622,0.000525622,-0.0165174
F,0.215916,0.000525622,0.000525622,0.216442
F,-0.00784037,0.000525622,0.000525622,-0.00731475
F,-0.338115,0.000525622,0.000525622,-0.337589
F,0.0564236,0.0359397,0.0359397,0.0923633
F,-0.173601,0.000525622,0.000525622,-0.173075
F,0.32895,0.000525622,0.000525622,0.329476
F,-0.0216126,0.000525622,0.000525622,-0.021087
F,0.0532741,0.000525622,0.000525622,0.0537997
F,0.00712026,0.000525622,0.000525622,0.00764588
F,0.222956,0.000525622,0.000525622,0.223482
F,-0.199317,0.000525622,0.000525622,-0.198791
F,0.165402,0.000525622,0.000525622,0.165927
F,-0.454334,0.000525622,0.000525622,-0.453808
F,0.409614,0.000525622,0.000525622,0.41014
F,-0.578372,0.000525622,0.000525622,-0.577847
F,0.168116,0.000525622,0.000525622,0.168641
F,0.141232,0.000525622,0.000525622,0.141758
F,-0.0871106,-0.0552031,-0.0552031,-0.142314
F,0.0870801,0.000525622,0.000525622,0.0876057
F,0.389015,0.000525622,0.000525622,0.389541
F,-0.147434,0.000525622,0.000525622,-0.146908
F,-0.333602,0.000525622,0.000525622,-0.333076
F,-0.0221393,0.000525622,0.000525622,-0.0216137
F,-0.297933,0.000525622,0.000525622,-0.297407
F,-0.0505739,0.000525622,0.000525622,-0.0500483
F,-0.237756,0.000525622,0.000525622,-0.23723
F,-0.428087,0.000525622,0.000525622,-0.427561
F,0.0701393,0.000525622,0.000525622,0.0706649
F,0.00813961,0.000525622,0.000525622,0.00866523
F,0.334931,0.000525622,0.000525622,0.335456
F,-0.172313,0.000525622,0.000525622,-0.171788
F,0.132947,0.000525622,0.000525622,0.133472
F,-0.0968572,-0.0552031,-0.0552031,-0.15206
F,-0.143281,0.000525622,0.000525622,-0.142755
F,0.0815742,0.000525622,0.000525622,0.0820998
F,-0.126492,0.000525622,0.000525622,-0.125966
F,-0.0201303,0.000525622,0.000525622,-0.0196047
F,0.0490626,0.000525622,0.000525622,0.0495883
F,-0.152256,0.000525622,0.000525622,-0.15173
F,-0.0193037,0.000525622,0.000525622,-0.0187781
F,0.200876,0.000525622,0.000525622,0.201402
F,0.327437,0.000525622,0.000525622,0.327963
F,0.0988589,0.000525622,0.000525622,0.0993845
F,0.198459,0.000525622,0.000525622,0.198985
F,-0.0882575,0.000525622,0.000525622,-0.0877318
F,0.0304687,0.000525622,0.000525622,0.0309943
F,0.0403234,0.000525622,0.000525622,0.0408491
F,0.154704,-0.0552031,-0.0552031,0.0995005
F,0.11148,0.000525622,0.000525622,0.112005
F,0.149109,0.000525622,0.000525622,0.149635
F,0.105601,0.000525622,0.000525622,0.106127
F,0.132283,0.000525622,0.000525622,0.132808
F,-0.16344,0.000525622,0.000525622,-0.162914
F,0.0202698,0.000525622,0.000525622,0.0207954
F,0.175054,0.000525622,0.000525622,0.17558
F,0.110597,0.000525622,0.000525622,0.111123
F,-0.195891,0.000525622,0.000525622,-0.195366
F,0.380834,0.000525622,0.000525622,0.38136
F,-0.0278744,0.000525622,0.000525622,-0.0273487
F,0.349358,0.000525622,0.000525622,0.349883
F,-0.200225,0.000525622,0.000525622,-0.199699
F,-0.0573715,0.000525622,0.000525622,-0.0568459
F,-0.222467,0.0132514,0.0132514,-0.209215
F,-0.16354,0.000525622,0.000525622,-0.163014
F,-0.153759,0.000525622,0.000525622,-0.153233
F,-0.0552748,0.000525622,0.000525622,-0.0547492
F,-0.0481746,0.000525622,0.000525622,-0.047649
F,-0.190496,-0.0552031,-0.0552031,-0.245699
F,-0.250192,0.000525622,0.000525622,-0.249666
F,0.0798584,0.0359397,0.0359397,0.115798
F,0.157031,0.000525622,0.000525622,0.157556
F,-0.287569,0.000525622,0.000525622,-0.287043
F,-0.167163,0.000525622,0.000525622,-0.166637
F,-0.000279625,0.000525622,0.000525622,0.000245997
F,0.326015,0.000525622,0.000525622,0.32654
F,0.467277,0.000525622,0.000525622,0.467803
F,-0.265007,0.000525622,0.000525622,-0.264482
F,0.0793275,0.000525622,0.000525622,0.0798531
F,-0.00630735,0.000525622,0.000525622,-0.00578173
F,-0.195753,0.000525622,0.000525622,-0.195228
F,-0.0112776,0.000525622,0.000525622,-0.010752
F,-0.30309,0.000525622,0.000525622,-0.302564
F,0.0869033,0.000525622,0.000525622,0.0874289
F,0.1323,-0.0552031,-0.0552031,0.0770968
F,0.149649,0.000525622,0.000525622,0.150175
F,0.0556931,0.000525622,0.000525622,0.0562187
F,-0.179986,0.000525622,0.000525622,-0.17946
F,0.355007,0.000525622,0.000525622,0.355532
F,-0.102017,0.000525622,0.000525622,-0.101492
F,-0.16835,0.000525622,0.000525622,-0.167825
F,-0.18646,0.000525622,0.000525622,-0.185935
F,-0.547597,0.000525622,0.000525622,-0.547071
F,-0.262674,0.000525622,0.000525622,-0.262149
F,-0.119799,0.000525622,0.000525622,-0.119273
F,-0.240169,0.000525622,0.000525622,-0.239644
F,-0.0132879,0.000525622,0.000525622,-0.0127623
F,-0.384699,0.000525622,0.000525622,-0.384173
F,0.234308,0.000525622,0.000525622,0.234833
F,0.324494,0.000525622,0.000525622,0.325019
F,-0.118346,0.000525622,0.000525622,-0.11782
F,-0.338078,0.000525622,0.000525622,-0.337553
F,-0.158917,-0.0552031,-0.0552031,-0.21412
F,-0.124036,0.000525622,0.000525622,-0.12351
F,-0.222666,0.000525622,0.000525622,-0.22214
F,-0.052615,0.000525622,0.000525622,-0.0520893
F,-0.13208,0.000525622,0.000525622,-0.131554
F,0.269463,0.000525622,0.000525622,0.269988
F,-0.168737,0.000525622,0.000525622,-0.168212
F,0.089063,0.000525622,0.000525622,0.0895886
F,-0.334554,-0.0552031,-0.0552031,-0.389758
F,0.0768334,0.000525622,0.000525622,0.077359
F,-0.171772,0.000525622,0.000525622,-0.171247
F,0.37085,0.000525622,0.000525622,0.371376
F,0.29662,0.000525622,0.000525622,0.297145
F,0.225533,0.000525622,0.000525622,0.226059
F,0.0459238,0.000525622,0.000525622,0.0464494
F,0.12535,-0.0552031,-0.0552031,0.0701467
F,-0.157225,-0.0552031,-0.0552031,-0.212429
F,0.262325,0.000525622,0.000525622,0.262851
F,0.39497,0.000525622,0.000525622,0.395495
F,0.170888,0.000525622,0.000525622,0.171414
F,0.510915,0.000525622,0.000525622,0.511441
F,-0.43912,0.000525622,0.000525622,-0.438595
F,0.146096,0.000525622,0.000525622,0.146622
F,0.208888,0.000525622,0.000525622,0.209413
F,-0.099446,0.000525622,0.000525622,-0.0989204
F,0.215082,0.000525622,0.000525622,0.215608
F,0.26945,-0.0552031,-0.0552031,0.214246
F,-0.121794,0.000525622,0.000525622,-0.121268
F,0.0411277,0.000525622,0.000525622,0.0416533
F,-0.272065,0.000525622,0.000525622,-0.27154
F,-0.0270748,-0.0552031,-0.0552031,-0.0822779
F,-0.193041,0.000525622,0.000525622,-0.192515
F,-0.0667596,0.000525622,0.000525622,-0.0662339
F,-0.103473,0.000525622,0.000525622,-0.102947
F,-0.25473,0.000525622,0.000525622,-0.254204
F,0.129127,0.000525622,0.000525622,0.129653
F,0.305971,-0.0552031,-0.0552031,0.250768
F,0.291983,0.000525622,0.000525622,0.292509
F,-0.248514,0.000525622,0.000525622,-0.247989
F,0.0974275,0.000525622,0.000525622,0.0979531
F,0.0444648,0.000525622,0.000525622,0.0449904
F,-0.0298781,-0.00731548,-0.00731548,-0.0371936
F,0.170942,0.000525622,0.000525622,0.171468
F,-0.166543,0.000525622,0.000525622,-0.166017
F,0.0814334,0.000525622,0.000525622,0.081959
F,0.0228095,0.000525622,0.000525622,0.0233351
F,-0.0706345,0.000525622,0.000525622,-0.0701089
F,-0.159026,0.000525622,0.000525622,-0.1585
F,0.0931083,0.000525622,0.000525622,0.0936339
F,-0.278253,0.000525622,0.000525622,-0.277727
F,0.0583046,0.000525622,0.000525622,0.0588302
F,-0.152856,0.000525622,0.000525622,-0.15233
F,-0.225492,0.000525622,0.000525622,-0.224966
F,0.147915,0.000525622,0.000525622,0.148441
F,0.110891,0.000525622,0.000525622,0.111417
F,-0.159623,0.000525622,0.000525622,-0.159098
F,-0.0800768,0.000525622,0.000525622,-0.0795511
F,0.160089,0.000525622,0.000525622,0.160615
F,0.0256433,0.000525622,0.000525622,0.0261689
F,0.079314,0.000525622,0.000525622,0.0798397
F,-0.187854,0.000525622,0.000525622,-0.187328
F,0.245047,0.000525622,0.000525622,0.245572
F,-0.0198138,0.000525622,0.000525622,-0.0192882
F,0.0392918,-0.0552031,-0.0552031,-0.0159113
F,-0.0162176,0.000525622,0.000525622,-0.0156919
F,0.337819,0.000525622,0.000525622,0.338344
F,0.388975,0.000525622,0.000525622,0.3895
F,-0.174586,0.000525622,0.000525622,-0.17406
F,0.381188,0.000525622,0.000525622,0.381713
F,-0.566698,0.000525622,0.000525622,-0.566172
F,0.145069,0.000525622,0.000525622,0.145594
F,-0.0547526,0.000525622,0.000525622,-0.054227
F,-0.527016,0.000525622,0.000525622,-0.52649
F,0.121704,0.000525622,0.000525622,0.12223
F,0.487296,0.000525622,0.000525622,0.487822
F,-0.0362234,0.000525622,0.000525622,-0.0356978
F,-0.0668227,0.000525622,0.000525622,-0.0662971
F,-0.187685,0.000525622,0.000525622,-0.187159
F,-0.163198,0.000525622,0.000525622,-0.162673
F,-0.232274,0.000525622,0.000525622,-0.231748
F,0.152601,0.000525622,0.000525622,0.153127
F,0.0999061,0.000525622,0.000525622,0.100432
F,0.158191,0.000525622,0.000525622,0.158716
F,-0.160538,0.000525622,0.000525622,-0.160013
F,-0.0543056,-0.0552031,-0.0552031,-0.109509
F,-0.0791544,0.000525622,0.000525622,-0.0786288
F,-0.107505,0.000525622,0.000525622,-0.10698
F,0.146687,0.000525622,0.000525622,0.147213
F,-0.126316,0.000525622,0.000525622,-0.12579
F,0.24848,0.000525622,0.000525622,0.249006
F,0.0826243,0.000525622,0.000525622,0.0831499
F,-0.389653,0.000525622,0.000525622,-0.389127
F,0.24036,-0.0552031,-0.0552031,0.185157
F,0.284989,0.000525622,0.000525622,0.285515
F,-0.151211,0.000525622,0.000525622,-0.150685
F,0.017516,0.0132514,0.0132514,0.0307674
F,-0.29985,-0.0552031,-0.0552031,-0.355054
F,-0.287689,0.000525622,0.000525622,-0.287163
F,-0.235845,0.000525622,0.000525622,-0.235319
F,-0.19294,0.000525622,0.000525622,-0.192414
F,0.271536,0.000525622,0.000525622,0.272061
F,0.0589086,-0.00731548,-0.00731548,0.0515931
F,-0.113359,0.000525622,0.000525622,-0.112833
F,-0.274691,0.000525622,0.000525622,-0.274166
F,0.150585,0.000525622,0.000525622,0.151111
F,-0.30619,-0.0552031,-0.0552031,-0.361394
F,0.242866,0.000525622,0.000525622,0.243392
F,0.367753,0.000525622,0.000525622,0.368278
F,-0.119588,0.000525622,0.000525622,-0.119063
F,-0.158009,0.000525622,0.000525622,-0.157483
F,-0.122561,0.000525622,0.000525622,-0.122036
F,-0.242693,0.000525622,0.000525622,-0.242167
F,-0.0400196,0.000525622,0.000525622,-0.039494
F,0.120765,0.000525622,0.000525622,0.121291
F,0.299396,0.000525622,0.000525622,0.299922
F,0.42034,0.000525622,0.000525622,0.420866
F,-0.188458,0.000525622,0.000525622,-0.187932
F,0.17734,0.000525622,0.000525622,0.177866
F,-0.105112,0.000525622,0.000525622,-0.104587
F,0.389002,0.000525622,0.000525622,0.389528
F,0.15728,0.000525622,0.000525622,0.157805
F,-0.321433,0.000525622,0.000525622,-0.320907
F,-0.278819,0.000525622,0.000525622,-0.278293
F,-0.0979819,0.000525622,0.000525622,-0.0974563
F,-0.170756,0.000525622,0.000525622,-0.170231
F,0.0743097,0.000525622,0.000525622,0.0748353
F,0.27376,0.000525622,0.000525622,0.274286
F,-0.137576,0.000525622,0.000525622,-0.13705
F,0.333371,-0.0552031,-0.0552031,0.278167
F,-0.0488515,0.000525622,0.000525622,-0.0483259
F,-0.529759,0.000525622,0.000525622,-0.529233
F,0.198656,0.000525622,0.000525622,0.199181
F,0.0896518,0.000525622,0.000525622,0.0901774
F,-0.328361,0.000525622,0.000525622,-0.327835
F,0.477364,0.000525622,0.000525622,0.47789
F,0.2032,0.000525622,0.000525622,0.203726
F,0.304842,0.0359397,0.0359397,0.340782
F,0.17801,0.000525622,0.000525622,0.178535
F,0.103011,0.000525622,0.000525622,0.103537
F,-0.336241,0.000525622,0.000525622,-0.335715
F,0.0603293,0.000525622,0.000525622,0.0608549
F,-0.180354,0.000525622,0.000525622,-0.179829
F,-0.121966,0.000525622,0.000525622,-0.12144
F,-0.110903,0.000525622,0.000525622,-0.110377
F,0.0390591,0.000525622,0.000525622,0.0395847
F,-0.0559693,0.000525622,0.000525622,-0.0554437
F,0.0944382,0.000525622,0.000525622,0.0949638
F,-0.400131,0.000525622,0.000525622,-0.399606
F,0.141126,0.000525622,0.000525622,0.141651
F,-0.325952,0.000525622,0.000525622,-0.325427
F,0.259229,-0.0552031,-0.0552031,0.204025
F,-0.0340859,0.000525622,0.000525622,-0.0335603
F,0.152145,0.000525622,0.000525622,0.152671
F,0.0240091,0.000525622,0.000525622,0.0245347
F,0.0108935,0.000525622,0.000525622,0.0114191
F,0.216814,0.000525622,0.000525622,0.21734
F,0.274237,0.000525622,0.000525622,0.274762
F,-0.0264482,0.000525622,0.000525622,-0.0259226
F,-0.211733,0.000525622,0.000525622,-0.211207
F,-0.0923356,0.000525622,0.000525622,-0.09181
F,-0.0259251,0.000525622,0.000525622,-0.0253995
F,0.343098,0.000525622,0.000525622,0.343623
F,-0.0899461,0.000525622,0.000525622,-0.0894205
F,-0.134673,-0.0552031,-0.0552031,-0.189876
F,-0.158889,0.000525622,0.000525622,-0.158364
F,-0.12486,0.000525622,0.000525622,-0.124334
F,0.271119,0.000525622,0.000525622,0.271645
F,0.176296,0.000525622,0.000525622,0.176821
F,-0.0519509,0.000525622,0.000525622,-0.0514253
F,-0.0169501,0.000525622,0.000525622,-0.0164245
F,0.0584132,-0.0552031,-0.0552031,0.00321003
F,0.0911941,0.000525622,0.000525622,0.0917197
F,-0.355959,0.000525622,0.000525622,-0.355433
F,-0.101127,0.000525622,0.000525622,-0.100601
F,-0.156736,0.000525622,0.000525622,-0.15621
F,-0.255272,0.000525622,0.000525622,-0.254746
F,0.0389572,0.000525622,0.000525622,0.0394828
F,-0.0953905,0.000525622,0.000525622,-0.0948649
F,0.181516,0.000525622,0.000525622,0.182042
F,-0.0174477,0.000525622,0.000525622,-0.0169221
F,-0.0287592,0.000525622,0.000525622,-0.0282336
F,0.345407,0.000525622,0.000525622,0.345933
F,-0.147111,0.000525622,0.000525622,-0.146585
F,-0.487342,0.000525622,0.000525622,-0.486816
F,0.0710998,0.000525622,0.000525622,0.0716254
F,-0.162416,0.000525622,0.000525622,-0.161891
F,-0.1846,0.000525622,0.000525622,-0.184074
F,0.269238,0.000525622,0.000525622,0.269763
F,-0.0242624,0.000525622,0.000525622,-0.0237368
F,0.274708,-0.0552031,-0.0552031,0.219505
F,-0.0365607,0.000525622,0.000525622,-0.0360351
F,0.141592,0.000525622,0.000525622,0.142118
F,0.0546351,0.000525622,0.000525622,0.0551608
F,-0.0742185,0.000525622,0.000525622,-0.0736929
F,0.0960698,0.000525622,0.000525622,0.0965954
F,-0.199249,0.000525622,0.000525622,-0.198723
F,0.210293,0.000525622,0.000525622,0.210819
F,-0.146842,0.000525622,0.000525622,-0.146317
F,0.389451,0.000525622,0.000525622,0.389977
F,0.219275,0.000525622,0.000525622,0.219801
F,0.361241,0.000525622,0.000525622,0.361767
F,0.126287,0.000525622,0.000525622,0.126813
F,0.477727,0.000525622,0.000525622,0.478252
F,-0.216399,-0.0552031,-0.0552031,-0.271602
F,0.0843485,0.000525622,0.000525622,0.0848741
F,-0.215395,0.000525622,0.000525622,-0.21487
F,0.326478,0.000525622,0.000525622,0.327004
F,0.253201,0.000525622,0.000525622,0.253727
F,0.412602,0.000525622,0.000525622,0.413128
F,-0.0612638,0.000525622,0.000525622,-0.0607382
F,0.152956,0.000525622,0.000525622,0.153482
F,0.150533,0.000525622,0.000525622,0.151058
F,-0.0392759,0.000525622,0.000525622,-0.0387502
F,0.225712,-0.0552031,-0.0552031,0.170509
F,-0.0114192,0.000525622,0.000525622,-0.0108936
F,0.208099,0.000525622,0.000525622,0.208625
F,0.217607,0.000525622,0.000525622,0.218132
F,-0.0307768,0.000525622,0.000525622,-0.0302511
F,0.170004,0.000525622,0.000525622,0.17053
F,-0.0883915,0.000525622,0.000525622,-0.0878659
F,-0.0390696,0.000525622,0.000525622,-0.038544
F,0.139007,0.0104251,0.0104251,0.149432
F,0.251253,0.000525622,0.000525622,0.251778
F,0.00501114,0.000525622,0.000525622,0.00553677
F,-0.377096,0.000525622,0.000525622,-0.37657
F,-0.310861,0.000525622,0.000525622,-0.310335
F,0.0572516,0.000525622,0.000525622,0.0577772
F,0.197644,-0.0552031,-0.0552031,0.142441
F,0.210621,0.000525622,0.000525622,0.211147
F,-0.440976,0.000525622,0.000525622,-0.44045
F,-0.301896,0.000525622,0.000525622,-0.30137
F,-0.0413338,0.000525622,0.000525622,-0.0408082
F,0.0606732,0.000525622,0.000525622,0.0611988
F,0.131867,0.000525622,0.000525622,0.132392
F,-0.36744,0.000525622,0.000525622,-0.366914
F,0.0155887,0.000525622,0.000525622,0.0161144
F,0.0125354,0.000525622,0.000525622,0.013061
F,0.276448,0.000525622,0.000525622,0.276974
F,0.311335,0.0132514,0.0132514,0.324586
F,0.128011,0.000613133,0.000613133,0.128624
F,-0.318652,0.000525622,0.000525622,-0.318126
F,-0.111677,0.000525622,0.000525622,-0.111151
F,0.136535,-0.0552031,-0.0552031,0.0813322
F,-0.217064,0.000525622,0.000525622,-0.216538
F,-0.118161,0.000525622,0.000525622,-0.117635
F,-0.025648,0.000525622,0.000525622,-0.0251224
F,-0.0382755,0.000525622,0.000525622,-0.0377498
F,-0.0202512,0.000525622,0.000525622,-0.0197256
F,0.0976852,0.000525622,0.000525622,0.0982109
F,0.158192,0.000525622,0.000525622,0.158717
F,0.0229162,0.000525622,0.000525622,0.0234418
F,0.386636,0.000525622,0.000525622,0.387162
F,-0.2394,0.000525622,0.000525622,-0.238874
F,-0.101621,-0.0552031,-0.0552031,-0.156824
F,0.0786342,0.000525622,0.000525622,0.0791598
F,0.237537,-0.00731548,-0.00731548,0.230222
F,-0.345648,0.000525622,0.000525622,-0.345122
F,0.349893,0.0359397,0.0359397,0.385833
F,0.101881,0.000525622,0.000525622,0.102406
F,0.256755,0.000525622,0.000525622,0.257281
F,-0.633506,0.000525622,0.000525622,-0.632981
F,0.0266202,0.000525622,0.000525622,0.0271459
F,0.232711,0.000525622,0.000525622,0.233237
F,0.100673,0.000525622,0.000525622,0.101199
F,-0.204625,0.000525622,0.000525622,-0.2041
F,-0.145818,0.0132514,0.0132514,-0.132567
F,0.325859,0.000525622,0.000525622,0.326384
F,-0.207676,0.000525622,0.000525622,-0.207151
F,0.109582,0.000525622,0.000525622,0.110108
F,0.195305,0.000525622,0.000525622,0.19583
F,0.121915,0.000525622,0.000525622,0.122441
F,-0.252252,-0.00731548,-0.00731548,-0.259568
F,-0.0674882,0.000525622,0.000525622,-0.0669626
F,0.0543727,0.000525622,0.000525622,0.0548983
F,0.184833,0.000525622,0.000525622,0.185358
F,-0.0521885,0.000525622,0.000525622,-0.0516629
F,-0.101472,0.000525622,0.000525622,-0.100946
F,0.113744,0.000525622,0.000525622,0.11427
F,-0.260549,0.000525622,0.000525622,-0.260024
F,-0.328365,0.000525622,0.000525622,-0.327839
F,-0.24781,0.000525622,0.000525622,-0.247284
F,0.150057,0.000525622,0.000525622,0.150583
F,0.266467,0.000525622,0.000525622,0.266993
F,0.014616,0.000525622,0.000525622,0.0151416
F,0.0601543,0.000525622,0.000525622,0.0606799
F,-0.234519,0.000525622,0.000525622,-0.233993
F,0.107261,0.000525622,0.000525622,0.107786
F,0.039662,0.000525622,0.000525622,0.0401876
F,0.116082,0.000525622,0.000525622,0.116607
F,-0.157386,0.000525622,0.000525622,-0.156861
F,0.0645134,0.000525622,0.000525622,0.065039
F,0.506166,0.000525622,0.000525622,0.506691
F,-0.0512312,0.000525622,0.000525622,-0.0507056
F,0.0754927,0.000525622,0.000525622,0.0760183
F,-0.053306,0.000525622,0.000525622,-0.0527804
F,-0.0552298,0.000525622,0.000525622,-0.0547042
F,0.382119,0.000525622,0.000525622,0.382645
F,-0.149356,0.000525622,0.000525622,-0.148831
F,0.299876,0.000525622,0.000525622,0.300401
F,-0.170877,0.000525622,0.000525622,-0.170351
F,-0.170413,0.000525622,0.000525622,-0.169888
F,-0.0570556,0.000525622,0.000525622,-0.05653
F,-0.0308651,0.000525622,0.000525622,-0.0303395
F,-0.0697131,0.000525622,0.000525622,-0.0691875
F,0.159982,0.000525622,0.000525622,0.160508
F,0.0605697,0.000525622,0.000525622,0.0610954
F,-0.0417644,0.000525622,0.000525622,-0.0412388
F,-0.00343463,0.000525622,0.000525622,-0.00290901
F,0.0390056,0.000525622,0.000525622,0.0395312
F,-0.0875364,0.000525622,0.000525622,-0.0870107
F,0.0499696,0.000525622,0.000525622,0.0504952
F,0.308898,-0.00731548,-0.00731548,0.301583
F,0.137586,0.000525622,0.000525622,0.138111
F,-0.155319,0.000525622,0.000525622,-0.154793
F,-0.0811029,0.000525622,0.000525622,-0.0805772
F,-0.113098,0.000525622,0.000525622,-0.112572
F,0.0415861,0.000525622,0.000525622,0.0421117
F,-0.116541,0.000525622,0.000525622,-0.116015
F,0.114479,0.000525622,0.000525622,0.115004
F,0.0019393,0.000525622,0.000525622,0.00246492
F,-0.0186836,0.000525622,0.000525622,-0.018158
F,0.113567,0.000525622,0.000525622,0.114092
F,0.0215726,0.000525622,0.000525622,0.0220982
F,-0.0400998,0.000525622,0.000525622,-0.0395742
F,-0.0539744,0.000525622,0.000525622,-0.0534488
F,0.0409672,0.000525622,0.000525622,0.0414928
F,-0.0646027,-0.0552031,-0.0552031,-0.119806
F,-0.157882,0.000525622,0.000525622,-0.157356
F,-0.0216656,0.000525622,0.000525622,-0.02114
F,0.053085,0.000525622,0.000525622,0.0536106
F,-0.0135341,0.000525622,0.000525622,-0.0130084
F,-0.191073,0.000525622,0.000525622,-0.190547
F,0.375191,0.000525622,0.000525622,0.375716
F,-0.292121,0.000525622,0.000525622,-0.291595
F,0.342044,0.000525622,0.000525622,0.34257
F,0.0687332,0.000525622,0.000525622,0.0692588
F,-0.332146,0.000525622,0.000525622,-0.331621
F,-0.0178953,0.000525622,0.000525622,-0.0173697
F,0.252636,0.000525622,0.000525622,0.253161
F,-0.00872652,0.000525622,0.000525622,-0.0082009
F,0.291082,0.000525622,0.000525622,0.291607
F,0.263111,0.000525622,0.000525622,0.263637
F,-0.0857291,0.000525622,0.000525622,-0.0852035
F,-0.436943,0.000525622,0.000525622,-0.436417
F,-0.104639,0.000525622,0.000525622,-0.104113
F,-0.42281,0.000525622,0.000525622,-0.422285
F,-0.215701,0.000525622,0.000525622,-0.215176
F,0.0954898,0.000525622,0.000525622,0.0960154
F,-0.140414,0.000525622,0.000525622,-0.139889
F,-0.534812,0.000525622,0.000525622,-0.534287
F,-0.141935,0.000525622,0.000525622,-0.14141
F,-0.0395296,0.000525622,0.000525622,-0.039004
F,0.386936,0.000525622,0.000525622,0.387462
F,0.078922,0.000525622,0.000525622,0.0794476
F,-0.366403,0.000525622,0.000525622,-0.365878
F,0.362471,0.000525622,0.000525622,0.362997
F,-0.161579,0.000525622,0.000525622,-0.161053
F,0.262514,0.000613133,0.000613133,0.263127
F,-0.0726298,0.000525622,0.000525622,-0.0721042
F,0.212505,0.000525622,0.000525622,0.213031
F,-0.103985,0.000525622,0.000525622,-0.10346
F,0.0999102,0.000525622,0.000525622,0.100436
F,-0.160997,0.000525622,0.000525622,-0.160471
F,-0.100056,0.000525622,0.000525622,-0.0995307
F,0.108952,0.000525622,0.000525622,0.109477
F,-0.283694,0.000525622,0.000525622,-0.283169
F,0.224278,0.000525622,0.000525622,0.224804
F,0.00116965,0.000525622,0.000525622,0.00169527
F,0.112818,0.000525622,0.000525622,0.113343
F,0.153494,0.000525622,0.000525622,0.15402
F,-0.30663,0.000525622,0.000525622,-0.306104
F,0.249751,0.000525622,0.000525622,0.250276
F,-0.409497,0.000525622,0.000525622,-0.408971
F,0.195125,0.0132514,0.0132514,0.208376
F,-0.44478,0.0359397,0.0359397,-0.40884
F,-0.0278919,0.000613133,0.000613133,-0.0272787
F,-0.120355,0.000525622,0.000525622,-0.11983
F,0.33522,0.000525622,0.000525622,0.335745
F,-0.406483,0.000525622,0.000525622,-0.405958
F,0.135137,0.000525622,0.000525622,0.135662
F,0.0744307,0.000525622,0.000525622,0.0749563
F,-0.216285,0.000525622,0.000525622,-0.215759
F,0.5134,0.000525622,0.000525622,0.513926
F,-0.117318,0.000525622,0.000525622,-0.116792
F,-0.0375196,0.000525622,0.000525622,-0.036994
F,-0.250985,0.000525622,0.000525622,-0.250459
F,-0.0422722,0.000525622,0.000525622,-0.0417465
F,0.0519895,0.000525622,0.000525622,0.0525151
F,0.222521,0.000525622,0.000525622,0.223046
F,-0.0892937,0.000525622,0.000525622,-0.0887681
F,-0.185424,0.000525622,0.000525622,-0.184898
F,0.158048,0.000525622,0.000525622,0.158574
F,-0.187606,0.000525622,0.000525622,-0.18708
F,-0.235877,0.000525622,0.000525622,-0.235351
F,0.117377,0.000525622,0.000525622,0.117903
F,-0.122821,0.000525622,0.000525622,-0.122295
F,-0.099972,-0.0552031,-0.0552031,-0.155175
F,-0.230655,0.000525622,0.000525622,-0.230129
F,0.0630997,0.000525622,0.000525622,0.0636253
F,-0.280351,0.000525622,0.000525622,-0.279825
F,0.046575,0.000525622,0.000525622,0.0471006
F,0.172555,0.000525622,0.000525622,0.17308
F,-0.327997,0.000525622,0.000525622,-0.327471
F,0.211411,0.000525622,0.000525622,0.211936
F,0.310545,0.000525622,0.000525622,0.31107
F,-0.102942,0.000525622,0.000525622,-0.102417
F,0.23537,0.000525622,0.000525622,0.235896
F,0.218032,0.000525622,0.000525622,0.218558
F,0.197871,0.000525622,0.000525622,0.198396
F,0.0390481,0.000525622,0.000525622,0.0395738
F,0.191558,0.000525622,0.000525622,0.192084
F,-0.143765,0.000525622,0.000525622,-0.14324
F,-0.280145,0.000525622,0.000525622,-0.27962
F,0.0121902,0.000525622,0.000525622,0.0127159
F,0.20409,0.000525622,0.000525622,0.204616
F,-0.0097649,0.000525622,0.000525622,-0.00923928
F,-0.278615,0.000525622,0.000525622,-0.27809
F,-0.0621295,0.000525622,0.000525622,-0.0616039
F,0.12727,0.000525622,0.000525622,0.127796
F,-0.0344182,0.0359397,0.0359397,0.00152147
F,0.399101,0.000525622,0.000525622,0.399627
F,0.0174206,0.000525622,0.000525622,0.0179462
F,-0.169453,-0.0552031,-0.0552031,-0.224656
F,-0.212807,0.000525622,0.000525622,-0.212282
F,0.163561,0.000525622,0.000525622,0.164087
F,0.0839244,0.000525622,0.000525622,0.0844501
F,-0.0711677,0.000525622,0.000525622,-0.0706421
F,0.0315867,0.000525622,0.000525622,0.0321123
F,0.193919,0.000525622,0.000525622,0.194444
F,0.0924251,0.000525622,0.000525622,0.0929507
F,-0.220233,0.000525622,0.000525622,-0.219707
F,-0.0129495,0.000525622,0.000525622,-0.0124238
F,-0.122469,0.000525622,0.000525622,-0.121944
F,-0.116047,0.000525622,0.000525622,-0.115522
F,0.169727,-0.0552031,-0.0552031,0.114524
F,-0.232859,0.000525622,0.000525622,-0.232334
F,-0.127525,0.000525622,0.000525622,-0.127
F,-0.106443,0.000525622,0.000525622,-0.105917
F,-0.0298795,0.000525622,0.000525622,-0.0293539
F,-0.0206993,0.000525622,0.000525622,-0.0201737
F,-0.441866,0.000525622,0.000525622,-0.44134
F,-0.114899,0.000525622,0.000525622,-0.114374
F,0.0958483,0.000525622,0.000525622,0.096374
F,0.216208,0.000525622,0.000525622,0.216733
F,0.478015,0.000525622,0.000525622,0.47854
F,0.105265,0.000525622,0.000525622,0.10579
F,-0.0511207,0.000525622,0.000525622,-0.0505951
F,-0.0818051,0.000525622,0.000525622,-0.0812795
F,-0.132565,-0.0552031,-0.0552031,-0.187768
F,-0.354943,0.000525622,0.000525622,-0.354418
F,0.172596,0.000613133,0.000613133,0.17321
F,-0.218546,0.000525622,0.000525622,-0.21802
F,-0.249754,0.0359397,0.0359397,-0.213815
F,0.293317,0.000525622,0.000525622,0.293842
F,0.0510824,0.000525622,0.000525622,0.051608
F,-0.254713,0.000525622,0.000525622,-0.254187
F,0.268643,0.000525622,0.000525622,0.269168
F,-0.0869894,0.000525622,0.000525622,-0.0864638
F,0.462066,0.000525622,0.000525622,0.462591
F,-0.166752,0.000525622,0.000525622,-0.166226
F,0.0693823,0.000525622,0.000525622,0.0699079
F,0.112566,0.000525622,0.000525622,0.113092
F,-0.0297403,0.000525622,0.000525622,-0.0292147
F,-0.14679,0.000525622,0.000525622,-0.146264
F,0.097374,0.000525622,0.000525622,0.0978996
F,0.131454,0.000525622,0.000525622,0.131979
F,0.299846,0.000525622,0.000525622,0.300372
F,0.134708,0.000525622,0.000525622,0.135233
F,0.0740725,0.0104251,0.0104251,0.0844976
F,0.344495,0.000525622,0.000525622,0.34502
F,0.0106532,0.000525622,0.000525622,0.0111788
F,-0.0990784,0.000525622,0.000525622,-0.0985528
F,0.0633428,0.000525622,0.000525622,0.0638684
F,0.067417,0.000525622,0.000525622,0.0679426
F,0.0812834,0.000525622,0.000525622,0.081809
F,-0.00656163,0.000525622,0.000525622,-0.00603601
F,-0.102322,0.000525622,0.000525622,-0.101797
F,0.0751866,0.000525622,0.000525622,0.0757122
F,-0.261546,0.000525622,0.000525622,-0.261021
F,0.281353,0.000525622,0.000525622,0.281879
F,0.0447964,0.0359397,0.0359397,0.0807361
F,-0.17946,0.000525622,0.000525622,-0.178934
F,0.175965,-0.0552031,-0.0552031,0.120762
F,-0.00784597,0.000525622,0.000525622,-0.00732035
F,-0.297037,0.000525622,0.000525622,-0.296511
F,0.157378,0.000525622,0.000525622,0.157904
F,0.317561,0.000525622,0.000525622,0.318087
F,-0.106317,0.000525622,0.000525622,-0.105792
F,-0.142338,0.000525622,0.000525622,-0.141812
F,-0.0376918,0.000525622,0.000525622,-0.0371662
F,0.0487859,0.000525622,0.000525622,0.0493115
F,0.217702,0.000525622,0.000525622,0.218228
F,-0.0602387,0.000525622,0.000525622,-0.0597131
F,-0.182881,0.000525622,0.000525622,-0.182356
F,0.397833,0.000525622,0.000525622,0.398358
F,-0.263104,0.000525622,0.000525622,-0.262579
F,-0.0387594,0.000525622,0.000525622,-0.0382338
F,-0.226792,0.000525622,0.000525622,-0.226266
F,-0.06905,0.000525622,0.000525622,-0.0685243
F,0.299276,0.000525622,0.000525622,0.299801
F,0.169285,0.000525622,0.000525622,0.169811
F,-0.025591,0.000525622,0.000525622,-0.0250654
F,0.00751115,0.000525622,0.000525622,0.00803677
F,-0.177708,-0.0552031,-0.0552031,-0.232912
F,-0.0526624,0.000525622,0.000525622,-0.0521367
F,-0.2709,0.000525622,0.000525622,-0.270375
F,0.0339158,0.000525622,0.000525622,0.0344414
F,0.0811906,0.000525622,0.000525622,0.0817162
F,0.508625,0.000525622,0.000525622,0.509151
F,-0.179518,0.000525622,0.000525622,-0.178992
F,0.301596,0.000525622,0.000525622,0.302122
F,-0.0379004,0.000525622,0.000525622,-0.0373748
F,0.012446,0.000525622,0.000525622,0.0129716
F,0.280513,0.000525622,0.000525622,0.281039
F,-0.00570547,0.000525622,0.000525622,-0.00517985
F,0.116266,0.0132514,0.0132514,0.129517
F,-0.0321085,0.000525622,0.000525622,-0.0315829
F,0.0494357,0.000525622,0.000525622,0.0499613
F,0.21071,0.000525622,0.000525622,0.211236
F,-0.215798,0.000525622,0.000525622,-0.215273
F,-0.360914,0.000525622,0.000525622,-0.360388
F,0.450396,-0.0552031,-0.0552031,0.395193
F,0.0200523,0.000525622,0.000525622,0.020578
F,-0.0479188,0.000525622,0.000525622,-0.0473932
F,0.0574479,0.000525622,0.000525622,0.0579735
F,0.360304,0.000525622,0.000525622,0.360829
F,0.0841099,0.000525622,0.000525622,0.0846355
F,0.229595,-0.0552031,-0.0552031,0.174392
F,0.208246,0.000525622,0.000525622,0.208772
F,0.00557345,0.000525622,0.000525622,0.00609908
F,0.00947103,0.000525622,0.000525622,0.00999665
F,0.242267,0.000525622,0.000525622,0.242793
F,-0.104008,0.000525622,0.000525622,-0.103482
F,-0.00727124,0.000525622,0.000525622,-0.00674562
F,0.0471929,0.000525622,0.000525622,0.0477185
F,0.252567,0.0359397,0.0359397,0.288507
F,-0.03886,0.000525622,0.000525622,-0.0383343
F,0.411478,-0.0552031,-0.0552031,0.356275
F,0.292541,0.000525622,0.000525622,0.293067
F,0.235831,0.000525622,0.000525622,0.236357
F,0.275489,0.000525622,0.000525622,0.276014
F,0.134949,0.000525622,0.000525622,0.135475
F,-0.380894,-0.0552031,-0.0552031,-0.436097
F,0.176074,0.000525622,0.000525622,0.1766
F,-0.260295,0.000525622,0.000525622,-0.259769
F,0.287168,0.000525622,0.000525622,0.287694
F,0.113446,0.000525622,0.000525622,0.113971
F,0.14808,0.000525622,0.000525622,0.148605
F,-0.301329,0.000525622,0.000525622,-0.300804
F,0.0550936,0.000525622,0.000525622,0.0556192
F,0.0873544,0.000525622,0.000525622,0.08788
F,0.116696,0.000525622,0.000525622,0.117222
F,-0.0737055,0.000525622,0.000525622,-0.0731799
F,-0.0647885,0.000525622,0.000525622,-0.0642629
F,0.182459,0.000525622,0.000525622,0.182984
F,-0.0375875,0.000525622,0.000525622,-0.0370619
F,0.081436,0.000525622,0.000525622,0.0819617
F,-0.0885048,0.000525622,0.000525622,-0.0879792
F,0.217754,0.000525622,0.000525622,0.21828
F,0.195425,0.000525622,0.000525622,0.19595
F,0.131855,0.000525622,0.000525622,0.13238
F,-0.288674,0.000525622,0.000525622,-0.288149
F,-0.264553,0.000525622,0.000525622,-0.264028
F,-0.335638,0.000525622,0.000525622,-0.335113
F,-0.238072,0.000525622,0.000525622,-0.237547
F,-0.186822,0.000525622,0.000525622,-0.186297
F,-0.208651,0.000525622,0.000525622,-0.208126
F,-0.120756,0.000525622,0.000525622,-0.120231
F,0.0654457,0.000525622,0.000525622,0.0659714
F,-0.307355,0.000525622,0.000525622,-0.30683
F,-0.504361,0.000525622,0.000525622,-0.503836
F,0.152292,0.000525622,0.000525622,0.152817
F,0.23122,0.000525622,0.000525622,0.231746
F,-0.0387254,0.000525622,0.000525622,-0.0381997
F,0.0268826,0.000525622,0.000525622,0.0274082
F,-0.13337,0.000525622,0.000525622,-0.132844
F,0.0288237,0.000525622,0.000525622,0.0293493
F,0.0852004,0.000525622,0.000525622,0.085726
F,0.19495,0.000525622,0.000525622,0.195476
F,-0.0316229,0.000525622,0.000525622,-0.0310972
F,0.237545,0.000525622,0.000525622,0.23807
F,-0.257333,0.000525622,0.000525622,-0.256807
F,0.0353703,0.000525622,0.000525622,0.0358959
F,0.0285571,0.000525622,0.000525622,0.0290827
F,0.0793874,0.000525622,0.000525622,0.0799131
F,-0.140443,0.000525622,0.000525622,-0.139917
F,-0.305477,0.000525622,0.000525622,-0.304952
F,-0.245042,0.000525622,0.000525622,-0.244516
F,0.473533,0.0132514,0.0132514,0.486784
F,-0.232234,0.000525622,0.000525622,-0.231708
F,0.0351786,0.000525622,0.000525622,0.0357043
F,0.178633,0.000525622,0.000525622,0.179158
F,0.225893,0.000525622,0.000525622,0.226419
F,0.0640752,0.000525622,0.000525622,0.0646008
F,0.438254,0.000525622,0.000525622,0.43878
F,-0.277575,0.000525622,0.000525622,-0.27705
F,0.0646983,0.000525622,0.000525622,0.065224
F,-0.0297261,0.000525622,0.000525622,-0.0292005
F,-0.149651,-0.0552031,-0.0552031,-0.204854
F,-0.270388,0.000525622,0.000525622,-0.269862
F,0.0814188,0.000525622,0.000525622,0.0819444
F,-0.0678064,0.000525622,0.000525622,-0.0672808
F,0.0538386,0.000525622,0.000525622,0.0543643
F,-0.187408,0.000525622,0.000525622,-0.186883
F,0.0428776,0.000525622,0.000525622,0.0434033
F,-0.0673668,0.000525622,0.000525622,-0.0668412
F,0.277983,0.000525622,0.000525622,0.278508
F,0.101327,0.000525622,0.000525622,0.101853
F,0.0109835,0.000525622,0.000525622,0.0115091
F,-0.148383,0.000525622,0.000525622,-0.147858
F,0.282414,0.000525622,0.000525622,0.28294
F,0.0574164,0.000525622,0.000525622,0.057942
F,-0.23311,0.000525622,0.000525622,-0.232584
F,-0.148092,0.000525622,0.000525622,-0.147567
F,-0.0794704,0.000525622,0.000525622,-0.0789448
F,-0.107491,0.0132514,0.0132514,-0.0942401
F,-0.0918892,0.000525622,0.000525622,-0.0913636
F,-0.162366,0.000525622,0.000525622,-0.16184
F,-0.018908,0.000525622,0.000525622,-0.0183823
F,-0.388089,-0.0552031,-0.0552031,-0.443292
F,-0.156129,0.000525622,0.000525622,-0.155603
F,-0.200475,0.000525622,0.000525622,-0.199949
F,-0.0416769,0.000525622,0.000525622,-0.0411512
F,0.0672818,0.000525622,0.000525622,0.0678075
F,-0.0618517,0.0132514,0.0132514,-0.0486003
F,-0.172133,0.000525622,0.000525622,-0.171607
F,-0.0486355,-0.0552031,-0.0552031,-0.103839
F,0.0509212,0.000525622,0.000525622,0.0514468
F,0.225604,0.000525622,0.000525622,0.226129
F,0.183099,0.000525622,0.000525622,0.183625
F,-0.0519627,0.000525622,0.000525622,-0.0514371
F,0.174881,0.000525622,0.000525622,0.175407
F,-0.220031,0.000525622,0.000525622,-0.219505
F,0.086951,0.000525622,0.000525622,0.0874766
F,0.0129437,0.000525622,0.000525622,0.0134694
F,-0.0754893,0.000525622,0.000525622,-0.0749637
F,0.281979,0.000525622,0.000525622,0.282505
F,0.0143112,0.000525622,0.000525622,0.0148368
F,0.0750859,0.000525622,0.000525622,0.0756116
F,-0.0241326,0.000525622,0.000525622,-0.023607
F,-0.217264,0.000525622,0.000525622,-0.216738
F,0.0963006,0.000525622,0.000525622,0.0968262
F,0.233285,0.000525622,0.000525622,0.23381
F,0.113907,-0.0552031,-0.0552031,0.058704
F,-0.0715621,0.000525622,0.000525622,-0.0710365
F,-0.00142869,0.000525622,0.000525622,-0.000903071
F,-0.114156,0.000525622,0.000525622,-0.113631
F,0.091315,0.000525622,0.000525622,0.0918406
F,0.169087,0.000525622,0.000525622,0.169613
F,-0.308062,0.0359397,0.0359397,-0.272122
F,-0.29013,0.000525622,0.000525622,-0.289605
F,0.0135113,0.000525622,0.000525622,0.0140369
F,-0.0871337,0.000525622,0.000525622,-0.086608
F,-0.170127,0.000525622,0.000525622,-0.169601
F,-0.0278032,0.000525622,0.000525622,-0.0272776
F,0.036579,0.000525622,0.000525622,0.0371046
F,0.0537393,0.000525622,0.000525622,0.054265
F,-0.0167876,0.000525622,0.000525622,-0.016262
F,0.400995,0.000525622,0.000525622,0.401521
F,0.329544,0.000525622,0.000525622,0.33007
F,-0.171277,0.000525622,0.000525622,-0.170752
F,-0.348637,0.000525622,0.000525622,-0.348111
F,0.0335672,0.000525622,0.000525622,0.0340928
F,-0.184858,-0.0552031,-0.0552031,-0.240061
F,0.0148865,0.000525622,0.000525622,0.0154121
F,0.280463,-0.0552031,-0.0552031,0.22526
F,0.0719196,0.000525622,0.000525622,0.0724452
F,0.0893233,0.000525622,0.000525622,0.0898489
F,0.285981,0.000525622,0.000525622,0.286507
F,0.0278841,0.000525622,0.000525622,0.0284097
F,0.166925,0.000525622,0.000525622,0.167451
F,0.218123,0.000525622,0.000525622,0.218649
F,0.0601979,0.000525622,0.000525622,0.0607236
F,0.0232697,-0.0552031,-0.0552031,-0.0319334
F,-0.285031,0.000525622,0.000525622,-0.284506
F,-0.09398,0.000525622,0.000525622,-0.0934544
F,-0.0466552,0.000525622,0.000525622,-0.0461296
F,0.342746,0.000525622,0.000525622,0.343271
F,-0.391598,0.000525622,0.000525622,-0.391072
F,0.292242,0.000525622,0.000525622,0.292768
F,0.212856,0.000525622,0.000525622,0.213381
F,0.0411967,0.000525622,0.000525622,0.0417223
F,0.382119,0.000525622,0.000525622,0.382645
F,-0.370455,0.000525622,0.000525622,-0.369929
F,0.00650683,0.000525622,0.000525622,0.00703245
F,0.0433934,0.000525622,0.000525622,0.043919
F,0.0998326,0.000525622,0.000525622,0.100358
F,0.142001,0.000525622,0.000525622,0.142527
F,0.276666,0.000525622,0.000525622,0.277191
F,0.100859,0.000525622,0.000525622,0.101384
F,-0.0628978,0.000525622,0.000525622,-0.0623722
F,-0.122624,0.000525622,0.000525622,-0.122098
F,-0.0427496,0.000525622,0.000525622,-0.042224
F,0.212789,0.000525622,0.000525622,0.213315
F,0.070196,0.000525622,0.000525622,0.0707216
F,0.0988918,0.000525622,0.000525622,0.0994174
F,-0.148944,0.000525622,0.000525622,-0.148419
F,0.014665,0.000525622,0.000525622,0.0151906
F,0.250366,0.000525622,0.000525622,0.250892
F,0.236176,0.000525622,0.000525622,0.236701
F,0.130552,0.000525622,0.000525622,0.131078
F,-0.0147641,0.000525622,0.000525622,-0.0142385
F,0.0660362,0.000525622,0.000525622,0.0665618
F,0.0807058,0.000525622,0.000525622,0.0812314
F,0.127303,0.000525622,0.000525622,0.127828
F,0.0765488,0.000525622,0.000525622,0.0770744
F,-0.0509698,0.000525622,0.000525622,-0.0504442
F,0.0742888,0.000525622,0.000525622,0.0748144
F,0.173786,0.000525622,0.000525622,0.174312
F,-0.153306,0.000525622,0.000525622,-0.15278
F,-0.315413,0.000525622,0.000525622,-0.314887
F,0.12863,0.000525622,0.000525622,0.129155
F,-0.0255573,0.000525622,0.000525622,-0.0250317
F,-0.016322,0.000525622,0.000525622,-0.0157964
F,-0.0048606,0.000525622,0.000525622,-0.00433498
F,0.258946,0.000525622,0.000525622,0.259472
F,0.0029153,0.000525622,0.000525622,0.00344092
F,0.249457,-0.0552031,-0.0552031,0.194254
F,0.00257492,0.000525622,0.000525622,0.00310054
F,-0.21213,0.000525622,0.000525622,-0.211604
F,-0.572487,0.000525622,0.000525622,-0.571961
F,0.00110444,0.000525622,0.000525622,0.00163006
F,-0.126103,0.0132514,0.0132514,-0.112852
F,0.0851879,0.000525622,0.000525622,0.0857136
F,-0.0659004,0.000525622,0.000525622,-0.0653748
F,-0.457364,0.000525622,0.000525622,-0.456838
F,0.0916229,0.000525622,0.000525622,0.0921485
F,0.20524,0.000525622,0.000525622,0.205765
F,-0.102485,0.000525622,0.000525622,-0.10196
F,-0.165788,0.000525622,0.000525622,-0.165263
F,0.334726,0.000525622,0.000525622,0.335252
F,-0.419979,0.000525622,0.000525622,-0.419453
F,-0.461279,0.000525622,0.000525622,-0.460753
F,-0.0375393,0.000525622,0.000525622,-0.0370137
F,0.0412893,0.000525622,0.000525622,0.0418149
F,0.201039,0.000525622,0.000525622,0.201565
F,-0.0530196,0.000525622,0.000525622,-0.052494
F,-0.0863018,0.000525622,0.000525622,-0.0857762
F,-0.0553547,0.000525622,0.000525622,-0.0548291
F,0.210331,0.000525622,0.000525622,0.210857
F,0.325494,0.000525622,0.000525622,0.32602
F,-0.257525,0.000525622,0.000525622,-0.257
F,-0.0396686,-0.0552031,-0.0552031,-0.0948718
F,0.0416253,0.000525622,0.000525622,0.0421509
F,-0.0398507,0.000525622,0.000525622,-0.0393251
F,0.120689,0.000525622,0.000525622,0.121214
F,-0.149838,0.000525622,0.000525622,-0.149313
F,0.402043,0.000525622,0.000525622,0.402569
F,-0.113349,0.000525622,0.000525622,-0.112823
F,0.313067,0.000525622,0.000525622,0.313593
F,-0.0789396,0.000525622,0.000525622,-0.078414
F,0.134786,0.0104251,0.0104251,0.145211
F,0.458387,0.000525622,0.000525622,0.458913
F,-0.242705,0.000525622,0.000525622,-0.24218
F,-0.0558426,0.000525622,0.000525622,-0.055317
F,-0.303071,0.000525622,0.000525622,-0.302546
F,-0.168962,0.000525622,0.000525622,-0.168436
F,0.0203237,-0.0552031,-0.0552031,-0.0348794
F,-0.325891,0.000525622,0.000525622,-0.325365
F,-0.312595,0.000525622,0.000525622,-0.312069
F,-0.406632,0.000525622,0.000525622,-0.406106
F,-0.192194,-0.0552031,-0.0552031,-0.247397
F,-0.00707871,0.000525622,0.000525622,-0.00655309
F,-0.150246,0.000525622,0.000525622,-0.14972
F,-0.0467506,0.000525622,0.000525622,-0.0462249
F,0.250875,0.000525622,0.000525622,0.251401
F,-0.305918,0.000525622,0.000525622,-0.305392
F,0.00513057,0.000525622,0.000525622,0.00565619
F,-0.0460596,0.000525622,0.000525622,-0.045534
F,-0.0868213,0.000525622,0.000525622,-0.0862957
F,0.0620047,0.000525622,0.000525622,0.0625303
F,0.278063,0.000525622,0.000525622,0.278589
F,0.104367,0.000525622,0.000525622,0.104892
F,-0.261076,0.000525622,0.000525622,-0.260551
F,0.286732,0.000525622,0.000525622,0.287258
F,0.184112,0.000525622,0.000525622,0.184638
F,0.0527129,0.000525622,0.000525622,0.0532385
F,-0.132069,0.000525622,0.000525622,-0.131544
F,-0.17008,0.000525622,0.000525622,-0.169554
F,0.0216238,0.000525622,0.000525622,0.0221495
F,0.281947,0.000525622,0.000525622,0.282473
F,-0.137632,0.000525622,0.000525622,-0.137106
F,-0.127867,0.000525622,0.000525622,-0.127341
F,-0.162139,0.000525622,0.000525622,-0.161613
F,0.0794454,0.000525622,0.000525622,0.079971
F,-0.306935,0.000525622,0.000525622,-0.306409
F,-0.0188848,0.000525622,0.000525622,-0.0183592
F,-0.126285,0.000525622,0.000525622,-0.125759
F,-0.0218325,0.000525622,0.000525622,-0.0213069
F,-0.174201,0.000525622,0.000525622,-0.173675
F,-0.0213359,0.000525622,0.000525622,-0.0208103
F,0.073461,0.000525622,0.000525622,0.0739866
F,0.175262,0.000525622,0.000525622,0.175787
F,0.20364,0.000525622,0.000525622,0.204166
F,-0.0954675,0.000525622,0.000525622,-0.0949419
F,0.174867,0.000525622,0.000525622,0.175393
F,-0.0456938,0.000525622,0.000525622,-0.0451682
F,-0.143392,0.000525622,0.000525622,-0.142867
F,-0.0391623,0.000525622,0.000525622,-0.0386366
F,-0.304739,0.000525622,0.000525622,-0.304213
F,-0.204647,0.000525622,0.000525622,-0.204122
F,0.0792465,0.000525622,0.000525622,0.0797722
F,0.44336,0.000525622,0.000525622,0.443886
F,-0.156044,0.000525622,0.000525622,-0.155518
F,-0.0698498,0.000525622,0.000525622,-0.0693241
F,-0.248177,0.000525622,0.000525622,-0.247652
F,-0.455367,0.000525622,0.000525622,-0.454842
F,-0.121268,0.000525622,0.000525622,-0.120742
F,-0.293442,0.000525622,0.000525622,-0.292916
F,0.133552,0.000525622,0.000525622,0.134078
F,0.108322,0.000525622,0.000525622,0.108847
F,0.0312395,0.0132514,0.0132514,0.044491
F,-0.28895,0.000525622,0.000525622,-0.288424
F,0.132281,0.000525622,0.000525622,0.132807
F,-0.142588,0.000525622,0.000525622,-0.142062
F,0.140394,0.000525622,0.000525622,0.14092
F,0.107246,0.000613133,0.000613133,0.107859
F,-0.235693,0.000525622,0.000525622,-0.235167
F,-0.218613,0.000525622,0.000525622,-0.218087
F,0.00965498,0.000525622,0.000525622,0.0101806
F,-0.0652571,0.000525622,0.000525622,-0.0647315
F,0.296079,0.000525622,0.000525622,0.296605
F,0.379591,0.000525622,0.000525622,0.380117
F,0.180796,0.000525622,0.000525622,0.181322
F,0.0840547,0.000525622,0.000525622,0.0845803
F,-0.320976,0.000525622,0.000525622,-0.32045
F,-0.113828,0.000525622,0.000525622,-0.113302
F,-0.0611795,0.000525622,0.000525622,-0.0606538
F,0.0952611,0.000525622,0.000525622,0.0957867
F,-0.0589936,0.000525622,0.000525622,-0.0584679
F,0.0632854,0.000525622,0.000525622,0.063811
F,-0.0836567,0.000525622,0.000525622,-0.083131
F,-0.0851813,0.000525622,0.000525622,-0.0846557
F,-0.0306974,0.000525622,0.000525622,-0.0301718
F,0.198591,0.000525622,0.000525622,0.199116
F,-0.224138,0.000525622,0.000525622,-0.223613
F,0.267732,0.000525622,0.000525622,0.268258
F,0.0338973,0.000525622,0.000525622,0.0344229
F,0.111209,0.0359397,0.0359397,0.147148
F,0.0773456,0.000525622,0.000525622,0.0778712
F,0.269157,0.0359397,0.0359397,0.305096
F,0.144906,0.000525622,0.000525622,0.145431
F,-0.165994,0.000525622,0.000525622,-0.165468
F,0.27918,0.000525622,0.000525622,0.279706
F,0.282141,0.000525622,0.000525622,0.282667
F,-0.267181,0.000525622,0.000525622,-0.266656
F,-0.145974,0.000525622,0.000525622,-0.145448
F,0.0621385,0.000525622,0.000525622,0.0626641
F,0.168808,0.000525622,0.000525622,0.169334
F,-0.164962,0.000525622,0.000525622,-0.164436
F,-0.0212124,0.000525622,0.000525622,-0.0206868
F,-0.0936515,0.000525622,0.000525622,-0.0931259
F,0.283038,-0.0552031,-0.0552031,0.227835
F,-0.0338025,-0.0552031,-0.0552031,-0.0890056
F,-0.0464471,0.000525622,0.000525622,-0.0459215
F,0.0914877,0.000525622,0.000525622,0.0920133
F,0.41475,0.000525622,0.000525622,0.415275
F,0.261025,0.000525622,0.000525622,0.261551
F,-0.0276836,0.000525622,0.000525622,-0.027158
F,0.260103,0.000525622,0.000525622,0.260628
F,-0.143013,0.000525622,0.000525622,-0.142488
F,0.0648837,0.000525622,0.000525622,0.0654094
F,-0.102223,0.000525622,0.000525622,-0.101698
F,-0.109801,0.000525622,0.000525622,-0.109276
F,-0.106307,0.000525622,0.000525622,-0.105782
F,-0.0404254,0.000525622,0.000525622,-0.0398998
F,-0.243903,0.000525622,0.000525622,-0.243377
F,0.0989558,0.000525622,0.000525622,0.0994814
F,0.110305,0.000525622,0.000525622,0.110831
F,0.0668795,0.000525622,0.000525622,0.0674052
F,-0.0500134,0.000525622,0.000525622,-0.0494878
F,-0.374201,0.000525622,0.000525622,-0.373675
F,0.360252,0.000525622,0.000525622,0.360778
F,0.00404684,0.000525622,0.000525622,0.00457246
F,-0.26941,0.000525622,0.000525622,-0.268884
F,-0.184572,0.000525622,0.000525622,-0.184046
F,0.156743,0.000525622,0.000525622,0.157269
F,0.0224539,0.000525622,0.000525622,0.0229795
F,0.140241,0.000525622,0.000525622,0.140766
F,0.00909716,0.000525622,0.000525622,0.00962279
F,0.227367,-0.0552031,-0.0552031,0.172164
F,0.220429,0.000525622,0.000525622,0.220955
F,-0.110244,0.000525622,0.000525622,-0.109718
F,-0.091885,-0.0552031,-0.0552031,-0.147088
F,-0.0844062,0.0104251,0.0104251,-0.0739811
F,0.262513,0.000525622,0.000525622,0.263039
F,0.204541,0.000525622,0.000525622,0.205067
F,-0.0376762,0.000525622,0.000525622,-0.0371506
F,-0.225537,0.000525622,0.000525622,-0.225011
F,0.27629,0.000525622,0.000525622,0.276815
F,0.161779,0.000525622,0.000525622,0.162305
F,0.00675628,0.0359397,0.0359397,0.042696
F,0.0770434,0.000525622,0.000525622,0.077569
F,-0.376699,0.000525622,0.000525622,-0.376173
F,-0.0028224,0.000525622,0.000525622,-0.00229677
F,0.29396,0.000525622,0.000525622,0.294486
F,0.27011,0.0132514,0.0132514,0.283361
F,0.159184,0.000525622,0.000525622,0.159709
F,0.0230754,0.000525622,0.000525622,0.023601
F,0.426044,0.000525622,0.000525622,0.426569
F,-0.212177,0.000525622,0.000525622,-0.211652
F,-0.189125,0.000525622,0.000525622,-0.1886
F,0.256598,0.000525622,0.000525622,0.257124
F,-0.305315,0.000525622,0.000525622,-0.304789
F,0.209549,0.0104251,0.0104251,0.219974
F,0.0300226,0.000525622,0.000525622,0.0305482
F,-0.278833,0.000525622,0.000525622,-0.278308
F,0.186743,0.000525622,0.000525622,0.187268
F,-0.0872995,0.000525622,0.000525622,-0.0867738
F,0.201305,0.000525622,0.000525622,0.20183
F,-0.0587589,0.000525622,0.000525622,-0.0582333
F,0.147024,0.000525622,0.000525622,0.14755
F,0.0722736,0.000525622,0.000525622,0.0727992
F,-0.151787,0.000525622,0.000525622,-0.151261
F,-0.0404737,-0.0552031,-0.0552031,-0.0956768
F,-0.295378,0.000525622,0.000525622,-0.294852
F,-0.0596659,0.000525622,0.000525622,-0.0591402
F,-0.091579,0.000613133,0.000613133,-0.0909658
F,-0.0122308,0.000525622,0.000525622,-0.0117051
F,-0.420349,0.000525622,0.000525622,-0.419823
F,-0.0189094,0.000525622,0.000525622,-0.0183838
F,0.219781,0.000525622,0.000525622,0.220307
F,0.153382,0.000525622,0.000525622,0.153907
F,0.0203771,0.000525622,0.000525622,0.0209027
F,0.00463064,0.000525622,0.000525622,0.00515626
F,-0.256375,0.000525622,0.000525622,-0.25585
F,0.171575,-0.0552031,-0.0552031,0.116372
F,0.337115,0.000525622,0.000525622,0.337641
F,0.293553,0.000525622,0.000525622,0.294079
F,0.0280288,0.000525622,0.000525622,0.0285544
F,-0.396348,0.000525622,0.000525622,-0.395822
F,-0.246948,0.000525622,0.000525622,-0.246423
F,-0.368569,0.000525622,0.000525622,-0.368044
F,-0.0359456,0.000525622,0.000525622,-0.0354199
F,0.0262842,0.000525622,0.000525622,0.0268099
F,-0.00200328,0.000525622,0.000525622,-0.00147766
F,0.252884,0.000525622,0.000525622,0.25341
F,0.126187,0.000525622,0.000525622,0.126712
F,0.304836,0.000525622,0.000525622,0.305362
F,0.459407,0.000525622,0.000525622,0.459932
F,0.138579,0.000525622,0.000525622,0.139105
F,0.138607,0.000525622,0.000525622,0.139132
F,-0.0665942,0.000525622,0.000525622,-0.0660686
F,-0.288095,0.000525622,0.000525622,-0.287569
F,0.11004,0.000525622,0.000525622,0.110566
F,-0.337293,0.000525622,0.000525622,-0.336768
F,0.0627359,0.000525622,0.000525622,0.0632615
F,-0.360792,-0.0552031,-0.0552031,-0.415995
F,-0.0709062,0.000525622,0.000525622,-0.0703806
F,-0.256971,0.000525622,0.000525622,-0.256445
F,-0.444063,0.000525622,0.000525622,-0.443537
F,-0.0452036,-0.0552031,-0.0552031,-0.100407
F,0.0214391,0.000525622,0.000525622,0.0219647
F,0.0882043,0.000525622,0.000525622,0.08873
F,-0.106023,0.000525622,0.000525622,-0.105498
F,-0.0445323,0.000525622,0.000525622,-0.0440066
F,-0.0656805,0.000525622,0.000525622,-0.0651549
F,-0.282019,-0.0552031,-0.0552031,-0.337222
F,0.0168698,0.000525622,0.000525622,0.0173954
F,-0.471615,0.000525622,0.000525622,-0.471089
F,0.219799,0.000525622,0.000525622,0.220325
F,-0.111893,0.000525622,0.000525622,-0.111367
F,0.339627,0.000525622,0.000525622,0.340152
F,-0.0894116,0.000525622,0.000525622,-0.088886
F,0.0433156,-0.0552031,-0.0552031,-0.0118876
F,-0.044519,0.000525622,0.000525622,-0.0439934
F,0.347596,0.000525622,0.000525622,0.348122
F,0.208967,0.000525622,0.000525622,0.209493
F,-0.138287,0.000525622,0.000525622,-0.137761
F,0.205612,0.000525622,0.000525622,0.206137
F,0.245804,0.000525622,0.000525622,0.24633
F,-0.115486,0.000525622,0.000525622,-0.114961
F,0.0639316,0.000525622,0.000525622,0.0644572
F,-0.247552,0.000525622,0.000525622,-0.247027
F,-0.247474,0.000525622,0.000525622,-0.246949
F,-0.0874128,0.000525622,0.000525622,-0.0868872
F,-0.253536,0.000525622,0.000525622,-0.25301
F,0.141039,0.000525622,0.000525622,0.141565
F,-0.328703,0.0359397,0.0359397,-0.292764
F,0.112574,0.000525622,0.000525622,0.113099
F,-0.165056,0.000525622,0.000525622,-0.16453
F,0.206529,0.000525622,0.000525622,0.207055
F,-0.291819,0.000525622,0.000525622,-0.291293
F,-0.435372,0.000525622,0.000525622,-0.434846
F,-0.171961,0.000525622,0.000525622,-0.171435
F,0.252119,0.000525622,0.000525622,0.252645
F,-0.172572,0.000525622,0.000525622,-0.172046
F,0.122944,0.000525622,0.000525622,0.123469
F,-0.0480961,0.000525622,0.000525622,-0.0475704
F,0.018255,0.0359397,0.0359397,0.0541947
F,0.451077,0.000525622,0.000525622,0.451602
F,-0.417578,0.0104251,0.0104251,-0.407153
F,0.187024,0.000525622,0.000525622,0.18755
F,-0.0684715,0.000525622,0.000525622,-0.0679458
F,-0.0301059,0.000525622,0.000525622,-0.0295803
F,0.358611,0.000525622,0.000525622,0.359136
F,-0.288982,0.000525622,0.000525622,-0.288457
F,-0.0851309,0.000525622,0.000525622,-0.0846053
F,0.284566,0.000525622,0.000525622,0.285091
F,-0.0157033,0.000525622,0.000525622,-0.0151776
F,0.133284,0.000525622,0.000525622,0.13381
F,-0.038182,0.000525622,0.000525622,-0.0376564
F,0.115689,0.000525622,0.000525622,0.116215
F,0.123846,0.000525622,0.000525622,0.124372
F,0.286362,-0.0552031,-0.0552031,0.231159
F,-0.188717,0.000525622,0.000525622,-0.188191
F,-0.135251,0.000525622,0.000525622,-0.134725
F,0.481417,0.000525622,0.000525622,0.481943
F,0.0749691,0.000525622,0.000525622,0.0754948
F,0.0662035,0.000525622,0.000525622,0.0667291
F,0.073574,0.000525622,0.000525622,0.0740996
F,-0.183087,0.000525622,0.000525622,-0.182562
F,0.20247,0.000613133,0.000613133,0.203083
F,0.0895939,0.000525622,0.000525622,0.0901195
F,-0.294193,0.000525622,0.000525622,-0.293668
F,0.0384574,-0.0552031,-0.0552031,-0.0167457
F,-0.41065,0.000525622,0.000525622,-0.410124
F,-0.227914,0.000525622,0.000525622,-0.227389
F,-0.231932,0.000525622,0.000525622,-0.231407
F,-0.0697612,0.000525622,0.000525622,-0.0692355
F,-0.0281541,0.000525622,0.000525622,-0.0276285
F,0.16283,0.000525622,0.000525622,0.163356
F,-0.44114,0.000525622,0.000525622,-0.440614
F,0.144764,0.000525622,0.000525622,0.145289
F,0.0979999,0.000525622,0.000525622,0.0985255
F,0.265697,0.000525622,0.000525622,0.266223
F,0.141612,0.000525622,0.000525622,0.142138
F,-0.147642,0.000525622,0.000525622,-0.147117
F,-0.253316,0.0132514,0.0132514,-0.240065
F,0.394459,0.000525622,0.000525622,0.394984
F,0.0983058,0.000525622,0.000525622,0.0988314
F,-0.178298,0.000525622,0.000525622,-0.177772
F,0.145902,0.000525622,0.000525622,0.146427
F,-0.313203,0.000525622,0.000525622,-0.312677
F,0.618472,0.000525622,0.000525622,0.618997
F,-0.125173,0.000525622,0.000525622,-0.124647
F,0.0792174,0.000525622,0.000525622,0.079743
F,0.00109146,0.000525622,0.000525622,0.00161709
F,0.081841,0.000525622,0.000525622,0.0823666
F,0.137735,0.000525622,0.000525622,0.138261
F,0.130921,-0.0552031,-0.0552031,0.0757181
F,0.00682469,0.000525622,0.000525622,0.00735031
F,0.0995804,0.000525622,0.000525622,0.100106
F,-0.0712636,0.000525622,0.000525622,-0.070738
F,-0.0822822,0.000525622,0.000525622,-0.0817566
F,0.411929,-0.0552031,-0.0552031,0.356726
F,0.12559,0.000525622,0.000525622,0.126116
F,0.158471,0.000525622,0.000525622,0.158996
F,0.2637,0.000525622,0.000525622,0.264225
F,-0.0682093,0.000525622,0.000525622,-0.0676837
F,-0.118704,0.000525622,0.000525622,-0.118178
F,0.154111,0.000525622,0.000525622,0.154637
F,-0.00356444,0.000525622,0.000525622,-0.00303882
F,0.239661,-0.0552031,-0.0552031,0.184458
F,0.0942712,0.000525622,0.000525622,0.0947968
F,0.256356,0.000525622,0.000525622,0.256881
F,0.00287157,0.000525622,0.000525622,0.0033972
F,-0.299551,0.000525622,0.000525622,-0.299025
F,-0.036517,0.000525622,0.000525622,-0.0359913
F,-0.0349659,0.000525622,0.000525622,-0.0344402
F,-0.0029748,0.000525622,0.000525622,-0.00244918
F,0.217708,0.000525622,0.000525622,0.218234
F,-0.0391553,0.000525622,0.000525622,-0.0386297
F,0.118097,0.000525622,0.000525622,0.118622
F,-0.224138,0.000525622,0.000525622,-0.223613
F,-0.0923517,0.000525622,0.000525622,-0.0918261
F,-0.201832,0.000525622,0.000525622,-0.201306
F,-0.0218072,0.000525622,0.000525622,-0.0212816
F,0.225751,0.000525622,0.000525622,0.226277
F,0.137519,0.000525622,0.000525622,0.138044
F,0.364602,0.000525622,0.000525622,0.365127
F,0.056308,0.000525622,0.000525622,0.0568336
F,0.0616727,0.000525622,0.000525622,0.0621983
F,-0.161183,0.000525622,0.000525622,-0.160657
F,0.104915,0.000525622,0.000525622,0.10544
F,-0.114843,0.000525622,0.000525622,-0.114317
F,0.0996503,0.000525622,0.000525622,0.100176
F,-0.212146,0.000525622,0.000525622,-0.21162
F,0.0504705,0.000525622,0.000525622,0.0509961
F,-0.121129,-0.0552031,-0.0552031,-0.176332
F,0.0630465,0.000525622,0.000525622,0.0635721
F,-0.31375,0.000525622,0.000525622,-0.313224
F,-0.147881,0.000525622,0.000525622,-0.147355
F,-0.13358,0.000525622,0.000525622,-0.133055
F,-0.0218692,0.0359397,0.0359397,0.0140705
F,0.094869,0.000525622,0.000525622,0.0953946
F,0.0115101,0.0359397,0.0359397,0.0474498
F,0.454045,0.000525622,0.000525622,0.454571
F,0.0245712,0.000525622,0.000525622,0.0250968
F,0.0416744,0.000525622,0.000525622,0.0422001
F,-0.313116,0.000525622,0.000525622,-0.31259
F,0.00198038,0.000525622,0.000525622,0.002506
F,0.264787,0.000525622,0.000525622,0.265313
F,0.00242362,0.000525622,0.000525622,0.00294924
F,-0.279849,0.000525622,0.000525622,-0.279323
F,0.35562,0.000525622,0.000525622,0.356145
F,0.0331317,0.0359397,0.0359397,0.0690714
F,-0.407617,0.000525622,0.000525622,-0.407092
F,0.0611812,0.000525622,0.000525622,0.0617068
F,-0.593129,0.000525622,0.000525622,-0.592603
F,0.245749,0.000525622,0.000525622,0.246275
F,0.35642,0.000525622,0.000525622,0.356945
F,0.507904,0.000525622,0.000525622,0.508429
F,0.237874,0.000525622,0.000525622,0.2384
F,0.110043,0.000525622,0.000525622,0.110569
F,-0.0837979,0.000525622,0.000525622,-0.0832723
F,0.0553617,-0.0552031,-0.0552031,0.000158604
F,0.38621,0.000525622,0.000525622,0.386735
F,-0.150793,0.000525622,0.000525622,-0.150267
F,0.283622,0.0359397,0.0359397,0.319561
F,0.0264638,0.000525622,0.000525622,0.0269894
F,0.0548918,0.000525622,0.000525622,0.0554174
F,-0.0614666,0.000525622,0.000525622,-0.060941
F,0.165597,0.000525622,0.000525622,0.166122
F,0.252849,-0.0552031,-0.0552031,0.197646
F,-0.354895,0.000525622,0.000525622,-0.354369
F,0.393574,0.000525622,0.000525622,0.394099
F,0.251145,0.000525622,0.000525622,0.25167
F,-0.0338186,0.000525622,0.000525622,-0.0332929
F,0.240574,0.000525622,0.000525622,0.241099
F,0.00412724,0.000525622,0.000525622,0.00465286
F,-0.195138,0.000525622,0.000525622,-0.194612
F,0.177782,0.000525622,0.000525622,0.178307
F,0.220028,0.000525622,0.000525622,0.220553
F,-0.127753,0.000525622,0.000525622,-0.127227
F,-0.139649,0.000525622,0.000525622,-0.139124
F,-0.142243,0.000525622,0.000525622,-0.141717
F,-0.0916202,0.000525622,0.000525622,-0.0910946
F,0.070691,0.000525622,0.000525622,0.0712166
F,-0.01781,0.000525622,0.000525622,-0.0172844
F,-0.197886,0.000525622,0.000525622,-0.19736
F,-0.152702,0.000525622,0.000525622,-0.152176
F,0.115399,0.000525622,0.000525622,0.115925
F,0.256081,0.000525622,0.000525622,0.256606
F,-0.32213,0.000525622,0.000525622,-0.321604
F,-0.0566949,0.000525622,0.000525622,-0.0561693
F,-0.406885,0.000525622,0.000525622,-0.406359
F,0.0158961,0.000525622,0.000525622,0.0164217
F,0.367365,0.000525622,0.000525622,0.36789
F,0.0496068,0.000525622,0.000525622,0.0501325
F,0.180167,0.000525622,0.000525622,0.180692
F,-0.217546,0.000525622,0.000525622,-0.217021
F,0.417124,0.000525622,0.000525622,0.41765
F,-0.0362523,0.000525622,0.000525622,-0.0357267
F,-0.067595,0.000525622,0.000525622,-0.0670693
F,0.0397198,0.000525622,0.000525622,0.0402454
F,0.350753,0.000525622,0.000525622,0.351278
F,-0.103053,-0.0552031,-0.0552031,-0.158256
F,-0.259924,0.000525622,0.000525622,-0.259399
F,-0.0113254,0.000525622,0.000525622,-0.0107998
F,-0.145082,0.000525622,0.000525622,-0.144557
F,0.0631274,0.000525622,0.000525622,0.0636531
F,0.000573622,0.000525622,0.000525622,0.00109924
F,-0.196687,0.000525622,0.000525622,-0.196162
F,0.1657,0.000525622,0.000525622,0.166226
F,0.115164,0.000525622,0.000525622,0.11569
F,-0.0908388,0.000525622,0.000525622,-0.0903131
F,0.108047,0.000525622,0.000525622,0.108573
F,-0.373358,0.000525622,0.000525622,-0.372832
F,-0.323634,0.000525622,0.000525622,-0.323108
F,-0.142522,0.000525622,0.000525622,-0.141996
F,0.185331,0.000525622,0.000525622,0.185857
F,-0.095309,0.000525622,0.000525622,-0.0947833
F,0.0724281,0.000525622,0.000525622,0.0729537
F,-0.018166,0.000525622,0.000525622,-0.0176404
F,0.282104,-0.0552031,-0.0552031,0.226901
F,0.151752,0.000525622,0.000525622,0.152278
F,-0.311963,0.000525622,0.000525622,-0.311437
F,0.000630503,0.000525622,0.000525622,0.00115613
F,-0.221337,0.000525622,0.000525622,-0.220811
F,-0.147653,0.000525622,0.000525622,-0.147127
F,-0.0672307,0.000525622,0.000525622,-0.066705
F,-0.0750824,0.000525622,0.000525622,-0.0745568
F,-0.251479,0.000525622,0.000525622,-0.250953
F,0.352063,0.000525622,0.000525622,0.352589
F,-0.104967,0.000525622,0.000525622,-0.104442
F,0.0312034,0.000525622,0.000525622,0.031729
F,0.245341,0.000525622,0.000525622,0.245866
F,-0.256453,0.000525622,0.000525622,-0.255927
F,0.172882,0.000525622,0.000525622,0.173407
F,0.157228,0.000525622,0.000525622,0.157754
F,0.00327321,0.000525622,0.000525622,0.00379883
F,0.631273,0.000525622,0.000525622,0.631798
F,-0.416844,0.000525622,0.000525622,-0.416318
F,-0.042796,0.000525622,0.000525622,-0.0422704
F,0.259518,0.000525622,0.000525622,0.260044
F,0.155209,-0.0552031,-0.0552031,0.100006
F,0.0967952,0.000525622,0.000525622,0.0973208
F,-0.0875264,0.000525622,0.000525622,-0.0870008
F,0.156895,0.000525622,0.000525622,0.157421
F,0.0385537,0.0104251,0.0104251,0.0489788
F,0.0609972,0.000525622,0.000525622,0.0615228
F,0.122534,0.000525622,0.000525622,0.123059
F,0.0775763,0.000525622,0.000525622,0.0781019
F,0.244814,0.000525622,0.000525622,0.245339
F,0.105913,0.000525622,0.000525622,0.106439
F,-0.154917,0.000525622,0.000525622,-0.154392
F,0.155576,0.000525622,0.000525622,0.156102
F,-0.0718275,-0.0552031,-0.0552031,-0.127031
F,0.206514,0.000613133,0.000613133,0.207127
F,-0.0196021,0.000525622,0.000525622,-0.0190765
F,0.04623,-0.0552031,-0.0552031,-0.00897312
F,-0.261857,0.000525622,0.000525622,-0.261331
F,-0.206781,0.000525622,0.000525622,-0.206255
F,-0.103954,0.000525622,0.000525622,-0.103428
F,-0.306759,0.000525622,0.000525622,-0.306233
F,0.0666346,0.000525622,0.000525622,0.0671602
F,0.0962248,0.000525622,0.000525622,0.0967504
F,-0.0276675,0.000525622,0.000525622,-0.0271419
F,-0.0382167,0.000525622,0.000525622,-0.0376911
F,0.152393,0.000525622,0.000525622,0.152918
F,0.1268,0.000525622,0.000525622,0.127326
F,0.00616073,0.000525622,0.000525622,0.00668636
F,0.358239,0.000525622,0.000525622,0.358765
F,-0.0268377,0.000525622,0.000525622,-0.0263121
F,-0.0128489,-0.0552031,-0.0552031,-0.068052
F,-0.262107,0.000525622,0.000525622,-0.261582
F,0.186883,0.000525622,0.000525622,0.187409
F,-0.11626,0.000525622,0.000525622,-0.115735
F,0.292965,-0.0552031,-0.0552031,0.237762
F,0.209347,0.000525622,0.000525622,0.209873
F,-0.171968,0.000525622,0.000525622,-0.171443
F,-0.372704,0.000525622,0.000525622,-0.372179
F,0.111691,0.000525622,0.000525622,0.112216
F,0.165571,0.000525622,0.000525622,0.166097
F,0.105869,0.000525622,0.000525622,0.106395
F,-0.0126508,0.000525622,0.000525622,-0.0121252
F,0.225382,0.000525622,0.000525622,0.225907
F,0.275881,0.000525622,0.000525622,0.276407
F,-0.128027,0.000525622,0.000525622,-0.127501
F,-0.0401972,0.000525622,0.000525622,-0.0396716
F,0.102929,0.000525622,0.000525622,0.103454
F,0.347311,0.000525622,0.000525622,0.347836
F,-0.113716,0.000525622,0.000525622,-0.11319
F,0.103821,0.000525622,0.000525622,0.104346
F,0.208025,0.000525622,0.000525622,0.20855
F,0.200737,0.000525622,0.000525622,0.201263
F,-0.185683,0.000525622,0.000525622,-0.185157
F,-0.0914672,0.000525622,0.000525622,-0.0909415
F,0.164182,0.000525622,0.000525622,0.164708
F,-0.010306,0.0359397,0.0359397,0.0256337
F,0.11249,0.000525622,0.000525622,0.113016
F,0.16966,0.000525622,0.000525622,0.170186
F,-0.0672999,0.000525622,0.000525622,-0.0667743
F,0.238193,0.000525622,0.000525622,0.238719
F,-0.142169,0.000525622,0.000525622,-0.141643
F,-0.0440406,0.000525622,0.000525622,-0.0435149
F,-0.158778,0.000525622,0.000525622,-0.158252
F,-0.0426784,0.000525622,0.000525622,-0.0421528
F,0.442656,-0.0552031,-0.0552031,0.387453
F,0.169825,0.000525622,0.000525622,0.170351
F,0.350669,0.0359397,0.0359397,0.386609
F,-0.0744876,-0.0552031,-0.0552031,-0.129691
F,-0.42185,0.000525622,0.000525622,-0.421325
F,0.181977,0.000525622,0.000525622,0.182503
F,-0.031494,0.000525622,0.000525622,-0.0309684
F,-0.00837246,0.000525622,0.000525622,-0.00784684
F,-0.097469,0.000525622,0.000525622,-0.0969433
F,-0.0470991,0.000525622,0.000525622,-0.0465735
F,-0.202474,0.000525622,0.000525622,-0.201949
F,0.243664,0.000525622,0.000525622,0.244189
F,-0.271966,0.000525622,0.000525622,-0.271441
F,0.460813,0.000525622,0.000525622,0.461338
F,0.10909,0.000525622,0.000525622,0.109616
F,-0.255853,0.000525622,0.000525622,-0.255327
F,-0.162238,0.000525622,0.000525622,-0.161713
F,-0.12083,0.000525622,0.000525622,-0.120305
F,-0.0151893,0.000525622,0.000525622,-0.0146637
F,-0.0679874,0.000525622,0.000525622,-0.0674618
F,-0.0538258,0.000525622,0.000525622,-0.0533002
F,0.0652072,0.000525622,0.000525622,0.0657329
F,-0.0764708,0.000525622,0.000525622,-0.0759451
F,0.0246395,0.000525622,0.000525622,0.0251651
F,0.351451,0.000525622,0.000525622,0.351977
F,-0.118037,0.000525622,0.000525622,-0.117511
F,0.315264,0.000525622,0.000525622,0.31579
F,-0.018601,0.000525622,0.000525622,-0.0180754
F,0.0618386,0.000525622,0.000525622,0.0623643
F,0.0865931,0.000525622,0.000525622,0.0871187
F,0.059983,0.000525622,0.000525622,0.0605086
F,-0.0732948,0.000525622,0.000525622,-0.0727692
F,0.05186,0.000525622,0.000525622,0.0523856
F,-0.192037,0.0132514,0.0132514,-0.178786
F,0.190081,0.000525622,0.000525622,0.190607
F,0.40693,0.000525622,0.000525622,0.407456
F,0.0999469,0.000525622,0.000525622,0.100473
F,0.103579,0.000525622,0.000525622,0.104105
F,-0.211218,0.000525622,0.000525622,-0.210692
F,-0.124677,0.000525622,0.000525622,-0.124152
F,0.0158826,0.000525622,0.000525622,0.0164082
F,0.120988,0.000525622,0.000525622,0.121513
F,0.310523,0.000525622,0.000525622,0.311049
F,-0.241427,0.000525622,0.000525622,-0.240901
F,-0.0117331,0.000525622,0.000525622,-0.0112074
F,-0.0243513,0.000525622,0.000525622,-0.0238257
F,-0.579278,0.000525622,0.000525622,-0.578753
F,-0.144601,0.000525622,0.000525622,-0.144075
F,-0.347543,-0.0552031,-0.0552031,-0.402747
F,0.106602,0.000525622,0.000525622,0.107128
F,0.0311874,0.000525622,0.000525622,0.031713
F,0.186278,0.000525622,0.000525622,0.186804
F,0.128355,0.000525622,0.000525622,0.128881
F,-0.268049,0.000525622,0.000525622,-0.267524
F,-0.0821676,0.000525622,0.000525622,-0.081642
F,-0.0409445,0.000525622,0.000525622,-0.0404189
F,0.112357,0.000525622,0.000525622,0.112883
F,0.279554,0.000525622,0.000525622,0.28008
F,-0.196023,0.000525622,0.000525622,-0.195498
F,0.139711,0.000525622,0.000525622,0.140237
F,0.00994877,0.000525622,0.000525622,0.0104744
F,0.472758,0.000525622,0.000525622,0.473284
F,0.0699962,0.000525622,0.000525622,0.0705218
F,0.0781469,0.000525622,0.000525622,0.0786725
F,0.325495,0.000525622,0.000525622,0.32602
F,0.335675,0.000525622,0.000525622,0.336201
F,0.324919,0.000525622,0.000525622,0.325444
F,0.249958,0.000525622,0.000525622,0.250483
F,-0.131768,0.000525622,0.000525622,-0.131242
F,-0.185907,0.000525622,0.000525622,-0.185381
F,0.260932,0.000525622,0.000525622,0.261458
F,0.331601,0.000525622,0.000525622,0.332126
F,-0.127666,0.000525622,0.000525622,-0.12714
F,0.0331084,0.000525622,0.000525622,0.033634
F,0.0216661,0.000525622,0.000525622,0.0221917
F,-0.58554,0.000525622,0.000525622,-0.585014
F,-0.0251785,0.000525622,0.000525622,-0.0246529
F,0.350107,0.000525622,0.000525622,0.350633
F,-0.133588,0.000525622,0.000525622,-0.133062
F,0.325803,-0.0552031,-0.0552031,0.2706
F,-0.00735284,0.000525622,0.000525622,-0.00682722
F,-0.237441,0.000525622,0.000525622,-0.236915
F,0.0780934,-0.0552031,-0.0552031,0.0228903
F,-0.184064,0.000525622,0.000525622,-0.183538
F,-0.23355,0.000525622,0.000525622,-0.233024
F,0.392833,0.000525622,0.000525622,0.393359
F,0.076487,0.000525622,0.000525622,0.0770126
F,0.168333,0.000525622,0.000525622,0.168859
F,-0.0154296,0.000525622,0.000525622,-0.0149039
F,0.0549707,0.000525622,0.000525622,0.0554963
F,0.132616,0.000525622,0.000525622,0.133142
F,0.635792,0.000525622,0.000525622,0.636318
F,0.0910235,0.000525622,0.000525622,0.0915492
F,-0.208457,0.000525622,0.000525622,-0.207932
F,-0.0278138,0.000525622,0.000525622,-0.0272882
F,0.0452899,0.000525622,0.000525622,0.0458155
F,0.00708828,0.000525622,0.000525622,0.0076139
F,0.113027,-0.0552031,-0.0552031,0.0578238
F,0.00670243,0.000525622,0.000525622,0.00722806
F,0.104824,0.000525622,0.000525622,0.10535
F,0.302172,0.000525622,0.000525622,0.302697
F,0.214528,0.000525622,0.000525622,0.215054
F,0.0904356,0.000525622,0.000525622,0.0909613
F,0.0401701,0.000525622,0.000525622,0.0406958
F,-0.223603,0.000525622,0.000525622,-0.223078
F,0.278697,0.000525622,0.000525622,0.279223
F,-0.0927372,0.000525622,0.000525622,-0.0922116
F,0.132484,0.000525622,0.000525622,0.133009
F,-0.0250967,0.000525622,0.000525622,-0.0245711
F,-0.132015,0.000525622,0.000525622,-0.131489
F,-0.381515,0.000525622,0.000525622,-0.380989
F,0.165316,0.000525622,0.000525622,0.165841
F,0.141057,0.000525622,0.000525622,0.141583
F,0.158586,0.0132514,0.0132514,0.171837
F,0.198453,0.0132514,0.0132514,0.211704
F,0.18187,0.000525622,0.000525622,0.182396
F,0.135363,0.000525622,0.000525622,0.135888
F,-0.102948,0.000525622,0.000525622,-0.102422
F,-0.110858,0.000525622,0.000525622,-0.110332
F,-0.272121,-0.0552031,-0.0552031,-0.327324
F,0.00796559,0.000525622,0.000525622,0.00849122
F,0.202993,0.000525622,0.000525622,0.203519
F,-0.568562,0.000525622,0.000525622,-0.568037
F,0.139235,0.000525622,0.000525622,0.13976
F,0.258055,0.000525622,0.000525622,0.25858
F,0.200638,0.000525622,0.000525622,0.201164
F,0.185642,0.000525622,0.000525622,0.186168
F,0.0606167,0.000525622,0.000525622,0.0611423
F,0.155195,0.000525622,0.000525622,0.155721
F,0.136841,0.000525622,0.000525622,0.137366
F,0.340506,0.000525622,0.000525622,0.341031
F,-0.0174554,0.000525622,0.000525622,-0.0169297
F,-0.205197,0.000525622,0.000525622,-0.204672
F,-0.152708,0.000525622,0.000525622,-0.152183
F,-0.0801296,0.000525622,0.000525622,-0.0796039
F,0.072108,-0.0552031,-0.0552031,0.0169048
F,0.255185,-0.0552031,-0.0552031,0.199982
F,0.486945,0.000525622,0.000525622,0.48747
F,-0.423482,0.000525622,0.000525622,-0.422957
F,-0.307942,0.000525622,0.000525622,-0.307416
F,0.119776,0.000525622,0.000525622,0.120301
F,0.250975,0.000525622,0.000525622,0.2515
F,-0.221973,0.000525622,0.000525622,-0.221447
F,-0.239843,0.000525622,0.000525622,-0.239317
F,-0.368629,0.000525622,0.000525622,-0.368103
F,0.507015,-0.0552031,-0.0552031,0.451812
F,0.43939,0.000525622,0.000525622,0.439916
F,-0.195598,0.000525622,0.000525622,-0.195073
F,-0.0648227,0.000525622,0.000525622,-0.0642971
F,-0.0599563,0.000525622,0.000525622,-0.0594307
F,0.126227,0.000525622,0.000525622,0.126753
F,-0.151299,0.000525622,0.000525622,-0.150773
F,-0.0430836,0.000525622,0.000525622,-0.042558
F,0.354233,0.000525622,0.000525622,0.354758
F,0.241276,0.000525622,0.000525622,0.241802
F,-0.0630722,0.000525622,0.000525622,-0.0625466
F,-0.0834706,0.000525622,0.000525622,-0.082945
F,-0.26675,0.000525622,0.000525622,-0.266224
F,-0.273886,0.000525622,0.000525622,-0.273361
F,0.0929108,0.000525622,0.000525622,0.0934364
F,-0.00688139,0.000525622,0.000525622,-0.00635576
M,0.1555,-0.00284957,-0.00284957,0.152651
M,0.0952723,-0.00284957,-0.00284957,0.0924227
M,-0.394424,-0.00284957,-0.00284957,-0.397273
M,0.0220731,-0.00284957,-0.00284957,0.0192235
M,-0.207497,-0.00284957,-0.00284957,-0.210347
M,0.17108,-0.00284957,-0.00284957,0.16823
M,0.123952,-0.00284957,-0.00284957,0.121102
M,0.389357,-0.00284957,-0.00284957,0.386508
M,-0.201301,-0.00284957,-0.00284957,-0.204151
M,0.0371177,-0.00284957,-0.00284957,0.0342681
M,-0.124091,-0.00284957,-0.00284957,-0.126941
M,0.04978,-0.0187475,-0.0187475,0.0310325
M,-0.207166,-0.00284957,-0.00284957,-0.210015
M,0.112424,-0.00284957,-0.00284957,0.109575
M,-0.179313,-0.00284957,-0.00284957,-0.182162
M,-0.0935095,-0.00284957,-0.00284957,-0.0963591
M,0.547909,-0.00284957,-0.00284957,0.545059
M,0.00302731,-0.00284957,-0.00284957,0.000177735
M,-0.131036,-0.00284957,-0.00284957,-0.133886
M,-0.134938,-0.00284957,-0.00284957,-0.137788
M,0.218435,-0.00284957,-0.00284957,0.215585
M,0.0428054,-0.00284957,-0.00284957,0.0399558
M,0.119326,-0.00284957,-0.00284957,0.116477
M,-0.476123,-0.00284957,-0.00284957,-0.478973
M,0.0487962,-0.00284957,-0.00284957,0.0459466
M,0.809239,-0.00284957,-0.00284957,0.80639
M,-0.110661,-0.00284957,-0.00284957,-0.11351
M,0.0797227,-0.00284957,-0.00284957,0.0768731
M,0.00207294,-0.00284957,-0.00284957,-0.00077663
M,-0.309783,-0.00284957,-0.00284957,-0.312632
M,-0.0794971,-0.00284957,-0.00284957,-0.0823467
M,-0.0574326,-0.00284957,-0.00284957,-0.0602822
M,0.000137958,-0.00284957,-0.00284957,-0.00271162
M,0.0272902,-0.00284957,-0.00284957,0.0244406
M,-0.0296253,-0.00284957,-0.00284957,-0.0324749
M,-0.0967043,-0.00284957,-0.00284957,-0.0995539
M,-0.229769,0.00827633,0.00827633,-0.221493
M,-0.08291,-0.00284957,-0.00284957,-0.0857596
M,0.136892,-0.00284957,-0.00284957,0.134043
M,-0.00830792,-0.00284957,-0.00284957,-0.0111575
M,0.0488077,-0.00284957,-0.00284957,0.0459581
M,0.00691089,-0.00284957,-0.00284957,0.00406131
M,-0.02205,-0.0187475,-0.0187475,-0.0407975
M,0.244915,-0.00284957,-0.00284957,0.242066
M,-0.181163,-0.00284957,-0.00284957,-0.184012
M,0.0199396,-0.00284957,-0.00284957,0.0170901
M,0.106162,-0.00284957,-0.00284957,0.103313
M,-0.0271231,-0.00284957,-0.00284957,-0.0299727
M,-0.00141225,-0.00284957,-0.00284957,-0.00426183
M,-0.0186982,-0.00284957,-0.00284957,-0.0215478
M,0.185398,-0.00284957,-0.00284957,0.182548
M,-0.363794,-0.00284957,-0.00284957,-0.366644
M,-0.0829775,-0.00284957,-0.00284957,-0.0858271
M,0.171974,-0.00284957,-0.00284957,0.169124
M,-0.581643,-0.00284957,-0.00284957,-0.584493
M,-0.532549,-0.00284957,-0.00284957,-0.535399
M,-0.421111,-0.00284957,-0.00284957,-0.42396
M,-0.563942,-0.00284957,-0.00284957,-0.566792
M,-0.225413,-0.00284957,-0.00284957,-0.228263
M,0.207697,-0.00284957,-0.00284957,0.204847
M,0.289191,-0.00284957,-0.00284957,0.286342
M,-0.186056,-0.00284957,-0.00284957,-0.188905
M,0.00463409,-0.00284957,-0.00284957,0.00178452
M,0.170452,-0.00284957,-0.00284957,0.167602
M,-0.0760009,-0.00284957,-0.00284957,-0.0788504
M,-0.356904,-0.00284957,-0.00284957,-0.359753
M,-0.00616941,-0.00284957,-0.00284957,-0.00901899
M,-0.0710924,-0.00284957,-0.00284957,-0.0739419
M,0.0255679,-0.0187475,-0.0187475,0.00682037
M,0.0755972,-0.00284957,-0.00284957,0.0727476
M,0.244811,-0.00284957,-0.00284957,0.241961
M,0.563805,-0.00284957,-0.00284957,0.560956
M,0.160438,-0.00284957,-0.00284957,0.157588
M,0.194806,-0.00284957,-0.00284957,0.191956
M,0.35224,-0.00284957,-0.00284957,0.34939
M,-0.0633804,-0.00284957,-0.00284957,-0.06623
M,0.0628107,-0.00284957,-0.00284957,0.0599611
M,0.191454,-0.0187475,-0.0187475,0.172707
M,-0.284096,-0.00284957,-0.00284957,-0.286946
M,0.154999,-0.00284957,-0.00284957,0.152149
M,0.0365951,-0.00284957,-0.00284957,0.0337455
M,-0.0793537,-0.00284957,-0.00284957,-0.0822032
M,0.595074,-0.00284957,-0.00284957,0.592225
M,0.0527054,-0.00284957,-0.00284957,0.0498559
M,0.357978,-0.00284957,-0.00284957,0.355128
M,-0.0288422,-0.00284957,-0.00284957,-0.0316917
M,-0.0702685,-0.00284957,-0.00284957,-0.0731181
M,0.436012,-0.00284957,-0.00284957,0.433163
M,0.2461,-0.00284957,-0.00284957,0.24325
M,0.0422379,-0.00284957,-0.00284957,0.0393883
M,0.195463,-0.00284957,-0.00284957,0.192613
M,-0.0182609,-0.00284957,-0.00284957,-0.0211105
M,-0.370264,-0.00284957,-0.00284957,-0.373113
M,0.043779,-0.00284957,-0.00284957,0.0409294
M,0.242872,-0.00284957,-0.00284957,0.240022
M,0.0546855,-0.00284957,-0.00284957,0.0518359
M,0.236838,-0.00284957,-0.00284957,0.233989
M,-0.140093,-0.00284957,-0.00284957,-0.142943
M,-0.0510364,-0.00284957,-0.00284957,-0.053886
M,0.105806,-0.00284957,-0.00284957,0.102956
M,0.231072,-0.00284957,-0.00284957,0.228223
M,0.409703,-0.00284957,-0.00284957,0.406854
M,-0.0218121,-0.00284957,-0.00284957,-0.0246617
M,-0.21488,-0.00284957,-0.00284957,-0.217729
M,-0.012657,-0.00284957,-0.00284957,-0.0155065
M,-0.300791,-0.00284957,-0.00284957,-0.30364
M,-0.100739,-0.00284957,-0.00284957,-0.103588
M,-0.225256,-0.00284957,-0.00284957,-0.228105
M,0.250768,-0.00284957,-0.00284957,0.247918
M,0.0587964,-0.00284957,-0.00284957,0.0559468
M,0.00142203,-0.00284957,-0.00284957,-0.00142755
M,-0.0540392,-0.00284957,-0.00284957,-0.0568888
M,0.338161,-0.00284957,-0.00284957,0.335312
M,-0.391398,-0.00284957,-0.00284957,-0.394248
M,0.0980328,-0.00284957,-0.00284957,0.0951833
M,0.312406,-0.00284957,-0.00284957,0.309556
M,0.0981544,-0.00284957,-0.00284957,0.0953049
M,-0.0252013,-0.00284957,-0.00284957,-0.0280508
M,-0.244853,-0.00284957,-0.00284957,-0.247703
M,0.174153,-0.00284957,-0.00284957,0.171303
M,-0.077631,-0.00284957,-0.00284957,-0.0804806
M,-0.318748,-0.00284957,-0.00284957,-0.321598
M,0.33674,-0.00284957,-0.00284957,0.33389
M,-0.0297114,-0.00284957,-0.00284957,-0.032561
M,-0.0827918,-0.00284957,-0.00284957,-0.0856414
M,0.228422,-0.00284957,-0.00284957,0.225572
M,0.0535397,-0.00284957,-0.00284957,0.0506902
M,-0.321269,-0.00284957,-0.00284957,-0.324118
M,-0.0592441,-0.00284957,-0.00284957,-0.0620936
M,0.0632746,-0.00284957,-0.00284957,0.060425
M,-0.356167,-0.00284957,-0.00284957,-0.359016
M,0.00877155,-0.00284957,-0.00284957,0.00592197
M,-0.48014,-0.00284957,-0.00284957,-0.48299
M,-0.122384,-0.00284957,-0.00284957,-0.125233
M,0.071124,-0.00284957,-0.00284957,0.0682744
M,0.240537,-0.00284957,-0.00284957,0.237687
M,0.00774876,-0.00284957,-0.00284957,0.00489918
M,0.362543,-0.00284957,-0.00284957,0.359693
M,-0.0432275,-0.00284957,-0.00284957,-0.0460771
M,0.276344,-0.00284957,-0.00284957,0.273494
M,-0.352401,-0.00284957,-0.00284957,-0.355251
M,-0.00764951,-0.00284957,-0.00284957,-0.0104991
M,0.121714,-0.00284957,-0.00284957,0.118865
M,-0.0157757,-0.00284957,-0.00284957,-0.0186253
M,-0.0672698,-0.00284957,-0.00284957,-0.0701194
M,-0.15489,-0.00284957,-0.00284957,-0.157739
M,0.0668679,-0.00284957,-0.00284957,0.0640183
M,0.145875,-0.0187475,-0.0187475,0.127127
M,0.00977035,-0.00284957,-0.00284957,0.00692078
M,0.060346,-0.00284957,-0.00284957,0.0574964
M,0.0754061,-0.00284957,-0.00284957,0.0725566
M,0.108525,-0.00284957,-0.00284957,0.105676
M,0.0951215,-0.00284957,-0.00284957,0.092272
M,-0.201386,-0.00284957,-0.00284957,-0.204236
M,-0.233318,-0.00284957,-0.00284957,-0.236167
M,-0.232806,-0.00284957,-0.00284957,-0.235656
M,0.0334953,-0.00284957,-0.00284957,0.0306457
M,-0.187024,-0.00284957,-0.00284957,-0.189874
M,-0.0517532,-0.00284957,-0.00284957,-0.0546028
M,0.0766396,-0.00284957,-0.00284957,0.07379
M,-0.023752,-0.00284957,-0.00284957,-0.0266016
M,-0.0891705,-0.00284957,-0.00284957,-0.0920201
M,-0.0133766,-0.00284957,-0.00284957,-0.0162261
M,-0.207843,-0.00284957,-0.00284957,-0.210693
M,-0.0381098,-0.00284957,-0.00284957,-0.0409593
M,0.412996,-0.00284957,-0.00284957,0.410147
M,-0.444841,0.00827633,0.00827633,-0.436564
M,0.208689,-0.00284957,-0.00284957,0.205839
M,0.0859004,-0.00284957,-0.00284957,0.0830509
M,0.483718,-0.00284957,-0.00284957,0.480868
M,-0.151987,-0.00284957,-0.00284957,-0.154837
M,0.1505,-0.00284957,-0.00284957,0.14765
M,0.0590657,-0.00284957,-0.00284957,0.0562162
M,-0.295897,-0.00284957,-0.00284957,-0.298747
M,0.266894,-0.00284957,-0.00284957,0.264045
M,0.054498,-0.00284957,-0.00284957,0.0516484
M,0.25731,-0.00284957,-0.00284957,0.254461
M,-0.235079,-0.00284957,-0.00284957,-0.237929
M,0.225313,-0.00284957,-0.00284957,0.222463
M,0.15206,-0.00284957,-0.00284957,0.149211
M,-0.0971457,-0.00284957,-0.00284957,-0.0999953
M,-0.00166093,-0.00284957,-0.00284957,-0.0045105
M,-0.179512,-0.00284957,-0.00284957,-0.182362
M,-0.079293,-0.00284957,-0.00284957,-0.0821426
M,-0.0067137,-0.00284957,-0.00284957,-0.00956328
M,0.0810561,-0.00284957,-0.00284957,0.0782065
M,-0.00427616,-0.00284957,-0.00284957,-0.00712573
M,0.452744,-0.0187475,-0.0187475,0.433997
M,0.366031,-0.00284957,-0.00284957,0.363181
M,-0.0697698,-0.0187475,-0.0187475,-0.0885173
M,-0.590102,-0.00284957,-0.00284957,-0.592951
M,0.146005,-0.00284957,-0.00284957,0.143155
M,0.181632,-0.00284957,-0.00284957,0.178782
M,0.206577,-0.00284957,-0.00284957,0.203727
M,0.157808,-0.00284957,-0.00284957,0.154959
M,-0.104277,-0.00284957,-0.00284957,-0.107127
M,0.199198,-0.00284957,-0.00284957,0.196349
M,-0.155264,-0.00284957,-0.00284957,-0.158114
M,-0.214615,-0.00284957,-0.00284957,-0.217465
M,0.417671,-0.00284957,-0.00284957,0.414822
M,0.111848,-0.00284957,-0.00284957,0.108998
M,-0.0513587,-0.00284957,-0.00284957,-0.0542083
M,0.160812,-0.00284957,-0.00284957,0.157963
M,0.287693,-0.0187475,-0.0187475,0.268945
M,-0.0265149,-0.00284957,-0.00284957,-0.0293645
M,0.0751845,-0.00284957,-0.00284957,0.0723349
M,0.14445,-0.00284957,-0.00284957,0.141601
M,-0.0719185,-0.00284957,-0.00284957,-0.0747681
M,-0.0647243,-0.00284957,-0.00284957,-0.0675739
M,0.00884631,-0.0187475,-0.0187475,-0.00990119
M,-0.362506,-0.00284957,-0.00284957,-0.365356
M,-0.484706,-0.00284957,-0.00284957,-0.487555
M,0.124857,-0.00284957,-0.00284957,0.122008
M,-0.176881,-0.00284957,-0.00284957,-0.179731
M,0.181038,0.00646543,0.00646543,0.187504
M,-0.143704,-0.00284957,-0.00284957,-0.146553
M,0.298954,-0.00284957,-0.00284957,0.296104
M,0.38756,-0.00284957,-0.00284957,0.38471
M,0.0463596,-0.00284957,-0.00284957,0.04351
M,-0.128598,-0.00284957,-0.00284957,-0.131448
M,-0.121111,-0.00284957,-0.00284957,-0.123961
M,-0.156963,-0.00284957,-0.00284957,-0.159813
M,0.0846095,-0.00284957,-0.00284957,0.0817599
M,-0.499785,0.00646543,0.00646543,-0.49332
M,-0.189076,-0.00284957,-0.00284957,-0.191925
M,0.00291581,-0.00284957,-0.00284957,6.62327e-05
M,-0.0515474,-0.00284957,-0.00284957,-0.054397
M,0.225711,-0.00284957,-0.00284957,0.222861
M,-0.3917,-0.00284957,-0.00284957,-0.39455
M,0.147899,-0.00284957,-0.00284957,0.145049
M,0.142558,-0.00284957,-0.00284957,0.139709
M,0.036489,-0.00284957,-0.00284957,0.0336394
M,0.00331173,-0.00284957,-0.00284957,0.000462153
M,0.316155,-0.00284957,-0.00284957,0.313305
M,0.0124205,-0.00284957,-0.00284957,0.00957092
M,0.102022,-0.00284957,-0.00284957,0.0991722
M,-0.041678,-0.0187475,-0.0187475,-0.0604255
M,0.246982,-0.00284957,-0.00284957,0.244133
M,0.392675,-0.00284957,-0.00284957,0.389826
M,0.323029,-0.00284957,-0.00284957,0.320179
M,-0.0997187,-0.00284957,-0.00284957,-0.102568
M,0.281608,-0.00284957,-0.00284957,0.278758
M,-0.025608,-0.00284957,-0.00284957,-0.0284575
M,-0.0669088,-0.00284957,-0.00284957,-0.0697584
M,0.578142,-0.00284957,-0.00284957,0.575293
M,0.220471,-0.00284957,-0.00284957,0.217621
M,-0.193766,-0.00284957,-0.00284957,-0.196615
M,-0.203976,-0.00284957,-0.00284957,-0.206825
M,0.150796,-0.00284957,-0.00284957,0.147946
M,0.0855315,-0.00284957,-0.00284957,0.0826819
M,-0.509083,-0.00284957,-0.00284957,-0.511933
M,-0.164007,-0.00284957,-0.00284957,-0.166857
M,0.359268,-0.00284957,-0.00284957,0.356418
M,0.225956,-0.00284957,-0.00284957,0.223106
M,-0.508216,-0.00284957,-0.00284957,-0.511066
M,0.199141,-0.00284957,-0.00284957,0.196291
M,-0.202729,0.0271667,0.0271667,-0.175563
M,-0.263764,-0.0187475,-0.0187475,-0.282512
M,0.0666736,-0.00284957,-0.00284957,0.063824
M,-0.11593,-0.00284957,-0.00284957,-0.11878
M,0.166874,-0.00284957,-0.00284957,0.164025
M,0.294242,-0.00284957,-0.00284957,0.291392
M,-0.287478,-0.00284957,-0.00284957,-0.290328
M,-0.145321,-0.00284957,-0.00284957,-0.14817
M,-0.0660803,-0.00284957,-0.00284957,-0.0689299
M,-0.143574,-0.00284957,-0.00284957,-0.146424
M,-0.13693,-0.00284957,-0.00284957,-0.139779
M,-0.043148,-0.00284957,-0.00284957,-0.0459976
M,0.0517627,-0.00284957,-0.00284957,0.0489131
M,0.0694568,-0.00284957,-0.00284957,0.0666072
M,-0.237842,-0.00284957,-0.00284957,-0.240691
M,-0.0657949,-0.00284957,-0.00284957,-0.0686445
M,-0.578336,-0.00284957,-0.00284957,-0.581185
M,-0.080058,-0.0187475,-0.0187475,-0.0988055
M,0.207647,-0.00284957,-0.00284957,0.204798
M,-0.0568332,-0.0187475,-0.0187475,-0.0755807
M,0.0242176,-0.0187475,-0.0187475,0.00547013
M,-0.398139,-0.00284957,-0.00284957,-0.400989
M,0.00277008,-0.00284957,-0.00284957,-7.94913e-05
M,0.0724839,-0.0187475,-0.0187475,0.0537364
M,0.131006,-0.00284957,-0.00284957,0.128157
M,0.0197797,-0.00284957,-0.00284957,0.0169301
M,-0.193781,-0.00284957,-0.00284957,-0.196631
M,0.132029,-0.00284957,-0.00284957,0.12918
M,-0.202159,-0.00284957,-0.00284957,-0.205009
M,-0.365806,-0.00284957,-0.00284957,-0.368656
M,0.161477,-0.00284957,-0.00284957,0.158627
M,-0.141789,-0.00284957,-0.00284957,-0.144639
M,-0.165145,-0.00284957,-0.00284957,-0.167994
M,-0.244774,-0.00284957,-0.00284957,-0.247623
M,-0.465588,-0.00284957,-0.00284957,-0.468437
M,-0.131543,-0.00284957,-0.00284957,-0.134392
M,-0.0224354,-0.00284957,-0.00284957,-0.025285
M,0.207224,-0.00284957,-0.00284957,0.204374
M,-0.149125,-0.00284957,-0.00284957,-0.151975
M,-0.341703,-0.00284957,-0.00284957,-0.344553
M,0.232323,-0.0187475,-0.0187475,0.213576
M,-0.0510943,-0.00284957,-0.00284957,-0.0539438
M,0.0460553,-0.00284957,-0.00284957,0.0432057
M,0.136919,-0.00284957,-0.00284957,0.134069
M,0.227252,-0.00284957,-0.00284957,0.224402
M,0.0185138,-0.00284957,-0.00284957,0.0156642
M,0.321092,-0.00284957,-0.00284957,0.318242
M,-0.163582,-0.00284957,-0.00284957,-0.166431
M,-0.0362905,-0.00284957,-0.00284957,-0.0391401
M,-0.288307,-0.00284957,-0.00284957,-0.291157
M,-0.390797,-0.00284957,-0.00284957,-0.393647
M,0.162225,-0.0187475,-0.0187475,0.143478
M,0.0108507,-0.00284957,-0.00284957,0.00800109
M,0.153772,-0.00284957,-0.00284957,0.150923
M,-0.114626,-0.00284957,-0.00284957,-0.117476
M,0.221129,-0.00284957,-0.00284957,0.218279
M,0.155746,-0.00284957,-0.00284957,0.152896
M,0.49543,-0.00284957,-0.00284957,0.492581
M,0.340887,-0.00284957,-0.00284957,0.338038
M,-0.0926888,-0.0187475,-0.0187475,-0.111436
M,0.146092,-0.00284957,-0.00284957,0.143242
M,-0.0429141,-0.00284957,-0.00284957,-0.0457637
M,-0.154432,-0.00284957,-0.00284957,-0.157282
M,-0.425021,-0.00284957,-0.00284957,-0.42787
M,-0.0719803,-0.00284957,-0.00284957,-0.0748299
M,-0.178673,-0.00284957,-0.00284957,-0.181523
M,-0.102559,0.0101742,0.0101742,-0.0923844
M,-0.32993,-0.00284957,-0.00284957,-0.332779
M,0.132828,-0.00284957,-0.00284957,0.129979
M,-0.00367319,-0.00284957,-0.00284957,-0.00652276
M,0.267688,-0.00284957,-0.00284957,0.264838
M,-0.166743,-0.00284957,-0.00284957,-0.169593
M,-0.132479,-0.00284957,-0.00284957,-0.135329
M,0.0108704,-0.00284957,-0.00284957,0.00802079
M,0.21516,-0.00284957,-0.00284957,0.212311
M,0.112502,-0.00284957,-0.00284957,0.109653
M,-0.273968,-0.00284957,-0.00284957,-0.276817
M,-0.148064,-0.00284957,-0.00284957,-0.150914
M,0.0403303,-0.00284957,-0.00284957,0.0374807
M,-0.26319,-0.00284957,-0.00284957,-0.26604
M,0.0622888,0.0271667,0.0271667,0.0894554
M,0.148337,-0.00284957,-0.00284957,0.145487
M,-0.144942,-0.00284957,-0.00284957,-0.147791
M,0.211319,-0.00284957,-0.00284957,0.20847
M,-0.222404,-0.00284957,-0.00284957,-0.225254
M,-0.372734,-0.00284957,-0.00284957,-0.375584
M,0.125535,-0.00284957,-0.00284957,0.122686
M,-0.324502,-0.00284957,-0.00284957,-0.327351
M,-0.183287,-0.00284957,-0.00284957,-0.186137
M,0.331575,-0.00284957,-0.00284957,0.328725
M,-0.406869,-0.00284957,-0.00284957,-0.409719
M,-0.0781547,-0.00284957,-0.00284957,-0.0810043
M,0.0951239,-0.00284957,-0.00284957,0.0922744
M,-0.00374397,-0.00284957,-0.00284957,-0.00659355
M,-0.227398,-0.00284957,-0.00284957,-0.230247
M,-0.31344,-0.00284957,-0.00284957,-0.31629
M,-0.308095,-0.00284957,-0.00284957,-0.310944
M,0.211628,-0.00284957,-0.00284957,0.208779
M,-0.04248,-0.00284957,-0.00284957,-0.0453296
M,-0.202547,-0.00284957,-0.00284957,-0.205396
M,-0.184386,-0.00284957,-0.00284957,-0.187236
M,-0.0315454,-0.0187475,-0.0187475,-0.0502929
M,-0.0525932,-0.00284957,-0.00284957,-0.0554428
M,-0.351782,-0.00284957,-0.00284957,-0.354632
M,-0.0736424,-0.00284957,-0.00284957,-0.0764919
M,-0.168525,-0.00284957,-0.00284957,-0.171374
M,0.152455,-0.00284957,-0.00284957,0.149605
M,-0.0582631,-0.00284957,-0.00284957,-0.0611127
M,0.107007,-0.00284957,-0.00284957,0.104158
M,0.175748,-0.00284957,-0.00284957,0.172899
M,0.131044,-0.00284957,-0.00284957,0.128194
M,0.212976,-0.00284957,-0.00284957,0.210126
M,-0.022951,-0.00284957,-0.00284957,-0.0258006
M,-0.0128383,-0.00284957,-0.00284957,-0.0156878
M,-0.464591,-0.00284957,-0.00284957,-0.46744
M,0.146168,-0.00284957,-0.00284957,0.143318
M,-0.0578111,-0.00284957,-0.00284957,-0.0606607
M,-0.201251,-0.00284957,-0.00284957,-0.204101
M,-0.0127943,-0.00284957,-0.00284957,-0.0156439
M,0.273574,-0.00284957,-0.00284957,0.270725
M,0.0530913,-0.00284957,-0.00284957,0.0502418
M,0.120169,0.0101742,0.0101742,0.130343
M,0.12332,-0.00284957,-0.00284957,0.12047
M,0.253585,-0.00284957,-0.00284957,0.250736
M,-0.0299079,-0.00284957,-0.00284957,-0.0327575
M,0.29933,-0.00284957,-0.00284957,0.29648
M,-0.160626,-0.00284957,-0.00284957,-0.163475
M,-0.115225,-0.00284957,-0.00284957,-0.118075
M,0.00447731,-0.00284957,-0.00284957,0.00162774
M,0.0721393,-0.00284957,-0.00284957,0.0692897
M,0.26931,-0.00284957,-0.00284957,0.26646
M,-0.566069,-0.00284957,-0.00284957,-0.568919
M,-0.0820863,-0.00284957,-0.00284957,-0.0849359
M,-0.167096,-0.00284957,-0.00284957,-0.169945
M,-0.344798,-0.00284957,-0.00284957,-0.347648
M,0.288043,-0.00284957,-0.00284957,0.285194
M,-0.288073,-0.0187475,-0.0187475,-0.30682
M,-0.0911265,-0.00284957,-0.00284957,-0.0939761
M,-0.213437,-0.00284957,-0.00284957,-0.216286
M,-0.260993,-0.00284957,-0.00284957,-0.263842
M,0.405375,-0.00284957,-0.00284957,0.402526
M,-0.220812,-0.00284957,-0.00284957,-0.223662
M,0.240379,-0.00284957,-0.00284957,0.23753
M,-0.432336,-0.00284957,-0.00284957,-0.435186
M,-0.105506,-0.00284957,-0.00284957,-0.108356
M,0.30929,-0.00284957,-0.00284957,0.30644
M,-0.063968,-0.00284957,-0.00284957,-0.0668176
M,0.172327,-0.00284957,-0.00284957,0.169477
M,0.0556014,-0.00284957,-0.00284957,0.0527518
M,0.172765,-0.00284957,-0.00284957,0.169916
M,-0.127278,-0.00284957,-0.00284957,-0.130128
M,0.107062,-0.00284957,-0.00284957,0.104212
M,-0.2108,-0.00284957,-0.00284957,-0.21365
M,-0.0940935,-0.00284957,-0.00284957,-0.0969431
M,0.484944,-0.00284957,-0.00284957,0.482095
M,0.0477881,-0.00284957,-0.00284957,0.0449385
M,-0.166398,-0.00284957,-0.00284957,-0.169248
M,-0.0356896,-0.00284957,-0.00284957,-0.0385392
M,-0.169997,-0.00284957,-0.00284957,-0.172847
M,-0.0192637,-0.00284957,-0.00284957,-0.0221133
M,-0.665894,-0.00284957,-0.00284957,-0.668743
M,0.005873,-0.00284957,-0.00284957,0.00302343
M,-0.0396637,-0.00284957,-0.00284957,-0.0425132
M,0.13509,-0.00284957,-0.00284957,0.13224
M,0.00308714,-0.00284957,-0.00284957,0.000237567
M,-0.223383,-0.00284957,-0.00284957,-0.226233
M,-0.0375545,0.00646543,0.00646543,-0.0310891
M,-0.0211591,-0.00284957,-0.00284957,-0.0240086
M,-0.194008,-0.00284957,-0.00284957,-0.196858
M,-0.210882,-0.00284957,-0.00284957,-0.213732
M,0.0825578,-0.00284957,-0.00284957,0.0797083
M,0.380185,-0.00284957,-0.00284957,0.377336
M,-0.128588,-0.00284957,-0.00284957,-0.131438
M,0.183677,-0.00284957,-0.00284957,0.180828
M,-0.0528472,-0.00284957,-0.00284957,-0.0556968
M,-0.0148709,-0.00284957,-0.00284957,-0.0177205
M,-0.0630953,-0.00284957,-0.00284957,-0.0659449
M,-0.453085,-0.00284957,-0.00284957,-0.455935
M,0.290619,-0.00284957,-0.00284957,0.287769
M,-0.154011,-0.00284957,-0.00284957,-0.15686
M,-0.444403,-0.00284957,-0.00284957,-0.447253
M,-0.345762,-0.00284957,-0.00284957,-0.348612
M,-0.0868294,-0.00284957,-0.00284957,-0.089679
M,0.425987,-0.00284957,-0.00284957,0.423138
M,0.0094923,-0.00284957,-0.00284957,0.00664273
M,0.243348,-0.00284957,-0.00284957,0.240498
M,-0.190855,-0.00284957,-0.00284957,-0.193705
M,-0.279234,-0.00284957,-0.00284957,-0.282083
M,0.242628,-0.00284957,-0.00284957,0.239778
M,-0.226881,-0.00284957,-0.00284957,-0.22973
M,0.0680188,-0.00284957,-0.00284957,0.0651692
M,0.0175236,-0.00284957,-0.00284957,0.014674
M,0.254531,-0.00284957,-0.00284957,0.251681
M,-0.0766098,-0.00284957,-0.00284957,-0.0794593
M,-0.0431899,-0.00284957,-0.00284957,-0.0460395
M,-0.0125338,-0.00284957,-0.00284957,-0.0153834
M,-0.0336838,0.0101742,0.0101742,-0.0235095
M,0.0576311,-0.00284957,-0.00284957,0.0547815
M,-0.0982219,-0.00284957,-0.00284957,-0.101071
M,-0.27859,-0.00284957,-0.00284957,-0.28144
M,-0.232113,-0.00284957,-0.00284957,-0.234963
M,0.227796,-0.00284957,-0.00284957,0.224946
M,-0.308035,-0.00284957,-0.00284957,-0.310884
M,-0.0261634,-0.00284957,-0.00284957,-0.029013
M,0.0405117,-0.00284957,-0.00284957,0.0376622
M,0.302256,-0.00284957,-0.00284957,0.299406
M,-0.0707862,-0.00284957,-0.00284957,-0.0736358
M,-0.430114,-0.00284957,-0.00284957,-0.432963
M,-0.0771884,-0.00284957,-0.00284957,-0.080038
M,-0.29167,-0.00284957,-0.00284957,-0.29452
M,0.157208,-0.00284957,-0.00284957,0.154358
M,-0.167181,-0.00284957,-0.00284957,-0.170031
M,-0.115521,-0.00284957,-0.00284957,-0.11837
M,0.187499,-0.00284957,-0.00284957,0.18465
M,0.0417078,-0.00284957,-0.00284957,0.0388582
M,0.288939,-0.00284957,-0.00284957,0.286089
M,0.234177,-0.00284957,-0.00284957,0.231327
M,-0.132236,-0.00284957,-0.00284957,-0.135085
M,0.0725344,-0.00284957,-0.00284957,0.0696849
M,-0.00952227,-0.00284957,-0.00284957,-0.0123718
M,0.00990381,-0.00284957,-0.00284957,0.00705424
M,-0.496812,-0.00284957,-0.00284957,-0.499661
M,0.0166249,-0.00284957,-0.00284957,0.0137753
M,0.0674199,-0.00284957,-0.00284957,0.0645704
M,-0.161658,-0.00284957,-0.00284957,-0.164508
M,0.00217295,-0.00284957,-0.00284957,-0.000676627
M,-0.137812,-0.00284957,-0.00284957,-0.140661
M,0.206095,-0.00284957,-0.00284957,0.203245
M,-0.0329388,-0.00284957,-0.00284957,-0.0357884
M,-0.0838709,-0.00284957,-0.00284957,-0.0867205
M,0.0143435,-0.00284957,-0.00284957,0.0114939
M,-0.0820678,-0.00284957,-0.00284957,-0.0849174
M,0.360856,-0.00284957,-0.00284957,0.358007
M,-0.113447,-0.00284957,-0.00284957,-0.116296
M,-0.0646156,-0.00284957,-0.00284957,-0.0674652
M,-0.0664643,0.0271667,0.0271667,-0.0392976
M,-0.0370013,-0.00284957,-0.00284957,-0.0398508
M,0.362994,-0.00284957,-0.00284957,0.360145
M,0.17071,-0.00284957,-0.00284957,0.16786
M,-0.145762,-0.00284957,-0.00284957,-0.148611
M,-0.0705994,-0.00284957,-0.00284957,-0.073449
M,-0.186459,-0.00284957,-0.00284957,-0.189308
M,0.338501,-0.00284957,-0.00284957,0.335652
M,0.0748469,-0.00284957,-0.00284957,0.0719973
M,-0.300325,-0.00284957,-0.00284957,-0.303174
M,0.0171337,-0.00284957,-0.00284957,0.0142841
M,0.104128,-0.00284957,-0.00284957,0.101279
M,-0.163508,-0.00284957,-0.00284957,-0.166358
M,-0.225014,-0.00284957,-0.00284957,-0.227863
M,0.181028,-0.00284957,-0.00284957,0.178178
M,-0.264281,-0.00284957,-0.00284957,-0.26713
M,-0.577195,-0.00284957,-0.00284957,-0.580044
M,-0.102319,-0.00284957,-0.00284957,-0.105168
M,-0.408113,-0.00284957,-0.00284957,-0.410963
M,-0.245886,0.0271667,0.0271667,-0.21872
M,0.104089,-0.00284957,-0.00284957,0.101239
M,-0.121314,-0.00284957,-0.00284957,-0.124163
M,-0.145407,-0.00284957,-0.00284957,-0.148257
M,-0.128146,-0.00284957,-0.00284957,-0.130995
M,-0.0138699,-0.0575318,-0.0575318,-0.0714018
M,0.184136,-0.00284957,-0.00284957,0.181286
M,-0.0168421,-0.00284957,-0.00284957,-0.0196917
M,-0.236738,-0.0187475,-0.0187475,-0.255485
M,-0.0372797,-0.00284957,-0.00284957,-0.0401293
M,-0.0170605,-0.00284957,-0.00284957,-0.0199101
M,0.14447,-0.00284957,-0.00284957,0.14162
M,0.268851,-0.00284957,-0.00284957,0.266001
M,-0.372667,-0.00284957,-0.00284957,-0.375517
M,0.107121,-0.00284957,-0.00284957,0.104271
M,-0.0383546,-0.00284957,-0.00284957,-0.0412042
M,0.150238,-0.00284957,-0.00284957,0.147389
M,-0.201974,-0.00284957,-0.00284957,-0.204824
M,0.140782,-0.00284957,-0.00284957,0.137932
M,-0.12469,-0.00284957,-0.00284957,-0.12754
M,-0.113069,-0.00284957,-0.00284957,-0.115919
M,-0.262909,-0.00284957,-0.00284957,-0.265759
M,-0.0131414,-0.00284957,-0.00284957,-0.0159909
M,-0.256149,0.0101742,0.0101742,-0.245974
M,0.195425,-0.00284957,-0.00284957,0.192576
M,0.136329,-0.00284957,-0.00284957,0.13348
M,-0.301803,-0.00284957,-0.00284957,-0.304652
M,-0.0698955,-0.00284957,-0.00284957,-0.0727451
M,0.0270283,-0.00284957,-0.00284957,0.0241787
M,0.237897,-0.00284957,-0.00284957,0.235048
M,-0.159962,-0.00284957,-0.00284957,-0.162811
M,0.235739,-0.00284957,-0.00284957,0.23289
M,0.0483353,-0.00284957,-0.00284957,0.0454858
M,0.0115734,-0.00284957,-0.00284957,0.00872385
M,0.431597,-0.00284957,-0.00284957,0.428747
M,0.0418748,-0.00284957,-0.00284957,0.0390253
M,-0.0891786,-0.00284957,-0.00284957,-0.0920282
M,-0.0168904,-0.00284957,-0.00284957,-0.0197399
M,-0.199516,-0.00284957,-0.00284957,-0.202365
M,0.15898,-0.00284957,-0.00284957,0.15613
M,-0.361083,-0.0187475,-0.0187475,-0.379831
M,0.165978,-0.00284957,-0.00284957,0.163128
M,-0.119526,-0.00284957,-0.00284957,-0.122376
M,-0.220505,-0.00284957,-0.00284957,-0.223355
M,0.0615182,-0.00284957,-0.00284957,0.0586687
M,0.0122603,-0.00284957,-0.00284957,0.00941071
M,-0.24554,-0.00284957,-0.00284957,-0.24839
M,0.101973,-0.00284957,-0.00284957,0.0991233
M,-0.134105,-0.0187475,-0.0187475,-0.152853
M,-0.164938,-0.00284957,-0.00284957,-0.167787
M,-0.131436,-0.00284957,-0.00284957,-0.134285
M,-0.0264185,-0.00284957,-0.00284957,-0.029268
M,0.0411368,-0.00284957,-0.00284957,0.0382872
M,0.306768,-0.00284957,-0.00284957,0.303918
M,0.017624,-0.00284957,-0.00284957,0.0147744
M,-0.173196,-0.0187475,-0.0187475,-0.191943
M,-0.0622918,-0.0187475,-0.0187475,-0.0810393
M,0.014773,-0.00284957,-0.00284957,0.0119234
M,0.0595646,-0.00284957,-0.00284957,0.056715
M,-0.123025,-0.00284957,-0.00284957,-0.125874
M,0.239444,-0.00284957,-0.00284957,0.236595
M,-0.0642577,-0.00284957,-0.00284957,-0.0671073
M,-0.151273,-0.00284957,-0.00284957,-0.154123
M,0.116221,-0.00284957,-0.00284957,0.113371
M,0.328647,-0.00284957,-0.00284957,0.325797
M,-0.0572431,-0.00284957,-0.00284957,-0.0600927
M,0.126288,-0.00284957,-0.00284957,0.123438
M,0.284341,-0.00284957,-0.00284957,0.281491
M,-0.688433,-0.00284957,-0.00284957,-0.691282
M,0.0589164,-0.00284957,-0.00284957,0.0560668
M,0.0368301,-0.00284957,-0.00284957,0.0339806
M,-0.176276,0.0271667,0.0271667,-0.149109
M,-0.301205,-0.00284957,-0.00284957,-0.304054
M,0.0576031,-0.00284957,-0.00284957,0.0547535
M,0.0191196,-0.00284957,-0.00284957,0.01627
M,0.114225,-0.00284957,-0.00284957,0.111375
M,-0.411309,-0.00284957,-0.00284957,-0.414158
M,-0.346932,-0.00284957,-0.00284957,-0.349781
M,-0.030478,0.00646543,0.00646543,-0.0240126
M,-0.407142,-0.00284957,-0.00284957,-0.409991
M,0.128663,-0.0187475,-0.0187475,0.109915
M,0.161034,-0.00284957,-0.00284957,0.158184
M,0.176028,-0.00284957,-0.00284957,0.173178
M,-0.354291,-0.00284957,-0.00284957,-0.357141
M,0.250993,-0.00284957,-0.00284957,0.248144
M,0.100018,-0.00284957,-0.00284957,0.097168
M,0.160687,-0.00284957,-0.00284957,0.157837
M,-0.252512,-0.00284957,-0.00284957,-0.255361
M,-0.0453442,-0.00284957,-0.00284957,-0.0481938
M,-0.120818,-0.00284957,-0.00284957,-0.123667
M,-0.0500979,-0.00284957,-0.00284957,-0.0529474
M,0.176137,-0.00284957,-0.00284957,0.173287
M,0.140643,-0.00284957,-0.00284957,0.137794
M,0.170814,-0.00284957,-0.00284957,0.167965
M,-0.206047,-0.00284957,-0.00284957,-0.208897
M,-0.0444669,-0.00284957,-0.00284957,-0.0473164
M,0.247897,-0.00284957,-0.00284957,0.245047
M,0.0839445,-0.00284957,-0.00284957,0.081095
M,-0.208943,-0.00284957,-0.00284957,-0.211792
M,0.289536,-0.00284957,-0.00284957,0.286686
M,-0.195995,-0.00284957,-0.00284957,-0.198845
M,0.1035,-0.00284957,-0.00284957,0.10065
M,0.0646376,-0.00284957,-0.00284957,0.061788
M,-0.349618,-0.00284957,-0.00284957,-0.352467
M,0.0166714,-0.00284957,-0.00284957,0.0138218
M,-0.265944,-0.00284957,-0.00284957,-0.268793
M,0.0496441,-0.00284957,-0.00284957,0.0467945
M,0.033661,-0.00284957,-0.00284957,0.0308114
M,-0.191582,0.0271667,0.0271667,-0.164415
M,0.438043,-0.00284957,-0.00284957,0.435194
M,-0.157104,-0.00284957,-0.00284957,-0.159954
M,0.0898505,-0.00284957,-0.00284957,0.0870009
M,-0.231064,-0.00284957,-0.00284957,-0.233913
M,0.10224,-0.0187475,-0.0187475,0.0834921
M,-0.279586,-0.00284957,-0.00284957,-0.282435
M,-0.290386,-0.00284957,-0.00284957,-0.293235
M,-0.10312,-0.00284957,-0.00284957,-0.105969
M,0.00330345,-0.00284957,-0.00284957,0.000453878
M,0.199702,-0.0187475,-0.0187475,0.180954
M,0.0542655,-0.00284957,-0.00284957,0.051416
M,-0.228293,-0.00284957,-0.00284957,-0.231143
M,-0.393117,-0.00284957,-0.00284957,-0.395967
M,0.000220421,-0.00284957,-0.00284957,-0.00262915
M,-0.300511,-0.00284957,-0.00284957,-0.30336
M,-0.252093,0.0271667,0.0271667,-0.224926
M,0.0856819,-0.00284957,-0.00284957,0.0828324
M,0.0948648,-0.00284957,-0.00284957,0.0920152
M,0.0811275,-0.00284957,-0.00284957,0.0782779
M,-0.120954,-0.00284957,-0.00284957,-0.123804
M,0.0672661,-0.00284957,-0.00284957,0.0644165
M,0.260191,-0.00284957,-0.00284957,0.257341
M,-0.0415315,-0.00284957,-0.00284957,-0.0443811
M,0.12847,-0.00284957,-0.00284957,0.12562
M,0.0457356,-0.00284957,-0.00284957,0.042886
M,0.202664,-0.00284957,-0.00284957,0.199815
M,-0.13784,-0.00284957,-0.00284957,-0.14069
M,-0.172097,-0.00284957,-0.00284957,-0.174946
M,-0.275728,-0.00284957,-0.00284957,-0.278577
M,0.0579581,-0.00284957,-0.00284957,0.0551086
M,0.563205,-0.00284957,-0.00284957,0.560356
M,0.177108,-0.00284957,-0.00284957,0.174258
M,0.178183,-0.00284957,-0.00284957,0.175333
M,0.0883269,-0.00284957,-0.00284957,0.0854774
M,-0.513593,-0.0187475,-0.0187475,-0.532341
M,0.235512,-0.00284957,-0.00284957,0.232663
M,-0.122366,-0.00284957,-0.00284957,-0.125215
M,-0.128944,-0.00284957,-0.00284957,-0.131794
M,0.10056,-0.00284957,-0.00284957,0.0977105
M,-0.204025,-0.00284957,-0.00284957,-0.206874
M,0.123506,-0.00284957,-0.00284957,0.120656
M,0.246398,-0.00284957,-0.00284957,0.243548
M,-0.403777,-0.00284957,-0.00284957,-0.406627
M,0.301621,-0.00284957,-0.00284957,0.298771
M,-0.295088,-0.00284957,-0.00284957,-0.297937
M,-0.116771,-0.00284957,-0.00284957,-0.11962
M,-0.411746,-0.00284957,-0.00284957,-0.414595
M,-0.196017,-0.0187475,-0.0187475,-0.214765
M,-0.16721,-0.00284957,-0.00284957,-0.17006
M,0.357245,-0.00284957,-0.00284957,0.354395
M,-0.141747,-0.00284957,-0.00284957,-0.144596
M,0.0315102,-0.00284957,-0.00284957,0.0286606
M,0.0599347,-0.00284957,-0.00284957,0.0570851
M,0.0326097,-0.00284957,-0.00284957,0.0297601
M,0.0968539,-0.00284957,-0.00284957,0.0940043
M,-0.157569,-0.00284957,-0.00284957,-0.160419
M,-0.362682,-0.00284957,-0.00284957,-0.365532
M,-0.0275806,-0.00284957,-0.00284957,-0.0304302
M,0.174428,-0.00284957,-0.00284957,0.171578
M,-0.060949,-0.00284957,-0.00284957,-0.0637986
M,-0.274209,-0.00284957,-0.00284957,-0.277058
M,-0.0506134,-0.00284957,-0.00284957,-0.0534629
M,0.31079,-0.00284957,-0.00284957,0.30794
M,-0.0487778,-0.0187475,-0.0187475,-0.0675253
M,0.181626,-0.00284957,-0.00284957,0.178776
M,-0.0405163,-0.00284957,-0.00284957,-0.0433658
M,0.241836,-0.0187475,-0.0187475,0.223089
M,-0.506601,-0.00284957,-0.00284957,-0.509451
M,0.248069,-0.00284957,-0.00284957,0.24522
M,-0.213356,-0.00284957,-0.00284957,-0.216206
M,-0.189427,-0.00284957,-0.00284957,-0.192276
M,0.131851,-0.0187475,-0.0187475,0.113103
M,-0.120504,-0.00284957,-0.00284957,-0.123353
M,0.190438,-0.00284957,-0.00284957,0.187588
M,-0.20121,-0.00284957,-0.00284957,-0.204059
M,-0.304426,-0.00284957,-0.00284957,-0.307276
M,-0.149833,-0.00284957,-0.00284957,-0.152682
M,0.242736,-0.00284957,-0.00284957,0.239887
M,-0.286356,-0.00284957,-0.00284957,-0.289206
M,-0.00628713,-0.00284957,-0.00284957,-0.00913671
M,0.115907,-0.00284957,-0.00284957,0.113058
M,0.0272202,-0.00284957,-0.00284957,0.0243706
M,-0.0854384,-0.00284957,-0.00284957,-0.088288
M,-0.128244,-0.00284957,-0.00284957,-0.131093
M,-0.150304,-0.00284957,-0.00284957,-0.153153
M,0.146591,0.00646543,0.00646543,0.153056
M,0.0908399,-0.00284957,-0.00284957,0.0879903
M,0.297549,-0.00284957,-0.00284957,0.294699
M,0.308993,-0.00284957,-0.00284957,0.306143
M,-0.0146792,-0.0187475,-0.0187475,-0.0334267
M,-0.0730645,-0.00284957,-0.00284957,-0.0759141
M,-0.246281,-0.00284957,-0.00284957,-0.24913
M,0.15167,-0.00284957,-0.00284957,0.14882
M,0.298476,-0.00284957,-0.00284957,0.295626
M,0.257806,-0.00284957,-0.00284957,0.254956
M,-0.189742,-0.00284957,-0.00284957,-0.192591
M,-0.220743,-0.00284957,-0.00284957,-0.223593
M,-0.187791,-0.00284957,-0.00284957,-0.19064
M,-0.0236715,-0.00284957,-0.00284957,-0.026521
M,-0.109276,-0.00284957,-0.00284957,-0.112126
M,-0.330606,-0.00284957,-0.00284957,-0.333456
M,0.117059,-0.00284957,-0.00284957,0.114209
M,0.288794,-0.00284957,-0.00284957,0.285945
M,0.227701,-0.00284957,-0.00284957,0.224851
M,-0.295529,-0.00284957,-0.00284957,-0.298379
M,-0.0371785,-0.00284957,-0.00284957,-0.0400281
M,0.0212002,-0.00284957,-0.00284957,0.0183506
M,0.16352,-0.00284957,-0.00284957,0.160671
M,-0.208361,-0.00284957,-0.00284957,-0.211211
M,0.0793825,-0.00284957,-0.00284957,0.0765329
M,-0.236627,-0.00284957,-0.00284957,-0.239476
M,0.187171,-0.00284957,-0.00284957,0.184322
M,0.0639445,-0.00284957,-0.00284957,0.0610949
M,-0.0131147,-0.00284957,-0.00284957,-0.0159643
M,0.123538,-0.00284957,-0.00284957,0.120689
M,0.213294,-0.00284957,-0.00284957,0.210445
M,0.190037,-0.00284957,-0.00284957,0.187187
M,-0.159674,-0.0187475,-0.0187475,-0.178421
M,-0.38629,-0.00284957,-0.00284957,-0.38914
M,-0.149098,-0.00284957,-0.00284957,-0.151947
M,-0.067527,-0.00284957,-0.00284957,-0.0703766
M,-0.230704,-0.00284957,-0.00284957,-0.233553
M,0.376432,-0.00284957,-0.00284957,0.373582
M,-0.165615,-0.00284957,-0.00284957,-0.168464
M,-0.125881,-0.00284957,-0.00284957,-0.128731
M,0.38602,-0.00284957,-0.00284957,0.38317
M,-0.384144,-0.0187475,-0.0187475,-0.402892
M,0.0584496,-0.00284957,-0.00284957,0.0556001
M,-0.0180268,-0.00284957,-0.00284957,-0.0208763
M,0.431661,-0.00284957,-0.00284957,0.428812
M,-0.301701,-0.00284957,-0.00284957,-0.304551
M,0.119405,-0.00284957,-0.00284957,0.116556
M,4.38528e-05,-0.00284957,-0.00284957,-0.00280572
M,0.121849,-0.0187475,-0.0187475,0.103101
M,0.0110122,-0.00284957,-0.00284957,0.00816266
M,-0.0371611,-0.00284957,-0.00284957,-0.0400106
M,0.199065,-0.00284957,-0.00284957,0.196215
M,0.186561,-0.00284957,-0.00284957,0.183711
M,-0.172268,-0.00284957,-0.00284957,-0.175118
M,-0.139065,-0.00284957,-0.00284957,-0.141914
M,0.294879,-0.00284957,-0.00284957,0.29203
M,-0.354725,-0.00284957,-0.00284957,-0.357574
M,0.146689,-0.0187475,-0.0187475,0.127941
M,-0.155286,-0.00284957,-0.00284957,-0.158135
M,0.0573601,-0.00284957,-0.00284957,0.0545105
M,0.214668,-0.00284957,-0.00284957,0.211819
M,0.130928,-0.00284957,-0.00284957,0.128078
M,-0.443894,-0.00284957,-0.00284957,-0.446743
M,-0.29564,0.00827633,0.00827633,-0.287364
M,0.304851,-0.00284957,-0.00284957,0.302001
M,0.184639,-0.0575318,-0.0575318,0.127107
M,-0.245564,-0.00284957,-0.00284957,-0.248414
M,-0.324989,-0.00284957,-0.00284957,-0.327839
M,0.0928441,-0.00284957,-0.00284957,0.0899946
M,-0.267786,-0.00284957,-0.00284957,-0.270636
M,0.150167,-0.0187475,-0.0187475,0.131419
M,-0.191786,-0.0187475,-0.0187475,-0.210534
M,-0.200677,-0.00284957,-0.00284957,-0.203527
M,-0.0222259,-0.00284957,-0.00284957,-0.0250755
M,-0.254055,-0.00284957,-0.00284957,-0.256904
M,-0.122567,-0.00284957,-0.00284957,-0.125417
M,-0.144409,-0.00284957,-0.00284957,-0.147258
M,0.107734,-0.00284957,-0.00284957,0.104884
M,0.11002,-0.0187475,-0.0187475,0.0912725
M,0.107869,-0.00284957,-0.00284957,0.105019
M,0.257953,-0.00284957,-0.00284957,0.255103
M,-0.00306884,-0.00284957,-0.00284957,-0.00591841
M,0.0783891,-0.00284957,-0.00284957,0.0755395
M,-0.322041,-0.00284957,-0.00284957,-0.324891
M,0.116354,-0.00284957,-0.00284957,0.113504
M,-0.135926,-0.0187475,-0.0187475,-0.154674
M,-0.0868408,-0.00284957,-0.00284957,-0.0896903
M,0.0993316,-0.00284957,-0.00284957,0.096482
M,0.0404757,-0.00284957,-0.00284957,0.0376261
M,-0.277072,-0.00284957,-0.00284957,-0.279921
M,-0.346658,-0.00284957,-0.00284957,-0.349508
M,0.502636,-0.00284957,-0.00284957,0.499787
M,0.00272324,-0.00284957,-0.00284957,-0.000126337
M,0.192065,-0.00284957,-0.00284957,0.189215
M,0.261527,-0.00284957,-0.00284957,0.258678
M,-0.150836,-0.00284957,-0.00284957,-0.153686
M,0.315803,-0.00284957,-0.00284957,0.312954
M,0.0989495,-0.00284957,-0.00284957,0.0960999
M,0.101409,-0.00284957,-0.00284957,0.0985598
M,-0.239592,-0.00284957,-0.00284957,-0.242442
M,-0.182281,-0.00284957,-0.00284957,-0.185131
M,0.235825,-0.00284957,-0.00284957,0.232976
M,-0.312493,-0.00284957,-0.00284957,-0.315342
M,0.0285672,-0.00284957,-0.00284957,0.0257176
M,0.0621721,-0.00284957,-0.00284957,0.0593225
M,0.0633913,-0.00284957,-0.00284957,0.0605418
M,0.0963739,-0.00284957,-0.00284957,0.0935244
M,0.0237451,-0.00284957,-0.00284957,0.0208956
M,0.116059,-0.00284957,-0.00284957,0.11321
M,0.155176,-0.0187475,-0.0187475,0.136428
M,0.14575,-0.00284957,-0.00284957,0.1429
M,-0.052481,-0.00284957,-0.00284957,-0.0553306
M,0.172565,-0.00284957,-0.00284957,0.169716
M,0.23327,-0.00284957,-0.00284957,0.230421
M,0.0740017,-0.00284957,-0.00284957,0.0711521
M,0.0154725,-0.00284957,-0.00284957,0.0126229
M,-0.0115913,-0.00284957,-0.00284957,-0.0144409
M,0.2128,-0.00284957,-0.00284957,0.20995
M,-0.584708,-0.00284957,-0.00284957,-0.587558
M,-0.112084,-0.00284957,-0.00284957,-0.114933
M,0.183053,-0.00284957,-0.00284957,0.180203
M,-0.246959,-0.00284957,-0.00284957,-0.249809
M,-0.220872,-0.00284957,-0.00284957,-0.223722
M,-0.104039,-0.00284957,-0.00284957,-0.106889
M,-0.129263,-0.00284957,-0.00284957,-0.132113
M,-0.315368,-0.00284957,-0.00284957,-0.318218
M,0.513697,-0.00284957,-0.00284957,0.510848
M,-0.0694926,-0.00284957,-0.00284957,-0.0723421
M,-0.247364,-0.00284957,-0.00284957,-0.250214
M,-0.178369,-0.00284957,-0.00284957,-0.181219
M,0.0658844,-0.00284957,-0.00284957,0.0630348
M,0.233141,-0.00284957,-0.00284957,0.230291
M,0.154704,-0.00284957,-0.00284957,0.151854
M,0.154187,-0.00284957,-0.00284957,0.151338
M,-0.145438,-0.0187475,-0.0187475,-0.164186
M,-0.133003,-0.00284957,-0.00284957,-0.135853
M,0.0727671,-0.00284957,-0.00284957,0.0699175
M,-0.102903,-0.00284957,-0.00284957,-0.105753
M,-0.0386365,-0.0187475,-0.0187475,-0.057384
M,0.0142285,-0.00284957,-0.00284957,0.0113789
M,0.233719,-0.00284957,-0.00284957,0.23087
M,0.0377139,-0.00284957,-0.00284957,0.0348644
M,0.265531,-0.00284957,-0.00284957,0.262682
M,-0.0557656,-0.00284957,-0.00284957,-0.0586151
M,0.235409,0.0101742,0.0101742,0.245583
M,-0.355726,-0.00284957,-0.00284957,-0.358575
M,0.335493,-0.00284957,-0.00284957,0.332644
M,-0.0179355,-0.00284957,-0.00284957,-0.0207851
M,0.149239,-0.00284957,-0.00284957,0.14639
M,-0.0916109,-0.00284957,-0.00284957,-0.0944605
M,-0.195149,-0.00284957,-0.00284957,-0.197998
M,-0.0682186,-0.00284957,-0.00284957,-0.0710682
M,-0.190982,-0.00284957,-0.00284957,-0.193831
M,-0.253553,-0.00284957,-0.00284957,-0.256403
M,0.0830964,-0.00284957,-0.00284957,0.0802468
M,-0.0882848,-0.00284957,-0.00284957,-0.0911344
M,-0.0670216,-0.00284957,-0.00284957,-0.0698712
M,0.0350826,-0.00284957,-0.00284957,0.0322331
M,0.388307,-0.00284957,-0.00284957,0.385457
M,-0.230836,-0.00284957,-0.00284957,-0.233685
M,-0.0784391,-0.00284957,-0.00284957,-0.0812887
M,0.0264196,-0.0187475,-0.0187475,0.00767208
M,0.122396,-0.00284957,-0.00284957,0.119546
M,0.456304,-0.00284957,-0.00284957,0.453455
M,0.0800457,-0.00284957,-0.00284957,0.0771961
M,-0.255717,-0.00284957,-0.00284957,-0.258567
M,0.402376,-0.00284957,-0.00284957,0.399527
M,-0.272855,-0.00284957,-0.00284957,-0.275705
M,-0.19734,-0.00284957,-0.00284957,-0.20019
M,0.317531,-0.00284957,-0.00284957,0.314681
M,-0.150975,-0.00284957,-0.00284957,-0.153825
M,-0.274279,-0.00284957,-0.00284957,-0.277129
M,0.266273,-0.00284957,-0.00284957,0.263423
M,-0.00884259,-0.00284957,-0.00284957,-0.0116922
M,0.249952,-0.00284957,-0.00284957,0.247103
M,0.156869,0.0271667,0.0271667,0.184036
M,0.307451,-0.00284957,-0.00284957,0.304601
M,-0.252117,-0.00284957,-0.00284957,-0.254966
M,0.187057,-0.00284957,-0.00284957,0.184207
M,-0.255741,-0.00284957,-0.00284957,-0.258591
M,-0.324573,-0.00284957,-0.00284957,-0.327422
M,-0.106906,-0.00284957,-0.00284957,-0.109756
M,-0.157256,-0.00284957,-0.00284957,-0.160106
M,-0.288662,-0.00284957,-0.00284957,-0.291511
M,-0.121678,-0.00284957,-0.00284957,-0.124528
M,-0.0580152,-0.00284957,-0.00284957,-0.0608647
M,-0.227626,-0.00284957,-0.00284957,-0.230476
M,0.242562,-0.00284957,-0.00284957,0.239712
M,-0.0657178,-0.00284957,-0.00284957,-0.0685674
M,-0.32116,-0.00284957,-0.00284957,-0.32401
M,0.0153905,-0.0187475,-0.0187475,-0.00335698
M,0.0470633,-0.00284957,-0.00284957,0.0442138
M,0.264449,-0.00284957,-0.00284957,0.261599
M,-0.128052,-0.00284957,-0.00284957,-0.130902
M,0.249247,-0.00284957,-0.00284957,0.246397
M,-0.0828323,-0.00284957,-0.00284957,-0.0856819
M,0.0354234,-0.00284957,-0.00284957,0.0325738
M,-0.240793,-0.00284957,-0.00284957,-0.243643
M,0.354275,-0.00284957,-0.00284957,0.351425
M,0.242545,-0.0187475,-0.0187475,0.223798
M,0.31118,-0.00284957,-0.00284957,0.308331
M,-0.120628,-0.00284957,-0.00284957,-0.123477
M,-0.17807,-0.0187475,-0.0187475,-0.196818
M,0.0105464,-0.00284957,-0.00284957,0.00769685
M,-0.353987,-0.00284957,-0.00284957,-0.356837
M,0.247689,-0.00284957,-0.00284957,0.24484
M,-0.0333805,-0.00284957,-0.00284957,-0.0362301
M,0.0205138,-0.00284957,-0.00284957,0.0176642
M,0.68093,-0.00284957,-0.00284957,0.67808
M,-0.177795,-0.00284957,-0.00284957,-0.180645
M,0.098719,-0.00284957,-0.00284957,0.0958694
M,0.0609972,-0.00284957,-0.00284957,0.0581476
M,0.0606785,-0.00284957,-0.00284957,0.0578289
M,0.386701,-0.00284957,-0.00284957,0.383851
M,0.267341,-0.00284957,-0.00284957,0.264492
M,0.428452,-0.00284957,-0.00284957,0.425603
M,-0.216148,-0.00284957,-0.00284957,-0.218998
M,0.0456018,-0.0187475,-0.0187475,0.0268543
M,0.128694,-0.00284957,-0.00284957,0.125844
M,0.128662,-0.00284957,-0.00284957,0.125812
M,-0.460439,-0.00284957,-0.00284957,-0.463289
M,-0.158501,-0.00284957,-0.00284957,-0.16135
M,-0.36433,-0.00284957,-0.00284957,-0.36718
M,0.517489,-0.00284957,-0.00284957,0.514639
M,0.29853,-0.00284957,-0.00284957,0.295681
M,-0.619711,-0.00284957,-0.00284957,-0.622561
M,-0.318518,-0.00284957,-0.00284957,-0.321368
M,-0.204153,-0.00284957,-0.00284957,-0.207002
M,-0.0263761,-0.00284957,-0.00284957,-0.0292257
M,-0.164373,-0.00284957,-0.00284957,-0.167223
M,-0.368553,-0.00284957,-0.00284957,-0.371403
M,0.0571327,-0.00284957,-0.00284957,0.0542832
M,-0.111069,-0.00284957,-0.00284957,-0.113919
M,0.0113809,-0.00284957,-0.00284957,0.00853131
M,0.145057,-0.00284957,-0.00284957,0.142208
M,0.285583,-0.00284957,-0.00284957,0.282733
M,0.106246,-0.00284957,-0.00284957,0.103396
M,0.344396,-0.00284957,-0.00284957,0.341547
M,0.214107,0.0271667,0.0271667,0.241274
M,-0.352214,-0.00284957,-0.00284957,-0.355064
M,0.435332,-0.0187475,-0.0187475,0.416584
M,-0.0242525,-0.0187475,-0.0187475,-0.043
M,0.136755,-0.00284957,-0.00284957,0.133906
M,0.0677543,-0.00284957,-0.00284957,0.0649047
M,-0.044673,-0.00284957,-0.00284957,-0.0475226
M,0.177698,-0.00284957,-0.00284957,0.174848
M,-0.0120984,-0.00284957,-0.00284957,-0.014948
M,-0.0923018,-0.00284957,-0.00284957,-0.0951514
M,0.310456,-0.00284957,-0.00284957,0.307606
M,-0.205534,-0.00284957,-0.00284957,-0.208384
M,0.115192,-0.00284957,-0.00284957,0.112343
M,-0.215032,-0.00284957,-0.00284957,-0.217881
M,0.133617,-0.00284957,-0.00284957,0.130768
M,0.156459,-0.00284957,-0.00284957,0.153609
M,-0.160422,-0.00284957,-0.00284957,-0.163272
M,-0.142861,-0.00284957,-0.00284957,-0.145711
M,0.171434,-0.00284957,-0.00284957,0.168585
M,-0.0531446,-0.00284957,-0.00284957,-0.0559942
M,-0.10767,-0.00284957,-0.00284957,-0.11052
M,0.200974,-0.00284957,-0.00284957,0.198124
M,0.363846,-0.00284957,-0.00284957,0.360996
M,-0.181225,0.0271667,0.0271667,-0.154059
M,-0.252669,0.00827633,0.00827633,-0.244392
M,-0.265427,-0.00284957,-0.00284957,-0.268277
M,0.0814016,-0.00284957,-0.00284957,0.078552
M,-0.290457,-0.00284957,-0.00284957,-0.293307
M,-0.289213,-0.00284957,-0.00284957,-0.292063
M,-0.0897316,-0.00284957,-0.00284957,-0.0925811
M,-0.0244439,-0.00284957,-0.00284957,-0.0272935
M,-0.105569,-0.00284957,-0.00284957,-0.108419
M,0.0335574,-0.00284957,-0.00284957,0.0307079
M,-0.380409,-0.00284957,-0.00284957,-0.383259
M,0.0876993,-0.00284957,-0.00284957,0.0848497
M,-0.064657,-0.00284957,-0.00284957,-0.0675066
M,-0.109127,-0.00284957,-0.00284957,-0.111976
M,-0.0800903,-0.00284957,-0.00284957,-0.0829399
M,-0.0877791,-0.00284957,-0.00284957,-0.0906286
M,0.0725158,-0.00284957,-0.00284957,0.0696663
M,0.125402,-0.00284957,-0.00284957,0.122552
M,-0.0293171,-0.00284957,-0.00284957,-0.0321667
M,0.183697,-0.00284957,-0.00284957,0.180848
M,0.213016,-0.0187475,-0.0187475,0.194268
M,0.0461338,0.00827633,0.00827633,0.0544102
M,-0.0347006,-0.00284957,-0.00284957,-0.0375501
M,-0.015343,-0.00284957,-0.00284957,-0.0181926
M,0.189898,0.0101742,0.0101742,0.200072
M,-0.242572,-0.00284957,-0.00284957,-0.245422
M,-0.000309554,0.00827633,0.00827633,0.00796677
M,-0.0885216,-0.0187475,-0.0187475,-0.107269
M,0.260263,-0.00284957,-0.00284957,0.257414
M,0.44173,-0.00284957,-0.00284957,0.43888
M,0.14131,-0.00284957,-0.00284957,0.13846
M,0.209589,0.0271667,0.0271667,0.236755
M,0.0980033,-0.00284957,-0.00284957,0.0951537
M,0.00479221,-0.00284957,-0.00284957,0.00194263
M,-0.126199,-0.00284957,-0.00284957,-0.129049
M,0.0408956,-0.00284957,-0.00284957,0.038046
M,0.11261,-0.0575318,-0.0575318,0.0550778
M,0.151655,-0.00284957,-0.00284957,0.148805
M,0.00516938,-0.00284957,-0.00284957,0.0023198
M,-0.0107635,-0.00284957,-0.00284957,-0.0136131
M,0.183027,-0.00284957,-0.00284957,0.180178
M,-0.0978345,-0.00284957,-0.00284957,-0.100684
M,-0.00704758,-0.00284957,-0.00284957,-0.00989716
M,-0.0531739,-0.0187475,-0.0187475,-0.0719214
M,0.0585558,-0.00284957,-0.00284957,0.0557062
M,0.12266,-0.00284957,-0.00284957,0.11981
M,-0.151577,-0.00284957,-0.00284957,-0.154427
M,-0.0602976,-0.00284957,-0.00284957,-0.0631471
M,0.288008,-0.00284957,-0.00284957,0.285158
M,-0.0397725,-0.00284957,-0.00284957,-0.0426221
M,0.327926,-0.00284957,-0.00284957,0.325076
M,0.207085,-0.00284957,-0.00284957,0.204235
M,-0.216836,-0.00284957,-0.00284957,-0.219686
M,-0.082691,-0.00284957,-0.00284957,-0.0855405
M,0.101993,-0.00284957,-0.00284957,0.0991434
M,0.320617,-0.00284957,-0.00284957,0.317768
M,-0.852103,-0.00284957,-0.00284957,-0.854953
M,-0.115283,0.00646543,0.00646543,-0.108818
M,-0.0164846,-0.00284957,-0.00284957,-0.0193342
M,0.0333695,-0.00284957,-0.00284957,0.03052
M,0.217033,-0.00284957,-0.00284957,0.214183
M,0.326298,-0.00284957,-0.00284957,0.323449
M,0.229302,-0.00284957,-0.00284957,0.226453
M,-0.240077,-0.0187475,-0.0187475,-0.258825
M,0.100267,-0.00284957,-0.00284957,0.0974175
M,-0.250597,-0.00284957,-0.00284957,-0.253446
M,0.0446783,-0.00284957,-0.00284957,0.0418287
M,-0.233588,-0.00284957,-0.00284957,-0.236437
M,-0.246555,-0.00284957,-0.00284957,-0.249404
M,0.0734737,-0.00284957,-0.00284957,0.0706241
M,0.0492749,-0.00284957,-0.00284957,0.0464253
M,0.0621638,-0.0187475,-0.0187475,0.0434163
M,-0.391732,-0.00284957,-0.00284957,-0.394581
M,-0.348894,-0.00284957,-0.00284957,-0.351744
M,-0.055479,-0.00284957,-0.00284957,-0.0583286
M,0.420233,-0.00284957,-0.00284957,0.417384
M,-0.306229,-0.00284957,-0.00284957,-0.309079
M,0.246261,-0.00284957,-0.00284957,0.243411
M,0.111225,-0.00284957,-0.00284957,0.108376
M,-0.163142,-0.00284957,-0.00284957,-0.165991
M,-0.153019,-0.00284957,-0.00284957,-0.155869
M,-0.15506,-0.00284957,-0.00284957,-0.15791
M,-0.0510093,-0.00284957,-0.00284957,-0.0538589
M,0.00208079,-0.00284957,-0.00284957,-0.000768788
M,0.177524,-0.00284957,-0.00284957,0.174675
M,0.142147,-0.00284957,-0.00284957,0.139298
M,0.0472549,-0.00284957,-0.00284957,0.0444054
M,-0.462855,-0.00284957,-0.00284957,-0.465705
M,0.0512569,-0.00284957,-0.00284957,0.0484074
M,0.343261,0.00646543,0.00646543,0.349726
M,0.16052,0.00646543,0.00646543,0.166985
M,0.12723,-0.00284957,-0.00284957,0.124381
M,-0.341196,-0.00284957,-0.00284957,-0.344045
M,-0.0754765,-0.00284957,-0.00284957,-0.0783261
M,-0.162565,-0.00284957,-0.00284957,-0.165415
M,0.0310044,-0.0187475,-0.0187475,0.0122569
M,0.199913,-0.00284957,-0.00284957,0.197063
M,0.125236,-0.00284957,-0.00284957,0.122387
M,-0.341296,-0.00284957,-0.00284957,-0.344145
M,-0.0789088,-0.00284957,-0.00284957,-0.0817584
M,0.514938,-0.00284957,-0.00284957,0.512088
M,0.137298,-0.00284957,-0.00284957,0.134448
M,0.0063585,-0.00284957,-0.00284957,0.00350892
M,-0.266863,0.00646543,0.00646543,-0.260397
M,-0.219182,-0.00284957,-0.00284957,-0.222031
M,-0.00576266,-0.00284957,-0.00284957,-0.00861224
M,0.0592151,-0.00284957,-0.00284957,0.0563656
M,0.189973,-0.0187475,-0.0187475,0.171226
M,-0.143815,-0.00284957,-0.00284957,-0.146664
M,-0.378239,-0.00284957,-0.00284957,-0.381089
M,0.133321,-0.00284957,-0.00284957,0.130471
M,-0.116855,-0.00284957,-0.00284957,-0.119705
M,-0.214939,-0.00284957,-0.00284957,-0.217788
M,-0.118641,-0.00284957,-0.00284957,-0.12149
M,-0.0495005,-0.00284957,-0.00284957,-0.0523501
M,-0.144018,-0.00284957,-0.00284957,-0.146868
M,0.0821191,-0.00284957,-0.00284957,0.0792695
M,0.0434779,-0.00284957,-0.00284957,0.0406283
M,-0.49065,-0.00284957,-0.00284957,-0.4935
M,-0.0918613,-0.00284957,-0.00284957,-0.0947109
M,-0.0933547,-0.00284957,-0.00284957,-0.0962043
M,0.302864,-0.00284957,-0.00284957,0.300015
M,-0.064003,-0.00284957,-0.00284957,-0.0668526
M,0.0565353,-0.0187475,-0.0187475,0.0377878
M,0.188964,-0.00284957,-0.00284957,0.186114
M,-0.166492,-0.00284957,-0.00284957,-0.169342
M,-0.2052,-0.00284957,-0.00284957,-0.208049
M,0.172009,-0.00284957,-0.00284957,0.16916
M,0.272503,-0.00284957,-0.00284957,0.269653
M,-0.421066,-0.00284957,-0.00284957,-0.423915
M,-0.314645,-0.00284957,-0.00284957,-0.317495
M,0.208532,-0.00284957,-0.00284957,0.205682
M,0.23259,-0.00284957,-0.00284957,0.229741
M,0.0305451,-0.00284957,-0.00284957,0.0276955
M,-0.0604856,-0.00284957,-0.00284957,-0.0633351
M,-0.380359,-0.00284957,-0.00284957,-0.383208
M,0.12895,-0.00284957,-0.00284957,0.1261
M,0.286849,-0.00284957,-0.00284957,0.283999
M,-0.0348451,-0.00284957,-0.00284957,-0.0376947
M,0.246297,-0.00284957,-0.00284957,0.243447
M,-0.388206,-0.00284957,-0.00284957,-0.391055
M,-0.144964,-0.00284957,-0.00284957,-0.147814
M,0.118989,-0.00284957,-0.00284957,0.116139
M,0.257299,-0.00284957,-0.00284957,0.25445
M,-0.311341,-0.00284957,-0.00284957,-0.314191
M,-0.185198,-0.00284957,-0.00284957,-0.188047
M,0.274624,-0.00284957,-0.00284957,0.271774
M,-0.118169,-0.00284957,-0.00284957,-0.121018
M,0.526403,-0.00284957,-0.00284957,0.523553
M,-0.138116,-0.00284957,-0.00284957,-0.140966
M,0.032767,-0.00284957,-0.00284957,0.0299175
M,0.223411,-0.00284957,-0.00284957,0.220562
M,-0.0755307,-0.00284957,-0.00284957,-0.0783803
M,0.0985555,-0.00284957,-0.00284957,0.0957059
M,-0.205199,-0.00284957,-0.00284957,-0.208049
M,0.0425254,-0.00284957,-0.00284957,0.0396758
M,0.432448,-0.00284957,-0.00284957,0.429598
M,-0.0142645,-0.00284957,-0.00284957,-0.0171141
M,0.0895454,-0.00284957,-0.00284957,0.0866958
M,-0.0122582,-0.00284957,-0.00284957,-0.0151078
M,-0.18704,-0.00284957,-0.00284957,-0.18989
M,-0.091138,-0.00284957,-0.00284957,-0.0939875
M,-0.314943,-0.00284957,-0.00284957,-0.317792
M,0.411047,-0.00284957,-0.00284957,0.408197
M,-0.296015,0.00646543,0.00646543,-0.289549
M,-0.0416013,-0.00284957,-0.00284957,-0.0444509
M,-0.182803,-0.00284957,-0.00284957,-0.185653
M,-0.551568,-0.00284957,-0.00284957,-0.554418
M,-0.0988061,-0.00284957,-0.00284957,-0.101656
M,0.172425,-0.00284957,-0.00284957,0.169576
M,0.232642,-0.0187475,-0.0187475,0.213894
M,-0.0269817,-0.0187475,-0.0187475,-0.0457292
M,-0.166275,-0.00284957,-0.00284957,-0.169125
M,0.178538,-0.00284957,-0.00284957,0.175688
M,0.070553,-0.00284957,-0.00284957,0.0677034
M,-0.331445,-0.00284957,-0.00284957,-0.334294
M,0.168271,-0.00284957,-0.00284957,0.165422
M,0.054006,-0.00284957,-0.00284957,0.0511564
M,0.216431,-0.00284957,-0.00284957,0.213582
M,0.201862,-0.00284957,-0.00284957,0.199012
M,-0.529066,-0.00284957,-0.00284957,-0.531916
M,-0.113093,-0.00284957,-0.00284957,-0.115942
M,0.0109014,-0.00284957,-0.00284957,0.00805184
M,-0.264932,-0.00284957,-0.00284957,-0.267781
M,-0.254838,-0.00284957,-0.00284957,-0.257688
M,-0.0328335,-0.00284957,-0.00284957,-0.0356831
M,0.11335,-0.0187475,-0.0187475,0.0946023
M,0.188558,-0.00284957,-0.00284957,0.185709
M,-0.012189,-0.00284957,-0.00284957,-0.0150386
M,0.121288,-0.00284957,-0.00284957,0.118438
M,0.345754,-0.00284957,-0.00284957,0.342905
M,-0.352773,-0.00284957,-0.00284957,-0.355622
M,-0.231319,-0.00284957,-0.00284957,-0.234169
M,0.0252455,-0.00284957,-0.00284957,0.0223959
M,0.130429,-0.00284957,-0.00284957,0.127579
M,0.0387952,-0.00284957,-0.00284957,0.0359456
M,-0.172933,-0.0187475,-0.0187475,-0.19168
M,-0.0149887,-0.00284957,-0.00284957,-0.0178382
M,0.0388776,-0.00284957,-0.00284957,0.036028
M,-0.287116,-0.00284957,-0.00284957,-0.289965
M,-0.30321,-0.00284957,-0.00284957,-0.306059
M,-0.228799,-0.00284957,-0.00284957,-0.231649
M,0.32228,-0.0187475,-0.0187475,0.303533
M,0.17318,-0.00284957,-0.00284957,0.17033
M,-0.0689966,-0.00284957,-0.00284957,-0.0718462
M,-0.128015,-0.00284957,-0.00284957,-0.130864
M,-0.0475142,-0.00284957,-0.00284957,-0.0503638
M,-0.338297,-0.00284957,-0.00284957,-0.341147
M,-0.0831983,-0.00284957,-0.00284957,-0.0860479
M,-0.200118,-0.00284957,-0.00284957,-0.202968
M,-0.107899,-0.00284957,-0.00284957,-0.110748
M,-0.185226,-0.00284957,-0.00284957,-0.188076
M,-0.369487,-0.00284957,-0.00284957,-0.372336
M,0.233663,-0.00284957,-0.00284957,0.230813
M,0.0972034,-0.0187475,-0.0187475,0.0784559
M,0.0705101,-0.00284957,-0.00284957,0.0676605
M,-0.109222,-0.00284957,-0.00284957,-0.112072
M,0.0387875,-0.00284957,-0.00284957,0.0359379
M,-0.094621,-0.00284957,-0.00284957,-0.0974706
M,0.00754092,-0.00284957,-0.00284957,0.00469135
M,-0.0032383,-0.0187475,-0.0187475,-0.0219858
M,-0.0121482,-0.00284957,-0.00284957,-0.0149978
M,0.325073,-0.00284957,-0.00284957,0.322224
M,-0.158478,-0.00284957,-0.00284957,-0.161328
M,0.017192,-0.0187475,-0.0187475,-0.00155545
M,-0.0398562,-0.00284957,-0.00284957,-0.0427057
M,-0.0112044,-0.00284957,-0.00284957,-0.0140539
M,-0.116078,-0.00284957,-0.00284957,-0.118928
M,0.213422,-0.0187475,-0.0187475,0.194675
M,0.182473,-0.0187475,-0.0187475,0.163725
M,0.207894,-0.00284957,-0.00284957,0.205044
M,0.169248,-0.00284957,-0.00284957,0.166398
M,0.203432,-0.00284957,-0.00284957,0.200582
M,0.194603,-0.00284957,-0.00284957,0.191754
M,0.368212,-0.00284957,-0.00284957,0.365362
M,0.0208859,-0.00284957,-0.00284957,0.0180363
M,-0.419443,-0.00284957,-0.00284957,-0.422293
M,0.237726,-0.00284957,-0.00284957,0.234876
M,0.102506,-0.00284957,-0.00284957,0.0996563
M,0.185156,-0.00284957,-0.00284957,0.182307
M,0.0164445,-0.0187475,-0.0187475,-0.002303
M,0.0408992,-0.00284957,-0.00284957,0.0380496
M,-0.0427395,-0.00284957,-0.00284957,-0.0455891
M,0.0455258,-0.00284957,-0.00284957,0.0426763
M,0.00931507,-0.00284957,-0.00284957,0.00646549
M,-0.38373,-0.00284957,-0.00284957,-0.38658
M,-0.377072,-0.00284957,-0.00284957,-0.379921
M,0.171625,-0.00284957,-0.00284957,0.168775
M,-0.103443,-0.00284957,-0.00284957,-0.106293
M,0.128306,-0.00284957,-0.00284957,0.125457
M,-0.115648,-0.00284957,-0.00284957,-0.118497
M,-0.191918,-0.00284957,-0.00284957,-0.194767
M,0.0213746,-0.00284957,-0.00284957,0.018525
M,-0.041678,-0.00284957,-0.00284957,-0.0445276
M,-0.0617246,-0.00284957,-0.00284957,-0.0645742
M,0.284156,-0.00284957,-0.00284957,0.281307
M,-0.0619292,-0.00284957,-0.00284957,-0.0647788
M,0.128611,-0.00284957,-0.00284957,0.125762
M,-0.0217873,-0.00284957,-0.00284957,-0.0246369
M,-0.154814,-0.00284957,-0.00284957,-0.157663
M,0.348017,-0.00284957,-0.00284957,0.345167
M,-0.28932,-0.00284957,-0.00284957,-0.29217
M,-0.292636,-0.00284957,-0.00284957,-0.295486
M,-0.325733,-0.00284957,-0.00284957,-0.328583
M,0.0175159,-0.0187475,-0.0187475,-0.00123158
M,-0.302243,0.0271667,0.0271667,-0.275077
M,-0.264627,-0.00284957,-0.00284957,-0.267477
M,-0.0639765,-0.00284957,-0.00284957,-0.0668261
M,0.147797,-0.00284957,-0.00284957,0.144947
M,0.322874,-0.00284957,-0.00284957,0.320024
M,-0.283351,-0.00284957,-0.00284957,-0.286201
M,-0.0293629,-0.00284957,-0.00284957,-0.0322125
M,0.101573,-0.00284957,-0.00284957,0.0987236
M,0.0407977,0.0271667,0.0271667,0.0679644
M,-0.115074,-0.00284957,-0.00284957,-0.117924
M,-0.0816499,-0.00284957,-0.00284957,-0.0844994
M,0.285834,-0.00284957,-0.00284957,0.282985
M,0.208303,-0.00284957,-0.00284957,0.205453
M,-0.374266,-0.00284957,-0.00284957,-0.377116
M,-0.156996,-0.00284957,-0.00284957,-0.159846
M,-0.112924,-0.00284957,-0.00284957,-0.115773
M,0.0814116,-0.00284957,-0.00284957,0.0785621
M,-0.085464,-0.00284957,-0.00284957,-0.0883136
M,0.0334699,-0.00284957,-0.00284957,0.0306203
M,0.11342,-0.00284957,-0.00284957,0.11057
M,0.121746,-0.00284957,-0.00284957,0.118897
M,0.0332695,-0.00284957,-0.00284957,0.0304199
M,0.0153305,-0.00284957,-0.00284957,0.0124809
M,-0.175892,-0.00284957,-0.00284957,-0.178742
M,-0.433767,-0.00284957,-0.00284957,-0.436617
M,-0.202177,-0.00284957,-0.00284957,-0.205026
M,-0.0727063,-0.00284957,-0.00284957,-0.0755558
M,0.156969,-0.0575318,-0.0575318,0.0994367
M,-0.160915,-0.00284957,-0.00284957,-0.163765
M,0.0416544,-0.0187475,-0.0187475,0.0229069
M,-0.00555504,-0.00284957,-0.00284957,-0.00840462
M,-0.286552,-0.0187475,-0.0187475,-0.305299
M,-0.257439,-0.00284957,-0.00284957,-0.260288
M,-0.00935976,-0.00284957,-0.00284957,-0.0122093
M,-0.2756,-0.00284957,-0.00284957,-0.278449
M,0.314565,-0.00284957,-0.00284957,0.311716
M,-0.0991275,-0.00284957,-0.00284957,-0.101977
M,0.420093,-0.00284957,-0.00284957,0.417243
M,0.0410042,-0.0187475,-0.0187475,0.0222567
M,-0.0822656,-0.00284957,-0.00284957,-0.0851151
M,-0.432519,-0.00284957,-0.00284957,-0.435369
M,-0.0557653,-0.00284957,-0.00284957,-0.0586148
M,-0.0463551,-0.00284957,-0.00284957,-0.0492047
M,0.114994,-0.00284957,-0.00284957,0.112144
M,0.0122808,-0.00284957,-0.00284957,0.00943122
M,-0.0545398,-0.00284957,-0.00284957,-0.0573894
M,-0.145359,-0.00284957,-0.00284957,-0.148208
M,0.153563,-0.00284957,-0.00284957,0.150713
M,-0.273412,-0.00284957,-0.00284957,-0.276262
M,-0.199766,-0.0187475,-0.0187475,-0.218513
M,0.185484,-0.00284957,-0.00284957,0.182635
M,0.269156,-0.00284957,-0.00284957,0.266306
M,0.0184304,-0.00284957,-0.00284957,0.0155808
M,-0.239342,-0.00284957,-0.00284957,-0.242191
M,0.0120398,-0.00284957,-0.00284957,0.00919023
M,-0.140559,-0.00284957,-0.00284957,-0.143408
M,0.358078,-0.00284957,-0.00284957,0.355228
M,0.0518975,-0.00284957,-0.00284957,0.0490479
M,-0.0261891,-0.00284957,-0.00284957,-0.0290387
M,0.0663858,-0.00284957,-0.00284957,0.0635363
M,0.243754,-0.00284957,-0.00284957,0.240905
M,0.106311,-0.00284957,-0.00284957,0.103461
M,-0.320771,-0.00284957,-0.00284957,-0.32362
M,-0.0217193,-0.00284957,-0.00284957,-0.0245689
M,-0.116438,-0.00284957,-0.00284957,-0.119287
M,-0.242293,-0.00284957,-0.00284957,-0.245142
M,-0.159177,-0.00284957,-0.00284957,-0.162026
M,0.236261,-0.00284957,-0.00284957,0.233412
M,-0.149239,-0.00284957,-0.00284957,-0.152089
M,0.00307953,-0.00284957,-0.00284957,0.000229955
M,-0.210658,-0.00284957,-0.00284957,-0.213507
M,-0.167545,-0.00284957,-0.00284957,-0.170395
M,-0.388759,-0.00284957,-0.00284957,-0.391609
M,0.0878046,-0.00284957,-0.00284957,0.084955
M,-0.230587,-0.00284957,-0.00284957,-0.233436
M,-0.522312,-0.00284957,-0.00284957,-0.525162
M,-0.0401205,-0.00284957,-0.00284957,-0.0429701
M,-0.25732,-0.00284957,-0.00284957,-0.26017
M,0.220977,-0.00284957,-0.00284957,0.218127
M,-0.088833,-0.00284957,-0.00284957,-0.0916825
M,0.199102,-0.00284957,-0.00284957,0.196253
M,0.078785,-0.00284957,-0.00284957,0.0759354
M,0.330994,-0.00284957,-0.00284957,0.328144
M,-0.168471,-0.00284957,-0.00284957,-0.171321
M,-0.0726311,-0.00284957,-0.00284957,-0.0754807
M,0.10631,0.0101742,0.0101742,0.116484
M,0.0537629,-0.00284957,-0.00284957,0.0509134
M,0.244375,-0.00284957,-0.00284957,0.241526
M,-0.055015,-0.00284957,-0.00284957,-0.0578645
M,-0.18491,0.00646543,0.00646543,-0.178444
M,0.146487,-0.00284957,-0.00284957,0.143638
M,0.0068813,-0.00284957,-0.00284957,0.00403173
M,0.0362299,-0.00284957,-0.00284957,0.0333804
M,0.672974,-0.00284957,-0.00284957,0.670124
M,0.0694954,0.0101742,0.0101742,0.0796696
M,0.0643378,-0.0575318,-0.0575318,0.00680598
M,0.193452,-0.00284957,-0.00284957,0.190602
M,0.344595,-0.00284957,-0.00284957,0.341746
M,-0.139817,0.0271667,0.0271667,-0.11265
M,-0.424651,-0.00284957,-0.00284957,-0.4275
M,-0.16186,0.00646543,0.00646543,-0.155395
M,0.160047,-0.00284957,-0.00284957,0.157197
M,0.224413,0.0101742,0.0101742,0.234587
M,-0.14013,0.0271667,0.0271667,-0.112963
M,0.0898731,-0.00284957,-0.00284957,0.0870235
M,-0.0817305,-0.00284957,-0.00284957,-0.0845801
M,-0.253557,-0.00284957,-0.00284957,-0.256407
M,0.0305894,-0.00284957,-0.00284957,0.0277399
M,0.0633477,-0.00284957,-0.00284957,0.0604981
M,-0.118797,-0.00284957,-0.00284957,-0.121646
M,0.105034,-0.00284957,-0.00284957,0.102185
M,0.0797173,-0.0187475,-0.0187475,0.0609698
M,-0.145207,-0.00284957,-0.00284957,-0.148057
M,0.0257393,-0.00284957,-0.00284957,0.0228897
M,0.214863,-0.00284957,-0.00284957,0.212013
M,-0.199707,-0.00284957,-0.00284957,-0.202557
M,-0.182127,-0.00284957,-0.00284957,-0.184977
M,0.0568405,-0.00284957,-0.00284957,0.053991
M,0.272166,-0.00284957,-0.00284957,0.269316
M,-0.0669185,-0.00284957,-0.00284957,-0.0697681
M,-0.00685791,-0.00284957,-0.00284957,-0.00970748
M,0.422518,0.00646543,0.00646543,0.428983
M,-0.118708,-0.00284957,-0.00284957,-0.121558
M,-0.385787,-0.00284957,-0.00284957,-0.388637
M,-0.143848,-0.00284957,-0.00284957,-0.146698
M,-0.139201,-0.00284957,-0.00284957,-0.142051
M,-0.380888,-0.00284957,-0.00284957,-0.383738
M,0.0189988,-0.00284957,-0.00284957,0.0161492
M,0.0226751,-0.00284957,-0.00284957,0.0198255
M,0.0996059,-0.00284957,-0.00284957,0.0967563
M,0.363594,-0.00284957,-0.00284957,0.360744
M,-0.159385,-0.00284957,-0.00284957,-0.162234
M,0.26626,-0.00284957,-0.00284957,0.263411
M,0.166885,-0.00284957,-0.00284957,0.164035
M,0.126428,-0.00284957,-0.00284957,0.123578
M,0.247074,-0.00284957,-0.00284957,0.244225
M,-0.0655121,-0.00284957,-0.00284957,-0.0683616
M,0.0906265,-0.00284957,-0.00284957,0.087777
M,-0.510816,-0.00284957,-0.00284957,-0.513666
M,0.0987182,-0.0187475,-0.0187475,0.0799707
M,-0.254891,-0.00284957,-0.00284957,-0.25774
M,-0.17531,-0.00284957,-0.00284957,-0.17816
M,0.379464,-0.00284957,-0.00284957,0.376615
M,-0.569834,-0.00284957,-0.00284957,-0.572683
M,0.215532,-0.00284957,-0.00284957,0.212682
M,0.160871,-0.00284957,-0.00284957,0.158021
M,-0.0931541,-0.00284957,-0.00284957,-0.0960036
M,0.168028,-0.00284957,-0.00284957,0.165179
M,-0.0730367,-0.00284957,-0.00284957,-0.0758863
M,-0.254743,-0.00284957,-0.00284957,-0.257592
M,0.0781216,-0.00284957,-0.00284957,0.075272
M,0.230821,-0.00284957,-0.00284957,0.227971
M,-0.162881,-0.00284957,-0.00284957,-0.16573
M,0.00676329,-0.00284957,-0.00284957,0.00391372
M,-0.203285,-0.00284957,-0.00284957,-0.206135
M,0.154865,-0.00284957,-0.00284957,0.152015
M,-0.0295573,-0.00284957,-0.00284957,-0.0324069
M,0.393304,0.00646543,0.00646543,0.399769
M,0.154259,-0.00284957,-0.00284957,0.15141
M,-0.302208,-0.00284957,-0.00284957,-0.305058
M,-0.13945,-0.00284957,-0.00284957,-0.1423
M,0.031164,0.0271667,0.0271667,0.0583307
M,-0.376896,-0.00284957,-0.00284957,-0.379746
M,-0.159682,-0.00284957,-0.00284957,-0.162532
M,-0.107452,-0.00284957,-0.00284957,-0.110302
M,0.0889945,-0.00284957,-0.00284957,0.086145
M,0.0283903,-0.00284957,-0.00284957,0.0255407
M,0.40398,-0.00284957,-0.00284957,0.40113
M,0.19125,-0.00284957,-0.00284957,0.188401
M,0.248491,-0.00284957,-0.00284957,0.245642
M,0.0327059,-0.00284957,-0.00284957,0.0298563
M,-0.179288,-0.00284957,-0.00284957,-0.182137
M,-0.15411,-0.00284957,-0.00284957,-0.15696
M,0.0130249,0.00646543,0.00646543,0.0194903
M,0.620553,-0.00284957,-0.00284957,0.617703
M,-0.0402852,-0.00284957,-0.00284957,-0.0431348
M,-0.0738698,-0.00284957,-0.00284957,-0.0767194
M,-0.324148,-0.00284957,-0.00284957,-0.326997
M,0.30577,-0.00284957,-0.00284957,0.302921
M,-0.216776,-0.00284957,-0.00284957,-0.219626
M,0.355928,-0.00284957,-0.00284957,0.353078
M,0.0784714,-0.00284957,-0.00284957,0.0756219
M,0.621821,-0.00284957,-0.00284957,0.618972
M,-0.126508,-0.00284957,-0.00284957,-0.129357
M,-0.0152272,-0.00284957,-0.00284957,-0.0180767
M,0.11211,-0.00284957,-0.00284957,0.109261
M,-0.231822,-0.00284957,-0.00284957,-0.234672
M,0.15974,-0.00284957,-0.00284957,0.15689
M,-0.25395,-0.00284957,-0.00284957,-0.2568
M,0.0190414,-0.00284957,-0.00284957,0.0161918
M,0.101806,-0.00284957,-0.00284957,0.0989561
M,0.0813493,-0.00284957,-0.00284957,0.0784997
M,0.291158,-0.00284957,-0.00284957,0.288308
M,0.557733,-0.00284957,-0.00284957,0.554883
M,0.241803,-0.0187475,-0.0187475,0.223055
M,-0.00138861,-0.00284957,-0.00284957,-0.00423818
M,0.148999,-0.00284957,-0.00284957,0.14615
M,0.380378,-0.00284957,-0.00284957,0.377528
M,-0.066456,-0.00284957,-0.00284957,-0.0693056
M,0.489667,-0.00284957,-0.00284957,0.486817
M,-0.152718,0.0271667,0.0271667,-0.125551
M,0.0218643,-0.00284957,-0.00284957,0.0190147
M,-0.217672,-0.00284957,-0.00284957,-0.220522
M,0.190419,-0.0187475,-0.0187475,0.171671
M,0.0852688,-0.00284957,-0.00284957,0.0824192
M,0.019383,0.0101742,0.0101742,0.0295572
M,0.210361,-0.00284957,-0.00284957,0.207511
M,-0.55092,-0.00284957,-0.00284957,-0.553769
M,-0.192772,-0.00284957,-0.00284957,-0.195621
M,-0.157068,-0.00284957,-0.00284957,-0.159918
M,-0.322644,-0.00284957,-0.00284957,-0.325493
M,0.276777,-0.00284957,-0.00284957,0.273928
M,0.0254128,-0.00284957,-0.00284957,0.0225632
M,-0.017094,-0.00284957,-0.00284957,-0.0199436
M,0.0722037,-0.00284957,-0.00284957,0.0693541
M,0.128469,-0.00284957,-0.00284957,0.125619
M,0.00938696,-0.00284957,-0.00284957,0.00653738
M,-0.0533816,-0.00284957,-0.00284957,-0.0562311
M,-0.252848,-0.00284957,-0.00284957,-0.255698
M,-0.04097,-0.00284957,-0.00284957,-0.0438196
M,-0.289732,-0.00284957,-0.00284957,-0.292582
M,-0.043165,-0.00284957,-0.00284957,-0.0460146
M,-0.0712086,-0.0187475,-0.0187475,-0.0899561
M,0.157006,-0.00284957,-0.00284957,0.154156
M,0.0570791,-0.00284957,-0.00284957,0.0542295
M,0.305459,-0.00284957,-0.00284957,0.302609
M,-0.0389464,-0.00284957,-0.00284957,-0.0417959
M,-0.17755,-0.00284957,-0.00284957,-0.180399
M,-0.445663,-0.00284957,-0.00284957,-0.448513
M,0.379882,-0.00284957,-0.00284957,0.377033
M,0.0319411,-0.00284957,-0.00284957,0.0290915
M,-0.0854311,-0.00284957,-0.00284957,-0.0882807
M,-0.0377097,-0.00284957,-0.00284957,-0.0405593
M,-0.259154,-0.00284957,-0.00284957,-0.262003
M,0.0596442,-0.00284957,-0.00284957,0.0567947
M,-0.142264,-0.00284957,-0.00284957,-0.145114
M,-0.283887,-0.00284957,-0.00284957,-0.286737
M,-0.246316,-0.00284957,-0.00284957,-0.249165
M,0.135972,-0.00284957,-0.00284957,0.133122
M,-0.0477484,-0.00284957,-0.00284957,-0.050598
M,0.17546,-0.00284957,-0.00284957,0.17261
M,0.152159,-0.00284957,-0.00284957,0.149309
M,-0.439407,-0.00284957,-0.00284957,-0.442257
M,0.033304,-0.00284957,-0.00284957,0.0304544
M,-0.197551,-0.00284957,-0.00284957,-0.2004
M,-0.67911,-0.00284957,-0.00284957,-0.68196
M,-0.199924,-0.00284957,-0.00284957,-0.202773
M,-0.246575,-0.00284957,-0.00284957,-0.249424
M,-0.16909,-0.0187475,-0.0187475,-0.187837
M,0.153204,-0.00284957,-0.00284957,0.150354
M,0.0543844,-0.00284957,-0.00284957,0.0515348
M,0.14827,-0.00284957,-0.00284957,0.14542
M,0.0103655,-0.00284957,-0.00284957,0.00751593
M,-0.231764,-0.00284957,-0.00284957,-0.234614
M,0.184301,-0.00284957,-0.00284957,0.181451
M,-0.126998,-0.00284957,-0.00284957,-0.129847
M,-0.00135983,-0.0187475,-0.0187475,-0.0201073
M,0.423088,-0.00284957,-0.00284957,0.420238
M,-0.0821727,-0.00284957,-0.00284957,-0.0850223
M,-0.0950112,-0.0187475,-0.0187475,-0.113759
M,-0.0509079,-0.00284957,-0.00284957,-0.0537574
M,-0.0399633,-0.00284957,-0.00284957,-0.0428129
M,-0.388928,-0.0187475,-0.0187475,-0.407676
M,-0.0733766,-0.00284957,-0.00284957,-0.0762261
M,-0.111512,-0.00284957,-0.00284957,-0.114362
M,0.00197052,-0.00284957,-0.00284957,-0.000879054
M,-0.115568,-0.0187475,-0.0187475,-0.134316
M,0.0327802,-0.00284957,-0.00284957,0.0299306
M,0.0261983,-0.00284957,-0.00284957,0.0233487
M,0.0515438,-0.00284957,-0.00284957,0.0486942
M,-0.0327033,0.0101742,0.0101742,-0.0225291
M,-0.137696,-0.00284957,-0.00284957,-0.140546
M,0.0334505,-0.00284957,-0.00284957,0.0306009
M,-0.0205868,-0.00284957,-0.00284957,-0.0234364
M,0.118057,-0.00284957,-0.00284957,0.115207
M,-0.110877,-0.00284957,-0.00284957,-0.113726
M,-0.0609949,-0.00284957,-0.00284957,-0.0638445
M,0.0974694,-0.0575318,-0.0575318,0.0399376
M,-0.122196,-0.00284957,-0.00284957,-0.125046
M,0.0487747,-0.00284957,-0.00284957,0.0459251
M,0.209227,-0.0187475,-0.0187475,0.190479
M,0.105979,-0.00284957,-0.00284957,0.10313
M,0.413319,-0.00284957,-0.00284957,0.410469
M,0.319671,-0.00284957,-0.00284957,0.316822
M,0.00291814,-0.00284957,-0.00284957,6.85658e-05
M,-0.185767,-0.00284957,-0.00284957,-0.188616
M,0.310396,-0.00284957,-0.00284957,0.307546
M,-0.0680978,-0.00284957,-0.00284957,-0.0709473
M,0.212064,-0.00284957,-0.00284957,0.209214
M,0.205401,-0.00284957,-0.00284957,0.202552
M,-0.199142,-0.00284957,-0.00284957,-0.201992
M,-0.117546,-0.00284957,-0.00284957,-0.120395
M,-0.132337,-0.00284957,-0.00284957,-0.135186
M,0.276925,-0.00284957,-0.00284957,0.274075
M,0.205867,-0.00284957,-0.00284957,0.203017
M,0.139435,-0.00284957,-0.00284957,0.136586
M,-0.177296,-0.00284957,-0.00284957,-0.180146
M,-0.673523,-0.00284957,-0.00284957,-0.676372
M,-0.253408,-0.00284957,-0.00284957,-0.256257
M,0.20416,-0.00284957,-0.00284957,0.20131
M,0.0438719,-0.00284957,-0.00284957,0.0410224
M,0.229011,-0.00284957,-0.00284957,0.226162
M,-0.430725,-0.00284957,-0.00284957,-0.433575
M,0.0335633,0.00827633,0.00827633,0.0418396
M,-0.176637,-0.00284957,-0.00284957,-0.179486
M,0.0192636,-0.00284957,-0.00284957,0.016414
M,0.310993,-0.0187475,-0.0187475,0.292245
M,-0.101881,-0.00284957,-0.00284957,-0.10473
M,-0.0405772,-0.00284957,-0.00284957,-0.0434267
M,-0.220992,-0.00284957,-0.00284957,-0.223842
M,0.0417193,-0.00284957,-0.00284957,0.0388697
M,0.0619979,-0.00284957,-0.00284957,0.0591484
M,-0.0775047,-0.00284957,-0.00284957,-0.0803542
M,0.499564,-0.00284957,-0.00284957,0.496715
M,0.210029,-0.00284957,-0.00284957,0.207179
M,0.107494,-0.00284957,-0.00284957,0.104644
M,0.0947326,-0.00284957,-0.00284957,0.091883
M,0.341687,-0.0187475,-0.0187475,0.322939
M,0.0814202,-0.00284957,-0.00284957,0.0785706
M,-0.54107,-0.00284957,-0.00284957,-0.54392
M,0.294993,-0.00284957,-0.00284957,0.292144
M,0.21844,-0.00284957,-0.00284957,0.215591
M,-0.262556,-0.00284957,-0.00284957,-0.265406
M,-0.0664702,-0.00284957,-0.00284957,-0.0693198
M,-0.0802462,-0.00284957,-0.00284957,-0.0830957
M,0.162267,-0.00284957,-0.00284957,0.159418
M,-0.133339,-0.00284957,-0.00284957,-0.136189
M,-0.339129,-0.00284957,-0.00284957,-0.341978
M,0.0778136,-0.00284957,-0.00284957,0.0749641
M,0.112979,-0.0187475,-0.0187475,0.0942318
M,-0.0871048,-0.00284957,-0.00284957,-0.0899544
M,0.0458314,-0.00284957,-0.00284957,0.0429818
M,-0.0684609,-0.00284957,-0.00284957,-0.0713105
M,-0.200289,-0.00284957,-0.00284957,-0.203138
M,-0.526684,-0.00284957,-0.00284957,-0.529533
M,0.245277,-0.00284957,-0.00284957,0.242428
M,0.0975408,-0.00284957,-0.00284957,0.0946912
M,0.0223388,-0.00284957,-0.00284957,0.0194893
M,0.0392761,-0.00284957,-0.00284957,0.0364265
M,-0.0205261,-0.00284957,-0.00284957,-0.0233757
M,-0.0158594,-0.00284957,-0.00284957,-0.0187089
M,0.119152,-0.00284957,-0.00284957,0.116302
M,0.0802085,-0.00284957,-0.00284957,0.077359
M,-0.235161,-0.00284957,-0.00284957,-0.238011
M,0.275062,-0.00284957,-0.00284957,0.272213
M,-0.345848,-0.00284957,-0.00284957,-0.348698
M,-0.215975,-0.00284957,-0.00284957,-0.218824
M,0.0415762,-0.00284957,-0.00284957,0.0387266
M,0.057662,-0.00284957,-0.00284957,0.0548124
M,-0.313507,-0.00284957,-0.00284957,-0.316357
M,0.411728,-0.00284957,-0.00284957,0.408878
M,0.139231,-0.0187475,-0.0187475,0.120484
M,-0.121039,-0.00284957,-0.00284957,-0.123889
M,-0.194954,-0.0187475,-0.0187475,-0.213701
M,-0.323851,-0.00284957,-0.00284957,-0.326701
M,-0.199391,-0.00284957,-0.00284957,-0.202241
M,0.33271,-0.00284957,-0.00284957,0.329861
M,-0.0679196,-0.00284957,-0.00284957,-0.0707692
M,0.2742,-0.00284957,-0.00284957,0.27135
M,-0.0807109,-0.00284957,-0.00284957,-0.0835604
M,-0.152189,-0.00284957,-0.00284957,-0.155039
M,-0.198436,-0.00284957,-0.00284957,-0.201286
M,-0.106293,-0.00284957,-0.00284957,-0.109143
M,0.180926,-0.00284957,-0.00284957,0.178076
M,-0.118459,-0.00284957,-0.00284957,-0.121308
M,-0.0187442,-0.00284957,-0.00284957,-0.0215938
M,0.157825,-0.00284957,-0.00284957,0.154975
M,0.150574,-0.00284957,-0.00284957,0.147724
M,0.300857,-0.00284957,-0.00284957,0.298007
M,0.218098,-0.00284957,-0.00284957,0.215248
M,-0.261854,-0.00284957,-0.00284957,-0.264704
M,-0.0671528,-0.00284957,-0.00284957,-0.0700023
M,-0.0268096,-0.00284957,-0.00284957,-0.0296592
M,0.0903777,-0.00284957,-0.00284957,0.0875282
M,0.32056,-0.00284957,-0.00284957,0.31771
M,-0.0940946,-0.0187475,-0.0187475,-0.112842
M,0.109825,-0.00284957,-0.00284957,0.106975
M,0.212234,-0.00284957,-0.00284957,0.209384
M,0.316769,-0.00284957,-0.00284957,0.313919
M,0.159507,-0.00284957,-0.00284957,0.156658
M,0.173839,-0.0187475,-0.0187475,0.155091
M,-0.174411,-0.00284957,-0.00284957,-0.17726
M,-0.25092,-0.00284957,-0.00284957,-0.253769
M,-0.284834,-0.00284957,-0.00284957,-0.287683
M,-0.413339,-0.00284957,-0.00284957,-0.416189
M,0.0419899,-0.00284957,-0.00284957,0.0391403
M,0.160761,-0.00284957,-0.00284957,0.157912
M,-0.144817,-0.00284957,-0.00284957,-0.147666
M,-0.052494,-0.00284957,-0.00284957,-0.0553435
M,0.184553,-0.00284957,-0.00284957,0.181704
M,0.0679528,-0.00284957,-0.00284957,0.0651032
M,-0.383413,-0.00284957,-0.00284957,-0.386262
M,-0.213659,-0.00284957,-0.00284957,-0.216509
M,0.209902,-0.00284957,-0.00284957,0.207052
M,0.110997,-0.0187475,-0.0187475,0.092249
M,0.00542819,-0.00284957,-0.00284957,0.00257861
M,-0.0171695,-0.00284957,-0.00284957,-0.020019
M,0.0344933,-0.00284957,-0.00284957,0.0316438
M,0.180407,-0.00284957,-0.00284957,0.177557
M,-0.23836,-0.00284957,-0.00284957,-0.24121
M,0.168647,-0.00284957,-0.00284957,0.165797
M,-0.325278,-0.00284957,-0.00284957,-0.328127
M,-0.673439,-0.0187475,-0.0187475,-0.692186
M,-0.207308,-0.00284957,-0.00284957,-0.210158
M,0.228626,-0.00284957,-0.00284957,0.225777
M,0.0849458,-0.0187475,-0.0187475,0.0661983
M,0.420694,-0.00284957,-0.00284957,0.417845
M,-0.172513,-0.00284957,-0.00284957,-0.175363
M,0.274979,-0.00284957,-0.00284957,0.272129
M,-0.350877,-0.00284957,-0.00284957,-0.353726
M,-0.138456,-0.00284957,-0.00284957,-0.141305
M,-0.199308,-0.0575318,-0.0575318,-0.25684
M,0.00597842,-0.00284957,-0.00284957,0.00312884
M,-0.13607,-0.00284957,-0.00284957,-0.13892
M,0.195346,-0.00284957,-0.00284957,0.192496
M,-0.325813,-0.00284957,-0.00284957,-0.328663
M,-0.0487523,-0.00284957,-0.00284957,-0.0516019
M,0.366941,-0.00284957,-0.00284957,0.364091
M,0.0307979,-0.00284957,-0.00284957,0.0279483
M,-0.00973482,-0.00284957,-0.00284957,-0.0125844
M,-0.225046,-0.00284957,-0.00284957,-0.227895
M,-0.120244,-0.0187475,-0.0187475,-0.138991
M,0.164705,-0.00284957,-0.00284957,0.161856
M,0.588889,0.0101742,0.0101742,0.599063
M,0.34063,-0.00284957,-0.00284957,0.33778
M,0.141599,-0.00284957,-0.00284957,0.138749
M,0.289845,-0.00284957,-0.00284957,0.286996
M,-0.00524713,-0.00284957,-0.00284957,-0.00809671
M,-0.245822,-0.00284957,-0.00284957,-0.248671
M,-0.165402,-0.00284957,-0.00284957,-0.168252
M,0.387291,-0.00284957,-0.00284957,0.384441
M,-0.103029,-0.00284957,-0.00284957,-0.105878
M,-0.267268,-0.00284957,-0.00284957,-0.270118
M,0.162934,-0.00284957,-0.00284957,0.160084
M,-0.0476038,-0.00284957,-0.00284957,-0.0504534
M,-0.261498,-0.00284957,-0.00284957,-0.264348
M,0.00335576,-0.00284957,-0.00284957,0.000506188
M,0.159115,-0.00284957,-0.00284957,0.156266
M,-0.225418,-0.00284957,-0.00284957,-0.228267
M,0.24274,-0.00284957,-0.00284957,0.239891
M,-0.0331572,-0.00284957,-0.00284957,-0.0360068
M,-0.340076,-0.0187475,-0.0187475,-0.358823
M,-0.2662,-0.00284957,-0.00284957,-0.26905
M,0.181995,-0.00284957,-0.00284957,0.179146
M,-0.2427,-0.00284957,-0.00284957,-0.24555
M,0.0743991,-0.0575318,-0.0575318,0.0168672
M,0.29244,-0.00284957,-0.00284957,0.28959
M,-0.0681883,-0.00284957,-0.00284957,-0.0710378
M,0.0594323,0.0271667,0.0271667,0.086599
M,-0.0823525,-0.00284957,-0.00284957,-0.0852021
M,0.196724,-0.00284957,-0.00284957,0.193874
M,0.213772,-0.00284957,-0.00284957,0.210922
M,0.0233415,-0.00284957,-0.00284957,0.0204919
M,0.358377,-0.00284957,-0.00284957,0.355528
M,0.263237,-0.00284957,-0.00284957,0.260387
M,-0.00823917,-0.00284957,-0.00284957,-0.0110887
M,-0.388255,-0.00284957,-0.00284957,-0.391105
M,-0.293408,-0.00284957,-0.00284957,-0.296258
M,-0.445275,-0.00284957,-0.00284957,-0.448125
M,-0.0185951,-0.00284957,-0.00284957,-0.0214447
M,-0.131156,-0.00284957,-0.00284957,-0.134005
M,-0.199715,-0.00284957,-0.00284957,-0.202564
M,0.0628499,-0.00284957,-0.00284957,0.0600004
M,0.208959,-0.00284957,-0.00284957,0.206109
M,-0.185456,-0.00284957,-0.00284957,-0.188306
M,0.171792,-0.00284957,-0.00284957,0.168942
M,-0.0439399,-0.00284957,-0.00284957,-0.0467895
M,0.167629,-0.00284957,-0.00284957,0.164779
M,-0.291364,-0.00284957,-0.00284957,-0.294214
M,-0.217305,-0.00284957,-0.00284957,-0.220154
M,-0.174672,-0.00284957,-0.00284957,-0.177522
M,-0.0958813,-0.00284957,-0.00284957,-0.0987309
M,0.061925,-0.00284957,-0.00284957,0.0590754
M,0.366388,-0.00284957,-0.00284957,0.363539
M,-0.276376,-0.00284957,-0.00284957,-0.279226
M,0.453784,-0.00284957,-0.00284957,0.450934
M,0.398224,-0.00284957,-0.00284957,0.395374
M,0.329369,-0.00284957,-0.00284957,0.326519
M,-0.0362969,-0.00284957,-0.00284957,-0.0391465
M,-0.260967,-0.00284957,-0.00284957,-0.263817
M,0.0546978,-0.00284957,-0.00284957,0.0518482
M,-0.298746,-0.00284957,-0.00284957,-0.301596
M,-0.0836264,-0.00284957,-0.00284957,-0.0864759
M,0.0892839,-0.00284957,-0.00284957,0.0864343
M,-0.345939,-0.00284957,-0.00284957,-0.348789
M,0.22927,-0.00284957,-0.00284957,0.22642
M,0.199038,-0.00284957,-0.00284957,0.196188
M,-0.266958,-0.00284957,-0.00284957,-0.269808
M,-0.0735084,-0.00284957,-0.00284957,-0.0763579
M,0.161704,-0.00284957,-0.00284957,0.158854
M,-0.274281,-0.00284957,-0.00284957,-0.27713
M,0.0290708,-0.00284957,-0.00284957,0.0262213
M,-0.318341,-0.00284957,-0.00284957,-0.32119
M,0.156191,-0.00284957,-0.00284957,0.153342
M,0.0298599,-0.00284957,-0.00284957,0.0270103
M,0.145717,-0.00284957,-0.00284957,0.142867
M,-0.422481,-0.00284957,-0.00284957,-0.42533
M,-0.190766,-0.00284957,-0.00284957,-0.193616
M,0.0177908,-0.00284957,-0.00284957,0.0149413
M,-0.174865,-0.00284957,-0.00284957,-0.177715
M,-0.137497,-0.00284957,-0.00284957,-0.140347
M,0.213591,-0.00284957,-0.00284957,0.210741
M,0.207888,-0.00284957,-0.00284957,0.205038
M,0.230067,-0.00284957,-0.00284957,0.227218
M,0.0164809,-0.00284957,-0.00284957,0.0136314
M,-0.0521689,-0.00284957,-0.00284957,-0.0550185
M,0.116928,-0.00284957,-0.00284957,0.114078
M,-0.160856,-0.00284957,-0.00284957,-0.163705
M,-0.302202,-0.00284957,-0.00284957,-0.305051
M,0.00945573,-0.00284957,-0.00284957,0.00660616
M,0.212491,-0.00284957,-0.00284957,0.209641
M,-0.00495408,-0.00284957,-0.00284957,-0.00780365
M,-0.191162,-0.00284957,-0.00284957,-0.194012
M,-0.0540867,-0.00284957,-0.00284957,-0.0569363
M,0.421622,-0.00284957,-0.00284957,0.418772
M,-0.268324,-0.00284957,-0.00284957,-0.271173
M,-0.458661,-0.00284957,-0.00284957,-0.461511
M,-0.310191,-0.00284957,-0.00284957,-0.313041
M,0.182418,0.00646543,0.00646543,0.188884
M,-0.0949638,-0.00284957,-0.00284957,-0.0978134
M,-0.205505,-0.00284957,-0.00284957,-0.208354
M,0.186344,-0.00284957,-0.00284957,0.183495
M,-0.362717,-0.00284957,-0.00284957,-0.365566
M,-0.383672,-0.00284957,-0.00284957,-0.386522
M,0.012919,-0.00284957,-0.00284957,0.0100694
M,-0.113328,-0.00284957,-0.00284957,-0.116177
M,-0.10201,-0.00284957,-0.00284957,-0.104859
M,-0.100707,-0.00284957,-0.00284957,-0.103557
M,0.0237344,-0.0187475,-0.0187475,0.00498686
M,0.0223096,-0.0187475,-0.0187475,0.00356205
M,0.146469,-0.00284957,-0.00284957,0.143619
M,-0.112606,-0.00284957,-0.00284957,-0.115455
M,0.00255535,-0.00284957,-0.00284957,-0.000294224
M,0.222994,-0.00284957,-0.00284957,0.220144
M,0.0741707,-0.0575318,-0.0575318,0.0166388
M,-0.0521136,-0.00284957,-0.00284957,-0.0549631
M,-0.28072,-0.00284957,-0.00284957,-0.28357
M,0.27814,-0.00284957,-0.00284957,0.27529
M,0.133817,-0.00284957,-0.00284957,0.130968
M,0.2663,-0.00284957,-0.00284957,0.26345
M,-0.304018,-0.00284957,-0.00284957,-0.306868
M,0.203302,-0.00284957,-0.00284957,0.200453
M,-0.250111,-0.00284957,-0.00284957,-0.25296
M,-0.30813,0.00646543,0.00646543,-0.301665
M,0.191896,-0.00284957,-0.00284957,0.189047
M,0.209208,-0.00284957,-0.00284957,0.206358
M,0.0924663,0.0101742,0.0101742,0.102641
M,-0.261823,-0.00284957,-0.00284957,-0.264673
M,-0.163374,-0.00284957,-0.00284957,-0.166223
M,-0.141279,-0.00284957,-0.00284957,-0.144129
M,0.258404,-0.0187475,-0.0187475,0.239656
M,0.141916,-0.00284957,-0.00284957,0.139067
M,0.131041,-0.00284957,-0.00284957,0.128191
M,0.34379,-0.00284957,-0.00284957,0.340941
M,-0.2388,-0.00284957,-0.00284957,-0.24165
M,0.0250777,-0.00284957,-0.00284957,0.0222281
M,0.0922808,-0.00284957,-0.00284957,0.0894312
M,0.118789,-0.00284957,-0.00284957,0.115939
M,0.00963951,-0.00284957,-0.00284957,0.00678993
M,-0.348253,-0.00284957,-0.00284957,-0.351103
M,-0.169401,-0.00284957,-0.00284957,-0.172251
M,-0.310891,-0.00284957,-0.00284957,-0.31374
M,-0.101482,-0.00284957,-0.00284957,-0.104332
M,0.136709,-0.00284957,-0.00284957,0.133859
M,-0.115468,-0.00284957,-0.00284957,-0.118318
M,-0.137114,-0.00284957,-0.00284957,-0.139963
M,0.100648,-0.00284957,-0.00284957,0.0977979
M,-0.00678716,-0.00284957,-0.00284957,-0.00963674
M,-0.0527213,-0.00284957,-0.00284957,-0.0555709
M,0.415814,-0.00284957,-0.00284957,0.412965
M,0.0922558,-0.0187475,-0.0187475,0.0735083
M,0.0368846,-0.00284957,-0.00284957,0.0340351
M,-0.0534873,-0.00284957,-0.00284957,-0.0563369
M,0.405205,-0.00284957,-0.00284957,0.402355
M,-0.0347179,-0.00284957,-0.00284957,-0.0375674
M,0.376531,-0.00284957,-0.00284957,0.373682
M,-0.12166,-0.00284957,-0.00284957,-0.12451
M,0.0882619,-0.00284957,-0.00284957,0.0854124
M,-0.110758,-0.00284957,-0.00284957,-0.113607
M,-0.0382515,-0.00284957,-0.00284957,-0.0411011
M,0.0422867,-0.00284957,-0.00284957,0.0394371
M,0.184075,-0.00284957,-0.00284957,0.181225
M,-0.349176,-0.00284957,-0.00284957,-0.352026
M,-0.0728237,-0.00284957,-0.00284957,-0.0756733
M,-0.0153224,-0.00284957,-0.00284957,-0.018172
M,-0.0417564,-0.00284957,-0.00284957,-0.044606
M,-0.185079,-0.00284957,-0.00284957,-0.187928
M,-0.294661,-0.0187475,-0.0187475,-0.313409
M,0.110196,-0.00284957,-0.00284957,0.107347
M,0.346289,-0.00284957,-0.00284957,0.343439
M,0.31107,-0.0187475,-0.0187475,0.292322
M,-0.171048,-0.00284957,-0.00284957,-0.173897
M,0.019488,-0.00284957,-0.00284957,0.0166384
M,0.100385,-0.00284957,-0.00284957,0.0975359
M,-0.00277828,-0.00284957,-0.00284957,-0.00562785
M,-0.0362742,-0.00284957,-0.00284957,-0.0391238
M,-0.107903,-0.0187475,-0.0187475,-0.12665
M,-0.0502212,-0.00284957,-0.00284957,-0.0530708
M,0.0850062,-0.00284957,-0.00284957,0.0821566
M,0.00266409,-0.00284957,-0.00284957,-0.00018548
M,-0.236068,-0.00284957,-0.00284957,-0.238918
M,-0.193951,-0.00284957,-0.00284957,-0.196801
M,-0.203528,-0.00284957,-0.00284957,-0.206377
M,-0.245509,-0.00284957,-0.00284957,-0.248358
M,-0.155169,-0.00284957,-0.00284957,-0.158019
M,-0.0459832,-0.00284957,-0.00284957,-0.0488328
M,-0.428524,-0.00284957,-0.00284957,-0.431374
M,0.199663,-0.0187475,-0.0187475,0.180915
M,-0.0149637,-0.00284957,-0.00284957,-0.0178132
M,-0.000238361,-0.0575318,-0.0575318,-0.0577702
M,0.038066,0.0101742,0.0101742,0.0482402
M,-0.210303,-0.00284957,-0.00284957,-0.213152
M,0.0311414,-0.00284957,-0.00284957,0.0282918
M,-0.26503,-0.00284957,-0.00284957,-0.267879
M,0.174089,-0.0187475,-0.0187475,0.155342
M,0.246256,-0.00284957,-0.00284957,0.243407
M,-0.111762,-0.00284957,-0.00284957,-0.114612
M,0.323562,-0.00284957,-0.00284957,0.320712
M,-0.295937,-0.00284957,-0.00284957,-0.298786
M,0.217461,-0.0575318,-0.0575318,0.159929
M,0.191147,-0.00284957,-0.00284957,0.188297
M,0.28885,-0.00284957,-0.00284957,0.286
M,0.290401,-0.00284957,-0.00284957,0.287552
M,0.317002,-0.00284957,-0.00284957,0.314153
M,-0.19898,-0.00284957,-0.00284957,-0.201829
M,-0.13318,-0.0187475,-0.0187475,-0.151928
M,0.254832,-0.00284957,-0.00284957,0.251982
M,0.230045,-0.00284957,-0.00284957,0.227195
M,-0.141785,-0.00284957,-0.00284957,-0.144635
M,0.0202607,-0.00284957,-0.00284957,0.0174111
M,0.21972,-0.00284957,-0.00284957,0.216871
M,0.17189,-0.00284957,-0.00284957,0.16904
M,-0.156218,-0.00284957,-0.00284957,-0.159068
M,-0.325711,-0.00284957,-0.00284957,-0.32856
M,0.140572,-0.00284957,-0.00284957,0.137722
M,-0.0806165,-0.00284957,-0.00284957,-0.0834661
M,-0.208697,-0.00284957,-0.00284957,-0.211546
M,-0.14081,-0.00284957,-0.00284957,-0.143659
M,0.184648,-0.00284957,-0.00284957,0.181799
M,-0.159627,-0.00284957,-0.00284957,-0.162477
M,-0.0796645,-0.00284957,-0.00284957,-0.0825141
M,-0.0585995,-0.00284957,-0.00284957,-0.0614491
M,-0.13334,-0.00284957,-0.00284957,-0.13619
M,-0.017447,-0.00284957,-0.00284957,-0.0202966
M,-0.147918,-0.00284957,-0.00284957,-0.150768
M,0.0404164,-0.00284957,-0.00284957,0.0375668
M,0.311066,-0.00284957,-0.00284957,0.308216
M,-0.18265,-0.00284957,-0.00284957,-0.1855
M,0.0233298,-0.00284957,-0.00284957,0.0204802
M,0.105698,-0.00284957,-0.00284957,0.102849
M,-0.0157527,-0.00284957,-0.00284957,-0.0186023
M,0.0871803,-0.00284957,-0.00284957,0.0843307
M,-0.00390703,-0.00284957,-0.00284957,-0.00675661
M,-0.275427,-0.00284957,-0.00284957,-0.278276
M,-0.0778227,-0.00284957,-0.00284957,-0.0806723
M,0.328244,-0.00284957,-0.00284957,0.325394
M,-0.274771,0.0101742,0.0101742,-0.264597
M,0.145075,-0.00284957,-0.00284957,0.142225
M,-0.0756098,0.0271667,0.0271667,-0.0484431
M,-0.133064,-0.00284957,-0.00284957,-0.135914
M,0.334304,-0.00284957,-0.00284957,0.331454
M,-0.0545154,-0.00284957,-0.00284957,-0.057365
M,-0.027331,-0.00284957,-0.00284957,-0.0301805
M,0.406328,-0.00284957,-0.00284957,0.403479
M,0.245058,-0.00284957,-0.00284957,0.242209
M,0.333982,-0.00284957,-0.00284957,0.331133
M,0.101774,-0.0187475,-0.0187475,0.083026
M,0.19147,-0.00284957,-0.00284957,0.18862
M,0.0106332,-0.00284957,-0.00284957,0.00778364
M,0.465226,-0.00284957,-0.00284957,0.462376
M,0.138933,-0.00284957,-0.00284957,0.136083
M,-0.223179,-0.00284957,-0.00284957,-0.226028
M,-0.140304,-0.00284957,-0.00284957,-0.143153
M,0.0687051,-0.00284957,-0.00284957,0.0658555
M,0.411662,-0.00284957,-0.00284957,0.408812
M,0.480819,-0.00284957,-0.00284957,0.47797
M,-0.473428,-0.00284957,-0.00284957,-0.476278
M,-0.0303291,-0.00284957,-0.00284957,-0.0331787
M,-0.0771055,-0.00284957,-0.00284957,-0.079955
M,0.192897,-0.00284957,-0.00284957,0.190048
M,-0.315608,-0.00284957,-0.00284957,-0.318458
M,0.118234,-0.00284957,-0.00284957,0.115384
M,-0.445507,-0.00284957,-0.00284957,-0.448357
M,-0.212667,-0.00284957,-0.00284957,-0.215516
M,0.135754,-0.00284957,-0.00284957,0.132904
M,-0.48184,-0.00284957,-0.00284957,-0.48469
M,0.345077,-0.00284957,-0.00284957,0.342227
M,-0.100677,-0.00284957,-0.00284957,-0.103527
M,0.232076,-0.00284957,-0.00284957,0.229227
M,-0.0609082,-0.00284957,-0.00284957,-0.0637578
M,-0.0568875,-0.0575318,-0.0575318,-0.114419
M,0.0566357,-0.00284957,-0.00284957,0.0537862
M,0.0942325,-0.00284957,-0.00284957,0.0913829
M,-0.1507,-0.00284957,-0.00284957,-0.15355
M,0.0429116,-0.00284957,-0.00284957,0.0400621
M,-0.215054,-0.00284957,-0.00284957,-0.217903
M,0.0166485,-0.00284957,-0.00284957,0.0137989
M,0.0205258,-0.00284957,-0.00284957,0.0176762
M,-0.0656797,-0.00284957,-0.00284957,-0.0685293
M,-0.00927331,-0.00284957,-0.00284957,-0.0121229
M,-0.113957,-0.00284957,-0.00284957,-0.116806
M,-0.0746412,-0.00284957,-0.00284957,-0.0774907
M,-0.238609,-0.00284957,-0.00284957,-0.241459
M,0.453182,-0.00284957,-0.00284957,0.450332
M,0.066624,-0.00284957,-0.00284957,0.0637744
M,-0.05044,-0.00284957,-0.00284957,-0.0532896
M,0.041514,-0.00284957,-0.00284957,0.0386644
M,-0.00668589,-0.00284957,-0.00284957,-0.00953546
M,0.227694,-0.00284957,-0.00284957,0.224845
M,0.300341,-0.00284957,-0.00284957,0.297492
M,0.0868716,-0.00284957,-0.00284957,0.084022
M,-0.140487,-0.0187475,-0.0187475,-0.159234
M,-0.019131,-0.00284957,-0.00284957,-0.0219806
M,0.125588,-0.00284957,-0.00284957,0.122739
M,0.296053,0.0101742,0.0101742,0.306227
M,-0.047962,-0.00284957,-0.00284957,-0.0508115
M,-0.0182315,-0.00284957,-0.00284957,-0.0210811
M,0.0334518,-0.0187475,-0.0187475,0.0147043
M,-0.284149,-0.00284957,-0.00284957,-0.286998
M,0.0158386,-0.00284957,-0.00284957,0.012989
M,0.238288,-0.00284957,-0.00284957,0.235439
M,-0.024072,-0.00284957,-0.00284957,-0.0269216
M,0.0624953,-0.00284957,-0.00284957,0.0596458
M,-0.000832012,-0.00284957,-0.00284957,-0.00368159
M,-0.00194655,-0.00284957,-0.00284957,-0.00479612
M,-0.0365551,-0.00284957,-0.00284957,-0.0394047
M,-0.00612904,-0.0187475,-0.0187475,-0.0248765
M,-0.141057,-0.00284957,-0.00284957,-0.143907
M,-0.186177,0.0101742,0.0101742,-0.176002
M,-0.0382144,-0.00284957,-0.00284957,-0.041064
M,0.0137524,-0.00284957,-0.00284957,0.0109028
M,0.112452,-0.00284957,-0.00284957,0.109602
M,0.000865201,-0.00284957,-0.00284957,-0.00198437
M,0.14464,-0.00284957,-0.00284957,0.14179
M,0.0271278,-0.00284957,-0.00284957,0.0242782
M,-0.318502,-0.00284957,-0.00284957,-0.321351
M,-0.350848,-0.00284957,-0.00284957,-0.353697
M,0.0935392,-0.00284957,-0.00284957,0.0906897
M,-0.0698029,-0.00284957,-0.00284957,-0.0726524
M,-0.236324,-0.00284957,-0.00284957,-0.239173
M,-0.146864,0.0271667,0.0271667,-0.119698
M,-0.030309,-0.00284957,-0.00284957,-0.0331586
M,-0.016603,-0.00284957,-0.00284957,-0.0194526
M,-0.0145227,-0.00284957,-0.00284957,-0.0173723
M,-0.0200001,-0.00284957,-0.00284957,-0.0228497
M,0.21653,-0.00284957,-0.00284957,0.213681
M,0.0332327,-0.00284957,-0.00284957,0.0303831
M,0.478,-0.00284957,-0.00284957,0.475151
M,-0.0416228,-0.00284957,-0.00284957,-0.0444723
M,-0.261347,-0.00284957,-0.00284957,-0.264197
M,-0.134648,-0.00284957,-0.00284957,-0.137497
M,-0.27619,0.0271667,0.0271667,-0.249023
M,-0.0380762,-0.00284957,-0.00284957,-0.0409258
M,-0.190134,-0.00284957,-0.00284957,-0.192983
M,-0.208756,-0.00284957,-0.00284957,-0.211606
M,-0.152335,-0.00284957,-0.00284957,-0.155185
M,-0.179936,-0.00284957,-0.00284957,-0.182786
M,-0.244454,-0.00284957,-0.00284957,-0.247303
M,-0.364621,-0.00284957,-0.00284957,-0.36747
M,0.0315529,-0.00284957,-0.00284957,0.0287034
M,-0.0252113,-0.0187475,-0.0187475,-0.0439588
M,-0.191797,-0.00284957,-0.00284957,-0.194647
M,0.0907356,-0.00284957,-0.00284957,0.0878861
M,0.184791,-0.00284957,-0.00284957,0.181942
M,0.0946814,-0.00284957,-0.00284957,0.0918318
M,-0.0225463,-0.00284957,-0.00284957,-0.0253959
M,-0.148524,-0.00284957,-0.00284957,-0.151374
M,0.0402208,-0.00284957,-0.00284957,0.0373712
M,0.014591,-0.00284957,-0.00284957,0.0117414
M,-0.0311422,-0.00284957,-0.00284957,-0.0339918
M,-0.0276178,-0.00284957,-0.00284957,-0.0304674
M,0.139337,-0.00284957,-0.00284957,0.136487
M,-0.0445404,-0.00284957,-0.00284957,-0.04739
M,0.238086,-0.00284957,-0.00284957,0.235236
M,0.296368,-0.00284957,-0.00284957,0.293518
M,-0.193941,-0.00284957,-0.00284957,-0.19679
M,0.056222,-0.00284957,-0.00284957,0.0533724
M,-0.249741,-0.00284957,-0.00284957,-0.25259
M,0.338246,-0.00284957,-0.00284957,0.335396
M,-0.0086747,-0.00284957,-0.00284957,-0.0115243
M,0.0398205,-0.00284957,-0.00284957,0.0369709
M,-0.210658,-0.00284957,-0.00284957,-0.213508
M,0.257727,-0.00284957,-0.00284957,0.254877
M,0.144366,-0.00284957,-0.00284957,0.141516
M,-0.000828039,-0.00284957,-0.00284957,-0.00367761
M,0.0345656,-0.00284957,-0.00284957,0.031716
M,0.431034,-0.00284957,-0.00284957,0.428184
M,-0.29892,-0.00284957,-0.00284957,-0.301769
M,-0.18009,-0.00284957,-0.00284957,-0.18294
M,-0.00549049,-0.00284957,-0.00284957,-0.00834006
M,-0.00393024,-0.00284957,-0.00284957,-0.00677981
M,-0.408218,-0.0187475,-0.0187475,-0.426966
M,-0.293745,-0.00284957,-0.00284957,-0.296594
M,-0.088559,-0.00284957,-0.00284957,-0.0914086
M,0.0648516,-0.00284957,-0.00284957,0.062002
M,0.358834,-0.00284957,-0.00284957,0.355984
M,-0.306799,-0.00284957,-0.00284957,-0.309648
M,0.0794105,-0.00284957,-0.00284957,0.0765609
M,0.185045,-0.00284957,-0.00284957,0.182195
M,-0.332339,-0.00284957,-0.00284957,-0.335189
M,0.195405,-0.00284957,-0.00284957,0.192555
M,0.152194,-0.00284957,-0.00284957,0.149345
M,-0.12565,-0.00284957,-0.00284957,-0.128499
M,-0.55957,-0.00284957,-0.00284957,-0.562419
M,0.31413,-0.00284957,-0.00284957,0.31128
M,0.157437,-0.00284957,-0.00284957,0.154587
M,0.00832664,-0.00284957,-0.00284957,0.00547706
M,0.284159,-0.00284957,-0.00284957,0.28131
M,0.377529,-0.00284957,-0.00284957,0.37468
M,-0.0804389,-0.00284957,-0.00284957,-0.0832885
M,-0.0681221,-0.00284957,-0.00284957,-0.0709717
M,0.0256652,-0.00284957,-0.00284957,0.0228156
M,0.10595,-0.00284957,-0.00284957,0.103101
M,0.134006,-0.00284957,-0.00284957,0.131156
M,-0.156962,-0.00284957,-0.00284957,-0.159811
M,-0.4099,-0.00284957,-0.00284957,-0.41275
M,0.303188,-0.00284957,-0.00284957,0.300338
M,-0.148176,-0.00284957,-0.00284957,-0.151025
M,-0.44492,-0.00284957,-0.00284957,-0.44777
M,-0.457535,-0.00284957,-0.00284957,-0.460385
M,-0.205859,-0.00284957,-0.00284957,-0.208709
M,-0.130218,-0.00284957,-0.00284957,-0.133067
M,0.147644,-0.00284957,-0.00284957,0.144794
M,0.491744,-0.00284957,-0.00284957,0.488894
M,0.0835493,-0.00284957,-0.00284957,0.0806997
M,-0.179896,-0.00284957,-0.00284957,-0.182745
M,-0.150231,-0.0187475,-0.0187475,-0.168979
M,0.222612,-0.00284957,-0.00284957,0.219763
M,-0.20562,-0.00284957,-0.00284957,-0.20847
M,-0.214663,-0.00284957,-0.00284957,-0.217513
M,-0.235885,-0.00284957,-0.00284957,-0.238734
M,-0.448021,-0.00284957,-0.00284957,-0.45087
M,0.124238,-0.00284957,-0.00284957,0.121388
M,0.110617,-0.00284957,-0.00284957,0.107767
M,-0.0837998,-0.00284957,-0.00284957,-0.0866494
M,0.165911,-0.00284957,-0.00284957,0.163062
M,-0.138982,-0.00284957,-0.00284957,-0.141832
M,0.227916,-0.00284957,-0.00284957,0.225066
M,0.116577,-0.00284957,-0.00284957,0.113728
M,-0.177264,-0.00284957,-0.00284957,-0.180113
M,0.177912,-0.00284957,-0.00284957,0.175063
M,-0.157971,-0.00284957,-0.00284957,-0.16082
M,0.227005,-0.00284957,-0.00284957,0.224155
M,-0.216073,-0.00284957,-0.00284957,-0.218923
M,-0.268803,-0.00284957,-0.00284957,-0.271652
M,-0.0177886,-0.0187475,-0.0187475,-0.0365361
M,-0.399489,-0.00284957,-0.00284957,-0.402338
M,-0.0351443,-0.00284957,-0.00284957,-0.0379939
M,0.134062,-0.00284957,-0.00284957,0.131212
M,0.103702,-0.00284957,-0.00284957,0.100852
M,0.0578888,-0.00284957,-0.00284957,0.0550392
M,0.123129,-0.00284957,-0.00284957,0.12028
M,0.0257764,0.00646543,0.00646543,0.0322418
M,-0.388479,-0.00284957,-0.00284957,-0.391328
M,0.282857,-0.00284957,-0.00284957,0.280008
M,0.123975,-0.00284957,-0.00284957,0.121126
M,-0.120004,-0.00284957,-0.00284957,-0.122854
M,0.416468,-0.00284957,-0.00284957,0.413619
M,-0.262484,-0.00284957,-0.00284957,-0.265334
M,0.231337,-0.00284957,-0.00284957,0.228487
M,-0.00315415,-0.00284957,-0.00284957,-0.00600372
M,0.0481314,-0.00284957,-0.00284957,0.0452818
M,-0.035251,-0.0187475,-0.0187475,-0.0539985
M,-0.12117,-0.00284957,-0.00284957,-0.12402
M,0.385861,-0.00284957,-0.00284957,0.383011
M,0.158069,-0.00284957,-0.00284957,0.15522
M,0.168734,-0.00284957,-0.00284957,0.165885
M,-0.153852,-0.0187475,-0.0187475,-0.172599
M,-0.00726038,-0.00284957,-0.00284957,-0.01011
M,0.0391738,-0.00284957,-0.00284957,0.0363242
M,0.0933594,-0.00284957,-0.00284957,0.0905098
M,-0.014663,0.0271667,0.0271667,0.0125037
M,-0.337118,-0.00284957,-0.00284957,-0.339968
M,-0.194527,-0.00284957,-0.00284957,-0.197377
M,-0.150165,-0.00284957,-0.00284957,-0.153014
M,0.0351602,-0.00284957,-0.00284957,0.0323106
M,0.157728,-0.0187475,-0.0187475,0.13898
M,-0.110703,-0.00284957,-0.00284957,-0.113553
M,-0.53608,-0.00284957,-0.00284957,-0.538929
M,0.135928,-0.00284957,-0.00284957,0.133078
M,0.131117,-0.00284957,-0.00284957,0.128268
M,0.21296,-0.00284957,-0.00284957,0.210111
M,0.535432,-0.00284957,-0.00284957,0.532583
M,-0.31908,-0.00284957,-0.00284957,-0.32193
M,-0.166362,-0.00284957,-0.00284957,-0.169212
M,-0.0142511,-0.00284957,-0.00284957,-0.0171006
M,0.0436557,-0.00284957,-0.00284957,0.0408061
M,-0.00948066,-0.00284957,-0.00284957,-0.0123302
M,0.0674025,-0.00284957,-0.00284957,0.064553
M,-0.262752,-0.00284957,-0.00284957,-0.265602
M,-0.229867,-0.00284957,-0.00284957,-0.232716
M,-0.0139997,-0.0187475,-0.0187475,-0.0327472
M,-0.0185473,-0.00284957,-0.00284957,-0.0213969
M,-0.444473,-0.00284957,-0.00284957,-0.447322
M,-0.0924831,-0.00284957,-0.00284957,-0.0953327
M,-0.448887,0.00646543,0.00646543,-0.442422
M,-0.238246,-0.00284957,-0.00284957,-0.241096
M,0.21405,-0.00284957,-0.00284957,0.211201
M,0.186595,-0.00284957,-0.00284957,0.183745
M,-0.158139,-0.00284957,-0.00284957,-0.160989
M,0.476558,-0.0187475,-0.0187475,0.457811
M,-0.142529,-0.00284957,-0.00284957,-0.145378
M,0.0328628,-0.00284957,-0.00284957,0.0300132
M,0.361999,-0.00284957,-0.00284957,0.359149
M,-0.369203,-0.00284957,-0.00284957,-0.372053
M,0.0356545,-0.00284957,-0.00284957,0.0328049
M,0.184817,-0.00284957,-0.00284957,0.181968
M,0.0658614,-0.00284957,-0.00284957,0.0630118
M,-0.207193,-0.00284957,-0.00284957,-0.210042
M,0.45158,-0.00284957,-0.00284957,0.448731
M,-0.0543586,0.00646543,0.00646543,-0.0478932
M,-0.0408321,-0.00284957,-0.00284957,-0.0436816
M,-0.0991063,-0.00284957,-0.00284957,-0.101956
M,-0.317419,-0.00284957,-0.00284957,-0.320269
M,0.422351,-0.00284957,-0.00284957,0.419501
M,0.261008,-0.00284957,-0.00284957,0.258159
M,0.291534,-0.00284957,-0.00284957,0.288684
M,0.247876,-0.00284957,-0.00284957,0.245026
M,-0.255403,-0.00284957,-0.00284957,-0.258252
M,0.103322,-0.00284957,-0.00284957,0.100472
M,0.544993,-0.00284957,-0.00284957,0.542144
M,-0.235919,-0.00284957,-0.00284957,-0.238768
M,-0.015024,-0.0187475,-0.0187475,-0.0337715
M,-0.631785,-0.00284957,-0.00284957,-0.634634
M,0.0955622,-0.0187475,-0.0187475,0.0768147
M,-0.400247,-0.00284957,-0.00284957,-0.403096
M,0.321866,-0.00284957,-0.00284957,0.319017
M,-0.101237,-0.00284957,-0.00284957,-0.104086
M,-0.077943,-0.00284957,-0.00284957,-0.0807926
M,-0.0765682,-0.0187475,-0.0187475,-0.0953157
M,-0.0760535,-0.00284957,-0.00284957,-0.078903
M,0.0873981,-0.00284957,-0.00284957,0.0845486
M,0.237216,-0.00284957,-0.00284957,0.234366
M,-0.175916,-0.00284957,-0.00284957,-0.178766
M,-0.0149645,-0.00284957,-0.00284957,-0.017814
M,-0.128304,-0.00284957,-0.00284957,-0.131153
M,0.242639,-0.00284957,-0.00284957,0.239789
M,0.242455,-0.00284957,-0.00284957,0.239605
M,0.0953687,-0.00284957,-0.00284957,0.0925191
M,-0.184309,-0.00284957,-0.00284957,-0.187158
M,-0.218019,-0.00284957,-0.00284957,-0.220869
M,-0.212289,-0.00284957,-0.00284957,-0.215138
M,0.153184,-0.00284957,-0.00284957,0.150335
M,-0.0628795,-0.00284957,-0.00284957,-0.0657291
M,0.139995,-0.00284957,-0.00284957,0.137146
M,-0.0337154,-0.00284957,-0.00284957,-0.036565
M,0.122929,-0.00284957,-0.00284957,0.12008
M,-0.107832,-0.00284957,-0.00284957,-0.110682
M,0.174631,-0.00284957,-0.00284957,0.171781
M,-0.172739,-0.00284957,-0.00284957,-0.175588
M,-0.634384,-0.00284957,-0.00284957,-0.637234
M,0.0626724,-0.00284957,-0.00284957,0.0598228
M,-0.205546,-0.00284957,-0.00284957,-0.208395
M,0.149295,-0.00284957,-0.00284957,0.146445
M,0.136984,-0.00284957,-0.00284957,0.134134
M,0.106861,-0.00284957,-0.00284957,0.104012
M,-0.35417,0.00827633,0.00827633,-0.345893
M,-0.150325,-0.00284957,-0.00284957,-0.153175
M,-0.0936252,-0.00284957,-0.00284957,-0.0964748
M,-0.300256,-0.00284957,-0.00284957,-0.303105
M,-0.145777,-0.00284957,-0.00284957,-0.148627
M,0.217583,-0.00284957,-0.00284957,0.214734
M,-0.0496402,-0.00284957,-0.00284957,-0.0524898
M,-0.0432636,-0.00284957,-0.00284957,-0.0461132
M,-0.279374,-0.00284957,-0.00284957,-0.282224
M,0.450907,-0.00284957,-0.00284957,0.448057
M,0.0249453,-0.00284957,-0.00284957,0.0220958
M,0.421998,-0.0187475,-0.0187475,0.40325
M,0.00480887,-0.00284957,-0.00284957,0.0019593
M,-0.0784541,-0.00284957,-0.00284957,-0.0813037
M,-0.169106,-0.00284957,-0.00284957,-0.171955
M,0.172148,-0.00284957,-0.00284957,0.169299
M,-0.0959266,-0.00284957,-0.00284957,-0.0987762
M,-0.250311,-0.00284957,-0.00284957,-0.25316
M,-0.52374,-0.0187475,-0.0187475,-0.542488
M,0.0942676,-0.00284957,-0.00284957,0.091418
M,-0.0480528,-0.00284957,-0.00284957,-0.0509024
M,-0.106499,-0.00284957,-0.00284957,-0.109348
M,-0.0600342,-0.00284957,-0.00284957,-0.0628838
M,0.0445362,-0.00284957,-0.00284957,0.0416866
M,-0.498699,-0.00284957,-0.00284957,-0.501549
M,-0.00743708,-0.00284957,-0.00284957,-0.0102867
M,0.231659,-0.00284957,-0.00284957,0.228809
M,-0.252562,-0.00284957,-0.00284957,-0.255411
M,-0.0403054,-0.00284957,-0.00284957,-0.043155
M,-0.0935804,-0.00284957,-0.00284957,-0.09643
M,-0.207206,0.00646543,0.00646543,-0.200741
M,-0.397875,-0.00284957,-0.00284957,-0.400724
M,0.397124,-0.00284957,-0.00284957,0.394274
M,0.200132,-0.00284957,-0.00284957,0.197283
M,-0.337273,-0.0187475,-0.0187475,-0.35602
M,0.00967997,-0.00284957,-0.00284957,0.0068304
M,-0.348589,-0.00284957,-0.00284957,-0.351439
M,-0.0467094,-0.00284957,-0.00284957,-0.0495589
M,-0.511426,-0.00284957,-0.00284957,-0.514275
M,-0.0467931,-0.00284957,-0.00284957,-0.0496427
M,0.0602569,-0.00284957,-0.00284957,0.0574074
M,0.179206,-0.00284957,-0.00284957,0.176356
M,-0.0845812,-0.00284957,-0.00284957,-0.0874308
M,-0.235155,-0.00284957,-0.00284957,-0.238004
M,0.208899,-0.00284957,-0.00284957,0.206049
M,-0.178319,-0.00284957,-0.00284957,-0.181169
M,0.0644661,-0.00284957,-0.00284957,0.0616165
M,-0.0567262,0.0271667,0.0271667,-0.0295595
M,0.0654619,-0.00284957,-0.00284957,0.0626124
M,-0.314549,-0.00284957,-0.00284957,-0.317399
M,0.0393776,-0.00284957,-0.00284957,0.036528
M,-0.0614476,-0.00284957,-0.00284957,-0.0642972
M,-0.0058888,-0.00284957,-0.00284957,-0.00873838
M,-0.507822,-0.00284957,-0.00284957,-0.510671
M,0.198005,-0.00284957,-0.00284957,0.195155
M,0.127052,-0.00284957,-0.00284957,0.124203
M,0.267529,-0.00284957,-0.00284957,0.264679
M,-0.0156423,-0.00284957,-0.00284957,-0.0184919
M,-0.0630908,-0.00284957,-0.00284957,-0.0659404
M,0.416316,-0.0187475,-0.0187475,0.397568
M,-0.317649,-0.00284957,-0.00284957,-0.320498
M,-0.27218,-0.00284957,-0.00284957,-0.275029
M,0.0757216,-0.00284957,-0.00284957,0.072872
M,-0.0757285,-0.00284957,-0.00284957,-0.078578
M,-0.210041,-0.00284957,-0.00284957,-0.21289
M,-0.319977,-0.00284957,-0.00284957,-0.322827
M,0.0624249,-0.00284957,-0.00284957,0.0595753
M,0.196071,-0.00284957,-0.00284957,0.193221
M,-0.187486,-0.00284957,-0.00284957,-0.190336
M,0.358939,-0.00284957,-0.00284957,0.356089
M,0.279181,-0.00284957,-0.00284957,0.276332
M,0.00874672,-0.00284957,-0.00284957,0.00589714
M,0.214805,-0.00284957,-0.00284957,0.211956
M,0.295096,-0.0187475,-0.0187475,0.276349
M,-0.180998,-0.00284957,-0.00284957,-0.183847
M,-0.315799,0.0271667,0.0271667,-0.288632
M,0.0310464,-0.00284957,-0.00284957,0.0281968
M,-0.0229428,-0.00284957,-0.00284957,-0.0257924
M,-0.599188,-0.00284957,-0.00284957,-0.602037
M,-0.595482,-0.00284957,-0.00284957,-0.598331
M,0.180118,-0.00284957,-0.00284957,0.177269
M,0.140625,-0.00284957,-0.00284957,0.137775
M,-0.245954,-0.00284957,-0.00284957,-0.248803
M,-0.0498813,-0.00284957,-0.00284957,-0.0527309
M,-0.288794,-0.00284957,-0.00284957,-0.291643
M,0.389004,-0.00284957,-0.00284957,0.386155
M,-0.291263,-0.00284957,-0.00284957,-0.294112
M,-0.368596,0.00646543,0.00646543,-0.362131
M,-0.0721488,-0.00284957,-0.00284957,-0.0749984
M,0.00482021,-0.00284957,-0.00284957,0.00197064
M,-0.222884,-0.00284957,-0.00284957,-0.225734
M,0.563284,-0.0187475,-0.0187475,0.544537
M,0.240606,-0.0187475,-0.0187475,0.221859
M,0.17331,-0.00284957,-0.00284957,0.17046
M,-0.109319,-0.00284957,-0.00284957,-0.112169
M,0.35461,-0.00284957,-0.00284957,0.35176
M,0.135349,-0.00284957,-0.00284957,0.1325
M,-0.190509,-0.00284957,-0.00284957,-0.193359
M,0.0268984,-0.00284957,-0.00284957,0.0240489
M,-0.246483,-0.00284957,-0.00284957,-0.249332
M,-0.0232861,-0.00284957,-0.00284957,-0.0261357
M,-0.416403,-0.00284957,-0.00284957,-0.419253
M,-0.168515,-0.00284957,-0.00284957,-0.171364
M,-0.209655,-0.00284957,-0.00284957,-0.212505
M,0.00549135,-0.00284957,-0.00284957,0.00264177
M,-0.173211,-0.00284957,-0.00284957,-0.17606
M,0.157313,-0.00284957,-0.00284957,0.154463
M,0.309339,-0.00284957,-0.00284957,0.306489
M,-0.0538348,-0.00284957,-0.00284957,-0.0566844
M,-0.198642,-0.00284957,-0.00284957,-0.201491
M,0.276286,0.0271667,0.0271667,0.303453
M,-0.0526103,-0.00284957,-0.00284957,-0.0554599
M,-0.0641268,-0.00284957,-0.00284957,-0.0669764
M,-0.140816,0.00827633,0.00827633,-0.13254
M,-0.542072,-0.00284957,-0.00284957,-0.544922
M,-0.204372,-0.00284957,-0.00284957,-0.207221
M,0.128614,-0.00284957,-0.00284957,0.125765
M,0.24337,-0.00284957,-0.00284957,0.24052
M,0.183866,-0.00284957,-0.00284957,0.181016
M,0.534668,-0.00284957,-0.00284957,0.531819
M,-0.0763956,-0.00284957,-0.00284957,-0.0792452
M,-0.169065,-0.00284957,-0.00284957,-0.171914
M,0.202805,-0.00284957,-0.00284957,0.199956
M,0.415563,-0.00284957,-0.00284957,0.412714
M,-0.106078,-0.00284957,-0.00284957,-0.108927
M,0.168131,-0.00284957,-0.00284957,0.165281
M,-0.267257,-0.00284957,-0.00284957,-0.270106
M,0.0132561,-0.00284957,-0.00284957,0.0104065
M,0.0870061,0.0271667,0.0271667,0.114173
M,0.0955327,-0.00284957,-0.00284957,0.0926831
M,0.0958172,-0.00284957,-0.00284957,0.0929676
M,-0.209004,-0.00284957,-0.00284957,-0.211854
M,0.00494862,-0.00284957,-0.00284957,0.00209905
M,-0.217744,-0.00284957,-0.00284957,-0.220594
M,-0.320693,-0.0187475,-0.0187475,-0.339441
M,-0.0965444,-0.00284957,-0.00284957,-0.0993939
M,-0.0264888,-0.00284957,-0.00284957,-0.0293384
M,-0.131141,-0.00284957,-0.00284957,-0.133991
M,0.331226,0.00646543,0.00646543,0.337692
M,0.161711,-0.00284957,-0.00284957,0.158861
M,-0.2906,-0.00284957,-0.00284957,-0.29345
M,-0.185751,-0.00284957,-0.00284957,-0.188601
M,0.024883,0.0271667,0.0271667,0.0520496
M,-0.0851506,-0.00284957,-0.00284957,-0.0880001
M,0.137472,-0.00284957,-0.00284957,0.134623
M,-0.0334683,-0.00284957,-0.00284957,-0.0363179
M,-0.0946995,-0.00284957,-0.00284957,-0.0975491
M,0.101552,-0.00284957,-0.00284957,0.0987021
M,-0.00206129,-0.00284957,-0.00284957,-0.00491087
M,0.136284,-0.00284957,-0.00284957,0.133435
M,-0.174071,-0.00284957,-0.00284957,-0.176921
M,0.0986497,0.0101742,0.0101742,0.108824
M,-0.295532,-0.00284957,-0.00284957,-0.298381
M,-0.0765652,-0.00284957,-0.00284957,-0.0794148
M,0.0760212,-0.00284957,-0.00284957,0.0731716
M,-0.0533391,-0.00284957,-0.00284957,-0.0561887
M,-0.0180048,-0.00284957,-0.00284957,-0.0208544
M,0.393679,-0.00284957,-0.00284957,0.390829
M,0.0810986,-0.00284957,-0.00284957,0.078249
M,-0.223008,-0.00284957,-0.00284957,-0.225858
M,-0.367474,-0.00284957,-0.00284957,-0.370324
M,-0.140637,-0.00284957,-0.00284957,-0.143487
M,-0.343437,-0.00284957,-0.00284957,-0.346287
M,0.07132,-0.00284957,-0.00284957,0.0684704
M,-0.358554,-0.00284957,-0.00284957,-0.361404
M,-0.110159,-0.00284957,-0.00284957,-0.113008
M,0.316495,-0.00284957,-0.00284957,0.313645
M,0.061428,-0.00284957,-0.00284957,0.0585784
M,0.196673,-0.00284957,-0.00284957,0.193824
M,0.103999,-0.00284957,-0.00284957,0.10115
M,-0.126667,-0.00284957,-0.00284957,-0.129517
M,-0.333935,-0.00284957,-0.00284957,-0.336785
M,-0.0950546,-0.00284957,-0.00284957,-0.0979042
M,-0.135448,-0.00284957,-0.00284957,-0.138297
M,0.0539128,-0.00284957,-0.00284957,0.0510632
M,0.127293,-0.00284957,-0.00284957,0.124444
M,-0.19445,-0.00284957,-0.00284957,-0.1973
M,-0.208805,-0.0187475,-0.0187475,-0.227552
M,-0.0961665,-0.00284957,-0.00284957,-0.099016
M,-0.188093,-0.00284957,-0.00284957,-0.190942
M,0.152023,-0.00284957,-0.00284957,0.149174
M,0.107241,-0.00284957,-0.00284957,0.104392
M,-0.127669,-0.00284957,-0.00284957,-0.130518
M,-0.372987,-0.00284957,-0.00284957,-0.375836
M,0.0299707,-0.00284957,-0.00284957,0.0271211
M,-0.2471,-0.00284957,-0.00284957,-0.24995
M,0.152161,-0.00284957,-0.00284957,0.149311
M,0.144036,-0.00284957,-0.00284957,0.141187
M,0.059887,-0.00284957,-0.00284957,0.0570374
M,0.00500678,-0.00284957,-0.00284957,0.00215721
M,-0.0798127,-0.00284957,-0.00284957,-0.0826622
M,0.377858,-0.00284957,-0.00284957,0.375008
M,-0.174097,-0.00284957,-0.00284957,-0.176947
M,-0.147003,-0.0187475,-0.0187475,-0.16575
M,0.278697,-0.00284957,-0.00284957,0.275848
M,-0.0915372,-0.00284957,-0.00284957,-0.0943867
M,0.463411,-0.00284957,-0.00284957,0.460561
M,-0.102053,-0.00284957,-0.00284957,-0.104902
M,-0.382079,-0.00284957,-0.00284957,-0.384928
M,-0.553067,-0.00284957,-0.00284957,-0.555917
M,-0.0801473,-0.00284957,-0.00284957,-0.0829969
M,-0.0864092,-0.00284957,-0.00284957,-0.0892588
M,-0.112578,0.0271667,0.0271667,-0.0854116
M,0.132471,-0.00284957,-0.00284957,0.129622
M,-0.392927,-0.00284957,-0.00284957,-0.395777
M,-0.0980654,-0.00284957,-0.00284957,-0.100915
M,-0.224844,-0.00284957,-0.00284957,-0.227694
M,-0.00245769,-0.0187475,-0.0187475,-0.0212052
M,-0.41778,-0.00284957,-0.00284957,-0.42063
M,0.0918447,-0.00284957,-0.00284957,0.0889952
M,0.320576,-0.00284957,-0.00284957,0.317727
M,-0.360932,0.0101742,0.0101742,-0.350758
M,0.0309534,-0.00284957,-0.00284957,0.0281038
M,-0.134831,-0.00284957,-0.00284957,-0.13768
M,-0.0718819,-0.00284957,-0.00284957,-0.0747314
M,0.227286,-0.0187475,-0.0187475,0.208539
M,-0.0335429,-0.00284957,-0.00284957,-0.0363925
M,-0.107094,-0.00284957,-0.00284957,-0.109943
M,-0.102695,0.00646543,0.00646543,-0.0962293
M,0.0407497,-0.00284957,-0.00284957,0.0379001
M,-0.389702,-0.00284957,-0.00284957,-0.392551
M,0.101725,-0.00284957,-0.00284957,0.0988758
M,-0.221334,-0.00284957,-0.00284957,-0.224183
M,0.0168964,-0.00284957,-0.00284957,0.0140468
M,0.104826,-0.00284957,-0.00284957,0.101976
M,-0.151478,-0.00284957,-0.00284957,-0.154327
M,-0.0939823,-0.00284957,-0.00284957,-0.0968319
M,0.298863,-0.00284957,-0.00284957,0.296013
M,-0.003269,-0.00284957,-0.00284957,-0.00611857
M,-0.460577,-0.00284957,-0.00284957,-0.463427
M,0.182611,-0.00284957,-0.00284957,0.179761
M,0.199064,-0.00284957,-0.00284957,0.196215
M,-0.0786094,-0.00284957,-0.00284957,-0.081459
M,-0.136857,-0.00284957,-0.00284957,-0.139707
M,-0.22206,-0.00284957,-0.00284957,-0.224909
M,0.143227,-0.00284957,-0.00284957,0.140377
M,0.00970028,-0.00284957,-0.00284957,0.0068507
M,0.128766,-0.00284957,-0.00284957,0.125916
M,0.113221,-0.0187475,-0.0187475,0.0944733
M,0.0617556,-0.00284957,-0.00284957,0.058906
M,-0.0232047,-0.00284957,-0.00284957,-0.0260542
M,0.386115,-0.00284957,-0.00284957,0.383265
M,0.123276,-0.00284957,-0.00284957,0.120426
M,-0.2573,-0.00284957,-0.00284957,-0.26015
M,0.141803,-0.00284957,-0.00284957,0.138953
M,-0.0728567,-0.00284957,-0.00284957,-0.0757063
M,0.146662,-0.0187475,-0.0187475,0.127914
M,-0.219018,-0.00284957,-0.00284957,-0.221868
M,-0.0313975,-0.00284957,-0.00284957,-0.0342471
M,0.185302,0.0271667,0.0271667,0.212469
M,0.27503,-0.00284957,-0.00284957,0.27218
M,0.0914315,-0.0187475,-0.0187475,0.072684
M,-0.0340493,-0.00284957,-0.00284957,-0.0368989
M,-0.369629,-0.00284957,-0.00284957,-0.372479
M,0.193992,-0.00284957,-0.00284957,0.191143
M,-0.376932,-0.00284957,-0.00284957,-0.379782
M,-0.173719,-0.00284957,-0.00284957,-0.176569
M,0.339868,-0.00284957,-0.00284957,0.337019
M,0.265509,-0.00284957,-0.00284957,0.262659
M,-0.173471,-0.00284957,-0.00284957,-0.176321
M,0.177574,-0.00284957,-0.00284957,0.174725
M,0.0309688,-0.0187475,-0.0187475,0.0122213
M,-0.119233,-0.00284957,-0.00284957,-0.122083
M,-0.298146,-0.00284957,-0.00284957,-0.300996
M,-0.42344,-0.00284957,-0.00284957,-0.42629
M,-0.15366,-0.00284957,-0.00284957,-0.156509
M,0.253098,-0.00284957,-0.00284957,0.250249
M,0.421799,-0.00284957,-0.00284957,0.418949
M,-0.238185,-0.0187475,-0.0187475,-0.256932
M,-0.0509623,-0.00284957,-0.00284957,-0.0538119
M,0.395668,-0.00284957,-0.00284957,0.392819
M,-0.256461,-0.0187475,-0.0187475,-0.275208
M,-0.0532462,-0.00284957,-0.00284957,-0.0560958
M,0.492301,-0.00284957,-0.00284957,0.489452
M,-0.330776,-0.00284957,-0.00284957,-0.333626
M,-0.118567,-0.0187475,-0.0187475,-0.137314
M,0.125739,-0.00284957,-0.00284957,0.122889
M,0.300519,-0.00284957,-0.00284957,0.297669
M,-0.292997,0.0101742,0.0101742,-0.282823
M,0.381647,-0.00284957,-0.00284957,0.378798
M,-0.0769035,-0.00284957,-0.00284957,-0.079753
M,-0.162238,-0.00284957,-0.00284957,-0.165088
M,-0.00252662,-0.00284957,-0.00284957,-0.0053762
M,-0.253777,-0.00284957,-0.00284957,-0.256626
M,0.378183,-0.00284957,-0.00284957,0.375334
M,-0.156324,-0.00284957,-0.00284957,-0.159173
M,-0.0558101,-0.00284957,-0.00284957,-0.0586597
M,-0.145421,-0.00284957,-0.00284957,-0.148271
M,0.154518,-0.00284957,-0.00284957,0.151669
M,0.428797,-0.00284957,-0.00284957,0.425947
M,-0.116045,-0.00284957,-0.00284957,-0.118895
M,0.0993142,-0.00284957,-0.00284957,0.0964646
M,-0.320207,-0.00284957,-0.00284957,-0.323057
M,0.152542,-0.00284957,-0.00284957,0.149692
M,0.283505,-0.00284957,-0.00284957,0.280655
M,0.256339,-0.00284957,-0.00284957,0.25349
M,0.0605826,-0.00284957,-0.00284957,0.057733
M,-0.054642,-0.00284957,-0.00284957,-0.0574916
M,-0.348594,-0.00284957,-0.00284957,-0.351443
M,-0.182906,-0.00284957,-0.00284957,-0.185756
M,0.0249203,-0.00284957,-0.00284957,0.0220707
M,-0.136742,-0.00284957,-0.00284957,-0.139592
M,-0.0329668,-0.00284957,-0.00284957,-0.0358164
M,-0.221186,-0.00284957,-0.00284957,-0.224035
M,-0.216286,-0.00284957,-0.00284957,-0.219136
M,0.0118215,-0.00284957,-0.00284957,0.00897193
M,0.288788,-0.00284957,-0.00284957,0.285939
M,0.124445,0.0271667,0.0271667,0.151611
M,-0.601557,-0.00284957,-0.00284957,-0.604406
M,-0.107396,-0.00284957,-0.00284957,-0.110246
M,-0.0593284,-0.00284957,-0.00284957,-0.062178
M,0.0296152,-0.0187475,-0.0187475,0.0108677
M,0.291125,-0.00284957,-0.00284957,0.288276
M,-0.0503084,-0.00284957,-0.00284957,-0.053158
M,-0.144706,-0.00284957,-0.00284957,-0.147555
M,-0.0852404,-0.00284957,-0.00284957,-0.0880899
M,0.228237,-0.00284957,-0.00284957,0.225388
M,-0.00837743,-0.00284957,-0.00284957,-0.011227
M,-0.0989358,-0.0187475,-0.0187475,-0.117683
M,-0.184738,-0.00284957,-0.00284957,-0.187588
M,0.587577,-0.00284957,-0.00284957,0.584727
M,0.278186,-0.00284957,-0.00284957,0.275337
M,0.0891,-0.00284957,-0.00284957,0.0862505
M,0.113037,-0.0187475,-0.0187475,0.0942891
M,0.156732,-0.00284957,-0.00284957,0.153882
M,0.0624134,-0.00284957,-0.00284957,0.0595638
M,0.189423,-0.00284957,-0.00284957,0.186574
M,0.0556871,-0.00284957,-0.00284957,0.0528375
M,-0.193684,-0.00284957,-0.00284957,-0.196534
M,-0.187506,-0.00284957,-0.00284957,-0.190356
M,-0.226745,-0.00284957,-0.00284957,-0.229594
M,-0.627657,-0.00284957,-0.00284957,-0.630507
M,0.282709,-0.00284957,-0.00284957,0.27986
M,-0.117173,-0.00284957,-0.00284957,-0.120023
M,-0.159425,-0.00284957,-0.00284957,-0.162275
M,0.189646,-0.00284957,-0.00284957,0.186796
M,-0.082664,-0.00284957,-0.00284957,-0.0855136
M,0.0316227,-0.00284957,-0.00284957,0.0287731
M,-0.0677339,-0.00284957,-0.00284957,-0.0705835
M,0.247608,0.0271667,0.0271667,0.274775
M,-0.0880645,-0.00284957,-0.00284957,-0.090914
M,-0.319103,-0.00284957,-0.00284957,-0.321952
M,-0.0432059,-0.00284957,-0.00284957,-0.0460554
M,0.220084,-0.00284957,-0.00284957,0.217234
M,0.20475,-0.00284957,-0.00284957,0.2019
M,-0.0277345,-0.00284957,-0.00284957,-0.030584
M,-0.147521,-0.00284957,-0.00284957,-0.15037
M,0.0581227,-0.00284957,-0.00284957,0.0552731
M,0.108637,-0.00284957,-0.00284957,0.105787
M,-0.244389,-0.00284957,-0.00284957,-0.247239
M,0.0701498,-0.00284957,-0.00284957,0.0673002
M,-0.215918,-0.00284957,-0.00284957,-0.218767
M,-0.0959261,-0.00284957,-0.00284957,-0.0987756
M,-0.331911,-0.00284957,-0.00284957,-0.334761
M,-0.208559,-0.00284957,-0.00284957,-0.211409
M,0.210068,-0.00284957,-0.00284957,0.207219
M,-0.180923,-0.00284957,-0.00284957,-0.183772
M,-0.128899,-0.00284957,-0.00284957,-0.131748
M,-0.475174,-0.00284957,-0.00284957,-0.478024
M,-0.0790043,-0.00284957,-0.00284957,-0.0818539
M,-0.101535,-0.00284957,-0.00284957,-0.104384
M,0.290095,-0.00284957,-0.00284957,0.287245
M,0.172094,-0.00284957,-0.00284957,0.169244
M,-0.114997,-0.00284957,-0.00284957,-0.117846
M,-0.399103,-0.00284957,-0.00284957,-0.401952
M,-0.02017,-0.00284957,-0.00284957,-0.0230196
M,0.015951,-0.00284957,-0.00284957,0.0131014
M,0.117154,-0.00284957,-0.00284957,0.114304
M,-0.312314,-0.00284957,-0.00284957,-0.315163
M,0.168176,-0.00284957,-0.00284957,0.165327
M,0.300576,-0.00284957,-0.00284957,0.297726
M,-0.376615,-0.00284957,-0.00284957,-0.379465
M,-0.0640588,-0.00284957,-0.00284957,-0.0669084
M,0.103893,-0.00284957,-0.00284957,0.101043
M,-0.0422153,-0.00284957,-0.00284957,-0.0450649
M,0.151844,-0.0187475,-0.0187475,0.133096
M,0.137713,-0.00284957,-0.00284957,0.134864
M,-0.420574,-0.00284957,-0.00284957,-0.423424
M,-0.201917,-0.00284957,-0.00284957,-0.204766
M,0.0650738,-0.00284957,-0.00284957,0.0622243
M,0.0345385,0.0101742,0.0101742,0.0447128
M,-0.331938,-0.00284957,-0.00284957,-0.334787
M,0.167608,-0.00284957,-0.00284957,0.164758
M,-0.281637,-0.00284957,-0.00284957,-0.284487
M,-0.0164455,-0.00284957,-0.00284957,-0.0192951
M,-0.382941,-0.00284957,-0.00284957,-0.38579
M,-0.266575,-0.00284957,-0.00284957,-0.269424
M,-0.327396,-0.00284957,-0.00284957,-0.330245
M,0.106753,-0.00284957,-0.00284957,0.103903
M,-0.181518,-0.00284957,-0.00284957,-0.184368
M,-0.294572,-0.00284957,-0.00284957,-0.297421
M,0.156769,-0.00284957,-0.00284957,0.153919
M,0.197587,-0.00284957,-0.00284957,0.194737
M,0.164295,-0.00284957,-0.00284957,0.161445
M,0.0747769,-0.00284957,-0.00284957,0.0719273
M,-0.086222,-0.00284957,-0.00284957,-0.0890715
M,-0.213428,-0.00284957,-0.00284957,-0.216278
M,-0.22941,-0.00284957,-0.00284957,-0.232259
M,-0.083079,-0.00284957,-0.00284957,-0.0859286
M,-0.211375,-0.00284957,-0.00284957,-0.214224
M,-0.355745,-0.00284957,-0.00284957,-0.358595
M,0.456149,-0.00284957,-0.00284957,0.453299
M,0.0794335,-0.00284957,-0.00284957,0.0765839
M,0.176581,-0.00284957,-0.00284957,0.173731
M,-0.264309,-0.00284957,-0.00284957,-0.267158
M,0.271324,-0.0187475,-0.0187475,0.252576
M,-0.0113504,-0.00284957,-0.00284957,-0.0142
M,0.147525,-0.0187475,-0.0187475,0.128777
M,0.0916261,-0.00284957,-0.00284957,0.0887765
M,0.288351,-0.00284957,-0.00284957,0.285501
M,0.153675,-0.00284957,-0.00284957,0.150826
M,0.124513,-0.00284957,-0.00284957,0.121664
M,0.0458188,-0.00284957,-0.00284957,0.0429692
M,0.133652,-0.00284957,-0.00284957,0.130802
M,-0.0321506,-0.00284957,-0.00284957,-0.0350002
M,-0.0460052,-0.00284957,-0.00284957,-0.0488548
M,-0.013973,-0.00284957,-0.00284957,-0.0168226
M,-0.00987348,-0.00284957,-0.00284957,-0.0127231
M,0.154367,-0.00284957,-0.00284957,0.151518
M,-0.14684,-0.00284957,-0.00284957,-0.14969
M,0.0392726,-0.00284957,-0.00284957,0.0364231
M,-0.286161,-0.00284957,-0.00284957,-0.28901
M,0.263555,-0.00284957,-0.00284957,0.260705
M,0.00435894,-0.00284957,-0.00284957,0.00150937
M,-0.150033,-0.00284957,-0.00284957,-0.152883
M,0.17063,-0.00284957,-0.00284957,0.16778
M,-0.313092,-0.00284957,-0.00284957,-0.315941
M,-0.412174,-0.00284957,-0.00284957,-0.415024
M,-0.238754,-0.00284957,-0.00284957,-0.241603
M,-0.0342641,-0.00284957,-0.00284957,-0.0371137
M,-0.241088,-0.00284957,-0.00284957,-0.243938
M,-0.118417,-0.00284957,-0.00284957,-0.121266
M,0.0454546,-0.00284957,-0.00284957,0.042605
M,0.354639,0.0101742,0.0101742,0.364814
M,-0.51885,-0.00284957,-0.00284957,-0.5217
M,-0.192655,-0.00284957,-0.00284957,-0.195504
M,-0.179663,-0.00284957,-0.00284957,-0.182513
M,-0.218581,-0.00284957,-0.00284957,-0.221431
M,0.0480373,-0.00284957,-0.00284957,0.0451877
M,-0.13246,-0.00284957,-0.00284957,-0.135309
M,0.137588,-0.00284957,-0.00284957,0.134739
M,-0.0169107,-0.00284957,-0.00284957,-0.0197603
M,-0.299803,-0.00284957,-0.00284957,-0.302652
M,0.0580481,-0.00284957,-0.00284957,0.0551985
M,-0.264726,-0.00284957,-0.00284957,-0.267576
M,0.449091,-0.0187475,-0.0187475,0.430344
M,-0.123126,-0.00284957,-0.00284957,-0.125975
M,-0.170605,-0.00284957,-0.00284957,-0.173454
M,0.355294,-0.00284957,-0.00284957,0.352445
M,0.1508,-0.00284957,-0.00284957,0.147951
M,0.0326394,-0.00284957,-0.00284957,0.0297898
M,-0.165492,-0.00284957,-0.00284957,-0.168342
M,0.0382808,-0.00284957,-0.00284957,0.0354312
M,0.10748,-0.00284957,-0.00284957,0.104631
M,0.17926,-0.00284957,-0.00284957,0.17641
M,-0.0613155,-0.00284957,-0.00284957,-0.0641651
M,0.126218,-0.00284957,-0.00284957,0.123369
M,0.121722,-0.00284957,-0.00284957,0.118873
M,-0.0977542,-0.00284957,-0.00284957,-0.100604
M,0.00184815,-0.00284957,-0.00284957,-0.00100143
M,0.262059,-0.00284957,-0.00284957,0.259209
M,-0.114283,-0.0187475,-0.0187475,-0.133031
M,0.159627,-0.00284957,-0.00284957,0.156777
M,0.0919822,-0.00284957,-0.00284957,0.0891326
M,-0.0762492,-0.00284957,-0.00284957,-0.0790988
M,0.209885,-0.00284957,-0.00284957,0.207036
M,0.0109984,-0.00284957,-0.00284957,0.00814881
M,0.394969,-0.00284957,-0.00284957,0.392119
M,0.0165844,-0.00284957,-0.00284957,0.0137348
M,0.419674,-0.00284957,-0.00284957,0.416825
M,-0.253273,-0.00284957,-0.00284957,-0.256122
M,0.40667,-0.00284957,-0.00284957,0.40382
M,-0.0865839,-0.00284957,-0.00284957,-0.0894335
M,-0.0270731,-0.00284957,-0.00284957,-0.0299226
M,-0.222077,-0.00284957,-0.00284957,-0.224927
M,0.0968396,-0.0187475,-0.0187475,0.0780921
M,0.0807361,-0.00284957,-0.00284957,0.0778866
M,0.130105,-0.00284957,-0.00284957,0.127255
M,-0.102507,-0.00284957,-0.00284957,-0.105357
M,-0.16947,-0.0187475,-0.0187475,-0.188217
M,0.367241,-0.00284957,-0.00284957,0.364392
M,0.174079,-0.0187475,-0.0187475,0.155331
M,-0.0213196,-0.00284957,-0.00284957,-0.0241691
M,0.0379708,-0.00284957,-0.00284957,0.0351212
M,-0.246777,-0.00284957,-0.00284957,-0.249627
M,0.14156,-0.00284957,-0.00284957,0.13871
M,0.266464,-0.0187475,-0.0187475,0.247717
M,0.105014,-0.00284957,-0.00284957,0.102164
M,-0.391142,-0.00284957,-0.00284957,-0.393992
M,-0.0546191,-0.00284957,-0.00284957,-0.0574687
M,0.471051,-0.00284957,-0.00284957,0.468201
M,-0.0419439,-0.00284957,-0.00284957,-0.0447935
M,-0.0716494,-0.00284957,-0.00284957,-0.074499
M,-0.153502,-0.00284957,-0.00284957,-0.156351
M,0.157351,-0.00284957,-0.00284957,0.154502
M,-0.0312894,-0.00284957,-0.00284957,-0.034139
M,0.222443,-0.00284957,-0.00284957,0.219593
M,-0.0553482,-0.00284957,-0.00284957,-0.0581977
M,-0.0730053,-0.00284957,-0.00284957,-0.0758549
M,-0.0529946,-0.00284957,-0.00284957,-0.0558442
M,0.174941,-0.00284957,-0.00284957,0.172092
M,-0.00164365,-0.00284957,-0.00284957,-0.00449323
M,-0.226279,-0.00284957,-0.00284957,-0.229129
M,-0.0593201,-0.0187475,-0.0187475,-0.0780676
M,0.154219,0.0271667,0.0271667,0.181385
M,-0.123472,-0.00284957,-0.00284957,-0.126322
M,-0.102701,-0.0187475,-0.0187475,-0.121448
M,-0.29929,-0.00284957,-0.00284957,-0.302139
M,0.302576,-0.00284957,-0.00284957,0.299727
M,-0.0691549,-0.00284957,-0.00284957,-0.0720044
M,0.195472,-0.00284957,-0.00284957,0.192623
M,0.111803,-0.00284957,-0.00284957,0.108954
M,0.00597834,-0.00284957,-0.00284957,0.00312877
M,-0.263316,-0.00284957,-0.00284957,-0.266166
M,-0.087597,-0.00284957,-0.00284957,-0.0904465
M,0.00637,-0.00284957,-0.00284957,0.00352043
M,-0.0923675,-0.00284957,-0.00284957,-0.095217
M,0.0400323,-0.00284957,-0.00284957,0.0371827
M,0.0181845,-0.00284957,-0.00284957,0.015335
M,0.00491577,-0.00284957,-0.00284957,0.00206619
M,-0.23214,-0.0187475,-0.0187475,-0.250888
M,0.0320963,-0.00284957,-0.00284957,0.0292467
M,0.0679604,-0.00284957,-0.00284957,0.0651108
M,-0.162138,-0.00284957,-0.00284957,-0.164988
M,-0.084978,-0.00284957,-0.00284957,-0.0878276
M,0.326356,-0.00284957,-0.00284957,0.323507
M,-0.0163626,-0.00284957,-0.00284957,-0.0192122
M,0.50725,-0.00284957,-0.00284957,0.504401
M,-0.0498327,-0.00284957,-0.00284957,-0.0526822
M,-0.01088,-0.00284957,-0.00284957,-0.0137295
M,-0.162914,-0.00284957,-0.00284957,-0.165764
M,-0.180567,0.0271667,0.0271667,-0.153401
M,0.0130709,-0.00284957,-0.00284957,0.0102213
M,-0.16246,-0.00284957,-0.00284957,-0.16531
M,0.112993,-0.00284957,-0.00284957,0.110143
M,-0.322233,-0.00284957,-0.00284957,-0.325082
M,-0.0641323,-0.00284957,-0.00284957,-0.0669819
M,0.0141528,-0.00284957,-0.00284957,0.0113032
M,0.112162,-0.00284957,-0.00284957,0.109312
M,0.243494,-0.00284957,-0.00284957,0.240644
M,0.252431,-0.00284957,-0.00284957,0.249582
M,0.0375445,-0.00284957,-0.00284957,0.0346949
M,0.22701,-0.00284957,-0.00284957,0.224161
M,0.108811,-0.00284957,-0.00284957,0.105962
M,0.08306,-0.00284957,-0.00284957,0.0802105
M,0.0961457,-0.00284957,-0.00284957,0.0932961
M,-0.0137503,-0.00284957,-0.00284957,-0.0165999
M,0.130166,-0.0187475,-0.0187475,0.111418
M,0.00935072,0.00646543,0.00646543,0.0158161
M,0.0176478,-0.00284957,-0.00284957,0.0147982
M,0.0449604,-0.00284957,-0.00284957,0.0421108
M,-0.207604,-0.00284957,-0.00284957,-0.210453
M,-0.293658,-0.0187475,-0.0187475,-0.312406
M,0.094462,-0.0575318,-0.0575318,0.0369301
M,-0.258095,-0.00284957,-0.00284957,-0.260945
M,0.151227,-0.00284957,-0.00284957,0.148377
M,0.172903,-0.00284957,-0.00284957,0.170054
M,-0.232441,-0.00284957,-0.00284957,-0.235291
M,-0.069053,-0.00284957,-0.00284957,-0.0719026
M,-0.0447229,-0.00284957,-0.00284957,-0.0475725
M,0.296534,-0.00284957,-0.00284957,0.293684
M,0.201947,-0.00284957,-0.00284957,0.199097
M,0.180804,-0.00284957,-0.00284957,0.177955
M,0.236504,-0.00284957,-0.00284957,0.233655
M,0.202726,-0.00284957,-0.00284957,0.199877
M,-0.212796,-0.00284957,-0.00284957,-0.215645
M,0.0414736,-0.00284957,-0.00284957,0.038624
M,0.0368076,-0.00284957,-0.00284957,0.0339581
M,0.0623578,-0.00284957,-0.00284957,0.0595082
M,0.0609634,-0.00284957,-0.00284957,0.0581139
M,0.085808,-0.00284957,-0.00284957,0.0829584
M,0.162036,0.00646543,0.00646543,0.168501
M,-0.071419,-0.00284957,-0.00284957,-0.0742686
M,-0.0892407,-0.00284957,-0.00284957,-0.0920903
M,0.0336286,-0.00284957,-0.00284957,0.030779
M,-0.0286396,-0.00284957,-0.00284957,-0.0314892
M,0.268091,-0.00284957,-0.00284957,0.265241
M,0.114641,-0.00284957,-0.00284957,0.111792
M,0.0684657,-0.00284957,-0.00284957,0.0656162
M,-0.167594,-0.00284957,-0.00284957,-0.170444
M,-0.557401,-0.00284957,-0.00284957,-0.560251
M,0.0597199,-0.00284957,-0.00284957,0.0568704
M,0.0399649,-0.00284957,-0.00284957,0.0371153
M,0.257469,-0.0187475,-0.0187475,0.238721
M,-0.0342461,-0.00284957,-0.00284957,-0.0370957
M,0.323177,-0.00284957,-0.00284957,0.320327
M,-0.17203,-0.00284957,-0.00284957,-0.17488
M,-0.351139,-0.00284957,-0.00284957,-0.353989
M,0.291958,-0.0187475,-0.0187475,0.273211
M,-0.407818,-0.00284957,-0.00284957,-0.410667
M,-0.204811,-0.00284957,-0.00284957,-0.207661
M,0.109564,-0.00284957,-0.00284957,0.106715
M,-0.483764,-0.00284957,-0.00284957,-0.486613
M,-0.0470993,-0.00284957,-0.00284957,-0.0499489
M,0.111208,-0.00284957,-0.00284957,0.108359
M,0.106092,-0.00284957,-0.00284957,0.103243
M,-0.0225569,-0.00284957,-0.00284957,-0.0254065
M,-0.00707956,-0.00284957,-0.00284957,-0.00992913
M,0.392635,-0.00284957,-0.00284957,0.389785
M,0.156096,-0.00284957,-0.00284957,0.153247
M,0.104743,-0.00284957,-0.00284957,0.101894
M,0.157761,-0.0187475,-0.0187475,0.139013
M,0.0722634,-0.00284957,-0.00284957,0.0694138
M,-0.0683909,-0.00284957,-0.00284957,-0.0712405
M,-0.279895,-0.00284957,-0.00284957,-0.282744
M,0.218231,-0.00284957,-0.00284957,0.215381
M,0.294681,-0.00284957,-0.00284957,0.291831
M,0.215218,-0.00284957,-0.00284957,0.212369
M,0.613891,-0.00284957,-0.00284957,0.611042
M,-0.118045,-0.00284957,-0.00284957,-0.120895
M,-0.1827,-0.00284957,-0.00284957,-0.18555
M,-0.013586,-0.00284957,-0.00284957,-0.0164356
M,-0.0782666,-0.00284957,-0.00284957,-0.0811162
M,-0.15402,-0.00284957,-0.00284957,-0.156869
M,-0.140853,-0.00284957,-0.00284957,-0.143703
M,-0.00852773,-0.00284957,-0.00284957,-0.0113773
M,0.0288752,-0.00284957,-0.00284957,0.0260257
M,-0.287424,-0.00284957,-0.00284957,-0.290273
M,0.0348157,-0.00284957,-0.00284957,0.0319661
M,-0.294598,-0.00284957,-0.00284957,-0.297448
M,-0.0701917,-0.00284957,-0.00284957,-0.0730413
M,-0.245269,-0.00284957,-0.00284957,-0.248118
M,-0.34216,-0.00284957,-0.00284957,-0.345009
M,-0.352474,-0.00284957,-0.00284957,-0.355323
M,0.000723601,-0.00284957,-0.00284957,-0.00212597
M,-0.00388042,-0.00284957,-0.00284957,-0.00673
M,0.039596,-0.00284957,-0.00284957,0.0367464
M,0.370092,0.0101742,0.0101742,0.380266
M,0.00640032,-0.0187475,-0.0187475,-0.0123472
M,-0.0726459,-0.0187475,-0.0187475,-0.0913934
M,-0.324823,-0.00284957,-0.00284957,-0.327673
M,-0.0379986,-0.00284957,-0.00284957,-0.0408481
M,0.0051347,-0.00284957,-0.00284957,0.00228513
M,0.160228,-0.00284957,-0.00284957,0.157378
M,0.193891,-0.00284957,-0.00284957,0.191042
M,-0.217063,-0.0187475,-0.0187475,-0.23581
M,0.0106203,-0.00284957,-0.00284957,0.00777076
M,0.115628,-0.00284957,-0.00284957,0.112779
M,-0.100943,-0.00284957,-0.00284957,-0.103792
M,0.326306,-0.00284957,-0.00284957,0.323457
M,0.159129,-0.00284957,-0.00284957,0.156279
M,0.222125,-0.00284957,-0.00284957,0.219276
M,0.376328,-0.00284957,-0.00284957,0.373479
M,0.0875679,-0.00284957,-0.00284957,0.0847183
M,0.0361395,-0.00284957,-0.00284957,0.0332899
M,-0.0873063,-0.00284957,-0.00284957,-0.0901559
M,-0.253067,-0.00284957,-0.00284957,-0.255917
M,0.235769,-0.00284957,-0.00284957,0.232919
M,0.0766501,-0.00284957,-0.00284957,0.0738005
M,-0.0900509,-0.00284957,-0.00284957,-0.0929005
M,-0.0766842,-0.0187475,-0.0187475,-0.0954317
M,-0.126974,-0.00284957,-0.00284957,-0.129824
M,-0.156323,-0.00284957,-0.00284957,-0.159173
M,-0.0468517,-0.00284957,-0.00284957,-0.0497013
M,-0.112092,-0.00284957,-0.00284957,-0.114941
M,-0.331946,-0.00284957,-0.00284957,-0.334796
M,-0.0372087,-0.00284957,-0.00284957,-0.0400583
M,0.304101,-0.0187475,-0.0187475,0.285354
M,0.0953263,-0.0187475,-0.0187475,0.0765788
M,-0.039264,-0.00284957,-0.00284957,-0.0421136
M,-0.128052,-0.00284957,-0.00284957,-0.130901
M,0.0207992,-0.0187475,-0.0187475,0.00205167
M,0.222026,-0.00284957,-0.00284957,0.219176
M,0.0174101,-0.00284957,-0.00284957,0.0145605
M,0.106282,-0.00284957,-0.00284957,0.103433
M,-0.489043,-0.00284957,-0.00284957,-0.491893
M,-0.0377056,-0.00284957,-0.00284957,-0.0405551
M,-0.085437,-0.00284957,-0.00284957,-0.0882866
M,-0.089465,0.0271667,0.0271667,-0.0622983
M,-0.0659523,-0.00284957,-0.00284957,-0.0688019
M,-0.0276186,-0.00284957,-0.00284957,-0.0304682
M,-0.357456,-0.00284957,-0.00284957,-0.360306
M,0.391362,-0.00284957,-0.00284957,0.388513
M,0.114667,-0.00284957,-0.00284957,0.111818
M,0.0918445,-0.00284957,-0.00284957,0.0889949
M,-0.0500987,-0.00284957,-0.00284957,-0.0529483
M,-0.0993619,-0.00284957,-0.00284957,-0.102212
M,0.0420677,0.0271667,0.0271667,0.0692344
M,0.15669,-0.00284957,-0.00284957,0.15384
M,0.0371366,0.00646543,0.00646543,0.0436021
M,-0.0995378,-0.00284957,-0.00284957,-0.102387
M,0.562113,-0.00284957,-0.00284957,0.559263
M,0.0726577,-0.00284957,-0.00284957,0.0698082
M,0.0400366,-0.00284957,-0.00284957,0.037187
M,0.277978,-0.00284957,-0.00284957,0.275129
M,-0.121775,-0.00284957,-0.00284957,-0.124625
M,0.0597856,-0.00284957,-0.00284957,0.056936
M,0.166731,-0.00284957,-0.00284957,0.163882
M,0.107619,-0.00284957,-0.00284957,0.104769
M,0.0292487,-0.00284957,-0.00284957,0.0263991
M,0.0904759,-0.00284957,-0.00284957,0.0876263
M,-0.0578946,-0.0575318,-0.0575318,-0.115426
M,-0.499623,-0.00284957,-0.00284957,-0.502473
M,-0.211016,-0.00284957,-0.00284957,-0.213866
M,0.0190254,-0.00284957,-0.00284957,0.0161758
M,0.173809,-0.00284957,-0.00284957,0.170959
M,0.163625,-0.00284957,-0.00284957,0.160776
M,-0.11075,-0.00284957,-0.00284957,-0.113599
M,0.237204,0.00827633,0.00827633,0.24548
M,-0.228328,-0.00284957,-0.00284957,-0.231178
M,0.119622,-0.00284957,-0.00284957,0.116772
M,0.065761,-0.00284957,-0.00284957,0.0629115
M,0.145347,-0.00284957,-0.00284957,0.142497
M,-0.0276153,-0.00284957,-0.00284957,-0.0304649
M,-0.273263,-0.00284957,-0.00284957,-0.276112
M,0.230195,-0.00284957,-0.00284957,0.227346
M,-0.168364,-0.00284957,-0.00284957,-0.171214
M,0.12387,-0.00284957,-0.00284957,0.121021
M,0.242527,-0.00284957,-0.00284957,0.239678
M,-0.101706,-0.00284957,-0.00284957,-0.104556
M,0.501968,-0.00284957,-0.00284957,0.499118
M,0.0688047,-0.00284957,-0.00284957,0.0659551
M,-0.188365,-0.00284957,-0.00284957,-0.191215
M,0.0206303,-0.00284957,-0.00284957,0.0177807
M,0.400599,-0.00284957,-0.00284957,0.397749
M,-0.316811,-0.00284957,-0.00284957,-0.31966
M,0.0859206,-0.00284957,-0.00284957,0.0830711
M,-0.0820634,-0.00284957,-0.00284957,-0.0849129
M,0.110045,-0.00284957,-0.00284957,0.107196
M,-0.2802,-0.00284957,-0.00284957,-0.283049
M,0.0408336,-0.0187475,-0.0187475,0.0220861
M,-0.0471594,-0.00284957,-0.00284957,-0.0500089
M,-0.0263218,-0.00284957,-0.00284957,-0.0291713
M,0.460114,-0.00284957,-0.00284957,0.457265
M,0.215982,-0.0187475,-0.0187475,0.197235
M,0.327028,-0.00284957,-0.00284957,0.324178
M,0.144937,-0.00284957,-0.00284957,0.142088
M,-0.205818,-0.00284957,-0.00284957,-0.208667
M,0.181197,-0.00284957,-0.00284957,0.178347
M,-0.047576,-0.00284957,-0.00284957,-0.0504255
M,-0.167751,-0.00284957,-0.00284957,-0.170601
M,-0.030769,0.00646543,0.00646543,-0.0243036
M,-0.0865695,-0.00284957,-0.00284957,-0.0894191
M,-0.180315,0.00646543,0.00646543,-0.173849
M,-0.113921,-0.00284957,-0.00284957,-0.11677
M,0.24525,-0.00284957,-0.00284957,0.2424
M,-0.0895822,-0.00284957,-0.00284957,-0.0924317
M,0.355595,-0.00284957,-0.00284957,0.352745
M,-0.0642576,-0.00284957,-0.00284957,-0.0671071
M,0.0770874,-0.00284957,-0.00284957,0.0742379
M,0.0829425,-0.00284957,-0.00284957,0.0800929
M,-0.0902655,-0.00284957,-0.00284957,-0.0931151
M,-0.0587424,-0.00284957,-0.00284957,-0.061592
M,-0.203416,-0.00284957,-0.00284957,-0.206266
M,-0.227021,-0.00284957,-0.00284957,-0.22987
M,-0.161889,-0.00284957,-0.00284957,-0.164738
M,0.00778261,-0.00284957,-0.00284957,0.00493303
M,-0.133128,-0.00284957,-0.00284957,-0.135978
M,-0.0525872,-0.00284957,-0.00284957,-0.0554368
M,0.136366,-0.0187475,-0.0187475,0.117619
M,-0.21817,-0.00284957,-0.00284957,-0.22102
M,0.339477,-0.00284957,-0.00284957,0.336627
M,-0.0278836,-0.00284957,-0.00284957,-0.0307332
M,0.257281,-0.00284957,-0.00284957,0.254431
M,0.0469272,-0.00284957,-0.00284957,0.0440776
M,0.116651,-0.00284957,-0.00284957,0.113802
M,0.144689,-0.00284957,-0.00284957,0.141839
M,-0.153354,-0.00284957,-0.00284957,-0.156203
M,-0.065278,-0.00284957,-0.00284957,-0.0681276
M,-0.097573,-0.00284957,-0.00284957,-0.100423
M,-0.15856,-0.00284957,-0.00284957,-0.161409
M,0.119753,-0.00284957,-0.00284957,0.116904
M,-0.0967886,-0.00284957,-0.00284957,-0.0996382
M,0.169829,-0.00284957,-0.00284957,0.16698
M,0.035627,-0.00284957,-0.00284957,0.0327774
M,-0.221515,0.00827633,0.00827633,-0.213239
M,0.224448,-0.00284957,-0.00284957,0.221598
M,0.069966,-0.00284957,-0.00284957,0.0671164
M,0.0397897,-0.00284957,-0.00284957,0.0369401
M,-0.2643,-0.00284957,-0.00284957,-0.26715
M,-0.263276,-0.00284957,-0.00284957,-0.266126
M,-0.0169248,-0.0187475,-0.0187475,-0.0356723
M,-0.13116,-0.00284957,-0.00284957,-0.13401
M,0.176791,-0.00284957,-0.00284957,0.173942
M,-0.0427341,-0.00284957,-0.00284957,-0.0455836
M,-0.229092,-0.00284957,-0.00284957,-0.231942
M,0.10254,-0.00284957,-0.00284957,0.0996903
M,0.213907,-0.00284957,-0.00284957,0.211058
M,0.0839087,-0.00284957,-0.00284957,0.0810592
M,-0.12296,-0.00284957,-0.00284957,-0.125809
M,0.0182203,-0.00284957,-0.00284957,0.0153707
M,0.22823,0.0271667,0.0271667,0.255397
M,0.124645,-0.00284957,-0.00284957,0.121796
M,-0.052605,0.0101742,0.0101742,-0.0424308
M,-0.175254,-0.00284957,-0.00284957,-0.178104
M,-0.43236,-0.00284957,-0.00284957,-0.43521
M,0.0528157,-0.00284957,-0.00284957,0.0499661
M,0.00649168,-0.00284957,-0.00284957,0.0036421
M,0.312545,-0.00284957,-0.00284957,0.309696
M,0.129772,-0.00284957,-0.00284957,0.126922
M,-0.0381946,-0.00284957,-0.00284957,-0.0410442
M,-0.356493,-0.00284957,-0.00284957,-0.359342
M,-0.219189,-0.00284957,-0.00284957,-0.222038
M,0.118493,-0.00284957,-0.00284957,0.115644
M,-0.323036,-0.00284957,-0.00284957,-0.325885
M,0.00284828,-0.00284957,-0.00284957,-1.29398e-06
M,0.0525534,-0.00284957,-0.00284957,0.0497038
M,0.0133297,-0.00284957,-0.00284957,0.0104801
M,0.124009,-0.00284957,-0.00284957,0.121159
M,-0.0604252,-0.0187475,-0.0187475,-0.0791727
M,0.0934913,-0.0187475,-0.0187475,0.0747438
M,0.261914,-0.00284957,-0.00284957,0.259064
M,0.568867,-0.00284957,-0.00284957,0.566017
M,0.0941136,-0.00284957,-0.00284957,0.091264
M,0.286739,-0.00284957,-0.00284957,0.283889
M,0.0169687,-0.00284957,-0.00284957,0.0141191
M,-0.124119,-0.00284957,-0.00284957,-0.126969
M,0.0307951,-0.00284957,-0.00284957,0.0279456
M,0.120726,-0.00284957,-0.00284957,0.117877
M,0.495581,-0.00284957,-0.00284957,0.492732
M,-0.107406,-0.00284957,-0.00284957,-0.110256
M,-0.170333,-0.00284957,-0.00284957,-0.173182
M,-0.134905,-0.00284957,-0.00284957,-0.137755
M,-0.00216104,-0.00284957,-0.00284957,-0.00501061
M,0.000437665,-0.00284957,-0.00284957,-0.00241191
M,-0.124317,-0.00284957,-0.00284957,-0.127167
M,0.343235,-0.00284957,-0.00284957,0.340385
M,-0.0351508,-0.0187475,-0.0187475,-0.0538983
M,0.289428,-0.00284957,-0.00284957,0.286578
M,0.175262,-0.00284957,-0.00284957,0.172412
M,-0.00836132,-0.00284957,-0.00284957,-0.0112109
M,-0.100663,-0.00284957,-0.00284957,-0.103513
M,-0.105092,-0.00284957,-0.00284957,-0.107942
M,-0.0273504,-0.00284957,-0.00284957,-0.0301999
M,-0.213891,-0.00284957,-0.00284957,-0.216741
M,0.0139676,-0.00284957,-0.00284957,0.0111181
M,-0.0370019,-0.00284957,-0.00284957,-0.0398515
M,-0.0806377,-0.00284957,-0.00284957,-0.0834873
M,-0.149402,-0.00284957,-0.00284957,-0.152252
M,-0.156962,-0.00284957,-0.00284957,-0.159812
M,-0.295919,-0.00284957,-0.00284957,-0.298768
M,0.2211,-0.00284957,-0.00284957,0.218251
M,-0.224921,-0.00284957,-0.00284957,-0.227771
M,0.165899,-0.00284957,-0.00284957,0.16305
M,0.19285,-0.00284957,-0.00284957,0.19
M,-0.412952,-0.00284957,-0.00284957,-0.415801
M,-0.287214,-0.00284957,-0.00284957,-0.290064
M,-0.41164,-0.00284957,-0.00284957,-0.41449
M,-0.0029801,-0.00284957,-0.00284957,-0.00582968
M,-0.481792,-0.00284957,-0.00284957,-0.484641
M,0.0809129,-0.00284957,-0.00284957,0.0780633
M,0.0436141,-0.00284957,-0.00284957,0.0407645
M,0.0687271,-0.00284957,-0.00284957,0.0658776
M,-0.161635,-0.00284957,-0.00284957,-0.164484
M,0.276655,-0.00284957,-0.00284957,0.273806
M,-0.00719361,-0.00284957,-0.00284957,-0.0100432
M,0.0839377,-0.00284957,-0.00284957,0.0810882
M,0.0283407,-0.00284957,-0.00284957,0.0254911
M,0.030388,-0.00284957,-0.00284957,0.0275384
M,0.042719,-0.00284957,-0.00284957,0.0398694
M,0.101156,-0.00284957,-0.00284957,0.0983065
M,0.0736661,-0.00284957,-0.00284957,0.0708166
M,0.0185621,-0.00284957,-0.00284957,0.0157125
M,0.023312,-0.00284957,-0.00284957,0.0204625
M,0.0758552,-0.00284957,-0.00284957,0.0730056
M,-0.0893306,-0.00284957,-0.00284957,-0.0921801
M,0.0405759,-0.00284957,-0.00284957,0.0377263
M,-0.365367,-0.00284957,-0.00284957,-0.368217
M,0.368594,-0.00284957,-0.00284957,0.365744
M,0.008074,-0.0187475,-0.0187475,-0.0106735
M,0.178389,-0.00284957,-0.00284957,0.175539
M,-0.158013,-0.00284957,-0.00284957,-0.160862
M,0.117209,0.0101742,0.0101742,0.127383
M,-0.150317,-0.00284957,-0.00284957,-0.153167
M,-0.234674,-0.00284957,-0.00284957,-0.237524
M,0.143682,-0.00284957,-0.00284957,0.140832
M,0.306337,-0.00284957,-0.00284957,0.303488
M,-0.0398275,-0.00284957,-0.00284957,-0.0426771
M,0.191133,-0.00284957,-0.00284957,0.188284
M,-0.131891,-0.00284957,-0.00284957,-0.134741
M,0.351807,0.0271667,0.0271667,0.378974
M,-0.103811,-0.00284957,-0.00284957,-0.10666
M,0.278104,-0.00284957,-0.00284957,0.275254
M,-0.170024,-0.00284957,-0.00284957,-0.172874
M,0.0468502,-0.00284957,-0.00284957,0.0440006
M,0.307609,-0.00284957,-0.00284957,0.304759
M,-0.343262,-0.00284957,-0.00284957,-0.346112
M,0.217559,-0.00284957,-0.00284957,0.214709
M,0.158225,0.00827633,0.00827633,0.166501
M,0.115169,-0.00284957,-0.00284957,0.112319
M,0.0436988,-0.00284957,-0.00284957,0.0408492
M,-0.0143523,-0.00284957,-0.00284957,-0.0172019
M,-0.240947,-0.00284957,-0.00284957,-0.243797
M,-0.221583,-0.00284957,-0.00284957,-0.224432
M,-0.133038,-0.00284957,-0.00284957,-0.135887
M,0.280451,-0.00284957,-0.00284957,0.277601
M,-0.0492242,-0.00284957,-0.00284957,-0.0520738
M,0.100341,-0.00284957,-0.00284957,0.0974917
M,-0.0515904,-0.00284957,-0.00284957,-0.0544399
M,0.0374105,-0.00284957,-0.00284957,0.0345609
M,-0.0951568,-0.00284957,-0.00284957,-0.0980064
M,0.170945,-0.00284957,-0.00284957,0.168096
M,0.0125762,-0.0187475,-0.0187475,-0.00617133
M,0.329845,-0.00284957,-0.00284957,0.326996
M,-0.475957,-0.00284957,-0.00284957,-0.478807
M,0.117145,-0.00284957,-0.00284957,0.114296
M,-0.05169,-0.00284957,-0.00284957,-0.0545395
M,0.351085,-0.00284957,-0.00284957,0.348235
M,-0.4196,0.00646543,0.00646543,-0.413135
M,-0.286493,-0.00284957,-0.00284957,-0.289343
M,0.067364,0.0271667,0.0271667,0.0945307
M,0.147486,-0.00284957,-0.00284957,0.144636
M,0.0063505,-0.00284957,-0.00284957,0.00350093
M,0.253775,-0.00284957,-0.00284957,0.250926
M,-0.169587,-0.00284957,-0.00284957,-0.172436
M,0.167768,-0.00284957,-0.00284957,0.164919
M,-0.0268309,-0.00284957,-0.00284957,-0.0296805
M,-0.454308,-0.0187475,-0.0187475,-0.473055
M,0.270509,-0.00284957,-0.00284957,0.26766
M,-0.077898,-0.00284957,-0.00284957,-0.0807475
M,0.0206518,-0.00284957,-0.00284957,0.0178022
M,0.0182656,-0.00284957,-0.00284957,0.015416
M,-0.232953,-0.00284957,-0.00284957,-0.235803
M,-0.470783,-0.00284957,-0.00284957,-0.473632
M,-0.200919,-0.00284957,-0.00284957,-0.203769
M,0.0539339,-0.00284957,-0.00284957,0.0510843
M,0.0677808,-0.00284957,-0.00284957,0.0649313
M,0.215396,-0.00284957,-0.00284957,0.212546
M,-0.287411,-0.00284957,-0.00284957,-0.290261
M,0.249615,-0.0187475,-0.0187475,0.230868
M,-0.388224,-0.0187475,-0.0187475,-0.406972
M,-0.34256,-0.00284957,-0.00284957,-0.345409
M,-0.00386803,-0.00284957,-0.00284957,-0.0067176
M,-0.114454,-0.00284957,-0.00284957,-0.117303
M,0.000516051,-0.00284957,-0.00284957,-0.00233352
M,-0.261176,-0.00284957,-0.00284957,-0.264025
M,0.0627103,-0.00284957,-0.00284957,0.0598607
M,-0.16981,-0.0187475,-0.0187475,-0.188557
M,-0.0122994,-0.00284957,-0.00284957,-0.015149
M,0.00223831,-0.00284957,-0.00284957,-0.000611262
M,0.0942578,-0.0187475,-0.0187475,0.0755103
M,-0.177116,-0.00284957,-0.00284957,-0.179965
M,0.333704,-0.00284957,-0.00284957,0.330855
M,-0.182481,-0.00284957,-0.00284957,-0.185331
M,-0.381361,-0.00284957,-0.00284957,-0.38421
M,-0.0450815,-0.00284957,-0.00284957,-0.047931
M,-0.11906,-0.00284957,-0.00284957,-0.12191
M,0.124572,-0.00284957,-0.00284957,0.121722
M,-0.00902101,-0.0187475,-0.0187475,-0.0277685
M,0.116786,-0.00284957,-0.00284957,0.113936
M,0.224085,-0.00284957,-0.00284957,0.221235
M,0.152107,-0.00284957,-0.00284957,0.149257
M,0.240234,-0.00284957,-0.00284957,0.237384
M,0.050884,-0.00284957,-0.00284957,0.0480344
M,0.509374,-0.00284957,-0.00284957,0.506524
M,-0.230398,0.0271667,0.0271667,-0.203231
M,-0.119131,-0.00284957,-0.00284957,-0.121981
M,-0.24501,-0.00284957,-0.00284957,-0.247859
M,-0.158703,-0.00284957,-0.00284957,-0.161553
M,0.0273501,-0.00284957,-0.00284957,0.0245005
M,-0.0343244,-0.00284957,-0.00284957,-0.037174
M,0.525913,-0.00284957,-0.00284957,0.523063
M,0.204686,-0.00284957,-0.00284957,0.201837
M,0.132091,-0.00284957,-0.00284957,0.129241
M,-0.0280334,-0.00284957,-0.00284957,-0.0308829
M,0.230001,-0.00284957,-0.00284957,0.227152
M,0.180976,-0.00284957,-0.00284957,0.178126
M,0.36019,-0.00284957,-0.00284957,0.357341
M,-0.323387,-0.00284957,-0.00284957,-0.326237
M,-0.0174915,-0.00284957,-0.00284957,-0.0203411
M,0.0893419,-0.00284957,-0.00284957,0.0864923
M,-0.531047,-0.00284957,-0.00284957,-0.533897
M,0.260148,-0.00284957,-0.00284957,0.257298
M,0.224968,-0.0187475,-0.0187475,0.20622
M,-0.0416898,-0.00284957,-0.00284957,-0.0445394
M,0.357886,-0.00284957,-0.00284957,0.355036
M,-0.0939404,-0.00284957,-0.00284957,-0.09679
M,-0.222945,-0.00284957,-0.00284957,-0.225794
M,-0.309512,-0.00284957,-0.00284957,-0.312361
M,0.0920387,-0.00284957,-0.00284957,0.0891891
M,0.106063,-0.00284957,-0.00284957,0.103213
M,-0.265154,-0.00284957,-0.00284957,-0.268004
M,-0.11553,-0.00284957,-0.00284957,-0.118379
M,0.181685,-0.00284957,-0.00284957,0.178835
M,0.129128,-0.00284957,-0.00284957,0.126278
M,0.0695814,-0.00284957,-0.00284957,0.0667318
M,0.0224686,-0.00284957,-0.00284957,0.0196191
M,0.0644617,-0.00284957,-0.00284957,0.0616121
M,-0.106405,-0.00284957,-0.00284957,-0.109255
M,-0.0358877,-0.00284957,-0.00284957,-0.0387373
M,-0.223889,-0.00284957,-0.00284957,-0.226738
M,0.012114,-0.00284957,-0.00284957,0.00926445
M,0.60281,-0.00284957,-0.00284957,0.599961
M,0.321518,-0.00284957,-0.00284957,0.318668
M,0.000671469,-0.00284957,-0.00284957,-0.00217811
M,-0.025842,-0.00284957,-0.00284957,-0.0286916
M,-0.0572921,-0.00284957,-0.00284957,-0.0601417
M,-0.369888,-0.00284957,-0.00284957,-0.372738
M,0.207372,-0.00284957,-0.00284957,0.204522
M,-0.22985,-0.00284957,-0.00284957,-0.232699
M,0.585888,-0.00284957,-0.00284957,0.583038
M,0.232766,-0.00284957,-0.00284957,0.229917
M,0.198716,-0.00284957,-0.00284957,0.195867
M,-0.0277497,-0.00284957,-0.00284957,-0.0305993
M,0.545365,-0.00284957,-0.00284957,0.542515
M,0.124354,-0.00284957,-0.00284957,0.121504
M,0.0493503,-0.00284957,-0.00284957,0.0465008
M,-0.361207,-0.00284957,-0.00284957,-0.364057
M,0.287937,0.0271667,0.0271667,0.315104
M,-0.167163,-0.00284957,-0.00284957,-0.170012
M,0.106524,-0.00284957,-0.00284957,0.103675
M,-0.109545,-0.00284957,-0.00284957,-0.112394
M,0.121622,-0.00284957,-0.00284957,0.118772
M,-0.117157,-0.0187475,-0.0187475,-0.135905
M,-0.0826715,-0.00284957,-0.00284957,-0.0855211
M,0.0656193,-0.00284957,-0.00284957,0.0627697
M,0.038422,-0.0187475,-0.0187475,0.0196745
M,-0.0902322,-0.00284957,-0.00284957,-0.0930818
M,-0.237778,-0.00284957,-0.00284957,-0.240628
M,-0.0018089,-0.0575318,-0.0575318,-0.0593407
M,0.179386,-0.00284957,-0.00284957,0.176537
M,-0.041319,-0.00284957,-0.00284957,-0.0441686
M,0.39842,-0.00284957,-0.00284957,0.395571
M,-0.039744,-0.00284957,-0.00284957,-0.0425936
M,-0.0997825,-0.00284957,-0.00284957,-0.102632
M,0.300874,-0.00284957,-0.00284957,0.298025
M,-0.0923486,-0.00284957,-0.00284957,-0.0951981
M,0.0918211,-0.00284957,-0.00284957,0.0889716
M,0.220987,-0.0187475,-0.0187475,0.202239
M,-0.0387592,-0.00284957,-0.00284957,-0.0416087
M,-0.174398,-0.00284957,-0.00284957,-0.177247
M,-0.201885,-0.00284957,-0.00284957,-0.204735
M,0.0727294,-0.00284957,-0.00284957,0.0698798
M,0.108684,-0.00284957,-0.00284957,0.105834
M,0.0260938,-0.00284957,-0.00284957,0.0232442
M,0.0245159,-0.00284957,-0.00284957,0.0216663
M,-0.292209,-0.00284957,-0.00284957,-0.295058
M,0.161318,-0.00284957,-0.00284957,0.158469
M,-0.088844,-0.00284957,-0.00284957,-0.0916936
M,-0.039735,-0.00284957,-0.00284957,-0.0425845
M,-0.0629786,-0.0187475,-0.0187475,-0.0817261
M,-0.0168936,-0.00284957,-0.00284957,-0.0197432
M,-0.00667868,-0.00284957,-0.00284957,-0.00952825
M,0.188268,-0.00284957,-0.00284957,0.185419
M,0.0262597,-0.00284957,-0.00284957,0.0234102
M,-0.230185,-0.00284957,-0.00284957,-0.233035
M,-0.109396,-0.0187475,-0.0187475,-0.128144
M,-0.0194391,-0.00284957,-0.00284957,-0.0222886
M,0.0926103,-0.00284957,-0.00284957,0.0897607
M,0.000396086,-0.00284957,-0.00284957,-0.00245349
M,-0.0223518,-0.00284957,-0.00284957,-0.0252013
M,-0.110689,-0.00284957,-0.00284957,-0.113539
M,-0.0773411,-0.00284957,-0.00284957,-0.0801907
M,0.144688,-0.00284957,-0.00284957,0.141838
M,0.0243536,-0.00284957,-0.00284957,0.021504
M,0.0716706,-0.00284957,-0.00284957,0.068821
M,-0.274306,-0.00284957,-0.00284957,-0.277156
M,-0.209533,-0.00284957,-0.00284957,-0.212383
M,0.213712,-0.00284957,-0.00284957,0.210862
M,-0.384114,-0.00284957,-0.00284957,-0.386964
M,0.152792,-0.00284957,-0.00284957,0.149942
M,-0.151827,-0.00284957,-0.00284957,-0.154676
M,0.490255,-0.00284957,-0.00284957,0.487405
M,0.18228,0.0101742,0.0101742,0.192454
M,-0.157531,-0.0187475,-0.0187475,-0.176278
M,0.166736,-0.00284957,-0.00284957,0.163886
M,-0.117045,-0.00284957,-0.00284957,-0.119895
M,0.225442,-0.00284957,-0.00284957,0.222593
M,0.132746,-0.00284957,-0.00284957,0.129896
M,-0.111018,-0.00284957,-0.00284957,-0.113868
M,0.154658,-0.00284957,-0.00284957,0.151809
M,-0.223348,-0.0187475,-0.0187475,-0.242095
M,0.150803,-0.00284957,-0.00284957,0.147953
M,-0.030663,0.00646543,0.00646543,-0.0241976
M,-0.0929321,-0.00284957,-0.00284957,-0.0957817
M,-0.0565016,-0.00284957,-0.00284957,-0.0593512
M,0.0653,-0.00284957,-0.00284957,0.0624504
M,-0.432505,-0.00284957,-0.00284957,-0.435354
M,0.0619136,-0.00284957,-0.00284957,0.059064
M,-0.116721,-0.00284957,-0.00284957,-0.119571
M,-0.255453,-0.00284957,-0.00284957,-0.258303
M,0.0910303,-0.0187475,-0.0187475,0.0722828
M,0.210024,-0.00284957,-0.00284957,0.207174
M,-0.149175,-0.00284957,-0.00284957,-0.152025
M,-0.126025,-0.0187475,-0.0187475,-0.144772
M,-0.326197,-0.00284957,-0.00284957,-0.329047
M,-0.0150397,-0.00284957,-0.00284957,-0.0178892
M,0.173772,-0.00284957,-0.00284957,0.170922
M,0.057035,-0.00284957,-0.00284957,0.0541854
M,0.20397,-0.00284957,-0.00284957,0.20112
M,0.188688,-0.00284957,-0.00284957,0.185838
M,0.446281,-0.00284957,-0.00284957,0.443432
M,0.271886,-0.00284957,-0.00284957,0.269037
M,0.0527218,-0.0187475,-0.0187475,0.0339743
M,-0.604979,-0.00284957,-0.00284957,-0.607829
M,-0.131012,-0.00284957,-0.00284957,-0.133861
M,0.398815,-0.00284957,-0.00284957,0.395965
M,0.224952,-0.00284957,-0.00284957,0.222103
M,0.0754531,-0.00284957,-0.00284957,0.0726035
M,-0.305721,-0.00284957,-0.00284957,-0.30857
M,-0.0589437,-0.00284957,-0.00284957,-0.0617933
M,-0.113125,-0.00284957,-0.00284957,-0.115974
M,-0.0929387,-0.00284957,-0.00284957,-0.0957883
M,0.598193,-0.00284957,-0.00284957,0.595344
M,-0.0067978,-0.00284957,-0.00284957,-0.00964737
M,-0.054623,-0.00284957,-0.00284957,-0.0574726
M,-0.037702,-0.00284957,-0.00284957,-0.0405515
M,-0.262414,-0.00284957,-0.00284957,-0.265263
M,-0.069168,-0.00284957,-0.00284957,-0.0720176
M,0.111007,-0.00284957,-0.00284957,0.108158
M,0.262849,-0.00284957,-0.00284957,0.259999
M,0.0719776,-0.00284957,-0.00284957,0.069128
M,0.170466,-0.0187475,-0.0187475,0.151718
M,-0.154332,-0.0187475,-0.0187475,-0.173079
M,-0.0544419,-0.00284957,-0.00284957,-0.0572915
M,0.142859,-0.00284957,-0.00284957,0.14001
M,0.108626,-0.00284957,-0.00284957,0.105776
M,-0.0271675,-0.00284957,-0.00284957,-0.0300171
M,0.0237946,-0.00284957,-0.00284957,0.020945
M,-0.0338275,-0.00284957,-0.00284957,-0.036677
M,-0.237324,-0.0187475,-0.0187475,-0.256072
M,0.0429754,-0.00284957,-0.00284957,0.0401258
M,0.0708205,-0.0187475,-0.0187475,0.052073
M,0.248992,-0.00284957,-0.00284957,0.246142
M,-0.186,-0.00284957,-0.00284957,-0.18885
M,0.0577365,-0.00284957,-0.00284957,0.0548869
M,-0.14526,-0.00284957,-0.00284957,-0.14811
M,-0.0729274,0.00827633,0.00827633,-0.0646511
M,0.0845782,-0.00284957,-0.00284957,0.0817286
M,0.24144,-0.00284957,-0.00284957,0.23859
M,-0.169538,-0.0187475,-0.0187475,-0.188286
M,-0.116442,-0.00284957,-0.00284957,-0.119292
M,0.0313015,-0.00284957,-0.00284957,0.0284519
M,0.340602,0.00646543,0.00646543,0.347067
M,0.0147015,-0.00284957,-0.00284957,0.0118519
M,-0.20102,-0.00284957,-0.00284957,-0.203869
M,-0.210411,-0.00284957,-0.00284957,-0.213261
M,0.162928,-0.00284957,-0.00284957,0.160078
M,-0.0168835,-0.00284957,-0.00284957,-0.0197331
M,0.0198643,-0.00284957,-0.00284957,0.0170148
M,0.0547705,-0.00284957,-0.00284957,0.0519209
M,-0.059159,0.00827633,0.00827633,-0.0508827
M,-0.204599,-0.00284957,-0.00284957,-0.207449
M,0.0561909,-0.00284957,-0.00284957,0.0533413
M,-0.169035,-0.00284957,-0.00284957,-0.171884
M,-0.0500282,-0.00284957,-0.00284957,-0.0528778
M,-0.184021,-0.00284957,-0.00284957,-0.186871
M,0.136317,-0.00284957,-0.00284957,0.133467
M,-0.194976,-0.00284957,-0.00284957,-0.197825
M,-0.0379826,-0.00284957,-0.00284957,-0.0408321
M,-0.0468321,-0.00284957,-0.00284957,-0.0496817
M,-0.482038,0.0101742,0.0101742,-0.471863
M,0.0442537,-0.00284957,-0.00284957,0.0414041
M,-0.414737,0.00827633,0.00827633,-0.406461
M,-0.0781859,-0.00284957,-0.00284957,-0.0810355
M,-0.154205,-0.00284957,-0.00284957,-0.157054
M,-0.0839253,0.00646543,0.00646543,-0.0774598
M,0.0429059,-0.00284957,-0.00284957,0.0400564
M,-0.116127,-0.00284957,-0.00284957,-0.118976
M,0.056202,-0.00284957,-0.00284957,0.0533524
M,-0.124,-0.00284957,-0.00284957,-0.12685
M,0.116021,-0.00284957,-0.00284957,0.113171
M,0.0402278,-0.00284957,-0.00284957,0.0373783
M,0.317394,-0.00284957,-0.00284957,0.314545
M,0.160509,-0.00284957,-0.00284957,0.15766
M,0.0218799,-0.00284957,-0.00284957,0.0190304
M,0.084774,-0.00284957,-0.00284957,0.0819244
M,0.296518,-0.0187475,-0.0187475,0.27777
M,-0.0524195,-0.00284957,-0.00284957,-0.0552691
M,-0.242099,-0.00284957,-0.00284957,-0.244949
M,0.245871,-0.00284957,-0.00284957,0.243021
M,-0.130718,-0.00284957,-0.00284957,-0.133568
M,0.0501858,-0.00284957,-0.00284957,0.0473362
M,-0.128996,-0.00284957,-0.00284957,-0.131845
M,-0.260317,-0.00284957,-0.00284957,-0.263166
M,0.0121991,-0.00284957,-0.00284957,0.00934957
M,-0.0606149,-0.00284957,-0.00284957,-0.0634645
M,0.168473,-0.00284957,-0.00284957,0.165623
M,0.257791,-0.00284957,-0.00284957,0.254941
M,0.230035,-0.00284957,-0.00284957,0.227185
M,0.114447,-0.00284957,-0.00284957,0.111597
M,-0.590613,-0.00284957,-0.00284957,-0.593463
M,0.425019,-0.00284957,-0.00284957,0.42217
M,-0.177907,-0.00284957,-0.00284957,-0.180757
M,-0.0511418,-0.00284957,-0.00284957,-0.0539914
M,-0.211344,-0.00284957,-0.00284957,-0.214194
M,-0.155562,-0.00284957,-0.00284957,-0.158412
M,-0.0131155,-0.00284957,-0.00284957,-0.0159651
M,-0.200536,-0.00284957,-0.00284957,-0.203386
M,0.152678,-0.00284957,-0.00284957,0.149829
M,-0.0204938,-0.00284957,-0.00284957,-0.0233434
M,0.280432,-0.0187475,-0.0187475,0.261685
M,0.0260884,-0.00284957,-0.00284957,0.0232388
M,0.0632346,-0.00284957,-0.00284957,0.060385
M,0.249406,-0.00284957,-0.00284957,0.246556
M,0.205284,-0.00284957,-0.00284957,0.202434
M,0.145242,-0.00284957,-0.00284957,0.142392
M,0.200635,-0.00284957,-0.00284957,0.197785
M,-0.281505,-0.00284957,-0.00284957,-0.284354
M,0.345566,-0.00284957,-0.00284957,0.342716
M,0.000966595,-0.00284957,-0.00284957,-0.00188298
M,0.0157002,-0.00284957,-0.00284957,0.0128506
M,0.0383079,-0.00284957,-0.00284957,0.0354584
M,-0.601594,-0.00284957,-0.00284957,-0.604444
M,0.181121,-0.00284957,-0.00284957,0.178271
M,0.358211,-0.00284957,-0.00284957,0.355361
M,0.197378,0.0101742,0.0101742,0.207552
M,-0.139987,-0.0187475,-0.0187475,-0.158734
M,-0.0162821,-0.00284957,-0.00284957,-0.0191317
M,-0.0996731,-0.00284957,-0.00284957,-0.102523
M,0.20151,-0.0187475,-0.0187475,0.182762
M,-0.187685,-0.00284957,-0.00284957,-0.190534
M,0.240884,-0.00284957,-0.00284957,0.238034
M,-0.43051,-0.00284957,-0.00284957,-0.433359
M,-0.178321,-0.00284957,-0.00284957,-0.181171
M,0.01641,-0.00284957,-0.00284957,0.0135604
M,0.108415,-0.00284957,-0.00284957,0.105565
M,-0.162135,-0.00284957,-0.00284957,-0.164984
M,0.160731,-0.00284957,-0.00284957,0.157882
M,-0.0785468,-0.00284957,-0.00284957,-0.0813964
M,-0.190706,-0.00284957,-0.00284957,-0.193556
M,-0.105328,-0.00284957,-0.00284957,-0.108178
M,-0.110372,-0.00284957,-0.00284957,-0.113222
M,0.273839,-0.00284957,-0.00284957,0.270989
M,0.320628,-0.00284957,-0.00284957,0.317779
M,0.161901,-0.00284957,-0.00284957,0.159052
M,0.181024,-0.00284957,-0.00284957,0.178175
M,-0.399736,-0.00284957,-0.00284957,-0.402586
M,-0.123146,-0.00284957,-0.00284957,-0.125995
M,-0.0858564,-0.00284957,-0.00284957,-0.088706
M,0.324955,-0.00284957,-0.00284957,0.322106
M,0.0557497,-0.00284957,-0.00284957,0.0529001
M,-0.096946,-0.0187475,-0.0187475,-0.115693
M,0.193188,-0.00284957,-0.00284957,0.190339
M,0.0462723,-0.00284957,-0.00284957,0.0434227
M,-0.306774,-0.00284957,-0.00284957,-0.309624
M,0.126508,-0.00284957,-0.00284957,0.123658
M,0.123572,-0.00284957,-0.00284957,0.120722
M,-0.0669757,-0.00284957,-0.00284957,-0.0698253
M,-0.068246,-0.00284957,-0.00284957,-0.0710956
M,-0.29408,-0.00284957,-0.00284957,-0.29693
M,0.293854,-0.00284957,-0.00284957,0.291004
M,-0.13808,-0.00284957,-0.00284957,-0.14093
M,-0.158238,-0.00284957,-0.00284957,-0.161088
M,-0.0836571,-0.00284957,-0.00284957,-0.0865066
M,-0.0725484,-0.00284957,-0.00284957,-0.075398
M,0.0428096,-0.0187475,-0.0187475,0.0240621
M,0.246883,-0.00284957,-0.00284957,0.244034
M,0.193637,-0.00284957,-0.00284957,0.190787
M,-0.0325256,-0.00284957,-0.00284957,-0.0353751
M,-0.221762,-0.00284957,-0.00284957,-0.224611
M,-0.173789,-0.00284957,-0.00284957,-0.176638
M,-0.145888,-0.00284957,-0.00284957,-0.148737
M,-0.279988,-0.00284957,-0.00284957,-0.282838
M,-0.000373381,-0.00284957,-0.00284957,-0.00322296
M,-0.498053,-0.00284957,-0.00284957,-0.500902
M,0.11172,-0.00284957,-0.00284957,0.108871
M,0.0176521,0.0271667,0.0271667,0.0448187
M,-0.0879326,-0.00284957,-0.00284957,-0.0907822
M,0.199858,-0.00284957,-0.00284957,0.197008
M,-0.158567,-0.00284957,-0.00284957,-0.161417
M,0.0787663,-0.00284957,-0.00284957,0.0759168
M,-0.316221,-0.00284957,-0.00284957,-0.319071
M,0.03262,-0.00284957,-0.00284957,0.0297705
M,-0.483607,-0.00284957,-0.00284957,-0.486457
M,0.269378,-0.00284957,-0.00284957,0.266529
M,0.371797,-0.00284957,-0.00284957,0.368948
M,-0.0190964,-0.00284957,-0.00284957,-0.021946
M,0.122424,-0.00284957,-0.00284957,0.119574
M,0.0748567,-0.00284957,-0.00284957,0.0720071
M,0.0302129,-0.0187475,-0.0187475,0.0114654
M,-0.00474013,-0.00284957,-0.00284957,-0.0075897
M,0.427089,0.00646543,0.00646543,0.433555
M,-0.0501308,-0.00284957,-0.00284957,-0.0529804
M,0.0680227,-0.00284957,-0.00284957,0.0651731
M,-0.205978,-0.00284957,-0.00284957,-0.208828
M,-0.251853,-0.00284957,-0.00284957,-0.254702
M,0.334323,-0.00284957,-0.00284957,0.331473
M,-0.111683,-0.00284957,-0.00284957,-0.114532
M,0.144049,-0.0187475,-0.0187475,0.125302
M,-0.196356,-0.00284957,-0.00284957,-0.199205
M,-0.11201,-0.00284957,-0.00284957,-0.11486
M,-0.0838884,-0.00284957,-0.00284957,-0.086738
M,0.0481098,-0.00284957,-0.00284957,0.0452602
M,-0.342806,-0.00284957,-0.00284957,-0.345655
M,0.169254,-0.00284957,-0.00284957,0.166405
M,-0.213983,-0.00284957,-0.00284957,-0.216832
M,-0.370234,-0.00284957,-0.00284957,-0.373084
M,-0.462186,-0.00284957,-0.00284957,-0.465036
M,-0.159767,-0.00284957,-0.00284957,-0.162616
M,0.0269117,-0.00284957,-0.00284957,0.0240621
M,0.121397,-0.00284957,-0.00284957,0.118547
M,-0.46618,-0.00284957,-0.00284957,-0.469029
M,-0.144865,-0.0187475,-0.0187475,-0.163612
M,0.148495,-0.00284957,-0.00284957,0.145645
M,0.257956,-0.00284957,-0.00284957,0.255107
M,0.0357604,-0.00284957,-0.00284957,0.0329109
M,-0.0810689,-0.00284957,-0.00284957,-0.0839185
M,-0.275176,-0.00284957,-0.00284957,-0.278026
M,-0.00916509,-0.00284957,-0.00284957,-0.0120147
M,-0.233523,-0.00284957,-0.00284957,-0.236373
M,-0.209592,-0.00284957,-0.00284957,-0.212441
M,0.0249203,-0.00284957,-0.00284957,0.0220708
M,-0.0837467,-0.00284957,-0.00284957,-0.0865963
M,-0.307297,-0.00284957,-0.00284957,-0.310147
M,-0.347879,-0.00284957,-0.00284957,-0.350729
M,-0.204021,-0.00284957,-0.00284957,-0.206871
M,-0.0971827,-0.00284957,-0.00284957,-0.100032
M,-0.317268,-0.0187475,-0.0187475,-0.336016
M,0.0506297,-0.00284957,-0.00284957,0.0477802
M,-0.0863585,-0.00284957,-0.00284957,-0.0892081
M,-0.199381,-0.00284957,-0.00284957,-0.20223
M,-0.206696,-0.00284957,-0.00284957,-0.209546
M,0.348494,-0.00284957,-0.00284957,0.345644
M,0.136543,-0.00284957,-0.00284957,0.133693
M,0.206021,-0.0187475,-0.0187475,0.187274
M,-0.01981,-0.00284957,-0.00284957,-0.0226596
M,-0.179082,-0.00284957,-0.00284957,-0.181931
M,-0.0161497,-0.00284957,-0.00284957,-0.0189993
M,-0.0597294,-0.00284957,-0.00284957,-0.062579
M,0.164268,-0.00284957,-0.00284957,0.161419
M,-0.0683609,-0.00284957,-0.00284957,-0.0712105
M,-0.120783,-0.00284957,-0.00284957,-0.123632
M,0.157123,-0.0187475,-0.0187475,0.138375
M,-0.0253408,-0.00284957,-0.00284957,-0.0281904
M,0.162411,-0.00284957,-0.00284957,0.159562
M,-0.130429,-0.00284957,-0.00284957,-0.133279
M,-0.0264874,-0.00284957,-0.00284957,-0.0293369
M,-0.0581372,-0.00284957,-0.00284957,-0.0609868
M,0.281781,-0.00284957,-0.00284957,0.278931
M,0.0704562,-0.00284957,-0.00284957,0.0676066
M,0.0129885,-0.00284957,-0.00284957,0.0101389
M,0.0465674,-0.00284957,-0.00284957,0.0437179
M,0.0484345,-0.00284957,-0.00284957,0.0455849
M,-0.135839,-0.00284957,-0.00284957,-0.138689
M,0.166495,-0.00284957,-0.00284957,0.163645
M,0.306614,-0.00284957,-0.00284957,0.303764
M,-0.106927,-0.00284957,-0.00284957,-0.109777
M,-0.185091,-0.00284957,-0.00284957,-0.18794
M,0.0366062,-0.00284957,-0.00284957,0.0337567
M,0.109207,-0.00284957,-0.00284957,0.106357
M,0.331929,-0.00284957,-0.00284957,0.329079
M,0.0872567,-0.00284957,-0.00284957,0.0844071
M,0.260053,-0.00284957,-0.00284957,0.257203
M,0.215498,-0.0187475,-0.0187475,0.196751
M,0.00539336,-0.00284957,-0.00284957,0.00254379
M,-0.34553,0.0271667,0.0271667,-0.318363
M,0.0283972,-0.00284957,-0.00284957,0.0255476
M,0.113402,-0.00284957,-0.00284957,0.110552
M,-0.0696866,-0.00284957,-0.00284957,-0.0725361
M,0.582685,-0.00284957,-0.00284957,0.579835
M,-0.00298049,-0.00284957,-0.00284957,-0.00583007
M,-0.178712,-0.00284957,-0.00284957,-0.181562
M,-0.273221,-0.00284957,-0.00284957,-0.276071
M,0.147302,-0.00284957,-0.00284957,0.144452
M,0.117641,-0.00284957,-0.00284957,0.114791
M,-0.479693,-0.00284957,-0.00284957,-0.482543
M,-0.0462542,-0.00284957,-0.00284957,-0.0491037
M,-0.1863,-0.00284957,-0.00284957,-0.18915
M,0.104282,-0.00284957,-0.00284957,0.101433
M,-0.021329,-0.00284957,-0.00284957,-0.0241786
M,0.139419,-0.00284957,-0.00284957,0.136569
M,-0.125123,-0.00284957,-0.00284957,-0.127973
M,-0.202644,-0.00284957,-0.00284957,-0.205493
M,-0.129378,-0.00284957,-0.00284957,-0.132227
M,-0.0306382,-0.00284957,-0.00284957,-0.0334878
M,0.20999,-0.00284957,-0.00284957,0.207141
M,-0.190462,-0.00284957,-0.00284957,-0.193312
M,-0.230032,-0.00284957,-0.00284957,-0.232881
M,0.394062,-0.00284957,-0.00284957,0.391212
M,0.08497,-0.00284957,-0.00284957,0.0821205
M,-0.583427,-0.00284957,-0.00284957,-0.586276
M,-0.0436023,-0.00284957,-0.00284957,-0.0464519
M,0.0538272,-0.00284957,-0.00284957,0.0509776
M,-0.0779915,-0.00284957,-0.00284957,-0.0808411
M,0.252085,-0.00284957,-0.00284957,0.249235
M,0.0511713,-0.00284957,-0.00284957,0.0483218
M,0.00848166,-0.00284957,-0.00284957,0.00563208
M,-0.0707849,-0.0187475,-0.0187475,-0.0895324
M,-0.0278185,-0.0187475,-0.0187475,-0.046566
M,-0.320392,-0.00284957,-0.00284957,-0.323241
M,0.18932,-0.00284957,-0.00284957,0.18647
M,0.272309,-0.00284957,-0.00284957,0.26946
M,-0.0193023,-0.00284957,-0.00284957,-0.0221519
M,-0.100091,-0.00284957,-0.00284957,-0.10294
M,0.0822967,-0.00284957,-0.00284957,0.0794471
M,-0.0684438,-0.00284957,-0.00284957,-0.0712934
M,-0.0323522,-0.00284957,-0.00284957,-0.0352018
M,-0.314043,-0.0187475,-0.0187475,-0.33279
M,-0.247772,-0.00284957,-0.00284957,-0.250621
M,-0.0765399,-0.00284957,-0.00284957,-0.0793895
M,0.176389,-0.00284957,-0.00284957,0.17354
M,-0.0953684,-0.00284957,-0.00284957,-0.098218
M,0.0893861,-0.00284957,-0.00284957,0.0865365
M,0.43424,0.0101742,0.0101742,0.444414
M,0.0623876,-0.00284957,-0.00284957,0.059538
M,-0.237954,-0.00284957,-0.00284957,-0.240803
M,-0.0350957,-0.00284957,-0.00284957,-0.0379453
M,0.0815426,0.00646543,0.00646543,0.0880081
M,-0.00966749,-0.00284957,-0.00284957,-0.0125171
M,-0.0517855,-0.00284957,-0.00284957,-0.0546351
M,-0.0321408,-0.00284957,-0.00284957,-0.0349904
M,-0.140593,-0.00284957,-0.00284957,-0.143443
M,-0.0820146,-0.00284957,-0.00284957,-0.0848642
M,0.17182,-0.00284957,-0.00284957,0.16897
M,0.772644,-0.00284957,-0.00284957,0.769794
M,0.00793834,-0.00284957,-0.00284957,0.00508877
M,-0.355888,-0.00284957,-0.00284957,-0.358738
M,0.126228,-0.00284957,-0.00284957,0.123379
M,0.250335,-0.00284957,-0.00284957,0.247485
M,0.357777,-0.00284957,-0.00284957,0.354927
M,0.244421,-0.0187475,-0.0187475,0.225673
M,-0.30383,-0.00284957,-0.00284957,-0.30668
M,-0.334555,-0.00284957,-0.00284957,-0.337405
M,0.122572,-0.0187475,-0.0187475,0.103824
M,-0.075276,-0.0187475,-0.0187475,-0.0940235
M,0.00328057,-0.00284957,-0.00284957,0.00043099
M,0.223471,-0.00284957,-0.00284957,0.220622
M,-0.0761014,-0.00284957,-0.00284957,-0.078951
M,0.122045,-0.00284957,-0.00284957,0.119196
M,0.269272,-0.00284957,-0.00284957,0.266422
M,-0.051488,-0.00284957,-0.00284957,-0.0543376
M,0.403587,-0.00284957,-0.00284957,0.400738
M,0.286057,-0.00284957,-0.00284957,0.283207
M,0.0703558,-0.00284957,-0.00284957,0.0675062
M,-0.0592121,-0.00284957,-0.00284957,-0.0620617
M,-0.0495306,-0.00284957,-0.00284957,-0.0523802
M,-0.17632,-0.00284957,-0.00284957,-0.179169
M,-0.0995805,-0.00284957,-0.00284957,-0.10243
M,0.169309,-0.00284957,-0.00284957,0.16646
M,0.0243792,-0.00284957,-0.00284957,0.0215296
M,0.0702307,-0.00284957,-0.00284957,0.0673811
M,0.331675,-0.00284957,-0.00284957,0.328826
M,0.223803,-0.00284957,-0.00284957,0.220953
M,0.283339,-0.00284957,-0.00284957,0.280489
M,-0.329541,-0.00284957,-0.00284957,-0.332391
M,-0.0089229,-0.00284957,-0.00284957,-0.0117725
M,0.00678509,-0.00284957,-0.00284957,0.00393551
M,0.0131971,-0.00284957,-0.00284957,0.0103476
M,0.204217,-0.00284957,-0.00284957,0.201368
M,-0.125922,-0.00284957,-0.00284957,-0.128772
M,-0.393016,-0.00284957,-0.00284957,-0.395866
M,0.228015,-0.00284957,-0.00284957,0.225165
M,-0.0085618,-0.00284957,-0.00284957,-0.0114114
M,-0.101873,-0.00284957,-0.00284957,-0.104723
M,0.153805,-0.0187475,-0.0187475,0.135058
M,-0.0477282,-0.00284957,-0.00284957,-0.0505777
M,-0.104319,-0.0187475,-0.0187475,-0.123066
M,0.0653756,0.0101742,0.0101742,0.0755498
M,-0.161763,-0.00284957,-0.00284957,-0.164612
M,-0.146493,-0.00284957,-0.00284957,-0.149343
M,0.125936,-0.00284957,-0.00284957,0.123086
M,-0.156246,-0.00284957,-0.00284957,-0.159096
M,0.16982,-0.00284957,-0.00284957,0.16697
M,-0.107864,-0.00284957,-0.00284957,-0.110714
M,-0.237082,-0.00284957,-0.00284957,-0.239932
M,0.22272,-0.0187475,-0.0187475,0.203973
M,0.0840209,-0.00284957,-0.00284957,0.0811714
M,-0.320926,-0.00284957,-0.00284957,-0.323776
M,-0.174825,-0.00284957,-0.00284957,-0.177675
M,0.0638555,-0.00284957,-0.00284957,0.0610059
M,-0.3202,-0.00284957,-0.00284957,-0.323049
M,-0.192028,-0.0187475,-0.0187475,-0.210775
M,0.0327448,-0.00284957,-0.00284957,0.0298952
M,0.00919871,-0.00284957,-0.00284957,0.00634914
M,-0.305186,-0.00284957,-0.00284957,-0.308036
M,0.0262943,-0.00284957,-0.00284957,0.0234447
M,0.287838,-0.00284957,-0.00284957,0.284989
M,-0.179437,-0.00284957,-0.00284957,-0.182286
M,0.0526419,-0.00284957,-0.00284957,0.0497924
M,0.313169,-0.00284957,-0.00284957,0.31032
M,0.109566,-0.00284957,-0.00284957,0.106716
M,-0.0684306,-0.00284957,-0.00284957,-0.0712802
M,0.116721,-0.00284957,-0.00284957,0.113872
M,0.514792,-0.0187475,-0.0187475,0.496044
M,0.00637981,-0.00284957,-0.00284957,0.00353023
M,0.45184,-0.00284957,-0.00284957,0.44899
M,-0.221988,0.0101742,0.0101742,-0.211814
M,0.284321,-0.00284957,-0.00284957,0.281472
M,-0.134611,-0.00284957,-0.00284957,-0.137461
M,-0.507817,-0.00284957,-0.00284957,-0.510666
M,0.113009,-0.00284957,-0.00284957,0.110159
M,-0.0578268,-0.00284957,-0.00284957,-0.0606763
M,0.0283219,-0.00284957,-0.00284957,0.0254724
M,-0.307398,-0.00284957,-0.00284957,-0.310248
M,0.0320588,-0.00284957,-0.00284957,0.0292092
M,-0.0161712,-0.00284957,-0.00284957,-0.0190207
M,0.0464096,-0.00284957,-0.00284957,0.04356
M,0.226914,-0.00284957,-0.00284957,0.224065
M,-0.320201,-0.00284957,-0.00284957,-0.32305
M,0.224022,-0.00284957,-0.00284957,0.221173
M,0.0936946,-0.00284957,-0.00284957,0.0908451
M,0.433968,-0.00284957,-0.00284957,0.431118
M,0.0401762,-0.00284957,-0.00284957,0.0373266
M,0.107535,-0.0187475,-0.0187475,0.088788
M,-0.341183,-0.00284957,-0.00284957,-0.344033
M,0.0690079,-0.00284957,-0.00284957,0.0661583
M,0.409889,-0.00284957,-0.00284957,0.407039
M,-0.0620519,-0.00284957,-0.00284957,-0.0649015
M,-0.194075,-0.00284957,-0.00284957,-0.196924
M,0.0694452,-0.0187475,-0.0187475,0.0506977
M,-0.169624,-0.00284957,-0.00284957,-0.172474
M,-0.0833747,-0.00284957,-0.00284957,-0.0862243
M,-0.0695051,-0.00284957,-0.00284957,-0.0723546
M,-0.278116,-0.00284957,-0.00284957,-0.280966
M,-0.242519,-0.00284957,-0.00284957,-0.245368
M,0.153563,-0.00284957,-0.00284957,0.150713
M,0.174695,-0.00284957,-0.00284957,0.171846
M,0.0055016,-0.00284957,-0.00284957,0.00265203
M,-0.163965,-0.00284957,-0.00284957,-0.166815
M,-0.330327,-0.00284957,-0.00284957,-0.333176
M,-0.113152,-0.00284957,-0.00284957,-0.116001
M,0.391772,-0.00284957,-0.00284957,0.388923
M,-0.0554059,-0.00284957,-0.00284957,-0.0582555
M,-0.255902,-0.00284957,-0.00284957,-0.258751
M,0.0706885,-0.00284957,-0.00284957,0.0678389
M,0.0934754,-0.00284957,-0.00284957,0.0906258
M,0.0827515,-0.00284957,-0.00284957,0.0799019
M,0.0901509,-0.0187475,-0.0187475,0.0714034
M,0.0538548,-0.00284957,-0.00284957,0.0510052
M,-0.288268,-0.00284957,-0.00284957,-0.291118
M,-0.0930702,-0.00284957,-0.00284957,-0.0959197
M,-0.0332368,-0.00284957,-0.00284957,-0.0360864
M,0.00476384,-0.00284957,-0.00284957,0.00191426
M,0.143781,-0.00284957,-0.00284957,0.140932
M,0.118557,-0.00284957,-0.00284957,0.115708
M,-0.118598,-0.00284957,-0.00284957,-0.121448
M,-0.116162,-0.00284957,-0.00284957,-0.119011
M,0.242556,-0.00284957,-0.00284957,0.239706
M,0.290616,-0.00284957,-0.00284957,0.287766
M,0.226083,-0.00284957,-0.00284957,0.223233
M,-0.391176,-0.00284957,-0.00284957,-0.394026
M,0.0597101,-0.00284957,-0.00284957,0.0568606
M,-0.095131,-0.00284957,-0.00284957,-0.0979806
M,-0.02588,-0.00284957,-0.00284957,-0.0287296
M,-0.541312,-0.00284957,-0.00284957,-0.544161
M,-0.00015683,-0.00284957,-0.00284957,-0.00300641
M,0.0200674,-0.00284957,-0.00284957,0.0172178
M,0.139843,-0.00284957,-0.00284957,0.136994
M,-0.307958,-0.00284957,-0.00284957,-0.310808
M,0.017449,-0.00284957,-0.00284957,0.0145994
M,-0.398363,-0.00284957,-0.00284957,-0.401213
M,0.199011,-0.00284957,-0.00284957,0.196162
M,-0.161672,-0.00284957,-0.00284957,-0.164522
M,0.228224,-0.00284957,-0.00284957,0.225374
M,-0.0819681,-0.00284957,-0.00284957,-0.0848177
M,-0.289617,-0.00284957,-0.00284957,-0.292467
M,0.0721838,-0.00284957,-0.00284957,0.0693342
M,0.111148,-0.00284957,-0.00284957,0.108298
M,-0.132991,-0.00284957,-0.00284957,-0.13584
M,-0.161433,-0.00284957,-0.00284957,-0.164282
M,0.830904,-0.00284957,-0.00284957,0.828054
M,-0.310411,-0.00284957,-0.00284957,-0.313261
M,0.00418617,-0.00284957,-0.00284957,0.00133659
M,-0.114669,-0.00284957,-0.00284957,-0.117518
M,-0.360516,-0.00284957,-0.00284957,-0.363365
M,0.154273,-0.00284957,-0.00284957,0.151423
M,-0.0735681,-0.00284957,-0.00284957,-0.0764177
M,0.265832,-0.00284957,-0.00284957,0.262983
M,0.24476,-0.0187475,-0.0187475,0.226012
M,-0.0296266,-0.00284957,-0.00284957,-0.0324762
M,-0.0247717,-0.00284957,-0.00284957,-0.0276213
M,0.143479,-0.00284957,-0.00284957,0.14063
M,-0.17277,-0.00284957,-0.00284957,-0.17562
M,-0.211198,0.0271667,0.0271667,-0.184031
M,0.182814,-0.00284957,-0.00284957,0.179965
M,0.0912859,-0.00284957,-0.00284957,0.0884363
M,0.0146748,-0.00284957,-0.00284957,0.0118252
M,0.171119,-0.00284957,-0.00284957,0.16827
M,0.104306,-0.00284957,-0.00284957,0.101457
M,0.0345194,-0.00284957,-0.00284957,0.0316698
M,-0.297072,-0.00284957,-0.00284957,-0.299922
M,0.194761,-0.00284957,-0.00284957,0.191912
M,-0.3281,-0.00284957,-0.00284957,-0.330949
M,0.384251,-0.00284957,-0.00284957,0.381401
M,0.199471,-0.00284957,-0.00284957,0.196621
M,0.206202,-0.00284957,-0.00284957,0.203352
M,-0.205731,-0.00284957,-0.00284957,-0.208581
M,-0.298451,-0.00284957,-0.00284957,-0.301301
M,-0.261578,-0.00284957,-0.00284957,-0.264427
M,-0.0963187,-0.00284957,-0.00284957,-0.0991683
M,-0.165834,-0.00284957,-0.00284957,-0.168684
M,0.035762,-0.00284957,-0.00284957,0.0329124
M,-0.207953,-0.00284957,-0.00284957,-0.210803
M,0.0854472,-0.00284957,-0.00284957,0.0825976
M,-0.0820689,-0.00284957,-0.00284957,-0.0849185
M,0.117008,-0.00284957,-0.00284957,0.114158
M,-0.220444,-0.00284957,-0.00284957,-0.223293
M,0.051953,-0.00284957,-0.00284957,0.0491035
M,0.161989,-0.00284957,-0.00284957,0.159139
M,0.0493581,-0.00284957,-0.00284957,0.0465085
M,-0.2116,-0.00284957,-0.00284957,-0.214449
M,0.0550925,-0.00284957,-0.00284957,0.052243
M,-0.0966176,-0.00284957,-0.00284957,-0.0994671
M,0.362844,-0.00284957,-0.00284957,0.359994
M,0.1984,-0.00284957,-0.00284957,0.19555
M,-0.26268,-0.00284957,-0.00284957,-0.26553
M,0.0629656,-0.00284957,-0.00284957,0.060116
M,0.23471,-0.00284957,-0.00284957,0.231861
M,0.226958,-0.00284957,-0.00284957,0.224108
M,0.172915,-0.00284957,-0.00284957,0.170065
M,0.420969,-0.00284957,-0.00284957,0.418119
M,-0.147108,-0.00284957,-0.00284957,-0.149957
M,0.0566921,-0.00284957,-0.00284957,0.0538425
M,-0.21233,-0.00284957,-0.00284957,-0.215179
M,0.256727,-0.00284957,-0.00284957,0.253877
M,0.108726,-0.00284957,-0.00284957,0.105877
M,0.243687,-0.00284957,-0.00284957,0.240837
M,-0.0962817,-0.00284957,-0.00284957,-0.0991313
M,0.17033,-0.00284957,-0.00284957,0.16748
M,0.233458,-0.00284957,-0.00284957,0.230608
M,0.0530801,-0.00284957,-0.00284957,0.0502306
M,-0.0549656,-0.00284957,-0.00284957,-0.0578152
M,0.222197,-0.00284957,-0.00284957,0.219347
M,-0.129572,-0.00284957,-0.00284957,-0.132422
M,0.167889,-0.00284957,-0.00284957,0.165039
M,0.451002,-0.00284957,-0.00284957,0.448153
M,0.386853,-0.00284957,-0.00284957,0.384003
M,0.230186,-0.00284957,-0.00284957,0.227336
M,0.131034,-0.00284957,-0.00284957,0.128184
M,0.102621,-0.00284957,-0.00284957,0.0997716
M,0.190224,-0.0187475,-0.0187475,0.171476
M,-0.509191,-0.00284957,-0.00284957,-0.512041
M,0.395017,-0.0187475,-0.0187475,0.37627
M,0.174408,-0.00284957,-0.00284957,0.171559
M,0.166668,-0.00284957,-0.00284957,0.163819
M,-0.131384,-0.00284957,-0.00284957,-0.134234
M,0.0393931,-0.00284957,-0.00284957,0.0365435
M,0.0770585,-0.00284957,-0.00284957,0.074209
M,-0.000794873,-0.00284957,-0.00284957,-0.00364445
M,0.153062,-0.00284957,-0.00284957,0.150213
M,-0.0464019,-0.00284957,-0.00284957,-0.0492515
M,0.21375,-0.00284957,-0.00284957,0.210901
M,0.0241247,-0.00284957,-0.00284957,0.0212751
M,-0.145559,-0.00284957,-0.00284957,-0.148408
M,0.156468,-0.00284957,-0.00284957,0.153619
M,-0.0600293,-0.00284957,-0.00284957,-0.0628788
M,-0.202724,-0.00284957,-0.00284957,-0.205573
M,-0.162295,-0.00284957,-0.00284957,-0.165145
M,0.244101,-0.00284957,-0.00284957,0.241251
M,0.214884,-0.00284957,-0.00284957,0.212034
M,-0.319258,-0.00284957,-0.00284957,-0.322108
M,-0.237279,-0.00284957,-0.00284957,-0.240129
M,-0.0677423,-0.00284957,-0.00284957,-0.0705919
M,0.0169205,-0.00284957,-0.00284957,0.0140709
M,-0.176055,-0.00284957,-0.00284957,-0.178904
M,-0.0467803,-0.0187475,-0.0187475,-0.0655278
M,-0.216657,-0.00284957,-0.00284957,-0.219507
M,0.193999,-0.0187475,-0.0187475,0.175251
M,-0.175779,-0.00284957,-0.00284957,-0.178629
M,0.143522,-0.00284957,-0.00284957,0.140672
M,0.296056,-0.00284957,-0.00284957,0.293206
M,-0.0235617,-0.00284957,-0.00284957,-0.0264113
M,-0.226339,-0.00284957,-0.00284957,-0.229189
M,-0.071105,-0.00284957,-0.00284957,-0.0739546
M,-0.168078,-0.00284957,-0.00284957,-0.170927
M,-0.0947968,-0.00284957,-0.00284957,-0.0976463
M,0.100916,-0.00284957,-0.00284957,0.0980668
M,0.138964,-0.00284957,-0.00284957,0.136115
M,0.151699,-0.00284957,-0.00284957,0.148849
M,-0.137527,-0.00284957,-0.00284957,-0.140377
M,-0.0271001,0.00646543,0.00646543,-0.0206347
M,-0.202824,-0.00284957,-0.00284957,-0.205674
M,0.0407456,0.00646543,0.00646543,0.047211
M,-0.170293,-0.00284957,-0.00284957,-0.173142
M,-0.190349,-0.00284957,-0.00284957,-0.193199
M,0.0325287,-0.00284957,-0.00284957,0.0296791
M,-0.0140044,-0.00284957,-0.00284957,-0.016854
M,0.00520906,-0.00284957,-0.00284957,0.00235949
M,0.413996,-0.00284957,-0.00284957,0.411146
M,0.0575621,-0.00284957,-0.00284957,0.0547125
M,-0.0651361,-0.00284957,-0.00284957,-0.0679857
M,-0.129391,-0.00284957,-0.00284957,-0.132241
M,-0.00345176,-0.00284957,-0.00284957,-0.00630133
M,-0.397979,-0.00284957,-0.00284957,-0.400828
M,0.192912,-0.00284957,-0.00284957,0.190062
M,0.166879,-0.00284957,-0.00284957,0.164029
M,0.016756,-0.00284957,-0.00284957,0.0139065
M,0.183554,-0.0187475,-0.0187475,0.164806
M,-0.0894061,-0.00284957,-0.00284957,-0.0922557
M,-0.331409,-0.00284957,-0.00284957,-0.334259
M,-0.0151841,-0.00284957,-0.00284957,-0.0180336
M,0.139391,-0.00284957,-0.00284957,0.136542
M,-0.00561023,-0.00284957,-0.00284957,-0.0084598
M,-0.0321605,-0.00284957,-0.00284957,-0.03501
M,-0.0180656,-0.00284957,-0.00284957,-0.0209151
M,-0.0284299,-0.00284957,-0.00284957,-0.0312794
M,-0.198208,-0.00284957,-0.00284957,-0.201058
M,-0.275797,-0.00284957,-0.00284957,-0.278647
M,0.252679,-0.00284957,-0.00284957,0.249829
M,0.17927,-0.00284957,-0.00284957,0.176421
M,-0.298562,-0.00284957,-0.00284957,-0.301411
M,0.028546,-0.00284957,-0.00284957,0.0256964
M,0.274538,-0.00284957,-0.00284957,0.271689
M,0.258078,-0.00284957,-0.00284957,0.255228
M,0.345367,-0.00284957,-0.00284957,0.342518
M,-0.266841,-0.00284957,-0.00284957,-0.269691
M,-0.0189847,-0.00284957,-0.00284957,-0.0218342
M,-0.148968,-0.00284957,-0.00284957,-0.151818
M,-0.120579,-0.00284957,-0.00284957,-0.123428
M,-0.145961,-0.00284957,-0.00284957,-0.148811
M,-0.242709,0.0271667,0.0271667,-0.215543
M,0.122579,-0.0187475,-0.0187475,0.103832
M,-0.0310776,-0.00284957,-0.00284957,-0.0339272
M,-0.215568,-0.00284957,-0.00284957,-0.218417
M,-0.408511,-0.00284957,-0.00284957,-0.41136
M,0.0503121,-0.00284957,-0.00284957,0.0474626
M,-0.272475,-0.00284957,-0.00284957,-0.275325
M,0.118072,-0.00284957,-0.00284957,0.115223
M,0.0557422,-0.00284957,-0.00284957,0.0528926
M,0.054229,-0.0187475,-0.0187475,0.0354815
M,-0.177124,-0.00284957,-0.00284957,-0.179973
M,0.415422,-0.00284957,-0.00284957,0.412572
M,0.123159,-0.00284957,-0.00284957,0.120309
M,-0.173378,-0.00284957,-0.00284957,-0.176227
M,0.235231,-0.0187475,-0.0187475,0.216483
M,-0.383769,-0.00284957,-0.00284957,-0.386619
M,0.202873,-0.00284957,-0.00284957,0.200023
M,0.197667,-0.00284957,-0.00284957,0.194818
M,-0.0329517,-0.00284957,-0.00284957,-0.0358013
M,0.0321844,-0.00284957,-0.00284957,0.0293349
M,0.155452,-0.00284957,-0.00284957,0.152603
M,-0.265436,-0.00284957,-0.00284957,-0.268286
M,-0.00872833,0.0101742,0.0101742,0.00144589
M,0.332606,-0.00284957,-0.00284957,0.329756
M,0.242699,-0.00284957,-0.00284957,0.23985
M,-0.027433,-0.00284957,-0.00284957,-0.0302826
M,0.0492736,-0.00284957,-0.00284957,0.046424
M,0.0760446,-0.00284957,-0.00284957,0.073195
M,0.148209,-0.00284957,-0.00284957,0.14536
M,-0.0396775,-0.00284957,-0.00284957,-0.0425271
M,-0.288268,-0.00284957,-0.00284957,-0.291118
M,0.350383,-0.00284957,-0.00284957,0.347534
M,-0.224138,-0.00284957,-0.00284957,-0.226987
M,-0.226894,-0.00284957,-0.00284957,-0.229744
M,0.218875,-0.00284957,-0.00284957,0.216025
M,0.20663,-0.00284957,-0.00284957,0.20378
M,-0.30115,-0.00284957,-0.00284957,-0.303999
M,-0.00500088,-0.00284957,-0.00284957,-0.00785045
M,-0.0814997,-0.00284957,-0.00284957,-0.0843492
M,-0.045616,-0.00284957,-0.00284957,-0.0484656
M,-0.101796,-0.00284957,-0.00284957,-0.104646
M,-0.165947,-0.00284957,-0.00284957,-0.168796
M,0.208164,-0.0187475,-0.0187475,0.189416
M,-0.0593349,-0.00284957,-0.00284957,-0.0621845
M,0.122577,-0.00284957,-0.00284957,0.119727
M,0.35571,-0.00284957,-0.00284957,0.352861
M,-0.256062,-0.00284957,-0.00284957,-0.258912
M,0.129614,-0.00284957,-0.00284957,0.126764
M,-0.242834,-0.0187475,-0.0187475,-0.261582
M,0.104432,-0.00284957,-0.00284957,0.101582
M,0.0137175,0.0271667,0.0271667,0.0408841
M,0.124815,-0.00284957,-0.00284957,0.121966
M,0.115539,-0.00284957,-0.00284957,0.112689
M,0.154385,-0.00284957,-0.00284957,0.151535
M,0.307364,-0.00284957,-0.00284957,0.304514
M,-0.229332,-0.00284957,-0.00284957,-0.232181
M,0.0141142,-0.00284957,-0.00284957,0.0112646
M,-0.0297466,0.00827633,0.00827633,-0.0214702
M,0.220283,-0.00284957,-0.00284957,0.217433
M,-0.0887303,-0.00284957,-0.00284957,-0.0915799
M,-0.2306,-0.00284957,-0.00284957,-0.23345
M,-0.00933631,0.0101742,0.0101742,0.000837907
M,0.32371,-0.00284957,-0.00284957,0.32086
M,0.157565,-0.00284957,-0.00284957,0.154716
M,-0.18767,-0.00284957,-0.00284957,-0.19052
M,-0.285046,-0.00284957,-0.00284957,-0.287896
M,0.323423,-0.00284957,-0.00284957,0.320574
M,0.197127,-0.00284957,-0.00284957,0.194277
M,-0.235012,-0.00284957,-0.00284957,-0.237862
M,0.244418,-0.00284957,-0.00284957,0.241568
M,0.0171785,-0.00284957,-0.00284957,0.014329
M,-0.127671,-0.00284957,-0.00284957,-0.13052
M,-0.131175,-0.00284957,-0.00284957,-0.134025
M,0.153827,-0.00284957,-0.00284957,0.150977
M,-0.230705,-0.00284957,-0.00284957,-0.233554
M,0.192854,-0.00284957,-0.00284957,0.190004
M,-0.173392,-0.00284957,-0.00284957,-0.176242
M,-0.0798664,-0.00284957,-0.00284957,-0.082716
M,0.257594,-0.00284957,-0.00284957,0.254744
M,0.107871,-0.00284957,-0.00284957,0.105022
M,-0.0550477,-0.00284957,-0.00284957,-0.0578973
M,-0.0563533,-0.00284957,-0.00284957,-0.0592029
M,-0.181752,-0.00284957,-0.00284957,-0.184602
M,-0.0371311,-0.00284957,-0.00284957,-0.0399807
M,0.00170728,-0.00284957,-0.00284957,-0.00114229
M,-0.193435,-0.00284957,-0.00284957,-0.196285
M,0.264955,-0.00284957,-0.00284957,0.262106
M,0.33652,-0.00284957,-0.00284957,0.33367
M,0.144898,0.0271667,0.0271667,0.172064
M,-0.23712,-0.00284957,-0.00284957,-0.23997
M,-0.010164,-0.00284957,-0.00284957,-0.0130135
M,-0.0924962,-0.00284957,-0.00284957,-0.0953457
M,-0.130967,-0.00284957,-0.00284957,-0.133817
M,0.172098,-0.00284957,-0.00284957,0.169249
M,-0.259464,-0.00284957,-0.00284957,-0.262313
M,0.479423,-0.0187475,-0.0187475,0.460676
M,-0.193909,-0.00284957,-0.00284957,-0.196759
M,0.084974,-0.00284957,-0.00284957,0.0821244
M,0.172069,-0.0187475,-0.0187475,0.153321
M,-0.107654,-0.00284957,-0.00284957,-0.110503
M,-0.103598,-0.00284957,-0.00284957,-0.106447
M,0.189987,-0.00284957,-0.00284957,0.187138
M,0.13169,-0.00284957,-0.00284957,0.12884
M,-0.199812,-0.00284957,-0.00284957,-0.202661
M,0.0157601,-0.00284957,-0.00284957,0.0129105
M,-0.259321,-0.00284957,-0.00284957,-0.26217
M,-0.231618,-0.00284957,-0.00284957,-0.234467
M,-0.331868,-0.00284957,-0.00284957,-0.334717
M,-0.0384881,-0.0187475,-0.0187475,-0.0572356
M,0.0949239,-0.00284957,-0.00284957,0.0920743
M,0.189549,-0.00284957,-0.00284957,0.186699
M,-0.29236,-0.00284957,-0.00284957,-0.29521
M,-0.00654198,-0.00284957,-0.00284957,-0.00939156
M,-0.0199164,-0.00284957,-0.00284957,-0.022766
M,0.0727027,-0.00284957,-0.00284957,0.0698532
M,-0.542896,-0.00284957,-0.00284957,-0.545745
M,-0.0645806,-0.00284957,-0.00284957,-0.0674302
M,0.144972,-0.00284957,-0.00284957,0.142123
M,-0.048644,-0.00284957,-0.00284957,-0.0514936
M,0.123772,-0.00284957,-0.00284957,0.120923
M,0.184651,-0.00284957,-0.00284957,0.181802
M,-0.00441172,-0.00284957,-0.00284957,-0.00726129
M,-0.102361,-0.00284957,-0.00284957,-0.105211
M,0.276858,-0.00284957,-0.00284957,0.274008
M,0.0328992,-0.00284957,-0.00284957,0.0300496
M,0.215574,-0.00284957,-0.00284957,0.212724
M,0.00493803,-0.00284957,-0.00284957,0.00208846
M,0.274704,-0.00284957,-0.00284957,0.271855
M,0.0338431,-0.00284957,-0.00284957,0.0309935
M,-0.45966,-0.00284957,-0.00284957,-0.462509
M,0.0171846,-0.00284957,-0.00284957,0.014335
M,-0.0023971,-0.00284957,-0.00284957,-0.00524668
M,-0.303851,-0.00284957,-0.00284957,-0.3067
M,-0.194229,-0.00284957,-0.00284957,-0.197078
M,0.264899,-0.00284957,-0.00284957,0.262049
M,-0.0990063,-0.00284957,-0.00284957,-0.101856
M,0.114038,-0.00284957,-0.00284957,0.111188
M,-0.122552,-0.00284957,-0.00284957,-0.125402
M,0.107942,-0.00284957,-0.00284957,0.105092
M,-0.514751,-0.00284957,-0.00284957,-0.517601
M,0.144418,-0.00284957,-0.00284957,0.141569
M,-0.226011,-0.00284957,-0.00284957,-0.228861
M,0.195976,-0.00284957,-0.00284957,0.193127
M,-0.390157,-0.00284957,-0.00284957,-0.393006
M,-0.192535,-0.00284957,-0.00284957,-0.195384
M,0.0540571,-0.0187475,-0.0187475,0.0353096
M,0.250947,-0.00284957,-0.00284957,0.248098
M,-0.204721,-0.00284957,-0.00284957,-0.207571
M,-0.0489238,0.00827633,0.00827633,-0.0406475
M,-0.147778,-0.00284957,-0.00284957,-0.150627
M,-0.0323057,-0.00284957,-0.00284957,-0.0351553
M,-0.0183342,-0.00284957,-0.00284957,-0.0211837
M,-0.0102476,-0.00284957,-0.00284957,-0.0130972
M,-0.084885,-0.00284957,-0.00284957,-0.0877346
M,-0.012214,-0.00284957,-0.00284957,-0.0150636
M,-0.152122,-0.00284957,-0.00284957,-0.154972
M,-0.109678,-0.00284957,-0.00284957,-0.112528
M,0.235729,-0.00284957,-0.00284957,0.23288
M,-0.130417,-0.00284957,-0.00284957,-0.133267
M,-0.58763,0.00646543,0.00646543,-0.581165
M,-0.0728931,-0.00284957,-0.00284957,-0.0757427
M,0.204222,-0.00284957,-0.00284957,0.201373
M,0.218418,-0.00284957,-0.00284957,0.215568
M,0.0210718,0.0101742,0.0101742,0.031246
M,-0.220118,-0.00284957,-0.00284957,-0.222968
M,-0.0248999,-0.00284957,-0.00284957,-0.0277495
M,0.0326886,-0.00284957,-0.00284957,0.0298391
M,-0.173286,-0.00284957,-0.00284957,-0.176135
M,-0.322974,-0.00284957,-0.00284957,-0.325824
M,0.423805,-0.00284957,-0.00284957,0.420955
M,-0.187353,-0.00284957,-0.00284957,-0.190203
M,0.0612563,-0.00284957,-0.00284957,0.0584067
M,-0.287323,-0.00284957,-0.00284957,-0.290173
M,0.13757,0.0101742,0.0101742,0.147744
M,0.0118148,-0.00284957,-0.00284957,0.00896523
M,0.0164581,-0.00284957,-0.00284957,0.0136085
M,0.203029,-0.00284957,-0.00284957,0.200179
M,0.176773,-0.00284957,-0.00284957,0.173923
M,0.227581,-0.00284957,-0.00284957,0.224732
M,0.151456,-0.00284957,-0.00284957,0.148606
M,-0.184237,-0.00284957,-0.00284957,-0.187086
M,-0.0843442,-0.00284957,-0.00284957,-0.0871938
M,-0.218713,-0.00284957,-0.00284957,-0.221562
M,-0.3439,-0.00284957,-0.00284957,-0.34675
M,-0.158851,-0.00284957,-0.00284957,-0.161701
M,0.10542,-0.00284957,-0.00284957,0.10257
M,-0.105448,-0.00284957,-0.00284957,-0.108297
M,0.0528088,-0.00284957,-0.00284957,0.0499592
M,-0.113783,-0.00284957,-0.00284957,-0.116633
M,0.153711,-0.00284957,-0.00284957,0.150861
M,0.121281,-0.00284957,-0.00284957,0.118432
M,-0.499126,-0.00284957,-0.00284957,-0.501975
M,0.13064,-0.00284957,-0.00284957,0.12779
M,-0.236929,-0.00284957,-0.00284957,-0.239779
M,0.447741,-0.0187475,-0.0187475,0.428993
M,0.348152,-0.00284957,-0.00284957,0.345302
M,0.0129904,-0.00284957,-0.00284957,0.0101408
M,-0.259292,-0.00284957,-0.00284957,-0.262141
M,0.224148,-0.00284957,-0.00284957,0.221298
M,-0.143719,-0.0187475,-0.0187475,-0.162467
M,-0.174694,-0.00284957,-0.00284957,-0.177543
M,0.0167007,-0.00284957,-0.00284957,0.0138512
M,-0.198879,-0.00284957,-0.00284957,-0.201728
M,-0.0917599,-0.00284957,-0.00284957,-0.0946095
M,-0.0483448,-0.00284957,-0.00284957,-0.0511944
M,-0.0247978,-0.00284957,-0.00284957,-0.0276473
M,-0.133855,-0.00284957,-0.00284957,-0.136704
M,0.0325219,-0.0187475,-0.0187475,0.0137744
M,0.127682,-0.00284957,-0.00284957,0.124832
M,0.0646465,-0.0187475,-0.0187475,0.045899
M,0.0156292,-0.00284957,-0.00284957,0.0127796
M,0.190209,-0.00284957,-0.00284957,0.187359
M,0.259999,-0.00284957,-0.00284957,0.257149
M,-0.254906,-0.00284957,-0.00284957,-0.257756
M,-0.00804866,-0.00284957,-0.00284957,-0.0108982
M,-0.139273,-0.00284957,-0.00284957,-0.142122
M,0.160294,-0.00284957,-0.00284957,0.157444
M,-0.13506,-0.00284957,-0.00284957,-0.137909
M,0.249913,-0.00284957,-0.00284957,0.247063
M,0.0918582,-0.00284957,-0.00284957,0.0890087
M,0.101283,-0.00284957,-0.00284957,0.0984337
M,0.0399189,-0.00284957,-0.00284957,0.0370693
M,0.16818,-0.00284957,-0.00284957,0.16533
M,0.000290034,-0.00284957,-0.00284957,-0.00255954
M,0.243278,-0.00284957,-0.00284957,0.240428
M,-0.163804,-0.0187475,-0.0187475,-0.182552
M,-0.286455,-0.00284957,-0.00284957,-0.289305
M,-0.130187,-0.00284957,-0.00284957,-0.133037
M,-0.112869,-0.0187475,-0.0187475,-0.131617
M,0.0713251,-0.00284957,-0.00284957,0.0684755
M,-0.118689,-0.00284957,-0.00284957,-0.121539
M,0.0892546,-0.00284957,-0.00284957,0.086405
M,0.235978,-0.00284957,-0.00284957,0.233128
M,-0.211452,-0.00284957,-0.00284957,-0.214302
M,0.0548674,-0.00284957,-0.00284957,0.0520178
M,0.185688,-0.00284957,-0.00284957,0.182838
M,-0.152854,-0.00284957,-0.00284957,-0.155704
M,-0.139933,-0.00284957,-0.00284957,-0.142783
M,0.183736,-0.00284957,-0.00284957,0.180887
M,-0.0683139,-0.00284957,-0.00284957,-0.0711635
M,0.217575,-0.00284957,-0.00284957,0.214726
M,0.274423,-0.00284957,-0.00284957,0.271573
M,-0.0450079,-0.00284957,-0.00284957,-0.0478575
M,0.174413,-0.00284957,-0.00284957,0.171564
M,-0.133002,-0.00284957,-0.00284957,-0.135851
M,-0.0192996,-0.00284957,-0.00284957,-0.0221491
M,0.563888,-0.00284957,-0.00284957,0.561038
M,0.293847,-0.00284957,-0.00284957,0.290998
M,-0.286037,-0.00284957,-0.00284957,-0.288887
M,0.285972,-0.00284957,-0.00284957,0.283122
M,-0.0754004,-0.00284957,-0.00284957,-0.0782499
M,0.26438,-0.00284957,-0.00284957,0.26153
M,0.0432172,-0.00284957,-0.00284957,0.0403676
M,0.20685,-0.00284957,-0.00284957,0.204001
M,-0.121543,-0.00284957,-0.00284957,-0.124392
M,-0.115158,-0.0187475,-0.0187475,-0.133906
M,-0.182044,-0.00284957,-0.00284957,-0.184893
M,0.088654,-0.00284957,-0.00284957,0.0858044
M,-0.219289,-0.00284957,-0.00284957,-0.222138
M,0.0616904,-0.00284957,-0.00284957,0.0588409
M,0.00152766,-0.00284957,-0.00284957,-0.00132191
M,0.108617,-0.00284957,-0.00284957,0.105768
M,0.119239,-0.00284957,-0.00284957,0.11639
M,-0.0601671,-0.00284957,-0.00284957,-0.0630167
M,0.0914056,-0.00284957,-0.00284957,0.088556
M,0.0258135,-0.00284957,-0.00284957,0.022964
M,-0.17713,-0.00284957,-0.00284957,-0.179979
M,0.168744,-0.00284957,-0.00284957,0.165894
M,0.482912,-0.00284957,-0.00284957,0.480063
M,0.352889,-0.00284957,-0.00284957,0.350039
M,0.0305469,-0.00284957,-0.00284957,0.0276974
M,-0.0608764,-0.00284957,-0.00284957,-0.063726
M,0.0552864,-0.00284957,-0.00284957,0.0524368
M,-0.0777416,-0.00284957,-0.00284957,-0.0805912
M,-0.307266,-0.0575318,-0.0575318,-0.364798
M,0.0903629,-0.00284957,-0.00284957,0.0875133
M,0.102194,-0.00284957,-0.00284957,0.0993441
M,0.454407,-0.0187475,-0.0187475,0.43566
M,-0.141325,-0.00284957,-0.00284957,-0.144175
M,-0.177286,-0.0187475,-0.0187475,-0.196034
M,0.0251111,-0.00284957,-0.00284957,0.0222616
M,-0.16568,-0.00284957,-0.00284957,-0.168529
M,0.415026,0.00646543,0.00646543,0.421492
M,-0.175141,-0.00284957,-0.00284957,-0.177991
M,0.480358,-0.00284957,-0.00284957,0.477508
M,0.0784182,-0.00284957,-0.00284957,0.0755687
M,-0.03918,-0.00284957,-0.00284957,-0.0420296
M,0.0576097,-0.00284957,-0.00284957,0.0547601
M,-0.0576248,-0.00284957,-0.00284957,-0.0604743
M,-0.186618,-0.00284957,-0.00284957,-0.189467
M,-0.420386,-0.00284957,-0.00284957,-0.423236
M,0.289314,-0.00284957,-0.00284957,0.286464
M,-0.0379354,-0.00284957,-0.00284957,-0.040785
M,-0.162917,-0.00284957,-0.00284957,-0.165767
M,0.329876,-0.00284957,-0.00284957,0.327026
M,0.0537844,-0.00284957,-0.00284957,0.0509349
M,-0.120804,-0.00284957,-0.00284957,-0.123654
M,0.255978,-0.00284957,-0.00284957,0.253128
M,-0.190953,-0.00284957,-0.00284957,-0.193803
M,-0.28972,-0.00284957,-0.00284957,-0.29257
M,0.36493,-0.00284957,-0.00284957,0.36208
M,0.0226028,-0.00284957,-0.00284957,0.0197532
M,0.266218,-0.0187475,-0.0187475,0.247471
M,0.0303228,-0.00284957,-0.00284957,0.0274732
M,-0.084783,-0.0187475,-0.0187475,-0.10353
M,-0.388407,-0.00284957,-0.00284957,-0.391257
M,0.209003,-0.00284957,-0.00284957,0.206153
M,-0.110651,-0.00284957,-0.00284957,-0.1135
M,0.360956,-0.00284957,-0.00284957,0.358107
M,0.114104,-0.00284957,-0.00284957,0.111254
M,0.143644,-0.00284957,-0.00284957,0.140794
M,-0.241498,-0.00284957,-0.00284957,-0.244347
M,-0.0642724,-0.00284957,-0.00284957,-0.067122
M,0.21047,-0.00284957,-0.00284957,0.20762
M,-0.147015,-0.00284957,-0.00284957,-0.149864
M,-0.428784,-0.00284957,-0.00284957,-0.431633
M,-0.129064,-0.00284957,-0.00284957,-0.131914
M,0.0216799,-0.00284957,-0.00284957,0.0188303
M,0.0581328,-0.00284957,-0.00284957,0.0552833
M,-0.219248,-0.00284957,-0.00284957,-0.222097
M,-0.188876,-0.00284957,-0.00284957,-0.191725
M,-0.108246,-0.00284957,-0.00284957,-0.111096
M,-0.0911244,-0.00284957,-0.00284957,-0.093974
M,0.115911,-0.00284957,-0.00284957,0.113061
M,-0.0849308,-0.00284957,-0.00284957,-0.0877804
M,0.107725,-0.00284957,-0.00284957,0.104876
M,0.06863,-0.00284957,-0.00284957,0.0657805
M,-0.409125,-0.00284957,-0.00284957,-0.411975
M,0.0914695,-0.00284957,-0.00284957,0.0886199
M,-0.536559,-0.00284957,-0.00284957,-0.539408
M,-0.168905,-0.00284957,-0.00284957,-0.171754
M,-0.0435809,-0.00284957,-0.00284957,-0.0464305
M,-0.00790552,-0.00284957,-0.00284957,-0.0107551
M,-0.32182,-0.00284957,-0.00284957,-0.32467
M,-0.0584013,-0.00284957,-0.00284957,-0.0612508
M,-0.0464036,-0.00284957,-0.00284957,-0.0492532
M,-0.0489004,-0.00284957,-0.00284957,-0.05175
M,0.0143813,-0.00284957,-0.00284957,0.0115317
M,-0.171419,-0.00284957,-0.00284957,-0.174268
M,-0.0460407,-0.0187475,-0.0187475,-0.0647882
M,0.0556772,-0.00284957,-0.00284957,0.0528277
M,0.143757,-0.00284957,-0.00284957,0.140908
M,-0.0140399,-0.00284957,-0.00284957,-0.0168895
M,-0.287758,-0.00284957,-0.00284957,-0.290608
M,-0.0537662,-0.00284957,-0.00284957,-0.0566158
M,0.369426,-0.00284957,-0.00284957,0.366576
M,0.0876199,-0.00284957,-0.00284957,0.0847703
M,-0.041793,-0.00284957,-0.00284957,-0.0446425
M,-0.475789,-0.00284957,-0.00284957,-0.478638
M,0.0555519,-0.00284957,-0.00284957,0.0527023
M,-0.0695573,-0.00284957,-0.00284957,-0.0724069
M,-0.885474,-0.00284957,-0.00284957,-0.888324
M,0.0108912,-0.00284957,-0.00284957,0.00804161
M,-0.369137,-0.00284957,-0.00284957,-0.371986
M,0.227691,-0.00284957,-0.00284957,0.224842
M,0.084929,-0.00284957,-0.00284957,0.0820794
M,-0.541835,-0.0187475,-0.0187475,-0.560583
M,0.252963,-0.00284957,-0.00284957,0.250114
M,0.432881,0.00827633,0.00827633,0.441157
M,-0.271366,-0.00284957,-0.00284957,-0.274216
M,-0.532497,-0.00284957,-0.00284957,-0.535346
M,0.0237407,0.0271667,0.0271667,0.0509074
M,0.0380244,-0.00284957,-0.00284957,0.0351748
M,-0.119171,-0.00284957,-0.00284957,-0.122021
M,-0.235905,-0.00284957,-0.00284957,-0.238755
M,-0.269648,-0.00284957,-0.00284957,-0.272497
M,0.153268,-0.00284957,-0.00284957,0.150418
M,0.0541457,-0.00284957,-0.00284957,0.0512962
M,0.0439072,-0.00284957,-0.00284957,0.0410576
M,-0.0020966,-0.00284957,-0.00284957,-0.00494618
M,-0.0950406,-0.00284957,-0.00284957,-0.0978901
M,0.210826,-0.00284957,-0.00284957,0.207977
M,0.200724,-0.00284957,-0.00284957,0.197874
M,0.16706,-0.0187475,-0.0187475,0.148312
M,-0.186507,-0.00284957,-0.00284957,-0.189357
M,-0.281743,-0.00284957,-0.00284957,-0.284593
M,0.252545,-0.00284957,-0.00284957,0.249695
M,-0.037325,-0.00284957,-0.00284957,-0.0401746
M,-0.0120714,-0.00284957,-0.00284957,-0.014921
M,-0.135076,-0.00284957,-0.00284957,-0.137926
M,-0.00721036,-0.00284957,-0.00284957,-0.0100599
M,0.0401773,-0.00284957,-0.00284957,0.0373277
M,0.120667,-0.00284957,-0.00284957,0.117817
M,-0.306598,-0.00284957,-0.00284957,-0.309447
M,0.0282009,-0.00284957,-0.00284957,0.0253513
M,0.038872,-0.00284957,-0.00284957,0.0360224
M,-0.238105,-0.00284957,-0.00284957,-0.240954
M,0.0689671,-0.00284957,-0.00284957,0.0661176
M,0.167256,-0.0187475,-0.0187475,0.148509
M,0.0903867,-0.00284957,-0.00284957,0.0875371
M,-0.347638,-0.00284957,-0.00284957,-0.350488
M,0.153865,-0.00284957,-0.00284957,0.151016
M,0.2394,-0.00284957,-0.00284957,0.23655
M,-0.000704365,-0.00284957,-0.00284957,-0.00355394
M,0.0177882,-0.00284957,-0.00284957,0.0149387
M,0.0736371,-0.00284957,-0.00284957,0.0707875
M,-0.0956027,-0.00284957,-0.00284957,-0.0984523
M,0.252741,-0.00284957,-0.00284957,0.249892
M,-0.212087,-0.00284957,-0.00284957,-0.214937
M,-0.038511,-0.00284957,-0.00284957,-0.0413605
M,-0.0596811,-0.00284957,-0.00284957,-0.0625307
M,0.110935,-0.00284957,-0.00284957,0.108086
M,0.128467,-0.00284957,-0.00284957,0.125618
M,-0.188705,0.00827633,0.00827633,-0.180429
M,-0.0178944,-0.00284957,-0.00284957,-0.020744
M,0.158287,-0.00284957,-0.00284957,0.155437
M,0.165529,-0.00284957,-0.00284957,0.162679
M,0.0459986,-0.00284957,-0.00284957,0.0431491
M,0.319668,-0.00284957,-0.00284957,0.316819
M,-0.370523,-0.00284957,-0.00284957,-0.373373
M,-0.0781988,-0.00284957,-0.00284957,-0.0810484
M,-0.0716351,-0.00284957,-0.00284957,-0.0744847
M,0.206863,-0.00284957,-0.00284957,0.204014
M,-0.197278,-0.00284957,-0.00284957,-0.200128
M,0.19608,-0.00284957,-0.00284957,0.19323
M,-0.0474378,-0.00284957,-0.00284957,-0.0502874
M,0.289708,-0.00284957,-0.00284957,0.286858
M,-0.187209,-0.00284957,-0.00284957,-0.190058
M,-0.094271,-0.00284957,-0.00284957,-0.0971206
M,-0.176666,-0.00284957,-0.00284957,-0.179515
M,-0.66036,-0.00284957,-0.00284957,-0.663209
M,-0.052671,-0.00284957,-0.00284957,-0.0555206
M,0.00314555,-0.00284957,-0.00284957,0.000295978
M,0.114437,-0.00284957,-0.00284957,0.111588
M,-0.461034,-0.00284957,-0.00284957,-0.463883
M,0.267889,-0.00284957,-0.00284957,0.26504
M,-0.149184,-0.00284957,-0.00284957,-0.152034
M,0.145228,-0.00284957,-0.00284957,0.142378
M,-0.104257,-0.0575318,-0.0575318,-0.161788
M,0.134216,-0.00284957,-0.00284957,0.131366
M,0.213556,-0.00284957,-0.00284957,0.210706
M,0.0537629,-0.00284957,-0.00284957,0.0509133
M,0.362497,-0.00284957,-0.00284957,0.359647
M,0.026957,-0.00284957,-0.00284957,0.0241074
M,-0.000389938,-0.00284957,-0.00284957,-0.00323951
M,0.295232,-0.00284957,-0.00284957,0.292382
M,-0.0872466,-0.00284957,-0.00284957,-0.0900962
M,-0.0968783,-0.00284957,-0.00284957,-0.0997278
M,-0.423492,-0.00284957,-0.00284957,-0.426342
M,-0.0176325,-0.00284957,-0.00284957,-0.0204821
M,-0.1983,-0.00284957,-0.00284957,-0.20115
M,0.349932,-0.00284957,-0.00284957,0.347082
M,-0.157297,-0.00284957,-0.00284957,-0.160147
M,-0.00915041,-0.00284957,-0.00284957,-0.012
M,0.10621,-0.00284957,-0.00284957,0.103361
M,0.199106,-0.00284957,-0.00284957,0.196257
M,0.0155091,-0.00284957,-0.00284957,0.0126595
M,0.284919,-0.0187475,-0.0187475,0.266172
M,-0.146852,-0.00284957,-0.00284957,-0.149702
M,-0.0216131,-0.00284957,-0.00284957,-0.0244627
M,-0.273505,-0.00284957,-0.00284957,-0.276354
M,0.0262571,-0.00284957,-0.00284957,0.0234075
M,-0.148104,-0.00284957,-0.00284957,-0.150953
M,-0.0416059,-0.00284957,-0.00284957,-0.0444555
M,-0.149154,-0.0187475,-0.0187475,-0.167902
M,0.0721938,-0.00284957,-0.00284957,0.0693443
M,0.0458159,-0.00284957,-0.00284957,0.0429663
M,-0.0224738,-0.00284957,-0.00284957,-0.0253233
M,0.0359377,-0.00284957,-0.00284957,0.0330882
M,0.288228,-0.0187475,-0.0187475,0.26948
M,-0.388459,-0.00284957,-0.00284957,-0.391309
M,0.0712281,-0.00284957,-0.00284957,0.0683785
M,0.0422861,-0.00284957,-0.00284957,0.0394365
M,-0.0528038,-0.00284957,-0.00284957,-0.0556534
M,-0.278521,-0.00284957,-0.00284957,-0.281371
M,-0.0419386,-0.00284957,-0.00284957,-0.0447882
M,-0.103403,-0.00284957,-0.00284957,-0.106253
M,-0.0353487,-0.00284957,-0.00284957,-0.0381983
M,-0.333898,-0.00284957,-0.00284957,-0.336747
M,-0.0571758,-0.00284957,-0.00284957,-0.0600253
M,-0.0325527,-0.00284957,-0.00284957,-0.0354023
M,0.0192937,-0.00284957,-0.00284957,0.0164442
M,-0.0524503,-0.00284957,-0.00284957,-0.0552999
M,-0.201755,0.00646543,0.00646543,-0.195289
M,-0.206893,-0.00284957,-0.00284957,-0.209742
M,-0.118238,-0.00284957,-0.00284957,-0.121087
M,0.240749,-0.00284957,-0.00284957,0.2379
M,-0.00486492,-0.00284957,-0.00284957,-0.00771449
M,-0.052044,-0.0187475,-0.0187475,-0.0707915
M,-0.0484235,-0.00284957,-0.00284957,-0.051273
M,-0.00677899,-0.00284957,-0.00284957,-0.00962857
M,0.212268,-0.00284957,-0.00284957,0.209418
M,-0.15475,-0.00284957,-0.00284957,-0.1576
M,8.22533e-05,-0.00284957,-0.00284957,-0.00276732
M,0.114524,0.0271667,0.0271667,0.14169
M,0.206835,-0.00284957,-0.00284957,0.203986
M,-0.3336,-0.00284957,-0.00284957,-0.336449
M,-0.206985,-0.00284957,-0.00284957,-0.209835
M,-0.341784,-0.00284957,-0.00284957,-0.344633
M,0.269766,-0.00284957,-0.00284957,0.266917
M,0.124216,-0.00284957,-0.00284957,0.121367
M,0.161659,-0.00284957,-0.00284957,0.158809
M,-0.347792,0.00827633,0.00827633,-0.339515
M,-0.269504,-0.00284957,-0.00284957,-0.272353
M,0.0734315,-0.00284957,-0.00284957,0.0705819
M,-0.00719243,-0.00284957,-0.00284957,-0.010042
M,0.114574,-0.00284957,-0.00284957,0.111724
M,-0.0107447,-0.00284957,-0.00284957,-0.0135943
M,-0.0843816,-0.00284957,-0.00284957,-0.0872312
M,0.033277,0.0101742,0.0101742,0.0434512
M,0.0260794,-0.00284957,-0.00284957,0.0232298
M,0.0213996,-0.0187475,-0.0187475,0.00265209
M,-0.52075,-0.00284957,-0.00284957,-0.523599
M,0.132332,-0.00284957,-0.00284957,0.129483
M,0.0565224,-0.00284957,-0.00284957,0.0536728
M,-0.460054,-0.00284957,-0.00284957,-0.462904
M,0.0711444,-0.00284957,-0.00284957,0.0682948
M,-0.0107211,-0.00284957,-0.00284957,-0.0135707
M,-0.102615,-0.00284957,-0.00284957,-0.105464
M,0.0927601,-0.00284957,-0.00284957,0.0899105
M,0.115111,-0.00284957,-0.00284957,0.112261
M,-0.125162,-0.00284957,-0.00284957,-0.128012
M,0.439062,-0.00284957,-0.00284957,0.436212
M,-0.243139,-0.00284957,-0.00284957,-0.245989
M,0.0889385,-0.00284957,-0.00284957,0.0860889
M,-0.308198,-0.00284957,-0.00284957,-0.311048
M,0.150589,-0.00284957,-0.00284957,0.147739
M,0.00594123,-0.00284957,-0.00284957,0.00309165
M,-0.0117116,-0.00284957,-0.00284957,-0.0145612
M,0.10659,-0.00284957,-0.00284957,0.103741
M,-0.406809,-0.00284957,-0.00284957,-0.409658
M,-0.058538,-0.00284957,-0.00284957,-0.0613875
M,-0.164942,-0.00284957,-0.00284957,-0.167792
M,-0.0866444,-0.00284957,-0.00284957,-0.089494
M,-0.35081,-0.00284957,-0.00284957,-0.353659
M,-0.389901,-0.00284957,-0.00284957,-0.39275
M,0.486717,-0.00284957,-0.00284957,0.483867
M,-0.0533959,-0.00284957,-0.00284957,-0.0562455
M,-0.174419,-0.00284957,-0.00284957,-0.177268
M,-0.148616,-0.00284957,-0.00284957,-0.151466
M,-0.392048,-0.00284957,-0.00284957,-0.394898
M,-0.160236,-0.00284957,-0.00284957,-0.163086
M,-0.165645,-0.00284957,-0.00284957,-0.168494
M,-0.153474,-0.00284957,-0.00284957,-0.156324
M,0.0110922,-0.0187475,-0.0187475,-0.00765526
M,0.106037,-0.0187475,-0.0187475,0.0872899
M,0.447888,-0.00284957,-0.00284957,0.445038
M,0.151968,-0.00284957,-0.00284957,0.149118
M,-0.123161,-0.00284957,-0.00284957,-0.12601
M,0.278751,-0.00284957,-0.00284957,0.275902
M,-0.108244,-0.00284957,-0.00284957,-0.111093
M,-0.215182,-0.00284957,-0.00284957,-0.218031
M,-0.100179,-0.00284957,-0.00284957,-0.103028
M,0.0396811,-0.00284957,-0.00284957,0.0368316
M,0.100918,-0.00284957,-0.00284957,0.0980686
M,-0.407029,-0.00284957,-0.00284957,-0.409879
M,0.0551515,-0.00284957,-0.00284957,0.052302
M,-0.151596,-0.00284957,-0.00284957,-0.154446
M,-0.0561022,-0.00284957,-0.00284957,-0.0589517
M,-0.265531,-0.00284957,-0.00284957,-0.268381
M,0.201906,-0.0187475,-0.0187475,0.183158
M,0.274176,-0.00284957,-0.00284957,0.271326
M,0.147606,-0.00284957,-0.00284957,0.144757
M,-0.0881768,-0.00284957,-0.00284957,-0.0910264
M,-0.100995,-0.00284957,-0.00284957,-0.103844
M,-0.0206957,-0.00284957,-0.00284957,-0.0235453
M,-0.0813171,-0.00284957,-0.00284957,-0.0841667
M,-0.387039,-0.00284957,-0.00284957,-0.389889
M,-0.277287,-0.00284957,-0.00284957,-0.280137
M,0.156459,0.00827633,0.00827633,0.164736
M,0.147048,-0.00284957,-0.00284957,0.144199
M,-0.488292,-0.00284957,-0.00284957,-0.491142
M,0.119908,-0.00284957,-0.00284957,0.117058
M,0.0264579,-0.00284957,-0.00284957,0.0236084
M,-0.405218,-0.00284957,-0.00284957,-0.408067
M,0.0238237,-0.00284957,-0.00284957,0.0209741
M,-0.221386,-0.00284957,-0.00284957,-0.224235
M,0.43901,-0.00284957,-0.00284957,0.43616
M,-0.112856,-0.00284957,-0.00284957,-0.115705
M,-0.0717378,-0.00284957,-0.00284957,-0.0745874
M,-0.0684638,-0.00284957,-0.00284957,-0.0713133
M,-0.113827,-0.0187475,-0.0187475,-0.132574
M,-0.308182,-0.00284957,-0.00284957,-0.311032
M,-0.0763399,-0.00284957,-0.00284957,-0.0791894
M,-0.197853,-0.00284957,-0.00284957,-0.200703
M,0.137275,-0.00284957,-0.00284957,0.134425
M,-0.286808,-0.00284957,-0.00284957,-0.289657
M,-0.371211,-0.00284957,-0.00284957,-0.37406
M,0.0165837,-0.0187475,-0.0187475,-0.00216381
M,0.0445381,-0.00284957,-0.00284957,0.0416886
M,0.0231783,-0.00284957,-0.00284957,0.0203287
M,-0.227361,-0.00284957,-0.00284957,-0.230211
M,-0.172116,-0.00284957,-0.00284957,-0.174966
M,-0.333198,-0.00284957,-0.00284957,-0.336048
M,0.0104972,-0.00284957,-0.00284957,0.00764762
M,0.447509,-0.00284957,-0.00284957,0.444659
M,0.271153,-0.00284957,-0.00284957,0.268303
M,0.0694476,-0.00284957,-0.00284957,0.066598
M,-0.41755,-0.00284957,-0.00284957,-0.420399
M,0.124071,-0.00284957,-0.00284957,0.121221
M,0.0217614,-0.00284957,-0.00284957,0.0189118
M,-0.161933,-0.00284957,-0.00284957,-0.164783
M,0.100023,-0.00284957,-0.00284957,0.0971733
M,0.0329408,-0.00284957,-0.00284957,0.0300913
M,0.123069,-0.00284957,-0.00284957,0.120219
M,0.237388,-0.0187475,-0.0187475,0.21864
M,-0.194404,-0.00284957,-0.00284957,-0.197254
M,-0.428429,-0.00284957,-0.00284957,-0.431279
M,0.097581,-0.0187475,-0.0187475,0.0788335
M,0.68618,-0.00284957,-0.00284957,0.683331
M,-0.072846,-0.00284957,-0.00284957,-0.0756956
M,0.0324783,-0.00284957,-0.00284957,0.0296287
M,-0.079556,-0.00284957,-0.00284957,-0.0824056
M,0.13442,-0.00284957,-0.00284957,0.13157
M,0.0616117,-0.00284957,-0.00284957,0.0587621
M,0.092968,-0.00284957,-0.00284957,0.0901184
M,0.147117,-0.0187475,-0.0187475,0.128369
M,-0.0323375,-0.00284957,-0.00284957,-0.035187
M,-0.260887,-0.00284957,-0.00284957,-0.263737
M,0.0847706,-0.00284957,-0.00284957,0.081921
M,-0.0348212,-0.00284957,-0.00284957,-0.0376708
M,-0.055804,-0.00284957,-0.00284957,-0.0586536
M,-0.263141,-0.00284957,-0.00284957,-0.26599
M,0.0377269,-0.00284957,-0.00284957,0.0348774
M,-0.0245118,-0.00284957,-0.00284957,-0.0273614
M,0.232652,-0.00284957,-0.00284957,0.229802
M,-0.244978,-0.00284957,-0.00284957,-0.247828
M,0.437459,-0.00284957,-0.00284957,0.434609
M,0.0135804,0.0271667,0.0271667,0.0407471
M,0.168331,0.00827633,0.00827633,0.176607
M,0.318438,-0.00284957,-0.00284957,0.315588
M,0.34658,-0.00284957,-0.00284957,0.34373
M,-0.0224965,-0.00284957,-0.00284957,-0.0253461
M,0.104445,-0.00284957,-0.00284957,0.101595
M,-0.43935,-0.00284957,-0.00284957,-0.442199
M,0.119719,-0.00284957,-0.00284957,0.116869
M,-0.0633226,-0.00284957,-0.00284957,-0.0661722
M,-0.0377616,-0.0575318,-0.0575318,-0.0952935
M,-0.145084,-0.00284957,-0.00284957,-0.147933
M,-0.0340632,-0.00284957,-0.00284957,-0.0369128
M,0.0815399,-0.00284957,-0.00284957,0.0786904
M,-0.159501,-0.00284957,-0.00284957,-0.162351
M,0.348393,-0.0187475,-0.0187475,0.329646
M,0.339587,-0.00284957,-0.00284957,0.336737
M,0.0683335,-0.00284957,-0.00284957,0.0654839
M,0.045931,0.00646543,0.00646543,0.0523964
M,0.037458,-0.00284957,-0.00284957,0.0346084
M,0.0432414,-0.00284957,-0.00284957,0.0403918
M,0.0673322,-0.00284957,-0.00284957,0.0644826
M,0.0932373,-0.00284957,-0.00284957,0.0903877
M,0.00400588,-0.00284957,-0.00284957,0.0011563
M,-0.00621776,-0.00284957,-0.00284957,-0.00906734
M,-0.0282073,-0.00284957,-0.00284957,-0.0310569
M,0.0742113,-0.00284957,-0.00284957,0.0713618
M,-0.194317,-0.00284957,-0.00284957,-0.197166
M,0.132592,-0.00284957,-0.00284957,0.129743
M,-0.197119,-0.00284957,-0.00284957,-0.199969
M,0.242355,-0.00284957,-0.00284957,0.239505
M,-0.213032,-0.00284957,-0.00284957,-0.215882
M,0.0634619,-0.0187475,-0.0187475,0.0447144
M,0.151474,-0.00284957,-0.00284957,0.148625
M,-0.237591,-0.00284957,-0.00284957,-0.240441
M,0.102689,-0.00284957,-0.00284957,0.0998391
M,-0.0742806,-0.00284957,-0.00284957,-0.0771302
M,0.151885,-0.0187475,-0.0187475,0.133137
M,0.0702454,-0.00284957,-0.00284957,0.0673958
M,-0.0781069,-0.00284957,-0.00284957,-0.0809565
M,-0.00236969,-0.00284957,-0.00284957,-0.00521926
M,0.17409,-0.00284957,-0.00284957,0.171241
M,-0.0431606,-0.00284957,-0.00284957,-0.0460102
M,0.318776,-0.00284957,-0.00284957,0.315927
M,-0.00455932,-0.0575318,-0.0575318,-0.0620912
M,0.234837,-0.0187475,-0.0187475,0.216089
M,-0.0246834,-0.00284957,-0.00284957,-0.0275329
M,0.298366,-0.00284957,-0.00284957,0.295516
M,-0.0505327,-0.00284957,-0.00284957,-0.0533823
M,0.422019,-0.00284957,-0.00284957,0.419169
M,0.299063,-0.00284957,-0.00284957,0.296213
M,-0.0144897,-0.00284957,-0.00284957,-0.0173393
M,0.029562,-0.00284957,-0.00284957,0.0267124
M,0.307348,-0.00284957,-0.00284957,0.304499
M,-0.505293,-0.00284957,-0.00284957,-0.508142
M,0.196179,-0.00284957,-0.00284957,0.19333
M,0.298895,-0.00284957,-0.00284957,0.296045
M,-0.325416,-0.0187475,-0.0187475,-0.344164
M,0.461691,-0.00284957,-0.00284957,0.458841
M,-0.0138845,-0.00284957,-0.00284957,-0.0167341
M,-0.117817,-0.00284957,-0.00284957,-0.120667
M,-0.23283,-0.00284957,-0.00284957,-0.23568
M,0.032659,-0.00284957,-0.00284957,0.0298094
M,0.0750352,-0.00284957,-0.00284957,0.0721856
M,0.270815,-0.00284957,-0.00284957,0.267965
M,-0.455072,-0.00284957,-0.00284957,-0.457922
M,0.238374,-0.00284957,-0.00284957,0.235524
M,0.14232,-0.00284957,-0.00284957,0.13947
M,-0.231006,-0.00284957,-0.00284957,-0.233856
M,0.0948846,-0.00284957,-0.00284957,0.092035
M,-0.0724574,-0.00284957,-0.00284957,-0.075307
M,0.268282,-0.00284957,-0.00284957,0.265433
M,-0.0260214,-0.00284957,-0.00284957,-0.028871
M,-0.0828994,-0.00284957,-0.00284957,-0.0857489
M,-0.454093,-0.00284957,-0.00284957,-0.456943
M,0.0321428,-0.00284957,-0.00284957,0.0292933
M,0.30027,-0.00284957,-0.00284957,0.297421
M,0.022865,-0.00284957,-0.00284957,0.0200154
M,0.11466,-0.00284957,-0.00284957,0.111811
M,0.076446,-0.00284957,-0.00284957,0.0735964
M,0.236157,-0.00284957,-0.00284957,0.233307
M,-0.273709,-0.00284957,-0.00284957,-0.276558
M,-0.0207185,-0.00284957,-0.00284957,-0.0235681
M,0.577165,-0.0187475,-0.0187475,0.558417
M,-0.376449,-0.00284957,-0.00284957,-0.379299
M,-0.0946059,0.0101742,0.0101742,-0.0844317
M,-0.132932,-0.00284957,-0.00284957,-0.135782
M,0.0793985,-0.00284957,-0.00284957,0.0765489
M,-0.296504,-0.00284957,-0.00284957,-0.299354
M,0.118543,-0.00284957,-0.00284957,0.115693
M,-0.31609,-0.00284957,-0.00284957,-0.31894
M,-0.252824,-0.00284957,-0.00284957,-0.255673
M,0.382005,-0.0187475,-0.0187475,0.363257
M,-0.0248447,-0.00284957,-0.00284957,-0.0276943
M,0.170239,-0.00284957,-0.00284957,0.167389
M,-0.0391793,-0.00284957,-0.00284957,-0.0420289
M,0.355059,-0.00284957,-0.00284957,0.35221
M,-0.0931988,-0.00284957,-0.00284957,-0.0960483
M,0.123426,-0.00284957,-0.00284957,0.120577
M,0.229063,0.00827633,0.00827633,0.237339
M,0.3186,-0.00284957,-0.00284957,0.31575
M,0.0844581,-0.00284957,-0.00284957,0.0816086
M,0.110649,-0.00284957,-0.00284957,0.107799
M,-0.260072,-0.00284957,-0.00284957,-0.262921
M,0.149478,-0.00284957,-0.00284957,0.146629
M,0.01993,-0.00284957,-0.00284957,0.0170804
M,0.330133,-0.00284957,-0.00284957,0.327283
M,-0.0283788,-0.00284957,-0.00284957,-0.0312284
M,0.0281204,-0.00284957,-0.00284957,0.0252708
M,-0.304229,-0.00284957,-0.00284957,-0.307078
M,0.140858,-0.00284957,-0.00284957,0.138009
M,0.0361221,-0.00284957,-0.00284957,0.0332726
M,-0.171542,-0.00284957,-0.00284957,-0.174392
M,0.043578,-0.00284957,-0.00284957,0.0407285
M,-0.0924999,0.0101742,0.0101742,-0.0823256
M,-0.2247,-0.00284957,-0.00284957,-0.22755
M,-0.0633597,-0.00284957,-0.00284957,-0.0662093
M,0.28815,-0.00284957,-0.00284957,0.2853
M,0.268799,-0.00284957,-0.00284957,0.26595
M,-0.230719,-0.00284957,-0.00284957,-0.233568
M,0.235614,-0.00284957,-0.00284957,0.232765
M,-0.0340783,-0.0187475,-0.0187475,-0.0528258
M,-0.254429,-0.00284957,-0.00284957,-0.257279
M,-0.0808969,-0.0187475,-0.0187475,-0.0996444
M,-0.208049,-0.0187475,-0.0187475,-0.226797
M,-0.31891,-0.00284957,-0.00284957,-0.321759
M,0.0594354,-0.00284957,-0.00284957,0.0565858
M,0.235777,-0.00284957,-0.00284957,0.232928
M,-0.0118161,-0.00284957,-0.00284957,-0.0146657
M,-0.198789,-0.00284957,-0.00284957,-0.201638
M,-0.220859,-0.00284957,-0.00284957,-0.223708
M,-0.343332,-0.00284957,-0.00284957,-0.346182
M,0.263808,-0.00284957,-0.00284957,0.260958
M,0.0611425,-0.00284957,-0.00284957,0.0582929
M,-0.259539,-0.00284957,-0.00284957,-0.262389
M,0.198383,-0.00284957,-0.00284957,0.195533
M,-0.232347,-0.00284957,-0.00284957,-0.235197
M,0.0746438,-0.00284957,-0.00284957,0.0717942
M,-0.129424,-0.00284957,-0.00284957,-0.132274
M,-0.280792,-0.00284957,-0.00284957,-0.283642
M,0.189028,0.0101742,0.0101742,0.199202
M,-0.0191788,-0.00284957,-0.00284957,-0.0220284
M,0.0806005,-0.00284957,-0.00284957,0.0777509
M,-0.091434,-0.00284957,-0.00284957,-0.0942836
M,0.0168702,-0.0187475,-0.0187475,-0.00187733
M,-0.00293207,-0.00284957,-0.00284957,-0.00578164
M,-0.15166,-0.00284957,-0.00284957,-0.15451
M,0.185537,-0.00284957,-0.00284957,0.182687
M,-0.0222676,-0.00284957,-0.00284957,-0.0251172
M,0.307052,-0.00284957,-0.00284957,0.304202
M,-0.0254902,-0.00284957,-0.00284957,-0.0283398
M,-0.431255,-0.00284957,-0.00284957,-0.434105
M,0.0192099,-0.00284957,-0.00284957,0.0163603
M,-0.106967,-0.00284957,-0.00284957,-0.109817
M,-0.0140865,-0.00284957,-0.00284957,-0.0169361
M,-0.0756399,-0.00284957,-0.00284957,-0.0784894
M,-0.271496,-0.00284957,-0.00284957,-0.274346
M,-0.18671,-0.00284957,-0.00284957,-0.18956
M,0.358403,-0.00284957,-0.00284957,0.355554
M,-0.268656,-0.00284957,-0.00284957,-0.271505
M,-0.219583,-0.00284957,-0.00284957,-0.222433
M,0.189872,-0.00284957,-0.00284957,0.187023
M,-0.212891,-0.00284957,-0.00284957,-0.215741
M,-0.23012,-0.00284957,-0.00284957,-0.232969
M,0.0727855,-0.00284957,-0.00284957,0.0699359
M,0.110328,-0.00284957,-0.00284957,0.107478
M,-0.431596,-0.00284957,-0.00284957,-0.434445
M,0.072519,-0.00284957,-0.00284957,0.0696694
M,0.325987,-0.00284957,-0.00284957,0.323137
M,-0.395842,-0.00284957,-0.00284957,-0.398692
M,-0.0347162,-0.00284957,-0.00284957,-0.0375658
M,-0.145137,-0.00284957,-0.00284957,-0.147986
M,-0.615414,-0.00284957,-0.00284957,-0.618263
M,0.141499,-0.00284957,-0.00284957,0.138649
M,0.0877746,-0.00284957,-0.00284957,0.084925
M,0.333418,-0.00284957,-0.00284957,0.330569
M,0.22446,-0.00284957,-0.00284957,0.221611
M,0.236917,-0.00284957,-0.00284957,0.234068
M,0.0105257,-0.00284957,-0.00284957,0.00767615
M,0.413425,-0.00284957,-0.00284957,0.410575
M,0.268714,-0.0187475,-0.0187475,0.249966
M,0.261717,-0.00284957,-0.00284957,0.258868
M,-0.167498,-0.00284957,-0.00284957,-0.170348
M,-0.0120306,-0.00284957,-0.00284957,-0.0148802
M,-0.0416307,-0.00284957,-0.00284957,-0.0444803
M,-0.0245077,-0.00284957,-0.00284957,-0.0273573
M,-0.347748,-0.00284957,-0.00284957,-0.350597
M,0.0295387,-0.00284957,-0.00284957,0.0266891
M,-0.107555,-0.00284957,-0.00284957,-0.110404
M,-0.0444319,-0.00284957,-0.00284957,-0.0472815
M,-0.101635,-0.00284957,-0.00284957,-0.104484
M,-0.199142,-0.00284957,-0.00284957,-0.201991
M,-0.195943,-0.00284957,-0.00284957,-0.198792
M,0.139703,-0.00284957,-0.00284957,0.136854
M,-0.153693,-0.00284957,-0.00284957,-0.156543
M,-0.00688237,-0.00284957,-0.00284957,-0.00973194
M,-0.0344978,-0.00284957,-0.00284957,-0.0373474
M,-0.150859,-0.0187475,-0.0187475,-0.169606
M,-0.0826131,-0.00284957,-0.00284957,-0.0854627
M,-0.209949,-0.00284957,-0.00284957,-0.212799
M,0.309187,-0.00284957,-0.00284957,0.306337
M,-0.180988,-0.00284957,-0.00284957,-0.183838
M,-0.178556,-0.00284957,-0.00284957,-0.181405
M,0.413517,-0.00284957,-0.00284957,0.410667
M,-0.436445,-0.00284957,-0.00284957,-0.439294
M,0.326046,0.0101742,0.0101742,0.33622
M,-0.411183,-0.00284957,-0.00284957,-0.414033
M,0.0331943,-0.00284957,-0.00284957,0.0303447
M,0.0951734,-0.00284957,-0.00284957,0.0923239
M,-0.2165,-0.0187475,-0.0187475,-0.235248
M,-0.183103,-0.00284957,-0.00284957,-0.185953
M,-0.119888,-0.00284957,-0.00284957,-0.122738
M,0.205096,-0.00284957,-0.00284957,0.202247
M,-0.306026,-0.00284957,-0.00284957,-0.308875
M,0.119086,-0.00284957,-0.00284957,0.116236
M,0.327285,-0.00284957,-0.00284957,0.324435
M,0.0549703,-0.00284957,-0.00284957,0.0521207
M,-0.0677701,-0.00284957,-0.00284957,-0.0706197
M,0.0475788,-0.00284957,-0.00284957,0.0447292
M,-0.225197,-0.00284957,-0.00284957,-0.228046
M,-0.0873155,-0.00284957,-0.00284957,-0.0901651
M,-0.343603,-0.00284957,-0.00284957,-0.346453
M,0.309313,-0.00284957,-0.00284957,0.306464
M,0.0822151,-0.00284957,-0.00284957,0.0793655
M,0.387756,-0.00284957,-0.00284957,0.384907
M,0.163303,-0.00284957,-0.00284957,0.160453
M,0.533268,-0.0187475,-0.0187475,0.51452
M,0.576333,-0.00284957,-0.00284957,0.573483
M,0.331474,-0.00284957,-0.00284957,0.328625
M,0.305963,-0.00284957,-0.00284957,0.303114
M,-0.0774526,-0.00284957,-0.00284957,-0.0803022
M,0.0288925,-0.00284957,-0.00284957,0.0260429
M,0.0913236,-0.00284957,-0.00284957,0.088474
M,0.166846,-0.00284957,-0.00284957,0.163997
M,0.299992,-0.00284957,-0.00284957,0.297142
M,-0.046538,-0.00284957,-0.00284957,-0.0493876
M,0.0530832,-0.00284957,-0.00284957,0.0502336
M,-0.364683,-0.00284957,-0.00284957,-0.367533
M,0.231019,-0.00284957,-0.00284957,0.22817
M,0.167495,-0.00284957,-0.00284957,0.164646
M,0.136785,-0.00284957,-0.00284957,0.133935
M,-0.15958,-0.00284957,-0.00284957,-0.162429
M,-0.0436897,-0.00284957,-0.00284957,-0.0465392
M,0.0205616,-0.00284957,-0.00284957,0.017712
M,-0.201719,-0.00284957,-0.00284957,-0.204569
M,-0.407183,-0.00284957,-0.00284957,-0.410032
M,-0.151253,-0.00284957,-0.00284957,-0.154102
M,0.214366,-0.0187475,-0.0187475,0.195618
M,0.322696,-0.00284957,-0.00284957,0.319847
M,0.161653,-0.00284957,-0.00284957,0.158803
M,-0.0830346,-0.00284957,-0.00284957,-0.0858841
M,0.174901,0.0101742,0.0101742,0.185076
M,0.119431,-0.00284957,-0.00284957,0.116581
M,-0.200239,-0.00284957,-0.00284957,-0.203088
M,0.00300876,-0.00284957,-0.00284957,0.000159189
M,-0.344807,-0.00284957,-0.00284957,-0.347657
M,-0.158445,-0.00284957,-0.00284957,-0.161294
M,0.0525514,-0.00284957,-0.00284957,0.0497018
M,0.200257,0.00646543,0.00646543,0.206723
M,0.0275692,-0.00284957,-0.00284957,0.0247196
M,0.130487,-0.00284957,-0.00284957,0.127638
M,0.283763,-0.00284957,-0.00284957,0.280913
M,-0.143309,-0.00284957,-0.00284957,-0.146159
M,0.3071,-0.00284957,-0.00284957,0.304251
M,0.195063,-0.00284957,-0.00284957,0.192213
M,-0.269515,-0.00284957,-0.00284957,-0.272364
M,-0.421614,-0.00284957,-0.00284957,-0.424463
M,-0.302804,-0.00284957,-0.00284957,-0.305654
M,-0.00408785,-0.00284957,-0.00284957,-0.00693743
M,0.0699416,-0.00284957,-0.00284957,0.067092
M,0.0369194,-0.00284957,-0.00284957,0.0340698
M,0.33174,-0.00284957,-0.00284957,0.32889
M,0.167119,-0.00284957,-0.00284957,0.16427
M,-0.285104,-0.00284957,-0.00284957,-0.287954
M,-0.126506,-0.00284957,-0.00284957,-0.129355
M,-0.268846,-0.00284957,-0.00284957,-0.271695
M,-0.200604,-0.0187475,-0.0187475,-0.219352
M,-0.13391,-0.00284957,-0.00284957,-0.13676
M,-0.0318266,-0.00284957,-0.00284957,-0.0346762
M,0.112647,-0.00284957,-0.00284957,0.109797
M,0.083313,-0.00284957,-0.00284957,0.0804634
M,-0.159114,-0.00284957,-0.00284957,-0.161964
M,0.40266,-0.00284957,-0.00284957,0.399811
M,0.0860521,-0.0187475,-0.0187475,0.0673046
M,-0.0234184,-0.00284957,-0.00284957,-0.026268
M,0.499492,-0.00284957,-0.00284957,0.496642
M,0.251389,-0.00284957,-0.00284957,0.24854
M,-0.0475342,-0.00284957,-0.00284957,-0.0503838
M,-0.346079,-0.00284957,-0.00284957,-0.348928
M,0.107808,-0.00284957,-0.00284957,0.104959
M,-0.232882,-0.00284957,-0.00284957,-0.235731
M,0.271693,-0.00284957,-0.00284957,0.268843
M,-0.11292,-0.00284957,-0.00284957,-0.11577
M,0.086051,-0.00284957,-0.00284957,0.0832014
M,-0.231331,-0.00284957,-0.00284957,-0.234181
M,0.241126,-0.00284957,-0.00284957,0.238276
M,0.098949,-0.00284957,-0.00284957,0.0960994
M,-0.222691,0.0101742,0.0101742,-0.212517
M,-0.381837,-0.00284957,-0.00284957,-0.384687
M,-0.0114421,-0.00284957,-0.00284957,-0.0142916
M,0.0945028,-0.00284957,-0.00284957,0.0916532
M,0.058751,-0.00284957,-0.00284957,0.0559014
M,0.0573061,-0.00284957,-0.00284957,0.0544566
M,-0.476028,-0.00284957,-0.00284957,-0.478877
M,0.408883,-0.00284957,-0.00284957,0.406034
M,-0.299368,-0.00284957,-0.00284957,-0.302218
M,0.0461861,-0.00284957,-0.00284957,0.0433365
M,-0.023327,-0.00284957,-0.00284957,-0.0261766
M,-0.241131,-0.00284957,-0.00284957,-0.243981
M,0.176996,0.00646543,0.00646543,0.183462
M,-0.0682776,-0.00284957,-0.00284957,-0.0711271
M,-0.0995065,-0.00284957,-0.00284957,-0.102356
M,0.491179,-0.00284957,-0.00284957,0.488329
M,0.0110479,-0.00284957,-0.00284957,0.00819832
M,0.130425,-0.00284957,-0.00284957,0.127576
M,0.124095,-0.00284957,-0.00284957,0.121245
M,0.147725,-0.00284957,-0.00284957,0.144875
M,0.15894,-0.00284957,-0.00284957,0.15609
M,0.129571,-0.00284957,-0.00284957,0.126721
M,-0.116379,-0.00284957,-0.00284957,-0.119229
M,0.0247746,-0.00284957,-0.00284957,0.021925
M,-0.0366202,-0.00284957,-0.00284957,-0.0394697
M,0.096067,-0.0187475,-0.0187475,0.0773195
M,-0.0157962,-0.00284957,-0.00284957,-0.0186458
M,0.192985,-0.00284957,-0.00284957,0.190135
M,0.0346706,-0.00284957,-0.00284957,0.031821
M,-0.0187083,-0.00284957,-0.00284957,-0.0215579
M,0.089477,-0.00284957,-0.00284957,0.0866274
M,-0.0746855,-0.00284957,-0.00284957,-0.0775351
M,0.0925561,-0.00284957,-0.00284957,0.0897065
M,0.162213,-0.00284957,-0.00284957,0.159364
M,0.0277263,-0.00284957,-0.00284957,0.0248767
M,0.00889385,-0.00284957,-0.00284957,0.00604428
M,-0.14932,-0.00284957,-0.00284957,-0.152169
M,0.045989,-0.00284957,-0.00284957,0.0431395
M,-0.421876,-0.00284957,-0.00284957,-0.424725
M,0.0383851,-0.00284957,-0.00284957,0.0355355
M,0.227234,-0.00284957,-0.00284957,0.224385
M,-0.253455,-0.00284957,-0.00284957,-0.256304
M,0.0305074,-0.00284957,-0.00284957,0.0276579
M,-0.0784547,-0.00284957,-0.00284957,-0.0813043
M,0.492709,-0.00284957,-0.00284957,0.489859
M,0.404798,-0.00284957,-0.00284957,0.401948
M,0.0814853,-0.00284957,-0.00284957,0.0786358
M,0.450399,-0.00284957,-0.00284957,0.447549
M,-0.134591,-0.00284957,-0.00284957,-0.137441
M,-0.366181,-0.00284957,-0.00284957,-0.369031
M,-0.123639,-0.00284957,-0.00284957,-0.126489
M,0.16073,-0.0187475,-0.0187475,0.141982
M,0.0467364,-0.00284957,-0.00284957,0.0438868
M,-0.122728,-0.00284957,-0.00284957,-0.125578
M,0.338881,-0.00284957,-0.00284957,0.336032
M,-0.140893,-0.00284957,-0.00284957,-0.143742
M,-0.129152,-0.00284957,-0.00284957,-0.132002
M,-0.085747,-0.00284957,-0.00284957,-0.0885966
M,0.0529416,-0.00284957,-0.00284957,0.0500921
M,-0.0672021,-0.00284957,-0.00284957,-0.0700517
M,0.106663,-0.00284957,-0.00284957,0.103813
M,0.50642,-0.00284957,-0.00284957,0.503571
M,-0.119436,0.0101742,0.0101742,-0.109262
M,-0.239268,0.00827633,0.00827633,-0.230992
M,0.200184,-0.00284957,-0.00284957,0.197334
M,-0.101684,-0.00284957,-0.00284957,-0.104534
M,0.189613,-0.00284957,-0.00284957,0.186763
M,-0.0862553,-0.00284957,-0.00284957,-0.0891048
M,-0.147804,-0.00284957,-0.00284957,-0.150654
M,0.338163,-0.0187475,-0.0187475,0.319415
M,-0.513206,0.0101742,0.0101742,-0.503032
M,0.146785,-0.00284957,-0.00284957,0.143936
M,0.356457,-0.00284957,-0.00284957,0.353607
M,0.199705,-0.00284957,-0.00284957,0.196855
M,-0.239718,-0.00284957,-0.00284957,-0.242567
M,0.190636,-0.00284957,-0.00284957,0.187786
M,0.230968,-0.00284957,-0.00284957,0.228118
M,-0.309628,-0.00284957,-0.00284957,-0.312478
M,-0.0813923,-0.00284957,-0.00284957,-0.0842419
M,-0.439009,-0.00284957,-0.00284957,-0.441859
M,-0.0520132,-0.00284957,-0.00284957,-0.0548627
M,0.224864,-0.00284957,-0.00284957,0.222015
M,0.335109,-0.00284957,-0.00284957,0.332259
M,0.0185535,-0.00284957,-0.00284957,0.0157039
M,-0.313404,-0.00284957,-0.00284957,-0.316253
M,0.154423,-0.00284957,-0.00284957,0.151573
M,-0.301536,-0.00284957,-0.00284957,-0.304385
M,0.0967479,-0.00284957,-0.00284957,0.0938984
M,-0.500001,-0.00284957,-0.00284957,-0.502851
M,0.155843,-0.00284957,-0.00284957,0.152994
M,-0.292261,0.0271667,0.0271667,-0.265095
M,0.114642,-0.00284957,-0.00284957,0.111792
M,0.0741015,-0.00284957,-0.00284957,0.071252
M,-0.188832,-0.00284957,-0.00284957,-0.191681
M,-0.184508,-0.00284957,-0.00284957,-0.187358
M,-0.12621,-0.00284957,-0.00284957,-0.129059
M,0.407997,-0.00284957,-0.00284957,0.405148
M,-0.115502,-0.00284957,-0.00284957,-0.118352
M,-0.557941,-0.00284957,-0.00284957,-0.56079
M,0.0652928,-0.0187475,-0.0187475,0.0465453
M,0.190965,-0.00284957,-0.00284957,0.188116
M,0.0157262,-0.00284957,-0.00284957,0.0128767
M,0.0673516,-0.00284957,-0.00284957,0.064502
M,0.127682,-0.00284957,-0.00284957,0.124832
M,-0.123041,-0.00284957,-0.00284957,-0.12589
M,0.0180515,-0.00284957,-0.00284957,0.0152019
M,0.36105,-0.00284957,-0.00284957,0.3582
M,0.0296552,-0.00284957,-0.00284957,0.0268056
M,-0.272307,-0.00284957,-0.00284957,-0.275157
M,0.0784822,-0.00284957,-0.00284957,0.0756326
M,-0.0817924,-0.00284957,-0.00284957,-0.0846419
M,-0.29396,-0.00284957,-0.00284957,-0.29681
M,-0.396024,-0.00284957,-0.00284957,-0.398873
M,0.292094,-0.00284957,-0.00284957,0.289244
M,-0.30616,-0.00284957,-0.00284957,-0.30901
M,0.00675482,-0.00284957,-0.00284957,0.00390524
M,0.251571,-0.00284957,-0.00284957,0.248722
M,0.147319,-0.00284957,-0.00284957,0.144469
M,0.307731,-0.00284957,-0.00284957,0.304881
M,0.178608,-0.00284957,-0.00284957,0.175758
M,-0.0383238,-0.00284957,-0.00284957,-0.0411734
M,0.34228,-0.00284957,-0.00284957,0.33943
M,-0.24635,-0.00284957,-0.00284957,-0.2492
M,-0.304667,-0.00284957,-0.00284957,-0.307516
M,0.020106,-0.00284957,-0.00284957,0.0172564
M,0.0644901,-0.00284957,-0.00284957,0.0616406
M,-0.137912,-0.00284957,-0.00284957,-0.140762
M,0.188928,-0.00284957,-0.00284957,0.186078
M,-0.0431827,-0.00284957,-0.00284957,-0.0460323
M,0.258405,-0.00284957,-0.00284957,0.255555
M,0.0882709,-0.00284957,-0.00284957,0.0854214
M,-0.00565171,-0.00284957,-0.00284957,-0.00850128
M,0.188702,-0.00284957,-0.00284957,0.185853
M,-0.150334,0.0271667,0.0271667,-0.123167
M,-0.158223,-0.00284957,-0.00284957,-0.161073
M,-0.20237,-0.0187475,-0.0187475,-0.221118
M,-0.44835,-0.0187475,-0.0187475,-0.467097
M,0.00679691,-0.00284957,-0.00284957,0.00394734
M,0.174386,-0.00284957,-0.00284957,0.171536
M,-0.0634634,-0.00284957,-0.00284957,-0.066313
M,0.512649,-0.00284957,-0.00284957,0.509799
M,0.0267715,-0.00284957,-0.00284957,0.0239219
M,-0.14204,-0.00284957,-0.00284957,-0.14489
M,-0.0993028,-0.00284957,-0.00284957,-0.102152
M,0.242974,-0.00284957,-0.00284957,0.240125
M,-0.0858923,-0.00284957,-0.00284957,-0.0887419
M,-0.103552,-0.00284957,-0.00284957,-0.106401
M,0.0332654,-0.00284957,-0.00284957,0.0304158
M,0.127152,-0.00284957,-0.00284957,0.124302
M,0.087963,-0.00284957,-0.00284957,0.0851134
M,-0.287306,-0.00284957,-0.00284957,-0.290155
M,0.227736,-0.00284957,-0.00284957,0.224887
M,0.332169,-0.00284957,-0.00284957,0.329319
M,-0.107953,-0.00284957,-0.00284957,-0.110803
M,0.343222,-0.00284957,-0.00284957,0.340372
M,0.449421,-0.00284957,-0.00284957,0.446572
M,0.274514,-0.00284957,-0.00284957,0.271664
M,0.0397108,-0.00284957,-0.00284957,0.0368612
M,0.282403,-0.00284957,-0.00284957,0.279553
M,-0.102811,-0.00284957,-0.00284957,-0.10566
M,-0.102384,-0.00284957,-0.00284957,-0.105234
M,-0.0500288,-0.00284957,-0.00284957,-0.0528783
M,0.480724,-0.00284957,-0.00284957,0.477874
M,0.217621,-0.0187475,-0.0187475,0.198873
M,0.14603,-0.00284957,-0.00284957,0.143181
M,-0.0739942,-0.00284957,-0.00284957,-0.0768438
M,0.055504,-0.00284957,-0.00284957,0.0526545
M,0.0170337,-0.00284957,-0.00284957,0.0141841
M,0.456279,-0.00284957,-0.00284957,0.45343
M,-0.0758425,-0.00284957,-0.00284957,-0.0786921
M,0.152985,-0.00284957,-0.00284957,0.150135
M,-0.168218,-0.00284957,-0.00284957,-0.171068
M,0.0341787,-0.00284957,-0.00284957,0.0313292
M,0.098769,-0.00284957,-0.00284957,0.0959195
M,0.0927801,-0.00284957,-0.00284957,0.0899305
M,-0.341613,-0.00284957,-0.00284957,-0.344462
M,0.0344311,-0.00284957,-0.00284957,0.0315815
M,-0.312059,-0.00284957,-0.00284957,-0.314908
M,-0.132454,-0.00284957,-0.00284957,-0.135304
M,-0.0232485,-0.0187475,-0.0187475,-0.041996
M,-0.321638,-0.00284957,-0.00284957,-0.324488
M,0.33421,-0.00284957,-0.00284957,0.33136
M,-0.160904,-0.00284957,-0.00284957,-0.163753
M,-0.391744,-0.00284957,-0.00284957,-0.394594
M,0.012378,-0.00284957,-0.00284957,0.00952843
M,-0.100902,-0.00284957,-0.00284957,-0.103752
M,0.320784,-0.00284957,-0.00284957,0.317934
M,0.218406,-0.00284957,-0.00284957,0.215556
M,0.182922,-0.00284957,-0.00284957,0.180072
M,-0.165154,-0.00284957,-0.00284957,-0.168004
M,-0.0802664,-0.00284957,-0.00284957,-0.083116
M,-0.140345,-0.00284957,-0.00284957,-0.143194
M,0.174749,-0.00284957,-0.00284957,0.1719
M,0.187379,-0.00284957,-0.00284957,0.184529
M,-0.118295,-0.00284957,-0.00284957,-0.121145
M,-0.104699,-0.00284957,-0.00284957,-0.107548
M,-0.0331437,-0.00284957,-0.00284957,-0.0359933
M,0.0417517,-0.00284957,-0.00284957,0.0389021
M,-0.336056,-0.00284957,-0.00284957,-0.338906
M,-0.0268709,-0.00284957,-0.00284957,-0.0297205
M,0.358782,-0.00284957,-0.00284957,0.355932
M,-0.074755,0.0101742,0.0101742,-0.0645808
M,0.187367,-0.00284957,-0.00284957,0.184518
M,-0.0628041,-0.00284957,-0.00284957,-0.0656537
M,-0.384188,-0.00284957,-0.00284957,-0.387038
M,0.142925,-0.00284957,-0.00284957,0.140075
M,0.314147,-0.00284957,-0.00284957,0.311298
M,0.271436,0.00646543,0.00646543,0.277901
M,-0.0369162,-0.00284957,-0.00284957,-0.0397658
