id,freq,e_f,e_m,type
19866639,0.0019,0.001755,-0.0107889,m1
15310017,1.0,0.0347874,0.0443679,m1
19590336,0.0647,0.0232822,0.013611,m1
19881952,0.0027,-0.00845015,0.0219762,m1
19784290,0.0139,0.0222619,0.0473767,m1
19890081,0.0036,-0.00505351,0.0010354,m1
19889076,0.0004,-0.0268432,-0.0233981,m1
7471411,1.0,-0.00254423,-0.0210687,m1
19872493,0.0024,-0.0392764,-0.0487223,m1
9332806,1.0,0.00327431,0.0141523,m1
19894531,0.0001,0.0126697,0.0413152,m1
13175414,1.0,0.0204646,0.0301258,m1
8774639,1.0,-0.0251953,-0.0146877,m1
19828882,0.0015,0.0412817,0.0501576,m1
19894493,5.0e-05,-0.0522144,-0.0237393,m2
19885606,0.00285,-0.0159519,-0.00938045,m2
19878103,0.00405,-0.0341519,-0.0805589,m2
19893683,0.00015,-0.0776036,-0.0314587,m2
19894670,5.0e-05,-0.021043,-0.0154977,m2
19894669,5.0e-05,-0.0540664,-0.06643,m2
19865225,0.0019,-0.0514889,-0.0649243,m2
19893486,5.0e-05,0.048893,0.0124025,m2
19658342,0.00225,-0.013872,0.0202032,m2
10750906,1.0,-0.00020952,0.0115386,m2
19890137,0.0014,-0.0336218,-0.0480214,m2
19861157,0.00175,-0.0192558,0.00459561,m2
19845534,0.0065,-0.0134612,-0.00979166,m2
19881605,0.0001,0.0257203,0.0915987,m2
19876862,0.00175,-0.000857457,-0.0665755,m2
19857909,0.0096,0.119755,0.0633009,m2
19894668,5.0e-05,0.0551544,0.0502876,m2
19893484,0.0001,0.06051,0.0499985,m2
19834369,0.00285,-0.0624107,-0.104295,m2
19894667,5.0e-05,-0.0593611,-0.0619996,m2
19889736,0.00225,-0.00367927,-0.00469007,m2
18782904,0.01975,0.00312976,-0.00437487,m2
3386789,1.0,-0.00592228,-0.00592365,m2
19876492,0.00105,0.170324,0.138271,m2
19854348,0.0088,-0.0849926,-0.0806502,m2
19893115,0.00065,-0.0585624,-0.0532153,m2
19893681,0.0003,-0.0219133,-0.0202947,m2
19892694,0.00015,-0.0252677,-0.0261723,m2
19863069,0.00075,0.0191767,-0.0023588,m2
19894489,5.0e-05,-0.0662134,-0.0605075,m2
19821155,0.01525,-0.021336,-0.0196692,m2
18983781,0.04065,-0.013261,0.0198089,m2
19892288,0.0002,-0.0517988,-0.0393877,m2
19894317,5.0e-05,-0.0252354,-0.0215507,m2
19889735,0.00135,-0.0031651,-0.0085439,m2
4090202,1.0,0.00507491,-0.0024422,m2
14176386,0.06145,-0.019671,0.0036717,m2
7733827,1.0,0.00977573,0.0133093,m2
19892481,0.0002,0.0460201,0.0548577,m2
19803249,0.0009,-0.0413432,-0.0519581,m2
19892084,0.0003,-0.035697,-0.05414,m2
19807338,0.00365,-0.0437482,-0.0693298,m2
19838413,0.0022,0.0223144,-0.0170727,m2
19893300,0.0001,-0.0292649,-0.0770879,m2
17029651,0.2966,0.00433452,0.0123145,m2
19823541,0.00965,-0.0411928,-0.00987069,m2
19865037,0.00285,0.00313241,0.038818,m2
19893882,0.00025,-0.0192012,-0.0260291,m2
19792185,0.0025,-0.00490853,0.000285468,m2
19847733,0.0008,0.0202133,0.0209651,m2
19894666,5.0e-05,-0.0697229,-0.0597437,m2
19894665,5.0e-05,-0.10974,-0.0768226,m2
19892480,0.0007,0.0554319,0.0383454,m2
19772735,0.00565,-0.029715,-0.0249596,m2
19328880,0.0588,-0.00436551,0.0196832,m2
1886461,1.0,0.0277568,0.0134903,m2
19889532,0.00205,-0.00080545,-0.0226586,m2
622323,1.0,0.00502578,0.0322761,m2
19894087,5.0e-05,0.00547274,-0.0329998,m2
19783956,0.00955,0.0361967,0.0385858,m2
18928075,0.0182,-0.00320562,-0.0122468,m2
19784536,0.01565,-0.0100156,0.026083,m2
19873054,0.0023,-0.0422773,-0.0416989,m2
19805008,0.02175,-0.0261574,-0.0506825,m2
19894086,0.0002,0.135259,0.1237,m2
19894664,5.0e-05,-0.0283497,-0.0185805,m2
11894237,1.0,-0.00193165,0.000408887,m2
19891318,0.0006,-0.0150582,-0.00700409,m2
19670484,0.01565,-0.00220816,-0.0300674,m2
18950629,0.03545,-0.00430624,-0.0176107,m2
19893297,5.0e-05,-0.0313771,-0.045581,m2
19893296,0.00015,0.0102047,0.00814016,m2
19887584,0.00085,-0.0514559,-0.0562898,m2
1708287,1.0,-0.0115047,-0.0227042,m2
19893108,0.0002,0.0369567,0.0213774,m2
19038758,0.073,-0.00920521,0.0240625,m2
19646578,0.0262,-0.0153581,0.00228732,m2
19893879,0.00025,-0.0859438,-0.0591674,m2
19004113,0.0554,-0.013467,0.0130173,m2
19894663,5.0e-05,0.0154213,0.0194325,m2
19321782,0.07265,0.00945268,0.0264044,m2
9174467,0.08555,-0.000536547,0.00885037,m2
19892906,0.0019,-0.0504287,-0.0810477,m2
19886373,0.0011,-0.000672236,0.0183597,m2
19632306,0.0349,-0.0148177,-0.0259647,m2
18956828,0.08555,-0.000361466,0.0160653,m2
19891507,0.00025,0.0930968,0.0754243,m2
19883469,0.0024,-0.0182595,-0.0157596,m2
19750481,0.00785,-0.00579771,-0.00198068,m2
19698204,0.0315,0.0211394,0.0451302,m2
19863475,0.0004,-0.045084,-0.0188338,m2
19893107,0.0003,-0.0286695,-0.0395921,m2
19893295,0.00015,0.0722799,0.0433361,m2
18731888,0.1366,0.0194967,-0.00429963,m2
19759947,0.0151,-0.0463687,-0.0473358,m2
19870811,0.00595,-0.0189091,-0.0558764,m2
19891707,0.0002,0.0658478,0.064507,m2
19696410,0.01415,0.063276,0.0658166,m2
19833593,0.0045,0.000891037,0.0347314,m2
19848511,0.01225,-0.0304236,-0.0249949,m2
19894085,0.0002,-0.027662,0.0170996,m2
19724256,0.01655,-0.00600034,0.00272744,m2
9787324,1.0,0.030385,0.0106441,m2
19894084,5.0e-05,0.0526663,0.0231551,m2
19894662,5.0e-05,-0.027975,-0.0230407,m2
19840988,0.0064,-0.00989272,-0.0422649,m2
19813091,0.0215,0.0403476,0.0200976,m2
19893677,0.00015,-0.0333159,-0.0382464,m2
19893293,0.00025,-0.0530218,-0.0367437,m2
19892689,0.0001,-0.00691828,-0.0302114,m2
19854340,0.00165,0.00307474,-0.00752002,m2
19877677,0.0006,0.0164365,0.0220183,m2
19890723,0.00055,0.00093986,-0.00726569,m2
19868011,5.0e-05,-0.00897437,-0.0149216,m2
19465223,0.0286,0.023994,0.041296,m2
7329986,1.0,0.00262906,-0.00467908,m2
19715052,0.0083,-0.0112261,-0.0211107,m2
19829030,0.01015,0.0162901,-0.0243868,m2
19891703,0.0002,0.0540548,0.0133295,m2
19806958,0.0344,0.00468684,0.0237781,m2
19462099,0.0105,-0.0195875,-0.0477716,m2
19799619,0.01095,0.0279349,0.00957706,m2
19865999,0.0044,0.0257946,-0.0117511,m2
19877872,0.0002,0.0405432,0.004793,m2
19761734,0.0035,-0.0342487,-0.0332895,m2
19787176,0.0016,0.0260265,-0.00269951,m2
19813713,0.03195,0.0122481,0.00609344,m2
19894661,5.0e-05,-0.114926,-0.0456637,m2
19816686,0.0295,-0.0268257,-0.0389693,m2
19255524,0.0585,0.0197768,0.023957,m2
19602897,0.00615,-0.0408303,-0.014069,m2
19893676,5.0e-05,0.0317883,0.071108,m2
19470213,0.00375,-0.0537569,-0.0511261,m2
19847120,0.0035,0.0471838,0.0555006,m2
19887581,0.00145,0.05613,0.0758427,m2
19893101,0.0001,-0.00858584,0.0281153,m2
19894660,5.0e-05,0.0334872,0.0457859,m2
19893100,0.0002,-0.11816,-0.100357,m2
19894659,5.0e-05,0.0288733,0.0384501,m2
19892282,0.00055,-0.0128874,-0.0472143,m2
19878094,0.0012,0.0648638,0.0669057,m2
19856930,0.00435,-0.0032056,0.00799425,m2
19893675,0.0001,0.0436672,0.0181949,m2
19024869,0.10525,0.00275354,0.0104248,m2
19572029,0.0042,0.0422117,2.85896e-05,m2
19249517,0.0143,0.00334899,-0.00286567,m2
19894658,5.0e-05,-0.0759183,-0.0621127,m2
19835186,0.0012,-0.0589292,-0.0481118,m2
19894657,5.0e-05,0.0301072,0.0236665,m2
19893099,0.00015,0.0503443,0.0644873,m2
19894483,0.00015,-0.062191,-0.040669,m2
17559982,0.10775,-0.0147276,-0.00366472,m2
19874518,0.00645,0.00602277,0.00200179,m2
19889911,0.0009,-0.0871058,-0.099082,m2
19891308,0.00195,-0.00326213,-0.00143367,m2
19894482,5.0e-05,0.0113258,0.01503,m2
19894481,5.0e-05,0.0166879,0.0243025,m2
19578301,0.08245,0.0277252,0.0274894,m2
19891499,0.0001,-0.0628798,-0.0979808,m2
19894079,0.0002,0.0267833,0.0456578,m2
19572653,0.00905,0.00702168,-0.0298314,m2
19892474,0.0001,0.0613354,0.0508164,m2
19894310,5.0e-05,0.00632085,-0.00094677,m2
19894656,5.0e-05,-0.0671326,-0.0619582,m2
19889727,0.00035,-0.0259416,-0.0362407,m2
19764703,0.00885,0.0143267,0.00829143,m2
19893876,0.00015,-0.0314187,-0.00884131,m2
19803241,0.01185,-0.0321738,0.0135976,m2
19893875,0.00015,-0.0032688,-0.00945425,m2
19892278,0.0003,-0.0163691,-0.0662404,m2
19804424,0.00255,0.0299473,0.017875,m2
19778923,0.01435,-0.0496445,-0.0521349,m2
19868005,0.0068,0.0552645,0.018616,m2
19894309,5.0e-05,0.0113249,-0.0093815,m2
19802027,0.0075,0.0336664,0.0559533,m2
19891904,0.00135,0.0460709,0.0178786,m2
120558,1.0,-0.00645763,-0.00676224,m2
19611941,0.03765,0.0568849,0.0396078,m2
19766119,0.008,-0.040834,-0.0361349,m2
14674255,0.01175,-0.00573656,0.0165428,m2
19893669,5.0e-05,-0.0749508,-0.0825009,m2
19888166,0.0007,-0.0294892,-0.0324357,m2
19893668,5.0e-05,0.0211003,0.023469,m2
19810956,0.0064,-0.0226585,-0.00169082,m2
19894077,0.00015,0.0104182,-0.00503073,m2
19894076,5.0e-05,0.105832,0.14515,m2
19828167,0.00285,-0.00198602,-0.0438741,m2
19555780,0.06555,0.0148562,0.0121883,m2
19894308,5.0e-05,0.028189,-0.00593858,m2
19886576,0.0023,0.0475421,0.0317498,m2
19502385,0.16775,0.0077374,0.00207661,m2
19851907,0.0053,-0.107692,-0.0857477,m2
19894074,0.00025,-0.0137602,0.00535606,m2
19882405,0.00105,-0.12479,-0.128493,m2
19759350,0.01115,-0.0342414,-0.0541992,m2
19868003,0.0001,0.0749572,0.022792,m2
19821730,0.01595,0.0494604,0.0727182,m2
6831350,1.0,-0.0376702,-0.0525496,m2
19894073,5.0e-05,0.0114372,0.0362497,m2
13148981,1.0,-0.00825132,-0.00496515,m2
19884823,0.0034,0.0188718,0.0262818,m2
19893095,0.00045,0.0893441,0.0612421,m2
19893873,0.00015,-0.0183419,-0.00922711,m2
19888744,0.0001,0.00276058,0.00643147,m2
19894480,0.00015,-0.0214298,0.0239311,m2
19892072,0.0003,-0.00602499,-0.0379207,m2
19891691,0.00055,0.028448,0.0182676,m2
19893471,0.00015,-0.0906936,-0.0968044,m2
12265964,1.0,-0.0180241,-0.00763595,m2
19894306,0.00015,0.0311885,0.0362037,m2
19856346,0.0049,-0.0153412,0.000940035,m2
16370480,0.8175,0.0252225,0.0357028,m2
19894072,5.0e-05,0.0564374,0.052339,m2
19801797,0.01505,-0.00832885,-0.0186978,m2
19890902,0.0002,0.0844199,0.0422656,m2
19892071,0.00055,0.0231166,0.0360949,m2
19843136,0.0054,-0.0195311,0.0010438,m2
19862082,0.00545,-0.0454253,-0.050903,m2
19891298,0.0002,-0.0113143,-0.0392106,m2
19879082,0.0047,0.0313625,0.00176828,m2
19894479,0.00015,-0.0277555,-0.0712457,m2
19893663,0.0003,-0.03029,-0.0419152,m2
19762123,0.0525,-0.0104372,-0.0193792,m2
19683434,0.00035,-0.0303821,-0.0511143,m2
19763908,0.00825,-0.0268109,-0.0120358,m2
19883875,5.0e-05,-0.080288,-0.118396,m2
19782710,0.0053,0.105338,0.0956412,m2
19868220,0.0016,-0.0703002,-0.0539821,m2
19894305,0.0001,-0.0269752,-0.0207295,m2
19880989,0.00095,-0.0151648,0.00736596,m2
19856507,0.0056,-0.0123814,0.00708859,m2
19741568,0.0042,0.0192122,0.0378326,m2
19730812,0.00105,0.0187913,-0.0307915,m2
19890122,0.0001,-0.00928605,-0.0224277,m2
19361805,0.00915,-0.0595572,-0.0306986,m2
7527949,1.0,-0.00690022,-0.00711116,m2
19838757,0.0046,-0.0454592,-0.0318751,m2
19893467,0.00025,-0.029689,-0.0107039,m2
19882401,0.00125,0.0726166,0.0721285,m2
19702922,0.001,-0.0485588,-0.0558733,m2
19708405,0.02215,-0.00291646,0.00897917,m2
19889335,0.00025,0.0182988,0.0305765,m2
19839991,0.0058,0.0520959,0.0630307,m2
19894070,0.00015,-0.0327215,-0.0161489,m2
19891489,0.00015,0.0288937,0.00568439,m2
19858696,0.0031,-0.0256068,-0.0141867,m2
19888926,0.00025,0.0200634,-0.00296469,m2
19888925,0.0005,0.0211086,0.0269256,m2
19894478,0.0001,0.00123648,0.0395637,m2
19737564,0.0304,0.0222247,0.0169827,m2
6919820,1.0,-0.00597245,0.0187846,m2
19894304,0.0001,-0.00546898,0.0231022,m2
19892272,0.0001,-0.0188321,-0.0356824,m2
19731625,0.0173,0.0171814,0.0355024,m2
19891897,0.0007,0.0702469,0.0947202,m2
19885397,0.0007,-0.0250265,-0.024458,m2
19867027,0.004,0.0528222,0.0388936,m2
15559361,0.01645,0.00229014,0.00357582,m2
19873258,0.00035,0.038341,0.0638536,m2
7350743,1.0,-0.00680072,0.00967258,m2
19894477,5.0e-05,0.00329583,-0.0601696,m2
19742190,0.0111,0.0483546,0.0281716,m2
19894655,5.0e-05,-0.0143948,-0.0453221,m2
15760565,1.0,-0.012366,0.0100431,m2
14688162,0.6672,-0.00868107,-0.010292,m2
19739173,0.0245,0.0383061,0.0195078,m2
19890898,0.00015,0.0266324,0.021415,m2
19875084,0.00195,0.0390166,0.037347,m2
19894654,5.0e-05,-0.0244051,-0.0306332,m2
19878492,0.0022,0.00697591,0.0207989,m2
19411820,0.01615,-0.00248598,-0.0445432,m2
19894653,5.0e-05,-0.101428,-0.0654472,m2
19839386,0.00285,-0.00499806,-0.00458863,m2
19826791,0.00395,-0.103841,-0.0665801,m2
19894652,5.0e-05,-0.0154209,-0.0051113,m2
19284519,0.0501,-0.0232684,-0.0196426,m2
19893661,0.0001,0.0591419,0.0279107,m2
19027399,0.0995,-0.00589321,0.0182607,m2
8615196,1.0,0.00057339,0.00519136,m2
9367469,1.0,0.00519738,0.00894222,m2
19893275,0.0001,0.0926357,0.0730112,m2
19607589,0.0061,0.0575503,0.0609568,m2
19894651,5.0e-05,0.12781,0.142174,m2
19858695,5.0e-05,-0.0340755,0.0128237,m2
19239692,0.0204,0.0145171,-0.0195773,m2
19885987,0.00035,0.0236446,3.04034e-05,m2
19890502,5.0e-05,-0.106563,-0.114639,m2
19894650,5.0e-05,0.0294697,0.0247991,m2
19874309,5.0e-05,0.025813,-0.000709901,m2
19888920,0.0076,0.00518375,0.0322808,m2
18960074,0.00365,0.029536,0.0344277,m2
19853527,0.00105,0.0398121,0.00879723,m2
7363964,1.0,-0.00175412,-0.0269434,m2
19879851,0.0005,-0.00119197,0.0270224,m2
19867803,0.0003,-0.021217,0.00801493,m2
19892674,5.0e-05,-0.0570757,-0.0463823,m2
19892065,0.00015,0.0740829,0.0628674,m2
19197029,0.0545,-0.00137696,0.0193843,m2
19894066,5.0e-05,0.0298447,0.0541057,m2
19852491,0.00505,-0.0155797,-0.0133588,m2
19870025,0.00405,-0.00382662,0.00557866,m2
19464400,0.0367,0.00473431,0.000286755,m2
19894473,0.0001,0.0129727,-0.0360124,m2
19894649,5.0e-05,-0.0725879,-0.0841676,m2
19531811,0.1039,0.0450882,0.0348769,m2
19356911,0.19455,-0.0408489,-0.00599636,m2
19894301,0.0001,-0.0152611,-0.0208702,m2
19844104,0.00405,-0.0586981,-0.0288193,m2
19683819,0.0165,0.00495888,0.00453443,m2
19869228,0.00265,-0.0455227,-0.000240982,m2
11809306,0.2611,0.00611937,-0.00634111,m2
19894300,0.00035,-0.0769934,-0.0793548,m2
7683443,0.354,-0.00158835,-0.00471506,m2
19891295,0.0008,0.0553029,0.0650729,m2
19888549,0.00215,0.0424555,0.0345956,m2
19892463,0.00115,-0.012747,-0.0412122,m2
19863051,0.00145,-0.00752364,-0.00156907,m2
19893459,0.00015,0.0438204,0.0535308,m2
1552228,1.0,0.00217801,0.000270706,m2
18272376,0.10835,-0.0291107,-0.0129753,m2
19894648,5.0e-05,-0.000178397,-0.0360418,m2
19893862,0.0001,0.0449553,0.0590343,m2
19674539,0.0164,-0.0480243,-0.0536658,m2
19885983,0.00045,0.0181394,0.0174642,m2
19885982,0.00075,-0.0488008,-0.0995848,m2
19876842,0.0039,-0.00441566,-0.0365613,m2
19748731,0.00275,-0.0265072,-0.00658824,m2
19894647,5.0e-05,0.00265091,-0.0148204,m2
19894471,5.0e-05,0.0465753,0.00442999,m2
19894646,5.0e-05,-0.0286289,-0.00179428,m2
19717039,0.0541,0.0117903,0.0281717,m2
19874507,0.00085,0.00905989,0.0486472,m2
19865017,0.00055,0.000922213,0.0229302,m2
19865408,0.0102,0.0156402,-0.0147545,m2
18037337,0.0875,-0.00968349,0.0177853,m2
19869225,0.00075,0.012767,0.00459221,m2
17342107,0.17785,0.0191064,0.00218017,m2
19890327,0.0003,0.0103874,-0.000598735,m2
19894469,5.0e-05,0.00877313,-0.0184247,m2
18521970,0.29945,0.00528746,0.0180004,m2
19844101,0.0004,-0.00090535,0.00224223,m2
19849428,0.00045,-0.0102036,-0.0259191,m2
19888917,0.0005,0.0109477,-0.0142767,m2
19893654,0.0001,0.0918439,0.0844424,m2
19891482,0.00015,0.034999,0.0495779,m2
19666808,0.006,-0.0645389,-0.0401953,m2
19894645,5.0e-05,-0.00605491,0.00899495,m2
1265326,1.0,-0.0381981,-0.0281527,m2
13070069,1.0,-0.0119194,-0.00673383,m2
19873032,0.00025,-0.0240177,-0.024853,m2
19848079,0.00085,-0.0739017,-0.0567681,m2
19850641,0.0025,-0.0100387,-0.0194083,m2
19892669,0.00025,0.0239819,0.030434,m2
19894059,5.0e-05,-0.089411,-0.0697806,m2
19641996,0.0328,-0.0312197,-0.0495934,m2
19892064,0.00035,-0.047651,-0.0633736,m2
19723252,0.03915,-0.0455075,-0.02084,m2
19561135,0.0043,-0.0504696,-0.0598511,m2
15517066,0.64615,-0.00758099,-0.00847802,m2
19894468,5.0e-05,0.0037091,0.0133929,m2
19892460,0.00025,-0.0917107,-0.0843484,m2
19893653,0.0001,-0.0326491,-0.0119233,m2
19893857,0.00065,-0.00399638,0.0190233,m2
19874505,0.00135,0.0224124,0.0332358,m2
19656539,0.04815,0.041237,0.0458933,m2
19887559,0.0011,0.122038,0.130387,m2
19552451,0.00915,0.0328859,0.0387702,m2
19884813,5.0e-05,-0.0788352,-0.0903645,m2
19892261,0.00095,-0.0203052,0.0327165,m2
19883235,0.0015,-0.037389,-0.0726175,m2
19240702,0.0177,-0.0148081,-0.0245115,m2
19853111,0.0024,-0.00584807,0.0024889,m2
17254477,0.00115,-0.0417378,-0.0160319,m2
19732199,0.0082,-0.0247361,-0.00389117,m2
19888730,0.0013,0.0277888,0.0406988,m2
1860639,1.0,-0.0117824,-0.0185955,m2
19658527,0.00555,0.0510202,0.0117244,m2
19812869,0.0035,-0.0215461,-0.063373,m2
2466299,1.0,-0.00566728,-0.00630167,m2
13311151,0.78175,0.0103973,-0.00123938,m2
19822907,0.00085,0.0363063,0.0669191,m2
19892061,0.0004,-0.0844486,-0.0746843,m2
19894467,5.0e-05,0.0361009,0.034089,m2
19891681,0.0003,0.037951,0.0476529,m2
19867208,0.00245,0.0133541,0.0334077,m2
19558414,0.00205,0.0288975,0.0371598,m2
19884445,0.0001,-0.0675877,-0.0750543,m2
19783936,0.0005,0.0554246,0.027279,m2
19889514,0.0002,0.0529689,0.0185601,m2
19878881,0.00325,0.0477791,0.0516307,m2
19887376,0.00115,-0.00458732,-0.0290692,m2
19891291,0.0015,0.0244628,-0.00346119,m2
19761905,0.03145,0.0263069,0.00417028,m2
19479503,0.0819,0.0316044,0.0246419,m2
2986997,1.0,-0.00800431,-0.00847041,m2
19892060,0.00035,0.048412,0.00680507,m2
19852251,0.01255,-0.0267662,-0.02797,m2
19892059,5.0e-05,-0.00517058,-0.0130353,m2
18851721,0.0138,-0.00177906,-0.0270607,m2
19808485,0.0071,-0.0172868,-0.0391583,m2
19894644,5.0e-05,0.00228284,-0.0489211,m2
19881967,0.0009,0.0399396,0.076021,m2
19893856,0.00045,0.0678153,0.0823414,m2
19894643,5.0e-05,-0.0128928,0.0194314,m2
19885977,0.00145,-0.0104164,0.0316278,m2
19856701,0.00445,-0.0664702,-0.0537865,m2
19537601,0.00085,0.0218432,-0.00675347,m2
19894299,0.0003,0.0450887,0.0705484,m2
19894465,5.0e-05,-0.0136082,-0.025232,m2
19471158,0.1234,0.0540246,0.0266363,m2
19894298,0.00015,0.0179256,0.0623855,m2
19654777,0.016,0.0121398,-0.0168287,m2
19892459,0.0002,0.0262629,0.0160616,m2
19860106,0.0031,-0.0274633,-0.0348576,m2
19891478,0.00075,0.0252419,0.0431441,m2
19803225,0.00305,-0.0588814,-0.0591206,m2
19384249,0.00835,0.0336099,-0.00472915,m2
7082996,1.0,0.0154739,0.000944745,m2
19808483,0.0135,-0.0202064,-0.0339073,m2
19893083,0.00035,-0.0308381,-0.0457639,m2
19884442,0.0004,0.0186489,0.0331524,m2
19888543,0.00025,0.0287943,0.0540807,m2
19869634,0.004,-0.0408762,0.00364094,m2
19881382,0.0002,-0.0523057,-0.0450867,m2
19103440,0.0178,-0.00995435,-0.0141635,m2
8700571,1.0,0.00827957,0.0184861,m2
19888911,0.00015,0.0240241,-0.0256514,m2
10401111,1.0,0.0054217,-0.000946823,m2
19890892,0.0001,-0.0444685,-0.0324978,m2
12408766,0.53955,-0.0268923,4.95956e-05,m2
19893082,0.0008,0.0221852,0.0506168,m2
19894464,5.0e-05,-0.0945987,-0.0428394,m2
19894463,5.0e-05,-0.0258841,-0.0244403,m2
19083579,0.01855,0.00756682,0.00773027,m2
19892664,0.0005,0.0761291,0.0839994,m2
19799996,0.0146,0.0259138,0.00846267,m2
19886153,0.0014,-0.0489786,-0.0606257,m2
19790308,0.00425,0.0735441,0.0835838,m2
19886790,0.0051,-0.0507985,-0.045913,m2
19890693,0.0004,-0.00707726,0.0518039,m2
19884625,0.00085,0.0588412,0.0477355,m2
19522999,0.01095,-0.0341084,-0.0269821,m2
19174031,0.26035,0.00823907,-0.0141449,m2
17336844,0.4268,0.00190408,0.00231781,m2
19824128,0.0071,0.0518171,0.0753176,m2
19893854,0.00035,-0.0404972,-0.0229526,m2
19622391,0.05425,-0.0118257,0.0086611,m2
19894057,5.0e-05,0.0406448,0.021428,m2
19893080,0.0003,-0.00183525,0.0202063,m2
19889892,0.001,0.0234261,0.0355239,m2
19894462,0.0001,-0.0713842,-0.045554,m2
19117815,0.045,0.0165783,0.0126932,m2
19281679,0.0828,-0.0227564,-0.0143611,m2
19885005,0.0024,-0.0219817,-0.0380913,m2
3357330,1.0,0.0119643,-0.00158681,m2
19745079,0.04885,0.00587243,0.00688864,m2
19058347,0.04375,0.00912123,-0.00154958,m2
19613930,0.0362,-0.0254147,-0.000328138,m2
18882835,0.0211,0.0245006,-0.00579454,m2
19893853,5.0e-05,0.00299648,0.0267661,m2
11132498,1.0,0.00765773,0.0108263,m2
19894295,5.0e-05,-0.009162,-0.0468739,m2
19128745,0.1635,0.00232294,0.0166623,m2
19894642,5.0e-05,0.0206972,0.0398955,m2
19732982,0.0055,-0.0198405,-0.026043,m2
19857100,0.0067,0.0268181,0.0108237,m2
19894055,0.0001,0.0351825,0.0246072,m2
19848069,0.01235,0.0356254,0.0384767,m2
19130153,0.0122,-0.0250907,-0.00249388,m2
19877658,0.00265,0.011969,0.0302172,m2
19894641,5.0e-05,-0.0285353,-0.0262888,m2
19451331,0.0063,-0.0381164,-0.0321045,m2
19886996,0.0008,0.0285931,0.027058,m2
7656112,1.0,0.00631584,-0.00174787,m2
19765883,0.01145,-0.0463524,-0.0466448,m2
19828596,0.0037,0.0405712,0.0212738,m2
19894294,0.00015,0.00956502,0.0108663,m2
662968,1.0,-0.0122178,-0.00619633,m2
19846083,0.01055,-0.02045,-0.0324283,m2
19605049,0.0971,0.0183887,-0.0135044,m2
19892053,0.0005,0.0731724,0.0900413,m2
19893452,5.0e-05,0.0552477,0.0498173,m2
19727120,0.027,-0.00596399,0.00318962,m2
19853699,0.0076,-0.0528251,-0.0413932,m2
19889320,0.00075,0.0359771,0.0546263,m2
19894460,5.0e-05,-0.0436594,-0.0237794,m2
19891884,0.00085,0.0258214,0.0138302,m2
19742169,0.03605,0.000739204,-0.0259675,m2
8295003,0.42055,-0.00497439,0.0196824,m2
19890689,0.00075,-0.0928016,-0.0633547,m2
19891287,0.00035,-0.0121255,-0.0419751,m2
7379136,1.0,0.0189033,0.0178047,m2
19894459,0.00015,0.00434009,0.0135043,m2
19872404,0.00085,-0.0355121,-0.00571249,m2
19894054,0.0001,0.0124011,0.0249498,m2
19875269,0.00735,-0.0679248,-0.063434,m2
18247516,0.09035,0.0038802,0.0258533,m2
19892883,0.00055,0.0360423,0.00909747,m2
19883445,0.00045,0.070699,0.0545646,m2
19894292,5.0e-05,0.074609,0.0727616,m2
19810941,0.00775,0.0118818,0.0254773,m2
19894458,5.0e-05,-0.00235225,-0.00380685,m2
19874497,0.00055,0.0213788,0.0380871,m2
19891473,0.00045,0.0456687,0.0770263,m2
19749518,0.01945,-0.020264,-0.025379,m2
19355498,0.04465,-0.0181278,-0.0172411,m2
19893075,0.00025,-0.115714,-0.107286,m2
19856904,0.00465,0.0672152,0.0710549,m2
19630289,0.01985,-0.0383675,-0.0412336,m2
18828968,0.28145,-0.00974103,0.000527821,m2
19890316,0.0001,-0.0107938,0.00272251,m2
19892455,0.00015,-0.0762418,-0.0839313,m2
19893263,0.0002,0.0310322,0.0179865,m2
19894457,0.0001,-0.02689,-0.0140588,m2
19870590,0.00455,-0.018114,0.00897586,m2
19875071,0.00215,0.0133556,-0.00193281,m2
19878072,0.001,-0.0210468,-0.0255252,m2
19885386,0.0019,-0.0362012,-0.00305833,m2
19877232,0.0012,0.107337,0.0731312,m2
19881179,0.00025,0.00544288,-0.00822074,m2
19893643,5.0e-05,-0.0336182,-0.0325619,m2
19308664,0.009,-0.0446787,-0.0507978,m2
19893073,0.00025,-0.106606,-0.0982702,m2
19359791,0.0285,0.00572977,0.00925949,m2
19804601,0.0008,-0.0459734,-0.00988519,m2
19610350,0.1229,-0.00821739,0.0322126,m2
19891881,0.00035,0.0109903,0.0147853,m2
19894290,5.0e-05,-0.0230597,-0.0347248,m2
19651368,0.0081,-0.0415113,-0.0766786,m2
19873018,0.00115,0.0513577,0.063977,m2
19405639,0.05655,0.0446945,0.0418563,m2
19880205,0.0017,0.0706014,0.0520433,m2
19879645,0.00035,0.0514786,0.0501123,m2
19890312,0.0009,0.0600974,0.0582661,m2
19894052,0.0002,0.0550025,0.044139,m2
11684401,0.44505,-0.00584381,0.00941122,m2
19015961,0.00425,-0.0159658,-0.0427424,m2
19690269,0.00195,-0.0695406,-0.0537742,m2
19873444,0.0044,0.0237092,0.0130189,m2
19876074,0.00075,0.0122284,0.00199318,m2
19729565,0.032,-0.0406564,-0.0124522,m2
19019858,0.0201,0.0206087,0.0203015,m2
19876632,0.00185,0.012334,0.0220093,m2
19894640,5.0e-05,-0.0147556,-0.00586259,m2
18239315,0.1354,0.0110232,0.00658741,m2
19885001,0.0034,0.0382432,-0.00519361,m2
19886559,0.0011,0.0443053,0.0320417,m2
19833762,0.0011,0.0126434,0.0134122,m2
19864014,0.00275,-0.0350883,-0.0292518,m2
18796754,0.2036,-0.0408403,-0.0159636,m2
19892658,0.0011,0.0238876,0.0279997,m2
19883228,0.0045,-0.000417051,-0.00992159,m2
19892657,5.0e-05,0.0174281,0.0197222,m2
14955416,0.3207,0.00336217,0.00923802,m2
19893642,5.0e-05,0.0581969,0.0307094,m2
19893446,0.00055,-0.0333164,-0.018344,m2
19881960,0.00155,0.0478118,0.0296043,m2
19772516,0.00905,0.00260633,-0.00328881,m2
19894455,0.0001,-0.0158055,-0.00570765,m2
19893848,0.0001,-0.084134,-0.0812722,m2
19894289,0.0001,0.0136422,0.0107448,m2
19624182,0.0318,-0.0209768,-0.0144675,m2
19868202,0.0035,0.0420581,0.0293028,m2
19893071,0.0001,0.0342015,0.0302746,m2
19889702,0.00015,0.0104141,0.0185428,m2
19892451,0.00015,-0.0698382,-0.0336503,m2
19888716,0.00065,-0.0416716,-0.0218629,m2
19892450,0.00025,0.0128093,-0.0152591,m2
19879243,0.0003,-0.0122906,-0.0231154,m2
19891466,0.0011,0.0743289,0.107403,m2
19890887,0.0003,0.0698412,0.0973439,m2
19888340,0.00245,-0.040237,-0.0568827,m2
19750856,0.0084,0.053111,0.0577793,m2
19894050,0.00015,-0.0708472,-0.0649613,m2
19844507,0.00275,0.0607604,0.0485655,m2
19091347,0.0088,0.026381,0.0249237,m2
19817570,0.0154,0.0518342,0.0256308,m2
1189307,1.0,-0.012089,-0.0281286,m2
16238240,0.04345,-0.00598066,-0.00811828,m2
19854934,0.0138,-0.0992213,-0.0660033,m2
8806428,1.0,-0.000283599,-0.0186101,m2
19650766,0.0775,0.0407537,0.0295963,m2
19821701,0.00615,-0.0420518,-0.0248343,m2
19885381,0.00225,0.025401,0.0307985,m2
19884239,0.0019,0.0424956,0.0140547,m2
19892245,0.0001,-0.0103661,-0.0640098,m2
19354310,0.0291,-0.00565941,-0.0180481,m2
19888338,0.003,-0.00893867,-0.00949037,m2
19894639,5.0e-05,-0.0153937,0.0310259,m2
19887757,0.002,0.0214632,0.00347214,m2
19893445,0.0004,-0.00192677,-0.00231253,m2
19843666,0.0015,-0.0226867,0.00140112,m2
19876269,0.00065,-0.0127676,-0.0307601,m2
19871817,0.0027,0.138271,0.120605,m2
19838379,0.01135,-0.00349559,-0.00238028,m2
18938054,0.17275,-0.012349,0.0183438,m2
13751948,1.0,0.0121895,0.0148816,m2
19892243,0.0005,-0.0482517,-0.0603379,m2
19892878,5.0e-05,0.0476228,0.039904,m2
19883435,0.00105,0.0761832,0.0520504,m2
19894638,5.0e-05,0.0478566,0.0649911,m2
19718040,0.0017,0.027138,0.0378507,m2
19877844,0.00045,0.0183109,0.0121763,m2
19891465,0.00105,-0.0450706,-0.0477699,m2
19894049,0.0004,0.00760289,-0.0160826,m2
14476974,0.1656,-0.0178492,0.00113576,m2
17538042,0.37095,-0.0103479,-0.0269953,m2
19891464,0.00075,0.0172599,-0.0126118,m2
19671679,0.007,0.013918,-0.0221536,m2
19889110,0.0017,-0.00410514,-0.0234079,m2
19884615,0.0003,-0.0464363,-0.0652041,m2
19865787,0.0007,0.0263323,0.00684601,m2
18952550,0.0059,-0.00385066,-0.00258633,m2
19565178,0.00575,-0.0622028,-0.00997092,m2
19863248,0.0067,-0.0124407,-0.0318,m2
19893846,0.00015,-0.0519075,-0.0697934,m2
19625779,0.02125,0.0117598,-0.0206077,m2
19894637,5.0e-05,0.0211225,0.00798642,m2
19894636,5.0e-05,-0.0320831,-0.0286507,m2
19419358,0.07775,-0.00596308,0.00557545,m2
19540996,0.01075,-0.00597564,-0.00130692,m2
19894048,0.0001,0.0274368,0.00613582,m2
19793686,0.0066,-0.0341309,-0.0748424,m2
19891666,0.00015,-0.0314973,-0.0327761,m2
19744868,0.0109,0.0714918,0.0853628,m2
19892044,5.0e-05,-0.0320881,-0.00962637,m2
15682550,0.4303,-0.0194579,-0.0133399,m2
19890880,0.0001,0.0866145,0.0759026,m2
19881365,0.0007,-0.0363625,-0.0316011,m2
19892648,0.00025,-0.0528449,-0.0652608,m2
19651779,0.03035,3.51812e-05,0.00666164,m2
19894635,5.0e-05,-0.024246,-0.0253326,m2
19664951,0.0208,-0.0693166,-0.00134225,m2
19891075,0.00085,-0.0269195,-0.025291,m2
19858488,0.001,0.0782346,0.0612763,m2
19889885,0.0009,-0.0180261,0.0111431,m2
19894288,5.0e-05,0.0119273,-0.0114374,m2
19893254,5.0e-05,-0.0331535,-0.0205686,m2
19755715,0.0029,-0.0343555,-0.0187456,m2
19894453,0.0001,0.0233956,0.0159639,m2
19700567,0.00445,0.0317834,0.0504708,m2
19881955,0.0005,-0.0697553,-0.0580385,m2
19892241,0.0003,0.0454185,0.0380544,m2
19593832,0.0148,0.00574649,-0.0178104,m2
19893843,0.00025,-0.0884542,-0.0913188,m2
19398931,0.0061,-0.016848,-0.0245663,m2
19877224,0.0017,0.0427662,0.0360835,m2
6138337,1.0,-0.0106577,0.00486981,m2
19736210,0.02865,-0.00862138,-0.00486524,m2
19894634,5.0e-05,0.124665,0.0909503,m2
19883431,0.00045,-7.9367e-05,-0.0304484,m2
19881953,0.0003,0.0568265,0.0534992,m2
18504276,0.4447,0.0220736,-0.0123725,m2
19893438,5.0e-05,0.0701536,0.0669071,m2
1106669,1.0,-0.0138708,0.00924571,m2
19869033,0.00925,0.0701147,0.0530569,m2
19894452,0.0001,-0.0291405,0.00903334,m2
16587264,1.0,-0.00446962,0.0104698,m2
19894633,5.0e-05,-0.0535301,-0.0350818,m2
19697370,0.07345,0.0150462,-0.00223049,m2
19870005,0.0058,-0.028182,-0.0215904,m2
19878066,0.00095,-0.0190048,-0.00468084,m2
19893841,0.00015,-0.0140957,0.00447986,m2
19894632,5.0e-05,-0.0187275,-0.0141072,m2
17769628,0.22145,0.000216549,-0.00155712,m2
19891275,0.0001,-0.0330367,-0.0601607,m2
19831310,0.02865,0.053057,0.0244148,m2
19702700,0.056,-0.0122973,-0.0386678,m2
19843105,0.00615,0.0436098,0.0514009,m2
19879478,0.0032,-0.0641326,-0.0289626,m2
19632265,0.00565,-0.0153771,-0.0018321,m2
19894450,5.0e-05,0.0128055,0.0289773,m2
19889694,0.0007,-0.0288727,-0.0567205,m2
19444521,0.0478,0.00676794,0.00555811,m2
19667839,0.0064,0.00386673,-0.00611907,m2
19894631,5.0e-05,-0.0342625,-0.0552513,m2
19778700,0.0238,0.00462277,0.000996815,m2
19689625,0.0734,0.00232782,-0.00992535,m2
19894630,5.0e-05,0.0668484,0.0896497,m2
19891457,0.0005,-0.0524587,-0.0518407,m2
19603044,0.083,0.0254215,0.0175031,m2
19867373,0.00545,-0.0139615,-0.0141801,m2
19894447,0.0002,0.0843187,0.0635133,m2
19825165,0.00255,-0.119734,-0.100718,m2
19875846,0.00255,-0.0180984,-0.0452996,m2
19884030,0.0002,-0.0262901,-0.0692976,m2
19535775,0.0007,0.0443137,0.0464889,m2
19891072,0.00025,0.022703,0.0151724,m2
19469349,0.01725,0.0323262,0.042823,m2
18455878,0.22165,-0.00327762,-0.0155553,m2
19055359,0.06905,-0.013524,0.0143553,m2
19883218,0.00065,-0.00329711,-0.0407056,m2
19885573,0.0015,-0.0869784,-0.0804791,m2
19756527,0.0026,0.0332086,0.0345939,m2
19893630,0.0001,0.0130672,-0.00842329,m2
18690684,0.09775,0.007762,-0.000202616,m2
19894285,5.0e-05,-0.0939578,-0.112927,m2
19894446,5.0e-05,0.0343138,0.00501826,m2
19685341,0.0589,-0.013238,-0.0268587,m2
19559400,0.03005,-0.0310945,-0.0187856,m2
19592859,0.02995,0.0445516,0.00573961,m2
19841891,0.00045,0.0792312,0.0342529,m2
10525939,1.0,-0.0130012,0.00405378,m2
19894629,5.0e-05,0.00637964,0.0326822,m2
19795836,0.0012,0.0389876,0.0302731,m2
19892443,0.00045,-0.0824772,-0.0911896,m2
19874287,0.00685,0.0521228,0.0510944,m2
17082561,0.0353,-0.000502456,-0.0172963,m2
19881558,0.0013,0.0055741,0.0203512,m2
19847481,0.0047,-0.0314391,-0.030085,m2
19869416,0.0013,0.0442376,0.0700987,m2
10937881,1.0,-0.014081,-0.0100021,m2
19893249,0.00015,0.0170966,0.00468092,m2
19893628,5.0e-05,-0.00398726,0.0127932,m2
19894445,5.0e-05,-0.0135157,-0.0312699,m2
19882372,0.0031,0.00205807,-0.00579901,m2
19894628,5.0e-05,0.0321916,0.0021923,m2
19775861,0.01775,0.0158431,0.0145296,m2
19879627,0.00235,0.032888,0.0172265,m2
19709570,0.00505,-0.0503053,-0.0282463,m2
19757524,0.0137,0.0039152,-0.0016044,m2
19893626,0.0002,-0.0351073,0.0242598,m2
19869824,0.00345,0.028951,0.0136965,m2
19894443,5.0e-05,-0.0199833,-0.0277163,m2
19865378,0.01,0.0372185,0.0561622,m2
19892640,0.0002,0.0320046,0.0321615,m2
19893625,0.0001,-0.0633684,-0.0624325,m2
19885769,0.0025,-0.0432105,-0.0546328,m2
19448365,0.1558,0.0377387,0.0217269,m2
19893624,5.0e-05,-0.0183517,-0.00621045,m2
19894627,5.0e-05,0.0190598,0.00380947,m2
19884027,5.0e-05,0.000141231,0.035221,m2
19893838,5.0e-05,0.0970197,0.0927041,m2
19894626,5.0e-05,-0.0340845,-0.005101,m2
19892440,0.00025,0.0906266,0.100878,m2
17833825,0.08805,-0.00230826,0.0150783,m2
19858072,0.00015,-0.0249693,-0.0105896,m2
19893837,0.0001,-0.0612004,-0.0392537,m2
19890472,0.0001,0.0226432,0.0279982,m2
18411056,0.00975,-0.016093,-0.0272626,m2
19894283,0.00015,-0.0393417,-0.060642,m2
19844491,0.00405,-0.0674919,-0.0928748,m2
19289860,0.0256,0.0109219,0.00596029,m2
19894282,0.0002,-0.0697619,-0.0209782,m2
19624581,0.00665,-0.0175762,-0.0232145,m2
19894441,5.0e-05,0.0332269,-0.00600588,m2
19146547,0.00655,-0.0286026,-0.0434146,m2
19892439,0.00015,-0.0576789,-0.0311719,m2
19863241,0.01045,-0.0263861,-0.007242,m2
19891868,0.0002,0.0142484,-0.00181976,m2
19892638,0.00025,0.0667602,0.0505399,m2
19891071,0.00015,-0.0865331,-0.090683,m2
19894625,5.0e-05,0.14349,0.139026,m2
19892637,0.0004,-0.0630207,-0.0770535,m2
19894439,5.0e-05,0.00954852,-0.0245834,m2
15889228,0.0316,-0.0129366,-0.00543718,m2
19852891,0.00105,0.0191178,0.0355497,m2
19877644,0.0012,-0.00522991,-0.043177,m2
19887935,0.00115,-0.0145739,-0.013595,m2
19894279,5.0e-05,0.0461726,0.0457471,m2
19892233,0.00115,-0.0589076,-0.0346976,m2
19850840,5.0e-05,-0.00145763,0.0310615,m2
19820870,0.00175,0.0458379,0.0534121,m2
7027640,1.0,-0.00733115,-0.0141422,m2
19860925,0.0093,0.0135165,-0.000111761,m2
19889690,0.00015,0.0302761,-0.00847403,m2
19894438,5.0e-05,-0.0363112,-0.0560174,m2
19652825,0.0186,0.00211604,0.0433554,m2
19831129,0.0054,0.0591898,0.0879086,m2
19886977,5.0e-05,-0.00599892,-0.0301489,m2
19731175,0.03765,0.0257206,-0.0204313,m2
19894624,5.0e-05,-0.0169299,-0.0105628,m2
19893835,0.00015,-0.0420892,-0.0604605,m2
19810309,0.0116,0.00338137,0.0188329,m2
19890468,0.0011,0.0633942,0.0443026,m2
19890467,0.00055,-0.0199954,-0.0455429,m2
19875454,0.00425,-0.0976009,-0.116077,m2
19893432,0.0002,-0.103545,-0.0927805,m2
19894623,5.0e-05,0.054692,0.0669567,m2
19894437,5.0e-05,0.00528774,0.0336048,m2
19892036,0.0007,-0.0152622,0.0322324,m2
19894436,5.0e-05,0.00686616,0.00844792,m2
19870573,0.00275,-0.0652746,-0.0808538,m2
19649570,0.0093,0.024192,0.0442569,m2
19894275,0.0001,-0.0396593,-0.0269883,m2
19889097,0.0001,-0.0872013,-0.0748997,m2
18387897,0.26865,0.00323785,0.0235796,m2
19891656,0.0002,0.0450196,0.0318495,m2
19238867,0.03175,0.0106931,0.0045415,m2
19855496,0.00075,-0.0375747,-0.0626018,m2
19894622,5.0e-05,-0.0143091,-0.0196659,m2
19664141,0.01855,-0.0342527,-0.0493671,m2
19894435,5.0e-05,-0.0706102,-0.0939162,m2
19890295,0.00025,0.00598976,0.0207588,m2
19846263,0.0035,-0.0286074,-0.0398564,m2
19894038,5.0e-05,0.0246271,0.0124733,m2
19868184,0.0009,0.0243643,0.0229724,m2
19871191,0.00105,0.0474295,0.0558389,m2
17205188,0.05815,0.00564113,-0.00371279,m2
19875839,0.0007,0.059902,0.123158,m2
19894621,5.0e-05,0.0241389,0.0129686,m2
13096944,1.0,0.000552461,-0.0111252,m2
19889093,0.0003,0.0264222,0.0581463,m2
19680280,0.01585,0.00534175,-0.033178,m2
19786759,0.01125,0.0379113,0.0555255,m2
19893620,0.0001,0.0298898,-0.00412228,m2
19894433,5.0e-05,0.0239066,-0.00207881,m2
17466126,0.08025,-0.0117659,-0.0119387,m2
19878662,0.00165,0.0980984,0.0678931,m2
17695492,0.2628,-0.0277212,0.00620494,m2
19892635,0.0007,-0.0150108,-0.0226724,m2
19894620,5.0e-05,-0.00477056,-0.0262232,m2
19894619,5.0e-05,-0.0285547,-0.0282095,m2
19854706,0.01845,0.0217772,0.0253464,m2
19893831,0.0002,0.0295007,0.0294911,m2
19841695,0.00095,-0.0717621,-0.0655224,m2
19894271,0.00015,0.0155273,-0.0058561,m2
19882166,0.00125,-0.0579757,-0.0803872,m2
18835291,0.08715,0.00773443,-0.0316525,m2
15986532,1.0,-0.0327375,-0.0232258,m2
19881546,0.00495,-0.0273461,-0.00637228,m2
7059760,1.0,0.00804134,0.0206506,m2
19894618,5.0e-05,0.0440769,0.0140738,m2
19892032,0.00065,-0.0174659,-0.032509,m2
19894617,5.0e-05,-0.0127956,-0.0192746,m2
19868602,0.0041,0.0709984,0.0562623,m2
19884791,0.0004,0.0207134,0.0119012,m2
19873639,0.00455,0.0282734,-0.00861336,m2
3643528,1.0,0.0110795,0.0104867,m2
19894616,5.0e-05,-0.0872222,-0.0944974,m2
17540230,0.07485,0.0259201,0.0121395,m2
19893828,0.00025,-0.030024,-0.024683,m2
19844480,0.0154,0.0173136,0.0114765,m2
19439342,0.0058,0.0276944,0.0265677,m2
19888121,0.00125,-0.0404257,-0.028922,m2
19829400,0.00625,-0.0606629,-0.0486089,m2
19867762,0.0104,0.00914649,-0.0262434,m2
19889872,0.0005,0.0386879,0.0454953,m2
19888704,0.0012,0.0761877,0.0500886,m2
19883632,0.0002,0.102778,0.110637,m2
19875450,0.0029,-0.00715092,-0.0144858,m2
17930867,0.18485,-0.00997395,-0.00876989,m2
19894615,5.0e-05,-0.0296668,-0.0185043,m2
17508417,0.05245,0.0292442,0.00176752,m2
19892227,0.00015,0.00831989,0.00152818,m2
19827188,0.0002,-0.00309174,0.0265936,m2
19878054,0.00555,-0.0182341,0.00941275,m2
17438666,0.2175,0.0203752,0.0341772,m2
19720793,0.03605,-0.0287443,-0.0129807,m2
19482912,0.02725,-0.0110318,-0.0272653,m2
19755103,0.02815,0.034924,0.0321389,m2
19845264,0.00835,-0.0104516,-0.0209488,m2
12248525,1.0,-0.025402,0.00615271,m2
19894035,0.0002,-0.0886725,-0.0711379,m2
19894614,5.0e-05,0.0545722,0.0551104,m2
19538164,0.0102,-0.0366993,-0.0133565,m2
19805344,0.00575,-0.021637,-0.00416928,m2
19889871,0.00015,-0.0102594,0.0287787,m2
19079334,0.01115,-0.0320762,-0.0353759,m2
19682207,0.0246,-0.00439362,-0.0164034,m2
19809889,0.01105,0.0626977,0.0389293,m2
19893242,5.0e-05,0.0556752,0.0346999,m2
13658913,1.0,-0.0257273,-0.00606307,m2
19842497,0.00045,0.0278787,0.0651796,m2
19888318,0.0006,0.0682267,0.0640328,m2
19894613,5.0e-05,-0.0822693,-0.0786614,m2
6228730,0.0349,-0.011916,0.0100305,m2
19894429,0.0001,-0.0427236,-0.0453682,m2
19880183,0.00165,-0.0325546,-0.0557103,m2
19893616,5.0e-05,-0.0783213,-0.10771,m2
19886119,0.0019,0.0395822,0.0427862,m2
19877018,0.0036,-0.0380484,-0.0670061,m2
19893240,0.00015,0.0524497,-0.0113242,m2
19894612,5.0e-05,0.00247661,-0.0209945,m2
19882361,0.00225,0.055644,0.0757032,m2
19871182,0.0012,-0.0195312,-0.0295267,m2
19894032,5.0e-05,0.0038988,0.0202196,m2
19881153,0.00215,0.011099,0.0275014,m2
19774663,0.01375,-0.00662724,-0.0195216,m2
19894611,5.0e-05,-0.0304045,-0.0169383,m2
19887515,0.00035,0.00912356,0.0127108,m2
19702480,0.0723,-0.0151398,0.00356119,m2
19871573,0.00245,-0.0140239,-0.0533178,m2
19894610,5.0e-05,-0.0067795,0.0124279,m2
19850603,0.0014,-0.0125458,-0.00728844,m2
19889867,0.00215,0.0752192,0.0782659,m2
19774215,0.02875,-0.0140761,0.0321365,m2
19894426,0.0001,0.0895662,0.071704,m2
17978350,0.197,0.00381357,0.0163002,m2
19764836,0.0006,0.0301025,0.0302665,m2
19659896,0.0958,0.0263887,0.0256453,m2
19894609,5.0e-05,-0.000952338,0.0191619,m2
19888699,0.001,0.0443681,0.018879,m2
19807857,0.01775,-0.0590758,-0.0266947,m2
19894608,5.0e-05,0.00394814,0.0109586,m2
19872369,0.0038,0.00738549,-0.00946402,m2
19889684,0.0023,0.0116385,0.0132657,m2
19718022,0.02215,-0.0616259,-0.0377558,m2
19891063,0.00055,-0.0626178,-0.0618512,m2
19894607,5.0e-05,0.0651789,0.0769385,m2
19887929,0.0003,0.123606,0.0843549,m2
19888696,0.0013,-0.0416966,-0.063519,m2
19891062,0.00015,-0.00433599,-0.0242438,m2
19894267,5.0e-05,-0.029597,-0.00951414,m2
19891863,0.00015,0.0820023,0.0892159,m2
19890871,0.0004,0.0628991,0.0926781,m2
19892628,0.0004,0.0395593,0.0147693,m2
19833912,0.02835,0.0200692,-0.0146564,m2
19846876,0.0102,-0.0316004,-0.0112624,m2
19890457,0.00115,0.0767097,0.0742894,m2
19889482,0.0005,-0.0126113,-0.0109385,m2
19872551,0.0044,0.0247295,-0.0165833,m2
19894606,5.0e-05,-0.00695907,0.0133129,m2
19890456,0.0015,0.0172979,0.0510679,m2
19891447,0.00025,-0.0067531,0.0104219,m2
19857682,0.0132,0.0778333,0.068832,m2
19814036,0.0009,0.045105,0.0278363,m2
19853493,0.01555,-0.00217552,0.0222402,m2
19892430,0.00025,0.0236244,0.0115447,m2
19892627,0.00045,-0.0213978,0.0140409,m2
19893822,0.0002,-0.0201346,-0.00771673,m2
19888504,0.00045,-0.048819,-0.0684264,m2
19893048,0.00025,-0.00646064,-0.0221907,m2
19638427,0.00645,-0.0539321,-0.0501927,m2
19738935,0.01655,-0.021768,-0.0255129,m2
19894265,5.0e-05,0.0755888,0.0438343,m2
19647348,0.0457,-0.0159263,-0.035409,m2
19883626,0.0009,-0.0182027,-0.0128051,m2
8842925,1.0,0.017519,0.00618625,m2
19887339,0.00155,-0.0538373,-0.0516812,m2
19885363,0.0015,0.0478838,0.046329,m2
19878274,0.00045,0.0362378,0.0432192,m2
19892861,0.00025,0.00957858,-0.00587604,m2
19894605,5.0e-05,-0.149569,-0.135438,m2
19894604,5.0e-05,0.0522208,0.0193265,m2
19848464,0.00625,-0.0138932,0.0089017,m2
19886960,0.00105,0.115685,0.0809208,m2
19892859,0.00065,0.0785923,0.0579573,m2
19674077,0.0032,-0.022901,-0.00455909,m2
19856099,0.00015,-0.0126471,-0.00667994,m2
19516167,0.0034,0.0316442,0.0714496,m2
19832766,0.00915,0.0415156,0.040201,m2
19888690,0.0008,-0.0474931,-0.0599105,m2
19893422,0.0001,0.0104467,0.016201,m2
19894028,5.0e-05,-0.0659753,-0.0450572,m2
19891057,5.0e-05,-0.00196062,-0.00440887,m2
17411620,0.02135,0.0246176,0.00913636,m2
19894027,5.0e-05,-0.0469647,-0.0287398,m2
2565194,1.0,-0.00226259,-0.0013463,m2
19894264,5.0e-05,0.0174094,0.0395196,m2
19893045,0.0001,-0.00565224,-0.0142076,m2
19793665,0.02825,0.0100762,0.00240065,m2
19855898,0.0038,-0.0338875,-0.0351686,m2
19878049,0.0004,-0.00308977,0.0263048,m2
19894603,5.0e-05,-0.064251,-0.0802302,m2
19878270,0.0008,-0.0128348,-0.0183736,m2
19431717,0.0941,0.0228014,0.0227128,m2
19894602,5.0e-05,0.00614601,0.012821,m2
19829557,0.0035,-0.0648962,-0.0768239,m2
19023446,0.06255,0.00656914,0.00535111,m2
19888111,0.0029,0.0559115,0.0757347,m2
19790051,0.00285,0.0074778,-0.0370649,m2
19858269,0.0074,0.0345451,0.0441083,m2
19789269,0.00095,-0.0446031,-0.0566565,m2
17970865,0.1325,0.00357192,-0.00105155,m2
17102586,0.3755,0.0106703,0.00914937,m2
19685543,0.00545,-0.0273243,0.00206613,m2
18912489,0.0262,0.0161129,0.000519405,m2
19894025,0.0004,0.0117354,0.00376186,m2
9608438,1.0,-0.0156346,0.00833155,m2
8960794,0.85705,0.0308622,0.0225646,m2
19885173,0.00685,0.0773731,0.120916,m2
19893820,0.00055,0.0269145,0.0183299,m2
19894419,0.0001,0.0144402,0.00207944,m2
19894418,0.0001,-0.0435012,-0.0615375,m2
19221887,0.12255,-0.00678839,-0.00727048,m2
17303904,0.45695,-0.00565727,-0.0106744,m2
19868809,0.0059,-0.00418178,-0.00666192,m2
19876418,0.002,0.0194635,0.0355531,m2
19894601,5.0e-05,1.67277e-05,0.0233081,m2
19883822,0.00175,0.0333012,-0.00306456,m2
19881144,0.0017,0.0202895,0.0449399,m2
19872543,0.0009,0.00904897,-0.0146671,m2
19889477,0.0003,0.0389903,0.03718,m2
19506681,0.0151,-0.0229665,-0.0273111,m2
15941977,0.796,0.00697821,0.0102534,m2
19893043,0.0006,0.00598758,0.0045866,m2
19881531,0.0019,-0.0300396,-0.0566438,m2
19877427,0.0005,-0.00260691,0.00633753,m2
19891253,0.00075,0.0495458,0.0119815,m2
19884411,0.0005,0.0650831,0.0646303,m2
18990692,0.1187,-0.0151353,-0.0200379,m2
19797976,0.0023,-0.0318688,-0.0433566,m2
19863601,0.0171,0.0302885,0.0681703,m2
14977526,0.01285,0.0252188,0.0181165,m2
19894260,0.00015,0.0125586,0.0302537,m2
19827744,0.00205,-0.0145126,-0.0578148,m2
19880374,0.0001,0.0605522,0.0400064,m2
19894600,5.0e-05,0.0555273,0.0680694,m2
19893414,5.0e-05,-0.0156399,-0.0100659,m2
19818937,0.0096,0.00611999,0.0126923,m2
19892624,5.0e-05,0.056735,0.0381145,m2
8808811,0.85705,-0.0334204,-0.0210073,m2
19852214,0.0009,0.00791021,0.0127322,m2
19083139,0.017,-0.00967872,-0.0244975,m2
19871564,5.0e-05,-0.0114454,-0.03736,m2
19720566,0.01235,-0.0222682,-0.0361704,m2
19830323,0.01025,-0.026623,-0.0415766,m2
19893236,0.00015,0.0400047,0.0220851,m2
19796247,0.02985,0.0400984,0.0465144,m2
12771986,0.9025,-0.0181575,-0.00827966,m2
16118621,0.0473,-0.019255,-0.0127758,m2
19866171,0.00435,-0.0050585,0.0378254,m2
19894599,5.0e-05,0.0310513,-0.0164102,m2
1722820,1.0,-0.00880067,0.013396,m2
19194758,0.0611,-0.00918709,-0.00176088,m2
13822524,1.0,-0.00353741,0.00645353,m2
9898503,1.0,-0.00583798,-0.0189734,m2
19884968,0.0005,0.0354652,0.0210304,m2
19878046,0.0003,0.0311401,-0.0108204,m2
19894598,5.0e-05,0.0192642,-0.0266901,m2
17298620,0.61335,0.0246622,-0.0175954,m2
19865350,0.0123,-0.0727009,-0.0751537,m2
19894597,5.0e-05,0.0172265,0.0159995,m2
13097509,1.0,-0.0228978,-0.0219687,m2
19710956,0.04725,-0.0353275,-0.027872,m2
19870374,0.00815,0.0195783,0.0228954,m2
19862820,0.00105,0.000797016,-0.0400503,m2
19511785,0.00515,0.0648357,0.0328897,m2
18878027,0.0601,-0.018061,-0.0319849,m2
18026285,0.3648,0.00149737,-0.00683316,m2
19793467,0.0012,0.0190083,0.019029,m2
10932264,0.26205,-0.0167824,-0.00197546,m2
19894596,5.0e-05,-0.0559163,-0.0480537,m2
19894414,5.0e-05,0.0447765,0.0677326,m2
460662,1.0,-0.00077375,0.00633195,m2
19892022,0.00055,-0.0289977,-0.0336309,m2
18351047,0.00805,-0.00191145,0.00065635,m2
19888499,0.0006,-0.0143827,-0.0560728,m2
19885752,0.00025,-0.0203664,-0.0387914,m2
19894595,5.0e-05,0.00718924,-0.0150006,m2
19893608,0.0004,-0.0143181,-0.0388385,m2
14921293,0.5095,-0.00152972,0.00181933,m2
19894412,5.0e-05,-0.0266275,-0.0531932,m2
19854482,0.01615,0.0123709,0.00901118,m2
19893816,0.00015,-0.0392905,-0.065857,m2
19894594,5.0e-05,-0.0054688,-0.0302988,m2
19723793,0.0473,-0.0288569,-0.0341988,m2
19894593,5.0e-05,-0.0825501,-0.0968418,m2
19894021,0.00015,0.081815,0.104317,m2
19757298,0.0108,0.00828524,-0.000214826,m2
19698322,0.0091,-0.00359126,0.0263735,m2
19894592,5.0e-05,0.0492877,0.0536171,m2
19852207,0.0114,-0.0262545,-0.0190164,m2
19894251,0.0002,0.0223033,0.04172,m2
19893603,0.00025,0.0171362,0.0112241,m2
19864963,0.00065,0.0391633,0.0628624,m2
19783487,0.0064,-0.0468401,-0.0342036,m2
19852643,0.00055,-0.108424,-0.0855207,m2
5251691,1.0,0.0049997,-0.0127656,m2
19676717,0.0171,0.0561946,0.0334036,m2
15465455,0.9623,-0.00852108,-0.00975218,m2
19513577,0.0793,-0.00174591,0.0107083,m2
19894591,5.0e-05,-0.0283353,0.00373261,m2
19861293,0.02265,0.00449685,0.0123211,m2
18844758,0.01685,0.00164279,0.00195182,m2
19880557,0.0012,0.0181763,-0.00668814,m2
19891439,0.0001,0.0566837,0.0445611,m2
19834524,0.0013,-0.0324377,0.00243504,m2
19827552,0.0006,0.00746178,0.0199778,m2
19861081,0.0041,0.0568114,0.0441746,m2
19880366,0.0039,-0.0823129,-0.0567327,m2
19888684,0.00075,-0.0296707,0.0136267,m2
17081741,0.62515,-0.0221485,-0.0404614,m2
19856291,0.0022,-0.0354996,-0.0144953,m2
19884209,0.00055,0.0103142,-0.0613549,m2
19789659,0.0128,0.0103339,0.000820537,m2
19888683,0.00035,0.0395496,0.0416929,m2
19894019,0.0003,0.0662883,0.0895087,m2
19893039,0.0002,-0.0844823,-0.125692,m2
19891247,0.00025,0.00993985,0.0391854,m2
19867339,0.0018,-0.038908,-0.0487643,m2
20904,1.0,-0.014409,-0.000495804,m2
19536947,0.0087,-0.0134134,-0.00185325,m2
19894408,5.0e-05,0.0727858,0.0431502,m2
19807847,0.01685,0.0153603,-0.00488205,m2
19878843,0.0005,-0.0510088,-0.0147944,m2
19894407,5.0e-05,0.0625055,0.0428629,m2
19893037,0.0011,-0.0887424,-0.0568913,m2
19657478,0.0351,0.043764,-0.00051171,m2
19881735,0.0008,-0.0614614,-0.0411478,m2
19883195,0.0037,0.0608889,0.0460727,m2
19894406,0.0001,0.0704864,0.0558245,m2
19304633,0.07205,-0.0224325,-0.0149883,m2
19894590,5.0e-05,-0.0194212,-0.00932181,m2
3890062,1.0,-0.00704693,0.0141036,m2
19886752,0.0024,-0.0015237,-0.0143596,m2
19894589,5.0e-05,0.0440018,-0.00619199,m2
19887719,0.00165,-0.0359943,-0.00709554,m2
19859039,0.0033,0.0586187,0.0390085,m2
19893036,5.0e-05,-0.0389345,-0.0722672,m2
19739918,0.00595,-0.0576416,-0.0571666,m2
19748879,0.05135,0.00691826,0.0227053,m2
18807163,0.28745,-0.0255066,-0.0205102,m2
13226886,1.0,-0.00595145,0.00199025,m2
19887122,0.0013,-0.0339475,-0.0237474,m2
18285843,0.3049,0.013257,-0.0115649,m2
19891246,0.00075,0.0484817,0.0211341,m2
19865548,0.01715,-0.0270758,0.0010042,m2
19894588,5.0e-05,0.0432677,0.0147057,m2
19817731,0.01055,-0.0161788,-0.0193362,m2
19887500,0.0004,-0.121107,-0.113548,m2
19761674,0.03125,-0.000759675,-0.0215763,m2
19890275,0.0001,-0.0146848,-0.0179746,m2
19891643,0.0002,0.00651047,-0.00662041,m2
19894247,0.0002,0.00867041,0.0179289,m2
19697557,0.0121,0.020154,-0.0113165,m2
19425683,0.1595,-0.00608309,-0.0095084,m2
19786546,0.0141,-0.0740132,-0.0668644,m2
19894014,0.0001,0.01074,0.0161285,m2
19894013,0.0001,0.0526534,0.0619687,m2
19677720,0.0043,-0.0160409,-0.000851459,m2
19888295,0.00065,0.0700584,0.0518974,m2
19838923,0.0133,-0.00418536,-0.00682046,m2
19894587,5.0e-05,-0.0415694,-0.0422735,m2
19892216,0.00025,-0.0331603,-0.0072255,m2
19872130,0.0077,-0.146496,-0.112596,m2
19891043,0.00025,-0.0634046,-0.100855,m2
19872128,0.00405,0.0492197,0.0535757,m2
19698316,0.01785,0.0191441,0.00615015,m2
19891853,0.0015,0.0328543,0.0157577,m2
19894246,5.0e-05,-0.00508544,-0.0212018,m2
8565575,1.0,-0.00673917,0.0138105,m2
19883996,0.0012,0.016271,0.0129684,m2
8554569,1.0,-0.0209072,0.00641176,m2
19644372,0.00815,0.0649107,0.062996,m2
19886513,0.00035,0.0429927,0.0406042,m2
19849766,0.0087,-0.0753379,-0.0371985,m2
19881132,0.0048,0.0162189,0.0460667,m2
19872741,0.00175,-0.051778,-0.0303417,m2
19845249,0.0058,0.00475424,0.020136,m2
19885165,0.00135,0.0518831,0.0212757,m2
12876004,0.062,0.0218364,-0.00102885,m2
19878639,0.0014,-0.0524345,-0.062217,m2
19892016,0.0005,-0.0378849,0.0173124,m2
19893035,0.0001,0.0353271,0.0412713,m2
19873202,5.0e-05,-0.0255282,-0.00551836,m2
19609681,0.0018,0.04109,0.0820172,m2
19586710,0.04705,0.0349179,0.0251265,m2
19893405,0.0006,0.014365,0.00545313,m2
19829381,0.0004,0.00420449,0.0789148,m2
19894245,0.0002,0.0140407,0.0450853,m2
19847807,0.00325,0.0248174,0.0243731,m2
19887495,0.0008,-0.00677647,-0.0201565,m2
19793261,0.00265,0.0402824,0.0403058,m2
19890274,0.00015,-0.0365969,-0.0329828,m2
14813617,1.0,-0.0171101,-0.015683,m2
19881729,0.00015,-0.032296,-0.0424364,m2
19891242,0.0001,0.0579558,0.0404119,m2
17051914,0.19785,0.0102608,0.00317826,m2
19873400,0.00155,0.0306209,0.00871552,m2
19846653,0.00535,-0.026591,-0.0129545,m2
19892015,0.00035,-0.0374549,-0.00592946,m2
19890652,0.0006,-0.0540867,-0.0633311,m2
19731356,0.0062,-0.0733935,-0.0758625,m2
15140054,0.9079,0.0258973,0.0201455,m2
19894403,0.0001,-0.0372048,-0.0239576,m2
19894009,5.0e-05,-0.0847987,-0.0883022,m2
19893403,0.00025,-0.00525758,-0.0183063,m2
19621956,0.11745,-0.0240807,-0.0224631,m2
19890855,0.0002,0.0064237,-0.0046195,m2
19893224,0.00025,0.0632765,0.0728858,m2
19890854,0.001,-0.0469356,-0.0334647,m2
19893402,0.00045,-0.00496774,-0.0244271,m2
19867741,0.00605,0.10358,0.12106,m2
19811852,0.03415,-0.0483389,-0.0514457,m2
19887494,0.00025,0.0650521,0.0270385,m2
14122950,0.441,-0.00697833,-0.0163147,m2
19887913,0.0015,-0.0914213,-0.0292788,m2
19894586,5.0e-05,0.0526816,0.0333207,m2
19775824,0.00365,-0.0304642,0.00397187,m2
19862023,0.0007,0.01312,-0.0011354,m2
19893808,0.0001,0.00563407,0.0143716,m2
19891434,0.0001,-0.0528966,-0.0635324,m2
19868585,0.00375,-0.0483728,-0.0492346,m2
1361610,1.0,-0.00458125,0.00489869,m2
511293,1.0,0.012565,0.00305303,m2
19894243,0.0001,0.0693816,0.0399505,m2
19884579,0.0001,0.0330273,0.0265498,m2
19575620,0.00215,-0.015197,-0.0260412,m2
19894585,5.0e-05,0.0487249,0.0452062,m2
19821855,0.0245,-0.0437741,-0.0662694,m2
19204926,0.0626,0.0286842,0.00402043,m2
19894584,5.0e-05,0.00325659,-0.00470528,m2
19875232,0.0026,0.033065,0.00824821,m2
19889843,0.0001,0.0233651,-0.0030499,m2
19881513,0.00205,0.0501193,0.0536284,m2
19882743,0.00025,0.0133904,0.0152546,m2
19871952,0.00565,0.0359435,0.0657203,m2
19878833,0.0028,-0.019428,-0.059815,m2
19676298,0.0004,-0.0221832,-0.00435953,m2
19893806,0.0005,0.0519129,0.0487184,m2
10810634,1.0,0.0173333,-0.00135787,m2
19894242,0.00025,-0.0177303,-0.0139744,m2
19888494,0.00095,0.111482,0.12418,m2
19894402,5.0e-05,-0.0186206,-0.0363267,m2
19893221,0.00025,0.0105329,0.0342101,m2
19890850,0.0008,-0.0808006,-0.0836569,m2
7045257,1.0,-0.00405066,-0.00916774,m2
19893401,0.00015,0.00825244,0.0211867,m2
19882563,0.0002,0.0161916,0.0410945,m2
13625913,0.83425,0.00978628,0.0202159,m2
19887709,0.00015,-0.0673436,-0.0857072,m2
19283449,0.03305,-0.00365829,-0.0184435,m2
18082184,0.0814,0.03518,0.0219618,m2
19891431,0.0006,0.0103386,0.00589175,m2
19884577,0.00075,0.00518947,0.0296985,m2
19894583,5.0e-05,0.000116934,0.00210226,m2
19894401,5.0e-05,0.0865581,0.0784375,m2
19894240,5.0e-05,-0.0517929,-0.0114474,m2
19612456,0.093,0.0171211,0.00613979,m2
19890848,0.00035,0.0135886,0.0189027,m2
19892617,5.0e-05,-0.00636821,-0.0367382,m2
19864728,0.0031,0.00985937,0.0026665,m2
19839120,0.0003,-0.0590196,-0.04806,m2
19813825,0.0081,-0.0889254,-0.0299691,m2
12934430,0.90415,0.0125728,0.0142591,m2
19879199,0.0006,-0.0577551,-0.0591315,m2
19893595,0.0001,0.0199643,0.0159512,m2
19880726,0.00095,-0.0512831,-0.0322303,m2
19894005,5.0e-05,0.011583,0.0347804,m2
16693284,0.20535,-0.00508166,-0.0108288,m2
19893594,0.00035,-0.0872604,-0.0552095,m2
19884762,0.00035,0.0669454,0.0856354,m2
19892007,0.0007,-0.00823927,-0.00868992,m2
18408372,0.2267,0.0131542,0.0128466,m2
19894400,5.0e-05,0.0243666,0.017209,m2
19881724,0.0018,-0.0256699,-0.024325,m2
19885339,0.00015,-0.072362,-0.109437,m2
19894399,5.0e-05,-0.0695878,-0.0714492,m2
19885539,0.0004,0.0165312,0.0167665,m2
19846646,0.00135,-0.00768453,0.002165,m2
19893399,0.00035,0.0586411,0.0315043,m2
19894238,5.0e-05,0.00186523,0.0121014,m2
19894582,5.0e-05,0.00984451,-0.00737988,m2
19885736,0.0023,-0.0387022,-0.0569747,m2
9606025,1.0,-0.00673381,0.000776023,m2
19703931,0.00205,-0.0676726,-0.0451689,m2
19892844,0.00045,-0.046437,-0.0586902,m2
19876209,0.0002,-0.0199991,-0.00520345,m2
19894003,5.0e-05,-0.0419796,-0.0369054,m2
19865751,0.00315,0.0452075,0.0328532,m2
19892843,0.00065,-0.0485017,-0.0485227,m2
19859402,0.00165,0.0700128,0.0597874,m2
17693607,0.0288,-0.0141522,-0.00110984,m2
17923793,0.0039,0.0165313,0.0208544,m2
19894581,5.0e-05,-0.0868881,-0.0706877,m2
19889262,0.0001,0.0138998,0.00240615,m2
13504327,0.49395,0.0187659,-0.00783748,m2
19894580,5.0e-05,0.0485984,0.0572308,m2
19858841,0.00265,-0.0261674,0.0331697,m2
19891842,0.001,0.0912113,0.111037,m2
19293635,0.05105,-0.0166819,-0.052003,m2
18642896,0.0962,-0.00197556,-0.00275153,m2
19487683,0.02455,0.0203056,0.00936141,m2
19874634,0.00325,0.000877418,0.0311712,m2
19878829,0.00125,0.0464332,0.0185471,m2
19212723,0.02735,-0.0129703,0.0256523,m2
13002255,1.0,0.00360017,-0.024171,m2
19894396,5.0e-05,-0.0713893,-0.0654922,m2
19200005,0.058,0.0196224,0.00143282,m2
19866152,0.0009,0.0122257,0.0151826,m2
11020147,1.0,0.0107236,-0.00486041,m2
19762841,0.0036,-0.0212893,-0.00677738,m2
17153223,0.0399,0.0264715,0.0267061,m2
19886086,0.0017,0.0384183,0.0265334,m2
19668781,0.00305,0.0179254,0.0372785,m2
19894002,0.00025,0.0342134,0.00988258,m2
19877406,0.0065,0.0514292,0.0714978,m2
19879783,0.00085,-0.0382415,-0.00909788,m2
19834503,0.01095,0.0610627,0.0374094,m2
6399870,1.0,-0.000433808,-0.0210885,m2
19830139,0.00265,0.0264946,-0.00963543,m2
19831496,0.0111,0.0012013,-0.00830668,m2
2373675,1.0,0.00159579,0.0164413,m2
19885912,0.00095,-0.0178783,-0.0253039,m2
19890648,0.0003,-0.0549132,-0.0872078,m2
19846033,0.00115,0.074718,0.0822639,m2
19849754,0.011,-0.0178292,-0.00949303,m2
14883722,0.01265,0.0129303,0.0245781,m2
19893218,5.0e-05,0.000328059,0.0356373,m2
19894236,0.00015,0.0582601,0.0492863,m2
19880721,0.00645,-0.0655638,-0.0421404,m2
19893803,0.00015,0.0069371,0.0244198,m2
19893397,0.00035,0.0132855,0.00115214,m2
9240569,1.0,0.000740952,0.0240592,m2
19894235,5.0e-05,0.06251,0.0739485,m2
19891840,5.0e-05,-0.0799756,-0.069454,m2
19870139,0.0007,-0.00731893,-0.0142302,m2
759726,1.0,0.0125105,0.00422949,m2
19894579,5.0e-05,0.00238763,0.00323576,m2
19891426,0.0013,0.112238,0.112747,m2
19892838,0.0003,-0.0410919,-0.0641182,m2
10345127,1.0,-0.0041775,0.0182297,m2
19893395,5.0e-05,-0.0119517,0.0132033,m2
19879438,0.00035,0.0351314,0.0633901,m2
19170133,0.02025,-0.0203414,0.0146627,m2
14056025,0.2966,-0.00884854,-0.00908302,m2
19685712,0.0018,-0.0471828,-0.0124185,m2
19872733,0.0014,-0.029048,-0.0598271,m2
18351438,0.49855,0.0113357,0.0203771,m2
18688197,0.0862,0.0195997,0.00717007,m2
19875222,0.00205,-0.0296375,-0.0235454,m2
19894234,0.00015,-0.0406612,-0.0533109,m2
19893802,0.0001,0.00158621,-0.00904023,m2
19854889,0.00465,-0.0455137,-0.0309888,m2
19843619,0.0111,0.016873,-0.0185502,m2
19849357,0.00115,-0.0391812,-0.0264963,m2
19820422,0.00275,0.0361927,-0.0159338,m2
19892002,0.0004,0.00190939,-0.0262952,m2
19867318,0.00015,0.00364155,0.0172767,m2
19889655,0.00015,-0.0167638,0.00500674,m2
19867126,0.00105,0.0427816,0.0285457,m2
19437305,0.00285,-0.0213633,0.00527193,m2
19812813,0.00105,-0.0524086,-0.0369051,m2
19892409,0.0007,-0.0148511,-0.00511889,m2
19785096,0.0019,-0.0452423,-0.0391226,m2
19879586,0.0015,0.033654,0.0124578,m2
19887909,0.0002,0.0453985,0.0644335,m2
19731942,0.03085,0.00718956,-0.0179332,m2
19428054,0.0694,-0.00067955,-0.0228504,m2
19893215,5.0e-05,0.0727884,0.0343654,m2
19683943,0.01775,0.0112772,0.0194176,m2
19887483,0.0001,-0.0811582,-0.0494368,m2
19450721,0.051,0.0302529,0.0133041,m2
19875608,0.00035,0.018663,0.00327285,m2
19894394,0.0001,0.0748961,0.0609604,m2
19894578,5.0e-05,-0.0079396,-0.0338847,m2
19894577,5.0e-05,0.00386729,-0.00565458,m2
16294442,0.08505,-0.0108712,-0.00309883,m2
19860049,0.0038,-0.00944264,-0.0453121,m2
17061579,0.24605,-0.00844944,0.00320663,m2
19176452,0.04475,-0.0382482,0.00796223,m2
19870136,0.0005,-0.037906,-0.0125823,m2
19894392,5.0e-05,0.00870881,0.0194927,m2
19891035,0.00065,0.0419862,0.0478984,m2
19884938,0.0015,-0.102141,-0.0904584,m2
19794232,0.0171,-0.0223807,0.0213089,m2
19894576,5.0e-05,-0.048956,-0.0663617,m2
19868783,0.00255,0.0647086,0.0630903,m2
19883980,0.00165,0.016147,0.0138386,m2
19846640,0.0107,0.0287876,0.046496,m2
19894391,0.00015,0.0616939,0.0474991,m2
14845116,1.0,0.0259875,0.0139068,m2
19764631,0.0071,0.0116025,-0.00189028,m2
19890843,0.00065,-0.0347694,-0.0474294,m2
19893022,0.00015,-0.0953318,-0.0792616,m2
19891632,0.0005,-0.0208168,-0.0145737,m2
19894232,5.0e-05,0.0332042,0.0581551,m2
19642567,0.00375,-0.0107682,-0.0271816,m2
19893393,0.0004,0.023558,0.00440587,m2
19894390,0.00015,0.0408798,0.0484276,m2
19862383,0.00275,0.0580078,0.0630921,m2
19834697,0.00285,-0.0294923,-0.0241635,m2
19357617,0.02255,-0.0133854,0.0179042,m2
19893587,0.0004,0.00697947,0.000401468,m2
19834909,0.00555,-0.0180091,0.00485815,m2
19801308,0.0029,-0.0219569,0.0151442,m2
19893799,0.0001,-0.0576666,-0.0181992,m2
19874014,0.0011,-0.0984688,-0.106546,m2
19893585,0.00095,-0.0255013,-0.0295276,m2
18625682,0.004,-0.0119373,0.00329188,m2
19386658,0.0607,-0.00799512,0.00998339,m2
19717774,0.04435,-0.00946403,-0.000405181,m2
19894575,5.0e-05,-0.067722,-0.0707591,m2
19432102,0.13745,-0.0225076,-0.0281884,m2
19068863,0.0146,0.0023632,-0.0246835,m2
19858834,0.00215,0.0369225,-0.020676,m2
19887316,0.0003,0.0279248,-0.000938338,m2
19854666,0.00435,-0.00767239,-0.0238608,m2
6896189,1.0,-0.0165539,-0.0261339,m2
19894230,5.0e-05,0.0452577,0.0249823,m2
19890432,0.00025,0.0559422,0.0396291,m2
19893797,0.0002,0.00434045,-0.00884343,m2
19882731,0.003,0.0311486,0.019759,m2
19894389,5.0e-05,-0.0582631,-0.0590079,m2
19894000,5.0e-05,0.0952313,0.0845655,m2
19893018,0.001,0.0546886,0.0338529,m2
17426850,0.15255,0.0161064,-0.00657494,m2
19892201,0.00065,0.0532028,0.0874066,m2
19770896,0.00335,-0.0171729,-0.016297,m2
19868992,0.00595,0.0248285,-0.00526553,m2
19761655,0.00405,-0.0254561,-0.0301104,m2
19677080,0.0087,-0.0315802,-0.0201425,m2
19890642,0.0004,-0.0607992,-0.060374,m2
19795797,0.00675,0.0342148,0.0120221,m2
19816606,0.00215,0.0642456,0.0537538,m2
19892830,0.0003,-0.020175,-0.0117281,m2
19399509,0.0847,0.0386547,0.0300713,m2
8319283,1.0,0.0298594,0.0167959,m2
19893581,0.00035,-0.0144747,-0.0223013,m2
17984269,0.0554,-0.0407113,-0.0102867,m2
19893213,5.0e-05,-0.00881776,-0.00772394,m2
19875010,0.0076,-0.0186566,-0.0389249,m2
19894229,5.0e-05,0.0231128,0.0204401,m2
19108020,0.1098,-0.00422255,-0.0214459,m2
19893999,5.0e-05,-0.00976995,-0.00226615,m2
19848005,0.0023,0.0112822,0.0188646,m2
19861267,0.00825,-0.0355511,-0.0532406,m2
19894388,5.0e-05,-0.0462154,-0.0368889,m2
19890839,0.00035,-0.0328155,-0.0218356,m2
19893998,5.0e-05,-0.0334343,-0.0297269,m2
10895552,1.0,-0.00650313,-0.00371921,m2
19894387,0.0001,-0.032958,-0.0063871,m2
19886932,5.0e-05,0.0249424,0.0240795,m2
19892600,0.0001,0.0456455,0.0575246,m2
19893792,0.0003,-0.0769517,-0.0814618,m2
19892599,0.00015,-0.0459275,-0.0322672,m2
19894574,5.0e-05,-0.0214888,-0.0292345,m2
19889254,0.0005,-0.0187257,-0.00881537,m2
19793237,0.00665,0.0395984,0.0614874,m2
19822852,0.0003,-0.0387421,-0.0394289,m2
19880536,0.0049,-0.0469199,-0.045126,m2
19887903,0.0003,0.0171747,0.024878,m2
19893577,0.00015,-0.0734858,-0.0622002,m2
5657718,1.0,0.00123329,-0.0105179,m2
19830131,0.00405,-0.0156524,-0.00488777,m2
19894573,5.0e-05,-0.0597344,-0.0368605,m2
19887693,5.0e-05,-0.0244158,-0.00786557,m2
19873600,0.0023,-0.0158923,-0.00507694,m2
19876020,0.0071,-0.0262377,-0.0159475,m2
19887313,5.0e-05,-0.0397364,-0.0241489,m2
19892597,0.0005,-0.0897513,-0.0713808,m2
19781459,0.0082,-0.0204042,-0.0160574,m2
19093070,0.0609,0.00427175,-0.00955337,m2
19710726,0.00305,0.0022821,-0.00788907,m2
19886280,0.0008,-0.0034383,0.0334866,m2
19655916,0.00305,0.0457506,0.0405191,m2
19891026,0.00055,0.0359206,0.062933,m2
18565343,0.13845,-0.00862879,-0.0159856,m2
19865917,0.0025,0.0040949,0.0244861,m2
19837774,0.00745,0.0266106,0.0294319,m2
19894572,5.0e-05,-0.00210975,0.0458244,m2
19173201,0.1035,0.013755,-0.000362051,m2
19893997,5.0e-05,-0.0234379,-0.0163986,m2
19820069,0.00295,-0.0195402,-0.0238704,m2
19887312,0.0006,0.0634926,0.0428308,m2
17955879,0.00445,0.017219,0.00724557,m2
19893385,0.0001,0.0287893,0.0458476,m2
19746159,0.0018,-0.0197514,0.0175997,m2
380194,1.0,-0.00561468,-0.015768,m2
19892596,5.0e-05,-0.00791482,-0.0165469,m2
19894571,5.0e-05,0.0446899,0.0357584,m2
19602806,0.08325,0.00115686,-0.00903746,m2
19893013,0.0002,-0.0279772,-0.0373075,m2
19893574,0.00015,-0.0965456,-0.106894,m2
19718172,0.0319,0.0300639,0.0177473,m2
19885330,0.00055,-0.117995,-0.0815273,m2
19834906,0.0147,0.011234,0.0168535,m2
19894227,5.0e-05,-0.0503749,-0.0533913,m2
19835106,0.0101,0.00191641,-0.0294739,m2
19831701,0.00095,0.0660055,0.039919,m2
19862585,0.0004,0.0226175,0.011257,m2
19891827,0.001,0.0312906,0.0419531,m2
19893996,5.0e-05,-0.0305336,0.00587778,m2
19852001,0.00895,0.0118815,0.00930947,m2
19889820,0.0009,0.0154577,0.0523952,m2
19869774,0.0119,-0.00540348,0.0122507,m2
19813805,0.0169,0.0291755,0.0356388,m2
19630441,0.0353,0.003463,0.0332414,m2
19894570,5.0e-05,-0.0584849,-0.0515935,m2
19891619,5.0e-05,0.0242334,0.0601891,m2
19886073,0.00035,-0.0343277,-0.0558703,m2
19022587,0.04755,-0.0395549,-0.00245484,m2
19891618,0.00065,0.0623474,0.0945402,m2
19884752,0.0051,-0.0336599,-0.0430067,m2
19893790,5.0e-05,-0.0215301,-0.00701087,m2
19894569,5.0e-05,-0.0414108,-0.027738,m2
19525877,0.05765,0.0287193,0.018082,m2
19859391,0.0021,0.0765921,0.0606478,m2
19461196,0.0538,-0.00199641,-0.000898836,m2
19883377,0.0013,-0.0448271,0.00217973,m2
19893573,0.00015,-0.065735,-0.0365134,m2
19230691,0.03495,-0.0491438,-0.047172,m2
19809238,0.00215,-0.0228469,-0.0054499,m2
19891023,0.0001,-0.0280244,-0.0502347,m2
19893381,0.0001,-0.073737,-0.0416032,m2
19848788,0.00725,-0.00271469,-0.00348806,m2
19891992,0.0001,-0.0895983,-0.137028,m2
19894384,5.0e-05,-0.0115517,-0.0111213,m2
19893379,5.0e-05,0.0129748,0.00888339,m2
19814431,0.02295,-0.0324424,-0.0411009,m2
19874810,0.0074,-0.000863012,-0.0197143,m2
19186906,0.0571,0.0181071,-0.00678783,m2
19820817,0.00415,-0.074062,-0.0418713,m2
19845639,0.0005,0.0184443,0.0202448,m2
19894568,5.0e-05,0.0235785,0.0338259,m2
19854253,0.012,-0.0522559,-0.0348131,m2
3542804,1.0,0.0149952,0.000989204,m2
19877602,0.005,0.0372433,0.0379275,m2
19835098,0.0052,-0.0626766,-0.0846176,m2
16265767,0.42055,0.0177507,0.00141635,m2
19890420,0.0004,-0.0364632,-0.0214473,m2
19859807,0.00365,-0.0177859,0.0132316,m2
19889051,0.0011,0.000339715,-0.00626386,m2
19867306,0.0019,-0.0156962,-0.00912504,m2
18992063,0.00625,-0.0165263,0.00522349,m2
19872720,0.0013,-0.00931101,0.00775362,m2
19894224,0.00015,-0.0402505,-0.0484677,m2
19620188,0.07905,0.0109552,0.00434833,m2
19893995,0.00035,0.0233316,-0.0019735,m2
19883974,0.0009,0.0197496,0.0144838,m2
19890052,0.00025,-0.00260038,-0.0157848,m2
19874430,0.004,0.0154396,0.006599,m2
19887899,0.00115,0.0449853,0.0363018,m2
19893572,0.0001,-0.0122044,-0.0394082,m2
19894567,5.0e-05,0.00705673,0.0285243,m2
19892395,0.00015,-0.0920529,-0.0749735,m2
19894566,5.0e-05,0.0663866,0.0433345,m2
19350076,0.0015,0.0150068,-0.0215076,m2
19221641,0.10175,-0.0165041,-0.0461259,m2
19888846,0.0001,-0.0184097,-0.0508686,m2
19892591,0.0004,0.0606599,0.0567626,m2
19824053,0.0243,-0.0355372,0.00321048,m2
19881708,0.003,-0.0322296,-0.068842,m2
19842670,0.0127,0.0661045,0.0693099,m2
19858819,0.00285,0.0338999,0.0103158,m2
19837770,0.00285,-0.0460522,-0.0217639,m2
19893993,5.0e-05,0.0577889,0.0238699,m2
19894565,5.0e-05,-0.0681501,-0.0630974,m2
19894564,5.0e-05,-0.0638059,-0.0223413,m2
19651716,0.0647,0.03323,0.0423318,m2
19422180,0.036,0.00290332,0.0182299,m2
19891220,5.0e-05,-0.00811219,-0.0408827,m2
19862369,0.00835,0.00166709,-0.0310367,m2
19893010,0.0004,-0.0325499,-0.042926,m2
19867523,0.0014,-0.0122681,-0.00728932,m2
9731037,1.0,0.0181402,0.0144043,m2
19889640,0.0001,0.102125,0.0838136,m2
19748836,0.0096,-0.114375,-0.111281,m2
19891985,0.00095,-0.0904606,-0.0386112,m2
19730726,0.02115,0.0145763,0.0147533,m2
19894380,5.0e-05,0.000784196,0.0059292,m2
17368828,0.08045,0.0112012,-0.0163243,m2
19894379,0.00015,-0.0309422,-0.0218779,m2
17689353,0.03425,0.0313981,0.00417878,m2
19894563,5.0e-05,0.0109419,-0.0104354,m2
19894562,5.0e-05,-0.0290932,0.0255888,m2
19889639,0.00015,0.00785466,0.00224532,m2
19891610,0.0006,-0.0382736,-0.000476553,m2
19880699,0.0012,0.00638311,0.0214759,m2
19894378,0.0001,0.0477814,0.0566097,m2
19324474,0.04985,-0.01627,-0.00539536,m2
19883788,0.00035,0.0456181,0.0258385,m2
19891609,0.0006,-0.0257842,-0.0503082,m2
3834541,1.0,-0.0108877,-0.00347061,m2
19894561,5.0e-05,0.0326017,0.035032,m2
19893989,5.0e-05,-0.0487991,-0.00662985,m2
19885900,0.00455,0.0651966,0.0572937,m2
19893988,0.0001,0.0758382,0.0844866,m2
19889247,0.0003,0.0218192,0.0266955,m2
19529291,0.03255,0.0206115,0.0186152,m2
19774612,0.00605,0.0115895,-0.00412216,m2
19893206,0.00025,0.0572271,0.0852445,m2
19891217,0.00065,0.0347318,0.0251508,m2
19893375,5.0e-05,0.0621159,0.0110053,m2
19607702,0.00385,-0.0653632,-0.0558919,m2
19894560,5.0e-05,-0.0173944,-0.00293822,m2
19885724,0.0001,0.0414577,0.00417758,m2
19738881,0.0116,0.0296062,0.0215344,m2
19821037,0.0098,0.00718741,-0.00497398,m2
19874235,0.0022,0.0538389,0.0251852,m2
19888839,0.00055,0.0473879,0.0248017,m2
19882121,0.0037,-0.00669636,0.0158292,m2
19894376,0.0002,-0.10411,-0.101861,m2
15434517,0.9741,0.00328915,0.00148908,m2
19892587,0.00185,-0.056583,-0.0271663,m2
19890251,0.00015,-0.0255038,-0.0385667,m2
19584531,0.02945,0.00821336,0.0203084,m2
18310072,0.09585,0.0190559,0.0167205,m2
19836534,0.0054,0.0336957,0.0291382,m2
19892586,0.00015,0.015998,-0.019182,m2
17917759,0.23655,-0.00127673,0.0134467,m2
19892184,0.00035,0.0367383,0.053636,m2
19841823,0.00495,0.00559855,-0.0149707,m2
19894375,5.0e-05,-0.010723,0.0171529,m2
19893004,0.0001,0.0100057,-0.0162743,m2
19550577,0.0105,0.0399401,0.0516249,m2
19746336,0.0179,-0.0548447,-0.0245987,m2
19036631,0.12565,0.0104665,0.00927993,m2
19569940,0.00045,0.0457487,0.0259977,m2
19891016,5.0e-05,0.0190653,0.0479902,m2
19171379,0.0073,-0.0190434,-0.00116134,m2
19841443,0.00055,-0.00758122,-0.0199867,m2
19894374,5.0e-05,-0.115415,-0.123854,m2
19565300,0.03685,-0.0096025,-0.0254378,m2
19890047,0.00095,0.000374566,-0.00194244,m2
19889243,0.00085,0.0348661,0.0417558,m2
19865312,0.0005,0.0392905,0.0453636,m2
19850965,0.01375,0.00166178,0.0508854,m2
19874611,0.0069,0.0640138,0.041101,m2
19891820,5.0e-05,-0.040974,-0.0260799,m2
19894218,0.00025,0.0779099,0.046529,m2
19893986,5.0e-05,0.0266998,0.00556955,m2
19838486,0.0026,0.0527949,0.075734,m2
18772750,0.10265,-0.0414189,0.0104638,m2
19892817,0.0005,-0.0614793,-0.0299063,m2
2202638,1.0,0.00299496,-0.0105093,m2
19894217,0.0001,-0.0409,-0.0400541,m2
19864927,0.0031,0.00492463,0.00883591,m2
19894373,0.00015,-0.0264759,-0.0346199,m2
19775620,0.01465,0.0572043,0.0478566,m2
19894559,5.0e-05,0.0580441,0.0645446,m2
19892388,0.00045,-0.0168397,0.00355589,m2
19894558,5.0e-05,-0.00360638,0.00593854,m2
19894216,0.0001,-0.0426009,-0.0709748,m2
19891603,5.0e-05,0.0171223,0.0881987,m2
19880694,0.00095,0.054767,0.072729,m2
19369524,0.21155,-0.0191563,-0.0097837,m2
19882538,0.0006,-0.00987439,0.00923583,m2
19892181,0.00065,0.0128933,0.0688411,m2
19853843,0.0032,0.0700221,0.0605336,m2
19893563,0.00015,-0.0096321,0.0062236,m2
16944078,0.3224,0.00684281,0.00135552,m2
19880904,0.0004,0.0598686,0.0802917,m2
19894371,5.0e-05,-0.0685254,-0.0637527,m2
19891013,0.0001,-0.0656092,-0.0608835,m2
19891406,0.00015,-0.0317739,-0.0105621,m2
1127752,1.0,0.0109346,0.0250809,m2
19894215,0.0001,-0.042986,-0.0747697,m2
18928803,0.0725,0.0108451,0.00894918,m2
19864690,0.00025,0.00261037,0.0180945,m2
19890411,0.0007,-0.0106302,-0.0250733,m2
6202228,1.0,-0.00796938,-0.00595803,m2
19875788,0.0005,-0.00619594,0.0022936,m2
19893370,0.0001,0.0442158,0.0130513,m2
19886061,0.00075,0.0307818,0.0490653,m2
19893981,0.00025,-0.0724802,-0.0700593,m2
19893980,0.0001,0.00614116,-0.00329487,m2
19892385,0.0001,-0.0220812,-0.00895346,m2
19885518,0.00015,-0.0662294,-0.0776214,m2
19894370,5.0e-05,-0.0239504,-0.0456387,m2
19893777,5.0e-05,-0.011609,-0.0131519,m2
14775934,0.90575,-0.00536532,0.00892757,m2
19894557,5.0e-05,0.0466832,0.0715258,m2
19890041,0.00145,0.0562015,0.0317006,m2
19891211,0.0002,0.0597763,0.0765168,m2
19894214,5.0e-05,-0.0859576,-0.0883904,m2
19891403,0.0002,-0.00959829,-0.00849371,m2
19740095,0.00755,-0.0396162,-0.0467872,m2
19036403,0.15125,0.0137379,0.0124938,m2
19892383,0.00085,-0.0864872,-0.0630045,m2
19469106,0.0146,-0.020425,-0.0244676,m2
19894556,5.0e-05,-0.037434,-0.0187376,m2
19877985,0.0018,0.128301,0.0945347,m2
15697888,0.79655,0.0163548,0.0124498,m2
19888829,0.0008,-0.0544334,-0.0478897,m2
19446108,0.04355,-0.0208026,-0.0331443,m2
19879956,0.00585,0.0725921,0.0800693,m2
19862573,0.007,-0.0324365,-0.0390289,m2
19794996,0.0236,0.00549442,-0.0222268,m2
19736892,0.00845,0.00782982,-0.00854199,m2
19891209,0.0001,0.0214342,0.0676979,m2
19894368,0.00015,0.0169675,0.00518234,m2
19880688,0.0022,-0.0315402,0.00554591,m2
19885315,0.0007,0.046808,0.0425998,m2
19747470,0.11965,0.0237177,0.0124,m2
19874416,0.00895,0.0413977,0.0163174,m2
19564503,0.013,0.00179044,-0.0222267,m2
19892810,0.0004,0.0721964,0.0643194,m2
19879161,0.0011,0.0212048,0.0303801,m2
19894367,0.0001,0.0463051,0.0226553,m2
19294201,0.047,0.00331405,-0.0100516,m2
19495478,0.02865,-0.00374899,-0.0376178,m2
19882115,0.0003,-0.0230253,-0.0236376,m2
19891971,0.0001,0.0145917,-0.0353502,m2
19894366,5.0e-05,-0.0674463,-0.0613522,m2
19882114,0.00045,-0.017434,-0.0197631,m2
19835085,0.0044,-0.0540252,-0.0555293,m2
19894555,5.0e-05,-0.0149732,0.000597069,m2
19894212,0.0001,0.0666369,0.0693452,m2
19894554,5.0e-05,-0.0159927,0.000151769,m2
19823854,0.00095,-0.0519869,-0.0450584,m2
19887676,0.0037,-0.0457847,-0.0196918,m2
18405844,0.06965,0.0297276,0.00669401,m2
19882532,0.0018,0.0263402,0.035581,m2
19891399,0.00085,0.0170773,0.0375736,m2
18447547,0.0237,-0.0237832,-0.00280893,m2
19804127,0.00555,-0.0599383,-0.0532044,m2
19894364,5.0e-05,0.0369773,0.0432941,m2
19872491,0.0001,0.0471616,0.0782247,m2
19860862,0.00015,0.0530992,0.0796045,m2
19891007,0.0001,-0.0746081,-0.111753,m2
2292227,1.0,0.0175615,0.00548134,m2
18362423,0.4163,-0.0152471,-0.0156727,m2
19890813,0.00025,0.0567714,0.0811174,m2
19853839,0.0064,0.0757822,0.0369973,m2
19618781,0.00055,-0.0146669,-0.0358553,m2
19893774,0.00015,0.0600721,0.05118,m2
10108032,1.0,-0.00461603,-0.0214231,m2
19828710,0.0131,-0.0125606,-0.00558095,m2
19894553,5.0e-05,-0.0713669,-0.0720841,m2
19894552,5.0e-05,0.0600792,0.039749,m2
19894211,5.0e-05,-0.0182113,-0.0133231,m2
19666090,0.02375,-0.0452539,-0.0145476,m2
19756467,0.00935,-0.0195551,0.0125681,m2
19894361,0.0001,0.014088,0.015665,m2
19871745,0.009,0.0068339,-0.0495258,m2
19891966,0.0004,-0.0589717,-0.0763145,m2
37384,1.0,0.00636695,0.0211589,m2
19892378,0.0006,-0.0355032,-0.0681714,m2
10618831,0.29385,0.00281674,0.00976852,m2
14899349,1.0,-0.00181321,-0.0183431,m2
19752935,0.01125,-0.070793,-0.0779297,m2
19881877,0.0017,0.0204086,0.0116117,m2
16027332,0.10655,-0.0138425,-0.0193751,m2
19887879,0.0036,-0.0166873,0.0233278,m2
19387962,0.10015,0.0013704,-0.0177334,m2
19812991,0.0096,-0.0507318,-0.0372559,m2
19894210,5.0e-05,-0.0480599,0.00044681,m2
19894551,5.0e-05,-0.0330225,-0.0832015,m2
19889420,0.00025,0.0469239,0.0400882,m2
19506627,0.00715,0.0108669,0.0071629,m2
18089755,0.17955,0.00995882,0.0174284,m2
19743825,0.0032,-0.0253546,-0.0476846,m2
19894360,5.0e-05,0.0240005,0.0606078,m2
19890037,0.00295,0.0173027,0.0149797,m2
19839489,0.02,-0.0103684,-0.0184991,m2
19608275,0.00935,-0.0501438,-0.0629282,m2
19894550,5.0e-05,0.0558906,0.0199515,m2
19891596,0.0003,0.00337889,0.0419007,m2
19443470,0.0753,-0.037993,-0.00926648,m2
19888256,0.00075,0.000780789,-0.0207265,m2
19894549,5.0e-05,-0.097692,-0.0912301,m2
19731313,0.0433,-0.0287216,-0.0233774,m2
19894548,5.0e-05,0.0247821,-0.0164782,m2
19893554,0.00035,0.000540067,0.0176992,m2
19806298,0.0081,0.0403118,0.0524167,m2
19887876,0.0011,0.051422,0.0430406,m2
19482058,0.0374,0.0139621,0.0593833,m2
19891963,0.00055,-0.00526154,-0.00514578,m2
18561753,0.00635,-0.0270338,-0.029978,m2
19850369,0.0058,0.0382823,0.0465045,m2
19706329,0.03005,0.0590144,0.0339345,m2
19700710,0.00315,-0.0218141,0.0397972,m2
19873161,0.0026,0.0771651,0.0904381,m2
10673709,1.0,0.0216934,0.0116889,m2
19894357,0.0001,0.0360789,0.0277134,m2
19816973,0.01385,-0.0355268,-0.0157339,m2
19893195,0.0002,-0.00560587,-0.0486638,m2
19892574,0.0002,-0.0128937,-0.0163185,m2
19893772,0.0003,0.0627198,0.0891658,m2
19889417,0.00025,-0.013999,-0.0166248,m2
19835915,0.00195,0.00800833,-0.0213421,m2
19884167,0.0005,-0.0042097,0.00932589,m2
19892375,0.00035,0.00484123,-0.01772,m2
19866114,0.0019,-0.0210419,-0.0116396,m2
19891199,0.00035,-0.050406,-0.0583917,m2
19894356,0.0001,0.0715748,0.0694787,m2
19892803,0.0001,0.0817024,0.0617733,m2
17181896,0.48205,-0.0218946,-0.0129247,m2
19878596,0.0013,-0.0230928,-0.0117395,m2
19888074,0.0008,-0.0839954,-0.0693742,m2
19810861,0.0001,0.0392289,0.0292305,m2
19887291,0.0006,-0.0749394,-0.0649232,m2
19893193,0.0003,0.0665902,0.0571511,m2
19870915,0.00375,0.0117936,-0.0137664,m2
19885708,0.0062,-0.0025068,-0.0156941,m2
19856398,0.00335,0.0107931,-0.0231127,m2
19892573,0.0002,0.118885,0.132479,m2
8104852,1.0,-0.0264343,-0.0055195,m2
19109000,0.0119,0.0151448,-0.00351933,m2
19894355,5.0e-05,-0.061206,-0.0413835,m2
8826052,1.0,0.0160995,0.000957453,m2
19886252,0.0009,-0.017356,-0.0241291,m2
19894547,5.0e-05,0.0894297,0.055434,m2
19874595,0.00525,0.0259605,0.0244747,m2
1295999,1.0,0.0137633,-0.0103311,m2
19850368,0.00065,0.0739622,0.0414087,m2
19839085,0.01815,0.0120706,0.0291154,m2
19891000,0.00035,0.028223,-0.0117351,m2
19618012,0.02775,0.0349258,0.00374333,m2
19870111,0.0009,-0.0153953,-0.00955624,m2
6833612,1.0,0.0127929,0.0172625,m2
19878984,0.0014,-0.00152471,-0.0335784,m2
19867702,0.0028,0.0416019,0.0240933,m2
19893771,5.0e-05,0.0407716,0.0142216,m2
19892995,0.00035,-0.0421915,-0.0460274,m2
19894546,5.0e-05,0.0116885,-0.0115078,m2
19893970,0.00015,-0.0423782,-0.0500457,m2
19626687,0.04155,-0.0412323,-0.0182309,m2
19894545,5.0e-05,-0.0257619,-0.0101559,m2
19783040,0.0089,-0.118211,-0.0833939,m2
19453996,0.02735,-0.0471431,-0.0258712,m2
19880679,0.0003,-0.0965505,-0.0800029,m2
19892571,0.00015,-0.029546,-0.0442086,m2
19859591,0.003,0.0967391,0.109093,m2
19468147,0.05245,-0.0374941,-0.0286308,m2
19828500,0.0041,0.0207421,0.0027232,m2
19887449,0.0039,0.0196683,0.015864,m2
19894544,5.0e-05,0.0685983,0.0995495,m2
19892993,5.0e-05,0.000551338,-0.00384405,m2
19894351,5.0e-05,-0.004438,0.00102782,m2
19872081,0.00755,0.00321282,-0.00962605,m2
19755232,0.037,0.0187663,0.0334418,m2
19893968,0.00015,-0.0631534,-0.0716907,m2
19564067,0.0171,-0.00607451,-0.020062,m2
19893967,5.0e-05,-0.0861376,-0.0486008,m2
19642538,0.04695,0.0317179,0.0239804,m2
16847049,0.70925,0.0128909,0.00710067,m2
11220111,0.3593,-0.0370161,-0.00500061,m2
19859371,0.00745,-0.0693863,-0.0458695,m2
19669761,0.0018,-0.00397467,-0.0376308,m2
19808206,0.00465,-0.025945,-0.085441,m2
19890027,0.0002,-0.0194021,0.0137838,m2
19370856,0.18675,-0.0117274,0.00337344,m2
19849523,0.01085,-0.0187018,-0.0260882,m2
19891960,0.0001,-0.0549254,-0.0737252,m2
19894203,0.0002,0.0365458,0.0292477,m2
16967393,0.33485,-0.00942799,0.00941905,m2
19890400,0.0006,0.0695091,0.0535661,m2
19874984,0.00025,0.0350147,0.0434414,m2
19887447,5.0e-05,0.0399388,0.0457516,m2
19893360,5.0e-05,0.022813,0.00219434,m2
19892991,0.00055,0.00854725,0.0335146,m2
19893765,0.0002,0.0218846,-0.0196429,m2
19888811,0.0002,-0.013706,-0.0273888,m2
19894543,5.0e-05,0.0191258,0.03066,m2
19894542,5.0e-05,-0.0355623,-0.0528337,m2
19872304,0.00855,-0.0456447,-0.0231833,m2
19891956,0.00055,-0.0188063,-0.0188457,m2
3350802,1.0,0.00102608,0.00530146,m2
19869946,0.00165,0.0307521,0.0395776,m2
19894541,5.0e-05,-0.0590524,-0.0366442,m2
19891387,0.0004,-0.0105296,-0.013103,m2
19756672,0.01575,-0.0200861,-0.00317848,m2
19861386,0.0108,0.00918659,0.0350106,m2
19894348,5.0e-05,0.0516561,0.0396524,m2
19856047,0.0018,-0.013441,-0.0375531,m2
19893964,5.0e-05,0.0245555,0.00951713,m2
19893184,5.0e-05,0.00800079,0.00640261,m2
19889016,0.00085,-0.0444303,-0.0415341,m2
19751158,0.01675,-0.0346594,-0.054788,m2
19869147,0.0005,-0.016357,-0.01695,m2
19229891,0.01645,0.0191553,0.0136377,m2
19893963,5.0e-05,-0.0521785,-0.0394912,m2
19767038,0.013,-0.0215452,-0.00874099,m2
19893183,0.0003,-0.0397698,-0.0620999,m2
19888247,0.00205,-0.0850587,-0.062763,m2
19820595,0.0038,0.0364247,0.00115925,m2
19877743,0.00535,-0.00870305,0.00476599,m2
19887288,0.0011,-0.0831962,-0.0618063,m2
19887659,0.00045,0.013314,-0.0333866,m2
19881279,0.0013,-0.0767698,-0.0681046,m2
19894199,5.0e-05,-0.0262332,-0.00569902,m2
19894347,0.0001,-0.0434432,0.0399713,m2
19863533,0.0033,0.0750377,0.0753628,m2
7688520,1.0,-0.0119375,0.00932685,m2
19648206,0.0018,-0.0900761,-0.0476762,m2
19891798,0.0005,-0.0621033,-0.0309374,m2
19869738,0.0009,-0.0229838,-0.0243824,m2
19894540,5.0e-05,0.0205498,0.0311263,m2
19890610,0.00075,0.104471,0.0637196,m2
19891188,0.00035,0.0149776,0.0238462,m2
19872303,0.00035,0.0130719,0.0579966,m2
19845784,0.00175,0.00205491,-0.000327623,m2
19894539,5.0e-05,0.0327666,0.0200166,m2
19894196,0.0001,0.00172554,-0.0265826,m2
19888451,0.00025,0.0520291,0.0591691,m2
16787453,0.0435,0.0214692,0.0287588,m2
19888246,0.00015,-0.104024,-0.119883,m2
19894538,5.0e-05,-0.0057118,-0.00157716,m2
19861032,0.0078,0.0698278,0.0669201,m2
19877973,0.00025,0.0253397,0.0163124,m2
19751156,0.0086,-0.0494812,-0.0279895,m2
19856236,0.0021,-0.0756014,-0.0535287,m2
18431542,0.53435,0.00847989,-0.012493,m2
19832891,0.0017,0.0626011,0.0668489,m2
19890219,5.0e-05,-0.0829879,-0.0680451,m2
19894537,5.0e-05,-0.0403165,-0.0408505,m2
19890218,0.0002,-0.127135,-0.121162,m2
19894342,0.0001,0.0886059,0.0633953,m2
19893355,0.0001,-0.0263554,-0.0149231,m2
19884718,0.0003,-0.018666,0.00859078,m2
19578744,0.03005,-0.0695634,-0.0442713,m2
19865491,0.00085,0.0430369,0.0546248,m2
19894341,5.0e-05,-0.0325657,-0.0288831,m2
19777181,0.00725,-0.0116746,0.0168676,m2
19606898,0.2255,-0.0246263,-0.00501811,m2
19853825,0.00125,0.0167085,0.0181585,m2
19894536,5.0e-05,0.0449548,0.0289566,m2
19875396,0.0029,-0.00575073,-0.04343,m2
19883940,0.0014,-0.0170616,-0.0301526,m2
19894340,5.0e-05,-0.0877104,-0.0800784,m2
19811055,0.0165,0.000278039,-0.00664882,m2
19872907,0.00335,0.0212118,0.0591555,m2
19892366,0.0001,-0.0598112,-0.0678545,m2
19889406,0.00135,-0.0257818,-0.0473842,m2
19892562,5.0e-05,-0.0551832,-0.0472964,m2
19892561,0.00015,0.0666153,0.0428189,m2
19829939,0.00225,0.0792348,0.0344801,m2
19893180,5.0e-05,-0.0359877,-0.0149329,m2
19877566,0.0005,-0.0645747,-0.0268953,m2
19890393,0.00015,0.0981547,0.0788946,m2
19889785,0.00195,0.000501612,-0.0292896,m2
19834866,0.00145,-0.06227,-0.0626884,m2
19885301,0.00025,0.102431,0.0955725,m2
19891792,0.00035,-0.065347,-0.0821069,m2
19743981,0.00555,0.00123905,-0.0163951,m2
16434592,0.14605,-0.0143839,-0.0324667,m2
19838650,0.00825,-0.0188433,-0.0269927,m2
19890019,0.0006,0.0535623,0.0104219,m2
19838868,0.0094,-0.0278861,-0.0133419,m2
19893179,0.0001,-0.0644738,-0.0752303,m2
19893354,0.00015,-0.0107195,-0.00525025,m2
19890214,0.0011,0.0480346,0.0523503,m2
19732889,0.00115,-0.00450728,0.0102832,m2
19845175,0.0012,0.031488,0.0487908,m2
19620747,0.0222,0.00283938,-0.0253563,m2
19799910,0.0106,-0.0407307,-0.0342673,m2
19352204,0.1977,-0.022735,-0.00426941,m2
19652315,0.02375,-0.0107481,0.0169432,m2
19887440,0.00135,0.0152153,0.00812165,m2
19287139,0.0558,-0.0237089,0.0133761,m2
19824863,0.00045,-0.0308717,-0.0254798,m2
19894339,0.0001,-0.0933827,-0.0776668,m2
19893961,0.0001,-0.00598749,0.0171864,m2
19894191,5.0e-05,-0.069339,-0.0948606,m2
19892362,0.00055,-0.0157726,-0.0199061,m2
19894190,0.0001,-0.0597315,-0.0401802,m2
19492311,0.0063,0.00290928,0.0145207,m2
19888622,0.001,-0.0346773,-0.0133835,m2
19893959,0.0001,0.0751807,0.074915,m2
19894535,5.0e-05,0.0463097,0.0555102,m2
19207148,0.0064,-0.0150398,-0.0133566,m2
19889402,0.0003,-0.0377383,-0.018302,m2
19751751,0.00205,0.0609659,0.0536208,m2
19574532,0.1318,0.0238481,-0.00646257,m2
19799705,0.0027,-0.0063635,0.0433073,m2
19594346,0.0347,0.0224184,0.00473011,m2
19892788,0.0001,0.00479919,0.0178088,m2
19250762,0.051,0.0270783,0.0511351,m2
19862160,0.0012,0.0773004,0.0301,m2
19893958,5.0e-05,0.00966825,0.0157681,m2
19411501,0.0264,0.0162904,0.026073,m2
19865088,0.00415,0.0641129,0.0478986,m2
19341714,0.00685,0.0245817,-0.00319854,m2
19893758,5.0e-05,-0.0377633,-0.0236884,m2
19758041,0.0019,0.0374023,0.0483938,m2
19788221,0.0052,0.0546235,0.0357283,m2
5446169,1.0,0.00812161,-0.0127841,m2
10458593,1.0,0.0021396,0.0142712,m2
19884898,0.00015,-0.0640233,-0.0614767,m2
19888620,0.0005,0.0307417,-0.0431311,m2
19893542,0.00045,0.0422362,-0.0393107,m2
19892980,0.0001,0.0846316,0.0653575,m2
19890791,0.0004,-0.0440565,-0.0534296,m2
19894337,5.0e-05,0.0293513,0.0127969,m2
19855827,0.0025,-0.0636895,-0.0850908,m2
19893956,0.00015,-0.0609863,-0.0239534,m2
19880117,0.00095,-0.056849,-0.0782302,m2
19886234,0.0011,0.0323096,0.0452327,m2
19825677,0.02195,0.0657146,0.0644328,m2
18749857,0.0581,-0.000739735,-0.00944683,m2
19799301,0.0039,0.0360407,-0.00110827,m2
1724544,1.0,-0.00539401,0.0086509,m2
19894336,0.0001,0.0355086,0.0377924,m2
19890604,0.0004,0.0560675,0.0964547,m2
19878573,0.00105,-0.0493365,-0.0439866,m2
18988631,0.0067,0.00580506,-0.010601,m2
19893174,0.0004,0.00842813,0.0118179,m2
19792653,0.00085,-0.0873911,-0.080776,m2
19875981,0.0008,0.063198,0.0469488,m2
19890014,0.00155,-0.000948662,-0.000299846,m2
19886689,0.0005,-0.131169,-0.0772321,m2
19867270,0.00505,-0.0191149,-0.0173048,m2
19887072,0.00385,0.0362141,0.0447848,m2
19854858,0.00025,0.0334352,0.0419088,m2
19894189,5.0e-05,0.0274031,-0.0374588,m2
19893955,0.00025,0.00684383,0.0362892,m2
19893539,0.00015,-0.0239778,-0.0434924,m2
9831606,1.0,-0.00241289,-0.00422235,m2
19891578,0.00075,0.0989145,0.109182,m2
15612164,0.8017,0.00834517,0.0279118,m2
1965897,1.0,-0.0125835,8.49829e-05,m2
19630187,0.0176,0.0432534,0.0547383,m2
19870321,0.00055,0.035089,0.0353274,m2
19870096,0.00275,-0.0381866,-0.0510619,m2
14508718,0.6407,-0.0401221,-0.0289891,m2
19894335,5.0e-05,0.0496874,0.0451455,m2
19818690,0.00195,0.0347018,0.0194332,m2
16988336,0.35945,-0.000440707,0.0243943,m2
19894534,5.0e-05,0.030993,-0.0163144,m2
19891577,0.0001,0.0497673,0.0527378,m2
19420800,0.03785,-0.0299247,-0.0155497,m2
19873352,0.0005,0.00286568,0.0368025,m2
19880877,0.0037,-0.0187732,0.00956344,m2
19894533,5.0e-05,-0.0798666,-0.0805984,m2
19893954,0.0002,0.0542996,0.0130423,m2
1593008,1.0,0.0336939,-0.0116394,m2
19871281,0.00195,0.038383,0.0351046,m2
19888437,0.00155,0.0689398,0.0636012,m2
19786287,0.06625,-0.00339446,-0.00389283,m2
19892785,5.0e-05,-0.0595546,-0.0820129,m2
19837500,0.00525,0.012442,-0.00305555,m2
14331591,0.64075,-0.00466368,0.0195536,m2
19889003,0.0008,-0.0149225,0.000218394,m2
19665283,0.01065,-0.0491703,-0.0415231,m2
19888615,0.0002,-0.0247542,-0.028455,m2
19891575,0.0004,-0.0793844,-0.0796763,m2
19886898,0.0002,0.0270062,0.0275253,m2
13787019,0.7761,0.0101224,0.0113445,m2
19858975,0.00335,0.0627379,0.046292,m2
6130805,1.0,0.00218197,0.00902444,m2
19891574,0.0001,0.108179,0.115932,m2
19859783,0.0019,-0.100397,-0.106587,m2
19878356,0.0016,0.0500508,0.0710856,m2
19890385,0.0001,0.000101528,-0.00829434,m2
19874975,0.00675,-0.0161382,-0.035535,m2
19578002,0.03265,0.0162522,0.00865342,m2
19893172,0.0005,0.0017882,-0.0530828,m2
19894333,5.0e-05,0.0184619,0.0213578,m2
19852129,0.01585,0.0184668,-0.00920703,m2
19891366,0.0003,-0.0733486,-0.111005,m2
19889603,0.00085,-0.0149401,-0.0101354,m2
19893171,0.0001,0.0381625,0.0290791,m2
19679820,0.0427,-0.0431701,-0.0297306,m2
19844786,0.0055,-0.00304845,0.00226713,m2
19207345,0.0144,0.037356,0.0491397,m2
19894532,5.0e-05,0.00104735,0.0177021,m2
19761621,0.0218,0.0193094,0.033112,m2
19124115,0.03405,-0.0316092,-0.0312852,m2
19894331,0.00015,-0.11198,-0.144029,m2
19874582,0.0063,-0.0165897,-0.00500896,m2
19806656,0.02025,-0.0103473,0.0307654,m2
19891950,0.00035,0.0396332,0.0238583,m2
19894188,0.0002,-0.0434451,-0.054385,m2
19888050,0.0019,-0.0479035,-0.047757,m2
19668551,0.03025,0.0211036,0.035667,m2
19517674,0.0327,-0.0148351,-0.037666,m2
18431117,0.0356,0.0105405,0.0040211,m2
19893536,0.00025,-0.0187525,-0.0192462,m2
19053473,0.2036,0.0189755,0.0274738,m2
3805780,1.0,-0.00137963,0.00613418,m2
15148559,0.30455,0.0150875,-0.0215618,m2
19883745,0.0017,-0.104566,-0.107269,m2
19885860,0.0008,0.0103426,0.0084595,m2
19776357,0.0264,0.046762,0.0488705,m2
19852984,0.0008,0.0406094,0.0903695,m2
19889393,0.0003,0.116111,0.112937,m2
19826675,0.00085,-0.0190309,-0.0191544,m2
19447696,0.0341,0.0165211,0.0141699,m2
19863346,0.0016,0.0488476,0.0372253,m2
19892151,0.00085,0.00691704,0.000699069,m2
19894330,5.0e-05,-0.00313635,-0.0186098,m2
19870092,0.00135,-0.071795,-0.111571,m2
19875172,0.0036,0.0660237,0.106349,m2
17970800,0.04085,0.00567452,-0.00710537,m2
19785678,0.0281,0.0327653,0.037624,m2
19894530,5.0e-05,-0.068489,-0.0249975,m2
19823208,0.0118,0.0198285,0.0245078,m2
19892554,0.0002,0.00343444,-0.00614583,m2
19892783,0.00025,0.0644246,0.0887047,m2
19553711,0.02995,-0.0116245,-0.0223424,m2
19888047,0.00355,-0.00892988,0.0139824,m2
19887429,0.00075,0.0044059,0.0470948,m2
12746919,0.8813,-0.00487244,-0.0123614,m2
19843562,0.0141,0.0170449,0.000347775,m2
19867072,0.00285,0.0195236,0.0286715,m2
19889206,0.00035,0.0202133,0.012087,m2
19811803,0.01685,0.00287665,0.00372336,m2
19765990,0.05725,0.0837819,0.0874006,m2
19817114,0.0255,-0.028655,-0.0211444,m2
19894529,5.0e-05,0.0465444,0.0554855,m2
19883123,0.0017,0.0061085,-0.0477129,m2
19892553,0.00015,-0.002097,0.00410308,m2
19894328,0.0001,-0.0405601,-0.0487711,m2
19833841,0.0004,-0.0452475,-0.0117611,m2
19893169,0.00055,-0.0459307,-0.0117409,m2
19893346,0.0003,0.0727726,0.0857931,m2
19875973,0.00095,0.0148342,-0.0333168,m2
19894327,5.0e-05,0.0339878,0.0233062,m2
19091826,0.04745,0.0384083,0.0155218,m2
19880864,0.00155,-0.0833666,-0.066473,m2
3046991,1.0,0.00938595,-0.00637261,m2
19822812,0.0018,-0.0288849,-0.0401108,m2
19890780,0.0003,-0.0348831,-0.051879,m2
19890598,0.0013,-0.076086,-0.0509879,m2
19894528,5.0e-05,0.0796401,0.0753617,m2
19669743,0.0298,-0.00772594,-0.0313403,m2
19603742,0.1229,-0.030517,-0.0568894,m2
3281554,1.0,0.0272438,-0.00380001,m2
19884520,0.0001,0.0791977,0.048638,m2
17531062,0.43165,0.00126362,-0.0160779,m2
19888230,0.00035,0.00992665,-0.0268314,m2
19863340,0.01205,-0.0219141,-0.00686434,m2
19861366,0.00175,0.00876732,-0.0103814,m2
19855040,0.00135,0.0272589,0.0305578,m2
19882920,0.0028,0.0731479,0.0550568,m2
19739653,0.04025,-0.0195423,-0.024397,m2
19891168,0.00015,-0.0589405,0.00371102,m2
19893344,0.00025,-0.067751,-0.0519363,m2
19894527,5.0e-05,-0.149614,-0.10414,m2
19894326,5.0e-05,0.0313275,0.0316659,m2
19841793,0.01165,-0.0819343,-0.0487722,m2
19887275,0.00065,0.085978,0.0681257,m2
16908584,0.1624,-0.0151453,-0.0193553,m2
3074155,0.0658,-0.0116655,0.00569767,m2
19839462,0.0291,0.00489879,0.0232475,m2
19884519,0.00115,-0.037093,-0.0645887,m2
19891566,0.0005,0.0738384,0.0768598,m2
14104072,1.0,-0.00976301,-0.00211927,m2
19040015,0.01395,-0.00488131,0.016985,m2
19879930,0.0007,0.00131969,0.0122349,m2
19890008,0.00015,-0.0322691,-0.040301,m2
19885855,0.00225,-0.11128,-0.0908805,m2
19890007,0.0011,0.0191252,0.0222224,m2
19894325,0.0001,0.0609875,0.0380786,m2
19894324,0.0001,-0.0401183,-0.0315598,m2
19791454,0.01655,-0.0424558,0.00692166,m2
19729457,0.0096,-0.043862,-0.0114662,m2
19889595,0.00075,-0.0429161,-0.0610774,m2
19894183,0.0002,-0.100489,-0.0797942,m2
19793801,0.001,-0.0390677,-0.0516923,m2
19894323,0.0001,0.027326,0.00457836,m2
19868101,0.0005,-0.0137753,-0.0391528,m2
19893947,0.00015,-0.00916153,0.00552071,m2
19872280,0.0019,-0.0821878,-0.0409292,m2
18902935,0.02415,0.0171499,-0.00489069,m2
19894182,5.0e-05,-0.0536524,-0.0322116,m2
19894526,5.0e-05,-0.0391522,-0.0244639,m2
19893530,0.0001,-0.108934,-0.0806891,m2
19890976,0.00035,-0.0415035,0.0121505,m2
19701024,0.0186,-0.0597203,-0.0403812,m2
19650263,0.02995,0.0255225,0.0353489,m2
480271,1.0,0.0133034,0.00926022,m2
19813945,0.00175,-0.0185683,-0.0154427,m2
19875378,0.0012,0.0757774,0.067432,m2
19711704,0.0054,0.0689863,0.0743619,m2
19892969,0.00035,-0.0527113,-0.0427057,m2
19857984,0.0025,0.0531864,0.00238973,m2
19747434,0.0157,-0.013501,0.0114183,m2
19893529,5.0e-05,0.0800436,0.0842193,m2
19184222,0.0624,0.0261198,0.0199459,m2
19891776,0.00105,-0.0155915,0.00271027,m2
19887854,0.0003,-0.00067496,0.0329094,m2
19894525,5.0e-05,-0.0444262,-0.0192963,m2
19827671,0.0061,0.000777867,0.0291355,m2
19798909,0.00305,-0.0257037,-0.0614281,m2
19890974,0.0002,-0.0258168,-0.00426266,m2
19722531,0.0148,-0.0193543,-0.0418611,m2
19825475,0.01255,0.0306408,0.0348574,m2
19894524,5.0e-05,0.00796494,0.0104558,m2
19894523,5.0e-05,0.0150068,0.0309055,m2
19894522,5.0e-05,0.0397237,0.0311991,m2
19893749,0.00015,-0.0144676,-0.0115323,m2
19874386,0.00045,-0.045354,-0.0362942,m2
19894521,5.0e-05,-0.0421037,-0.0375934,m2
19893338,0.00045,0.0326988,0.0403648,m2
19862544,0.01125,0.0135709,-0.0236079,m2
19893337,5.0e-05,-0.0323708,-0.0447672,m2
19572723,0.00095,0.0523929,0.0468716,m2
19618387,0.04905,0.00468891,0.00442086,m2
19893945,5.0e-05,-0.0532003,-0.0326501,m2
13283109,1.0,-0.0130948,0.0017305,m2
19868946,0.0014,-0.0599281,-0.0578454,m2
15629281,0.17985,-0.0173042,-0.0150023,m2
19894320,5.0e-05,0.0336241,0.00502167,m2
19894520,5.0e-05,-0.0190714,-0.036044,m2
19894519,5.0e-05,0.0112594,0.0352103,m2
18862357,0.2075,-0.0138495,-0.00495539,m2
19894180,0.00015,-0.0248132,0.0315179,m2
19848735,0.00315,0.0600636,0.0417328,m2
19893524,0.0001,-0.0213149,-0.017035,m2
19873758,0.00325,0.0952319,0.0743559,m2
19894179,0.0001,0.0995005,0.121135,m2
19258618,0.0994,0.030887,0.0412431,m2
19822993,0.00155,0.0230843,0.0366366,m2
19790615,0.0311,-0.0352333,0.0238511,m2
19873551,0.00585,0.0544457,0.0456105,m2
19888785,0.00065,-0.0352414,-0.0160189,m2
19846399,0.00445,0.0541247,0.0637298,m2
19871491,0.00105,-0.0607523,-0.0559306,m2
19846961,0.0046,-0.0667183,-0.0710109,m2
19894319,5.0e-05,0.0364819,0.0344097,m2
19893334,5.0e-05,-0.00160537,-0.0102699,m2
19892141,0.0002,-0.044671,-0.037739,m2
19885849,0.0007,-0.00522114,-0.00878725,m2
19892344,0.00025,-0.036251,-0.0376977,m2
12825460,1.0,0.0197486,0.00280136,m2
19837093,0.0033,-0.00728357,0.00533927,m2
18290645,0.0949,0.00787829,0.00392623,m2
19893942,5.0e-05,0.0124636,-0.00358405,m2
19884141,0.0012,0.0888351,0.0827542,m2
19792034,0.05695,-0.0885538,-0.0556879,m2
18598370,0.1186,-0.0240053,0.00407568,m2
19891161,0.00165,0.0576514,0.0459196,m2
19870886,0.0065,0.00837687,0.00133446,m2
19884888,0.00155,-0.0306284,-0.030663,m2
19827663,0.005,0.0315132,0.052064,m2
19892966,5.0e-05,0.0669636,0.123005,m2
19420788,0.03295,0.0185899,-0.0221184,m2
19892774,5.0e-05,-0.0188391,0.0115035,m2
19230224,0.0946,-0.0151422,0.00381706,m2
6223253,0.3049,-0.00202609,0.007495,m2
19799902,0.00395,-0.0522248,-0.0524395,m2
19893159,0.00015,-0.0894279,-0.0615631,m2
19776554,0.0029,-0.0356834,-0.0578514,m2
19871888,0.00095,-0.00210889,-0.0156607,m2
19428346,0.0213,-0.0172692,-0.0212912,m2
19894126,0.00015,-0.0421551,-0.040651,m2
5520520,1.0,0.00742481,-0.00056626,m2
6459454,0.3637,-0.00278476,-0.00786205,m2
19779193,0.00185,-0.0493943,-0.0403884,m2
19889763,0.0018,-0.00948886,-0.00649256,m2
19892772,0.0003,0.0160305,0.0113172,m2
19894518,5.0e-05,-0.0649323,-0.0401678,m2
19817479,0.00845,0.0415051,0.0160497,m2
19849499,0.0002,0.0758946,0.0748475,m2
19894517,5.0e-05,0.0103909,-0.00673723,m2
19892340,0.00125,0.0168185,-0.00374785,m2
9102827,1.0,-0.00633429,-0.00453679,m2
19890770,0.00085,-0.0752303,-0.0775862,m2
19889376,0.0001,0.0670446,0.0736769,m2
19894516,5.0e-05,0.0123013,0.0222594,m2
19814794,0.00195,-0.0589163,0.0080465,m2
19886024,0.0003,-0.0246753,-0.0304789,m2
19889997,0.00095,-0.0943235,-0.0935455,m2
18667851,0.07,0.00661396,-0.00662428,m2
14527178,0.5787,-0.00568154,-0.00490847,m2
17830133,0.0008,0.00409763,0.0152268,m2
19894125,0.0003,-0.0212274,0.0159356,m2
19801465,0.00335,-0.0378214,-0.0221271,m2
19893333,0.0001,-0.00161384,0.0283814,m2
19846957,0.00125,0.034524,0.00584933,m2
19893523,0.0002,-0.0161548,-0.0377737,m2
19149318,0.00185,-0.0155059,0.0243886,m2
19893522,0.0001,0.0166858,0.0296801,m2
19869914,0.00385,-0.01436,-0.0302357,m2
19728631,0.05715,-0.00186805,-0.0246733,m2
19894515,5.0e-05,-0.00977279,-0.00834301,m2
19864479,0.00135,-0.0118138,-0.0388352,m2
19864643,0.0028,0.0151653,0.0254906,m2
19887063,0.0006,0.0501281,0.0315873,m2
19887423,0.0007,0.041879,0.0391078,m2
19877943,0.001,0.0495759,0.0488165,m2
19537688,0.05035,0.0410217,0.0236983,m2
19889996,0.001,0.0454614,0.0343368,m2
19894514,5.0e-05,0.017556,0.0150459,m2
19801053,0.0001,-0.0124356,0.00642551,m2
19892136,0.00015,-0.0246694,-0.0327666,m2
19894122,5.0e-05,-0.0848581,-0.114728,m2
19892536,5.0e-05,-0.00840299,0.0295717,m2
19893331,0.0003,0.0107339,0.0375478,m2
19856366,0.0025,0.0306009,0.0052445,m2
19618958,0.0171,-0.0279107,-0.0697894,m2
19840268,0.00015,-0.0122111,0.00603779,m2
19891352,0.0001,0.0192143,0.0342935,m2
19893741,5.0e-05,0.0310696,0.00346495,m2
19867477,0.0013,0.0945617,0.0819284,m2
19894121,5.0e-05,-0.0172016,-0.0108726,m2
19894175,5.0e-05,-0.0383559,-0.0468586,m2
19831841,0.00875,0.030537,0.0728648,m2
19864477,0.00415,0.0262165,-0.0110549,m2
19828028,0.0018,0.0584267,-0.0165518,m2
19885106,0.00255,0.0749317,0.0714644,m2
17288917,0.0391,0.00485431,0.0196213,m2
19893939,5.0e-05,0.0296698,0.00731033,m2
19894174,5.0e-05,0.0485387,0.0524743,m2
19888778,0.0005,-0.015025,-0.024512,m2
19893154,0.0003,-0.0387665,-0.0174533,m2
19842629,0.01185,-0.0729444,-0.0764582,m2
11823128,1.0,0.0222806,-0.0173881,m2
19894119,5.0e-05,-0.060252,-0.0843549,m2
19893739,0.00015,-0.177917,-0.168854,m2
19146040,0.1075,-0.00734928,-0.00415326,m2
19894513,5.0e-05,-0.0261846,-0.0449494,m2
19689518,0.0012,0.0234201,-0.0082767,m2
19894512,5.0e-05,0.0166044,0.0239175,m2
19888419,0.00045,0.0149373,0.00839649,m2
19857972,0.0036,-0.0200508,0.00283482,m2
19891553,0.00055,-0.108656,-0.112436,m2
19859769,0.0019,-0.00382514,0.00457044,m2
19058031,0.0863,-0.0113572,-0.00716018,m2
19867475,0.001,-0.0360675,-0.00360444,m2
19894172,0.00015,0.0139365,0.0337748,m2
19870879,0.00625,0.070916,0.0914221,m2
19879519,0.00015,-0.0562965,-0.11047,m2
19894511,5.0e-05,0.0720563,0.055367,m2
17823885,0.30335,-0.0134765,-0.000559119,m2
19891552,0.00015,0.0283559,0.00678519,m2
19894118,0.0003,0.0237699,0.00616316,m2
19758447,0.0046,-0.00558088,0.0101372,m2
17134875,0.03485,-0.0215425,-0.0144924,m2
19883724,0.0029,-0.00989038,0.0147802,m2
19811618,0.02045,-0.0676103,-0.0568501,m2
19679640,0.0191,0.0255472,0.0288868,m2
19891931,0.0008,0.0423985,0.0411162,m2
19888030,0.0003,0.0164926,0.0758209,m2
19888213,0.00145,-0.0483983,-0.0700141,m2
19836269,0.01035,0.0124374,0.0116743,m2
18681981,0.0221,-0.0127252,0.0115082,m2
19894510,5.0e-05,-0.051448,-0.0146377,m2
19864121,0.01235,0.0055099,0.0280143,m2
19890193,0.00035,-0.0969027,-0.0801056,m2
5318873,1.0,0.00995036,0.0131453,m2
19884881,0.00025,-0.0834906,-0.0975662,m2
18691134,0.01555,-0.0409044,-0.0454193,m2
19855392,0.00025,-0.0425123,-0.00718806,m2
19781184,0.001,-0.0566877,-0.0404997,m2
19882669,0.00055,0.0204363,0.0614801,m2
19793165,0.0023,0.0146847,-0.0260848,m2
19888989,0.0003,0.11501,0.127195,m2
19823379,0.0072,-0.0241174,-0.0233759,m2
18712834,0.07895,0.0120253,0.015507,m2
19866087,0.0016,0.0101944,-0.0125841,m2
19670518,0.0081,-0.0217187,-0.00847145,m2
8107609,1.0,0.00116601,0.00199365,m2
19888415,0.0001,0.104075,0.0817342,m2
19894509,5.0e-05,-0.0207302,0.00244909,m2
19135193,0.0081,0.0535121,0.00939343,m2
19888212,0.0006,-0.0490609,-0.0295535,m2
19893516,0.0001,-0.0222901,-0.0190526,m2
19871483,0.00545,0.00159805,0.0292726,m2
12068758,0.25495,0.0137351,0.00250734,m2
19855179,0.0089,0.0300491,0.0293417,m2
19223826,0.00695,-0.0063104,-0.00322886,m2
19894115,0.0001,0.0147507,-0.037849,m2
19892956,5.0e-05,0.027667,0.0429354,m2
19874188,0.00185,-0.0270585,-0.0395583,m2
19893935,0.0001,0.032719,0.0522045,m2
19883908,0.003,-0.0285983,-0.0412151,m2
19894113,0.0001,-0.029036,-0.041007,m2
19782566,0.00675,-0.0596401,-0.0734979,m2
19736475,0.01125,-0.0414933,-0.0534452,m2
19884878,0.00415,-0.0381571,-0.013599,m2
19894508,5.0e-05,0.00574277,0.00231052,m2
19889187,0.00275,-0.00130635,0.0159965,m2
19894111,0.0001,0.0419044,0.0187132,m2
19891760,0.0006,0.0646248,0.0681824,m2
19877937,0.0017,0.0181974,-0.0158252,m2
19890759,0.0002,-0.0560586,-0.032818,m2
19855025,0.0025,0.00205722,0.0148415,m2
19893326,0.00015,-0.00512843,-0.00661234,m2
19894507,5.0e-05,-0.010544,-0.0252546,m2
19894109,5.0e-05,0.0555318,0.0331746,m2
19893515,0.0001,0.0647108,0.075894,m2
19894166,0.00015,-0.00114219,0.0454136,m2
19893933,5.0e-05,-0.00269504,-0.00570581,m2
19739041,0.01325,0.0442408,0.0491512,m2
19892759,0.0006,0.00626685,0.0272977,m2
19883906,0.0023,-0.0595223,-0.11701,m2
19882663,0.0003,-0.0532341,-0.0658392,m2
19860399,0.00045,-0.0461233,-0.0353086,m2
19762380,0.0256,-0.00513597,-0.0121374,m2
8780253,1.0,0.00340981,0.00854172,m2
19515292,0.0276,0.0395168,0.0213075,m2
19889575,0.00045,0.0219431,0.0208256,m2
19893932,5.0e-05,0.0135082,-0.0209357,m2
19879724,0.00265,0.0161836,-0.0130461,m2
19719653,0.00265,0.0617807,0.0429006,m2
19891545,0.0002,0.0117574,-0.0148657,m2
19894165,0.0001,-0.0643635,-0.0572665,m2
19586626,0.007,-0.00440299,0.0395298,m2
5355717,1.0,-0.00120302,0.0350924,m2
19891544,0.00015,-0.0656899,-0.0694,m2
18590723,0.1616,-0.0168664,-0.00372761,m2
19711297,0.04125,-0.000763309,-0.0279239,m2
19894164,0.00015,0.0069673,0.00462235,m2
19880841,0.0032,0.00861542,0.0297193,m2
19680171,0.0774,-0.00620975,0.00847148,m2
19888207,0.001,-0.0529382,-0.0717825,m2
5163709,1.0,-0.015452,0.0108962,m2
19866286,0.00775,-0.0299812,-0.0199085,m2
19574509,0.00675,0.0250257,-0.0149213,m2
19851758,0.0094,0.0259513,0.0649982,m2
19894506,5.0e-05,-0.0283485,-0.0515575,m2
19746840,0.01415,0.0280172,-0.000472288,m2
19893930,0.00015,-0.098869,-0.136974,m2
6829475,1.0,-0.00942567,0.00186364,m2
19894105,0.0003,-0.0319199,-0.0701937,m2
19743945,0.0045,0.0851802,0.0696955,m2
19891925,0.00015,0.0514139,0.021253,m2
19885839,0.00135,-0.045763,-0.0454802,m2
19887052,0.00075,0.046786,0.0823673,m2
19887051,0.00065,0.0518382,0.0743807,m2
19847323,0.00875,0.006499,-0.0188926,m2
19894104,5.0e-05,0.0703961,0.0765089,m2
9645420,0.038,-0.000439234,0.00870619,m2
19885673,0.00145,-0.0633264,-0.0366458,m2
19892951,0.0001,0.0785802,0.0512505,m2
19894103,0.0001,-0.0638815,-0.0260312,m2
19808162,0.0295,0.0270903,0.0383929,m2
19785438,0.0049,-0.088651,-0.0453684,m2
19460102,0.0399,-0.00243115,0.020557,m2
19890576,0.0002,0.0148866,-0.00797937,m2
15258237,0.5079,0.0124768,0.0197112,m2
19888983,0.00025,0.045092,0.0565094,m2
19839047,0.012,0.0762221,-0.00802158,m2
6074234,1.0,-0.00594789,-0.0126105,m2
19894101,0.0003,0.0616541,0.0491538,m2
19114330,0.01055,-0.0300257,-0.0141134,m2
19877710,0.0006,0.0510944,0.0326975,m2
19883297,0.00045,0.0552591,0.0595732,m2
19216727,0.06285,0.0247985,0.028773,m2
19859545,0.01215,-0.0294748,-0.0236691,m2
19855735,0.0126,0.0199979,0.0621997,m2
19883533,0.00105,-0.00476485,0.0042052,m2
19847553,0.00985,0.031225,0.00224566,m2
19894505,5.0e-05,0.016942,0.0043302,m2
19894504,5.0e-05,-0.024128,-0.0342004,m2
19894503,5.0e-05,0.0760001,0.0846472,m2
4718470,1.0,-0.00254995,-0.00709415,m2
19893928,5.0e-05,-0.0619803,-0.0760276,m2
19893927,5.0e-05,0.0255571,0.0305993,m2
19893926,0.0001,-0.0864309,-0.0637658,m2
19858160,0.00275,0.0858854,0.102686,m2
19893143,0.0001,-0.0609353,-0.0786524,m2
19894502,5.0e-05,0.00677713,-0.0189424,m2
19668918,0.0409,-0.0099281,-0.0138497,m2
19894501,5.0e-05,-0.0335606,-0.000972049,m2
10297748,1.0,-0.0151267,-0.0115908,m2
19481796,0.00485,0.0233751,-0.00721744,m2
19867664,0.002,-0.0749975,-0.0981297,m2
6031742,1.0,0.00488948,0.000297751,m2
19889365,0.0003,0.0431967,0.0846497,m2
6457916,1.0,-0.00620301,-0.0335242,m2
19890951,0.00055,0.00381396,-0.0125783,m2
19866713,0.014,-0.0340205,-0.0180187,m2
19883716,0.00175,0.000823739,-0.0105986,m2
19891921,0.0001,-0.0185076,-0.0158319,m2
19890756,0.0003,0.00869439,-0.0141997,m2
19884491,0.0016,-0.0112632,-0.0136723,m2
19879332,0.01125,0.0399397,0.0149253,m2
19879715,0.0041,-0.0143962,-0.0179329,m2
19889363,0.00065,-0.0488686,-0.0836124,m2
19846544,0.0004,-0.0596561,-0.0659383,m2
19893925,5.0e-05,-0.0106454,-0.0309051,m2
19867044,0.0031,-0.0765954,-0.0582038,m2
19867856,0.0084,0.00567177,0.0132799,m2
19882255,5.0e-05,0.0152846,0.0235294,m2
19888766,0.0016,0.0228954,0.0567909,m2
19709028,0.0063,-0.0146436,-0.00980919,m2
19893140,0.00055,-0.0429097,-0.0163319,m2
19893731,0.0002,0.0365612,0.0564073,m2
7691169,1.0,0.0189359,-0.0170047,m2
13233100,1.0,0.0116114,-0.00954767,m2
958604,1.0,-0.016461,-0.0147234,m2
19891148,0.0003,-0.00605845,-0.0122646,m2
19876695,0.00035,0.00580986,-0.0173526,m2
11967965,0.5842,0.00397806,0.0304509,m2
3879824,1.0,0.0361135,0.0149078,m2
19555844,0.0069,-0.0199645,-0.0108873,m2
8939581,1.0,-0.0150433,-0.0235714,m2
19890948,0.00025,-0.109972,-0.106549,m2
19830635,0.00745,0.0247855,0.0470942,m2
19791001,0.001,0.01209,-0.0102079,m2
19880463,0.00235,-0.0584393,-0.0246331,m2
19872448,0.00215,-0.0314975,-0.0386537,m2
19831638,0.00235,-0.0105805,-0.0524254,m2
19687296,0.01135,0.00333801,-0.00773134,m2
17916709,0.0389,0.0188628,0.0307369,m2
726053,1.0,0.0119305,0.00121632,m2
19893139,0.0002,-0.00577006,-0.0200307,m2
19893138,0.0004,0.00240528,0.0223478,m2
19824589,0.00585,-0.0259992,-0.0515594,m2
19815205,0.00985,-0.0720024,-0.0702282,m2
1026750,1.0,0.0217984,0.0110788,m2
19894500,5.0e-05,-0.0229405,-0.0352965,m2
18745155,0.0171,0.0269473,0.029438,m2
19828231,0.00025,0.0174871,0.00386899,m2
19883899,0.00195,0.0612103,0.0594114,m2
19843728,0.01005,0.0210894,0.0502038,m2
19888583,0.00015,-0.0755971,-0.0937014,m2
19894162,5.0e-05,0.000483738,-6.44951e-05,m2
19887206,0.0023,0.00498413,0.00414952,m2
17351659,0.1374,-0.0179034,-0.0516766,m2
19894099,0.00015,0.050353,0.041062,m2
19484193,0.0046,-0.0179034,-0.00295405,m2
19864629,0.002,-0.0387317,-0.0167959,m2
19666283,0.04735,0.0275292,0.0281636,m2
19794519,0.0037,0.00134303,0.0160059,m2
19869101,0.0006,0.0228982,0.0212113,m2
19894499,5.0e-05,0.0196662,0.0306913,m2
19778570,0.01565,0.0631633,0.0445753,m2
19890356,0.0007,-0.100326,-0.111246,m2
19484522,0.03305,0.0132637,-0.0164904,m2
19892948,0.00065,-0.0125179,0.0235706,m2
3392754,1.0,0.0168447,0.00841668,m2
19872446,0.003,0.0286086,0.0373142,m2
19894498,5.0e-05,0.0504599,0.0439106,m2
19866882,0.00115,0.0161872,0.0297116,m2
19785653,0.00275,0.0183267,0.0135176,m2
19005929,0.20805,0.00423831,-0.0120692,m2
13495593,0.0045,-0.0339358,0.00813188,m2
19894497,5.0e-05,-0.0316167,-0.040508,m2
19880633,0.0019,-0.0360456,-0.0322667,m2
19892111,0.00015,0.0522713,0.0635617,m2
19700216,0.00225,0.0468369,0.0196221,m2
18396497,0.06935,-0.0432658,-0.0282316,m2
19890353,0.0001,0.0706315,0.078831,m2
19681528,0.05455,-0.0173982,0.0140784,m2
19789552,0.0221,-0.0406009,-0.077043,m2
19561207,0.0009,-0.00647754,0.0227769,m2
19894160,5.0e-05,0.0130248,-0.0126994,m2
19892323,0.0003,-0.0298379,-0.0166583,m2
19843538,0.00205,-0.0439991,-0.0257527,m2
19814778,0.0002,-0.0350579,0.0122217,m2
19870226,0.0036,-0.0465777,-0.0281983,m2
19894496,5.0e-05,-0.00264475,0.0377051,m2
19894096,5.0e-05,-0.0498664,-0.0364496,m2
16161501,0.02565,-0.00568634,-0.000866549,m2
15792339,0.53495,0.00959165,-0.00088894,m2
19882892,0.0018,0.00940821,0.0139625,m2
11481888,0.07735,-0.00980648,0.00594484,m2
19843721,0.00715,0.0334559,0.0402956,m2
19891333,5.0e-05,0.0726723,0.065146,m2
19870067,0.00735,0.0467557,0.0385997,m2
19830825,0.01235,-0.00693226,0.0328719,m2
19894095,5.0e-05,0.00980809,-0.0102418,m2
3415145,1.0,0.000869667,0.00687194,m2
19889570,0.0007,-0.0109954,-0.0436088,m2
19869892,0.0068,-0.0317,-0.0463692,m2
19891536,0.00035,-0.0221227,-0.0308457,m2
19811771,0.0134,0.0331756,0.000361595,m2
19628344,0.002,-0.00258772,-0.00783538,m2
19654856,0.04015,-0.0428501,0.00820462,m2
19841759,0.0061,-0.0116298,0.00422273,m2
18997060,0.00855,0.0242219,-0.00501152,m2
19873298,0.00055,0.104542,0.0849159,m2
19894094,0.0002,-0.0204893,-0.0181143,m2
19894495,5.0e-05,-0.104987,-0.100975,m2
19873526,0.0009,0.0310128,0.0187422,m2
19894089,0.0001,0.0528765,0.0571916,m2
19871685,0.0018,0.0630028,0.0453855,m2
19654413,0.00905,-0.0431257,-0.0197503,m2
19885426,0.00105,-0.09718,-0.0764177,m2
19892321,0.0006,0.0176341,0.0012585,m2
10193832,0.7987,-0.00717654,-0.00081024,m2
19892519,0.0011,-0.0356631,-0.0418573,m2
19888394,0.0003,0.0275333,-0.0024856,m2
15946771,0.87605,-0.00802944,-0.0140696,m2
19892749,0.00065,0.0737038,0.0650154,m2
19442396,0.00715,-0.0605689,-0.0123625,m2
19854771,0.0013,-0.0161159,-0.0213267,m2
18844053,0.12345,0.0208584,0.0288309,m2
19894159,5.0e-05,-0.0129841,-0.0212532,m2
19857374,0.00065,0.0188361,0.0455406,m2
19890943,0.00075,0.0508672,0.04607,m2
19892944,0.00025,0.114659,0.105233,m2
19888191,0.0001,0.0476478,0.033004,m2
19826240,0.0146,-0.0315915,-0.00274722,m2
9180188,1.0,-0.0311474,-0.0078151,m2
9574906,1.0,0.00878692,0.0163512,m2
19140906,0.11405,0.0212244,0.00683294,m2
16069705,0.25135,0.0166261,0.0336446,m2
19829085,0.0015,-0.0675104,-0.0697535,m2
19893313,0.00015,-0.0239391,-0.0114821,m2
18474407,0.022,0.0221922,0.0356005,m2
19863882,0.026,-0.00511311,-0.0115122,m2
19891715,0.0004,0.0204005,0.0353212,m2
2553271,1.0,-0.0100651,0.0215785,m2
19885456,0.0013,-0.0240796,-0.0340958,m2
19740243,0.0039,-0.0167886,0.0145635,m2
18028380,0.31355,-0.00480607,0.00539189,m2
16425046,0.39545,0.00371902,-0.00261417,m2
19862099,0.0036,0.0310453,-0.0238074,m2
19620288,0.03475,0.0420372,0.0479148,m2
19879684,0.00065,-0.0985215,-0.103814,m2
19890349,0.0006,-0.0289671,-0.0510289,m2
19849470,0.0035,-0.00522818,-0.00887014,m2
9733152,1.0,-0.00628656,-0.0023758,m2
19889927,0.0003,-0.0493249,-0.0278367,m2
19745894,0.02045,-0.062567,-0.030446,m2
19891534,0.0001,0.0392997,0.0554604,m2
19893921,5.0e-05,-0.0606284,-0.0439859,m2
19870637,0.00275,0.0225448,0.0244723,m2
18103362,0.06505,-0.0105665,0.0296655,m2
19823361,0.00605,-0.00895645,0.0107126,m2
19580330,0.02015,-0.0143688,0.0114362,m2
19892943,0.0004,0.0206135,0.0160766,m2
19890547,0.00015,0.0845124,0.082919,m2
19887613,0.001,0.0658885,0.0430992,m2
19893920,0.00015,-0.0236559,-0.028873,m2
19890938,5.0e-05,0.0105589,-0.00705641,m2
19807539,0.0013,0.0119534,-0.0209665,m2
19889928,0.0007,-0.00632679,-0.0198729,m2
19894158,0.0001,0.0591435,0.0409765,m2
19893889,5.0e-05,-0.072878,-0.0728969,m2
19874543,0.00345,0.00871633,0.0189138,m2
18419090,0.01975,-0.0171494,-0.00482772,m2
19894494,5.0e-05,-0.0287094,-0.025364,m2
19894156,0.0001,0.0908722,0.0988843,m2
19829856,0.0058,-0.00111887,-0.0144757,m2
19854157,0.0003,0.00520659,-0.00208703,m2
19840824,0.00085,0.0498239,0.018078,m2
12937464,0.25305,0.00535128,-0.00616594,m2
19893694,0.00035,0.0552158,0.0539398,m2
19882885,0.0005,-0.0760408,-0.0763024,m2
19892109,0.0001,-0.175201,-0.190332,m2
19892515,0.00015,0.0847003,0.103978,m2
19893728,5.0e-05,-0.038467,-0.0376214,m2
19152086,0.05035,0.047209,0.0113538,m2
19860790,0.01925,-0.0062603,-0.035122,m2
19878933,0.00255,0.0052926,0.0332049,m2
19887233,0.0008,-0.0210648,-0.0206775,m2
6558541,1.0,0.00399087,-0.0182234,m2
18845411,0.07135,-0.024018,0.0335347,m2
19564198,0.006,-0.00650377,0.00794569,m2
19890933,0.0002,0.000140112,0.0130153,m2
19892942,5.0e-05,0.000433347,0.0639478,m2
8023370,1.0,0.013777,0.00841012,m2
10171599,1.0,0.00866935,-0.0354232,m2
19873519,0.0015,0.02719,0.00865737,m2
19868304,0.0003,-0.0181374,-0.0332683,m2
19893133,0.00045,-0.0277359,-0.0372673,m2
18848753,0.04775,-0.0020412,0.0028779,m2
19480600,0.1152,-0.00430156,-0.0103453,m2
19874929,0.00775,0.0275605,0.0451073,m2
19826644,0.00665,-0.00276649,-0.0096079,m2
19892106,5.0e-05,-0.0790477,-0.100276,m2
19848333,0.012,0.0107346,-0.0113283,m2
19590195,0.00425,0.0215382,0.0326624,m2
19890742,0.0011,-0.0102657,-0.0391715,m2
19891139,0.00045,0.00362214,-0.0210186,m2
19629928,0.01385,0.0255421,0.0185563,m2
10537707,1.0,-0.00259007,0.0192684,m2
19836856,0.00435,0.0398973,0.0555689,m2
19802674,0.003,-0.0806768,-0.0417443,m2
19886614,0.00075,0.0372773,0.0762232,m2
19730844,0.0078,0.00135172,-0.008271,m2
19885635,0.00035,0.0411159,0.0408876,m2
19649459,0.0092,-0.0916591,-0.0864341,m2
19870280,0.00215,0.0840247,0.0912316,m2
5551623,1.0,0.0215231,-0.0134925,m2
19760380,0.0137,-0.0513452,-0.0565416,m2
19890564,0.0009,-0.0484746,-0.0076455,m2
19893888,0.00015,0.000417964,-0.0050887,m2
19877090,0.00295,-0.00624972,0.0294012,m2
19857369,0.0031,-0.0680033,-0.066118,m2
19892514,0.00115,-0.0221807,-0.0594253,m2
19034417,0.10265,0.00580975,0.00973009,m2
19531251,0.00055,-0.00762491,0.00950848,m2
19834176,0.01315,-0.021256,-0.0221235,m2
19887989,0.0009,-0.0549417,-0.0367914,m2
17510907,0.0495,-0.0265514,0.0143139,m2
19374440,0.0161,-0.00732892,0.0207138,m2
19894155,0.0001,0.0127976,0.000647303,m2
19847339,0.00715,0.0356113,0.052138,m2
19893887,5.0e-05,0.0416443,0.0665576,m2
19893898,5.0e-05,0.0313584,0.0412908,m2
19441960,0.04625,0.0278305,0.0507988,m2
9945387,1.0,0.0014378,-0.0197855,m2
19889931,0.0007,-0.0637584,-0.0361586,m2
19892740,0.0003,-0.0122686,-0.0153555,m2
19459368,0.04245,-0.0106734,0.00237642,m2
19893689,0.00025,0.00650006,-0.00505987,m2
19881632,0.00175,0.048518,0.0612768,m2
19814996,0.00415,-0.0426519,-0.089266,m2
19892739,0.00045,-0.0646903,-0.0533449,m2
5196264,1.0,-0.0177082,-0.00544064,m2
19876503,0.00135,-0.0211145,-0.00489427,m2
19888184,0.00025,-0.0859234,-0.0761174,m2
18179387,0.34215,-0.0169553,0.0179847,m2
19800854,0.0018,-0.0784206,-0.0713033,m2
19882006,0.0009,-0.0366402,-0.0311139,m2
19865440,0.00255,-0.0361284,-0.0929492,m2
19775344,0.0145,-0.0253218,-0.0118154,m2
19893918,0.00015,0.0196376,-0.0141033,m2
19853577,0.0029,0.0100925,-0.016009,m2
19685435,0.00405,-0.00161785,-0.020453,m2
19884475,0.00525,0.00428913,-0.00174375,m2
19890563,0.0007,0.0483286,0.0372386,m2
19837636,0.00705,0.0365997,0.0507692,m2
19865658,0.00585,0.0573701,0.0252331,m2
19893687,0.0007,-0.0121752,-0.0134926,m2
19894154,0.00015,9.48954e-05,0.0102897,m2
18480729,0.03235,-0.0231681,-0.0326687,m2
19815354,0.0032,0.00190538,-0.0656239,m2
18835403,0.162,0.0134526,-0.011714,m2
19882462,0.0004,0.00662237,0.0028095,m2
19882853,0.00155,-0.0181976,-0.0364643,m2
19892509,5.0e-05,-0.058073,-0.0126653,m2
19891136,5.0e-05,0.0520543,-0.000628575,m2
19886388,0.00045,0.0976792,0.0471431,m2
19840227,0.0041,-0.00359073,-0.0164542,m2
19886629,0.0018,-0.0627001,-0.0634807,m2
19890150,0.0016,0.0169783,-0.0037932,m2
19755387,0.00245,-0.0264598,-0.0338419,m2
19740817,0.01095,-0.0317022,-0.0268902,m2
19885435,0.0002,0.0368267,0.0192994,m2
19890536,0.00055,-0.00463231,0.0021147,m2
19892737,0.0001,-0.100959,-0.0905658,m2
19738440,0.0001,-0.0238045,-0.0211356,m2
19885817,0.00065,-0.0336209,-0.0472224,m2
19866236,0.00845,0.00224698,0.0115152,m2
18449894,0.0975,0.027701,0.00981296,m2
19853956,0.0008,-0.011661,0.00872379,m2
19890149,0.00285,0.0360295,0.0124477,m2
16613375,0.0229,-0.0181031,-0.0201423,m2
19886187,0.0014,-0.116611,-0.0886306,m2
19854999,0.00235,-0.0546982,-0.0465712,m2
19355551,0.1078,-0.0257045,-0.00327466,m2
19779776,0.02625,-0.00778887,0.0233568,m2
19868904,0.00195,-0.0368337,-0.0508596,m2
19893686,0.00015,-0.0165827,0.0123944,m2
19765135,0.00185,0.0473266,0.0495079,m2
19885629,0.00085,0.0289611,0.0184599,m2
19882425,0.0013,-0.0209864,0.00620274,m2
19893885,0.0001,0.0495772,0.0505132,m2
12683879,1.0,0.00676958,-0.0112492,m2
19891323,0.00025,-0.0672749,-0.0678522,m2
19539281,0.01985,-0.0398125,-0.00762279,m2
19773900,0.0015,0.0170237,0.0197657,m2
19554820,0.01835,0.00783921,0.0230717,m2
19832607,0.00355,0.00643379,0.0182878,m2
11516259,1.0,0.0162037,0.0291998,m2
17795091,0.0626,-0.00971228,-0.0134631,m2
19891527,0.0001,0.032824,0.01394,m2
19893916,0.0003,0.0404381,0.0412659,m2
19594697,0.0034,0.0200872,0.0304184,m2
19443765,0.0313,-0.00729103,0.0304723,m2
19893915,0.00015,0.0244714,0.0123311,m2
19891525,5.0e-05,0.00884707,0.00603963,m2
19870851,0.00375,0.0416135,0.0315059,m2
19877085,0.0019,-0.033068,-0.0236148,m2
19710617,0.0294,-0.0185943,-0.0613747,m2
19894152,5.0e-05,0.0383402,0.0290771,m2
19891732,0.0002,0.0558489,0.0399191,m2
19746270,0.0032,-0.0603447,-0.0798136,m2
19891130,0.00055,0.0266034,0.0316524,m2
19893723,5.0e-05,-0.0182965,-0.0478028,m2
19848895,0.01055,0.0511828,0.0475311,m2
19878927,0.0006,-0.0436016,-0.0667787,m2
12889206,1.0,0.00675077,0.0042663,m2
19877282,0.00325,0.041717,0.0287702,m2
19886834,5.0e-05,0.0781172,0.0455435,m2
19860602,0.0014,-0.027923,-0.00661964,m2
19647198,0.0512,-0.0509366,-0.0356223,m2
19834999,0.0008,0.00948314,0.00677977,m2
19893501,0.00025,0.0286113,-0.019518,m2
19837237,0.0266,0.0812299,0.00256995,m2
19888950,0.00055,0.010595,0.00218605,m2
19590191,0.04145,-0.0468203,-0.0404483,m2
19834169,0.00765,0.0134458,-0.0338409,m2
19891118,0.0002,-0.00540432,0.012022,m2
19844736,0.0044,-0.0188652,-0.0026621,m2
19765338,0.00505,-0.0375644,-0.0299547,m2
17042014,0.01155,-0.030823,-0.0159625,m2
19860978,0.00035,0.119943,0.0898652,m2
19887990,5.0e-05,-0.0454515,-0.0618492,m2
19846315,0.0003,0.044078,0.0132882,m2
19857354,0.00045,-0.0102064,-0.0440652,m2
19844136,0.0055,-0.0148777,0.0252288,m2
19796718,0.00355,0.0147872,-0.0336684,m2
19883507,0.00015,0.0825137,0.106169,m2
19403812,0.08485,0.0498553,0.0345801,m2
19803697,0.0144,0.0104812,-0.0114711,m2
19810594,0.03715,-0.024914,-0.0317033,m2
19879350,0.00075,0.0159589,-0.0199505,m2
19677381,0.0031,-0.0135524,-0.0404431,m2
19828840,0.0032,-0.00404884,-0.0420947,m2
17946014,0.0597,0.0198392,-0.000325329,m2
19684035,0.0036,0.00353473,0.00819197,m2
18458006,0.239,0.00502764,0.0186721,m2
19543876,0.05035,-0.0368799,-0.0355008,m2
19881628,0.00675,0.0511915,0.0519191,m2
13510091,1.0,0.00292423,0.00541385,m2
16726680,0.85785,-0.0230759,0.00720426,m2
19655635,0.04675,0.0309359,-0.0237937,m2
19527437,0.06665,-0.028324,-0.0148617,m2
19750306,0.00405,-0.016085,-0.029571,m2
19744325,0.00855,-0.0167928,-0.00977587,m2
17399941,0.2277,0.00732494,0.00547682,m2
19893892,0.0003,-0.00946394,-0.0188337,m2
19893914,5.0e-05,-0.0448674,-0.0365063,m2
11809909,1.0,0.00095554,-0.00643318,m2
19737617,0.0219,-0.0216281,-0.0461243,m2
19889161,0.00015,0.0230611,0.0240108,m2
19893913,5.0e-05,0.00779743,0.0186047,m2
19762955,0.01135,-0.0765903,-0.0413204,m2
19810183,0.0044,-0.018887,0.00272056,m2
17443358,0.33445,0.00401847,-0.00258231,m2
19880819,0.0013,-0.0439566,-0.0339979,m2
19156998,0.1325,0.0160589,-0.0407974,m2
19894132,0.0001,-0.0706961,-0.0363338,m2
19744931,0.0052,0.0339411,0.063763,m2
19894137,0.0002,0.0979629,0.086371,m2
19870051,0.00385,-0.0339624,-0.0394463,m2
19860579,0.0082,-0.0275516,0.0218829,m2
19759777,0.044,-0.031343,-0.0118217,m2
19744540,0.00315,0.00781033,-0.00767529,m2
19880446,0.00065,0.0233651,0.00504539,m2
19686214,0.0255,-0.0119979,-0.00438289,m2
19822557,0.0267,-0.024174,-0.00546083,m2
19894150,0.0002,0.0378652,0.0328321,m2
19856179,0.0001,-0.0737244,-0.0315557,m2
19894149,0.00015,0.0308941,0.0332545,m2
19894148,5.0e-05,0.0403108,0.0461939,m2
19238743,0.161,-0.0205275,0.00710485,m2
19891731,0.0003,-0.0113925,-0.0197263,m2
19653654,0.03185,0.0101334,0.0241755,m2
19608393,0.01275,0.0490365,0.0354485,m2
19894133,0.00015,-0.0216518,-0.0291816,m2
19794707,0.03715,-0.0440819,-0.0235249,m2
19768167,0.0309,0.0416539,0.0204971,m2
19885073,0.0013,-0.0681969,-0.041595,m2
18750590,0.01255,-0.0385383,-0.0327632,m2
19890924,0.00025,-0.094687,-0.0877196,m2
19827825,0.00835,0.0188937,0.0348743,m2
18482457,0.0201,-0.0268232,-0.0596123,m2
19890737,0.0007,-0.0166702,-0.0212029,m2
19873696,0.00075,-0.0592313,-0.058234,m2
19887805,0.00025,-0.0368924,-0.00489404,m2
19889953,0.00075,-0.0461334,-0.00713419,m2
19795309,0.00485,-0.0660406,-0.066083,m2
19822347,0.0034,-0.028361,0.00880859,m2
19858333,0.01205,-0.0226307,-0.0567826,m2
19893705,5.0e-05,-0.039701,-0.0226232,m2
19432978,0.03135,0.00756074,-0.0119206,m2
19893684,0.00015,0.00778981,-0.0700943,m2
19892099,0.0003,0.027964,0.0619326,m2
19365337,0.14995,-0.0128677,0.0200652,m2
19875918,0.0019,0.0067101,-0.022735,m2
19738428,0.04665,0.0283262,0.00163721,m2
19872841,0.0027,-0.0416857,-0.0230658,m2
19879896,0.00215,-0.0318354,-0.0516246,m2
19893496,5.0e-05,0.0276374,-0.00969532,m2
19883501,0.0007,0.0414792,0.0231172,m2
19889952,0.0001,0.0126126,-0.0135543,m2
19476962,0.0906,0.0138864,-0.00862331,m2
19893697,5.0e-05,-0.0354089,-0.0487155,m2
19864825,0.00795,-0.0377923,-0.00985043,m2
19877277,0.00025,0.00611523,0.0325083,m2
19641462,0.05255,-0.0357318,0.0013335,m2
19515083,0.0053,-0.0352769,0.0122812,m2
19889160,0.0007,0.0145032,0.00231769,m2
19877267,0.00245,0.0111951,-0.0147647,m2
19893703,5.0e-05,-0.0333176,-0.04735,m2
19860154,0.0126,-0.0208694,-0.0248876,m2
19683458,0.0501,0.00285475,-0.0131914,m2
19856546,0.00665,-0.0142619,-0.0278397,m2
19680525,0.03315,-0.0670659,-0.0512176,m2
19792389,0.0002,-0.0542464,-0.0765033,m2
19855990,0.01365,-0.0940499,-0.103187,m2
19837648,0.00455,-0.0494523,-0.0226807,m2
19768977,0.0038,0.0282389,0.0506131,m2
19892503,5.0e-05,-0.0463237,-0.0692583,m2
19872853,0.0035,-0.0235781,-0.0547998,m2
19886402,0.0028,0.00333023,-0.0297205,m2
19893896,5.0e-05,-0.0958765,-0.0667821,m2
19811000,0.00065,-0.0870071,-0.035068,m2
19720450,0.00805,0.0233248,0.0344531,m2
19888956,5.0e-05,-0.0500246,-0.0534542,m2
19795321,0.00405,0.0398543,0.0265703,m2
19518822,0.0239,-0.0392456,-0.0394178,m2
19884101,0.0027,-0.000296166,-0.0174156,m2
19893710,0.0003,0.0428011,0.030542,m2
19510854,0.0483,0.018227,0.000793125,m2
19893698,5.0e-05,-0.0534377,-0.0589646,m2
19893493,0.00015,-0.0507186,-0.0361805,m2
19887218,0.0003,0.0220383,-0.000209603,m2
19886813,0.00095,-0.0285158,-0.0108662,m2
19669885,0.01855,0.0178019,-0.0203102,m2
19887211,0.0027,0.0705434,0.0450388,m2
19850893,0.0044,0.0563697,0.0140507,m2
19885809,0.0001,-0.0154979,0.00660817,m2
19688673,0.0427,-0.000655721,0.0488674,m2
19527862,0.0134,0.0218042,0.00473727,m2
19894146,5.0e-05,-0.0377153,-0.03039,m2
19827822,0.0061,0.0469936,0.00169442,m2
19228014,0.0154,0.0309254,0.0119134,m2
19875105,0.0007,0.00860841,-0.0163285,m2
19541036,0.0625,0.0159261,0.00025752,m2
19713045,0.033,0.017181,0.0151765,m2
19778539,0.03355,0.0385034,0.0260179,m2
19840626,0.006,-0.00491726,-0.0288576,m2
19835637,0.01045,0.0170472,0.00218123,m2
19883066,0.00035,0.047224,0.0328962,m2
19552879,0.1633,0.0102913,-0.02122,m2
19881216,0.00255,0.0208586,0.0574751,m2
19893307,0.00015,0.0603923,0.0429564,m2
19826614,0.02355,0.00953837,-0.0181906,m2
19692616,0.01695,0.0131957,0.0188058,m2
19879301,0.0022,0.035151,0.0140682,m2
19714687,0.01655,0.0144558,0.0244183,m2
19790134,0.0039,0.00169325,0.0265433,m2
19891725,0.0002,0.0303451,0.0505819,m2
19754770,0.00115,-0.00859602,-0.0216012,m2
19885642,0.0006,-0.099028,-0.0850152,m2
19464636,0.1366,-0.011073,-0.00812733,m2
19795127,0.00475,0.0260351,0.0221314,m2
19871652,0.00015,-0.000780904,0.0263986,m2
19868026,0.00055,-0.0418254,-0.0317342,m2
19849260,0.0186,-0.050336,-0.0386414,m2
19882455,0.0051,-0.00679554,-0.0218581,m2
19457117,0.00715,0.0771996,0.0483614,m2
19848307,0.00295,0.0712014,0.0481658,m2
19868894,0.00165,0.107784,0.0823326,m2
19892307,0.00035,-0.0567496,-0.0476473,m2
19891513,0.0003,-0.036911,-0.000531315,m2
19633361,0.0167,-0.0360536,-0.0649122,m2
19887988,0.0005,-0.0414762,-0.0378896,m2
19885245,0.0008,-0.0301012,-0.0237439,m2
19894144,5.0e-05,0.00941132,-0.0169036,m2
19830819,0.0154,-0.0483351,-0.081227,m2
19857390,0.00855,-0.0824285,-0.0477563,m2
19877073,0.0002,-0.0284463,-0.0478582,m2
19836639,0.00165,-0.0357042,-0.0563588,m2
19872228,0.00955,-0.0462708,-0.0338211,m2
19858139,0.00125,-0.025257,-0.01489,m2
19883496,0.0004,-0.0101283,0.0656362,m2
19840037,0.00055,0.0342329,0.0500588,m2
19875118,0.0009,0.0602186,0.0660839,m2
19881622,0.00345,0.0993127,0.0702475,m2
19777123,0.00125,-0.0503787,-0.0606399,m2
19873694,0.00825,-0.00395656,-0.0047611,m2
19868256,0.00865,0.0756645,0.0975094,m2
19881621,0.0027,0.00564135,-0.0150497,m2
19893716,5.0e-05,-0.0327367,-0.0362414,m2
19894143,0.00015,-0.0181795,-0.00443794,m2
19801828,0.0094,0.0854207,0.0644845,m2
19879298,0.0034,-0.0187808,0.0151092,m2
19892922,0.0002,0.0150644,-0.00350628,m2
19847900,0.0072,0.0150177,-0.0191359,m2
19892713,0.00015,0.00133104,-0.0148575,m2
19887995,0.0001,-0.00962026,-0.032913,m2
19879877,0.00015,-0.0095034,0.0340314,m2
19888952,0.0001,-0.0688251,-0.0705222,m2
19893715,0.0004,0.070695,0.0799588,m2
19892923,0.00015,0.012118,-0.00448893,m2
19893700,5.0e-05,-0.0658951,-0.0392592,m2
19893304,0.0001,-0.0588902,-0.0842015,m2
19892091,0.0001,0.0944809,0.0895819,m2
19892092,0.0018,-0.0144948,-0.0269619,m2
19892093,0.00015,0.012087,0.0104411,m2
19893905,5.0e-05,0.0979482,0.116647,m2
19893490,0.0002,-0.105612,-0.078523,m2
19893118,0.00025,0.0056411,0.0149586,m2
19894140,0.00015,-0.0400728,-0.0804229,m2
19893489,0.0002,-0.0125533,-0.0177109,m2
19892293,0.0002,-0.115817,-0.0913079,m2
19892707,0.0004,-0.0157523,-0.0174125,m2
19892496,0.00045,0.0021335,-0.00245349,m2
19893714,0.0004,-0.0400365,-0.0634116,m2
19893699,0.0002,0.0096812,-0.0135601,m2
19892298,5.0e-05,-0.0283659,-0.0337091,m2
19892493,5.0e-05,0.150751,0.167277,m2
19894138,5.0e-05,0.0512581,0.065443,m2
19892723,0.00065,-0.00239786,0.0150232,m2
