id,freq,e_f,e_m,type
19117791,0.5733,0.0179587,0.0223567,m1
11042657,1.0,0.00409272,-0.00690122,m1
19904298,0.0005,0.00736885,0.0212421,m1
4791316,1.0,-0.0317185,-0.0544949,m1
2746657,1.0,0.0161817,0.00468776,m1
9762015,1.0,-0.0236025,-0.0267646,m1
19787035,0.0612,0.0176949,0.0293237,m1
4047947,1.0,0.00908098,-0.0181812,m1
19839296,0.0072,-0.00324491,0.00944291,m1
19807369,0.3156,-0.0561598,-0.0643283,m1
19905293,5.0e-05,0.053547,0.0518844,m2
19902153,5.0e-05,-0.0931525,-0.065482,m2
18170659,0.0418,0.0171467,0.00732187,m2
19662688,0.01845,0.0311022,0.0117708,m2
19902519,0.0001,0.0424843,0.0436085,m2
19905292,5.0e-05,-0.0268571,-0.0368544,m2
19892202,0.00195,-0.0566786,-0.0398117,m2
19905291,5.0e-05,-0.0974151,-0.0770865,m2
19900078,0.00145,-0.0463725,-0.0322536,m2
19904120,0.0001,-0.0394658,-0.0338216,m2
19898091,0.0034,-0.0358848,-0.0665239,m2
19904699,5.0e-05,-0.0491621,-0.0155591,m2
19554036,0.00635,-0.00362507,-0.0181381,m2
19904698,0.00025,0.0554232,0.00760967,m2
19905290,5.0e-05,0.101174,0.0797329,m2
19856971,0.01265,0.045436,0.0483746,m2
19905089,0.00015,0.0159862,0.0522539,m2
19905088,5.0e-05,-0.0320528,0.00171399,m2
19882275,0.0012,-0.0517054,-0.0138129,m2
19904119,0.0001,-0.012007,0.0195038,m2
19887452,0.0048,-0.00730595,0.00744456,m2
19905087,5.0e-05,-0.107219,-0.10981,m2
19848912,0.00145,0.0077085,0.0170918,m2
19902152,0.0003,0.0383339,-0.00373725,m2
19898506,0.0001,0.0212375,-0.01347,m2
12512980,1.0,-0.0073925,-0.0171041,m2
19497892,0.00135,0.0506081,0.0651804,m2
19903914,0.00085,-0.0680202,-0.087102,m2
19798476,0.00015,0.0403694,0.0254554,m2
19756109,0.00175,-0.0533507,-0.0669897,m2
19682592,0.0308,-0.00960088,-0.0134611,m2
18440231,0.04175,0.0129094,0.0120443,m2
19893317,0.00055,0.023779,0.0283434,m2
19495921,0.14865,0.0179008,0.0197057,m2
19904486,5.0e-05,0.0429763,0.0226211,m2
19904485,0.00025,0.0326644,5.89601e-05,m2
19893512,0.0021,-0.0938517,-0.0971148,m2
7065490,0.51415,-0.00999488,0.00157002,m2
19904906,5.0e-05,-0.00475757,0.00209288,m2
19901137,0.00015,0.0261625,0.0210347,m2
19791889,0.00045,0.0086015,0.0118507,m2
19875877,0.00415,0.020774,-0.00767548,m2
19900075,0.00055,0.0670643,0.0886041,m2
19603649,0.001,-0.0415317,-0.0287835,m2
19893715,0.0018,0.00998404,0.0297184,m2
19904905,5.0e-05,-0.0314464,-0.0478129,m2
19889062,0.0009,0.018609,0.00878499,m2
19858579,0.00555,-0.0575018,-0.0407812,m2
19900525,0.0003,-0.0397715,-0.0211719,m2
19861872,0.00925,0.0192684,-0.0171022,m2
19824782,0.00735,0.000596301,0.00579628,m2
19741658,0.0135,-0.0135324,0.00784085,m2
19466171,0.01465,-0.0364211,-0.0285095,m2
19900297,0.0007,0.109009,0.0957586,m2
19898898,0.00015,-0.0505807,-0.0462681,m2
19884051,0.00035,-0.0857015,-0.0714533,m2
19471374,0.01005,0.00274071,0.00149721,m2
18642650,0.00465,0.0235244,-0.00304113,m2
19905289,5.0e-05,-0.0155014,-0.0423772,m2
5870890,1.0,0.0201914,0.0154674,m2
19894328,0.0002,0.020621,0.0136852,m2
19874899,0.0067,0.0439076,0.0616734,m2
19905086,5.0e-05,-0.0924837,-0.124942,m2
14864824,0.74365,-0.000276422,-0.0276721,m2
19904115,0.00015,-0.0581841,-0.0562628,m2
19901769,0.00065,-0.0385687,-0.0225224,m2
836572,1.0,-0.0262119,-0.0214186,m2
19820638,0.0005,0.0809854,0.0658731,m2
19851998,0.00015,0.0324135,0.0317157,m2
19891999,0.0001,0.0813578,0.108357,m2
19891440,0.00065,0.00331488,-0.0646942,m2
19807101,0.00625,-0.0362798,0.0173741,m2
19903289,0.0004,0.0376297,0.0327811,m2
2760630,1.0,-0.0153256,-0.0261331,m2
19734919,0.0601,0.0074131,-0.000998462,m2
19729995,0.0719,0.0282021,-0.0018227,m2
19891813,0.00035,0.0853983,0.0842477,m2
19900296,0.00035,-0.0117027,-0.0289905,m2
9700455,1.0,-0.000507008,0.00124052,m2
15823980,0.16995,-0.00249197,0.00916466,m2
19876254,0.00485,-0.0535858,-0.0433473,m2
19234272,0.12425,-0.00682056,0.0139637,m2
16788030,0.50825,0.00136088,0.00475784,m2
19544426,0.0014,0.0235195,0.00334214,m2
19864578,0.0005,-0.0335785,0.00416167,m2
19903912,0.0001,-0.0181486,-0.000811591,m2
19904902,5.0e-05,-0.00977434,0.00076799,m2
19904695,0.00015,0.00955087,0.0185735,m2
19892198,0.0006,-0.0258661,-0.00785872,m2
19787741,0.0012,-0.0253665,-0.00811935,m2
19835745,0.00905,0.018051,0.0415953,m2
19492694,0.0181,0.048073,0.0536908,m2
19771783,0.0188,-0.0189293,-0.0517772,m2
19905288,5.0e-05,-0.0662988,-0.0573518,m2
19885431,0.0004,0.0123058,0.0182456,m2
2287175,1.0,-0.00334962,-0.00275631,m2
19901768,0.0001,0.154006,0.102665,m2
19905084,5.0e-05,0.0212137,0.028717,m2
8645188,1.0,-0.0201186,-0.0286552,m2
19903097,0.0003,0.00340894,-0.0258588,m2
10659405,0.3641,-0.0111284,0.00129972,m2
19899275,0.0008,-0.0687797,-0.0578939,m2
19904306,0.0002,-0.0686352,-0.048335,m2
19904901,5.0e-05,-0.033941,-0.0168662,m2
19888638,0.0007,0.0112099,-0.0216657,m2
19902901,0.00015,-0.00934965,0.00891193,m2
19885229,0.0033,0.0293448,0.0628914,m2
19294599,0.0189,-0.00883773,-0.00782874,m2
19902511,5.0e-05,-0.00337321,-0.043311,m2
19901336,0.00045,-0.0491152,-0.0646342,m2
19905287,5.0e-05,-0.082936,-0.071126,m2
19887254,0.0007,0.00135435,0.0342007,m2
19905286,5.0e-05,0.0882868,0.0761636,m2
19896709,0.00065,-0.0113241,0.0287885,m2
19903288,0.00035,-0.0244303,-0.0177193,m2
19901955,0.00085,-0.0620751,-0.0745151,m2
11893298,1.0,-0.0332966,-0.0256286,m2
19894734,0.00175,0.0186318,0.026474,m2
19847082,0.00195,0.00601816,-0.00858638,m2
19556386,0.03635,-0.0200168,-0.0431846,m2
19905082,5.0e-05,0.0110301,0.00677827,m2
19848908,0.00765,-0.0824049,-0.0328376,m2
11098298,0.2048,-0.00118127,0.0116447,m2
19477225,0.05275,-0.0253291,-0.0366164,m2
19904304,0.0001,0.120506,0.111604,m2
19321926,0.01965,-0.0549085,-0.0127667,m2
19566442,0.0039,-0.0600562,-0.0762612,m2
19853170,0.0086,-0.0262628,-0.0325081,m2
19897910,0.00145,-0.0453132,-0.058311,m2
19898087,0.00215,-0.0466705,-0.0730263,m2
19904480,0.0002,0.0273321,0.0324387,m2
18035082,0.33025,0.0127409,0.00526337,m2
8192020,0.9531,-0.00433229,-0.00785824,m2
18883505,0.00595,-0.0353901,-0.0375959,m2
666832,1.0,-0.0307892,0.00515234,m2
19837405,0.01425,0.0185355,0.0287845,m2
13850994,1.0,0.0260174,0.00377633,m2
19509972,0.03145,0.00141045,0.0185412,m2
19884253,0.00665,-0.0509936,-0.0308959,m2
19900932,0.00035,0.0311942,0.0144033,m2
19895525,0.0023,0.0103211,0.00108439,m2
19903908,5.0e-05,0.0227451,0.00812896,m2
19876248,0.00755,0.0223974,0.00449196,m2
4083569,0.5848,0.0150067,0.0145985,m2
19886641,0.0041,0.0366706,0.0223344,m2
19594934,0.06905,-0.0147762,-0.0131055,m2
19904110,0.00015,-0.0479673,-0.0377004,m2
19781839,0.02795,0.0507359,0.038728,m2
19652160,0.00595,0.0223263,0.0306677,m2
19890621,0.0055,-0.029458,0.00449005,m2
16767032,0.4788,-0.0055872,0.0037029,m2
19899079,0.00055,0.0369432,0.0729571,m2
19795483,0.01105,-0.00912252,-0.00576961,m2
19851591,0.0096,-0.0331223,-0.0334262,m2
19905081,5.0e-05,-0.0109498,-0.0268774,m2
19877079,0.0085,0.00959647,-0.00625061,m2
19902704,5.0e-05,-0.0346425,-0.0436737,m2
19898284,0.0028,0.0465076,0.0373256,m2
19892568,0.0048,0.0278848,0.0261119,m2
19721444,0.00575,-0.0192693,0.00281806,m2
19053508,0.03205,0.00551538,0.0154056,m2
19891608,0.0013,-0.0161561,-0.00612324,m2
19898892,0.00145,0.036618,0.0710457,m2
16791513,0.1005,0.0275282,0.000426351,m2
19899078,0.00025,0.0182296,0.0454852,m2
19903092,0.0006,-0.0326218,-0.0529975,m2
19878602,0.0139,-0.053344,-0.0527567,m2
19899887,0.00225,0.0273236,0.00156317,m2
19887652,0.00295,0.0622218,0.0643049,m2
19852167,0.0076,-0.00716407,0.00379787,m2
19903510,0.0004,0.0673305,0.0360695,m2
9985289,1.0,-0.0072626,-0.00808975,m2
19905285,5.0e-05,-0.0861877,-0.025852,m2
19899886,0.0009,-0.00462833,0.0410548,m2
15678314,0.15545,-0.0177361,-0.000847839,m2
18050997,0.26035,-0.0118794,0.0127577,m2
19881452,0.00075,0.00637643,0.00995614,m2
19247009,0.00685,-0.0293934,-0.0524546,m2
19890200,0.00035,-0.00108859,0.0154985,m2
18901031,0.04775,0.00374379,-0.011525,m2
17923169,0.0239,-0.0177315,-0.00501341,m2
19893911,0.00295,0.0580718,0.0584538,m2
19905284,5.0e-05,-0.0104342,-0.0381042,m2
19905079,5.0e-05,-0.023547,0.0054679,m2
19409252,0.00615,0.038068,0.0817868,m2
19901762,0.00075,-0.116487,-0.109897,m2
19894522,0.0009,-0.0238099,-0.0340237,m2
19845143,0.00175,-0.0396322,-0.0622855,m2
19565812,0.05855,-0.0308913,0.014509,m2
19900290,0.0023,-0.022287,0.00275228,m2
19904693,0.00025,0.0582971,0.0858683,m2
19905078,5.0e-05,0.0686105,0.074796,m2
19773371,0.0223,-0.0103147,0.00521586,m2
19466758,0.06785,-0.0363214,-0.00921199,m2
19899883,0.00065,0.0321835,0.0132724,m2
19881252,0.00045,-0.0590222,-0.043979,m2
16560368,0.79655,-0.0114915,-0.00958322,m2
19805132,0.00625,0.0191194,0.0336862,m2
19903090,5.0e-05,0.0374947,0.0779322,m2
19479258,0.0373,0.0135741,0.0129504,m2
19817342,0.00255,0.00995081,0.0167923,m2
19885639,0.0008,-0.00296977,-0.0104541,m2
19868684,0.00265,-0.0207393,0.0312798,m2
19887248,0.0003,0.0256832,0.0299396,m2
19890619,0.0006,0.0428872,0.0494177,m2
19902897,5.0e-05,-0.0158842,-0.0273832,m2
19905283,5.0e-05,-0.00905946,-0.00239371,m2
19725749,0.0144,-0.0162306,0.0111979,m2
19904692,0.0001,0.0235655,0.0103892,m2
19904109,0.0003,0.00888309,0.0401629,m2
19887247,0.00085,-0.0689094,-0.0719027,m2
19902896,0.0002,0.0637139,0.0664351,m2
19846878,0.00255,0.0717345,0.0824625,m2
19901328,0.00125,0.0655859,0.0640708,m2
13353827,0.3509,0.0187549,0.004067,m2
19708130,0.0185,0.0540554,0.0926392,m2
19903906,0.0002,0.0429524,0.0243222,m2
19905282,5.0e-05,-0.0239411,-0.0235173,m2
19799833,0.0006,0.0463874,0.0210419,m2
19848668,0.0006,-0.0355962,-0.0540765,m2
19903088,0.0005,0.053104,0.018879,m2
19180132,0.06465,0.00927511,0.00631622,m2
17924821,0.4139,-0.0203892,0.00702619,m2
19889816,0.00255,0.0803028,0.0730104,m2
19299398,0.05305,0.00883351,-0.0279132,m2
19901126,5.0e-05,-0.064808,-0.0203254,m2
19873349,0.00405,0.0253506,0.0120117,m2
19905281,5.0e-05,0.0090981,-0.00283866,m2
19904477,0.0001,-0.00666742,0.0129823,m2
19905280,5.0e-05,-0.0259035,0.00752247,m2
19841458,0.00695,-0.0149867,0.00497289,m2
8250334,1.0,-0.0122354,-0.0134611,m2
19904896,5.0e-05,0.00908298,0.0132434,m2
19904895,5.0e-05,-0.0235075,-0.0193963,m2
19257158,0.03775,-0.0378146,-0.0447238,m2
15673491,0.40405,0.0110595,-0.0105722,m2
19905279,5.0e-05,-0.0048076,0.0136265,m2
19900286,0.00045,0.0295634,0.0125313,m2
19903905,0.0002,-0.0200931,0.045646,m2
19890004,0.0032,0.0172988,-0.00359354,m2
19894930,0.00045,-0.0236454,-0.0189726,m2
19550063,0.0038,-0.0454633,-0.0338485,m2
19898496,0.00085,-0.0404,-0.0204522,m2
19901327,0.00035,0.0474951,0.0636863,m2
133024,1.0,-0.0227727,-0.000431554,m2
18419050,0.14035,0.00925491,-0.00187213,m2
19881064,0.0006,0.0709131,0.0686884,m2
19905278,5.0e-05,-0.0349243,-0.0235276,m2
14274626,0.0847,0.00696111,-0.0065097,m2
19900516,0.0003,-0.00759262,-0.0307003,m2
19904108,0.0001,0.0838573,0.0812568,m2
19902505,0.00035,0.0901501,0.0505532,m2
19774744,0.01555,0.0311161,0.0725432,m2
19904893,0.0001,0.0303694,0.0278603,m2
19092171,0.2903,-0.0296166,-0.00910819,m2
19085991,0.16785,0.011574,0.0133744,m2
19154298,0.03355,-0.0197158,-0.0564473,m2
19890195,0.0007,-0.00206558,-0.0299805,m2
13689159,1.0,0.0162297,-0.00553642,m2
19383259,0.02415,-0.0158953,-0.0441373,m2
19905277,5.0e-05,0.090427,0.0906317,m2
19704568,0.0136,0.0331926,-0.0163723,m2
17784043,0.32055,0.0294203,0.0190736,m2
19893905,0.0005,-0.0241849,-0.0416741,m2
19905276,5.0e-05,-0.0217418,-0.010512,m2
4970158,0.33455,0.00584542,-0.00869728,m2
19904475,0.00025,-0.000412109,-0.0379288,m2
19903690,0.00015,-0.0823932,-0.0487677,m2
19534364,0.03495,0.00506845,-0.00183249,m2
19797413,0.00595,0.00401101,-0.0159519,m2
19895128,0.0009,0.00612659,0.0113749,m2
19714405,0.00215,0.0389789,0.0274933,m2
19895127,0.0017,-0.0188116,-0.0188162,m2
19886054,0.0012,0.00708309,0.0323941,m2
18879901,0.03405,-0.0111099,-0.0143029,m2
19895126,0.00035,0.0741004,0.0790972,m2
19895518,0.00605,-0.00777961,-0.030825,m2
19121627,0.1084,0.00832792,0.0243061,m2
10386099,1.0,-0.00778757,0.00845311,m2
19858569,0.00215,-0.00532335,0.0329979,m2
19905275,5.0e-05,-0.00391523,-0.00716666,m2
19676565,0.0181,0.0313925,0.00949562,m2
19876857,0.001,-0.0998742,-0.0675897,m2
19905274,5.0e-05,0.0344889,0.0576747,m2
19902501,0.0002,0.0253282,0.0123023,m2
19370312,0.23035,0.0284451,0.0364866,m2
19871287,0.0007,0.0386001,0.0544309,m2
19897076,0.0011,-0.0649266,-0.0427524,m2
19604013,0.01715,0.00591726,-0.00525244,m2
19886821,0.0033,-0.0175884,-0.0286007,m2
19800826,0.01205,0.0285905,0.0483044,m2
19213364,0.05285,-0.033782,-0.0667657,m2
19757318,0.02335,0.0341247,0.0487978,m2
19889438,0.0016,0.0457654,0.00222528,m2
19885632,0.0015,-0.00221856,0.000354459,m2
19904105,0.00015,-0.075367,-0.0571423,m2
19812891,0.014,-0.00615491,-0.0136647,m2
19511899,0.0603,-0.0227933,-0.00902442,m2
19904891,5.0e-05,0.0710613,0.0554459,m2
17811210,0.0899,-0.00686134,-0.0265476,m2
147422,1.0,0.0188428,0.029925,m2
18877507,0.2487,-0.0152218,-0.00391872,m2
19904474,0.00025,0.0153074,-0.00131653,m2
19905074,0.0001,0.0468375,0.0238447,m2
19901757,0.00035,-0.0131934,-0.00504246,m2
19904473,0.0003,0.00699849,-0.0214754,m2
19896703,0.00355,-0.00489292,0.0349524,m2
19903503,0.00045,0.00473729,-0.00471262,m2
19905073,5.0e-05,-0.072556,-0.0529925,m2
19852758,0.0102,0.036168,0.0284806,m2
19904104,0.0003,0.0374421,0.00370985,m2
14283745,0.2093,0.00795949,0.0117199,m2
19884033,0.0004,-0.0710067,-0.0893976,m2
19904889,0.0001,0.0647381,0.0549678,m2
19714402,0.00095,0.0144766,-0.00146839,m2
19904471,0.00015,0.0488846,0.0518431,m2
19903902,0.0002,-0.0429522,-0.0498431,m2
19657374,0.00835,0.0144092,0.0271648,m2
19773362,0.00465,-0.0437292,-0.0352319,m2
2346053,1.0,-0.0164399,0.00244721,m2
19887438,0.00125,0.0608552,0.093969,m2
19905273,5.0e-05,-0.0234459,-0.00671223,m2
19904470,0.00035,0.00851324,0.0268509,m2
19826352,0.0169,0.0636077,0.0569043,m2
19835933,0.00135,0.0563173,0.0603947,m2
19794616,0.00105,0.0167609,0.0349967,m2
2158630,1.0,0.00191233,-0.0142544,m2
19877803,0.0019,0.060226,0.0807317,m2
19903685,0.00035,0.0101072,0.0451428,m2
19867118,0.009,0.0186077,0.0288714,m2
19893300,0.00175,0.0617699,0.0572377,m2
3315266,1.0,-0.0219938,0.00668433,m2
19904688,0.0001,-0.046211,-0.0397595,m2
19878404,0.00065,-0.0077221,-0.00252881,m2
19904294,0.00015,0.0491464,0.0858689,m2
19903276,0.0002,0.0502331,0.0850199,m2
18592945,0.0211,-0.00278036,0.0354864,m2
19903901,0.0002,0.0171826,-0.0171788,m2
19877265,0.00115,0.00065296,-0.00934497,m2
19848093,0.0112,0.0267097,0.0166644,m2
19642538,0.00455,-0.027415,-0.0193882,m2
19872744,0.0043,0.0152203,-0.00905259,m2
19770140,0.0715,0.00669241,-0.0159881,m2
19611646,0.0427,-0.0250149,-0.0697706,m2
19904888,0.00015,-0.0206345,-0.0160207,m2
17882025,0.02715,-0.0147681,0.00228608,m2
9190527,1.0,0.0061297,0.00460675,m2
16300344,0.50025,-0.00644277,-0.0121213,m2
15558659,0.5562,0.0199948,-0.00687618,m2
11902927,0.33865,0.000814475,-0.00352141,m2
19862592,0.00285,0.0216084,0.0144174,m2
19904686,5.0e-05,-0.00770687,-0.0232369,m2
10399578,1.0,-0.0133071,0.0129194,m2
19850592,0.001,-0.0515989,-0.0672582,m2
19902691,5.0e-05,0.0239312,0.0387163,m2
19703585,0.00855,0.0152661,0.0119174,m2
19899465,0.0001,0.00488554,-0.003212,m2
5582939,1.0,-0.0176022,-0.0041244,m2
19861850,0.00545,-0.0262137,-0.0624784,m2
18590370,0.03445,-0.021039,0.008905,m2
19890401,0.00055,0.00606624,-0.0397774,m2
19905071,0.0001,0.0178528,-0.00966608,m2
19892360,0.00135,-0.0583925,-0.0543961,m2
19905272,5.0e-05,-0.0613511,-0.080839,m2
19905271,5.0e-05,-0.0451352,-0.0177639,m2
19899876,0.0005,-0.0350766,-0.00601559,m2
19898491,0.00055,0.0485787,0.0582276,m2
19904684,0.0001,-0.0922472,-0.0920464,m2
17120630,0.14585,0.0186584,0.0243949,m2
19680971,0.00995,0.00310825,0.0225703,m2
19272334,0.0293,0.0289002,0.00181293,m2
19876042,0.00075,-0.0753426,-0.0759331,m2
19897072,5.0e-05,0.0534517,0.0603496,m2
19798038,0.00615,0.0309493,0.023567,m2
19902690,0.0003,-0.0095525,0.02143,m2
19774515,0.00675,0.0333099,0.0184376,m2
19880862,0.00035,0.0231242,0.0480951,m2
19905270,5.0e-05,-0.000800685,0.0151835,m2
19577691,0.0407,-0.0279803,-0.0234242,m2
19903898,0.00025,0.0880931,0.0960507,m2
19761945,0.0126,0.00249571,0.0138218,m2
19888251,0.0015,-0.0686308,-0.0834723,m2
19896701,0.00055,0.0307238,0.0134769,m2
19904683,0.00015,0.0362866,0.0224501,m2
19904101,0.0001,0.0317357,0.0577555,m2
19898489,0.0011,-0.0512089,-0.049472,m2
19905269,5.0e-05,-0.00254421,-0.00929949,m2
19900916,0.00075,0.0845202,0.0745961,m2
19899262,0.00055,-0.0368478,-0.03046,m2
19833323,0.00535,-0.0708267,-0.0617255,m2
19448070,0.00105,-0.00745592,0.0170217,m2
19903274,0.0004,0.000754952,0.00444174,m2
19905070,5.0e-05,0.0371146,0.0125367,m2
19887842,0.0016,0.0178788,-0.0350441,m2
19898271,0.003,-0.0104391,-0.0296219,m2
19859802,0.00455,0.0329968,0.0335991,m2
19854774,0.0051,-0.0365263,-0.00520625,m2
19904886,5.0e-05,-0.0572257,-0.0517654,m2
16348084,0.85885,-0.0340545,-0.012234,m2
19901935,0.00055,-0.0544931,-0.0156508,m2
19855374,0.00855,-0.080352,-0.041913,m2
19830303,0.00485,-0.0118952,-0.00823614,m2
19902881,0.0001,-0.0203536,-0.0284417,m2
19905268,5.0e-05,-0.0239693,-0.0566074,m2
19585412,0.0222,0.0504967,0.0377931,m2
19858339,0.0027,-0.00556138,-0.00538092,m2
19772961,0.0011,-0.0124233,-0.0293444,m2
19863384,0.00115,0.00780198,-0.00770712,m2
19813086,0.00055,0.0682275,0.0601229,m2
19879040,0.0008,0.0258508,0.0256879,m2
19902132,0.00015,-0.0866072,-0.0369616,m2
19886810,0.00575,-0.00995812,0.0309892,m2
19833708,0.0145,-0.0734137,-0.0330858,m2
19870247,0.0033,0.0484132,0.0664448,m2
19903680,0.0003,0.0207486,0.00495735,m2
18687334,0.1338,0.00713934,-0.00978145,m2
19902687,0.0003,0.00586118,0.0238087,m2
19904681,0.00025,-0.0490563,-0.0490864,m2
19779040,0.02125,-0.0348002,-0.0337539,m2
19900050,0.00185,0.0240181,0.0343393,m2
19727977,0.01135,0.0397709,0.0332733,m2
8422507,1.0,-0.00939676,-0.0205781,m2
19904099,0.00025,0.12074,0.116929,m2
19905267,5.0e-05,0.103433,0.115176,m2
14011981,0.50955,-0.0219972,0.00480674,m2
19903896,0.0001,0.00938672,0.00242757,m2
19695801,0.0196,0.0384248,0.0303067,m2
19905069,0.0002,-0.0517025,-0.0315709,m2
5797208,1.0,0.0264754,0.0101301,m2
18316291,0.11455,0.0164602,0.00482526,m2
19763160,0.0084,0.0322245,0.0377572,m2
19904679,0.00015,0.00619752,-0.0302445,m2
19886809,0.0004,0.0545547,0.0264474,m2
2412193,1.0,-0.000431063,0.0126144,m2
19904465,0.00015,-0.00759824,0.0293277,m2
19896885,0.0008,-0.0150294,-0.0322494,m2
19903270,0.00075,-0.00330164,0.00632458,m2
19898871,0.00345,0.0300022,0.0194146,m2
19895679,0.00075,0.00996571,-0.00140238,m2
19890606,0.0013,0.0369482,0.00997445,m2
19887635,0.0006,0.0051878,-0.00442128,m2
19903495,0.00045,-0.0926166,-0.0530433,m2
19905266,5.0e-05,-0.0169778,-0.0278506,m2
19357194,0.08145,0.0449584,0.0125827,m2
19769333,0.02685,-0.00600746,-0.034195,m2
19882651,0.0053,0.0332595,0.0550693,m2
19904678,0.00015,0.0220595,0.0325723,m2
19902684,0.0006,-0.00501141,-0.00874641,m2
16573535,0.0664,-0.0296243,-0.023473,m2
19904464,0.00025,-0.00621023,0.0381196,m2
19902682,0.0002,0.0352631,0.0145355,m2
19889431,0.00215,0.0670305,0.0234996,m2
19870862,0.00055,-0.0343235,-0.0128833,m2
19902878,0.00055,0.0215778,-0.0031834,m2
19767403,0.069,-0.0146632,-0.0444173,m2
19848885,0.00465,0.0287538,0.0257725,m2
19881233,0.0048,-0.010205,-0.0192525,m2
19900273,0.00055,0.0378895,-0.00415549,m2
19904885,5.0e-05,-0.0027408,0.018809,m2
19897701,0.0008,-0.00569551,-0.00868302,m2
19904677,5.0e-05,0.0457283,0.0298717,m2
19858557,0.0095,0.00593979,0.0644905,m2
19903493,0.0003,-0.0463508,-0.0173986,m2
17195391,0.02715,0.0358616,-0.0118314,m2
13421075,1.0,0.016194,-0.0273377,m2
19904676,0.0002,-0.0179637,-0.00169724,m2
18810252,0.0964,0.00189008,-0.0112403,m2
15313675,0.28525,0.00301458,-0.0198885,m2
19902307,0.00075,0.00320902,-0.0333846,m2
19892728,0.00325,-0.0577677,-0.0435342,m2
18577898,0.1298,0.000604281,-0.0152363,m2
19715992,0.01965,0.0336546,0.0159126,m2
19905265,5.0e-05,-0.0664857,-0.0444826,m2
19904461,0.0003,0.103047,0.131659,m2
19667666,0.00555,0.0284569,-0.0080006,m2
19900714,0.00035,-0.0562193,-0.0275761,m2
19904460,0.00015,-0.0374891,-0.0322284,m2
19903893,0.00025,0.0527967,0.0557799,m2
2569813,1.0,0.00339823,0.00435178,m2
19898264,0.001,-0.0955015,-0.0719688,m2
19904097,0.0004,0.0478977,0.0868761,m2
19789095,0.01575,-0.0646927,-0.035746,m2
19903675,0.00045,-0.0235046,-0.0214349,m2
19766373,0.0548,-0.000674491,-0.00948637,m2
19080801,0.03765,-0.0286703,0.0139501,m2
19160001,0.01375,-0.015448,0.0307716,m2
18808048,0.2002,-0.00430054,-0.0269824,m2
16294498,0.0268,-0.00158609,0.002751,m2
1064638,1.0,-0.00473749,-0.0113308,m2
19904096,0.0001,0.0419675,0.0314426,m2
19868898,0.00185,-0.0547674,-0.0249413,m2
19414365,0.0798,-0.0430625,-0.0307378,m2
19897061,0.0005,-0.0209336,0.00110277,m2
19873127,0.0093,-0.00354518,0.00660551,m2
19904674,5.0e-05,0.17884,0.141082,m2
17776195,0.05535,-0.0154658,0.0138417,m2
19632547,0.01285,-0.0237988,-0.0434924,m2
19905264,5.0e-05,0.0241429,0.01086,m2
19903674,0.0002,0.0924937,0.0663565,m2
19333963,0.0087,0.0498172,0.0329024,m2
19831716,0.0317,0.00177387,0.0129002,m2
19421348,0.0453,0.0561904,0.0395731,m2
19902874,0.0002,0.00954853,0.0117245,m2
19903491,0.00065,-0.0405878,-0.0487548,m2
19901109,0.00045,0.01876,0.0384463,m2
19903891,0.0001,0.0239789,0.00609032,m2
19408004,0.07965,0.0347173,0.0284928,m2
19899455,0.0017,-0.0278481,-0.0334578,m2
19844534,0.02405,-0.0336309,-0.0539604,m2
19897494,0.00145,0.0284333,0.0496614,m2
19899064,0.0006,0.133406,0.0910054,m2
5300876,1.0,-0.0123053,-0.0099478,m2
18564978,0.0398,-0.0123011,0.0223332,m2
19905263,5.0e-05,0.00413346,0.00604514,m2
19528222,0.07455,0.0473482,0.0456077,m2
19905065,0.0001,-0.0411452,-0.0315788,m2
19880051,0.00665,-0.123288,-0.131002,m2
19899454,0.0012,0.00175271,-0.0254503,m2
19886801,0.00075,0.0451583,0.0435832,m2
19904672,0.00025,-0.133914,-0.147762,m2
19834325,0.0041,-0.0185265,-0.0288819,m2
19776894,0.03475,0.011386,0.0432624,m2
19889426,0.0032,-0.0142069,0.00875151,m2
19900711,0.00085,-0.0472303,-0.0557013,m2
19905262,5.0e-05,-0.0906727,-0.0908565,m2
19905064,5.0e-05,-0.0600693,-0.0547965,m2
19855171,0.00205,0.0715893,0.0319994,m2
19903672,5.0e-05,0.0494378,0.055912,m2
7780170,1.0,0.00545515,0.0107936,m2
19904671,0.00015,-0.06617,-0.0400362,m2
19796397,0.0119,-0.046181,-0.0137858,m2
19905063,5.0e-05,-0.0292311,-0.0393648,m2
19901519,0.0006,0.0527309,0.0580656,m2
19889233,0.00455,0.0480793,0.0482318,m2
18698200,0.05835,0.016791,0.039119,m2
19904095,0.00035,0.0366924,0.030874,m2
19892931,0.00315,-0.013225,-0.006084,m2
19904458,5.0e-05,0.0493335,0.0624339,m2
19808256,0.00125,0.00236527,0.00429174,m2
19387338,0.0167,-0.041938,-0.0210557,m2
10817222,0.12565,-0.0264727,-0.0172744,m2
19862200,0.0028,-0.00338852,0.00592353,m2
19711249,0.017,0.050414,0.0526502,m2
19897883,0.0006,0.0311117,0.0240886,m2
13650117,0.31985,0.0117853,0.0187085,m2
19901518,0.0007,-0.0411755,-0.0388773,m2
19434775,0.00815,-0.00145844,-0.0516204,m2
19855545,0.00145,0.0874687,0.0859459,m2
19846105,0.0032,-0.0728129,-0.059048,m2
18838953,0.04065,-0.0158713,0.013661,m2
19905062,0.0001,0.0821428,0.0903955,m2
19231477,0.04215,0.0263426,-0.0200189,m2
19868893,0.00385,-0.0407516,-0.0482067,m2
19801225,0.02795,-0.00657945,0.0218781,m2
19865149,0.00165,0.0087791,0.00266283,m2
19902872,0.0008,0.00200866,0.0140075,m2
19841612,0.00495,-0.0671281,-0.0299909,m2
19884991,0.00185,-0.0873549,-0.086496,m2
19878580,0.00365,0.0187732,0.0233691,m2
19822188,0.0088,-0.044174,-0.0598569,m2
19904880,0.00025,-0.0516252,-0.040954,m2
19904879,5.0e-05,0.00719864,0.0297468,m2
19305012,0.05075,-0.00192757,-0.00585512,m2
19901516,0.0019,-0.0610461,-0.0208673,m2
19827836,0.00685,0.0514979,0.0186912,m2
19904457,0.0001,0.0682735,0.042703,m2
19891783,0.00115,0.0734693,0.08764,m2
19636669,0.00535,-0.040974,-0.0724395,m2
19682360,0.0474,-0.00909049,-0.0393502,m2
19904456,0.0004,0.0321307,0.0309032,m2
19893477,5.0e-05,-0.0264599,-0.0249939,m2
19496090,0.115,0.0110122,0.0192976,m2
19894703,0.0001,0.0333164,-0.0095405,m2
19904878,0.0001,0.0143113,0.00361192,m2
19902483,0.0001,0.0131912,0.0291489,m2
19587669,0.00495,-0.00775209,0.0146163,m2
19893681,0.0013,0.0865996,0.101961,m2
19666287,0.0022,-0.0287057,0.0305991,m2
19867104,0.0008,0.0515018,0.0142368,m2
19777257,0.0056,0.0174509,0.0059255,m2
19903886,0.00055,0.0561514,0.0384928,m2
19814914,0.0001,-0.0159562,-0.00280035,m2
19889983,0.0013,-0.0659813,-0.0943061,m2
19905061,5.0e-05,0.0500495,0.077484,m2
19832898,0.0105,-0.00914768,-0.00362445,m2
19903256,0.0004,-0.0641936,-0.0628105,m2
19891189,0.00015,-0.0337362,-0.00937608,m2
19734677,0.00365,0.0078309,-0.0193968,m2
19902296,0.00055,0.0491082,0.0559281,m2
19902482,0.0006,0.0299815,0.0500722,m2
19876034,0.01645,-0.0106943,0.00298142,m2
19904668,0.0003,-0.00472787,0.0383516,m2
19493645,0.0706,-0.023385,-0.0383216,m2
19897482,0.00125,-0.0562451,-0.00975917,m2
19895103,0.0021,0.00981189,-0.0143086,m2
19852321,0.00875,-0.0465177,-0.0152375,m2
19905261,5.0e-05,-0.0613931,-0.0832451,m2
19904280,0.0001,-0.0224052,-0.0166867,m2
19901736,0.00065,0.016708,0.0222896,m2
19905260,5.0e-05,-0.101844,-0.104375,m2
19896062,0.0001,0.05276,0.0438453,m2
19729559,0.0102,-0.0390194,-0.012327,m2
19905259,5.0e-05,-0.024086,-0.0273352,m2
19785870,0.0054,0.0303253,0.0584055,m2
19904875,5.0e-05,-0.00091581,0.0122318,m2
19708522,0.006,-0.00766162,-0.00118037,m2
19875652,0.00055,0.0180916,0.0124327,m2
19902867,5.0e-05,-0.0504702,-0.0668541,m2
19671106,0.0366,-0.0153685,-0.00421827,m2
19883816,0.00335,-0.0093351,-0.0263261,m2
19869823,0.01315,-0.0135537,0.0193681,m2
18737359,0.0618,0.0194612,0.0182224,m2
18089339,0.12395,-0.00725352,-0.0250212,m2
19898859,0.0006,0.0441015,0.0284657,m2
19896270,0.0001,-0.0417888,-0.0771138,m2
19829450,0.0056,-0.04914,-0.0624085,m2
19892344,0.00025,0.0348656,0.0355002,m2
19903664,0.0006,0.0536224,0.043628,m2
18934580,0.23125,0.00142211,0.00783988,m2
19902866,5.0e-05,0.0902036,0.0310272,m2
19860171,0.0075,-0.0313737,-0.0219298,m2
13756945,1.0,0.00380417,0.005023,m2
19404793,0.01905,-0.00812236,-0.0287153,m2
19819764,0.0265,0.00809219,0.0376249,m2
19895319,0.0034,-0.00238495,-0.00448399,m2
19867320,0.01415,0.00918937,0.0198452,m2
19791260,0.00725,-0.00978622,-0.00428928,m2
19830932,0.0006,-0.0764544,-0.0337038,m2
19905258,5.0e-05,-0.0753326,-0.0583912,m2
19659380,5.0e-05,-0.0216181,-0.0355128,m2
19891591,0.0001,0.00888768,0.0033673,m2
19898648,0.0002,-0.0522798,-0.0269107,m2
17012673,0.24345,-0.00428643,0.00176305,m2
19640482,0.0228,0.0159035,0.0227158,m2
18776877,0.4609,0.00788264,0.0176991,m2
19900036,0.00035,-0.000708297,-0.00566612,m2
6106926,1.0,0.00328819,-0.0140748,m2
6465703,1.0,0.000851195,0.00207706,m2
19134407,0.103,-0.00646267,-0.00260219,m2
19904663,5.0e-05,-0.0364438,-0.06555,m2
19874691,0.004,0.043971,0.0426606,m2
19898053,0.0007,-0.031904,0.00287885,m2
18152023,0.07075,0.00487464,0.0240202,m2
8513600,1.0,-0.00393621,0.00957746,m2
19903881,0.0003,0.00354369,-0.00276685,m2
19875837,0.00085,-0.0778041,-0.0736766,m2
19897478,0.0004,0.0281806,0.0159795,m2
19882826,0.0011,0.035995,0.0806721,m2
19899246,0.0027,0.0347985,0.00894568,m2
18181277,0.1439,-0.00578821,0.0135887,m2
19125808,0.097,-0.00456126,0.00115388,m2
19902664,0.0003,-0.0511577,-0.0107905,m2
19792451,0.0381,0.0259459,0.00639181,m2
19842939,0.00715,0.0367828,0.053483,m2
18468330,0.1352,-0.0017832,0.0173057,m2
18897541,0.02135,0.025792,-0.00413104,m2
19849426,0.0034,0.0719524,0.0753156,m2
19904449,0.0001,-0.0224123,-0.0176135,m2
19903661,5.0e-05,0.0536158,0.0342008,m2
19142265,0.0091,-0.00795407,-0.0168738,m2
19900902,0.00265,-0.0028339,-0.0165048,m2
19904448,0.0002,-0.0686788,-0.0749102,m2
19905257,5.0e-05,-0.0159731,-0.0363691,m2
19896476,0.00175,-0.0498225,-0.067337,m2
19903253,0.0001,-0.0902626,-0.0381449,m2
19899857,0.00055,-0.0263316,0.00522534,m2
19837375,0.00105,-0.0108907,-0.0228617,m2
19888435,0.0003,0.00419552,0.011258,m2
16821992,0.02875,-0.0173803,0.00976946,m2
19867693,0.00595,0.0388105,0.0311312,m2
19895860,0.0003,0.0113413,0.00649265,m2
19885815,0.00095,0.0371196,1.17262e-05,m2
19857744,0.00065,-0.0662814,-0.0446144,m2
19904874,0.0001,0.0204019,0.00131831,m2
19695979,0.01285,-0.0122688,-0.0162757,m2
8702156,1.0,0.000300234,0.00173604,m2
17323241,0.01235,-0.00247463,-0.00570135,m2
19840997,0.0042,0.0118559,-0.0111577,m2
19905256,5.0e-05,-0.156155,-0.132651,m2
19606050,0.0079,0.0304822,0.011006,m2
19868071,0.0118,0.0455425,0.0357634,m2
19900264,0.00075,-0.0017261,-0.00611365,m2
19904084,0.0001,0.0131636,0.032257,m2
17879387,0.26485,0.0061567,0.00116873,m2
19905058,5.0e-05,-0.0638302,-0.0470307,m2
19797808,0.02765,-0.00403941,-0.0167726,m2
13503482,0.8508,0.00701314,0.00163332,m2
19904872,0.0002,-0.0103386,-0.0144349,m2
19900901,0.00075,-0.0375509,-0.0289947,m2
19887823,0.00275,0.0127874,0.00585425,m2
19897050,0.0005,0.0375066,0.0243195,m2
19903251,5.0e-05,0.0337411,0.0439607,m2
19881414,0.0005,-0.0883963,-0.101256,m2
19896474,0.00385,-0.105209,-0.113268,m2
19852941,0.00265,0.0431958,0.00725339,m2
19829654,0.0027,0.00460879,-0.00536218,m2
19901308,0.0003,-0.0520304,-0.0432538,m2
19886218,0.00095,0.0373978,0.030271,m2
19903879,0.0012,0.100064,0.0830708,m2
19900032,0.00065,0.014474,-0.0440859,m2
19904871,5.0e-05,-0.0487006,-0.0570536,m2
7912988,1.0,0.0263611,0.00153059,m2
19905255,5.0e-05,0.0447365,0.0643164,m2
19903478,0.0001,0.00600481,-0.0395132,m2
19874303,0.00695,-0.0226039,-0.0204701,m2
19891777,0.00395,0.120317,0.0510009,m2
19900261,0.00065,0.0580395,0.0347478,m2
19904274,5.0e-05,-0.0855326,-0.0864831,m2
18938201,0.1327,-0.00167562,-0.00829764,m2
19570165,0.01615,-0.00121952,-0.00350936,m2
19893274,0.00065,-0.0143858,-0.040425,m2
16910728,0.06095,-0.00274479,0.011841,m2
19880251,0.00125,-0.0501562,-0.0537898,m2
19868252,0.00235,0.0545002,0.0593895,m2
19904273,0.0004,-0.0447313,-0.0291218,m2
15609808,0.5241,0.000151114,0.0057204,m2
19905057,0.0001,0.0287663,0.0133399,m2
19901305,0.00015,0.0757906,0.0752034,m2
19905254,5.0e-05,-0.0588179,-0.0433562,m2
19903477,0.00015,-0.0217149,0.00566123,m2
19820807,0.0001,0.0305159,0.0482124,m2
19897474,0.0005,-0.0460794,-0.038657,m2
19838181,0.01375,-0.003317,0.00971659,m2
19762734,0.03085,0.0830939,0.0637365,m2
19854962,0.025,-0.016575,-0.0233777,m2
19810250,0.00235,0.0276503,0.0206624,m2
19905056,0.00015,-0.00268961,-0.0210411,m2
19904659,0.0001,-0.0702296,-0.0734428,m2
19904270,5.0e-05,-0.0232165,-0.0312973,m2
19903248,0.00025,-0.00227794,0.0126064,m2
19839815,0.03265,0.0162335,0.0128647,m2
19903247,0.0005,0.0576416,0.0230529,m2
19902659,0.0003,0.00877504,0.00652198,m2
19818306,0.00305,-0.00690284,-0.014904,m2
19860001,0.0016,-0.0126844,-0.0272423,m2
14944170,0.4961,0.026999,-0.0112938,m2
8462091,1.0,-0.00476926,-0.00934083,m2
19849978,0.00825,-0.00123096,-0.016442,m2
19901914,5.0e-05,0.0312226,0.0224387,m2
19871907,0.0032,-0.0225019,-0.0268152,m2
19785255,0.00895,0.0767743,0.0459086,m2
19891406,0.00165,0.0656404,0.0659984,m2
19904269,0.0001,-0.00870343,-0.0171591,m2
19905055,5.0e-05,0.0442075,0.0397689,m2
19544833,0.0654,0.0460444,0.064454,m2
19873722,0.00105,-0.0910935,-0.0823993,m2
19888028,0.00085,-0.00216734,-0.00268846,m2
19023074,0.04925,0.0387435,0.0367245,m2
19889596,0.00015,-0.016374,-0.0285745,m2
19904658,5.0e-05,-0.0483764,-0.0320063,m2
19807476,0.0057,-0.0216943,-0.0074899,m2
19903874,0.0002,-0.0723061,-0.0804591,m2
19905253,5.0e-05,-0.0678337,-0.0518402,m2
19904657,5.0e-05,-0.0699345,-0.0579914,m2
19901302,0.00015,0.0317505,0.0269598,m2
19897047,0.00055,-0.0071282,-0.0185486,m2
19663868,0.06705,0.000896425,-0.0013534,m2
19904867,0.00015,0.0363463,0.0125148,m2
19903873,0.00025,-0.000163738,-0.0126998,m2
19780830,0.02115,0.0106057,0.048459,m2
19904443,0.0001,-0.0912325,-0.112157,m2
19865302,0.00505,0.076929,0.0750173,m2
19173491,0.2422,0.00242002,0.00030869,m2
19704912,0.07865,0.0302063,0.011656,m2
19900487,0.0005,0.00542544,-0.0133815,m2
19901301,0.0003,0.0761972,0.0588987,m2
19896861,0.0009,0.0340361,0.0430721,m2
19132262,0.07145,-0.0157416,-0.000448512,m2
19284802,0.01135,-0.000104293,-0.00390118,m2
18164103,0.3284,-0.0103462,-0.0241059,m2
19620793,0.02445,0.0509662,0.0603671,m2
19894486,0.00035,-0.0268811,-0.0405773,m2
19894689,0.0025,0.0781323,0.0624184,m2
15645086,0.0618,-0.00356475,-0.0287561,m2
19739160,0.03655,-0.0489313,-0.0494993,m2
19899239,0.00015,0.00639882,0.000582233,m2
19904655,0.0001,-0.00464255,-0.00144087,m2
19903872,0.00025,0.00808342,-0.0426536,m2
19491481,0.0125,0.0287389,0.00435836,m2
19902859,0.0004,-0.0355538,-0.0325994,m2
19903061,0.00015,0.0257018,0.0369797,m2
19874297,0.0002,0.0477484,0.0483135,m2
19619803,0.013,0.0417953,-0.0206923,m2
19154637,0.05835,-0.0141981,0.0350208,m2
19905252,5.0e-05,0.0305578,0.0317019,m2
19900896,0.0003,0.0404066,0.0250668,m2
19905052,0.0001,-0.0817527,-0.0880099,m2
19861195,0.01205,-0.00165576,0.0267875,m2
19904864,0.00015,-0.0255017,-0.0606895,m2
19894687,0.0014,0.0304047,0.0354436,m2
19897687,0.00115,0.0108309,0.0509426,m2
19904442,0.0001,-0.0368674,-0.0182744,m2
19801205,0.0063,-0.10085,-0.104204,m2
19905051,0.0001,0.0652107,0.0568259,m2
19891578,0.00115,-0.00387896,-0.00630701,m2
19885168,0.00025,-0.0889654,-0.0799013,m2
19890995,0.00165,0.00509978,-0.0159577,m2
10142551,1.0,-0.000611993,0.0317286,m2
19905251,5.0e-05,0.0427369,0.100987,m2
19677338,0.07915,-0.0172905,0.00365176,m2
18509176,0.0462,-0.000887224,-0.0149272,m2
19904076,0.0001,-0.055236,-0.027352,m2
19902653,0.00025,0.0411952,0.00954603,m2
19819969,0.0236,0.032545,0.0103924,m2
19903649,5.0e-05,-0.0411741,-0.0226187,m2
19902652,0.00105,0.0426802,0.00947056,m2
19897686,0.0001,0.0226258,0.00716551,m2
19904862,5.0e-05,-0.00347445,0.00854292,m2
19721817,0.0073,0.0549366,0.0151322,m2
19816903,0.0107,0.038997,0.0121862,m2
19905050,0.0001,0.024724,0.0186705,m2
19903648,5.0e-05,-0.0205441,-0.012344,m2
19887398,0.0022,0.0838348,0.113564,m2
17395129,0.1162,0.00459471,0.0128319,m2
19899640,0.0001,-0.00385043,0.00517593,m2
19335498,0.11195,-0.0106459,-0.00856938,m2
19418320,0.0441,0.0607478,0.0276811,m2
19902472,0.00025,-0.0193413,-0.0404052,m2
19900251,0.00075,0.05341,0.0573352,m2
5283328,1.0,0.00623228,0.00603623,m2
19889778,0.0014,-0.0416914,-0.0677124,m2
19903870,0.00025,0.0114207,0.0222442,m2
19674073,0.00605,-0.0226601,-0.0221305,m2
19904861,0.0001,-0.104181,-0.114508,m2
19905250,5.0e-05,0.0583955,0.0467083,m2
19827819,0.002,0.0323318,0.000822135,m2
19863163,0.00425,-0.000403378,-0.00845994,m2
19903646,5.0e-05,-0.000543752,0.015994,m2
19465154,0.0768,0.0250983,-6.49082e-05,m2
19905249,5.0e-05,-0.134651,-0.121346,m2
18946075,0.04515,-0.0451139,-0.0182297,m2
19881211,0.00355,-0.0246959,0.00902047,m2
19905049,5.0e-05,-0.0337732,-0.0509116,m2
19828016,0.00585,0.0161444,0.0216766,m2
19872509,0.00245,0.0426984,0.0392829,m2
19905048,0.0001,-0.0445198,-0.0683317,m2
19905248,5.0e-05,-0.0609982,-0.0527862,m2
19897040,0.001,0.00453941,0.00742186,m2
19903467,0.0001,-0.0321956,-0.0467198,m2
19904440,0.00025,-0.0841888,-0.0717512,m2
14636521,0.45755,-0.000546985,0.00317308,m2
19876627,0.00075,0.00557548,-0.0252842,m2
7388877,1.0,-0.017211,-0.0228757,m2
19871470,0.00655,-0.0548836,-0.0354913,m2
19470943,0.00345,-0.0412702,-0.0768611,m2
19905247,5.0e-05,0.0236077,0.0335477,m2
19904651,0.0002,0.113954,0.0540347,m2
19905246,5.0e-05,-0.0534424,-0.0821548,m2
19902275,0.0003,-0.0218152,-0.0399051,m2
19904649,0.0002,-0.0600913,-0.0643596,m2
19904259,5.0e-05,-0.0356197,-0.0433273,m2
19897240,0.00035,0.0204991,-0.000782873,m2
19887212,0.00105,-0.0368725,-0.066582,m2
19902854,0.00015,0.0146761,0.019177,m2
19007024,0.191,-0.00288437,0.0171628,m2
19899045,0.00085,0.0275036,0.0169457,m2
19839610,0.00165,0.0139695,0.01522,m2
17393356,0.2957,-0.018044,-0.0144363,m2
19905245,5.0e-05,0.00733932,-0.00446809,m2
19893088,0.0002,-0.0325063,-0.0690883,m2
19895085,0.0007,0.0724676,0.0949147,m2
19875812,0.0045,0.0347692,0.0299808,m2
18715647,0.0899,0.00155021,-0.00597438,m2
19904069,5.0e-05,0.0121174,0.0253167,m2
19756450,0.0065,-0.052212,-0.0717181,m2
19904437,0.0001,-0.00113233,-0.0119076,m2
19680088,0.01285,0.0039917,0.00287101,m2
19877766,0.00195,-0.0496139,-0.0179859,m2
19898038,0.0009,-0.0745602,-0.0569043,m2
19881031,5.0e-05,-0.0316853,-0.043926,m2
19672031,0.003,-0.0150699,-0.0143886,m2
1283604,1.0,-0.0112546,-0.00293368,m2
19861611,0.0085,0.0269373,0.024658,m2
19896659,0.00135,0.0199503,0.039758,m2
19904436,0.0002,0.0237645,0.00571451,m2
19862774,0.0013,0.00262652,0.0013249,m2
19904648,0.0001,0.0167156,0.00368497,m2
19895084,0.00105,0.0495688,0.0475181,m2
19714134,0.02775,0.0309152,0.0529871,m2
19890787,0.00065,-0.0205849,-0.0617819,m2
19592062,0.1409,-0.0121072,-0.0168075,m2
19900693,0.0009,-0.0124384,-0.0421597,m2
19890569,5.0e-05,0.0404005,0.0385144,m2
19857522,0.00035,0.0138544,0.0212906,m2
19897466,0.00095,0.0733729,0.0729736,m2
19899848,0.00025,-0.0424838,-0.0427037,m2
19872294,0.00645,-0.0295165,-0.0183172,m2
19905244,5.0e-05,-0.0384143,-0.0309749,m2
18211634,0.2707,0.0153894,-0.002376,m2
18888384,0.0293,-0.0198934,-0.0386282,m2
17216204,0.117,-0.0162854,-0.00649908,m2
19871893,0.0015,-0.0798314,-0.0701393,m2
19905243,5.0e-05,0.0280011,0.016743,m2
19903460,0.0003,-0.0486627,-0.0441726,m2
19713165,0.01215,-0.00559006,-0.0298988,m2
19904857,5.0e-05,0.033968,0.0337691,m2
19875240,0.0003,-0.0490247,-0.0620754,m2
19794780,0.054,-0.0322838,-0.0301624,m2
19901715,5.0e-05,0.0844059,0.0836633,m2
19905242,5.0e-05,-0.0621688,-0.0447812,m2
19826868,0.0169,-0.0090727,-0.0170909,m2
19904855,0.00025,-0.0348443,-0.0202906,m2
19369027,0.10405,0.0243049,-0.00947533,m2
19868049,0.0052,0.0310856,0.0454808,m2
19737830,0.10905,0.0532098,0.0298674,m2
19893260,0.00105,0.0436875,0.065338,m2
19506706,0.05155,0.00657412,0.00620194,m2
19902647,0.0004,-0.00757618,-0.0249865,m2
19740810,0.027,-0.0273591,-0.04084,m2
19851727,0.00125,0.0606829,0.0522166,m2
19893084,0.0003,0.0146214,0.0303479,m2
19436785,0.02445,0.00567241,-0.00942475,m2
16680608,0.67015,-0.0023465,0.00831372,m2
19869800,0.0002,-0.0417749,-0.0278293,m2
19899434,0.0023,0.0568551,0.0347707,m2
19905044,5.0e-05,0.0239014,0.0444727,m2
19739155,0.01055,-0.00402033,-0.00442129,m2
19902271,0.00015,0.0285318,0.0477863,m2
19905043,5.0e-05,-0.0294818,-0.0609049,m2
19824727,0.00115,0.00601815,-0.000478682,m2
19532620,0.0124,0.00771873,0.0108508,m2
19903458,0.0002,0.0277796,0.00885725,m2
16860954,0.0922,-0.00668605,0.0217184,m2
19857519,0.00845,-0.0172773,-0.0134177,m2
19423160,0.03445,-0.0256268,-0.0591272,m2
19885599,0.00855,0.0294927,0.0383563,m2
19903052,0.0004,0.0261141,-0.0156041,m2
19890784,0.0035,0.000530737,-0.0279626,m2
5611039,1.0,0.00943329,0.0162458,m2
19836713,0.0002,-0.000310587,-0.0382441,m2
19862991,0.0082,0.0947457,0.0830552,m2
16883673,0.0692,-0.022534,0.000418815,m2
19733384,0.0097,0.0421222,0.0778975,m2
19902465,5.0e-05,-0.0445343,-0.0399401,m2
18304149,0.4484,-0.0161749,0.00379991,m2
17391926,0.33745,0.0151451,0.000334202,m2
19887388,0.00185,0.0281473,-0.0055385,m2
16894236,0.0559,-0.01319,0.0176307,m2
19901906,0.00105,-0.0210582,-0.0259949,m2
19894476,0.00345,-0.02054,0.00202963,m2
19790818,0.02515,0.0347855,0.0502008,m2
19896459,0.00025,0.00315183,0.0190013,m2
19866484,0.00135,-0.0759751,-0.0700467,m2
19903639,0.0003,-0.0049005,-0.031683,m2
19659572,0.01905,-0.019063,-0.0260479,m2
14363569,0.1046,0.00592388,-0.00807535,m2
19896655,0.0052,-0.0112903,-0.0258353,m2
19902646,0.0003,0.069483,0.0648932,m2
19905241,5.0e-05,0.0157087,0.0320758,m2
19903051,0.0005,-0.0390652,-0.0667442,m2
19167911,0.01905,0.0187872,-0.00829816,m2
19904852,5.0e-05,0.00739082,0.00652649,m2
19888804,0.0034,0.0248141,0.0115007,m2
19769296,0.0075,-0.0706368,-0.0367155,m2
19811250,0.00495,-0.0762141,-0.0901361,m2
18861336,0.11125,0.000690164,-0.0205761,m2
19900244,0.0003,0.067735,0.0807807,m2
19899846,0.0002,-0.0557438,-0.0341178,m2
19904851,0.0001,-0.00502469,0.00506342,m2
19904432,0.00015,-0.0539721,-0.0754505,m2
6104372,1.0,-0.0253111,0.0125035,m2
19524692,0.0058,0.038707,0.0153566,m2
19894674,0.00095,0.0502006,0.0854295,m2
19889399,0.0059,-0.0355261,-0.0315125,m2
19902643,0.00025,0.0761196,0.0831234,m2
19904644,0.0001,0.0535052,0.0738921,m2
19890562,0.00305,-0.0134616,-0.0207404,m2
19873500,0.0004,-0.0517382,-0.0598601,m2
19902267,0.0013,0.0172626,0.0326939,m2
11877274,1.0,0.0106809,0.00819285,m2
19839381,0.0089,-0.00125973,-0.0280078,m2
18971908,0.02795,-0.00267017,0.0250612,m2
19884202,0.00165,0.0757201,0.0827269,m2
19903050,0.00015,0.00485161,0.0340655,m2
19890983,0.00215,-0.0855826,-0.0552032,m2
19294141,0.0331,0.0404271,0.0447568,m2
19905042,5.0e-05,-0.00815123,-0.07241,m2
19490820,0.02635,0.0402677,0.0352185,m2
19889001,0.0001,0.000679515,0.00337187,m2
19662814,0.14775,0.0299296,0.0339344,m2
19895650,0.0024,-0.00285311,-0.0735268,m2
19899040,0.00045,0.0245607,0.0402148,m2
4824493,1.0,0.00136692,-0.0011946,m2
19890146,0.0002,-0.0790633,-0.0761229,m2
10431170,1.0,0.0159478,-0.0118913,m2
19902266,0.0002,-0.106518,-0.0605421,m2
19905041,5.0e-05,0.0218384,0.0351327,m2
19894883,0.0008,0.0255402,0.00700973,m2
19904848,0.0002,0.070632,0.0692755,m2
19874671,0.0009,-0.0403054,-0.0150569,m2
19876614,0.0024,0.00706307,0.0198322,m2
19903633,0.00025,-0.048892,-0.0736452,m2
19900239,5.0e-05,-0.00326308,0.0397145,m2
19883787,0.011,-0.0885775,-0.0817008,m2
19903229,0.00055,-0.0769545,-0.0529833,m2
19904847,0.0001,0.0947311,0.0925964,m2
19550787,0.08765,-0.006304,0.0121949,m2
19904251,5.0e-05,0.0461597,0.0163357,m2
19883231,0.00025,-0.00571047,0.0134083,m2
19901291,0.00065,-0.0215617,-0.0251194,m2
19790630,0.001,0.0236643,0.0479081,m2
19860349,0.0052,-0.00135971,-0.00937344,m2
19874487,0.00295,-0.0356815,-0.0144085,m2
19891388,0.001,-0.0730717,-0.0403495,m2
19904250,0.0002,0.0418227,0.0809304,m2
19849769,0.00365,-0.0812248,-0.0634763,m2
19905240,5.0e-05,-0.0479459,-0.0491427,m2
19811437,0.0089,0.00577159,0.0186757,m2
19903048,0.00015,-0.0529931,-0.054591,m2
19904249,0.0001,0.0431569,0.047381,m2
19051217,0.14625,-0.0101277,-0.0281874,m2
19788672,0.04675,0.0316949,0.0174088,m2
19904248,0.0001,0.0175431,0.0479511,m2
19435770,0.0032,-0.0564625,-0.0593022,m2
14763476,0.03625,-0.00466665,-0.0177473,m2
19903453,0.0001,-0.0242253,-0.0423219,m2
19897860,0.00035,0.0143287,0.0230686,m2
19497443,0.0091,0.052275,0.0638508,m2
19668239,0.00705,-0.0272928,-0.00501352,m2
19642721,0.02345,-0.0614111,-0.0640925,m2
19904063,0.0001,0.051535,0.0917037,m2
19822154,0.00395,0.0410937,0.0207697,m2
18970922,0.02615,-0.0182796,0.00464068,m2
19905239,5.0e-05,-0.00987585,-0.0250809,m2
19903631,0.0007,0.027037,0.00868653,m2
19734423,0.0043,-0.107036,-0.093745,m2
19823903,5.0e-05,-0.0268227,0.0138791,m2
19905238,5.0e-05,0.0976352,0.0764211,m2
19905040,5.0e-05,-0.0261871,-0.0142976,m2
19879420,0.00115,0.0530535,0.0189286,m2
19905237,5.0e-05,0.00576581,-0.021693,m2
19893657,0.0004,-0.0483645,-0.0688459,m2
19878366,0.001,0.0144406,0.0196604,m2
17042673,0.13445,0.0116644,0.0127784,m2
19905236,5.0e-05,-0.0312738,-0.0516957,m2
19411517,0.02035,0.0460296,0.0312855,m2
19753956,0.0032,-0.0257759,-0.0147755,m2
19904846,5.0e-05,0.0162545,0.047357,m2
19905037,5.0e-05,-0.0227219,-0.050248,m2
19857106,0.0005,0.0278538,-0.00522297,m2
19770877,0.01935,-0.00221205,0.00466836,m2
19898831,0.0007,0.0651942,0.0486416,m2
19899426,0.00025,-0.0102558,-0.000820964,m2
19904426,0.00045,0.05559,0.0432537,m2
19559615,0.0145,0.0201792,-0.0296327,m2
19893852,0.00055,0.0715997,0.0734337,m2
19901085,0.00075,0.0588125,0.0617454,m2
19901492,0.00085,-0.0409357,-0.0226368,m2
19468301,0.01125,0.0209238,0.00240999,m2
19885152,0.00045,0.0378881,0.0487198,m2
19878549,0.00055,0.0417153,0.00262015,m2
18818772,0.03635,0.0228616,0.00191462,m2
19904060,0.0001,-0.013231,-0.0259001,m2
19905036,5.0e-05,0.00373357,-0.0151958,m2
19581355,0.02605,0.00728403,0.0287472,m2
19900465,0.0009,0.035646,0.0451826,m2
19303421,0.0869,-0.0269621,-0.0319657,m2
19904243,0.0002,0.0797375,0.0932167,m2
19902091,0.00095,-0.0806755,-0.0626636,m2
19848607,0.0048,0.0052163,0.0008056,m2
19374494,0.1053,-0.0094088,-0.00975201,m2
19905235,5.0e-05,-0.0174865,0.0159402,m2
19894057,0.00525,-0.0472451,-0.0530997,m2
19905234,5.0e-05,0.104094,0.0955826,m2
19894879,0.0011,0.0157013,0.0393643,m2
19904842,5.0e-05,0.024486,0.0313367,m2
19598126,0.0022,0.0492746,0.000646487,m2
19903628,0.00015,0.0329848,0.0385944,m2
5804416,1.0,-0.0170245,-0.0164429,m2
19458227,0.04465,0.011388,-0.0221923,m2
19204604,0.02875,0.0115072,0.0381139,m2
19716152,0.0104,0.0510797,0.060024,m2
19899035,0.00035,0.0274279,0.0320644,m2
19901491,0.0001,-0.0462629,-0.0385778,m2
16750519,0.8164,-0.0197738,-0.00944595,m2
19700363,0.00615,0.0413181,0.0885269,m2
19865897,0.0008,-0.0862284,-0.0967367,m2
19894878,0.0009,0.00506435,-0.0222587,m2
19904059,0.0001,-0.0166051,-0.0308177,m2
19883980,0.00125,0.0914273,0.0764452,m2
19904641,0.0002,0.0013689,0.0318493,m2
19905033,0.0001,0.0175849,0.0380589,m2
15944698,0.07855,-0.0182671,-0.00613891,m2
2422689,1.0,0.0389566,0.0195413,m2
19868618,0.0077,-0.0240194,-0.00152623,m2
19904840,5.0e-05,0.0897191,0.0673002,m2
19902841,0.00035,-0.051516,-0.0547549,m2
19246743,0.14395,0.0147311,0.0235022,m2
19860140,0.00535,0.0710712,0.0463801,m2
19888990,5.0e-05,0.00751071,-0.00537583,m2
19730343,0.0001,-0.0487652,-0.0521826,m2
19899224,0.0002,-0.00372301,0.00358594,m2
19379055,0.0693,-0.0185853,-0.0253593,m2
19845677,0.00455,-0.0258105,0.00651046,m2
19759475,0.0071,0.0235076,0.0300683,m2
19897667,0.0002,0.0688008,0.0705716,m2
19713352,0.00585,-0.0261186,0.0010881,m2
19890137,0.0018,-0.0284696,-0.0351062,m2
19904839,0.0001,0.0797743,0.0851693,m2
19900458,0.001,0.024917,0.0468894,m2
19889384,0.00405,0.0177826,0.0166145,m2
19603392,0.01645,0.0235816,0.00972103,m2
19901289,0.0007,0.0328997,0.00278696,m2
19904838,0.0001,-0.00617351,-0.0142657,m2
19892510,0.0001,0.0536163,0.0384615,m2
19836266,0.00875,-0.0220225,-0.0208166,m2
19182052,0.01845,-0.00034702,0.000229116,m2
19894461,0.001,0.114309,0.0891317,m2
19905233,5.0e-05,0.0149257,-0.00824934,m2
19881192,0.00165,-0.00824755,0.00113956,m2
19904239,0.0001,0.00952418,0.0875325,m2
19900456,0.0002,0.0653853,0.0534294,m2
19904418,0.00025,0.069075,0.0670563,m2
19902087,0.00085,-0.00278691,0.00390063,m2
19901892,0.00055,0.119719,0.138089,m2
19822342,0.0025,0.0541709,0.0336956,m2
19883778,0.0007,-0.090276,-0.0674023,m2
19858292,0.0009,0.0116821,0.0143006,m2
19767140,0.00745,0.00340909,0.00444857,m2
19827034,0.00715,-0.00588847,-0.000474015,m2
19744436,0.01775,0.0021491,0.00687017,m2
19905232,5.0e-05,0.0324222,0.00641451,m2
19905031,5.0e-05,-0.0983215,-0.105593,m2
19901483,0.0019,0.00119241,-0.00598097,m2
19905231,5.0e-05,-0.0443991,-0.0206709,m2
19902633,0.0001,0.0631552,0.0389943,m2
19383410,0.0323,-0.0190916,-0.060805,m2
19813428,0.00925,0.00778928,0.0110654,m2
19859759,0.002,-0.000571883,-0.0042077,m2
19898444,0.0002,-0.0284413,-0.0455849,m2
19904835,5.0e-05,-0.0413059,-0.0663663,m2
19540657,0.0159,0.00396805,-0.0126644,m2
19624324,0.03065,0.0314194,0.0428958,m2
19177605,0.00835,0.0453899,0.00304415,m2
19904416,0.0002,-0.0459863,-0.0713193,m2
19903041,0.0002,0.0407217,0.0111144,m2
18710721,0.14425,-0.0268313,-0.0193909,m2
19902256,0.0014,-0.0123494,0.00965304,m2
19848217,0.0067,0.0240215,0.0509884,m2
19886397,0.00075,-0.0514057,-0.0453043,m2
19905029,5.0e-05,-0.0265368,-0.0151514,m2
19859548,0.00425,-0.0883926,-0.107855,m2
19839369,0.03815,0.0276783,0.0156207,m2
19903040,0.0006,-0.00815485,-0.00210229,m2
19898217,0.0004,0.0252194,0.0330427,m2
14395876,1.0,0.0247879,0.00459209,m2
19904640,0.0001,-0.0789383,-0.0697129,m2
19633070,0.00415,-0.0101001,0.00315013,m2
19904414,5.0e-05,-0.0364169,-0.0509261,m2
19887372,0.00025,-0.0486104,-0.0125636,m2
19890973,0.00025,-0.00789861,-0.0132797,m2
19902834,5.0e-05,-0.0181461,0.00853619,m2
19896231,0.00335,0.0534032,0.0748206,m2
19905230,5.0e-05,-0.0178435,-0.014729,m2
19624100,0.0285,-0.029269,-0.0556272,m2
19905229,5.0e-05,-0.0155124,0.00689369,m2
19905228,5.0e-05,-0.0205918,-0.0206371,m2
7096562,1.0,0.0097738,0.030427,m2
19887787,0.00045,0.0492178,0.052361,m2
17776348,0.7803,-0.0149851,-0.0199502,m2
19728524,0.01685,0.0305714,0.0180762,m2
19867462,0.0013,-0.0462129,-0.0474404,m2
16567436,0.156,-0.00975273,-0.0191667,m2
19899419,0.00105,-0.00760975,-0.00773558,m2
19904639,0.00015,0.0567858,0.0367744,m2
19904638,0.00025,0.0780726,0.0936612,m2
19892313,0.00245,-0.0213111,-0.0663548,m2
19883212,0.0041,-0.0345374,-0.012942,m2
19801569,0.00125,-0.0130806,-0.0354826,m2
16853325,0.02255,-0.0121957,-0.000614083,m2
19897221,0.0008,-0.0625905,-0.0599999,m2
19904833,0.0001,-0.0287777,-0.0266693,m2
19890970,0.0003,-0.0872865,-0.0952414,m2
19895835,0.0011,-0.0437538,-0.0322382,m2
19905227,5.0e-05,0.0302163,0.0533997,m2
19824294,0.0077,0.0181605,-0.0334441,m2
19813041,0.0225,0.0150644,0.0562273,m2
19853509,0.0117,0.0585863,0.0593716,m2
19662803,0.07005,0.0274311,0.0311775,m2
19158342,0.0185,0.00881776,-0.0169375,m2
19860536,0.00345,-0.0297709,-0.0187757,m2
18841106,0.3834,0.00305661,-0.0243986,m2
19904411,5.0e-05,-0.0235557,-0.0405473,m2
19899417,0.0006,0.0361046,0.0516071,m2
19858110,0.0047,-0.0726122,-0.0526731,m2
19808790,0.0099,-0.0119141,-0.0299926,m2
19904637,0.0001,0.0214634,0.0166958,m2
11174023,1.0,0.01317,0.0254119,m2
19904831,5.0e-05,0.016655,0.00340243,m2
19654935,0.05715,-0.038194,-0.0423075,m2
19845290,0.01305,-0.0304849,0.00900379,m2
19896028,0.00195,-0.00464858,-0.0416401,m2
19861804,0.01095,-0.0486917,-0.0236247,m2
19905226,5.0e-05,0.0324337,0.024935,m2
19902631,0.00035,-0.010919,-0.0218536,m2
19823890,0.00675,-0.054736,-0.0617849,m2
19904830,5.0e-05,-0.0478555,-0.0469339,m2
19902630,0.00015,-0.00800293,-0.0153949,m2
19900672,0.00025,0.0176815,0.00958821,m2
19864321,0.00075,-0.0150311,0.00849646,m2
19889942,0.00335,-0.0284465,-0.0324848,m2
19902629,5.0e-05,0.0191116,-0.0194633,m2
19696935,0.0741,-0.037612,-0.0287986,m2
16725087,0.02995,0.0054185,-0.00635939,m2
19904409,5.0e-05,0.0706242,0.0631062,m2
19863138,5.0e-05,-0.0324381,-0.00966839,m2
19895636,0.00125,-0.0679456,-0.0568147,m2
4619924,1.0,-0.00719977,0.0111855,m2
19904049,5.0e-05,0.01135,0.01842,m2
19877583,0.0002,-0.00870579,0.0205815,m2
6041426,1.0,-0.00239832,-0.00221484,m2
19693988,0.0183,-0.0355241,-0.0194738,m2
19902249,0.0001,-0.0712336,-0.0634968,m2
19904636,0.0001,0.0662275,0.0617914,m2
19604594,0.0885,0.0152521,0.0281386,m2
19890124,0.0034,-0.00903231,0.000259958,m2
19828807,0.0089,0.0298548,0.0492614,m2
19902451,0.0007,-0.0696232,-0.0504331,m2
19905225,5.0e-05,0.0706374,0.0848455,m2
19791815,0.016,0.0352855,0.0265104,m2
19892683,0.00225,0.0416371,0.00214321,m2
19905025,0.0001,0.0874855,0.0764314,m2
19734005,0.05555,-0.0398662,-0.0240057,m2
19902079,0.00075,-0.00754145,-0.0138297,m2
19901273,0.0012,0.0596491,0.0437471,m2
19674689,0.00055,-0.0687307,-0.0663982,m2
19869031,0.0068,-0.0011448,0.0181337,m2
19388055,0.0169,0.0110356,0.0436397,m2
19505472,0.1606,-0.0208791,0.0207117,m2
19826479,0.0005,-0.0610731,-0.0629753,m2
19901272,0.0002,-0.0184713,0.0277768,m2
19518031,0.03425,0.00396898,-0.013026,m2
19868852,0.0013,-0.0560442,-0.0331808,m2
19785610,0.00595,0.0285269,0.0324942,m2
19868851,0.00265,0.0562499,0.0428789,m2
19905224,5.0e-05,-0.0900717,-0.0691614,m2
19640859,0.01925,0.0466116,0.0646449,m2
19806244,0.00065,-0.0286652,-0.0367573,m2
19787069,0.0038,-0.0333691,-0.0102124,m2
19903849,0.0001,-0.0347448,-0.0258046,m2
19877748,0.00605,-0.00655491,-0.0131561,m2
19901884,0.00065,-0.0818318,-0.0511661,m2
75326,1.0,0.0122323,0.0132043,m2
19904635,0.00015,0.0264847,0.0285476,m2
19905223,5.0e-05,0.00777831,-0.00460982,m2
19905024,5.0e-05,-0.0185144,-0.0358093,m2
19885766,0.00305,-0.0445382,-0.00962425,m2
12574947,1.0,-0.00277659,-0.00166934,m2
19883367,0.00025,-0.0868609,-0.0869289,m2
14330874,0.96725,0.0109747,0.0134283,m2
19877952,0.00775,0.0267018,0.0253471,m2
19892888,0.00065,-0.110027,-0.146391,m2
19901268,0.0006,0.0302547,0.0313274,m2
19899025,0.0014,0.0296683,0.0136367,m2
19896227,0.0025,-0.0311528,-0.0426114,m2
19874652,0.0103,-0.0133019,0.00256631,m2
19896027,0.0005,0.132096,0.183906,m2
19773665,0.01815,0.0446744,0.0122315,m2
19567988,0.0034,-0.00530749,0.000144301,m2
19812418,0.0004,-0.00129599,0.0298881,m2
19833468,0.0044,-0.0269838,-0.0375284,m2
19903438,5.0e-05,0.00529849,0.000421414,m2
19901689,0.00055,-0.0471414,-0.0493451,m2
19899411,0.00085,-0.0168904,-0.0764003,m2
19899999,0.0004,0.050264,0.0937011,m2
19904404,0.0001,-0.0515234,-0.0630307,m2
19902246,0.00035,-0.0661972,-0.0874439,m2
18020811,0.02235,0.00902483,0.000474209,m2
15514731,0.37485,0.0162699,0.00573045,m2
19904403,0.0001,-0.0339812,-0.00510055,m2
17093748,0.53575,-0.00702563,-0.00101631,m2
19896026,0.00015,0.0392113,0.0507108,m2
19892885,0.0032,0.0163492,-0.00886765,m2
19812416,0.0012,-0.0286286,-0.0527104,m2
19905023,5.0e-05,0.00590821,0.0344571,m2
19846807,0.00945,-0.0386079,-0.0435363,m2
19905222,5.0e-05,-0.00256128,6.83712e-05,m2
19905021,5.0e-05,0.0885835,0.100276,m2
19850141,0.01015,0.0843085,0.0699555,m2
19900451,0.00225,-0.0607213,-0.0559793,m2
19897847,0.0001,0.0823742,0.0455934,m2
19673653,0.0057,0.06464,0.0320699,m2
19430445,0.077,-0.0270065,-0.0075968,m2
19812619,0.0205,-0.0308536,-0.0555245,m2
19223819,0.12615,-0.0243372,0.0281179,m2
19904826,0.00025,-0.0501782,-0.0713443,m2
19902625,0.00015,0.0330687,0.0343411,m2
19904825,5.0e-05,0.0201047,0.0123597,m2
19590586,0.0283,-0.0746784,-0.0625646,m2
19889373,0.00155,0.0385035,0.0303431,m2
19905221,5.0e-05,-0.0177048,0.00528519,m2
19516012,0.06505,0.00932074,0.0190957,m2
19499760,0.03905,0.0328198,0.0216561,m2
19903615,0.00015,0.0762259,0.0473521,m2
19895831,0.0008,0.0128863,0.0355897,m2
19892131,0.00295,0.123221,0.104558,m2
19834061,0.00185,-0.0307753,-0.0484934,m2
19711776,0.0386,0.00428933,0.0115429,m2
19904824,5.0e-05,0.0236837,0.0216658,m2
19870607,0.00555,-0.0439964,-0.0495513,m2
19901470,0.00035,-0.0061565,-0.0184711,m2
19875614,0.00965,-0.00418601,-0.0171134,m2
19897656,0.0017,-0.00247325,-0.0421999,m2
19905220,5.0e-05,0.00720138,0.020132,m2
18437781,0.01075,-0.0188039,-0.0347327,m2
19253456,0.0494,-0.00688373,0.00559324,m2
19840364,0.0029,-0.0173683,0.0018575,m2
19847436,0.0207,0.0573532,0.0305002,m2
19669220,0.0005,-0.0797949,-0.0530322,m2
19709659,0.01885,0.0175436,0.0126496,m2
19856887,0.00055,-0.0105472,-0.0480376,m2
19824504,0.0016,-0.011336,0.0281886,m2
19900448,0.00065,0.0150145,0.0209681,m2
15571374,0.7907,-0.0100067,0.0110783,m2
19876994,0.00275,-0.00681661,0.0138721,m2
19893237,0.00115,0.0314108,0.0118247,m2
19905219,5.0e-05,-0.0236554,-0.00998863,m2
19782971,0.0008,0.0108494,0.00515156,m2
17488332,0.3583,-0.000365104,0.0142425,m2
19902073,0.0005,-0.0018707,-0.0472018,m2
19903033,0.00035,0.045836,0.0380672,m2
19886737,0.0048,-0.0318277,-0.040718,m2
19370831,0.09725,-0.0165167,-0.0325415,m2
19902824,5.0e-05,0.0325527,0.0464926,m2
19905218,5.0e-05,0.046309,0.0373742,m2
19847229,0.00695,-0.0134115,0.00115016,m2
19842126,0.0085,0.0328138,0.0382907,m2
19043121,0.01385,0.0335421,-0.00149092,m2
19905217,5.0e-05,0.0721832,0.0579067,m2
19684450,0.03635,-0.0127077,-0.0310589,m2
19904821,0.0001,-0.0313259,-0.0548852,m2
19905216,5.0e-05,0.0344327,0.0424217,m2
19904227,5.0e-05,-0.0151808,-0.0415696,m2
19688275,0.01095,-0.0776034,-0.109574,m2
19888782,0.0008,0.086773,0.0580294,m2
19879601,0.0032,-0.0688488,-0.0562261,m2
19899020,0.0012,0.0208854,0.00213802,m2
19791804,0.02185,0.030951,0.0218387,m2
19870004,0.00035,-0.0257099,-0.0145598,m2
18876827,0.1281,0.00272257,-0.010689,m2
19902244,0.00025,0.0859732,0.0933765,m2
19415690,0.04925,0.012453,0.00851619,m2
19859333,0.00685,0.0383025,0.0440177,m2
17776917,0.5089,0.0330311,0.0284294,m2
18827514,0.09645,0.0361516,0.0118286,m2
19904226,0.0001,-0.00576568,0.0297105,m2
19905020,5.0e-05,0.00753604,0.036593,m2
19727288,0.00095,0.0431369,0.0515245,m2
19905019,0.0001,-0.0794861,-0.065253,m2
13157090,1.0,0.0291442,-0.00365202,m2
19899821,0.0001,-0.0358094,-0.0542095,m2
9803699,1.0,-0.00780499,0.0132188,m2
19698568,0.0172,0.0208056,-0.0203433,m2
19905018,5.0e-05,-0.0607224,-0.0328885,m2
19610364,0.11455,-0.0157743,0.0141002,m2
19904400,5.0e-05,-0.0539732,-0.0412747,m2
19883358,0.00475,0.0831263,0.0770957,m2
19822911,0.01865,0.0516082,0.0508462,m2
19862332,0.00115,-0.0196091,-0.0402553,m2
19614980,0.06375,0.0110972,0.00222261,m2
19904224,0.0001,-0.0134714,-0.00814424,m2
15213736,0.06225,-0.00743819,0.000201042,m2
18929277,0.0373,-0.0519635,-0.0563748,m2
19355225,0.0204,0.0194201,-0.00833599,m2
19791802,0.0024,-0.0244786,-0.0390057,m2
19904819,5.0e-05,0.0289354,0.011694,m2
19713711,0.00095,0.00425799,0.00658423,m2
19895628,5.0e-05,-0.0614158,-0.0668405,m2
19905215,5.0e-05,0.0823963,0.118401,m2
19869407,0.00055,0.0624303,0.0284022,m2
19889172,0.0015,0.0104672,0.00351796,m2
19883550,0.0092,-0.0401468,-0.0322388,m2
18501448,0.60965,0.00384016,0.0151265,m2
19504040,0.019,0.0166097,0.0141458,m2
19879597,5.0e-05,-0.00669907,-0.0117143,m2
19706041,0.00415,0.0119204,0.0392549,m2
19854117,0.00305,-0.0180429,-0.014876,m2
4975998,1.0,-0.00123666,-0.00909297,m2
19904041,0.0001,-0.0583657,-0.0644525,m2
12863054,1.0,-0.00904343,-0.00250317,m2
19866446,0.0003,-0.0777871,-0.0532648,m2
19905214,5.0e-05,0.0055014,0.0345851,m2
19899993,0.0004,-0.0243327,0.00700309,m2
19903609,0.00055,0.0988826,0.081808,m2
19805841,0.00195,0.0261431,0.00464438,m2
19873284,5.0e-05,0.00344887,0.00166875,m2
3315596,0.15755,0.00830678,0.0105649,m2
19898598,0.0007,0.0270292,0.0150693,m2
19728324,0.046,-0.0162328,-0.00170494,m2
19905213,5.0e-05,0.0930218,0.101711,m2
19905212,5.0e-05,0.063225,0.0313823,m2
19806434,0.01115,0.00530808,0.033705,m2
19901872,0.00065,-0.00430852,-0.024793,m2
19900662,0.00055,0.0423306,0.00126578,m2
19903430,0.00045,-0.0786712,-0.0870736,m2
19904817,5.0e-05,0.0366586,0.0370571,m2
19882579,0.0004,0.0545478,0.059251,m2
19594016,0.0021,-0.0101427,-0.0152683,m2
19900209,0.00025,0.0880911,0.0813923,m2
19900861,0.0005,0.0734254,0.0645441,m2
19781155,0.01025,-0.029049,-0.00274004,m2
19830645,0.01655,-0.0291117,-0.0282382,m2
19860322,0.01355,0.00328752,-0.0152845,m2
19846997,0.00395,0.00277426,0.0270042,m2
19526782,0.0478,0.031975,-0.0067032,m2
19850338,0.00125,0.0283993,0.0263262,m2
19900860,0.00015,0.0474691,0.0463135,m2
19899208,0.00025,-0.00521939,-0.0393665,m2
19690070,0.04085,0.0356132,0.0123837,m2
19881757,0.0029,-0.0199797,-0.0013056,m2
16469922,0.18925,-0.0243014,-0.0014762,m2
19523585,0.00305,0.0123087,0.0304835,m2
19894441,0.00215,0.0351875,0.0230743,m2
19866443,0.0045,-0.0435633,-0.038363,m2
19889741,0.00165,-0.0774044,-0.0682677,m2
19889169,0.0017,0.0832357,0.0718219,m2
19868409,0.0017,0.0581,0.0859727,m2
19902619,0.0001,0.0159803,-0.00125869,m2
19329980,0.10005,-0.0320322,-0.0452946,m2
19904222,5.0e-05,0.0210696,-0.0276559,m2
19897839,0.0002,0.0606445,0.0547874,m2
19905211,5.0e-05,0.0515562,0.045259,m2
19824696,0.00895,-0.0159963,-0.00974387,m2
19903025,0.0001,-0.0283864,0.0263737,m2
19575791,0.04645,0.0325765,0.0403254,m2
19904816,5.0e-05,0.0165581,-0.000600249,m2
17423225,0.90855,-0.017522,0.00955885,m2
19894245,0.00075,-0.00322368,0.014407,m2
19271486,0.0879,-0.000259793,0.00556792,m2
18548619,0.20265,-0.0210078,-0.00351912,m2
19902067,0.00025,0.0404439,0.063284,m2
18256252,0.0204,0.0219885,-0.0140239,m2
19905210,5.0e-05,-0.0505479,-0.0187299,m2
19537269,0.03245,0.0133277,0.0323916,m2
19627700,0.05335,-0.0312652,-0.024034,m2
19891925,0.00095,0.0526659,0.0135378,m2
19752958,0.0316,0.00778426,0.0071567,m2
19904221,5.0e-05,0.00380121,-0.0016177,m2
19834053,0.00165,-0.00430298,-0.0108931,m2
19739751,0.0331,0.04577,0.0297866,m2
19878100,0.0016,0.000511442,0.0190443,m2
19286892,0.0091,0.011837,-0.023262,m2
19878333,0.00285,0.0115476,-0.0196755,m2
19903428,0.00025,0.00749222,0.0403709,m2
19904815,0.00015,0.0126767,0.00325362,m2
19856297,0.00775,0.0266927,0.0403422,m2
19898594,0.0008,0.0683673,0.0287403,m2
2073881,1.0,0.0135324,0.00839093,m2
19900206,0.0003,0.0386655,0.0306959,m2
19858687,0.0056,-0.0665742,-0.0362197,m2
19886380,0.00025,-0.00653084,-0.0370913,m2
19905014,5.0e-05,0.0435752,0.0140848,m2
19903840,5.0e-05,-0.0230788,-0.0188232,m2
19863314,0.00305,0.00840897,-0.0266569,m2
19905209,5.0e-05,0.0151274,0.0362514,m2
19706594,0.01495,0.00795945,0.0165123,m2
19904626,0.0001,0.0766154,0.0745195,m2
19904625,5.0e-05,0.00349793,0.0104895,m2
19905013,5.0e-05,-0.0546206,-0.0685254,m2
19296726,0.0826,0.0198806,0.0272484,m2
19904623,0.0004,0.0507878,0.0264337,m2
19876167,0.0045,0.0333623,0.0438524,m2
19802351,0.0004,-0.0125778,-0.042617,m2
19889929,0.0001,0.0995189,0.0805058,m2
19905208,5.0e-05,0.043039,0.00320787,m2
19840722,0.00035,-0.0362491,-0.0705605,m2
9850724,1.0,0.0136374,0.0157057,m2
19899985,0.0003,0.0475858,0.0518282,m2
19695732,0.0166,0.0675369,0.0434084,m2
19702117,0.0027,0.0129922,0.016771,m2
19522309,0.0446,-0.00277787,-0.0169527,m2
19905207,5.0e-05,-0.0416113,-0.0249218,m2
19901259,0.00035,-0.0133688,-0.00979593,m2
19897640,0.00045,0.117211,0.0869357,m2
19873066,0.004,-0.0191774,-0.0578243,m2
19793543,0.00755,0.0125519,-0.0324237,m2
18379555,0.3059,-0.0163231,-0.00674398,m2
19904621,5.0e-05,0.0942272,0.0965779,m2
729867,1.0,-0.0119744,0.0097692,m2
19904217,0.00015,-0.0472693,-0.0916414,m2
14891502,0.59515,0.00194491,-0.00667156,m2
19905011,0.0001,0.0130784,0.00806251,m2
19735809,0.02025,0.0126014,0.000956156,m2
18173743,0.0784,0.0120839,0.00650047,m2
19902614,0.00025,-0.091138,-0.0947015,m2
19904393,0.00035,0.00893729,0.0355471,m2
18991618,0.00105,-0.0142504,-0.0547389,m2
19904392,0.00015,0.00439998,-0.00826724,m2
19715342,0.0573,-0.00748612,-0.00884396,m2
19872065,0.0019,0.000536455,-0.00563036,m2
18753286,0.16285,0.00671175,-0.00636307,m2
19895060,0.0001,0.0248428,0.0419004,m2
17544813,1.0,0.0297404,0.0321547,m2
19904812,0.0002,0.0213858,0.0286031,m2
19885977,0.00525,0.0648247,0.045715,m2
19801145,0.01335,0.0214402,0.00970273,m2
19901257,0.0004,0.0824794,0.10238,m2
19899397,0.0016,-0.0293822,-0.0136953,m2
19675890,0.06605,0.0284543,-0.0326865,m2
19895059,0.0009,0.00182958,-0.0164642,m2
19825875,0.0098,-0.0108788,-0.00180914,m2
19877729,0.00335,-0.0490674,-0.0885465,m2
5633172,0.83915,0.00156805,-0.00307195,m2
19892488,0.0005,0.126799,0.104918,m2
19861140,0.01655,0.0331301,0.0155879,m2
19902441,0.0011,0.030015,0.054517,m2
19597449,0.007,-0.00283023,0.000603674,m2
19816029,0.0048,-0.067374,-0.0829528,m2
19878748,0.0013,-0.00550753,-0.043228,m2
19867034,0.003,0.0469768,0.0780228,m2
19904620,0.0001,0.00931336,0.00845926,m2
18904128,0.00505,0.0461862,0.0344471,m2
15573104,0.8828,0.0169458,0.00559995,m2
19892119,0.00045,0.0550051,0.0405563,m2
19899396,0.00085,-0.02103,0.0112825,m2
19170457,0.1527,-0.00117229,0.00315339,m2
5761419,1.0,-0.0106232,-0.00738473,m2
19889164,0.0017,-0.0174822,-0.0313261,m2
18601250,0.2705,-0.00343181,0.0237194,m2
19905010,5.0e-05,0.0543154,0.0608374,m2
18655615,0.0105,0.0302289,0.0239385,m2
19869012,0.00735,-0.0167539,0.0108094,m2
19325195,0.0123,0.0198884,0.0230546,m2
19891917,0.0058,0.0333731,0.0449268,m2
19818653,0.00605,-0.0116771,0.0136061,m2
19335449,0.0108,0.00756682,0.00318643,m2
19899600,0.0002,-0.0306723,-0.0634631,m2
18101545,0.4421,0.0104155,-0.00976645,m2
7828513,1.0,0.005937,0.000169738,m2
19904811,5.0e-05,0.0357823,0.0160739,m2
19903600,0.00115,-0.0308362,-0.0387469,m2
19882387,0.0034,0.0868021,0.100107,m2
19901680,0.00025,0.0106952,0.0228758,m2
19905206,5.0e-05,0.056056,0.0605079,m2
19773869,0.0137,0.0437596,0.0339461,m2
19548574,0.08135,0.00526376,0.000845193,m2
19904036,5.0e-05,0.0362288,0.055715,m2
19877929,0.0079,-0.0406783,-0.0200438,m2
19902814,0.00075,0.00229415,0.025098,m2
19905009,0.0002,0.0169078,0.0376359,m2
19895272,0.0005,-0.0403145,-0.0265869,m2
19903018,0.00055,-0.00228531,0.0102534,m2
19748286,0.00275,0.0386369,0.0524386,m2
19895620,0.00055,-0.0104078,-0.0142205,m2
19890106,0.0019,-0.0416585,0.00901175,m2
19898198,0.0004,0.0299815,0.0201409,m2
19904619,0.0003,-0.0089445,0.00286526,m2
19832844,0.0108,0.00763742,0.0443218,m2
19902811,5.0e-05,0.0356189,0.0308436,m2
19905205,5.0e-05,0.00797081,-0.0164206,m2
19874454,0.0018,-0.0192953,0.0111389,m2
19508447,0.0902,-0.0205164,0.00967035,m2
19889734,0.00285,-0.0440353,-0.0400853,m2
19895619,0.0006,0.0399613,0.00862662,m2
19900657,5.0e-05,-0.00306864,-0.0370571,m2
19894433,0.00455,0.0176111,-0.0090265,m2
19873061,0.0005,0.0198733,-0.00745404,m2
19905204,5.0e-05,0.0529241,0.0750951,m2
19905203,5.0e-05,0.125909,0.133499,m2
19901458,0.00065,-0.0259358,-0.0303617,m2
19875021,0.01745,0.0384653,0.0177829,m2
19857077,0.0008,0.0814986,0.0865756,m2
19868818,0.00765,0.00991097,-0.00839545,m2
19495814,0.0136,0.00197076,-0.00442047,m2
19855108,0.0374,-0.0189082,-0.0140954,m2
19810197,0.0012,-0.00555345,-0.0234797,m2
19904618,5.0e-05,0.00981144,-0.00377802,m2
19193538,0.054,-0.0318201,-0.0203784,m2
19900432,0.0005,0.00693317,0.00663883,m2
19905006,0.00015,-0.0449037,-0.0389686,m2
19804271,0.01155,-0.00387417,0.00811324,m2
19905202,5.0e-05,0.00566153,0.010316,m2
19792982,0.0117,-0.00569208,-0.0244169,m2
19902809,0.00085,0.0454296,0.0259841,m2
4000150,1.0,-0.0159128,-0.0295286,m2
19904616,0.00015,-0.100727,-0.0750492,m2
18996284,0.1141,-0.00796461,0.00436233,m2
19903831,0.0001,-0.102142,-0.0767405,m2
19863302,0.01155,-0.0251143,0.00341454,m2
19840345,0.0263,0.0387232,-0.00143723,m2
19851903,0.00385,0.0649878,0.0639836,m2
19882992,0.0018,0.0348309,-0.000793956,m2
19869761,0.00335,-0.0526237,-0.0360434,m2
17808138,0.0477,0.0142488,0.0182898,m2
19896619,0.0002,-0.0819661,-0.099664,m2
6258380,1.0,0.00451198,-0.0133541,m2
19427981,0.0091,0.0720902,0.0387456,m2
19904212,0.0002,0.047353,0.0162349,m2
19886927,0.00065,0.0154152,0.0564284,m2
19904615,5.0e-05,-0.0193253,-0.00995962,m2
18080766,0.00815,-0.00469963,0.0319849,m2
19905201,5.0e-05,-0.0214853,-0.0235009,m2
19884355,0.00285,0.00276883,-0.0381083,m2
19532010,0.02395,0.011912,0.00160625,m2
19904614,0.0002,-0.00144508,-0.00437961,m2
19551981,0.01675,-0.0126604,0.0149614,m2
19902808,0.0001,-0.0134272,-0.0375894,m2
19814643,0.00855,0.0188558,0.0129156,m2
19900195,0.00125,0.0348669,0.0246187,m2
19904808,0.0001,-0.00198992,0.0347341,m2
18972642,0.01035,0.0288675,-0.00363035,m2
19736007,0.0123,-0.0626852,-0.0726939,m2
19772100,0.01115,0.0577291,0.0834873,m2
19905200,5.0e-05,0.00231803,-0.0373777,m2
19904029,5.0e-05,0.121667,0.123173,m2
19900844,0.00045,-0.0306017,-0.0289828,m2
19904807,5.0e-05,-0.0337068,-0.0434027,m2
19893420,0.0007,0.0338893,0.0306577,m2
13601339,1.0,-0.0148434,-0.0166578,m2
4175318,1.0,-0.00494348,-0.0248019,m2
19901675,0.0013,0.0953929,0.0764535,m2
19898193,0.00165,0.0495044,0.030356,m2
19898192,0.00215,-0.0123614,0.013501,m2
19667984,0.06255,0.0109046,0.0152683,m2
19681690,0.0188,-0.017088,-0.0315329,m2
19902438,0.0001,-0.0331472,-0.0167688,m2
19808176,0.02045,-0.0435774,-0.0633061,m2
19902060,0.0002,0.0348638,0.0195296,m2
19901248,0.00145,-0.0128301,0.00321822,m2
19874450,0.00765,-0.0220175,-0.0063279,m2
9633180,1.0,-0.0116436,-0.00557756,m2
19629263,0.02235,-0.0184985,-0.0145739,m2
19905004,5.0e-05,0.0905997,0.0612436,m2
16392066,0.1097,0.00380052,0.00632877,m2
18582840,0.24095,-0.00818936,0.00497538,m2
19904028,0.00015,-0.00902555,-0.0295061,m2
19905199,5.0e-05,0.00408942,0.00318519,m2
19905198,5.0e-05,0.0506508,0.027559,m2
19854307,0.00075,-0.113405,-0.112039,m2
19420284,0.06475,0.000641613,-0.00753591,m2
19876753,0.0018,0.0645387,0.0546057,m2
19763691,0.01035,-0.0443085,-0.0397794,m2
19896997,0.00025,0.0556351,0.00193954,m2
19905002,0.0001,-0.0569252,-0.0675694,m2
19530321,0.0084,0.0363756,0.0112441,m2
19901059,0.0003,0.0134196,0.0201458,m2
19893805,0.0001,0.103518,0.0863165,m2
19905001,0.00015,0.00453062,0.015275,m2
19875016,0.015,-0.049666,-0.0733947,m2
19886714,0.0007,-0.0963233,-0.0824879,m2
19905000,0.0001,0.0215352,0.021204,m2
19888525,0.00135,0.054639,0.0543195,m2
19903186,0.00075,0.000727385,-0.034884,m2
19898400,0.0002,-0.0023028,0.0349682,m2
19895053,0.00045,0.00606019,-0.0474041,m2
6925901,0.4279,-0.0164018,0.0158352,m2
19902803,0.0003,0.0453543,0.0510673,m2
19897822,0.00045,0.0563386,0.0762212,m2
19904999,5.0e-05,-0.0566119,-0.0974089,m2
13035519,1.0,-0.00377419,0.0120976,m2
19806221,0.00785,-0.00101975,-0.015797,m2
19756393,0.03985,0.00776404,0.00945763,m2
19897821,0.0002,0.0177195,0.0402635,m2
17411591,0.0127,0.0117765,0.0234797,m2
17562532,0.17915,-0.0106257,0.013173,m2
19904998,0.0001,0.118055,0.117343,m2
19749494,0.0032,0.0128334,0.000982188,m2
19903184,0.00035,0.00855875,0.0268106,m2
19602915,0.00815,0.0313556,0.0103536,m2
15285958,0.08435,-0.00334139,0.00440855,m2
19445654,0.1381,0.00604354,-0.00122866,m2
19904997,5.0e-05,-0.0922971,-0.0814883,m2
19900426,0.00065,-0.0126515,-0.00264233,m2
19813823,0.00915,-0.075656,-0.0804074,m2
19848008,0.01135,0.0266921,0.027282,m2
19802711,0.0074,-0.0559177,-0.0159964,m2
19905197,5.0e-05,-0.0681574,-0.0598406,m2
19904995,0.0001,0.00741337,0.00784305,m2
19903417,0.0003,0.0203828,0.00696847,m2
19839545,0.00795,-0.0525692,-0.0522747,m2
19904609,5.0e-05,0.0293463,0.0150984,m2
19827581,0.0044,0.0022616,0.012379,m2
19905196,5.0e-05,0.0221054,0.0309872,m2
19901057,0.00015,-0.0202192,-0.0205162,m2
19902228,0.00065,-0.0551697,-0.0414667,m2
19373495,0.0281,-0.0101687,-0.00325761,m2
19567102,0.012,-0.012914,-0.0141619,m2
15373730,1.0,0.0128682,-0.00496692,m2
19905195,5.0e-05,0.00382307,-0.0107739,m2
19905194,5.0e-05,-0.0574552,-0.0530614,m2
19560176,0.06645,-0.00815821,0.020354,m2
19867807,0.00225,0.069122,0.109679,m2
19741392,0.02605,0.00201593,0.0149813,m2
19904797,0.0001,-0.065276,-0.0276524,m2
19301034,0.06025,-0.013289,-0.0260778,m2
19904992,5.0e-05,-0.000940988,-0.00751161,m2
19896421,0.00065,0.0182736,0.0513373,m2
19704865,0.00865,-0.0408397,-0.0111309,m2
19761247,0.01655,-0.0462052,-0.0436629,m2
19905193,5.0e-05,-0.0597979,-0.00788203,m2
19904991,0.0002,0.0242257,0.00255903,m2
18978316,0.0078,-0.021078,-0.00497107,m2
19904021,5.0e-05,-0.00242642,0.0330254,m2
19846023,0.0052,0.0391514,0.0357364,m2
19905192,5.0e-05,0.00626945,0.0159057,m2
19896419,0.00125,0.0881212,0.0782229,m2
18119156,0.0057,0.0122679,0.031836,m2
19900841,0.0003,0.112866,0.115287,m2
19512366,0.02805,-0.0663162,-0.0448498,m2
19904209,5.0e-05,-0.0625275,-0.0687894,m2
17420949,0.2957,0.000695364,0.0152148,m2
19881349,0.00045,-0.0903349,-0.0686225,m2
19688252,0.0368,0.0505705,0.0594447,m2
14385960,0.3399,-0.00349122,-0.00681541,m2
19814855,0.0082,-0.0431257,-0.0559724,m2
19904605,0.0001,-0.0492937,-0.0431358,m2
19884915,0.00065,-0.0354316,-0.0479228,m2
19904604,0.0001,-0.0155127,-0.0192181,m2
19897190,0.00125,-0.0680362,-0.0685412,m2
19896991,0.00125,-0.00348998,0.0185641,m2
19902433,0.0004,0.0361487,0.0200474,m2
19902432,0.00035,-0.0624227,-0.0656979,m2
19852860,0.00045,-0.0474316,-0.0493568,m2
19884347,0.0023,-0.113549,-0.131081,m2
19733979,0.00655,-0.0405194,-0.0278645,m2
19892858,0.0019,-0.00104877,-0.00558976,m2
19898576,0.00325,-0.0450036,-0.0788735,m2
19580332,0.00085,-0.0147979,0.00799565,m2
13374561,1.0,-0.0291493,-0.00557496,m2
19657899,0.00905,0.0518847,0.0470031,m2
19903589,0.0005,-0.0152836,0.00453637,m2
19895047,0.00035,0.131495,0.142833,m2
19904990,0.0001,0.0534545,0.0521903,m2
19318336,0.02305,0.00199961,-0.0142098,m2
7385082,0.7832,0.0232314,-0.00123416,m2
19875963,0.00325,0.0588259,0.019161,m2
19901853,0.0001,0.0637018,0.0918357,m2
19904207,5.0e-05,0.0633938,0.0449338,m2
19731324,0.0394,0.0200923,-0.00864808,m2
19899384,0.0003,0.0772274,0.0635471,m2
19858666,0.01005,-0.0750251,-0.0988071,m2
19905191,5.0e-05,-0.0380619,-0.0625687,m2
19904794,0.00025,0.00383992,-0.01013,m2
19830625,0.0017,0.0453158,0.0301603,m2
19903008,0.00095,0.00749402,-0.00369021,m2
3360878,1.0,-0.0233466,-0.00395316,m2
19902054,0.00015,-0.0990116,-0.114153,m2
19895800,0.00075,0.00450387,-0.0178852,m2
19891527,0.00035,0.0285737,-0.0203811,m2
19882375,0.0009,-0.10553,-0.120443,m2
1733846,1.0,0.0248654,0.0332575,m2
8506307,1.0,-0.00884912,-0.00522598,m2
19904988,0.00025,-0.0668881,-0.0558246,m2
19904987,0.0001,-0.0371009,0.00559188,m2
19827393,0.00175,0.0242078,0.0357595,m2
19893626,0.0041,0.0023181,-0.00926628,m2
19847614,0.0042,-0.000196627,0.0171638,m2
19894641,0.00085,0.0423447,0.0665994,m2
18418180,0.0185,-0.0360138,-0.0230275,m2
19788839,0.0318,-0.0459874,-0.0369174,m2
13855655,0.57295,0.0195912,-0.00403909,m2
19891106,0.0032,-0.0357572,-0.0197019,m2
19873255,0.00085,-0.01731,-0.0415242,m2
19905190,5.0e-05,-0.00212553,-0.00235982,m2
19593994,0.0032,0.0299821,0.0263403,m2
19245487,0.1476,0.0223629,-0.00831593,m2
19759637,0.0162,-0.0402412,-0.0434081,m2
19898574,0.0006,0.0246408,0.00215121,m2
19903409,0.00025,0.0102441,0.0257005,m2
19860303,0.0047,-0.0120976,-0.0180963,m2
19883523,0.00045,-0.0905933,-0.0764293,m2
19902052,0.0004,-0.00755541,-0.00705191,m2
19755328,0.01635,-0.0144937,0.0133921,m2
19905189,5.0e-05,0.115559,0.112437,m2
19904601,5.0e-05,0.0134507,0.0291995,m2
7783843,1.0,0.0338027,0.0123085,m2
19904205,0.00055,0.0264127,0.0495763,m2
19767097,0.0067,-0.000747042,-0.00615441,m2
2424860,1.0,0.000161433,0.0139966,m2
16757769,0.1184,0.00574449,-0.00106215,m2
19895608,0.00035,0.0370637,0.0540405,m2
19812811,0.00345,0.0274637,0.0166391,m2
19682080,0.00685,-0.0607932,-0.0503008,m2
19608777,0.01535,0.0159723,-0.002993,m2
19904986,0.0001,0.0137442,0.0329136,m2
19904599,0.00025,0.0150571,0.0478101,m2
19876565,0.002,-0.00479884,-0.0507802,m2
19904379,5.0e-05,-0.0236238,-0.000426013,m2
19893409,0.00025,0.031308,0.00898127,m2
19894829,0.00305,0.0295638,0.0158102,m2
19904792,0.0002,-0.0829735,-0.0718066,m2
19899968,0.0002,-0.0118318,-0.0237733,m2
19904015,0.0004,-0.0373122,-0.0405079,m2
19905188,5.0e-05,-0.043785,-0.0345235,m2
19905187,5.0e-05,-0.0320251,0.0167458,m2
18308610,0.5561,-0.000650679,-0.0335577,m2
18541457,0.31445,-0.000354106,-0.00616483,m2
19887146,0.00375,0.0224427,-0.0334146,m2
19904598,0.00015,-0.0455847,-0.0517423,m2
19887960,0.0006,0.0353943,0.0612,m2
17662217,0.05365,0.0129488,0.0138078,m2
19900641,0.001,0.00639082,0.0164612,m2
19904984,5.0e-05,0.0513324,0.0493287,m2
19902598,0.0001,-0.0365614,-0.0177019,m2
19904378,0.0001,0.0207886,0.0288002,m2
19904377,0.0003,-0.0759629,-0.0702256,m2
19886154,0.0006,0.0416882,0.0438078,m2
19855461,0.0109,-0.0751936,-0.0712972,m2
18970261,0.07385,0.0251026,0.0350144,m2
19901444,0.00025,-0.0135278,0.00828207,m2
7362820,1.0,0.0105442,0.0133322,m2
19839969,0.00635,-0.0673756,-0.0748494,m2
19905186,5.0e-05,0.0356386,0.0624254,m2
19823860,0.00355,0.0812698,0.0781502,m2
19905185,5.0e-05,0.030935,-0.0291665,m2
19904202,0.0001,-0.0330693,-0.0350983,m2
19729062,0.03465,-0.0152995,0.0215933,m2
19331125,0.0017,-0.011248,-0.00696926,m2
19899380,0.0006,0.0168826,0.00131041,m2
19903585,0.00015,-0.0208217,-0.0435703,m2
19816437,0.0106,-0.00112212,0.0130088,m2
19895992,0.0001,-0.0269262,-0.00376937,m2
19886153,0.002,0.00472777,0.0363552,m2
19905184,5.0e-05,0.0594438,0.0357118,m2
19668188,0.0216,-0.0477701,-0.056291,m2
19828159,0.00265,0.0200666,0.00958023,m2
19902220,0.0002,-0.102788,-0.104959,m2
19827387,0.00665,0.105787,0.109072,m2
19378613,0.01805,-0.0039007,0.0163205,m2
19904375,5.0e-05,-0.0685612,-0.0791405,m2
19904789,0.0001,-0.0777601,-0.0199446,m2
19600535,0.02195,-0.0353532,0.00267846,m2
19900414,0.0009,-0.0706754,-0.11195,m2
19883516,0.00225,0.0355796,0.0301163,m2
16608194,0.50025,-0.0166692,0.0139937,m2
19823114,0.0215,0.000258217,-0.0109233,m2
17866683,0.52875,0.00126194,0.00372559,m2
19894213,0.0017,0.0634616,0.0697166,m2
19905183,5.0e-05,0.0893848,0.0765518,m2
19896412,0.0016,-0.0914691,-0.0719953,m2
19901047,0.0005,-0.125587,-0.0802445,m2
19902596,0.00035,-0.00498223,-0.0134972,m2
19905182,5.0e-05,-0.000756492,-0.0432087,m2
19878307,0.00045,-0.0470074,-0.0179342,m2
19896981,0.00145,-0.0245239,-0.0501693,m2
19814625,0.0225,-0.113662,-0.10752,m2
19891519,0.0009,-0.0529526,-0.0635383,m2
1273489,1.0,-0.0133571,0.00338076,m2
17975692,0.61515,0.0228995,0.0173358,m2
19600330,0.0307,0.041665,0.0460378,m2
19894212,0.00055,-0.0287775,-0.0481937,m2
18523964,0.0048,0.0181934,0.0163184,m2
19895790,0.0005,0.000276125,-0.00929396,m2
19891696,0.00385,-0.151968,-0.125689,m2
14217067,0.8538,-0.0152924,0.00601841,m2
19893795,0.00035,-0.0116447,-0.00237285,m2
19903399,0.0004,0.0571601,0.0303308,m2
19904981,0.0001,0.045219,0.0258328,m2
19325561,0.04775,0.0297185,0.00788698,m2
19762430,0.00585,-0.0264112,-0.0127125,m2
14307060,0.36945,0.00320219,0.013256,m2
19894414,0.0009,-0.00850455,0.0074969,m2
19838919,0.0102,-0.0382666,-0.0130636,m2
19904200,5.0e-05,0.1295,0.11083,m2
19902213,0.00025,-0.0226143,-0.0574563,m2
19905181,5.0e-05,0.111495,0.100387,m2
19865228,0.00975,-0.037617,0.00305752,m2
19904010,0.0001,-0.0372983,-0.0561014,m2
19901438,5.0e-05,-0.0430316,-0.0576137,m2
19898989,0.0036,-0.0398281,-0.0172935,m2
19468854,0.12315,-0.00366878,-0.0192507,m2
19900181,0.0007,-0.0262517,-0.0504473,m2
19618934,0.0991,-0.0159127,-0.00663338,m2
19903000,0.0006,0.126167,0.0977827,m2
6772097,1.0,0.0166671,0.0100948,m2
19905180,5.0e-05,-0.101762,-0.140979,m2
19905179,5.0e-05,0.0180563,0.0211243,m2
19905178,5.0e-05,-0.0721875,-0.0643342,m2
19895788,0.00245,-0.0868534,-0.0762526,m2
19901838,0.00025,0.0705724,0.0149142,m2
19836034,0.00255,-0.0410986,-0.0838273,m2
2414971,1.0,0.0141377,0.0126565,m2
19186942,0.06845,0.00883734,-0.000318975,m2
19120922,0.0323,-0.0395241,-0.0252092,m2
19901837,0.0007,0.0108432,0.00893679,m2
19904978,0.0001,0.0764978,0.0842543,m2
19901435,0.0001,-0.0607247,-0.0273356,m2
19904786,0.00015,0.0626899,0.041347,m2
19904591,5.0e-05,0.00843423,0.0212125,m2
19904977,0.0001,-0.014252,-0.014886,m2
19486613,0.01385,0.0088048,-0.0057945,m2
19893197,0.0001,-0.0228922,-0.0413084,m2
19904589,0.00015,0.0829083,0.0747343,m2
19891693,0.00685,-0.0434826,-0.0274662,m2
19015370,0.065,0.0137001,0.0150162,m2
19904588,5.0e-05,0.0246776,0.0331774,m2
19573646,0.1229,0.0104954,-0.011378,m2
19440071,0.07835,-0.0260844,-0.0217812,m2
19901656,0.00155,0.122481,0.139393,m2
19850115,0.00375,0.0118233,0.0592022,m2
17757881,0.22275,-0.0174227,0.00223077,m2
19902044,5.0e-05,0.0559084,0.0744954,m2
19902043,0.00075,-0.00315608,-0.0109881,m2
14860335,0.4974,-0.00315098,0.00294558,m2
19900409,0.00045,0.0150049,0.0373896,m2
19905177,5.0e-05,-0.00133249,-0.00451408,m2
19904785,0.0002,0.0656988,0.081856,m2
19893997,0.0013,0.012328,0.00555724,m2
19904975,0.0001,-0.0129527,-0.0098549,m2
19885096,0.00215,0.0457331,0.0519712,m2
19635974,0.0228,-0.0174738,-0.0179,m2
14480554,0.31875,-0.00775136,0.00111483,m2
18268592,0.0188,-0.0226415,-0.047059,m2
19904784,0.0001,-0.0445637,-0.0136858,m2
19903582,0.0002,-0.106086,-0.122616,m2
19904783,0.0002,-0.00649115,0.0119751,m2
19896200,0.0002,-0.0816551,-0.0797858,m2
19874424,0.00065,0.0125033,-0.00766653,m2
19904199,0.00025,-0.0902021,-0.0596752,m2
19849516,0.0075,0.0160824,0.0427799,m2
19903814,0.0002,0.0342387,0.000708545,m2
19734141,0.0166,-0.0547704,-0.0605795,m2
19893018,0.0008,0.0661248,0.0386717,m2
19894630,0.00095,0.0142379,0.0357569,m2
19904974,0.00015,-0.0223697,-0.0045398,m2
19900629,0.0008,-0.020921,-0.00329211,m2
19878714,0.0091,-0.0279482,-0.0210508,m2
19893993,0.0001,-0.0461283,-0.0658457,m2
6188937,1.0,0.00877168,-0.000705702,m2
19797511,0.0276,0.0473862,0.0583564,m2
19904198,5.0e-05,0.0636583,0.0488675,m2
19889333,0.00035,0.00398575,-0.0253266,m2
19787620,0.01075,-0.0121561,0.0260544,m2
19824046,0.0045,-0.0124004,-0.0330074,m2
19895408,0.00065,-0.013203,-0.0106262,m2
19873851,0.0052,-0.0474797,-0.0757644,m2
19904197,0.0001,0.0168794,0.000254756,m2
18991186,0.21545,-0.00890035,-0.00541733,m2
19880383,0.00275,-0.0579718,-0.0267394,m2
19836874,0.0009,0.0450631,-0.00129343,m2
7690629,1.0,-0.00460026,-0.00896532,m2
19904586,0.00015,0.101903,0.083038,m2
19905176,5.0e-05,0.00551523,-0.00518204,m2
19903168,5.0e-05,-0.0225618,-0.0227112,m2
5760632,1.0,-0.0228558,-0.00365714,m2
19902787,0.00165,-0.0603721,-0.0642621,m2
19161329,0.01025,-0.0160793,0.0015007,m2
19863865,0.006,0.0500418,0.0720395,m2
19904368,0.0001,-0.0135673,-0.0466206,m2
19779903,0.00235,0.0499703,0.0231966,m2
19903812,0.00025,-0.0989978,-0.0573263,m2
19903811,0.00035,0.00626882,0.00537901,m2
19897169,0.0002,0.0374322,0.0832387,m2
19905175,5.0e-05,-0.0240565,-0.0033117,m2
3012646,1.0,-0.00277764,0.012798,m2
19902587,0.0003,0.00839705,0.0112161,m2
19905174,5.0e-05,0.0677863,0.0559937,m2
19800119,0.00775,0.0299494,0.0180727,m2
19904970,5.0e-05,-0.0550444,-0.0482481,m2
19848371,0.0051,0.0376736,0.0525777,m2
19889330,0.001,-0.0232625,0.0138106,m2
19902586,0.0015,0.0174033,0.00143672,m2
19902785,5.0e-05,0.0455654,0.0118697,m2
19896594,0.00075,-0.0386825,-0.0279861,m2
19895030,0.00095,-0.0202376,-0.0166394,m2
19905173,5.0e-05,-0.0211071,-0.0186918,m2
19904366,5.0e-05,0.0858288,0.0404086,m2
19900624,0.00105,0.044554,0.0269148,m2
19904778,5.0e-05,0.128228,0.121393,m2
19886351,0.0046,-0.01762,0.00667207,m2
19905172,5.0e-05,-0.0160559,-0.0216437,m2
19641026,0.03755,-0.00892538,0.02721,m2
19865217,0.00045,0.00766709,0.00698612,m2
19810985,0.00225,0.0689369,0.0676751,m2
19727029,0.0131,-0.0311238,-0.0065004,m2
19067141,0.08085,-0.0134888,-0.0161948,m2
19894820,0.00075,0.0876884,0.034052,m2
19904777,5.0e-05,0.00543494,0.0246807,m2
19524437,0.00155,-0.014166,-0.0114353,m2
19905171,5.0e-05,-0.0665782,-0.0251412,m2
19904363,0.0001,0.051099,0.0479066,m2
19904583,0.0001,0.0378926,0.0232222,m2
10251334,1.0,0.00928823,0.0251849,m2
19905170,5.0e-05,0.00482689,-0.0105616,m2
19769023,0.00435,-0.0226902,-0.0549861,m2
19730279,0.01185,-0.0452686,-0.0485709,m2
19905169,5.0e-05,0.0138618,0.0106456,m2
19865650,0.0036,0.0188791,-0.00611658,m2
19902988,5.0e-05,-0.0369482,-0.00345026,m2
19904774,5.0e-05,-0.023213,-0.0398295,m2
19879954,0.0016,-0.0321028,-0.0520708,m2
19700126,0.01795,-0.0177082,-0.00815793,m2
19902414,0.00035,0.0439335,0.0637339,m2
19615320,0.0224,0.0174697,0.0152878,m2
19544078,0.01415,0.0177244,0.00764102,m2
19899366,0.0016,-0.00448274,-0.0195657,m2
19874032,0.0023,0.0073491,-0.0239998,m2
19902782,0.00015,-0.0485512,-0.0534358,m2
19904967,0.0001,-0.0554208,-0.0599755,m2
11137367,0.9852,0.00793946,-0.0035632,m2
18124790,0.4121,0.000894377,-0.0216518,m2
19899175,0.00045,0.11072,0.0213581,m2
19901030,0.0039,-0.0035746,-0.0143194,m2
19903807,0.0007,-0.0356309,-0.012754,m2
19902412,0.00045,-0.0442144,-0.0621394,m2
19904966,5.0e-05,-0.0449157,-0.0273482,m2
16684787,0.0831,-0.0119483,-0.0203909,m2
19895241,0.001,0.0218588,-0.0179334,m2
19887127,0.0004,-0.0170951,-0.0160995,m2
19889882,0.0011,-0.0386696,-0.0122363,m2
19806591,0.0029,-0.0478776,-0.0427181,m2
19905168,5.0e-05,0.0704955,0.076774,m2
19904964,5.0e-05,-0.00571086,-0.00602689,m2
19896589,0.00035,-0.0700744,-0.0862853,m2
19904963,5.0e-05,0.00659416,0.008308,m2
19900617,0.00095,0.0296206,0.0491594,m2
19729678,0.00325,0.0946982,0.0957042,m2
7875911,1.0,-0.00946538,-0.0233158,m2
19856261,0.0038,0.0293669,0.0102226,m2
19818002,0.02195,0.0591723,0.0618853,m2
19905167,5.0e-05,-0.0010945,0.00298481,m2
19904358,0.0001,-0.00478995,0.00118471,m2
19905166,5.0e-05,0.059949,0.0693522,m2
19800925,0.0027,-0.0358665,-0.0192223,m2
19903998,0.0004,-0.037879,-0.0279587,m2
19902985,0.0003,-0.0102509,-0.00285722,m2
19372025,0.1192,-0.00997305,-0.022089,m2
19887730,0.00045,0.00704991,0.0255824,m2
19903806,0.00015,0.0283407,0.0615027,m2
19904357,5.0e-05,-0.0411053,-0.00829986,m2
19517555,0.002,0.0567859,0.0280483,m2
19905165,5.0e-05,-0.0608716,-0.0108619,m2
19868161,0.0026,-0.0723976,-0.0423215,m2
19900395,0.0004,-0.0351178,-0.0531914,m2
19903804,0.0001,-0.00757768,0.0143916,m2
19905164,5.0e-05,0.0785507,0.0766899,m2
19896969,0.0002,-0.0189763,-0.017533,m2
19555648,0.0637,0.0186184,0.00588383,m2
9177607,1.0,0.0130281,0.0274148,m2
19877890,0.0074,-0.0485788,-0.0673383,m2
19887524,0.0019,0.00294148,0.046999,m2
3175046,1.0,0.00950124,0.0155202,m2
19903574,0.0001,-0.0525013,-0.0504952,m2
19875168,0.0027,0.0324224,0.0145999,m2
19904190,0.0003,0.00831253,0.0137542,m2
19825275,0.0018,0.0332315,0.0330353,m2
19905163,5.0e-05,-0.0146075,0.0197495,m2
19666001,0.01425,0.00857311,-0.0155838,m2
19848364,0.00525,0.0742359,0.0475414,m2
772235,1.0,-0.00313965,0.00139363,m2
19895022,0.0025,0.0360115,0.059372,m2
19899942,0.00095,-0.000400996,-0.0397175,m2
19875560,0.0018,0.015667,-0.0216098,m2
19904580,5.0e-05,-0.0419764,-0.0138857,m2
19901418,0.0005,-0.0538984,-0.067323,m2
19752065,0.00765,-0.00428534,0.00257632,m2
19903993,5.0e-05,0.016913,-0.0154421,m2
19859116,0.00385,-0.0270257,-0.025865,m2
19903992,0.0001,-0.103731,-0.123488,m2
19905162,5.0e-05,0.0980959,0.0508597,m2
19881921,0.0051,-0.0498209,-0.0399677,m2
19899557,0.00025,0.0236496,0.0117567,m2
19889509,0.0013,0.00493053,0.0416169,m2
19890280,0.0003,0.0232177,0.0382292,m2
19880170,0.00715,0.00618241,0.00462535,m2
19898772,0.0018,0.047058,0.0305301,m2
19475072,0.01645,-0.0150126,-0.00972509,m2
19905161,5.0e-05,0.00644516,-0.0105553,m2
19905160,5.0e-05,0.00465024,0.0365003,m2
19902582,5.0e-05,-0.0996999,-0.0672783,m2
19501561,0.0309,-0.00495966,-0.0115946,m2
19849343,0.0031,-0.00670328,-0.0242857,m2
16065143,0.281,0.0194545,0.00163628,m2
19358877,0.02875,-0.0275661,-0.00538799,m2
19611943,0.0534,-0.0225397,-0.0429614,m2
19819471,0.0124,-0.055012,-0.0611442,m2
19519580,0.03725,-0.0166113,0.0139819,m2
19903570,0.00015,-0.00173493,-0.015755,m2
6735840,1.0,-0.0236868,0.00300267,m2
19820272,0.0013,-0.0195248,-0.0409044,m2
19900163,0.0009,-0.0770876,-0.0653932,m2
19901209,0.00075,0.0410419,0.0392428,m2
19894393,0.00155,0.0390985,0.0592332,m2
19779345,0.0148,-0.0324663,-0.0172434,m2
19505644,0.0871,-0.00945916,-0.0541938,m2
19621794,0.0006,-0.0158421,-0.02415,m2
19901020,0.00065,0.0568684,0.046766,m2
8798041,1.0,-0.0132658,-0.0206499,m2
19160912,0.07375,-0.0155285,-0.0287692,m2
19280747,0.15745,0.0167278,-0.0253008,m2
19408331,0.01475,-0.0228009,-0.029912,m2
19316095,0.15935,0.0273806,0.0024061,m2
19824459,0.00095,0.00949329,-0.0110766,m2
19904186,0.00035,0.0861002,0.0607275,m2
19905159,5.0e-05,0.056763,0.0691418,m2
19901019,5.0e-05,-0.112679,-0.136525,m2
19895238,0.00065,-0.0121186,-0.0112371,m2
19830842,0.00705,0.0106552,0.0282968,m2
5807720,1.0,0.00161309,0.00189169,m2
19896584,0.00145,0.039039,0.00848269,m2
19904184,0.0001,-0.0580714,-0.060721,m2
19786840,0.0007,0.0109684,-0.00556287,m2
19904768,5.0e-05,-0.0546424,-0.0373743,m2
19515760,0.0804,0.0332442,-0.00364203,m2
19899354,0.00255,0.0305187,-0.0193499,m2
19904960,0.0001,0.0884145,0.108452,m2
19905158,5.0e-05,-0.0556493,-0.0207661,m2
19904959,5.0e-05,-0.0417215,-0.0403421,m2
19904353,0.0001,0.00719023,0.0179445,m2
19612698,0.0215,0.0414888,-0.0104802,m2
7947767,1.0,0.00766296,0.00882136,m2
19888134,0.00255,-0.0217731,-0.0156108,m2
19855087,0.00575,0.0241286,0.0403418,m2
19901016,0.0007,0.0493006,0.0859887,m2
19902978,0.00035,-0.0153381,-0.00633792,m2
19875351,0.00395,0.0609037,0.058166,m2
19231364,0.0018,-0.0489604,-0.0596074,m2
19904352,0.0002,0.0266785,0.0393559,m2
19623246,0.0513,0.0551859,0.0476901,m2
19887518,0.0006,0.0199041,-0.00149663,m2
18189016,0.09325,-0.0356767,-0.0149015,m2
18028534,0.04095,0.035192,0.0149745,m2
19904351,0.0001,0.0202774,0.011532,m2
19874411,0.00885,-0.0043505,0.00680122,m2
19904958,0.0001,-0.0111334,-0.0477324,m2
19903988,5.0e-05,-0.059444,-0.0968403,m2
19879148,0.00065,-0.00232725,0.0296914,m2
19904181,0.0001,-0.0241844,-0.0149246,m2
19899768,0.0007,-0.00524782,-0.0122434,m2
19902192,0.0006,-0.049278,-0.0775197,m2
19420442,0.0123,0.0249109,0.0364503,m2
19903374,0.0001,-0.017111,0.0286932,m2
13976622,0.1506,-0.0023339,-0.00414907,m2
19064692,0.2072,0.0033146,-0.00661554,m2
19866607,0.01085,0.0555528,0.0300486,m2
19902407,0.0002,0.0565085,0.0448436,m2
19903565,0.00055,-0.00866125,0.0282583,m2
19903151,0.0004,0.0873621,0.0572728,m2
19745523,0.00305,0.0225376,0.00984687,m2
19792149,0.0113,-0.0333763,-0.0289572,m2
19880542,0.0003,-0.120018,-0.115563,m2
19904349,0.0002,-0.00984216,0.0102559,m2
19904576,5.0e-05,-0.0622878,-0.0579556,m2
19905157,5.0e-05,-0.0952898,-0.0840136,m2
19816420,0.01805,-0.0281209,-0.0336722,m2
19727019,0.0378,-0.0301715,-0.0291201,m2
19860485,0.0006,0.0697874,0.0646045,m2
19888326,0.00025,0.037514,0.0301283,m2
19260248,0.0358,0.0249818,0.0307087,m2
19890695,0.00205,-0.0334041,-0.0440944,m2
19807389,0.0186,-0.0211491,-0.00351901,m2
394641,1.0,0.018271,-0.00209411,m2
8309778,1.0,-0.00590774,-0.00151267,m2
19902574,0.00065,-0.0445865,-0.0332765,m2
19855840,0.0079,0.0732595,0.0923713,m2
19904575,0.00025,0.0492503,0.0302275,m2
19902972,5.0e-05,0.0191669,-0.00430121,m2
19900609,0.00065,-0.0490063,-0.0537729,m2
19791555,0.016,0.0120074,-0.011702,m2
15573466,0.21065,-0.00179217,0.0106976,m2
19905156,5.0e-05,-0.0314519,-0.0225719,m2
19903372,0.0002,0.00998894,0.00930594,m2
19897971,0.0018,0.0515295,0.0862289,m2
10102664,1.0,-0.0074915,0.00506986,m2
19904957,5.0e-05,0.0401089,0.0657204,m2
19674836,0.0184,-0.028945,0.00409003,m2
19896779,0.00125,-0.0710727,-0.0812451,m2
18959224,0.0008,-0.00873778,-0.0101723,m2
19904764,5.0e-05,0.0563567,0.0261194,m2
19902021,0.0003,-0.0971955,-0.120651,m2
19899544,0.0008,-0.0389646,-0.0320952,m2
19905155,5.0e-05,0.106108,0.118537,m2
19904955,5.0e-05,-0.0921603,-0.112396,m2
19902763,0.00035,0.0391559,0.0555729,m2
19904954,0.0001,-0.000412106,-0.00395607,m2
19425608,0.06055,0.0299067,0.0379532,m2
19902762,0.0001,0.0401216,0.0509199,m2
19899543,0.00035,-0.0699939,-0.0898817,m2
19904953,5.0e-05,-0.0271237,-0.00677091,m2
18892721,0.02275,0.0150596,0.00454781,m2
19898164,0.0002,-0.0970024,-0.0592953,m2
19899163,0.00025,0.0451411,0.0248189,m2
19903561,0.0003,0.0604643,0.0979017,m2
15809683,0.07355,-0.0261144,0.00586291,m2
19857223,0.0047,-0.0136079,-0.0333518,m2
19905154,5.0e-05,-0.0451852,-0.0201217,m2
19905153,5.0e-05,-0.0033713,0.0419719,m2
18263035,0.0343,0.0275188,0.0135929,m2
19904950,5.0e-05,0.0318111,0.0488428,m2
19767286,0.0739,-0.00730382,0.00580475,m2
19901406,0.00115,0.0537564,0.0658489,m2
19905152,5.0e-05,0.0079127,0.00162007,m2
19905151,5.0e-05,0.018828,0.0138929,m2
19905150,5.0e-05,-0.00855361,0.0256572,m2
19777163,0.02995,0.0315086,0.0356511,m2
19858904,0.01255,0.00348203,0.00571842,m2
11655078,1.0,-0.00902837,0.00497547,m2
19104890,0.03365,-0.0457157,-0.00851793,m2
19904346,5.0e-05,-0.0511637,-0.0697151,m2
19905149,5.0e-05,0.0505407,0.0360916,m2
19898548,5.0e-05,-0.0269733,0.00358216,m2
19902571,0.00135,0.025251,0.0388073,m2
19904763,0.00015,0.0600236,0.0626663,m2
18992136,0.0066,0.016685,0.00618604,m2
19904762,0.00015,0.0891957,0.0747688,m2
19902019,0.0014,0.0142536,-0.0055232,m2
19903792,5.0e-05,0.0357656,0.0375655,m2
19835390,0.00515,0.0488857,0.066629,m2
19842257,0.005,-0.00162639,0.0299677,m2
19554309,0.0171,-0.025747,-0.0107821,m2
19903147,5.0e-05,-0.00182636,0.0221516,m2
19905148,5.0e-05,0.04263,0.0635606,m2
3126138,1.0,-0.00588806,0.00853419,m2
19884131,0.00365,0.0453346,0.0696408,m2
19851874,0.00245,0.00403248,0.0189088,m2
19556449,0.0148,-0.0171727,0.00522456,m2
19903982,0.0001,-0.0401833,-0.0337638,m2
19840298,0.03115,-0.0646268,-0.0557861,m2
19826031,0.01115,-0.0244443,-0.0314607,m2
19757176,0.06965,0.0248289,-0.00754504,m2
18652230,0.03085,0.000310589,-0.050993,m2
19887307,0.00175,-0.0643427,-0.0332527,m2
19904343,0.0004,-0.0801642,-0.0473661,m2
19888714,0.0008,0.00028475,0.0214699,m2
19592979,0.0233,-0.000990978,0.0333518,m2
19900800,0.0004,-0.0801678,-0.0908439,m2
19886881,0.00405,-0.0335051,-0.0589481,m2
19862710,0.012,-0.00996124,-0.0148607,m2
19904571,0.0004,-0.017136,0.010638,m2
19903367,0.00035,-0.0142753,-0.0403887,m2
19898366,0.0003,0.0742305,0.0888741,m2
19902016,0.0024,0.0716723,0.0666228,m2
19901399,0.0009,-0.0568697,-0.0510156,m2
19903145,0.00035,0.0638316,0.0942272,m2
7993640,1.0,-0.0232949,-0.0125104,m2
19900798,0.0006,-0.0373851,-0.0470267,m2
19903366,0.00015,-0.00237399,-0.0144475,m2
19905147,5.0e-05,-0.00965405,-0.0438602,m2
2318830,0.5848,-0.000875209,-0.00916088,m2
19709249,0.0391,0.0473943,0.0617522,m2
4588947,1.0,0.00729634,-0.0141216,m2
19904570,0.00015,-0.0302704,-0.0564924,m2
19886325,0.0042,0.00555656,0.0433329,m2
19904340,5.0e-05,-0.0169736,-0.0110302,m2
19905146,5.0e-05,-0.012633,-0.0181667,m2
19903144,0.00025,0.0015402,-0.00624261,m2
10325836,1.0,0.0208399,0.0197529,m2
19798325,0.00735,0.0685157,0.0470994,m2
7104432,1.0,-0.0182888,0.0121165,m2
19797298,0.00205,-0.00909061,-0.000496529,m2
19902015,0.0002,-0.0617103,-0.0600555,m2
16652160,0.0281,-0.0085113,0.0304985,m2
19875550,0.003,-0.0164619,0.0108206,m2
19905145,5.0e-05,0.119081,0.0764668,m2
19885927,0.00135,-0.06009,-0.0530333,m2
6311414,1.0,-0.0241963,-0.0155337,m2
19596427,0.02465,-0.0196516,-0.0103932,m2
19903980,5.0e-05,-0.0902372,-0.105467,m2
19858043,0.00465,0.0306262,-0.00152793,m2
19902565,5.0e-05,-0.0558102,-0.0580173,m2
19901007,0.0003,-0.00348896,0.0188331,m2
19855427,0.00055,0.0121951,0.0274337,m2
19829128,0.00655,-0.00564475,0.0261254,m2
19886122,0.0022,0.0209994,0.0506949,m2
19338155,0.0095,-0.00214429,-0.000982029,m2
19835817,0.00045,-0.0463739,-0.0165815,m2
19904948,0.0001,0.0943235,0.0863715,m2
19872197,0.00325,-0.0672146,-0.0428533,m2
19901633,0.0008,-0.0414501,-0.0242787,m2
19890273,0.00615,-0.0515457,-0.064106,m2
19904568,0.0002,-0.0597388,-0.0277807,m2
19886119,0.00165,0.0375079,0.0511001,m2
19874021,0.0068,-0.00596147,-0.00989197,m2
19901006,0.00045,-0.00116647,-0.0490563,m2
19897567,0.00175,-0.0393481,-0.0139932,m2
19903143,0.0002,-0.0155996,-0.0142129,m2
19904171,0.0002,0.0574782,0.0535414,m2
19901196,0.0005,-0.0131244,-0.00834613,m2
15843213,0.0922,0.00167525,-0.00886331,m2
19888485,0.00095,0.0375368,0.0368879,m2
19554858,0.0621,-0.0160234,0.0192748,m2
19889686,0.0031,-0.0771247,-0.0299247,m2
19803637,0.01005,-0.0215578,-0.0104378,m2
4328958,1.0,0.00344282,0.00602289,m2
19904170,0.00035,0.0103844,0.0186581,m2
15871241,0.2954,-0.0157428,-0.00141226,m2
19887925,0.00025,-0.0430693,-0.0254264,m2
19638389,0.01,0.0090442,0.0263142,m2
15197072,0.4992,-8.23475e-05,-0.0110798,m2
19901003,0.0005,0.0722672,0.0717186,m2
19894608,5.0e-05,-0.0160819,0.00801363,m2
19904947,5.0e-05,0.0431722,0.0052353,m2
17138762,0.18585,-0.0272008,-0.00492737,m2
19905144,5.0e-05,0.0481544,0.0320372,m2
3421633,1.0,0.0108869,-0.0130442,m2
19886876,0.0039,-0.0566576,-0.0124364,m2
19899339,0.0002,0.0442733,0.0607555,m2
19568103,0.01,0.0522618,0.046487,m2
19888924,0.00325,-0.0412915,-0.0294178,m2
19405999,0.07655,0.0313004,0.0305199,m2
19898755,0.0001,-0.0660834,-0.064629,m2
19905143,5.0e-05,-0.0799473,-0.0808249,m2
19904169,0.0001,-0.0261053,-0.0341092,m2
19904168,0.00015,0.0288907,0.00356079,m2
19861917,0.0027,-0.0575862,-0.0414132,m2
8680574,1.0,-0.00498246,0.00194951,m2
19786181,0.03705,0.00718686,0.0159671,m2
19892433,0.001,0.0157439,0.0381344,m2
19904945,0.0001,-0.0383055,-0.0378027,m2
19901195,0.00035,0.0440881,0.045539,m2
19515163,0.006,0.0311353,0.0610246,m2
19900149,0.00155,-0.00618968,0.00743595,m2
19905142,5.0e-05,0.0767272,0.0618569,m2
12639903,1.0,0.00854594,-0.0134478,m2
19893160,0.0009,0.0111454,0.0397641,m2
19351867,0.01015,0.0455637,0.0635382,m2
19903977,0.0003,0.0340295,0.0630472,m2
18857082,0.04605,0.00149413,-0.00117847,m2
19887922,0.00115,-0.0129126,-0.0128529,m2
19904944,5.0e-05,-0.0320581,-0.0208927,m2
19890271,0.00115,0.0707951,0.0696276,m2
7830234,1.0,0.00484822,0.00151875,m2
19893965,0.0001,-0.0144693,-0.0149066,m2
19895752,0.00065,0.0733357,0.0454362,m2
19905141,5.0e-05,0.0995954,0.0783434,m2
19883700,0.00295,-0.00286381,-0.0276708,m2
19904943,0.00015,-0.0379047,-0.00747575,m2
19487894,0.0141,-0.0449243,-0.0737906,m2
19901396,0.0006,-0.0125446,-0.0344685,m2
19904942,5.0e-05,-0.0307097,-0.0324927,m2
19807153,0.01475,0.000384217,-0.0253641,m2
19903547,0.0003,-0.0616064,-0.0748913,m2
19842245,0.00225,0.0857988,0.112064,m2
19885920,0.00135,0.020834,0.0356105,m2
19727841,0.0165,-0.0191878,-0.0266719,m2
19846544,5.0e-05,-0.0329065,-0.0481933,m2
19895220,0.00075,0.0243988,0.00248311,m2
19904563,5.0e-05,-0.0381329,-0.0286505,m2
19903546,0.00075,0.000647568,0.0122182,m2
19370984,0.055,-0.0210182,-0.00195244,m2
19904941,5.0e-05,-0.0115565,0.038578,m2
19905140,5.0e-05,0.00193332,0.00814882,m2
19901000,0.00045,-0.00151279,-0.0171592,m2
19272978,0.02985,0.0326408,0.033388,m2
19580916,0.0096,0.0192539,0.0513564,m2
19874205,0.005,0.051878,0.0447891,m2
19885272,0.00155,-0.042361,-0.0520925,m2
19899921,0.00045,0.000379721,0.00262311,m2
19902562,0.0004,-0.0166202,-0.0145144,m2
11154926,1.0,-0.00197429,0.018659,m2
19891290,5.0e-05,-0.0260382,-0.029695,m2
19901191,0.0002,0.0210746,0.0444702,m2
19885917,0.00035,-0.0209758,-0.000227247,m2
19493139,0.0385,0.0190073,0.0316263,m2
19900788,0.0007,-0.0196231,-0.0106199,m2
19789559,0.04645,0.0328603,-0.0100603,m2
19883145,0.0009,-0.0149757,-0.0247028,m2
12663455,1.0,0.0117997,-0.00626645,m2
19841496,0.0245,0.0248569,-0.00397486,m2
19904335,0.0001,-0.0268521,-0.0288163,m2
19903135,5.0e-05,-0.000998634,0.00378484,m2
19855418,0.00105,0.0387886,0.0198635,m2
19903358,0.0001,0.0905805,0.0708107,m2
19903357,0.0003,0.0262524,-0.0135588,m2
19905139,5.0e-05,-0.0419058,-0.0383743,m2
19904755,0.00015,0.00025752,0.0125978,m2
19902561,0.0004,-0.0267177,-0.0254837,m2
19904559,5.0e-05,0.0616888,0.0592872,m2
19900145,0.0004,-0.116804,-0.118894,m2
19895217,0.00015,0.0183487,0.0366213,m2
19899750,5.0e-05,0.0170715,0.000813329,m2
19252391,0.0831,0.0258085,0.0140788,m2
19867586,0.00145,-0.00112051,0.0038115,m2
19307727,0.04825,0.00800963,0.0314304,m2
19905138,5.0e-05,-0.0781939,-0.109118,m2
19578209,0.0129,0.0257866,0.0189856,m2
19550102,0.03665,0.0684753,0.045494,m2
19897954,0.00085,-0.0218962,-0.044759,m2
19868341,0.0006,0.00717554,0.0150754,m2
19904754,0.0002,0.0181009,0.0312966,m2
18547716,0.33535,-0.0279786,-0.0276219,m2
19008481,0.0693,0.00169856,0.00875376,m2
19859097,0.01115,0.00431846,-0.0223226,m2
5894715,1.0,-0.0295308,0.00762928,m2
4911308,1.0,0.0256576,0.0185732,m2
19904557,0.0003,0.0446478,0.021325,m2
19886482,0.0007,0.0169639,0.0197713,m2
19859094,0.00595,-0.0282187,-0.050685,m2
19899917,0.00035,0.00214097,0.00530308,m2
19905137,5.0e-05,0.0306429,0.0272628,m2
19844206,0.00235,-0.0326571,-0.0294227,m2
19244044,0.172,0.00157888,-0.00137125,m2
19903132,0.0001,0.0901912,0.143744,m2
19266227,0.04425,0.0156235,0.03351,m2
19904555,5.0e-05,-0.0372897,-0.00114247,m2
19657232,0.00765,0.0298656,0.0409682,m2
19899748,0.00105,-0.138157,-0.12328,m2
19790947,0.00145,0.00766163,0.0385407,m2
18673969,0.0898,-0.0322116,-0.0132018,m2
19904554,0.00025,-0.0761092,-0.0632747,m2
19905136,5.0e-05,-0.0280147,-0.0444508,m2
3581830,1.0,0.0355076,0.0023502,m2
19811747,0.00605,-0.0177354,-0.025369,m2
19905135,5.0e-05,0.000418315,-0.00765969,m2
19905134,5.0e-05,-0.0408498,-0.0550268,m2
17546887,0.343,-0.0236787,-0.0252199,m2
19900786,5.0e-05,-0.025268,-0.0195323,m2
19891664,0.00085,-0.0429323,-0.0566218,m2
19829749,0.00565,0.0408395,0.00885574,m2
19899531,5.0e-05,-0.037738,-0.0306162,m2
19903784,0.0001,-0.000287428,0.0267411,m2
3699968,1.0,0.0104657,0.00903577,m2
19206825,0.0702,-0.00326488,-0.020483,m2
19897367,0.00295,-0.0593231,-0.0509144,m2
19897766,0.00125,-0.0415395,-0.043289,m2
19552152,0.00395,0.00939472,0.0207876,m2
19894995,0.00025,0.102366,0.101014,m2
19043915,0.25485,-0.0162923,-0.0209556,m2
19894789,0.00215,-0.0218889,-0.0594741,m2
19882110,0.00325,-0.0334318,-0.00350673,m2
19904550,5.0e-05,0.02347,0.0120874,m2
19904161,0.00035,0.0396567,0.0082879,m2
19848515,0.00115,0.0340154,0.036988,m2
19775205,0.0071,-0.00553764,-0.00238562,m2
19898153,0.0012,0.0368938,0.0678829,m2
11538733,0.9425,-0.0149905,0.00217783,m2
19870542,0.00445,-0.0335477,-0.0325747,m2
19902751,0.0002,-0.0154758,-0.0196405,m2
19885678,0.00035,0.0462461,0.0250508,m2
19904750,5.0e-05,-0.00518907,-0.0204612,m2
19903972,5.0e-05,-0.0528314,-0.0511144,m2
19884476,0.00015,-0.0793257,-0.0599153,m2
19905133,5.0e-05,0.0256656,0.0185765,m2
19892419,0.0006,0.00738862,0.0242869,m2
19904939,5.0e-05,-0.030643,-0.0301118,m2
19856009,0.0092,-0.0137893,-0.0124822,m2
19183723,0.05325,-0.0105537,-0.0197755,m2
19905132,5.0e-05,-0.0308055,-0.0331973,m2
14011271,0.88365,-0.0035058,0.013996,m2
12006416,1.0,-0.000579133,0.0158485,m2
19897364,0.00035,-0.0900615,-0.0757286,m2
19042697,0.1817,0.0221855,0.0432253,m2
19904329,0.0001,0.0945516,0.0512108,m2
19903968,0.0001,0.0189682,0.0477755,m2
19901391,0.0011,-0.107277,-0.0773774,m2
19905131,5.0e-05,-0.0691908,-0.0748817,m2
19905130,5.0e-05,-0.0114818,-0.0165514,m2
1541630,1.0,-0.00493588,-0.0171907,m2
6344991,1.0,0.00442041,-0.0170724,m2
19855062,0.0053,-0.0254202,-0.0313917,m2
18461079,0.01995,0.0046863,0.0328443,m2
19902171,0.00025,-0.099372,-0.120649,m2
5401602,1.0,-0.0137158,-0.00590406,m2
19815776,0.04135,0.0197318,0.0281006,m2
19903966,0.00015,-0.0160371,-0.0690491,m2
19905129,5.0e-05,0.0350392,0.0572198,m2
19897761,0.0007,-0.01453,0.00405002,m2
19902952,0.0001,0.00813921,0.00954374,m2
19903128,0.00025,0.118217,0.078189,m2
15368635,0.81125,0.0173603,0.00149064,m2
19905128,5.0e-05,-0.05718,-0.010186,m2
19904326,0.0002,0.0186132,0.00819378,m2
19662511,0.0096,-0.037298,-0.0417658,m2
19890259,0.00025,-0.0227671,-0.0294958,m2
9807324,0.74415,0.0112585,-0.00711412,m2
19848924,0.0053,0.00890536,-0.0114636,m2
19888471,0.0008,-0.00106299,0.00326348,m2
19888470,0.002,0.0366641,0.0317776,m2
19695678,0.0192,-0.0276609,-0.0208212,m2
19423995,0.0512,-0.0166126,-0.0187568,m2
13153162,0.45155,-0.00372377,-0.0222129,m2
18059227,0.0052,-0.0325063,-0.0111245,m2
19899528,0.0009,0.0337335,0.0017797,m2
19902746,0.0002,-0.0214858,0.00476774,m2
19893753,0.0004,0.0291763,0.0555956,m2
19895950,0.0004,-0.0651472,-0.0029927,m2
19872770,5.0e-05,-0.0272653,-0.00491465,m2
19139460,0.2768,-0.0216659,-0.0284485,m2
19652861,0.03805,-0.016775,-0.0324422,m2
19903778,0.0002,-0.0543449,-0.0335013,m2
19900991,0.0002,0.000483721,-0.0159251,m2
19902745,0.0002,0.0577862,0.038683,m2
18912618,0.21485,0.0398891,0.0149607,m2
19709970,0.01955,-0.0225693,-0.0459598,m2
19883691,0.00055,-0.103588,-0.106483,m2
10176517,1.0,0.0126483,0.00565437,m2
19901389,0.00025,0.0380598,0.0606955,m2
19866974,0.0041,0.0257964,0.0299756,m2
19713064,0.01535,0.0279736,0.0122212,m2
19870928,0.00275,-0.0372269,-0.0474225,m2
19904157,0.0002,0.0757129,0.00861498,m2
19905127,5.0e-05,-0.00242304,0.0189113,m2
19893751,0.0011,-0.0875688,-0.060879,m2
19905126,5.0e-05,0.117782,0.0989045,m2
19863825,0.00355,0.0690304,0.0678662,m2
19718201,0.0117,-0.0188483,-0.0456665,m2
19841871,0.00055,-0.096989,-0.0552609,m2
19904937,0.00015,-0.0253864,0.0029217,m2
19904936,0.0001,0.0337809,0.0494653,m2
19776186,0.00515,-0.0246362,-0.00285515,m2
4696405,1.0,0.00315589,-0.00156928,m2
14331999,0.50955,0.0129228,5.9093e-05,m2
19905125,5.0e-05,0.117151,0.117335,m2
19904746,5.0e-05,0.0809778,0.0953704,m2
19890893,0.00215,-0.0406652,-0.0674678,m2
19896162,0.00065,-0.0470805,-0.0429713,m2
19756120,0.00605,-0.0438206,-0.0589146,m2
19170393,0.00065,-0.079899,-0.0546106,m2
19902166,0.00025,-0.0663933,-0.0329769,m2
19779318,0.04175,-0.0139473,-0.0316948,m2
19849668,0.00465,-0.0446155,-0.046203,m2
19876695,0.00225,0.0252189,0.0442941,m2
19905124,5.0e-05,0.0174961,0.0579437,m2
18774231,0.08565,-0.0261382,-0.0149918,m2
19886864,0.0015,0.0617935,0.0389289,m2
19903122,5.0e-05,-0.00849909,-0.0420798,m2
19897757,0.0003,0.0150805,0.0389876,m2
19904933,0.0001,-0.0649378,-0.0445091,m2
19903531,0.00055,-0.0459429,-0.0250643,m2
19650037,0.02735,-0.0468031,-0.0445222,m2
19902379,5.0e-05,-0.0242734,0.00958717,m2
19088806,0.0275,0.000842305,0.00902621,m2
19903962,0.00025,-0.0338051,-0.0193897,m2
15639258,0.45585,0.00789089,0.00354994,m2
19904155,0.0002,-0.0292859,-0.0432023,m2
7035416,1.0,-0.0179897,-0.0131146,m2
19886654,0.00115,-0.0741133,-0.0952622,m2
19904545,5.0e-05,0.0383623,0.0537889,m2
19904932,5.0e-05,0.030664,0.0126514,m2
19901183,0.0008,-0.00264858,-0.0106171,m2
16725200,0.90195,-0.00334526,-0.0190479,m2
19029252,0.3139,-0.000639627,-8.88638e-05,m2
19891275,0.0008,-0.0824488,-0.0669173,m2
19378154,0.2736,-0.0222144,-0.0202927,m2
19904931,0.00015,-0.0354898,-0.0163712,m2
19899136,0.00045,-0.0643364,-0.00935431,m2
19899904,0.00025,-0.0192281,-0.00821864,m2
19882886,0.00055,0.0780542,0.0632507,m2
19881276,0.0027,0.0587858,0.052394,m2
19904543,0.00025,0.105198,0.100473,m2
19861702,0.00125,-0.122647,-0.104532,m2
19891843,0.00205,-0.0336875,-0.00382955,m2
19896935,0.0008,-0.0887529,-0.0904493,m2
19904542,0.00015,-0.112093,-0.0903011,m2
19862255,0.00585,-0.0394002,-0.0208559,m2
19899903,0.00235,0.117271,0.0571904,m2
19904930,0.0001,-0.0187185,-0.0269844,m2
19891842,0.00025,0.00472209,0.00881302,m2
19823236,0.0004,-0.0382739,-0.03612,m2
19875133,0.0048,-0.0928628,-0.116374,m2
19900132,0.0015,0.0358926,0.0262411,m2
19760184,0.00845,0.00606034,-0.0133685,m2
19828115,0.00725,0.111369,0.0890273,m2
19684573,0.03805,0.0198924,0.0194408,m2
19904742,0.00015,-0.0250462,-0.0320783,m2
19898740,0.0005,0.00467178,0.0084968,m2
19902946,0.0001,0.0820094,0.052929,m2
19903345,5.0e-05,-0.00958478,-0.00630199,m2
19904541,0.00015,-0.00431863,-0.00746367,m2
19508823,0.0129,-0.0185817,-0.00804204,m2
10509124,0.2306,-0.00750373,-0.0157575,m2
19894167,0.00085,-0.0518924,-0.0688562,m2
19903526,5.0e-05,0.00170084,-0.0240716,m2
19905123,5.0e-05,-0.0673037,-0.0632,m2
19905122,5.0e-05,-0.0365901,-0.00374533,m2
19899732,0.00085,0.0218297,0.0399898,m2
19642832,0.0096,-0.0251353,-0.013438,m2
4582862,1.0,0.0267213,0.0248948,m2
15156968,0.97145,-0.0225689,-0.0150938,m2
10451593,1.0,0.0241462,0.0126166,m2
19900131,0.00055,-0.0586287,-0.0908832,m2
19900359,0.0005,-0.0654984,-0.0477117,m2
19832774,0.0052,0.0382453,0.0308341,m2
19898338,0.00065,-0.0339854,-0.0253968,m2
14496863,0.12565,0.0423837,0.026808,m2
3817516,1.0,0.0248575,0.00498455,m2
7636888,1.0,0.0153629,0.0043856,m2
19899515,0.00015,0.0249877,0.0069591,m2
19904151,5.0e-05,0.0295947,0.0173741,m2
19867937,0.0057,-0.0441137,-0.0669864,m2
19875131,0.0014,0.0963996,0.0877119,m2
19012759,0.0304,-0.00969523,-0.00364617,m2
15067715,0.34905,0.00285755,-0.00134912,m2
19898142,0.00195,-0.0258064,-0.0307314,m2
19903959,0.0002,-0.0590681,-0.0594268,m2
19664888,0.03685,-0.0035646,0.0021914,m2
19904322,0.00015,0.0425432,0.0420966,m2
18943985,0.15915,0.0135951,0.0117595,m2
17052630,0.0137,0.0234055,0.0317389,m2
19858435,0.01375,0.00867682,0.0183016,m2
19905121,5.0e-05,0.0454012,0.0159681,m2
19670191,0.0655,-0.0395705,-0.0297912,m2
19903524,0.00055,0.0698982,0.055371,m2
19737142,0.00395,0.00429344,0.0184867,m2
19879111,0.00995,-0.0257658,-0.0104001,m2
19893745,0.00055,0.0104266,0.0371781,m2
19893358,0.00145,-0.0976975,-0.105856,m2
19905120,5.0e-05,0.129426,0.115769,m2
19884678,0.0051,0.024121,0.00406588,m2
19863816,0.0108,0.01313,0.0205078,m2
19566685,0.01555,0.0169269,0.0203063,m2
19902943,0.00035,0.0115775,0.0155232,m2
19891840,0.0012,-0.021367,-0.0282032,m2
19902736,0.0001,0.0110425,0.00707966,m2
18664840,0.0657,0.00451667,0.00502614,m2
19882882,0.0057,-0.0912731,-0.0469426,m2
19904320,0.0002,-0.0149707,-0.0296291,m2
19904740,0.0001,0.0437765,0.0323266,m2
19247263,0.0196,0.0066489,-0.0303575,m2
19905119,5.0e-05,0.0752124,0.0760796,m2
19892794,0.00035,0.0079958,0.00325539,m2
19714025,0.034,0.0283923,0.0206534,m2
19899129,0.0002,0.00266689,-0.0210344,m2
19892051,0.00055,0.00156183,0.00835911,m2
19890243,0.00095,0.0362897,0.0425875,m2
17849026,0.01725,-0.0332747,-0.0314579,m2
19892600,0.0024,0.11238,0.0864927,m2
19870529,0.00105,-0.0397853,-0.0324337,m2
18363274,0.3697,-0.010763,-0.0125671,m2
19311175,0.0149,-0.0400961,-0.014808,m2
19869325,0.00365,-0.0815741,-0.0745547,m2
19904738,0.00015,-0.0636866,-0.0558976,m2
19872364,0.0067,-0.000200042,-0.0184557,m2
19816779,0.0097,-0.00807838,-0.00941459,m2
19893357,0.0001,-0.00194153,-0.0245515,m2
19902940,0.00075,-0.0403381,-0.0697419,m2
19895939,0.0037,0.00525264,-0.00606513,m2
19852987,0.0031,0.0668187,0.0637255,m2
18003329,0.41845,0.00282558,0.0157502,m2
19473663,0.05085,0.0051867,-0.00747479,m2
19900129,0.002,0.00390934,0.00331445,m2
19905118,5.0e-05,-0.0923453,-0.0949473,m2
19089776,0.006,-0.00381268,0.0202997,m2
15097148,1.0,-0.0102776,-0.0220674,m2
19091420,0.08765,0.0222866,0.00793891,m2
19735733,0.0049,-0.0310285,-0.0336455,m2
19840834,0.0092,0.00602809,-0.0176129,m2
16755840,0.00175,-0.013908,-0.0021868,m2
19786160,0.04985,-0.0112013,0.0104297,m2
19866942,0.00195,-0.0328138,-0.0449287,m2
19657019,0.02255,0.0155632,0.0163195,m2
19901181,0.0003,-0.047788,-0.0212691,m2
19845970,0.00505,-0.0301877,-0.0161606,m2
19823813,0.00735,-0.039711,-0.0611165,m2
19897543,0.0001,0.00123965,0.0185623,m2
17981170,0.3934,0.0178417,0.00993864,m2
19900128,0.00025,0.0818912,0.0754114,m2
19903340,0.0005,-0.0216259,-0.0285192,m2
19904737,0.00015,0.0200203,0.029555,m2
19004468,0.2443,-0.00436093,-0.0103501,m2
19902368,0.0001,0.0557341,0.0395609,m2
19887456,0.00065,-0.0200698,-0.0483968,m2
7464970,1.0,-0.00387556,-0.0260554,m2
16860061,0.11205,0.00478388,0.00413341,m2
19837234,0.00555,-0.0408527,-0.0185608,m2
19904146,0.00015,0.0976301,0.0769572,m2
19883126,0.00145,0.0312583,0.0327525,m2
19901783,0.001,0.0906877,0.116065,m2
19901180,0.00045,0.0856596,0.080464,m2
19847552,0.0028,0.0946968,0.0658422,m2
19859442,0.008,-0.0342547,-0.0235678,m2
19290224,0.01475,-0.00241425,0.00411166,m2
19904317,0.0003,-0.0536056,-0.067638,m2
19845773,0.0011,-0.0925895,-0.050408,m2
19899696,0.00075,0.0107355,0.0121038,m2
19905117,5.0e-05,0.0349803,-0.016903,m2
19902155,0.00065,-0.0280753,-0.00180735,m2
19367443,0.0872,0.00437271,-0.0475006,m2
19898518,0.00335,0.0627437,0.068142,m2
19754823,0.00325,0.00227028,0.0185988,m2
19905116,5.0e-05,0.0575906,0.0226437,m2
19888268,0.00445,0.0548536,0.0603814,m2
19553683,0.02285,0.0552362,0.0344905,m2
7335950,1.0,-0.00717331,-0.0183097,m2
19860608,0.00285,-0.0486066,-0.0316503,m2
10078384,0.6395,-0.00667845,0.0090335,m2
19902366,5.0e-05,0.0764423,0.0740066,m2
19901380,0.0001,0.00164887,-0.0143685,m2
19459299,0.00375,0.0104273,0.00983798,m2
10133524,1.0,-0.00631572,0.00811375,m2
19903115,0.00015,-0.029338,-0.0211586,m2
18636766,0.0216,-0.00327469,0.00571626,m2
19794206,0.0376,-0.0115616,-0.0122958,m2
19899120,0.0006,0.0431941,0.0661873,m2
19858410,0.0024,0.015874,0.0224122,m2
19809905,0.0183,0.0363201,0.00479301,m2
19867371,0.0017,0.0052405,0.000709182,m2
19897744,0.0003,0.0466289,0.0259961,m2
19900574,5.0e-05,-0.015857,0.0265767,m2
19892212,0.00105,0.0393677,0.0252387,m2
19830338,0.01475,0.0555074,0.0503737,m2
19058583,0.13675,-0.0228643,-0.0169437,m2
19625995,0.0085,-0.042636,-0.03027,m2
19890661,0.0016,-0.0403,0.0125121,m2
9031124,1.0,0.011998,-0.00822503,m2
19902938,0.0004,0.0147538,-0.0029903,m2
18752776,0.06295,-0.00874118,0.0193557,m2
19904927,0.0001,-0.000715454,-0.024179,m2
19826758,0.01175,0.00211944,-0.0065262,m2
19905115,5.0e-05,-0.0128442,-0.00800739,m2
19905114,5.0e-05,0.0440042,0.0190182,m2
19835789,0.00145,0.00480377,-0.012278,m2
18366700,0.0568,0.0043504,0.00133119,m2
19880888,0.0006,0.024729,0.0614144,m2
19811727,0.00075,-0.0121624,0.0232377,m2
19735138,0.0004,-0.0126193,-0.0114461,m2
19899693,0.0006,0.0345469,0.0515899,m2
19167172,0.06525,-0.0322576,-0.0361035,m2
19899118,0.0003,0.0487011,0.0211541,m2
19817571,0.00395,-0.0284147,-0.0196224,m2
19901178,0.00015,-0.0130603,-0.00311808,m2
19492315,0.118,0.00442815,0.014975,m2
19860852,0.0024,-0.00768872,0.00497998,m2
19360456,0.0153,-0.0156239,-0.00680019,m2
19656997,0.0046,-0.00093231,-0.000836284,m2
16863096,0.21835,0.0251145,0.0194904,m2
19138839,0.11235,-0.0292043,-0.0237775,m2
19902364,0.00035,0.0780815,0.0541226,m2
19904926,0.0002,0.0611167,0.0211687,m2
19803786,0.00245,0.0405247,0.0369931,m2
19904314,5.0e-05,-0.0073504,-0.0126086,m2
19856805,0.00615,-0.0269822,0.0251572,m2
19844382,0.04375,-0.0724845,-0.0490455,m2
19772230,0.00015,0.0195938,0.00802513,m2
19890658,0.00035,-0.0747565,-0.10588,m2
19319717,0.1598,0.0205251,-0.0118986,m2
19897122,0.0006,0.0571056,0.052602,m2
13203354,1.0,-0.009017,-0.0103485,m2
19903113,0.0001,-0.0493993,-0.0839695,m2
19531093,0.0008,7.70137e-05,-0.00799798,m2
19904535,0.00015,0.0101629,-0.00595443,m2
19901615,0.0001,0.00753685,-0.0292742,m2
19903112,0.00045,-0.00385821,-0.0146109,m2
19904925,0.0001,0.0238295,0.00999561,m2
19884463,0.005,0.0108921,0.0105687,m2
19610863,0.02295,0.0160807,0.0211253,m2
19421607,0.03635,-0.0184634,-0.0243298,m2
19880501,0.00565,-0.0587946,-0.0585117,m2
19904734,0.00015,0.0484579,0.0710203,m2
19860451,0.0043,-0.0328441,-0.00225537,m2
19904142,5.0e-05,0.0149788,0.0244901,m2
19903923,0.00015,-0.0428522,-0.0507661,m2
19905113,5.0e-05,0.080534,0.0462866,m2
19679341,0.00275,0.0428866,0.0254205,m2
19903518,0.0004,0.00899654,0.0121492,m2
19904924,5.0e-05,-0.0560065,-0.00518172,m2
19890877,0.00025,-0.000107568,-0.0129411,m2
19894771,0.00055,-0.00196467,0.00124796,m2
19645271,0.04185,-0.0236924,0.0195333,m2
19824202,0.00245,0.00394007,-0.0116462,m2
19872382,0.0031,0.0570204,0.0361077,m2
19552508,0.07965,0.0259521,0.00964358,m2
11927704,1.0,0.00636354,0.00687281,m2
19836806,0.0024,-0.0268017,-0.0145145,m2
19895723,0.00215,-0.00675112,0.0417097,m2
19678931,0.033,0.0487852,0.0411766,m2
19877492,0.0009,-0.0235703,-0.0280722,m2
19018918,0.02985,0.00725548,-0.0110935,m2
19843401,0.01555,0.000855666,-0.0112297,m2
18447813,0.10685,0.0349195,0.0321821,m2
19866958,0.0004,-0.0490908,-0.041542,m2
19903949,0.0001,0.0680409,0.0610852,m2
19901611,5.0e-05,-0.045507,-0.0366266,m2
19888682,0.0021,-0.0441778,-0.0243416,m2
19875497,0.00295,0.0157649,0.00885222,m2
19898134,0.0002,0.0375381,0.0228012,m2
19901174,0.0004,0.0808644,0.0929786,m2
19903721,5.0e-05,-0.0717684,-0.0246984,m2
19709221,0.0024,-0.0055838,0.00780465,m2
19897117,0.0003,0.112274,0.0520805,m2
19843987,0.00045,0.0212733,0.0269359,m2
16220767,0.01905,-0.0343451,-0.0206454,m2
19898511,5.0e-05,-0.0392887,-0.0748722,m2
19903763,0.00025,-0.0147349,-0.00919605,m2
19851827,0.0141,-0.0478092,-0.0453678,m2
19905112,5.0e-05,-0.0156436,0.0152379,m2
19885474,0.00045,0.00515364,-0.0198932,m2
19764868,0.0097,-0.0441938,-0.0290537,m2
19904922,0.00015,-0.0212467,-0.0207426,m2
15862429,0.87435,0.020821,0.016454,m2
19519339,0.00185,0.0314888,-0.0196056,m2
19901990,0.00025,0.0790271,0.0854206,m2
19895542,0.00015,0.045094,0.0496088,m2
19850067,0.004,-0.00481396,0.00840116,m2
19835967,0.0002,0.116996,0.0795449,m2
19903922,0.00015,0.0974984,0.0747794,m2
19900567,0.0002,-0.00480373,0.0264007,m2
19902731,5.0e-05,-0.0210558,-0.0330369,m2
19880096,0.00065,-0.0212555,0.00232815,m2
19872965,0.0034,0.00218606,0.0250891,m2
19798099,0.0024,-0.0238262,0.00305525,m2
19904921,5.0e-05,-0.00793842,-0.00381192,m2
19904920,5.0e-05,-0.0234788,-0.00201618,m2
19904919,5.0e-05,-0.064103,-0.0223973,m2
15341657,0.65305,-0.0229616,-0.0136997,m2
19822440,0.0112,-0.00929807,-0.0333219,m2
19855989,0.0057,-0.074992,-0.060033,m2
19660481,0.0149,-0.0483768,-0.0280666,m2
19903945,0.0001,0.0646405,0.0315243,m2
19905111,5.0e-05,-0.00820052,0.0366053,m2
19904532,5.0e-05,-0.0515409,-0.014986,m2
19858814,0.0019,-0.0152014,-0.0128613,m2
19592553,0.01,0.0183823,0.0191751,m2
19841284,0.02955,0.0293066,0.0272734,m2
19903108,0.0003,0.0577101,0.0473799,m2
19899501,0.00015,0.010645,0.0120794,m2
19174965,0.0814,-0.0172633,0.0199409,m2
19703822,0.00855,-0.00959439,-0.016497,m2
19903944,0.0001,0.0198984,-0.00158789,m2
19698475,0.03125,-0.0307245,0.0030223,m2
16240825,1.0,0.00751567,0.0174444,m2
19839460,0.0001,-0.0611306,-0.049657,m2
19904917,5.0e-05,-0.0329283,-0.0425477,m2
19874363,0.0043,-0.0639969,-0.0449715,m2
19853612,0.0014,0.0797085,0.0797493,m2
19901566,0.0002,-0.0272125,-0.0280364,m2
19885458,0.0001,0.164141,0.146883,m2
19904916,0.0001,-0.0330552,-0.0143221,m2
19620461,0.03095,0.0263165,0.0462557,m2
19480372,0.0155,-0.0542578,-0.0523483,m2
19274287,0.0645,-0.0182785,-0.0155386,m2
19857991,0.00275,0.00945282,0.0448604,m2
19892382,0.0004,0.0833275,0.019864,m2
19866764,0.00935,0.0344743,0.010136,m2
19884641,0.00505,-0.0605103,-0.0645879,m2
19250229,0.0272,-0.0124169,-0.0154963,m2
19903943,0.00015,-0.0319105,-0.0418724,m2
19809498,0.0051,-0.0183235,-0.0304455,m2
18888257,0.0102,-0.00493585,-0.00423826,m2
19861707,0.0017,-0.0374233,-0.0486538,m2
19833956,0.01295,0.0248442,-0.00681539,m2
18593941,0.012,0.0302332,0.0246201,m2
19820653,0.01135,0.0335722,0.0185652,m2
19900945,0.00025,-0.00956806,-0.0279366,m2
19294044,0.11215,0.0131586,0.0190709,m2
19904137,5.0e-05,0.030528,0.0192989,m2
19830332,0.00345,-0.0252246,0.0226677,m2
19469763,0.02305,0.0380348,0.028148,m2
19903929,5.0e-05,0.0125618,0.0204723,m2
19781870,0.0085,0.0496403,0.0405762,m2
19865977,0.0007,0.0681123,0.0615288,m2
19904915,5.0e-05,-0.0215267,-0.0126327,m2
19747236,0.0186,-0.0109747,-0.00642105,m2
19900566,0.001,0.0101534,-0.0117735,m2
19900344,0.0001,-0.0318055,-0.000229031,m2
19905110,5.0e-05,0.0348164,0.0441787,m2
19899306,0.0001,0.00279637,0.0339058,m2
19686221,0.0053,0.0532668,0.0578074,m2
19905109,5.0e-05,0.0842638,0.0390334,m2
19903942,0.0002,0.0918879,0.0859286,m2
19904728,0.00015,0.0686589,0.0655807,m2
19782513,0.0042,-0.0455537,-0.0136793,m2
19900565,0.00285,0.0390161,0.0581079,m2
19903761,0.00015,-0.019267,-0.0259637,m2
19658841,0.0405,0.00483867,0.00446117,m2
19904727,0.0001,-0.0116185,0.00287963,m2
19896141,0.00065,0.0266487,0.0132598,m2
19742296,0.00215,-0.0526019,-0.014123,m2
19899683,0.00055,0.0117187,0.00755602,m2
19724640,0.0015,0.0120446,0.0493403,m2
19719621,0.01405,-0.0211737,-0.0402842,m2
19895926,0.00155,0.0103607,0.020235,m2
19896917,0.0011,0.00316457,-0.0187039,m2
19904529,0.0001,0.0152028,0.0126275,m2
19285483,0.11225,-0.00901555,-0.00535164,m2
19743307,0.01305,-0.0494231,-0.063306,m2
19894357,0.00035,0.0342443,0.0215504,m2
19880899,0.00375,0.0540352,0.0518595,m2
19635532,0.0139,0.00672501,0.0039634,m2
19892961,0.00195,0.00967683,0.0220646,m2
19905108,5.0e-05,0.0499141,0.0638471,m2
19830971,0.00645,-0.0216578,-0.0478647,m2
19276675,0.00545,0.0305356,0.00440612,m2
19728419,0.0781,-0.0223418,-0.023888,m2
19904912,5.0e-05,0.0189842,0.032745,m2
19584450,0.0335,0.0166013,-0.00803756,m2
19812294,0.01045,0.0382195,0.0252094,m2
19905107,5.0e-05,0.0625584,0.0433156,m2
19573346,0.00755,-0.0242443,-0.0394755,m2
19861699,0.00515,0.0247503,0.0598291,m2
19836561,0.00455,-0.0212501,-0.0157868,m2
19901601,0.0011,-0.0812335,-0.0760744,m2
19783088,0.0095,0.0645056,0.0344442,m2
19870503,0.00035,0.0428334,0.0670699,m2
19900118,0.00105,-0.0431535,-0.069375,m2
19811329,0.0044,0.0597074,0.0247402,m2
19644850,0.0362,-0.0211745,-0.0449963,m2
19905106,5.0e-05,-0.0153007,-0.02419,m2
19675981,0.012,0.0280986,0.0100611,m2
19671334,0.0134,-0.0326489,-0.00824797,m2
19900117,0.0005,0.0210955,-0.0138419,m2
19732461,0.06575,0.00621442,0.0522289,m2
19902724,0.0001,0.0421978,0.0518344,m2
19797668,0.00705,-0.0139965,0.00424138,m2
19755696,0.0193,-0.0274822,0.0192877,m2
19902531,0.0007,0.0420752,0.0193416,m2
19900970,0.00045,0.0274477,0.0870478,m2
19811308,0.0044,0.0228008,0.012845,m2
19891451,0.00335,-0.00962986,-0.0410869,m2
19868728,0.00145,0.0414882,0.042151,m2
19905105,5.0e-05,0.00725321,0.0336895,m2
19903729,0.0002,-0.012477,0.00759077,m2
19895922,0.00105,0.0294875,0.0396358,m2
19523717,0.0229,-0.0629344,-0.0274204,m2
19537801,0.0308,-0.011602,-0.000974724,m2
19905104,5.0e-05,0.0337559,0.0469505,m2
19677582,0.0029,0.0375952,0.0224028,m2
19905103,5.0e-05,0.0877463,0.0890464,m2
19900084,0.00025,-0.0268468,0.0238614,m2
19904724,0.0002,0.0633185,0.0838322,m2
19872963,0.0015,0.0693155,0.0397494,m2
19896737,0.0005,0.127933,0.132592,m2
19900969,0.00105,-0.0245381,0.0139515,m2
19821643,0.0108,0.00965269,-0.00826692,m2
19866162,0.0046,0.0267668,0.0605888,m2
19850610,0.0051,0.0663709,0.0827641,m2
19882905,0.0061,-0.0280446,-0.0190524,m2
19904526,0.00025,-0.0307023,-0.0656035,m2
19900081,0.00025,0.0345718,0.0550541,m2
19836779,0.00325,-0.0443706,-0.0337615,m2
19733673,0.00315,0.0545608,0.037425,m2
19809311,0.00925,0.046764,0.0543164,m2
19904723,5.0e-05,-0.0217942,-0.0154823,m2
19595539,0.00895,-0.0198855,-0.00786529,m2
19781857,0.00425,0.0407,0.00193412,m2
19833170,0.00215,0.0260488,0.0433241,m2
19819197,0.00545,0.0653657,0.0585879,m2
19542333,0.0042,0.00166111,0.0168495,m2
19663928,0.04675,-0.0148539,-0.0120864,m2
19867553,0.00735,0.0534505,0.0263937,m2
19864995,0.00295,-0.0353072,-0.0305253,m2
19830968,0.0094,0.0131463,0.0290893,m2
19898922,0.0001,0.0951131,0.069111,m2
19901167,0.0001,0.0350863,0.0244645,m2
19764844,0.0332,0.034855,0.0102476,m2
19901166,0.00045,-0.0266639,-0.0320987,m2
19897111,0.00215,-0.0704841,-0.0909128,m2
19824998,0.0121,-0.026425,-0.0153865,m2
19897731,0.0008,-0.00713605,0.010442,m2
19892778,0.0004,-0.0115505,-0.00940821,m2
19900114,0.0001,-0.0299064,-0.0394982,m2
19901165,0.0003,0.0226992,0.0127989,m2
19899101,0.00015,-0.0266326,0.00579035,m2
19858000,0.01405,-0.0423759,0.0135524,m2
19714419,0.0059,-0.025068,-0.0148322,m2
19897917,0.0026,-0.0106128,-0.00321489,m2
19904130,0.00015,-0.0937663,-0.0889236,m2
19853198,0.0042,-0.0507098,-0.0636446,m2
19717978,0.00695,-0.0174347,-0.0316544,m2
19894759,0.00025,0.0938067,0.0876296,m2
19804193,0.01005,-0.0312461,-0.0530318,m2
19867143,0.00355,-0.0136899,-0.00231502,m2
19903329,0.00015,0.0699845,0.0089547,m2
19571003,0.0175,0.014502,0.0142043,m2
19903306,0.0001,0.053278,0.05055,m2
19903102,5.0e-05,-0.0423272,-0.0503198,m2
19878652,0.00125,0.116267,0.119905,m2
19904722,0.00015,0.125641,0.0990535,m2
19896733,0.00195,-0.0205749,-0.0216386,m2
19903708,0.00015,-0.030283,-0.0203517,m2
19893728,0.00255,0.00486973,-0.0389402,m2
19878636,0.00215,0.00193221,0.00882079,m2
19901983,0.00015,-0.0689601,-0.020301,m2
19903101,0.0006,-0.0341929,-0.000280046,m2
19904721,0.0001,-0.00707471,0.0221445,m2
19880083,0.00735,-0.0210589,-0.0549714,m2
19901595,0.00125,0.0780733,0.0858251,m2
19878879,0.0029,0.0141811,0.015085,m2
19900544,5.0e-05,0.0440195,0.0422562,m2
19898905,0.00095,0.123514,0.102348,m2
19888271,0.00075,0.0236219,0.0218036,m2
19903730,0.0002,-0.0188913,-0.00710178,m2
19899098,0.0012,0.0135748,0.00284619,m2
19900556,0.00025,0.0201225,0.0301253,m2
19878641,0.0076,0.0400863,0.0190609,m2
19903756,0.0003,-0.0188014,-0.0131811,m2
19905102,5.0e-05,-0.0486215,-0.0418955,m2
19902721,0.0004,0.0671793,0.0572602,m2
19883874,0.00155,0.00162038,0.0411861,m2
19904127,0.00015,0.0386088,0.0523851,m2
19904719,0.00015,0.0158328,0.0414247,m2
19904718,5.0e-05,0.00522448,-0.0366207,m2
19897724,0.00065,0.0075932,0.00935379,m2
19902347,0.00015,0.0340558,0.0194946,m2
19893344,0.0016,0.0222174,0.05593,m2
19904524,0.0001,-0.0154492,-0.00520091,m2
19901576,0.0013,-0.0341082,-0.039117,m2
19900552,0.0005,-0.0506457,-0.0221887,m2
19905101,5.0e-05,0.00552917,-0.0174077,m2
19900551,0.00045,-0.0358744,-0.0407988,m2
19903937,0.00035,-0.000622902,-0.000120469,m2
19898715,0.00125,0.0033781,0.00738119,m2
19905100,5.0e-05,-0.0228283,-0.0029708,m2
19903732,0.00015,0.0063065,-0.00354162,m2
19892385,0.0036,0.00669172,0.0411422,m2
19904125,5.0e-05,-0.0223049,-0.0282427,m2
19905099,5.0e-05,-0.0494626,-0.0884285,m2
19904512,5.0e-05,0.0753447,0.0605093,m2
19898909,0.0015,0.0499667,0.0648565,m2
19898311,0.0007,-0.02733,-0.0264671,m2
19893341,0.00035,-0.0338633,-0.0316297,m2
19903753,0.0001,-0.0241307,-0.0410452,m2
19904522,5.0e-05,-0.00600029,-0.0571254,m2
19901591,0.00025,0.0416507,0.0462623,m2
19900753,0.00015,0.00523905,0.0192318,m2
19901590,0.0007,-0.0507464,-0.0581471,m2
19897330,0.0009,-0.00824715,-0.0141792,m2
19903752,0.0002,-0.124173,-0.0808309,m2
19903317,0.0001,0.0282601,0.0497936,m2
19896128,0.00085,0.0256576,0.045491,m2
19897288,0.00055,-0.0531972,-0.0568887,m2
19902350,0.00015,-0.0213427,0.018777,m2
19904715,5.0e-05,-0.0155887,-0.0327481,m2
19898914,0.00035,-0.0179852,-0.0102436,m2
19903298,0.00015,-0.0818805,-0.0718773,m2
19905098,5.0e-05,0.0206022,0.0236529,m2
19904516,0.0001,-0.00347006,0.0338991,m2
19905097,5.0e-05,0.00407289,0.0256495,m2
19902329,0.00035,-0.0321761,-0.0438208,m2
19904711,0.0001,0.0127727,-0.0311301,m2
19901586,0.0003,-0.0151894,-0.00469061,m2
19894125,0.0009,0.0225799,0.0486892,m2
19902923,0.00015,0.0765044,0.0999505,m2
19902922,0.0004,-0.0949041,-0.0737509,m2
19896105,0.00115,0.00182938,0.0071415,m2
19903918,0.0003,0.00498372,-0.0173195,m2
19904710,5.0e-05,-0.0224245,-0.0126987,m2
19894131,0.00035,-0.0504813,-0.0869518,m2
19903319,0.00015,-0.016814,-0.036676,m2
19902340,0.0002,0.0165719,-0.0303134,m2
19894334,0.0024,-0.132646,-0.116015,m2
19904509,0.0001,-0.0181014,-0.029963,m2
19897326,0.00195,0.0996052,0.0740753,m2
19905096,5.0e-05,0.0477947,0.0460197,m2
19897098,0.00015,-0.0643502,-0.0540883,m2
19900327,0.00075,0.0860445,0.054491,m2
19902351,0.0003,-0.00666041,0.0148156,m2
19901584,0.00305,-0.0326513,-0.0466074,m2
19902344,0.00085,-0.0221579,-0.0418543,m2
19901574,0.00045,-0.00222756,-0.0166082,m2
19903735,0.00055,0.0230346,0.0433986,m2
19899286,0.0001,-1.31202e-05,-0.0213465,m2
19901148,0.0003,0.000181833,0.0242833,m2
19896525,0.0019,0.0178452,0.0257708,m2
19903747,0.0001,0.0254978,0.0195384,m2
19900096,0.0016,0.0876276,0.0765035,m2
19897310,0.0013,0.0293318,0.0214768,m2
19896334,0.00125,-0.0321434,0.0292332,m2
19896721,0.0026,0.0492022,0.0733539,m2
19898102,0.00025,0.00458571,0.00903469,m2
19904517,0.00015,0.0598495,0.0422031,m2
19900954,0.00085,-0.00990108,-0.0450226,m2
19900307,0.0003,0.0453297,0.054301,m2
19901147,0.00075,0.0255952,0.0608474,m2
19900324,0.0005,0.011823,0.00688167,m2
19904707,5.0e-05,-0.0754502,-0.072078,m2
19896306,0.00025,-0.00267032,0.0141786,m2
19898303,0.00105,0.0133619,0.0012547,m2
19904488,0.00025,-0.0244586,-0.0564099,m2
19904706,0.00015,0.0560994,0.0726634,m2
19904490,5.0e-05,-0.0534588,-0.0328281,m2
19904491,5.0e-05,0.0519528,0.050107,m2
19904506,5.0e-05,0.0248447,0.00322056,m2
19905095,5.0e-05,0.00961561,0.0393638,m2
19905094,5.0e-05,-0.0553623,-0.0535125,m2
19904704,0.00015,0.0395484,0.079761,m2
19904504,0.00025,0.0796202,0.0700007,m2
19904703,5.0e-05,0.0101978,-0.0143145,m2
19904702,5.0e-05,-0.027024,-0.0103637,m2
19904701,5.0e-05,0.0134783,-0.0173729,m2
19904500,0.0001,-0.0241761,-0.0648666,m2
19904501,0.00015,-0.0464225,-0.0221342,m2
19904502,0.0003,0.00701612,0.0203214,m2
19904503,0.0001,-0.013578,-0.0218857,m2
19905091,5.0e-05,-0.0657027,-0.0757789,m2
19905092,5.0e-05,0.0416853,0.0275013,m2
19905093,5.0e-05,0.120977,0.120044,m2
