id,freq,e_f,e_m,type
19888856,0.0031,0.0157073,0.0360179,m1
12016645,1.0,0.00951206,-0.0035091,m1
19881331,0.0051,0.0283309,0.022975,m1
19892511,0.0001,-0.0095883,0.0174,m1
19859706,0.0054,0.0107632,-0.0064038,m1
16131101,1.0,-0.00166463,-0.0116072,m1
10759113,1.0,-0.0127045,-0.0568185,m1
6308787,1.0,0.0346447,0.0250896,m1
19863576,0.01415,-0.058075,-0.050246,m2
14906707,0.075,0.0178156,0.0188827,m2
19862617,0.00585,0.00408507,0.00537188,m2
19852228,0.00785,-0.00201447,-0.00907359,m2
15167759,0.63805,0.002948,-0.0132502,m2
19892988,5.0e-05,-0.0520393,-0.0296847,m2
19889692,0.0006,-0.0673554,-0.0446274,m2
19892811,0.0001,0.0133469,0.0400807,m2
19835391,0.00795,-0.0547408,-0.0422301,m2
19891078,0.0005,-0.0762759,-0.059222,m2
7067454,1.0,-0.00843522,-0.00727779,m2
19666278,0.0192,-0.0434213,-0.0521451,m2
19891077,0.00015,0.00654289,-0.0309448,m2
19829164,0.0081,-0.0381653,-0.0302063,m2
19864562,0.00415,-0.019727,0.00137632,m2
19716050,0.03815,-0.0379749,-0.0540392,m2
19847829,0.00115,-0.0381281,-0.0690338,m2
19872515,0.00215,-0.0445864,-0.0365453,m2
19765806,0.0179,-0.00205291,0.00482627,m2
19435351,0.01835,-0.0499974,-0.0466164,m2
19832759,0.0136,0.0673583,0.0353808,m2
19892987,5.0e-05,0.047433,0.040553,m2
19571226,0.0157,0.0343766,0.0399327,m2
19892429,0.00015,0.052521,0.018135,m2
19892809,5.0e-05,-0.0223949,-0.064283,m2
19884715,0.004,0.00364625,0.00273353,m2
19885114,5.0e-05,0.00123741,-0.0312665,m2
19891651,5.0e-05,0.0358597,0.0534181,m2
19703142,0.0081,0.0236007,-0.00293576,m2
19882404,0.0017,0.0683922,0.0503327,m2
9530474,1.0,0.0189007,0.00918206,m2
19825974,0.0196,0.0439628,0.0779523,m2
19393038,0.0315,0.00444168,0.0201627,m2
19890686,0.0003,0.00573136,0.00520781,m2
19891848,0.00055,-0.0245193,-0.0448464,m2
16816111,0.57985,-0.0040207,-0.0114044,m2
19892808,5.0e-05,-0.0459077,-0.0384561,m2
19892249,0.0002,-0.0411245,-0.0124189,m2
19892627,5.0e-05,0.0770431,0.0600551,m2
10645369,0.62525,-0.00474774,-0.0108671,m2
19892039,0.00015,-0.0198747,-0.027987,m2
19892986,5.0e-05,-0.0792376,-0.0303395,m2
19885706,0.0002,-0.0660856,-0.0426277,m2
7861426,1.0,-0.00317055,-0.00676252,m2
19892807,0.0002,0.0406608,0.0600557,m2
19874053,0.0003,-0.0560282,-0.0809524,m2
19881605,0.00575,0.053011,0.0747578,m2
19891648,0.0005,0.00456969,0.00519519,m2
19887679,0.0012,-0.0606193,-0.0482416,m2
13089563,0.7691,0.0012203,0.00182534,m2
19890086,0.00085,0.0518239,0.0412661,m2
19035094,0.40735,-0.0185611,-0.0275681,m2
19858474,0.00125,0.00182866,-0.0143141,m2
19771846,0.01505,-0.0427421,-0.0378823,m2
17362050,0.04515,-0.00562248,-0.00718302,m2
19842753,0.00115,-0.0458839,-0.0842324,m2
19890485,0.0005,0.0243951,0.0283039,m2
13422450,0.8381,-0.0167576,-0.0108285,m2
19890683,0.0003,-0.0749004,-0.0412038,m2
19758010,0.01465,0.0170955,0.00209185,m2
19232185,0.05045,0.0310579,0.0227165,m2
19806359,0.0028,0.0581381,0.026397,m2
19882981,0.0005,0.00523756,0.0262314,m2
19807903,0.0009,-0.0575572,-0.0924808,m2
19889503,5.0e-05,0.0296001,0.00632274,m2
19883716,0.0005,-0.00170164,-0.00549041,m2
18493589,0.01275,0.0278593,0.0359849,m2
19813657,0.00855,0.0132095,-0.0135098,m2
19892985,5.0e-05,0.0187226,-0.0207301,m2
19888267,0.00045,0.0444413,0.0673463,m2
18297641,0.01135,0.0229854,-0.00278012,m2
19856057,0.00315,0.0191995,0.00227497,m2
19533013,0.0504,-0.0176329,-0.00293561,m2
19892427,0.0002,0.0806853,0.0305759,m2
19720834,0.0037,0.0552474,0.0899324,m2
19892037,5.0e-05,-0.0345626,-0.00601831,m2
19838272,0.007,0.0440554,0.0332627,m2
19691907,0.005,0.0106432,0.0294035,m2
19835980,0.00555,-0.0213492,-0.00745458,m2
19892806,0.0002,0.0493356,0.0992756,m2
19891647,0.0004,0.0420586,0.0686598,m2
19892426,0.0003,-0.0105522,0.004613,m2
19890679,0.0001,0.0588172,0.0643655,m2
19887071,0.00015,0.0420954,0.0121675,m2
19869278,0.00115,0.00609334,0.0260835,m2
14136617,0.8269,0.0074568,0.0185744,m2
19892036,0.00025,-0.0617889,-0.0353221,m2
19405716,0.02725,0.00845423,-0.00587482,m2
19114857,0.0686,0.0129462,0.0107126,m2
1767883,1.0,-0.0208166,-0.0159652,m2
19889862,0.00115,-0.0504338,-0.0319887,m2
19864731,0.0005,-0.00753839,-0.00974361,m2
19892623,0.00015,-0.0108487,0.00956854,m2
19885701,0.0017,0.0395824,0.0251436,m2
19892246,0.0001,0.0228579,0.0168115,m2
19877026,0.0005,-0.00401699,-0.0248028,m2
19863566,0.005,-0.0700458,-0.0716214,m2
19880640,0.00175,0.000869125,-0.0127247,m2
19675778,0.0067,0.107298,0.11264,m2
19855049,0.0004,0.0985546,0.0856875,m2
19801366,0.01185,0.00845194,-0.00957843,m2
19892805,5.0e-05,0.0735336,0.08088,m2
19892622,5.0e-05,-0.00785609,-0.0199687,m2
19891074,0.00015,0.0958062,0.0832669,m2
19892984,5.0e-05,-0.10367,-0.0847551,m2
19874048,0.00495,0.00442114,0.046105,m2
17895301,0.10995,0.019225,0.010005,m2
19891644,0.00045,-0.114903,-0.119866,m2
19892804,0.0001,0.00928964,0.00920535,m2
19830951,0.00475,-0.0056057,-0.00659429,m2
18962479,0.07975,-0.00900079,0.00789725,m2
15353234,0.9513,0.016107,0.0135812,m2
19727864,0.01685,-0.000320815,-0.00786719,m2
19871905,0.003,0.0596345,0.0335137,m2
19891456,0.00035,0.0226033,0.040925,m2
19489221,0.04675,0.0158131,-0.0134621,m2
19892803,5.0e-05,0.0446961,0.0465176,m2
19825758,0.0138,-0.017582,-0.0177671,m2
19867441,0.0075,-0.0360721,-0.0267845,m2
19880026,0.0001,-0.081475,-0.0798076,m2
19821317,0.00395,0.00986737,0.0355387,m2
1054006,1.0,0.0157135,-0.00729448,m2
19892802,0.00015,0.0169717,0.00483597,m2
19718895,0.0058,-0.0041348,0.0279397,m2
19245921,0.0819,-0.036973,0.0153207,m2
19805562,0.0128,0.0286682,0.0563269,m2
19822765,5.0e-05,-0.0352428,-0.00617728,m2
19884705,0.00035,0.0289055,0.0465372,m2
19892801,5.0e-05,-0.0305532,-0.0138977,m2
19882798,5.0e-05,-0.0599611,-0.0555176,m2
19854300,0.0015,-0.00923874,0.00439636,m2
19871705,0.00295,-0.00413755,-0.0220363,m2
17722846,0.53995,-0.0211033,-0.00509461,m2
19892242,0.00015,0.00777813,-0.0077634,m2
19870446,0.0023,-0.0182854,0.00542154,m2
19888903,0.0022,0.0181492,0.013671,m2
19851806,0.00065,-0.0294453,-0.0732268,m2
19880637,0.00065,-0.0527036,-0.064761,m2
18737941,0.3914,-0.0192605,-0.00784289,m2
19889858,0.00015,-0.0425661,-0.0512281,m2
19884511,0.00035,0.0376151,0.0129655,m2
3475786,1.0,0.00459224,0.0246328,m2
19890673,0.00025,-0.0141344,-0.0384791,m2
14957862,0.74565,0.0117744,-0.0387766,m2
19884704,0.00015,0.050643,0.0144936,m2
19891642,0.0002,-0.0162247,-0.026836,m2
19331576,0.0353,0.0220386,0.0285798,m2
19888692,0.00015,0.000777326,-0.0164131,m2
18690338,0.07485,-0.0229189,0.00507482,m2
6225237,1.0,-0.00604454,-0.0187037,m2
19891641,0.00115,0.0992203,0.0938043,m2
19891453,0.00015,-0.019421,-0.034724,m2
19837882,0.0024,-0.0627784,-0.0436089,m2
19892800,5.0e-05,0.0171691,0.0251924,m2
19891451,0.00045,-0.0279591,0.00844294,m2
19851017,0.0004,0.00945278,0.00561142,m2
19685480,0.0117,0.0466283,0.0342211,m2
19866283,0.0019,0.0455074,0.055656,m2
19889495,0.0004,0.0399863,0.0293577,m2
19733521,0.0263,0.0769719,0.066413,m2
19892799,0.0001,-0.0701202,-0.0686296,m2
19853042,0.00455,0.000708539,-0.00173341,m2
10013405,1.0,-0.00228265,0.0284484,m2
18128992,0.1506,-0.00632721,-0.00131426,m2
19882611,0.00075,-0.00175235,-0.0077853,m2
19890316,0.00025,-0.0473476,0.00292324,m2
19584095,0.0047,-0.0555038,-0.056648,m2
15523468,0.988,-0.00362613,0.00379626,m2
19889089,0.00035,-0.00330035,-0.00951451,m2
19854890,0.00075,-0.0474243,-0.0130877,m2
19867629,0.0003,-0.00837393,-0.00188194,m2
19889284,0.0001,0.0363927,0.0168487,m2
19563231,0.10035,0.00134987,0.00800906,m2
10277252,0.8269,-0.0024555,-0.0117035,m2
19892798,5.0e-05,0.0128289,0.00315183,m2
16952675,0.015,-0.0119282,-0.00655846,m2
19749676,0.0448,0.00116384,-0.000503723,m2
19869475,0.0027,0.0280805,0.028986,m2
19892615,5.0e-05,-0.0429483,-0.0340288,m2
19882971,0.00225,0.0153529,0.0203771,m2
19892614,0.0001,-0.0681628,-0.0565215,m2
19892983,5.0e-05,0.0993242,0.089123,m2
19883354,0.0029,0.00462457,0.014417,m2
19837725,0.00655,-0.0186526,-0.0328021,m2
19053936,0.0899,-0.0244936,-0.0139645,m2
19602043,0.0503,0.0555649,0.0435711,m2
19892418,0.0002,0.0204649,0.0379166,m2
19888260,0.0019,-0.0161364,-0.0149485,m2
19891251,0.00035,-0.0105829,0.000501944,m2
19754182,0.0103,0.00267126,-0.00245805,m2
19892613,0.0001,0.0626144,0.0679205,m2
19891250,0.0003,-0.027288,0.00106911,m2
19823549,0.0071,0.0219502,0.0210702,m2
19877197,0.0037,0.021299,0.0677323,m2
18631573,0.06325,0.0340503,0.0275735,m2
19892982,5.0e-05,0.0322344,0.00516086,m2
19846197,0.00395,-0.0187361,-0.0119776,m2
19753374,0.0263,0.0423242,0.0217633,m2
18646203,0.02965,-0.0512579,-0.0142449,m2
19838266,0.00625,0.0133009,0.0129313,m2
19892612,5.0e-05,-0.0459573,-0.0356246,m2
18837687,0.16255,0.0312813,0.0249992,m2
19892611,5.0e-05,0.0492352,0.046949,m2
19892981,5.0e-05,0.0563101,0.0249838,m2
19888258,0.00105,-0.0113621,-0.023729,m2
19892980,5.0e-05,-0.00809109,0.00418507,m2
19892417,5.0e-05,0.0445697,0.0153282,m2
19891634,0.0001,-0.00333464,-0.0222713,m2
19864725,0.0002,-0.030026,-0.063972,m2
19871056,0.00075,-0.0866063,-0.0616958,m2
19443770,0.01115,0.0130316,-0.000314909,m2
19891063,0.0001,-0.0261729,-0.0281344,m2
19288188,0.0073,-0.00922402,-9.67658e-05,m2
19878379,0.0004,-0.0203807,-0.0475401,m2
19890875,0.00045,0.0186846,0.0603089,m2
19886896,0.00115,-0.00369054,-0.0201408,m2
19856259,0.00065,-0.00632307,0.0048004,m2
19697258,0.019,-0.0298932,-0.0531772,m2
17952493,0.0855,-0.00144375,0.0187665,m2
19887274,0.00055,-0.00211758,-0.000110285,m2
19863761,0.0039,0.0403358,-0.00161213,m2
19076616,0.08025,-0.0176713,-0.00605246,m2
19892796,0.0001,0.0700554,0.0566502,m2
19843669,0.01175,0.0395178,0.0544854,m2
19888072,0.00015,0.00603976,-0.007858,m2
19889677,0.0004,-0.0823887,-0.0596588,m2
19855646,0.00025,0.0726175,0.0314094,m2
19892025,0.0003,0.00995167,-0.00274725,m2
19226202,0.07045,0.00666152,0.00672566,m2
19513791,0.1257,0.0191312,0.00906225,m2
19882787,0.00365,0.00421185,-0.00597998,m2
19880216,0.00035,0.0428399,0.0602347,m2
12993767,0.28175,0.0052782,-0.00144423,m2
19885101,0.0009,0.035969,0.0107884,m2
15639362,0.52985,0.00561657,-0.00108388,m2
19814455,0.0016,-0.0528074,-0.082159,m2
19463574,0.0623,-0.0256626,-0.0125279,m2
19790269,0.0073,0.00680111,0.0192407,m2
6203263,1.0,-0.00697607,0.00254327,m2
19890072,0.00015,-0.102759,-0.111818,m2
19890666,0.00035,0.0580978,0.0328546,m2
19892024,5.0e-05,-0.116347,-0.0854198,m2
19833552,0.0049,-0.00735257,-0.0135565,m2
19230576,0.03525,0.00650823,0.0188632,m2
19890873,0.00095,-0.0644935,-0.0816174,m2
19787796,0.0102,-0.0265707,-0.0213167,m2
19859615,0.0114,-0.0477979,-0.0423929,m2
19889083,0.0002,-0.0732833,-0.0487144,m2
18921359,0.0429,-0.0188286,2.85473e-05,m2
19756199,0.00405,0.0299615,0.0413644,m2
19892979,5.0e-05,0.00723578,0.00687366,m2
19537888,0.00385,0.0240454,0.0114195,m2
19877370,0.00085,0.106739,0.0589016,m2
14050067,0.4017,-0.0108572,-0.0120102,m2
19155926,0.1763,-0.00415819,-0.0128761,m2
19769825,0.00075,0.0350111,0.0187035,m2
19891248,0.0003,-0.0439901,-0.0614106,m2
19841184,0.00685,-0.0041352,-0.0210503,m2
19892795,0.0001,0.0389578,0.0520245,m2
19892415,5.0e-05,0.00561314,-0.00573739,m2
19892609,0.0001,-0.0182639,-0.0285495,m2
13280011,1.0,-0.0104575,-0.00964048,m2
19833753,0.00155,-0.0193264,-0.0145855,m2
19840366,0.0058,0.0267868,0.0239906,m2
19882603,0.00125,-0.135125,-0.116893,m2
19889277,0.00055,-0.0509429,-0.0536979,m2
19892978,5.0e-05,0.0308882,0.0477039,m2
19891246,5.0e-05,-0.0230464,-0.0537778,m2
19881210,0.00045,-0.0183719,-0.0216833,m2
19829356,0.00945,0.00430875,0.0373639,m2
19891833,0.0001,-0.0381122,-0.0469592,m2
19892413,0.00015,0.00191484,-0.0345436,m2
19870848,0.00085,0.027829,0.0218421,m2
19889672,0.00055,0.0240362,0.00423123,m2
19860604,0.0011,-0.0153302,-0.0191489,m2
19870631,0.00075,0.0337808,0.0269589,m2
19868038,0.00065,0.0056437,-0.0266723,m2
19892977,5.0e-05,-0.108801,-0.079918,m2
19797206,0.0091,0.0323056,0.0588205,m2
19767255,0.01395,-0.015234,-0.00990542,m2
19892976,5.0e-05,-0.00155242,0.016772,m2
19875029,0.00235,-0.0718141,-0.0548764,m2
19892975,5.0e-05,-0.0663873,-0.062975,m2
19890659,0.00045,0.0568819,0.0613081,m2
19890658,0.0002,-0.0958935,-0.0780773,m2
19809899,0.0018,-0.0637841,-0.0521259,m2
19871271,0.0074,-0.0196446,-0.040889,m2
19890067,0.00025,0.0243826,0.017215,m2
19890657,0.00035,0.0167375,0.0132472,m2
19889484,5.0e-05,0.0212106,0.0298698,m2
19892411,5.0e-05,0.0519533,0.00364223,m2
18938733,0.03265,-0.0145872,-0.0370186,m2
19892608,5.0e-05,-0.0402376,-0.0327399,m2
19892018,0.0001,0.0628449,0.0545692,m2
19847621,0.0002,0.0306352,-0.0117444,m2
19885893,0.0005,0.0247024,0.0331459,m2
19889482,0.00075,-0.0431197,-0.0404328,m2
19880416,0.00165,-0.141291,-0.145483,m2
19868442,0.00475,-0.0391881,-0.0443708,m2
19878566,0.00215,0.0602576,0.0572566,m2
19889481,0.00015,0.0145383,0.0332223,m2
18677395,0.0172,-0.00764072,-0.00765839,m2
19851202,0.0049,-0.0302309,-0.0116119,m2
2598189,1.0,0.0252533,-0.0102539,m2
19211897,0.0124,-0.00166679,-0.0255982,m2
19889671,0.00015,0.00601601,0.0109353,m2
10974030,1.0,0.00567037,0.0139992,m2
19892974,5.0e-05,0.0209168,0.0234234,m2
19891829,0.0001,-0.00740924,0.0101247,m2
19892409,0.0001,-0.0401119,-0.026447,m2
19869848,0.0016,-0.0430021,0.00819829,m2
19892606,5.0e-05,-0.0766212,-0.0873803,m2
19834370,0.0009,0.0117543,0.0250185,m2
18474402,0.06385,-0.0235733,0.00956964,m2
19887061,5.0e-05,-0.014005,0.00964706,m2
19892973,5.0e-05,-0.0776269,-0.0757348,m2
19892793,5.0e-05,-0.00839736,-0.00571769,m2
19754769,0.0065,0.040083,0.0320523,m2
19354920,0.04535,-0.029501,-0.0322842,m2
19891055,0.0006,-0.0948089,-0.119566,m2
19500213,0.00035,-0.000296243,-0.00859815,m2
19859612,0.00995,-0.0681395,-0.0356936,m2
19869462,0.0012,0.040276,0.0351065,m2
19891242,0.00025,-0.00389675,0.00887377,m2
19891053,0.00025,0.0682424,0.0673645,m2
19491210,0.1563,0.00334682,-0.0166288,m2
19320587,0.02575,-0.038814,-0.0484712,m2
5356885,1.0,0.0219088,-0.00194929,m2
19825738,0.0118,-0.076255,-0.084281,m2
19890465,0.00015,-0.0584496,-0.0540498,m2
19822570,0.0046,-0.0153349,-0.0336636,m2
19515387,0.00905,-0.0160046,0.0256345,m2
19891442,0.00035,-0.0537933,-0.0208287,m2
19886501,0.0003,-0.0472048,-0.0676374,m2
19868219,0.00045,0.0595473,0.063999,m2
19064847,0.3765,-0.0235563,-0.0337773,m2
19891828,5.0e-05,0.0255607,0.037407,m2
19892972,5.0e-05,-0.0171074,-0.0227893,m2
19556001,0.01485,-0.0361274,0.019262,m2
19791960,0.0082,-0.027263,-0.0510745,m2
19888246,0.0015,-0.0186309,-0.0639323,m2
6634215,1.0,0.005685,-0.00999163,m2
19887264,0.00015,0.0273792,0.023882,m2
18888561,0.05815,0.00412447,-0.00813771,m2
19820162,0.00965,-0.0151917,-0.00693534,m2
19778256,0.01705,0.0713079,0.0770123,m2
19892604,5.0e-05,-0.0395527,-0.0208576,m2
19891441,0.00035,0.00559408,0.0323192,m2
19810294,0.00585,-0.0302948,-0.0475407,m2
19891050,0.00025,0.020785,0.0234146,m2
19887872,0.00035,-0.0413299,-0.0610926,m2
19870241,0.00165,0.0483912,0.0659669,m2
19713283,0.0178,0.00811001,-0.0215052,m2
19892603,0.0002,0.00296216,0.0158951,m2
19892602,0.0001,0.0280974,0.0698074,m2
19843091,0.02385,0.0151821,-0.00460809,m2
19887058,0.0004,0.0503348,0.00357487,m2
19890301,0.00065,0.0332893,0.00248175,m2
19892235,0.0005,-0.00414217,0.0175653,m2
19886887,5.0e-05,0.0163261,0.00634401,m2
19883520,0.0003,-0.0289191,-0.00285312,m2
19864908,0.00075,-0.0747963,-0.0621738,m2
19883892,0.00235,-0.0325019,-0.0163699,m2
19890300,0.00035,0.0195385,0.0468577,m2
19885284,0.00155,0.028417,0.023004,m2
19731129,0.00135,-0.0298867,-0.0183257,m2
19891439,0.00015,0.0176196,0.0153294,m2
19876415,0.0002,0.0155047,0.0301123,m2
19795998,0.00685,0.042332,0.0221954,m2
19892601,5.0e-05,-0.0636666,-0.0725469,m2
19656722,0.04135,0.00512384,-0.00880292,m2
19890867,0.0005,0.0639714,0.0893768,m2
19892233,0.0001,-0.0380392,-0.0331207,m2
19892406,0.00025,-0.0432821,-0.0244482,m2
19888455,0.00295,-0.00428703,-0.00176235,m2
19890298,0.00045,9.01423e-05,0.00016343,m2
19225998,0.07245,-0.00924223,0.000770098,m2
19557758,0.0498,0.0336044,0.0243724,m2
19891824,0.0001,0.0570496,0.0668928,m2
19892792,0.00015,-0.067687,-0.0828778,m2
19892600,5.0e-05,-0.0209241,-0.036112,m2
19892971,5.0e-05,-0.0205673,-0.0445867,m2
15055256,1.0,0.00473865,-0.0050027,m2
19360666,0.0831,0.00635951,0.00184274,m2
19856452,0.01325,0.0063387,0.0310582,m2
19878372,0.0011,0.0197201,-0.0219523,m2
19892790,5.0e-05,-0.012101,0.00657237,m2
602998,1.0,-0.00382953,-0.00586798,m2
19891822,0.0001,0.0445025,0.0112197,m2
19870840,0.0025,0.045389,0.0299055,m2
19687225,0.00125,-0.00602976,-0.0220347,m2
3584698,1.0,0.00377227,0.0195173,m2
19829751,0.00655,-0.0423235,-0.0480977,m2
17298929,0.11605,0.0168182,0.0377278,m2
19892970,5.0e-05,-0.0826882,-0.0881263,m2
19892404,0.00015,0.0083468,-0.0255717,m2
18539951,0.10165,0.0210403,0.00886561,m2
19877783,0.00115,-0.098769,-0.121557,m2
19869843,0.0032,0.00849979,0.0128047,m2
19853025,0.00505,0.0091826,-0.00599144,m2
19892969,5.0e-05,0.053068,0.0434795,m2
19892403,0.0003,0.0818039,0.0476938,m2
19880410,0.0002,-0.0439816,-0.0692437,m2
19520933,0.10725,0.00988695,0.0154188,m2
19872275,0.0012,0.0178148,0.00587783,m2
19839971,0.00585,0.0433373,0.00450009,m2
19892968,5.0e-05,0.0735522,0.0914829,m2
19881588,0.0029,0.0134295,0.0287826,m2
19892967,5.0e-05,0.0550202,0.0398428,m2
19889840,0.0002,0.0524594,0.0221729,m2
19891820,0.0004,-0.0121678,0.00814241,m2
19892966,5.0e-05,-0.00622824,0.00132147,m2
19892400,5.0e-05,-0.0199774,-0.0311992,m2
19889839,0.00055,-0.00702343,0.0293591,m2
19843465,0.00485,0.0155465,0.00798601,m2
19875839,0.00535,0.00365338,0.00929216,m2
19892787,0.0001,-0.0273226,-0.0218262,m2
19886283,0.0005,-0.0359609,-0.0370708,m2
19892965,5.0e-05,-0.0262976,-0.0328932,m2
19891819,0.0002,-0.041487,-0.0500729,m2
19891818,0.0007,-0.0121161,-0.0316324,m2
19656932,0.00175,-0.0332613,-0.0130652,m2
19880202,0.0019,-0.0464515,-0.0334017,m2
19886495,0.0002,-0.00266432,0.00695856,m2
19616293,0.01035,0.0512319,0.017313,m2
19892596,0.0001,0.0214887,0.0129395,m2
9724486,0.4608,0.00277238,0.00803812,m2
19885683,0.00085,0.0624773,0.075697,m2
19825726,0.00335,0.00704907,0.0569761,m2
19892786,5.0e-05,-0.00588955,-0.00779657,m2
19513376,0.00325,0.00646195,0.010996,m2
19885086,5.0e-05,0.00586989,0.0321577,m2
19861216,0.0046,0.0297253,-0.00984489,m2
13706992,1.0,0.0185934,0.0409074,m2
19884865,0.0004,0.00699372,0.0279419,m2
19856661,0.0073,0.00604612,-0.0207702,m2
19892225,0.0001,-0.0131034,-0.0244093,m2
19886882,0.00115,-0.0458411,-0.0821971,m2
19628200,0.0296,0.00602758,-0.0178935,m2
19786993,0.01105,-0.0682428,-0.0748577,m2
19766599,0.0002,-0.0917036,-0.0921496,m2
19888055,0.0011,0.00521196,0.0140185,m2
19576736,0.00435,-0.0161935,0.0097591,m2
19892397,0.00035,0.0184137,0.0241535,m2
19880010,0.00025,-0.00456841,-0.00314894,m2
19892964,5.0e-05,-0.0436808,-0.0276685,m2
19148312,0.033,0.000414956,-0.0136956,m2
19892785,0.0001,0.06729,0.0831771,m2
19435115,0.04275,-0.0392223,0.0119239,m2
19880623,0.00325,-0.0530371,-0.0624622,m2
19885885,0.00295,0.033727,0.0177455,m2
19891815,0.00015,0.0197951,0.0585629,m2
19892394,5.0e-05,-0.00262982,-0.0164681,m2
19871678,0.00075,-0.0596952,-0.0395115,m2
19891041,0.0004,-0.0665064,-0.0544452,m2
19892393,0.0001,-0.0346262,-0.00786304,m2
19875636,0.0017,0.0373611,0.0576886,m2
19492592,0.03535,-0.0239402,-0.0245606,m2
19886071,0.0011,0.0540633,0.0293343,m2
19863149,0.0013,0.0187988,0.0293061,m2
19824535,0.00385,0.112407,0.0607824,m2
19888882,0.00035,0.0351875,0.016617,m2
19418773,0.00115,-0.0159421,-0.0137733,m2
19889653,0.0003,0.00295251,-0.00263427,m2
19886686,0.00045,-0.0704971,-0.0914361,m2
10434362,1.0,0.00724718,0.0137132,m2
5653605,1.0,-0.00299373,0.000738921,m2
19873637,0.0004,0.00117927,-0.0221641,m2
19881997,0.00205,-0.041001,-0.0343091,m2
19888450,0.00035,0.0223374,0.0510176,m2
19887653,0.0007,0.035258,0.0576766,m2
19856659,0.0011,-0.0237727,-0.0029897,m2
19884863,0.00045,-0.0264554,0.00662474,m2
19807465,0.0096,-0.0285138,-0.0206213,m2
19892784,0.0001,0.14161,0.124867,m2
19891813,0.00015,-0.0331799,-0.0661607,m2
19863744,0.0001,0.104222,0.0914533,m2
3130333,1.0,0.00829228,0.00339383,m2
19034681,0.0925,-0.0176117,-0.0189834,m2
19873833,0.00185,-0.0131105,0.00769063,m2
19892963,5.0e-05,0.00291849,0.00117929,m2
19713691,0.0359,-0.00550151,-0.00211099,m2
19860802,0.00035,-0.00857893,0.0304154,m2
17380226,0.439,0.0239354,0.0116253,m2
19870029,0.0019,-0.0178078,-0.017722,m2
19453988,0.03995,0.0119734,0.0107053,m2
15317796,0.2801,0.0094507,0.00407916,m2
19891615,5.0e-05,0.00462148,-0.0122226,m2
19615035,0.03215,0.0245593,0.0257986,m2
19841770,0.0034,0.0284114,0.0251826,m2
19891038,0.00015,0.0608752,0.0889227,m2
19892222,0.0001,-0.00296921,-0.00163261,m2
19887254,0.0012,-0.0267799,-0.00580808,m2
19892391,5.0e-05,0.00959021,0.0280827,m2
19341791,0.02215,0.0312889,0.0675607,m2
19836721,0.00085,-0.0145919,-0.0239159,m2
19464744,0.08915,0.0297057,0.0293197,m2
16635513,0.15275,0.0213674,-0.0115438,m2
19733265,0.02995,-0.010863,0.000957512,m2
19892782,5.0e-05,-0.0469438,-0.0680039,m2
19891812,5.0e-05,0.0541797,0.0278364,m2
19892962,5.0e-05,0.0117969,-0.0186045,m2
19892593,5.0e-05,-0.0560257,-0.021204,m2
19892008,0.0003,0.0180333,-0.0292827,m2
19890457,0.00035,-0.0536887,-0.0802113,m2
19763766,0.02795,0.0122037,0.0113637,m2
19863144,0.0074,-0.0168703,-0.00927371,m2
12274549,1.0,0.00199474,-0.0232864,m2
19780818,0.00075,0.00862423,0.00444544,m2
19887253,0.0009,-0.00839461,0.0150076,m2
19857830,0.00985,0.0514968,0.0490256,m2
19318556,0.0789,-0.0600795,0.000529435,m2
19876407,0.0007,0.00831714,-0.00686315,m2
15809826,0.04305,0.00856426,0.0146263,m2
19892781,0.0001,-0.0178483,0.00238657,m2
19884676,0.0001,0.0321765,0.0134399,m2
19892591,0.0001,0.0542836,0.0448835,m2
14524597,1.0,0.0118948,0.0231558,m2
16045838,0.73155,0.00986676,-0.00530585,m2
16925742,0.0427,-0.00429974,0.0108498,m2
19885876,0.0005,0.0122373,-0.0030384,m2
19812054,0.00195,-0.0107819,-0.00362727,m2
19879348,0.0002,0.0459029,0.0814334,m2
19892590,0.0001,-0.014698,-0.0312869,m2
7304,1.0,-0.011544,-0.0228973,m2
18019369,0.3865,0.0163808,-0.00460241,m2
19862761,0.00255,0.0734744,0.0739664,m2
19871878,0.005,-0.0938088,-0.0880201,m2
19869031,0.00105,0.0265892,0.0226525,m2
19628984,0.0318,0.0019164,-0.016047,m2
19783844,0.00755,0.0297786,0.0944012,m2
19892218,0.0005,-0.0350016,-0.0674341,m2
1187535,1.0,-0.0106281,-0.0106872,m2
19270998,0.0602,-0.0256815,0.00633531,m2
19890859,0.00015,0.00473177,-0.00350542,m2
19811473,0.02005,0.00612616,0.0104284,m2
19716423,0.0403,-0.00533183,0.0166855,m2
19892388,0.00025,0.0483495,0.0536317,m2
19892961,5.0e-05,-0.0226622,-0.0151033,m2
18073269,0.45075,0.0243451,-0.000300952,m2
19578118,0.0075,-0.00218916,0.0203943,m2
19892960,5.0e-05,0.0933847,0.104145,m2
19861630,0.0041,-0.0499846,-0.0716462,m2
19608488,0.00165,0.0364474,0.0603333,m2
19889652,0.00155,0.100533,0.103391,m2
19892959,5.0e-05,0.00494364,-0.0470788,m2
19859387,0.00025,0.0945137,0.102752,m2
15083296,1.0,-0.00870708,-0.0231498,m2
14062760,0.18065,-0.000895234,0.000303699,m2
19886486,0.00265,-0.0318092,-0.0170892,m2
19892779,5.0e-05,0.0592034,0.00308694,m2
19857248,0.0015,0.0182392,0.0330119,m2
19883504,0.0008,-0.00991308,0.0184043,m2
19877176,0.0006,-0.0407813,-0.0582442,m2
19892588,5.0e-05,-0.0342069,-0.0267575,m2
19892002,0.00015,0.0599184,0.0334825,m2
16218090,0.012,-0.0169182,-0.0113367,m2
19892958,5.0e-05,0.0160916,0.0257596,m2
19856017,0.00205,-0.0182784,0.00508599,m2
19888232,0.0003,-0.00460966,-0.013721,m2
19892957,5.0e-05,0.0277708,0.0102202,m2
19890857,0.00045,0.0180283,0.0355189,m2
19869640,0.0006,0.0220916,0.0199959,m2
19382288,0.0629,-0.00914631,-0.0175954,m2
19892586,5.0e-05,0.0884846,0.116617,m2
19854267,0.0047,-0.00274123,0.0167458,m2
19889253,0.0005,-0.0468054,-0.0168957,m2
19882950,0.0002,-0.00322131,-0.0156445,m2
19861205,0.00365,-0.00743428,0.0124679,m2
19889831,0.00025,-0.0573875,-0.0894304,m2
19892214,0.00015,-0.0458307,-0.0429213,m2
19887249,0.00145,-0.0313226,-0.00622007,m2
19859008,0.0242,-0.00692078,0.0133846,m2
19892585,5.0e-05,-0.121273,-0.119194,m2
19892213,5.0e-05,-0.0822637,-0.0769832,m2
19876403,0.00205,0.0240254,0.031003,m2
19892956,5.0e-05,-0.0197889,0.0208048,m2
19892001,0.00015,-0.0379552,-0.0276398,m2
19890043,0.00045,-0.104591,-0.104079,m2
19874801,0.00275,-0.00195423,-0.0131817,m2
19099406,0.03295,0.0515604,0.0375221,m2
19876593,0.00325,0.0896879,0.0821332,m2
15875736,0.9824,0.0244102,0.0294045,m2
19856654,0.00265,0.0673538,0.0718996,m2
19888664,0.00055,-0.0532219,-0.0588229,m2
19885667,0.0001,-0.0109519,-0.0274984,m2
19892955,5.0e-05,-0.0677233,-0.0663669,m2
18360622,0.06885,-0.0207293,-0.00612761,m2
19874799,0.0012,-0.0416594,-0.0490007,m2
19890854,0.0001,-0.00495911,-0.0255432,m2
19892584,0.00015,0.0538646,0.0681347,m2
16009732,0.1454,0.00237376,0.0254921,m2
18618599,0.15735,0.00305213,0.0102297,m2
19891999,0.00015,0.0955038,0.118986,m2
19892383,0.00015,0.0981517,0.107929,m2
19867814,0.0004,-0.0882754,-0.0778369,m2
19892777,5.0e-05,-0.0683049,-0.0347869,m2
19708490,0.0008,-0.0171086,-0.00242251,m2
19888871,0.0001,-0.0756672,-0.0882605,m2
19886676,5.0e-05,0.0376324,0.01361,m2
19892954,5.0e-05,-0.0212906,-0.074207,m2
19891997,0.0001,0.0677266,0.0503609,m2
19838050,0.0023,0.0770402,0.109758,m2
19892776,0.00015,-0.0493841,-0.0637443,m2
19891421,0.00015,-0.0304872,-0.0171913,m2
19892953,5.0e-05,0.0218783,-0.0260881,m2
19883872,0.00115,0.0015143,0.0117258,m2
19727465,0.00165,-0.0272716,-0.022233,m2
19880982,0.00405,-0.0361778,-0.0698101,m2
19892775,5.0e-05,-0.0236708,-0.00895688,m2
19891801,0.0001,-0.0355581,-0.0413957,m2
13713321,0.77655,-0.00171053,0.00154154,m2
19605686,0.0604,0.0208451,0.013708,m2
19883497,0.00435,0.0874025,0.064091,m2
19892774,5.0e-05,0.0180572,0.0292399,m2
19355105,0.03015,0.0274545,0.000992571,m2
19889827,0.00015,-0.0447752,-0.0719314,m2
19892380,5.0e-05,-0.134554,-0.128286,m2
17838397,0.1019,0.0219955,0.0291328,m2
19449172,0.0006,-0.030834,-0.0110699,m2
19890040,0.0004,0.0548219,0.0803064,m2
19627739,0.03645,-0.0373173,-0.0406617,m2
19887850,0.0015,-0.00803949,-0.0108274,m2
19883318,0.0022,0.0173015,0.0280565,m2
19892379,5.0e-05,-0.00674175,-0.00490736,m2
19892208,0.00015,0.016305,0.0132399,m2
19364763,0.02205,0.0280565,0.0126926,m2
19545670,0.0192,-0.0338835,-0.0192049,m2
11642375,0.8298,-0.00373886,0.0130462,m2
19876783,0.0004,0.122449,0.134707,m2
19889643,0.0013,0.0798404,0.0593956,m2
19831113,0.01325,-0.0117248,0.0155725,m2
19888228,0.0004,0.0146917,0.0372818,m2
19892773,5.0e-05,0.0423322,0.0399678,m2
19880390,0.00105,0.00506667,0.0368529,m2
19892952,5.0e-05,0.000723532,0.00829877,m2
11249968,1.0,-0.000171301,-0.00605492,m2
19883675,0.00105,-0.105188,-0.142701,m2
19877557,0.00255,-0.053334,-0.032271,m2
18275981,0.41705,-0.0112475,-0.00893478,m2
19155103,0.02335,0.0224397,0.0430105,m2
19550224,0.0675,0.00762612,0.00131874,m2
19890852,0.0011,0.0584403,0.0441663,m2
19861620,0.00265,-0.0413449,-0.0453125,m2
19798748,0.00065,-0.0184848,-0.0249332,m2
19892771,5.0e-05,0.00922861,0.0320201,m2
19868418,0.0044,-0.0869168,-0.0438704,m2
19891797,0.0001,0.0115704,0.0536502,m2
19890447,0.0001,0.000760194,0.0168655,m2
18584584,0.0297,0.0401876,0.0270142,m2
19892951,5.0e-05,-0.089378,-0.092706,m2
19760840,0.00535,-0.0160424,-0.0280726,m2
18542132,0.2293,-0.0027086,-0.00716736,m2
19892950,5.0e-05,0.0453349,0.0573673,m2
14118484,0.235,-0.00281018,-0.00477726,m2
19866429,0.0007,0.00345473,0.0352478,m2
19829122,0.01015,0.0444929,0.0462123,m2
19869229,0.0033,0.0251931,-0.00180483,m2
19892769,0.0001,-0.0190842,-0.0142366,m2
9648877,0.55345,0.0158017,0.000976021,m2
19284621,0.0228,-0.0226184,-0.0517369,m2
19885264,0.0003,0.0958713,0.0446916,m2
19888861,0.0004,-0.100327,-0.0915389,m2
19809499,0.01245,-0.0492859,-0.00474295,m2
19876975,0.0019,-0.0718121,-0.0799462,m2
19651861,0.01395,-0.0288739,-0.0378173,m2
19892949,5.0e-05,-0.00411226,-0.00395516,m2
19892578,0.0001,-0.0124154,-0.000670177,m2
19440870,0.03055,-0.0480327,-0.03847,m2
19891596,0.0001,0.0149336,0.0214979,m2
19891992,5.0e-05,0.0574523,0.0527683,m2
19884664,0.00015,-0.00545434,0.0298348,m2
19001232,0.0239,-0.00336547,0.00549026,m2
19890280,0.00085,-0.0353133,-0.0315529,m2
17086442,0.01525,0.00385116,-0.0166728,m2
1983761,1.0,-0.0125403,0.00362043,m2
19635998,0.0187,-0.0286141,-0.0369278,m2
19886058,0.0006,0.0714711,0.0916337,m2
19892577,5.0e-05,0.01363,0.01501,m2
19892373,0.0002,0.0355996,0.0487869,m2
19622411,0.0343,0.00800781,-0.00527245,m2
19889460,0.0007,0.00271259,0.0177356,m2
19473372,0.0173,0.0666176,0.0484819,m2
19883670,0.0003,-0.0637982,-0.0330722,m2
19890630,0.0006,0.0269048,0.0251259,m2
19797598,0.0056,0.11337,0.0856179,m2
19885465,0.00035,6.62001e-05,0.00641803,m2
15236425,0.67,0.0184741,-0.00557485,m2
19866243,5.0e-05,0.083863,0.0784107,m2
19625427,0.00235,0.0120156,0.00702417,m2
19891991,0.00035,-0.0471159,-0.0822963,m2
19892768,5.0e-05,-0.00885454,0.0127726,m2
19889245,0.00055,0.0226266,-0.0159616,m2
19892948,5.0e-05,-0.0209098,0.0271476,m2
19892947,5.0e-05,-0.0663169,-0.0732416,m2
19416663,0.04605,0.00606106,-0.000137127,m2
19882938,0.0026,-0.00167025,-0.0255261,m2
19891989,0.00015,-0.0226937,-0.0260385,m2
19885856,0.0014,0.0517144,0.0877275,m2
19831309,0.0126,-0.0534041,-0.0154279,m2
19885855,0.00045,0.0613274,0.0690644,m2
19891595,0.00015,-0.0323554,-0.0137763,m2
17663264,0.7999,-0.0111531,-0.0079695,m2
19891794,0.0001,0.074717,0.10346,m2
19892765,5.0e-05,0.0171238,-0.00798915,m2
19665044,0.0039,-0.00454033,0.00828136,m2
19886671,0.00055,0.0468814,0.0362177,m2
19892764,0.0001,0.0595276,0.0371404,m2
19891793,0.0004,-0.0860933,-0.0855151,m2
19873414,0.00375,-0.0338248,-0.0400643,m2
19886473,0.0007,-0.0342424,-0.0730166,m2
19841939,0.0043,0.012332,0.000332646,m2
19892946,5.0e-05,0.0375268,0.0532144,m2
19863729,0.00265,-0.0344438,-0.0301135,m2
19892370,0.00015,0.0529428,0.0527816,m2
19892945,5.0e-05,-0.0926218,-0.108686,m2
19742726,0.05845,0.000246538,-0.0255916,m2
19892944,5.0e-05,-0.111386,-0.0904971,m2
19892762,0.0001,0.0278886,0.0319985,m2
19888853,0.00025,0.0318506,0.0612132,m2
19887430,0.0012,0.0190515,0.00390044,m2
19501742,0.0188,-0.0342741,-0.0305218,m2
19521870,0.0076,0.00967377,-0.00192189,m2
19891594,0.0006,-0.00517653,0.0215205,m2
19886668,0.0008,0.0235891,-0.00541658,m2
19892761,5.0e-05,-0.0143922,-0.0119636,m2
19889239,0.0002,-0.0712481,-0.0397723,m2
19891792,0.0002,-0.0352878,-0.0579928,m2
19891791,5.0e-05,-0.0481034,-0.0607097,m2
19713481,0.00225,-0.0446074,-0.0224079,m2
19883666,0.00145,-0.0302697,-0.0158069,m2
19800511,0.0072,0.0996755,0.0798256,m2
19555968,0.01415,-0.00112619,0.0206199,m2
19873622,0.0028,0.0246742,0.0501672,m2
19160796,0.0152,0.00177142,-0.0134217,m2
19892943,5.0e-05,0.00118411,-0.00210873,m2
19874789,0.00055,-0.0110663,-0.00377708,m2
19890839,0.0003,-0.0332995,-0.0470591,m2
19892200,5.0e-05,-0.0591391,-0.0636398,m2
19804928,0.0031,0.00693656,0.0019012,m2
13806163,1.0,-0.0338697,-0.0481529,m2
18951095,0.612,-0.00756846,0.00919001,m2
19892760,5.0e-05,-0.0454509,-0.0600139,m2
19892369,0.0002,0.0560057,0.0964975,m2
19870812,0.00175,0.058504,0.0933728,m2
19709510,0.00615,-0.032792,-0.028059,m2
19091563,0.03195,-0.0148899,0.00114686,m2
19887033,0.0001,-0.0315453,-0.0174087,m2
19890276,0.0001,0.0745618,0.0749809,m2
19715818,0.0123,-0.022703,-0.0159499,m2
19891412,0.00035,0.00792065,-0.0378478,m2
19892571,0.0002,-0.0386462,-0.0475626,m2
19878744,0.0054,-0.00530116,-0.0321888,m2
19704695,0.03455,0.00435234,0.0366602,m2
19820713,0.0142,0.0672166,0.0814625,m2
19892367,0.00015,-0.040874,-0.0334647,m2
19833924,0.00275,-0.0381621,-0.0244954,m2
19891211,0.00015,0.0283992,-0.000862924,m2
19891790,0.0002,0.0265874,-0.0174802,m2
19763551,0.00165,0.0760251,0.0585694,m2
19853403,0.00455,-0.00486775,0.019414,m2
8193657,1.0,0.000965599,-0.00605695,m2
19887031,0.00025,0.0220049,0.0431814,m2
19882760,0.00075,0.00327788,-8.21172e-05,m2
19892942,5.0e-05,0.0570247,0.0845805,m2
19689858,0.0224,-0.0487121,-0.0432057,m2
19596651,0.0011,-0.0242168,-0.0338294,m2
9285127,0.79415,-0.0236725,-0.0277185,m2
19576719,0.01095,0.0383912,0.037072,m2
19892759,5.0e-05,-0.0818419,-0.0533551,m2
19892570,5.0e-05,-0.0746935,-0.100874,m2
19861191,0.00195,0.00200214,0.0363027,m2
19534375,0.03315,0.00501854,0.00794749,m2
19892366,0.0001,-0.00678773,0.00985338,m2
19870206,0.001,-0.0287548,0.0183452,m2
19877161,0.0002,0.064067,0.0676,m2
19891789,5.0e-05,-0.0740989,-0.0599345,m2
19667458,0.01725,-0.0114343,-0.033353,m2
19892941,5.0e-05,0.00385916,0.0446052,m2
19871449,0.0047,0.0767759,0.0729598,m2
19385001,0.07815,-0.00696233,0.00356107,m2
19892195,0.0001,-0.0809961,-0.0601584,m2
19867197,0.0006,0.073234,0.0841711,m2
19808870,0.0057,-0.0102957,-0.0112126,m2
19036636,0.06235,0.0263066,0.0201721,m2
19884463,0.0017,-0.0224971,-0.0132811,m2
19386354,0.0475,0.00996084,0.0347133,m2
19892940,5.0e-05,0.0160486,0.00707762,m2
19888431,5.0e-05,0.0101437,0.0148577,m2
19825475,0.0076,-0.0316311,0.011941,m2
19836702,0.00275,0.00116915,0.00398922,m2
19892758,5.0e-05,-0.00763469,-0.0328019,m2
19891787,0.00015,0.0377318,0.0317905,m2
19892365,5.0e-05,-0.0320763,0.00262629,m2
19888647,0.00075,0.0211911,-0.00578395,m2
18726954,0.0087,0.00558217,0.0221206,m2
17169839,0.1391,-0.0257186,-0.00792929,m2
19353709,0.02695,-0.00243978,-0.000647701,m2
19892193,0.00015,-0.00677287,-0.0280955,m2
19892757,0.0001,0.0648239,0.0605251,m2
787554,1.0,-0.0061955,-0.00751889,m2
19891786,0.00015,0.0691134,0.0520959,m2
19889630,0.0017,-0.00193836,-0.0293476,m2
19892939,5.0e-05,0.00716663,0.00163734,m2
19891208,0.00015,-0.0449728,-0.0663532,m2
19033655,0.02355,-0.0184105,-0.0111345,m2
19883483,0.0006,-0.00751859,-0.048042,m2
19891785,0.0001,0.0214591,0.0315852,m2
19892363,0.0001,-0.0994266,-0.105569,m2
19885457,0.0003,-0.0545472,-0.0542835,m2
19892938,5.0e-05,0.00123976,0.0132346,m2
19885850,0.00115,-0.0703894,-0.0277412,m2
19891784,5.0e-05,-0.0271642,0.0048285,m2
19870004,0.0035,0.0327611,0.0274683,m2
19728885,0.00665,0.0224673,0.0239794,m2
19882351,0.00035,0.025368,0.0210363,m2
19892756,0.0001,0.0268795,0.0388833,m2
19890023,0.00065,-0.0296046,-0.0454684,m2
19888645,0.00035,-0.0178233,-0.0138308,m2
19754325,0.0282,0.0067894,0.0210935,m2
19892937,5.0e-05,0.00864589,0.0353289,m2
19891782,0.00025,-0.050374,-0.0286762,m2
19774232,0.01175,0.00806903,-0.0315234,m2
19886044,0.0002,-0.0367685,-0.0227704,m2
18881174,0.031,-0.0105545,-0.00475242,m2
19872843,0.0073,-0.0254048,-0.0208034,m2
19819142,0.0017,-0.0301123,0.0145079,m2
19892936,5.0e-05,-0.0269045,-0.0284038,m2
19892935,5.0e-05,-0.0742942,-0.0718003,m2
19877544,0.0028,-0.000287529,-0.00254872,m2
19881551,0.00025,-0.00439386,-0.0128451,m2
19146090,0.11355,0.0211913,-0.0112174,m2
16443161,0.65995,0.0094119,0.0109139,m2
19081463,0.08385,0.00940386,-0.00602731,m2
19891206,0.0001,-0.025357,-0.0316516,m2
19870394,0.002,-0.00403755,-0.0382364,m2
19887022,0.00075,-0.0402304,-0.043835,m2
19892934,5.0e-05,0.0307628,0.0546008,m2
18909457,0.0597,0.0155959,0.0264488,m2
19806304,0.00295,0.0434279,0.0274476,m2
19873043,0.00325,-0.0278233,-0.000638169,m2
19882925,0.0019,-0.0773146,-0.068414,m2
19132319,0.0839,-0.0145492,-0.0113485,m2
19890021,0.00115,0.0915891,0.119266,m2
19730690,0.0103,0.0776412,0.0379035,m2
19889030,0.00015,0.00699809,0.0316923,m2
18228168,0.0135,0.0228408,0.0130041,m2
19892566,0.0001,-0.098154,-0.0845675,m2
14047860,0.88745,0.00498533,-0.00333415,m2
19890612,0.00015,-0.0362078,-0.022061,m2
19885245,0.0006,-0.0352421,-0.0146512,m2
19892933,5.0e-05,0.00255448,-0.039487,m2
19882545,0.0001,-0.0464388,-0.0465108,m2
19831295,0.0147,-0.0198639,-0.00791442,m2
19725106,0.0038,0.0388766,0.0407456,m2
19892753,0.0001,-0.00556542,-0.0255804,m2
19878319,0.00275,0.0983658,0.131669,m2
19891007,0.00025,0.0430769,0.0647095,m2
16637071,0.72635,-0.0113246,-0.00584502,m2
19892187,0.0002,0.0152554,0.0346,m2
19773627,0.02175,0.00165272,0.0188793,m2
19890828,0.00025,0.0072839,0.0213727,m2
19892932,5.0e-05,-0.0956652,-0.0926038,m2
19667051,0.02065,0.0496993,0.0312381,m2
19424572,0.0561,-0.0157764,-0.0185637,m2
19860159,0.0054,-0.0213009,-0.0285311,m2
14406971,0.3266,0.003887,0.0319927,m2
18793642,0.19665,0.0235672,0.00667845,m2
8468469,1.0,-0.00866191,-0.00854368,m2
17297173,0.0955,0.00383478,0.00478924,m2
19775003,0.0164,-0.000128012,0.0229937,m2
19268468,0.11595,-0.00142076,0.0137469,m2
19890262,0.00015,-0.0361098,-0.00808949,m2
4987825,1.0,0.00927304,0.0162328,m2
19867796,0.00845,0.0473503,-0.00339819,m2
980684,1.0,-0.00158574,0.00523469,m2
19892360,0.00025,0.0507287,0.0499256,m2
19887019,0.0002,-0.00038223,0.0332929,m2
18755114,0.0357,0.0225298,0.000418499,m2
19859363,0.00155,-0.0406238,-0.0150594,m2
19739163,0.02255,-0.0138447,-0.00162258,m2
19846560,0.00645,0.00164012,0.0339234,m2
18487856,0.0171,0.0246693,0.0487378,m2
19889624,0.00015,-0.0600815,-0.049238,m2
19850782,0.01385,0.0428648,0.0228696,m2
19866046,0.00025,0.0152935,0.011408,m2
19429752,0.0429,0.0213769,0.0250587,m2
19889810,0.0001,0.0485128,0.0414733,m2
19892931,5.0e-05,0.0674192,0.0348597,m2
19884046,5.0e-05,-0.00317653,-0.00776499,m2
19882543,0.0002,0.00910628,-0.0203184,m2
3176563,1.0,-0.0103502,-0.00558197,m2
14785085,0.8104,0.00865225,-0.0103171,m2
1258905,1.0,-0.00140826,-0.00418997,m2
19838957,0.00085,-0.0480352,-0.00317174,m2
19891004,0.0002,0.0129655,0.00289949,m2
19739360,0.04505,-0.0101845,0.0149328,m2
19892561,0.0001,0.0103705,0.0202931,m2
19848570,0.0011,-0.0258085,-0.00935247,m2
19748370,0.0374,-0.0256807,-0.0100445,m2
19892560,5.0e-05,0.0175224,0.00837831,m2
19876186,0.00055,-0.0178176,-0.015317,m2
19892182,0.00015,-0.0179356,-0.044234,m2
19615602,0.07735,0.00253129,0.0169408,m2
19881171,0.00025,0.00848333,0.00393085,m2
19892181,0.0002,-0.00603327,-0.0125919,m2
19888640,0.00045,-0.00267698,-0.000995108,m2
19892559,0.0002,0.0160935,-0.0331898,m2
19891977,0.00025,-0.004278,0.0175708,m2
19872838,0.0012,0.0338151,0.0322433,m2
19623986,0.0087,-0.00817426,-0.00258424,m2
19892179,0.0002,0.0630468,0.0409526,m2
19876019,0.0015,0.0473735,0.0345205,m2
19695896,0.00015,0.0386701,0.044523,m2
19892930,5.0e-05,0.0434675,0.0731378,m2
19892557,5.0e-05,-0.0417244,-0.0365769,m2
19888422,0.0012,0.0558582,0.0349615,m2
19814613,0.0209,0.00497035,0.0278354,m2
19848394,0.03515,0.0564339,0.0551254,m2
19890016,0.00035,0.00671757,0.0125419,m2
19892929,5.0e-05,0.0112736,-0.0244554,m2
19892928,5.0e-05,0.0747495,0.0602824,m2
19889224,0.0003,0.0445829,0.0468795,m2
19892556,5.0e-05,0.066152,0.0625205,m2
19891974,0.00075,-0.0153951,-0.0095626,m2
19890257,0.0001,-0.0485726,-0.0487392,m2
19889222,0.00045,0.0482673,0.0594877,m2
19892555,0.0001,0.0621765,0.0319422,m2
19892750,0.0002,-0.0205106,-0.0376135,m2
19884248,0.00035,0.0292241,0.0265251,m2
19892749,5.0e-05,0.0213728,0.0471354,m2
19881967,0.00105,0.0209215,0.0522137,m2
19797172,0.0004,-0.0222557,-0.009092,m2
19877750,0.0028,-0.00233593,-0.0150623,m2
19138313,0.02675,-0.0085502,0.000264482,m2
19891585,0.0006,-0.0466055,-0.0306544,m2
19892554,0.0001,0.00961999,0.0279574,m2
19887220,0.0007,0.0318765,0.0198587,m2
19428960,0.24995,-0.0495976,-0.0190692,m2
19890255,0.00035,0.0831001,0.0555281,m2
19892927,5.0e-05,0.0447972,0.0358837,m2
17232569,0.12265,0.0182117,0.0073269,m2
19892748,5.0e-05,-0.00900446,-0.00204617,m2
19877748,0.0004,-0.0510745,-0.0260969,m2
19884452,0.00185,0.0604581,0.0341908,m2
19876014,0.0028,0.0499294,0.025696,m2
19858611,0.00185,0.0915589,0.099248,m2
19849171,0.00485,0.0730295,0.0364256,m2
19828115,0.0073,-0.0513116,-0.0540809,m2
19576912,0.0015,-0.068207,-0.0577273,m2
19892926,5.0e-05,0.047667,0.0657319,m2
19848566,0.00235,0.0399636,0.0349427,m2
19880368,0.0015,-0.0604372,-0.0379268,m2
19886650,0.00075,-0.0441914,-0.0399102,m2
19197724,0.22985,-0.00921504,0.0102122,m2
19886649,0.0002,-0.00970559,0.0418904,m2
19881541,0.00385,0.0149909,0.0140415,m2
18150577,0.0618,0.000587446,-0.0187735,m2
19892354,0.0001,0.0149067,0.0052883,m2
19814610,0.0108,0.0427759,0.0502994,m2
19892551,0.0001,0.0233733,0.0219315,m2
19892550,5.0e-05,0.071778,0.0738375,m2
19877958,0.00045,0.0182362,-0.00224172,m2
19830484,0.01175,0.0145758,0.0308253,m2
19256856,0.00955,-0.0217228,-0.0284387,m2
19892925,5.0e-05,0.0532727,0.0324792,m2
19890998,0.0001,0.0672039,0.103776,m2
19889804,0.00025,0.0431455,0.0290639,m2
19892746,5.0e-05,0.0499444,0.0217629,m2
19892549,0.00025,-0.0498322,-0.0475917,m2
19892924,5.0e-05,0.0227861,0.0219282,m2
18736727,0.02195,-0.0124926,0.00078462,m2
19887625,0.0002,-0.0199635,0.00665609,m2
19877323,0.00325,0.10394,0.0875132,m2
19517302,0.03705,-0.0548098,-0.0358606,m2
19891971,5.0e-05,0.0784341,0.0556081,m2
19841560,0.00325,-0.0289932,-0.00607223,m2
19880954,0.00205,0.0570471,0.0295115,m2
19892547,0.00015,0.101511,0.0725766,m2
19673745,0.0291,-0.00809517,-0.0191264,m2
19883116,0.00045,-0.0920409,-0.12616,m2
19611032,0.01865,0.00141143,-0.00922118,m2
19890422,0.00035,0.0467623,0.0776235,m2
19879532,0.00105,-0.0240538,-0.0400947,m2
19882342,0.00165,-0.0486626,-0.0606051,m2
7738646,1.0,0.00722977,0.0238881,m2
19747573,0.0758,0.000140759,-0.00445637,m2
19891581,0.0001,-0.00755022,0.0043953,m2
11080421,1.0,-0.0100667,-0.00833935,m2
19868998,0.0099,0.0179433,0.000532739,m2
19887831,0.0007,-0.00194193,-0.00290994,m2
19718443,0.0047,0.0127906,-0.00497348,m2
14197979,1.0,-0.0137367,0.0262529,m2
19890252,0.0002,-0.0344073,-0.045576,m2
18573720,0.06745,-0.00230673,-0.0224897,m2
19892923,5.0e-05,0.000970015,0.0168389,m2
18742898,0.0369,0.00886517,0.0233843,m2
19866033,0.0018,-0.0703927,-0.0603292,m2
19714472,0.0443,0.00823354,0.00865148,m2
19892546,0.00015,0.129489,0.126589,m2
19882747,0.0037,0.0134575,-0.00394602,m2
19890421,0.0002,0.0507973,0.0635227,m2
19892745,5.0e-05,0.0557762,0.064264,m2
19718441,0.0036,-0.00454043,-0.000898799,m2
19891580,5.0e-05,0.00211735,0.0135224,m2
19890419,0.0001,0.0565446,0.0423798,m2
19744136,0.003,-0.0385527,-0.0396264,m2
19892744,0.0001,0.00325362,-0.00172891,m2
19382823,0.07025,0.00392624,0.0489304,m2
19553592,0.0013,-0.0355606,0.00343825,m2
19850172,0.0003,0.0539927,0.083622,m2
19866402,0.00335,-0.0251614,0.00902794,m2
19763529,0.00805,-0.00524724,0.0156685,m2
19890247,0.00035,-0.0595343,-0.0417721,m2
19892350,0.0001,-0.0488507,-0.0810798,m2
17540491,0.0685,-0.0233267,-0.00989022,m2
19891969,0.00015,0.0140952,-0.000109456,m2
19890246,0.00015,-0.011909,-0.0215681,m2
19846756,0.00335,-0.0840025,-0.101378,m2
13274037,0.07605,0.000163213,0.00858116,m2
19891396,0.0002,-0.022908,-0.0338063,m2
19688263,0.0026,-0.0868217,-0.057091,m2
19873030,0.00505,0.0108312,0.0311069,m2
19890995,0.0002,-0.0533891,-0.029669,m2
19891968,0.0001,-0.0575384,-0.0414108,m2
19886645,0.00105,0.0613797,0.029178,m2
19082593,0.12855,-0.0164228,-0.00247076,m2
19891579,0.0001,-0.0900525,-0.0988501,m2
19717842,0.00285,0.00630359,0.0203711,m2
19879970,0.00165,-0.11622,-0.0719952,m2
19892743,0.0001,-0.0160586,-0.0465343,m2
19892922,5.0e-05,-0.0787946,-0.0906063,m2
19881363,0.00505,0.0483509,0.0872691,m2
19886835,0.00085,-0.0341358,-0.019965,m2
19891578,5.0e-05,-0.0224676,-0.0388148,m2
19892921,5.0e-05,-0.0165783,-0.0194307,m2
19832910,0.0035,-0.0343544,-0.0200751,m2
19770951,0.01885,0.0417326,0.053017,m2
19889796,0.00015,-0.0827461,-0.0624702,m2
19872444,0.0022,-0.0533834,-0.0442836,m2
645449,1.0,0.0214215,-0.000410565,m2
19892742,0.0001,0.0210294,-0.0122915,m2
19890417,0.00015,-0.0673542,-0.0443936,m2
19891766,5.0e-05,-0.0344535,-0.0372115,m2
19850562,0.0002,-0.0505519,-0.0475247,m2
18388848,0.0843,-0.0273491,-0.0407137,m2
19684204,0.0061,-0.0323464,0.00913314,m2
19779610,0.00265,-0.0160506,-0.00407824,m2
19890992,5.0e-05,-0.00704633,0.00116789,m2
19812628,0.05825,-6.99631e-05,0.0227013,m2
19891965,0.00015,-0.0146911,-0.00287384,m2
19885837,0.0019,0.072816,0.0837689,m2
19873391,0.0005,-0.000238526,0.0409368,m2
19149852,0.06575,0.0562284,-0.00394428,m2
19850954,0.01545,0.0371325,0.0144147,m2
3847375,1.0,-0.0105758,-0.0266357,m2
8959989,0.74965,0.00478001,0.0030005,m2
19837263,0.0127,0.016973,0.0248116,m2
19887618,0.00015,-0.023939,0.0163413,m2
19892347,5.0e-05,0.0382606,0.0549624,m2
19670363,0.0693,0.0486145,0.018439,m2
19885436,0.0004,0.05841,0.0486902,m2
16725868,0.0952,-0.00597208,0.0394376,m2
19891193,5.0e-05,0.030329,0.0287494,m2
19682272,0.0136,-0.00115397,0.0177318,m2
19828908,0.00125,-0.0184097,0.0127321,m2
19756143,0.04655,0.0267514,0.0267281,m2
19844626,0.0093,-0.0419675,-0.0227042,m2
19539037,0.0275,0.0362358,0.0283024,m2
19892741,5.0e-05,-0.03924,-0.0140359,m2
19888411,0.0004,0.0835873,0.0418813,m2
14640272,0.167,0.0235864,0.00428391,m2
19648197,0.10955,-0.0183635,0.0159733,m2
7410741,1.0,0.0222274,-0.000348423,m2
19891575,0.0004,-0.0489814,-0.036686,m2
19709282,0.00875,0.0297586,0.0258461,m2
19866788,0.0033,0.0334423,0.0171728,m2
19892920,5.0e-05,0.0532625,0.0231371,m2
8079507,0.27215,0.00360617,-0.00605684,m2
19892919,5.0e-05,-0.0132437,-0.0306704,m2
18707521,0.01415,-0.000656194,-0.0152351,m2
19889431,0.00045,0.0202669,-0.00029965,m2
19887410,0.00055,-0.027827,-0.0185739,m2
19883840,0.0004,0.0226001,0.00237165,m2
19828719,0.00585,0.045966,0.028554,m2
18527386,0.05,0.0176475,0.00921002,m2
19892740,0.0001,-0.0856543,-0.125058,m2
19854816,0.0098,0.0455456,0.0259648,m2
19790962,0.0058,0.0494408,0.0758588,m2
19886032,0.00085,0.0636566,0.0500779,m2
19892540,0.0001,-0.0161551,-0.0404421,m2
19888198,0.0004,-0.0182688,-0.00650771,m2
19530977,0.02165,-0.03201,-0.032971,m2
19738532,0.0009,-0.0755085,-0.0710375,m2
19877946,0.00015,-0.0270047,-0.0284098,m2
19889430,0.001,0.0719191,0.0863437,m2
19849159,0.00315,-0.0338404,-0.0336492,m2
19892172,0.0002,-0.036286,0.0102508,m2
19892539,5.0e-05,0.00023047,0.00327945,m2
19892918,5.0e-05,-0.0312484,-0.0216029,m2
19885036,0.00125,-0.0279613,0.0309345,m2
19892344,5.0e-05,-0.0428118,-0.0104391,m2
19891963,0.0001,0.109881,0.127931,m2
19892917,5.0e-05,0.0878007,0.0565271,m2
19892538,5.0e-05,0.0114442,0.0010672,m2
19847572,0.0022,-0.036291,-0.0264484,m2
19857993,0.00465,0.0835407,0.0763111,m2
19751969,0.01455,-0.000200586,-0.0138959,m2
19892537,5.0e-05,0.0483731,0.0451953,m2
965288,1.0,0.00573918,-0.0016403,m2
19868389,0.00365,0.0116212,-0.0250188,m2
19251964,0.07805,-0.0161659,-0.00125991,m2
19087321,0.0869,-0.00151483,0.0152311,m2
19890237,0.0008,0.0297939,0.0502197,m2
19869799,0.0032,-0.0264296,-0.0555152,m2
19859756,0.00845,0.0297267,0.0241042,m2
19885631,0.00065,-0.0863458,-0.109691,m2
19857023,0.0108,0.00862676,0.0218804,m2
19892916,5.0e-05,-0.0707094,-0.0535171,m2
19885231,0.0001,0.0315355,0.0685078,m2
19861367,0.0069,-0.0409016,-0.0428122,m2
13528769,0.05915,0.00606011,-0.0245267,m2
19880773,0.0041,-0.0299911,-0.0297124,m2
19885630,0.0005,-0.0123875,0.000863667,m2
19892342,0.0001,-0.0326913,-0.0280639,m2
19892341,5.0e-05,-0.0405303,-0.0454551,m2
17515203,0.17365,-0.0134952,-0.0158202,m2
19417589,0.00375,-0.032462,-0.0330736,m2
6517951,0.21515,-0.00883478,0.00409004,m2
19882521,0.0001,0.00105677,0.0476051,m2
19892170,0.00015,-0.0506096,-0.00645603,m2
19892340,5.0e-05,0.067334,0.078952,m2
19890234,0.00035,0.0191543,0.0310233,m2
19865059,0.01395,-0.0470992,-0.0497969,m2
19882333,0.0003,-0.00750391,0.000141371,m2
19892915,5.0e-05,0.0572325,0.0643229,m2
19778215,0.00305,-0.00137275,-0.0111989,m2
19886029,0.0001,-0.00399848,-0.00799056,m2
19890412,5.0e-05,0.0543185,0.0801388,m2
19834714,0.0008,-0.0433503,-0.0211345,m2
2136771,1.0,-0.00248875,0.00188421,m2
19883636,0.0027,-0.0943367,-0.0822533,m2
19848157,0.0045,-0.0127933,-0.0131413,m2
19889213,0.0006,-0.0204266,0.0030075,m2
11330767,0.92785,0.00840778,-0.0020371,m2
6891253,1.0,-0.014715,-0.0124519,m2
19886235,0.0004,-0.0982832,-0.121572,m2
19808224,0.0002,-0.0174049,-0.0445793,m2
19856626,0.00675,0.0151046,0.0327862,m2
19869977,0.00415,0.0409622,0.0666662,m2
19878299,0.0001,-0.0158066,-0.0385854,m2
19892738,5.0e-05,-0.0650136,-0.0796192,m2
19888409,0.00115,-0.013948,-0.0171536,m2
19759592,0.02495,0.0242331,-0.0135585,m2
19735803,0.02625,-0.0115381,-0.0232805,m2
19822068,0.0263,-0.0238179,0.0136306,m2
19882737,0.0008,0.0732158,0.0457681,m2
19871214,0.0007,-0.0883695,-0.089006,m2
19892534,0.00015,-0.0755749,-0.0591114,m2
19867779,0.0044,-0.0179062,-0.0536606,m2
19867778,0.00035,-0.0649514,-0.0546762,m2
19892168,5.0e-05,0.112865,0.0928631,m2
19462495,0.0621,-0.0182661,0.00289572,m2
19890811,0.0001,0.00777755,-0.018946,m2
19892533,0.00015,-0.0495463,-0.0304301,m2
19845370,0.0081,-0.0473599,-0.0202927,m2
19891382,0.0003,-0.057703,-0.0440178,m2
19851729,0.0041,0.0150101,-0.0164059,m2
19690445,0.0885,0.0359583,0.040297,m2
19892914,5.0e-05,0.00149752,-0.00517007,m2
19739148,0.0021,-0.0409073,-0.0254513,m2
13583593,0.19895,-0.00549901,-0.00714479,m2
19890590,0.0007,0.000440329,0.0125623,m2
18906712,0.00465,-0.0345327,-0.00825602,m2
18859521,0.01775,0.0343189,0.0236787,m2
19836473,0.0008,0.0519993,0.0447209,m2
17810077,0.16085,-0.0214603,0.00855576,m2
19889788,0.00015,0.0671473,0.0380708,m2
19891569,0.00025,0.0158239,0.0111969,m2
19877940,0.0016,0.00520145,-0.0361978,m2
19891959,5.0e-05,-0.00156015,-0.00977313,m2
19886233,5.0e-05,-0.0165286,-0.0245539,m2
19842865,0.0005,0.0468347,0.0279924,m2
19887817,0.0006,0.0127102,-0.00767212,m2
19885625,0.0006,-0.0292491,-0.020824,m2
19889786,0.00065,0.0384191,0.0394297,m2
19892736,5.0e-05,-0.0532874,-0.0738356,m2
19848951,0.0002,0.0361919,0.0219026,m2
19892735,5.0e-05,-0.0734279,-0.0692097,m2
19884633,0.00135,0.0547444,0.0686448,m2
19892913,5.0e-05,-0.0585733,-0.0435034,m2
19892912,5.0e-05,-0.0328337,-0.029285,m2
19887401,0.0005,0.0158181,0.0662668,m2
19841547,0.0031,0.0337951,-0.00451469,m2
19338341,0.07965,-0.0124689,-0.0205957,m2
19379252,0.16755,0.00159095,-0.0222589,m2
19891957,0.00015,-0.0598562,-0.0753537,m2
19718021,0.00065,-0.0535658,-0.0955003,m2
19892529,5.0e-05,0.0843376,0.0626401,m2
19889005,0.0002,-0.0414606,-0.0357433,m2
19879734,0.00575,-0.0667444,-0.104724,m2
19759376,0.0214,0.0213497,0.0129302,m2
19886022,0.00065,0.0394273,-0.00691936,m2
19343555,0.0122,-0.0281782,0.0153841,m2
19891565,0.0003,-0.0118913,-0.0371955,m2
19881145,0.0006,0.0493816,0.0547807,m2
19892163,5.0e-05,-0.0653877,-0.0172385,m2
11517436,1.0,0.0171065,0.00410844,m2
19883455,5.0e-05,-0.0629252,-0.0449885,m2
19875775,0.0056,-0.00442607,-0.00838788,m2
19811015,0.0074,-0.00189664,-0.0018891,m2
19892911,5.0e-05,-0.0426884,-0.0265749,m2
19886231,0.0005,0.0116896,0.020653,m2
19889425,0.00045,0.033145,0.0405999,m2
19710847,0.00195,-0.0438498,-0.0333852,m2
18113033,0.53795,0.0161895,-0.0122843,m2
8276333,1.0,0.00491211,0.000295485,m2
19888188,0.00115,0.0395187,0.0551649,m2
19750428,0.0081,-0.100044,-0.0432752,m2
19866579,0.0002,0.0529668,0.0214734,m2
19891378,0.00015,-0.0611996,-0.0517633,m2
19875577,0.00065,-0.0598652,-0.0471779,m2
19863284,0.002,0.0584934,0.0344623,m2
19889604,0.00015,0.00200632,0.00330596,m2
19882516,0.0009,0.0540655,0.0396012,m2
19881143,0.0008,0.0181346,0.0103289,m2
19515509,0.0139,0.0383501,0.0382129,m2
484325,1.0,-0.0123471,-0.000876713,m2
19890981,0.00025,-0.106057,-0.12371,m2
19892161,5.0e-05,0.0127418,-0.0182134,m2
18640904,0.06785,0.00642402,0.00906855,m2
19822063,0.01395,0.010225,0.0158944,m2
19875149,0.0035,0.00473217,-0.013066,m2
19889206,0.0006,0.0247095,0.063897,m2
19892527,0.00025,-0.0224047,-0.0509307,m2
19892910,5.0e-05,-0.00854681,-0.0189342,m2
19879957,0.0016,-0.0378458,-0.0173998,m2
11721903,1.0,0.000260445,0.0139947,m2
19890802,0.00015,0.122478,0.132338,m2
19855578,0.0034,0.0394562,0.0707888,m2
19892526,5.0e-05,0.121865,0.121897,m2
19888185,0.00035,-0.0331639,0.00769639,m2
19177853,0.03205,0.0428441,0.0207129,m2
19883831,0.0015,-0.0139171,0.00572356,m2
19860961,0.0002,0.0600335,0.082782,m2
19892909,5.0e-05,0.0025605,-0.0201481,m2
19888820,0.00065,0.00541322,0.034592,m2
19892732,0.0001,-0.00484015,-0.0286326,m2
19892908,5.0e-05,0.0125957,-0.0382983,m2
19577702,0.0126,0.0183929,0.0544705,m2
19892525,0.0001,3.67198e-05,0.0110291,m2
19565697,0.01665,0.0528404,0.0576742,m2
19883830,5.0e-05,0.0765142,0.095436,m2
19776564,0.0001,-0.0662936,-0.061622,m2
19828709,0.0047,0.0253995,0.0257102,m2
19325829,0.0477,-0.0152784,-0.0345299,m2
19892158,0.0001,0.0548588,0.051626,m2
19565310,0.0073,-0.037739,-0.064724,m2
19885424,0.0033,0.000915253,0.0327789,m2
19892524,0.0001,0.00215289,0.0015729,m2
19892907,5.0e-05,0.0330144,0.0202419,m2
19054828,0.10365,0.0142705,0.0200169,m2
19890800,0.00075,0.0407456,0.0336167,m2
19890581,0.00035,0.0144373,0.0110339,m2
18590549,0.0183,0.0137894,0.0216965,m2
19845171,0.0021,0.0382254,0.00467016,m2
19890580,0.0003,-0.00424011,-0.00339831,m2
19851520,0.0024,0.0601557,0.0637795,m2
19892523,5.0e-05,-0.0176906,-0.0373151,m2
19890579,0.00025,-0.0168641,-0.0463524,m2
19892906,5.0e-05,-0.0540998,-0.045303,m2
408902,1.0,-0.00576934,0.0155494,m2
19839112,0.0404,0.0420787,0.0364508,m2
19711046,0.02975,0.0263246,-0.0022609,m2
19879729,0.00085,0.0955869,0.0864645,m2
19892905,5.0e-05,-0.075946,-0.0756486,m2
19892729,0.00015,0.0273369,0.0270155,m2
19590505,0.0032,0.0121422,0.0448375,m2
19878500,0.00095,0.110528,0.0942626,m2
19779352,0.00515,-0.047079,-0.051825,m2
18597367,0.1245,0.0109783,-0.0163359,m2
19854970,0.0073,0.048259,-0.00617723,m2
19879952,0.00035,-0.0893607,-0.0748086,m2
19863281,0.0013,-0.0342589,-0.0544361,m2
18814380,0.04635,-0.0248045,-0.0242611,m2
17450839,0.13305,-0.0106082,0.0268912,m2
16742294,0.37395,-0.00322447,0.0185578,m2
19884226,0.00425,-0.0635702,-0.0680467,m2
17969341,0.2359,0.0127296,0.00353599,m2
19880754,0.00115,-0.0276925,-0.041497,m2
19892904,5.0e-05,-0.0341711,-0.0485396,m2
19857577,0.00075,0.0310367,0.0242412,m2
19866192,0.0124,0.00706339,-0.0195622,m2
19890576,0.0006,0.0258794,0.038505,m2
19863279,0.00215,0.00407118,-0.0206273,m2
19892152,0.00025,-0.0670629,-0.0470146,m2
19878498,0.0007,-0.0127973,-0.0204916,m2
19792723,0.0002,0.00560152,0.0129732,m2
18509618,0.1875,0.00725085,0.00371465,m2
19883449,0.0019,0.0756409,0.0920665,m2
19823474,0.00475,-0.0718347,-0.0359056,m2
19802649,0.0368,-0.00849396,-0.0291871,m2
19785606,0.02485,-0.0104848,0.00321531,m2
19892728,0.0001,-0.114924,-0.091965,m2
19892903,5.0e-05,-0.00921752,-0.0201026,m2
14228516,0.87375,-0.0037978,-0.00702924,m2
19892327,0.0002,0.0786505,0.0526506,m2
15864347,0.1879,-0.0254812,-0.0365763,m2
19892151,0.00015,0.0419081,-0.00705302,m2
19891757,0.0003,0.0504606,0.0298201,m2
19889416,0.0008,-0.00078775,0.0113202,m2
14148754,0.87565,0.000172983,0.00568972,m2
19846970,0.00305,0.00548107,0.00677593,m2
19887002,0.0005,-0.0235135,-0.0101952,m2
19440256,0.03865,-0.0125066,-0.00962882,m2
19840113,0.01015,0.00333122,0.0519548,m2
19884223,0.0009,0.0743721,0.081836,m2
19889415,0.00035,0.0126964,0.0256821,m2
19720163,0.0246,0.0364967,0.0384594,m2
19891371,0.0004,0.0235404,0.00393341,m2
19890575,0.00085,-0.0394135,-0.0676275,m2
19849553,0.0066,-0.00165968,-0.00397063,m2
19892902,5.0e-05,0.0144124,0.0224435,m2
19836100,0.0041,0.0229241,0.0571123,m2
19870360,0.00185,0.0634115,0.0285907,m2
19884221,0.00065,0.0775621,0.07467,m2
19891946,0.00015,-0.0546418,-0.0379278,m2
19890797,0.0001,0.0148112,0.00443057,m2
19892901,5.0e-05,0.0373417,0.0550681,m2
19765913,0.0413,0.0386996,0.0335853,m2
19883086,0.00245,-0.0551506,-0.0553239,m2
19891370,0.00045,0.044453,0.0467959,m2
19892149,0.00045,-0.0129311,-0.0482371,m2
19628936,0.0088,-0.0419221,-0.0455792,m2
19891755,0.00055,-0.019085,-0.00752058,m2
19783010,0.0066,0.0103201,-0.023066,m2
19888619,0.001,-0.0395114,-0.0516555,m2
19875985,0.00035,0.0530965,0.056824,m2
19883266,0.00015,-0.0217314,-0.0374905,m2
19889414,0.0004,-0.0227268,0.0165429,m2
19841102,0.00745,-0.0241527,-0.0354418,m2
19891754,5.0e-05,-0.00757716,0.02336,m2
16476165,0.9767,0.000558988,0.0207941,m2
19889201,0.00035,-0.00443446,-0.0048382,m2
19860949,0.00605,0.0248519,0.0307086,m2
19884800,0.00025,0.0167998,-0.0221418,m2
19803437,0.0052,-0.112483,-0.0794384,m2
19892726,5.0e-05,0.109988,0.100454,m2
12836244,0.4468,0.00864963,0.00459093,m2
19882508,0.00245,0.0226848,0.0110515,m2
19892900,5.0e-05,-0.00017465,-0.0206945,m2
19853549,0.00705,0.00890149,-0.00438496,m2
19858771,0.00565,0.0272695,0.042711,m2
19613981,0.0609,0.00512847,-0.0264863,m2
19782782,0.0006,0.0438718,0.0470963,m2
19891753,0.00035,0.047406,0.0403694,m2
19864085,0.00215,0.0617622,0.0838449,m2
19107590,0.02225,0.0331621,0.0462918,m2
19890573,0.00065,0.0375162,0.0324721,m2
19892325,5.0e-05,-0.0994574,-0.0529877,m2
19730860,0.00375,-0.0326769,-0.0466763,m2
19887806,0.00035,0.00694479,-0.0292543,m2
13142480,1.0,0.00611439,-0.029237,m2
19667415,0.03455,0.0435732,0.0394862,m2
19582670,0.01085,0.0788523,0.0707479,m2
19889596,0.0003,0.0545726,0.032873,m2
19892899,5.0e-05,-0.0496099,-0.0531636,m2
19891942,5.0e-05,-0.0131204,-0.00383957,m2
19892146,5.0e-05,0.0245222,0.0151639,m2
19892725,5.0e-05,-0.0176762,-0.0256119,m2
19883084,0.00015,-0.0231189,-0.0108839,m2
19889984,0.0006,0.063222,0.040892,m2
19785425,0.0006,0.0135181,0.00608698,m2
19889196,0.00055,-0.0246869,-0.000537833,m2
19892144,0.0001,0.0362927,0.00862153,m2
19892724,5.0e-05,-0.000458426,0.0141979,m2
19872027,0.00275,0.0421552,0.0376942,m2
19892898,5.0e-05,-0.0443285,-0.0194631,m2
19881340,0.00025,-0.00216447,-0.00803281,m2
19891747,0.0001,-0.0316151,-0.0502895,m2
19892897,5.0e-05,-0.0175609,0.00907283,m2
19765529,0.013,-0.0290559,-0.036875,m2
19892722,0.0001,-0.0892473,-0.10809,m2
208188,1.0,-0.00353875,0.0154499,m2
19892896,5.0e-05,-0.0654874,-0.0820228,m2
19892721,5.0e-05,-0.0114326,0.0517647,m2
19887197,5.0e-05,-0.0992332,-0.0882265,m2
19891173,5.0e-05,-0.0652223,-0.0245378,m2
16184526,0.66075,-0.012512,0.0121562,m2
19619973,0.01005,0.0154702,0.0298324,m2
19013285,0.02025,0.000616116,-0.00387085,m2
19892895,5.0e-05,-0.0283823,-0.0320003,m2
17402664,0.1853,0.00606107,0.0200511,m2
19887803,0.00185,0.0107866,-0.0220318,m2
19892516,0.0001,0.0681355,0.0291258,m2
19888385,0.0009,-0.0106531,-0.0234971,m2
19853371,0.00315,-0.0797371,-0.0726537,m2
19892320,0.0001,-0.00128156,0.018908,m2
19891940,0.0001,0.0631429,0.0813276,m2
19884793,0.0008,0.0157325,0.0174117,m2
19861139,0.00555,-0.074263,-0.0438211,m2
19892515,5.0e-05,-0.0254125,-0.00250138,m2
19888808,0.00045,0.0338921,0.021695,m2
19870158,0.00065,-0.0445068,-0.0348756,m2
19853979,0.00295,0.0232565,0.0365352,m2
19890570,0.0003,0.0896711,0.0956161,m2
19892140,0.00045,-0.0028244,-0.0096815,m2
19892319,0.00015,-0.0838323,-0.0920031,m2
19880331,0.00095,0.0237186,0.00741506,m2
19892139,0.0001,-0.0221641,0.0244577,m2
19885809,0.00025,0.00809905,-0.00480341,m2
19878701,0.00075,0.0233297,0.0380785,m2
19888986,0.0002,-0.0637072,-0.0751434,m2
19891938,5.0e-05,0.0355967,0.034803,m2
19839899,0.0012,-0.0513183,-0.0328932,m2
19741481,0.0171,0.0101082,0.00919774,m2
19891742,0.0012,-0.0468567,-0.0594827,m2
19887195,0.00305,-0.034943,-0.0072237,m2
19790757,0.03055,0.0425265,0.0420259,m2
19455437,0.10735,0.00208308,-0.00640414,m2
19873949,0.00255,-0.00775763,0.0215928,m2
19886997,0.00145,0.0363793,0.0170707,m2
19891937,0.00025,-0.092274,-0.0941461,m2
19869566,0.00205,-0.004018,-0.0154857,m2
19892894,5.0e-05,0.075382,0.0324587,m2
19837232,0.0018,-0.0362428,-0.020268,m2
19889590,0.00025,0.00769564,0.0198351,m2
19876723,0.00155,-0.0358058,-0.0568462,m2
15258754,0.72615,-0.0200168,-0.0104236,m2
18547862,0.0458,0.00902477,-0.0156448,m2
19883260,0.00075,0.0205015,-0.0206391,m2
17854340,0.66285,-0.0132941,-0.00218503,m2
19262206,0.0302,0.0239874,0.0329714,m2
19202214,0.1167,0.0095916,-0.00609064,m2
19782151,0.0032,0.0258893,0.0281142,m2
19892719,5.0e-05,-0.0590983,-0.0449192,m2
19887193,0.00055,0.0761141,0.0838606,m2
19837231,0.0006,0.0416142,0.0346407,m2
19887593,0.0002,-0.0559268,-0.047622,m2
19868769,0.0038,-0.0340656,-0.0119522,m2
19882119,0.0008,-0.0113287,-0.00844047,m2
19886810,0.0002,0.0468963,0.0557759,m2
19724882,0.0015,-0.00378008,-0.0211314,m2
19880329,5.0e-05,0.0242825,0.018368,m2
19892318,0.0001,-0.0293796,-0.0495183,m2
19892893,5.0e-05,0.087596,0.0977674,m2
19892135,0.0001,-0.0955384,-0.07943,m2
19890214,0.0004,0.0900483,0.0990221,m2
19892514,0.0001,0.054608,0.0165267,m2
18844184,0.01765,-0.0170293,-0.041251,m2
19229647,0.01495,-0.0283404,-0.0678351,m2
5114722,1.0,-0.00256319,0.0270595,m2
19888613,5.0e-05,-0.0458972,-0.0790237,m2
19892718,5.0e-05,-0.0672824,-0.0657055,m2
19879280,0.00195,-0.00302394,-0.0221252,m2
19891167,0.0003,0.0760934,0.0816315,m2
19872594,0.00075,0.0399036,0.0223465,m2
19857190,0.00755,0.0752436,0.11304,m2
19892317,0.0002,-0.0342362,-0.00826635,m2
19892717,5.0e-05,-0.0134595,0.0188645,m2
19882497,0.00085,0.0656375,0.015717,m2
2977724,1.0,-0.00292105,0.00672897,m2
19890212,0.00045,-0.00736558,-0.0101797,m2
19861349,0.0006,-0.0374386,-0.053703,m2
19786560,0.00915,0.0372119,0.0215136,m2
19891933,0.00025,-0.0152211,-0.00454636,m2
19669812,0.0326,0.00666621,0.00264438,m2
19891550,0.00015,-0.00809616,0.00562889,m2
19888981,0.00045,-0.00291187,-0.0203968,m2
18379857,0.0115,-0.0130513,0.0143176,m2
19892133,0.00025,-0.0493253,0.00480132,m2
19888161,0.00105,-0.0607348,-0.0656028,m2
18855403,0.0618,-0.0235546,-0.0151252,m2
19888160,0.00115,0.0455189,0.0627301,m2
19891932,0.0001,-0.0282042,-0.0256506,m2
19891358,0.0003,0.0105993,0.0403981,m2
19892132,0.00015,0.0190105,-0.00833784,m2
19855141,0.0038,-0.0504416,-0.0494754,m2
19891357,0.0001,0.0325171,0.0128604,m2
19892716,5.0e-05,-0.0789255,-0.0652711,m2
19878696,0.00085,-0.00566117,-0.0402447,m2
19891547,0.0004,0.145145,0.141787,m2
19165573,0.05395,-0.0171171,0.0181539,m2
19892892,5.0e-05,0.128858,0.115447,m2
19880741,0.0027,-0.0457812,-0.0491956,m2
19881931,0.0035,-0.0203164,-0.0379946,m2
19891929,0.0001,-0.0492679,-0.0592365,m2
19855952,5.0e-05,0.0559433,0.0408806,m2
19892314,0.00015,0.038982,0.0658807,m2
19891927,0.00015,0.0277386,0.0266124,m2
19871392,0.00045,0.0238271,0.0282886,m2
19861345,0.00285,-0.0673648,-0.0545374,m2
19806430,0.00925,0.00905496,-0.00236868,m2
11894116,1.0,-0.000223666,0.0062054,m2
19878270,0.00085,0.0876077,0.0641627,m2
19887385,0.00045,0.0131684,0.0581081,m2
19842844,0.0002,-0.0361352,-0.0420324,m2
5454357,1.0,0.00840401,0.0165662,m2
19426935,0.15965,-0.00852201,-0.0247362,m2
19887190,0.00105,0.00180614,0.0287949,m2
19885996,0.0007,0.0861419,0.0629732,m2
19892715,0.0001,-0.00075745,0.0108442,m2
19791542,0.0168,0.0147347,0.00729523,m2
19792300,0.013,-0.00363371,0.00178291,m2
19885802,0.0014,0.0395084,0.0190391,m2
19889769,0.00095,0.041266,0.0134803,m2
19861128,5.0e-05,0.067937,0.0328781,m2
19889974,5.0e-05,0.0158741,0.0354237,m2
19877114,0.00555,-0.019903,-0.0590645,m2
19885008,0.0005,-0.0200737,-0.0129086,m2
19891736,0.0002,-0.0100917,0.00528902,m2
19721764,0.0162,0.0125854,-0.0158831,m2
18937480,0.11375,-0.0018804,-0.000416225,m2
19848742,0.00245,0.0193466,0.0288145,m2
19882493,0.00025,0.0628421,0.070197,m2
19870338,0.0018,-0.0180127,-0.0235874,m2
19892510,0.0001,-0.0283027,-0.0361774,m2
19890783,0.0003,-0.0298002,-0.0712184,m2
19868578,0.00215,0.0135724,0.0057559,m2
19890560,0.0002,0.0138665,0.041586,m2
8000325,1.0,-0.00197456,-0.00250573,m2
19887382,0.0012,-0.0479722,-0.0187807,m2
19814177,0.0347,-0.0345655,-0.0573468,m2
19891926,0.00015,0.0149887,0.0159143,m2
19881323,0.00225,0.027378,-0.00491935,m2
19891735,5.0e-05,-0.0691376,-0.0424259,m2
19725056,0.02945,0.003794,0.0258717,m2
19548587,0.02105,-0.0556876,-0.0438363,m2
19727399,0.0132,0.0654922,0.0672672,m2
19892891,5.0e-05,0.0829638,0.0734885,m2
19184159,0.02865,0.000743453,0.0320026,m2
19891159,0.00015,-0.0605222,-0.0290169,m2
19007492,0.03775,-0.0143646,-0.00704788,m2
19892890,5.0e-05,-0.0822884,-0.100008,m2
19886612,0.00025,0.0216731,0.0122899,m2
19768378,0.01505,0.0485357,0.00587589,m2
19883801,0.00125,-0.0114635,0.00132935,m2
19857554,0.00645,-0.0282405,-0.0238155,m2
19723106,0.00115,-0.0322173,-0.0165226,m2
1978217,1.0,-0.0104319,-0.00465378,m2
10420304,1.0,-0.00543086,0.0117793,m2
19868577,0.00055,0.0111976,8.94448e-05,m2
19888796,0.0017,-0.0356037,-0.0863548,m2
19684368,0.0503,-0.0180607,-0.012633,m2
18809677,0.0197,0.0336415,0.0362758,m2
19706831,0.03115,-0.0165502,-0.0288709,m2
19882107,0.00195,0.0251026,0.00741486,m2
3792032,1.0,0.0073122,0.00880055,m2
18649936,0.01485,0.0246559,-0.00674474,m2
11767690,1.0,0.00394657,-0.0109983,m2
3577563,1.0,-0.0132368,-0.0077195,m2
19892714,0.0001,-0.0253586,-0.00996021,m2
19892889,5.0e-05,-0.0459269,-0.0397171,m2
19892508,0.00025,-0.00162673,0.0338915,m2
19710240,0.05185,-0.00446698,0.0260269,m2
19818685,0.00295,-0.00857088,0.00848652,m2
19891352,0.0001,0.0672037,0.080299,m2
19885800,0.00195,0.0482403,0.0236748,m2
19887187,0.00205,0.0200741,0.00231194,m2
19892713,5.0e-05,-0.0200723,-0.0128541,m2
19865419,0.00255,0.0479239,0.0127691,m2
19825640,0.0015,-0.00634253,-0.0389725,m2
19881115,0.00075,-0.0230316,-0.0202628,m2
19890558,5.0e-05,-0.00641755,-0.0317859,m2
19887987,0.001,0.0172856,0.00227257,m2
19866159,0.005,-0.0557944,-0.0344571,m2
19890557,0.00015,0.0376398,0.0180793,m2
19868141,0.0055,-0.0838977,-0.0489305,m2
19863067,0.00655,0.0757915,0.0740872,m2
19823077,0.00275,-0.00424791,0.052929,m2
19854577,0.0018,0.0477762,0.020933,m2
19891543,0.0003,-0.0598599,-0.0825361,m2
19450310,0.07595,0.0227114,0.0133385,m2
18887115,0.0134,-0.000648252,-0.0330385,m2
19632329,0.0442,0.0159631,0.0460426,m2
19892507,5.0e-05,0.0169913,0.00729348,m2
19892888,5.0e-05,-0.0472427,-0.0603718,m2
19891925,0.0001,0.00802815,0.00648028,m2
19890386,0.00055,-0.0068374,-0.0445269,m2
19892308,0.00025,0.0190208,0.0197581,m2
19882490,5.0e-05,0.0199115,0.0451288,m2
19891541,0.0003,0.0709684,0.0789475,m2
19890385,0.0001,-0.0399261,-0.0458869,m2
19787511,0.0021,-0.0429981,-0.0340265,m2
19884001,5.0e-05,0.0128294,0.0148877,m2
19882100,0.0007,-0.0429595,-0.00329782,m2
19892129,0.0002,0.0630032,0.0921098,m2
19216402,0.08025,0.0135067,0.0186181,m2
19866362,0.0011,-0.0599369,-0.0780042,m2
19888605,0.0009,-0.0408611,-0.0419032,m2
19892887,5.0e-05,0.0192716,0.00701013,m2
19795378,0.0263,-0.0101274,-0.0211105,m2
19481496,0.0331,-0.0128391,-0.0243038,m2
19892128,0.0002,-0.0554303,-0.0174995,m2
19707645,0.0288,0.0411006,0.0215559,m2
19610988,0.00335,0.0207747,-0.00850443,m2
19851278,0.0058,0.0515276,0.105993,m2
12483540,1.0,-0.0302737,-0.00872113,m2
12044177,1.0,0.0102801,0.0295446,m2
19892127,0.00015,0.0237979,0.0442091,m2
19867331,0.0005,-0.0478531,-0.0481939,m2
19778597,0.0329,0.029685,-0.00256919,m2
19887380,0.0015,-0.0598819,-0.0266027,m2
19889968,0.0002,0.0815123,0.0611189,m2
19888151,0.0003,0.102,0.0903632,m2
19892307,0.0001,0.0103796,0.00678861,m2
19892125,0.0004,0.037333,0.0561935,m2
19804462,0.00065,-0.0646409,-0.0565029,m2
19729874,0.0046,0.0107979,-0.00225872,m2
19890556,0.00035,-0.00597833,-0.013275,m2
19542590,0.1227,0.00413115,0.0129549,m2
19800670,0.0001,0.038228,0.0333381,m2
19891732,0.0002,0.0723397,0.0520339,m2
19890778,0.0007,0.00448211,-0.0397341,m2
17827650,0.0009,-0.0209457,0.00475491,m2
18327073,0.1315,-0.0119222,-0.0138597,m2
14714631,0.0504,0.0243284,0.000576561,m2
14241480,0.40025,0.0166227,0.00595618,m2
19888972,0.0006,-0.0391784,-0.0465034,m2
19891538,0.00025,-0.0174074,0.0255786,m2
19885992,0.00265,0.041588,0.0748286,m2
19851492,0.00055,0.0885134,0.107702,m2
19553341,0.01515,-0.0191329,-0.0237781,m2
19890777,0.00055,0.0618717,0.0770132,m2
19856574,0.00155,-0.0221314,-0.0117688,m2
19889760,0.00015,0.0249517,0.0227661,m2
19882700,0.00105,0.0936105,0.0735715,m2
19892124,5.0e-05,-0.0283057,-0.0302697,m2
19632743,0.12,-0.0154551,0.0126551,m2
19726513,0.02185,0.0317589,0.00849631,m2
19865414,0.0097,-0.0582453,-0.0205988,m2
19892886,5.0e-05,0.0582393,0.0585321,m2
19701061,0.00115,0.01772,0.018885,m2
17158053,0.51835,0.00917556,-0.00230948,m2
19890552,5.0e-05,0.0660006,0.0881993,m2
19422859,0.0108,-0.000386799,0.00146178,m2
19766072,0.0349,0.00310122,0.0095826,m2
19885198,0.00185,0.0422229,0.0643499,m2
19663963,0.02795,-0.0282733,0.00261958,m2
19858919,0.00235,-0.0732755,-0.0450617,m2
19888969,0.00125,0.0282472,0.0370638,m2
19891536,0.0001,0.0570981,0.0806319,m2
19883423,0.0001,-0.0670826,-0.0527374,m2
10739666,1.0,-0.0226468,0.0220845,m2
19869937,0.0073,-0.0284594,-0.0742985,m2
19836244,0.00395,-0.016376,0.014786,m2
19879076,0.00065,-0.0289467,-0.0160088,m2
19593136,0.00795,0.0363956,0.07066,m2
18749049,0.0526,-0.017324,-0.0188688,m2
19854570,0.00295,0.0103093,0.0252833,m2
19891151,0.0005,-0.0200406,-0.0250624,m2
19892885,5.0e-05,-0.00679746,0.033588,m2
19782539,0.0148,-0.0373472,-0.0304723,m2
19889758,0.0004,0.0753331,0.0457321,m2
19885796,0.0018,-0.0115321,0.00686629,m2
19872006,0.00585,0.0207589,0.00461703,m2
19049055,0.224,-0.00393081,-0.00896569,m2
19883421,0.00025,0.0477628,-0.00294759,m2
19870138,0.0024,0.00276682,0.0327373,m2
19539406,0.0084,0.00645845,0.0536499,m2
19779774,0.00835,0.0172878,0.0321968,m2
455280,1.0,-0.0129208,-0.0153624,m2
19759551,0.0016,0.0106666,-0.0390979,m2
19889757,0.00045,-0.0110097,0.00543654,m2
17752830,0.1174,-0.0115679,-0.0129539,m2
19892123,0.00015,-0.0397658,-0.019644,m2
19574058,0.0211,-0.0107447,0.000831689,m2
19892504,0.0002,0.0135976,0.0204846,m2
19892884,5.0e-05,-0.0674228,-0.0377439,m2
19551279,0.02405,0.0412347,0.0482112,m2
19871792,0.01045,0.0523052,0.0334553,m2
19891345,0.0003,-0.0293443,-0.0160784,m2
19879484,0.0004,0.00604665,-0.0351959,m2
19070649,0.0104,-0.0521832,-0.0616199,m2
19891344,0.0001,0.057508,0.061181,m2
19889384,0.0002,-0.022522,0.0129981,m2
19890955,0.0004,0.0129831,-0.00331305,m2
19226943,0.11605,-0.0119478,-0.0368604,m2
19835078,0.0178,0.017438,-0.0193403,m2
19891343,0.00025,0.0702582,0.0321601,m2
19842262,0.0061,0.00829712,0.00800905,m2
19891342,0.00055,-0.0144489,-0.00443855,m2
19892305,5.0e-05,-0.00933143,-0.0384897,m2
19518200,0.0135,0.0254754,0.0210584,m2
19827455,0.00575,0.0327431,0.0428378,m2
19887180,0.00015,-0.00521764,0.015794,m2
19891532,0.0002,0.0497159,0.0641504,m2
19640030,0.01385,-0.00876528,0.0406213,m2
19891531,5.0e-05,-0.0571599,-0.0834891,m2
19892883,5.0e-05,0.0487614,0.0377698,m2
19685365,0.00345,-0.0455872,-0.051394,m2
19762307,0.0007,0.0517593,0.0654401,m2
19892708,5.0e-05,0.0153428,-0.0397484,m2
3585179,1.0,0.0131719,-0.0122454,m2
19506121,0.00055,0.0337173,0.0256428,m2
19817315,0.01765,0.0208778,0.0273887,m2
19892882,5.0e-05,0.0893166,0.0796146,m2
19888140,0.0006,0.0601542,0.0273577,m2
19060533,0.01275,0.0215514,0.0350743,m2
19879920,0.0009,0.0421998,0.074856,m2
19892881,5.0e-05,-0.0801681,-0.082682,m2
19888962,0.00075,0.0757888,0.0752612,m2
19892880,5.0e-05,-0.027222,-0.000786596,m2
19756294,0.0123,-0.00593599,0.0398532,m2
19128721,0.0206,0.0106679,0.0454358,m2
19777748,0.001,0.0249266,0.0371992,m2
19879918,0.0003,-0.046505,-0.0357685,m2
9600319,1.0,0.0017606,0.00901165,m2
19772161,0.00765,0.0315496,-0.0188796,m2
19892707,5.0e-05,0.00113429,0.010888,m2
19892119,0.0001,0.0498797,0.0561583,m2
19888369,0.0016,0.0324639,-0.0024996,m2
19892706,0.00015,0.0426607,0.0418479,m2
19892879,5.0e-05,0.0572213,0.0338366,m2
19872776,0.00135,-0.0525265,-0.0692057,m2
19885789,0.00045,-0.0441863,-0.0172891,m2
18880124,0.0467,0.0282487,0.0105356,m2
19891921,0.0003,-0.0267504,-0.0144482,m2
19841692,0.01425,-0.00944186,-0.0122578,m2
19672457,0.00835,0.00329216,-0.0314486,m2
19889753,0.0002,0.00525554,0.00929768,m2
19867513,0.00655,0.0163539,0.0249253,m2
19890547,0.00035,-0.0755329,-0.0197801,m2
19865577,0.0034,0.0778841,0.0918713,m2
19892118,0.00015,0.00316721,0.00659915,m2
19803011,0.0035,0.0142537,0.0290776,m2
19891920,5.0e-05,-0.0335445,0.0040283,m2
19892878,5.0e-05,0.0611924,0.0725205,m2
19881487,0.0048,-0.0184286,0.0152575,m2
19891918,0.00025,-0.00522596,0.0245296,m2
19891727,0.00035,0.0137332,-0.0199087,m2
19892704,0.00015,-0.0740799,-0.0553196,m2
19888960,0.00105,-0.0270702,-0.0176092,m2
19887785,0.0007,-0.0732293,-0.0745649,m2
19879475,0.00085,-0.0156449,-0.00673152,m2
19569318,0.0036,0.0572343,0.0874237,m2
15233053,0.09275,-0.0114726,-0.000599441,m2
19800663,0.0217,-0.024683,-0.054855,m2
19651420,0.062,-0.0287583,-0.0134584,m2
19892499,0.00025,0.0536825,0.0388321,m2
19881098,0.0002,0.0164422,0.0119671,m2
19181235,0.01435,-0.022494,-0.0266017,m2
19784597,0.0067,-0.00557058,-0.0230271,m2
19892877,5.0e-05,-0.0199358,-0.0625323,m2
9032013,1.0,0.00398075,0.0239281,m2
19886786,0.00045,-0.0702523,-0.045708,m2
19834059,0.01435,-0.00701696,0.00395529,m2
19772988,0.005,-0.0661137,-0.0671176,m2
19886980,0.0017,-0.0627614,-0.09947,m2
19812175,0.0074,0.0231419,0.000723367,m2
19892876,5.0e-05,0.0692559,0.0711051,m2
19891144,0.0003,0.0574281,0.0408482,m2
19892301,5.0e-05,-0.0310315,-0.0198065,m2
19892875,5.0e-05,-0.0628684,-0.0745731,m2
19886979,0.0022,0.110942,0.0579672,m2
19014100,0.0599,-0.002105,-0.0155006,m2
19891724,5.0e-05,0.0377778,0.0194999,m2
19869365,0.0069,-0.0306886,-0.0608812,m2
19883990,0.00225,-0.0154568,-0.0329721,m2
19892874,5.0e-05,-0.0259284,0.00389856,m2
19875309,0.01185,0.0487635,0.0359498,m2
19822468,0.00075,0.0602736,0.0738544,m2
19888594,0.0017,-0.0453504,-0.0632025,m2
19887566,0.00045,0.112023,0.125455,m2
18550035,0.0458,0.00732965,0.00320592,m2
19861103,0.00155,-0.0210445,-0.0512589,m2
17728546,0.02895,-0.0103753,0.02511,m2
19098141,0.0064,0.010242,-0.00134714,m2
19886191,0.0001,-0.0341363,-0.0201447,m2
19485641,0.07795,0.00940665,0.0356502,m2
5952646,1.0,-0.0123083,-0.0132787,m2
19891723,0.00025,-0.00157098,0.0281119,m2
19885192,0.0008,-0.0347382,-0.000514464,m2
19090058,0.119,0.0164516,0.0371125,m2
19630519,0.0034,-0.0192423,-0.0265983,m2
19881718,0.00055,0.0221058,0.00825711,m2
19793104,0.02865,-0.0253881,-0.0173167,m2
19886190,0.0012,0.0321366,0.0286455,m2
19603567,0.0046,0.037285,0.0395268,m2
19853511,0.0023,0.0382589,0.0242976,m2
19890192,5.0e-05,0.0201813,-0.0256713,m2
19801670,0.00815,-0.00666944,-0.00565875,m2
19766059,0.0099,-0.0513802,-0.057402,m2
19890541,0.00045,-0.00862993,-0.0612599,m2
19892115,5.0e-05,-0.0385134,-0.0587824,m2
19890540,0.00025,0.0870656,0.0815384,m2
19892873,5.0e-05,-0.0298588,-0.0428574,m2
19891143,0.00035,0.0714951,0.10242,m2
19867141,0.0036,0.0634878,0.0394094,m2
19877263,0.00075,-0.0350127,-0.0283724,m2
19888959,0.0006,-0.0876614,-0.113975,m2
19892700,5.0e-05,0.00340372,-0.0134301,m2
19892699,0.0001,0.079409,0.0690268,m2
19507369,0.12315,-0.00294265,0.0415157,m2
19864219,0.00075,-0.0719907,-0.083897,m2
19858352,0.002,-0.0586937,-0.0444721,m2
19892300,5.0e-05,-0.00459417,0.00309044,m2
19798465,0.0077,0.0391639,0.0360163,m2
19466886,0.01455,-0.0231063,-0.0136753,m2
19877904,0.00225,-0.125826,-0.098137,m2
19889953,0.00025,0.065088,0.0720138,m2
19621758,0.0146,-0.0281223,-0.00447675,m2
13812933,1.0,0.0168064,-0.00489757,m2
12450645,0.6225,0.00110947,-0.00138381,m2
19892495,0.00015,-0.0611856,-0.0485314,m2
19643136,0.00165,-0.00543625,0.0226847,m2
19889377,0.00015,-0.0283492,-0.0238104,m2
14394549,0.86445,0.00762574,-0.00320487,m2
19852934,0.0012,-0.0113993,-0.0098458,m2
19885583,0.00015,0.0287655,0.0441072,m2
19627100,0.048,-0.00272019,-0.0140595,m2
19891721,5.0e-05,0.00504413,0.0224716,m2
19863241,0.00645,-0.00602728,-0.0473492,m2
19892114,5.0e-05,0.014451,0.0299769,m2
14762511,1.0,-0.0140474,-0.0213979,m2
19892872,5.0e-05,0.0154552,0.0311334,m2
19706184,0.00355,0.0460941,0.0627053,m2
12193082,1.0,0.0142519,0.00664622,m2
19891141,0.00035,0.082753,0.0745592,m2
19879686,0.00025,0.0737925,0.0770222,m2
19892113,0.0004,0.0184361,0.0144183,m2
19891521,0.0002,-0.0998092,-0.112983,m2
19868556,0.001,0.016565,-0.00280311,m2
19845132,0.00055,0.120638,0.0927101,m2
19747355,0.00985,-0.00170373,0.0141558,m2
19887779,0.0002,-0.0341612,-0.0560767,m2
16831868,0.2407,0.0359204,0.0082467,m2
19891719,0.0006,-0.0972935,-0.0806076,m2
19865006,0.0059,0.00814932,0.0232767,m2
19892871,5.0e-05,0.0205229,0.0248459,m2
7422270,1.0,0.00967746,0.00161894,m2
19889170,0.0002,0.065685,0.0538285,m2
19859493,0.00235,-0.0728601,-0.0819777,m2
19875536,0.01085,-0.038814,-0.0450863,m2
19887363,5.0e-05,-0.0405979,-0.0393884,m2
19883599,0.00215,0.000700948,0.00832449,m2
19889951,0.0002,-0.0187332,-0.0361544,m2
18027417,0.0179,0.0136215,-0.0115088,m2
19875301,0.0029,-0.0561694,-0.0320133,m2
19807188,0.03005,-0.00907298,0.0243824,m2
19821585,0.01405,0.00609202,-0.0183147,m2
18574642,0.1799,0.00173868,0.0134201,m2
19775518,0.0117,0.0211588,0.0265386,m2
19546953,0.00145,-0.0384077,-0.0226326,m2
19871158,0.0053,-0.0290904,-0.0499646,m2
19743653,0.01935,-0.0662754,-0.0702986,m2
19458103,0.01745,0.0443436,0.03209,m2
19891139,0.0004,-0.041553,-0.0153927,m2
18589520,0.0606,-0.0143025,-0.0347673,m2
19770497,0.0193,0.0726552,0.0359606,m2
19852931,0.00165,0.031367,0.0318937,m2
1547290,1.0,0.0121593,0.020339,m2
7528576,1.0,-0.00535348,-0.0205185,m2
19884601,0.0013,0.0598603,0.0285335,m2
19892697,0.0001,-0.0918221,-0.089711,m2
19778782,0.02195,0.0128594,0.0135782,m2
19678948,0.0063,0.00483224,-0.00170842,m2
4312755,1.0,-0.0188835,-0.0233696,m2
19889374,5.0e-05,0.0427731,0.0221063,m2
19882476,0.0016,-0.0493712,-0.0199557,m2
19800860,0.02325,-0.0194308,-0.0507725,m2
19892112,0.00015,0.0261412,0.0318389,m2
19794918,0.00065,-0.111127,-0.100919,m2
19892493,0.0001,0.0207432,0.00783701,m2
19878461,0.0005,-0.0377152,0.00972033,m2
15493098,1.0,-0.0252389,0.00969231,m2
19892492,0.00015,-0.0703405,-0.085472,m2
19885974,0.00065,-0.0221439,-0.0194426,m2
19892870,5.0e-05,0.0170726,0.0371224,m2
19768945,0.0501,-0.00622548,0.0151256,m2
19892490,5.0e-05,-0.0312925,-0.0221146,m2
19816462,0.0038,0.00539245,-0.0202989,m2
17842129,0.05635,-0.000812827,0.0223086,m2
19891716,0.00025,-0.0534414,0.0109428,m2
19882474,0.0038,0.0782842,0.0824593,m2
19617804,0.0285,0.0141224,0.00899308,m2
19872965,0.00245,0.013624,0.0195999,m2
19892869,5.0e-05,-0.054715,-0.0475042,m2
19886776,0.00285,0.00141774,-0.0294549,m2
19888360,0.0009,0.0322887,-0.00380077,m2
19892868,5.0e-05,-0.00846641,0.0263672,m2
19332045,0.0055,-0.00758431,-0.00244601,m2
19658162,0.0195,-0.0873858,-0.0696458,m2
19661834,0.00735,-0.00624599,-0.0266508,m2
19889561,5.0e-05,0.00506487,-0.00966133,m2
19880519,0.00015,0.00404458,0.0226036,m2
15175801,0.2583,0.000632673,-0.0119148,m2
19857355,0.005,0.0244599,0.0402094,m2
18821286,0.00975,-0.0211906,-0.0115738,m2
19887557,0.00045,0.0691441,0.062384,m2
18473537,0.03435,0.0134609,0.0183404,m2
19890363,5.0e-05,-0.0150168,0.00530052,m2
19880081,0.0004,0.03592,0.0218689,m2
19862097,0.013,0.0138044,-0.02333,m2
19881711,0.00075,-0.0556521,-0.0455485,m2
19891335,0.0003,-0.0188409,-0.029774,m2
19881710,0.0006,0.0213207,0.00905977,m2
18910954,0.3237,9.93308e-05,-0.0070688,m2
19884389,0.00295,-0.0607091,-0.0606216,m2
19887778,0.00075,0.0141378,0.0200639,m2
19889371,0.0006,0.00992176,0.0167894,m2
19815785,0.0015,-0.0154668,-0.00988092,m2
19870514,0.00115,0.0669181,0.0598485,m2
19890185,0.0001,-0.0116361,-0.043607,m2
19891914,0.00035,0.0265884,-0.00778526,m2
19892867,5.0e-05,0.026286,0.04046,m2
18656088,0.08425,-0.0029611,0.0331504,m2
19147434,0.0023,0.0294226,-0.0040028,m2
19875106,0.0003,-0.0866674,-0.0692453,m2
19892696,0.00015,-0.0235851,-0.0466927,m2
19892866,5.0e-05,-0.0112924,-0.0293494,m2
19491103,0.1142,0.00814736,0.0212603,m2
19823655,0.0008,0.0804207,0.0223727,m2
19892489,0.00015,0.0987158,0.0948211,m2
19892865,5.0e-05,0.0407471,0.0655531,m2
19892694,5.0e-05,0.041484,0.047801,m2
19820845,0.0131,-0.00772406,-0.057088,m2
19835674,0.0015,-0.0870655,-0.0856055,m2
19891514,0.0001,0.05415,0.056529,m2
19783751,0.00015,0.0131415,0.0115883,m2
19872962,0.0007,0.0190948,-0.00914205,m2
9957139,1.0,-0.00278178,-0.00903635,m2
19874311,0.0003,0.0619678,0.0564652,m2
19881080,0.0004,0.102378,0.0994621,m2
19892864,5.0e-05,-0.0732945,-0.0832752,m2
19882468,0.00155,-0.0476899,-0.0134467,m2
19890361,5.0e-05,-0.0167825,-0.0165931,m2
19744853,0.01065,0.0115665,0.00878576,m2
19011056,0.0285,0.0566425,0.0387109,m2
19812374,0.00265,0.0128237,-0.00309894,m2
17705747,0.67745,-0.0112627,-0.00130796,m2
19892293,5.0e-05,-0.0241841,-0.0351714,m2
19892863,5.0e-05,0.00751834,0.0321353,m2
19817694,0.0009,0.0333729,0.0368973,m2
19888583,0.00055,-0.00841893,-0.032086,m2
19816454,0.0012,0.0357105,0.0138451,m2
19874707,0.0028,-0.0547148,-0.0503486,m2
19856967,0.00035,-0.0387467,-0.0294776,m2
19866140,0.00235,-0.00692991,-0.0329969,m2
19804440,0.00875,-0.0264811,0.0129135,m2
19892862,5.0e-05,0.0186822,0.0180397,m2
19892861,5.0e-05,-0.00783731,-0.0203083,m2
19888581,0.0011,-0.0158378,-0.00954945,m2
19892692,5.0e-05,0.029944,0.0195763,m2
19887158,0.00075,-0.0200622,-0.0284346,m2
19891511,0.0004,0.0892317,0.0852135,m2
19885965,5.0e-05,0.00902853,0.06612,m2
19890177,0.00015,0.0365951,0.0467026,m2
18383188,0.3436,-0.0137091,0.0101882,m2
19821031,0.00185,-0.0213208,-0.00622925,m2
19868923,0.00385,-0.0135062,-0.0373482,m2
19855921,0.0012,-0.0518156,-0.0425856,m2
19892860,5.0e-05,-0.0201544,-0.00693131,m2
19867310,0.00465,-0.0242386,-0.0622982,m2
19849703,0.01615,0.0394507,0.0610316,m2
19892291,0.00015,-0.024578,-0.0403162,m2
19831417,0.0025,0.00526206,-0.0201452,m2
19876112,0.0025,0.0473016,0.0369834,m2
19891135,0.00025,0.00179869,0.00868323,m2
19344279,0.1267,-0.0311644,-0.0376913,m2
19891911,0.00035,0.0284397,0.0368009,m2
19892859,5.0e-05,0.0217142,0.0274809,m2
19892858,5.0e-05,0.0224471,0.0168867,m2
19892691,0.0001,-0.0294849,-0.0798,m2
19884385,0.0014,0.0860487,0.0917032,m2
19878080,0.00145,0.0488088,0.0536076,m2
19849512,5.0e-05,-0.00770706,-0.032024,m2
7605600,1.0,-0.00970919,0.00254022,m2
19849702,0.00375,0.0413237,0.0449027,m2
19892857,5.0e-05,-0.115039,-0.0966839,m2
19884990,0.0005,-0.0268537,-0.0331399,m2
19885772,0.0001,-0.0503609,-0.00661157,m2
19889937,0.0001,0.00207288,-0.00817282,m2
19890175,0.00075,-0.0651871,-0.0865005,m2
19883405,0.0005,-0.0732482,-0.104193,m2
19891909,5.0e-05,0.00306214,-0.00610375,m2
19800207,0.0001,-0.0939326,-0.101549,m2
19866537,0.01555,-0.0213358,-0.0288993,m2
19706175,0.00045,-0.0358031,-0.0384725,m2
19891508,0.0001,0.0418162,0.00146801,m2
19892289,5.0e-05,-0.0280007,-0.047084,m2
16517136,0.3373,0.0259482,0.0137585,m2
19888766,0.00015,-0.0409598,-0.052737,m2
19866137,0.00055,-0.0208978,-0.000525058,m2
19865761,0.0004,0.0130711,0.0405084,m2
19870932,5.0e-05,0.0335253,0.0361329,m2
19402608,0.05145,-0.0589655,-0.0261817,m2
19801842,0.00175,0.00800965,0.0109467,m2
19891714,5.0e-05,0.0392149,0.0381751,m2
19891908,0.0001,0.0133616,0.0255816,m2
19892689,0.0001,-0.00643312,-0.0209688,m2
19892688,5.0e-05,0.00408294,0.0195116,m2
19884382,0.00175,0.000597475,0.0158689,m2
19877663,0.00015,0.0778057,0.0837801,m2
19887547,0.00055,-0.105492,-0.113899,m2
19889742,0.0009,0.0681549,0.0523285,m2
19872162,0.00515,-0.00980697,-0.0266773,m2
19891906,0.00015,0.082483,0.0897185,m2
19892856,5.0e-05,-0.0137231,-0.0319657,m2
19892686,5.0e-05,-0.0319627,-0.00261009,m2
18752321,0.1203,-0.00231084,-0.00443231,m2
19407675,0.0427,0.017142,0.0164913,m2
19866721,0.0046,-0.0345813,-0.0349857,m2
19869139,0.002,-0.0322523,-0.0321408,m2
19884173,0.001,0.0406154,-0.00358267,m2
19892286,0.00035,-0.0400124,-0.0469807,m2
19791517,0.01,0.00118873,0.0227012,m2
19124128,0.01165,0.0396267,0.0451629,m2
19892685,5.0e-05,0.0574394,0.0676085,m2
19862283,0.00045,0.00823026,-0.0217141,m2
17480094,0.53895,0.0124385,0.00707765,m2
19695657,0.03175,0.0175163,0.014953,m2
19892855,5.0e-05,0.0412153,0.0344697,m2
19889935,0.00035,0.00107696,0.033826,m2
19888936,0.00045,0.0864859,0.0632209,m2
19847094,0.00055,0.0979637,0.082546,m2
19834040,0.0022,0.0358266,0.00510006,m2
12319203,1.0,0.0137891,-0.0240935,m2
19891905,5.0e-05,0.115817,0.0895794,m2
19836048,0.00375,0.0208462,-0.00585184,m2
19892285,0.0002,0.027418,0.0155919,m2
12626323,0.1767,0.0187494,0.00513876,m2
19782118,0.02105,0.0743585,0.0562578,m2
19870736,0.00225,-0.0957933,-0.0769793,m2
19850320,0.0056,0.0244999,0.0240893,m2
19873133,0.00455,-0.0369412,-0.037813,m2
17429807,1.0,0.00872913,0.0329984,m2
19892481,0.0001,-0.112847,-0.0813462,m2
4218196,1.0,-0.0214098,-0.0342313,m2
19859288,0.00685,0.0570321,0.0383273,m2
19879056,0.0036,0.0296431,0.0328742,m2
19892683,5.0e-05,-0.00338874,-0.0122067,m2
19883584,5.0e-05,0.00250725,-0.00325927,m2
19862077,0.0045,0.026047,0.00225582,m2
19889740,5.0e-05,-0.0710223,-0.0921065,m2
19892283,0.00025,0.0208881,0.0260041,m2
19892854,5.0e-05,-0.0322751,-0.00690588,m2
19892480,5.0e-05,-0.0961449,-0.116459,m2
19874891,0.0022,0.0438085,0.0400491,m2
19889934,0.0001,0.0189128,0.0307997,m2
19892281,0.0001,-0.0196569,-0.0512409,m2
19890354,5.0e-05,0.0432898,0.0629814,m2
19288245,0.06875,0.00939007,0.0130649,m2
19872557,0.00055,-0.0664577,-0.0688487,m2
19885564,5.0e-05,0.026501,0.03473,m2
19891902,0.00025,-0.0455096,-0.0832502,m2
19891128,5.0e-05,0.0171073,0.0428057,m2
19892280,0.0001,0.040767,0.0200283,m2
19884757,0.00115,-0.0443614,-0.0319394,m2
19761683,0.0129,-0.0457042,-0.0233306,m2
19886394,0.00225,-0.0133336,-0.00175054,m2
19789302,0.01315,-0.0471957,-0.0200413,m2
19827626,0.0158,-0.0492165,-0.00225542,m2
19555665,0.0308,-0.0353539,-0.0370215,m2
19813532,0.0034,-0.0281358,-0.0169936,m2
19880705,0.0015,-0.0725989,-0.0839361,m2
14011848,1.0,-0.014387,-0.0246347,m2
19274317,0.1258,0.0179,0.0215209,m2
19889152,0.00065,0.0219992,0.0219362,m2
19891901,0.0001,-0.0365129,-0.0675253,m2
19746706,0.00115,-0.0400399,-0.0671372,m2
18472518,0.45365,-0.000246569,-0.0168903,m2
19876876,0.0017,0.0866912,0.0641922,m2
19853138,0.0047,0.0119538,-0.00628867,m2
19019523,0.0036,0.00252794,-0.00886396,m2
19892479,5.0e-05,-0.0876141,-0.107784,m2
19880704,0.00025,-0.0220339,0.00515511,m2
19356605,0.0209,-0.0660688,-0.04417,m2
18706663,0.14215,-0.00459862,-0.000965041,m2
19884586,0.00075,-0.017159,-0.0163129,m2
19806011,0.00405,0.052784,0.049922,m2
19795891,0.00305,0.0206126,-0.00924542,m2
19153011,0.0171,-0.0238831,-0.0115703,m2
19887151,0.00025,0.0353201,0.040078,m2
19892853,5.0e-05,0.00133188,-0.0508868,m2
19775319,0.019,0.00755107,-0.0209611,m2
19815099,0.0013,-0.0263481,0.00375261,m2
19882274,0.00025,0.026561,0.0282224,m2
19880871,0.0002,0.0138176,0.00530821,m2
19288833,0.29325,0.00759004,0.0189528,m2
19884374,0.0021,0.0694101,0.048093,m2
19890754,0.00095,-0.0398413,-0.00967026,m2
19891900,5.0e-05,0.0551205,0.0226605,m2
19886568,0.00055,0.0477088,0.0233852,m2
11904256,0.1584,-0.0137751,0.0166277,m2
16835813,0.59725,0.0169237,0.0188437,m2
19892279,5.0e-05,-0.0109228,-0.0238273,m2
19868321,0.00025,0.0297708,0.0408376,m2
19892478,0.00025,-0.0167223,-0.00500241,m2
19890353,5.0e-05,-0.00506769,-0.0201906,m2
19892852,5.0e-05,-0.123727,-0.116939,m2
19889930,0.0002,-0.0404924,-0.0377153,m2
19892477,0.0001,0.0098427,-0.00576166,m2
11791547,0.14905,0.00746589,-0.000965077,m2
19779746,0.01215,-0.00495307,0.00477384,m2
8482058,1.0,-0.0196288,0.0209189,m2
19887149,0.00015,-0.00770823,0.00544056,m2
19892851,5.0e-05,-0.0512538,-0.0473557,m2
19890753,5.0e-05,-0.0986436,-0.0674733,m2
19890752,0.00015,-0.0474284,-0.0313954,m2
19892682,5.0e-05,-0.0406088,-0.047353,m2
19892277,0.00015,-0.0309921,-0.0522709,m2
19889735,0.0001,0.0561016,0.0183668,m2
19892101,0.00015,0.0265264,0.0536674,m2
19892276,5.0e-05,-0.0369006,-0.0425791,m2
19892850,5.0e-05,-0.0540976,-0.0604339,m2
19890527,0.0001,0.0791021,0.0586027,m2
19883031,0.0008,0.045407,0.0484528,m2
19890751,0.00025,-0.0358052,-0.0489682,m2
19892849,5.0e-05,0.0183966,0.0444062,m2
19861902,0.00265,0.0849108,0.0711258,m2
19564063,0.03765,0.00706433,-0.00221094,m2
19835435,0.00355,0.014018,-0.00157872,m2
19819843,0.00065,-0.093086,-0.0811344,m2
19862469,0.0026,0.0232216,0.0145867,m2
19892680,5.0e-05,0.0838916,0.0562557,m2
19892679,0.00015,-0.0274525,-0.00177546,m2
19887146,0.0001,0.047906,0.0719628,m2
8967012,1.0,0.0193689,0.0129715,m2
19884976,0.00145,0.0323277,0.0278293,m2
19892275,5.0e-05,-0.0548968,-0.0803188,m2
19891702,0.00015,0.0549942,0.0301048,m2
19853926,0.0026,0.035496,0.0339184,m2
19891701,0.00035,-0.0176783,0.00818168,m2
19868317,0.0012,-0.0267541,-0.0584279,m2
19892475,5.0e-05,0.00437105,-0.0237778,m2
19876101,0.00165,0.050922,0.0434386,m2
19890348,0.0005,0.0854379,0.079692,m2
19698094,0.02285,-0.000309956,-0.0114277,m2
19875936,0.00065,-0.0191544,-0.0139418,m2
19873721,0.0001,0.0175952,0.000306979,m2
19892100,5.0e-05,0.0915711,0.0725732,m2
19884975,0.0026,-0.00164537,0.0418189,m2
19892678,5.0e-05,0.0796869,0.0783832,m2
19892473,0.00025,-0.0493674,-0.0110014,m2
19872151,0.006,-0.0339215,-0.0283609,m2
19828411,0.0276,0.0212141,0.0145664,m2
19801223,0.0134,0.0826948,0.0724715,m2
13517264,0.40445,0.013988,0.018509,m2
19857915,0.0012,0.0133499,0.0141884,m2
19606795,0.13985,0.0287726,-0.00885813,m2
19892848,5.0e-05,-0.0331813,-0.065814,m2
19891116,0.0001,-0.0532169,-0.0342258,m2
19878062,0.0022,0.0322156,0.0539332,m2
19891698,0.0001,-0.0331129,-0.00103803,m2
19892847,5.0e-05,-0.0219663,-0.0340816,m2
19667951,0.02165,0.0121949,-0.00308084,m2
19890347,0.0007,-0.00860969,-0.0354825,m2
19892273,0.00015,-0.183423,-0.200159,m2
19888107,0.0001,-0.0369596,-0.0149212,m2
19870296,0.0008,0.061678,0.0859818,m2
19892470,5.0e-05,-0.101823,-0.121445,m2
19874288,0.00145,-0.0296972,-0.0263567,m2
19892469,5.0e-05,0.0123193,0.000871709,m2
19886951,0.0015,-0.0166382,-0.0467788,m2
6748136,1.0,0.0180186,0.0145891,m2
19542752,0.0232,0.0200852,0.0150304,m2
19883578,0.00065,0.0636852,0.0349964,m2
19880694,0.0012,-0.0150461,-0.0567877,m2
19887334,5.0e-05,0.0446048,0.0471418,m2
1459992,1.0,0.0068359,0.000760193,m2
19891695,0.00015,-0.00124528,0.0166966,m2
19009394,0.02555,-0.00282374,-0.0174658,m2
19892675,5.0e-05,0.0138934,8.69621e-06,m2
19887536,0.00055,-0.0126911,0.0193122,m2
19887535,0.00035,-0.0273477,-0.0273533,m2
19731799,0.0258,-0.0182371,-0.00465388,m2
19888750,0.0002,0.00434226,-0.030743,m2
19849073,0.00145,0.013588,0.0132827,m2
19891694,0.00045,0.0231021,-0.00191493,m2
16313456,0.16055,-0.0032307,0.0129941,m2
19890344,0.0002,-0.0331072,-0.0223974,m2
19360161,0.00515,-0.0359305,-0.0325514,m2
18511581,0.03465,0.0372681,-0.0338713,m2
19888926,5.0e-05,-0.0591648,-0.063703,m2
19892468,0.0001,0.0139689,0.0235717,m2
19830397,0.0004,-0.0684751,-0.034551,m2
19890930,0.0002,-0.0389177,-0.00136049,m2
19099495,0.09065,-0.0413546,-0.032712,m2
19836033,0.00645,-0.0345631,-0.0160328,m2
19890524,0.00055,0.0405173,0.0397815,m2
19892674,0.0001,0.000377858,0.0173161,m2
19832197,0.0216,0.054296,0.0419333,m2
19671039,0.01815,-0.00644962,-0.000669865,m2
19891490,0.00015,0.0494528,0.0498482,m2
19888339,0.00105,0.00516813,-0.0253656,m2
19891692,0.0001,0.029227,0.089107,m2
19880500,0.0002,-0.0675476,-0.0953313,m2
19892673,5.0e-05,0.0377561,0.0498605,m2
19855295,0.01305,0.0778835,0.0810109,m2
19886749,0.00025,-0.00539206,0.001458,m2
19572065,0.0045,-0.0399898,-0.0330168,m2
19892846,5.0e-05,0.0793476,0.0416429,m2
4478800,1.0,-0.00189355,0.00294139,m2
19891111,0.0001,0.0157518,0.0529017,m2
2602073,1.0,0.0159333,0.0159882,m2
19822443,0.0127,0.0153192,0.0296067,m2
19878060,0.00325,0.0420929,0.0485673,m2
19717145,0.031,0.0430253,0.0289007,m2
19892467,5.0e-05,-0.0543713,-0.051465,m2
19870724,0.00075,-0.104959,-0.106942,m2
19733399,0.0006,-0.0220424,-0.0429692,m2
11247969,1.0,-0.03114,-0.0184496,m2
19842027,0.00035,-0.00509448,0.00636301,m2
19279401,0.13875,0.00338066,0.00622486,m2
19301028,0.0472,-0.0335882,-0.00115327,m2
19892845,5.0e-05,0.00384223,0.0220328,m2
19892844,5.0e-05,-0.0332167,-0.0411681,m2
19829434,0.01585,0.0237142,0.0378991,m2
18012567,0.1032,0.0130664,-0.00763416,m2
19891488,5.0e-05,-0.0192819,-0.0193809,m2
19774342,0.00265,0.0492482,0.0634472,m2
19076677,0.0169,0.0202398,0.0283209,m2
19891310,0.0001,0.00741483,0.0156407,m2
19842415,0.01525,-0.0366945,-0.0257871,m2
19892089,0.0001,-0.111295,-0.0948728,m2
19885952,0.00015,-0.0184969,-0.0411932,m2
19876474,0.00125,0.0242065,0.0293894,m2
19729831,0.04845,0.067993,0.0462738,m2
19892672,5.0e-05,-0.0889909,-0.0808617,m2
19885752,0.00025,0.0577527,0.0949009,m2
19887530,0.0004,-0.0895251,-0.0960306,m2
19881273,0.0051,-0.0488617,-0.0502634,m2
19746309,0.00515,-0.036377,-0.0386588,m2
19890927,0.00025,-0.0226481,-0.0192314,m2
19860060,0.002,-0.0392385,-0.0454649,m2
19518167,0.05965,-0.0477077,-0.0220469,m2
19885555,0.00055,-0.0206828,-0.0440825,m2
19849070,0.006,0.0707062,0.0638907,m2
19885172,0.00115,0.067934,0.0567822,m2
19877442,0.00545,-0.0118556,0.0385634,m2
19868905,0.0005,-0.0572121,-0.066173,m2
19891309,0.0002,0.0677674,0.0808392,m2
19874676,0.00165,-0.00833452,-0.0268163,m2
19855508,0.0022,0.0853013,0.0902846,m2
19892671,5.0e-05,-0.0490894,-0.0357943,m2
19877877,0.00485,0.0929899,0.0807954,m2
19717752,0.0167,0.00148285,-0.0253828,m2
19867897,0.00685,-0.0223167,-0.0140967,m2
19888565,0.00035,-0.0210479,0.0113397,m2
19694118,0.0185,-0.0355106,0.00505122,m2
19892843,5.0e-05,0.0295059,0.0244413,m2
19283525,0.01515,0.0265306,0.0100392,m2
3984666,1.0,0.0104934,-0.0269293,m2
19881270,0.00065,-0.0308771,-0.0342992,m2
19882259,0.0009,0.00591942,0.0210497,m2
19891108,0.0004,0.037123,0.0363959,m2
19775717,0.01375,0.00485225,0.0451825,m2
19799481,0.0031,0.000623532,-0.00487702,m2
19882828,0.00065,0.0291598,0.0390403,m2
19891107,0.0001,-0.0199316,0.0233458,m2
19842023,0.002,-0.0314311,-0.00716981,m2
19717566,0.00375,0.06971,0.0477461,m2
19855891,0.00655,0.0388662,0.0713593,m2
19891106,0.0001,0.0585584,0.0308972,m2
19890522,0.00035,0.0381016,0.0307623,m2
19863820,0.00405,-0.0422741,-0.0235019,m2
19794280,0.001,-0.107092,-0.100608,m2
19889728,0.0015,-0.00718494,-0.0212879,m2
19891105,0.00035,-0.0835164,-0.0906462,m2
19859684,0.00575,-0.0197694,0.0139778,m2
19883385,0.001,0.0622066,0.08721,m2
19866903,5.0e-05,-0.0286388,-0.00532488,m2
19867892,0.0047,0.0475916,0.0269131,m2
3030399,0.62525,-0.00438483,0.000185157,m2
3681910,1.0,0.0130486,0.0171214,m2
6221957,1.0,-0.0370698,0.0122597,m2
19800625,0.0095,-0.0158482,0.00579369,m2
19892270,5.0e-05,0.0471826,0.0728536,m2
19782280,0.012,0.0278678,0.0860663,m2
19799795,0.0125,0.0114055,0.00615232,m2
13267381,1.0,-0.0127228,0.031756,m2
19860056,0.00375,0.0445193,0.110962,m2
19864387,0.0002,-0.0259489,-0.0547049,m2
19134012,0.03825,0.0188324,0.0181781,m2
19892842,5.0e-05,0.0680118,0.0347401,m2
19885170,0.00015,-0.0464071,-0.0240198,m2
19892269,0.0001,-0.0305208,-0.0155338,m2
19677681,0.00545,-0.000158055,0.00410973,m2
19876290,0.00195,-0.0298146,-0.0420134,m2
19705759,0.02515,0.0246212,0.00935238,m2
19817871,0.0143,-0.0525202,-0.0549688,m2
18629962,0.01255,0.0386254,0.0316919,m2
19880494,0.0009,0.0272785,0.0361465,m2
19884162,0.00055,-0.00886529,-0.0264987,m2
19780709,0.0182,-0.0110058,-0.00257785,m2
19891306,0.0001,-0.00453542,-0.0313231,m2
19891888,0.0002,0.0307965,0.0203948,m2
19892268,0.0002,0.0164472,0.0112913,m2
19891304,5.0e-05,0.0749869,0.015578,m2
19882825,0.00045,-0.0210601,-0.0190929,m2
19294460,0.0234,0.032791,0.037695,m2
2809915,1.0,-0.0160371,-0.000291182,m2
19516983,0.01335,-0.00634453,-0.00506742,m2
19892465,5.0e-05,0.0147436,0.00349205,m2
19865365,0.0007,-0.00371315,-0.0179938,m2
19887527,0.001,-0.0127287,-0.0713314,m2
19746906,0.00185,-0.0446655,-0.01765,m2
19892464,0.00015,0.0315475,-0.0208848,m2
19885947,0.0003,-0.105109,-0.0992939,m2
19892841,5.0e-05,0.0406301,0.0210112,m2
19746904,0.0068,-0.0061903,-0.00056041,m2
19575653,0.02925,-0.0472325,-0.0458353,m2
19741623,0.03,-0.00932993,-0.0223728,m2
19882651,0.0017,0.108078,0.086197,m2
6072852,1.0,0.0232117,0.0295866,m2
19883381,0.00235,0.0272173,0.0417419,m2
19832610,0.01455,-0.0314605,-0.0171437,m2
19764059,0.0202,0.0521278,0.0566548,m2
19875265,0.0028,-0.00259857,0.0330058,m2
19892840,5.0e-05,0.0378935,0.0580665,m2
19887136,0.00085,-0.0163796,0.00260867,m2
19892265,0.0003,0.0735048,0.0899008,m2
19888103,0.0005,0.0101327,0.0181566,m2
12176208,0.22345,-0.000917038,0.00422895,m2
19719708,0.0048,-0.0775366,-0.0735558,m2
18513973,0.0004,-0.0176793,-0.0348324,m2
19856066,0.00085,0.0526104,0.0534145,m2
19892839,5.0e-05,0.0637686,0.0233685,m2
19892264,5.0e-05,0.0287209,0.024207,m2
19876867,0.00505,0.044177,-0.023722,m2
19713746,0.00175,-0.0874056,-0.0559426,m2
19886944,0.0013,-0.0510638,-0.0492313,m2
19823187,0.01525,0.00104189,0.00385246,m2
19892461,5.0e-05,0.00989231,0.0219187,m2
19889921,0.0003,-0.0302622,-0.00993739,m2
19751271,0.00765,-0.016987,-0.0279091,m2
19789950,5.0e-05,0.0232172,0.0145463,m2
19738442,0.03385,0.0293115,0.0140049,m2
19891685,0.0003,0.00568426,0.0162298,m2
19877435,0.00485,0.00481355,0.00787442,m2
19806571,0.05075,-0.0394574,-0.0330638,m2
19694111,0.03105,0.00614099,0.00631983,m2
19884574,0.00175,-0.0301223,-0.0695687,m2
19892262,5.0e-05,-0.0284918,0.00861953,m2
18618482,0.20365,-0.017259,-0.00822486,m2
7728148,1.0,0.00863026,0.00309823,m2
19891301,5.0e-05,0.149089,0.15808,m2
19892460,5.0e-05,0.00912514,0.0249057,m2
19869115,0.0038,0.0107911,0.0139531,m2
19560214,0.02795,-0.0145148,-0.0167606,m2
19890920,0.0002,0.00357306,-0.00799777,m2
19891683,0.0003,0.0898512,0.124535,m2
19891483,0.00065,0.0110478,-0.0191874,m2
19791073,0.00975,0.0551461,0.0374833,m2
19859676,0.00255,0.0378907,0.00252944,m2
19881445,0.00155,0.00156308,0.0233607,m2
19892838,5.0e-05,0.0505202,0.0402724,m2
19837932,0.00185,-0.117047,-0.111445,m2
18061801,0.02475,-0.000730077,-0.00465571,m2
19852270,0.00335,-0.0600901,-0.00779387,m2
19843517,0.00355,-0.0460771,-0.000985462,m2
19865142,0.00185,0.00856717,-0.0085385,m2
19872534,0.0008,-0.0144176,-0.0249621,m2
15672829,0.4691,0.0189838,-0.00228709,m2
19892837,5.0e-05,-0.00422083,-0.00050209,m2
19878815,0.00025,-0.0105117,-0.00508015,m2
19771904,0.03135,0.0441632,0.0304646,m2
18936406,0.0015,-0.000952616,0.0440072,m2
19890736,0.0001,-0.0455734,-0.00250254,m2
19847073,0.00375,-0.00876371,0.0164957,m2
19892669,5.0e-05,-0.0123723,-0.00683026,m2
19814123,0.0035,0.0566342,0.0712096,m2
19892836,5.0e-05,0.0176486,0.0162119,m2
19867462,0.00065,-0.055761,-0.0548681,m2
18778312,0.02855,-0.0167111,-0.0161062,m2
19883956,0.0001,0.0442804,0.0318844,m2
6062853,1.0,0.0153643,-0.021949,m2
19865732,0.0023,-0.0348998,-0.0276993,m2
19885548,0.00085,-0.0518509,-0.0421018,m2
19846626,0.02085,0.0226721,-0.0116866,m2
19890517,0.00015,0.0567439,0.0524312,m2
19885746,0.0011,0.109044,0.0927243,m2
18611857,0.0104,0.0185831,0.052138,m2
19887934,0.00055,0.107038,0.0981439,m2
19891300,0.00115,0.0503857,0.060436,m2
19725234,0.0016,-0.00137993,-0.0095344,m2
19892457,5.0e-05,-0.0750787,-0.028046,m2
19892081,0.0002,0.0497065,0.0472758,m2
19885546,0.00055,0.0291466,-0.0044137,m2
19774135,0.03415,0.00304659,0.0240365,m2
19854095,0.00295,-0.0249029,-0.0357339,m2
19871126,0.01015,0.0439492,0.033024,m2
19892835,5.0e-05,0.0470933,0.023437,m2
19879645,0.0001,0.0825977,0.0486045,m2
19780121,0.00175,-0.00301625,-0.0137405,m2
4931835,1.0,-0.0187265,0.00262916,m2
19892455,0.0002,0.00224766,0.0462918,m2
19884961,0.0002,-0.0373551,-0.0170142,m2
19883014,0.00365,0.0184193,-0.00247842,m2
19816630,0.00095,0.0412394,0.0293922,m2
19888329,0.0001,-0.0742799,-0.0484894,m2
13836226,0.9767,-0.0104724,-0.00895345,m2
19686519,0.0338,-0.0248864,-0.0257259,m2
19889918,0.00175,-0.0152054,-0.0214055,m2
19832605,0.0089,0.0423079,0.0316168,m2
11757176,1.0,0.0150041,-0.00671868,m2
19892834,5.0e-05,0.0119979,-0.0358619,m2
19797685,0.0043,-0.0523766,-0.0401051,m2
19887314,5.0e-05,0.055752,0.0188035,m2
19588415,0.01435,0.0521862,0.0439851,m2
19888099,0.0005,0.01116,0.00980748,m2
19870909,0.00515,-0.0287777,0.000678261,m2
19741250,0.02265,0.00822175,-0.0118464,m2
18420025,0.03485,-0.0115741,-0.012704,m2
19892258,5.0e-05,0.017968,0.0181759,m2
19868305,0.00225,-0.000964638,-0.0278349,m2
19888737,0.0003,0.0231396,0.00912957,m2
19887126,0.0004,0.038679,0.0584984,m2
8680489,1.0,-0.0172372,-0.0106512,m2
19882645,0.00025,-0.00779181,-0.0677807,m2
17642350,0.1255,-0.0205233,-0.0198924,m2
19891479,0.0003,0.0590322,0.087171,m2
19253945,0.0533,0.00870526,0.0253975,m2
19833212,0.00405,0.0641385,0.0608398,m2
19892078,0.0002,-0.142179,-0.128103,m2
19832601,0.0031,-0.0302136,-0.0359763,m2
19861266,0.00055,-0.0473426,-0.0278182,m2
19890516,0.0005,-0.0103959,-0.00926073,m2
19892833,5.0e-05,0.00243455,0.0204536,m2
19860254,0.0033,0.00691351,-0.00912395,m2
19872939,0.00085,0.0200567,0.00348506,m2
19892256,0.0001,0.0432083,0.036889,m2
19628653,0.00655,0.0436227,0.0147811,m2
19892668,0.0002,-0.0688028,-0.0569103,m2
19852505,0.0029,-0.00724748,-0.015878,m2
15832757,0.082,-0.0360048,-0.00694882,m2
19873708,0.00105,0.00744076,0.00472521,m2
764783,1.0,0.015876,0.00647536,m2
19100052,0.03645,0.0112817,0.00648678,m2
19848282,0.0017,0.027933,0.0629595,m2
19843489,0.006,0.0124204,0.0564873,m2
19364457,0.02445,0.0161088,0.0071651,m2
19843730,0.00935,-0.0196747,-0.0160972,m2
19872123,0.0003,-0.0607208,-0.0477926,m2
19885544,0.0017,-0.0761679,-0.0721884,m2
19889329,0.00055,0.0286742,0.0498191,m2
19843728,0.0013,-0.0359279,-0.0348636,m2
19370009,0.00925,0.00165508,0.0144294,m2
19885741,0.0005,0.00288025,0.0379397,m2
18956425,0.0327,-0.0110177,-0.0230501,m2
19892254,0.0001,0.0307911,0.0486534,m2
19864005,0.0075,-0.00741943,-0.00248483,m2
19421048,0.01275,-0.00906241,-0.00894534,m2
19887521,0.0002,-0.0484489,-0.0662047,m2
19882814,0.00095,-0.0147764,-0.0317655,m2
19892832,5.0e-05,-0.0783388,-0.0790866,m2
19873289,0.00145,0.0340962,0.00692184,m2
19876087,0.0029,0.0338606,0.07203,m2
18834027,0.0877,0.00903521,-0.0116547,m2
19892253,0.0003,-0.06652,-0.0576797,m2
19406437,0.0439,0.00611317,-0.00574817,m2
19892831,5.0e-05,-0.00722115,-0.0120213,m2
19717942,0.0124,0.0892363,0.11236,m2
19852872,0.00035,0.0824905,0.11392,m2
19267975,0.14565,-0.0302564,-0.0282658,m2
19888096,0.00275,-0.072025,-0.071032,m2
19830382,0.02085,-0.00299006,-0.000138145,m2
19825817,0.00125,0.0451161,0.0153237,m2
19331036,0.0595,-0.0213805,-0.0369364,m2
19428306,0.0179,-0.0300273,-0.0430434,m2
19889916,0.00105,0.0172276,0.0110124,m2
19880045,0.0005,0.0301969,0.0250125,m2
19866682,0.0013,-0.0343014,-0.00902256,m2
19653760,0.00265,0.00612851,-0.00904287,m2
19890730,5.0e-05,0.014645,0.0423401,m2
19877426,0.0012,0.0523773,0.038696,m2
19771054,0.012,-0.00160918,-0.0053646,m2
1067518,1.0,0.0315045,0.00313333,m2
19892667,0.0001,0.0322605,0.0283172,m2
18893866,0.0348,-0.0355666,0.0332782,m2
19884728,0.00095,-0.0262882,0.00608199,m2
11777348,1.0,0.000171771,0.00185168,m2
19088595,0.2206,0.00297136,-0.0223275,m2
6873067,1.0,0.0215365,-0.0209394,m2
19892046,5.0e-05,-0.0116389,0.0119035,m2
4008888,1.0,0.0093652,-0.00999855,m2
19215538,0.00115,0.0360129,-0.000391513,m2
15092485,0.3716,0.00938171,0.0188395,m2
5021493,1.0,-0.0058802,1.13091e-05,m2
19891677,0.00025,-0.033029,-0.0342456,m2
19873879,0.0004,-0.0409709,-0.0323314,m2
19805198,0.009,-0.0683909,-0.0308795,m2
19892452,0.0002,-0.0705521,-0.0591757,m2
18489132,0.0131,0.00144187,0.0115782,m2
19792842,0.0084,0.0096033,0.0152207,m2
19878638,0.0024,-0.00580157,-0.0143943,m2
19885938,0.0004,-0.0264368,-0.0176955,m2
19882248,0.0004,0.102654,0.15162,m2
19820806,0.0184,0.0100797,-0.000503998,m2
19732577,0.0041,-0.012578,-0.0160092,m2
19848442,0.0006,0.0719112,0.0723772,m2
19892666,0.0001,-0.00624191,-0.0287007,m2
19891676,5.0e-05,0.0179287,0.0267846,m2
19796640,0.01465,0.0295032,0.0302434,m2
19891880,0.0008,-0.0153327,-0.034892,m2
19186039,0.0285,0.0251219,0.0209033,m2
19843727,0.01,0.102676,0.0745789,m2
19891879,0.00015,-0.0658752,-0.0704737,m2
19891675,0.00015,-0.0679868,-0.0529741,m2
18706058,0.1902,0.000998774,-0.0190822,m2
19735339,0.0199,0.00178727,-0.00539223,m2
19860252,0.00045,-0.016376,-0.0069112,m2
19892073,5.0e-05,-0.0593054,-0.0401853,m2
8816156,1.0,-0.00253811,-0.00223367,m2
18950535,0.0699,-0.0090634,-0.013365,m2
9181695,1.0,0.00399267,0.000275705,m2
19777902,0.0062,0.0537549,0.0546868,m2
19068764,0.0023,-0.0336532,-0.0334261,m2
19863801,0.00175,-0.0235382,-0.0296811,m2
19887742,0.0003,0.0969726,0.0887066,m2
19550842,0.07495,0.0294245,0.00451511,m2
19888091,5.0e-05,0.0367519,0.0261332,m2
19777283,0.0169,-0.0338945,-0.0151249,m2
19474253,0.1905,0.0122856,0.0078697,m2
19503008,0.0146,0.0248163,0.0112387,m2
19447874,0.0071,0.0195798,0.0104835,m2
19891471,0.0001,0.0584058,0.0163224,m2
19696325,0.0047,-0.0107228,0.00816423,m2
2845748,1.0,-0.0196915,0.00528823,m2
19892072,0.00025,-0.00269735,-0.0219262,m2
9947791,1.0,-0.0287968,-0.0300345,m2
19892451,0.0001,-0.0401002,-0.0519663,m2
19883738,0.00035,-0.0248507,-0.0531966,m2
7864075,1.0,0.00414902,0.0179581,m2
19891851,0.0001,-0.0206829,0.0103858,m2
19891659,0.0001,0.0114817,0.00355834,m2
19373751,0.02405,0.0562524,0.0560231,m2
18998999,0.136,0.0260357,0.0329592,m2
17703888,0.85155,0.0230575,0.00180897,m2
19791986,0.0188,-0.0672819,-0.0552959,m2
19877635,0.0009,0.0207732,0.0479193,m2
18427372,0.26695,-0.00219981,0.00466162,m2
19891658,0.0004,-0.0434262,-0.0153051,m2
19136638,0.0185,0.00519705,-0.00293886,m2
19884725,0.00055,-0.039096,-0.0349511,m2
19711171,0.004,-0.0741311,-0.0904157,m2
19811337,0.0128,0.054266,0.0614619,m2
19821973,0.0002,0.0133672,0.0418742,m2
6238603,1.0,-0.0210494,0.011168,m2
19891673,5.0e-05,0.0117014,0.0377917,m2
19892830,5.0e-05,0.025705,0.0105944,m2
15694052,1.0,0.000224925,-0.00667282,m2
19825991,0.00855,-0.0418506,-0.0135802,m2
19514026,0.02475,0.0165674,0.00450219,m2
8958846,1.0,-0.0116077,-0.00240173,m2
19669110,0.02745,0.00789989,0.0406561,m2
19650776,0.004,-0.0289983,-0.0102656,m2
19880450,0.0016,-0.0414238,-0.0412441,m2
19868240,0.00185,-0.0540387,-0.0403221,m2
19881252,0.00375,0.0447527,0.0227745,m2
19475630,0.03085,0.048658,0.0133673,m2
16670837,0.2063,-0.01036,0.00701179,m2
19892829,5.0e-05,0.0397557,0.00764,m2
19422597,0.0057,0.0301881,0.0192967,m2
19721682,0.0272,0.0367701,-0.0129648,m2
19888551,0.0006,-0.0727537,-0.0510385,m2
19809748,0.00015,-0.00214172,-0.00549083,m2
19234197,0.11135,-0.0391796,-0.0204305,m2
13745946,1.0,0.0111127,0.0240635,m2
6157886,1.0,-0.0284634,-0.0260099,m2
11921073,1.0,0.00588672,0.00160001,m2
19878635,0.00025,0.0636443,0.0774609,m2
19824976,0.01465,-0.0447959,-0.0429846,m2
19070800,0.13195,0.0243828,0.0184168,m2
19892449,5.0e-05,0.0222508,0.0139028,m2
19891468,5.0e-05,-0.054218,-0.0501383,m2
19818828,0.00825,-0.0340717,0.0122634,m2
19891853,0.0001,0.00517032,-0.0199453,m2
19891874,0.0002,0.00913354,0.0154426,m2
16320779,0.01795,-0.0273635,-0.0519017,m2
19859641,0.00465,0.00603531,-0.0251061,m2
6501209,1.0,-0.0043102,-0.00666064,m2
19889320,5.0e-05,0.0907569,0.0859668,m2
19885932,0.00065,-0.0320296,-0.0183686,m2
19873691,0.0024,0.00181385,-0.02474,m2
19891089,0.00025,-0.0431002,-0.052556,m2
19868472,0.00625,-0.0384279,-0.00648573,m2
19888501,0.0011,-0.00222647,0.0202299,m2
19892663,0.0001,0.00665891,-0.014622,m2
19873683,0.0017,0.0180364,0.00715593,m2
16716149,0.1315,0.00345758,0.000813998,m2
19881610,0.0009,0.00308163,0.0290111,m2
19892828,5.0e-05,0.0435555,0.0401355,m2
19874657,0.00385,0.0225141,0.0137837,m2
18858662,0.23005,0.00203439,-0.000168047,m2
19498629,0.13055,0.0102838,-0.000628949,m2
19825571,0.0228,-0.00979701,0.00669398,m2
19387060,0.0271,0.0384761,0.0191645,m2
19892067,0.0001,-0.0630168,-0.0861411,m2
19879207,0.0013,-0.0271989,-0.00725371,m2
19892448,0.0001,-0.0265985,0.00569477,m2
18924652,0.1793,-0.022519,0.00307136,m2
19877861,0.00055,-0.0252677,-0.0193166,m2
19723463,0.0331,0.0261431,0.0248991,m2
19326911,0.1083,-0.00533115,-0.0194276,m2
19535703,0.00755,-0.0288292,-0.0425477,m2
19867876,0.02165,0.0689092,0.0913731,m2
19570073,0.0349,0.0119233,0.0231235,m2
19867453,0.00595,-0.0212839,-0.0131329,m2
19690516,0.01335,0.0487357,0.0403422,m2
19891855,0.0005,-0.0894401,-0.0932913,m2
19467623,0.0281,-0.0123637,-0.0448104,m2
19891276,0.0001,0.0277794,0.0434331,m2
19780700,0.00565,-0.0707483,-0.0352507,m2
19851424,0.0012,0.00084289,-0.01605,m2
19726243,0.0258,-0.000578702,-0.0411113,m2
17085729,0.2407,-0.028654,-0.0172501,m2
19892827,5.0e-05,0.106518,0.100975,m2
19674422,0.00375,0.0201515,0.014819,m2
19892661,5.0e-05,-0.00228126,0.0097317,m2
19755204,0.0038,-0.0304427,-0.036758,m2
19851434,0.0028,-0.0163138,0.00890794,m2
12134111,1.0,-0.00575094,-0.00487844,m2
8289214,0.27215,0.0136018,0.0148439,m2
14313892,0.41715,0.00800277,-0.000859691,m2
19892826,5.0e-05,0.0654845,0.0432172,m2
19770667,0.00285,0.0394082,0.0572735,m2
19885154,0.0022,0.00791055,0.0279051,m2
19827202,0.0038,-0.0837949,-0.0711366,m2
10494384,0.7964,-0.00543786,-0.0133507,m2
19873100,0.0022,0.0929712,0.0664363,m2
19752687,0.01215,0.0225183,0.0243246,m2
19892660,5.0e-05,0.0791883,0.0890392,m2
19887731,0.0024,0.026224,0.0457629,m2
19849460,0.0111,-0.0389799,-0.0440379,m2
19882420,0.0005,-0.0676848,-0.066963,m2
19892825,5.0e-05,-0.00347945,0.00870174,m2
19888722,0.0002,-0.0565026,-0.0554358,m2
5050924,1.0,-0.00350488,-0.0137727,m2
19892445,5.0e-05,-0.00659719,-0.00786582,m2
19553487,0.04105,0.008768,0.0213379,m2
19794033,0.00015,0.0670253,0.0714708,m2
19879398,0.00145,-0.0243168,-0.0180629,m2
19833806,0.04005,-0.00840149,0.00435164,m2
19817041,0.01415,-0.0220267,-0.015509,m2
17061271,0.03435,0.0341142,0.0107958,m2
17584656,0.01155,-0.000454355,0.00891922,m2
18943809,0.1224,-0.0236706,-0.0151246,m2
19821342,0.00645,-0.0106983,-0.0128267,m2
19772104,0.02865,-0.0153101,-0.0123693,m2
19811917,0.0068,0.0422692,0.0491091,m2
19818060,0.0001,-0.0129516,-0.0302689,m2
19192643,0.0244,-0.0338596,-0.00517022,m2
19850854,0.00205,0.015105,0.0469625,m2
19878035,0.00165,0.00168205,-0.0123476,m2
19892659,5.0e-05,-0.142161,-0.123671,m2
19880476,0.00175,-0.0398335,-0.0295509,m2
19879842,0.00165,0.000562123,0.00334537,m2
19890721,0.0002,-0.00362594,0.0219934,m2
19775266,0.00675,0.00608555,-0.00968161,m2
19690911,0.00605,0.000906227,0.0218588,m2
19055538,0.02545,-0.0347916,-0.00997327,m2
18634459,0.1005,-0.00411287,0.00606533,m2
19588399,0.00395,0.0345718,0.0487268,m2
19857107,0.002,0.0628344,0.0741071,m2
19825797,0.0004,0.051026,0.076617,m2
19584320,0.07575,0.00141505,0.00435753,m2
19877855,0.00325,-0.0479654,-0.0357504,m2
12149645,1.0,0.00918975,0.0101158,m2
19384093,0.00405,-0.00332472,-0.0231628,m2
19875864,0.0009,0.0434345,0.0619505,m2
19887511,0.0008,0.0247875,0.0175187,m2
19887706,0.00075,0.0320597,0.0210734,m2
18823259,0.29615,0.00190634,-0.00714578,m2
19875482,0.0028,-0.0140368,-0.0401552,m2
4835916,1.0,0.0308398,0.0258273,m2
19835817,0.0085,0.0266381,0.0251882,m2
19885352,0.00155,-0.0409033,-0.074964,m2
19892824,5.0e-05,0.0606452,0.0966852,m2
19815061,0.00915,-0.0224277,-0.00564047,m2
19626223,0.06315,-0.0125818,-0.0129483,m2
19890505,0.0003,-0.014281,0.0126638,m2
19841210,0.0075,-0.0777923,-0.0923946,m2
19890504,0.0007,0.0221919,0.0395951,m2
19155583,0.0153,0.0301204,0.0182312,m2
19890720,5.0e-05,-0.0259456,-0.0383516,m2
19891670,0.0002,-0.0313316,0.0241176,m2
19816176,0.00045,0.0088163,-0.0435038,m2
9447825,1.0,0.00724838,-0.00892762,m2
19882028,0.00235,0.00451835,-0.00380555,m2
19892823,5.0e-05,0.0185063,0.0266985,m2
19869098,0.001,0.0483198,0.0256286,m2
19892822,5.0e-05,-0.0296311,-0.0114691,m2
19006809,0.08405,0.00308233,-0.0528196,m2
19092986,0.1315,0.0159421,-0.000947692,m2
19869301,0.00215,0.0212588,0.0393846,m2
19720869,0.0059,-0.0257662,-0.0166728,m2
19443357,0.0317,0.0389171,0.0465354,m2
14143351,0.11395,0.0290613,-0.00373169,m2
19658114,0.0016,-0.0403113,-0.0146114,m2
19889512,0.0004,0.0634765,0.0341741,m2
19887701,0.0004,0.113811,0.0798192,m2
19890144,0.00035,0.0169007,0.0261413,m2
19721695,0.00325,0.0434015,0.0118112,m2
18568212,0.1318,0.012361,0.0385667,m2
19216743,0.04855,-0.0255126,-0.0298956,m2
19809382,0.00845,-0.00698163,0.00193899,m2
19636277,0.0074,0.0429249,0.0437688,m2
19843682,0.0111,0.0510666,0.0331962,m2
19858103,0.01925,0.0430364,0.00604627,m2
19880651,0.00045,0.0639681,0.0541607,m2
19881846,0.00095,-0.0271002,-0.0121537,m2
19761826,0.01455,-0.0322586,-0.0193236,m2
19689342,0.0099,-0.0476279,-0.0411693,m2
19843714,0.00385,-0.0331428,-0.0176043,m2
19788785,0.04305,-0.0267391,-0.0352324,m2
19877831,0.00175,0.0454974,0.0316389,m2
19814689,0.00205,-0.101728,-0.0738974,m2
19817014,0.00935,0.0140534,0.0405488,m2
15114387,0.1731,0.0219834,0.0124422,m2
19883002,0.0013,0.0117897,0.00141723,m2
19585347,0.05225,0.0196058,-0.0296734,m2
19865152,0.0011,0.0225221,0.0216743,m2
19892062,0.0001,-0.00670949,0.00580454,m2
19631463,0.0111,-0.00679795,-0.0366474,m2
19888492,0.0004,-0.0213829,0.013242,m2
19865151,0.0079,-0.0403365,-0.0252948,m2
19825562,0.0075,0.0219584,-0.0030223,m2
19891652,0.00015,-0.00851864,-0.0217782,m2
19793476,0.0111,-0.0443198,-0.0247677,m2
19499673,0.06435,0.0150889,-0.00197344,m2
19661780,0.05205,-0.00352846,0.0108375,m2
19892821,5.0e-05,0.0126626,-0.0152926,m2
19884905,0.0003,-0.0370291,-0.0453122,m2
19892061,5.0e-05,-0.00119004,0.031919,m2
18274395,0.0088,-0.00376799,-0.0195428,m2
19703918,0.0064,-0.00275195,-0.00633537,m2
19872708,0.0072,-0.0516038,-0.00175769,m2
19783916,0.0389,-0.0543778,-0.0175922,m2
19484799,0.0474,0.0166709,-0.00582333,m2
19890502,5.0e-05,0.0418197,0.0416474,m2
19831160,0.00455,0.00795305,0.0489705,m2
19884346,0.0016,-0.00154627,0.0105017,m2
12428728,0.1951,-7.00191e-05,0.00252807,m2
19789442,0.01415,0.00620653,0.0135287,m2
13967981,0.3402,-0.000244135,-0.00565698,m2
19889870,0.0001,-0.00476461,-0.0131953,m2
19685273,0.0015,-0.0583734,-0.0686432,m2
19830362,0.00305,-0.0545347,-0.02628,m2
18730420,0.08025,-0.0115312,0.00957478,m2
17426563,0.0074,0.000580575,0.0332265,m2
17740383,0.2274,-0.00233406,-0.0163872,m2
19885712,0.00145,0.0704006,0.069203,m2
19887727,0.0004,0.0445362,0.0668864,m2
19892059,0.00015,0.000709237,0.00726974,m2
17168876,0.2967,0.00737328,-0.0112035,m2
19485577,0.0712,-0.054884,-0.0408693,m2
19779461,0.0092,0.0157604,0.0130864,m2
18288653,0.09875,-0.0461112,-0.0245044,m2
19799397,0.0052,0.0766991,0.0614208,m2
19542688,0.01085,-0.0328094,-0.0168531,m2
19882234,0.0004,0.0148123,0.012939,m2
19855669,0.00155,7.7481e-05,0.0109976,m2
19711158,0.01985,-0.00920784,-0.034249,m2
19718714,0.0077,-0.0134618,-0.0415521,m2
19891270,5.0e-05,0.0443984,0.0385428,m2
19892820,5.0e-05,0.0263504,0.0164306,m2
17618076,0.03495,-0.0235104,-0.0144258,m2
19890140,0.00035,-0.0415048,-0.0126419,m2
19733743,0.0219,-0.0120574,-0.0338679,m2
19849040,0.0018,0.0260755,0.00957613,m2
19868495,0.0061,0.0421362,0.0417609,m2
18034128,0.2274,-0.0401093,-0.0145475,m2
18533714,0.00965,0.0298554,-0.00131937,m2
19827398,0.02005,-0.00648769,0.0169032,m2
19867251,0.00065,-0.0248606,-0.000983136,m2
19874096,0.0002,-0.0369176,-0.0134171,m2
19310390,0.0528,0.00598216,-0.00334245,m2
19778716,0.0122,-0.0380676,-0.0425102,m2
18130786,0.47935,0.00173866,0.0260961,m2
19635228,0.029,-0.0563674,-0.0415166,m2
19809544,0.0171,0.034599,0.0119248,m2
19888308,0.0007,-0.042353,-0.0583064,m2
19890904,0.00015,0.025344,0.0072104,m2
19892442,5.0e-05,-0.0509884,-0.0321674,m2
19648468,0.0084,0.0242113,-0.000963683,m2
19426465,0.0096,0.0193403,-0.0159941,m2
19833373,0.005,0.0212215,0.0269604,m2
19764828,0.0199,-0.0456602,-0.0463781,m2
19879594,0.00315,-0.00275271,0.00228033,m2
19887725,0.0003,-0.0862823,-0.0921771,m2
19855866,0.00115,0.0709524,0.0707319,m2
19879001,0.0006,-0.00147032,0.027284,m2
19508507,0.0455,-0.0228872,-0.0116562,m2
19836942,0.00085,-0.0281423,-0.0395269,m2
19777088,5.0e-05,0.0167162,0.0431523,m2
19772910,0.0015,-0.078724,-0.0646863,m2
19865918,0.0025,0.0178163,0.0367195,m2
19879849,0.0009,0.0718212,0.0288466,m2
19386640,0.10945,0.015741,-0.0153264,m2
19891866,0.00025,-0.058898,-0.0592979,m2
19877621,0.00035,0.0542268,0.0536182,m2
19868874,0.0035,0.0640296,0.0771992,m2
19834605,0.00385,-0.0573683,-0.0221299,m2
19503411,0.00035,0.0683251,0.0610017,m2
19795844,0.00145,0.0600271,0.067882,m2
19818441,0.0057,0.0353242,0.0441827,m2
19478715,0.01355,0.0101581,0.0205584,m2
19891269,5.0e-05,-0.0205304,-0.0298687,m2
19837153,0.00465,-0.0140711,-0.00107677,m2
19669505,5.0e-05,0.0319984,0.0308367,m2
17571859,0.41155,-0.00675557,0.00232194,m2
19844485,0.0032,0.0715285,0.0744865,m2
19741801,0.0065,-6.50137e-05,-0.0686396,m2
18866225,0.07905,-0.0226731,-0.00277188,m2
18626643,0.18015,0.000538203,-0.0203658,m2
19885337,0.00055,-0.0284504,-0.0193093,m2
18659234,0.00485,-0.0216023,-0.00809973,m2
19732941,0.05585,0.0152385,0.021525,m2
19793034,0.0022,0.059503,0.0613982,m2
18998989,0.0025,0.00220764,0.011482,m2
19691114,0.07325,-0.0647107,-0.0515467,m2
19859438,0.0167,0.0175899,-0.00814863,m2
19889902,0.0002,0.0339326,0.0438112,m2
19888487,0.00135,-0.0070342,-0.0164644,m2
19892441,0.0001,0.0198662,-0.00151821,m2
19891858,0.0001,0.0329157,0.0250431,m2
19887493,5.0e-05,0.0645008,0.0655792,m2
19870889,0.00175,-0.0486038,-0.0425633,m2
19887889,0.0001,0.0428325,0.025087,m2
19892819,5.0e-05,0.0568288,0.00380684,m2
19892655,0.00015,0.0163729,0.000811806,m2
19892818,5.0e-05,-0.0013187,0.00494042,m2
19892653,5.0e-05,0.00108034,-0.00728683,m2
19892817,5.0e-05,-0.0262322,-0.00477083,m2
19890897,0.00075,0.00460367,0.00571394,m2
19876252,0.0015,-0.00927564,-0.015039,m2
19891267,0.00025,-0.0391048,-0.0349368,m2
19867048,0.0039,-0.0461329,-0.0263635,m2
19890695,0.00125,-0.0333075,-0.00186545,m2
19890692,0.0001,-0.0118292,0.00723125,m2
19892652,0.0001,-0.0701701,-0.0752072,m2
19889116,0.0006,-0.00763036,0.000838103,m2
19885920,0.0005,-0.0606059,-0.0786724,m2
19875243,0.0009,-0.0505491,-0.0768204,m2
19886123,0.00115,0.0962641,0.0789819,m2
19879404,0.00355,-0.0491484,-0.0313594,m2
19874092,0.0009,0.0244794,0.0681953,m2
19885503,0.0001,-0.0381561,-0.0294203,m2
19892054,0.0003,-0.0296845,-0.0404607,m2
19868264,0.0023,0.0203875,0.0161837,m2
19867254,0.00275,-0.167228,-0.135297,m2
19887902,0.00035,0.022401,0.0172148,m2
19889896,0.0003,-0.0818064,-0.0391173,m2
19892053,0.00025,-0.0501093,-0.0616463,m2
19892816,5.0e-05,-0.0688373,-0.0655841,m2
19889872,0.0003,0.0999838,0.0976603,m2
19871294,0.0015,-0.051464,-0.0595744,m2
19875892,0.0013,-0.0157026,-0.0237186,m2
19883723,0.0004,-0.0428341,-0.0729834,m2
19891280,0.00015,0.11953,0.130557,m2
19890106,5.0e-05,0.0215003,-0.0106927,m2
19891662,0.00015,-0.0647552,-0.0550407,m2
19889894,0.0003,0.0487866,0.0351491,m2
19887491,0.0011,0.0779819,0.0559407,m2
19886521,0.0002,0.0989698,0.096038,m2
19892650,5.0e-05,0.0326109,0.0463824,m2
19885122,0.0021,-0.026187,-0.0287822,m2
19889893,0.0002,-0.0108872,0.00712645,m2
19889886,0.0002,-0.0254352,-0.0199244,m2
19888271,0.00025,0.0192045,0.0571131,m2
19884940,0.0009,0.0309645,0.0328561,m2
19885324,0.0011,0.0220625,0.0198493,m2
19887085,0.0002,-0.0662834,-0.102707,m2
19883929,0.00255,-0.0220378,-0.0525601,m2
19890702,5.0e-05,-0.0398963,-0.013927,m2
19886342,0.0018,0.0139202,0.0208386,m2
19888283,0.00015,0.0530756,0.0127026,m2
19892050,0.0002,-0.0333828,-0.0267236,m2
19892815,5.0e-05,0.0201735,-0.0101401,m2
19891860,0.00015,0.113883,0.0925881,m2
19884121,0.00145,-0.0254099,-0.0437539,m2
19888517,0.00155,-0.0815233,-0.0516481,m2
19889107,5.0e-05,0.0322832,0.0545406,m2
19887083,0.0006,-0.0107338,0.00713275,m2
19892649,5.0e-05,-0.017927,-0.00534029,m2
19892814,5.0e-05,-0.0402759,-0.0600725,m2
19892437,0.0001,-0.0121846,-0.0399577,m2
19888705,0.00025,-0.059428,-0.0498286,m2
19884540,0.00085,-0.0452374,-0.0589273,m2
19885512,0.00155,0.0268532,0.015359,m2
19884324,0.0017,0.0559143,0.0520599,m2
19889881,0.0001,-0.0350856,-0.036401,m2
19890128,0.0001,0.0426269,0.028529,m2
19884925,0.00065,-0.0442283,-0.0450122,m2
19888480,0.0003,-0.0134387,-0.0279567,m2
19886125,0.00245,-0.0354948,-0.000809398,m2
19892813,5.0e-05,0.0111141,0.0114537,m2
19892432,0.00015,0.0175668,0.0418302,m2
19892433,5.0e-05,-0.00507639,-0.0230706,m2
19892434,0.0001,-0.0278867,-0.0365697,m2
19892647,0.0001,0.0366663,0.0154376,m2
19892436,0.0001,-0.0037811,0.00375977,m2
19892629,0.0001,0.118417,0.0905721,m2
19892630,5.0e-05,-0.0181478,-0.0435832,m2
19892631,0.00015,-0.00724054,-0.05133,m2
19892632,0.00015,0.00181702,-0.0189809,m2
19892812,5.0e-05,0.056215,0.0480487,m2
19892644,5.0e-05,0.0738503,0.03823,m2
19892635,0.0001,-0.00367791,-0.0134891,m2
19892636,5.0e-05,-0.0621299,-0.0628365,m2
19892637,5.0e-05,-0.0631564,-0.0543837,m2
19892643,5.0e-05,-0.0607046,-0.0555612,m2
19892639,5.0e-05,0.00149303,-0.0352969,m2
19892642,0.00015,0.0150614,-0.00991586,m2
